# Blender 4.4.1
# www.blender.org
mtllib foot top.mtl
o foot_top
v -0.038534 1.346934 -1.692213
v -0.038534 1.346934 -1.692213
v -0.022135 1.363384 -1.694933
v -0.051435 1.344014 -1.787723
v -0.022135 1.330344 -1.693923
v -0.034834 1.327484 -1.787503
v 0.229866 1.563034 -1.740483
v 0.231766 1.544544 -1.780883
v 0.260966 1.586694 -1.745053
v 0.255766 1.594114 -1.687063
v 0.224966 1.569914 -1.686743
v 0.231766 1.624474 -1.693113
v 0.224966 1.569914 -1.686743
v 0.201066 1.600264 -1.692793
v 0.229866 1.563034 -1.740483
v 0.206266 1.592854 -1.750673
v 0.237366 1.616514 -1.755243
v 0.263566 1.562274 -1.798243
v 0.261266 1.469854 -1.839573
v 0.229866 1.465964 -1.815993
v 0.254366 1.365354 -1.842363
v 0.231766 1.544544 -1.780883
v 0.208967 1.568054 -1.804993
v 0.240766 1.585784 -1.822353
v 0.238066 1.477974 -1.870533
v 0.230766 1.368674 -1.873433
v 0.250265 1.306104 -1.847423
v 0.226766 1.309694 -1.878473
v 0.195566 1.309454 -1.854843
v 0.206666 1.474084 -1.846953
v 0.199666 1.369454 -1.849723
v 0.219065 1.305864 -1.823793
v 0.223166 1.366124 -1.818643
v 0.229866 1.465964 -1.815993
v 0.224266 1.234464 -1.883653
v 0.192966 1.232694 -1.860133
v 0.216467 1.228314 -1.829123
v 0.214566 1.160914 -1.840313
v 0.190866 1.162224 -1.871743
v 0.233566 1.093344 -1.847393
v 0.213366 1.082804 -1.880213
v 0.240666 1.104784 -1.901213
v 0.222166 1.169214 -1.894503
v 0.223166 1.366124 -1.818643
v 0.219065 1.305864 -1.823793
v 0.247765 1.230084 -1.852643
v 0.245966 1.167904 -1.863083
v 0.260766 1.115324 -1.868403
v 0.298066 1.065624 -1.906723
v 0.308766 1.082014 -1.872663
v 0.346265 1.082654 -1.881683
v 0.346965 1.065324 -1.917713
v 0.351965 1.030284 -1.900993
v 0.290066 1.029954 -1.888223
v 0.300766 1.046334 -1.854153
v 0.351265 1.047624 -1.864963
v 0.442765 1.052214 -1.888163
v 0.437566 1.087164 -1.904993
v 0.512365 1.102984 -1.891723
v 0.428566 1.102574 -1.870163
v 0.502966 1.118314 -1.856963
v 0.516865 1.067874 -1.875033
v 0.433766 1.067624 -1.853333
v 0.507465 1.083205 -1.840273
v 0.433766 1.067624 -1.853333
v 0.507465 1.083205 -1.840273
v 0.216467 1.228314 -1.829123
v 0.214566 1.160914 -1.840313
v 0.233566 1.093344 -1.847393
v 0.300766 1.046334 -1.854153
v 0.351265 1.047624 -1.864963
v 0.298366 1.027494 -1.934633
v 0.223466 1.075074 -1.895943
v 0.303466 1.042354 -1.911903
v 0.366966 1.032824 -1.938543
v 0.363967 1.047174 -1.915433
v 0.370665 1.010094 -1.924083
v 0.466666 1.036855 -1.914483
v 0.461766 1.059254 -1.929083
v 0.453366 1.072144 -1.906543
v 0.367666 1.024434 -1.900983
v 0.458266 1.049744 -1.891933
v 0.502266 1.091404 -1.893513
v 0.512865 1.079384 -1.915463
v 0.517765 1.057004 -1.900843
v 0.458266 1.049744 -1.891933
v 0.367666 1.024434 -1.900983
v 0.507266 1.069024 -1.878893
v 0.507266 1.069024 -1.878893
v 0.301766 1.019104 -1.897263
v 0.296565 1.004244 -1.919993
v 0.212366 1.055654 -1.879413
v 0.196266 1.045254 -1.899933
v 0.140465 1.142254 -1.864983
v 0.157565 1.151784 -1.884843
v 0.134665 1.304244 -1.843433
v 0.152065 1.306944 -1.864193
v 0.137365 1.467564 -1.825303
v 0.154765 1.473034 -1.845813
v 0.207266 1.064684 -1.916453
v 0.168065 1.534994 -1.765873
v 0.158265 1.460654 -1.808693
v 0.155665 1.302344 -1.826203
v 0.161265 1.143894 -1.847283
v 0.175665 1.466134 -1.829203
v 0.172965 1.305034 -1.846963
v 0.178365 1.153424 -1.867133
v 0.158265 1.460654 -1.808693
v 0.155665 1.302344 -1.826203
v 0.161265 1.143894 -1.847283
v 0.212366 1.055654 -1.879413
v 0.301766 1.019104 -1.897263
v 0.186266 1.546244 -1.782963
v 0.168065 1.534994 -1.765873
v 0.177565 1.551434 -1.739003
v 0.166765 1.562704 -1.794173
v 0.160166 1.572074 -1.742783
v 0.148565 1.551464 -1.777073
v 0.180465 1.587984 -1.752913
v 0.197866 1.567344 -1.749133
v 0.203366 1.575324 -1.698093
v 0.182565 1.558594 -1.693223
v 0.186165 1.596334 -1.699523
v 0.165365 1.579604 -1.694653
v 0.182565 1.558594 -1.693223
v 0.177565 1.551434 -1.739003
v 0.284065 1.018154 -1.939233
v 0.240866 1.038664 -1.921053
v 0.278066 1.005574 -1.934903
v 0.329666 0.991624 -1.935773
v 0.199166 1.368444 -1.838273
v 0.190766 1.465484 -1.819963
v 0.187466 1.368074 -1.829933
v 0.189766 1.255524 -1.855383
v 0.177865 1.253434 -1.847283
v 0.208666 1.108174 -1.900903
v 0.197466 1.101464 -1.894163
v 0.249666 1.048754 -1.926403
v 0.242765 1.047974 -1.939023
v 0.279966 1.014834 -1.952903
v 0.273967 1.002254 -1.948573
v 0.332166 0.986204 -1.949483
v 0.233867 1.037884 -1.933683
v 0.278066 1.005574 -1.934903
v 0.329666 0.991624 -1.935773
v 0.387165 0.988074 -1.921373
v 0.386865 1.001474 -1.927133
v 0.462667 1.020934 -1.887923
v 0.459565 1.033244 -1.894723
v 0.521565 1.042024 -1.882183
v 0.380466 0.993044 -1.909693
v 0.457266 1.026335 -1.875553
v 0.518065 1.048125 -1.869623
v 0.332366 1.005004 -1.940313
v 0.334966 0.999584 -1.954013
v 0.380166 1.006454 -1.915453
v 0.454165 1.038634 -1.882353
v 0.517865 1.054124 -1.889043
v 0.514466 1.060215 -1.876483
v 0.518065 1.048125 -1.869623
v 0.457266 1.026335 -1.875553
v 0.380466 0.993044 -1.909693
v 0.240866 1.038664 -1.921053
v 0.197466 1.101464 -1.894163
v 0.200466 1.109334 -1.912743
v 0.189266 1.102624 -1.905983
v 0.169565 1.255894 -1.858763
v 0.177865 1.253434 -1.847283
v 0.179165 1.370024 -1.841513
v 0.187466 1.368074 -1.829933
v 0.190766 1.465484 -1.819963
v 0.182465 1.468374 -1.831463
v 0.195167 1.551844 -1.790173
v 0.190866 1.370394 -1.849853
v 0.181466 1.257984 -1.866863
v 0.187065 1.558394 -1.800383
v 0.194866 1.595424 -1.747043
v 0.194166 1.469684 -1.839683
v 0.202466 1.466804 -1.828183
v 0.187466 1.598104 -1.699483
v 0.178665 1.609314 -1.701483
v 0.186666 1.606424 -1.752803
v 0.198967 1.562604 -1.807633
v 0.207066 1.556054 -1.797423
v 0.195167 1.551844 -1.790173
v 0.189766 1.618274 -1.700253
v 0.194866 1.595424 -1.747043
v 0.187466 1.598104 -1.699483
v 0.198566 1.607064 -1.698253
v 0.206666 1.604154 -1.749893
v 0.198466 1.615154 -1.755653
v 0.375466 1.066024 -1.848213
v 0.314766 1.023404 -1.861733
v 0.346965 1.066104 -1.884953
v 0.422965 1.084115 -1.891173
v 0.407166 1.092114 -1.938963
v 0.480965 1.083894 -1.932213
v 0.484466 1.129824 -1.925943
v 0.403966 1.138834 -1.933543
v 0.476066 1.078004 -1.886373
v 0.323967 1.004284 -1.812023
v 0.298967 1.040594 -1.796373
v 0.356265 1.107034 -1.832403
v 0.419765 1.130834 -1.885753
v 0.479566 1.123934 -1.880103
v 0.501665 1.076324 -1.883863
v 0.506565 1.082214 -1.929703
v 0.508967 1.128214 -1.923533
v 0.504065 1.122324 -1.877693
v 0.479566 1.123934 -1.880103
v 0.504065 1.122324 -1.877693
v 0.419765 1.130834 -1.885753
v 0.327667 1.107104 -1.869143
v 0.289866 1.059714 -1.846083
v 0.235366 1.043964 -1.880883
v 0.239566 1.000294 -1.904333
v 0.356265 1.107034 -1.832403
v 0.298967 1.040594 -1.796373
v 0.214166 1.020724 -1.846093
v 0.216367 1.046224 -1.888283
v 0.187366 1.027424 -1.856963
v 0.197266 1.068064 -1.895693
v 0.160665 1.053714 -1.867823
v 0.149165 1.097234 -1.871133
v 0.206066 1.012124 -1.918153
v 0.172465 1.043534 -1.931973
v 0.160166 1.093304 -1.935813
v 0.122666 1.088234 -1.908473
v 0.124665 1.147284 -1.912843
v 0.152764 1.140754 -1.874433
v 0.163265 1.238514 -1.894133
v 0.186165 1.220524 -1.857903
v 0.135865 1.029184 -1.904103
v 0.149165 1.097234 -1.871133
v 0.160665 1.053714 -1.867823
v 0.177165 0.993324 -1.886823
v 0.218466 0.977054 -1.869543
v 0.214166 1.020724 -1.846093
v 0.187366 1.027424 -1.856963
v 0.272166 1.286744 -1.874463
v 0.257266 1.338724 -1.830783
v 0.236666 1.298054 -1.846333
v 0.221066 1.208064 -1.886103
v 0.186165 1.220524 -1.857903
v 0.190866 1.136524 -1.901243
v 0.152764 1.140754 -1.874433
v 0.296866 1.336464 -1.855753
v 0.270465 1.379394 -1.815233
v 0.274866 1.356564 -1.891603
v 0.250766 1.307514 -1.910213
v 0.198166 1.226054 -1.922333
v 0.162865 1.143064 -1.939653
v 0.186565 1.102294 -1.898463
v 0.215265 1.318824 -1.882073
v 0.235366 1.358814 -1.866623
v 0.236666 1.298054 -1.846333
v 0.257266 1.338724 -1.830783
v 0.247866 1.398814 -1.851173
v 0.270465 1.379394 -1.815233
v 0.246766 1.430604 -1.832103
v 0.268566 1.414674 -1.794223
v 0.249065 1.449964 -1.773213
v 0.228166 1.462404 -1.813033
v 0.287666 1.445964 -1.849083
v 0.287166 1.473884 -1.785363
v 0.309366 1.430034 -1.811203
v 0.314065 1.386194 -1.837053
v 0.291467 1.405614 -1.872993
v 0.266367 1.486324 -1.825173
v 0.228266 1.550114 -1.792963
v 0.191367 1.523804 -1.782663
v 0.254266 1.527994 -1.757693
v 0.217366 1.501694 -1.747383
v 0.183565 1.560644 -1.720853
v 0.219565 1.589534 -1.728253
v 0.249266 1.553454 -1.716973
v 0.213266 1.524564 -1.709583
v 0.251666 1.554304 -1.673763
v 0.215366 1.525314 -1.671183
v 0.213266 1.524564 -1.709583
v 0.222667 1.590624 -1.672873
v 0.186367 1.561634 -1.670293
v 0.215366 1.525314 -1.671183
v 0.268566 1.414674 -1.794223
v 0.249065 1.449964 -1.773213
v 0.217366 1.501694 -1.747383
v -0.571135 1.129394 -1.834993
v -0.524935 1.095784 -1.852463
v -0.571735 1.097694 -1.833373
v -0.513336 1.097054 -1.822953
v -0.559736 1.098954 -1.804023
v -0.421135 1.007254 -1.853773
v -0.431335 1.004934 -1.883753
v -0.392035 0.941414 -1.888963
v -0.370735 0.964324 -1.898213
v -0.298634 0.882824 -1.911433
v -0.287534 0.912124 -1.918273
v -0.204235 0.857314 -1.935773
v -0.194135 0.886894 -1.942363
v -0.382635 0.944814 -1.858833
v -0.289535 0.886454 -1.881253
v -0.195334 0.861014 -1.905533
v -0.129335 0.817314 -1.953093
v -0.116635 0.819224 -1.923763
v -0.075135 0.697644 -1.952543
v -0.090435 0.702624 -1.980093
v -0.077334 0.631494 -1.971723
v -0.062435 0.710404 -1.993693
v -0.092534 0.639724 -1.998333
v -0.064635 0.643104 -2.013203
v -0.049435 0.634884 -1.986593
v -0.106334 0.839924 -1.962903
v -0.047135 0.705424 -1.966143
v -0.075135 0.697644 -1.952543
v -0.077334 0.631494 -1.971723
v -0.116635 0.819224 -1.923763
v -0.093634 0.841834 -1.933573
v -0.185234 0.890594 -1.912113
v -0.278435 0.915754 -1.888083
v -0.361335 0.967734 -1.868093
v -0.398235 1.027504 -1.863393
v -0.195334 0.861014 -1.905533
v -0.289535 0.886454 -1.881253
v -0.382635 0.944814 -1.858833
v -0.421135 1.007254 -1.853773
v -0.513336 1.097054 -1.822953
v -0.501835 1.128304 -1.829003
v -0.559135 1.130644 -1.805633
v -0.513436 1.127034 -1.858513
v -0.408436 1.025184 -1.893373
v -0.559736 1.098954 -1.804023
v 1.489066 1.235814 0.697667
v 1.518866 1.348464 0.616937
v 1.518866 1.235814 0.616937
v 1.489066 1.348464 0.697667
v 1.453266 1.235814 0.787927
v 1.453266 1.348464 0.787927
v 1.384766 1.235814 0.917247
v 1.384766 1.348464 0.917247
v 1.317666 1.235814 1.027567
v 1.317666 1.348464 1.027567
v 1.194865 1.235814 1.167697
v 1.194865 1.348464 1.167697
v 1.585866 1.235814 0.240409
v 1.574666 1.348464 0.092784
v 1.574666 1.235814 0.092784
v 1.585866 1.348464 0.240409
v 1.575066 1.235814 0.338175
v 1.575066 1.348464 0.338175
v 1.556666 1.235814 0.448197
v 1.556666 1.348464 0.448197
v 1.538366 1.235814 0.544687
v 1.538366 1.348464 0.544687
v -1.532135 1.233214 0.544687
v -1.504235 1.344114 0.616937
v -1.512635 1.231774 0.616937
v -1.523735 1.345564 0.544687
v -1.550235 1.234564 0.448197
v -1.541935 1.346904 0.448197
v -1.568635 1.235924 0.338175
v -1.560335 1.348274 0.338175
v -1.579435 1.236734 0.240409
v -1.571135 1.349074 0.240409
v -1.568235 1.235894 0.092784
v -1.559935 1.348244 0.092784
v -1.312035 1.216904 1.027567
v -1.181134 1.320164 1.167697
v -1.189435 1.207814 1.167697
v -1.303635 1.329244 1.027567
v -1.378835 1.221854 0.917247
v -1.370535 1.334204 0.917247
v -1.447235 1.226924 0.787927
v -1.438835 1.339264 0.787927
v -1.482935 1.229574 0.697667
v -1.474635 1.341914 0.697667
v 1.585866 1.348464 0.240409
v 1.808766 1.303674 0.092461
v 1.574666 1.348464 0.092784
v 1.789466 1.303674 0.256472
v 1.771866 1.303674 0.369457
v 1.575066 1.348464 0.338175
v 1.747066 1.303674 0.478427
v 1.556666 1.348464 0.448197
v 1.718266 1.303674 0.587477
v 1.538366 1.348464 0.544687
v 1.690666 1.303674 0.672107
v 1.518866 1.348464 0.616937
v 1.660366 1.303674 0.754407
v 1.489066 1.348464 0.697667
v 1.623066 1.303674 0.848317
v 1.453266 1.348464 0.787927
v 1.556566 1.303674 0.984847
v 1.384766 1.348464 0.917247
v 1.493766 1.303674 1.098417
v 1.317666 1.348464 1.027567
v 1.395166 1.303674 1.237077
v 1.194865 1.348464 1.167697
v 1.690666 1.303674 0.672107
v 1.690666 -0.038931 0.672107
v 1.718266 1.303674 0.587477
v 1.718266 -0.038931 0.587467
v 1.747066 1.303674 0.478427
v 1.747066 -0.038931 0.478427
v 1.771866 1.303674 0.369457
v 1.766266 -0.038931 0.369676
v 1.789466 1.303674 0.256472
v 1.773866 -0.038931 0.257084
v 1.808766 1.303674 0.092461
v 1.793066 -0.038931 0.093072
v 1.395166 -0.038931 1.237077
v 1.493766 1.303674 1.098417
v 1.395166 1.303674 1.237077
v 1.493766 -0.038931 1.098417
v 1.556566 1.303674 0.984847
v 1.556566 -0.038931 0.984847
v 1.623066 1.303674 0.848317
v 1.623066 -0.038931 0.848317
v 1.660366 1.303674 0.754407
v 1.660366 -0.038931 0.754407
v -1.706235 1.309904 0.754407
v -1.504235 1.344114 0.616937
v -1.736435 1.312144 0.672107
v -1.474635 1.341914 0.697667
v -1.669035 1.307144 0.848317
v -1.438835 1.339264 0.787927
v -1.602735 1.302234 0.984847
v -1.370535 1.334204 0.917247
v -1.540035 1.297594 1.098417
v -1.303635 1.329244 1.027567
v -1.441735 1.290304 1.237077
v -1.181134 1.320164 1.167697
v -1.797335 1.316664 0.092460
v -1.571135 1.349074 0.240409
v -1.559935 1.348244 0.092784
v -1.810035 1.317604 0.256471
v -1.798335 1.316734 0.369457
v -1.560335 1.348274 0.338175
v -1.780035 1.315384 0.478427
v -1.541935 1.346904 0.448197
v -1.759635 1.313864 0.587477
v -1.523735 1.345564 0.544687
v -1.736435 1.312144 0.672107
v -1.778235 -0.026780 0.672107
v -1.706235 1.309904 0.754407
v -1.747935 -0.029024 0.754407
v -1.669035 1.307144 0.848317
v -1.710735 -0.031782 0.848317
v -1.602735 1.302234 0.984847
v -1.644435 -0.036696 0.984847
v -1.540035 1.297594 1.098417
v -1.581835 -0.041339 1.098417
v -1.441735 1.290304 1.237077
v -1.483535 -0.048627 1.237077
v 1.602266 0.043908 0.853287
v 1.739966 0.043908 0.853287
v 1.602266 0.398634 0.729157
v 1.739966 -0.329543 0.811207
v 1.809866 0.043908 0.853287
v 1.905266 0.356424 0.661987
v 1.935466 0.037694 0.798127
v 1.935466 0.369104 0.682157
v 1.905266 0.035026 0.774447
v 1.841066 0.035026 0.774447
v 1.841066 0.356424 0.661987
v 1.809866 0.398634 0.729167
v 1.739966 0.398634 0.729157
v 1.602266 0.664385 0.463417
v 1.809866 0.664385 0.463417
v 1.841066 0.597194 0.421207
v 1.905266 0.597194 0.421207
v 1.935466 0.617374 0.433887
v 1.905266 0.709665 0.099808
v 1.935466 0.733344 0.102475
v 1.841066 0.709665 0.099808
v 1.809866 0.788505 0.108694
v 1.905266 0.671534 -0.238557
v 1.935466 0.694025 -0.246428
v 1.841066 0.671534 -0.238557
v 1.809866 0.746424 -0.264763
v 1.739966 0.788505 0.108694
v 1.739966 0.664385 0.463417
v 1.602266 0.788505 0.108694
v 1.602266 0.746424 -0.264763
v 1.739966 0.746424 -0.264763
v 1.809866 0.546484 -0.582975
v 1.841066 0.490374 -0.526873
v 1.905266 0.490374 -0.526873
v 1.935466 0.507224 -0.543725
v 1.739966 0.546484 -0.582975
v 2.012466 0.694025 -0.246428
v 2.012466 0.507224 -0.543725
v 2.012466 0.733344 0.102475
v 2.012466 0.617374 0.433887
v 2.012466 0.369104 0.682157
v 2.012466 0.037694 0.798127
v 2.012466 -0.311210 0.758817
v 1.935466 -0.311210 0.758817
v 1.905266 -0.303338 0.736317
v 1.841066 -0.303338 0.736317
v 1.809866 -0.329543 0.811207
v 1.739966 -0.647757 0.611257
v 1.935466 -0.608506 0.572007
v 1.905266 -0.591653 0.555157
v 1.841066 -0.591653 0.555157
v 1.809866 -0.647757 0.611257
v 1.739966 -0.847706 0.293047
v 1.809866 -0.847706 0.293047
v 1.739966 -0.889783 -0.080408
v 1.085766 -0.419351 0.779787
v 1.085766 -0.647757 0.611257
v 1.085766 -0.847706 0.293047
v 1.085766 -0.889783 -0.080408
v 1.739966 -0.765658 -0.435134
v 1.085766 -0.765658 -0.435134
v 1.739966 -0.499916 -0.700878
v 1.085766 -0.499916 -0.700874
v 1.809866 -0.889783 -0.080403
v 1.809866 -0.765658 -0.435134
v 1.809866 -0.499916 -0.700875
v 1.841066 -0.457702 -0.633698
v 1.841066 -0.136303 -0.746159
v 1.905266 -0.136303 -0.746159
v 1.905266 0.202064 -0.708035
v 1.935466 0.209934 -0.730527
v 1.841066 -0.772813 0.266842
v 1.841066 -0.810938 -0.071521
v 1.841066 -0.698476 -0.392920
v 1.905266 -0.772813 0.266842
v 1.905266 -0.810938 -0.071521
v 1.905266 -0.698476 -0.392922
v 1.905266 -0.457702 -0.633698
v 1.935466 -0.138971 -0.769838
v 1.935466 -0.470381 -0.653876
v 1.935466 -0.718657 -0.405598
v 1.935466 -0.834620 -0.074190
v 1.935466 -0.795308 0.274715
v 2.012466 0.507224 -0.543725
v 1.935466 0.507224 -0.543725
v 2.012466 0.209934 -0.730527
v 2.012466 -0.138971 -0.769838
v 2.012466 -0.470381 -0.653876
v 2.012466 -0.718657 -0.405598
v 2.012466 -0.834620 -0.074190
v 2.012466 -0.795308 0.274715
v 2.012466 -0.608506 0.572007
v -1.836235 -0.022482 0.257084
v -1.797335 1.316664 0.092460
v -1.823535 -0.023422 0.093073
v -1.810035 1.317604 0.256471
v -1.798335 1.316734 0.369457
v -1.834435 -0.022614 0.369676
v -1.780035 1.315384 0.478427
v -1.821835 -0.023548 0.478427
v -1.759635 1.313864 0.587477
v -1.801435 -0.025060 0.587467
v 1.809866 -0.145189 -0.825003
v 1.739966 0.228264 -0.782922
v 1.739966 -0.145189 -0.825003
v 1.809866 0.228264 -0.782922
v 1.841066 0.202064 -0.708035
v 1.841066 0.490374 -0.526873
v 1.905266 0.490374 -0.526873
v 1.809866 0.546484 -0.582975
v 1.739966 0.546484 -0.582975
v 1.085766 -0.239735 -0.814348
v 2.009766 0.299744 0.731047
v 2.009766 0.455244 0.633257
v 1.816566 -0.056449 -0.007910
v 2.009766 0.585084 0.503317
v 2.009766 0.682764 0.347743
v 2.009766 0.743375 0.174336
v 2.009766 0.763875 -0.008212
v 2.009766 0.743234 -0.190744
v 2.009766 0.682504 -0.364105
v 2.009766 0.584714 -0.519605
v 2.009766 -0.856269 -0.190158
v 2.009766 -0.876767 -0.007611
v 2.009766 -0.856134 0.174919
v 2.009766 -0.795402 0.348284
v 2.009766 -0.697613 0.503787
v 2.009766 -0.567675 0.633627
v 2.009766 -0.412101 0.731307
v 2.009766 -0.238694 0.791907
v 2.009766 -0.056148 0.812407
v 2.009766 0.126384 0.791777
v 2.009766 0.454774 -0.649449
v 2.009766 0.299204 -0.747122
v 2.009766 0.125794 -0.807731
v 2.009766 -0.056749 -0.828230
v 2.009766 -0.239279 -0.807597
v 2.009766 -0.412641 -0.746862
v 2.009766 -0.568145 -0.649075
v 2.009766 -0.697987 -0.519138
v 2.009766 -0.795661 -0.363563
v 2.009766 0.682764 0.347743
v 2.259665 0.739764 0.173514
v 2.009766 0.743375 0.174336
v 2.259665 0.760165 -0.008209
v 2.485566 0.591034 -0.008146
v 2.009766 0.763875 -0.008212
v 2.485566 0.551544 0.130627
v 2.485566 0.567124 -0.008139
v 2.485566 0.574844 0.135936
v 2.259665 0.679424 0.346136
v 2.009766 0.585084 0.503317
v 2.259665 0.582194 0.501007
v 2.009766 0.455244 0.633257
v 2.259665 0.452934 0.630357
v 2.009766 0.299744 0.731047
v 2.485566 0.527014 0.272806
v 2.485566 0.449915 0.395597
v 2.485566 0.347434 0.498157
v 2.259665 0.298134 0.727707
v 2.485566 0.224694 0.575347
v 2.259665 0.125554 0.788167
v 2.485566 0.087865 0.623287
v 2.259665 -0.056148 0.808707
v 2.485566 0.214314 0.553817
v 2.485566 0.332524 0.479477
v 2.485566 0.431224 0.380704
v 2.485566 0.505475 0.262445
v 1.911466 0.091995 0.110378
v 1.911466 0.061948 0.140444
v 1.911466 0.114594 0.074381
v 1.911466 0.128614 0.034258
v 1.911466 0.133354 -0.007980
v 1.911466 -0.098618 0.177153
v 2.485566 -0.194984 0.600087
v 1.911466 -0.138741 0.163130
v 2.485566 -0.056219 0.615667
v 1.911466 -0.056381 0.181898
v 2.485566 0.082535 0.599987
v 1.911466 -0.014145 0.177123
v 1.911466 0.025966 0.163071
v 2.485566 -0.459960 0.498457
v 2.485566 -0.445065 0.479766
v 2.485566 -0.337164 0.575547
v 2.485566 -0.326803 0.554017
v 2.485566 -0.200295 0.623387
v 2.485566 -0.056212 0.639567
v 2.259665 -0.237869 0.788297
v 2.259665 -0.410495 0.727967
v 2.259665 -0.565368 0.630737
v 2.259665 -0.694718 0.501477
v 2.485566 -0.562519 0.395966
v 2.259665 -0.792066 0.346675
v 2.009766 -0.567675 0.633627
v 2.009766 -0.697613 0.503787
v 2.009766 -0.795402 0.348284
v 2.009766 -0.856134 0.174919
v 2.259665 -0.852524 0.174093
v 2.009766 -0.876767 -0.007611
v 2.259665 -0.873064 -0.007610
v 2.009766 -0.856269 -0.190158
v 2.485566 -0.639706 0.273234
v 2.485566 -0.687642 0.136399
v 2.485566 -0.703928 -0.007675
v 2.259665 -0.852657 -0.189335
v 2.485566 -0.687749 -0.151757
v 2.259665 -0.792327 -0.361958
v 2.485566 -0.639912 -0.288628
v 2.259665 -0.695092 -0.516831
v 2.009766 -0.795661 -0.363563
v 2.009766 -0.697987 -0.519138
v 2.009766 -0.568145 -0.649075
v 2.259665 -0.565833 -0.646181
v 2.009766 -0.412641 -0.746862
v 2.259665 -0.411034 -0.743528
v 2.009766 -0.239279 -0.807597
v 2.485566 -0.562817 -0.411422
v 2.485566 -0.460330 -0.513981
v 2.485566 -0.337592 -0.591165
v 2.259665 -0.238453 -0.803986
v 2.485566 -0.200759 -0.639103
v 2.259665 -0.056750 -0.824526
v 2.485566 -0.056686 -0.655391
v 2.259665 0.124974 -0.804120
v 2.009766 -0.056749 -0.828230
v 2.009766 0.125794 -0.807731
v 2.009766 0.299204 -0.747122
v 2.259665 0.297594 -0.743784
v 2.009766 0.454774 -0.649449
v 2.259665 0.452464 -0.646553
v 2.009766 0.584714 -0.519605
v 2.485566 0.087395 -0.639210
v 2.485566 0.224264 -0.591370
v 2.485566 0.347064 -0.514279
v 2.485566 0.449624 -0.411791
v 2.485566 0.430934 -0.396882
v 2.485566 0.332164 -0.495584
v 2.485566 0.213904 -0.569835
v 2.485566 0.082085 -0.615905
v 2.485566 -0.056678 -0.631486
v 2.485566 -0.195430 -0.615804
v 1.911466 0.025843 -0.178952
v 1.911466 0.061838 -0.156349
v 1.911466 -0.014280 -0.192974
v 1.911466 -0.056519 -0.197717
v 1.911466 -0.098752 -0.192941
v 2.485566 -0.327216 -0.569636
v 1.911466 -0.138867 -0.178890
v 2.485566 -0.445422 -0.495299
v 2.485566 -0.544125 -0.396528
v 2.485566 -0.618371 -0.278264
v 2.485566 -0.664446 -0.146447
v 1.911466 -0.174847 -0.156265
v 1.911466 -0.204888 -0.126199
v 1.911466 -0.227490 -0.090203
v 1.911466 -0.241514 -0.050078
v 2.485566 -0.680027 -0.007681
v 1.911466 -0.246255 -0.007839
v 2.485566 -0.664341 0.131072
v 2.485566 -0.618172 0.262854
v 2.485566 -0.543839 0.381063
v 1.911466 -0.241484 0.034394
v 1.911466 -0.227430 0.074507
v 1.911466 -0.204804 0.110489
v 1.911466 -0.174738 0.140531
v -0.572435 2.408445 -1.641953
v -0.547136 2.377845 -1.485233
v -0.585135 1.795784 -2.053533
v -0.547136 0.801094 -1.485223
v -0.585135 0.998514 -2.053533
v -0.585135 0.798544 -1.916543
v -0.547136 2.377845 -1.485233
v -0.572435 2.408445 -1.641953
v -0.891735 2.257275 -1.349879
v -1.007635 2.265905 -1.472413
v -1.412435 2.004044 -0.958710
v -1.546835 2.004074 -1.062922
v -1.670935 1.768944 -0.472825
v -1.818835 1.746124 -0.525770
v -1.816735 1.493674 0.081804
v -1.964915 1.472204 0.043295
v -1.956245 1.379834 0.228525
v -1.804635 1.399524 0.241841
v 2.259665 0.581814 -0.517295
v 2.259665 0.679164 -0.362495
v 2.485566 0.526804 -0.289054
v 2.259665 0.739625 -0.189915
v 2.485566 0.574744 -0.152221
v 2.485566 0.551444 -0.146890
v 2.485566 0.505274 -0.278672
v 2.009766 0.682504 -0.364105
v 2.009766 0.743234 -0.190744
v 2.009766 0.763875 -0.008212
v 2.259665 0.760165 -0.008209
v 2.485566 0.591034 -0.008146
v 2.485566 0.567124 -0.008139
v 1.911466 0.133354 -0.007980
v 1.911466 0.128584 -0.050214
v 1.911466 0.114534 -0.090327
v 1.911466 0.091905 -0.126309
v -2.224215 0.529574 0.203384
v -2.099475 0.332144 0.213516
v -1.804635 0.332144 0.241841
v -2.224215 1.066004 0.203384
v -1.804635 1.399524 0.241841
v -1.956245 1.379834 0.228525
v -0.891735 2.257275 -1.349879
v -0.547136 0.801094 -1.485223
v -0.547136 2.377845 -1.485233
v -0.890335 0.729114 -1.350380
v -1.412435 2.004044 -0.958710
v -1.406135 0.601364 -0.947841
v -1.670935 1.768944 -0.472825
v -1.669235 0.496664 -0.475838
v -1.816735 1.493674 0.081804
v -1.816635 0.373794 0.081799
v -1.804635 1.399524 0.241841
v -1.804635 0.332144 0.241841
v -2.245075 0.569264 -0.025211
v -2.224215 1.066004 0.203384
v -2.245065 1.119774 -0.025211
v -2.224215 0.529574 0.203384
v -2.123315 0.371974 0.005668
v -2.099475 0.332144 0.213516
v -1.007635 2.265905 -1.472413
v -1.235235 1.689724 -1.790383
v -1.546835 2.004074 -1.062922
v -1.831635 1.511904 -1.273041
v -1.818835 1.746124 -0.525770
v -2.143285 1.290874 -0.635718
v -1.964915 1.472204 0.043295
v -1.956245 1.379834 0.228525
v -0.585135 1.795784 -2.053533
v -0.572435 2.408445 -1.641953
v -0.585135 0.998514 -2.053533
v -1.235035 0.924294 -1.790483
v -1.831735 0.803634 -1.272529
v -2.142615 0.692524 -0.637129
v -2.020925 0.495524 -0.597526
v -1.719135 0.606154 -1.189141
v -1.155035 0.727334 -1.693003
v -0.585135 0.798544 -1.916543
v 0.868466 2.257275 -1.352520
v 0.549065 2.408445 -1.644593
v 0.523765 2.377845 -1.487874
v 0.984366 2.265905 -1.475054
v 1.389166 2.004044 -0.961351
v 1.523566 2.004074 -1.065562
v 1.647566 1.768934 -0.475465
v 1.795466 1.746125 -0.528411
v 1.793366 1.493674 0.079164
v 1.941666 1.472204 0.040654
v 1.932966 1.379834 0.225885
v 1.781366 1.399524 0.239202
v 0.549065 2.408445 -1.644593
v 0.561766 1.795784 -2.056173
v 0.523765 2.377845 -1.487874
v 0.523765 0.801094 -1.487863
v 0.561766 0.998514 -2.056173
v 0.561766 0.798544 -1.919183
v 1.808366 1.511904 -1.275682
v 1.211766 0.924294 -1.793123
v 1.211966 1.689724 -1.793023
v 1.523566 2.004074 -1.065562
v 0.984366 2.265905 -1.475054
v 1.795466 1.746125 -0.528411
v 0.561766 1.795784 -2.056173
v 0.549065 2.408445 -1.644593
v 0.561766 0.998514 -2.056173
v 0.561766 0.798544 -1.919183
v 1.131766 0.727334 -1.695643
v 1.808466 0.803624 -1.275170
v 2.119966 1.290874 -0.638359
v 1.997666 0.495524 -0.600166
v 2.221766 0.569264 -0.027852
v 2.100065 0.371974 0.003028
v 2.119365 0.692524 -0.639771
v 2.221766 1.119774 -0.027852
v 1.695766 0.606144 -1.191781
v 1.941666 1.472204 0.040654
v 1.932966 1.379834 0.225885
v 2.200965 1.066005 0.200745
v 2.200965 0.529574 0.200745
v 2.076165 0.332144 0.210876
v 2.200965 0.529574 0.200745
v 1.781366 0.332144 0.239202
v 2.076165 0.332144 0.210876
v 2.200965 1.066005 0.200745
v 1.781366 1.399524 0.239202
v 1.932966 1.379834 0.225885
v 0.523765 2.377845 -1.487874
v 0.523765 0.801094 -1.487863
v 0.868466 2.257275 -1.352520
v 0.867066 0.729114 -1.353019
v 1.389166 2.004044 -0.961351
v 1.382866 0.601364 -0.950481
v 1.647566 1.768934 -0.475465
v 1.645966 0.496664 -0.478477
v 1.793366 1.493674 0.079164
v 1.793366 0.373794 0.079159
v 1.781366 1.399524 0.239202
v 1.781366 0.332144 0.239202
v 0.402764 1.222914 2.158457
v -0.373336 1.222914 2.158457
v 0.402764 1.118454 3.107687
v -0.373335 1.118454 3.107687
v 0.402764 0.436194 2.158447
v 0.402764 0.429164 2.843598
v -0.373335 0.436194 2.158447
v -0.373335 0.429164 2.843598
v 0.402764 0.953004 3.188367
v 0.402764 1.118454 3.107687
v -0.373335 0.953004 3.188367
v -0.373335 1.118454 3.107687
v -0.339035 0.921294 3.166378
v 0.324466 0.921434 3.079397
v 0.368366 0.921294 3.166378
v 0.324466 0.542274 2.834988
v 0.368366 0.460864 2.865598
v -0.339035 0.460864 2.865598
v -0.295135 0.542274 2.834988
v -0.295135 0.921434 3.079397
v -0.373335 0.953004 3.188367
v -0.373335 1.118454 3.107687
v -0.373336 1.222914 2.158457
v -0.373335 0.429164 2.843598
v -0.373335 0.436194 2.158447
v 0.402764 0.953004 3.188367
v 0.368366 0.921294 3.166378
v 0.402764 0.429164 2.843598
v 0.368366 0.460864 2.865598
v -0.339035 0.460864 2.865598
v -0.373335 0.429164 2.843598
v -0.339035 0.921294 3.166378
v -0.373335 0.953004 3.188367
v 0.402764 0.436194 2.158447
v 0.402764 1.222914 2.158457
v 0.402764 0.429164 2.843598
v 0.402764 0.953004 3.188367
v 0.402764 1.118454 3.107687
v -1.551135 -0.683713 1.489797
v -1.673935 -0.406841 0.865927
v -1.502835 -0.653999 1.486797
v -1.620035 -0.373699 0.862567
v -1.530235 -0.607542 1.504557
v -1.650635 -0.321871 0.882377
v -1.704535 -0.355016 0.885737
v -1.578635 -0.637254 1.507557
v -1.673935 -0.406841 0.865927
v -1.551135 -0.683713 1.489797
v -1.602535 0.105374 1.003147
v -1.576335 0.082355 1.036337
v -1.594035 0.085225 1.001447
v -1.580335 0.101315 1.046637
v -1.599535 0.095975 1.055907
v -1.621835 0.099905 1.012197
v -1.620935 0.095185 0.954887
v -1.640635 0.089535 0.963027
v -1.632235 0.083275 0.918237
v -1.652135 0.077365 0.925587
v -1.641535 0.074505 0.869577
v -1.662435 0.067995 0.870837
v -1.610835 0.075775 0.957307
v -1.621935 0.064067 0.921317
v -1.631935 0.054915 0.867787
v -1.663435 0.077035 0.829957
v -1.641135 0.083205 0.833547
v -1.631035 0.063235 0.826527
v -1.653335 0.057054 0.822947
v -1.650935 0.074425 0.788297
v -1.627235 0.080705 0.792717
v -1.638335 0.098645 0.806157
v -1.662035 0.092365 0.801727
v -1.653335 0.057054 0.822947
v -1.652835 0.048401 0.869057
v -1.650935 0.074425 0.788297
v -1.641835 0.058158 0.928667
v -1.630535 0.070135 0.965447
v -1.613335 0.079765 1.010497
v -1.595635 0.077015 1.045607
v -1.576835 0.070785 1.090977
v -1.557135 0.075575 1.082457
v -1.556735 0.060252 1.066727
v -1.576434 0.055463 1.075247
v -1.559035 0.022872 1.098897
v -1.546535 -0.002538 1.107587
v -1.526635 -0.025489 1.131997
v -1.542535 0.004125 1.128207
v -1.556735 0.033058 1.118277
v -1.537235 0.038293 1.109647
v -1.539435 0.028112 1.090267
v -1.576434 0.055463 1.075247
v -1.493135 -0.060634 1.099557
v -1.499735 -0.103430 1.101737
v -1.510535 -0.069955 1.109267
v -1.514235 -0.020803 1.101467
v -1.508934 -0.016544 1.122397
v -1.528135 0.004958 1.098187
v -1.524135 0.011622 1.118797
v -1.502935 -0.070088 1.129887
v -1.485535 -0.060765 1.120177
v -1.480635 -0.099888 1.090737
v -1.490935 -0.137333 1.085407
v -1.472035 -0.103163 1.110727
v -1.491135 -0.106707 1.121727
v -1.510535 -0.069955 1.109267
v -1.531935 -0.029749 1.111067
v -1.503535 -0.231710 1.053117
v -1.509635 -0.218856 1.066647
v -1.524335 -0.242541 1.053167
v -1.529935 -0.227121 1.068757
v -1.510535 -0.187582 1.091917
v -1.530435 -0.186603 1.101197
v -1.500435 -0.137923 1.117337
v -1.483335 -0.144104 1.104877
v -1.514735 -0.175289 1.074147
v -1.529435 -0.225648 1.037687
v -1.534135 -0.212584 1.052767
v -1.534635 -0.174307 1.083427
v -1.508035 -0.131156 1.097867
v -1.499735 -0.103430 1.101737
v -1.485735 -0.252845 1.006347
v -1.492335 -0.233211 0.992507
v -1.513835 -0.204321 1.050657
v -1.508635 -0.214822 1.037647
v -1.465235 -0.239169 1.009597
v -1.471735 -0.219536 0.995757
v -1.492335 -0.233211 0.992507
v -1.529435 -0.225648 1.037687
v -1.534135 -0.212584 1.052767
v -1.534635 -0.174307 1.083427
v -1.508035 -0.131156 1.097867
v -1.531935 -0.029749 1.111067
v -1.546535 -0.002538 1.107587
v -1.559035 0.022872 1.098897
v -1.595635 0.077015 1.045607
v -1.613335 0.079765 1.010497
v -1.630535 0.070135 0.965447
v -1.641835 0.058158 0.928667
v -1.652835 0.048401 0.869057
v -1.650435 0.192514 1.020117
v -1.642335 0.160894 1.015947
v -1.672535 0.191434 0.982897
v -1.701035 0.199974 1.001427
v -1.677635 0.200484 1.036677
v -1.696935 0.176824 1.049067
v -1.721035 0.174784 1.015347
v -1.688835 0.145204 1.044897
v -1.712635 0.141064 1.010747
v -1.664135 0.157714 0.978297
v -1.755435 0.198324 0.951607
v -1.751835 0.166164 0.933327
v -1.719435 0.157494 0.917157
v -1.684135 0.132524 0.992227
v -1.661535 0.137244 1.028337
v -1.663535 0.143344 1.088697
v -1.669135 0.174724 1.097157
v -1.635835 0.135344 1.072877
v -1.661535 0.137244 1.028337
v -1.635835 0.135344 1.072877
v -1.684135 0.132524 0.992227
v -1.719435 0.157494 0.917157
v -1.690735 0.180984 0.919267
v -1.694335 0.213144 0.937557
v -1.726635 0.221814 0.953727
v -1.579935 0.052452 1.193887
v -1.553735 -0.001729 1.244767
v -1.582635 -0.009486 1.231107
v -1.551235 0.063797 1.205297
v -1.564035 0.115664 1.158147
v -1.591335 0.098085 1.152867
v -1.590835 0.148014 1.103677
v -1.615335 0.125984 1.106027
v -1.613735 0.158724 1.065507
v -1.647035 0.198104 1.089787
v -1.619335 0.190104 1.073957
v -1.594235 0.178164 1.116677
v -1.564835 0.141624 1.178327
v -1.550635 0.083405 1.231717
v -1.578735 0.091655 1.246707
v -1.552835 0.013189 1.274077
v -1.592935 0.150004 1.193237
v -1.622235 0.186294 1.132037
v -1.547835 -0.122144 1.322857
v -1.535835 -0.177375 1.289597
v -1.549635 -0.126369 1.290277
v -1.553935 -0.049067 1.303587
v -1.554935 -0.059538 1.272427
v -1.580835 0.020352 1.289707
v -1.607435 0.080305 1.235287
v -1.620235 0.132424 1.187957
v -1.608035 0.060704 1.208877
v -1.619435 0.106464 1.167777
v -1.643335 0.134114 1.121377
v -1.646735 0.164274 1.134377
v -1.615335 0.125984 1.106027
v -1.591335 0.098085 1.152867
v -1.610635 -0.002325 1.246747
v -1.609735 0.012594 1.276047
v -1.611735 -0.062043 1.275107
v -1.610735 -0.051571 1.306277
v -1.605535 -0.136542 1.294657
v -1.581835 -0.045084 1.320517
v -1.603735 -0.132317 1.327237
v -1.587835 -0.200253 1.293297
v -1.574935 -0.125120 1.341337
v -1.535935 -0.283646 1.243267
v -1.559435 -0.249955 1.269177
v -1.521535 -0.253127 1.233307
v -1.550235 -0.263758 1.297567
v -1.583035 -0.206000 1.325327
v -1.554635 -0.197434 1.339487
v -1.531035 -0.183125 1.321617
v -1.522235 -0.254317 1.312107
v -1.503535 -0.231073 1.298257
v -1.512735 -0.217270 1.269867
v -1.540735 -0.226710 1.255317
v -1.564235 -0.185942 1.275427
v -1.494935 -0.239414 1.251617
v -1.482735 -0.256254 1.279887
v -1.497135 -0.286773 1.289847
v -1.523735 -0.300456 1.271537
v -1.521535 -0.253127 1.233307
v -1.447135 -0.266130 1.204517
v -1.432935 -0.285635 1.232867
v -1.445435 -0.320027 1.239857
v -1.471935 -0.334907 1.218487
v -1.473635 -0.281014 1.183157
v -1.486035 -0.315402 1.190137
v -1.473635 -0.281014 1.183157
v -1.579935 0.052452 1.193887
v -1.582635 -0.009486 1.231107
v -1.583835 -0.066026 1.258187
v -1.578435 -0.133568 1.276187
v -1.564235 -0.185942 1.275427
v -1.540735 -0.226710 1.255317
v -1.526335 -0.027753 1.370867
v -1.555735 -0.118559 1.358467
v -1.525535 -0.029759 1.350797
v -1.540735 0.046174 1.342317
v -1.538435 0.035384 1.325407
v -1.567235 0.088145 1.293467
v -1.562135 0.072465 1.281847
v -1.596835 0.103334 1.238377
v -1.588535 0.085845 1.232677
v -1.624735 0.096335 1.187297
v -1.614635 0.079005 1.184907
v -1.651335 0.094655 1.136437
v -1.626035 -0.236150 1.256237
v -1.604035 -0.253292 1.213447
v -1.617535 -0.219171 1.249357
v -1.605035 -0.191338 1.313187
v -1.598535 -0.180614 1.297357
v -1.552535 -0.112696 1.339417
v -1.542635 -0.029678 1.340027
v -1.553835 0.024468 1.318297
v -1.642535 0.096395 1.196887
v -1.624035 0.086025 1.251927
v -1.614635 0.103424 1.248007
v -1.597635 0.072635 1.301017
v -1.585035 0.088235 1.303057
v -1.573735 0.035137 1.344997
v -1.571535 0.024347 1.328087
v -1.560435 -0.027591 1.349317
v -1.566135 -0.101076 1.330017
v -1.610035 -0.165841 1.289807
v -1.582935 -0.095324 1.339647
v -1.598135 -0.234067 1.212057
v -1.628935 -0.205111 1.240387
v -1.627935 -0.161792 1.298067
v -1.586135 -0.101189 1.358687
v -1.561135 -0.025585 1.369387
v -1.558335 0.046051 1.352107
v -1.607535 -0.221466 1.199407
v -1.622935 -0.228097 1.188147
v -1.648835 -0.208034 1.238307
v -1.634435 -0.172517 1.313897
v -1.622935 -0.187289 1.321447
v -1.572535 -0.112808 1.368097
v -1.605035 -0.191338 1.313187
v -1.555735 -0.118559 1.358467
v -1.626035 -0.236150 1.256237
v -1.553235 -0.249704 1.166637
v -1.562735 -0.236493 1.152587
v -1.578135 -0.243919 1.139567
v -1.628835 -0.247323 1.189547
v -1.657335 -0.225020 1.245187
v -1.645935 -0.239077 1.254147
v -1.619435 -0.259918 1.202197
v -1.584035 -0.264556 1.140587
v -1.574535 -0.277766 1.154637
v -1.604035 -0.253292 1.213447
v -1.559135 -0.270339 1.167667
v -1.504235 -0.287157 1.108887
v -1.520135 -0.295188 1.094617
v -1.530135 -0.281188 1.079647
v -1.524235 -0.259161 1.078957
v -1.508335 -0.251131 1.093237
v -1.498335 -0.265129 1.108197
v -1.504235 -0.287157 1.108887
v -1.559135 -0.270339 1.167667
v -1.739135 0.158574 0.981547
v -1.725035 0.132924 1.012028
v -1.755435 0.146084 0.975107
v -1.701635 0.125264 1.057317
v -1.675535 0.107094 1.092627
v -1.697435 0.110084 1.044707
v -1.728435 0.147464 1.025617
v -1.742335 0.173344 0.996827
v -1.753035 0.217124 0.920868
v -1.749435 0.196424 0.911997
v -1.766535 0.181374 0.910897
v -1.787235 0.187014 0.918667
v -1.679135 0.077325 1.148807
v -1.640035 0.061816 1.201687
v -1.650135 0.079145 1.204077
v -1.670935 0.059921 1.142597
v -1.622335 0.061746 1.192097
v -1.653035 0.059885 1.133297
v -1.643235 0.077255 1.130217
v -1.669535 0.090665 1.082577
v -1.574835 0.056864 1.279817
v -1.598035 0.068445 1.236597
v -1.615735 0.068545 1.246217
v -1.592535 0.056950 1.289397
v -1.540735 0.046174 1.342317
v -1.567235 0.088145 1.293467
v -1.596835 0.103334 1.238377
v -1.624735 0.096335 1.187297
v -1.669235 0.094695 1.145727
v -1.544135 -0.025666 1.380157
v -1.526335 -0.027753 1.370867
v -1.758235 0.131774 1.035017
v -1.745035 0.146884 1.037107
v -1.778135 0.163164 0.999217
v -1.728735 0.107224 1.069947
v -1.717335 0.123834 1.069947
v -1.692835 0.106824 1.102937
v -1.704135 0.090125 1.103198
v -1.698135 0.073695 1.093148
v -1.680835 0.073965 1.082837
v -1.724535 0.092055 1.057337
v -1.708835 0.093475 1.044718
v -1.738235 0.117814 1.009938
v -1.754835 0.117234 1.021427
v -1.774935 0.148384 0.983937
v -1.790835 0.207714 0.927537
v -1.761835 0.175654 1.005657
v -1.728435 0.147464 1.025617
v -1.701635 0.125264 1.057317
v -1.675535 0.107094 1.092627
v -1.651335 0.094655 1.136437
v -1.773735 0.222774 0.928628
v -1.742335 0.173344 0.996827
v -1.753035 0.217124 0.920868
v -1.767535 0.119314 0.909367
v -1.750535 0.071375 0.978097
v -1.792135 0.117414 0.921058
v -1.728335 0.049752 1.010347
v -1.772635 0.069135 0.989327
v -1.788835 0.136514 0.940267
v -1.747235 0.045408 1.024698
v -1.748735 0.090945 0.993427
v -1.750535 0.071375 0.978097
v -1.764235 0.138414 0.928577
v -1.770935 0.088715 1.004658
v -1.748335 0.066955 1.035487
v -1.706535 0.039206 1.061167
v -1.693335 0.044485 1.041657
v -1.659935 0.048144 1.089057
v -1.713035 0.061680 1.067097
v -1.767535 0.119314 0.909367
v -1.666335 0.070625 1.094967
v -1.630235 0.071815 1.119197
v -1.699835 0.066955 1.047587
v -1.729435 0.071295 1.021147
v -1.654635 0.075565 1.074477
v -1.593635 0.067355 1.152057
v -1.576635 0.072095 1.135667
v -1.615435 0.076825 1.100877
v -1.648235 0.053093 1.068567
v -1.693335 0.044485 1.041657
v -1.728335 0.049752 1.010347
v -1.574035 0.049880 1.126827
v -1.545535 0.030514 1.155387
v -1.610935 0.054207 1.093747
v -1.541335 -0.042464 1.221717
v -1.520735 -0.098964 1.224567
v -1.520335 -0.046049 1.210377
v -1.529435 -0.101135 1.202427
v -1.529035 -0.053852 1.189297
v -1.532035 -0.011130 1.173437
v -1.523335 -0.002210 1.194117
v -1.540035 0.045979 1.172537
v -1.559435 0.042966 1.186597
v -1.544135 -0.000740 1.206227
v -1.535035 -0.151482 1.197767
v -1.556135 -0.150811 1.209437
v -1.529435 -0.101135 1.202427
v -1.550435 -0.099049 1.214017
v -1.550035 -0.050264 1.200627
v -1.552835 -0.009664 1.185557
v -1.564935 0.027500 1.169447
v -1.529035 -0.053852 1.189297
v -1.532035 -0.011130 1.173437
v -1.545535 0.030514 1.155387
v -1.574035 0.049880 1.126827
v -1.648235 0.053093 1.068567
v -1.625835 0.049197 1.112067
v -1.610935 0.054207 1.093747
v -1.591035 0.045147 1.143217
v -1.548435 -0.158180 1.231067
v -1.527335 -0.158851 1.219397
v -1.532635 -0.194693 1.202097
v -1.539435 -0.179758 1.184397
v -1.536735 -0.192223 1.167587
v -1.535035 -0.151482 1.197767
v -1.541735 -0.096875 1.236167
v -1.528635 -0.213008 1.180557
v -1.494835 -0.209145 1.117267
v -1.554635 -0.201035 1.209847
v -1.561435 -0.186101 1.192147
v -1.550835 -0.226523 1.180587
v -1.558835 -0.205739 1.167607
v -1.485235 -0.232061 1.128487
v -1.506535 -0.248288 1.123247
v -1.516235 -0.225375 1.112027
v -1.536735 -0.192223 1.167587
v -1.539435 -0.179758 1.184397
v -1.494835 -0.209145 1.117267
v -1.750435 -0.575576 1.549017
v -1.873165 -0.666030 0.872477
v -1.702035 -0.551826 1.530907
v -1.819235 -0.639540 0.852277
v -1.729535 -0.502942 1.521737
v -1.849835 -0.585006 0.842047
v -1.903795 -0.611500 0.862247
v -1.777835 -0.526692 1.539837
v -1.873165 -0.666030 0.872477
v -1.750435 -0.575576 1.549017
v -1.876105 -0.486394 0.857277
v -1.798135 -0.462507 1.101677
v -1.882435 -0.418440 0.872047
v -1.791835 -0.526741 1.088457
v -1.824535 -0.527187 0.833557
v -1.743335 -0.565206 1.066087
v -1.758335 -0.516758 0.814057
v -1.680835 -0.555376 1.047697
v -1.716135 -0.461218 0.810177
v -1.680835 -0.555376 1.047697
v -1.758335 -0.516758 0.814057
v -1.641035 -0.503002 1.044047
v -1.698335 -0.409158 0.895527
v -1.647235 -0.438772 1.057277
v -1.695835 -0.400307 1.079637
v -1.749235 -0.366532 0.920698
v -1.758335 -0.410136 1.098027
v -1.832535 -0.367222 0.890627
v -1.680835 -0.555376 1.047697
v -1.641035 -0.503002 1.044047
v -1.743335 -0.565206 1.066087
v -1.647235 -0.438772 1.057277
v -1.791835 -0.526741 1.088457
v -1.695835 -0.400307 1.079637
v -1.798135 -0.462507 1.101677
v -1.758335 -0.410136 1.098027
v -1.709635 -0.417897 0.996827
v -1.671635 -0.435699 1.116447
v -1.685935 -0.461528 0.984687
v -1.649335 -0.476840 1.104997
v -1.701535 -0.506135 0.990057
v -1.662335 -0.523186 1.102967
v -1.739635 -0.524478 1.005077
v -1.702935 -0.547589 1.111557
v -1.702935 -0.547589 1.111557
v -1.747435 -0.535752 1.125717
v -1.739635 -0.524478 1.005077
v -1.777635 -0.514377 1.017157
v -1.769735 -0.494614 1.137167
v -1.796635 -0.479274 1.026927
v -1.756735 -0.448265 1.139187
v -1.791935 -0.434446 1.024707
v -1.716135 -0.423864 1.130607
v -1.756735 -0.405345 1.011847
v -1.747435 -0.535752 1.125717
v -1.702935 -0.547589 1.111557
v -1.662335 -0.523186 1.102967
v -1.769735 -0.494614 1.137167
v -1.649335 -0.476840 1.104997
v -1.756735 -0.448265 1.139187
v -1.671635 -0.435699 1.116447
v -1.716135 -0.423864 1.130607
v -1.696735 -0.413984 0.861377
v -1.667235 -0.509235 0.841217
v -1.677735 -0.411185 0.856317
v -1.700835 -0.408556 0.852357
v -1.680135 -0.405509 0.846847
v -1.659435 -0.416058 0.850477
v -1.660235 -0.410813 0.840497
v -1.644535 -0.427868 0.844767
v -1.644035 -0.423667 0.834287
v -1.713435 -0.424039 0.864917
v -1.719035 -0.419496 0.856217
v -1.732035 -0.436662 0.857797
v -1.729335 -0.437870 0.833447
v -1.718935 -0.424064 0.832177
v -1.704235 -0.415262 0.829077
v -1.687635 -0.412809 0.824637
v -1.671535 -0.417077 0.819527
v -1.658535 -0.427418 0.814527
v -1.734035 -0.454585 0.832717
v -1.737835 -0.457435 0.856897
v -1.725435 -0.439808 0.866377
v -1.732235 -0.471659 0.830097
v -1.723435 -0.475473 0.860947
v -1.724135 -0.486498 0.825967
v -1.730735 -0.458899 0.865547
v -1.704635 -0.507161 0.852117
v -1.715335 -0.490313 0.856817
v -1.728635 -0.478402 0.862547
v -1.719435 -0.495350 0.857827
v -1.702335 -0.500650 0.851817
v -1.686335 -0.504920 0.846717
v -1.686235 -0.512036 0.846287
v -1.668835 -0.512211 0.830407
v -1.695135 -0.501105 0.815857
v -1.711135 -0.496839 0.820967
v -1.678535 -0.498654 0.811417
v -1.663835 -0.489852 0.808317
v -1.650535 -0.442254 0.810397
v -1.634035 -0.442108 0.829157
v -1.648735 -0.459329 0.807767
v -1.631735 -0.463335 0.825887
v -1.653335 -0.476046 0.807047
v -1.637635 -0.484109 0.824977
v -1.650635 -0.501275 0.826567
v -1.635335 -0.444816 0.840057
v -1.633235 -0.464319 0.837047
v -1.638635 -0.483410 0.836217
v -1.650535 -0.499185 0.837677
v -1.704235 -0.440286 1.016137
v -1.602435 -0.494843 1.363607
v -1.689235 -0.467889 1.008457
v -1.587435 -0.522450 1.355927
v -1.697935 -0.498986 1.007097
v -1.596135 -0.553546 1.354567
v -1.725235 -0.515358 1.012857
v -1.623435 -0.569916 1.360327
v -1.653335 -0.561975 1.369827
v -1.725235 -0.515358 1.012857
v -1.623435 -0.569916 1.360327
v -1.755035 -0.507417 1.022357
v -1.668235 -0.534371 1.377507
v -1.770035 -0.479813 1.030037
v -1.659535 -0.503275 1.378867
v -1.761335 -0.448718 1.031397
v -1.632235 -0.486901 1.373107
v -1.734035 -0.432343 1.025637
v -1.684235 -0.454086 1.369177
v -1.717235 -0.571882 1.364027
v -1.724135 -0.506754 1.374057
v -1.667535 -0.611318 1.344967
v -1.604135 -0.601964 1.328027
v -1.620935 -0.444735 1.352247
v -1.564235 -0.549296 1.323147
v -1.571135 -0.484171 1.333177
v -1.620935 -0.444735 1.352247
v -1.566435 -0.464382 1.539847
v -1.571135 -0.484171 1.333177
v -1.514635 -0.505486 1.519977
v -1.564235 -0.549296 1.323147
v -1.507335 -0.573368 1.509527
v -1.604135 -0.601964 1.328027
v -1.548935 -0.628258 1.514607
v -1.604135 -0.601964 1.328027
v -1.548935 -0.628258 1.514607
v -1.667535 -0.611318 1.344967
v -1.615035 -0.638009 1.532257
v -1.717235 -0.571882 1.364027
v -1.666835 -0.596908 1.552137
v -1.724135 -0.506754 1.374057
v -1.674035 -0.529027 1.562587
v -1.684235 -0.454086 1.369177
v -1.632435 -0.474132 1.557497
v -1.732635 -0.735586 1.206327
v -1.753035 -0.675157 1.220677
v -1.719035 -0.730677 1.227717
v -1.739635 -0.673452 1.240947
v -1.741735 -0.735899 1.238897
v -1.753835 -0.645189 1.222057
v -1.756335 -0.590899 1.253977
v -1.768835 -0.588707 1.235037
v -1.761835 -0.645754 1.250877
v -1.774535 -0.644595 1.231877
v -1.753835 -0.645189 1.222057
v -1.753035 -0.675157 1.220677
v -1.775035 -0.677393 1.231107
v -1.755435 -0.740810 1.217497
v -1.761535 -0.675592 1.251367
v -1.741135 -0.646346 1.241057
v -1.748235 -0.589579 1.225197
v -1.732635 -0.735586 1.206327
v -1.771135 -0.335009 1.232418
v -1.778035 -0.260211 1.223837
v -1.759635 -0.329012 1.251257
v -1.745135 -0.408145 1.254037
v -1.757535 -0.409531 1.234897
v -1.735735 -0.507005 1.249807
v -1.748335 -0.506556 1.230747
v -1.735735 -0.591775 1.244147
v -1.756335 -0.508689 1.259477
v -1.765635 -0.411077 1.263647
v -1.780035 -0.332661 1.260877
v -1.791535 -0.338660 1.242037
v -1.778035 -0.412460 1.244517
v -1.768935 -0.508239 1.240417
v -1.771135 -0.335009 1.232418
v -1.787735 -0.272929 1.207517
v -1.757535 -0.409531 1.234897
v -1.748335 -0.506556 1.230747
v -1.748235 -0.589579 1.225197
v -1.800535 -0.162635 1.098337
v -1.810135 -0.182150 1.091347
v -1.805335 -0.199338 1.172398
v -1.814635 -0.216301 1.160218
v -1.792635 -0.221479 1.156827
v -1.809235 -0.272239 1.215168
v -1.799635 -0.259521 1.231488
v -1.783335 -0.204513 1.169008
v -1.792635 -0.221479 1.156827
v -1.788335 -0.188972 1.091127
v -1.787735 -0.272929 1.207517
v -1.727535 -0.157554 0.928598
v -1.766135 -0.148644 0.957897
v -1.746535 -0.156257 0.966807
v -1.738435 -0.179049 0.925237
v -1.756335 -0.176479 0.962877
v -1.769835 -0.157189 1.029817
v -1.779835 -0.177431 1.026107
v -1.778735 -0.169459 1.098127
v -1.790935 -0.149709 1.025367
v -1.775935 -0.168868 0.953968
v -1.758735 -0.171000 0.914517
v -1.800835 -0.169952 1.021667
v -1.779835 -0.177431 1.026107
v -1.788335 -0.188972 1.091127
v -1.756335 -0.176479 0.962877
v -1.738435 -0.179049 0.925237
v -1.718535 -0.188990 0.883997
v -1.739535 -0.180593 0.871527
v -1.727235 -0.157962 0.873677
v -1.747835 -0.149506 0.917867
v -1.706335 -0.166362 0.886137
v -1.718535 -0.188990 0.883997
v -1.751735 -0.651399 1.209237
v -1.712635 -0.567605 1.200677
v -1.727735 -0.650859 1.181407
v -1.736035 -0.569911 1.227287
v -1.704635 -0.509638 1.212967
v -1.739935 -0.657574 1.243437
v -1.734035 -0.730329 1.227947
v -1.747635 -0.730496 1.190077
v -1.721735 -0.732492 1.159447
v -1.723935 -0.450105 1.248527
v -1.697735 -0.381952 1.229418
v -1.700435 -0.447913 1.221907
v -1.728035 -0.511990 1.239567
v -1.725235 -0.579639 1.259707
v -1.704235 -0.663212 1.249797
v -1.694535 -0.732157 1.235197
v -1.680335 -0.662677 1.221957
v -1.692135 -0.656497 1.187767
v -1.678335 -0.575026 1.206497
v -1.669935 -0.514112 1.219407
v -1.667535 -0.584754 1.238927
v -1.668635 -0.734154 1.204557
v -1.682235 -0.734320 1.166687
v -1.721735 -0.732492 1.159447
v -1.727735 -0.650859 1.181407
v -1.712635 -0.567605 1.200677
v -1.704635 -0.509638 1.212967
v -1.665635 -0.450475 1.228627
v -1.700435 -0.447913 1.221907
v -1.654335 -0.455231 1.261967
v -1.662935 -0.384125 1.236187
v -1.697735 -0.381952 1.229418
v -1.692135 -0.283951 1.229887
v -1.690935 -0.587059 1.265537
v -1.716835 -0.518814 1.272587
v -1.682235 -0.523282 1.279027
v -1.677735 -0.457424 1.288587
v -1.651535 -0.387742 1.269647
v -1.657235 -0.285244 1.236597
v -1.688035 -0.215379 1.204757
v -1.652935 -0.212283 1.209487
v -1.712535 -0.454859 1.281857
v -1.645335 -0.280919 1.269817
v -1.674935 -0.389189 1.296347
v -1.709735 -0.387019 1.289577
v -1.721135 -0.383398 1.256117
v -1.640335 -0.192971 1.236507
v -1.668335 -0.275302 1.296317
v -1.703235 -0.274008 1.289608
v -1.715135 -0.278336 1.256387
v -1.692135 -0.283951 1.229887
v -1.688035 -0.215379 1.204757
v -1.715535 -0.156385 1.176517
v -1.708635 -0.160826 1.104418
v -1.692535 -0.178278 1.160547
v -1.710535 -0.199166 1.227047
v -1.697835 -0.179855 1.254067
v -1.662735 -0.176759 1.258797
v -1.670035 -0.116361 1.187217
v -1.647035 -0.138252 1.171247
v -1.704235 -0.125428 1.189857
v -1.733235 -0.137256 1.114557
v -1.724635 -0.102915 1.117817
v -1.691435 -0.092135 1.110937
v -1.666835 -0.115706 1.100787
v -1.658235 -0.169212 1.157917
v -1.692535 -0.178278 1.160547
v -1.675435 -0.150048 1.097528
v -1.678035 -0.109642 1.036297
v -1.703635 -0.085504 1.041227
v -1.683635 -0.105473 0.952067
v -1.710435 -0.080374 0.952797
v -1.678135 -0.104855 0.897697
v -1.707035 -0.077632 0.890227
v -1.708635 -0.160826 1.104418
v -1.720035 -0.154616 1.038388
v -1.687335 -0.143876 0.900337
v -1.725535 -0.155676 0.895518
v -1.727135 -0.151835 0.952497
v -1.692035 -0.141202 0.951917
v -1.686235 -0.144196 1.034877
v -1.706135 -0.440136 1.267937
v -1.705935 -0.375637 1.266818
v -1.731535 -0.439785 1.275707
v -1.707435 -0.505221 1.266387
v -1.732835 -0.505049 1.274147
v -1.707635 -0.562473 1.264287
v -1.733035 -0.563333 1.272017
v -1.704635 -0.624476 1.260217
v -1.729935 -0.627231 1.267807
v -1.715935 -0.622475 1.236297
v -1.700035 -0.667838 1.253357
v -1.726035 -0.672204 1.260957
v -1.741335 -0.625226 1.243887
v -1.744335 -0.562594 1.247987
v -1.744135 -0.504046 1.250137
v -1.742835 -0.439427 1.251687
v -1.711935 -0.664319 1.228877
v -1.742635 -0.377209 1.250618
v -1.717235 -0.377373 1.242847
v -1.717435 -0.439778 1.243917
v -1.718735 -0.504215 1.242367
v -1.718935 -0.561737 1.240257
v -1.715935 -0.622475 1.236297
v -1.737835 -0.668685 1.236477
v -1.711935 -0.664319 1.228877
v -1.720835 -0.740635 1.217237
v -1.708335 -0.738437 1.244577
v -1.692035 -0.739507 1.208627
v -1.679635 -0.737308 1.235957
v -1.692035 -0.739507 1.208627
v -1.731335 -0.375470 1.274587
v -1.707135 -0.286223 1.251188
v -1.710035 -0.199690 1.142727
v -1.691735 -0.165979 1.089508
v -1.697435 -0.178172 1.151867
v -1.715435 -0.232415 1.193447
v -1.703735 -0.216559 1.211267
v -1.732535 -0.283472 1.258408
v -1.743735 -0.291074 1.235588
v -1.718335 -0.293824 1.228368
v -1.715435 -0.232415 1.193447
v -1.740635 -0.225439 1.198137
v -1.734835 -0.190252 1.143717
v -1.728935 -0.209582 1.215947
v -1.722235 -0.168733 1.152857
v -1.716235 -0.156026 1.088147
v -1.710035 -0.151930 1.031567
v -1.685635 -0.161964 1.034027
v -1.674435 -0.158839 0.964087
v -1.699435 -0.148403 0.959387
v -1.713135 -0.172015 0.956708
v -1.723235 -0.174784 1.028487
v -1.729435 -0.178857 1.084748
v -1.703835 -0.174006 0.906187
v -1.677535 -0.185252 0.915767
v -1.688135 -0.182449 0.961407
v -1.698835 -0.184819 1.030937
v -1.704835 -0.188808 1.086107
v -1.710035 -0.199690 1.142727
v -1.737435 -0.095925 1.044737
v -1.745535 -0.091009 0.953387
v -1.753935 -0.126741 0.953237
v -1.745635 -0.130480 1.043318
v -1.745235 -0.089430 0.885408
v -1.754535 -0.128453 0.888047
v -1.725535 -0.155676 0.895518
v -1.727135 -0.151835 0.952497
v -1.720035 -0.154616 1.038388
v -1.688535 -0.148209 0.907887
v -1.662335 -0.159458 0.917467
v -1.677535 -0.185252 0.915767
v -1.688135 -0.182449 0.961407
v -1.698835 -0.184819 1.030937
v -1.704835 -0.188808 1.086107
v -1.733835 -0.359024 1.187207
v -1.736135 -0.291595 1.180077
v -1.728235 -0.357241 1.214267
v -1.728335 -0.421273 1.216557
v -1.763935 -0.220249 1.152747
v -1.737635 -0.216679 1.160807
v -1.762635 -0.180744 1.122977
v -1.730535 -0.287088 1.206837
v -1.748835 -0.356408 1.232727
v -1.748935 -0.420703 1.235037
v -1.750535 -0.487802 1.234797
v -1.729935 -0.488068 1.216327
v -1.753535 -0.565757 1.233547
v -1.779835 -0.564393 1.224907
v -1.736335 -0.174632 1.128958
v -1.732135 -0.205241 1.185437
v -1.751235 -0.284848 1.225137
v -1.775135 -0.357357 1.224138
v -1.775335 -0.420441 1.226397
v -1.776835 -0.486878 1.226157
v -1.782535 -0.486225 1.199037
v -1.780935 -0.420749 1.199277
v -1.780835 -0.359140 1.197077
v -1.783135 -0.291622 1.189907
v -1.777535 -0.287114 1.216667
v -1.784735 -0.212377 1.169317
v -1.779235 -0.200940 1.193957
v -1.783235 -0.165715 1.133937
v -1.762635 -0.180744 1.122977
v -1.763935 -0.220249 1.152747
v -1.762435 -0.293862 1.171618
v -1.760235 -0.359973 1.178617
v -1.760335 -0.421318 1.180797
v -1.761835 -0.486492 1.180568
v -1.781335 -0.138665 1.076658
v -1.759335 -0.148905 1.025597
v -1.761035 -0.156861 1.071807
v -1.762135 -0.118365 0.861427
v -1.770235 -0.147357 0.870487
v -1.765135 -0.107945 0.911298
v -1.772435 -0.136213 0.915837
v -1.748235 -0.167818 0.879527
v -1.751435 -0.156194 0.921417
v -1.774835 -0.130601 0.962927
v -1.754835 -0.149626 0.965867
v -1.779535 -0.129869 1.025507
v -1.773135 -0.102970 1.027457
v -1.768235 -0.103719 0.961637
v -1.732035 -0.109834 0.861417
v -1.736835 -0.099660 0.912337
v -1.741735 -0.095860 0.963287
v -1.746635 -0.095102 1.029507
v -1.775235 -0.112805 1.084487
v -1.710035 -0.130295 0.870467
v -1.715835 -0.119640 0.917918
v -1.718135 -0.159287 0.879517
v -1.777435 -0.144578 1.150877
v -1.748835 -0.105137 1.087467
v -1.726535 -0.114137 1.029588
v -1.721735 -0.114884 0.966227
v -1.723135 -0.147907 0.922458
v -1.748235 -0.167818 0.879527
v -1.751035 -0.138465 1.156857
v -1.728435 -0.123329 1.082617
v -1.730535 -0.153494 1.145907
v -1.752935 -0.197369 1.202017
v -1.728335 -0.141768 0.967517
v -1.732835 -0.141036 1.027637
v -1.734635 -0.149190 1.074787
v -1.751435 -0.156194 0.921417
v -1.754835 -0.149626 0.965867
v -1.759335 -0.148905 1.025597
v -1.761035 -0.156861 1.071807
v -1.718335 -0.293824 1.228368
v -1.717235 -0.377373 1.242847
v -1.717435 -0.439778 1.243917
v -1.718735 -0.504215 1.242367
v -1.718935 -0.561737 1.240257
v -1.762435 -0.293862 1.171618
v -1.760235 -0.359973 1.178617
v -1.734035 -0.421582 1.189447
v -1.735535 -0.487414 1.189207
v -1.760335 -0.421318 1.180797
v -1.761835 -0.486492 1.180568
v -1.732935 -0.567135 1.215067
v -1.738635 -0.567149 1.187947
v -1.764935 -0.565787 1.179307
v -1.785535 -0.564406 1.197787
v -1.788935 -0.664758 1.232217
v -1.761835 -0.666659 1.241167
v -1.740835 -0.671434 1.222317
v -1.746935 -0.674310 1.194517
v -1.774135 -0.672409 1.185567
v -1.769535 -0.736361 1.179557
v -1.739935 -0.738539 1.189367
v -1.733035 -0.733630 1.219507
v -1.755735 -0.726542 1.239837
v -1.785335 -0.724362 1.230027
v -1.795035 -0.667633 1.204417
v -1.764935 -0.565787 1.179307
v -1.774135 -0.672409 1.185567
v -1.792335 -0.729271 1.199887
v -1.769535 -0.736361 1.179557
v -1.919335 0.301294 0.932707
v -1.640435 0.321054 0.978897
v -1.941125 0.321054 0.908737
v -1.676335 0.321054 0.870487
v -1.591035 0.321054 0.960357
v -1.590935 0.321054 0.853427
v -1.962135 0.321054 0.746607
v -1.676335 -0.705212 0.870487
v -1.939955 -0.705212 0.908617
v -1.962135 -0.705212 0.519927
v -1.640435 -0.705212 0.978897
v -1.591035 -0.705212 0.960357
v -1.609335 -0.685462 0.987547
v -1.609335 0.301294 0.987547
v -1.634235 0.301294 0.997647
v -1.634235 -0.685462 0.997647
v -1.919335 -0.685462 0.932707
v -1.941125 0.321054 0.908737
v -1.962135 -0.088516 0.519927
v -1.962135 0.321054 0.746607
v -1.962135 -0.705212 0.519927
v 1.878066 0.305064 0.581187
v 1.884666 0.264194 0.847257
v 1.962366 0.297094 0.574097
v 1.811866 0.274384 0.828787
v 1.801566 0.250184 0.620137
v 1.754466 0.228654 0.809917
v 1.794866 0.169434 0.610377
v 1.746066 0.153804 0.801707
v 1.746066 0.153804 0.801707
v 1.794866 0.169434 0.610377
v 1.791566 0.093675 0.808957
v 1.863866 0.116364 0.532587
v 1.864366 0.083485 0.827427
v 1.941066 0.105554 0.552177
v 1.921766 0.129214 0.846287
v 2.001966 0.154044 0.572187
v 1.930166 0.204064 0.854507
v 2.010865 0.233434 0.580897
v 1.793866 0.195994 0.724957
v 1.780266 0.232044 0.875397
v 1.821466 0.246604 0.736317
v 1.754166 0.184324 0.864687
v 1.811766 0.144914 0.732917
v 1.768866 0.130904 0.864297
v 1.855766 0.124384 0.750267
v 1.815766 0.103074 0.874477
v 1.867266 0.117144 0.889257
v 1.899766 0.136384 0.762867
v 1.893266 0.164864 0.899977
v 1.921966 0.177094 0.772017
v 1.878566 0.218284 0.900357
v 1.916666 0.228524 0.767417
v 1.831766 0.246104 0.890177
v 1.876066 0.261524 0.751987
v 1.821466 0.246604 0.736317
v 1.780266 0.232044 0.875397
v 1.718966 0.108344 1.156217
v 1.860266 0.135294 0.759067
v 1.750366 0.089685 1.163047
v 1.828866 0.153964 0.752237
v 1.709166 0.144194 1.156477
v 1.819066 0.189804 0.752497
v 1.726566 0.176214 1.163667
v 1.836466 0.221824 0.759687
v 1.761166 0.185644 1.173577
v 1.836466 0.221824 0.759687
v 1.726566 0.176214 1.163667
v 1.871066 0.231264 0.769597
v 1.902466 0.212594 0.776427
v 1.792566 0.166974 1.180407
v 1.912366 0.176754 0.776177
v 1.802466 0.131134 1.180157
v 1.894866 0.144734 0.768987
v 1.784966 0.099115 1.172957
v -1.590935 -0.705212 0.853427
v 1.800766 0.222924 1.166407
v 1.792866 0.146094 1.392427
v 1.846566 0.162444 1.173697
v 1.745066 0.209124 1.384827
v 1.727566 0.233164 1.147827
v 1.668766 0.219804 1.365467
v 1.669866 0.187174 1.128847
v 1.608666 0.171864 1.345687
v 1.661466 0.111884 1.120587
v 1.608666 0.171864 1.345687
v 1.669866 0.187174 1.128847
v 1.599866 0.093395 1.337077
v 1.707266 0.051402 1.127877
v 1.647566 0.030360 1.344677
v 1.780366 0.041157 1.146447
v 1.723866 0.019683 1.364037
v 1.838166 0.087155 1.165427
v 1.784066 0.067615 1.383817
v 0.333066 1.288134 1.718907
v 0.333066 1.444804 2.168777
v 0.333066 1.444804 1.718907
v 0.333066 1.288134 2.168777
v -0.303634 1.288134 1.718907
v -0.303634 1.288134 2.168777
v -0.303634 1.444804 1.718907
v -0.303634 1.444804 2.168777
v -0.247935 0.352844 3.129088
v -0.233834 0.339304 3.124248
v -0.247935 0.356164 3.072717
v -0.262334 0.340064 3.123067
v -0.247935 0.338174 3.148427
v -0.262334 0.327004 3.139787
v -0.247935 0.316734 3.160958
v -0.262334 0.309594 3.148767
v -0.247935 0.268914 3.152708
v -0.262334 0.279564 3.143418
v -0.233834 0.326004 3.140768
v -0.233834 0.308304 3.149308
v -0.233834 0.278794 3.142257
v -0.248235 0.314834 3.132118
v -0.248235 0.301164 3.137117
v -0.248235 0.289444 3.132977
v -0.248235 0.179994 3.018008
v -0.233834 0.169344 3.027287
v -0.247935 0.159464 3.037738
v -0.262334 0.170114 3.028447
v -0.248235 0.179994 3.018008
v -0.248235 0.289444 3.132977
v -0.248235 0.301164 3.137117
v -0.248235 0.314834 3.132118
v -0.248235 0.326524 3.118228
v -0.262334 0.343384 3.066698
v -0.262334 0.430984 2.981767
v -0.254735 0.599104 2.931068
v -0.237135 0.586544 2.918218
v -0.259435 0.564794 2.946288
v -0.241835 0.552914 2.932838
v -0.256334 0.561084 2.947937
v -0.242235 0.551644 2.937138
v -0.262334 0.517254 2.967377
v -0.248235 0.508504 2.955968
v -0.248235 0.422234 2.970358
v -0.248235 0.329854 3.061857
v -0.247935 0.438464 2.993747
v -0.247935 0.524734 2.979357
v -0.242035 0.569304 2.959398
v -0.241534 0.575144 2.960558
v -0.236835 0.610174 2.944818
v -0.219235 0.597614 2.931968
v -0.223834 0.563264 2.947108
v -0.227935 0.559854 2.948598
v -0.237135 0.586544 2.918218
v -0.241835 0.552914 2.932838
v -0.242235 0.551644 2.937138
v -0.233834 0.515984 2.967947
v -0.248235 0.508504 2.955968
v -0.233834 0.429714 2.982337
v -0.248235 0.422234 2.970358
v -0.233834 0.342634 3.067868
v -0.248235 0.329854 3.061857
v -0.248235 0.326524 3.118228
v 1.614266 -0.008872 1.331937
v 1.759566 0.293614 0.774167
v 1.725366 0.337054 0.783927
v 1.644666 -0.047575 1.323247
v 1.716466 0.264534 0.753017
v 1.606266 -0.073482 1.304407
v 1.575866 -0.034777 1.313097
v 1.682366 0.307974 0.762777
v 1.614266 -0.008872 1.331937
v 1.725366 0.337054 0.783927
v -0.192434 0.434624 3.175978
v -0.193634 0.453834 3.163277
v -0.169435 0.426934 3.122228
v -0.233534 0.486974 3.246198
v -0.234735 0.506184 3.233508
v -0.213734 0.512364 3.240947
v -0.172734 0.460014 3.170728
v -0.212634 0.493154 3.253648
v -0.171534 0.440804 3.183418
v -0.192434 0.434624 3.175978
v -0.150034 0.434714 3.131588
v -0.169435 0.426934 3.122228
v -0.233534 0.486974 3.246198
v -0.079736 0.574814 2.946368
v -0.096635 0.558894 2.980638
v -0.080535 0.546414 2.969898
v -0.110134 0.508534 3.017528
v -0.094235 0.491974 3.015498
v -0.134834 0.465374 3.070688
v -0.125935 0.444354 3.074128
v -0.153934 0.454794 3.121778
v -0.095835 0.592484 2.958058
v -0.116334 0.578504 2.943458
v -0.095935 0.587294 2.957108
v -0.112334 0.576114 2.945428
v -0.113035 0.547704 2.968958
v -0.122135 0.499054 3.000308
v -0.151434 0.456254 3.057618
v -0.173335 0.447014 3.112417
v -0.096134 0.562904 2.930038
v -0.096234 0.563634 2.934688
v -0.096935 0.535224 2.958218
v -0.106234 0.482504 2.998277
v -0.142634 0.435234 3.061068
v -0.159635 0.590164 2.960508
v -0.180435 0.582404 2.946978
v -0.176635 0.578544 2.948378
v -0.159635 0.596574 2.961777
v -0.139235 0.580764 2.948168
v -0.158235 0.547514 2.975278
v -0.175334 0.535894 2.963147
v -0.142834 0.577204 2.949348
v -0.160034 0.566594 2.933378
v -0.161334 0.606084 2.919688
v -0.140535 0.620264 2.934488
v -0.160935 0.636064 2.948098
v -0.181735 0.621894 2.933298
v -0.159934 0.565594 2.937217
v -0.143834 0.419604 3.025598
v -0.124235 0.429344 3.035347
v -0.164335 0.466934 2.997417
v -0.147935 0.483414 3.003128
v -0.141434 0.534554 2.964128
v -0.158534 0.522934 2.951998
v -0.133834 0.475544 2.985437
v -0.150234 0.459064 2.979728
v -0.111935 0.424564 3.015398
v -0.101334 0.381974 3.054798
v -0.115234 0.393274 3.070628
v -0.133734 0.379594 3.064048
v -0.131434 0.414824 3.005647
v -0.119834 0.368304 3.048218
v -0.099135 0.363804 3.104238
v -0.117834 0.378724 3.105527
v -0.132734 0.360014 3.105718
v -0.124435 0.372764 3.168128
v -0.114034 0.345104 3.104428
v -0.108534 0.362774 3.182977
v -0.122634 0.343554 3.185148
v -0.131434 0.414824 3.005647
v -0.150234 0.459064 2.979728
v -0.119834 0.368304 3.048218
v -0.114034 0.345104 3.104428
v -0.138534 0.353544 3.170298
v -0.144735 0.381654 3.230968
v -0.130535 0.369384 3.245908
v -0.159435 0.433244 3.329318
v -0.146635 0.420244 3.344818
v -0.161534 0.364784 3.233037
v -0.122634 0.343554 3.185148
v -0.179635 0.424534 3.338698
v -0.147434 0.352524 3.247977
v -0.166835 0.411534 3.354198
v -0.147434 0.352524 3.247977
v -0.166835 0.411534 3.354198
v 1.811866 0.274384 0.828787
v 1.754466 0.228654 0.809917
v 1.884666 0.264194 0.847257
v 1.930166 0.204064 0.854507
v 1.746066 0.153804 0.801707
v 1.921766 0.129214 0.846287
v 1.791566 0.093675 0.808957
v 1.864366 0.083485 0.827427
v -0.058735 0.352844 3.129088
v -0.044635 0.339304 3.124248
v -0.058735 0.356164 3.072717
v -0.073035 0.340064 3.123067
v -0.058735 0.338174 3.148427
v -0.073035 0.327004 3.139787
v -0.058735 0.316734 3.160958
v -0.073035 0.309594 3.148767
v -0.058735 0.268914 3.152708
v -0.073035 0.279564 3.143418
v -0.044635 0.326004 3.140768
v -0.044635 0.308304 3.149308
v -0.044635 0.278794 3.142257
v -0.058935 0.314834 3.132118
v -0.058935 0.301164 3.137117
v -0.058935 0.289444 3.132977
v -0.058935 0.179994 3.018008
v -0.044635 0.169344 3.027287
v -0.058735 0.159464 3.037738
v -0.073035 0.170114 3.028447
v -0.058935 0.179994 3.018008
v -0.058935 0.289444 3.132977
v -0.058935 0.301164 3.137117
v -0.058935 0.314834 3.132118
v -0.058935 0.326524 3.118228
v -0.073035 0.343384 3.066698
v -0.073035 0.430984 2.981767
v -0.065435 0.599104 2.931068
v -0.047835 0.586544 2.918218
v -0.070135 0.564794 2.946288
v -0.052535 0.552914 2.932838
v -0.067035 0.561084 2.947937
v -0.052935 0.551644 2.937138
v -0.073035 0.517254 2.967377
v -0.058935 0.508504 2.955968
v -0.058935 0.422234 2.970358
v -0.058935 0.329854 3.061857
v -0.058735 0.438464 2.993747
v -0.058735 0.524734 2.979357
v -0.052735 0.569304 2.959398
v -0.052236 0.575144 2.960558
v -0.047535 0.610174 2.944818
v -0.029935 0.597614 2.931968
v -0.034635 0.563264 2.947108
v -0.038634 0.559854 2.948598
v -0.047835 0.586544 2.918218
v -0.052535 0.552914 2.932838
v -0.052935 0.551644 2.937138
v -0.044635 0.515984 2.967947
v -0.058935 0.508504 2.955968
v -0.044635 0.429714 2.982337
v -0.058935 0.422234 2.970358
v -0.044635 0.342634 3.067868
v -0.058935 0.329854 3.061857
v -0.058935 0.326524 3.118228
v 1.878566 0.218284 0.900357
v 1.831766 0.246104 0.890177
v 1.780266 0.232044 0.875397
v 1.754166 0.184324 0.864687
v 1.893266 0.164864 0.899977
v 1.768866 0.130904 0.864297
v 1.867266 0.117144 0.889257
v 1.815766 0.103074 0.874477
v -0.025135 0.345544 3.135428
v -0.004834 0.288134 3.236958
v -0.004335 0.361154 3.146758
v 0.014765 0.341924 3.138178
v 0.014265 0.268894 3.228388
v 0.013465 0.262434 3.280787
v -0.005535 0.281674 3.289357
v -0.005835 0.253974 3.326957
v 0.013465 0.237524 3.314228
v -0.008235 0.195224 3.365268
v -0.026535 0.240384 3.313038
v -0.028035 0.186744 3.346708
v -0.007236 0.223934 3.300308
v -0.007635 0.178924 3.328557
v -0.008235 0.069105 3.358407
v 0.012165 0.187404 3.347108
v -0.028035 0.065938 3.338257
v -0.007635 0.063291 3.318667
v 0.012165 0.066465 3.338817
v -0.007635 0.178924 3.328557
v -0.007236 0.223934 3.300308
v -0.007635 0.063291 3.318667
v -0.003135 0.373894 3.082298
v 0.015965 0.354654 3.073718
v -0.006134 0.326304 3.126848
v -0.006635 0.253284 3.217048
v -0.007334 0.246824 3.269458
v 0.030865 0.595384 2.928407
v 0.027965 0.551244 2.959198
v 0.004565 0.577464 2.909698
v 0.001665 0.533324 2.940488
v 0.021665 0.546974 2.962178
v 0.001466 0.533184 2.947778
v 0.020166 0.515374 2.984218
v -0.000035 0.501584 2.969818
v 0.017865 0.426764 3.029178
v -0.002334 0.412974 3.014787
v -0.004834 0.339044 3.062387
v 0.002165 0.571234 2.976408
v 0.004965 0.615374 2.945617
v 0.001765 0.562344 2.975408
v 0.000264 0.530744 2.997448
v -0.002035 0.442134 3.042418
v -0.024235 0.553314 2.957688
v -0.018436 0.548564 2.961018
v -0.019935 0.516964 2.983048
v -0.022236 0.428354 3.028018
v -0.023935 0.358274 3.070968
v -0.026435 0.266064 3.278028
v -0.025635 0.272514 3.225628
v -0.006134 0.326304 3.126848
v -0.004834 0.339044 3.062387
v -0.002334 0.412974 3.014787
v -0.007334 0.246824 3.269458
v -0.006635 0.253284 3.217048
v -0.000035 0.501584 2.969818
v 0.001466 0.533184 2.947778
v 0.001665 0.533324 2.940488
v 0.004565 0.577464 2.909698
v -0.021335 0.597454 2.926908
v 0.464866 0.129684 3.464727
v 0.442765 0.112454 3.548267
v 0.442765 0.140244 3.466587
v 0.464866 0.127784 3.386017
v 0.442765 0.138124 3.383137
v 0.442765 0.090525 3.304107
v 0.464866 0.082645 3.311377
v 0.442765 0.017170 3.244348
v 0.464866 0.011373 3.253377
v 0.456565 0.105484 3.290328
v 0.456565 0.028155 3.227237
v 0.442765 -0.033073 3.216197
v 0.464866 -0.037411 3.226027
v 0.478666 0.022360 3.236267
v 0.478666 0.097595 3.297597
v 0.456565 -0.024844 3.197557
v 0.478666 0.147384 3.380558
v 0.456565 0.160264 3.470127
v 0.456565 0.157714 3.377687
v 0.456565 0.105484 3.290328
v 0.456565 0.028155 3.227237
v 0.478666 -0.029184 3.207387
v 0.456565 -0.024844 3.197557
v 0.478666 0.149704 3.468257
v 0.456565 0.131014 3.556567
v 0.478666 0.121224 3.552187
v 0.456565 0.093665 3.631207
v 0.478666 0.084135 3.626287
v 0.464866 0.102664 3.543887
v 0.464866 0.066076 3.616947
v 0.442765 0.075605 3.621867
v 0.456565 0.093665 3.631207
v 0.456565 0.131014 3.556567
v 0.456565 0.160264 3.470127
v 0.456565 0.157714 3.377687
v 1.846566 0.162444 1.173697
v 1.838166 0.087155 1.165427
v 1.800766 0.222924 1.166407
v 1.780366 0.041157 1.146447
v 1.707266 0.051402 1.127877
v 1.727566 0.233164 1.147827
v 1.661466 0.111884 1.120587
v 1.669866 0.187174 1.128847
v 0.306166 0.352844 3.129088
v 0.320265 0.339304 3.124248
v 0.306166 0.356164 3.072717
v 0.291766 0.340064 3.123067
v 0.306166 0.338174 3.148427
v 0.291766 0.327004 3.139787
v 0.306166 0.316734 3.160958
v 0.291766 0.309594 3.148767
v 0.306166 0.268914 3.152708
v 0.291766 0.279564 3.143418
v 0.320265 0.326004 3.140768
v 0.320265 0.308304 3.149308
v 0.320265 0.278794 3.142257
v 0.305866 0.314834 3.132118
v 0.305866 0.301164 3.137117
v 0.305866 0.289444 3.132977
v 0.305866 0.179994 3.018008
v 0.320265 0.169344 3.027287
v 0.306166 0.159464 3.037738
v 0.291766 0.170114 3.028447
v 0.305866 0.289444 3.132977
v 0.305866 0.179994 3.018008
v 0.305866 0.301164 3.137117
v 0.305866 0.314834 3.132118
v 0.305866 0.326524 3.118228
v 0.291766 0.343384 3.066698
v 0.291766 0.430984 2.981767
v 0.299366 0.599104 2.931068
v 0.316966 0.586544 2.918218
v 0.294666 0.564794 2.946288
v 0.312366 0.552914 2.932838
v 0.297765 0.561084 2.947937
v 0.311866 0.551644 2.937138
v 0.291766 0.517254 2.967377
v 0.305866 0.508504 2.955968
v 0.305866 0.422234 2.970358
v 0.305866 0.329854 3.061857
v 0.306166 0.438464 2.993747
v 0.306166 0.524734 2.979357
v 0.312165 0.569304 2.959398
v 0.312666 0.575144 2.960558
v 0.317266 0.610174 2.944818
v 0.334866 0.597614 2.931968
v 0.330265 0.563264 2.947108
v 0.326165 0.559854 2.948598
v 0.316966 0.586544 2.918218
v 0.312366 0.552914 2.932838
v 0.311866 0.551644 2.937138
v 0.320265 0.515984 2.967947
v 0.305866 0.508504 2.955968
v 0.320265 0.429714 2.982337
v 0.305866 0.422234 2.970358
v 0.320265 0.342634 3.067868
v 0.305866 0.329854 3.061857
v 0.305866 0.326524 3.118228
v -0.303634 1.444804 1.718907
v -0.303634 1.288134 1.718907
v -0.373335 1.444804 1.718907
v -0.373335 1.215954 1.718907
v -0.373335 1.288134 2.168777
v -0.373335 1.215954 2.235797
v -0.303634 1.288134 2.168777
v -0.373335 1.215954 1.718907
v -0.373335 1.444804 1.718907
v -0.373335 1.444804 2.168777
v -0.303634 1.444804 2.168777
v 0.402764 1.215954 1.718907
v 0.333066 1.288134 1.718907
v 0.402764 1.444804 1.718907
v 0.333066 1.444804 1.718907
v 0.402764 1.215954 2.235797
v 0.402764 1.288134 2.168777
v 0.333066 1.288134 2.168777
v 0.402764 1.215954 1.718907
v 0.402764 1.444804 1.718907
v 0.402764 1.444804 2.168777
v 0.333066 1.444804 2.168777
v 0.052065 0.075945 3.421757
v 0.052065 -0.260124 3.663027
v 0.052065 -0.072409 3.319237
v 0.052065 0.052505 3.365927
v 0.052065 0.172594 2.870517
v 0.052065 0.288464 2.933788
v -0.193934 0.075945 3.421757
v -0.193934 0.052505 3.365927
v -0.193934 0.288464 2.933788
v -0.193934 0.172594 2.870517
v -0.193934 -0.072409 3.319237
v -0.193934 -0.260124 3.663027
v -0.193934 -0.102724 3.748977
v 0.052065 -0.102726 3.748977
v 0.052065 -0.260124 3.663027
v -0.193934 -0.260124 3.663027
v 0.052065 0.172594 2.870517
v -0.193934 0.172594 2.870517
v -0.193934 -0.260124 3.663027
v -0.193934 -0.072409 3.319237
v 0.052065 -0.260124 3.663027
v 0.052065 -0.072409 3.319237
v 0.052065 0.172594 2.870517
v -0.193934 0.172594 2.870517
v -0.373335 1.444804 1.718907
v -0.373335 1.444804 2.168777
v -0.303634 1.444804 1.718907
v -0.303634 1.444804 2.168777
v 0.402764 1.444804 2.168777
v 0.402764 1.444804 1.718907
v 0.333066 1.444804 2.168777
v 0.333066 1.444804 1.718907
v 0.333066 1.288134 2.168777
v -0.303634 1.288134 2.168777
v 0.402764 1.215954 2.235797
v -0.373335 1.215954 2.235797
v -0.142634 0.435234 3.061068
v -0.106234 0.482504 2.998277
v -0.096935 0.535224 2.958218
v -0.096234 0.563634 2.934688
v -0.096134 0.562904 2.930038
v -0.075635 0.576884 2.944638
v -0.095635 0.582994 2.913398
v -0.075135 0.596974 2.927998
v -0.095234 0.612574 2.941427
v -0.115835 0.598594 2.926817
v -0.095635 0.582994 2.913398
v 0.509665 -0.033073 3.210097
v 0.523465 0.028155 3.221137
v 0.523465 -0.024844 3.191458
v 0.509665 0.138124 3.377038
v 0.523465 0.105484 3.284227
v 0.509665 0.090525 3.298007
v 0.509665 0.017170 3.238257
v 0.531766 -0.037411 3.219927
v 0.531766 0.011373 3.247277
v 0.545565 0.022360 3.230167
v 0.531766 0.082645 3.305277
v 0.545565 0.097595 3.291497
v 0.531766 0.127784 3.379917
v 0.531766 0.129684 3.458627
v 0.509665 0.112454 3.542167
v 0.509665 0.140244 3.460497
v 0.545565 0.121224 3.546097
v 0.545565 0.149704 3.462157
v 0.545565 0.147384 3.374468
v 0.523465 0.160264 3.464027
v 0.523465 0.131014 3.550467
v 0.523465 0.093665 3.625107
v 0.545565 0.084135 3.620187
v 0.531766 0.102664 3.537787
v 0.531766 0.066076 3.610847
v 0.509665 0.075605 3.615767
v 0.523465 0.093665 3.625107
v 0.523465 0.131014 3.550467
v 0.523465 0.160264 3.464027
v 0.523465 0.157714 3.371588
v 0.523465 0.028155 3.221137
v 0.545565 -0.029184 3.201288
v 0.523465 -0.024844 3.191458
v 0.523465 0.157714 3.371588
v 0.523465 0.105484 3.284227
v 0.146065 0.352844 3.129088
v 0.160166 0.339304 3.124248
v 0.146065 0.356164 3.072717
v 0.131665 0.340064 3.123067
v 0.146065 0.338174 3.148427
v 0.131665 0.327004 3.139787
v 0.146065 0.316734 3.160958
v 0.131665 0.309594 3.148767
v 0.146065 0.268914 3.152708
v 0.131665 0.279564 3.143418
v 0.160166 0.326004 3.140768
v 0.160166 0.308304 3.149308
v 0.160166 0.278794 3.142257
v 0.145765 0.314834 3.132118
v 0.145765 0.301164 3.137117
v 0.145765 0.289444 3.132977
v 0.145765 0.179994 3.018008
v 0.160166 0.169344 3.027287
v 0.146065 0.159464 3.037738
v 0.131665 0.170114 3.028447
v 0.145765 0.179994 3.018008
v 0.145765 0.289444 3.132977
v 0.145765 0.301164 3.137117
v 0.145765 0.314834 3.132118
v 0.145765 0.326524 3.118228
v 0.131665 0.343384 3.066698
v 0.131665 0.430984 2.981767
v 0.139265 0.599104 2.931068
v 0.156865 0.586544 2.918218
v 0.134565 0.564794 2.946288
v 0.152265 0.552914 2.932838
v 0.137666 0.561084 2.947937
v 0.151765 0.551644 2.937138
v 0.131665 0.517254 2.967377
v 0.145765 0.508504 2.955968
v 0.145765 0.422234 2.970358
v 0.145765 0.329854 3.061857
v 0.146065 0.438464 2.993747
v 0.146065 0.524734 2.979357
v 0.152065 0.569304 2.959398
v 0.152565 0.575144 2.960558
v 0.157165 0.610174 2.944818
v 0.174765 0.597614 2.931968
v 0.170166 0.563264 2.947108
v 0.166065 0.559854 2.948598
v 0.156865 0.586544 2.918218
v 0.152265 0.552914 2.932838
v 0.151765 0.551644 2.937138
v 0.160166 0.515984 2.967947
v 0.145765 0.508504 2.955968
v 0.160166 0.429714 2.982337
v 0.145765 0.422234 2.970358
v 0.160166 0.342634 3.067868
v 0.145765 0.329854 3.061857
v 0.145765 0.326524 3.118228
v 0.066366 0.178924 3.328557
v 0.086165 0.066465 3.338817
v 0.066366 0.063291 3.318667
v 0.086165 0.187404 3.347108
v 0.065765 0.069105 3.358407
v 0.066765 0.223934 3.300308
v 0.065765 0.195224 3.365268
v 0.045965 0.186744 3.346708
v 0.045965 0.065938 3.338257
v 0.066366 0.178924 3.328557
v 0.066366 0.063291 3.318667
v 0.070965 0.373894 3.082298
v 0.088765 0.341924 3.138178
v 0.089965 0.354654 3.073718
v 0.067965 0.326304 3.126848
v 0.088265 0.268894 3.228388
v 0.067365 0.253284 3.217048
v 0.066665 0.246824 3.269458
v 0.087465 0.262434 3.280787
v 0.087465 0.237524 3.314228
v 0.069165 0.288134 3.236958
v 0.048866 0.345544 3.135428
v 0.069765 0.361154 3.146758
v 0.068465 0.281674 3.289357
v 0.068165 0.253974 3.326957
v 0.047465 0.240384 3.313038
v 0.066765 0.223934 3.300308
v 0.047565 0.266064 3.278028
v 0.048365 0.272514 3.225628
v 0.067965 0.326304 3.126848
v 0.050065 0.358274 3.070968
v 0.069165 0.339044 3.062387
v 0.071665 0.412974 3.014787
v 0.051765 0.428354 3.028018
v 0.066665 0.246824 3.269458
v 0.067365 0.253284 3.217048
v 0.073966 0.501584 2.969818
v 0.054064 0.516964 2.983048
v 0.075465 0.533184 2.947778
v 0.055565 0.548564 2.961018
v 0.075665 0.533324 2.940488
v 0.049865 0.553314 2.957688
v 0.078565 0.577464 2.909698
v 0.052667 0.597454 2.926908
v 0.076165 0.571234 2.976408
v 0.078966 0.615374 2.945617
v 0.075765 0.562344 2.975408
v 0.074265 0.530744 2.997448
v 0.072065 0.442134 3.042418
v 0.104865 0.595384 2.928407
v 0.101965 0.551244 2.959198
v 0.095665 0.546974 2.962178
v 0.094165 0.515374 2.984218
v 0.091865 0.426764 3.029178
v 0.078565 0.577464 2.909698
v 0.075665 0.533324 2.940488
v 0.075465 0.533184 2.947778
v 0.073966 0.501584 2.969818
v 0.071665 0.412974 3.014787
v 0.069165 0.339044 3.062387
v 0.174465 0.434624 3.175978
v 0.154365 0.493154 3.253648
v 0.133465 0.486974 3.246198
v 0.174465 0.434624 3.175978
v 0.173365 0.453834 3.163277
v 0.197566 0.426934 3.122228
v 0.133465 0.486974 3.246198
v 0.132265 0.506184 3.233508
v 0.153165 0.512364 3.240947
v 0.194266 0.460014 3.170728
v 0.195366 0.440804 3.183418
v 0.216866 0.434714 3.131588
v 0.197566 0.426934 3.122228
v 0.287166 0.574814 2.946368
v 0.270366 0.558894 2.980638
v 0.286467 0.546414 2.969898
v 0.256866 0.508534 3.017528
v 0.272765 0.491974 3.015498
v 0.232166 0.465374 3.070688
v 0.240966 0.444354 3.074128
v 0.212966 0.454794 3.121778
v 0.271066 0.587294 2.957108
v 0.271165 0.592484 2.958058
v 0.250665 0.578504 2.943458
v 0.254666 0.576114 2.945428
v 0.253867 0.547704 2.968958
v 0.244766 0.499054 3.000308
v 0.215566 0.456254 3.057618
v 0.193666 0.447014 3.112417
v 0.270766 0.562904 2.930038
v 0.270766 0.563634 2.934688
v 0.270066 0.535224 2.958218
v 0.260766 0.482504 2.998277
v 0.224366 0.435234 3.061068
v 0.224366 0.435234 3.061068
v 0.260766 0.482504 2.998277
v 0.270066 0.535224 2.958218
v 0.270766 0.563634 2.934688
v 0.270766 0.562904 2.930038
v 0.291367 0.576884 2.944638
v 0.271367 0.582994 2.913398
v 0.291866 0.596974 2.927998
v 0.271666 0.612574 2.941427
v 0.251166 0.598594 2.926817
v 0.271367 0.582994 2.913398
v 0.244366 0.343554 3.185148
v 0.236367 0.369384 3.245908
v 0.219565 0.352524 3.247977
v 0.220366 0.420244 3.344818
v 0.200066 0.411534 3.354198
v 0.207566 0.433244 3.329318
v 0.222266 0.381654 3.230968
v 0.258466 0.362774 3.182977
v 0.252866 0.345104 3.104428
v 0.205366 0.364784 3.233037
v 0.187366 0.424534 3.338698
v 0.228466 0.353544 3.170298
v 0.242566 0.372764 3.168128
v 0.267765 0.363804 3.104238
v 0.247166 0.368304 3.048218
v 0.234166 0.360014 3.105718
v 0.249166 0.378724 3.105527
v 0.265666 0.381974 3.054798
v 0.255066 0.424564 3.015398
v 0.251666 0.393274 3.070628
v 0.233166 0.379594 3.064048
v 0.252866 0.345104 3.104428
v 0.244366 0.343554 3.185148
v 0.219565 0.352524 3.247977
v 0.200066 0.411534 3.354198
v 0.247166 0.368304 3.048218
v 0.216666 0.459064 2.979728
v 0.202667 0.466934 2.997417
v 0.208466 0.522934 2.951998
v 0.223166 0.419604 3.025598
v 0.235466 0.414824 3.005647
v 0.242765 0.429344 3.035347
v 0.233166 0.475544 2.985437
v 0.191666 0.535894 2.963147
v 0.207066 0.565594 2.937217
v 0.219065 0.483414 3.003128
v 0.225466 0.534554 2.964128
v 0.208766 0.547514 2.975278
v 0.190265 0.578544 2.948378
v 0.206866 0.566594 2.933378
v 0.207366 0.590164 2.960508
v 0.224166 0.577204 2.949348
v 0.207066 0.565594 2.937217
v 0.208466 0.522934 2.951998
v 0.216666 0.459064 2.979728
v 0.235466 0.414824 3.005647
v 0.186467 0.582404 2.946978
v 0.207266 0.596574 2.961777
v 0.227765 0.580764 2.948168
v 0.206866 0.566594 2.933378
v 0.205666 0.606084 2.919688
v 0.226467 0.620264 2.934488
v 0.206066 0.636064 2.948098
v 0.185264 0.621894 2.933298
v 0.205666 0.606084 2.919688
v 1.204665 0.125284 3.393357
v 1.323866 0.113294 3.429127
v 1.321366 0.127974 3.387037
v 1.323766 0.073665 3.408537
v 1.204365 0.085665 3.372777
v 1.321266 0.088355 3.366447
v 1.206565 0.070965 3.414887
v 1.206766 0.110584 3.435467
v 1.060665 0.125204 3.394847
v 1.058166 0.070925 3.416327
v 1.060565 0.085575 3.374267
v 1.060665 0.125204 3.394847
v 1.204665 0.125284 3.393357
v 1.321366 0.127974 3.387037
v 0.889166 0.138214 3.368187
v 0.889666 0.098555 3.347697
v 0.716766 0.165114 3.314088
v 0.877566 0.084595 3.388327
v 0.877166 0.124274 3.408817
v 1.058366 0.110554 3.436907
v 0.716766 0.125524 3.293447
v 0.701467 0.112004 3.333168
v 0.701467 0.151604 3.353797
v 0.889166 0.138214 3.368187
v 0.531966 0.138014 3.284168
v 0.531966 0.177594 3.304818
v 0.325765 0.187764 3.283698
v 0.541766 0.152284 3.243017
v 0.061765 0.188294 3.282478
v 0.061665 0.148704 3.261848
v 0.325866 0.148164 3.263067
v 0.327765 0.162904 3.220988
v 0.327667 0.202504 3.241618
v 0.541766 0.191874 3.263678
v 0.060665 0.203054 3.240347
v 0.060565 0.163454 3.219707
v 0.716766 0.165114 3.314088
v 0.541766 0.191874 3.263678
v 0.327667 0.202504 3.241618
v 0.060665 0.203054 3.240347
v -1.206135 0.242204 3.002848
v -1.206535 0.259294 3.040508
v -1.172334 0.262164 2.999468
v -1.206135 0.242334 2.953138
v -1.172334 0.262454 2.955458
v -1.183534 0.211484 2.950288
v -1.183534 0.211774 3.008687
v -1.180936 0.235924 3.056888
v -1.180035 0.274644 3.081708
v -1.206535 0.293944 3.062588
v -1.179135 0.304504 3.109088
v -1.206535 0.324484 3.091278
v -1.174935 0.279324 3.028058
v -1.149335 0.255954 3.044447
v -1.149736 0.231734 3.005307
v -1.180936 0.235924 3.056888
v -1.183534 0.211774 3.008687
v -1.183534 0.211484 2.950288
v -1.149736 0.231604 2.952587
v -1.180035 0.274644 3.081708
v -1.149335 0.293414 3.066087
v -1.175835 0.312714 3.046968
v -1.176735 0.345954 3.077058
v -1.149335 0.325974 3.094868
v -1.147236 0.343124 3.125498
v -1.177236 0.321124 3.138547
v -1.128436 0.343124 3.156848
v -1.151134 0.321124 3.180368
v -1.108935 0.321124 3.204598
v -1.179135 0.304504 3.109088
v -1.169435 0.372864 3.135158
v -1.145235 0.372864 3.174248
v -1.199335 0.350874 3.148198
v -1.167935 0.350874 3.197767
v -1.177236 0.321124 3.138547
v -1.151134 0.321124 3.180368
v -1.117735 0.350874 3.226598
v -1.105835 0.372864 3.196848
v -1.097135 0.343124 3.174848
v -0.644335 0.350234 3.224658
v -0.651935 0.320794 3.203608
v -0.611335 0.344404 3.206978
v -0.626235 0.368294 3.182977
v -0.649736 0.372454 3.195578
v -0.647334 0.341234 3.169118
v -0.657435 0.343014 3.174527
v -1.108935 0.321124 3.204598
v -0.558035 0.346094 3.118468
v -0.543135 0.322204 3.142467
v -0.538436 0.342634 3.107977
v -0.533035 0.320424 3.137058
v -0.051735 0.342304 3.106997
v -0.051735 0.320314 3.136748
v -0.032935 0.321514 3.144758
v -0.032935 0.282554 3.115957
v 0.155264 0.282554 3.115957
v -0.051735 0.290564 3.114758
v -0.540735 0.290984 3.116008
v -0.564135 0.295144 3.128608
v -0.632435 0.317334 3.193107
v -0.032935 0.350314 3.105798
v -0.051735 0.312554 3.085007
v 0.155264 0.321514 3.144758
v 0.174064 0.320314 3.136748
v 0.174064 0.290564 3.114758
v 0.655366 0.320424 3.137058
v 0.663066 0.290984 3.116008
v 0.686467 0.295144 3.128608
v 0.665466 0.322204 3.142467
v 0.174064 0.342304 3.106997
v 0.660766 0.342634 3.107977
v 0.680366 0.346094 3.118468
v 0.733666 0.344404 3.206978
v 0.748566 0.368294 3.182977
v 0.766565 0.350234 3.224658
v 0.772066 0.372454 3.195578
v 0.769666 0.341234 3.169118
v 1.228166 0.372864 3.196847
v 1.240066 0.350874 3.226597
v 0.668466 0.313204 3.086928
v 0.701367 0.319034 3.104608
v 0.754766 0.317334 3.193107
v 0.686467 0.295144 3.128608
v 1.267566 0.372864 3.174247
v 1.290266 0.350874 3.197767
v 1.250765 0.343124 3.156847
v 1.219466 0.343124 3.174847
v 0.779766 0.343014 3.174527
v 0.774266 0.320794 3.203608
v 1.231266 0.321124 3.204597
v 1.273466 0.321124 3.180367
v 1.299466 0.321124 3.138547
v 1.321666 0.350874 3.148197
v 1.291666 0.372864 3.135157
v 1.269566 0.343124 3.125497
v 1.271666 0.309694 3.080477
v 1.301865 0.289574 3.095397
v 1.271666 0.255954 3.044447
v 1.303265 0.235924 3.056887
v 1.272066 0.231734 3.005307
v 1.305866 0.211774 3.008687
v 1.298666 0.329334 3.062007
v 1.328866 0.309214 3.076927
v 1.297266 0.279324 3.028058
v 1.294665 0.262164 2.999467
v 1.328866 0.259294 3.040508
v 1.328466 0.242204 3.002847
v 1.305866 0.211484 2.950287
v 1.272066 0.231604 2.952587
v 1.294665 0.262454 2.955457
v 1.328466 0.242334 2.953137
v 1.305866 0.211484 2.950287
v 1.305866 0.211774 3.008687
v 1.303265 0.235924 3.056887
v 1.301865 0.289574 3.095397
v 1.299466 0.321124 3.138547
v 1.273466 0.321124 3.180367
v 0.754766 0.317334 3.193107
v 0.774266 0.320794 3.203608
v 1.231266 0.321124 3.204597
v -1.121134 0.104414 3.045748
v -1.135635 0.104414 3.062998
v -1.121134 0.305474 3.045748
v -1.106835 0.288224 3.063308
v -1.097635 0.304604 3.063308
v -1.106835 0.104414 3.063308
v -1.081235 0.313784 3.063308
v -1.095535 0.331024 3.045748
v -1.111935 0.321844 3.045748
v -1.135635 0.323034 3.062998
v -1.121335 0.305784 3.080558
v -1.121335 0.104414 3.080558
v -1.106835 0.288224 3.063308
v -1.106835 0.104414 3.063308
v -1.097635 0.304604 3.063308
v -1.112135 0.322154 3.080558
v -1.126435 0.339404 3.062998
v -1.110135 0.348584 3.062998
v 1.217866 0.331024 3.045747
v -1.095835 0.331334 3.080558
v 1.218166 0.331334 3.080558
v 1.203566 0.313784 3.063308
v -1.081235 0.313784 3.063308
v 1.232365 0.348584 3.062997
v 1.248765 0.339404 3.062997
v 1.234466 0.322154 3.080558
v 1.219966 0.304604 3.063308
v 1.229166 0.288224 3.063308
v 1.243666 0.305784 3.080558
v 1.257965 0.323034 3.062997
v 1.234266 0.321844 3.045747
v 1.203566 0.313784 3.063308
v 1.219966 0.304604 3.063308
v 1.243466 0.305474 3.045747
v 1.257965 0.104414 3.062997
v 1.243666 0.104414 3.080558
v 1.229166 0.104414 3.063308
v 1.243466 0.104414 3.045747
v 1.229166 0.288224 3.063308
v 1.229166 0.104414 3.063308
v -1.370535 0.161904 3.215208
v -1.371635 0.230324 3.211518
v -1.161335 0.155944 3.101938
v 1.263166 0.273284 3.169677
v 1.493966 0.230324 3.211517
v 1.284966 0.236674 3.097587
v 1.283666 0.155944 3.101937
v 1.197766 0.236674 3.074048
v 1.196466 0.155944 3.078398
v -1.075435 0.236674 3.074048
v -1.074135 0.155944 3.078398
v -1.162635 0.236674 3.097587
v -1.140835 0.273284 3.169677
v 1.492866 0.161904 3.215207
v -1.117435 0.208634 3.246718
v -1.053634 0.273284 3.146137
v 1.175966 0.273284 3.146137
v -1.030335 0.208634 3.223178
v -1.045535 0.121544 3.172898
v -1.132735 0.121544 3.196438
v -1.353135 0.261344 3.272618
v -1.333335 0.206564 3.337908
v -1.346235 0.132764 3.295288
v -1.370535 0.161904 3.215208
v -1.161335 0.155944 3.101938
v -1.074135 0.155944 3.078398
v 1.196466 0.155944 3.078398
v 1.167866 0.121544 3.172897
v 1.152566 0.208634 3.223177
v 1.239766 0.208634 3.246717
v 1.255066 0.121544 3.196437
v 1.283666 0.155944 3.101937
v 1.492866 0.161904 3.215207
v 1.468566 0.132764 3.295287
v 1.455666 0.206564 3.337907
v 1.475466 0.227834 3.272617
v 0.174064 0.312554 3.085007
v 0.663066 0.290984 3.116008
v 0.174064 0.290564 3.114758
v 0.155264 0.311354 3.076998
v 0.155264 0.282554 3.115957
v -0.032935 0.282554 3.115957
v -0.032935 0.311354 3.076998
v -0.051735 0.290564 3.114758
v 0.155264 0.350314 3.105798
v -0.632435 0.317334 3.193107
v -0.579035 0.319034 3.104608
v -0.564135 0.295144 3.128608
v -0.540735 0.290984 3.116008
v -0.546134 0.313204 3.086928
v -0.651935 0.320794 3.203608
v 0.307266 0.075945 3.421757
v 0.307266 -0.260124 3.663027
v 0.307266 -0.072409 3.319237
v 0.307266 0.052505 3.365927
v 0.307266 0.172594 2.870517
v 0.307266 0.288464 2.933788
v 0.061165 0.075945 3.421757
v 0.061165 0.052505 3.365927
v 0.061165 0.288464 2.933788
v 0.061165 0.172594 2.870517
v 0.061165 -0.072409 3.319237
v 0.061165 -0.260124 3.663027
v 0.061165 -0.102724 3.748977
v 0.307266 -0.102726 3.748977
v 0.307266 -0.260124 3.663027
v 0.061165 -0.260124 3.663027
v 0.307266 0.172594 2.870517
v 0.061165 0.172594 2.870517
v 0.061165 -0.260124 3.663027
v 0.061165 -0.072409 3.319237
v 0.307266 -0.260124 3.663027
v 0.307266 -0.072409 3.319237
v 0.307266 0.172594 2.870517
v 0.061165 0.172594 2.870517
v -0.364435 0.532544 2.882627
v -0.364635 0.287834 3.045548
v 0.486766 0.532544 2.882627
v 0.487667 0.285754 3.051778
v 0.671066 0.188304 3.160158
v -0.548335 0.181044 3.156997
v -0.734535 0.270344 3.001958
v -1.452335 0.149054 3.151148
v -1.454535 0.101914 3.001868
v -1.452335 -0.098271 3.107238
v -1.452335 -0.098063 2.833938
v -1.454535 0.101914 2.834378
v -0.734535 0.285094 2.834468
v -0.364635 0.275144 2.834028
v 0.854466 -0.063829 3.594097
v 1.574666 0.149054 3.151147
v 1.473866 -0.180064 3.594097
v -0.732236 -0.063829 3.594097
v -1.351535 -0.180064 3.594097
v 0.859166 0.274664 3.007747
v 1.578466 0.108314 3.001427
v 1.574666 -0.098271 3.107237
v 1.574666 -0.098063 2.833937
v 1.578466 0.108314 2.833937
v 0.858266 0.274894 2.833937
v 0.486766 0.258554 2.833938
v 1.574666 -0.098271 3.107237
v -1.452335 -0.098271 3.107238
v 1.574666 -0.098063 2.833937
v -1.452335 -0.098063 2.833938
v 1.554466 0.074275 2.895817
v 1.539066 1.085895 1.522027
v 1.554466 0.480284 2.895817
v 1.289865 0.772974 3.141937
v 1.078166 1.698214 2.253827
v 1.080066 0.853414 3.209377
v 1.291966 1.646624 2.140467
v 1.467566 0.646045 3.035347
v 1.449366 1.568934 1.969737
v 1.535366 1.471834 1.756367
v 1.519866 1.373044 1.539287
v 0.426165 0.226114 2.895848
v 0.426165 0.480324 2.895848
v 0.426165 1.094174 1.510657
v 0.426165 1.370324 1.533307
v 0.426165 1.691634 2.201267
v 0.426165 0.822834 3.183327
v 0.583666 1.691634 2.201267
v 0.583666 0.822834 3.183317
v 0.833866 1.716204 2.293377
v 0.829766 0.884044 3.235157
v 1.467566 0.646045 3.035347
v 0.833866 0.480324 2.895847
v 1.554466 0.480284 2.895817
v 1.289865 0.772974 3.141937
v 1.080066 0.853414 3.209377
v 0.829766 0.884044 3.235157
v 0.583666 0.822834 3.183317
v 0.426165 0.480324 2.895848
v 0.426165 0.822834 3.183327
v 1.554466 0.409034 2.956687
v 1.554466 0.074275 2.895817
v 0.833866 0.409074 2.956717
v 0.833866 0.226114 2.956717
v 0.426165 0.409074 2.956718
v 0.426165 0.226114 2.956718
v 0.426165 0.226114 2.895848
v 1.554466 0.074275 2.956687
v 1.554466 0.074275 2.895817
v 0.833866 0.226114 2.895847
v 0.426165 0.226114 2.895848
v 0.583666 1.691634 2.201267
v 0.426165 1.370324 1.533307
v 0.426165 1.691634 2.201267
v 1.000265 1.370334 1.533317
v 0.833866 1.716204 2.293377
v 1.078166 1.698214 2.253827
v 1.291966 1.646624 2.140467
v 1.449366 1.568934 1.969737
v 1.535366 1.471834 1.756367
v 1.519866 1.373044 1.539287
v 0.997666 1.094184 1.510687
v 1.539066 1.085895 1.522027
v 0.426165 1.094174 1.510657
v 1.832166 -0.383602 2.544207
v 1.832166 -0.703689 2.544207
v 1.791966 -0.703689 2.496937
v 1.787466 -0.267963 2.755927
v 1.789166 -0.412564 2.749117
v 1.778466 -0.551514 2.792627
v 1.752866 -0.657854 2.896417
v 1.747766 -0.703689 2.916957
v 1.071466 -0.703689 2.544207
v 1.071466 -0.703689 2.048777
v 1.071466 -0.703689 2.916957
v 1.916766 -0.703689 2.061877
v 1.791966 -0.041718 2.496937
v 1.832166 -0.078802 2.544207
v 1.777166 -0.159760 2.797897
v 1.721266 0.013821 2.527207
v 1.654166 -0.088280 2.843357
v 1.679366 0.074285 2.510207
v 1.612666 -0.032061 2.886807
v 1.805866 0.168194 2.044867
v 1.730266 0.173344 1.986757
v 1.763966 0.219914 2.027867
v 1.841166 0.115484 2.003757
v 1.916766 0.074525 2.061877
v 1.841166 -0.703689 2.003757
v 1.681066 0.014637 2.479937
v 1.639166 0.059027 2.462937
v 1.702266 0.152924 2.407287
v 1.662066 0.138274 2.360027
v 1.779066 0.225974 2.304387
v 1.694666 0.003086 2.916957
v 1.754566 0.104504 2.916957
v 1.838966 0.342274 2.304387
v 1.772966 0.372844 2.576848
v 1.728266 0.233584 2.910117
v 1.818166 0.505574 2.304387
v 1.701066 0.529314 2.577677
v 1.748066 0.668875 2.304387
v 1.798766 0.361584 2.257107
v 1.738866 0.211924 2.257107
v 1.786866 0.311004 1.924957
v 1.688366 0.209474 1.969757
v 1.863666 0.390554 1.822047
v 1.711266 0.301304 1.866847
v 1.788066 0.400744 1.763927
v 1.879665 0.334564 1.362387
v 1.835266 0.396934 1.347477
v 1.856566 0.459194 1.357037
v 1.917466 0.520024 1.381727
v 1.847866 0.563004 1.763927
v 1.923466 0.539264 1.822047
v 1.777966 0.527294 2.257107
v 1.965566 0.674594 1.398607
v 1.827165 0.753924 1.763927
v 1.947966 0.875434 1.392437
v 1.902766 0.727224 1.822047
v 1.707866 0.693005 2.257107
v 1.832666 0.915174 1.822047
v 1.757066 0.944845 1.763927
v 1.888866 1.087785 1.371707
v 1.638766 1.116734 1.763927
v 1.793066 1.298924 1.337977
v 1.714366 1.086834 1.821897
v 1.589966 0.852634 2.257107
v 1.630266 0.826115 2.304387
v 1.590866 0.672445 2.577387
v 0.685265 0.432894 1.763927
v 0.685265 1.123084 1.763927
v 1.178366 0.626934 1.144517
v 1.181466 1.406374 1.145417
v 0.685265 -0.703689 2.003757
v 0.685265 0.159904 2.001217
v 1.191066 -0.688050 1.152087
v 1.191766 0.351824 1.154417
v 0.685265 0.216634 1.986757
v 0.685265 0.272984 1.969757
v 0.685265 0.352934 1.866847
v 1.178366 0.626934 1.144517
v 0.685265 0.432894 1.763927
v 0.685265 1.123084 1.763927
v 0.685265 0.432894 1.763927
v 1.071466 1.100425 1.808957
v 1.071466 0.415654 1.808957
v 1.071466 0.674974 2.584218
v 1.071466 0.832164 2.304387
v 1.071466 0.376984 2.584218
v 1.071466 1.100425 1.808957
v 1.071466 0.415654 1.808957
v 1.071466 0.069315 2.472067
v 1.071466 0.127904 2.573917
v 1.071466 0.233494 2.910117
v 1.071466 0.104504 2.916957
v 1.071466 0.003086 2.916957
v 1.071466 -0.078574 2.843357
v 1.071466 -0.153432 2.798087
v 1.071466 -0.315418 2.507977
v 1.071466 -0.703689 2.048777
v 1.071466 -0.703689 2.544207
v 1.071466 0.143824 2.046247
v 1.071466 0.200544 2.031777
v 1.071466 0.256894 2.014777
v 1.071466 0.336274 1.911867
v 1.071466 -0.269357 2.755927
v 1.071466 -0.416784 2.749117
v 1.071466 -0.553593 2.792627
v 1.071466 -0.658640 2.896417
v 1.071466 -0.703689 2.916957
v 1.181466 1.406374 1.145417
v 1.638766 1.116734 1.763927
v 1.793066 1.298924 1.337977
v 0.685265 1.123084 1.763927
v 1.071466 1.100425 1.808957
v 1.714366 1.086834 1.821897
v 1.589966 0.852634 2.257107
v 1.071466 0.832164 2.304387
v 1.630266 0.826115 2.304387
v 1.590866 0.672445 2.577387
v 1.071466 0.674974 2.584218
v 1.778466 -0.551514 2.792627
v 1.071466 -0.553593 2.792627
v 1.752866 -0.657854 2.896417
v 1.071466 -0.658640 2.896417
v 1.747766 -0.703689 2.916957
v 1.071466 -0.703689 2.916957
v 1.071466 -0.078574 2.843357
v 1.612666 -0.032061 2.886807
v 1.071466 0.003086 2.916957
v 1.654166 -0.088280 2.843357
v 1.071466 -0.153432 2.798087
v 1.777166 -0.159760 2.797897
v 1.071466 -0.269357 2.755927
v 1.787466 -0.267963 2.755927
v 1.071466 -0.416784 2.749117
v 1.789166 -0.412564 2.749117
v 1.071466 0.376984 2.584218
v 1.590866 0.672445 2.577387
v 1.071466 0.674974 2.584218
v 1.701066 0.529314 2.577677
v 1.772966 0.372844 2.576848
v 1.728266 0.233584 2.910117
v 1.071466 0.233494 2.910117
v 1.071466 0.104504 2.916957
v 1.754566 0.104504 2.916957
v 1.694666 0.003086 2.916957
v 1.975366 0.247134 1.394627
v 1.972366 -0.688050 1.396177
v 1.191066 -0.688050 1.152087
v 1.879665 0.334564 1.362387
v 1.191766 0.351824 1.154417
v 1.835266 0.396934 1.347477
v 1.856566 0.459194 1.357037
v 1.178366 0.626934 1.144517
v 1.917466 0.520024 1.381727
v 1.965566 0.674594 1.398607
v 1.947966 0.875434 1.392437
v 1.888866 1.087785 1.371707
v 1.181466 1.406374 1.145417
v 1.793066 1.298924 1.337977
v 0.685265 0.432894 1.763927
v 0.685265 0.352934 1.866847
v 1.071466 0.415654 1.808957
v 1.071466 0.336274 1.911867
v 0.685265 0.272984 1.969757
v 1.071466 0.256894 2.014777
v 0.685265 0.216634 1.986757
v 1.071466 0.200544 2.031777
v 0.685265 0.159904 2.001217
v 1.071466 0.143824 2.046247
v 0.685265 -0.703689 2.003757
v 1.071466 -0.703689 2.048777
v -1.895855 -0.497122 0.802217
v -1.849735 -0.699603 0.651057
v -1.789735 -0.497125 0.845117
v -1.933265 -0.699603 0.605857
v -2.061805 -0.497117 0.716727
v -2.056805 -0.699596 0.502467
v -2.081135 -0.497117 0.594367
v -2.069795 -0.699596 0.382447
v -2.060865 -0.234681 0.661207
v -2.060865 -0.234681 0.828357
v -1.888355 -0.237296 0.890677
v -1.763735 -0.239366 0.927077
v -1.728535 -0.497123 0.850657
v -1.789635 -0.699603 0.661597
v -1.789635 -0.699603 0.489217
v -2.067225 -0.075707 0.665517
v -1.193435 -0.699603 0.489217
v -1.193435 -0.699603 0.661597
v -1.496235 -0.699857 1.423017
v -1.496235 -0.497379 1.423017
v -1.702435 -0.238984 0.918817
v -1.763735 -0.080380 0.929787
v -1.891955 -0.078105 0.894537
v -1.193435 -0.699857 1.423017
v -1.893515 0.187044 0.861437
v -2.067225 0.083285 0.836097
v -1.892165 0.080885 0.880507
v -2.067225 -0.075707 0.860457
v -1.764535 0.078615 0.921447
v -1.702435 -0.079998 0.921527
v -1.496235 -0.267195 1.425727
v -1.496235 -0.426183 1.423017
v -1.702435 0.078995 0.916428
v -1.779935 0.185794 0.907167
v -1.702435 0.186204 0.913297
v -1.496235 -0.000989 1.417497
v -1.496235 -0.108205 1.420637
v -1.496235 0.106224 1.395727
v -1.702435 0.293424 0.891527
v -1.498135 0.176684 1.376487
v -1.666135 0.593024 0.729417
v -1.722835 0.504934 0.796987
v -1.624435 0.507694 0.790507
v -1.516635 0.317734 1.301187
v -1.710335 0.428504 0.845527
v -1.504035 0.241304 1.349727
v -1.704335 0.363884 0.872277
v -1.795335 0.292984 0.878387
v -1.775935 0.553224 0.726517
v -1.784135 0.476324 0.792807
v -1.790635 0.414604 0.836877
v -1.800535 0.365414 0.861357
v -1.899015 0.289514 0.823047
v -2.067225 0.181864 0.817607
v -1.902575 0.381394 0.791837
v -1.800535 0.369264 0.783237
v -1.794535 0.396134 0.767567
v -1.788635 0.449534 0.732587
v -1.781535 0.501414 0.692917
v -1.771035 0.570814 0.622157
v -1.770235 0.623544 0.656717
v -1.714135 0.647554 0.657127
v -1.754335 0.708344 0.569097
v -1.717635 0.574344 0.728057
v -1.835835 0.675254 0.572007
v -1.835035 0.745544 0.476417
v -1.753735 0.765084 0.472787
v -1.686435 0.735924 0.566667
v -1.672935 0.665134 0.657427
v -1.829135 0.640114 0.549227
v -1.834335 0.696464 0.463587
v -1.834235 0.798344 0.198287
v -1.835035 0.826674 0.210103
v -1.753735 0.860034 0.206478
v -1.690835 0.790864 0.469987
v -1.668235 0.895094 0.202670
v -2.068115 0.390974 0.551237
v -2.067225 0.282774 0.602447
v -2.068115 0.390974 0.735927
v -2.068115 0.394824 0.707637
v -1.902575 0.385244 0.680227
v -2.068115 0.394824 0.522947
v -2.067225 0.282774 0.787137
v -2.067225 0.181864 0.632917
v -2.067225 0.083285 0.651407
v 0.931166 -0.577180 3.133247
v 1.585966 -0.577180 3.133247
v 0.931166 -0.602456 3.058207
v 1.585966 -0.505028 3.208947
v 0.931166 -0.505028 3.208947
v 1.585966 -0.454918 3.230837
v 0.931166 -0.454918 3.230837
v 0.931166 -0.430788 3.234607
v 1.598366 -0.430788 3.234607
v 1.645866 -0.435626 3.265617
v 1.696566 -0.458461 3.255887
v 1.696566 -0.518059 3.230317
v 1.696566 -0.599153 3.145247
v 1.585966 -0.602456 3.058207
v 1.696566 -0.627561 3.060907
v 1.696566 -0.617707 2.972457
v 1.585966 -0.593685 2.979517
v 1.585966 -0.571321 2.929617
v 1.696566 -0.590793 2.913457
v 1.645866 -0.580432 2.890907
v 1.598366 -0.555996 2.910597
v 0.931166 -0.555996 2.910597
v 0.931166 -0.571321 2.929617
v 0.931166 -0.593685 2.979517
v 1.143666 -0.739665 0.619287
v 1.446466 -0.716392 1.380697
v 1.143666 -0.739919 1.380697
v 1.143666 -0.739665 0.446897
v 1.739866 -0.716138 0.446897
v 1.739866 -0.716138 0.619287
v 1.678766 -0.513658 0.808337
v 1.446466 -0.513914 1.380697
v 1.652766 -0.255519 0.876497
v 1.446466 -0.442718 1.380697
v 1.446466 -0.283730 1.383407
v 1.652766 -0.096533 0.879207
v 1.446466 -0.124740 1.378317
v 1.713966 -0.096915 0.887477
v 1.714766 0.062076 0.879137
v 1.713966 -0.255901 0.884757
v 1.740066 -0.513660 0.802807
v 1.838566 -0.253831 0.848357
v 1.842166 -0.094640 0.852227
v 1.842366 0.064352 0.838197
v 1.730166 0.169264 0.864857
v 1.843766 0.170504 0.819117
v 1.745566 0.276444 0.836077
v 2.012065 -0.513652 0.674407
v 1.883566 -0.716138 0.563537
v 2.007066 -0.716131 0.460147
v 1.846066 -0.513657 0.759907
v 1.799966 -0.716138 0.608737
v 2.011166 -0.251216 0.786037
v 2.017466 -0.092242 0.818137
v 2.031366 -0.513652 0.552047
v 2.020066 -0.716131 0.340132
v 2.011166 -0.251216 0.618897
v 2.017466 -0.092242 0.623207
v 2.017466 0.066745 0.793777
v 2.003766 0.165334 0.775297
v 2.017466 0.066745 0.609087
v 2.017466 0.165334 0.590607
v 2.007966 0.266244 0.744817
v 1.849266 0.272984 0.780727
v 1.852866 0.364864 0.749517
v 1.769466 0.348884 0.819047
v 1.769466 0.352724 0.724947
v 1.759466 0.398074 0.794557
v 1.763366 0.379594 0.725247
v 1.852866 0.368704 0.621347
v 2.008866 0.374444 0.693607
v 2.017466 0.266244 0.560127
v 2.018366 0.374444 0.508917
v 2.018366 0.378284 0.665327
v 2.018366 0.378284 0.480637
v 1.654566 0.347354 0.829957
v 1.660566 0.411974 0.803207
v 1.753066 0.459784 0.750487
v 1.673066 0.488394 0.754667
v 1.744866 0.536684 0.684197
v 1.667966 0.557814 0.685737
v 1.652766 0.062458 0.874117
v 1.652766 0.169674 0.870977
v 1.652766 0.276884 0.849207
v 1.448366 0.160154 1.334167
v 1.454366 0.224774 1.307417
v 1.466866 0.301204 1.258877
v 1.446466 0.089685 1.353407
v 1.446466 -0.017524 1.375187
v 1.616366 0.576494 0.687097
v 1.664366 0.631025 0.614817
v 1.623266 0.648604 0.615117
v 1.574666 0.491164 0.748197
v 1.386066 0.303744 1.252897
v 1.550766 0.491834 0.746617
v 1.335566 0.305344 1.249157
v 1.742666 0.607014 0.614407
v 1.704566 0.691814 0.526777
v 1.636666 0.719384 0.524347
v 1.703966 0.748555 0.430477
v 1.641066 0.774324 0.427667
v 1.703966 0.817975 0.213076
v 1.618466 0.853035 0.209267
v 1.803966 0.715195 0.434097
v 1.804766 0.658725 0.529687
v 1.796766 0.660204 0.421277
v 1.803166 0.756285 0.204885
v 1.803966 0.784615 0.216700
v 1.757566 0.433004 0.676547
v 1.750366 0.484874 0.605257
v 1.743466 0.554274 0.548217
v 1.791566 0.603855 0.506907
v -1.850935 -0.699603 0.489907
v -1.913655 -0.699603 0.469747
v -2.056805 -0.699596 0.383327
v -2.069795 -0.699596 0.382447
v -1.435835 0.320284 1.295217
v -1.600435 0.508374 0.788937
v -1.385235 0.321874 1.291477
v 1.641166 -0.673061 3.185587
v 0.931066 -0.561893 3.302207
v 0.931066 -0.673061 3.185587
v 1.641166 -0.712003 3.069977
v 0.931066 -0.712003 3.069977
v 1.641166 -0.698494 2.948727
v 0.931066 -0.698494 2.948727
v 1.641166 -0.658069 2.862057
v 0.931166 -0.602456 3.058207
v 0.931166 -0.577180 3.133247
v 0.931166 -0.505028 3.208947
v 0.931166 -0.454918 3.230837
v 0.931066 -0.473691 3.339177
v 0.931166 -0.440296 3.295527
v 0.931166 -0.430788 3.234607
v 0.931066 -0.658069 2.862057
v 0.931166 -0.571321 2.929617
v 0.931166 -0.593685 2.979517
v 1.698966 -0.607748 3.149937
v 1.696566 -0.627561 3.060907
v 1.696566 -0.599153 3.145247
v 1.698966 -0.637382 3.061957
v 1.698966 -0.627103 2.969697
v 1.698966 -0.598479 2.907257
v 1.645866 -0.588823 2.884137
v 1.627766 -0.606812 2.869637
v 0.931066 -0.604000 2.871897
v 0.931166 -0.555996 2.910597
v 1.645866 -0.580432 2.890907
v 1.696566 -0.590793 2.913457
v 1.696566 -0.617707 2.972457
v 1.641166 -0.561893 3.302207
v 1.698966 -0.523156 3.238677
v 1.698966 -0.459988 3.265647
v 1.641166 -0.473691 3.339177
v 1.627766 -0.440852 3.299097
v 1.645866 -0.437294 3.276267
v 1.645866 -0.435626 3.265617
v 1.696566 -0.458461 3.255887
v 1.696566 -0.518059 3.230317
v 0.931166 -0.198482 2.989727
v 0.931166 -0.148378 2.946287
v 0.931166 -0.206557 2.966677
v 1.641166 -0.332052 3.337687
v 0.931066 -0.332052 3.337687
v 1.641166 -0.427541 3.343007
v 0.931066 -0.218804 3.292317
v 0.931166 -0.280928 3.201327
v 0.931066 -0.135304 3.203367
v 0.931166 -0.226731 3.143587
v 0.931066 -0.085038 3.050297
v 0.931166 -0.194104 3.044237
v 0.931066 -0.094125 2.955097
v 1.641166 -0.135304 3.203367
v 1.641166 -0.218804 3.292317
v 1.698966 -0.261122 3.230337
v 1.698966 -0.197583 3.162647
v 1.641166 -0.085038 3.050297
v 1.698966 -0.159333 3.046167
v 1.698966 -0.165405 2.977757
v 1.641166 -0.094125 2.955097
v 1.627766 -0.144969 2.945087
v 1.645866 -0.166768 2.952737
v 1.645866 -0.176939 2.956297
v 1.696566 -0.174727 2.981017
v 1.696566 -0.169111 3.045627
v 1.696566 -0.205780 3.157297
v 1.696566 -0.266689 3.222177
v 1.698966 -0.347293 3.264857
v 1.698966 -0.415848 3.269127
v 1.645866 -0.440790 3.271547
v 1.627766 -0.445072 3.294247
v 0.931066 -0.427541 3.343007
v 0.931066 -0.444403 3.290697
v 0.931166 -0.408976 3.234637
v 0.931166 -0.432978 3.230107
v 1.645866 -0.438792 3.260957
v 1.696566 -0.414019 3.259427
v 1.696566 -0.349299 3.255277
v 0.931166 -0.354430 3.230767
v 0.931166 -0.226731 3.143587
v 1.585966 -0.226731 3.143587
v 0.931166 -0.280928 3.201327
v 1.585966 -0.194104 3.044237
v 0.931166 -0.194104 3.044237
v 1.585966 -0.198482 2.989727
v 0.931166 -0.198482 2.989727
v 0.931166 -0.206557 2.966677
v 1.598366 -0.206557 2.966677
v 1.645866 -0.176939 2.956297
v 1.696566 -0.174727 2.981017
v 1.696566 -0.169111 3.045627
v 1.696566 -0.205780 3.157297
v 1.585966 -0.280927 3.201327
v 1.696566 -0.266689 3.222177
v 1.696566 -0.349299 3.255277
v 1.585966 -0.354430 3.230767
v 1.585966 -0.408976 3.234637
v 1.696566 -0.414019 3.259427
v 1.645866 -0.438792 3.260957
v 1.598366 -0.432978 3.230107
v 0.931166 -0.432978 3.230107
v 0.931166 -0.408976 3.234637
v 0.931166 -0.354430 3.230767
v 1.581166 -0.332661 2.891127
v 1.629066 -0.323811 2.905637
v 1.581166 -0.555458 3.113917
v 1.629066 -0.302841 2.898737
v 1.581166 -0.300850 2.880607
v 1.629066 -0.304072 2.909927
v 1.629066 -0.318346 2.914597
v 1.629066 -0.271270 2.942727
v 1.629066 -0.275936 2.957007
v 1.629066 -0.266981 2.962467
v 1.629066 -0.484116 3.179607
v 1.581166 -0.475267 3.194117
v 1.629066 -0.505085 3.186497
v 1.581166 -0.252467 2.971317
v 1.629066 -0.260084 2.941497
v 1.629066 -0.275269 2.925877
v 1.629066 -0.287221 2.913927
v 1.629066 -0.279491 2.904097
v 1.581166 -0.266966 2.888157
v 1.629066 -0.265437 2.918147
v 1.581166 -0.241951 2.939507
v 1.581166 -0.249504 2.905627
v 1.629066 -0.540948 3.122777
v 1.629066 -0.531988 3.128237
v 1.629066 -0.489578 3.170647
v 1.629066 -0.503855 3.175317
v 1.629066 -0.520705 3.171317
v 1.629066 -0.528434 3.181147
v 1.629066 -0.542490 3.167097
v 1.629066 -0.532656 3.159367
v 1.629066 -0.547845 3.143737
v 1.629066 -0.536655 3.142507
v 1.581166 -0.507075 3.204637
v 1.581166 -0.540961 3.197077
v 1.581166 -0.558424 3.179617
v 1.581166 -0.565976 3.145737
v 0.931166 -0.541927 2.894997
v 0.931166 -0.604858 2.874077
v 0.931166 -0.557631 2.913707
v 1.641166 -0.174517 2.832337
v 0.931066 -0.174517 2.832337
v 1.641166 -0.121222 2.911747
v 0.931066 -0.271324 2.758087
v 0.931166 -0.317885 2.857947
v 0.931066 -0.390422 2.731657
v 0.931166 -0.395187 2.840787
v 0.931066 -0.547721 2.766527
v 0.931166 -0.497281 2.863427
v 0.931066 -0.624964 2.822927
v 1.641166 -0.390422 2.731657
v 1.641166 -0.271324 2.758087
v 1.698966 -0.303040 2.826107
v 1.698966 -0.393668 2.805997
v 1.641166 -0.547721 2.766527
v 1.698966 -0.513363 2.832537
v 1.698966 -0.569104 2.872667
v 1.641166 -0.624964 2.822927
v 1.627766 -0.607626 2.871757
v 1.645866 -0.589928 2.886597
v 1.645866 -0.581675 2.893527
v 1.696566 -0.561541 2.879017
v 1.696566 -0.508841 2.841217
v 1.696566 -0.394095 2.815777
v 1.696566 -0.307216 2.835067
v 1.698966 -0.229378 2.882607
v 1.698966 -0.190726 2.939387
v 1.645866 -0.175924 2.959607
v 1.627766 -0.154211 2.951707
v 0.931066 -0.121222 2.911747
v 0.931066 -0.157604 2.952937
v 0.931166 -0.223901 2.951077
v 0.931166 -0.215543 2.974027
v 1.645866 -0.186053 2.963287
v 1.696566 -0.200004 2.942767
v 1.696566 -0.236597 2.889217
v 0.931166 -0.255055 2.906137
v 0.931166 -0.395187 2.840787
v 1.585966 -0.395187 2.840787
v 0.931166 -0.317885 2.857947
v 1.585966 -0.497281 2.863427
v 0.931166 -0.497281 2.863427
v 1.585966 -0.541927 2.894997
v 0.931166 -0.541927 2.894997
v 0.931166 -0.557631 2.913707
v 1.598366 -0.557631 2.913707
v 1.645866 -0.581675 2.893527
v 1.696566 -0.561541 2.879017
v 1.696566 -0.508841 2.841217
v 1.696566 -0.394095 2.815777
v 1.585966 -0.317885 2.857947
v 1.696566 -0.307216 2.835067
v 1.696566 -0.236597 2.889217
v 1.585966 -0.255055 2.906137
v 1.585966 -0.223901 2.951077
v 1.696566 -0.200004 2.942767
v 1.645866 -0.186053 2.963287
v 1.598366 -0.215543 2.974027
v 0.931166 -0.215543 2.974027
v 0.931166 -0.223901 2.951077
v 0.931166 -0.255055 2.906137
v -0.934235 -0.430788 3.234607
v -0.934235 -0.440296 3.295527
v -0.934235 -0.454918 3.230837
v -1.644235 -0.698494 2.948728
v -1.644235 -0.658069 2.862058
v -0.934235 -0.698494 2.948727
v -0.934235 -0.712003 3.069977
v -0.934235 -0.602456 3.058207
v -0.934235 -0.673061 3.185587
v -0.934235 -0.577180 3.133247
v -0.934235 -0.561893 3.302207
v -0.934235 -0.505028 3.208947
v -0.934235 -0.473691 3.339177
v -1.644235 -0.673061 3.185588
v -1.644235 -0.712003 3.069978
v -1.702135 -0.637382 3.061958
v -1.702135 -0.607748 3.149938
v -1.644235 -0.561893 3.302207
v -1.702135 -0.523156 3.238678
v -1.702135 -0.459988 3.265647
v -1.644235 -0.473691 3.339178
v -1.630935 -0.440852 3.299098
v -1.648935 -0.437294 3.276268
v -1.649035 -0.435626 3.265618
v -1.699735 -0.458461 3.255888
v -1.699735 -0.518059 3.230318
v -1.699735 -0.599153 3.145248
v -1.699735 -0.627561 3.060907
v -1.702135 -0.627103 2.969697
v -1.702135 -0.598479 2.907258
v -1.648935 -0.588823 2.884137
v -1.630935 -0.606812 2.869638
v -0.934235 -0.658069 2.862057
v -0.934235 -0.604000 2.871897
v -0.934235 -0.571321 2.929617
v -0.934235 -0.555996 2.910598
v -1.649035 -0.580432 2.890908
v -1.699735 -0.590793 2.913458
v -1.699735 -0.617707 2.972457
v -0.934235 -0.593685 2.979517
v -1.589035 -0.577180 3.133248
v -0.934235 -0.602456 3.058207
v -1.589035 -0.602456 3.058208
v -0.934235 -0.577180 3.133247
v -1.589035 -0.505028 3.208948
v -0.934235 -0.505028 3.208947
v -1.589035 -0.454918 3.230838
v -0.934235 -0.454918 3.230837
v -0.934235 -0.430788 3.234607
v -1.601535 -0.430788 3.234608
v -1.649035 -0.435626 3.265618
v -1.699735 -0.458461 3.255888
v -1.699735 -0.518059 3.230318
v -1.699735 -0.599153 3.145248
v -1.699735 -0.627561 3.060907
v -1.699735 -0.617707 2.972457
v -1.589035 -0.593685 2.979518
v -1.589035 -0.571321 2.929617
v -1.699735 -0.590793 2.913458
v -1.649035 -0.580432 2.890908
v -1.601535 -0.555996 2.910598
v -0.934235 -0.555996 2.910598
v -0.934235 -0.571321 2.929617
v -0.934235 -0.593685 2.979517
v -0.934235 -0.206557 2.966677
v -0.934235 -0.148378 2.946287
v -0.934235 -0.198482 2.989727
v -1.644235 -0.332052 3.337687
v -1.644235 -0.427541 3.343008
v -0.934235 -0.332052 3.337687
v -0.934235 -0.218804 3.292317
v -0.934235 -0.280928 3.201328
v -0.934235 -0.135304 3.203367
v -0.934235 -0.226731 3.143587
v -0.934235 -0.085038 3.050297
v -0.934235 -0.194104 3.044237
v -0.934235 -0.094125 2.955097
v -1.644235 -0.135304 3.203367
v -1.644235 -0.218804 3.292318
v -1.702135 -0.261122 3.230338
v -1.702135 -0.197583 3.162647
v -1.644235 -0.085038 3.050298
v -1.702135 -0.159333 3.046167
v -1.702135 -0.165405 2.977757
v -1.644235 -0.094125 2.955097
v -1.630935 -0.144969 2.945087
v -1.648935 -0.166768 2.952738
v -1.649035 -0.176939 2.956297
v -1.699735 -0.174727 2.981018
v -1.699735 -0.169111 3.045628
v -1.699735 -0.205780 3.157298
v -1.699735 -0.266689 3.222178
v -1.702135 -0.347293 3.264858
v -1.702135 -0.415848 3.269128
v -1.648935 -0.440790 3.271548
v -1.630935 -0.445072 3.294248
v -0.934235 -0.427541 3.343007
v -0.934235 -0.444403 3.290697
v -0.934235 -0.408976 3.234637
v -0.934235 -0.432978 3.230107
v -1.649035 -0.438792 3.260957
v -1.699735 -0.414019 3.259428
v -1.699735 -0.349299 3.255278
v -0.934235 -0.354430 3.230767
v -1.589035 -0.226731 3.143588
v -0.934235 -0.280928 3.201328
v -1.589035 -0.280927 3.201328
v -0.934235 -0.226731 3.143587
v -1.589035 -0.194104 3.044238
v -0.934235 -0.194104 3.044237
v -1.589035 -0.198482 2.989728
v -0.934235 -0.198482 2.989727
v -0.934235 -0.206557 2.966677
v -1.601535 -0.206557 2.966678
v -1.649035 -0.176939 2.956297
v -1.699735 -0.174727 2.981018
v -1.699735 -0.169111 3.045628
v -1.699735 -0.205780 3.157298
v -1.699735 -0.266689 3.222178
v -1.699735 -0.349299 3.255278
v -1.589035 -0.354430 3.230768
v -1.589035 -0.408976 3.234638
v -1.699735 -0.414019 3.259428
v -1.649035 -0.438792 3.260957
v -1.601535 -0.432978 3.230108
v -0.934235 -0.432978 3.230107
v -0.934235 -0.408976 3.234637
v -0.934235 -0.354430 3.230767
v -1.584235 -0.558424 3.179617
v -1.632135 -0.542490 3.167098
v -1.584235 -0.565976 3.145737
v -1.632135 -0.547845 3.143738
v -1.632135 -0.532656 3.159368
v -1.584235 -0.555458 3.113918
v -1.584235 -0.332661 2.891128
v -1.632135 -0.302841 2.898738
v -1.584235 -0.300850 2.880607
v -1.632135 -0.323811 2.905638
v -1.632135 -0.540948 3.122777
v -1.632135 -0.536655 3.142508
v -1.632135 -0.520705 3.171318
v -1.632135 -0.528434 3.181148
v -1.632135 -0.531988 3.128237
v -1.632135 -0.489578 3.170647
v -1.632135 -0.503855 3.175318
v -1.632135 -0.318346 2.914598
v -1.632135 -0.275936 2.957008
v -1.632135 -0.484116 3.179608
v -1.632135 -0.505085 3.186498
v -1.584235 -0.540961 3.197078
v -1.584235 -0.507075 3.204638
v -1.584235 -0.475267 3.194118
v -1.632135 -0.266981 2.962467
v -1.632135 -0.271270 2.942728
v -1.632135 -0.260084 2.941498
v -1.632135 -0.275269 2.925878
v -1.632135 -0.304072 2.909928
v -1.632135 -0.287221 2.913928
v -1.632135 -0.279491 2.904098
v -1.632135 -0.265437 2.918148
v -1.584235 -0.241951 2.939508
v -1.584235 -0.252467 2.971318
v -1.584235 -0.266966 2.888158
v -1.584235 -0.249504 2.905628
v -1.702135 -0.513363 2.832538
v -1.699735 -0.561541 2.879018
v -1.699735 -0.508841 2.841218
v -0.934235 -0.604858 2.874077
v -1.630935 -0.607626 2.871758
v -0.934235 -0.624964 2.822927
v -1.644235 -0.624964 2.822928
v -1.648935 -0.589928 2.886597
v -1.702135 -0.569104 2.872668
v -1.649035 -0.581675 2.893528
v -1.644235 -0.547721 2.766528
v -1.702135 -0.393668 2.805998
v -1.699735 -0.394095 2.815778
v -1.699735 -0.307216 2.835068
v -1.702135 -0.229378 2.882608
v -1.699735 -0.236597 2.889218
v -1.702135 -0.303040 2.826108
v -1.644235 -0.390422 2.731658
v -0.934235 -0.547721 2.766527
v -0.934235 -0.541927 2.894997
v -0.934235 -0.557631 2.913707
v -1.644235 -0.271324 2.758088
v -0.934235 -0.390422 2.731657
v -0.934235 -0.395187 2.840787
v -0.934235 -0.497281 2.863427
v -0.934235 -0.317885 2.857947
v -0.934235 -0.271324 2.758087
v -1.644235 -0.174517 2.832338
v -0.934235 -0.174517 2.832337
v -0.934235 -0.255055 2.906137
v -0.934235 -0.223901 2.951077
v -0.934235 -0.121222 2.911747
v -1.644235 -0.121222 2.911748
v -1.702135 -0.190726 2.939388
v -0.934235 -0.157604 2.952937
v -0.934235 -0.215543 2.974027
v -1.630935 -0.154211 2.951708
v -1.648935 -0.175924 2.959608
v -1.649035 -0.186053 2.963288
v -1.699735 -0.200004 2.942768
v 0.544466 0.411704 3.391407
v 0.511265 0.382574 3.358528
v 0.522365 0.377794 3.364147
v 0.544466 0.343874 3.336878
v 0.538566 0.340714 3.324858
v 0.535466 0.634884 2.971568
v 0.505565 0.680834 3.008507
v 0.581367 0.628584 2.966498
v 0.580265 0.334974 3.320248
v 0.578266 0.339224 3.333138
v 0.578266 0.089085 3.622157
v 0.544466 0.089265 3.631147
v 0.522365 0.140194 3.638447
v 0.544466 0.200864 3.634307
v 0.578266 0.215984 3.625757
v 0.578266 0.339224 3.333138
v 0.613867 0.139694 3.614137
v 0.578266 0.089085 3.622157
v 0.613867 0.365204 3.354028
v 0.607966 0.200524 3.617417
v 0.607966 0.402964 3.384377
v 0.578266 0.416354 3.395147
v 0.538566 0.424444 3.392187
v 0.580265 0.430184 3.396797
v 0.535466 0.726784 3.045458
v 0.581367 0.733084 3.050528
v 0.621666 0.714944 3.035928
v 0.617066 0.413654 3.383507
v 0.624266 0.367044 3.346028
v 0.580265 0.334974 3.320248
v 0.581367 0.628584 2.966498
v 0.629666 0.663784 2.994797
v 0.696766 0.500094 3.308367
v 0.677466 0.344634 3.398727
v 0.699966 0.392294 3.438707
v 0.673366 0.450814 3.266907
v 0.711367 0.522234 3.262578
v 0.692366 0.482324 3.228998
v 0.711367 0.634374 3.127658
v 0.692366 0.594464 3.094068
v 0.684266 0.395634 3.455607
v 0.657066 0.337844 3.407137
v 0.684266 0.280184 3.358738
v 0.699966 0.297084 3.358808
v 0.696766 0.401544 3.225448
v 0.711367 0.442414 3.195418
v 0.711367 0.554554 3.060488
v 0.756166 0.375314 3.203388
v 0.759466 0.421184 3.177547
v 0.756866 0.271804 3.337578
v 0.753366 0.249544 3.333008
v 0.684266 0.132944 3.547577
v 0.657066 0.219054 3.561117
v 0.684266 0.305164 3.574667
v 0.753366 0.087125 3.540367
v 0.753366 0.350994 3.581877
v 0.753366 0.426474 3.481437
v 0.756866 0.417724 3.460007
v 0.756166 0.526314 3.330437
v 0.759466 0.543474 3.280447
v 0.759466 0.655604 3.145517
v 0.831766 0.415754 3.472457
v 0.821566 0.408884 3.452607
v 0.823666 0.517204 3.322767
v 0.814165 0.536094 3.274237
v 0.814165 0.648234 3.139317
v 0.831766 0.680624 3.148237
v 0.753366 0.691214 3.157148
v 0.831766 0.335074 3.579367
v 0.883066 0.368574 3.432917
v 0.863865 0.369974 3.419987
v 0.867666 0.477034 3.288967
v 0.849766 0.503564 3.246857
v 0.849766 0.615694 3.111937
v 0.883066 0.264874 3.568327
v 0.883066 0.307154 3.381377
v 0.863865 0.319324 3.377477
v 0.867666 0.424594 3.244847
v 0.849766 0.461084 3.211127
v 0.823666 0.384424 3.211047
v 0.814165 0.428554 3.183747
v 0.756166 0.375314 3.203388
v 0.759466 0.421184 3.177547
v 0.849766 0.573224 3.076207
v 0.814165 0.540694 3.048827
v 0.759466 0.533314 3.042627
v 0.883066 0.633914 3.108937
v 0.883066 0.572944 3.057627
v 0.831766 0.526234 3.018327
v 0.753366 0.515634 3.009418
v 0.753366 0.613504 2.897298
v 0.831766 0.624094 2.906207
v 0.883066 0.670804 2.945517
v 0.883066 0.731784 2.996817
v 0.831766 0.778494 3.036127
v 0.753366 0.789084 3.045038
v 0.684266 0.758594 3.019378
v 0.684266 0.660724 3.131498
v 0.657066 0.603424 3.083287
v 0.684266 0.546134 3.035068
v 0.657066 0.701294 2.971168
v 0.684266 0.643994 2.922958
v 0.753366 0.613504 2.897298
v 0.753366 0.515634 3.009418
v 0.759466 0.533314 3.042627
v 1.036866 0.362974 3.343377
v 1.003666 0.333854 3.310487
v 1.014766 0.329064 3.316108
v 1.036866 0.295154 3.288847
v 1.030966 0.291984 3.276827
v 0.997966 0.632114 2.960477
v 1.027966 0.586164 2.923527
v 1.073766 0.579864 2.918467
v 1.072766 0.286244 3.272207
v 1.070666 0.290504 3.285107
v 1.070666 0.135104 3.467467
v 1.036866 0.135284 3.476457
v 1.014766 0.186214 3.483757
v 1.036866 0.246884 3.479617
v 1.070666 0.262004 3.471067
v 1.070666 0.290504 3.285107
v 1.106266 0.185714 3.459447
v 1.070666 0.135104 3.467467
v 1.106266 0.316484 3.305997
v 1.100466 0.246534 3.462737
v 1.100466 0.354234 3.336347
v 1.070666 0.367624 3.347117
v 1.030966 0.375724 3.344157
v 1.072766 0.381464 3.348767
v 1.027966 0.678064 2.997427
v 1.073766 0.684364 3.002487
v 1.114066 0.666214 2.987897
v 1.109466 0.364934 3.335477
v 1.116666 0.318314 3.297997
v 1.072766 0.286244 3.272207
v 1.073766 0.579864 2.918467
v 1.122066 0.615064 2.946767
v -0.499435 0.139694 3.614137
v -0.493534 0.200524 3.617417
v -0.499435 0.365204 3.354028
v -0.463835 0.339224 3.333138
v -0.463835 0.089085 3.622157
v -0.463835 0.215984 3.625757
v -0.493534 0.402964 3.384377
v -0.509834 0.367044 3.346028
v -0.465835 0.334974 3.320248
v -0.466935 0.628584 2.966498
v -0.515235 0.663784 2.994797
v -0.502635 0.413654 3.383507
v -0.507236 0.714944 3.035928
v -0.465835 0.430184 3.396797
v -0.463835 0.339224 3.333138
v -0.465835 0.334974 3.320248
v -0.429935 0.343874 3.336878
v -0.463835 0.089085 3.622157
v -0.429935 0.089265 3.631147
v -0.407935 0.140194 3.638447
v -0.407935 0.377794 3.364147
v -0.429935 0.200864 3.634307
v -0.429935 0.411704 3.391407
v -0.463835 0.416354 3.395147
v -0.424035 0.424444 3.392187
v -0.396835 0.382574 3.358528
v -0.424035 0.340714 3.324858
v -0.466935 0.733084 3.050528
v -0.421034 0.726784 3.045458
v -0.391134 0.680834 3.008507
v -0.421034 0.634884 2.971568
v -0.466935 0.628584 2.966498
v 0.753366 0.249544 3.333008
v 0.831766 0.103044 3.542867
v 0.753366 0.087125 3.540367
v 0.831766 0.260184 3.341937
v 0.883066 0.173234 3.553917
v 0.821566 0.280584 3.344947
v 0.756866 0.271804 3.337578
v -0.717334 0.260184 3.341938
v -0.642435 0.271804 3.337578
v -0.638835 0.249544 3.333008
v -0.768534 0.368574 3.432917
v -0.717334 0.335074 3.579367
v -0.717334 0.415754 3.472457
v -0.768534 0.264874 3.568327
v -0.768534 0.307154 3.381377
v -0.768534 0.173234 3.553917
v -0.717334 0.103044 3.542867
v -0.638835 0.087125 3.540367
v -0.699635 0.428554 3.183748
v -0.699635 0.540694 3.048828
v -0.645035 0.421184 3.177547
v -0.641735 0.375314 3.203388
v -0.709235 0.384424 3.211048
v -0.707135 0.280584 3.344948
v -0.749435 0.319324 3.377478
v -0.749435 0.369974 3.419987
v -0.768534 0.572944 3.057627
v -0.717334 0.526234 3.018327
v -0.735335 0.573224 3.076207
v -0.735335 0.461084 3.211128
v -0.753235 0.424594 3.244848
v -0.753235 0.477034 3.288967
v -0.735335 0.503564 3.246857
v -0.735335 0.615694 3.111938
v -0.768534 0.633914 3.108938
v -0.717334 0.680624 3.148237
v -0.699635 0.648234 3.139318
v -0.709235 0.517204 3.322767
v -0.699635 0.536094 3.274238
v -0.645035 0.655604 3.145517
v -0.638835 0.691214 3.157148
v -0.596935 0.634374 3.127658
v -0.569834 0.660724 3.131498
v -0.577935 0.594464 3.094068
v -0.542635 0.603424 3.083287
v -0.707135 0.408884 3.452607
v -0.641735 0.526314 3.330437
v -0.645035 0.543474 3.280447
v -0.596935 0.522234 3.262578
v -0.577935 0.482324 3.228998
v -0.558935 0.450814 3.266907
v -0.582334 0.500094 3.308367
v -0.582334 0.401544 3.225448
v -0.596935 0.442414 3.195418
v -0.596935 0.554554 3.060488
v -0.569834 0.546134 3.035068
v -0.585435 0.297084 3.358808
v -0.642435 0.271804 3.337578
v -0.638835 0.249544 3.333008
v -0.641735 0.375314 3.203388
v -0.645035 0.421184 3.177547
v -0.645035 0.533314 3.042627
v -0.638835 0.515634 3.009418
v -0.638835 0.613504 2.897298
v -0.569834 0.643994 2.922958
v -0.542635 0.701294 2.971168
v -0.569834 0.758594 3.019378
v -0.638835 0.789084 3.045038
v -0.717334 0.778494 3.036128
v -0.768534 0.731784 2.996818
v -0.768534 0.670804 2.945518
v -0.717334 0.624094 2.906208
v -0.638835 0.613504 2.897298
v -0.638835 0.515634 3.009418
v -0.645035 0.533314 3.042627
v -0.638835 0.087125 3.540367
v -0.569834 0.132944 3.547577
v -0.569834 0.280184 3.358738
v -0.542635 0.219054 3.561117
v -0.542635 0.337844 3.407137
v -0.569834 0.305164 3.574667
v -0.569834 0.395634 3.455607
v -0.638835 0.350994 3.581877
v -0.638835 0.426474 3.481437
v -0.642435 0.417724 3.460007
v -0.585435 0.392294 3.438707
v -0.563035 0.344634 3.398727
v -0.991835 0.185714 3.459447
v -0.986034 0.246534 3.462737
v -0.991835 0.316484 3.305997
v -0.956235 0.290504 3.285108
v -0.956235 0.135104 3.467467
v -0.986034 0.354234 3.336348
v -0.956235 0.262004 3.471067
v -1.002236 0.318314 3.297998
v -0.958235 0.286244 3.272207
v -0.959335 0.579864 2.918468
v -1.007635 0.615064 2.946768
v -0.995035 0.364934 3.335477
v -0.999635 0.666214 2.987898
v -0.958235 0.381464 3.348768
v -0.956235 0.290504 3.285108
v -0.958235 0.286244 3.272207
v -0.922435 0.295154 3.288847
v -0.956235 0.135104 3.467467
v -0.922435 0.135284 3.476457
v -0.900335 0.186214 3.483757
v -0.900335 0.329064 3.316108
v -0.922435 0.246884 3.479617
v -0.922435 0.362974 3.343378
v -0.956235 0.367624 3.347117
v -0.916535 0.375724 3.344158
v -0.889235 0.333854 3.310488
v -0.916535 0.291984 3.276828
v -0.959335 0.684364 3.002488
v -0.913534 0.678064 2.997427
v -0.883534 0.632114 2.960478
v -0.913534 0.586164 2.923528
v -0.959335 0.579864 2.918468
v -1.797535 -0.383601 2.540078
v -1.757335 -0.703688 2.492807
v -1.797535 -0.703688 2.540078
v -1.036835 -0.703688 2.044657
v -1.036835 -0.703688 2.540077
v -1.713135 -0.703688 2.912828
v -1.718135 -0.657853 2.892287
v -1.743735 -0.551513 2.788507
v -1.754535 -0.412563 2.744988
v -1.752835 -0.267962 2.751798
v -1.036835 -0.703688 2.912827
v -1.882115 -0.703688 2.057747
v -1.757335 -0.041717 2.492807
v -1.797535 -0.078801 2.540078
v -1.742435 -0.159759 2.793768
v -1.686635 0.013822 2.523077
v -1.619535 -0.088279 2.839227
v -1.644635 0.074285 2.506078
v -1.578035 -0.032060 2.882678
v -1.806535 -0.703688 1.999637
v -1.882115 0.074525 2.057747
v -1.806535 0.115484 1.999637
v -1.646435 0.014638 2.475808
v -1.604535 0.059028 2.458807
v -1.667635 0.152924 2.403168
v -1.627435 0.138274 2.355897
v -1.744435 0.225974 2.300257
v -1.660035 0.003087 2.912828
v -1.719835 0.104514 2.912828
v -1.704235 0.211924 2.252987
v -1.752235 0.311004 1.920827
v -1.729235 0.219914 2.023737
v -1.653635 0.209474 1.965627
v -1.695635 0.173344 1.982627
v -1.771235 0.168194 2.040747
v -1.844935 0.334564 1.358258
v -1.800535 0.396934 1.343348
v -1.940675 0.247134 1.390497
v -1.937675 -0.688049 1.392047
v -1.241635 -0.688049 1.147957
v -0.650535 -0.703688 1.999637
v -1.738335 0.372844 2.572728
v -1.693635 0.233584 2.905988
v -1.804235 0.342274 2.300257
v -1.764035 0.361584 2.252987
v -1.829035 0.390554 1.817917
v -1.676635 0.301304 1.862717
v -1.888865 0.539274 1.817917
v -1.783535 0.505574 2.300257
v -1.666435 0.529314 2.573558
v -1.713435 0.668874 2.300257
v -1.743335 0.527294 2.252987
v -1.868095 0.727224 1.817917
v -1.813235 0.563004 1.759807
v -1.753435 0.400744 1.759807
v -1.821935 0.459194 1.352907
v -1.882795 0.520024 1.377607
v -1.673235 0.693004 2.252987
v -1.930925 0.674594 1.394477
v -1.792435 0.753924 1.759807
v -1.798035 0.915174 1.817917
v -1.555335 0.852634 2.252987
v -1.595535 0.826114 2.300257
v -1.556235 0.672444 2.573258
v -1.913345 0.875434 1.388307
v -1.722435 0.944844 1.759807
v -1.679735 1.086834 1.817767
v -1.854235 1.087784 1.367578
v -1.604135 1.116734 1.759807
v -1.758435 1.298924 1.333848
v -1.228935 0.626934 1.140388
v -0.650535 0.432894 1.759807
v -0.650535 0.352944 1.862717
v -1.242235 0.351824 1.150287
v -0.650535 0.272984 1.965627
v -0.650535 0.216634 1.982627
v -0.650535 0.159904 1.997087
v -1.241635 -0.688049 1.147957
v -0.650535 -0.703688 1.999637
v -1.854235 1.087784 1.367578
v -1.758435 1.298924 1.333848
v -1.232035 1.406374 1.141287
v -1.228935 0.626934 1.140388
v -1.913345 0.875434 1.388307
v -1.930925 0.674594 1.394477
v -1.882795 0.520024 1.377607
v -1.821935 0.459194 1.352907
v -1.242235 0.351824 1.150287
v -1.800535 0.396934 1.343348
v -1.844935 0.334564 1.358258
v -1.241635 -0.688049 1.147957
v -1.940675 0.247134 1.390497
v -1.937675 -0.688049 1.392047
v -1.955375 -0.544433 0.587617
v -1.955375 -0.256118 0.768777
v -1.985515 -0.561286 0.604467
v -1.985515 -0.748088 0.307171
v -1.985515 -0.263990 0.791267
v -1.955375 0.082245 0.806897
v -1.891145 0.082245 0.806897
v -1.891145 -0.256118 0.768777
v -1.891145 -0.544433 0.587607
v -1.955375 -0.725593 0.299297
v -1.985515 -0.787400 -0.041734
v -1.955375 0.403644 0.694437
v -1.985515 0.084915 0.830577
v -2.062555 0.084915 0.830577
v -2.062555 -0.263990 0.760067
v -2.062555 -0.561286 0.604467
v -2.062555 -0.748088 0.307171
v -2.062555 -0.787400 -0.041734
v -2.062555 -0.671437 -0.373143
v -1.891145 -0.725593 0.299297
v -1.955375 -0.763718 -0.039066
v -1.985515 -0.671437 -0.373143
v -2.062555 -0.423161 -0.621420
v -1.985515 -0.423161 -0.621420
v -2.062555 -0.091751 -0.737382
v -1.985515 -0.091751 -0.737382
v -2.062555 0.257154 -0.698071
v -1.891145 -0.763718 -0.039066
v -1.859935 -0.800487 0.325502
v -1.955375 -0.651256 -0.360467
v -1.955375 -0.410482 -0.601242
v -1.955375 -0.089083 -0.713702
v -1.985515 0.257154 -0.698071
v -1.955375 0.249284 -0.675579
v -1.891145 -0.651256 -0.360465
v -1.891145 -0.410482 -0.601242
v -1.891145 -0.089083 -0.713702
v -1.859935 -0.452696 -0.668419
v -1.859935 -0.097969 -0.792546
v -1.891145 0.249284 -0.675579
v -1.859935 0.275484 -0.750466
v -2.062555 0.554444 -0.511268
v -1.985515 0.554444 -0.511268
v -1.955375 0.537594 -0.494418
v -1.891145 0.537594 -0.494418
v -1.859935 0.593704 -0.550520
v -1.790035 0.593704 -0.550519
v -1.790035 0.275484 -0.750466
v -1.790035 -0.097969 -0.792546
v -1.790035 -0.452696 -0.668423
v -1.859935 -0.718438 -0.402678
v -1.790035 -0.718438 -0.402679
v -1.859935 -0.842564 -0.047949
v -1.790035 -0.842564 -0.047952
v -1.190235 -0.192515 -0.781893
v -1.190235 -0.452696 -0.668419
v -1.190235 -0.718438 -0.402680
v -1.190235 -0.842564 -0.047952
v -1.190235 -0.800487 0.325502
v -1.790035 -0.800487 0.325502
v -1.190235 -0.600537 0.643717
v -1.790035 -0.600537 0.643717
v -1.190235 -0.372131 0.812237
v -1.790035 -0.282323 0.843667
v -1.859935 -0.600537 0.643717
v -1.859935 -0.282323 0.843667
v -1.859935 0.091125 0.885737
v -1.790035 0.091125 0.885737
v -1.859935 0.445854 0.761617
v -1.790035 0.445854 0.761617
v -1.859935 0.711594 0.495877
v -1.955375 0.644414 0.453667
v -1.891145 0.644414 0.453657
v -1.891145 0.403644 0.694437
v -1.891145 0.537594 -0.494418
v -1.891145 0.718754 -0.206102
v -1.859935 0.593704 -0.550520
v -1.859935 0.793644 -0.232308
v -1.891145 0.756884 0.132262
v -1.859935 0.835724 0.141149
v -1.790035 0.711594 0.495877
v -1.790035 0.835724 0.141149
v -1.790035 0.793644 -0.232308
v -1.790035 0.593704 -0.550519
v -1.652335 0.793644 -0.232308
v -1.652335 0.835724 0.141149
v -1.652335 0.711594 0.495877
v -1.652335 0.445854 0.761617
v -1.652335 0.091125 0.885737
v -1.232035 1.406374 1.141287
v -0.650535 1.123084 1.759807
v -1.228935 0.626934 1.140388
v -0.650535 0.432894 1.759807
v -1.036835 0.415654 1.804827
v -0.650535 0.432894 1.759807
v -1.036835 1.100424 1.804827
v -0.650535 1.123084 1.759807
v -1.036835 0.376984 2.580097
v -1.036835 0.832164 2.300257
v -1.036835 0.674974 2.580097
v -1.036835 0.415654 1.804827
v -1.036835 1.100424 1.804827
v -1.036835 0.069315 2.467947
v -1.036835 0.127904 2.569788
v -1.036835 0.233494 2.905988
v -1.036835 0.104514 2.912828
v -1.036835 0.003087 2.912827
v -1.036835 -0.078573 2.839227
v -1.036835 -0.153431 2.793957
v -1.036835 0.336274 1.907737
v -1.036835 0.256894 2.010647
v -1.036835 0.200544 2.027657
v -1.036835 0.143824 2.042117
v -1.036835 -0.315417 2.503847
v -1.036835 -0.703688 2.044657
v -1.036835 -0.703688 2.540077
v -1.036835 -0.269356 2.751797
v -1.036835 -0.416783 2.744987
v -1.036835 -0.553592 2.788507
v -1.036835 -0.658639 2.892287
v -1.036835 -0.703688 2.912827
v -2.536985 0.562534 0.300877
v -2.536985 0.615804 0.166032
v -2.536985 0.541424 0.289662
v -2.536985 0.592734 0.159794
v -2.536985 0.637744 0.022714
v -2.536985 0.613854 0.021763
v -2.536985 0.462504 0.404857
v -1.962865 0.139434 0.125558
v -1.962865 0.164314 0.089252
v -1.962865 0.180474 0.048326
v -1.962865 0.187134 0.004827
v -2.311145 0.806744 0.029419
v -2.061255 0.782654 0.211146
v -2.061255 0.810444 0.029565
v -2.311145 0.779084 0.210180
v -2.311145 0.711884 0.380250
v -2.311145 0.608534 0.531107
v -2.536985 0.480584 0.420487
v -2.311145 0.474204 0.655177
v -2.536985 0.374074 0.518867
v -2.061255 0.611334 0.533527
v -2.061255 0.715154 0.381987
v -2.536985 -0.034906 0.644007
v -2.536985 0.109704 0.633497
v -2.536985 -0.033957 0.620117
v -2.536985 0.105314 0.609997
v -2.536985 0.248344 0.591077
v -2.536985 0.238834 0.569147
v -2.536985 0.359924 0.499597
v -2.536985 -0.171987 0.598997
v -1.962865 -0.060523 0.186741
v -1.962865 -0.017023 0.193400
v -1.962865 0.026869 0.190209
v -1.962865 0.068945 0.177333
v -1.962865 0.107114 0.155417
v -2.536985 -0.603270 0.254606
v -2.536985 -0.531058 0.380334
v -2.536985 -0.581338 0.245097
v -2.536985 -0.511796 0.366185
v -2.536985 -0.432683 0.486847
v -2.536985 -0.417052 0.468757
v -2.536985 -0.313072 0.568787
v -2.536985 -0.301856 0.547687
v -2.536985 -0.178227 0.622067
v -2.536985 -0.622195 0.111572
v -1.962865 -0.202407 0.033129
v -1.962865 -0.189530 0.075209
v -1.962865 -0.167614 0.113373
v -1.962865 -0.137754 0.145698
v -1.962865 -0.101450 0.170569
v -2.536985 -0.499039 -0.426424
v -2.536985 -0.580987 -0.306814
v -2.536985 -0.480957 -0.410793
v -2.536985 -0.559878 -0.295596
v -2.536985 -0.634264 -0.171968
v -2.536985 -0.611193 -0.165728
v -2.536985 -0.656197 -0.028649
v -2.536985 -0.632315 -0.027698
v -2.536985 -0.645691 0.115961
v -2.536985 -0.378380 -0.505535
v -1.962865 -0.125567 -0.161354
v -1.962865 -0.157892 -0.131495
v -1.962865 -0.182767 -0.095190
v -1.962865 -0.198938 -0.054261
v -1.962865 -0.205593 -0.010761
v -2.536985 0.159774 -0.628003
v -2.536985 0.016451 -0.649938
v -2.536985 0.153534 -0.604930
v -2.536985 0.015503 -0.626052
v -2.536985 -0.128158 -0.639430
v -2.536985 -0.123766 -0.615936
v -2.536985 -0.266800 -0.597007
v -2.536985 -0.257294 -0.575079
v -2.536985 -0.392529 -0.524799
v -2.536985 0.283404 -0.553619
v -1.962865 0.082995 -0.176506
v -1.962865 0.042067 -0.192676
v -1.962865 -0.001434 -0.199334
v -1.962865 -0.045324 -0.196143
v -1.962865 -0.087407 -0.183270
v -2.536985 0.627234 -0.121898
v -2.536985 0.584814 -0.260541
v -2.536985 0.603744 -0.117504
v -2.536985 0.562884 -0.251030
v -2.536985 0.512604 -0.386268
v -2.536985 0.493334 -0.372120
v -2.536985 0.414224 -0.492778
v -2.536985 0.398594 -0.474696
v -2.536985 0.294614 -0.574723
v -2.536985 0.613854 0.021763
v -1.962865 0.187134 0.004827
v -1.962865 0.183944 -0.039066
v -1.962865 0.171074 -0.081146
v -1.962865 0.149154 -0.119307
v -1.962865 0.119294 -0.151633
v -2.311145 0.524844 -0.620727
v -2.311145 0.648914 -0.486397
v -2.311145 0.739994 -0.327825
v -2.311145 0.793494 -0.152963
v -2.311145 0.806744 0.029419
v -2.536985 0.637744 0.022714
v -2.061255 0.810444 0.029565
v -2.061255 0.797134 -0.153646
v -2.061255 0.743384 -0.329300
v -2.061255 0.651904 -0.488588
v -2.061255 0.527264 -0.623530
v -2.311145 0.373984 -0.724081
v -2.061255 0.375724 -0.727351
v -2.311145 -0.334085 -0.752188
v -2.311145 -0.159222 -0.805690
v -2.311145 0.023157 -0.818941
v -2.311145 0.203914 -0.791278
v -2.061255 0.204884 -0.794852
v -2.061255 0.023306 -0.822643
v -2.061255 -0.159903 -0.809331
v -2.061255 -0.335557 -0.755584
v -2.311145 -0.492657 -0.661115
v -2.061255 -0.494850 -0.664099
v -2.311145 -0.825202 -0.035353
v -2.311145 -0.797536 -0.216116
v -2.311145 -0.730345 -0.386185
v -2.311145 -0.626989 -0.537042
v -2.061255 -0.629789 -0.539462
v -2.061255 -0.733612 -0.387923
v -2.061255 -0.801113 -0.217081
v -2.061255 -0.828901 -0.035504
v -2.311145 -0.811950 0.147026
v -2.061255 -0.815590 0.147707
v -2.311145 -0.392444 0.718147
v -2.311145 -0.543301 0.614797
v -2.311145 -0.667374 0.480457
v -2.311145 -0.758448 0.321889
v -2.061255 -0.761845 0.323362
v -2.061255 -0.670359 0.482657
v -2.061255 -0.545722 0.617597
v -2.061255 -0.394183 0.721417
v -2.311145 -0.222372 0.785347
v -2.061255 -0.223341 0.788917
v -2.311145 0.315634 0.746257
v -2.311145 0.140764 0.799757
v -2.311145 -0.041613 0.813007
v -2.061255 -0.041761 0.816707
v -2.061255 0.141454 0.803397
v -2.061255 0.317104 0.749647
v -2.061255 0.476394 0.658167
v -0.812236 0.480324 2.895848
v -0.561935 0.822834 3.183317
v -0.808035 0.884054 3.235158
v -1.058335 0.853414 3.209378
v -1.268235 0.772974 3.141938
v -1.445835 0.646044 3.035348
v -1.532735 0.480284 2.895818
v -0.404435 0.226114 2.895848
v -0.404435 0.226114 2.956718
v -0.812236 0.226114 2.895848
v -0.812236 0.226114 2.956718
v -1.532735 0.074285 2.895818
v -1.532735 0.074285 2.956687
v -1.532735 0.409034 2.956688
v -1.532735 0.074285 2.895818
v -0.812236 0.409074 2.956718
v -0.404435 0.480324 2.895848
v -0.404435 0.822834 3.183327
v -0.404435 0.409074 2.956718
v -0.404435 0.226114 2.895848
v -1.036835 0.415654 1.804827
v -0.650535 0.352944 1.862717
v -0.650535 0.432894 1.759807
v -1.036835 0.336274 1.907737
v -0.650535 0.272984 1.965627
v -1.036835 0.256894 2.010647
v -0.650535 0.216634 1.982627
v -1.036835 0.200544 2.027657
v -0.650535 0.159904 1.997087
v -1.036835 0.143824 2.042117
v -0.650535 -0.703688 1.999637
v -1.036835 -0.703688 2.044657
v -2.062555 0.780564 0.134931
v -2.062555 0.664594 0.447537
v -1.985515 0.780564 0.134931
v -1.985515 0.664594 0.466337
v -2.062555 0.404724 0.689467
v -1.985515 0.416324 0.714617
v -2.062555 0.741244 -0.213972
v -1.985515 0.741244 -0.213973
v -1.955375 0.718754 -0.206102
v -1.955375 0.756884 0.132263
v -1.985515 0.554444 -0.511268
v -2.062555 0.554444 -0.511268
v -1.955375 0.537594 -0.494418
v -1.498135 1.373044 1.539287
v -0.975936 1.094184 1.510687
v -1.517335 1.085894 1.522027
v -0.978534 1.370334 1.533317
v -1.513635 1.471844 1.756367
v -1.427635 1.568934 1.969738
v -1.270335 1.646624 2.140467
v -1.056435 1.698214 2.253827
v -0.812236 1.716204 2.293377
v -0.561935 1.691634 2.201267
v -0.404435 1.370324 1.533307
v -0.404435 1.691634 2.201267
v -0.404435 1.094174 1.510657
v -2.061255 0.317104 0.749647
v -1.868025 -0.009227 -0.002968
v -2.061255 0.476394 0.658167
v -2.061255 0.611334 0.533527
v -2.061255 0.715154 0.381987
v -2.061255 0.782654 0.211146
v -2.061255 0.810444 0.029565
v -2.061255 0.797134 -0.153646
v -2.061255 0.743384 -0.329300
v -2.061255 0.651904 -0.488588
v -2.061255 -0.801113 -0.217081
v -2.061255 -0.828901 -0.035504
v -2.061255 -0.815590 0.147707
v -2.061255 -0.761845 0.323362
v -2.061255 -0.670359 0.482657
v -2.061255 -0.545722 0.617597
v -2.061255 -0.394183 0.721417
v -2.061255 -0.223341 0.788917
v -2.061255 -0.041761 0.816707
v -2.061255 0.141454 0.803397
v -2.061255 0.527264 -0.623530
v -2.061255 0.375724 -0.727351
v -2.061255 0.204884 -0.794852
v -2.061255 0.023306 -0.822643
v -2.061255 -0.159903 -0.809331
v -2.061255 -0.335557 -0.755584
v -2.061255 -0.494850 -0.664099
v -2.061255 -0.629789 -0.539462
v -2.061255 -0.733612 -0.387923
v -1.532735 0.480284 2.895818
v -1.517335 1.085894 1.522027
v -1.532735 0.074285 2.895818
v -1.058335 0.853414 3.209378
v -1.056435 1.698214 2.253827
v -1.268235 0.772974 3.141938
v -1.270335 1.646624 2.140467
v -1.445835 0.646044 3.035348
v -1.427635 1.568934 1.969738
v -1.513635 1.471844 1.756367
v -1.498135 1.373044 1.539287
v -0.404435 1.094174 1.510657
v -0.404435 0.480324 2.895848
v -0.404435 0.226114 2.895848
v -0.404435 1.370324 1.533307
v -0.404435 1.691634 2.201267
v -0.404435 0.822834 3.183327
v -0.561935 1.691634 2.201267
v -0.561935 0.822834 3.183317
v -0.812236 1.716204 2.293377
v -0.808035 0.884054 3.235158
v 0.023265 0.150864 3.574677
v 0.263566 0.727534 2.859097
v 0.263566 0.150954 3.574777
v 0.023265 0.727184 2.858877
v 0.023265 0.371374 3.751737
v 0.023265 0.947694 3.035938
v 0.263566 0.947334 3.035707
v 0.263566 0.371274 3.751627
v 0.263566 0.727534 2.859097
v 0.263566 0.150954 3.574777
v 0.192667 0.706034 -2.044663
v 0.192566 0.719524 -2.057913
v -0.260535 0.706084 -2.044503
v -0.260535 0.719684 -2.057873
v 0.192566 0.714794 -2.076223
v -0.260535 0.714914 -2.076343
v 0.192566 0.696574 -2.081283
v -0.260535 0.696534 -2.081443
v 0.192566 0.683084 -2.068033
v -0.260535 0.682924 -2.068073
v 0.192667 0.687814 -2.049723
v -0.260535 0.687694 -2.049603
v 0.192667 0.706034 -2.044663
v -0.260535 0.706084 -2.044503
v -0.257634 0.150964 3.574777
v -0.257634 0.371274 3.751627
v -0.257634 0.727534 2.859097
v -0.257634 0.947344 3.035707
v -0.017334 0.371374 3.751737
v -0.017334 0.947694 3.035938
v -0.017334 0.727194 2.858877
v -0.017334 0.150864 3.574677
v -0.257634 0.727534 2.859097
v -0.257634 0.150964 3.574777
v -0.135835 0.812514 -2.009773
v -0.134035 0.814344 -1.602263
v -0.120735 0.776154 -2.009773
v -0.118235 0.776154 -1.602263
v -0.135835 0.739784 -2.009773
v -0.134035 0.737954 -1.602263
v -0.172235 0.724724 -2.009773
v -0.172235 0.722124 -1.602263
v -0.172235 0.724724 -2.009773
v -0.172235 0.722124 -1.602263
v -0.208534 0.739784 -2.009773
v -0.210435 0.737954 -1.602263
v -0.223634 0.776154 -2.009773
v -0.226234 0.776154 -1.602263
v -0.208534 0.812514 -2.009773
v -0.210435 0.814344 -1.602263
v -0.172235 0.827574 -2.009773
v -0.172235 0.830164 -1.602263
v -0.172235 0.724724 -2.009773
v -0.172235 0.776154 -2.010773
v -0.135835 0.739784 -2.009773
v -0.120735 0.776154 -2.009773
v -0.135835 0.812514 -2.009773
v -0.172235 0.827574 -2.009773
v -0.208534 0.812514 -2.009773
v -0.223634 0.776154 -2.009773
v -0.208534 0.739784 -2.009773
v -0.040135 1.465084 -1.622463
v -0.099034 1.501124 -1.621813
v -0.044135 1.465084 -1.759703
v -0.103035 1.501124 -1.759043
v 0.016564 1.498094 -1.759513
v 0.020565 1.498094 -1.622273
v -0.049535 1.462424 -1.816943
v -0.101735 1.491674 -1.821913
v 0.022265 1.567124 -1.621433
v 0.018265 1.567124 -1.758663
v -0.036635 1.603174 -1.620773
v -0.002435 1.479054 -1.849183
v -0.058035 1.442434 -1.828583
v -0.113734 1.463054 -1.837763
v -0.090034 1.351574 -1.821233
v -0.141434 1.268254 -1.821263
v -0.057135 1.332664 -1.866923
v -0.020635 1.435634 -1.875303
v -0.007635 1.524414 -1.886703
v -0.040635 1.603164 -1.758013
v -0.097235 1.570164 -1.620963
v -0.101334 1.570164 -1.758203
v -0.059935 1.553464 -1.891793
v -0.109535 1.247314 -1.867643
v -0.094735 1.470084 -1.940363
v -0.039035 1.449454 -1.931193
v -0.132434 1.358854 -1.931903
v -0.132135 1.476884 -1.893653
v -0.106935 1.537154 -1.859373
v -0.099034 1.501124 -1.621813
v -0.103035 1.501124 -1.759043
v -0.101735 1.491674 -1.821913
v -0.113734 1.463054 -1.837763
v -0.165334 1.377784 -1.886203
v -0.195334 1.327574 -1.885623
v -0.163435 1.306634 -1.932003
v -0.330735 1.257414 -1.932823
v -0.397535 1.169204 -1.904353
v -0.332236 1.227624 -1.880683
v -0.251635 1.293344 -1.903633
v -0.256134 1.261994 -1.852593
v -0.184335 1.308384 -1.830263
v -0.144034 1.374134 -1.830863
v -0.224034 1.269324 -1.951283
v -0.300035 1.234944 -1.979323
v -0.270935 1.182694 -1.973683
v -0.458835 0.933454 -1.972433
v -0.418534 0.637604 -1.898843
v -0.442935 0.935984 -1.914543
v -0.432635 1.066124 -1.914533
v -0.447835 1.071604 -1.972393
v -0.407735 1.187304 -1.960703
v -0.369235 1.172544 -2.004403
v -0.320535 1.139674 -1.991753
v -0.406034 1.065264 -2.015093
v -0.349135 1.053474 -1.999943
v -0.416535 0.932804 -2.015123
v -0.358436 0.934684 -1.999923
v -0.310435 1.121544 -1.935403
v -0.334035 1.048004 -1.942083
v -0.342635 0.937214 -1.942033
v -0.384834 0.937874 -1.899343
v -0.361335 0.648154 -1.884203
v -0.319435 0.651094 -1.927123
v -0.334736 0.643484 -1.984683
v -0.392035 0.632944 -1.999323
v -0.433935 0.629994 -1.956403
v -0.375735 1.054324 -1.899383
v -0.442935 0.935984 -1.914543
v -0.418534 0.637604 -1.898843
v -0.200935 1.213964 -1.947893
v -0.272534 1.152904 -1.921553
v -0.303135 1.175374 -1.875043
v -0.348835 1.136324 -1.891703
v -0.432635 1.066124 -1.914533
v -0.397535 1.169204 -1.904353
v -0.332236 1.227624 -1.880683
v -0.256134 1.261994 -1.852593
v -0.233035 1.206624 -1.849203
v -0.184335 1.308384 -1.830263
v -0.144034 1.374134 -1.830863
v -0.205435 1.182604 -1.896853
v -0.120535 1.266504 -1.923003
v -0.078335 1.336304 -1.922253
v -0.524135 0.976084 -1.775753
v -0.468935 0.999094 -1.784733
v -0.520635 0.958424 -1.775793
v -0.569035 0.975874 -1.758923
v -0.568735 0.975984 -1.776583
v -0.568735 0.958324 -1.776703
v -0.569035 0.958204 -1.759033
v -0.519435 0.958304 -1.758103
v -0.522935 0.975964 -1.758053
v -0.569035 0.975874 -1.758923
v -0.465535 0.999954 -1.767383
v -0.455135 0.985184 -1.768463
v -0.458436 0.984324 -1.785813
v -0.425936 1.022214 -1.796193
v -0.440335 1.032304 -1.793883
v -0.393935 1.087034 -1.809283
v -0.436535 1.033834 -1.776703
v -0.389835 1.088934 -1.792183
v -0.404835 1.097954 -1.789633
v -0.422136 1.023734 -1.779013
v -0.344935 1.160164 -1.812693
v -0.349035 1.158254 -1.829783
v -0.301635 1.234754 -1.847643
v -0.286735 1.225004 -1.850283
v -0.285835 1.223184 -1.832133
v -0.251735 1.304764 -1.820563
v -0.269335 1.308554 -1.819913
v -0.267935 1.372334 -1.781323
v -0.302035 1.477864 -1.777983
v -0.285835 1.484714 -1.775513
v -0.250234 1.374444 -1.779063
v -0.253135 1.297274 -1.804523
v -0.300735 1.232924 -1.829493
v -0.358635 1.171304 -1.810723
v -0.321135 1.548434 -1.768793
v -0.288435 1.484804 -1.757983
v -0.250935 1.369094 -1.761703
v -0.268634 1.366974 -1.763953
v -0.270635 1.301064 -1.803873
v -0.304636 1.477954 -1.760453
v -0.337835 1.542824 -1.771763
v -0.342036 1.560344 -1.750523
v -0.325035 1.565274 -1.749463
v -0.329135 1.582104 -1.756483
v -0.321835 1.555554 -1.787503
v -0.304636 1.477954 -1.760453
v -0.337835 1.542824 -1.771763
v -0.338635 1.549944 -1.790473
v -0.346035 1.577174 -1.757543
v -0.335535 1.583024 -1.709683
v -0.330635 1.566074 -1.708683
v -0.347435 1.561124 -1.710883
v -0.352335 1.578074 -1.711883
v -0.342036 1.560344 -1.750523
v -0.347435 1.561124 -1.710883
v -0.300735 1.232924 -1.829493
v -0.358635 1.171304 -1.810723
v -0.362735 1.169394 -1.827813
v -0.408935 1.096054 -1.806723
v -0.404835 1.097954 -1.789633
v -0.436535 1.033834 -1.776703
v -0.465535 0.999954 -1.767383
v -0.522935 0.975964 -1.758053
v -0.270635 1.301064 -1.803873
v -0.268634 1.366974 -1.763953
v -0.527236 1.042724 -1.815173
v -0.455435 1.037764 -1.824943
v -0.519835 1.006544 -1.823213
v -0.562835 1.008744 -1.824113
v -0.564035 1.000564 -1.788373
v -0.518135 0.998204 -1.787403
v -0.449536 1.031514 -1.789233
v -0.400836 1.085564 -1.791133
v -0.477136 1.067004 -1.816583
v -0.471235 1.060754 -1.780863
v -0.525435 1.034384 -1.779363
v -0.449536 1.031514 -1.789233
v -0.518135 0.998204 -1.787403
v -0.564035 1.000564 -1.788373
v -0.562335 1.036284 -1.780143
v -0.561235 1.044464 -1.815893
v -0.400836 1.085564 -1.791133
v -0.355936 1.182964 -1.783463
v -0.431135 1.105344 -1.782593
v -0.389736 1.195134 -1.775533
v -0.323635 1.286224 -1.769973
v -0.437635 1.110604 -1.818313
v -0.407335 1.090834 -1.826853
v -0.362036 1.189084 -1.819113
v -0.395836 1.201254 -1.811193
v -0.358935 1.293764 -1.762593
v -0.365335 1.299054 -1.798353
v -0.330135 1.291524 -1.805733
v -0.355936 1.182964 -1.783463
v -0.327135 1.461974 -1.804213
v -0.333336 1.505914 -1.760273
v -0.320235 1.461544 -1.768013
v -0.316935 1.372444 -1.799183
v -0.353235 1.373204 -1.792323
v -0.346035 1.372624 -1.756193
v -0.309736 1.371864 -1.763053
v -0.323635 1.286224 -1.769973
v -0.345735 1.529614 -1.792923
v -0.342635 1.554414 -1.736913
v -0.362535 1.454584 -1.797243
v -0.355735 1.454164 -1.761053
v -0.320235 1.461544 -1.768013
v -0.309736 1.371864 -1.763053
v -0.377435 1.544634 -1.730673
v -0.366235 1.510174 -1.722423
v -0.368135 1.495914 -1.754703
v -0.380635 1.519614 -1.787353
v -0.333336 1.505914 -1.760273
v -0.331435 1.519954 -1.728663
v -0.326135 1.524224 -1.691503
v -0.360936 1.514434 -1.685363
v -0.371235 1.549544 -1.687903
v -0.336435 1.559344 -1.694053
v -0.331435 1.519954 -1.728663
v -0.326135 1.524224 -1.691503
v -0.384636 1.050594 -1.773773
v -0.342835 1.153174 -1.765363
v -0.392335 1.062344 -1.816083
v -0.353535 1.157944 -1.808183
v -0.312334 1.145764 -1.819573
v -0.357035 1.035314 -1.828473
v -0.301635 1.140994 -1.776753
v -0.276434 1.260584 -1.777783
v -0.349435 1.023574 -1.786163
v -0.480035 0.987054 -1.787573
v -0.480735 1.003064 -1.829013
v -0.468135 0.960844 -1.844373
v -0.467435 0.944824 -1.802933
v -0.564636 0.951024 -1.806713
v -0.562635 0.992314 -1.790783
v -0.560035 1.008114 -1.832083
v -0.562036 0.966824 -1.848013
v -0.564636 0.951024 -1.806713
v -0.467435 0.944824 -1.802933
v -0.349435 1.023574 -1.786163
v -0.301635 1.140994 -1.776753
v -0.288534 1.258954 -1.820533
v -0.330735 1.266274 -1.809013
v -0.318635 1.267914 -1.766263
v -0.305735 1.408894 -1.788043
v -0.262935 1.406814 -1.800113
v -0.276434 1.260584 -1.777783
v -0.274535 1.407654 -1.843313
v -0.262235 1.518684 -1.781383
v -0.317334 1.409744 -1.831253
v -0.317435 1.572304 -1.752093
v -0.279135 1.585934 -1.682053
v -0.274735 1.584734 -1.753783
v -0.263035 1.542424 -1.741343
v -0.273235 1.545354 -1.820413
v -0.316134 1.538114 -1.810273
v -0.305135 1.511434 -1.771233
v -0.305635 1.529994 -1.739653
v -0.262935 1.406814 -1.800113
v -0.262235 1.518684 -1.781383
v -0.263035 1.542424 -1.741343
v -0.266735 1.543434 -1.680583
v -0.309135 1.530934 -1.682973
v -0.321535 1.573434 -1.684433
v -0.266735 1.543434 -1.680583
v -0.372236 1.039564 -1.829293
v -0.375535 1.043984 -1.847613
v -0.425936 1.011104 -1.835863
v -0.426535 1.016564 -1.853983
v -0.358634 1.026264 -1.834163
v -0.421435 0.992854 -1.841493
v -0.511035 0.994974 -1.838153
v -0.509536 1.013094 -1.832793
v -0.510435 1.018504 -1.850913
v -0.571535 1.001304 -1.832123
v -0.569135 1.019324 -1.826853
v -0.572735 1.006764 -1.850213
v -0.511935 1.000394 -1.856273
v -0.422036 0.998314 -1.859613
v -0.361935 1.030674 -1.852483
v -0.322334 1.093604 -1.835983
v -0.345535 1.099574 -1.849063
v -0.327935 1.093714 -1.854183
v -0.361935 1.030674 -1.852483
v -0.422036 0.998314 -1.859613
v -0.511935 1.000394 -1.856273
v -0.572735 1.006764 -1.850213
v -0.570335 1.024784 -1.844943
v -0.339834 1.099464 -1.830873
v -0.334035 1.158484 -1.839503
v -0.339736 1.156944 -1.857473
v -0.330135 1.215374 -1.844063
v -0.312236 1.211444 -1.849463
v -0.309035 1.271974 -1.840933
v -0.292035 1.265814 -1.846503
v -0.282734 1.334854 -1.831723
v -0.316034 1.156344 -1.845093
v -0.265334 1.329734 -1.837163
v -0.270034 1.333044 -1.855233
v -0.296635 1.269434 -1.864533
v -0.317835 1.212374 -1.867653
v -0.321835 1.154794 -1.863073
v -0.327935 1.093714 -1.854183
v -0.251735 1.387184 -1.834113
v -0.256835 1.388914 -1.852263
v -0.242734 1.449564 -1.832103
v -0.247334 1.454324 -1.850193
v -0.238035 1.491594 -1.813273
v -0.241735 1.503994 -1.827953
v -0.239535 1.532304 -1.788393
v -0.236034 1.515194 -1.780383
v -0.249135 1.547094 -1.726453
v -0.244735 1.528594 -1.724253
v -0.260735 1.542654 -1.681783
v -0.254735 1.511214 -1.779643
v -0.256534 1.490174 -1.809283
v -0.260935 1.450724 -1.826923
v -0.269635 1.390364 -1.828783
v -0.265535 1.455484 -1.845013
v -0.260234 1.502574 -1.823953
v -0.258235 1.528324 -1.787643
v -0.267135 1.542164 -1.729853
v -0.262835 1.523664 -1.727653
v -0.255635 1.524414 -1.682283
v -0.273235 1.519654 -1.687333
v -0.278335 1.537884 -1.686833
v -0.260735 1.542654 -1.681783
v -0.249135 1.547094 -1.726453
v -0.239535 1.532304 -1.788393
v -0.241735 1.503994 -1.827953
v -0.247334 1.454324 -1.850193
v -0.256835 1.388914 -1.852263
v -0.274735 1.392104 -1.846943
v -0.287534 1.338174 -1.849793
v -0.270034 1.333044 -1.855233
v -0.296635 1.269434 -1.864533
v -0.313634 1.275594 -1.858963
v -0.317835 1.212374 -1.867653
v -0.335635 1.216304 -1.862253
v -0.321835 1.154794 -1.863073
v -0.213335 1.433194 -1.716473
v -0.208834 1.411204 -1.749113
v -0.209135 1.412014 -1.715923
v -0.213035 1.432184 -1.757543
v -0.208035 1.378224 -1.785383
v -0.192135 1.437394 -1.716433
v -0.208834 1.411204 -1.749113
v -0.187935 1.416214 -1.715883
v -0.209135 1.412014 -1.715923
v -0.187734 1.415364 -1.750503
v -0.191835 1.436344 -1.758943
v -0.212135 1.388384 -1.805703
v -0.228634 1.210944 -1.819133
v -0.223734 1.209324 -1.798153
v -0.242935 1.019784 -1.826753
v -0.207634 1.209474 -1.824123
v -0.190935 1.389764 -1.810523
v -0.186735 1.379604 -1.790213
v -0.208035 1.378224 -1.785383
v -0.202734 1.207854 -1.803153
v -0.221534 1.024304 -1.831453
v -0.216835 1.020964 -1.810533
v -0.160535 0.895364 -1.858133
v -0.178235 0.882484 -1.856543
v -0.110935 0.815444 -1.901753
v -0.238235 1.016454 -1.805833
v -0.223734 1.209324 -1.798153
v -0.100134 0.708284 -1.913493
v -0.079035 0.709134 -1.918053
v -0.090735 0.825754 -1.905153
v -0.166534 0.901334 -1.878033
v -0.184135 0.888464 -1.876453
v -0.238235 1.016454 -1.805833
v -0.178235 0.882484 -1.856543
v -0.110935 0.815444 -1.901753
v -0.115735 0.820144 -1.922483
v -0.095535 0.830454 -1.925883
v -0.083634 0.711044 -1.939063
v -0.083436 0.637544 -1.923853
v -0.104435 0.638454 -1.919143
v -0.104834 0.710204 -1.934503
v -0.100134 0.708284 -1.913493
v -0.104435 0.638454 -1.919143
v -0.109034 0.640434 -1.940143
v -0.088035 0.639524 -1.944853
v -0.048135 0.803994 -1.980473
v -0.025735 0.661184 -1.958753
v -0.052835 0.662854 -1.984623
v -0.078735 0.662934 -1.957473
v -0.074035 0.804534 -1.953313
v -0.051635 0.661264 -1.931613
v -0.046835 0.803914 -1.927423
v -0.072435 0.955264 -1.957453
v -0.045235 0.956894 -1.931623
v -0.044335 1.063914 -1.944283
v -0.071535 1.062504 -1.970113
v -0.037635 1.180654 -1.951353
v -0.064435 1.185174 -1.977533
v -0.018335 1.294434 -1.930863
v -0.045735 1.059234 -1.997123
v -0.046535 0.953054 -1.984563
v -0.021034 0.803374 -1.954583
v -0.019435 0.954684 -1.958743
v -0.018534 1.060654 -1.971293
v -0.011735 1.179354 -1.978503
v -0.037635 1.180654 -1.951353
v -0.044335 1.063914 -1.944283
v -0.045235 0.956894 -1.931623
v -0.046835 0.803914 -1.927423
v -0.051635 0.661264 -1.931613
v -0.018335 1.294434 -1.930863
v -0.051835 1.383464 -1.787043
v -0.043835 1.400874 -1.686303
v -0.025135 1.409744 -1.783263
v 0.000465 1.382644 -1.778123
v 0.014365 1.368534 -1.872723
v -0.014135 1.344044 -1.864073
v 0.009465 1.306364 -1.955943
v -0.038534 1.183864 -2.004673
v -0.015535 1.324294 -1.979383
v -0.043335 1.312364 -1.954293
v -0.010235 1.394524 -1.884903
v -0.038735 1.370034 -1.876243
v -0.069834 1.374924 -1.693693
v -0.026335 1.356364 -1.781903
v -0.014135 1.344044 -1.864073
v -0.043835 1.348054 -1.691133
v -0.060936 1.269764 -1.972593
v -0.042535 1.259164 -1.961513
v -0.084635 1.144374 -1.993403
v -0.074535 1.262684 -1.953853
v -0.097434 1.143324 -1.973873
v -0.083436 1.042204 -1.999463
v -0.065035 1.141224 -1.980783
v -0.063935 1.042114 -1.986613
v -0.056034 0.936724 -1.995663
v -0.075435 0.934244 -2.008693
v -0.043935 0.784144 -2.001853
v -0.025035 0.788784 -1.988943
v -0.076735 1.040154 -1.967153
v -0.068835 0.934514 -1.976203
v -0.037935 0.787534 -1.969513
v -0.005235 0.684004 -1.979463
v -0.024235 0.679274 -1.992363
v -0.056935 0.782884 -1.982423
v -0.088135 0.932034 -1.989233
v -0.037236 0.678564 -1.972983
v -0.018335 0.683294 -1.960083
v -0.096334 1.040244 -1.979993
v -0.077835 1.140184 -1.961243
v -0.076735 1.040154 -1.967153
v -0.068835 0.934514 -1.976203
v -0.037935 0.787534 -1.969513
v -0.018335 0.683294 -1.960083
v -0.056134 1.252084 -1.942773
v -0.052735 1.330864 -1.876003
v -0.036635 1.346544 -1.885263
v -0.035835 1.315234 -1.870993
v -0.019736 1.330914 -1.880253
v -0.035035 1.360474 -1.790403
v -0.051435 1.344014 -1.787723
v -0.034834 1.327484 -1.787503
v -0.038534 1.346934 -1.692213
v -0.022135 1.363384 -1.694933
v -0.018436 1.343944 -1.790183
v -0.035835 1.315234 -1.870993
v -0.056134 1.252084 -1.942773
v -0.077835 1.140184 -1.961243
v -0.034834 1.327484 -1.787503
v -0.022135 1.330344 -1.693923
v -0.005735 1.346794 -1.696643
v -0.026335 1.356364 -1.781903
v -0.017735 1.374004 -1.683733
v -0.043835 1.348054 -1.691133
v -0.007835 0.916434 -2.001333
v 0.000565 0.786214 -1.981333
v -0.018935 0.917974 -1.988723
v -0.010435 0.786914 -1.968603
v 0.005965 1.021024 -2.004623
v 0.004865 0.918364 -1.990423
v 0.013265 0.788434 -1.970463
v -0.005035 1.022884 -1.992053
v -0.006134 0.919904 -1.977813
v 0.002265 0.789124 -1.957733
v 0.009565 0.699934 -1.950343
v 0.020565 0.699784 -1.963123
v 0.007865 0.697834 -1.974023
v -0.003135 0.697994 -1.961243
v 0.009565 0.699934 -1.950343
v 0.002265 0.789124 -1.957733
v -0.006134 0.919904 -1.977813
v -0.017735 1.022084 -2.003113
v -0.006735 1.020224 -2.015683
v 0.012965 1.132144 -2.014893
v 0.000465 1.134064 -2.026183
v -0.010735 1.134324 -2.013443
v 0.001865 1.132404 -2.002153
v 0.019765 1.269304 -1.971643
v -0.005035 1.022884 -1.992053
v 0.015865 1.338854 -1.889623
v 0.028265 1.349784 -1.894293
v 0.007965 1.277554 -1.981443
v 0.019865 1.283804 -1.992803
v 0.031665 1.275554 -1.983003
v 0.019765 1.269304 -1.971643
v 0.001865 1.132404 -2.002153
v 0.039765 1.338674 -1.889053
v 0.027465 1.327744 -1.884383
v 0.028866 1.363934 -1.792173
v 0.017165 1.375424 -1.796013
v 0.002465 1.389894 -1.695123
v 0.016965 1.352024 -1.791313
v 0.014265 1.378344 -1.691743
v 0.002465 1.366304 -1.691743
v -0.009335 1.377864 -1.695113
v 0.005264 1.363514 -1.795153
v 0.002465 1.366304 -1.691743
v 0.027465 1.327744 -1.884383
v 0.016965 1.352024 -1.791313
v 0.002465 1.366304 -1.691743
v 0.056366 1.137824 -1.962723
v 0.058765 1.253244 -1.932083
v 0.020264 1.150594 -1.933623
v 0.040965 1.057974 -1.947043
v 0.010465 1.055664 -1.984203
v 0.004465 0.951214 -1.970143
v 0.034965 0.953854 -1.932993
v -0.002236 0.957974 -1.902723
v -0.002735 0.885064 -1.898363
v 0.004064 1.067414 -1.917463
v 0.004064 0.882144 -1.965993
v 0.034465 0.882714 -1.928703
v -0.033135 0.884494 -1.935643
v -0.032735 0.955334 -1.939873
v -0.026435 1.065104 -1.954623
v -0.003335 0.745074 -1.963223
v 0.026865 0.742364 -1.925893
v -0.040735 0.746084 -1.932823
v -0.009035 1.155284 -1.972003
v 0.020264 1.150594 -1.933623
v 0.004064 1.067414 -1.917463
v -0.002236 0.957974 -1.902723
v -0.002735 0.885064 -1.898363
v -0.010435 0.743374 -1.895493
v -0.014035 0.671064 -1.901393
v -0.044135 0.675584 -1.938573
v -0.006735 0.676204 -1.968843
v 0.023365 0.671684 -1.931653
v -0.014035 0.671064 -1.901393
v -0.010435 0.743374 -1.895493
v 0.035264 1.349694 -1.841523
v 0.033765 1.347354 -1.921073
v 0.059665 1.322364 -1.888913
v 0.038966 1.308564 -1.945403
v 0.064765 1.287804 -1.910503
v 0.058765 1.253244 -1.932083
v 0.033065 1.269764 -1.969733
v 0.027065 1.142514 -2.001103
v 0.073665 1.270724 -1.999373
v 0.099365 1.254204 -1.961723
v 0.079565 1.322234 -1.967293
v 0.105365 1.301474 -1.932383
v 0.100365 1.348744 -1.903033
v 0.074465 1.373734 -1.935203
v 0.069965 1.383044 -1.841563
v 0.059665 1.322364 -1.888913
v 0.064765 1.287804 -1.910503
v -0.023634 1.405654 -1.743533
v -0.000335 1.439584 -1.661613
v 0.010365 1.439674 -1.740573
v 0.043365 1.405644 -1.731013
v 0.009465 1.371634 -1.733973
v 0.035264 1.349694 -1.841523
v -0.000335 1.371554 -1.661683
v 0.033365 1.405564 -1.657093
v 0.040065 1.414504 -1.863943
v 0.005365 1.381154 -1.863893
v 0.033365 1.405564 -1.657093
v -0.000335 1.371554 -1.661683
v -0.034035 1.405574 -1.666203
v 0.009465 1.371634 -1.733973
v -0.000335 1.371554 -1.661683
v 0.486367 0.994744 -1.836443
v 0.437764 0.955464 -1.831953
v 0.486467 0.961724 -1.819913
v 0.437764 0.955464 -1.831953
v 0.455466 0.940584 -1.861853
v 0.486467 0.961724 -1.819913
v 0.496367 0.945844 -1.851743
v 0.496265 0.978864 -1.868273
v 0.451765 0.973144 -1.879263
v 0.434065 0.988024 -1.849363
v 0.365466 0.945924 -1.893883
v 0.373766 0.916144 -1.873543
v 0.324965 0.896864 -1.940033
v 0.353365 0.889124 -1.962663
v 0.289366 0.864864 -1.965123
v 0.393066 0.937094 -1.917393
v 0.308466 0.849044 -1.994413
v 0.246266 0.837054 -2.005423
v 0.362965 0.860905 -1.940903
v 0.401367 0.907314 -1.897043
v 0.180965 0.818164 -1.983483
v 0.244866 0.804554 -1.987423
v 0.315466 0.818264 -1.974773
v 0.296367 0.834084 -1.945483
v 0.334666 0.868634 -1.918273
v 0.373766 0.916144 -1.873543
v 0.028365 0.639864 -1.970893
v 0.019665 0.635284 -1.935293
v 0.022165 0.726734 -1.961193
v 0.058365 0.722774 -1.952903
v 0.087265 0.829374 -1.954583
v 0.049465 0.721884 -1.916893
v 0.082365 0.842844 -1.918763
v 0.137666 0.856784 -1.935003
v 0.127065 0.839514 -1.966343
v 0.191666 0.834804 -1.951873
v 0.243166 0.823614 -1.954963
v 0.055465 0.636804 -1.926393
v 0.049465 0.721884 -1.916893
v 0.013265 0.725834 -1.925183
v 0.057465 0.856944 -1.963123
v 0.124365 0.874024 -1.982713
v 0.187166 0.849524 -2.001983
v 0.052565 0.870414 -1.927303
v 0.082365 0.842844 -1.918763
v 0.134965 0.891294 -1.951373
v 0.197765 0.866164 -1.970373
v 0.244566 0.856124 -1.972963
v 0.334666 0.868634 -1.918273
v 0.296367 0.834084 -1.945483
v 0.243166 0.823614 -1.954963
v 0.191666 0.834804 -1.951873
v 0.137666 0.856784 -1.935003
v 0.519165 1.167414 -1.814253
v 0.464366 1.159414 -1.845633
v 0.509265 1.149524 -1.807293
v 0.422965 1.156504 -1.877923
v 0.396564 1.130084 -1.921473
v 0.436166 1.145094 -1.890573
v 0.464366 1.159414 -1.845633
v 0.475866 1.147604 -1.859673
v 0.509265 1.149524 -1.807293
v 0.519565 1.137964 -1.822343
v 0.529466 1.155864 -1.829303
v 0.483266 1.166054 -1.868783
v 0.471766 1.177864 -1.854743
v 0.439565 1.162664 -1.902793
v 0.426266 1.174084 -1.890143
v 0.395865 1.146784 -1.936803
v 0.380765 1.157794 -1.925543
v 0.422965 1.156504 -1.877923
v 0.381467 1.141094 -1.910213
v 0.344966 1.118894 -1.942873
v 0.361066 1.109184 -1.953593
v 0.364366 1.095794 -1.936803
v 0.336165 1.071584 -1.970383
v 0.319064 1.079994 -1.960213
v 0.272166 1.001194 -1.977823
v 0.220167 0.926344 -1.977043
v 0.278665 0.991904 -1.959403
v 0.325065 1.069915 -1.941953
v 0.348266 1.105504 -1.926083
v 0.342166 1.061504 -1.952133
v 0.288566 0.991714 -1.988303
v 0.214666 0.936714 -1.995173
v 0.161466 0.882364 -1.986143
v 0.156065 0.892834 -2.004263
v 0.083765 0.841224 -1.986113
v 0.075264 0.849834 -2.004333
v 0.036564 0.787204 -1.976053
v 0.022965 0.789724 -1.993303
v 0.021765 0.691174 -1.980913
v 0.039665 0.781434 -2.005943
v 0.086065 0.834924 -2.015923
v 0.166466 0.877824 -2.016003
v 0.228566 0.924324 -2.006403
v 0.035166 0.692964 -1.964113
v 0.040264 0.638524 -1.962883
v 0.026765 0.636894 -1.979693
v 0.038665 0.690844 -1.994423
v 0.053265 0.778904 -1.988693
v 0.094565 0.826314 -1.997703
v 0.171765 0.867364 -1.997883
v 0.234065 0.913954 -1.988273
v 0.052065 0.692644 -1.977613
v 0.043565 0.638144 -1.993233
v 0.057065 0.639774 -1.976423
v 0.040264 0.638524 -1.962883
v 0.035166 0.692964 -1.964113
v 0.036564 0.787204 -1.976053
v 0.083765 0.841224 -1.986113
v 0.161466 0.882364 -1.986143
v 0.220167 0.926344 -1.977043
v 0.295066 0.982434 -1.969893
v 0.278665 0.991904 -1.959403
v 0.325065 1.069915 -1.941953
v 0.348266 1.105504 -1.926083
v 0.381467 1.141094 -1.910213
v -1.589035 -0.541927 2.894997
v -0.934235 -0.497281 2.863427
v -1.589035 -0.497281 2.863428
v -0.934235 -0.395187 2.840787
v -0.934235 -0.541927 2.894997
v -0.934235 -0.557631 2.913707
v -1.601535 -0.557631 2.913707
v -1.649035 -0.581675 2.893528
v -1.699735 -0.561541 2.879018
v -1.699735 -0.508841 2.841218
v -1.589035 -0.395187 2.840788
v -0.934235 -0.317885 2.857947
v -1.699735 -0.394095 2.815778
v -1.589035 -0.317885 2.857948
v -0.934235 -0.255055 2.906137
v -1.589035 -0.255055 2.906137
v -0.934235 -0.223901 2.951077
v -1.589035 -0.223901 2.951077
v -0.934235 -0.215543 2.974027
v -1.601535 -0.215543 2.974028
v -1.649035 -0.186053 2.963288
v -1.699735 -0.200004 2.942768
v -1.699735 -0.236597 2.889218
v -1.699735 -0.307216 2.835068
v 0.064165 0.641394 -1.961993
v 0.055465 0.636804 -1.926393
v 0.559565 0.770174 -1.551304
v 0.575066 0.770174 -2.072093
v -0.039235 0.770174 -1.551464
v 0.026965 0.770174 -2.171793
v -0.105435 0.770174 -2.171793
v -0.578634 0.770174 -2.072093
v -0.563135 0.770174 -1.551304
v -0.413336 1.718454 -1.583423
v -0.586935 1.718454 -1.732753
v -0.586935 1.718454 -1.583423
v -0.413336 1.718454 -1.732753
v 0.339366 1.718454 -1.583423
v 0.339366 1.718454 -1.732753
v 0.562865 1.718454 -1.583423
v 0.562866 1.718454 -1.732753
v 0.339366 1.718454 -1.583423
v 0.562865 0.562424 -1.629373
v 0.562865 1.718454 -1.583423
v 0.339366 0.562424 -1.629373
v -0.413336 1.718454 -1.583423
v -0.413335 0.562424 -1.629373
v -0.586935 1.718454 -1.583423
v -0.586935 0.562424 -1.629373
v -0.413336 1.718454 -1.732753
v -0.586935 0.562424 -1.732753
v -0.586935 1.718454 -1.732753
v -0.413336 0.562424 -1.732753
v 0.339366 1.718454 -1.732753
v 0.339366 0.562424 -1.732753
v 0.562866 1.718454 -1.732753
v 0.562866 0.562424 -1.732753
v 1.804266 0.034484 1.303117
v 1.794866 0.234894 1.297467
v 1.822166 0.208634 1.308117
v 1.839366 0.167544 1.318757
v 1.825066 0.069055 1.315827
v 1.842366 0.115324 1.317297
v 1.627066 0.196064 1.239007
v 1.614066 0.091645 1.236087
v 1.611866 0.143854 1.237547
v 1.656666 0.228804 1.251717
v 1.637066 0.050543 1.246727
v 1.668066 0.020294 1.257377
v 1.695766 0.253604 1.264437
v 1.745366 0.255644 1.280957
v 1.717566 0.003537 1.273887
v 1.767166 0.011706 1.290407
v 1.611866 0.143854 1.237547
v 1.594666 0.180374 1.299297
v 1.627066 0.196064 1.239007
v 1.579166 0.125964 1.297777
v 1.614066 0.091645 1.236087
v 1.581166 0.071545 1.296247
v 1.637066 0.050543 1.246727
v 1.605466 0.028708 1.307347
v 1.668066 0.020294 1.257377
v 1.637766 -0.003277 1.318437
v 1.689366 -0.020282 1.335657
v 1.717566 0.003537 1.273887
v 1.741066 -0.012363 1.352867
v 1.767166 0.011706 1.290407
v 1.779766 0.011798 1.366117
v 1.804266 0.034484 1.303117
v 1.802266 0.047751 1.379367
v 1.825066 0.069055 1.315827
v 1.819766 0.096235 1.380897
v 1.842366 0.115324 1.317297
v 1.817066 0.150654 1.382417
v 1.839366 0.167544 1.318757
v 1.798566 0.193484 1.371327
v 1.822166 0.208634 1.308117
v 1.769966 0.221474 1.360227
v 1.794866 0.234894 1.297467
v 1.718266 0.242474 1.343017
v 1.745366 0.255644 1.280957
v 1.695766 0.253604 1.264437
v 1.666666 0.240684 1.325797
v 1.656666 0.228804 1.251717
v 1.625966 0.214504 1.312547
v 1.627066 0.196064 1.239007
v 1.594666 0.180374 1.299297
v 1.876766 -0.547158 1.331177
v 1.852966 -0.064811 1.318657
v 1.922366 -0.128000 1.342237
v 1.965966 -0.226913 1.365827
v 1.929566 -0.463953 1.359347
v 1.973466 -0.352580 1.362587
v 1.426966 -0.158264 1.189117
v 1.393866 -0.409593 1.182637
v 1.388366 -0.283928 1.185877
v 1.502166 -0.079455 1.217287
v 1.452466 -0.508508 1.206227
v 1.531066 -0.581311 1.229817
v 1.601466 -0.019771 1.245467
v 1.727166 -0.014866 1.282057
v 1.656866 -0.621641 1.266407
v 1.782566 -0.601981 1.302997
v 1.388366 -0.283928 1.185877
v 1.344666 -0.196015 1.322707
v 1.426966 -0.158264 1.189117
v 1.305465 -0.326992 1.319337
v 1.393866 -0.409593 1.182637
v 1.310366 -0.457970 1.315957
v 1.452466 -0.508508 1.206227
v 1.372266 -0.561061 1.340537
v 1.531066 -0.581311 1.229817
v 1.454166 -0.638042 1.365127
v 1.585266 -0.678971 1.403267
v 1.656866 -0.621641 1.266407
v 1.716266 -0.659910 1.441407
v 1.782566 -0.601981 1.302997
v 1.814666 -0.601760 1.470767
v 1.876766 -0.547158 1.331177
v 1.871666 -0.515227 1.500137
v 1.929566 -0.463953 1.359347
v 1.916166 -0.398542 1.503517
v 1.973466 -0.352580 1.362587
v 1.909266 -0.267565 1.506887
v 1.965966 -0.226913 1.365827
v 1.862366 -0.164476 1.482307
v 1.922366 -0.128000 1.342237
v 1.789666 -0.097112 1.457727
v 1.852966 -0.064811 1.318657
v 1.727166 -0.014866 1.282057
v 1.658566 -0.046566 1.419577
v 1.601466 -0.019771 1.245467
v 1.527466 -0.050871 1.381437
v 1.502166 -0.079455 1.217287
v 1.424066 -0.113880 1.352077
v 1.426966 -0.158264 1.189117
v 1.344666 -0.196015 1.322707
v -1.758435 1.298924 1.333848
v -1.604135 1.116734 1.759807
v -1.232035 1.406374 1.141287
v -0.650535 1.123084 1.759807
v -1.036835 1.100424 1.804827
v -1.679735 1.086834 1.817767
v -1.555335 0.852634 2.252987
v -1.036835 0.832164 2.300257
v -1.595535 0.826114 2.300257
v -1.556235 0.672444 2.573258
v -1.036835 0.674974 2.580097
v 1.585766 -0.615633 2.985907
v 1.585766 -0.593745 2.933067
v 1.585766 -0.192365 3.099327
v 1.585766 -0.623098 3.042617
v 1.585766 -0.214253 3.152167
v 1.585766 -0.249071 3.197547
v 1.585766 -0.615633 3.099327
v 1.585766 -0.294448 3.232357
v 1.585766 -0.593745 3.152167
v 1.585766 -0.347292 3.254257
v 1.585766 -0.558925 3.197547
v 1.585766 -0.403999 3.261717
v 1.585766 -0.513549 3.232367
v 1.585766 -0.460706 3.254257
v 1.975366 0.247134 1.394627
v 1.972366 -0.688050 1.396177
v 1.191066 -0.688050 1.152087
v 0.685265 -0.703689 2.003757
v -1.693635 0.233584 2.905988
v -1.036835 0.376984 2.580097
v -1.738335 0.372844 2.572728
v -1.666435 0.529314 2.573558
v -1.556235 0.672444 2.573258
v -1.036835 0.674974 2.580097
v -1.742435 -0.159759 2.793768
v -1.036835 -0.153431 2.793957
v -1.619535 -0.088279 2.839227
v -1.036835 -0.078573 2.839227
v -1.578035 -0.032060 2.882678
v -1.036835 0.003087 2.912827
v -1.660035 0.003087 2.912828
v -1.036835 0.104514 2.912828
v -1.719835 0.104514 2.912828
v -1.036835 0.233494 2.905988
v -1.036835 -0.703688 2.912827
v -1.036835 -0.658639 2.892287
v -1.713135 -0.703688 2.912828
v -1.718135 -0.657853 2.892287
v -1.036835 -0.553592 2.788507
v -1.743735 -0.551513 2.788507
v -1.036835 -0.416783 2.744987
v -1.754535 -0.412563 2.744988
v -1.752835 -0.267962 2.751798
v -1.036835 -0.269356 2.751797
v 1.585766 -0.403999 2.823517
v 1.585766 -0.347292 2.830977
v 1.585766 -0.294448 2.852867
v 1.585766 -0.249072 2.887687
v 1.585766 -0.460706 2.830977
v 1.585766 -0.214253 2.933067
v 1.585766 -0.513549 2.852867
v 1.585766 -0.192365 2.985907
v 1.585766 -0.558925 2.887687
v 1.585766 -0.184899 3.042617
v -1.588935 -0.593745 3.152168
v -1.588935 -0.558925 3.197547
v -1.588935 -0.214253 2.933068
v -1.588935 -0.249072 2.887687
v -1.588935 -0.615633 3.099328
v -1.588935 -0.294448 2.852868
v -1.588935 -0.623098 3.042618
v -1.588935 -0.347292 2.830978
v -1.588935 -0.615633 2.985908
v -1.588935 -0.593745 2.933068
v -1.588935 -0.403999 2.823518
v -1.588935 -0.460706 2.830978
v -1.588935 -0.558925 2.887687
v -1.588935 -0.513549 2.852868
v -1.588935 -0.347292 3.254258
v -1.588935 -0.294448 3.232358
v -1.588935 -0.249071 3.197547
v -1.588935 -0.214253 3.152168
v -1.588935 -0.403999 3.261718
v -1.588935 -0.192365 3.099328
v -1.588935 -0.460706 3.254258
v -1.588935 -0.184899 3.042618
v -1.588935 -0.513549 3.232368
v -1.588935 -0.192365 2.985908
v -0.161334 0.606084 2.919688
v -0.160034 0.566594 2.933378
v -0.159934 0.565594 2.937217
v -0.158534 0.522934 2.951998
v -1.676335 -0.088516 0.870487
v -1.676335 0.321054 0.870487
v -1.590935 0.321054 0.853427
v -1.590935 -0.705212 0.853427
v -1.676335 -0.705212 0.870487
v -1.962135 -0.705212 0.519927
v -1.962135 -0.088516 0.519927
v -1.962135 0.321054 0.746607
v 2.020066 -0.716131 0.340132
v 2.007066 -0.716131 0.341012
v 1.863866 -0.716138 0.427427
v 1.801166 -0.716138 0.447587
v 1.680166 -0.598793 1.362207
v 1.811566 -0.552327 1.396857
v 1.793066 -0.544810 1.417247
v 1.691866 -0.609498 1.338577
v 1.552466 -0.584022 1.315497
v 1.556666 -0.593854 1.289097
v 1.444266 -0.504464 1.289607
v 1.442066 -0.509593 1.261687
v 1.384566 -0.381427 1.291497
v 1.378866 -0.379289 1.263677
v 1.389366 -0.247886 1.320637
v 1.383866 -0.237858 1.294547
v 1.457366 -0.139621 1.369237
v 1.455866 -0.123199 1.346017
v 1.812966 0.064089 0.429317
v 1.740966 -0.050573 0.377844
v 1.735866 -0.192004 0.346976
v 1.799066 -0.322309 0.344982
v 1.913666 -0.406569 0.372397
v 2.048965 -0.422211 0.421877
v 2.168566 -0.365043 0.480157
v 2.240566 -0.250377 0.531627
v 1.883566 -0.437665 1.448327
v 2.245666 -0.108948 0.562497
v 1.888566 -0.296233 1.479197
v 2.182365 0.021357 0.564487
v 1.825366 -0.165931 1.481187
v 2.067866 0.105614 0.537067
v 1.710766 -0.081670 1.453777
v 1.575566 -0.066026 1.404297
v 1.697966 -0.100410 1.470987
v 1.570266 -0.085641 1.424267
v 1.806166 -0.179969 1.496867
v 1.865866 -0.303005 1.494987
v 1.861066 -0.436546 1.465837
v 1.932566 0.121254 0.487597
v 1.812966 0.064089 0.429317
v 1.455866 -0.123199 1.346017
v 1.457366 -0.139621 1.369237
v 2.009766 0.126384 0.791777
v 2.009766 -0.056148 0.812407
v 2.009766 -0.238694 0.791907
v 2.009766 -0.412101 0.731307
v -1.583835 -0.066026 1.258187
v -1.578435 -0.133568 1.276187
v -1.658735 -0.520931 1.252437
vn -0.9919 -0.0002 0.1271
vn 0.0080 0.9992 -0.0396
vn -0.9979 0.0157 0.0634
vn 0.0081 -0.9997 0.0234
vn -0.9919 -0.0000 0.1271
vn -0.0074 -0.9969 0.0778
vn -0.1247 -0.9583 0.2571
vn -0.1570 -0.7062 0.6904
vn 0.9955 -0.0545 0.0778
vn 0.9888 -0.1168 0.0934
vn -0.1166 -0.9872 0.1088
vn 0.1337 0.9830 -0.1258
vn -0.1163 -0.9872 0.1088
vn -0.9885 0.1028 -0.1107
vn -0.1246 -0.9583 0.2571
vn -0.9768 0.1733 -0.1261
vn 0.1415 0.9510 -0.2751
vn 1.0000 -0.0000 -0.0000
vn 0.9973 -0.0623 0.0390
vn -0.1424 -0.2214 0.9647
vn 0.9865 -0.0854 0.1398
vn -0.1568 -0.7062 0.6905
vn -0.9527 0.1985 -0.2302
vn 0.1569 0.6905 -0.7061
vn 0.1483 0.2030 -0.9679
vn 0.1478 0.0389 -0.9883
vn 0.9897 -0.0702 0.1247
vn 0.1400 0.0623 -0.9882
vn -0.9883 0.0554 -0.1423
vn -0.9696 0.0867 -0.2286
vn -0.9899 0.0634 -0.1267
vn -0.1421 -0.0789 0.9867
vn -0.1267 -0.0553 0.9904
vn -0.1422 -0.2215 0.9647
vn 0.1483 0.1015 -0.9837
vn -0.9922 0.0393 -0.1181
vn -0.1257 -0.1182 0.9850
vn -0.1979 -0.1663 0.9660
vn -0.9799 -0.1106 -0.1660
vn -0.2213 -0.2846 0.9328
vn -0.8011 -0.5654 -0.1963
vn -0.0000 0.1087 -0.9941
vn 0.0778 0.1323 -0.9882
vn -0.1268 -0.0555 0.9904
vn -0.1423 -0.0789 0.9867
vn 0.9875 -0.0544 0.1477
vn 0.9856 0.0939 0.1408
vn 0.8094 0.5344 0.2436
vn -0.0939 0.1878 -0.9777
vn 0.3402 0.8703 0.3561
vn -0.1029 0.9575 0.2693
vn -0.0622 0.2567 -0.9645
vn 0.1086 -0.9153 -0.3878
vn -0.3122 -0.9207 -0.2341
vn 0.0316 -0.4248 0.9047
vn 0.0943 -0.4166 0.9042
vn 0.2624 -0.9032 -0.3396
vn 0.0780 0.3432 -0.9360
vn 0.0932 0.3496 -0.9323
vn -0.2548 0.9158 0.3106
vn -0.2461 0.9130 0.3255
vn 0.2559 -0.9074 -0.3335
vn -0.0631 -0.3623 0.9299
vn -0.0785 -0.3687 0.9262
vn -0.0631 -0.3628 0.9297
vn -0.0785 -0.3690 0.9261
vn -0.1261 -0.1182 0.9849
vn -0.1980 -0.1663 0.9660
vn -0.2214 -0.2846 0.9327
vn 0.0314 -0.4248 0.9047
vn 0.0944 -0.4168 0.9041
vn -0.0935 0.1091 -0.9896
vn 0.6772 0.7324 0.0709
vn 0.1819 0.9648 0.1898
vn -0.0000 0.1632 -0.9866
vn -0.1665 0.9675 0.1903
vn 0.1781 -0.9523 -0.2478
vn 0.3491 -0.9077 -0.2327
vn 0.1088 0.2099 -0.9716
vn -0.3327 0.9268 0.1743
vn 0.0395 -0.2756 0.9604
vn -0.0711 -0.2846 0.9560
vn -0.3978 0.8990 0.1830
vn 0.1563 0.2579 -0.9534
vn 0.4042 -0.8938 -0.1943
vn -0.0711 -0.2841 0.9561
vn 0.0394 -0.2754 0.9605
vn -0.1426 -0.2771 0.9502
vn -0.1425 -0.2773 0.9502
vn 0.0790 -0.3318 0.9401
vn -0.1633 -0.9640 -0.2099
vn 0.0393 -0.3534 0.9347
vn -0.6661 -0.7366 -0.1176
vn -0.9517 -0.2988 0.0706
vn -0.2027 0.1559 -0.9667
vn -0.9957 -0.0316 0.0870
vn -0.1012 0.1090 -0.9889
vn -0.9984 0.0555 0.0079
vn -0.0940 0.3054 -0.9476
vn -0.2109 0.1328 -0.9684
vn -0.0078 -0.6992 0.7149
vn 0.0789 -0.3223 0.9433
vn 0.0951 -0.1264 0.9874
vn 0.0159 -0.2370 0.9714
vn 0.9808 -0.0156 -0.1945
vn 0.9955 0.0156 -0.0933
vn 0.9643 0.2644 -0.0155
vn 0.0785 -0.3223 0.9434
vn 0.0945 -0.1264 0.9875
vn 0.0158 -0.2369 0.9714
vn 0.0393 -0.3535 0.9346
vn 0.0790 -0.3318 0.9400
vn 0.9673 -0.0542 -0.2476
vn -0.0079 -0.6992 0.7149
vn -0.0234 -0.9420 0.3348
vn -0.0471 0.6984 -0.7141
vn -0.9694 0.2145 0.1192
vn -0.9787 0.1894 0.0789
vn 0.1026 0.9230 -0.3708
vn 0.9790 -0.0622 -0.1942
vn 0.9888 -0.1168 -0.0934
vn -0.0859 -0.9840 0.1562
vn 0.1027 0.9794 -0.1738
vn -0.9915 0.1031 0.0793
vn -0.0233 -0.9420 0.3347
vn 0.4965 0.7566 0.4256
vn -0.1261 -0.4966 0.8588
vn -0.1412 -0.5492 0.8237
vn -0.2520 -0.5277 0.8112
vn 0.9840 -0.0859 0.1562
vn -0.1735 -0.2127 0.9616
vn -0.1505 -0.1265 0.9805
vn 0.9786 -0.0388 0.2020
vn -0.1971 -0.2285 0.9534
vn 0.9304 0.2346 0.2815
vn -0.2129 -0.4180 0.8831
vn 0.7783 0.5188 0.3537
vn 0.0624 0.4212 -0.9048
vn 0.0466 0.3576 -0.9327
vn -0.4689 -0.7581 -0.4533
vn 0.0077 -0.8734 -0.4869
vn -0.7601 -0.5407 -0.3604
vn -0.1412 -0.5491 0.8237
vn -0.2520 -0.5276 0.8112
vn 0.3328 -0.9056 -0.2631
vn 0.3497 0.3264 -0.8782
vn 0.4094 -0.8882 -0.2085
vn 0.1014 0.3587 -0.9279
vn 0.3491 -0.8921 -0.2870
vn -0.2917 -0.4651 0.8358
vn -0.1184 -0.3234 0.9388
vn 0.0236 -0.3066 0.9516
vn 0.0397 0.9362 0.3491
vn 0.2651 0.3119 -0.9124
vn -0.3570 0.8726 0.3332
vn -0.4143 0.8525 0.3187
vn -0.0078 0.2880 -0.9576
vn -0.3416 0.8978 0.2781
vn 0.0236 -0.3068 0.9515
vn -0.1183 -0.3235 0.9388
vn -0.2917 -0.4652 0.8358
vn -0.1259 -0.4964 0.8589
vn -0.2127 -0.4180 0.8832
vn 0.0547 0.3437 -0.9375
vn -0.9311 -0.2841 -0.2288
vn -0.9898 -0.0000 -0.1425
vn -0.1966 -0.2285 0.9535
vn -0.9850 0.0709 -0.1576
vn -0.1500 -0.1265 0.9806
vn -0.1731 -0.2129 0.9616
vn -0.9737 0.0792 -0.2137
vn -0.1804 -0.5256 0.8314
vn 0.1861 0.1009 -0.9773
vn 0.1328 0.2109 -0.9684
vn -0.9584 0.1584 -0.2376
vn -0.1492 -0.9109 0.3848
vn 0.1638 0.1950 -0.9670
vn 0.9923 -0.0703 0.1016
vn -0.1086 -0.9936 0.0312
vn -0.9807 0.1028 -0.1661
vn -0.9433 0.2537 -0.2140
vn 0.1870 0.5066 -0.8417
vn 0.9961 -0.0700 0.0545
vn -0.1805 -0.5255 0.8314
vn 0.1258 0.9909 -0.0472
vn -0.1089 -0.9936 0.0310
vn 0.9820 -0.1169 0.1481
vn 0.9973 0.0234 0.0701
vn 0.1811 0.8977 -0.4016
vn 0.7331 -0.5459 0.4056
vn 0.3650 -0.4892 -0.7921
vn -0.1947 -0.5530 -0.8101
vn 0.2488 -0.8485 0.4670
vn -0.2023 -0.4901 -0.8479
vn 0.0312 -0.6158 -0.7873
vn 0.1330 0.7747 -0.6182
vn -0.2671 0.7306 -0.6285
vn -0.1176 -0.8001 0.5883
vn 0.4509 -0.7462 0.4897
vn -0.1745 0.1824 0.9676
vn 0.1106 0.6324 0.7667
vn 0.1271 0.7548 0.6435
vn -0.0158 0.6014 0.7988
vn -0.1017 -0.7977 0.5944
vn 0.0465 -0.6117 -0.7897
vn 0.1175 0.7830 -0.6108
vn -0.0317 0.6099 0.7919
vn -0.0158 0.6011 0.7990
vn -0.0317 0.6097 0.7920
vn -0.7044 0.6569 -0.2691
vn -0.5148 0.8237 -0.2376
vn 0.1255 0.9412 -0.3137
vn 0.3959 -0.3571 -0.8460
vn 0.1109 0.6322 0.7668
vn -0.4441 0.1664 0.8804
vn 0.5178 0.8474 -0.1177
vn -0.3166 0.1108 0.9421
vn 0.8684 0.4929 0.0548
vn -0.2777 0.0393 0.9599
vn -0.2294 0.0551 0.9718
vn 0.2171 -0.2946 -0.9306
vn 0.0933 -0.1788 -0.9795
vn 0.1008 -0.0698 -0.9925
vn -0.9803 -0.1186 -0.1581
vn -0.9552 0.2132 -0.2052
vn -0.2442 -0.0079 0.9697
vn -0.8725 0.4759 -0.1111
vn -0.2063 -0.0714 0.9759
vn -0.8332 -0.5345 -0.1415
vn -0.2291 0.0553 0.9718
vn -0.2775 0.0397 0.9599
vn -0.5235 -0.8517 0.0234
vn -0.1321 -0.9790 0.1554
vn -0.4442 0.1667 0.8803
vn 0.8583 -0.5103 0.0541
vn -0.2218 -0.2771 0.9349
vn -0.1815 -0.1578 0.9706
vn 0.8629 -0.4898 0.1244
vn -0.2064 -0.0714 0.9759
vn 0.9622 -0.2561 0.0931
vn -0.2444 -0.0079 0.9696
vn 0.8975 -0.4255 0.1161
vn -0.2136 -0.4114 0.8861
vn 0.2871 0.2250 -0.9311
vn 0.2335 0.1168 -0.9653
vn 0.1485 0.0938 -0.9845
vn 0.1010 0.0311 -0.9944
vn 0.9828 0.0858 0.1638
vn -0.8372 0.5212 -0.1658
vn -0.8940 0.4193 -0.1582
vn -0.1815 -0.1579 0.9706
vn -0.2216 -0.2772 0.9349
vn -0.9299 0.2522 -0.2679
vn -0.9169 -0.0553 -0.3952
vn -0.1812 -0.5437 0.8195
vn -0.2358 -0.5818 0.7784
vn -0.8476 -0.2590 -0.4631
vn 0.3432 0.5459 -0.7643
vn 0.8630 0.2196 0.4550
vn 0.9395 0.0626 0.3367
vn 0.9667 -0.2027 0.1559
vn 0.3497 0.3653 -0.8627
vn 0.2822 0.5643 -0.7759
vn 0.1022 0.6995 -0.7073
vn -0.9121 -0.0314 -0.4089
vn 0.9534 0.1563 0.2579
vn -0.2899 -0.7365 0.6112
vn -0.9774 0.1892 -0.0945
vn 0.0789 0.9555 -0.2843
vn 0.9998 0.0078 0.0156
vn -0.1563 -0.9534 0.2579
vn 0.9913 -0.1162 -0.0620
vn -0.1013 -0.9947 0.0156
vn -0.1560 -0.9535 0.2579
vn 0.1182 0.9925 -0.0315
vn -0.9936 0.1025 0.0473
vn -0.1010 -0.9948 0.0155
vn -0.1813 -0.5437 0.8195
vn -0.2359 -0.5818 0.7784
vn -0.2899 -0.7365 0.6111
vn -0.2442 0.6697 -0.7013
vn -0.4909 -0.5922 -0.6390
vn -0.2713 -0.7362 -0.6200
vn 0.0861 -0.5399 0.8373
vn 0.2591 -0.6828 0.6831
vn -0.2440 -0.3858 0.8897
vn -0.7088 -0.4830 -0.5141
vn -0.6813 -0.6030 -0.4151
vn 0.2025 0.3583 -0.9114
vn -0.4384 -0.7514 -0.4931
vn 0.0235 0.5178 -0.8552
vn -0.4132 -0.7172 -0.5612
vn 0.0471 0.5880 -0.8075
vn -0.0550 -0.6053 0.7941
vn -0.0000 -0.5509 0.8346
vn -0.7180 -0.4682 -0.5151
vn -0.0787 -0.3621 0.9288
vn -0.1967 -0.2911 0.9363
vn -0.9411 -0.0633 -0.3321
vn -0.2759 -0.2681 0.9230
vn 0.3591 0.2811 -0.8900
vn -0.9576 0.1029 -0.2691
vn 0.2876 0.2487 -0.9249
vn 0.9611 -0.1172 0.2501
vn 0.3125 0.4922 -0.8125
vn 0.9555 0.0548 0.2898
vn -0.1969 -0.2911 0.9362
vn -0.2763 -0.2682 0.9229
vn 0.7685 0.5175 0.3764
vn 0.4346 0.7506 0.4978
vn 0.4584 0.6955 0.5533
vn 0.6606 0.5269 0.5348
vn 0.7613 0.5101 0.4003
vn -0.0000 -0.5511 0.8344
vn -0.0550 -0.6055 0.7939
vn -0.2919 -0.4653 0.8357
vn -0.2441 -0.3858 0.8897
vn 0.0861 -0.5401 0.8372
vn 0.5060 0.7354 0.4507
vn 0.2916 0.7329 0.6147
vn 0.0392 0.6745 -0.7372
vn 0.3041 0.3977 -0.8656
vn 0.2589 -0.6830 0.6829
vn -0.9290 -0.0079 -0.3700
vn -0.9487 -0.0079 -0.3162
vn -0.9052 -0.0079 -0.4250
vn -0.8643 -0.0078 -0.5029
vn -0.8019 -0.0079 -0.5975
vn -0.8019 -0.0078 -0.5974
vn -0.7452 -0.0078 -0.6668
vn -0.9997 -0.0079 -0.0238
vn -0.9974 -0.0079 0.0712
vn -0.9886 -0.0079 -0.1503
vn -0.9835 -0.0079 -0.1810
vn -0.9733 -0.0079 -0.2295
vn 0.9712 -0.0777 -0.2253
vn 0.9474 -0.0776 -0.3106
vn 0.9808 -0.0778 -0.1790
vn 0.9860 -0.0776 -0.1475
vn 0.9967 -0.0779 -0.0234
vn 0.9967 -0.0778 -0.0233
vn 0.9945 -0.0777 0.0699
vn 0.8054 -0.0697 -0.5886
vn 0.7507 -0.0619 -0.6578
vn 0.8661 -0.0696 -0.4949
vn 0.9038 -0.0779 -0.4207
vn 0.9038 -0.0779 -0.4208
vn 0.9283 -0.0774 -0.3636
vn 0.9283 -0.0773 -0.3636
vn 0.2127 0.9771 0.0079
vn 0.2128 0.9771 -0.0000
vn 0.2128 0.9771 0.0079
vn 0.2294 0.9728 0.0316
vn 0.2293 0.9728 0.0316
vn 0.2293 0.9726 0.0395
vn 0.2293 0.9725 0.0396
vn 0.2366 0.9700 0.0552
vn 0.2364 0.9691 0.0709
vn 0.2362 0.9685 0.0788
vn 0.2362 0.9685 0.0787
vn 0.2284 0.9690 0.0945
vn 0.2208 0.9699 0.1025
vn 0.2053 0.9715 0.1185
vn 0.1976 0.9721 0.1265
vn 0.1898 0.9726 0.1344
vn 0.9471 -0.0078 0.3209
vn 0.9618 -0.0078 0.2737
vn 0.9758 -0.0078 0.2186
vn 0.9889 -0.0156 0.1480
vn 0.9940 -0.0155 0.1087
vn 0.8210 -0.0078 0.5708
vn 0.8519 -0.0078 0.5236
vn 0.8912 -0.0078 0.4535
vn 0.9207 -0.0078 0.3901
vn 0.9363 -0.0078 0.3511
vn -0.1111 0.9918 0.0635
vn -0.1112 0.9922 0.0556
vn -0.1190 0.9913 0.0555
vn -0.1109 0.9907 0.0792
vn -0.1110 0.9907 0.0793
vn -0.1031 0.9908 0.0872
vn -0.1030 0.9901 0.0951
vn -0.0872 0.9908 0.1031
vn -0.0871 0.9900 0.1109
vn -0.0792 0.9898 0.1188
vn -0.1269 0.9916 -0.0238
vn -0.1270 0.9919 -0.0079
vn -0.1191 0.9926 0.0238
vn -0.1191 0.9924 0.0318
vn -0.1191 0.9921 0.0397
vn -0.9531 0.0239 0.3018
vn -0.9531 0.0238 0.3018
vn -0.9341 0.0238 0.3562
vn -0.9181 0.0237 0.3957
vn -0.9181 0.0238 0.3957
vn -0.8877 0.0238 0.4597
vn -0.8475 0.0158 0.5306
vn -0.8158 0.0158 0.5782
vn 0.0080 0.3257 0.9454
vn 0.0079 0.1824 0.9832
vn 0.0080 0.5307 0.8475
vn 0.0157 -0.4155 0.9095
vn 0.5344 0.0864 0.8408
vn -0.3422 0.5007 0.7951
vn -0.3098 0.1033 0.9452
vn -0.3113 0.5029 0.8063
vn -0.3408 0.0951 0.9353
vn 0.6131 0.0786 0.7861
vn 0.6144 0.4175 0.6695
vn 0.5350 0.4485 0.7160
vn 0.0079 0.5307 0.8475
vn 0.0079 0.8475 0.5307
vn 0.5350 0.7160 0.4485
vn 0.6144 0.6695 0.4175
vn -0.3420 0.7951 0.5008
vn -0.3114 0.8063 0.5030
vn -0.3408 0.9353 0.0951
vn -0.3098 0.9452 0.1033
vn 0.6131 0.7861 0.0786
vn 0.5344 0.8408 0.0864
vn -0.3392 0.8834 -0.3234
vn -0.3086 0.8942 -0.3244
vn 0.6103 0.7433 -0.2739
vn 0.5343 0.7937 -0.2907
vn 0.0079 0.9947 0.1026
vn 0.0079 0.9930 -0.1182
vn 0.0079 0.9633 -0.2684
vn 0.5296 0.5921 -0.6074
vn 0.6081 0.5535 -0.5691
vn -0.3368 0.6579 -0.6736
vn -0.3053 0.6655 -0.6811
vn 0.0079 0.6992 -0.7149
vn 0.0079 0.9405 -0.3398
vn 0.0078 0.6992 -0.7148
vn 0.0079 0.1026 0.9947
vn 0.0079 -0.3398 0.9405
vn -0.3086 -0.3244 0.8942
vn -0.3392 -0.3234 0.8834
vn 0.6103 -0.2739 0.7433
vn 0.5344 -0.2908 0.7937
vn 0.0157 -0.7225 0.6911
vn -0.3054 -0.6811 0.6655
vn -0.3368 -0.6736 0.6579
vn 0.6081 -0.5691 0.5535
vn 0.5296 -0.6075 0.5920
vn 0.0078 -0.9471 0.3209
vn 0.5301 -0.8029 0.2728
vn 0.0077 -0.9932 -0.1164
vn 0.0235 -0.5654 0.8245
vn 0.0156 -0.7263 0.6872
vn 0.0078 -0.8449 -0.5349
vn 0.0155 -0.5438 -0.8391
vn 0.0155 -0.5493 -0.8355
vn 0.5266 -0.8441 -0.1006
vn 0.5254 -0.7185 -0.4558
vn 0.5253 -0.4558 -0.7185
vn 0.6040 -0.4259 -0.6737
vn 0.6048 -0.0930 -0.7909
vn -0.3353 -0.1092 -0.9358
vn -0.3361 0.3049 -0.8911
vn -0.3058 0.3058 -0.9017
vn 0.6057 -0.7533 0.2563
vn 0.6048 -0.7909 -0.0930
vn 0.6040 -0.6737 -0.4259
vn -0.3361 -0.8911 0.3049
vn -0.3353 -0.9358 -0.1092
vn -0.3350 -0.7946 -0.5063
vn -0.3350 -0.5064 -0.7946
vn -0.3047 -0.1172 -0.9452
vn -0.3050 -0.5083 -0.8054
vn -0.3050 -0.8054 -0.5083
vn -0.3047 -0.9452 -0.1172
vn -0.3058 -0.9017 0.3058
vn 0.0078 0.6990 -0.7151
vn -0.3053 0.6654 -0.6812
vn 0.0078 0.3209 -0.9471
vn 0.0078 -0.1164 -0.9932
vn 0.0077 -0.5348 -0.8449
vn 0.0077 -0.8449 -0.5348
vn 0.0078 -0.9932 -0.1164
vn 0.0078 -0.7149 0.6992
vn -0.9997 0.0159 -0.0159
vn -0.9962 0.0079 -0.0870
vn -0.9954 0.0158 0.0948
vn -0.9872 0.0237 0.1579
vn -0.9748 0.0238 0.2219
vn 0.5266 -0.1007 -0.8441
vn 0.0155 -0.2021 -0.9792
vn 0.5301 0.2728 -0.8029
vn 0.6057 0.2563 -0.7533
vn 0.5296 0.5919 -0.6076
vn 0.0078 0.6992 -0.7149
vn 0.0233 -0.3646 -0.9309
vn -0.5959 0.3497 0.7230
vn -0.5960 0.5007 0.6278
vn -0.9999 -0.0079 -0.0079
vn -0.5960 0.6278 0.5007
vn -0.5975 0.7250 0.3426
vn -0.5946 0.7849 0.1744
vn -0.5924 0.8056 -0.0079
vn -0.5929 0.7826 -0.1898
vn -0.5925 0.7189 -0.3634
vn -0.5912 0.6228 -0.5125
vn -0.5855 -0.7887 -0.1874
vn -0.5848 -0.8111 -0.0078
vn -0.5871 -0.7910 0.1724
vn -0.5890 -0.7305 0.3456
vn -0.5901 -0.6373 0.4957
vn -0.5912 -0.5123 0.6230
vn -0.5941 -0.3565 0.7211
vn -0.5929 -0.1897 0.7826
vn -0.5924 -0.0078 0.8056
vn -0.5945 0.1745 0.7849
vn -0.5901 0.4957 -0.6373
vn -0.5906 0.3386 -0.7325
vn -0.5871 0.1723 -0.7910
vn -0.5849 -0.0078 -0.8111
vn -0.5856 -0.1875 -0.7886
vn -0.5858 -0.3594 -0.7264
vn -0.5854 -0.5074 -0.6323
vn -0.5854 -0.6323 -0.5074
vn -0.5874 -0.7285 -0.3525
vn -0.5976 0.7249 0.3425
vn 0.3237 0.9236 0.2053
vn 0.3233 0.9463 -0.0079
vn 0.8864 0.4628 -0.0078
vn 0.9063 -0.4105 -0.1007
vn 0.9079 -0.4190 -0.0078
vn 0.8857 0.4546 0.0941
vn 0.3247 0.8553 0.4039
vn 0.3242 0.7433 0.5851
vn -0.5961 0.5006 0.6278
vn 0.3242 0.5852 0.7433
vn -0.5959 0.3496 0.7230
vn 0.8877 0.4164 0.1964
vn 0.8863 0.3608 0.2902
vn 0.8863 0.2902 0.3608
vn 0.3236 0.4105 0.8525
vn 0.8877 0.1964 0.4164
vn 0.3237 0.2053 0.9236
vn 0.8857 0.0941 0.4546
vn 0.3233 -0.0079 0.9463
vn 0.9063 -0.1859 -0.3796
vn 0.9055 -0.2632 -0.3328
vn 0.9055 -0.3328 -0.2631
vn 0.9063 -0.3796 -0.1859
vn 0.6028 -0.6260 -0.4947
vn 0.6028 -0.4947 -0.6260
vn 0.6026 -0.7184 -0.3475
vn 0.6043 -0.7747 -0.1859
vn 0.6037 -0.7972 -0.0078
vn 0.6060 0.1709 -0.7769
vn 0.9076 0.0853 -0.4111
vn 0.6057 0.3339 -0.7222
vn 0.9079 -0.0077 -0.4190
vn 0.6037 -0.0077 -0.7972
vn 0.9063 -0.1007 -0.4105
vn 0.6043 -0.1859 -0.7748
vn 0.6026 -0.3475 -0.7184
vn 0.8822 -0.3045 0.3591
vn 0.9091 0.2487 -0.3341
vn 0.8849 -0.2114 0.4150
vn 0.9088 0.1709 -0.3806
vn 0.8843 -0.1096 0.4539
vn 0.8864 -0.0079 0.4628
vn 0.3226 -0.2203 0.9206
vn 0.3226 -0.4170 0.8498
vn 0.3212 -0.5954 0.7364
vn 0.3204 -0.7502 0.5783
vn 0.8813 -0.3743 0.2886
vn 0.3193 -0.8567 0.4050
vn -0.5913 -0.5124 0.6228
vn -0.5891 -0.7304 0.3456
vn -0.5873 -0.7908 0.1723
vn 0.3190 -0.9259 0.2023
vn -0.5849 -0.8111 -0.0078
vn 0.3185 -0.9479 -0.0077
vn -0.5857 -0.7886 -0.1874
vn 0.8819 -0.4292 0.1951
vn 0.8794 -0.4669 0.0934
vn 0.8799 -0.4750 -0.0078
vn 0.3180 -0.9229 -0.2172
vn 0.8780 -0.4662 -0.1088
vn 0.3183 -0.8540 -0.4115
vn 0.8791 -0.4279 -0.2100
vn 0.3175 -0.7435 -0.5886
vn -0.5875 -0.7284 -0.3525
vn -0.5855 -0.6323 -0.5074
vn -0.5855 -0.5074 -0.6323
vn 0.3175 -0.5887 -0.7434
vn -0.5858 -0.3593 -0.7264
vn 0.3173 -0.4179 -0.8513
vn -0.5857 -0.1874 -0.7886
vn 0.8772 -0.3726 -0.3028
vn 0.8772 -0.3027 -0.3726
vn 0.8791 -0.2100 -0.4279
vn 0.3180 -0.2172 -0.9229
vn 0.8780 -0.1088 -0.4662
vn 0.3185 -0.0078 -0.9479
vn 0.8799 -0.0078 -0.4750
vn 0.3190 0.2023 -0.9259
vn -0.5873 0.1723 -0.7908
vn -0.5907 0.3386 -0.7324
vn 0.3203 0.3985 -0.8594
vn 0.3204 0.5783 -0.7502
vn -0.5913 0.6228 -0.5123
vn 0.8794 0.0934 -0.4669
vn 0.8819 0.1951 -0.4292
vn 0.8813 0.2886 -0.3743
vn 0.8822 0.3591 -0.3045
vn 0.9091 -0.3341 0.2487
vn 0.9101 -0.2645 0.3189
vn 0.9116 -0.1870 0.3662
vn 0.9120 -0.1013 0.3975
vn 0.9138 -0.0078 0.4061
vn 0.9133 0.0859 0.3981
vn 0.6092 -0.3515 0.7108
vn 0.6087 -0.4994 0.6165
vn 0.6116 -0.1882 0.7684
vn 0.6112 -0.0078 0.7914
vn 0.6134 0.1730 0.7706
vn 0.9141 0.1719 0.3672
vn 0.6126 0.3377 0.7147
vn 0.9138 0.2499 0.3202
vn 0.9138 0.3202 0.2499
vn 0.9141 0.3672 0.1719
vn 0.9133 0.3981 0.0859
vn 0.6134 0.4876 0.6213
vn 0.6134 0.6213 0.4876
vn 0.6126 0.7146 0.3377
vn 0.6133 0.7707 0.1730
vn 0.9138 0.4061 -0.0078
vn 0.6112 0.7914 -0.0078
vn 0.9120 0.3975 -0.1013
vn 0.9116 0.3662 -0.1870
vn 0.9101 0.3189 -0.2645
vn 0.6116 0.7685 -0.1882
vn 0.6093 0.7108 -0.3515
vn 0.6087 0.6165 -0.4994
vn 0.6074 0.4829 -0.6308
vn 0.9866 0.0699 -0.1476
vn 0.9927 0.0311 -0.1163
vn 0.9970 -0.0000 -0.0779
vn 0.9967 -0.0234 -0.0779
vn 0.9967 -0.0233 -0.0779
vn 0.9932 -0.0698 -0.0931
vn -0.2149 0.9470 0.2387
vn -0.2228 0.9389 0.2625
vn -0.2223 0.9368 0.2700
vn -0.2375 0.9262 0.2929
vn -0.2369 0.9240 0.3001
vn -0.2448 0.9082 0.3396
vn -0.2466 0.9068 0.3420
vn -0.2220 0.8799 0.4201
vn -0.1907 0.8581 0.4767
vn 0.3212 0.7364 -0.5954
vn 0.3215 0.8469 -0.4234
vn 0.8849 0.4150 -0.2114
vn 0.3226 0.9205 -0.2203
vn 0.8843 0.4539 -0.1095
vn 0.9076 -0.4111 0.0854
vn 0.9088 -0.3806 0.1709
vn -0.5929 0.7826 -0.1897
vn -0.5924 0.8056 -0.0080
vn 0.8864 0.4628 -0.0079
vn 0.6037 -0.7972 -0.0077
vn 0.6060 -0.7769 0.1709
vn 0.6057 -0.7222 0.3339
vn 0.6074 -0.6308 0.4829
vn -0.0870 -0.0079 0.9962
vn -0.0870 -0.0158 0.9961
vn -0.0791 -0.0079 0.9968
vn -0.0791 -0.0158 0.9967
vn 0.4722 -0.0079 0.8815
vn 0.3768 -0.0078 0.9263
vn 0.5122 -0.0079 0.8588
vn 0.7303 -0.0000 0.6832
vn 0.7847 -0.0000 0.6199
vn 0.9389 -0.0078 0.3442
vn 0.9911 -0.0078 0.1327
vn 0.9980 -0.0078 0.0624
vn 0.9963 -0.0078 -0.0856
vn -0.9542 -0.2839 -0.0946
vn -0.9446 0.2778 0.1746
vn -0.9523 0.3015 0.0476
vn -0.9458 -0.3232 0.0315
vn -0.8287 -0.5473 -0.1173
vn -0.8403 -0.5419 -0.0157
vn -0.5025 0.5496 -0.6674
vn -0.5500 0.2829 -0.7858
vn -0.7170 0.5751 -0.3939
vn -0.8013 0.2985 -0.5185
vn -0.8101 0.5798 -0.0874
vn -0.9322 0.2923 -0.2133
vn -0.7927 0.5945 0.1347
vn -0.7642 0.5891 0.2627
vn -0.4070 0.2818 -0.8689
vn -0.4083 0.5261 -0.7460
vn -0.3278 -0.2420 -0.9132
vn -0.4663 -0.2797 -0.8393
vn -0.7258 -0.2888 -0.6243
vn -0.8929 -0.2898 -0.3446
vn -0.7544 -0.5580 -0.3458
vn -0.5955 -0.5641 -0.5720
vn -0.3679 -0.5479 -0.7513
vn -0.2494 -0.5300 -0.8105
vn 0.2378 0.9354 0.2616
vn 0.2300 0.9437 0.2379
vn 0.2373 0.9335 0.2690
vn 0.2523 0.9226 0.2918
vn 0.2517 0.9205 0.2990
vn 0.2596 0.9046 0.3382
vn 0.2614 0.9031 0.3406
vn 0.2369 0.8767 0.4186
vn 0.2059 0.8554 0.4752
vn -0.9861 0.0710 -0.1499
vn -0.9969 -0.0000 -0.0791
vn -0.9925 0.0315 -0.1182
vn -0.9966 -0.0237 -0.0791
vn -0.9930 -0.0709 -0.0946
vn 0.8068 0.2948 -0.5120
vn 0.4783 -0.2777 -0.8331
vn 0.5608 0.2805 -0.7790
vn 0.7245 0.5687 -0.3895
vn 0.5141 0.5453 -0.6621
vn 0.8154 0.5724 -0.0862
vn 0.4200 0.2800 -0.8633
vn 0.4213 0.5227 -0.7411
vn 0.3416 -0.2407 -0.9085
vn 0.2639 -0.5279 -0.8073
vn 0.3813 -0.5446 -0.7470
vn 0.7331 -0.2855 -0.6173
vn 0.9342 0.2881 -0.2102
vn 0.7611 -0.5514 -0.3417
vn 0.9556 -0.2797 -0.0932
vn 0.8335 -0.5402 -0.1158
vn 0.8960 -0.2858 -0.3399
vn 0.9537 0.2971 0.0469
vn 0.6055 -0.5589 -0.5666
vn 0.7985 0.5871 0.1331
vn 0.7707 0.5819 0.2595
vn 0.9463 0.2737 0.1720
vn 0.9474 -0.3184 0.0311
vn 0.8448 -0.5348 -0.0155
vn 0.1026 -0.0079 0.9947
vn 0.1026 -0.0158 0.9946
vn 0.0948 -0.0079 0.9955
vn 0.0948 -0.0158 0.9954
vn -0.3632 -0.0079 0.9317
vn -0.4598 -0.0079 0.8880
vn -0.5004 -0.0079 0.8658
vn -0.7228 -0.0000 0.6910
vn -0.7785 -0.0000 0.6276
vn -0.9183 -0.0079 0.3958
vn -0.9369 -0.0079 0.3494
vn -0.9908 -0.0079 0.1348
vn -0.9980 -0.0079 0.0634
vn -0.9962 -0.0079 -0.0870
vn 0.0078 -0.9998 -0.0156
vn 0.0079 0.4345 0.9006
vn 0.5289 -0.8089 0.2567
vn -0.3844 -0.7846 0.4864
vn -0.5176 -0.8156 0.2588
vn -0.3888 -0.1746 0.9046
vn -0.4998 0.0476 0.8648
vn 0.5116 0.0472 0.8579
vn 0.4022 -0.1735 0.8990
vn 0.3977 -0.7798 0.4835
vn 0.0078 -0.5655 0.8247
vn 0.0079 -0.5655 0.8247
vn 0.9999 -0.0078 -0.0078
vn -0.2727 -0.8959 -0.3506
vn -0.2881 -0.8944 -0.3422
vn 0.9120 -0.2782 -0.3014
vn 0.9589 -0.1392 -0.2474
vn 0.3083 0.8854 0.3478
vn 0.2918 0.8913 0.3471
vn -0.9142 0.2703 0.3021
vn -0.9609 0.1270 0.2461
vn -0.2875 -0.8945 -0.3423
vn -0.2725 -0.8960 -0.3506
vn 0.3622 0.9056 -0.2205
vn 0.7598 -0.3334 -0.5582
vn 0.8457 -0.4035 -0.3492
vn 0.4873 0.8724 0.0393
vn -0.6679 0.4850 0.5645
vn -0.8113 0.4852 0.3261
vn 0.3286 0.8764 -0.3521
vn -0.8840 0.4301 0.1832
vn 0.3446 0.8850 -0.3132
vn -0.9258 0.3561 0.1266
vn 0.4024 0.9153 -0.0158
vn -0.9505 0.2931 0.1030
vn 0.8896 -0.4100 -0.2011
vn 0.8891 -0.4407 -0.1237
vn 0.8684 -0.4885 -0.0853
vn -0.9452 0.3098 0.1033
vn 0.4165 0.8408 0.3458
vn 0.8836 -0.4573 -0.1008
vn -0.3811 -0.8707 -0.3110
vn -0.3274 -0.8339 -0.4443
vn 0.8882 -0.4402 -0.1313
vn 0.4514 0.7602 0.4672
vn -0.9412 0.3164 0.1187
vn -0.3809 -0.8708 -0.3110
vn -0.3833 -0.9235 0.0157
vn -0.3273 -0.8340 -0.4443
vn -0.3435 -0.8909 0.2970
vn -0.3458 -0.8723 0.3457
vn -0.4149 -0.8769 0.2427
vn -0.5618 -0.8271 0.0156
vn -0.5646 0.3499 0.7475
vn 0.6532 0.7083 0.2676
vn 0.6447 -0.2718 -0.7145
vn -0.6807 -0.6965 -0.2271
vn -0.7604 -0.5643 -0.3215
vn -0.7854 -0.5026 -0.3614
vn -0.3476 -0.1580 0.9242
vn -0.4281 -0.0158 0.9036
vn -0.4996 0.1745 0.8485
vn 0.7240 0.5666 0.3935
vn 0.5558 -0.1466 -0.8183
vn -0.6808 -0.6964 -0.2269
vn 0.3649 0.2640 -0.8928
vn -0.9238 0.0553 -0.3790
vn -0.8696 -0.3291 -0.3681
vn 0.3816 0.1558 -0.9111
vn 0.8004 0.4316 0.4160
vn 0.4503 0.0155 -0.8928
vn 0.7686 0.4863 0.4157
vn -0.2532 -0.2532 0.9337
vn 0.8709 0.3060 0.3845
vn 0.4199 0.1555 -0.8942
vn 0.3806 0.0311 -0.9242
vn 0.9656 -0.0389 0.2570
vn -0.1665 -0.1903 0.9675
vn -0.8696 -0.3289 -0.3683
vn -0.8073 -0.4546 -0.3763
vn 0.7503 -0.2736 0.6018
vn 0.8270 -0.2730 0.4915
vn -0.4013 -0.8735 0.2754
vn -0.5204 -0.6308 0.5756
vn 0.7803 -0.4760 0.4057
vn -0.5147 -0.3089 0.7998
vn -0.2450 -0.1027 0.9641
vn 0.8617 -0.4425 0.2484
vn 0.3822 0.3432 -0.8580
vn -0.8374 0.0395 -0.5451
vn -0.8829 0.2289 -0.4100
vn -0.8886 0.3967 -0.2301
vn -0.8702 0.4272 -0.2453
vn -0.9237 0.0553 -0.3791
vn -0.1400 -0.9877 0.0700
vn -0.7216 0.2746 -0.6356
vn 0.4617 0.6652 -0.5868
vn 0.2747 0.9342 -0.2277
vn 0.7517 0.0470 0.6578
vn 0.2365 0.9696 0.0631
vn -0.7217 0.2745 -0.6354
vn -0.8374 0.0393 -0.5452
vn -0.8831 0.2286 -0.4097
vn -0.8887 0.3967 -0.2300
vn -0.8703 0.4272 -0.2452
vn -0.8074 -0.4546 -0.3762
vn -0.7855 -0.5026 -0.3612
vn -0.7605 -0.5643 -0.3213
vn -0.5619 -0.8271 0.0157
vn -0.4152 -0.8768 0.2427
vn -0.3460 -0.8722 0.3458
vn -0.3441 -0.8907 0.2969
vn -0.3836 -0.9234 0.0156
vn 0.6043 0.7142 -0.3532
vn 0.8422 -0.2318 -0.4868
vn 0.7041 0.6728 -0.2269
vn -0.1743 0.9350 0.3090
vn -0.2139 0.9664 0.1426
vn -0.8145 0.2532 0.5220
vn -0.8313 0.1663 0.5304
vn -0.5736 -0.7230 0.3851
vn -0.6040 -0.7452 0.2824
vn 0.8227 -0.3027 -0.4812
vn -0.8427 0.1511 0.5167
vn -0.6903 -0.7139 0.1177
vn 0.0853 -0.9304 -0.3565
vn 0.1861 -0.9616 -0.2016
vn 0.2716 -0.9544 -0.1241
vn -0.6518 -0.7068 0.2749
vn -0.8179 0.2541 0.5162
vn 0.1862 -0.9464 -0.2638
vn 0.0853 -0.9303 -0.3566
vn 0.8331 -0.2777 -0.4783
vn 0.7444 0.6661 -0.0470
vn -0.1189 0.8800 0.4598
vn 0.0232 -0.5949 -0.8035
vn 0.8584 -0.2633 -0.4403
vn -0.0233 -0.4749 -0.8797
vn 0.8711 -0.2411 -0.4278
vn 0.8591 -0.1780 -0.4799
vn 0.0619 -0.7578 -0.6495
vn 0.8293 -0.1860 -0.5270
vn 0.1165 -0.8852 -0.4504
vn 0.8288 -0.2090 -0.5190
vn -0.1671 0.9546 0.2466
vn 0.6427 0.7211 -0.2587
vn 0.7270 0.6802 -0.0938
vn 0.8237 0.5491 0.1412
vn 0.8765 0.3365 0.3443
vn 0.0553 0.6003 0.7978
vn 0.8773 0.2115 0.4308
vn 0.0238 0.7783 0.6274
vn -0.0635 0.9050 0.4207
vn 0.8596 0.2032 0.4689
vn 0.7470 0.4124 -0.5214
vn 0.8371 0.0697 -0.5426
vn 0.8705 0.1882 0.4548
vn 0.8582 -0.1623 -0.4871
vn 0.0318 0.4691 0.8826
vn -0.8308 0.2772 0.4827
vn -0.8085 0.2536 0.5311
vn -0.8699 -0.3448 -0.3526
vn -0.8254 -0.5503 -0.1258
vn -0.7291 -0.6742 0.1176
vn -0.8004 0.2457 0.5468
vn -0.8787 -0.2040 -0.4315
vn -0.8485 0.2617 0.4599
vn -0.8891 -0.1888 -0.4170
vn -0.8427 0.1511 0.5168
vn -0.8935 -0.2195 -0.3919
vn 0.0238 0.3327 0.9427
vn -0.8165 -0.0872 0.5708
vn -0.8795 -0.2905 -0.3769
vn 0.0315 0.1104 0.9934
vn -0.8181 -0.3697 -0.4405
vn -0.8581 -0.2992 -0.4173
vn -0.4088 0.4638 -0.7860
vn -0.5921 -0.6631 0.4579
vn -0.7039 -0.4350 0.5615
vn 0.1179 -0.1887 0.9749
vn 0.8461 0.2194 0.4857
vn 0.2276 -0.3845 0.8946
vn 0.8369 0.2816 0.4693
vn 0.6002 0.6703 -0.4365
vn -0.2742 0.3760 -0.8851
vn -0.1792 0.1402 -0.9738
vn 0.4476 0.8402 -0.3062
vn 0.7851 0.3140 0.5339
vn 0.3062 -0.5024 0.8086
vn -0.4564 -0.8261 0.3305
vn 0.3231 0.9221 -0.2128
vn 0.7533 0.3845 0.5336
vn 0.3901 -0.5462 0.7413
vn -0.3744 -0.9048 0.2028
vn -0.4326 0.5270 -0.7315
vn -0.7707 -0.3696 -0.5190
vn -0.0234 -0.4749 -0.8797
vn -0.0390 -0.3508 -0.9356
vn -0.0776 -0.1475 -0.9860
vn 0.8404 -0.0000 0.5419
vn 0.6927 -0.5216 0.4981
vn 0.9219 -0.1084 -0.3719
vn 0.7555 0.5352 0.3778
vn 0.9075 0.0311 -0.4189
vn 0.6074 0.7887 0.0947
vn 0.8888 0.0464 -0.4560
vn 0.4548 0.8705 -0.1882
vn 0.8790 0.0467 -0.4745
vn 0.4227 0.8533 -0.3053
vn 0.8797 -0.0234 -0.4749
vn 0.5113 0.8418 -0.1731
vn 0.4603 -0.7492 0.4762
vn 0.4678 -0.6628 0.5847
vn 0.9977 0.0546 0.0390
vn 0.5455 -0.7248 0.4208
vn 0.9059 -0.2168 -0.3639
vn 0.8708 -0.2799 -0.4043
vn 0.1400 -0.1400 -0.9802
vn 0.1627 -0.5347 -0.8292
vn -0.4749 0.8627 0.1741
vn -0.8783 0.0554 0.4748
vn -0.3889 0.8809 0.2698
vn -0.8645 0.0555 0.4996
vn -0.2297 0.7999 0.5544
vn -0.8466 0.0475 0.5301
vn -0.7812 -0.5312 -0.3281
vn -0.8553 -0.0157 -0.5179
vn 0.1952 0.2342 -0.9524
vn 0.3134 0.5250 -0.7913
vn -0.7172 0.5044 -0.4808
vn 0.8308 0.2978 0.4703
vn 0.3384 0.8185 -0.4643
vn -0.6308 0.6860 -0.3627
vn -0.8282 0.2150 0.5176
vn -0.8237 0.1188 0.5544
vn -0.0636 0.5481 0.8340
vn 0.3060 0.9415 -0.1412
vn -0.5208 0.6076 -0.5997
vn -0.6475 0.6317 -0.4263
vn -0.9045 0.1349 0.4046
vn -0.3391 -0.5363 0.7729
vn -0.1022 -0.2909 0.9513
vn 0.6927 -0.5215 0.4982
vn 0.4604 -0.7492 0.4761
vn 0.7379 0.3297 0.5888
vn 0.2683 0.9625 -0.0395
vn -0.4731 0.6230 -0.6229
vn -0.8233 -0.3058 -0.4783
vn -0.9890 -0.1424 -0.0395
vn -0.4804 -0.7876 0.3859
vn -0.3590 -0.9286 0.0937
vn -0.7388 -0.3537 -0.5737
vn -0.2733 -0.9604 0.0546
vn 0.4624 -0.6270 0.6270
vn 0.4745 -0.6378 0.6067
vn -0.2736 -0.9617 0.0156
vn -0.7449 -0.3293 -0.5802
vn -0.4959 0.6140 -0.6140
vn 0.2368 0.9708 -0.0395
vn 0.7374 0.3452 0.5805
vn 0.9188 -0.1479 -0.3660
vn 0.8330 -0.0233 -0.5528
vn 0.1475 -0.7996 -0.5822
vn 0.6062 0.7953 0.0079
vn 0.5826 0.8109 -0.0551
vn 0.7940 0.0312 -0.6071
vn 0.6760 0.7232 0.1415
vn 0.7226 0.6440 0.2513
vn 0.7648 0.5992 0.2366
vn 0.9440 -0.2089 -0.2553
vn 0.2020 -0.8391 -0.5050
vn -0.7685 -0.6038 -0.2117
vn -0.8838 -0.0474 0.4655
vn -0.3996 -0.8696 0.2899
vn -0.8828 -0.0239 0.4692
vn -0.4614 -0.8759 0.1408
vn 0.4653 -0.8686 -0.1706
vn 0.3866 -0.8660 -0.3170
vn 0.8758 -0.0465 -0.4805
vn 0.8449 -0.0077 -0.5349
vn 0.2952 -0.7690 -0.5670
vn 0.4428 -0.8467 -0.2952
vn -0.4781 -0.8543 0.2038
vn -0.6270 -0.7758 -0.0705
vn 0.6073 0.7888 0.0947
vn -0.4132 0.8504 0.3258
vn 0.0394 0.1104 0.9931
vn -0.8347 -0.0477 0.5486
vn -0.1916 0.6940 0.6940
vn -0.9016 0.1344 0.4112
vn -0.8041 -0.0796 0.5891
vn -0.2069 0.7562 0.6208
vn -0.2857 0.8175 0.5000
vn -0.8498 -0.0556 0.5242
vn -0.5237 -0.8519 -0.0000
vn 0.3030 -0.8081 -0.5051
vn -0.5704 -0.8204 -0.0391
vn 0.2173 -0.7531 -0.6210
vn 0.1390 -0.7414 -0.6565
vn -0.6584 -0.7446 -0.1097
vn -0.7544 -0.6287 -0.1886
vn -0.8982 0.2861 0.3338
vn -0.1821 0.7521 0.6334
vn 0.6063 0.7952 0.0079
vn 0.5114 0.8418 -0.1731
vn -0.1035 0.8443 0.5259
vn 0.7648 0.5993 0.2366
vn 0.5979 -0.5821 -0.5511
vn 0.5324 -0.5709 -0.6250
vn -0.6956 -0.6643 -0.2735
vn 0.4872 -0.5567 -0.6728
vn -0.7414 -0.6634 -0.1015
vn -0.5879 0.5640 0.5799
vn -0.5322 -0.8373 0.1252
vn 0.7224 0.6752 0.1492
vn 0.5323 -0.5710 -0.6250
vn 0.8517 0.5001 0.1563
vn -0.6116 0.4606 0.6433
vn -0.5959 0.3655 0.7151
vn -0.2580 -0.8835 0.3909
vn 0.5031 -0.5416 -0.6735
vn -0.1800 -0.8767 0.4462
vn -0.5558 0.3970 0.7304
vn 0.5977 -0.5822 -0.5512
vn -0.5008 0.5090 0.7001
vn -0.5104 0.5185 0.6860
vn 0.2671 0.8800 -0.3928
vn 0.5581 0.8176 -0.1415
vn 0.1971 0.8672 -0.4572
vn -0.4529 0.5324 0.7151
vn 0.5015 0.8462 -0.1802
vn 0.3303 0.8651 -0.3775
vn 0.5188 -0.4491 -0.7274
vn 0.5030 -0.5418 -0.6734
vn 0.4872 -0.5568 -0.6728
vn 0.5568 -0.4022 -0.7268
vn 0.5053 -0.2799 -0.8163
vn 0.5412 -0.4486 -0.7113
vn -0.3086 0.2770 0.9100
vn 0.9233 -0.0235 0.3834
vn 0.9420 0.1246 0.3115
vn 0.3967 -0.1167 -0.9105
vn 0.3566 -0.2791 -0.8916
vn 0.3885 -0.2797 -0.8780
vn 0.9307 0.2738 0.2425
vn 0.7731 0.6247 0.1093
vn -0.2929 0.4434 0.8471
vn -0.2783 0.3180 0.9063
vn 0.4112 0.1863 -0.8923
vn -0.9442 0.1809 -0.2754
vn 0.3969 -0.1167 -0.9104
vn -0.9560 0.0237 -0.2923
vn -0.9425 -0.1335 -0.3063
vn -0.9167 -0.2977 -0.2664
vn -0.7947 -0.6058 -0.0393
vn 0.3568 -0.2791 -0.8915
vn 0.5568 -0.4021 -0.7269
vn 0.5188 -0.4489 -0.7276
vn -0.2970 -0.8908 0.3438
vn 0.5414 -0.4483 -0.7112
vn -0.5083 -0.8368 0.2033
vn -0.3326 -0.2138 0.9185
vn 0.8972 -0.2340 0.3745
vn 0.8636 -0.3112 0.3967
vn 0.4048 0.5683 -0.7163
vn 0.2679 0.8827 -0.3862
vn 0.4111 0.1862 -0.8924
vn -0.2933 0.0951 0.9513
vn 0.7967 -0.2577 0.5467
vn 0.3461 0.9370 -0.0472
vn -0.4173 -0.5590 0.7165
vn -0.9460 0.2129 -0.2444
vn -0.4227 -0.8533 0.3053
vn -0.8913 0.1025 -0.4417
vn 0.7519 -0.1097 0.6501
vn -0.1797 -0.9609 0.2109
vn -0.7551 0.1180 -0.6449
vn 0.2682 0.8826 -0.3862
vn 0.4049 0.5683 -0.7163
vn 0.3464 0.9369 -0.0472
vn -0.2738 -0.9463 0.1721
vn -0.2904 -0.9412 0.1726
vn 0.9117 -0.3941 -0.1159
vn 0.9588 -0.2475 -0.1392
vn 0.3067 0.9359 -0.1730
vn 0.2924 0.9404 -0.1738
vn -0.9142 0.3896 0.1113
vn -0.9607 0.2382 0.1429
vn -0.2902 -0.9413 0.1726
vn -0.2737 -0.9463 0.1721
vn -0.8252 -0.5265 0.2043
vn -0.4993 0.0634 0.8641
vn -0.9142 0.1749 0.3657
vn -0.4400 -0.5107 0.7386
vn -0.2658 -0.9615 -0.0704
vn -0.0078 -0.8519 0.5237
vn 0.4489 -0.8438 -0.2941
vn 0.5465 -0.7566 0.3590
vn 0.8531 -0.3878 -0.3490
vn 0.5460 -0.7569 0.3591
vn 0.4490 -0.8437 -0.2942
vn 0.8993 -0.2972 0.3207
vn 0.8866 0.4122 -0.2100
vn 0.8523 0.2737 0.4457
vn 0.4263 0.6236 0.6553
vn 0.2296 0.9660 0.1188
vn -0.1424 0.5380 0.8308
vn -0.5558 0.7543 0.3494
vn 0.5462 -0.7569 0.3588
vn 0.8994 -0.2972 0.3206
vn -0.0079 -0.8519 0.5236
vn -0.4401 -0.5107 0.7386
vn 0.4263 0.6237 0.6552
vn -0.4995 0.0636 0.8640
vn -0.1424 0.5381 0.8308
vn 0.6044 0.7928 -0.0785
vn 0.6533 0.5353 0.5354
vn 0.9495 0.1245 -0.2879
vn 0.9235 0.0078 0.3836
vn 0.7132 -0.6124 -0.3411
vn 0.7377 -0.5823 0.3417
vn 0.0624 -0.9722 -0.2256
vn 0.2337 -0.8648 0.4443
vn 0.2338 -0.8649 0.4441
vn -0.2992 -0.7166 0.6301
vn 0.0620 -0.9723 -0.2255
vn -0.6160 -0.7876 0.0156
vn -0.5787 -0.2219 0.7848
vn -0.9612 -0.1655 0.2206
vn -0.4297 0.3422 0.8356
vn -0.7627 0.5720 0.3019
vn 0.0954 0.6754 0.7312
vn -0.1105 0.9786 0.1736
vn -0.2993 -0.7166 0.6300
vn 0.2338 -0.8649 0.4442
vn 0.7375 -0.5825 0.3416
vn 0.9235 0.0076 0.3835
vn -0.4297 0.3426 0.8355
vn 0.6535 0.5353 0.5353
vn 0.0954 0.6756 0.7311
vn 0.0554 0.4591 0.8866
vn 0.2821 -0.7759 0.5643
vn 0.2777 0.4919 0.8252
vn -0.2865 0.9388 0.1910
vn 0.0944 0.9918 0.0866
vn 0.4948 0.4320 0.7540
vn 0.4500 0.8922 -0.0395
vn 0.6686 0.2910 0.6843
vn 0.7400 0.6543 -0.1558
vn -0.1429 0.3414 0.9290
vn -0.6201 0.7393 0.2624
vn -0.8571 0.4286 0.2857
vn -0.8903 0.4372 -0.1272
vn -0.6748 0.7224 -0.1508
vn -0.3723 0.9031 -0.2139
vn -0.0314 0.9513 -0.3066
vn 0.2910 0.8573 -0.4247
vn 0.5546 0.6405 -0.5312
vn -0.9953 -0.0790 -0.0553
vn -0.9828 -0.0951 0.1585
vn -0.2862 0.1511 0.9462
vn -0.8758 -0.4734 0.0947
vn -0.8870 -0.3768 -0.2670
vn -0.4654 -0.1736 0.8679
vn -0.4153 -0.9091 0.0313
vn -0.6969 -0.3759 -0.6108
vn -0.5357 -0.4333 0.7248
vn -0.7148 -0.6832 0.1492
vn -0.4929 -0.5320 -0.6885
vn -0.3426 -0.7707 -0.5372
vn -0.0234 -0.8661 0.4994
vn 0.1092 -0.9513 -0.2884
vn -0.2638 -0.9544 -0.1397
vn -0.4378 -0.8990 0.0078
vn 0.0155 -0.8816 -0.4717
vn 0.4256 -0.5959 -0.6810
vn 0.7020 0.3432 -0.6240
vn 0.9138 0.3202 -0.2499
vn 0.7300 -0.0000 -0.6834
vn 0.9484 -0.0622 -0.3109
vn 0.6335 -0.3244 -0.7025
vn 0.8421 -0.4249 -0.3322
vn 0.6097 -0.7332 -0.3010
vn 0.7712 0.0944 0.6295
vn 0.7948 -0.1325 0.5922
vn 0.7301 -0.3573 0.5825
vn 0.5923 -0.5377 0.6001
vn 0.6138 0.7870 -0.0629
vn 0.6187 0.7831 -0.0627
vn 0.9544 0.1396 -0.2638
vn 0.9564 0.1244 -0.2644
vn 0.7435 -0.5886 -0.3175
vn 0.7366 -0.5970 -0.3179
vn 0.1009 -0.9773 -0.1861
vn -0.5968 -0.8010 0.0471
vn 0.1008 -0.9773 -0.1862
vn -0.6018 -0.7972 0.0469
vn -0.9546 -0.1578 0.2525
vn -0.9569 -0.1424 0.2531
vn -0.7469 0.5881 0.3102
vn -0.7403 0.5963 0.3105
vn -0.0870 0.9809 0.1740
vn -0.5272 0.7315 -0.4325
vn -0.8166 -0.3220 -0.4790
vn -0.8818 0.2598 -0.3936
vn -0.3727 -0.6677 -0.6444
vn 0.1863 -0.5821 -0.7915
vn 0.0394 0.8115 -0.5830
vn 0.5433 -0.1242 -0.8303
vn 0.4838 0.4526 -0.7490
vn 0.0393 0.8115 -0.5830
vn 0.2757 0.9611 0.0158
vn 0.4837 0.4526 -0.7491
vn 0.8424 0.4992 -0.2028
vn 0.5431 -0.1242 -0.8304
vn 0.9151 -0.2481 -0.3179
vn 0.1861 -0.5820 -0.7916
vn 0.4561 -0.8502 -0.2628
vn 0.1861 -0.5819 -0.7917
vn 0.4560 -0.8503 -0.2628
vn -0.3727 -0.6676 -0.6445
vn -0.2658 -0.9615 -0.0703
vn -0.8167 -0.3219 -0.4790
vn -0.8450 -0.5133 0.1500
vn -0.8817 0.2598 -0.3938
vn -0.9306 0.2466 0.2704
vn -0.5270 0.7315 -0.4327
vn -0.4683 0.8572 0.2143
vn 0.2017 0.2793 -0.9388
vn 0.1947 0.1638 -0.9671
vn 0.9456 0.2970 0.1328
vn 0.9379 0.1329 0.3205
vn -0.1980 -0.2693 0.9425
vn 0.2479 0.0311 -0.9683
vn -0.2459 -0.0555 0.9677
vn -0.9570 0.0554 -0.2847
vn -0.2851 -0.0158 0.9584
vn -0.9593 0.0629 -0.2752
vn 0.2479 0.0310 -0.9683
vn 0.1952 0.1638 -0.9670
vn -0.9680 -0.1338 -0.2125
vn -0.8937 -0.2038 -0.3998
vn -0.2847 -0.1345 0.9491
vn 0.2949 0.0388 -0.9547
vn 0.2018 0.2793 -0.9388
vn 0.3484 -0.1239 -0.9291
vn 0.8670 0.3750 0.3281
vn 0.9088 0.2664 0.3212
vn 0.9516 0.1248 0.2808
vn 0.9641 0.0233 0.2644
vn 0.2947 0.0543 -0.9541
vn 0.9659 -0.0701 0.2493
vn -0.2456 -0.0713 0.9667
vn -0.2460 -0.0476 0.9681
vn -0.2777 0.1270 0.9522
vn -0.9438 -0.2595 -0.2045
vn -0.9510 -0.1415 -0.2751
vn -0.9584 -0.0393 -0.2828
vn 0.3484 -0.1238 -0.9291
vn 0.3948 -0.4567 -0.7972
vn 0.2951 0.0388 -0.9547
vn 0.2949 0.0543 -0.9540
vn 0.2952 0.0388 -0.9546
vn -0.3980 0.8836 0.2467
vn -0.9294 -0.3072 -0.2048
vn -0.4197 0.7364 0.5306
vn -0.9348 -0.2906 -0.2042
vn 0.4330 -0.7266 -0.5334
vn -0.9368 -0.2992 -0.1811
vn -0.3906 0.4464 0.8051
vn 0.8716 0.4005 0.2827
vn 0.4329 -0.7267 -0.5334
vn 0.4269 -0.8695 -0.2484
vn 0.3946 -0.4567 -0.7973
vn 0.8464 0.3919 0.3605
vn -0.3410 0.9279 -0.1507
vn 0.8561 0.3770 0.3534
vn 0.2882 -0.9201 0.2651
vn 0.3195 -0.9359 0.1482
vn 0.8752 0.4141 0.2500
vn 0.3485 -0.9372 -0.0155
vn 0.8834 0.4143 0.2189
vn -0.3957 0.9181 -0.0237
vn -0.8656 -0.3541 -0.3541
vn -0.8722 -0.3379 -0.3536
vn -0.9074 -0.3235 -0.2683
vn 0.3487 -0.9371 -0.0155
vn 0.4272 -0.8694 -0.2484
vn 0.3200 -0.9358 0.1482
vn 0.2885 -0.9200 0.2651
vn 0.2335 -0.9185 0.3191
vn -0.8718 -0.3691 -0.3220
vn -0.2690 0.9097 -0.3164
vn -0.2763 0.9314 -0.2368
vn 0.8699 0.3448 0.3527
vn 0.2334 -0.9186 0.3190
vn -0.9802 0.0948 -0.1739
vn -0.2974 0.2426 -0.9234
vn -0.3447 0.2351 -0.9088
vn -0.9662 0.1901 -0.1742
vn -0.2965 0.1873 -0.9365
vn -0.6738 -0.1189 0.7293
vn -0.6583 -0.2141 0.7217
vn -0.9591 0.0079 -0.2830
vn -0.2417 0.2262 -0.9436
vn -0.9778 0.0710 -0.1971
vn -0.3203 0.0625 -0.9453
vn -0.3041 0.1326 -0.9434
vn -0.9750 0.1268 -0.1823
vn -0.6521 -0.0636 0.7555
vn 0.2830 -0.2122 0.9354
vn 0.4079 -0.1412 0.9021
vn 0.9809 -0.0545 0.1868
vn 0.6361 0.1707 -0.7525
vn 0.6663 0.0542 -0.7437
vn 0.6744 0.0543 -0.7364
vn 0.9685 -0.1874 0.1640
vn 0.9888 0.1168 0.0934
vn 0.6283 0.2715 -0.7291
vn -0.3040 0.1325 -0.9434
vn 0.9787 -0.0854 0.1865
vn 0.6674 0.0001 -0.7447
vn -0.3430 -0.1481 -0.9276
vn 0.3225 -0.2517 0.9125
vn -0.6475 -0.0790 0.7580
vn 0.3307 -0.2047 0.9213
vn 0.3315 -0.1500 0.9314
vn 0.9766 -0.0703 0.2031
vn 0.6732 -0.1702 -0.7196
vn -0.3568 -0.5430 -0.7602
vn 0.6895 -0.4106 -0.5966
vn -0.6563 -0.0712 0.7512
vn 0.9723 -0.0155 0.2334
vn 0.3223 -0.0786 0.9434
vn -0.6494 -0.0158 0.7603
vn -0.9817 0.0554 -0.1821
vn 0.9761 0.1328 0.1718
vn 0.3319 0.1423 0.9325
vn -0.6179 0.1664 0.7684
vn -0.9893 0.0317 -0.1425
vn -0.9753 -0.2061 0.0793
vn -0.2661 -0.9547 -0.1330
vn -0.3033 -0.8554 -0.4199
vn -0.9960 -0.0632 -0.0632
vn -0.5817 0.4622 0.6693
vn 0.3642 0.5383 0.7600
vn 0.3388 0.8508 0.4018
vn 0.9590 0.2807 -0.0390
vn -0.5969 0.6447 0.4776
vn -0.9479 -0.2765 0.1580
vn -0.6817 0.6737 0.2854
vn 0.2441 0.9605 0.1338
vn 0.9359 0.3197 -0.1482
vn 0.6904 -0.5664 -0.4500
vn 0.6985 -0.6520 -0.2949
vn 0.9498 0.2959 -0.1012
vn 0.2218 0.9743 0.0396
vn 0.9547 0.2973 0.0156
vn 0.2126 0.9763 0.0394
vn 0.9436 0.3197 0.0858
vn 0.1898 0.9807 0.0474
vn -0.2661 -0.9547 -0.1331
vn -0.2332 -0.9716 -0.0389
vn 0.7232 -0.6843 0.0933
vn -0.2642 -0.9633 0.0466
vn -0.2425 -0.9700 0.0156
vn 0.7225 -0.6914 0.0078
vn 0.7193 -0.6806 -0.1392
vn 0.9164 -0.0235 0.3995
vn 0.9059 0.0390 0.4217
vn -0.3958 -0.0079 0.9183
vn 0.9162 -0.0313 0.3994
vn -0.4052 -0.0318 0.9137
vn 0.9137 -0.0078 0.4062
vn -0.4112 -0.0633 0.9094
vn 0.9065 0.0156 0.4220
vn -0.3951 -0.1343 0.9088
vn 0.4053 0.1326 -0.9045
vn 0.8953 0.0707 0.4398
vn -0.4039 -0.2534 0.8790
vn -0.9193 -0.0236 -0.3929
vn -0.9154 -0.0079 -0.4025
vn -0.9124 0.0157 -0.4090
vn -0.9125 0.0079 -0.4090
vn 0.3654 0.2567 -0.8948
vn -0.9241 -0.0474 -0.3791
vn 0.4268 -0.0931 -0.8996
vn 0.4126 -0.0078 -0.9109
vn 0.4034 0.0155 -0.9149
vn 0.4030 0.0465 -0.9140
vn 0.4056 0.1326 -0.9044
vn -0.9173 -0.0706 -0.3920
vn 0.3658 0.2567 -0.8946
vn -0.8169 -0.0628 -0.5734
vn -0.3470 -0.3154 0.8832
vn 0.3909 0.3283 -0.8599
vn 0.9480 0.1959 0.2507
vn 0.3908 0.3284 -0.8599
vn -0.3879 0.0792 0.9183
vn 0.8839 0.1408 0.4459
vn 0.3865 -0.8661 -0.3170
vn 0.9321 0.3368 0.1332
vn 0.9038 0.3584 0.2338
vn 0.4243 -0.6403 -0.6403
vn 0.8788 0.2825 0.3845
vn -0.3888 0.3174 0.8649
vn -0.9405 -0.1027 -0.3240
vn 0.4272 -0.3183 -0.8463
vn 0.4244 -0.6402 -0.6403
vn -0.9527 -0.1575 -0.2598
vn -0.9549 -0.2288 -0.1894
vn -0.3648 0.6585 0.6583
vn -0.3259 0.8903 0.3180
vn -0.3245 0.9419 0.0871
vn -0.3257 0.9454 0.0079
vn 0.9379 0.3204 0.1329
vn 0.9253 0.3294 0.1882
vn -0.3255 0.9447 -0.0397
vn -0.9372 -0.3071 -0.1654
vn -0.9383 -0.3154 -0.1419
vn -0.9438 -0.2988 -0.1416
vn -0.9455 -0.2758 -0.1733
vn 0.2790 -0.9532 0.1164
vn 0.3039 -0.9507 0.0623
vn 0.3255 -0.9454 -0.0155
vn 0.3403 -0.9350 -0.1004
vn 0.3868 -0.8660 -0.3170
vn -0.7233 0.6756 0.1430
vn -0.7337 0.6778 0.0478
vn -0.9577 -0.2849 0.0396
vn -0.9513 -0.2909 0.1022
vn -0.7305 0.6828 0.0080
vn -0.9658 -0.2591 0.0079
vn -0.3320 0.9406 -0.0711
vn 0.9070 0.3597 0.2189
vn 0.2789 -0.9532 0.1163
vn 0.3037 -0.9507 0.0623
vn 0.3254 -0.9455 -0.0155
vn 0.3398 -0.9351 -0.1005
vn 0.7515 -0.0387 -0.6586
vn 0.7592 -0.1007 -0.6430
vn 0.9498 0.0311 0.3114
vn 0.9524 -0.0156 0.3045
vn -0.2101 -0.4279 -0.8791
vn 0.7756 -0.2792 -0.5662
vn -0.2174 -0.7531 -0.6210
vn 0.9442 0.0780 0.3199
vn 0.2215 0.0633 0.9731
vn 0.2127 0.0079 0.9771
vn 0.2127 -0.0236 0.9768
vn 0.9518 -0.0390 0.3043
vn 0.2295 0.0079 0.9733
vn -0.7481 0.0637 0.6605
vn 0.7816 -0.4953 -0.3792
vn 0.9314 0.1565 0.3287
vn 0.2052 0.1737 0.9632
vn -0.7378 0.0317 0.6743
vn -0.7380 0.0159 0.6746
vn -0.7456 0.0079 0.6663
vn -0.9460 0.0236 -0.3232
vn -0.9487 -0.0000 -0.3162
vn -0.9500 -0.0475 -0.3087
vn -0.9527 -0.0866 -0.2913
vn -0.7387 0.0953 0.6672
vn -0.9624 -0.1183 -0.2445
vn -0.7237 0.3023 0.6204
vn -0.9695 -0.1734 -0.1734
vn -0.2174 -0.7530 -0.6211
vn -0.2100 -0.4279 -0.8791
vn -0.1942 -0.1864 -0.9631
vn -0.1940 -0.0776 -0.9779
vn -0.1945 -0.0234 -0.9806
vn -0.1946 0.0078 -0.9809
vn -0.9624 -0.2445 -0.1183
vn -0.2339 -0.9670 -0.1014
vn -0.2182 -0.9273 -0.3040
vn -0.6971 0.6891 -0.1980
vn -0.9697 -0.2444 -0.0000
vn -0.7069 0.6910 -0.1509
vn -0.9633 -0.2684 -0.0079
vn -0.2582 -0.9390 0.2270
vn -0.2426 -0.9547 0.1721
vn -0.9602 -0.2754 -0.0472
vn -0.2349 -0.9709 0.0470
vn -0.9603 -0.2676 -0.0787
vn -0.7150 0.6991 0.0079
vn -0.7123 0.6965 -0.0870
vn 0.2444 0.9540 -0.1735
vn 0.2445 0.9624 -0.1183
vn 0.2368 0.9710 -0.0316
vn 0.2287 0.9703 0.0789
vn -0.7148 0.6751 0.1827
vn 0.9518 0.3043 0.0390
vn 0.9529 0.2968 0.0625
vn 0.7240 -0.6462 0.2414
vn -0.7063 0.5634 0.4286
vn 0.2203 0.9285 0.2990
vn 0.9502 0.3037 0.0701
vn 0.9546 0.2895 0.0704
vn 0.7229 -0.6607 0.2021
vn -0.2582 -0.9390 0.2269
vn 0.2057 0.7595 0.6171
vn 0.9443 0.3044 0.1249
vn 0.9309 0.2660 0.2503
vn 0.1895 0.4265 0.8844
vn 0.7259 -0.6791 0.1093
vn 0.7373 -0.6752 -0.0233
vn 0.7515 -0.6352 -0.1781
vn -0.2426 -0.9547 0.1722
vn -0.2182 -0.9274 -0.3039
vn 0.4270 -0.3184 -0.8463
vn 0.4265 -0.0931 -0.8997
vn 0.4031 0.0155 -0.9150
vn 0.4028 0.0465 -0.9141
vn 0.7517 -0.0310 -0.6587
vn 0.7446 -0.0233 -0.6671
vn -0.1946 -0.0234 -0.9806
vn 0.9562 -0.0544 0.2877
vn 0.7399 -0.0623 -0.6698
vn -0.1871 -0.0156 -0.9822
vn -0.9394 0.0474 -0.3395
vn -0.7455 0.0238 0.6661
vn 0.1900 0.0159 0.9817
vn 0.9470 0.0157 0.3209
vn 0.7374 0.0155 -0.6753
vn -0.2260 0.0078 -0.9741
vn -0.1015 0.0781 -0.9918
vn 0.7246 0.1247 -0.6778
vn 0.9784 0.1018 0.1800
vn 0.2996 -0.0000 0.9541
vn -0.7433 -0.0791 0.6642
vn -0.9563 0.0079 -0.2924
vn -0.9152 -0.0237 -0.4024
vn -0.1015 0.0779 -0.9918
vn -0.4286 0.2857 0.8571
vn 0.0238 0.8958 0.4439
vn -0.6637 0.6557 0.3599
vn 0.1415 0.8175 -0.5582
vn 0.3706 0.8516 0.3706
vn -0.1413 0.6513 -0.7456
vn -0.4641 0.6607 -0.5900
vn 0.1858 -0.8439 -0.5033
vn -0.6594 -0.6594 0.3611
vn -0.2954 -0.5442 -0.7852
vn 0.0235 -0.8988 0.4377
vn 0.3657 -0.8559 0.3657
vn 0.5570 -0.3138 0.7689
vn 0.5597 0.2996 0.7726
vn 0.0949 0.3478 0.9328
vn 0.0943 -0.3616 0.9276
vn -0.4266 -0.3002 0.8532
vn -0.6636 0.6559 0.3597
vn -0.3517 0.1092 -0.9297
vn -0.4641 0.6608 -0.5899
vn -0.1266 0.9888 0.0791
vn 0.2064 0.6034 0.7703
vn 0.5115 0.8262 0.2361
vn -0.3645 0.6894 0.6260
vn -0.8176 0.5557 -0.1508
vn -0.8171 0.3253 0.4760
vn -0.8938 -0.3606 -0.2666
vn -0.8772 -0.2609 0.4031
vn -0.8772 -0.2608 0.4031
vn -0.8938 -0.3607 -0.2666
vn -0.5177 -0.7294 0.4471
vn -0.3209 -0.9313 -0.1722
vn 0.0468 -0.8038 0.5931
vn 0.2716 -0.9624 -0.0078
vn 0.4943 -0.4472 0.7455
vn 0.8404 -0.5058 0.1945
vn 0.5587 0.1338 0.8185
vn 0.9256 0.2432 0.2902
vn -0.9518 0.1180 -0.2832
vn -0.6338 0.5625 0.5310
vn -0.5931 0.7985 -0.1028
vn -0.9139 0.0239 0.4053
vn -0.7132 -0.6270 -0.3135
vn -0.7262 -0.5683 0.3868
vn -0.0546 -0.9823 -0.1793
vn -0.2195 -0.8460 0.4859
vn 0.3210 -0.6890 0.6498
vn 0.6206 -0.7835 0.0311
vn 0.6030 -0.1879 0.7753
vn 0.9652 -0.1557 0.2102
vn 0.4575 0.3786 0.8046
vn 0.7774 0.5732 0.2591
vn -0.0635 0.7056 0.7057
vn 0.1346 0.9817 0.1346
vn -0.5930 0.7986 -0.1028
vn -0.6341 0.5623 0.5308
vn -0.7382 -0.6125 -0.2827
vn -0.0930 -0.9847 -0.1473
vn -0.7452 -0.6040 -0.2824
vn -0.9599 0.1190 -0.2539
vn -0.9580 0.1346 -0.2533
vn -0.6078 0.7893 -0.0869
vn -0.6032 0.7936 -0.0794
vn 0.1103 0.9848 0.1339
vn -0.6031 0.7937 -0.0793
vn -0.6077 0.7894 -0.0868
vn 0.7555 0.5981 0.2676
vn 0.7623 0.5894 0.2672
vn 0.9629 -0.1331 0.2348
vn 0.9607 -0.1484 0.2344
vn 0.6108 -0.7887 0.0696
vn 0.6063 -0.7928 0.0622
vn -0.1398 -0.6602 -0.7380
vn 0.5322 0.7044 -0.4696
vn 0.9375 0.2500 0.2422
vn 0.8803 0.2337 -0.4129
vn 0.4876 0.8573 0.1652
vn -0.0313 0.7843 -0.6196
vn -0.2537 0.9672 -0.0159
vn -0.4799 0.4327 -0.7632
vn -0.8397 0.4991 -0.2139
vn -0.5442 -0.1555 -0.8244
vn -0.8398 0.4991 -0.2139
vn -0.9207 -0.2597 -0.2912
vn -0.1873 -0.6163 -0.7649
vn -0.4520 -0.8649 -0.2182
vn 0.3723 -0.6902 -0.6205
vn 0.2715 -0.9619 -0.0310
vn 0.8129 -0.3407 -0.4724
vn 0.8484 -0.5059 0.1557
vn -0.7071 0.7071 -0.0079
vn 0.7149 0.6992 -0.0079
vn 0.0158 0.9369 0.3493
vn 0.9935 0.1095 0.0313
vn 0.0237 0.9079 0.4184
vn -0.9904 0.1347 0.0317
vn 0.0079 0.6663 0.7456
vn -0.9959 0.0553 0.0712
vn 0.0158 0.2052 0.9786
vn -0.9872 -0.0237 0.1579
vn 0.0079 -0.5121 0.8589
vn -0.9857 -0.0315 0.1656
vn 0.9961 0.0545 0.0700
vn 0.9873 -0.0311 0.1555
vn 0.9910 -0.0156 0.1326
vn 0.0077 -0.5812 -0.8137
vn 0.0077 -0.0078 -0.9999
vn -0.0002 0.4534 -0.8913
vn 0.0234 0.7147 -0.6990
vn 0.9999 -0.0000 -0.0156
vn 0.0392 -0.7297 0.6826
vn -0.9999 -0.0159 -0.0000
vn 0.0238 0.7147 -0.6990
vn 0.0001 0.4534 -0.8913
vn 0.0078 -0.0078 -0.9999
vn 0.0078 -0.5812 -0.8137
vn -0.0077 -0.9311 -0.3647
vn -0.9867 -0.1421 -0.0789
vn -0.9893 -0.0554 -0.1346
vn -0.9859 0.1577 0.0552
vn 0.0545 -0.4120 -0.9096
vn -0.9759 -0.1967 0.0945
vn -0.0153 -0.7299 -0.6834
vn -0.9419 -0.2770 0.1900
vn -0.0155 -0.7770 -0.6293
vn -0.9986 0.0476 0.0238
vn -0.0154 -0.2716 -0.9623
vn 0.0078 -0.4718 -0.8817
vn -0.0000 -0.9109 -0.4127
vn 0.0079 0.4281 0.9037
vn -0.0239 0.3018 0.9531
vn -0.0238 0.0159 0.9996
vn -0.0318 0.1670 0.9854
vn 0.0315 0.4023 0.9150
vn 0.9813 -0.0467 0.1869
vn 0.9128 -0.3589 0.1951
vn 0.8467 -0.4428 0.2951
vn 0.0543 -0.4122 -0.9095
vn -0.0159 -0.7300 -0.6833
vn -0.0157 -0.7769 -0.6294
vn 0.9944 -0.0621 0.0855
vn -0.0157 -0.2716 -0.9623
vn 0.9886 -0.0545 -0.1401
vn 0.0077 -0.4718 -0.8817
vn 0.9837 -0.1626 -0.0774
vn -0.0003 -0.9109 -0.4126
vn -0.0078 -0.9311 -0.3647
vn 0.1107 0.8306 0.5458
vn 0.9851 -0.1008 0.1396
vn 0.0633 0.8400 0.5389
vn 0.9710 -0.2330 0.0544
vn -0.0932 -0.8390 -0.5360
vn -0.0465 -0.8440 -0.5343
vn -0.9861 0.0868 -0.1420
vn -0.9752 0.2141 -0.0555
vn 0.1108 0.8305 0.5458
vn 0.0634 0.8400 0.5389
vn -0.4914 -0.8659 0.0936
vn -0.7687 0.3530 -0.5334
vn -0.3583 -0.9192 -0.1636
vn -0.6350 -0.7530 0.1726
vn -0.6352 0.3764 -0.6744
vn 0.6199 0.7533 -0.2197
vn 0.6111 0.7912 -0.0235
vn 0.6715 -0.3592 0.6481
vn 0.6927 -0.4982 0.5215
vn -0.4916 -0.8658 0.0936
vn 0.8172 -0.4747 0.3269
vn -0.3583 -0.9191 -0.1637
vn -0.6353 -0.7528 0.1725
vn 0.8032 -0.4289 0.4133
vn -0.0000 0.6189 0.7855
vn 0.9942 -0.0544 0.0932
vn -0.0477 0.7063 0.7063
vn 0.9562 -0.1866 0.2254
vn 0.1344 0.8699 0.4745
vn 0.8869 -0.3890 0.2490
vn 0.4039 0.8948 0.1901
vn -0.0000 0.3258 0.9454
vn -0.9314 -0.2763 0.2368
vn -0.0158 0.1104 0.9938
vn -0.8320 -0.3883 0.3962
vn -0.9951 0.0474 -0.0869
vn -0.9444 0.0630 -0.3227
vn -0.9102 0.1820 -0.3720
vn -0.8680 0.3472 -0.3551
vn -0.0076 -0.9079 -0.4190
vn -0.0232 -0.9704 -0.2406
vn 0.0852 -0.6271 -0.7742
vn 0.1401 -0.7231 -0.6764
vn -0.1244 -0.8951 -0.4281
vn -0.0159 -0.0397 0.9991
vn -0.9449 -0.2913 0.1496
vn -0.8669 -0.3862 0.3152
vn 0.0079 0.1347 0.9909
vn 0.9486 -0.2799 0.1477
vn 0.0238 0.3493 0.9367
vn -0.9975 -0.0633 0.0317
vn 0.8880 -0.3583 0.2883
vn -0.0004 -0.7301 -0.6833
vn -0.0234 -0.3349 -0.9420
vn 0.9777 0.0939 0.1877
vn -0.0318 0.3256 0.9450
vn -0.9722 0.0474 0.2292
vn -0.0002 -0.7373 -0.6755
vn -0.9565 -0.1581 0.2451
vn 0.2062 0.6427 0.7379
vn -0.9629 -0.1657 0.2131
vn 0.0950 0.4672 0.8790
vn 0.9938 0.0466 -0.1009
vn -0.0779 -0.3889 -0.9180
vn 0.9504 0.1169 -0.2882
vn -0.1791 -0.4982 -0.8484
vn 0.9474 0.0777 -0.3106
vn 0.9779 -0.0776 -0.1940
vn 0.1352 0.8353 0.5330
vn -0.9924 -0.0945 0.0788
vn -0.1009 -0.6130 -0.7836
vn -0.0310 -0.8195 -0.5722
vn 1.0000 -0.0000 0.0078
vn -0.0716 0.9704 0.2307
vn -0.9815 -0.1741 -0.0792
vn -0.1112 0.9927 -0.0476
vn 0.1396 -0.9710 -0.1943
vn 0.9710 0.1253 0.2036
vn 0.2025 -0.9740 0.1013
vn -0.1007 -0.6130 -0.7836
vn -0.1789 -0.4980 -0.8485
vn -0.0309 -0.8196 -0.5721
vn 0.1402 -0.9709 -0.1942
vn -0.9444 -0.2440 -0.2204
vn -0.0473 0.9452 -0.3230
vn 0.9697 -0.0313 0.2424
vn 0.1254 0.8778 -0.4624
vn 0.9447 -0.2030 0.2576
vn -0.9534 -0.1655 -0.2522
vn 0.2026 -0.9740 0.1013
vn -0.9868 -0.1105 -0.1184
vn -0.0545 -0.9432 0.3276
vn -0.1483 -0.8830 0.4454
vn -0.0546 -0.9433 0.3274
vn -0.1485 -0.8830 0.4453
vn -0.3643 0.6895 0.6260
vn 0.2066 0.6034 0.7702
vn 0.5589 0.1338 0.8184
vn -0.8774 -0.2606 0.4029
vn 0.4943 -0.4473 0.7454
vn -0.5177 -0.7295 0.4470
vn 0.0468 -0.8039 0.5930
vn 0.0159 0.9369 0.3493
vn 0.0079 -0.5119 0.8590
vn 0.9911 -0.0156 0.1326
vn 0.0076 -0.5814 -0.8136
vn 0.0235 0.7147 -0.6990
vn 0.0237 0.7147 -0.6990
vn 0.0001 0.4535 -0.8913
vn 0.0080 -0.0078 -0.9999
vn 0.0080 -0.5812 -0.8137
vn -0.0075 -0.9311 -0.3647
vn -0.9894 -0.0554 -0.1345
vn 0.0544 -0.4120 -0.9096
vn -0.0156 -0.7770 -0.6293
vn -0.0153 -0.2716 -0.9623
vn 0.0080 -0.4718 -0.8817
vn 0.0003 -0.9109 -0.4127
vn -0.0238 0.3018 0.9531
vn -0.0238 0.0160 0.9996
vn 0.9812 -0.0467 0.1870
vn 0.9128 -0.3589 0.1950
vn 0.8467 -0.4428 0.2952
vn -0.0158 -0.7300 -0.6833
vn -0.0156 -0.7770 -0.6294
vn -0.0155 -0.2716 -0.9623
vn 0.0076 -0.4718 -0.8817
vn 0.4576 0.3785 0.8045
vn -0.0634 0.7057 0.7057
vn -0.6338 0.5626 0.5308
vn -0.9139 0.0239 0.4052
vn 0.6030 -0.1880 0.7753
vn -0.7263 -0.5683 0.3868
vn 0.3210 -0.6891 0.6497
vn -0.2195 -0.8462 0.4856
vn -0.9890 0.1424 0.0396
vn 0.0712 0.9256 0.3718
vn 0.0475 0.9027 0.4276
vn 0.9986 0.0468 0.0234
vn 0.9827 -0.1794 -0.0468
vn 0.9985 0.0546 0.0078
vn 0.0553 0.9238 0.3790
vn 0.0317 0.6907 0.7225
vn 0.9988 0.0156 0.0468
vn -0.0079 0.2684 0.9633
vn -0.9955 0.0711 0.0632
vn -0.9927 0.0159 0.1191
vn -0.0076 -0.6753 -0.7375
vn 0.0157 -0.2186 -0.9757
vn -0.0079 -0.0712 0.9974
vn 0.9890 -0.0000 0.1480
vn -0.9920 0.0078 -0.1260
vn 0.0158 0.0701 -0.9974
vn 0.9956 0.0078 -0.0933
vn 0.0155 -0.2186 -0.9757
vn -0.0078 -0.6754 -0.7374
vn 0.0153 0.0702 -0.9974
vn 0.0555 0.8082 0.5863
vn 0.9751 -0.1935 -0.1084
vn -0.0543 -0.9066 -0.4185
vn -0.0313 -0.9147 -0.4030
vn -0.0546 -0.9324 -0.3574
vn 0.9949 -0.0000 0.1010
vn 0.9190 -0.3116 0.2414
vn 0.0076 -0.5724 -0.8199
vn -0.0158 -0.8594 -0.5110
vn 0.8462 -0.3882 0.3649
vn -0.0235 -0.9148 -0.4032
vn 0.9990 -0.0234 0.0390
vn 0.0077 -0.5111 -0.8595
vn 0.9991 -0.0390 -0.0156
vn 0.0075 -0.5053 -0.8629
vn -0.0235 -0.8294 -0.5581
vn -0.0079 0.3091 0.9510
vn 0.0079 0.5692 0.8222
vn -0.0159 0.1347 0.9908
vn -0.0000 0.5157 0.8568
vn 0.0079 0.4755 0.8797
vn -0.9545 -0.2366 0.1814
vn -0.8857 -0.3321 0.3243
vn -0.9997 0.0238 0.0079
vn -0.9995 -0.0000 -0.0317
vn -0.9867 -0.1026 -0.1263
vn -0.9872 0.1579 0.0237
vn -0.9964 -0.0791 -0.0316
vn -0.0541 -0.9066 -0.4184
vn -0.0232 -0.8294 -0.5581
vn 0.0079 -0.5053 -0.8629
vn -0.0544 -0.9324 -0.3574
vn -0.0310 -0.9146 -0.4031
vn 0.0078 -0.5110 -0.8595
vn -0.0232 -0.9149 -0.4031
vn -0.0153 -0.8594 -0.5110
vn 0.0078 -0.5724 -0.8199
vn -0.9954 0.0869 0.0395
vn 0.2871 -0.9465 -0.1474
vn -0.9707 -0.2210 -0.0947
vn -0.9827 -0.1808 -0.0393
vn 0.2962 -0.9198 0.2573
vn -0.9893 -0.1425 0.0316
vn -0.9835 -0.1427 0.1111
vn 0.2813 -0.7346 0.6174
vn -0.9754 -0.1348 0.1745
vn 0.2739 -0.5479 0.7905
vn -0.2365 0.7253 -0.6465
vn -0.2434 0.5344 -0.8094
vn -0.9769 -0.1112 0.1827
vn 0.2751 -0.4795 0.8333
vn 0.9560 0.1554 -0.2487
vn 0.9436 0.2418 -0.2261
vn -0.2425 0.4618 -0.8532
vn 0.9333 0.3422 -0.1089
vn -0.2382 0.9606 0.1429
vn -0.2289 0.9311 -0.2840
vn -0.2367 0.7254 -0.6464
vn -0.2436 0.5344 -0.8094
vn 0.9524 0.1394 -0.2710
vn -0.2427 0.4618 -0.8531
vn 0.9464 0.3207 0.0391
vn -0.2456 0.8950 0.3723
vn 0.9608 0.2578 0.1016
vn -0.2544 0.8666 0.4293
vn 0.9679 0.2263 0.1093
vn 0.2722 -0.8868 -0.3734
vn 0.2638 -0.8612 -0.4345
vn -0.9642 -0.2371 -0.1186
vn -0.2454 0.8951 0.3722
vn -0.2379 0.9607 0.1429
vn -0.2288 0.9311 -0.2841
vn 0.8803 0.2341 -0.4127
vn 0.8130 -0.3407 -0.4722
vn 0.5322 0.7045 -0.4695
vn 0.3723 -0.6903 -0.6204
vn -0.1873 -0.6166 -0.7647
vn -0.0314 0.7843 -0.6196
vn -0.5444 -0.1555 -0.8243
vn -0.4801 0.4327 -0.7631
vn -0.9872 -0.0237 0.1580
vn 0.0079 -0.5120 0.8589
vn 0.9910 -0.0156 0.1327
vn 0.0076 -0.5812 -0.8137
vn -0.0000 0.4534 -0.8913
vn -0.9867 -0.1421 -0.0790
vn -0.9859 0.1578 0.0552
vn 0.0546 -0.4120 -0.9095
vn -0.0155 -0.7299 -0.6834
vn -0.0154 -0.7770 -0.6293
vn 0.0078 0.4281 0.9037
vn -0.0318 0.1669 0.9855
vn 0.8466 -0.4428 0.2952
vn 0.0541 -0.4121 -0.9095
vn -0.0156 -0.7299 -0.6833
vn 0.9836 -0.1627 -0.0775
vn -0.0000 -0.9109 -0.4126
vn -0.0079 -0.9311 -0.3647
vn -0.8027 0.2146 0.5564
vn -0.4605 0.6034 0.6510
vn 0.0079 0.4815 0.8764
vn -0.7071 -0.0080 0.7071
vn 0.0079 -0.0079 0.9999
vn 0.4729 0.5990 0.6462
vn 0.8083 0.2119 0.5493
vn 0.7149 -0.0079 0.6992
vn 0.6282 0.7774 0.0314
vn 0.5819 -0.7837 0.2173
vn 0.7059 -0.6206 -0.3414
vn 0.8245 0.5654 0.0236
vn 0.5799 -0.2320 -0.7810
vn 0.5870 0.7748 -0.2348
vn -0.6186 0.7851 0.0317
vn -0.8194 0.5728 0.0239
vn -0.5766 0.7819 -0.2369
vn -0.5695 -0.2340 -0.7880
vn -0.6979 -0.6275 -0.3451
vn -0.5715 -0.7907 0.2192
vn -0.5787 0.2220 0.7848
vn 0.5891 0.2199 0.7776
vn 0.5820 -0.7837 0.2172
vn -0.5714 -0.7908 0.2192
vn 0.5799 -0.2321 -0.7809
vn -0.5697 -0.2341 -0.7878
vn -0.5717 -0.7907 0.2192
vn -0.6980 -0.6274 -0.3451
vn 0.7060 -0.6206 -0.3413
vn 0.5802 -0.2320 -0.7808
vn 0.0079 0.9999 -0.0079
vn 0.0079 0.4816 0.8763
vn 0.0079 0.4817 0.8763
vn 0.4728 0.5990 0.6463
vn -0.4605 0.6034 0.6511
vn -0.1245 -0.8951 -0.4281
vn 0.1397 -0.7231 -0.6765
vn 0.0848 -0.6272 -0.7742
vn -0.0233 -0.9703 -0.2406
vn -0.0080 -0.9080 -0.4190
vn 0.9101 -0.3189 0.2645
vn -0.0080 -0.6378 -0.7701
vn 0.9992 0.0078 0.0390
vn -0.0000 0.6363 0.7715
vn -0.0076 -0.6379 -0.7701
vn -0.9769 -0.1111 0.1827
vn -0.9835 -0.1428 0.1110
vn 0.2739 -0.5478 0.7905
vn 0.9436 0.2417 -0.2262
vn -0.2384 0.9606 0.1429
vn -0.2457 0.8950 0.3723
vn -0.2546 0.8665 0.4294
vn 0.9679 0.2264 0.1093
vn 0.2723 -0.8868 -0.3734
vn -0.2453 0.8951 0.3722
vn -0.2378 0.9607 0.1429
vn -0.2437 0.5344 -0.8094
vn -0.2289 0.9311 -0.2841
vn -0.2366 0.7253 -0.6465
vn -0.9959 0.0553 0.0711
vn 0.0075 -0.5812 -0.8137
vn 0.0232 0.7148 -0.6990
vn -0.9759 -0.1968 0.0944
vn -0.0154 -0.7298 -0.6834
vn -0.0153 -0.7770 -0.6293
vn 0.0544 -0.4120 -0.9095
vn -0.0157 -0.7770 -0.6293
vn -0.0158 -0.2716 -0.9623
vn 0.0075 -0.4718 -0.8817
vn -0.0001 -0.9109 -0.4126
vn 0.0156 -0.2186 -0.9757
vn 0.0155 0.0702 -0.9974
vn -0.0080 -0.6754 -0.7374
vn -0.9928 0.0159 0.1191
vn -0.9920 0.0079 -0.1259
vn 0.0156 0.0701 -0.9974
vn 0.9751 -0.1934 -0.1083
vn -0.0544 -0.9066 -0.4184
vn -0.0310 -0.9146 -0.4032
vn 0.0552 0.9238 0.3790
vn -0.0077 -0.6753 -0.7375
vn -0.9872 0.1580 0.0237
vn -0.0542 -0.9066 -0.4184
vn -0.0310 -0.9147 -0.4031
vn 0.0080 -0.5110 -0.8596
vn -0.9997 0.0238 0.0080
vn -0.8858 -0.3321 0.3242
vn -0.0151 -0.8594 -0.5110
vn -0.9545 -0.2366 0.1815
vn 0.0078 -0.5724 -0.8200
vn -0.0159 0.1348 0.9907
vn 0.9190 -0.3115 0.2415
vn -0.0155 -0.8595 -0.5110
vn -0.0233 -0.9148 -0.4032
vn 0.0076 -0.5111 -0.8595
vn 0.0076 -0.5053 -0.8629
vn -0.0233 -0.8294 -0.5581
vn -0.6352 -0.7528 0.1725
vn -0.3583 -0.9192 -0.1635
vn -0.6350 -0.7529 0.1726
vn 0.6927 -0.4981 0.5215
vn -0.3585 -0.9191 -0.1636
vn 0.8032 -0.4289 0.4134
vn -0.0476 0.7063 0.7063
vn 0.1345 0.8699 0.4745
vn 0.8870 -0.3890 0.2490
vn 0.4039 0.8949 0.1900
vn -0.0000 0.3257 0.9455
vn -0.9444 0.0629 -0.3227
vn -0.9102 0.1821 -0.3720
vn -0.0076 -0.9079 -0.4191
vn -0.0231 -0.9704 -0.2405
vn 0.0853 -0.6272 -0.7742
vn -0.1246 -0.8951 -0.4281
vn 0.1398 -0.7229 -0.6766
vn 0.0851 -0.6271 -0.7742
vn -0.0234 -0.9703 -0.2407
vn -0.0079 -0.9080 -0.4190
vn -0.0078 -0.6379 -0.7701
vn 0.9992 0.0078 0.0391
vn -0.9986 0.0475 0.0238
vn -0.0075 -0.6378 -0.7701
vn 0.2023 -0.9741 0.1013
vn 0.9447 -0.2030 0.2577
vn -0.1486 -0.8829 0.4454
vn 0.1398 -0.9709 -0.1943
vn -0.9535 -0.1654 -0.2521
vn -0.9444 -0.2440 -0.2203
vn -0.0312 -0.8195 -0.5723
vn -0.9815 -0.1741 -0.0791
vn 0.9474 0.0776 -0.3106
vn 0.1400 -0.9710 -0.1940
vn 0.2027 -0.9740 0.1013
vn -0.0543 -0.9432 0.3276
vn -0.1484 -0.8830 0.4454
vn -0.0309 -0.8195 -0.5722
vn -0.1790 -0.4981 -0.8484
vn -0.0778 -0.3890 -0.9180
vn -0.1007 -0.6129 -0.7837
vn 0.2063 0.6427 0.7379
vn 0.9504 0.1168 -0.2882
vn 0.0001 -0.7375 -0.6753
vn -0.8669 -0.3861 0.3152
vn 0.0004 -0.7298 -0.6836
vn 0.8880 -0.3583 0.2882
vn -0.0001 -0.7375 -0.6754
vn -0.0778 -0.3889 -0.9180
vn -0.1794 -0.4981 -0.8484
vn -0.1012 -0.6130 -0.7836
vn -0.0000 -0.7301 -0.6834
vn -0.0235 -0.3350 -0.9419
vn -0.9722 0.0474 0.2293
vn -0.0233 -0.3347 -0.9420
vn -0.0157 0.9288 -0.3701
vn 0.0477 0.3655 0.9296
vn -0.0317 0.9247 -0.3794
vn 0.0470 -0.9317 0.3602
vn -0.0155 -0.3807 -0.9246
vn -0.0312 -0.3739 -0.9270
vn 0.0312 -0.9296 0.3672
vn 0.0317 0.3561 0.9339
vn 0.0706 0.9330 -0.3528
vn -0.0547 -0.9222 0.3829
vn 0.0542 -0.4027 -0.9137
vn -0.0158 0.9290 -0.3699
vn -0.0316 0.9247 -0.3793
vn 0.1891 0.9217 -0.3387
vn 0.1700 -0.4095 -0.8963
vn 0.2515 0.9040 -0.3457
vn -0.1800 -0.9155 0.3599
vn -0.1669 0.3497 0.9219
vn -0.0473 0.3394 0.9394
vn 0.2164 -0.3865 -0.8965
vn -0.2352 -0.9172 0.3215
vn -0.2057 0.3798 0.9019
vn 0.1892 0.9216 -0.3389
vn -0.1482 -0.9358 0.3198
vn -0.1271 0.4051 0.9054
vn -0.0319 0.3822 0.9235
vn 0.1557 -0.3426 -0.9265
vn 0.0079 0.3727 0.9279
vn 0.0078 -0.9363 0.3511
vn -0.0313 -0.9384 0.3441
vn 0.0466 -0.3575 -0.9327
vn 0.0549 0.9182 -0.3924
vn 0.1733 0.9061 -0.3860
vn 0.0078 0.9224 -0.3863
vn 0.0078 -0.3647 -0.9311
vn 0.2515 0.9038 -0.3461
vn 0.1733 0.9059 -0.3863
vn 0.0548 0.9181 -0.3926
vn 0.0079 0.9222 -0.3865
vn -0.9977 0.0634 -0.0237
vn -0.9997 -0.0159 0.0158
vn 0.2211 0.9398 -0.2606
vn -0.9886 0.1503 -0.0079
vn 0.2128 0.9771 -0.0079
vn -0.1869 -0.9823 -0.0078
vn -0.1639 -0.9602 0.2264
vn -0.0942 -0.7458 0.6595
vn -0.0628 -0.6052 0.7936
vn -0.9928 0.0473 -0.1103
vn -0.0391 -0.7909 0.6108
vn -0.9924 0.1191 -0.0318
vn 0.1253 0.6817 -0.7208
vn 0.9740 -0.1714 0.1481
vn 0.9558 -0.2875 0.0622
vn -0.0944 -0.7458 0.6594
vn -0.1640 -0.9602 0.2263
vn -0.1874 -0.9822 -0.0078
vn 0.9687 -0.2480 -0.0077
vn -0.0630 -0.6051 0.7937
vn 0.9995 -0.0313 -0.0000
vn 0.0704 0.5872 -0.8064
vn 0.0157 0.7980 -0.6024
vn 0.9984 0.0156 -0.0546
vn 0.9476 -0.0233 -0.3185
vn -0.1634 -0.9336 0.3190
vn 0.6890 -0.1703 -0.7045
vn -0.1633 -0.9716 0.1711
vn -0.0469 -0.9691 0.2423
vn -0.0393 -0.7908 0.6108
vn -0.0157 0.9753 -0.2202
vn 0.0396 0.9987 -0.0317
vn -0.9357 0.2068 0.2858
vn -0.6894 0.1268 0.7132
vn -0.1633 -0.9336 0.3190
vn -0.1632 -0.9717 0.1710
vn -0.2610 0.1266 0.9570
vn 0.0317 0.9990 -0.0317
vn 0.2408 -0.1709 -0.9554
vn 0.2601 0.1498 0.9539
vn -0.0078 -0.9683 0.2497
vn 0.6127 0.0864 0.7856
vn 0.1422 0.9796 -0.1422
vn 0.0790 0.9953 -0.0553
vn -0.5780 -0.0781 -0.8123
vn -0.2407 -0.1242 -0.9626
vn -0.0469 -0.9691 0.2422
vn 0.0864 0.9660 -0.2435
vn 0.5963 0.0628 0.8003
vn 0.0237 0.9630 -0.2684
vn 0.2595 0.1101 0.9594
vn -0.2136 0.9653 -0.1503
vn -0.2141 0.1348 0.9675
vn -0.1820 0.1424 0.9729
vn -0.1792 -0.9738 0.1400
vn 0.1942 -0.9710 0.1394
vn -0.2184 -0.9668 0.1325
vn -0.0623 -0.9973 0.0389
vn -0.1250 -0.9843 0.1247
vn -0.0701 -0.9717 0.2254
vn -0.1815 0.9706 -0.1578
vn -0.2104 -0.1481 -0.9663
vn 0.1972 0.1419 0.9700
vn 0.2291 0.1344 0.9641
vn 0.2257 -0.9652 0.1323
vn -0.2448 0.1105 0.9633
vn 0.0779 -0.9962 0.0389
vn 0.1407 -0.9822 0.1247
vn -0.5860 0.0634 0.8078
vn 0.2286 0.9619 -0.1498
vn -0.0079 0.9633 -0.2685
vn -0.0708 0.9672 -0.2438
vn -0.6028 0.0872 0.7931
vn -0.1267 0.9817 -0.1425
vn -0.2454 0.1504 0.9577
vn -0.0633 0.9965 -0.0554
vn 0.5882 -0.0774 -0.8050
vn -0.0159 0.9994 -0.0317
vn 0.2756 0.1260 0.9530
vn 0.2557 -0.1627 -0.9530
vn 0.6044 -0.1008 -0.7903
vn 0.0854 -0.9706 0.2252
vn 0.1403 -0.9822 0.1249
vn -0.0238 0.9992 -0.0317
vn 0.6976 0.1254 0.7054
vn -0.6807 -0.1721 -0.7120
vn -0.2261 -0.1715 -0.9589
vn 0.2552 -0.1237 -0.9589
vn 0.0234 -0.9680 0.2499
vn 0.0625 -0.9682 0.2421
vn 0.1784 -0.9690 0.1706
vn 0.1714 -0.9114 0.3740
vn 0.9434 0.2183 0.2495
vn 0.0395 0.9625 -0.2682
vn -0.9405 0.0079 -0.3398
vn -0.9989 -0.0000 -0.0476
vn 0.0707 -0.7053 0.7053
vn -0.9771 -0.1655 0.1340
vn 0.1101 -0.7629 0.6371
vn -0.9544 -0.2919 0.0631
vn 0.1791 -0.9576 0.2258
vn -0.0157 0.7226 -0.6911
vn 0.9901 0.1169 -0.0780
vn -0.1021 0.7151 -0.6915
vn -0.2060 0.9430 -0.2615
vn 1.0000 -0.0078 -0.0000
vn 0.9978 0.0623 -0.0234
vn 0.2022 -0.9793 -0.0078
vn -0.9677 -0.2518 -0.0079
vn -0.1976 0.9802 -0.0079
vn 0.9890 0.1480 -0.0078
vn 0.2018 -0.9794 -0.0078
vn 0.1790 -0.9576 0.2258
vn 0.1098 -0.7629 0.6371
vn 0.0705 -0.7053 0.7054
vn 0.1714 -0.9115 0.3739
vn 0.1783 -0.9691 0.1705
vn 0.0854 -0.9706 0.2251
vn 0.0234 -0.9680 0.2498
vn 0.0625 -0.9683 0.2419
vn 0.0156 -0.0078 -0.9998
vn -0.9998 -0.0079 -0.0159
vn -0.1402 -0.0467 -0.9890
vn 0.9853 -0.1707 -0.0000
vn 0.7186 -0.6954 -0.0000
vn 0.1946 -0.9809 0.0002
vn 0.0310 0.1087 -0.9936
vn -0.0700 0.0545 -0.9961
vn -0.9509 0.3090 -0.0158
vn -0.1578 -0.0473 0.9863
vn -0.0000 -0.0079 1.0000
vn 0.9853 -0.1707 -0.0001
vn -0.0790 0.0632 0.9949
vn -0.6990 0.7149 -0.0159
vn -0.2924 0.9562 -0.0158
vn -0.0155 0.1088 -0.9939
vn 0.0238 0.1269 0.9916
vn -0.0079 0.1270 0.9919
vn -0.1796 -0.9837 -0.0000
vn 0.1946 -0.9809 -0.0001
vn 0.3067 0.9517 -0.0157
vn 0.7070 0.7070 -0.0157
vn 0.0946 0.0631 0.9935
vn -0.7110 -0.7032 -0.0000
vn -0.9849 -0.1733 -0.0002
vn 0.1731 -0.0472 0.9838
vn 0.9524 0.3045 -0.0156
vn 0.0855 0.0544 -0.9949
vn 0.1554 -0.0466 -0.9868
vn 0.9998 -0.0078 -0.0156
vn 0.0158 -0.0079 0.9998
vn -1.0000 -0.0079 -0.0002
vn -0.0000 -0.0078 -1.0000
vn -0.9849 -0.1734 0.0001
vn -1.0000 -0.0080 0.0001
vn -0.3743 -0.6238 -0.6861
vn -0.4165 0.5187 -0.7466
vn -0.2947 -0.5894 -0.7522
vn 0.0316 0.9942 0.1026
vn 0.4388 0.6033 -0.6659
vn 0.3433 0.5228 -0.7803
vn 0.3088 -0.5866 -0.7487
vn 0.1253 0.4778 -0.8695
vn 0.1162 -0.5810 -0.8056
vn -0.1099 0.4787 -0.8711
vn -0.1009 -0.5819 -0.8069
vn -0.3207 0.4850 -0.8136
vn 0.0079 0.9968 0.0791
vn 0.3876 -0.6201 -0.6821
vn 0.3302 0.1730 0.9279
vn 0.0237 0.9982 0.0555
vn -0.0079 0.9984 0.0555
vn 0.1268 0.1823 0.9750
vn 0.0546 -0.9583 0.2805
vn 0.0859 -0.9534 0.2892
vn 0.0316 0.9869 0.1579
vn 0.3937 0.1575 0.9056
vn 0.1327 -0.9208 0.3667
vn -0.3743 -0.6238 -0.6862
vn -0.2946 -0.5893 -0.7523
vn -0.1008 -0.5819 -0.8070
vn 0.1162 -0.5809 -0.8056
vn -0.0390 -0.9590 0.2807
vn -0.1112 0.1827 0.9769
vn -0.2851 0.2138 0.9344
vn -0.0704 -0.9546 0.2895
vn 0.3875 -0.6201 -0.6821
vn -0.1173 -0.9226 0.3675
vn -0.3244 0.2295 0.9176
vn 0.0316 0.9798 0.1975
vn 0.2252 -0.1475 -0.9631
vn 0.0778 -0.9962 0.0390
vn 0.2258 -0.9651 0.1326
vn 0.1937 -0.1550 -0.9687
vn 0.1942 -0.9709 0.1402
vn -0.1792 -0.9738 0.1403
vn -0.1788 -0.1554 -0.9715
vn -0.2183 -0.9668 0.1327
vn 0.1967 0.9678 -0.1574
vn -0.0700 -0.9717 0.2256
vn -0.5944 -0.1017 -0.7977
vn -0.1249 -0.9843 0.1250
vn -0.0623 -0.9973 0.0391
vn -0.2411 -0.1633 -0.9567
vn -0.0078 -0.9682 0.2499
vn 0.0079 0.5547 0.8320
vn -0.0079 0.8094 0.5872
vn 0.0158 0.8221 0.5691
vn 0.0633 0.8551 0.5146
vn -0.0554 0.8555 0.5149
vn -0.1187 0.9815 0.1504
vn -0.4281 0.8402 0.3329
vn -0.8046 0.5895 0.0717
vn -0.7302 -0.6832 -0.0082
vn -0.6953 -0.7187 -0.0078
vn -0.7922 0.6100 0.0158
vn -0.1191 0.9928 0.0159
vn -0.0000 1.0000 -0.0000
vn 0.0635 0.8494 0.5239
vn 0.4506 0.8222 0.3478
vn 0.0955 0.8355 0.5411
vn -0.0477 0.8502 0.5244
vn -0.0792 0.8390 0.5383
vn 0.1183 0.9859 0.1183
vn 0.8064 0.5872 0.0704
vn 0.7375 -0.6754 -0.0000
vn 0.6993 -0.7148 -0.0078
vn 0.7981 0.6025 -0.0078
vn 0.1181 0.9922 -0.0393
vn -0.0000 0.9969 -0.0791
vn 0.7375 -0.6753 -0.0001
vn -0.7303 -0.6831 -0.0078
vn -0.6954 -0.7185 -0.0078
vn 0.9991 0.0156 -0.0390
vn 0.9894 0.1169 0.0857
vn 0.5997 0.6076 0.5208
vn 0.3328 0.7052 0.6260
vn 0.3239 0.7110 0.6241
vn 0.6228 0.5912 0.5124
vn 0.8431 0.4137 0.3435
vn 0.8647 0.3852 0.3223
vn 0.9916 0.1171 0.0546
vn 0.9920 0.0625 -0.1093
vn -0.7830 0.4666 0.4114
vn -0.7155 0.5247 0.4612
vn -0.1343 0.7428 0.6559
vn -0.1515 0.7414 0.6537
vn -0.0795 0.7472 0.6598
vn -0.0716 0.7477 0.6602
vn 0.0078 -0.6501 0.7598
vn 0.0079 -0.0000 1.0000
vn 0.3237 0.1106 0.9397
vn -0.2779 -0.0000 0.9606
vn 0.6464 0.2601 0.7173
vn 0.6294 -0.7770 -0.0078
vn 0.0079 0.3398 0.9405
vn -0.0627 -0.6899 0.7212
vn -0.6370 0.2628 0.7246
vn -0.5721 -0.5877 0.5721
vn -0.6990 -0.7151 -0.0079
vn 0.5229 -0.6477 0.5541
vn -0.0933 -0.9956 -0.0078
vn -0.6992 -0.7149 -0.0078
vn 0.0314 0.9017 -0.4312
vn 0.0078 0.5565 -0.8308
vn 0.0079 0.8975 -0.4409
vn 0.0156 0.5618 -0.8271
vn 0.0395 0.9075 -0.4182
vn 0.0079 0.9052 -0.4250
vn 0.0157 0.5655 -0.8246
vn 0.0234 0.0623 -0.9978
vn 0.0078 0.0701 -0.9975
vn 0.9687 -0.0078 -0.2480
vn 0.7600 -0.6204 -0.1939
vn 0.5432 -0.8304 -0.1242
vn 0.9794 -0.0000 0.2021
vn 0.9808 -0.0156 0.1946
vn 0.9789 -0.0157 0.2036
vn 0.9773 -0.0156 0.2111
vn 0.5206 -0.8469 0.1088
vn -0.6993 -0.7148 -0.0079
vn -0.3115 -0.9502 -0.0078
vn -0.5798 -0.8147 -0.0079
vn 0.7601 -0.5973 -0.2559
vn 0.8272 0.5619 -0.0000
vn 0.9169 0.3762 -0.1332
vn 0.8307 0.4546 0.3213
vn 0.7263 0.6873 0.0078
vn 0.7328 0.5988 0.3231
vn 0.9876 0.0234 -0.1555
vn 0.9150 -0.4032 -0.0155
vn 0.6489 0.7583 -0.0625
vn 0.7061 0.6591 -0.2589
vn 0.9727 0.1479 -0.1790
vn 0.8165 0.5339 -0.2198
vn 0.8894 0.4057 -0.2106
vn 0.4967 -0.8460 -0.1940
vn 0.7118 0.6961 -0.0939
vn 0.9820 0.1169 -0.1481
vn 0.5790 -0.7720 -0.2624
vn 0.9079 -0.4190 0.0078
vn 0.7417 -0.5871 -0.3244
vn 0.6760 -0.7149 -0.1787
vn 0.9699 -0.2405 0.0388
vn 0.9524 -0.1394 -0.2710
vn 0.9419 0.2336 0.2413
vn 0.9596 0.1950 0.2028
vn 0.9541 0.2503 -0.1642
vn 0.8176 0.4481 0.3616
vn 0.8736 0.4836 -0.0546
vn 0.9511 -0.1624 -0.2629
vn 0.6902 -0.6902 -0.2171
vn 0.5510 -0.7683 -0.3259
vn 0.9617 0.0388 -0.2714
vn 0.7269 -0.5568 -0.4021
vn 0.8075 -0.5668 -0.1631
vn 0.7512 -0.6118 -0.2478
vn 0.5992 0.7329 0.3223
vn 0.9364 0.2106 0.2809
vn 0.8890 -0.4447 0.1092
vn 0.8714 -0.4746 0.1245
vn 0.9261 -0.1401 -0.3502
vn 0.9454 -0.1007 -0.3099
vn 0.9602 0.2498 -0.1249
vn 0.9562 -0.0855 0.2799
vn 0.9450 0.2109 -0.2499
vn 0.9086 0.2115 0.3603
vn 0.9454 0.2266 -0.2344
vn 0.8696 0.4936 0.0157
vn 0.8819 0.4449 -0.1561
vn 0.8829 0.4454 -0.1485
vn 0.8163 0.3924 0.4238
vn 0.8447 0.5240 0.1095
vn 0.7696 0.4555 0.4476
vn 0.7950 0.5456 -0.2650
vn 0.7929 0.5652 0.2277
vn 0.8054 0.5865 -0.0860
vn 0.7386 0.5421 0.4007
vn -0.7739 -0.0078 -0.6332
vn -0.6768 -0.5991 -0.4278
vn -0.8481 -0.0628 -0.5261
vn -0.5548 -0.7504 -0.3594
vn -0.8255 -0.1257 -0.5503
vn -0.8263 -0.1495 -0.5430
vn -0.8160 -0.1805 -0.5492
vn -0.7380 -0.3298 -0.5888
vn -0.7739 -0.2579 -0.5785
vn -0.4067 -0.7195 -0.5630
vn -0.1104 -0.0079 0.9939
vn -0.3116 -0.9502 -0.0078
vn -0.6990 -0.7151 -0.0078
vn -0.5797 -0.8148 -0.0079
vn 0.0238 0.9109 0.4119
vn 0.0158 0.9081 0.4185
vn 0.0159 0.8959 0.4440
vn 0.0159 0.8879 0.4598
vn 0.0158 0.8796 0.4755
vn 0.0158 0.8763 0.4816
vn 0.0159 0.8744 0.4849
vn 0.0158 0.8710 0.4910
vn 0.0158 0.8711 0.4909
vn 0.0079 0.4970 0.8677
vn 0.0079 0.5156 0.8568
vn 0.0079 0.5782 0.8158
vn 0.0079 0.5638 0.8259
vn 0.0079 0.4120 0.9111
vn 0.0079 0.4120 0.9112
vn -0.0000 -0.6063 0.7953
vn -0.0000 -0.6501 0.7598
vn 0.0079 -0.3632 0.9317
vn -0.0000 -0.5655 0.8247
vn 0.0079 -0.4566 0.8896
vn 0.0079 -0.4090 0.9125
vn 0.0079 -0.2127 0.9771
vn 0.0079 -0.2052 0.9787
vn 0.0079 0.1270 0.9919
vn 0.0079 0.1182 0.9930
vn 0.0159 0.5491 0.8356
vn 0.0159 -0.0079 0.9998
vn 0.0158 0.6100 0.7922
vn 0.0079 0.5601 0.8284
vn 0.0079 0.0159 0.9998
vn 0.0080 0.0238 0.9997
vn 0.0079 -0.1425 0.9898
vn 0.3022 -0.0077 -0.9532
vn 0.3022 -0.0078 -0.9532
vn 0.2952 -0.0155 -0.9553
vn 0.2951 -0.0155 -0.9553
vn 0.2951 -0.0233 -0.9552
vn 0.3114 0.0311 -0.9498
vn 0.3022 -0.0076 -0.9532
vn 0.3115 0.0234 -0.9500
vn 0.3115 -0.0078 -0.9502
vn 0.3116 -0.0078 -0.9502
vn 0.3115 -0.0156 -0.9501
vn 0.3022 -0.0232 -0.9530
vn -0.0317 0.7919 0.6098
vn -0.0636 0.5808 0.8115
vn -0.0952 0.2619 0.9604
vn -0.0953 0.2619 0.9604
vn -0.1026 0.1263 0.9867
vn -0.1028 0.1107 0.9885
vn -0.3610 -0.4787 0.8004
vn -0.1408 -0.8917 0.4302
vn -0.1735 -0.4809 0.8594
vn -0.2202 -0.8962 0.3852
vn -0.7836 -0.3483 0.5145
vn -0.6028 -0.7672 0.2192
vn -0.9876 -0.1185 0.1027
vn -0.4308 -0.9008 0.0548
vn -0.9994 -0.0159 0.0317
vn -0.7859 -0.1667 0.5954
vn -0.3077 -0.1972 0.9308
vn -0.0951 -0.1585 0.9828
vn -0.6404 -0.2688 0.7195
vn -0.1488 -0.9478 0.2820
vn 0.0078 -0.9999 -0.0078
vn -0.9995 -0.0317 -0.0079
vn -0.5715 -0.7908 0.2192
vn -0.9304 -0.0238 0.3658
vn -0.5558 -0.0953 0.8258
vn -0.0712 0.0079 0.9974
vn -0.2537 -0.0001 0.9673
vn -0.3022 0.2068 0.9305
vn -0.7825 0.0869 0.6165
vn -0.2615 0.1109 0.9588
vn -0.7603 -0.0159 0.6494
vn -0.1188 0.0713 0.9904
vn -0.5063 -0.0000 0.8623
vn -0.9279 -0.0079 0.3727
vn -0.9278 -0.0159 0.3727
vn -0.5303 0.0396 0.8469
vn -0.2134 0.1580 0.9641
vn -0.5873 0.1111 0.8017
vn -0.9207 0.0318 0.3889
vn -0.9251 0.0079 0.3796
vn -0.9142 0.0795 0.3975
vn -0.5946 0.1744 0.7849
vn -0.9113 0.0793 0.4041
vn -0.1661 0.6566 0.7357
vn -0.2545 0.6758 0.6917
vn -0.0158 0.8763 0.4816
vn -0.6499 0.5864 0.4834
vn -0.6340 0.3170 0.7053
vn -0.9113 0.0792 0.4041
vn -0.6101 0.2219 0.7606
vn -0.2862 0.2305 0.9300
vn -0.7825 0.4711 0.4072
vn -0.7599 0.4353 0.4828
vn -0.7069 0.4051 0.5798
vn -0.4036 0.4590 0.7914
vn -0.3416 0.2781 0.8978
vn -0.7773 0.1507 0.6108
vn -0.1352 0.8353 0.5330
vn -0.5398 0.8415 0.0238
vn -0.9886 0.1503 0.0079
vn -0.9938 0.1105 0.0079
vn -0.9954 0.0948 -0.0158
vn -0.9799 -0.1106 0.1660
vn -0.6983 0.4206 0.5793
vn -0.2779 0.6988 0.6591
vn -0.2783 0.7712 0.5725
vn -0.2142 0.6665 0.7141
vn -0.8258 0.3017 0.4764
vn -0.7779 0.5636 0.2778
vn -0.2939 0.8658 0.4051
vn -0.3004 0.7825 0.5454
vn -0.2778 0.7065 0.6509
vn -0.9496 -0.2295 0.2136
vn -0.9982 -0.0555 -0.0238
vn -0.9996 -0.0238 -0.0159
vn -0.8006 0.5708 0.1823
vn -0.3181 0.8986 0.3022
vn -0.3349 0.8610 0.3828
vn -0.3409 0.8878 0.3092
vn -0.9998 -0.0159 -0.0079
vn -0.6583 0.6584 0.3649
vn -0.8621 0.5062 0.0237
vn 0.0869 0.9954 0.0395
vn -0.7725 0.2151 0.5975
vn 0.0079 0.8497 -0.5272
vn 0.1180 0.8416 -0.5270
vn 0.1170 0.5617 -0.8191
vn 0.0079 0.5655 -0.8247
vn 0.1172 0.3281 -0.9374
vn 0.0078 0.2737 -0.9618
vn 0.0078 0.1479 -0.9890
vn 0.2109 0.3671 -0.9060
vn 0.3199 0.4760 -0.8192
vn 0.2491 0.4049 -0.8798
vn 0.2268 0.5474 -0.8055
vn 0.2271 0.8302 -0.5091
vn 0.1183 0.9859 -0.1183
vn 0.2281 0.9674 -0.1101
vn 0.2291 0.9400 0.2528
vn 0.1190 0.9599 0.2539
vn 0.1189 0.8800 0.4598
vn 0.2537 0.8959 0.3647
vn 0.3235 0.9074 0.2683
vn 0.2136 0.8861 0.4114
vn 0.0080 0.7785 0.6276
vn 0.0079 0.8533 0.5214
vn 0.0079 0.9653 0.2611
vn 0.0546 -0.9985 -0.0000
vn 0.6077 -0.7636 0.2182
vn 0.0624 -0.9981 -0.0000
vn 0.0468 -0.9989 -0.0078
vn 0.0312 -0.9995 -0.0078
vn 0.1868 -0.9416 0.2801
vn 0.6496 -0.2661 0.7122
vn 0.9325 -0.0235 0.3605
vn 0.5667 -0.0944 0.8185
vn 0.9300 -0.0156 0.3673
vn 0.9301 -0.0078 0.3673
vn 0.5180 -0.0000 0.8554
vn 0.9274 0.0078 0.3741
vn 0.0870 0.0079 0.9962
vn 0.1344 0.0712 0.9884
vn 0.1108 -0.1583 0.9812
vn 0.1887 -0.4796 0.8570
vn 0.3218 -0.1962 0.9263
vn 0.2685 -0.0000 0.9633
vn 0.2832 0.1180 0.9518
vn 0.2284 0.1575 0.9607
vn 0.3237 0.2052 0.9236
vn 0.2923 0.2133 0.9322
vn 0.7896 -0.3440 0.5082
vn 0.2350 -0.8930 0.3838
vn 0.6126 -0.7600 0.2171
vn 0.3745 -0.4759 0.7958
vn 0.1561 -0.8896 0.4292
vn 0.7919 -0.1646 0.5881
vn 0.7668 -0.0157 0.6417
vn 0.9880 -0.1167 0.1012
vn 0.4434 -0.8947 0.0544
vn 0.9994 -0.0156 0.0312
vn 0.9995 -0.0312 -0.0078
vn 0.7942 0.1101 0.5976
vn 0.7555 0.1810 0.6296
vn 0.9994 0.0312 0.0156
vn 0.9986 0.0234 0.0468
vn 0.7698 0.2042 0.6048
vn 0.3776 0.2596 0.8888
vn 0.1427 0.8402 0.5232
vn 0.4498 0.4182 0.7891
vn 0.4024 0.9152 0.0237
vn 0.7054 0.4076 0.5800
vn 0.9878 0.1555 0.0078
vn -0.0869 0.9957 0.0317
vn 0.6530 0.6609 0.3698
vn 0.9989 -0.0000 0.0468
vn 0.8294 -0.5582 0.0232
vn 0.9610 -0.2713 0.0543
vn 0.6913 -0.7225 0.0078
vn 0.6114 0.2195 0.7603
vn 0.6305 0.3152 0.7093
vn 0.7454 0.4472 0.4943
vn 0.2369 0.6790 0.6948
vn 0.7577 0.4843 0.4374
vn 0.1979 0.6649 0.7203
vn 0.5415 0.0392 0.8398
vn 0.5976 0.1101 0.7942
vn 0.6055 0.1652 0.7785
vn 0.9139 0.0781 0.3984
vn 0.6589 0.5805 0.4785
vn 0.9167 0.0784 0.3918
vn 0.9231 0.0313 0.3833
vn 0.1814 0.6548 0.7337
vn 0.2691 0.7044 0.6569
vn 0.2924 0.7033 0.6480
vn 0.0316 0.8759 0.4814
vn 0.0077 0.9369 0.3494
vn 0.0079 0.9369 0.3494
vn 0.0078 0.9369 0.3494
vn 0.6984 0.4394 0.5650
vn 0.2846 0.7828 0.5534
vn 0.3147 0.7787 0.5428
vn 0.3152 0.8669 0.3862
vn 0.3486 0.8635 0.3644
vn 0.3384 0.8973 0.2834
vn 0.3624 0.8903 0.2758
vn 0.8214 0.5163 0.2425
vn 0.8474 0.2982 0.4394
vn 0.9882 -0.1401 -0.0622
vn 0.9944 -0.1010 -0.0311
vn 0.8326 0.5263 0.1728
vn 0.9941 0.1087 -0.0000
vn 0.9969 0.0779 -0.0078
vn 0.9611 -0.1954 0.1953
vn 0.9236 -0.3260 0.2018
vn 0.0080 0.9369 0.3494
vn 0.4217 -0.7809 0.4608
vn -0.6607 -0.4326 0.6135
vn -0.6545 -0.6545 0.3785
vn 0.4205 -0.9033 0.0856
vn -0.6524 -0.7546 0.0707
vn 0.4270 -0.8695 -0.2484
vn -0.6634 -0.7180 -0.2107
vn 0.3883 -0.4429 -0.8081
vn -0.5868 0.1983 0.7851
vn -0.8644 0.3965 0.3093
vn -0.5789 -0.3833 -0.7197
vn 0.9634 -0.2331 0.1321
vn 0.9737 0.2259 -0.0311
vn 0.9720 0.1944 -0.1322
vn 0.9622 -0.2715 0.0233
vn 0.9653 -0.2491 -0.0778
vn 0.8625 0.0932 -0.4973
vn 0.4379 0.3832 -0.8133
vn 0.2412 0.2023 -0.9492
vn -0.8562 0.0785 -0.5106
vn 0.4235 0.5960 -0.6823
vn 0.8257 0.4595 -0.3272
vn 0.9743 0.2183 0.0546
vn 0.4237 -0.5257 0.7376
vn 0.9667 -0.1559 0.2027
vn 0.8697 0.3996 0.2899
vn 0.3953 0.2135 0.8934
vn 0.2461 0.7940 0.5558
vn 0.4408 0.8345 0.3307
vn 0.4265 0.9003 0.0869
vn 0.8278 0.5544 -0.0859
vn 0.9714 0.1243 -0.2021
vn 0.4328 0.1889 0.8815
vn -0.6748 0.1508 0.7224
vn 0.3921 -0.5175 0.7606
vn -0.6607 0.4219 0.6208
vn -0.6618 0.6447 0.3826
vn -0.6642 0.7433 0.0792
vn -0.5824 0.5903 -0.5588
vn 0.4258 0.7807 0.4574
vn 0.4264 0.5054 0.7502
vn 0.9674 0.1404 0.2106
vn 0.9678 0.2185 0.1249
vn 0.4262 0.8997 0.0947
vn 0.9680 0.2498 0.0234
vn 0.8613 0.0621 -0.5043
vn 0.3917 0.6737 -0.6267
vn 0.2411 0.1089 -0.9644
vn 0.4352 -0.1088 -0.8937
vn 0.4191 -0.3492 -0.8381
vn 0.8185 -0.3398 -0.4633
vn 0.9699 -0.2405 -0.0388
vn 0.9699 -0.2095 -0.1241
vn 0.9695 -0.1396 -0.2017
vn 0.9709 0.0470 0.2349
vn 0.8654 -0.4833 0.1325
vn 0.4346 -0.9003 0.0233
vn 0.2422 -0.9375 0.2500
vn -0.5848 -0.4662 0.6638
vn -0.8584 -0.4883 0.1575
vn 0.4179 -0.8823 -0.2167
vn 0.8206 -0.5032 -0.2710
vn 0.9705 -0.0621 -0.2329
vn 0.0077 -0.8595 -0.5111
vn 0.1161 -0.8517 -0.5110
vn 0.0077 -0.5672 -0.8236
vn 0.1164 -0.9854 -0.1241
vn 0.0078 -0.9923 -0.1240
vn 0.1172 -0.9842 0.1328
vn 0.0078 -0.9809 0.1946
vn 0.2104 -0.9739 0.0857
vn 0.3181 -0.9465 -0.0543
vn 0.2478 -0.9680 0.0387
vn 0.2245 -0.9675 -0.1161
vn 0.2242 -0.8350 -0.5025
vn 0.1161 -0.5581 -0.8216
vn 0.2244 -0.5495 -0.8048
vn 0.2253 -0.2253 -0.9479
vn 0.1161 -0.2245 -0.9675
vn 0.1164 -0.0155 -0.9931
vn 0.2484 -0.1087 -0.9625
vn 0.3172 -0.1934 -0.9284
vn 0.2091 -0.0620 -0.9759
vn 0.0078 0.1796 -0.9837
vn 0.0078 0.0468 -0.9989
vn 0.0078 -0.2334 -0.9724
vn 0.3411 -0.4961 -0.7984
vn 0.7759 -0.3336 -0.5354
vn 0.3411 -0.7985 -0.4961
vn 0.7762 -0.0465 -0.6287
vn 0.3575 -0.0466 -0.9327
vn 0.7864 0.5269 0.3224
vn 0.7864 0.3224 0.5269
vn 0.3481 0.4904 0.7989
vn 0.7843 0.0314 0.6196
vn 0.3480 0.7990 0.4904
vn 0.7843 0.6196 0.0314
vn 0.7887 0.2812 -0.5467
vn 0.3909 0.4457 -0.8053
vn 0.7918 0.5331 -0.2979
vn 0.3630 0.9313 0.0316
vn 0.3930 0.7940 -0.4638
vn 0.7759 -0.5354 -0.3336
vn 0.7918 -0.2979 0.5331
vn 0.7887 -0.5466 0.2812
vn 0.7762 -0.6287 -0.0466
vn 0.3630 0.0316 0.9312
vn 0.3930 -0.4638 0.7940
vn 0.3909 -0.8054 0.4456
vn 0.3575 -0.9327 -0.0466
vn -0.8562 -0.4870 0.1728
vn 0.4306 0.6499 -0.6263
vn -0.6677 0.5342 -0.5185
vn 0.3955 0.9176 0.0396
vn -0.6531 0.3069 -0.6924
vn -0.6501 -0.0078 -0.7598
vn -0.6559 -0.3123 -0.6872
vn -0.5772 -0.7800 -0.2418
vn 0.4190 -0.0078 -0.9079
vn 0.4209 0.3742 -0.8263
vn 0.9633 0.1010 -0.2486
vn 0.9624 -0.0078 -0.2717
vn 0.4170 -0.3784 -0.8264
vn 0.9625 -0.1087 -0.2484
vn 0.8642 -0.4672 0.1869
vn 0.3884 -0.8780 -0.2797
vn 0.2424 -0.8913 0.3831
vn 0.4372 -0.7260 0.5308
vn 0.4214 -0.5541 0.7179
vn 0.8269 -0.2262 0.5149
vn 0.9739 0.0857 0.2104
vn 0.9741 -0.0078 0.2260
vn 0.9732 -0.1090 0.2025
vn 0.9686 0.1719 -0.1797
vn 0.8721 0.3614 0.3300
vn 0.4417 0.4812 0.7572
vn 0.2456 0.6972 0.6735
vn -0.5868 0.8088 0.0396
vn -0.8653 0.3811 0.3255
vn 0.4255 0.2601 0.8668
vn 0.8270 0.0234 0.5617
vn 0.9715 -0.1788 0.1554
vn 0.1182 -0.0079 0.9930
vn 0.0078 -0.4314 0.9021
vn 0.1188 0.3959 0.9106
vn 0.0079 0.4025 0.9154
vn 0.1189 0.6183 0.7769
vn 0.0079 0.6746 0.7381
vn 0.0079 0.7675 0.6409
vn 0.2140 0.5708 0.7927
vn 0.3247 0.4356 0.8395
vn 0.2536 0.5311 0.8085
vn 0.2285 0.3939 0.8903
vn 0.2294 -0.0079 0.9733
vn 0.1177 -0.4315 0.8944
vn 0.2271 -0.4229 0.8772
vn 0.2268 -0.7117 0.6648
vn 0.1176 -0.7291 0.6742
vn 0.1174 -0.8530 0.5086
vn 0.2502 -0.7820 0.5709
vn 0.3205 -0.7114 0.6254
vn 0.2115 -0.8145 0.5402
vn 0.0078 -0.9423 0.3348
vn 0.0078 -0.8912 0.4535
vn 0.0078 -0.7302 0.6832
vn 0.8683 0.3912 0.3051
vn -0.4142 -0.8752 -0.2500
vn -0.3752 -0.4455 -0.8129
vn 0.6720 -0.7106 -0.2086
vn 0.6613 -0.7469 0.0700
vn 0.6634 -0.6478 0.3746
vn 0.6694 -0.4281 0.6072
vn 0.5971 0.1964 0.7778
vn -0.4088 -0.7860 0.4638
vn -0.4075 -0.9091 0.0862
vn -0.9610 -0.2757 0.0236
vn -0.9623 -0.2366 0.1341
vn -0.4107 -0.5292 0.7425
vn -0.9657 -0.1583 0.2058
vn -0.8658 0.4051 0.2939
vn -0.3818 0.2148 0.8989
vn -0.2311 0.7970 0.5579
vn -0.4280 0.8402 0.3329
vn -0.4134 0.9063 0.0874
vn -0.8228 0.5617 -0.0871
vn -0.9706 0.1262 -0.2052
vn -0.9711 0.1974 -0.1342
vn -0.9728 0.2294 -0.0316
vn -0.9643 -0.2529 -0.0790
vn -0.8585 0.0945 -0.5040
vn -0.4251 0.3858 -0.8188
vn -0.2265 0.2030 -0.9526
vn 0.5892 -0.3798 -0.7132
vn 0.8603 0.0775 -0.5038
vn -0.4105 0.6000 -0.6867
vn -0.8206 0.4656 -0.3314
vn -0.9736 0.2216 0.0554
vn -0.1024 0.8431 -0.5279
vn -0.1027 0.9876 -0.1185
vn 0.0079 0.8498 -0.5271
vn -0.1016 0.5626 -0.8205
vn -0.1017 0.3286 -0.9390
vn 0.0078 0.1480 -0.9890
vn -0.1959 0.3682 -0.9089
vn -0.3058 0.4783 -0.8232
vn -0.2344 0.4064 -0.8831
vn -0.2119 0.5493 -0.8083
vn -0.2122 0.8331 -0.5108
vn -0.2131 0.9708 -0.1105
vn -0.2140 0.9433 0.2537
vn -0.1033 0.9616 0.2543
vn -0.1033 0.8815 0.4607
vn -0.2388 0.8994 0.3661
vn -0.3092 0.9120 0.2696
vn -0.1984 0.8890 0.4127
vn -0.4199 0.1902 0.8874
vn -0.3787 -0.5207 0.7652
vn 0.6833 0.1492 0.7147
vn 0.6695 0.4175 0.6144
vn 0.6701 0.6386 0.3784
vn 0.6729 0.7356 0.0783
vn 0.5927 0.5849 -0.5537
vn -0.4128 0.7859 0.4604
vn -0.4134 0.5088 0.7551
vn -0.9664 0.1426 0.2139
vn -0.9668 0.2219 0.1268
vn -0.4131 0.9057 0.0953
vn -0.9670 0.2536 0.0238
vn -0.8572 0.0629 -0.5112
vn -0.3783 0.6778 -0.6305
vn -0.2264 0.1093 -0.9679
vn -0.4225 -0.1095 -0.8997
vn -0.4061 -0.3514 -0.8436
vn -0.8133 -0.3441 -0.4692
vn -0.9689 -0.2442 -0.0394
vn -0.9690 -0.2127 -0.1260
vn -0.9685 -0.1417 -0.2047
vn -0.9700 0.0477 0.2385
vn -0.8613 -0.4900 0.1343
vn -0.4219 -0.9063 0.0234
vn -0.2274 -0.9409 0.2509
vn 0.5950 -0.4619 0.6577
vn 0.8624 -0.4818 0.1554
vn -0.4050 -0.8879 -0.2181
vn -0.8154 -0.5097 -0.2745
vn -0.9696 -0.0631 -0.2365
vn -0.1008 -0.8531 -0.5119
vn -0.1009 -0.5590 -0.8230
vn -0.1011 -0.9871 -0.1243
vn -0.1017 -0.9859 0.1330
vn -0.1954 -0.9769 0.0860
vn -0.3040 -0.9511 -0.0546
vn -0.2332 -0.9717 0.0389
vn -0.2097 -0.9708 -0.1165
vn -0.2094 -0.8378 -0.5042
vn -0.2097 -0.5513 -0.8075
vn -0.2105 -0.2261 -0.9511
vn -0.1008 -0.2248 -0.9692
vn -0.1010 -0.0156 -0.9948
vn -0.2337 -0.1091 -0.9662
vn -0.3032 -0.1944 -0.9329
vn -0.1942 -0.0621 -0.9790
vn -0.3776 -0.8102 0.4484
vn -0.7828 -0.5534 0.2846
vn -0.3439 -0.9378 -0.0469
vn -0.7699 -0.6364 -0.0471
vn -0.3273 -0.8026 -0.4987
vn -0.3273 -0.4987 -0.8026
vn -0.7699 -0.0471 -0.6364
vn -0.3439 -0.0469 -0.9378
vn -0.7696 -0.3377 -0.5419
vn -0.7696 -0.5419 -0.3377
vn -0.7859 -0.3016 0.5398
vn -0.7802 0.3265 0.5335
vn -0.7781 0.0318 0.6273
vn -0.3796 -0.4666 0.7989
vn -0.3492 0.0318 0.9365
vn -0.3340 0.4931 0.8033
vn -0.7803 0.5335 0.3265
vn -0.7781 0.6273 0.0318
vn -0.7828 0.2846 -0.5534
vn -0.7859 0.5398 -0.3017
vn -0.3492 0.9365 0.0318
vn -0.3341 0.8032 0.4932
vn -0.3776 0.4483 -0.8102
vn -0.3796 0.7988 -0.4666
vn -0.9614 -0.1103 -0.2522
vn -0.8218 -0.2292 0.5216
vn -0.9730 0.0870 0.2136
vn 0.8603 -0.4805 0.1705
vn -0.2276 -0.8946 0.3845
vn 0.5875 -0.7730 -0.2396
vn -0.3752 -0.8832 -0.2814
vn -0.4244 -0.7309 0.5344
vn -0.8602 -0.4735 0.1894
vn -0.4084 -0.5577 0.7226
vn -0.4041 -0.3808 -0.8317
vn -0.9612 -0.0079 -0.2757
vn -0.9733 -0.0079 0.2295
vn -0.9724 -0.1107 0.2056
vn -0.9676 0.1745 -0.1824
vn -0.9706 -0.1815 0.1578
vn -0.9622 0.1025 -0.2524
vn -0.4061 -0.0078 -0.9138
vn 0.6646 -0.3091 -0.6803
vn -0.4080 0.3766 -0.8317
vn 0.6590 -0.0077 -0.7521
vn 0.6619 0.3037 -0.6853
vn -0.4177 0.6542 -0.6305
vn 0.6763 0.5286 -0.5130
vn 0.5970 0.8013 0.0393
vn -0.3821 0.9233 0.0398
vn -0.8682 0.3664 0.3346
vn 0.8693 0.3759 0.3211
vn -0.2306 0.6999 0.6760
vn -0.4289 0.4845 0.7624
vn -0.4125 0.2618 0.8725
vn -0.8219 0.0237 0.5691
vn -0.4982 0.1503 0.8539
vn -0.9020 -0.2849 0.3244
vn -0.8385 -0.3481 0.4192
vn -0.5087 -0.8609 -0.0078
vn -0.5225 -0.8423 -0.1326
vn -0.5860 -0.6250 -0.5157
vn -0.9999 -0.0079 0.0080
vn 0.2940 -0.7349 -0.6111
vn 0.2567 -0.9416 -0.2179
vn 0.2631 -0.9595 -0.1006
vn 0.1312 -0.7494 -0.6490
vn -0.5312 -0.6405 -0.5546
vn -0.9749 -0.1651 -0.1494
vn -0.7220 0.5236 0.4523
vn 0.1506 0.7450 0.6499
vn 0.1313 -0.7494 -0.6490
vn 0.7958 -0.5617 0.2263
vn 0.8909 0.3438 0.2969
vn 0.7070 -0.0157 0.7070
vn 0.1499 0.2841 0.9470
vn -0.5265 0.2712 0.8057
vn 0.1662 0.3798 0.9100
vn -0.5898 0.6057 0.5340
vn 0.1824 0.7375 0.6503
vn 0.8389 0.4077 0.3607
vn 0.7531 0.0942 0.6511
vn 0.8487 -0.5139 0.1246
vn 0.2568 -0.9416 -0.2179
vn 0.9412 -0.2645 -0.2100
vn -0.7556 0.5965 0.2705
vn -0.8228 0.3560 -0.4430
vn -0.6276 0.7706 -0.1112
vn -0.9864 0.0947 -0.1342
vn -0.7552 0.6041 0.2544
vn -0.9803 0.1186 -0.1581
vn -0.5960 -0.0239 0.8026
vn -0.7745 -0.4188 0.4742
vn -0.6745 0.7379 -0.0238
vn -0.8777 0.2926 -0.3796
vn -0.6714 -0.1483 -0.7261
vn -0.6276 -0.0549 -0.7766
vn -0.7476 -0.3935 -0.5351
vn -0.7447 -0.3684 -0.5565
vn -0.5895 -0.7939 0.1493
vn -0.1633 -0.6453 -0.7463
vn -0.1629 -0.6201 -0.7674
vn -0.1401 -0.2802 -0.9497
vn -0.1482 -0.3820 -0.9122
vn -0.6959 -0.5630 -0.4457
vn -0.9924 -0.0945 -0.0787
vn -0.8218 0.4548 0.3432
vn -0.1400 -0.7770 -0.6138
vn -0.1906 0.7863 0.5878
vn -0.1506 0.9745 0.1664
vn -0.1344 0.9884 0.0712
vn -0.1669 0.8585 0.4849
vn -0.1670 0.8671 0.4693
vn -0.1268 0.1823 0.9750
vn 0.4484 0.8888 0.0944
vn 0.4185 0.9082 0.0079
vn 0.5027 0.7619 0.4084
vn 0.5028 0.7700 0.3928
vn 0.4029 0.1106 0.9085
vn 0.4417 0.2287 0.8675
vn -0.1423 0.3083 0.9406
vn 0.5601 0.6627 0.4970
vn 0.8326 0.5214 -0.1867
vn 0.7804 0.5698 -0.2575
vn 0.9299 0.3594 0.0781
vn 0.9256 0.3734 0.0622
vn 0.7377 -0.2041 0.6435
vn 0.9724 0.1867 0.1400
vn 0.8320 0.0544 -0.5521
vn 0.7778 0.1323 -0.6144
vn 0.9254 -0.1633 -0.3421
vn 0.9210 -0.1393 -0.3637
vn 0.4956 -0.5575 -0.6660
vn 0.4941 -0.5327 -0.6871
vn -0.1630 -0.6453 -0.7463
vn -0.1626 -0.6202 -0.7674
vn 0.7313 -0.6146 0.2956
vn 0.3964 -0.9173 0.0389
vn -0.1248 -0.9921 -0.0156
vn 0.8128 -0.1172 0.5706
vn 0.8078 -0.5592 0.1864
vn 0.4356 -0.8945 -0.1011
vn -0.1402 -0.9751 -0.1716
vn -0.1624 -0.7426 -0.6498
vn 0.5021 -0.6490 -0.5716
vn 0.9381 -0.2635 -0.2248
vn 0.9434 0.2495 0.2183
vn 0.5117 0.6456 0.5669
vn -0.1660 0.7431 0.6482
vn -0.7650 0.4861 0.4224
vn -0.6598 0.0795 0.7472
vn -0.8582 -0.3386 0.3858
vn -0.6500 -0.7596 0.0235
vn -0.7574 -0.4920 -0.4293
vn -0.1626 -0.7426 -0.6497
vn -0.1406 -0.9751 -0.1716
vn -0.1251 -0.9920 -0.0156
vn -0.5015 0.1513 0.8518
vn -0.9020 -0.2848 0.3244
vn -0.8385 -0.3481 0.4193
vn -0.5860 -0.6251 -0.5157
vn 0.2940 -0.7349 -0.6112
vn 0.2633 -0.9602 -0.0929
vn 0.1317 -0.7532 -0.6445
vn -0.5285 -0.6451 -0.5518
vn -0.9760 -0.1653 -0.1417
vn -0.7246 0.5255 0.4459
vn 0.1504 0.7523 0.6414
vn 0.1320 -0.7532 -0.6445
vn 0.7958 -0.5617 0.2262
vn 0.8929 0.3446 0.2898
vn 0.7071 -0.0079 0.7071
vn 0.1507 0.2935 0.9440
vn -0.5265 0.2713 0.8057
vn -0.5898 0.6058 0.5340
vn 0.7531 0.0941 0.6511
vn -0.8413 -0.4088 -0.3538
vn -0.8875 0.3487 0.3012
vn -0.7900 -0.5688 0.2291
vn -0.2486 -0.9633 -0.1010
vn -0.1159 -0.7508 -0.6503
vn -0.1351 0.7467 0.6513
vn -0.6990 -0.0159 0.7149
vn -0.8443 -0.5208 0.1263
vn -0.2422 -0.9452 -0.2188
vn -0.2797 -0.7382 -0.6138
vn -0.9394 -0.2684 -0.2132
vn -0.7462 0.0953 0.6589
vn -0.8342 0.4131 0.3654
vn -0.1507 0.3808 0.9123
vn -0.2421 -0.9453 -0.2187
vn 0.5202 -0.8540 -0.0077
vn -0.1160 -0.7508 -0.6502
vn 0.5422 -0.6352 -0.5500
vn 0.9757 -0.1626 -0.1471
vn 0.8431 -0.3435 0.4137
vn 0.7295 0.5177 0.4471
vn 0.5099 0.1491 0.8472
vn -0.1344 0.2847 0.9491
vn 0.5379 0.2690 0.7990
vn 0.9049 -0.2808 0.3199
vn 0.5337 -0.8354 -0.1315
vn -0.1670 0.7395 0.6521
vn 0.6000 0.6001 0.5290
vn 0.9999 -0.0078 0.0078
vn 0.5961 -0.6193 -0.5109
vn -0.1481 -0.3820 -0.9122
vn 0.4489 -0.7045 -0.5497
vn -0.1398 -0.7770 -0.6138
vn 0.4479 -0.3012 -0.8418
vn 0.8975 -0.3481 -0.2708
vn 0.4193 -0.2018 -0.8851
vn -0.1399 -0.2802 -0.9497
vn -0.4355 -0.3033 -0.8476
vn 0.1553 -0.2796 -0.9475
vn 0.1633 -0.3811 -0.9100
vn -0.8278 0.5282 -0.1892
vn -0.5492 0.6685 0.5015
vn -0.4357 0.8951 0.0950
vn -0.9715 0.1896 0.1422
vn -0.8271 0.0551 -0.5593
vn -0.8944 -0.3530 -0.2746
vn -0.4365 -0.7093 -0.5534
vn 0.1550 -0.7752 -0.6124
vn -0.4823 -0.5367 -0.6923
vn -0.3832 -0.9228 0.0391
vn 0.1778 -0.6185 -0.7654
vn 0.1783 -0.6436 -0.7443
vn -0.4838 -0.5618 -0.6711
vn -0.4063 -0.2032 -0.8908
vn -0.7715 0.1338 -0.6219
vn -0.7742 0.5767 -0.2607
vn -0.8023 -0.5663 0.1888
vn -0.4228 -0.9005 -0.1018
vn -0.7240 -0.6217 0.2990
vn -0.9186 -0.1413 -0.3690
vn -0.9231 -0.1657 -0.3471
vn -0.9277 0.3647 0.0793
vn -0.9233 0.3788 0.0631
vn -0.7304 -0.2064 0.6510
vn -0.8074 -0.1187 0.5779
vn -0.4288 0.2305 0.8735
vn -0.3896 0.1113 0.9142
vn -0.4908 0.7679 0.4116
vn -0.4907 0.7760 0.3962
vn 0.1424 0.1819 0.9729
vn 0.1577 0.3075 0.9384
vn 0.6061 -0.0236 0.7950
vn 0.6686 0.0787 0.7394
vn 0.7807 -0.4137 0.4684
vn 0.8623 -0.3340 0.3807
vn -0.4054 0.9141 0.0080
vn 0.1823 0.8561 0.4835
vn 0.1825 0.8647 0.4680
vn 0.7618 0.5970 0.2514
vn 0.9809 0.1168 -0.1557
vn 0.9868 0.0933 -0.1321
vn 0.7544 -0.3889 -0.5288
vn 0.7516 -0.3640 -0.5501
vn 0.5996 -0.7865 0.1480
vn 0.6589 -0.7519 0.0233
vn 0.6369 -0.0544 -0.7690
vn 0.1554 -0.2796 -0.9475
vn 0.1634 -0.3811 -0.9100
vn 0.1784 -0.6435 -0.7444
vn 0.1779 -0.6185 -0.7654
vn 0.1404 -0.9900 -0.0156
vn 0.1557 -0.9728 -0.1712
vn 0.1778 -0.7406 -0.6480
vn 0.7639 -0.4861 -0.4244
vn 0.7715 0.4802 0.4173
vn 0.1813 0.7411 0.6465
vn -0.5000 0.6507 0.5714
vn -0.9417 0.2532 0.2216
vn -0.9362 -0.2675 -0.2281
vn -0.4905 -0.6539 -0.5761
vn 0.1774 -0.7406 -0.6481
vn 0.1556 -0.9729 -0.1712
vn 0.1402 -0.9900 -0.0156
vn 0.1551 -0.7752 -0.6124
vn 0.7039 -0.5569 -0.4409
vn 0.6799 -0.1468 -0.7185
vn 0.9926 -0.0930 -0.0775
vn 0.8269 0.4489 0.3386
vn 0.6830 0.7301 -0.0235
vn 0.2058 0.7838 0.5859
vn 0.1660 0.9721 0.1660
vn 0.1499 0.9861 0.0710
vn 0.6371 0.7629 -0.1101
vn 0.8278 0.3514 -0.4373
vn -0.8412 -0.4088 -0.3538
vn -0.8896 0.3495 0.2939
vn -0.2488 -0.9640 -0.0933
vn -0.1167 -0.7546 -0.6457
vn -0.6991 -0.0079 0.7150
vn -0.1349 0.7540 0.6429
vn -0.8443 -0.5208 0.1262
vn -0.2422 -0.9452 -0.2187
vn -0.2798 -0.7382 -0.6138
vn -0.8341 0.4131 0.3654
vn -0.1507 0.3807 0.9123
vn -0.2487 -0.9641 -0.0933
vn 0.5202 -0.8540 -0.0078
vn -0.1166 -0.7546 -0.6457
vn 0.5396 -0.6398 -0.5473
vn 0.9768 -0.1628 -0.1395
vn 0.7320 0.5195 0.4408
vn 0.5133 0.1501 0.8450
vn -0.1352 0.2942 0.9461
vn 0.5379 0.2689 0.7990
vn 0.9049 -0.2808 0.3198
vn -0.2797 -0.7382 -0.6139
vn -0.9678 -0.0079 -0.2518
vn -0.5322 -0.8373 -0.1252
vn -0.7533 -0.6278 -0.1962
vn 0.3255 -0.9455 -0.0077
vn 0.7071 -0.7071 -0.0078
vn -0.5091 -0.8537 0.1096
vn -0.9766 -0.0159 0.2144
vn -0.9783 -0.0159 0.2068
vn -0.9802 -0.0158 0.1976
vn -0.9787 -0.0000 0.2052
vn 0.5901 -0.8073 -0.0078
vn -0.7535 -0.6043 -0.2590
vn -0.8222 0.5692 -0.0000
vn -0.9144 0.3816 -0.1352
vn -0.8258 0.4605 0.3255
vn -0.7188 0.6951 0.0079
vn -0.7254 0.6058 0.3268
vn -0.9872 0.0237 -0.1579
vn -0.9124 -0.4090 -0.0157
vn -0.4849 -0.8524 -0.1955
vn -0.8861 0.4114 -0.2136
vn -0.8112 0.5408 -0.2227
vn -0.7039 0.7039 -0.0949
vn -0.9815 0.1187 -0.1504
vn -0.5686 -0.7788 -0.2648
vn -0.9052 -0.4250 0.0079
vn -0.7346 -0.5939 -0.3282
vn -0.6674 -0.7224 -0.1806
vn -0.9689 -0.2442 0.0394
vn -0.6820 -0.6977 -0.2195
vn -0.5400 -0.7748 -0.3287
vn -0.9718 0.1501 -0.1817
vn -0.9605 0.0394 -0.2756
vn -0.6981 0.6664 -0.2618
vn -0.6397 0.7661 -0.0632
vn -0.5887 0.7397 0.3261
vn -0.9344 0.2137 0.2851
vn -0.8036 0.5172 0.2944
vn -0.6654 -0.7359 0.1253
vn 0.5345 -0.7512 -0.3873
vn 0.6682 -0.5671 -0.4816
vn -0.9401 0.2370 0.2449
vn -0.9583 0.1980 0.2059
vn -0.9509 -0.1415 -0.2751
vn -0.9496 -0.1648 -0.2668
vn -0.7195 -0.5630 -0.4066
vn -0.8020 -0.5740 -0.1651
vn -0.9437 -0.1022 -0.3146
vn -0.9527 0.2541 -0.1667
vn -0.8123 0.4539 0.3663
vn -0.8698 0.4903 -0.0553
vn -0.9590 0.2536 -0.1268
vn -0.9437 0.2300 -0.2379
vn -0.9239 -0.1421 -0.3553
vn -0.7444 -0.6189 -0.2507
vn -0.8857 -0.4508 0.1107
vn -0.8675 -0.4811 0.1262
vn -0.8657 0.5004 0.0159
vn -0.9549 -0.0868 0.2841
vn -0.9433 0.2140 -0.2537
vn -0.8784 0.4510 -0.1583
vn -0.7869 0.5723 0.2306
vn -0.7998 0.5939 -0.0871
vn -0.7313 0.5485 0.4054
vn -0.9058 0.2145 0.3655
vn -0.8794 0.4516 -0.1505
vn -0.7892 0.5524 -0.2683
vn -0.8110 0.3975 0.4293
vn -0.8401 0.5310 0.1110
vn -0.7630 0.4610 0.4530
vn 0.7291 -0.2713 -0.6283
vn 0.3703 -0.7328 -0.5708
vn 0.6874 -0.3553 -0.6334
vn 0.7845 -0.1320 -0.6059
vn 0.7760 -0.2019 -0.5975
vn 0.7902 -0.1704 -0.5887
vn 0.8118 -0.0696 -0.5797
vn 0.5344 -0.7513 -0.3873
vn 0.6681 -0.5671 -0.4817
vn -0.3348 -0.0078 -0.9422
vn -0.3349 -0.0000 -0.9423
vn -0.3349 -0.0078 -0.9422
vn -0.3279 -0.0078 -0.9447
vn -0.3279 0.0078 -0.9447
vn -0.3209 -0.0078 -0.9471
vn -0.3186 -0.0078 -0.9479
vn 0.3506 -0.6700 0.6544
vn 0.3530 -0.3216 0.8786
vn 0.2808 -0.6786 0.6787
vn 0.3199 -0.8973 0.3043
vn 0.2369 -0.3238 0.9160
vn 0.3547 0.0946 0.9302
vn -0.6032 0.0794 0.7937
vn -0.6003 -0.2765 0.7504
vn -0.5981 -0.5745 0.5588
vn 0.3499 -0.8863 0.3033
vn 0.3187 -0.9407 -0.1166
vn 0.3558 0.4982 0.7907
vn 0.2283 0.1023 0.9682
vn -0.1904 0.1032 0.9763
vn -0.1823 -0.3487 0.9193
vn -0.0787 -0.7010 0.7088
vn -0.5958 -0.7603 0.2587
vn 0.3491 -0.9308 -0.1086
vn 0.3190 -0.8015 -0.5058
vn 0.3190 -0.5058 -0.8015
vn 0.3187 -0.1166 -0.9407
vn -0.5949 -0.7983 -0.0939
vn -0.5187 -0.8095 0.2751
vn 0.3487 -0.7904 -0.5037
vn 0.3487 -0.5037 -0.7904
vn 0.3490 -0.1086 -0.9308
vn 0.3199 0.3043 -0.8973
vn 0.3499 0.3032 -0.8864
vn -0.5940 -0.6800 -0.4299
vn -0.5940 -0.4299 -0.6800
vn -0.5949 -0.0939 -0.7983
vn -0.5140 -0.4595 -0.7243
vn -0.5153 -0.1015 -0.8510
vn -0.5958 0.2587 -0.7604
vn -0.5187 0.2751 -0.8095
vn 0.3194 0.6622 -0.6778
vn 0.3506 0.6543 -0.6700
vn -0.5981 0.5587 -0.5746
vn -0.5183 0.5968 -0.6126
vn -0.0000 -0.1946 -0.9809
vn -0.0000 -0.5439 -0.8392
vn -0.5140 -0.7243 -0.4595
vn -0.5153 -0.8510 -0.1015
vn -0.0155 -0.3647 -0.9310
vn -0.0000 -0.5493 -0.8356
vn -0.0000 -0.7264 0.6873
vn -0.0000 -0.7226 0.6913
vn -0.0157 -0.5654 0.8246
vn -0.0000 -0.4156 0.9096
vn -0.5183 -0.6125 0.5968
vn -0.5230 -0.2932 0.8003
vn -0.5230 0.0872 0.8479
vn -0.5237 0.4522 0.7220
vn -0.5237 0.7220 0.4522
vn 0.3558 0.7907 0.4982
vn -0.6044 0.6760 0.4215
vn -0.6044 0.4215 0.6760
vn -0.5981 0.5588 -0.5745
vn -0.6003 0.7504 -0.2765
vn -0.5183 0.5969 -0.6124
vn -0.5230 0.8003 -0.2932
vn -0.6032 0.7937 0.0794
vn -0.5230 0.8479 0.0872
vn 0.0079 0.3257 0.9454
vn 0.7300 -0.0077 -0.6834
vn 0.7300 -0.0078 -0.6834
vn 0.1260 -0.0079 0.9920
vn 0.5900 -0.8074 -0.0078
vn -0.8844 0.4143 0.2151
vn -0.8832 0.4535 0.1193
vn -0.9007 -0.3838 -0.2036
vn -0.9019 -0.4156 -0.1176
vn -0.8830 0.4693 0.0080
vn -0.9019 -0.4313 -0.0236
vn -0.9012 -0.3291 -0.2821
vn -0.5869 -0.6103 -0.5321
vn -0.5873 -0.7126 -0.3837
vn -0.5855 -0.7807 -0.2186
vn -0.5882 -0.8078 -0.0392
vn -0.3089 0.9506 0.0317
vn 0.6048 0.7697 0.2042
vn 0.6063 0.7949 0.0237
vn -0.3089 0.9188 0.2456
vn -0.3093 0.8408 0.4442
vn -0.3112 0.7182 0.6224
vn -0.8833 0.3581 0.3024
vn -0.3105 0.5652 0.7643
vn -0.8816 0.2782 0.3813
vn 0.6048 0.6047 0.5182
vn 0.6043 0.7062 0.3688
vn -0.8835 0.0796 0.4616
vn -0.9021 0.0079 -0.4314
vn -0.9018 -0.0862 -0.4234
vn -0.8840 0.1832 0.4301
vn -0.9033 -0.1728 -0.3927
vn -0.9021 -0.2588 -0.3452
vn -0.9035 0.1022 -0.4163
vn -0.5874 0.2036 -0.7832
vn -0.5885 0.0235 -0.8082
vn -0.5851 -0.1560 -0.7958
vn -0.5854 -0.3278 -0.7415
vn -0.5864 -0.4848 -0.6490
vn -0.8779 -0.4429 0.1819
vn -0.8763 -0.3947 0.2763
vn -0.9088 0.3793 -0.1739
vn -0.9069 0.3312 -0.2603
vn -0.8790 -0.3167 0.3564
vn -0.9051 0.2676 -0.3306
vn -0.8812 -0.2302 0.4128
vn -0.9035 0.1885 -0.3850
vn -0.8814 -0.1350 0.4526
vn -0.9077 0.4105 -0.0868
vn -0.5925 0.7900 -0.1580
vn -0.5922 0.7344 -0.3316
vn -0.5924 0.6398 -0.4897
vn -0.5917 0.5207 -0.6154
vn -0.5908 0.3703 -0.7168
vn -0.8740 -0.3701 -0.3150
vn -0.8754 -0.4259 -0.2287
vn -0.9097 0.3164 0.2690
vn -0.9089 0.3715 0.1897
vn -0.8751 -0.4651 -0.1340
vn -0.9093 0.4033 0.1028
vn -0.8761 -0.4815 -0.0237
vn -0.9082 0.4185 0.0079
vn -0.8770 -0.4740 0.0790
vn -0.9106 0.2455 0.3326
vn -0.5969 0.4774 0.6448
vn -0.5975 0.6055 0.5258
vn -0.5975 0.7090 0.3746
vn -0.5947 0.7771 0.2062
vn -0.5960 0.8026 0.0238
vn -0.8768 0.1185 -0.4661
vn -0.8764 0.0079 -0.4816
vn -0.9077 -0.1184 0.4025
vn -0.9079 -0.0237 0.4184
vn -0.8757 -0.0947 -0.4734
vn -0.9089 0.0711 0.4110
vn -0.8753 -0.1971 -0.4416
vn -0.9112 0.1585 0.3803
vn -0.8724 -0.2908 -0.3930
vn -0.9060 -0.2048 0.3703
vn -0.5939 -0.3880 0.7048
vn -0.5927 -0.2213 0.7744
vn -0.5957 -0.0397 0.8022
vn -0.5939 0.1425 0.7918
vn -0.5953 0.3175 0.7381
vn -0.8823 0.4610 -0.0954
vn -0.8813 0.4288 -0.1985
vn -0.9029 -0.4240 0.0707
vn -0.9056 -0.3937 0.1575
vn -0.8777 0.3795 -0.2925
vn -0.9057 -0.3465 0.2441
vn -0.8782 0.3007 -0.3719
vn -0.9058 -0.2835 0.3150
vn -0.8785 0.2137 -0.4273
vn -0.9019 -0.4313 -0.0235
vn -0.5865 -0.7976 0.1408
vn -0.5884 -0.7452 0.3138
vn -0.5908 -0.6538 0.4727
vn -0.5925 -0.5372 0.6004
vn -0.3077 0.6153 -0.7258
vn -0.3077 0.7574 -0.5759
vn -0.3081 0.8690 -0.3871
vn -0.3086 0.9336 -0.1820
vn -0.8830 0.4693 0.0079
vn 0.6063 0.7949 0.0236
vn 0.6026 0.7825 -0.1565
vn 0.6024 0.7275 -0.3285
vn 0.5995 0.6384 -0.4827
vn 0.5990 0.5134 -0.6145
vn -0.3053 0.4383 -0.8454
vn 0.5976 0.3648 -0.7140
vn -0.3039 -0.3819 -0.8728
vn -0.3041 -0.1793 -0.9356
vn -0.3043 0.0312 -0.9521
vn -0.3045 0.2420 -0.9213
vn 0.5976 0.2018 -0.7760
vn 0.5987 0.0233 -0.8006
vn 0.5953 -0.1546 -0.7885
vn 0.5956 -0.3248 -0.7347
vn -0.3040 -0.5691 -0.7640
vn 0.5936 -0.4779 -0.6475
vn -0.3042 -0.9515 -0.0468
vn -0.3033 -0.9177 -0.2566
vn -0.3032 -0.8395 -0.4508
vn -0.3047 -0.7187 -0.6250
vn 0.5942 -0.6096 -0.5247
vn 0.5942 -0.7099 -0.3781
vn 0.5957 -0.7735 -0.2166
vn 0.5984 -0.8003 -0.0388
vn -0.3049 -0.9381 0.1642
vn 0.5967 -0.7903 0.1395
vn -0.3072 -0.4568 0.8349
vn -0.3081 -0.6320 0.7111
vn -0.3067 -0.7708 0.5584
vn -0.3057 -0.8779 0.3684
vn 0.5985 -0.7383 0.3109
vn 0.5980 -0.6522 0.4659
vn 0.5998 -0.5297 0.5998
vn 0.6007 -0.3823 0.7021
vn -0.3077 -0.2603 0.9152
vn 0.6028 -0.2192 0.7672
vn -0.3100 0.3736 0.8743
vn -0.3094 0.1666 0.9362
vn -0.3087 -0.0475 0.9500
vn 0.6059 -0.0393 0.7946
vn 0.6040 0.1412 0.7844
vn 0.6054 0.3145 0.7311
vn 0.6040 0.4706 0.6432
vn -0.3095 0.1111 0.9444
vn 0.5825 -0.5825 0.5670
vn 0.1087 -0.9940 -0.0078
vn 0.0783 -0.6891 0.7204
vn -0.6199 -0.7846 -0.0078
vn -0.5114 -0.6530 0.5586
vn -0.6371 0.2628 0.7246
vn -0.6198 -0.7847 -0.0079
vn 0.2924 -0.0000 0.9563
vn 0.0475 0.7914 0.6094
vn 0.0794 0.5802 0.8106
vn 0.0793 0.5474 0.8331
vn 0.1109 0.2615 0.9588
vn 0.1182 0.1261 0.9850
vn 0.1184 0.1105 0.9868
vn -0.0157 0.9938 0.1104
vn -0.1273 0.8512 0.5091
vn 0.3146 0.9437 0.1023
vn 0.2462 0.8101 0.5321
vn -0.2146 0.5326 0.8187
vn 0.2226 0.5167 0.8267
vn 0.3228 0.8897 -0.3228
vn 0.3530 0.8786 -0.3216
vn 0.3547 0.9302 0.0946
vn 0.3194 0.6623 -0.6778
vn 0.3506 0.6544 -0.6700
vn -0.0000 0.5655 -0.8247
vn -0.0000 0.0701 -0.9975
vn -0.0078 0.0624 -0.9980
vn -0.0000 0.5619 -0.8272
vn 0.0079 0.9051 -0.4250
vn -0.0237 0.9079 -0.4184
vn -0.0157 0.9020 -0.4314
vn 0.6054 0.3144 0.7312
vn 0.6047 0.6047 0.5184
vn 0.6042 0.7063 0.3690
vn 0.6047 0.7698 0.2043
vn 0.6061 0.7950 0.0237
vn 0.6026 0.7826 -0.1565
vn 0.6022 0.7276 -0.3285
vn 0.5995 0.6385 -0.4827
vn 0.5956 -0.7735 -0.2167
vn 0.5983 -0.8003 -0.0389
vn 0.5964 -0.7905 0.1394
vn 0.5984 -0.7385 0.3107
vn 0.5979 -0.6523 0.4659
vn 0.5997 -0.5297 0.5998
vn 0.6058 -0.0394 0.7947
vn 0.6040 0.1411 0.7844
vn 0.5989 0.5134 -0.6146
vn 0.5976 0.3649 -0.7140
vn 0.5975 0.2018 -0.7761
vn 0.5986 0.0233 -0.8007
vn 0.5952 -0.1546 -0.7886
vn 0.5954 -0.3248 -0.7349
vn 0.5934 -0.4779 -0.6477
vn 0.5941 -0.6096 -0.5248
vn 0.5941 -0.7099 -0.3782
vn -0.9891 0.1187 0.0870
vn -0.9991 0.0159 -0.0397
vn -0.9999 -0.0000 -0.0159
vn -0.3096 0.7146 0.6273
vn -0.3186 0.7089 0.6292
vn -0.5894 0.6133 0.5257
vn -0.6130 0.5971 0.5175
vn -0.8385 0.4193 0.3481
vn -0.8607 0.3905 0.3267
vn -0.9913 0.1190 0.0555
vn -0.9918 0.0635 -0.1111
vn 0.7890 0.4609 0.4062
vn 0.7232 0.5188 0.4559
vn 0.1498 0.7411 0.6544
vn 0.1670 0.7395 0.6521
vn 0.0952 0.7462 0.6589
vn 0.0874 0.7466 0.6595
vn -0.6966 -0.5557 -0.4539
vn 0.7070 -0.5515 -0.4428
vn 0.7046 -0.5496 -0.4489
vn -0.7076 0.5486 0.4452
vn -0.7076 0.5486 0.4453
vn 0.7154 0.5425 0.4403
vn 0.7179 0.5444 0.4339
vn 0.7069 -0.5516 -0.4428
vn 0.7043 -0.5498 -0.4491
vn 0.0080 0.2463 0.9692
vn 0.0080 0.2462 0.9692
vn 0.0078 0.7071 -0.7071
vn 0.0079 0.7071 -0.7071
vn 0.0078 -0.2572 -0.9663
vn 0.0078 -0.9624 -0.2716
vn 0.0078 -0.7226 0.6912
vn 0.0079 0.2463 0.9692
vn -0.6965 -0.5557 -0.4540
vn -0.7101 0.5506 0.4389
vn -0.6990 -0.5576 -0.4477
vn 0.7045 -0.5496 -0.4490
vn -0.6991 -0.5576 -0.4476
vn 0.5550 0.5394 -0.6332
vn 0.7148 0.6991 -0.0157
vn 0.7770 -0.0077 -0.6294
vn 0.5503 -0.5503 -0.6279
vn 0.7070 -0.7070 -0.0155
vn 0.0076 -0.7770 -0.6294
vn 0.0082 -0.9998 -0.0156
vn 0.0078 -0.7770 -0.6295
vn -0.5394 -0.5549 -0.6333
vn -0.6991 -0.7148 -0.0157
vn -0.7707 -0.0078 -0.6371
vn -0.5440 0.5441 -0.6387
vn -0.7070 0.7070 -0.0159
vn 0.0079 0.7707 -0.6371
vn 0.0079 0.9998 -0.0159
vn 0.0078 -0.7771 -0.6293
vn 0.5505 -0.5503 -0.6278
vn 0.7771 -0.0077 -0.6294
vn 0.5550 0.5397 -0.6331
vn 0.0076 0.7708 -0.6370
vn -0.5441 0.5441 -0.6387
vn -0.7708 -0.0079 -0.6370
vn -0.5394 -0.5551 -0.6332
vn -0.0078 -0.9999 -0.0078
vn -0.8729 -0.4876 0.0157
vn -0.0156 -0.9991 0.0390
vn -0.8757 -0.4812 0.0394
vn 0.8642 -0.4983 -0.0701
vn 0.8537 -0.5199 -0.0310
vn 0.1172 -0.8754 0.4690
vn -0.8777 -0.2926 0.3795
vn 0.8828 0.4687 -0.0313
vn 0.8570 0.4831 -0.1792
vn 0.0396 0.9992 -0.0079
vn 0.9070 -0.4186 -0.0465
vn 0.2986 -0.3300 0.8955
vn -0.6838 0.0954 0.7234
vn 0.3622 -0.1417 0.9213
vn 0.2199 -0.3691 0.9030
vn 0.8931 -0.4193 0.1631
vn 0.9301 -0.3643 0.0465
vn 0.7545 0.3423 -0.5600
vn 0.0393 0.9827 -0.1808
vn -0.8510 0.5249 0.0159
vn -0.8336 0.5478 -0.0714
vn -0.0315 0.7705 -0.6367
vn 0.7015 -0.6937 0.1637
vn -0.2505 0.2897 -0.9238
vn 0.6031 -0.0464 -0.7963
vn -0.3052 0.1017 -0.9468
vn -0.8930 0.3872 -0.2292
vn -0.8131 0.5447 -0.2052
vn -0.6837 0.0954 0.7235
vn -0.8975 0.4050 -0.1747
vn -0.6981 0.7060 -0.1190
vn -0.1174 0.2975 -0.9475
vn -0.5155 0.8486 -0.1190
vn -0.6737 0.2854 0.6817
vn -0.5326 0.3975 0.7472
vn -0.4518 0.8878 -0.0872
vn -0.4680 0.3728 0.8012
vn -0.4753 0.3089 0.8238
vn -0.5344 0.2793 0.7978
vn 0.0468 0.4838 -0.8739
vn -0.0156 0.4994 -0.8662
vn 0.5050 -0.3418 -0.7926
vn -0.9632 -0.0158 -0.2684
vn -0.7225 -0.0317 0.6907
vn -0.7228 0.0079 0.6910
vn -0.7223 0.1111 0.6826
vn -0.9410 0.2056 -0.2688
vn -0.7949 0.5644 -0.2225
vn -0.2027 0.3353 -0.9201
vn 0.5819 -0.2173 -0.7837
vn -0.2725 0.0934 -0.9576
vn 0.6672 -0.1086 -0.7370
vn -0.2735 -0.0313 -0.9614
vn 0.6833 -0.0233 -0.7298
vn 0.7963 -0.5777 0.1795
vn 0.9492 -0.2023 0.2412
vn 0.9701 -0.0000 0.2425
vn 0.2517 0.0158 0.9677
vn 0.2532 0.0633 0.9653
vn 0.9684 0.0859 0.2343
vn 0.6834 0.0078 -0.7300
vn -0.2729 -0.0780 -0.9589
vn -0.9603 -0.1023 -0.2597
vn 0.2284 -0.0945 0.9690
vn -0.7224 -0.0318 0.6907
vn 0.4952 -0.4101 -0.7659
vn 0.5068 -0.8578 0.0858
vn -0.0236 -0.4721 0.8812
vn 0.1024 -0.2837 0.9534
vn -0.6737 0.2854 0.6816
vn -0.4680 0.3729 0.8012
vn -0.0000 -0.5179 0.8554
vn -0.5344 0.2792 0.7978
vn 0.4579 -0.8849 0.0854
vn 0.5652 -0.4026 -0.7200
vn 0.5866 -0.3088 -0.7487
vn -0.1719 0.6564 -0.7346
vn -0.5112 0.4876 -0.7078
vn 0.1161 -0.7508 -0.6502
vn -0.0079 0.7031 0.7111
vn 0.0156 0.7031 -0.7109
vn 0.0232 -0.7030 -0.7108
vn -0.0000 -0.7187 0.6953
vn 0.1957 -0.7203 0.6655
vn -0.0634 0.6265 0.7768
vn -0.0080 0.7033 0.7108
vn -0.2222 0.5555 0.8013
vn 0.5536 -0.5770 0.6004
vn 0.3246 -0.6492 -0.6879
vn 0.4490 -0.4722 -0.7586
vn -0.7058 0.3137 -0.6352
vn 0.4336 -0.4337 -0.7899
vn -0.3881 0.4437 0.8078
vn 0.7556 -0.2804 0.5920
vn -0.4460 0.4380 0.7805
vn 0.7481 -0.3663 0.5533
vn 0.7049 -0.3603 0.6110
vn 0.3562 -0.5111 -0.7822
vn -0.5522 0.4102 -0.7258
vn 0.5286 -0.3032 -0.7929
vn 0.7090 -0.5064 0.4908
vn 0.7494 0.1313 -0.6490
vn -0.5724 0.4548 -0.6822
vn -0.6584 0.1097 -0.7446
vn -0.5233 -0.2812 -0.8044
vn 0.7807 0.2732 -0.5621
vn 0.8287 0.2658 -0.4925
vn 0.7124 -0.4384 0.5480
vn -0.5508 0.3114 0.7744
vn -0.4044 0.5309 0.7448
vn 0.7663 0.0391 0.6412
vn 0.5524 0.2683 0.7892
vn 0.6437 -0.1334 0.7536
vn -0.6586 -0.3174 0.6823
vn -0.7120 -0.1739 0.6803
vn -0.7195 -0.2688 0.6403
vn -0.7815 -0.4895 0.3868
vn -0.6047 -0.7774 0.1728
vn 0.9022 -0.3345 0.2722
vn 0.4701 0.8462 -0.2507
vn 0.5367 0.4823 -0.6923
vn -0.7194 -0.2687 0.6405
vn -0.7816 -0.4894 0.3868
vn -0.6103 0.0548 -0.7903
vn -0.7741 0.5292 -0.3475
vn 0.8689 -0.4810 0.1164
vn -0.4683 -0.8819 -0.0546
vn -0.8699 0.4745 -0.1345
vn -0.6047 -0.7775 0.1728
vn -0.4682 -0.8819 -0.0546
vn -0.5506 0.3114 0.7745
vn -0.4041 0.5309 0.7449
vn -0.7096 0.3706 -0.5993
vn -0.7643 0.2915 -0.5752
vn -0.4459 0.4380 0.7806
vn -0.3881 0.4435 0.8079
vn -0.2220 0.5554 0.8014
vn -0.0633 0.6263 0.7770
vn -0.7119 -0.1741 0.6803
vn -0.6585 -0.3174 0.6824
vn -0.1570 0.7929 -0.5888
vn 0.3415 -0.4813 -0.8073
vn 0.1242 -0.5978 -0.7920
vn -0.0000 -0.5349 -0.8449
vn -0.0469 -0.8510 0.5231
vn 0.1791 -0.8570 0.4832
vn 0.5366 -0.6923 0.4825
vn 0.7274 -0.5006 0.4693
vn -0.4955 0.6449 -0.5819
vn -0.2540 0.3810 0.8890
vn -0.0790 0.4267 0.9009
vn 0.5368 -0.6923 0.4822
vn 0.1792 -0.8571 0.4830
vn -0.0469 -0.8511 0.5228
vn 0.0158 0.5306 0.8475
vn 0.0627 0.8388 -0.5409
vn 0.7276 -0.5006 0.4691
vn 0.7885 -0.3590 0.4994
vn -0.4113 0.2452 0.8779
vn -0.5164 0.1033 0.8501
vn 0.8107 -0.2494 0.5298
vn -0.6706 0.4576 -0.5838
vn 0.4812 -0.3026 -0.8227
vn 0.5427 -0.1318 -0.8295
vn -0.7497 0.3393 -0.5682
vn -0.5248 0.0239 0.8509
vn -0.7885 0.2365 -0.5677
vn 0.5804 -0.0541 -0.8126
vn 0.7883 -0.3590 0.4997
vn 0.5510 0.1397 -0.8227
vn 0.8511 0.1328 0.5078
vn 0.6123 -0.0155 -0.7905
vn -0.8147 0.0157 -0.5797
vn 0.8364 -0.0313 0.5472
vn 0.8105 -0.2494 0.5300
vn 0.3443 0.6026 -0.7199
vn 0.4247 0.8573 -0.2910
vn -0.7715 -0.1338 -0.6220
vn -0.5403 -0.1589 0.8263
vn 0.8513 0.1328 0.5076
vn 0.8364 -0.0312 0.5472
vn -0.8610 0.5056 -0.0553
vn -0.4958 -0.8262 0.2675
vn -0.6313 -0.5444 0.5523
vn -0.8112 0.2678 -0.5198
vn 0.9049 -0.4253 0.0155
vn 0.8691 -0.4886 -0.0776
vn -0.4635 -0.8720 0.1571
vn -0.8728 0.4840 0.0635
vn 0.4809 0.8595 -0.1734
vn 0.9049 -0.4254 0.0156
vn 0.8689 -0.4889 -0.0776
vn -0.3340 0.1511 0.9304
vn -0.4449 0.1033 0.8896
vn -0.6161 0.5687 -0.5450
vn -0.8189 0.2598 -0.5118
vn 0.5276 -0.1396 -0.8379
vn 0.4961 -0.3023 -0.8139
vn 0.8303 -0.2741 0.4853
vn 0.8606 -0.0939 0.5005
vn 0.6716 -0.6092 0.4217
vn -0.1431 0.2624 0.9543
vn -0.1731 0.8418 -0.5114
vn 0.2083 -0.4861 -0.8487
vn 0.2180 -0.9109 0.3503
vn -0.0625 -0.9149 0.3988
vn -0.0000 0.4054 0.9141
vn 0.0787 0.9054 -0.4172
vn 0.0156 -0.4126 -0.9108
vn -0.0626 -0.9149 0.3988
vn 0.2180 -0.9109 0.3504
vn 0.6716 -0.6092 0.4218
vn 0.8301 -0.2741 0.4856
vn 0.5174 -0.1544 -0.8417
vn -0.8645 0.0865 -0.4951
vn -0.4463 0.1355 0.8846
vn -0.5063 0.0158 0.8622
vn 0.9052 -0.0546 0.4214
vn 0.8604 -0.0939 0.5008
vn 0.4809 -0.0233 -0.8765
vn 0.9456 -0.1876 0.2657
vn -0.8277 0.0394 -0.5597
vn -0.8179 0.5400 -0.1985
vn 0.4876 0.8730 0.0079
vn 0.4627 0.8547 -0.2352
vn 0.9181 -0.3736 0.1323
vn 0.4455 0.5002 -0.7425
vn -0.7793 0.3385 -0.5274
vn -0.6012 -0.4667 0.6487
vn -0.5330 -0.8231 0.1960
vn 0.9456 -0.1875 0.2657
vn 0.9182 -0.3735 0.1323
vn 0.8754 -0.4803 0.0542
vn -0.4688 -0.8830 -0.0234
vn -0.8775 0.4743 -0.0711
vn 0.8753 -0.4805 0.0543
vn -0.2856 0.2380 0.9283
vn -0.5768 0.6084 -0.5452
vn -0.1107 0.3637 0.9249
vn -0.1655 0.8120 -0.5597
vn 0.6151 -0.6463 0.4516
vn 0.2024 -0.8952 0.3970
vn -0.0157 -0.8943 0.4472
vn 0.0954 0.4610 0.8823
vn 0.0314 0.8639 -0.5027
vn -0.0391 -0.8825 0.4687
vn 0.1427 0.4678 0.8722
vn -0.1245 -0.4745 -0.8714
vn -0.0779 -0.4828 -0.8723
vn 0.1544 -0.5174 -0.8417
vn 0.4491 -0.4027 -0.7976
vn 0.8584 -0.2263 0.4604
vn -0.8344 0.2047 -0.5117
vn 0.5130 -0.2409 -0.8239
vn 0.4492 -0.4027 -0.7975
vn 0.1545 -0.5174 -0.8417
vn -0.0779 -0.4829 -0.8722
vn -0.1245 -0.4748 -0.8713
vn 0.0550 0.8717 -0.4869
vn -0.3577 0.1908 0.9141
vn -0.4526 0.1350 0.8814
vn -0.8729 0.0157 -0.4876
vn -0.5155 0.1190 0.8486
vn 0.8642 -0.1868 0.4672
vn -0.4767 0.0953 0.8739
vn 0.8155 -0.3728 0.4427
vn -0.4371 0.0477 0.8981
vn 0.8986 -0.0312 0.4376
vn 0.8278 -0.3202 0.4607
vn 0.5125 -0.0855 -0.8544
vn 0.4576 -0.0929 -0.8843
vn 0.4037 -0.1087 -0.9084
vn 0.4576 -0.1474 -0.8769
vn 0.5129 -0.2410 -0.8239
vn 0.8642 -0.1869 0.4671
vn 0.4951 -0.0619 -0.8666
vn 0.8950 -0.2179 0.3891
vn 0.4800 0.1317 -0.8673
vn 0.8908 -0.3438 0.2970
vn 0.5136 0.5061 -0.6929
vn 0.5576 0.7618 -0.3298
vn 0.8775 -0.4192 0.2330
vn 0.5025 0.8640 0.0314
vn 0.8746 -0.4411 0.2012
vn 0.4788 0.8557 0.1963
vn -0.5584 -0.7707 0.3068
vn -0.5998 -0.4813 0.6392
vn -0.5386 -0.1347 0.8317
vn -0.4595 0.0396 0.8873
vn -0.8104 0.2203 -0.5429
vn -0.7723 0.4413 -0.4570
vn -0.7742 0.5530 -0.3081
vn -0.7992 0.5618 -0.2137
vn -0.5138 -0.8562 -0.0545
vn 0.8474 -0.5053 0.1633
vn -0.4589 -0.8633 -0.2100
vn -0.8473 0.4989 -0.1821
vn 0.4790 0.8556 0.1963
vn 0.5028 0.8638 0.0313
vn 0.5577 0.7617 -0.3298
vn 0.5139 0.5059 -0.6928
vn 0.4801 0.1316 -0.8673
vn 0.4952 -0.0619 -0.8666
vn -0.8507 0.1733 -0.4962
vn -0.8207 0.3078 -0.4814
vn 0.5127 -0.0857 -0.8543
vn 0.4577 -0.0931 -0.8842
vn -0.7967 0.3550 -0.4891
vn 0.4038 -0.1087 -0.9083
vn -0.8594 0.1735 -0.4810
vn 0.4578 -0.1474 -0.8767
vn -0.8318 0.5546 -0.0236
vn -0.6368 -0.7232 0.2673
vn -0.5474 -0.8369 0.0078
vn -0.7606 0.5942 -0.2614
vn -0.6225 -0.3309 0.7092
vn 0.5654 0.8245 -0.0236
vn 0.8296 -0.5583 0.0078
vn -0.5475 -0.8368 0.0078
vn 0.9042 -0.3976 0.1559
vn 0.5018 0.7998 -0.3293
vn -0.7452 0.3138 -0.5884
vn -0.8402 0.0942 -0.5340
vn -0.5305 -0.0158 0.8475
vn -0.8874 -0.0706 -0.4555
vn 0.5202 -0.0000 -0.8540
vn 0.5068 0.3509 -0.7874
vn 0.9158 -0.2192 0.3366
vn 0.8537 -0.1096 0.5091
vn 0.4657 0.2328 -0.8538
vn 0.7778 -0.0000 0.6285
vn 0.7466 0.1651 0.6445
vn -0.3938 -0.6300 0.6693
vn -0.3787 -0.4576 0.8045
vn -0.5538 -0.2610 0.7907
vn -0.5308 -0.0158 0.8473
vn -0.5164 -0.1033 0.8501
vn 0.8603 -0.0391 0.5083
vn 0.8547 0.2196 0.4705
vn 0.3436 0.5857 -0.7341
vn -0.7823 -0.2660 -0.5632
vn -0.5535 -0.2610 0.7909
vn -0.3937 -0.6300 0.6694
vn -0.3786 -0.4575 0.8046
vn -0.7034 -0.1016 -0.7035
vn 0.5054 0.4588 -0.7309
vn 0.5655 0.0775 -0.8211
vn 0.8454 -0.1018 0.5244
vn -0.5394 -0.0476 0.8407
vn -0.8181 0.0315 -0.5742
vn -0.5164 -0.1032 0.8501
vn -0.5391 -0.0476 0.8409
vn -0.8349 0.0866 -0.5435
vn 0.5437 0.0233 -0.8389
vn -0.0078 -0.0078 -0.9999
vn 0.9988 -0.0390 -0.0312
vn -0.0156 0.0234 -0.9996
vn -0.9996 0.0238 0.0159
vn -0.9994 0.0159 0.0317
vn 0.0320 -0.0396 0.9987
vn 0.0400 -0.0078 0.9992
vn -0.9992 0.0079 0.0397
vn 0.0317 0.0633 0.9975
vn 0.0238 0.0791 0.9966
vn -0.9997 0.0238 -0.0000
vn -0.0000 -0.0634 0.9980
vn -0.9940 0.1025 -0.0394
vn -0.0078 -0.5364 0.8439
vn -0.0311 -0.0933 -0.9952
vn -0.0156 -0.0779 -0.9968
vn 0.9994 -0.0312 -0.0156
vn 0.9998 -0.0156 -0.0156
vn 0.9978 -0.0467 -0.0467
vn 0.9903 -0.1092 -0.0858
vn -0.0001 -0.0633 0.9980
vn 0.0237 0.0791 0.9966
vn 0.0316 0.0633 0.9975
vn 0.0396 -0.0079 0.9992
vn 0.0314 -0.0396 0.9987
vn -0.0080 -0.5364 0.8439
vn -0.9813 0.0633 -0.1820
vn 0.0079 0.9962 0.0870
vn 0.9873 0.0311 0.1555
vn -0.0158 -0.9273 0.3740
vn 0.9859 -0.0388 -0.1630
vn -0.0312 0.0546 -0.9980
vn 0.0627 0.5169 -0.8537
vn -0.9721 0.1976 -0.1264
vn 0.1027 0.9163 -0.3870
vn -0.9817 0.1425 -0.1266
vn -0.9802 0.0079 -0.1976
vn 0.0001 -0.9999 0.0155
vn -0.0155 -0.9273 0.3739
vn 0.0081 -0.9948 -0.1011
vn -0.1175 0.4935 -0.8618
vn 0.9388 -0.0466 -0.3414
vn -0.2335 0.1168 -0.9653
vn -0.9809 0.1740 0.0870
vn -0.9817 0.0554 0.1821
vn -0.2108 0.0547 -0.9760
vn 0.9664 -0.0624 -0.2494
vn 0.9783 0.0466 -0.2019
vn 0.9634 0.1321 -0.2331
vn -0.2111 -0.0156 -0.9773
vn -0.1634 -0.1090 -0.9805
vn 0.9627 0.1708 -0.2096
vn 0.1971 -0.0710 0.9778
vn 0.1809 -0.0000 0.9835
vn 0.1966 0.0944 0.9759
vn 0.9667 0.1559 -0.2027
vn -0.1705 -0.1317 -0.9765
vn -0.9648 -0.1898 0.1819
vn -0.9758 -0.1507 0.1587
vn -0.9662 -0.1742 0.1901
vn 0.1884 0.1180 0.9750
vn -0.9783 -0.0631 0.1972
vn 0.1733 -0.1339 0.9757
vn 0.1972 -0.0710 0.9778
vn 0.1810 -0.0000 0.9835
vn 0.1968 0.0945 0.9759
vn 0.1887 0.1179 0.9749
vn 0.1724 -0.5172 0.8383
vn -0.9904 0.1268 0.0555
vn 0.0157 0.9051 -0.4250
vn 0.1014 -0.9120 0.3975
vn 0.9821 0.0779 -0.1715
vn -0.0237 0.9952 -0.0948
vn -0.9979 0.0158 0.0634
vn -0.0078 -0.9969 0.0779
vn -0.9919 0.0004 0.1270
vn 0.0079 0.9992 -0.0396
vn 0.9961 0.0233 -0.0856
vn 0.1011 -0.9120 0.3975
vn 0.1723 -0.5171 0.8384
vn 0.1731 -0.1337 0.9758
vn 0.0077 -0.9997 0.0234
vn 0.9900 -0.0156 -0.1403
vn -0.0004 -0.9999 0.0157
vn 0.9835 -0.0234 0.1795
vn 0.0074 -0.9949 -0.1010
vn -0.0775 -0.1551 -0.9849
vn -0.0701 -0.1323 -0.9887
vn -0.9977 -0.0238 0.0633
vn -0.9937 -0.0710 0.0867
vn 0.9949 -0.0544 -0.0855
vn 0.9963 0.0078 -0.0856
vn 0.9961 0.0545 -0.0700
vn 0.0634 0.1032 0.9926
vn 0.0632 0.1423 0.9878
vn 0.0712 0.1187 0.9904
vn 0.0788 0.0788 0.9938
vn 0.9939 0.0699 -0.0854
vn -0.0621 -0.0931 -0.9937
vn -0.9937 -0.0867 0.0710
vn 0.0789 0.0789 0.9938
vn 0.0717 0.1190 0.9903
vn 0.0636 0.1422 0.9878
vn -0.9984 0.0317 0.0476
vn -0.0702 -0.1170 -0.9906
vn 0.9858 -0.0931 -0.1397
vn -0.0623 0.0623 -0.9961
vn -0.9961 0.0870 -0.0158
vn 0.0554 -0.0790 0.9953
vn 0.0237 -0.5744 0.8183
vn 0.0636 0.1032 0.9926
vn -0.9944 0.0789 -0.0710
vn 0.0709 0.9059 -0.4175
vn -0.9829 0.1664 -0.0793
vn 0.0157 0.5564 -0.8307
vn 0.9809 -0.0000 -0.1946
vn 0.0236 -0.5744 0.8183
vn 0.0553 -0.0790 0.9953
vn 0.9992 0.0391 -0.0078
vn 0.0235 -0.9165 0.3995
vn 0.9935 0.0313 0.1095
vn 0.0237 0.9784 -0.2052
vn -0.0796 0.8916 0.4458
vn 0.0074 -0.9823 0.1872
vn 0.7351 0.0860 0.6725
vn -0.0782 -0.7355 0.6730
vn -0.8946 0.0554 0.4434
vn -0.0784 -0.7356 0.6729
vn 0.0235 -0.9165 0.3994
vn 0.0078 -0.9823 0.1871
vn 0.9615 -0.2636 0.0775
vn -0.1501 -0.2528 0.9558
vn -0.1348 0.1268 0.9827
vn 0.9872 -0.1088 0.1166
vn 0.0701 -0.1791 -0.9813
vn 0.0935 -0.1091 -0.9896
vn 0.9936 -0.0311 0.1087
vn -0.1030 0.0951 0.9901
vn -0.0793 0.0317 0.9963
vn -0.1107 0.1660 0.9799
vn 0.1162 -0.0542 -0.9917
vn 0.9944 -0.0311 0.1010
vn -0.9946 0.0158 -0.1026
vn -0.9954 0.0158 -0.0948
vn -0.9894 0.1029 -0.1029
vn 0.1087 0.0155 -0.9940
vn 0.9912 -0.0624 0.1171
vn -0.9540 0.2444 -0.1735
vn -0.1346 0.1268 0.9828
vn -0.1106 0.1660 0.9799
vn -0.1029 0.0951 0.9901
vn -0.0790 0.0317 0.9964
vn -0.0946 -0.0316 0.9950
vn -0.1030 -0.0872 0.9909
vn 0.1170 0.0702 -0.9906
vn 0.9937 -0.0621 0.0931
vn -0.1033 -0.0871 0.9908
vn -0.0948 -0.0316 0.9950
vn -0.1094 -0.9483 0.2978
vn -0.9147 0.0394 -0.4022
vn -0.1251 -0.7433 0.6572
vn -0.1568 -0.5331 0.8314
vn -0.9188 0.3089 -0.2456
vn 0.0702 -0.1170 -0.9906
vn 0.2253 0.2253 -0.9479
vn 0.9688 -0.2480 -0.0000
vn 0.2648 0.4984 -0.8255
vn 0.9775 -0.1241 0.1707
vn 0.9679 0.1093 0.2264
vn 0.2352 0.7290 -0.6428
vn 0.9528 0.0937 0.2889
vn -0.1252 -0.7433 0.6572
vn -0.1571 -0.5332 0.8313
vn -0.9798 0.0316 -0.1976
vn -0.0715 0.8175 0.5715
vn -0.0000 0.9939 -0.1104
vn 0.9843 0.0391 0.1719
vn -0.0313 -0.9958 0.0857
vn -0.1100 -0.9483 0.2978
vn -0.0705 -0.8227 0.5641
vn 0.7377 -0.0078 0.6751
vn 0.0394 0.9372 -0.3465
vn -0.9353 0.0079 -0.3537
vn 0.7378 -0.0076 0.6750
vn -0.8880 -0.0079 0.4599
vn -0.0311 -0.9958 0.0856
vn -0.0706 -0.8225 0.5643
vn -0.1910 0.9389 0.2864
vn -0.2927 -0.2690 0.9176
vn -0.1814 -0.3394 0.9230
vn -0.2927 -0.2689 0.9176
vn 0.3883 -0.9008 -0.1942
vn -0.1815 -0.3392 0.9231
vn 0.2023 -0.9336 -0.2957
vn 0.1948 0.3195 -0.9273
vn 0.2264 0.4294 -0.8743
vn -0.4047 0.8807 0.2460
vn -0.6851 0.7249 0.0717
vn -0.4026 -0.3711 0.8368
vn -0.7148 0.6989 -0.0238
vn 0.3816 0.3660 -0.8488
vn -0.4610 0.8823 0.0954
vn 0.3274 0.4442 -0.8340
vn 0.2801 0.1868 -0.9416
vn 0.0703 0.1640 -0.9840
vn 0.7367 -0.6746 -0.0465
vn 0.6667 -0.7443 -0.0388
vn -0.3121 -0.9051 -0.2887
vn 0.0156 -0.9575 -0.2880
vn 0.4893 -0.8465 -0.2097
vn -0.1495 -0.4168 0.8966
vn -0.3237 -0.4260 0.8448
vn -0.4026 -0.3710 0.8368
vn -0.5082 0.0469 -0.8600
vn -0.8534 -0.1264 0.5057
vn -0.5724 0.0862 -0.8154
vn 0.8376 -0.0620 -0.5428
vn 0.5180 -0.6494 -0.5568
vn 0.4577 -0.0947 0.8840
vn 0.3150 -0.0866 0.9451
vn 0.2839 -0.1971 0.9384
vn -0.1481 -0.9276 -0.3430
vn 0.0788 -0.3388 0.9376
vn -0.0472 -0.3696 0.9280
vn 0.5263 -0.0628 0.8480
vn 0.4578 -0.0947 0.8840
vn -0.8558 0.0476 0.5151
vn -0.5407 0.3605 -0.7601
vn -0.2272 0.4230 -0.8772
vn -0.0937 0.2341 -0.9677
vn -0.5817 0.6853 0.4382
vn 0.1501 0.9558 0.2528
vn 0.3242 0.9251 0.1977
vn 0.0079 0.9733 0.2295
vn -0.3235 -0.4264 0.8447
vn -0.1494 -0.4169 0.8966
vn -0.0471 -0.3696 0.9280
vn 0.0788 -0.3390 0.9375
vn 0.2839 -0.1972 0.9384
vn -0.0079 0.9653 0.2611
vn -0.6257 -0.1745 0.7603
vn -0.6583 -0.2143 0.7216
vn -0.5778 -0.1660 0.7991
vn 0.5431 -0.8379 0.0543
vn 0.2707 -0.9589 -0.0851
vn -0.6257 -0.1741 0.7604
vn 0.1084 -0.9684 -0.2247
vn -0.6583 -0.2138 0.7217
vn 0.0233 -0.9621 -0.2716
vn 0.6616 0.1947 -0.7241
vn 0.6238 0.2495 -0.7407
vn -0.0792 0.9815 0.1741
vn 0.5685 0.2414 -0.7865
vn -0.2534 0.9662 0.0475
vn 0.4115 0.2174 -0.8851
vn -0.4842 0.8573 -0.1746
vn -0.5776 -0.1664 0.7992
vn -0.5088 -0.0636 0.8586
vn -0.7116 0.6641 -0.2293
vn 0.3719 0.1085 -0.9219
vn 0.7078 -0.6611 0.2489
vn 0.3664 0.0702 -0.9278
vn -0.7574 0.5759 -0.3077
vn -0.7434 0.6089 -0.2768
vn -0.2368 0.0237 0.9713
vn -0.2850 -0.0238 0.9582
vn -0.3883 -0.0635 0.9194
vn -0.4200 -0.0874 0.9033
vn 0.7845 -0.5747 0.2330
vn 0.3577 -0.0389 -0.9330
vn -0.6201 0.7394 -0.2624
vn -0.1426 0.1188 0.9826
vn -0.5060 0.8222 -0.2609
vn -0.1263 0.2683 0.9550
vn -0.6176 0.7522 -0.2296
vn -0.2216 0.2216 0.9496
vn -0.9325 0.3319 -0.1423
vn -0.9940 -0.0552 -0.0947
vn -0.0390 -0.1402 -0.9894
vn 0.0311 -0.1479 -0.9885
vn 0.1855 -0.1778 -0.9664
vn 0.3029 -0.1010 -0.9477
vn -0.1267 0.0634 0.9899
vn -0.1025 0.0079 0.9947
vn -0.9876 -0.1027 -0.1185
vn 0.0931 -0.0776 -0.9926
vn 0.9253 -0.3344 0.1788
vn 0.6213 -0.7611 0.1864
vn 0.5194 -0.8373 0.1707
vn 0.6371 -0.7459 0.1943
vn 0.9914 0.0390 0.1249
vn 0.1164 -0.0233 -0.9929
vn 0.9911 0.0858 0.1014
vn -0.1027 0.0079 0.9947
vn -0.1271 0.0633 0.9899
vn -0.1263 0.2684 0.9550
vn -0.1426 0.1189 0.9826
vn -0.2369 0.0237 0.9712
vn 0.7526 -0.6130 0.2405
vn -0.2851 -0.0236 0.9582
vn -0.3884 -0.0633 0.9193
vn -0.4200 -0.0872 0.9033
vn -0.5090 -0.0636 0.8584
vn -0.1033 0.6194 0.7782
vn -0.1031 0.3966 0.9122
vn -0.1988 0.5727 0.7953
vn -0.3104 0.4378 0.8438
vn -0.2387 0.5331 0.8117
vn -0.2135 0.3953 0.8934
vn -0.1026 -0.0079 0.9947
vn 0.0079 -0.4315 0.9021
vn -0.2144 -0.0079 0.9767
vn -0.1022 -0.4322 0.8960
vn -0.1021 -0.7304 0.6754
vn -0.1019 -0.8544 0.5095
vn -0.1964 -0.8171 0.5421
vn -0.3064 -0.7148 0.6286
vn -0.2355 -0.7850 0.5730
vn -0.2119 -0.7142 0.6671
vn -0.2122 -0.4244 0.8803
vn 0.8524 0.1085 -0.5115
vn 0.5261 -0.0628 0.8481
vn 0.0079 -0.0476 0.9988
vn 0.7029 -0.4712 -0.5329
vn 0.5931 0.6711 -0.4448
vn 0.8068 0.4622 -0.3680
vn 0.9458 0.1784 -0.2713
vn 0.8686 -0.3181 -0.3800
vn 0.8361 -0.0852 -0.5419
vn -0.3376 0.3925 -0.8555
vn -0.3364 -0.1877 -0.9228
vn -0.5482 0.1018 -0.8301
vn -0.2202 0.5978 -0.7708
vn -0.1868 -0.4047 -0.8951
vn -0.0466 -0.5434 -0.8382
vn -0.0000 0.7637 -0.6456
vn 0.3294 0.7844 -0.5255
vn 0.2089 -0.6269 -0.7506
vn 0.4635 -0.5949 -0.6567
vn -0.8237 0.4592 -0.3326
vn -0.3375 0.3925 -0.8556
vn -0.8814 0.0866 -0.4643
vn -0.3363 -0.1877 -0.9229
vn -0.7768 -0.3217 -0.5414
vn -0.1868 -0.4047 -0.8952
vn -0.5709 -0.6256 -0.5317
vn -0.0466 -0.5433 -0.8383
vn -0.3187 -0.8162 -0.4819
vn 0.0389 -0.9330 -0.3577
vn 0.2089 -0.6268 -0.7506
vn 0.3790 -0.9050 -0.1934
vn 0.6875 -0.7261 -0.0077
vn 0.7028 -0.4711 -0.5330
vn 0.8686 -0.4731 0.1473
vn 0.8686 -0.3180 -0.3800
vn 0.9442 -0.1951 0.2653
vn 0.8361 -0.0850 -0.5419
vn 0.9074 0.2034 0.3677
vn 0.9458 0.1783 -0.2714
vn 0.7170 0.5751 0.3939
vn 0.8067 0.4621 -0.3685
vn 0.4414 0.8276 0.3468
vn 0.5931 0.6711 -0.4449
vn 0.0951 0.9667 0.2377
vn 0.3294 0.7844 -0.5256
vn -0.3327 0.9425 0.0317
vn -0.2201 0.5978 -0.7708
vn -0.6202 0.7713 -0.1431
vn -0.3375 0.3924 -0.8556
vn -0.8236 0.4594 -0.3326
vn 0.6799 -0.4867 -0.5485
vn 0.5714 0.6888 -0.4461
vn 0.7951 0.4833 -0.3663
vn 0.9437 0.1872 -0.2729
vn 0.8571 -0.3321 -0.3938
vn 0.8448 -0.0930 -0.5270
vn -0.3376 0.3925 -0.8556
vn -0.3275 -0.1793 -0.9277
vn -0.5244 0.1018 -0.8453
vn -0.2192 0.6028 -0.7672
vn -0.1862 -0.3955 -0.8994
vn -0.0467 -0.5289 -0.8474
vn -0.0078 0.7669 -0.6417
vn 0.3063 0.7933 -0.5262
vn 0.1936 -0.6120 -0.7668
vn 0.4342 -0.5971 -0.6745
vn -0.8070 0.4588 -0.3718
vn -0.8536 0.0869 -0.5137
vn -0.3274 -0.1793 -0.9277
vn -0.7434 -0.3208 -0.5869
vn -0.1861 -0.3954 -0.8995
vn -0.5375 -0.6154 -0.5765
vn -0.0467 -0.5287 -0.8475
vn -0.3108 -0.8003 -0.5128
vn 0.0232 -0.9217 -0.3873
vn 0.1936 -0.6119 -0.7669
vn 0.3571 -0.9084 -0.2174
vn 0.4342 -0.5970 -0.6746
vn 0.6590 -0.7521 -0.0078
vn 0.6799 -0.4866 -0.5486
vn 0.8550 -0.4897 0.1710
vn 0.8571 -0.3320 -0.3938
vn 0.9321 -0.2097 0.2952
vn 0.8849 0.2114 0.4150
vn 0.9436 0.1872 -0.2731
vn 0.6863 0.5837 0.4339
vn 0.7951 0.4833 -0.3665
vn 0.4107 0.8292 0.3791
vn 0.5714 0.6888 -0.4462
vn 0.3062 0.7932 -0.5264
vn 0.0792 0.9662 0.2455
vn -0.3327 0.9427 0.0238
vn -0.2191 0.6028 -0.7672
vn -0.6005 0.7822 -0.1659
vn -0.3374 0.3923 -0.8557
vn -0.8069 0.4589 -0.3718
vn -0.0079 0.9111 0.4120
vn -0.0000 0.9082 0.4186
vn -0.0000 0.8960 0.4440
vn -0.0000 0.8880 0.4599
vn -0.0000 0.8797 0.4755
vn -0.0000 0.8764 0.4816
vn -0.0000 0.8745 0.4850
vn -0.0000 0.8711 0.4910
vn -0.0000 0.8712 0.4910
vn 0.8092 0.5106 0.2907
vn 0.6820 -0.7208 0.1240
vn -0.5550 -0.7502 -0.3595
vn -0.6768 -0.5990 -0.4279
vn -0.0000 0.5492 0.8357
vn -0.0000 0.6101 0.7923
vn 0.0157 -0.5655 0.8246
vn 0.0157 -0.6062 0.7952
vn 0.0157 -0.6501 0.7597
vn 0.0080 0.5638 0.8259
vn 0.0079 0.5782 0.8159
vn -0.0232 -0.3348 -0.9420
vn 0.0003 -0.7300 -0.6835
vn -0.0775 -0.3890 -0.9180
vn 0.2947 0.0543 -0.9540
vn 0.1415 0.8176 -0.5581
vn -0.1412 0.6515 -0.7454
vn -0.1398 -0.6603 -0.7379
vn -0.3515 0.1090 -0.9298
vn 0.4434 -0.8947 0.0545
vn -0.0156 -0.9206 0.3901
vn 0.5134 -0.7935 0.3267
vn 0.3427 -0.7478 0.5686
vn 0.1086 -0.9853 0.1319
vn -0.4141 -0.8752 0.2500
vn -0.3509 -0.9356 -0.0390
vn -0.7609 -0.6276 0.1648
vn -0.7463 -0.6521 -0.1336
vn -0.9558 -0.2370 0.1738
vn -0.9705 -0.2052 -0.1263
vn -0.9439 0.1904 0.2697
vn -0.9582 0.2851 -0.0237
vn -0.7297 0.5393 0.4204
vn -0.7100 0.6859 0.1595
vn -0.6330 0.7673 -0.1029
vn -0.8908 0.3548 -0.2838
vn -0.9056 -0.1575 -0.3937
vn -0.6749 -0.6200 -0.4002
vn -0.2639 -0.9158 -0.3027
vn 0.2169 -0.9683 -0.1239
vn 0.6356 -0.7673 0.0853
vn 0.8928 -0.3649 0.2640
vn 0.7646 -0.3979 0.5071
vn 0.9159 0.1409 0.3758
vn 0.7855 0.0864 0.6127
vn 0.6941 0.6073 0.3865
vn 0.5736 0.5344 0.6208
vn 0.2835 0.9136 0.2914
vn 0.1740 0.8302 0.5297
vn -0.2931 0.8872 0.3564
vn 0.0396 0.6658 0.7451
vn -0.3676 0.7111 0.5993
vn 0.3871 0.4028 0.8294
vn 0.5744 0.0157 0.8184
vn 0.5577 -0.4084 0.7226
vn -0.2055 0.9724 0.1107
vn -0.6329 0.7674 -0.1028
vn -0.7099 0.6860 0.1595
vn -0.7296 0.5394 0.4203
vn -0.5924 -0.0079 0.8056
vn -0.5942 -0.3565 0.7210
vn 0.9738 -0.1402 0.1792
vt 0.914551 0.166016
vt 0.914551 0.178711
vt 0.911621 0.179199
vt 0.378662 0.367188
vt 0.385986 0.367188
vt 0.378662 0.375000
vt 0.371338 0.375000
vt 0.371338 0.367188
vt 0.371338 0.381348
vt 0.371338 0.394043
vt 0.371338 0.387207
vt 0.378662 0.394043
vt 0.378662 0.387207
vt 0.378662 0.381348
vt 0.385986 0.375000
vt 0.398682 0.375000
vt 0.398682 0.367188
vt 0.412109 0.375000
vt 0.385986 0.394043
vt 0.385986 0.387207
vt 0.385986 0.381348
vt 0.398682 0.381348
vt 0.412109 0.381348
vt 0.419922 0.375000
vt 0.419922 0.381348
vt 0.419922 0.387207
vt 0.398682 0.387207
vt 0.412109 0.387207
vt 0.419922 0.394043
vt 0.412109 0.394043
vt 0.398682 0.394043
vt 0.429688 0.381348
vt 0.429688 0.387207
vt 0.429688 0.394043
vt 0.438232 0.394043
vt 0.438232 0.387207
vt 0.447021 0.394043
vt 0.447021 0.387207
vt 0.447021 0.381348
vt 0.438232 0.381348
vt 0.412109 0.367188
vt 0.419922 0.367188
vt 0.429688 0.375000
vt 0.438232 0.375000
vt 0.447021 0.375000
vt 0.457031 0.381348
vt 0.457031 0.375000
vt 0.463623 0.375000
vt 0.463623 0.381348
vt 0.463623 0.387207
vt 0.457031 0.387207
vt 0.457031 0.394043
vt 0.463623 0.394043
vt 0.474365 0.387207
vt 0.474365 0.381348
vt 0.484131 0.381348
vt 0.474365 0.375000
vt 0.484131 0.375000
vt 0.484131 0.387207
vt 0.474365 0.394043
vt 0.484131 0.394043
vt 0.474365 0.367188
vt 0.484131 0.367188
vt 0.429688 0.367188
vt 0.438232 0.367188
vt 0.447021 0.367188
vt 0.457031 0.367188
vt 0.463623 0.367188
vt 0.500977 0.029785
vt 0.488525 0.025879
vt 0.500977 0.025879
vt 0.509766 0.029785
vt 0.509766 0.025879
vt 0.509766 0.033203
vt 0.521973 0.033203
vt 0.521973 0.029785
vt 0.521973 0.025879
vt 0.509766 0.022461
vt 0.521973 0.022461
vt 0.528809 0.025879
vt 0.528809 0.029785
vt 0.528809 0.033203
vt 0.521973 0.037598
vt 0.509766 0.037598
vt 0.528809 0.037598
vt 0.528809 0.022461
vt 0.500977 0.037598
vt 0.500977 0.033203
vt 0.488525 0.037598
vt 0.488525 0.033203
vt 0.475830 0.033203
vt 0.475830 0.029785
vt 0.455566 0.033203
vt 0.455566 0.029785
vt 0.434570 0.033203
vt 0.434570 0.029785
vt 0.488525 0.029785
vt 0.422363 0.037598
vt 0.434570 0.037598
vt 0.455566 0.037598
vt 0.475830 0.037598
vt 0.434570 0.025879
vt 0.455566 0.025879
vt 0.475830 0.025879
vt 0.434570 0.022461
vt 0.455566 0.022461
vt 0.475830 0.022461
vt 0.488525 0.022461
vt 0.500977 0.022461
vt 0.422363 0.025879
vt 0.422363 0.022461
vt 0.417236 0.022461
vt 0.422363 0.029785
vt 0.417236 0.033203
vt 0.422363 0.033203
vt 0.417236 0.029785
vt 0.417236 0.025879
vt 0.410889 0.025879
vt 0.410889 0.022461
vt 0.410889 0.029785
vt 0.410889 0.033203
vt 0.410889 0.037598
vt 0.417236 0.037598
vt 0.931152 0.123047
vt 0.933594 0.116211
vt 0.933594 0.123047
vt 0.933594 0.129883
vt 0.931152 0.070312
vt 0.933594 0.057129
vt 0.933594 0.070312
vt 0.931152 0.083984
vt 0.933594 0.083984
vt 0.931152 0.104980
vt 0.933594 0.104980
vt 0.931152 0.116211
vt 0.928711 0.116211
vt 0.928711 0.123047
vt 0.925781 0.123047
vt 0.925781 0.129883
vt 0.925781 0.116211
vt 0.922852 0.123047
vt 0.922852 0.129883
vt 0.925781 0.137695
vt 0.928711 0.137695
vt 0.925781 0.148926
vt 0.928711 0.148926
vt 0.925781 0.157227
vt 0.922852 0.137695
vt 0.922852 0.148926
vt 0.922852 0.157227
vt 0.931152 0.129883
vt 0.928711 0.129883
vt 0.931152 0.137695
vt 0.931152 0.148926
vt 0.928711 0.157227
vt 0.931152 0.157227
vt 0.933594 0.157227
vt 0.933594 0.148926
vt 0.933594 0.137695
vt 0.922852 0.116211
vt 0.922852 0.104980
vt 0.928711 0.104980
vt 0.925781 0.104980
vt 0.925781 0.083984
vt 0.922852 0.083984
vt 0.925781 0.070312
vt 0.922852 0.070312
vt 0.922852 0.057129
vt 0.925781 0.057129
vt 0.922852 0.044922
vt 0.928711 0.070312
vt 0.928711 0.083984
vt 0.925781 0.044922
vt 0.922852 0.036133
vt 0.928711 0.057129
vt 0.931152 0.057129
vt 0.922852 0.029297
vt 0.925781 0.029297
vt 0.925781 0.036133
vt 0.928711 0.044922
vt 0.931152 0.044922
vt 0.933594 0.044922
vt 0.928711 0.029297
vt 0.933594 0.036133
vt 0.933594 0.029297
vt 0.931152 0.029297
vt 0.931152 0.036133
vt 0.928711 0.036133
vt 0.878906 0.570312
vt 0.888672 0.558594
vt 0.888672 0.570312
vt 0.878906 0.581787
vt 0.888672 0.581787
vt 0.888672 0.593262
vt 0.898438 0.593262
vt 0.898438 0.581787
vt 0.878906 0.593262
vt 0.878906 0.558594
vt 0.869629 0.558594
vt 0.869629 0.570312
vt 0.869629 0.581787
vt 0.869629 0.593262
vt 0.878906 0.604980
vt 0.888672 0.604980
vt 0.898438 0.604980
vt 0.869629 0.604980
vt 0.907715 0.593262
vt 0.907715 0.604980
vt 0.907715 0.581787
vt 0.898438 0.570312
vt 0.898438 0.558594
vt 0.898438 0.547119
vt 0.888672 0.547119
vt 0.907715 0.570312
vt 0.907715 0.558594
vt 0.907715 0.547119
vt 0.898438 0.541260
vt 0.907715 0.541260
vt 0.898438 0.535645
vt 0.907715 0.535645
vt 0.907715 0.529785
vt 0.888672 0.541260
vt 0.888672 0.535645
vt 0.888672 0.529785
vt 0.878906 0.529785
vt 0.878906 0.523926
vt 0.869629 0.523926
vt 0.878906 0.512451
vt 0.869629 0.512451
vt 0.878906 0.535645
vt 0.869629 0.529785
vt 0.869629 0.535645
vt 0.878906 0.541260
vt 0.878906 0.547119
vt 0.869629 0.547119
vt 0.869629 0.541260
vt 0.898438 0.500977
vt 0.907715 0.495117
vt 0.907715 0.500977
vt 0.898438 0.512451
vt 0.907715 0.512451
vt 0.898438 0.523926
vt 0.907715 0.523926
vt 0.898438 0.495117
vt 0.907715 0.489258
vt 0.888672 0.495117
vt 0.888672 0.500977
vt 0.888672 0.512451
vt 0.888672 0.523926
vt 0.898438 0.529785
vt 0.878906 0.500977
vt 0.878906 0.495117
vt 0.869629 0.500977
vt 0.869629 0.495117
vt 0.878906 0.489258
vt 0.869629 0.489258
vt 0.878906 0.483887
vt 0.869629 0.483887
vt 0.869629 0.478027
vt 0.878906 0.478027
vt 0.888672 0.483887
vt 0.898438 0.478027
vt 0.898438 0.483887
vt 0.898438 0.489258
vt 0.888672 0.489258
vt 0.888672 0.478027
vt 0.888672 0.466309
vt 0.878906 0.466309
vt 0.898438 0.466309
vt 0.869629 0.466309
vt 0.878906 0.455078
vt 0.888672 0.455078
vt 0.898438 0.455078
vt 0.907715 0.455078
vt 0.898438 0.443359
vt 0.907715 0.443359
vt 0.869629 0.455078
vt 0.888672 0.443359
vt 0.878906 0.443359
vt 0.869629 0.443359
vt 0.907715 0.483887
vt 0.907715 0.478027
vt 0.907715 0.466309
vt 0.975586 0.737305
vt 0.971191 0.744385
vt 0.971191 0.737305
vt 0.967285 0.744385
vt 0.967285 0.737305
vt 0.967285 0.762695
vt 0.971191 0.762695
vt 0.971191 0.772339
vt 0.975586 0.772339
vt 0.971191 0.786499
vt 0.975586 0.786499
vt 0.971191 0.799683
vt 0.975586 0.799683
vt 0.967285 0.772339
vt 0.967285 0.786499
vt 0.967285 0.799683
vt 0.971191 0.812256
vt 0.967285 0.812256
vt 0.967285 0.829956
vt 0.971191 0.829956
vt 0.967285 0.839111
vt 0.975586 0.829956
vt 0.971191 0.839111
vt 0.975586 0.839111
vt 0.979492 0.839111
vt 0.975586 0.812256
vt 0.979492 0.829956
vt 0.983887 0.829956
vt 0.983887 0.839111
vt 0.983887 0.812256
vt 0.979492 0.812256
vt 0.979492 0.799683
vt 0.979492 0.786499
vt 0.979492 0.772339
vt 0.979492 0.762695
vt 0.983887 0.799683
vt 0.983887 0.786499
vt 0.983887 0.772339
vt 0.983887 0.762695
vt 0.983887 0.744385
vt 0.979492 0.744385
vt 0.979492 0.737305
vt 0.975586 0.744385
vt 0.975586 0.762695
vt 0.983887 0.737305
vt 0.168091 0.175781
vt 0.163574 0.181641
vt 0.163574 0.175781
vt 0.168091 0.181641
vt 0.173096 0.175781
vt 0.173096 0.181641
vt 0.180664 0.175781
vt 0.180664 0.181641
vt 0.187378 0.175781
vt 0.187378 0.181641
vt 0.196899 0.175781
vt 0.196899 0.181641
vt 0.143677 0.175781
vt 0.136108 0.181641
vt 0.136108 0.175781
vt 0.143677 0.181641
vt 0.148804 0.175781
vt 0.148804 0.181641
vt 0.154663 0.175781
vt 0.154663 0.181641
vt 0.159668 0.175781
vt 0.159668 0.181641
vt 0.200073 0.173340
vt 0.207520 0.161133
vt 0.207520 0.173340
vt 0.200073 0.161133
vt 0.192749 0.161133
vt 0.192749 0.173340
vt 0.185303 0.161133
vt 0.185303 0.173340
vt 0.177856 0.161133
vt 0.177856 0.173340
vt 0.170410 0.161133
vt 0.170410 0.173340
vt 0.162964 0.161133
vt 0.162964 0.173340
vt 0.155518 0.161133
vt 0.155518 0.173340
vt 0.148071 0.161133
vt 0.148071 0.173340
vt 0.140625 0.161133
vt 0.140625 0.173340
vt 0.133179 0.161133
vt 0.133179 0.173340
vt 0.004375 0.200195
vt 0.107056 0.200195
vt 0.004398 0.207031
vt 0.107117 0.206543
vt 0.004433 0.215820
vt 0.107117 0.215332
vt 0.004463 0.224121
vt 0.107178 0.223633
vt 0.004494 0.232910
vt 0.107178 0.232422
vt 0.004566 0.245605
vt 0.107300 0.245117
vt 0.106934 0.157715
vt 0.004242 0.165527
vt 0.004215 0.158203
vt 0.106934 0.165039
vt 0.004276 0.174316
vt 0.106995 0.173828
vt 0.004318 0.186035
vt 0.107056 0.185547
vt 0.004349 0.193848
vt 0.107056 0.193359
vt 0.574219 0.142578
vt 0.574219 0.129395
vt 0.537109 0.142578
vt 0.613281 0.129395
vt 0.574219 0.118164
vt 0.537109 0.100586
vt 0.574219 0.095703
vt 0.537109 0.095703
vt 0.574219 0.100586
vt 0.574219 0.110840
vt 0.537109 0.110840
vt 0.537109 0.118164
vt 0.537109 0.129395
vt 0.500000 0.142578
vt 0.500000 0.118164
vt 0.500000 0.110840
vt 0.500000 0.100586
vt 0.500000 0.095703
vt 0.462402 0.100586
vt 0.462402 0.095703
vt 0.462402 0.110840
vt 0.462402 0.118164
vt 0.424805 0.100586
vt 0.424805 0.095703
vt 0.424805 0.110840
vt 0.424805 0.118164
vt 0.462402 0.129395
vt 0.500000 0.129395
vt 0.462402 0.142578
vt 0.424805 0.142578
vt 0.424805 0.129395
vt 0.387939 0.118164
vt 0.387939 0.110840
vt 0.387939 0.100586
vt 0.387939 0.095703
vt 0.387939 0.129395
vt 0.424805 0.086426
vt 0.387939 0.086426
vt 0.462402 0.086426
vt 0.500000 0.086426
vt 0.537109 0.086426
vt 0.574219 0.086426
vt 0.613281 0.086426
vt 0.613281 0.095703
vt 0.613281 0.100586
vt 0.613281 0.110840
vt 0.613281 0.118164
vt 0.647461 0.129395
vt 0.647461 0.095703
vt 0.647461 0.100586
vt 0.647461 0.110840
vt 0.647461 0.118164
vt 0.685059 0.129395
vt 0.685059 0.118164
vt 0.723145 0.129395
vt 0.613281 0.198242
vt 0.647461 0.198242
vt 0.685059 0.198242
vt 0.723145 0.198242
vt 0.760742 0.129395
vt 0.760742 0.198242
vt 0.798828 0.129395
vt 0.798828 0.198242
vt 0.723145 0.118164
vt 0.760742 0.118164
vt 0.798828 0.118164
vt 0.798828 0.110840
vt 0.833496 0.110840
vt 0.833496 0.100586
vt 0.868164 0.100586
vt 0.868164 0.095703
vt 0.685059 0.110840
vt 0.723145 0.110840
vt 0.760742 0.110840
vt 0.685059 0.100586
vt 0.723145 0.100586
vt 0.760742 0.100586
vt 0.798828 0.100586
vt 0.833496 0.095703
vt 0.798828 0.095703
vt 0.760742 0.095703
vt 0.723145 0.095703
vt 0.685059 0.095703
vt 0.905273 0.086426
vt 0.905273 0.095703
vt 0.868164 0.086426
vt 0.833496 0.086426
vt 0.798828 0.086426
vt 0.760742 0.086426
vt 0.723145 0.086426
vt 0.685059 0.086426
vt 0.647461 0.086426
vt 0.833496 0.118164
vt 0.868164 0.129395
vt 0.833496 0.129395
vt 0.868164 0.118164
vt 0.868164 0.110840
vt 0.905273 0.110840
vt 0.905273 0.100586
vt 0.905273 0.118164
vt 0.905273 0.129395
vt 0.833496 0.198242
vt 0.291504 0.390137
vt 0.296875 0.405762
vt 0.226807 0.421875
vt 0.298584 0.421875
vt 0.296875 0.438477
vt 0.291504 0.454102
vt 0.282959 0.467773
vt 0.271484 0.479492
vt 0.258057 0.488281
vt 0.242798 0.493652
vt 0.161987 0.390137
vt 0.170532 0.376465
vt 0.181885 0.364746
vt 0.195557 0.355957
vt 0.210815 0.350586
vt 0.226807 0.348633
vt 0.242798 0.350586
vt 0.257812 0.355957
vt 0.271484 0.364746
vt 0.282959 0.376465
vt 0.226807 0.495605
vt 0.210815 0.493652
vt 0.195557 0.488281
vt 0.181885 0.479492
vt 0.170532 0.467773
vt 0.161987 0.454102
vt 0.156616 0.438477
vt 0.154785 0.421875
vt 0.156616 0.405762
vt 0.029526 0.455566
vt 0.057892 0.467285
vt 0.034637 0.474121
vt 0.063599 0.482910
vt 0.089294 0.471191
vt 0.040436 0.491699
vt 0.086060 0.457031
vt 0.091675 0.469727
vt 0.083740 0.458008
vt 0.053192 0.450684
vt 0.026077 0.436523
vt 0.050140 0.433594
vt 0.024582 0.416992
vt 0.048828 0.416504
vt 0.025085 0.397461
vt 0.079834 0.443848
vt 0.077271 0.430176
vt 0.076233 0.416016
vt 0.049286 0.399414
vt 0.076599 0.401855
vt 0.051483 0.382812
vt 0.078491 0.387695
vt 0.055328 0.366211
vt 0.078918 0.401855
vt 0.078491 0.416016
vt 0.079529 0.429688
vt 0.082031 0.443359
vt 0.144409 0.419434
vt 0.144165 0.412598
vt 0.145264 0.425293
vt 0.146851 0.431641
vt 0.149292 0.437012
vt 0.149780 0.385742
vt 0.088501 0.361816
vt 0.152832 0.379395
vt 0.083984 0.374512
vt 0.147339 0.392578
vt 0.080750 0.388184
vt 0.145508 0.399414
vt 0.144531 0.406250
vt 0.099182 0.335938
vt 0.101196 0.336914
vt 0.092163 0.348145
vt 0.094238 0.349121
vt 0.086304 0.360840
vt 0.081726 0.374023
vt 0.060791 0.350098
vt 0.067749 0.334961
vt 0.076111 0.320312
vt 0.085754 0.307129
vt 0.107300 0.324219
vt 0.096619 0.294434
vt 0.055786 0.307129
vt 0.066772 0.291504
vt 0.079102 0.277344
vt 0.092651 0.264160
vt 0.108521 0.282715
vt 0.107300 0.252441
vt 0.121460 0.272461
vt 0.122986 0.241699
vt 0.116455 0.313965
vt 0.126465 0.304199
vt 0.137329 0.295410
vt 0.135132 0.263184
vt 0.148926 0.287598
vt 0.149658 0.255371
vt 0.161255 0.281250
vt 0.164917 0.249023
vt 0.139526 0.232910
vt 0.156738 0.225586
vt 0.174683 0.220215
vt 0.180664 0.244141
vt 0.193115 0.216309
vt 0.196777 0.240723
vt 0.211914 0.214355
vt 0.174072 0.275879
vt 0.187256 0.271484
vt 0.200806 0.268555
vt 0.213135 0.239258
vt 0.214478 0.267090
vt 0.229614 0.239258
vt 0.228271 0.267090
vt 0.246094 0.240723
vt 0.230835 0.214355
vt 0.249756 0.216309
vt 0.268311 0.220215
vt 0.262207 0.244141
vt 0.286621 0.226074
vt 0.278320 0.249023
vt 0.304199 0.233887
vt 0.241943 0.268555
vt 0.255371 0.270996
vt 0.268555 0.275391
vt 0.281494 0.281250
vt 0.280273 0.283203
vt 0.267822 0.277832
vt 0.254883 0.273438
vt 0.241577 0.270996
vt 0.228149 0.269531
vt 0.214600 0.269531
vt 0.237427 0.338379
vt 0.243652 0.339844
vt 0.230835 0.336914
vt 0.223999 0.336426
vt 0.217163 0.336914
vt 0.201050 0.270996
vt 0.210205 0.337891
vt 0.187744 0.273926
vt 0.174805 0.277832
vt 0.162231 0.283203
vt 0.150146 0.289551
vt 0.203247 0.339355
vt 0.196289 0.341309
vt 0.189575 0.344238
vt 0.183105 0.348145
vt 0.138794 0.297363
vt 0.176880 0.352051
vt 0.128052 0.306152
vt 0.118164 0.315430
vt 0.109192 0.325684
vt 0.171143 0.356445
vt 0.165771 0.361816
vt 0.160889 0.367188
vt 0.156494 0.373047
vt 0.509277 0.301758
vt 0.506836 0.317383
vt 0.447998 0.264160
vt 0.354980 0.325684
vt 0.371094 0.268555
vt 0.352539 0.282715
vt 0.572754 0.433105
vt 0.562500 0.420410
vt 0.609375 0.420410
vt 0.606445 0.404297
vt 0.677246 0.401367
vt 0.673828 0.384766
vt 0.736816 0.389160
vt 0.736328 0.373535
vt 0.799316 0.379395
vt 0.798340 0.363770
vt 0.818359 0.363770
vt 0.817871 0.378906
vt 0.293457 0.255859
vt 0.308105 0.264160
vt 0.293457 0.288086
vt 0.322021 0.274414
vt 0.304932 0.296387
vt 0.303467 0.298340
vt 0.292236 0.290039
vt 0.320801 0.243164
vt 0.336182 0.254395
vt 0.350586 0.265625
vt 0.335449 0.285645
vt 0.315430 0.306152
vt 0.313232 0.307617
vt 0.264404 0.353027
vt 0.260010 0.348633
vt 0.255127 0.345215
vt 0.249634 0.342285
vt 0.158203 0.481445
vt 0.177368 0.493652
vt 0.177368 0.522705
vt 0.106445 0.481445
vt 0.074219 0.522705
vt 0.076111 0.507812
vt 0.268555 0.820068
vt 0.415039 0.829224
vt 0.263916 0.858643
vt 0.415283 0.791626
vt 0.281006 0.751221
vt 0.415527 0.725342
vt 0.293701 0.692871
vt 0.416260 0.670410
vt 0.310303 0.631348
vt 0.417969 0.611572
vt 0.316650 0.614014
vt 0.419189 0.595215
vt 0.818848 0.257812
vt 0.828125 0.313477
vt 0.806152 0.310547
vt 0.840820 0.259277
vt 0.825195 0.235840
vt 0.846191 0.235840
vt 0.605469 0.395996
vt 0.605957 0.328125
vt 0.672852 0.376465
vt 0.679199 0.317871
vt 0.735352 0.365234
vt 0.746094 0.310547
vt 0.797363 0.355469
vt 0.817383 0.354980
vt 0.540039 0.338867
vt 0.561523 0.412109
vt 0.544434 0.257324
vt 0.612305 0.253906
vt 0.689453 0.250000
vt 0.758301 0.252930
vt 0.762207 0.230469
vt 0.691895 0.227051
vt 0.613281 0.230957
vt 0.551758 0.233398
vt 0.080261 0.841553
vt 0.146362 0.841553
vt 0.080261 0.924866
vt 0.146362 0.924866
vt 0.082031 0.989594
vt 0.081909 0.929871
vt 0.148193 0.989594
vt 0.148315 0.929871
vt 0.155151 0.952026
vt 0.155273 0.935913
vt 0.221558 0.952026
vt 0.221436 0.935913
vt 0.075378 0.936768
vt 0.018906 0.941986
vt 0.014061 0.936768
vt 0.018860 0.980179
vt 0.014076 0.985611
vt 0.075317 0.985611
vt 0.070557 0.980179
vt 0.070496 0.941986
vt 0.170776 0.933411
vt 0.157227 0.925232
vt 0.154663 0.842041
vt 0.217773 0.906921
vt 0.221558 0.847290
vt 0.011543 0.933716
vt 0.011497 0.988594
vt 0.077942 0.988594
vt 0.077881 0.933716
vt 0.011070 0.845093
vt 0.077942 0.840088
vt 0.014626 0.904724
vt 0.061584 0.931335
vt 0.075134 0.923279
vt 0.392090 0.328125
vt 0.480957 0.327148
vt 0.392090 0.335449
vt 0.480957 0.334961
vt 0.392090 0.343262
vt 0.480957 0.342285
vt 0.480957 0.350098
vt 0.392090 0.350586
vt 0.480957 0.357422
vt 0.392090 0.357910
vt 0.655273 0.022461
vt 0.646973 0.018066
vt 0.655273 0.018066
vt 0.646973 0.022461
vt 0.646973 0.026855
vt 0.655273 0.026855
vt 0.665527 0.022461
vt 0.665527 0.026855
vt 0.673340 0.022461
vt 0.673340 0.026855
vt 0.684082 0.022461
vt 0.684082 0.026855
vt 0.665527 0.018066
vt 0.673340 0.018066
vt 0.684082 0.018066
vt 0.692383 0.026855
vt 0.692383 0.022461
vt 0.692383 0.018066
vt 0.692383 0.013672
vt 0.699707 0.013672
vt 0.699707 0.018066
vt 0.699707 0.022461
vt 0.699707 0.026855
vt 0.692383 0.031250
vt 0.684082 0.031250
vt 0.699707 0.031250
vt 0.673340 0.031250
vt 0.665527 0.031250
vt 0.655273 0.031250
vt 0.646973 0.031250
vt 0.638184 0.026855
vt 0.638184 0.022461
vt 0.638184 0.018066
vt 0.638184 0.031250
vt 0.629395 0.031250
vt 0.623535 0.031250
vt 0.617188 0.026855
vt 0.623535 0.026855
vt 0.629395 0.026855
vt 0.629395 0.022461
vt 0.629395 0.018066
vt 0.638184 0.013672
vt 0.607910 0.018066
vt 0.600098 0.013672
vt 0.607910 0.013672
vt 0.617188 0.018066
vt 0.617188 0.022461
vt 0.623535 0.018066
vt 0.623535 0.022461
vt 0.607910 0.026855
vt 0.607910 0.022461
vt 0.600098 0.018066
vt 0.593262 0.018066
vt 0.600098 0.022461
vt 0.600098 0.026855
vt 0.607910 0.031250
vt 0.617188 0.031250
vt 0.569336 0.022461
vt 0.573242 0.022461
vt 0.569336 0.026855
vt 0.573242 0.026855
vt 0.583496 0.022461
vt 0.583496 0.026855
vt 0.593262 0.026855
vt 0.593262 0.022461
vt 0.583496 0.018066
vt 0.569336 0.031250
vt 0.573242 0.031250
vt 0.583496 0.031250
vt 0.593262 0.031250
vt 0.600098 0.031250
vt 0.558105 0.026855
vt 0.558105 0.031250
vt 0.573242 0.018066
vt 0.569336 0.018066
vt 0.558105 0.022461
vt 0.558105 0.018066
vt 0.558105 0.013672
vt 0.569336 0.013672
vt 0.573242 0.013672
vt 0.583496 0.013672
vt 0.593262 0.013672
vt 0.617188 0.013672
vt 0.623047 0.013672
vt 0.629395 0.013672
vt 0.646973 0.013672
vt 0.655273 0.013672
vt 0.665527 0.013672
vt 0.673340 0.013672
vt 0.684082 0.013672
vt 0.642090 0.055664
vt 0.642090 0.050781
vt 0.647949 0.055664
vt 0.647949 0.061035
vt 0.642090 0.061035
vt 0.642090 0.065430
vt 0.647949 0.065430
vt 0.642090 0.070312
vt 0.647949 0.070312
vt 0.647949 0.050781
vt 0.658691 0.065430
vt 0.658691 0.070312
vt 0.658691 0.075684
vt 0.647949 0.075684
vt 0.642090 0.075684
vt 0.635254 0.070312
vt 0.635254 0.065430
vt 0.635254 0.075684
vt 0.642090 0.042969
vt 0.635254 0.042969
vt 0.647949 0.042969
vt 0.658691 0.042969
vt 0.658691 0.050781
vt 0.658691 0.055664
vt 0.658691 0.061035
vt 0.611816 0.042969
vt 0.601562 0.050781
vt 0.601562 0.042969
vt 0.611816 0.050781
vt 0.620605 0.050781
vt 0.620605 0.042969
vt 0.629395 0.050781
vt 0.629395 0.042969
vt 0.635254 0.050781
vt 0.635254 0.061035
vt 0.635254 0.055664
vt 0.629395 0.055664
vt 0.620605 0.055664
vt 0.611816 0.055664
vt 0.611816 0.061035
vt 0.601562 0.055664
vt 0.620605 0.061035
vt 0.629395 0.061035
vt 0.582520 0.055664
vt 0.574707 0.050781
vt 0.582520 0.050781
vt 0.592285 0.055664
vt 0.592285 0.050781
vt 0.601562 0.061035
vt 0.611816 0.065430
vt 0.620605 0.065430
vt 0.611816 0.070312
vt 0.620605 0.070312
vt 0.629395 0.070312
vt 0.629395 0.065430
vt 0.629395 0.075684
vt 0.620605 0.075684
vt 0.601562 0.070312
vt 0.601562 0.065430
vt 0.592285 0.070312
vt 0.592285 0.065430
vt 0.582520 0.070312
vt 0.592285 0.061035
vt 0.582520 0.065430
vt 0.574707 0.070312
vt 0.582520 0.061035
vt 0.561523 0.070312
vt 0.566895 0.070312
vt 0.561523 0.075684
vt 0.566895 0.065430
vt 0.574707 0.065430
vt 0.574707 0.061035
vt 0.574707 0.055664
vt 0.566895 0.061035
vt 0.566895 0.055664
vt 0.566895 0.050781
vt 0.566895 0.042969
vt 0.574707 0.042969
vt 0.561523 0.050781
vt 0.561523 0.055664
vt 0.561523 0.061035
vt 0.561523 0.065430
vt 0.561523 0.042969
vt 0.551758 0.050781
vt 0.551758 0.055664
vt 0.551758 0.061035
vt 0.551758 0.065430
vt 0.551758 0.042969
vt 0.551758 0.070312
vt 0.551758 0.075684
vt 0.611816 0.075684
vt 0.601562 0.075684
vt 0.592285 0.075684
vt 0.582520 0.075684
vt 0.574707 0.075684
vt 0.566895 0.075684
vt 0.958496 0.184082
vt 0.958496 0.194824
vt 0.955566 0.184082
vt 0.958496 0.175293
vt 0.955566 0.175293
vt 0.958496 0.166992
vt 0.955566 0.166992
vt 0.958496 0.159668
vt 0.955566 0.159668
vt 0.958496 0.152832
vt 0.955566 0.152832
vt 0.958496 0.145020
vt 0.958496 0.217773
vt 0.958496 0.225098
vt 0.955566 0.217773
vt 0.958496 0.208008
vt 0.955566 0.208008
vt 0.955566 0.194824
vt 0.952148 0.184082
vt 0.952148 0.175293
vt 0.943848 0.152832
vt 0.946289 0.159668
vt 0.943848 0.159668
vt 0.946289 0.166992
vt 0.943848 0.166992
vt 0.946289 0.175293
vt 0.949219 0.175293
vt 0.949219 0.184082
vt 0.952148 0.194824
vt 0.952148 0.208008
vt 0.949219 0.194824
vt 0.955566 0.225098
vt 0.952148 0.217773
vt 0.949219 0.208008
vt 0.946289 0.194824
vt 0.946289 0.184082
vt 0.943848 0.175293
vt 0.952148 0.225098
vt 0.949219 0.225098
vt 0.949219 0.217773
vt 0.946289 0.208008
vt 0.943848 0.208008
vt 0.943848 0.194824
vt 0.940918 0.208008
vt 0.940918 0.194824
vt 0.940918 0.217773
vt 0.955566 0.233398
vt 0.952148 0.233398
vt 0.949219 0.233398
vt 0.946289 0.225098
vt 0.946289 0.217773
vt 0.943848 0.217773
vt 0.943848 0.225098
vt 0.946289 0.233398
vt 0.943848 0.233398
vt 0.940918 0.225098
vt 0.940918 0.233398
vt 0.940918 0.244141
vt 0.943848 0.244141
vt 0.946289 0.244141
vt 0.949219 0.244141
vt 0.952148 0.244141
vt 0.955566 0.244141
vt 0.958496 0.244141
vt 0.958496 0.233398
vt 0.955566 0.119141
vt 0.955566 0.125000
vt 0.952148 0.119141
vt 0.958496 0.131348
vt 0.958496 0.138184
vt 0.955566 0.131348
vt 0.958496 0.125000
vt 0.958496 0.119141
vt 0.958496 0.108398
vt 0.955566 0.108398
vt 0.952148 0.108398
vt 0.949219 0.108398
vt 0.946289 0.145020
vt 0.949219 0.152832
vt 0.946289 0.152832
vt 0.949219 0.145020
vt 0.952148 0.152832
vt 0.952148 0.145020
vt 0.955566 0.145020
vt 0.955566 0.138184
vt 0.952148 0.166992
vt 0.952148 0.159668
vt 0.949219 0.159668
vt 0.949219 0.166992
vt 0.940918 0.175293
vt 0.940918 0.166992
vt 0.940918 0.159668
vt 0.940918 0.152832
vt 0.943848 0.145020
vt 0.943848 0.184082
vt 0.940918 0.184082
vt 0.946289 0.125000
vt 0.943848 0.125000
vt 0.946289 0.119141
vt 0.946289 0.131348
vt 0.943848 0.131348
vt 0.943848 0.138184
vt 0.946289 0.138184
vt 0.949219 0.138184
vt 0.952148 0.138184
vt 0.949219 0.131348
vt 0.952148 0.131348
vt 0.952148 0.125000
vt 0.949219 0.125000
vt 0.949219 0.119141
vt 0.946289 0.108398
vt 0.943848 0.119141
vt 0.940918 0.125000
vt 0.940918 0.131348
vt 0.940918 0.138184
vt 0.940918 0.145020
vt 0.943848 0.108398
vt 0.940918 0.119141
vt 0.940918 0.108398
vt 0.972168 0.716797
vt 0.971191 0.705078
vt 0.975586 0.715820
vt 0.970703 0.698730
vt 0.974609 0.704590
vt 0.979492 0.714600
vt 0.973633 0.698486
vt 0.980957 0.703857
vt 0.983887 0.703613
vt 0.982910 0.714600
vt 0.977539 0.703857
vt 0.977051 0.698486
vt 0.973633 0.691650
vt 0.970703 0.691895
vt 0.974121 0.684570
vt 0.977051 0.692139
vt 0.986328 0.714355
vt 0.977539 0.685059
vt 0.978027 0.679443
vt 0.979980 0.692627
vt 0.980469 0.698242
vt 0.980469 0.685547
vt 0.978516 0.673096
vt 0.981445 0.673340
vt 0.981445 0.679688
vt 0.983887 0.685791
vt 0.983398 0.692383
vt 0.983398 0.697998
vt 0.984863 0.673096
vt 0.984375 0.666748
vt 0.984375 0.679932
vt 0.978027 0.654541
vt 0.980469 0.647461
vt 0.980957 0.654297
vt 0.983398 0.646973
vt 0.984375 0.653809
vt 0.984863 0.659912
vt 0.981445 0.659912
vt 0.981445 0.666504
vt 0.978516 0.666504
vt 0.978027 0.660156
vt 0.970703 0.640625
vt 0.973633 0.640625
vt 0.971191 0.647949
vt 0.974121 0.647705
vt 0.974609 0.654785
vt 0.975098 0.660645
vt 0.975586 0.666748
vt 0.971191 0.654785
vt 0.971680 0.660889
vt 0.972168 0.666748
vt 0.972168 0.672363
vt 0.971191 0.684570
vt 0.974609 0.679199
vt 0.971680 0.678711
vt 0.975586 0.672607
vt 0.977051 0.640381
vt 0.979980 0.639893
vt 0.979492 0.634766
vt 0.982910 0.634766
vt 0.982910 0.631348
vt 0.982910 0.639648
vt 0.977539 0.647705
vt 0.979492 0.630615
vt 0.983887 0.622314
vt 0.976562 0.635010
vt 0.973633 0.635498
vt 0.976074 0.630859
vt 0.973145 0.631592
vt 0.980469 0.621338
vt 0.976074 0.621338
vt 0.972168 0.622070
vt 0.970215 0.631836
vt 0.970215 0.635742
vt 0.968262 0.622314
vt 0.576172 0.865723
vt 0.587891 0.834351
vt 0.584961 0.866699
vt 0.579590 0.833252
vt 0.566895 0.864380
vt 0.571289 0.832031
vt 0.558105 0.862915
vt 0.562988 0.830566
vt 0.620605 0.868774
vt 0.630371 0.836426
vt 0.629883 0.869019
vt 0.621582 0.836182
vt 0.612793 0.858398
vt 0.613281 0.835938
vt 0.604980 0.835571
vt 0.603516 0.857910
vt 0.596680 0.835083
vt 0.594238 0.864380
vt 0.047821 0.635254
vt 0.046448 0.647705
vt 0.039948 0.625244
vt 0.036652 0.655518
vt 0.027496 0.624023
vt 0.024185 0.654053
vt 0.017700 0.631836
vt 0.016342 0.644287
vt 0.788086 0.403320
vt 0.787598 0.418945
vt 0.781738 0.403320
vt 0.781250 0.418945
vt 0.775391 0.403320
vt 0.774902 0.418945
vt 0.769043 0.403320
vt 0.769043 0.418945
vt 0.818359 0.418945
vt 0.812988 0.418945
vt 0.818359 0.403320
vt 0.812500 0.403320
vt 0.806641 0.418945
vt 0.807129 0.403320
vt 0.800293 0.418945
vt 0.801270 0.403320
vt 0.793945 0.418945
vt 0.794922 0.403320
vt 0.012749 0.326172
vt 0.018845 0.324219
vt 0.024399 0.327148
vt 0.009689 0.331543
vt 0.026184 0.333496
vt 0.011475 0.337891
vt 0.023132 0.338867
vt 0.017029 0.340820
vt 0.033356 0.541260
vt 0.049438 0.528564
vt 0.036377 0.543945
vt 0.031921 0.542480
vt 0.035492 0.545410
vt 0.040161 0.545166
vt 0.039948 0.546875
vt 0.044128 0.544922
vt 0.044617 0.546631
vt 0.031555 0.537842
vt 0.029831 0.538330
vt 0.029510 0.533447
vt 0.024826 0.532959
vt 0.025314 0.539551
vt 0.028229 0.545410
vt 0.033112 0.549561
vt 0.039307 0.551758
vt 0.045807 0.551270
vt 0.026932 0.526855
vt 0.030975 0.529053
vt 0.031281 0.533691
vt 0.030991 0.521729
vt 0.035156 0.526611
vt 0.036743 0.518555
vt 0.032501 0.529785
vt 0.042603 0.525146
vt 0.038544 0.524658
vt 0.035156 0.526855
vt 0.038788 0.525391
vt 0.042511 0.524414
vt 0.046143 0.525635
vt 0.046387 0.526123
vt 0.050842 0.527832
vt 0.049561 0.520264
vt 0.043335 0.518066
vt 0.054413 0.524658
vt 0.057526 0.530518
vt 0.051636 0.548340
vt 0.048798 0.544434
vt 0.055939 0.543457
vt 0.051819 0.541016
vt 0.058014 0.537109
vt 0.053253 0.536621
vt 0.052887 0.531982
vt 0.047668 0.542969
vt 0.050262 0.540039
vt 0.051483 0.536377
vt 0.051178 0.532227
vt 0.056274 0.273926
vt 0.007965 0.272461
vt 0.056274 0.270020
vt 0.007942 0.268555
vt 0.056244 0.265625
vt 0.007919 0.264160
vt 0.056305 0.261230
vt 0.007988 0.260254
vt 0.007294 0.289551
vt 0.055450 0.295410
vt 0.007126 0.293945
vt 0.055603 0.291016
vt 0.007526 0.285645
vt 0.055847 0.286621
vt 0.007751 0.281250
vt 0.056061 0.282715
vt 0.007904 0.276855
vt 0.056213 0.278320
vt 0.596680 0.719482
vt 0.581543 0.715088
vt 0.589844 0.714111
vt 0.576172 0.721924
vt 0.577148 0.730469
vt 0.597656 0.728271
vt 0.583984 0.735840
vt 0.592285 0.734863
vt 0.409424 0.495117
vt 0.409424 0.469727
vt 0.417969 0.495117
vt 0.417969 0.469727
vt 0.426758 0.495117
vt 0.426758 0.469727
vt 0.435303 0.495117
vt 0.435303 0.469727
vt 0.365967 0.495117
vt 0.365967 0.469727
vt 0.374756 0.495117
vt 0.374756 0.469727
vt 0.383301 0.495117
vt 0.383301 0.469727
vt 0.392090 0.495117
vt 0.392090 0.469727
vt 0.400879 0.495117
vt 0.400635 0.469727
vt 0.981445 0.872314
vt 0.981445 0.880920
vt 0.978027 0.872314
vt 0.978027 0.880920
vt 0.974609 0.872314
vt 0.981445 0.884827
vt 0.974609 0.892151
vt 0.971191 0.892151
vt 0.974609 0.884827
vt 0.971191 0.884827
vt 0.967285 0.884827
vt 0.967285 0.880920
vt 0.971191 0.880920
vt 0.971191 0.872314
vt 0.974609 0.880920
vt 0.978027 0.884827
vt 0.981445 0.892151
vt 0.967285 0.872314
vt 0.981445 0.926086
vt 0.978027 0.933838
vt 0.978027 0.926086
vt 0.978027 0.916077
vt 0.981445 0.916077
vt 0.978027 0.903137
vt 0.981445 0.903137
vt 0.978027 0.892151
vt 0.974609 0.903137
vt 0.974609 0.916077
vt 0.974609 0.926086
vt 0.971191 0.926086
vt 0.971191 0.916077
vt 0.971191 0.903137
vt 0.967285 0.926086
vt 0.967285 0.933838
vt 0.967285 0.916077
vt 0.967285 0.903137
vt 0.967285 0.892151
vt 0.974609 0.954498
vt 0.971191 0.954498
vt 0.974609 0.944214
vt 0.971191 0.944214
vt 0.967285 0.944214
vt 0.971191 0.933838
vt 0.974609 0.933838
vt 0.978027 0.944214
vt 0.981445 0.944214
vt 0.981445 0.954498
vt 0.981445 0.933838
vt 0.978027 0.978546
vt 0.974609 0.972916
vt 0.978027 0.972916
vt 0.981445 0.978546
vt 0.981445 0.972916
vt 0.978027 0.963776
vt 0.981445 0.963776
vt 0.978027 0.954498
vt 0.974609 0.963776
vt 0.971191 0.972916
vt 0.971191 0.978546
vt 0.971191 0.963776
vt 0.967285 0.963776
vt 0.967285 0.954498
vt 0.967285 0.972916
vt 0.967285 0.978546
vt 0.967285 0.984840
vt 0.971191 0.984840
vt 0.974609 0.984840
vt 0.974609 0.978546
vt 0.978027 0.984840
vt 0.981445 0.984840
vt 0.685059 0.068848
vt 0.695801 0.073730
vt 0.685059 0.073730
vt 0.695801 0.068848
vt 0.703613 0.073730
vt 0.685059 0.063965
vt 0.674316 0.063965
vt 0.674316 0.068848
vt 0.674316 0.073730
vt 0.711914 0.068848
vt 0.720703 0.073730
vt 0.711914 0.073730
vt 0.703613 0.068848
vt 0.695801 0.063965
vt 0.685059 0.059082
vt 0.674316 0.059082
vt 0.685059 0.054199
vt 0.685059 0.049805
vt 0.695801 0.049805
vt 0.703613 0.049805
vt 0.695801 0.054199
vt 0.674316 0.054199
vt 0.674316 0.049805
vt 0.674316 0.044922
vt 0.685059 0.044922
vt 0.695801 0.044922
vt 0.703613 0.044922
vt 0.711914 0.049805
vt 0.711914 0.044922
vt 0.711914 0.054199
vt 0.720703 0.049805
vt 0.720703 0.044922
vt 0.734375 0.044922
vt 0.695801 0.059082
vt 0.703613 0.063965
vt 0.703613 0.059082
vt 0.711914 0.059082
vt 0.720703 0.054199
vt 0.734375 0.049805
vt 0.745605 0.044922
vt 0.745605 0.049805
vt 0.711914 0.063965
vt 0.734375 0.054199
vt 0.720703 0.059082
vt 0.720703 0.063965
vt 0.720703 0.068848
vt 0.745605 0.054199
vt 0.734375 0.059082
vt 0.734375 0.063965
vt 0.734375 0.068848
vt 0.734375 0.073730
vt 0.745605 0.073730
vt 0.755371 0.068848
vt 0.764160 0.073730
vt 0.755371 0.073730
vt 0.745605 0.068848
vt 0.745605 0.063965
vt 0.745605 0.059082
vt 0.755371 0.059082
vt 0.755371 0.054199
vt 0.755371 0.063965
vt 0.764160 0.068848
vt 0.764160 0.063965
vt 0.764160 0.059082
vt 0.764160 0.054199
vt 0.755371 0.049805
vt 0.755371 0.044922
vt 0.764160 0.049805
vt 0.772949 0.054199
vt 0.772949 0.059082
vt 0.784180 0.054199
vt 0.784180 0.059082
vt 0.791992 0.054199
vt 0.791992 0.059082
vt 0.764160 0.044922
vt 0.772949 0.044922
vt 0.791992 0.049805
vt 0.791992 0.044922
vt 0.784180 0.044922
vt 0.784180 0.049805
vt 0.772949 0.049805
vt 0.984375 0.538574
vt 0.985352 0.547119
vt 0.980957 0.538818
vt 0.983398 0.530029
vt 0.979980 0.530518
vt 0.982422 0.522461
vt 0.979004 0.522949
vt 0.980957 0.514160
vt 0.977539 0.514648
vt 0.984375 0.513916
vt 0.980469 0.508301
vt 0.976562 0.508789
vt 0.974121 0.515137
vt 0.975586 0.523438
vt 0.976562 0.531006
vt 0.977539 0.539307
vt 0.983887 0.508301
vt 0.978516 0.547607
vt 0.975098 0.547852
vt 0.974121 0.539795
vt 0.973145 0.531250
vt 0.972168 0.523926
vt 0.970703 0.515869
vt 0.973145 0.509521
vt 0.969727 0.510498
vt 0.971191 0.499512
vt 0.975098 0.499512
vt 0.967285 0.500000
vt 0.979004 0.498535
vt 0.982910 0.498047
vt 0.981934 0.547119
vt 0.985840 0.559082
vt 0.988281 0.578857
vt 0.983398 0.586914
vt 0.984863 0.578857
vt 0.988770 0.569824
vt 0.985352 0.569580
vt 0.982422 0.558838
vt 0.979004 0.559082
vt 0.975586 0.559326
vt 0.975586 0.568848
vt 0.979004 0.569092
vt 0.978027 0.577881
vt 0.982422 0.569336
vt 0.981445 0.578369
vt 0.979980 0.586670
vt 0.978516 0.593750
vt 0.981934 0.594238
vt 0.979980 0.603516
vt 0.976562 0.603027
vt 0.973145 0.602295
vt 0.975098 0.593018
vt 0.976562 0.585693
vt 0.971191 0.608887
vt 0.967773 0.607178
vt 0.969727 0.601318
vt 0.971680 0.592285
vt 0.973145 0.584961
vt 0.974609 0.577148
vt 0.772949 0.063965
vt 0.784180 0.063965
vt 0.784180 0.068848
vt 0.772949 0.068848
vt 0.791992 0.063965
vt 0.791992 0.068848
vt 0.791992 0.073730
vt 0.784180 0.073730
vt 0.772949 0.073730
vt 0.975098 0.609863
vt 0.979004 0.609863
vt 0.982910 0.610352
vt 0.983887 0.604248
vt 0.985352 0.594971
vt 0.986816 0.587402
vt 0.854492 0.053223
vt 0.863281 0.053223
vt 0.854492 0.057129
vt 0.846191 0.057129
vt 0.873535 0.048340
vt 0.873535 0.053223
vt 0.881348 0.048340
vt 0.863281 0.057129
vt 0.854492 0.060547
vt 0.846191 0.060547
vt 0.837891 0.060547
vt 0.837891 0.057129
vt 0.827637 0.060547
vt 0.827637 0.065430
vt 0.881348 0.053223
vt 0.873535 0.057129
vt 0.863281 0.060547
vt 0.854492 0.065430
vt 0.846191 0.065430
vt 0.837891 0.065430
vt 0.837891 0.068848
vt 0.846191 0.068848
vt 0.854492 0.068848
vt 0.863281 0.068848
vt 0.863281 0.065430
vt 0.873535 0.068848
vt 0.873535 0.065430
vt 0.881348 0.068848
vt 0.881348 0.074707
vt 0.873535 0.074707
vt 0.863281 0.074707
vt 0.854492 0.074707
vt 0.846191 0.074707
vt 0.837891 0.074707
vt 0.889648 0.068848
vt 0.896484 0.074707
vt 0.889648 0.074707
vt 0.916016 0.065430
vt 0.916016 0.068848
vt 0.910156 0.065430
vt 0.910156 0.068848
vt 0.916016 0.074707
vt 0.910156 0.074707
vt 0.904297 0.068848
vt 0.904297 0.074707
vt 0.896484 0.068848
vt 0.896484 0.065430
vt 0.904297 0.065430
vt 0.916016 0.060547
vt 0.910156 0.060547
vt 0.904297 0.060547
vt 0.896484 0.060547
vt 0.889648 0.065430
vt 0.916016 0.057129
vt 0.910156 0.057129
vt 0.916016 0.053223
vt 0.881348 0.065430
vt 0.889648 0.060547
vt 0.896484 0.057129
vt 0.904297 0.057129
vt 0.910156 0.053223
vt 0.916016 0.048340
vt 0.881348 0.060547
vt 0.889648 0.057129
vt 0.881348 0.057129
vt 0.873535 0.060547
vt 0.904297 0.053223
vt 0.896484 0.053223
vt 0.889648 0.053223
vt 0.910156 0.048340
vt 0.904297 0.048340
vt 0.896484 0.048340
vt 0.889648 0.048340
vt 0.989258 0.559082
vt 0.988770 0.547119
vt 0.988281 0.538330
vt 0.986816 0.529541
vt 0.985840 0.521973
vt 0.863281 0.048340
vt 0.854492 0.048340
vt 0.846191 0.053223
vt 0.837891 0.053223
vt 0.846191 0.048340
vt 0.837891 0.048340
vt 0.827637 0.057129
vt 0.827637 0.053223
vt 0.827637 0.048340
vt 0.827637 0.068848
vt 0.814453 0.065430
vt 0.814453 0.060547
vt 0.814453 0.057129
vt 0.814453 0.053223
vt 0.814453 0.048340
vt 0.805664 0.048340
vt 0.805664 0.053223
vt 0.805664 0.057129
vt 0.805664 0.060547
vt 0.805664 0.065430
vt 0.814453 0.068848
vt 0.827637 0.074707
vt 0.814453 0.074707
vt 0.805664 0.068848
vt 0.805664 0.074707
vt 0.647949 0.631348
vt 0.620117 0.628418
vt 0.649902 0.628174
vt 0.625000 0.618652
vt 0.614746 0.627197
vt 0.616699 0.615967
vt 0.655273 0.612793
vt 0.620117 0.740234
vt 0.645996 0.732178
vt 0.653809 0.770386
vt 0.615723 0.730225
vt 0.610840 0.731201
vt 0.613281 0.728271
vt 0.617188 0.630127
vt 0.619629 0.630371
vt 0.615234 0.728271
vt 0.643555 0.729736
vt 0.650879 0.629639
vt 0.687012 0.672607
vt 0.666992 0.630615
vt 0.684082 0.734375
vt 0.521484 0.564453
vt 0.529785 0.539307
vt 0.529297 0.567383
vt 0.522949 0.538818
vt 0.514160 0.557617
vt 0.515625 0.538330
vt 0.506348 0.557129
vt 0.508301 0.537598
vt 0.566406 0.538330
vt 0.567383 0.558105
vt 0.559082 0.538574
vt 0.560059 0.566895
vt 0.551758 0.538818
vt 0.552734 0.567383
vt 0.544434 0.539062
vt 0.544922 0.567627
vt 0.537109 0.539307
vt 0.537109 0.567627
vt 0.544434 0.476074
vt 0.551758 0.462402
vt 0.550293 0.476562
vt 0.546387 0.461426
vt 0.539551 0.474609
vt 0.541016 0.460938
vt 0.534668 0.473633
vt 0.535645 0.460449
vt 0.530273 0.460449
vt 0.530273 0.473633
vt 0.524902 0.460938
vt 0.525391 0.474121
vt 0.519531 0.461426
vt 0.520508 0.475098
vt 0.514160 0.461914
vt 0.515625 0.476074
vt 0.509766 0.476562
vt 0.508789 0.461914
vt 0.507324 0.512451
vt 0.547852 0.515381
vt 0.507324 0.516113
vt 0.547852 0.511719
vt 0.507324 0.508789
vt 0.547852 0.508057
vt 0.507324 0.505127
vt 0.548340 0.504395
vt 0.507812 0.530762
vt 0.548340 0.533936
vt 0.507812 0.534424
vt 0.548340 0.530029
vt 0.548340 0.526367
vt 0.507812 0.527100
vt 0.548340 0.522705
vt 0.507812 0.523438
vt 0.548340 0.519043
vt 0.507324 0.519775
vt 0.611816 0.742432
vt 0.551270 0.479492
vt 0.545410 0.501709
vt 0.543945 0.479980
vt 0.552734 0.501221
vt 0.558594 0.479004
vt 0.560059 0.500732
vt 0.565918 0.478516
vt 0.567871 0.500244
vt 0.515137 0.480469
vt 0.507812 0.502197
vt 0.508301 0.480469
vt 0.515137 0.502197
vt 0.522461 0.480469
vt 0.522461 0.502441
vt 0.529785 0.480469
vt 0.530273 0.502197
vt 0.537109 0.480469
vt 0.537598 0.502197
vt 0.324463 0.947388
vt 0.309326 0.991844
vt 0.309326 0.947388
vt 0.324463 0.991844
vt 0.385986 0.947388
vt 0.385986 0.991844
vt 0.401123 0.947388
vt 0.401123 0.991844
vt 0.979004 0.305176
vt 0.981445 0.305176
vt 0.979004 0.312500
vt 0.976074 0.305176
vt 0.979004 0.302246
vt 0.976074 0.302246
vt 0.979004 0.299805
vt 0.976074 0.299805
vt 0.979004 0.295898
vt 0.976074 0.295898
vt 0.981445 0.302246
vt 0.981445 0.299805
vt 0.981445 0.295898
vt 0.985352 0.302246
vt 0.985352 0.299805
vt 0.985352 0.295898
vt 0.985352 0.274902
vt 0.981445 0.274902
vt 0.979004 0.274902
vt 0.976074 0.274902
vt 0.973633 0.274902
vt 0.973633 0.295898
vt 0.973633 0.299805
vt 0.973633 0.302246
vt 0.973633 0.305176
vt 0.976074 0.312500
vt 0.976074 0.328613
vt 0.976074 0.351562
vt 0.973633 0.351562
vt 0.976074 0.347168
vt 0.973633 0.347168
vt 0.976074 0.345703
vt 0.973633 0.345703
vt 0.976074 0.339844
vt 0.973633 0.339844
vt 0.973633 0.328613
vt 0.973633 0.312500
vt 0.979004 0.328613
vt 0.979004 0.339844
vt 0.979004 0.345703
vt 0.979004 0.347168
vt 0.979004 0.351562
vt 0.981445 0.351562
vt 0.981445 0.347168
vt 0.981445 0.345703
vt 0.985352 0.351562
vt 0.985352 0.347168
vt 0.985352 0.345703
vt 0.981445 0.339844
vt 0.985352 0.339844
vt 0.981445 0.328613
vt 0.985352 0.328613
vt 0.981445 0.312500
vt 0.985352 0.312500
vt 0.985352 0.305176
vt 0.470703 0.432129
vt 0.386475 0.438477
vt 0.386475 0.431152
vt 0.470703 0.438965
vt 0.386475 0.445801
vt 0.470703 0.446289
vt 0.470703 0.453125
vt 0.386475 0.453125
vt 0.470703 0.460449
vt 0.386475 0.460449
vt 0.979980 0.209473
vt 0.983398 0.209473
vt 0.979980 0.217285
vt 0.979980 0.196777
vt 0.983398 0.196777
vt 0.986328 0.196777
vt 0.986328 0.209473
vt 0.989258 0.196777
vt 0.989258 0.209473
vt 0.992676 0.209473
vt 0.989258 0.217285
vt 0.992676 0.217285
vt 0.992676 0.196777
vt 0.989258 0.249512
vt 0.986328 0.244141
vt 0.989258 0.244141
vt 0.986328 0.235840
vt 0.989258 0.235840
vt 0.986328 0.225098
vt 0.989258 0.225098
vt 0.986328 0.217285
vt 0.986328 0.250000
vt 0.983398 0.249512
vt 0.986328 0.249512
vt 0.983398 0.249023
vt 0.983398 0.244141
vt 0.983398 0.235840
vt 0.983398 0.225098
vt 0.983398 0.217285
vt 0.979980 0.248535
vt 0.979980 0.248047
vt 0.979980 0.244141
vt 0.979980 0.235840
vt 0.979980 0.225098
vt 0.472656 0.416992
vt 0.475830 0.422363
vt 0.472656 0.422363
vt 0.475830 0.416992
vt 0.475830 0.412109
vt 0.465576 0.416992
vt 0.465576 0.422363
vt 0.472656 0.412109
vt 0.475830 0.406738
vt 0.482666 0.406738
vt 0.482666 0.412109
vt 0.482666 0.416992
vt 0.482666 0.422363
vt 0.472656 0.406738
vt 0.440918 0.422363
vt 0.440918 0.416992
vt 0.452148 0.422363
vt 0.452148 0.416992
vt 0.465576 0.412109
vt 0.465576 0.406738
vt 0.452148 0.412109
vt 0.452148 0.406738
vt 0.440918 0.412109
vt 0.429932 0.412109
vt 0.429932 0.416992
vt 0.429932 0.422363
vt 0.440918 0.406738
vt 0.429932 0.406738
vt 0.420654 0.412109
vt 0.420654 0.416992
vt 0.420654 0.422363
vt 0.406982 0.416992
vt 0.420654 0.406738
vt 0.406982 0.412109
vt 0.406982 0.406738
vt 0.440918 0.427734
vt 0.452148 0.427734
vt 0.429932 0.427734
vt 0.420654 0.427734
vt 0.406982 0.422363
vt 0.394287 0.416992
vt 0.394287 0.412109
vt 0.372070 0.416992
vt 0.372070 0.412109
vt 0.394287 0.422363
vt 0.406982 0.427734
vt 0.372070 0.422363
vt 0.394287 0.427734
vt 0.372070 0.427734
vt 0.394287 0.406738
vt 0.372070 0.406738
vt 0.200073 0.973602
vt 0.208130 0.963318
vt 0.201538 0.986671
vt 0.211670 0.994843
vt 0.220947 0.961792
vt 0.224487 0.993336
vt 0.230957 0.969971
vt 0.232422 0.983032
vt 0.242798 0.973328
vt 0.250977 0.968658
vt 0.260010 0.971283
vt 0.264648 0.979691
vt 0.240234 0.982574
vt 0.261963 0.988937
vt 0.244873 0.990974
vt 0.253906 0.993610
vt 0.980469 0.059570
vt 0.983398 0.043945
vt 0.983398 0.059570
vt 0.986816 0.059082
vt 0.987793 0.043945
vt 0.986816 0.037109
vt 0.983398 0.037598
vt 0.983398 0.032227
vt 0.987305 0.031738
vt 0.983398 0.023926
vt 0.979980 0.031738
vt 0.979980 0.023438
vt 0.976074 0.031250
vt 0.976562 0.023438
vt 0.983887 0.007812
vt 0.986816 0.023926
vt 0.979492 0.007812
vt 0.976074 0.007812
vt 0.987793 0.007812
vt 0.990723 0.023438
vt 0.990723 0.031738
vt 0.991699 0.007812
vt 0.983398 0.068359
vt 0.987793 0.067383
vt 0.990234 0.059570
vt 0.991699 0.044434
vt 0.990723 0.037109
vt 0.989258 0.104492
vt 0.988770 0.097656
vt 0.994141 0.103516
vt 0.993164 0.096191
vt 0.988281 0.096680
vt 0.992188 0.095703
vt 0.987793 0.091797
vt 0.991211 0.090820
vt 0.987305 0.078613
vt 0.991211 0.078125
vt 0.991699 0.067383
vt 0.984375 0.098633
vt 0.984375 0.105957
vt 0.984375 0.097656
vt 0.984375 0.092773
vt 0.983887 0.079590
vt 0.979980 0.098145
vt 0.979980 0.097168
vt 0.980469 0.091797
vt 0.979980 0.079102
vt 0.979492 0.068359
vt 0.979980 0.037598
vt 0.979492 0.044434
vt 0.976562 0.059570
vt 0.975586 0.067383
vt 0.976562 0.078613
vt 0.976562 0.037109
vt 0.975586 0.044434
vt 0.977051 0.091309
vt 0.976562 0.096191
vt 0.975586 0.096680
vt 0.975098 0.104004
vt 0.979492 0.104980
vt 0.950195 0.077148
vt 0.947266 0.088867
vt 0.947266 0.077148
vt 0.950195 0.066406
vt 0.946777 0.066895
vt 0.946777 0.054199
vt 0.950195 0.054688
vt 0.946777 0.041992
vt 0.950195 0.041992
vt 0.943359 0.054199
vt 0.943359 0.041504
vt 0.946777 0.034180
vt 0.950195 0.034668
vt 0.953125 0.041992
vt 0.953125 0.054688
vt 0.943848 0.033691
vt 0.953125 0.066406
vt 0.956543 0.077148
vt 0.956543 0.066406
vt 0.956543 0.054688
vt 0.956543 0.041992
vt 0.953125 0.034180
vt 0.956055 0.033691
vt 0.953613 0.077148
vt 0.957031 0.088867
vt 0.953613 0.088379
vt 0.957031 0.099609
vt 0.953613 0.099609
vt 0.950684 0.088379
vt 0.950684 0.099609
vt 0.947266 0.099609
vt 0.944336 0.099609
vt 0.944336 0.088867
vt 0.943848 0.077637
vt 0.943848 0.066895
vt 0.183716 0.992935
vt 0.170898 0.991425
vt 0.193848 0.984718
vt 0.162842 0.981064
vt 0.164307 0.967926
vt 0.195312 0.971573
vt 0.174438 0.959717
vt 0.187256 0.961212
vt 0.680664 0.979599
vt 0.658691 0.979599
vt 0.680664 0.970184
vt 0.648438 0.969940
vt 0.238037 0.951416
vt 0.229126 0.962097
vt 0.229126 0.946655
vt 0.297852 0.962097
vt 0.298096 0.929138
vt 0.238037 0.929138
vt 0.229126 0.929138
vt 0.647461 0.993530
vt 0.654785 0.984146
vt 0.679688 0.993530
vt 0.679688 0.984146
vt 0.300537 0.908508
vt 0.291016 0.895386
vt 0.300537 0.893005
vt 0.231323 0.908508
vt 0.231323 0.875854
vt 0.291016 0.875854
vt 0.300537 0.875854
vt 0.374268 0.573730
vt 0.408936 0.592529
vt 0.370605 0.589844
vt 0.369385 0.575439
vt 0.321533 0.587646
vt 0.321777 0.574707
vt 0.374268 0.551270
vt 0.369385 0.549316
vt 0.321777 0.550293
vt 0.321533 0.537354
vt 0.370605 0.535156
vt 0.408936 0.532227
vt 0.409912 0.550049
vt 0.409912 0.574707
vt 0.427246 0.574463
vt 0.427246 0.550293
vt 0.309082 0.574707
vt 0.309082 0.550293
vt 0.321045 0.502197
vt 0.358887 0.502197
vt 0.321045 0.526611
vt 0.358887 0.526611
vt 0.408203 0.526611
vt 0.408203 0.502197
vt 0.291504 0.922180
vt 0.231323 0.922180
vt 0.291748 0.913269
vt 0.231323 0.913269
vt 0.296387 0.871216
vt 0.236816 0.871216
vt 0.296387 0.862427
vt 0.236816 0.862427
vt 0.317627 0.859009
vt 0.394287 0.858643
vt 0.303223 0.874512
vt 0.403809 0.874512
vt 0.992676 0.225098
vt 0.992676 0.235840
vt 0.992676 0.244141
vt 0.992676 0.249023
vt 0.992676 0.249512
vt 0.989258 0.250000
vt 0.992676 0.252930
vt 0.989258 0.252930
vt 0.986328 0.252930
vt 0.983398 0.252930
vt 0.979980 0.252930
vt 0.465576 0.427734
vt 0.472656 0.427734
vt 0.475830 0.427734
vt 0.482666 0.427734
vt 0.924805 0.809692
vt 0.929688 0.822998
vt 0.924805 0.822998
vt 0.934570 0.822998
vt 0.939453 0.809692
vt 0.939453 0.822998
vt 0.934570 0.809692
vt 0.929688 0.809692
vt 0.924805 0.793335
vt 0.934570 0.793335
vt 0.939453 0.793335
vt 0.944824 0.793335
vt 0.944824 0.809692
vt 0.944824 0.822998
vt 0.944824 0.773193
vt 0.939453 0.773193
vt 0.944824 0.752441
vt 0.934570 0.773193
vt 0.929688 0.773193
vt 0.929688 0.793335
vt 0.939453 0.752441
vt 0.934570 0.752441
vt 0.929688 0.752441
vt 0.924805 0.773193
vt 0.934570 0.731934
vt 0.929688 0.731934
vt 0.929688 0.708252
vt 0.939453 0.731934
vt 0.929688 0.677979
vt 0.934570 0.677979
vt 0.934570 0.708252
vt 0.939453 0.708008
vt 0.944824 0.707764
vt 0.944824 0.732178
vt 0.944824 0.677979
vt 0.939453 0.677979
vt 0.924805 0.752441
vt 0.924805 0.731934
vt 0.924805 0.708252
vt 0.924805 0.677979
vt 0.011650 0.029297
vt 0.016617 0.029297
vt 0.011650 0.040039
vt 0.004982 0.029297
vt 0.004982 0.040039
vt 0.004982 0.020020
vt 0.011650 0.020020
vt 0.016617 0.020020
vt 0.021240 0.020020
vt 0.021240 0.029297
vt 0.025650 0.020020
vt 0.025650 0.029297
vt 0.016617 0.040039
vt 0.016617 0.053223
vt 0.011650 0.053223
vt 0.016617 0.064453
vt 0.011650 0.064453
vt 0.004982 0.064453
vt 0.004982 0.053223
vt 0.021240 0.064453
vt 0.021240 0.053223
vt 0.021240 0.040039
vt 0.025650 0.040039
vt 0.025650 0.053223
vt 0.030609 0.053223
vt 0.030609 0.064453
vt 0.035706 0.053223
vt 0.035706 0.064453
vt 0.040833 0.064453
vt 0.025650 0.064453
vt 0.030609 0.040039
vt 0.035706 0.040039
vt 0.030609 0.029297
vt 0.035706 0.029297
vt 0.030609 0.020020
vt 0.035706 0.020020
vt 0.040833 0.029297
vt 0.040833 0.040039
vt 0.040833 0.053223
vt 0.086121 0.029297
vt 0.086121 0.020020
vt 0.090820 0.029297
vt 0.090820 0.040039
vt 0.086121 0.040039
vt 0.090820 0.053223
vt 0.086121 0.053223
vt 0.040833 0.020020
vt 0.100952 0.040039
vt 0.100952 0.029297
vt 0.103638 0.040039
vt 0.103638 0.029297
vt 0.155396 0.040039
vt 0.155396 0.029297
vt 0.157471 0.029297
vt 0.157471 0.020020
vt 0.177734 0.020020
vt 0.155396 0.020020
vt 0.103638 0.020020
vt 0.100952 0.020020
vt 0.090820 0.020020
vt 0.157471 0.040039
vt 0.155396 0.053223
vt 0.177734 0.029297
vt 0.179932 0.029297
vt 0.179932 0.020020
vt 0.231567 0.029297
vt 0.231567 0.020020
vt 0.234131 0.020020
vt 0.234131 0.029297
vt 0.179932 0.040039
vt 0.231567 0.040039
vt 0.234131 0.040039
vt 0.244507 0.029297
vt 0.244507 0.040039
vt 0.247070 0.029297
vt 0.247070 0.040039
vt 0.244507 0.053223
vt 0.293213 0.040039
vt 0.293213 0.029297
vt 0.231567 0.053223
vt 0.234131 0.053223
vt 0.244507 0.064453
vt 0.234131 0.064453
vt 0.297119 0.040039
vt 0.297119 0.029297
vt 0.297119 0.053223
vt 0.293213 0.053223
vt 0.247070 0.053223
vt 0.247070 0.064453
vt 0.293213 0.064453
vt 0.297119 0.064453
vt 0.301270 0.064453
vt 0.301270 0.029297
vt 0.301270 0.040039
vt 0.301270 0.053223
vt 0.305420 0.053223
vt 0.305420 0.064453
vt 0.310059 0.053223
vt 0.310059 0.064453
vt 0.314453 0.053223
vt 0.314453 0.064453
vt 0.305420 0.040039
vt 0.305420 0.029297
vt 0.310059 0.040039
vt 0.314453 0.040039
vt 0.310059 0.029297
vt 0.314453 0.029297
vt 0.319824 0.064453
vt 0.319824 0.053223
vt 0.319824 0.040039
vt 0.319824 0.029297
vt 0.319824 0.020020
vt 0.314453 0.020020
vt 0.310059 0.020020
vt 0.305420 0.020020
vt 0.301270 0.020020
vt 0.297119 0.020020
vt 0.244507 0.020020
vt 0.247070 0.020020
vt 0.293213 0.020020
vt 0.835938 0.212891
vt 0.835938 0.215332
vt 0.817871 0.212402
vt 0.818848 0.209961
vt 0.816406 0.209961
vt 0.835938 0.210449
vt 0.813477 0.209961
vt 0.814453 0.212402
vt 0.816406 0.212402
vt 0.816895 0.215332
vt 0.817871 0.217773
vt 0.835938 0.217285
vt 0.818359 0.220215
vt 0.835938 0.219727
vt 0.816406 0.220215
vt 0.815918 0.217773
vt 0.816406 0.214844
vt 0.815430 0.214844
vt 0.598145 0.211426
vt 0.814453 0.217773
vt 0.598145 0.216309
vt 0.599121 0.218750
vt 0.813965 0.220215
vt 0.597656 0.213867
vt 0.596680 0.213867
vt 0.596680 0.216309
vt 0.596680 0.218750
vt 0.593750 0.218262
vt 0.595215 0.215820
vt 0.596191 0.213867
vt 0.596680 0.211426
vt 0.599121 0.208496
vt 0.597168 0.208496
vt 0.595703 0.210938
vt 0.576660 0.213379
vt 0.576660 0.215820
vt 0.576660 0.217773
vt 0.576660 0.210938
vt 0.594727 0.208496
vt 0.576660 0.208984
vt 0.887207 0.424805
vt 0.880859 0.422852
vt 0.893066 0.401855
vt 0.879883 0.164551
vt 0.883789 0.141113
vt 0.887695 0.163574
vt 0.895020 0.162109
vt 0.888184 0.171387
vt 0.895996 0.171387
vt 0.886230 0.392578
vt 0.894043 0.393066
vt 0.885254 0.400391
vt 0.877441 0.399414
vt 0.890137 0.139648
vt 0.867676 0.398926
vt 0.878418 0.390625
vt 0.880371 0.173340
vt 0.868164 0.389160
vt 0.858398 0.389648
vt 0.858398 0.398926
vt 0.874512 0.422363
vt 0.866699 0.422363
vt 0.859375 0.421875
vt 0.851074 0.421387
vt 0.848145 0.398926
vt 0.848145 0.391602
vt 0.850098 0.171387
vt 0.859863 0.173340
vt 0.870117 0.174805
vt 0.870117 0.164551
vt 0.860352 0.164551
vt 0.850586 0.164062
vt 0.853516 0.141602
vt 0.861816 0.141602
vt 0.869629 0.141602
vt 0.876953 0.141602
vt 0.179932 0.053223
vt 0.231567 0.064453
vt 0.179932 0.064453
vt 0.177734 0.053223
vt 0.177734 0.064453
vt 0.157471 0.064453
vt 0.157471 0.053223
vt 0.155396 0.064453
vt 0.177734 0.040039
vt 0.090820 0.064453
vt 0.100952 0.053223
vt 0.100952 0.064453
vt 0.103638 0.064453
vt 0.103638 0.053223
vt 0.086121 0.064453
vt 0.150879 0.072266
vt 0.150879 0.095703
vt 0.097412 0.072266
vt 0.097351 0.096191
vt 0.085754 0.107910
vt 0.162598 0.108398
vt 0.174316 0.094238
vt 0.219238 0.109863
vt 0.220825 0.098145
vt 0.234131 0.105469
vt 0.233398 0.083496
vt 0.221069 0.084473
vt 0.174805 0.081055
vt 0.151733 0.079102
vt 0.074341 0.148438
vt 0.029053 0.109375
vt 0.035126 0.153809
vt 0.173950 0.148438
vt 0.213135 0.153809
vt 0.073914 0.094727
vt 0.027496 0.097656
vt 0.014015 0.105469
vt 0.014442 0.083496
vt 0.027206 0.083984
vt 0.073364 0.080566
vt 0.096680 0.078613
vt 0.141113 0.185547
vt 0.330811 0.185547
vt 0.141113 0.207520
vt 0.330811 0.207520
vt 0.254883 0.846069
vt 0.269531 0.698730
vt 0.222534 0.839111
vt 0.176514 0.836670
vt 0.158203 0.709717
vt 0.153809 0.835571
vt 0.181763 0.705566
vt 0.199951 0.838013
vt 0.204468 0.698730
vt 0.226929 0.689941
vt 0.248169 0.680664
vt 0.013405 0.837402
vt 0.045929 0.832520
vt 0.007130 0.688232
vt 0.029160 0.672607
vt 0.094055 0.703613
vt 0.089111 0.833130
vt 0.109192 0.704346
vt 0.104370 0.833740
vt 0.134277 0.710449
vt 0.129395 0.834595
vt 0.559082 0.212891
vt 0.498779 0.187012
vt 0.569824 0.191895
vt 0.540527 0.228027
vt 0.519043 0.237305
vt 0.494385 0.239258
vt 0.470703 0.229492
vt 0.458008 0.183594
vt 0.455078 0.228516
vt 0.568359 0.183105
vt 0.577148 0.151367
vt 0.499512 0.178223
vt 0.500488 0.160156
vt 0.460693 0.175293
vt 0.461426 0.157715
vt 0.455811 0.157715
vt 0.571289 0.150391
vt 0.571289 0.144531
vt 0.500488 0.153809
vt 0.461426 0.151367
vt 0.431641 0.250000
vt 0.448242 0.176758
vt 0.446777 0.250000
vt 0.392822 0.175781
vt 0.407227 0.258789
vt 0.383545 0.253906
vt 0.363281 0.241211
vt 0.348389 0.222168
vt 0.340576 0.198730
vt 0.342773 0.175293
vt 0.393555 0.148438
vt 0.341309 0.146973
vt 0.448730 0.149414
vt 0.543457 0.718506
vt 0.545410 0.688965
vt 0.540527 0.686523
vt 0.562500 0.731689
vt 0.562988 0.717529
vt 0.568359 0.704346
vt 0.579102 0.694336
vt 0.581055 0.689697
vt 0.561035 0.619141
vt 0.515625 0.608398
vt 0.595215 0.626465
vt 0.498291 0.685303
vt 0.534668 0.750732
vt 0.540039 0.746826
vt 0.565430 0.742920
vt 0.540039 0.760864
vt 0.571289 0.756226
vt 0.538574 0.769165
vt 0.575195 0.763550
vt 0.491699 0.770264
vt 0.484131 0.773315
vt 0.489990 0.778076
vt 0.484619 0.761230
vt 0.492188 0.756714
vt 0.492188 0.681152
vt 0.535645 0.762939
vt 0.533691 0.767700
vt 0.528320 0.776978
vt 0.523438 0.774048
vt 0.518066 0.786865
vt 0.577637 0.771851
vt 0.576660 0.782593
vt 0.517090 0.798950
vt 0.542480 0.804810
vt 0.575195 0.794922
vt 0.515137 0.813965
vt 0.541992 0.821411
vt 0.514648 0.830444
vt 0.511230 0.799561
vt 0.513184 0.783447
vt 0.479736 0.787964
vt 0.482178 0.776245
vt 0.469482 0.797852
vt 0.472656 0.783203
vt 0.461670 0.794312
vt 0.422607 0.779541
vt 0.421387 0.787231
vt 0.421875 0.793701
vt 0.422852 0.802246
vt 0.458740 0.812012
vt 0.467529 0.812012
vt 0.509766 0.816406
vt 0.421631 0.817871
vt 0.456787 0.831787
vt 0.418945 0.837158
vt 0.465332 0.828613
vt 0.509277 0.834229
vt 0.463867 0.846802
vt 0.456299 0.852173
vt 0.415771 0.858276
vt 0.457275 0.872559
vt 0.412109 0.880310
vt 0.464355 0.866333
vt 0.510254 0.853394
vt 0.515137 0.848999
vt 0.542969 0.838623
vt 0.658691 0.895081
vt 0.663086 0.959656
vt 0.737305 0.907837
vt 0.742188 0.980789
vt 0.640137 0.784912
vt 0.641602 0.865967
vt 0.735352 0.784790
vt 0.736816 0.882324
vt 0.643066 0.871338
vt 0.644043 0.876648
vt 0.651855 0.885071
vt 0.901367 0.810913
vt 0.907227 0.741699
vt 0.863770 0.805298
vt 0.871582 0.739014
vt 0.795898 0.751587
vt 0.819824 0.771606
vt 0.800781 0.722900
vt 0.816406 0.694336
vt 0.805664 0.698730
vt 0.771973 0.704590
vt 0.772949 0.691895
vt 0.773926 0.682373
vt 0.781738 0.675781
vt 0.786621 0.669434
vt 0.815430 0.655762
vt 0.861816 0.620117
vt 0.814453 0.617188
vt 0.857910 0.704102
vt 0.858887 0.710693
vt 0.859863 0.717285
vt 0.865723 0.728516
vt 0.791504 0.658447
vt 0.792969 0.644287
vt 0.789551 0.630615
vt 0.780273 0.619385
vt 0.778320 0.614990
vt 0.726074 0.777954
vt 0.703125 0.704346
vt 0.679688 0.746826
vt 0.793945 0.722412
vt 0.757812 0.710205
vt 0.696777 0.696533
vt 0.717773 0.650635
vt 0.768066 0.655273
vt 0.714844 0.644775
vt 0.724121 0.614746
vt 0.773926 0.624023
vt 0.835938 0.841675
vt 0.904297 0.841431
vt 0.838379 0.826904
vt 0.904297 0.826782
vt 0.838867 0.821899
vt 0.904297 0.821899
vt 0.904297 0.891541
vt 0.851562 0.897644
vt 0.904297 0.902344
vt 0.847656 0.890442
vt 0.904297 0.882751
vt 0.835938 0.882019
vt 0.904297 0.870483
vt 0.834961 0.870605
vt 0.904297 0.855835
vt 0.834473 0.856201
vt 0.904297 0.961029
vt 0.853516 0.990440
vt 0.904297 0.990692
vt 0.842773 0.976242
vt 0.835938 0.960815
vt 0.840332 0.925171
vt 0.904297 0.925415
vt 0.904297 0.912415
vt 0.837891 0.912415
vt 0.843750 0.902344
vt 0.821289 0.870972
vt 0.818848 0.778809
vt 0.747559 0.782104
vt 0.815918 0.881897
vt 0.753906 0.885437
vt 0.813477 0.889526
vt 0.814453 0.896606
vt 0.750977 0.912659
vt 0.818848 0.904480
vt 0.820801 0.919983
vt 0.819336 0.938812
vt 0.814941 0.959381
vt 0.751953 0.991463
vt 0.809082 0.981461
vt 0.903320 0.727295
vt 0.898438 0.714844
vt 0.896484 0.710205
vt 0.895996 0.706055
vt 0.898926 0.621338
vt 0.177490 0.585205
vt 0.202759 0.580078
vt 0.178711 0.597412
vt 0.201904 0.570068
vt 0.176514 0.565430
vt 0.203369 0.552979
vt 0.180176 0.553223
vt 0.208252 0.541260
vt 0.151611 0.554199
vt 0.148926 0.571533
vt 0.150269 0.590820
vt 0.151489 0.604248
vt 0.180542 0.604248
vt 0.205566 0.586182
vt 0.216797 0.571533
vt 0.134521 0.552734
vt 0.268799 0.601318
vt 0.260010 0.616455
vt 0.196289 0.671387
vt 0.176270 0.669189
vt 0.152222 0.610596
vt 0.134888 0.604736
vt 0.134155 0.591064
vt 0.223389 0.686523
vt 0.106934 0.589111
vt 0.118042 0.571045
vt 0.117920 0.590332
vt 0.133423 0.572754
vt 0.118225 0.604248
vt 0.134888 0.611084
vt 0.153442 0.668457
vt 0.169434 0.668701
vt 0.118042 0.610596
vt 0.106934 0.602051
vt 0.106506 0.610352
vt 0.125977 0.667480
vt 0.136963 0.667969
vt 0.115295 0.665527
vt 0.094788 0.608643
vt 0.108276 0.663818
vt 0.057953 0.601318
vt 0.070740 0.601074
vt 0.064209 0.608887
vt 0.094177 0.656982
vt 0.079529 0.605225
vt 0.101929 0.661377
vt 0.086853 0.607422
vt 0.095642 0.598877
vt 0.064331 0.591797
vt 0.074585 0.594971
vt 0.082153 0.596924
vt 0.088013 0.597412
vt 0.095947 0.586670
vt 0.108459 0.570312
vt 0.086182 0.584229
vt 0.086060 0.595459
vt 0.081543 0.589355
vt 0.074646 0.588135
vt 0.067566 0.586182
vt 0.057465 0.583008
vt 0.053955 0.588867
vt 0.050873 0.594727
vt 0.040619 0.589111
vt 0.061035 0.596924
vt 0.044342 0.581055
vt 0.033539 0.578369
vt 0.029434 0.586670
vt 0.037476 0.595947
vt 0.048706 0.598877
vt 0.046112 0.577393
vt 0.035065 0.574707
vt 0.016068 0.569824
vt 0.015160 0.572998
vt 0.011047 0.581299
vt 0.026398 0.593018
vt 0.006821 0.590088
vt 0.083069 0.546875
vt 0.095093 0.549805
vt 0.086365 0.565918
vt 0.084595 0.563965
vt 0.083435 0.583008
vt 0.082275 0.544189
vt 0.098206 0.568848
vt 0.106262 0.551025
vt 0.117249 0.551758
vt 0.334961 0.470215
vt 0.334961 0.384277
vt 0.324707 0.470215
vt 0.348389 0.384277
vt 0.348389 0.470215
vt 0.355469 0.384766
vt 0.355469 0.470703
vt 0.358398 0.470703
vt 0.358643 0.383301
vt 0.360596 0.376465
vt 0.357666 0.370117
vt 0.349609 0.369629
vt 0.335205 0.369141
vt 0.324707 0.384277
vt 0.324219 0.369141
vt 0.313232 0.369629
vt 0.314209 0.384277
vt 0.307129 0.384766
vt 0.305176 0.370117
vt 0.302490 0.376465
vt 0.304199 0.383301
vt 0.304688 0.470703
vt 0.307617 0.470703
vt 0.314453 0.470215
vt 0.088135 0.662842
vt 0.062195 0.610352
vt 0.084229 0.666504
vt 0.214600 0.568604
vt 0.213745 0.562988
vt 0.213379 0.545898
vt 0.212646 0.544678
vt 0.844727 0.465332
vt 0.760254 0.447266
vt 0.759766 0.464844
vt 0.844727 0.478027
vt 0.760254 0.478027
vt 0.844727 0.491211
vt 0.760254 0.491699
vt 0.844238 0.501465
vt 0.747070 0.478027
vt 0.747559 0.464355
vt 0.747559 0.447754
vt 0.748535 0.438477
vt 0.760742 0.436523
vt 0.758301 0.432617
vt 0.748535 0.434570
vt 0.760742 0.501953
vt 0.748535 0.500488
vt 0.747559 0.491211
vt 0.855469 0.464844
vt 0.856934 0.477539
vt 0.856934 0.464844
vt 0.855469 0.478027
vt 0.855469 0.490234
vt 0.854980 0.499512
vt 0.851074 0.505615
vt 0.845215 0.506836
vt 0.758301 0.506348
vt 0.748535 0.504639
vt 0.852539 0.505859
vt 0.855957 0.499512
vt 0.856934 0.490234
vt 0.844727 0.447754
vt 0.855469 0.448730
vt 0.854980 0.439453
vt 0.844727 0.437012
vt 0.845215 0.432129
vt 0.851074 0.433105
vt 0.852539 0.433105
vt 0.855957 0.439453
vt 0.856445 0.448730
vt 0.598633 0.608154
vt 0.596680 0.601807
vt 0.554199 0.609375
vt 0.599121 0.600586
vt 0.604004 0.604980
vt 0.597656 0.599854
vt 0.596191 0.600830
vt 0.597656 0.593750
vt 0.596191 0.593018
vt 0.596191 0.591797
vt 0.555664 0.593018
vt 0.553711 0.586670
vt 0.553223 0.594238
vt 0.597656 0.585449
vt 0.598633 0.593018
vt 0.598633 0.595703
vt 0.599121 0.597900
vt 0.600586 0.597900
vt 0.606934 0.599121
vt 0.600098 0.595459
vt 0.603516 0.588379
vt 0.606934 0.593994
vt 0.555664 0.602783
vt 0.556152 0.601807
vt 0.555664 0.593994
vt 0.554199 0.594971
vt 0.553223 0.596924
vt 0.551758 0.596924
vt 0.551758 0.599121
vt 0.553223 0.599121
vt 0.553223 0.601562
vt 0.554199 0.601074
vt 0.548340 0.589844
vt 0.544922 0.595703
vt 0.545410 0.600830
vt 0.548828 0.606445
vt 0.516113 0.380859
vt 0.523438 0.381836
vt 0.523438 0.380371
vt 0.530273 0.379395
vt 0.530762 0.381348
vt 0.535156 0.444824
vt 0.526367 0.445801
vt 0.541504 0.444336
vt 0.536133 0.380859
vt 0.535156 0.378906
vt 0.532227 0.326172
vt 0.527832 0.325684
vt 0.521484 0.330078
vt 0.515137 0.335938
vt 0.510254 0.338379
vt 0.491455 0.379883
vt 0.499512 0.332520
vt 0.492920 0.327148
vt 0.498291 0.380371
vt 0.505859 0.337891
vt 0.505371 0.380859
vt 0.510742 0.380859
vt 0.515625 0.382324
vt 0.510742 0.382812
vt 0.517578 0.446289
vt 0.511230 0.446289
vt 0.504883 0.446289
vt 0.505371 0.382324
vt 0.498047 0.381836
vt 0.490234 0.381348
vt 0.487061 0.445312
vt 0.496094 0.445801
vt 0.631348 0.512939
vt 0.642090 0.486816
vt 0.632324 0.486328
vt 0.640137 0.513184
vt 0.631348 0.521729
vt 0.640137 0.521484
vt 0.632324 0.549561
vt 0.641602 0.549316
vt 0.632324 0.482422
vt 0.642578 0.483398
vt 0.652832 0.484375
vt 0.652344 0.487793
vt 0.648926 0.513672
vt 0.648438 0.521484
vt 0.650391 0.548828
vt 0.658203 0.514893
vt 0.656250 0.521729
vt 0.661621 0.489258
vt 0.663574 0.486328
vt 0.656250 0.447266
vt 0.644531 0.452637
vt 0.633301 0.458984
vt 0.667480 0.444824
vt 0.622559 0.462402
vt 0.622559 0.482422
vt 0.622559 0.486328
vt 0.622070 0.512939
vt 0.622559 0.521729
vt 0.623047 0.549805
vt 0.612305 0.482422
vt 0.612305 0.486328
vt 0.613281 0.513184
vt 0.613281 0.521973
vt 0.613770 0.550049
vt 0.613770 0.555908
vt 0.623047 0.555908
vt 0.611816 0.461426
vt 0.602051 0.483398
vt 0.602539 0.486816
vt 0.604004 0.513428
vt 0.604492 0.522217
vt 0.604004 0.550049
vt 0.600586 0.456543
vt 0.592285 0.484375
vt 0.592773 0.487793
vt 0.595215 0.514160
vt 0.595703 0.522461
vt 0.586426 0.514893
vt 0.587402 0.522705
vt 0.577148 0.516357
vt 0.579590 0.522949
vt 0.594727 0.550293
vt 0.585938 0.550049
vt 0.577637 0.548828
vt 0.604004 0.556152
vt 0.594238 0.555908
vt 0.584961 0.555420
vt 0.574707 0.553223
vt 0.570801 0.576416
vt 0.582031 0.578369
vt 0.592773 0.579346
vt 0.603516 0.579590
vt 0.613770 0.579590
vt 0.623535 0.579346
vt 0.633789 0.579102
vt 0.632812 0.555664
vt 0.642090 0.555176
vt 0.651855 0.554199
vt 0.644531 0.578369
vt 0.655273 0.576904
vt 0.666016 0.574707
vt 0.662109 0.551758
vt 0.658691 0.547363
vt 0.468994 0.503906
vt 0.477295 0.505371
vt 0.477051 0.503174
vt 0.485352 0.502441
vt 0.485840 0.504395
vt 0.481201 0.577393
vt 0.491211 0.576416
vt 0.498291 0.575684
vt 0.491943 0.503662
vt 0.490723 0.501953
vt 0.487793 0.464844
vt 0.482422 0.463867
vt 0.475342 0.468750
vt 0.468018 0.476074
vt 0.462891 0.478516
vt 0.441162 0.502686
vt 0.450195 0.471680
vt 0.443115 0.465332
vt 0.448730 0.503418
vt 0.457520 0.478027
vt 0.457031 0.503906
vt 0.462891 0.503906
vt 0.468750 0.505859
vt 0.462891 0.506104
vt 0.470947 0.577881
vt 0.463623 0.578125
vt 0.456543 0.578125
vt 0.457031 0.505859
vt 0.448486 0.505371
vt 0.439697 0.504639
vt 0.436279 0.576904
vt 0.446289 0.577393
vt 0.571289 0.487793
vt 0.577637 0.446289
vt 0.566406 0.446289
vt 0.582031 0.485840
vt 0.589355 0.450195
vt 0.582520 0.488770
vt 0.573242 0.490723
vt 0.424805 0.766602
vt 0.434082 0.677490
vt 0.429199 0.607178
vt 0.520508 0.572998
vt 0.046234 0.323730
vt 0.038269 0.340820
vt 0.032013 0.359375
vt 0.027603 0.378418
vt 0.780273 0.604492
vt 0.756836 0.513672
vt 0.756836 0.604492
vt 0.779785 0.513672
vt 0.807617 0.604248
vt 0.807129 0.513428
vt 0.830566 0.513428
vt 0.830566 0.604248
vt 0.857910 0.513428
vt 0.857910 0.604248
vt 0.993164 0.179688
vt 0.990723 0.179688
vt 0.993164 0.119629
vt 0.990723 0.119629
vt 0.988281 0.179688
vt 0.988281 0.119629
vt 0.985840 0.179688
vt 0.985840 0.119629
vt 0.983398 0.179688
vt 0.983398 0.119629
vt 0.980469 0.179688
vt 0.980469 0.119629
vt 0.978027 0.179688
vt 0.978027 0.119629
vt 0.610840 0.812744
vt 0.608887 0.759033
vt 0.615723 0.812500
vt 0.614258 0.758789
vt 0.621094 0.812378
vt 0.619629 0.758667
vt 0.625977 0.812256
vt 0.625000 0.758545
vt 0.584961 0.813965
vt 0.581543 0.760376
vt 0.589844 0.813721
vt 0.586914 0.760010
vt 0.595215 0.813354
vt 0.592285 0.759766
vt 0.600098 0.813110
vt 0.597656 0.759521
vt 0.605469 0.812866
vt 0.603027 0.759277
vt 0.288574 0.628174
vt 0.288574 0.616943
vt 0.296631 0.624756
vt 0.299805 0.616943
vt 0.296631 0.609131
vt 0.288574 0.605713
vt 0.280762 0.609131
vt 0.277588 0.616943
vt 0.280762 0.624756
vt 0.682617 0.585938
vt 0.673828 0.582764
vt 0.687988 0.568115
vt 0.679688 0.565186
vt 0.696289 0.572510
vt 0.690918 0.590088
vt 0.690430 0.559082
vt 0.682617 0.557617
vt 0.701172 0.593994
vt 0.704102 0.576660
vt 0.712402 0.594971
vt 0.698730 0.560059
vt 0.690430 0.553711
vt 0.682617 0.553223
vt 0.689453 0.539795
vt 0.688965 0.526855
vt 0.696289 0.538574
vt 0.698242 0.552490
vt 0.705566 0.560303
vt 0.712402 0.577393
vt 0.723145 0.592773
vt 0.720703 0.574707
vt 0.712402 0.560303
vt 0.695801 0.526367
vt 0.712402 0.548828
vt 0.705566 0.550049
vt 0.711426 0.534424
vt 0.719238 0.550049
vt 0.719238 0.560303
vt 0.732422 0.590332
vt 0.729004 0.571289
vt 0.726562 0.559814
vt 0.726562 0.551514
vt 0.719727 0.535400
vt 0.719727 0.526855
vt 0.711426 0.525879
vt 0.721191 0.505371
vt 0.729004 0.492188
vt 0.728516 0.505127
vt 0.720215 0.517090
vt 0.728027 0.516846
vt 0.728027 0.527588
vt 0.727539 0.537109
vt 0.711914 0.515625
vt 0.713379 0.504150
vt 0.705566 0.501953
vt 0.718750 0.459473
vt 0.720703 0.418945
vt 0.726562 0.458984
vt 0.728516 0.476562
vt 0.720703 0.477051
vt 0.721680 0.492188
vt 0.713867 0.492188
vt 0.706055 0.492188
vt 0.712891 0.478027
vt 0.705078 0.479492
vt 0.710938 0.460938
vt 0.703125 0.462891
vt 0.697754 0.492188
vt 0.697266 0.480469
vt 0.695801 0.464355
vt 0.687988 0.464844
vt 0.683594 0.426270
vt 0.690918 0.425781
vt 0.698242 0.424316
vt 0.705566 0.421875
vt 0.712891 0.419922
vt 0.688965 0.480469
vt 0.680176 0.465332
vt 0.675781 0.426270
vt 0.704102 0.512939
vt 0.697266 0.500488
vt 0.688965 0.501221
vt 0.688965 0.492676
vt 0.681641 0.480469
vt 0.681152 0.492676
vt 0.681152 0.502441
vt 0.681641 0.513672
vt 0.689453 0.511963
vt 0.681641 0.526855
vt 0.681641 0.539551
vt 0.696777 0.511230
vt 0.703125 0.525879
vt 0.703613 0.535889
vt 0.947754 0.357422
vt 0.947754 0.349121
vt 0.951660 0.357422
vt 0.943848 0.363770
vt 0.947754 0.363770
vt 0.951660 0.363770
vt 0.955566 0.363770
vt 0.955566 0.357422
vt 0.958984 0.357422
vt 0.958984 0.363770
vt 0.958984 0.349121
vt 0.955566 0.349121
vt 0.951660 0.349121
vt 0.951660 0.342773
vt 0.947754 0.342773
vt 0.952148 0.333496
vt 0.958984 0.342773
vt 0.955566 0.333496
vt 0.958984 0.333496
vt 0.955566 0.342773
vt 0.955566 0.321777
vt 0.951660 0.321777
vt 0.947754 0.310059
vt 0.951660 0.310059
vt 0.955566 0.310059
vt 0.951660 0.298828
vt 0.947754 0.298828
vt 0.947754 0.288574
vt 0.947754 0.273438
vt 0.951660 0.273438
vt 0.951660 0.288574
vt 0.955566 0.298828
vt 0.958984 0.310059
vt 0.958984 0.321777
vt 0.955566 0.263184
vt 0.955566 0.273438
vt 0.955566 0.288574
vt 0.958984 0.288574
vt 0.958984 0.298828
vt 0.958984 0.273438
vt 0.958984 0.263184
vt 0.958984 0.259277
vt 0.955566 0.259277
vt 0.951660 0.259277
vt 0.951660 0.263184
vt 0.943848 0.273438
vt 0.943848 0.263184
vt 0.947754 0.263184
vt 0.947754 0.259277
vt 0.951660 0.253418
vt 0.955566 0.253418
vt 0.958984 0.253418
vt 0.947754 0.253418
vt 0.943848 0.259277
vt 0.943848 0.253418
vt 0.943848 0.310059
vt 0.943848 0.321777
vt 0.947754 0.321777
vt 0.948242 0.333496
vt 0.943848 0.333496
vt 0.943848 0.342773
vt 0.943848 0.349121
vt 0.943848 0.357422
vt 0.943848 0.298828
vt 0.943848 0.288574
vt 0.376709 0.345215
vt 0.368164 0.341309
vt 0.376709 0.341309
vt 0.382324 0.341309
vt 0.382324 0.335449
vt 0.376709 0.335449
vt 0.368164 0.335449
vt 0.359863 0.335449
vt 0.368164 0.345215
vt 0.368164 0.350098
vt 0.376709 0.350098
vt 0.368164 0.354492
vt 0.376709 0.354492
vt 0.382324 0.354492
vt 0.382324 0.350098
vt 0.382324 0.345215
vt 0.359863 0.354492
vt 0.347656 0.354492
vt 0.359863 0.350098
vt 0.347656 0.350098
vt 0.334473 0.354492
vt 0.359863 0.345215
vt 0.359863 0.341309
vt 0.347656 0.341309
vt 0.347656 0.345215
vt 0.334473 0.350098
vt 0.334473 0.345215
vt 0.334473 0.341309
vt 0.347656 0.335449
vt 0.313721 0.341309
vt 0.306885 0.335449
vt 0.313721 0.335449
vt 0.324219 0.341309
vt 0.324219 0.345215
vt 0.324219 0.350098
vt 0.324219 0.335449
vt 0.334473 0.335449
vt 0.306885 0.341309
vt 0.301514 0.341309
vt 0.313721 0.345215
vt 0.313721 0.350098
vt 0.313721 0.354492
vt 0.324219 0.354492
vt 0.301514 0.345215
vt 0.301514 0.350098
vt 0.306885 0.350098
vt 0.306885 0.345215
vt 0.306885 0.354492
vt 0.301514 0.354492
vt 0.295410 0.354492
vt 0.295410 0.350098
vt 0.295410 0.345215
vt 0.295410 0.341309
vt 0.301514 0.335449
vt 0.295410 0.335449
vt 0.497314 0.069824
vt 0.482422 0.069824
vt 0.497314 0.063965
vt 0.482422 0.063965
vt 0.482422 0.058594
vt 0.497314 0.058594
vt 0.482422 0.075684
vt 0.467529 0.075684
vt 0.497314 0.075684
vt 0.513672 0.069824
vt 0.513672 0.063965
vt 0.513672 0.058594
vt 0.513672 0.075684
vt 0.524902 0.075684
vt 0.524902 0.069824
vt 0.524902 0.063965
vt 0.524902 0.058594
vt 0.524902 0.051270
vt 0.513672 0.051270
vt 0.497314 0.051270
vt 0.482422 0.051270
vt 0.467529 0.058594
vt 0.467529 0.063965
vt 0.467529 0.069824
vt 0.448486 0.069824
vt 0.448486 0.051270
vt 0.467529 0.051270
vt 0.448486 0.058594
vt 0.433105 0.051270
vt 0.448486 0.063965
vt 0.426025 0.063965
vt 0.417969 0.058594
vt 0.426025 0.058594
vt 0.426025 0.051270
vt 0.433105 0.058594
vt 0.433105 0.063965
vt 0.433105 0.069824
vt 0.426025 0.069824
vt 0.448486 0.075684
vt 0.433105 0.075684
vt 0.426025 0.075684
vt 0.417969 0.075684
vt 0.417969 0.069824
vt 0.417969 0.063965
vt 0.417969 0.051270
vt 0.935059 0.539795
vt 0.931641 0.539795
vt 0.935059 0.527832
vt 0.931641 0.527832
vt 0.938477 0.539795
vt 0.938477 0.527588
vt 0.938477 0.511475
vt 0.935059 0.511475
vt 0.931641 0.511475
vt 0.938477 0.500000
vt 0.935059 0.500000
vt 0.944336 0.500000
vt 0.944336 0.511475
vt 0.944336 0.527588
vt 0.944336 0.539795
vt 0.938477 0.552002
vt 0.931641 0.552002
vt 0.926758 0.552002
vt 0.926758 0.539795
vt 0.926758 0.527832
vt 0.926758 0.511475
vt 0.926758 0.500000
vt 0.931641 0.500000
vt 0.935059 0.552002
vt 0.935059 0.563232
vt 0.931641 0.563232
vt 0.935059 0.573975
vt 0.938477 0.573975
vt 0.935059 0.585205
vt 0.938477 0.585205
vt 0.935059 0.597900
vt 0.938477 0.563232
vt 0.938477 0.597900
vt 0.944336 0.597900
vt 0.944336 0.585205
vt 0.944336 0.573975
vt 0.944336 0.563232
vt 0.944336 0.552002
vt 0.938477 0.608643
vt 0.944336 0.608643
vt 0.938477 0.620361
vt 0.944336 0.620361
vt 0.938477 0.629639
vt 0.944336 0.629639
vt 0.944336 0.637451
vt 0.938477 0.637451
vt 0.944336 0.648682
vt 0.938477 0.648682
vt 0.944336 0.656982
vt 0.935059 0.637451
vt 0.935059 0.629639
vt 0.935059 0.620361
vt 0.935059 0.608643
vt 0.931641 0.620361
vt 0.931641 0.629639
vt 0.931641 0.637451
vt 0.931641 0.648682
vt 0.935059 0.648682
vt 0.938477 0.656982
vt 0.935059 0.656982
vt 0.931641 0.656982
vt 0.926758 0.656982
vt 0.926758 0.648682
vt 0.926758 0.637451
vt 0.926758 0.629639
vt 0.926758 0.620361
vt 0.926758 0.608643
vt 0.931641 0.608643
vt 0.931641 0.597900
vt 0.926758 0.597900
vt 0.926758 0.585205
vt 0.931641 0.585205
vt 0.926758 0.573975
vt 0.931641 0.573975
vt 0.926758 0.563232
vt 0.835938 0.020996
vt 0.831543 0.017578
vt 0.835938 0.017578
vt 0.831543 0.020996
vt 0.824219 0.017578
vt 0.835938 0.023926
vt 0.831543 0.029297
vt 0.835938 0.026367
vt 0.835938 0.029297
vt 0.831543 0.026367
vt 0.831543 0.023926
vt 0.824219 0.020996
vt 0.801758 0.020996
vt 0.801758 0.017578
vt 0.778809 0.020996
vt 0.801758 0.023926
vt 0.824219 0.023926
vt 0.824219 0.026367
vt 0.824219 0.029297
vt 0.801758 0.026367
vt 0.778809 0.023926
vt 0.778809 0.026367
vt 0.759277 0.026367
vt 0.759277 0.029297
vt 0.745117 0.029297
vt 0.778809 0.029297
vt 0.801758 0.029297
vt 0.730957 0.029297
vt 0.730957 0.026367
vt 0.745117 0.026367
vt 0.759277 0.023926
vt 0.759277 0.020996
vt 0.778809 0.017578
vt 0.759277 0.017578
vt 0.745117 0.017578
vt 0.745117 0.020996
vt 0.745117 0.023926
vt 0.730957 0.023926
vt 0.721680 0.026367
vt 0.721680 0.029297
vt 0.730957 0.020996
vt 0.730957 0.017578
vt 0.721680 0.017578
vt 0.721680 0.020996
vt 0.721680 0.023926
vt 0.912109 0.405273
vt 0.917480 0.423828
vt 0.912109 0.423828
vt 0.907715 0.423828
vt 0.907715 0.405273
vt 0.903320 0.423828
vt 0.903320 0.405273
vt 0.907715 0.385254
vt 0.903320 0.385254
vt 0.903320 0.371094
vt 0.907715 0.371094
vt 0.903320 0.355469
vt 0.907715 0.355469
vt 0.903320 0.338379
vt 0.912109 0.371094
vt 0.912109 0.385254
vt 0.917480 0.405273
vt 0.917480 0.385254
vt 0.917480 0.371094
vt 0.917480 0.355469
vt 0.922363 0.355469
vt 0.922363 0.371094
vt 0.922363 0.385254
vt 0.922363 0.405273
vt 0.922363 0.423828
vt 0.922363 0.338379
vt 0.907715 0.312988
vt 0.912109 0.300781
vt 0.912109 0.312988
vt 0.917480 0.312988
vt 0.917480 0.325684
vt 0.922363 0.325684
vt 0.917480 0.338379
vt 0.912109 0.355469
vt 0.912109 0.338379
vt 0.907715 0.338379
vt 0.912109 0.325684
vt 0.907715 0.325684
vt 0.907715 0.300781
vt 0.903320 0.312988
vt 0.903320 0.325684
vt 0.903320 0.300781
vt 0.917480 0.204590
vt 0.920410 0.204590
vt 0.917480 0.220215
vt 0.914551 0.204590
vt 0.914551 0.220215
vt 0.917480 0.233398
vt 0.920410 0.220215
vt 0.920410 0.233398
vt 0.920410 0.247070
vt 0.917480 0.247070
vt 0.917480 0.267090
vt 0.920410 0.267090
vt 0.923828 0.233398
vt 0.923828 0.247559
vt 0.923828 0.267090
vt 0.920410 0.280762
vt 0.917480 0.280762
vt 0.914551 0.267090
vt 0.914551 0.247070
vt 0.914551 0.280762
vt 0.923828 0.280762
vt 0.914551 0.233398
vt 0.911621 0.219727
vt 0.911621 0.233398
vt 0.911621 0.247070
vt 0.911621 0.267090
vt 0.911621 0.280762
vt 0.911621 0.204590
vt 0.914551 0.190430
vt 0.917480 0.190430
vt 0.911621 0.190918
vt 0.920410 0.190430
vt 0.917480 0.178223
vt 0.920410 0.178223
vt 0.923828 0.190430
vt 0.923828 0.204590
vt 0.923828 0.220215
vt 0.923828 0.178711
vt 0.923828 0.166016
vt 0.920410 0.166016
vt 0.922363 0.312988
vt 0.917480 0.300781
vt 0.922363 0.300781
vt 0.935059 0.018066
vt 0.952148 0.018066
vt 0.935059 0.020020
vt 0.952148 0.020508
vt 0.921387 0.016113
vt 0.935059 0.015625
vt 0.952148 0.015625
vt 0.921387 0.013672
vt 0.935059 0.013184
vt 0.952148 0.013672
vt 0.963867 0.013672
vt 0.963867 0.015625
vt 0.963867 0.018066
vt 0.963867 0.020508
vt 0.963867 0.022461
vt 0.952637 0.022461
vt 0.935059 0.022461
vt 0.921875 0.020508
vt 0.921387 0.018066
vt 0.906738 0.017090
vt 0.906738 0.019043
vt 0.907227 0.021484
vt 0.907227 0.023438
vt 0.891602 0.023438
vt 0.921875 0.022461
vt 0.876953 0.020508
vt 0.876953 0.018555
vt 0.891602 0.020996
vt 0.892090 0.019043
vt 0.892090 0.016602
vt 0.892090 0.014648
vt 0.906250 0.014648
vt 0.877441 0.016113
vt 0.877441 0.013672
vt 0.864258 0.016113
vt 0.864258 0.018066
vt 0.851562 0.018066
vt 0.864258 0.013672
vt 0.850586 0.017090
vt 0.850586 0.020508
vt 0.851562 0.019531
vt 0.864258 0.020508
vt 0.850586 0.014648
vt 0.877441 0.022949
vt 0.864258 0.022949
vt 0.942871 0.907959
vt 0.949219 0.891968
vt 0.949219 0.907959
vt 0.942871 0.919617
vt 0.936523 0.919617
vt 0.936523 0.934143
vt 0.942871 0.934143
vt 0.949219 0.934143
vt 0.949219 0.943481
vt 0.949219 0.919617
vt 0.936523 0.943481
vt 0.942871 0.943481
vt 0.928711 0.943481
vt 0.928711 0.934143
vt 0.928711 0.919617
vt 0.936523 0.962036
vt 0.942871 0.962036
vt 0.928711 0.962036
vt 0.928711 0.907959
vt 0.922852 0.907959
vt 0.922852 0.919617
vt 0.922852 0.934143
vt 0.922852 0.943481
vt 0.922852 0.962036
vt 0.922852 0.971588
vt 0.928711 0.971588
vt 0.936523 0.971588
vt 0.942871 0.971588
vt 0.949219 0.971588
vt 0.949219 0.962036
vt 0.922852 0.869019
vt 0.928711 0.878845
vt 0.922852 0.878845
vt 0.928711 0.885437
vt 0.922852 0.885437
vt 0.922852 0.891968
vt 0.928711 0.891968
vt 0.936523 0.907959
vt 0.936523 0.891968
vt 0.942871 0.891968
vt 0.936523 0.885437
vt 0.942871 0.885437
vt 0.942871 0.878845
vt 0.936523 0.878845
vt 0.942871 0.869019
vt 0.949219 0.878845
vt 0.949219 0.885437
vt 0.928711 0.852661
vt 0.936523 0.844849
vt 0.936523 0.852661
vt 0.942871 0.852661
vt 0.949219 0.852661
vt 0.949219 0.869019
vt 0.949219 0.841431
vt 0.942871 0.841431
vt 0.936523 0.869019
vt 0.928711 0.869019
vt 0.922852 0.841431
vt 0.928711 0.844971
vt 0.922852 0.852661
vt 0.983887 0.475098
vt 0.991211 0.468750
vt 0.991211 0.475098
vt 0.965820 0.468750
vt 0.971191 0.468750
vt 0.965820 0.475098
vt 0.971191 0.475098
vt 0.978027 0.475098
vt 0.978027 0.468750
vt 0.983887 0.468750
vt 0.983887 0.458008
vt 0.991211 0.458008
vt 0.983887 0.447754
vt 0.978027 0.447754
vt 0.983887 0.439453
vt 0.978027 0.458008
vt 0.978027 0.439453
vt 0.978027 0.431641
vt 0.971191 0.447754
vt 0.971191 0.458008
vt 0.971191 0.424316
vt 0.971191 0.431641
vt 0.971191 0.439453
vt 0.965820 0.439453
vt 0.965820 0.447754
vt 0.965820 0.458008
vt 0.978027 0.379395
vt 0.983887 0.379395
vt 0.978027 0.390625
vt 0.971191 0.390625
vt 0.971191 0.407715
vt 0.965820 0.390625
vt 0.965820 0.407715
vt 0.965820 0.416504
vt 0.971191 0.416504
vt 0.965820 0.424316
vt 0.965820 0.431641
vt 0.991211 0.379395
vt 0.991211 0.390625
vt 0.983887 0.390625
vt 0.978027 0.407715
vt 0.978027 0.416504
vt 0.978027 0.424316
vt 0.983887 0.407715
vt 0.991211 0.407715
vt 0.983887 0.416504
vt 0.983887 0.424316
vt 0.983887 0.431641
vt 0.991211 0.447754
vt 0.991211 0.439453
vt 0.991211 0.431641
vt 0.991211 0.424316
vt 0.991211 0.416504
vt 0.934570 0.378906
vt 0.930176 0.386719
vt 0.930176 0.378906
vt 0.946777 0.394043
vt 0.943848 0.400879
vt 0.943848 0.394043
vt 0.946777 0.386719
vt 0.943848 0.386719
vt 0.946777 0.378906
vt 0.943848 0.378906
vt 0.939453 0.378906
vt 0.939453 0.386719
vt 0.934570 0.386719
vt 0.939453 0.394043
vt 0.934570 0.394043
vt 0.939453 0.400879
vt 0.934570 0.400879
vt 0.930176 0.394043
vt 0.930176 0.400879
vt 0.934570 0.407227
vt 0.939453 0.407227
vt 0.943848 0.407227
vt 0.939453 0.414062
vt 0.934570 0.414062
vt 0.934570 0.426270
vt 0.930176 0.437988
vt 0.930176 0.426270
vt 0.930176 0.414062
vt 0.930176 0.407227
vt 0.943848 0.414062
vt 0.939453 0.426270
vt 0.934570 0.437988
vt 0.930176 0.447754
vt 0.934570 0.447754
vt 0.930176 0.459473
vt 0.934570 0.459473
vt 0.930176 0.469238
vt 0.934570 0.469238
vt 0.934570 0.481445
vt 0.939453 0.469238
vt 0.939453 0.459961
vt 0.939453 0.448242
vt 0.939453 0.437988
vt 0.930176 0.481445
vt 0.930176 0.488281
vt 0.934570 0.488281
vt 0.939453 0.481445
vt 0.943848 0.469238
vt 0.943848 0.459961
vt 0.943848 0.448242
vt 0.943848 0.437988
vt 0.943848 0.481445
vt 0.939453 0.488281
vt 0.943848 0.488281
vt 0.946777 0.488281
vt 0.946777 0.481445
vt 0.946777 0.469238
vt 0.946777 0.459961
vt 0.946777 0.448242
vt 0.946777 0.437988
vt 0.943848 0.426270
vt 0.946777 0.426270
vt 0.946777 0.414062
vt 0.946777 0.407227
vt 0.946777 0.400879
vt 0.971191 0.379395
vt 0.965820 0.379395
vt 0.330322 0.105957
vt 0.380859 0.104004
vt 0.327148 0.056152
vt 0.388916 0.061035
vt 0.388916 0.051270
vt 0.380859 0.008301
vt 0.330322 0.006348
vt 0.315674 0.170898
vt 0.327148 0.162598
vt 0.327148 0.170898
vt 0.315674 0.162598
vt 0.256104 0.170898
vt 0.256104 0.162598
vt 0.244507 0.170898
vt 0.244507 0.162598
vt 0.311035 0.156738
vt 0.321045 0.075684
vt 0.321289 0.156738
vt 0.310791 0.075684
vt 0.257080 0.156738
vt 0.256836 0.075684
vt 0.246704 0.156738
vt 0.246460 0.075684
vt 0.311035 0.158203
vt 0.321289 0.075195
vt 0.321289 0.158203
vt 0.311035 0.075195
vt 0.257080 0.158203
vt 0.257080 0.075195
vt 0.246704 0.158203
vt 0.246704 0.075195
vt 0.167358 0.986015
vt 0.192017 0.984718
vt 0.188843 0.988396
vt 0.183716 0.990860
vt 0.171631 0.989075
vt 0.177368 0.991142
vt 0.187256 0.962341
vt 0.174438 0.960663
vt 0.180908 0.960449
vt 0.191284 0.966400
vt 0.169434 0.963806
vt 0.165649 0.967926
vt 0.194336 0.971573
vt 0.194580 0.978149
vt 0.163574 0.974487
vt 0.164551 0.981064
vt 0.511719 0.480469
vt 0.509277 0.484375
vt 0.508301 0.479980
vt 0.512695 0.484863
vt 0.515625 0.480469
vt 0.516113 0.484375
vt 0.519043 0.480469
vt 0.519531 0.484863
vt 0.522461 0.484863
vt 0.525879 0.485352
vt 0.526367 0.480469
vt 0.529297 0.484863
vt 0.530273 0.480469
vt 0.532715 0.484863
vt 0.533691 0.480469
vt 0.535645 0.485352
vt 0.539551 0.484863
vt 0.540527 0.480469
vt 0.543457 0.484863
vt 0.544434 0.480469
vt 0.547363 0.484375
vt 0.547852 0.479980
vt 0.550781 0.484375
vt 0.550781 0.479980
vt 0.555664 0.483887
vt 0.555176 0.479492
vt 0.560059 0.483887
vt 0.562012 0.479004
vt 0.563477 0.483398
vt 0.565430 0.478516
vt 0.566895 0.482910
vt 0.248169 0.505371
vt 0.239624 0.508789
vt 0.266357 0.574951
vt 0.257324 0.503906
vt 0.274902 0.571289
vt 0.282227 0.565674
vt 0.266357 0.505371
vt 0.287842 0.558105
vt 0.274902 0.508789
vt 0.291260 0.549561
vt 0.282227 0.514648
vt 0.292480 0.540039
vt 0.287842 0.521973
vt 0.291260 0.530762
vt 0.222046 0.540039
vt 0.223267 0.549561
vt 0.226685 0.558105
vt 0.232300 0.565674
vt 0.223267 0.530762
vt 0.239624 0.571289
vt 0.226685 0.521973
vt 0.248169 0.574951
vt 0.232300 0.514648
vt 0.257324 0.576172
vt 0.601074 0.946655
vt 0.600098 0.986938
vt 0.591797 0.987000
vt 0.593750 0.885071
vt 0.602051 0.885254
vt 0.645996 0.885803
vt 0.645020 0.946930
vt 0.629395 0.989624
vt 0.483398 0.988243
vt 0.497070 0.985527
vt 0.497070 0.988327
vt 0.483398 0.985451
vt 0.469482 0.988243
vt 0.469482 0.985443
vt 0.455811 0.988297
vt 0.455811 0.985504
vt 0.441895 0.988411
vt 0.441895 0.985619
vt 0.428223 0.988548
vt 0.428223 0.985771
vt 0.414795 0.988861
vt 0.414307 0.986023
vt 0.413086 0.886841
vt 0.427246 0.886597
vt 0.441162 0.886475
vt 0.455322 0.886353
vt 0.469482 0.886292
vt 0.483643 0.886292
vt 0.497803 0.886353
vt 0.511719 0.886536
vt 0.510742 0.985680
vt 0.525879 0.886719
vt 0.524414 0.985901
vt 0.540039 0.887024
vt 0.538086 0.986191
vt 0.554199 0.887390
vt 0.552246 0.986526
vt 0.565918 0.986908
vt 0.551758 0.989319
vt 0.565918 0.989685
vt 0.538086 0.988983
vt 0.524414 0.988693
vt 0.510742 0.988472
vt 0.568359 0.887817
vt 0.582520 0.888184
vt 0.579590 0.987389
vt 0.579102 0.990219
vt 0.592285 0.042969
vt 0.582520 0.042969
vt 0.703613 0.054199
s 1
f 2/1/1 3/1/2 4/2/3
f 5/1/4 1/1/5 6/3/6
f 7/4/7 8/5/8 9/6/9
f 10/7/10 7/4/7 9/6/9
f 11/8/11 7/4/7 10/7/10
f 10/7/10 9/6/9 12/9/12
f 13/10/13 14/11/14 15/12/15
f 14/11/14 12/9/12 16/13/16
f 15/12/15 14/11/14 16/13/16
f 12/9/12 9/6/9 17/14/17
f 16/13/16 12/9/12 17/14/17
f 9/6/9 8/5/8 18/15/18
f 9/6/9 18/15/18 17/14/17
f 18/15/18 8/5/8 19/16/19
f 19/16/19 8/5/8 20/17/20
f 19/16/19 20/17/20 21/18/21
f 15/12/15 16/13/16 22/19/22
f 16/13/16 17/14/17 23/20/23
f 22/19/22 16/13/16 23/20/23
f 17/14/17 18/15/18 24/21/24
f 23/20/23 17/14/17 24/21/24
f 24/21/24 18/15/18 25/22/25
f 25/22/25 18/15/18 19/16/19
f 24/21/24 25/22/25 23/20/23
f 25/22/25 19/16/19 26/23/26
f 26/23/26 19/16/19 21/18/21
f 21/18/21 27/24/27 26/23/26
f 26/23/26 27/24/27 28/25/28
f 29/26/29 26/23/26 28/25/28
f 25/22/25 26/23/26 30/27/30
f 23/20/23 25/22/25 30/27/30
f 23/20/23 30/27/30 22/19/22
f 30/27/30 26/23/26 31/28/31
f 31/28/31 26/23/26 29/26/29
f 32/29/32 31/28/31 29/26/29
f 33/30/33 31/28/31 32/29/32
f 34/31/34 31/28/31 33/30/33
f 22/19/22 30/27/30 34/31/34
f 30/27/30 31/28/31 34/31/34
f 28/25/28 27/24/27 35/32/35
f 28/25/28 35/32/35 29/26/29
f 29/26/29 36/33/36 32/29/32
f 29/26/29 35/32/35 36/33/36
f 32/29/32 36/33/36 37/34/37
f 37/34/37 36/33/36 38/35/38
f 38/35/38 36/33/36 39/36/39
f 38/35/38 39/36/39 40/37/40
f 40/37/40 39/36/39 41/38/41
f 39/36/39 42/39/42 41/38/41
f 36/33/36 43/40/43 39/36/39
f 35/32/35 43/40/43 36/33/36
f 43/40/43 42/39/42 39/36/39
f 21/18/21 20/17/20 44/41/44
f 21/18/21 45/42/45 27/24/27
f 44/41/44 45/42/45 21/18/21
f 35/32/35 27/24/27 46/43/46
f 27/24/27 45/42/45 46/43/46
f 46/43/46 47/44/47 35/32/35
f 35/32/35 47/44/47 43/40/43
f 43/40/43 48/45/48 42/39/42
f 47/44/47 48/45/48 43/40/43
f 42/39/42 49/46/49 41/38/41
f 42/39/42 48/45/48 49/46/49
f 49/46/49 48/45/48 50/47/50
f 50/47/50 51/48/51 49/46/49
f 49/46/49 51/48/51 52/49/52
f 53/50/53 49/46/49 52/49/52
f 41/38/41 49/46/49 54/51/54
f 41/38/41 54/51/54 40/37/40
f 54/51/54 49/46/49 53/50/53
f 40/37/40 54/51/54 55/52/55
f 55/52/55 54/51/54 56/53/56
f 56/53/56 54/51/54 53/50/53
f 53/50/53 52/49/52 57/54/57
f 53/50/53 57/54/57 56/53/56
f 52/49/52 51/48/51 58/55/58
f 57/54/57 52/49/52 58/55/58
f 58/55/58 59/56/59 57/54/57
f 58/55/58 51/48/51 60/57/60
f 58/55/58 60/57/60 59/56/59
f 59/56/59 60/57/60 61/58/61
f 57/54/57 59/56/59 62/59/62
f 56/53/56 57/54/57 63/60/63
f 57/54/57 62/59/62 63/60/63
f 63/60/63 62/59/62 64/61/64
f 51/48/51 65/62/65 60/57/60
f 60/57/60 65/62/65 61/58/61
f 61/58/61 65/62/65 66/63/66
f 46/43/46 67/64/67 47/44/47
f 46/43/46 45/42/45 67/64/67
f 47/44/47 68/65/68 48/45/48
f 47/44/47 67/64/67 68/65/68
f 48/45/48 68/65/68 69/66/69
f 48/45/48 69/66/69 50/47/50
f 50/47/50 69/66/69 70/67/70
f 50/47/50 71/68/71 51/48/51
f 71/68/71 65/62/65 51/48/51
f 70/67/70 71/68/71 50/47/50
f 72/69/72 73/70/73 74/71/74
f 72/69/72 74/71/74 75/72/75
f 75/72/75 74/71/74 76/73/76
f 77/74/77 72/69/72 75/72/75
f 77/74/77 75/72/75 78/75/78
f 78/75/78 75/72/75 79/76/79
f 75/72/75 76/73/76 79/76/79
f 79/76/79 76/73/76 80/77/80
f 74/71/74 81/78/81 76/73/76
f 76/73/76 82/79/82 80/77/80
f 81/78/81 82/79/82 76/73/76
f 80/77/80 82/79/82 83/80/83
f 79/76/79 80/77/80 84/81/84
f 84/81/84 80/77/80 83/80/83
f 78/75/78 79/76/79 85/82/85
f 85/82/85 79/76/79 84/81/84
f 78/75/78 85/82/85 86/83/86
f 87/84/87 78/75/78 86/83/86
f 77/74/77 78/75/78 87/84/87
f 86/83/86 85/82/85 88/85/88
f 83/80/83 82/79/82 89/86/89
f 90/87/90 77/74/77 87/84/87
f 91/88/91 77/74/77 90/87/90
f 91/88/91 72/69/72 77/74/77
f 92/89/92 91/88/91 90/87/90
f 93/90/93 91/88/91 92/89/92
f 92/89/92 94/91/94 93/90/93
f 94/91/94 95/92/95 93/90/93
f 96/93/96 95/92/95 94/91/94
f 97/94/97 95/92/95 96/93/96
f 98/95/98 97/94/97 96/93/96
f 99/96/99 97/94/97 98/95/98
f 91/88/91 100/97/100 72/69/72
f 93/90/93 95/92/95 100/97/100
f 93/90/93 100/97/100 91/88/91
f 100/97/100 73/70/73 72/69/72
f 95/92/95 73/70/73 100/97/100
f 101/98/101 98/95/98 102/99/102
f 98/95/98 96/93/96 102/99/102
f 102/99/102 96/93/96 103/100/103
f 104/101/104 96/93/96 94/91/94
f 104/101/104 94/91/94 92/89/92
f 103/100/103 96/93/96 104/101/104
f 99/96/99 105/102/105 97/94/97
f 97/94/97 105/102/105 106/103/106
f 97/94/97 107/104/107 95/92/95
f 106/103/106 107/104/107 97/94/97
f 107/104/107 73/70/73 95/92/95
f 105/102/105 108/105/108 106/103/106
f 106/103/106 109/106/109 107/104/107
f 106/103/106 108/105/108 109/106/109
f 107/104/107 109/106/109 110/107/110
f 107/104/107 111/108/111 73/70/73
f 110/107/110 111/108/111 107/104/107
f 112/109/112 81/78/81 74/71/74
f 111/108/111 112/109/112 73/70/73
f 73/70/73 112/109/112 74/71/74
f 99/96/99 113/110/113 105/102/105
f 113/110/113 108/105/108 105/102/105
f 114/111/114 108/105/108 113/110/113
f 113/110/113 115/112/115 114/111/114
f 116/113/116 113/110/113 99/96/99
f 98/95/98 116/113/116 99/96/99
f 117/114/117 116/113/116 118/115/118
f 118/115/118 116/113/116 98/95/98
f 118/115/118 98/95/98 101/98/101
f 101/98/101 117/114/117 118/115/118
f 119/116/119 116/113/116 117/114/117
f 119/116/119 113/110/113 116/113/116
f 120/117/120 115/112/115 113/110/113
f 120/117/120 113/110/113 119/116/119
f 121/118/121 115/112/115 120/117/120
f 122/119/122 115/112/115 121/118/121
f 123/120/123 120/117/120 119/116/119
f 121/118/121 120/117/120 123/120/123
f 117/114/117 123/120/123 119/116/119
f 124/121/124 123/120/123 117/114/117
f 125/122/122 124/121/124 126/123/125
f 126/123/125 124/121/124 117/114/117
f 126/123/125 117/114/117 101/98/101
f 127/124/126 128/125/127 129/126/128
f 129/126/128 130/127/129 127/124/126
f 131/128/130 132/129/131 133/130/132
f 131/128/130 133/130/132 134/131/133
f 134/131/133 133/130/132 135/132/134
f 134/131/133 135/132/134 136/133/135
f 137/134/136 128/125/127 136/133/135
f 136/133/135 135/132/134 137/134/136
f 136/133/135 128/125/127 138/135/137
f 138/135/137 128/125/127 127/124/126
f 139/136/138 136/133/135 138/135/137
f 138/135/137 127/124/126 139/136/138
f 139/136/138 127/124/126 140/137/139
f 141/138/140 140/137/139 142/139/141
f 143/140/142 140/137/139 141/138/140
f 139/136/138 140/137/139 143/140/142
f 144/141/143 143/140/142 141/138/140
f 145/142/144 141/138/140 142/139/141
f 144/141/143 141/138/140 145/142/144
f 142/139/141 146/143/145 145/142/144
f 142/139/141 147/144/146 146/143/145
f 146/143/145 147/144/146 148/145/147
f 148/145/147 147/144/146 149/146/148
f 148/145/147 149/146/148 150/147/149
f 146/143/145 148/145/147 151/148/150
f 145/142/144 146/143/145 151/148/150
f 151/148/150 148/145/147 152/149/151
f 153/150/152 148/145/147 150/147/149
f 152/149/151 148/145/147 153/150/152
f 127/124/126 130/127/129 154/151/153
f 127/124/126 154/151/153 140/137/139
f 155/152/154 147/144/146 142/139/141
f 155/152/154 154/151/153 147/144/146
f 142/139/141 140/137/139 155/152/154
f 140/137/139 154/151/153 155/152/154
f 147/144/146 156/153/155 149/146/148
f 147/144/146 154/151/153 156/153/155
f 154/151/153 130/127/129 156/153/155
f 149/146/148 156/153/155 157/154/156
f 150/147/149 149/146/148 158/155/157
f 157/154/156 159/156/158 149/146/148
f 149/146/148 159/156/158 158/155/157
f 157/154/156 160/157/159 159/156/158
f 156/153/155 161/158/160 157/154/156
f 161/158/160 160/157/159 157/154/156
f 162/159/161 161/158/160 156/153/155
f 156/153/155 130/127/129 162/159/161
f 163/160/162 143/140/142 144/141/143
f 164/161/163 143/140/142 163/160/162
f 143/140/142 165/162/164 139/136/138
f 165/162/164 136/133/135 139/136/138
f 166/163/165 143/140/142 164/161/163
f 166/163/165 165/162/164 143/140/142
f 164/161/163 167/164/166 166/163/165
f 167/164/166 165/162/164 166/163/165
f 168/165/167 167/164/166 164/161/163
f 168/165/167 169/166/168 167/164/166
f 170/167/169 169/166/168 168/165/167
f 171/168/170 169/166/168 170/167/169
f 172/169/171 169/166/168 171/168/170
f 173/170/172 172/169/171 171/168/170
f 131/128/130 134/131/133 174/171/173
f 172/169/171 174/171/173 169/166/168
f 175/172/174 165/162/164 167/164/166
f 169/166/168 175/172/174 167/164/166
f 175/172/174 136/133/135 165/162/164
f 134/131/133 136/133/135 175/172/174
f 174/171/173 134/131/133 175/172/174
f 174/171/173 175/172/174 169/166/168
f 176/173/175 172/169/171 173/170/172
f 177/174/176 176/173/175 173/170/172
f 176/173/175 178/175/177 172/169/171
f 178/175/177 174/171/173 172/169/171
f 174/171/173 179/176/178 131/128/130
f 178/175/177 179/176/178 174/171/173
f 179/176/178 132/129/131 131/128/130
f 180/177/179 181/178/180 177/174/176
f 177/174/176 181/178/180 182/179/181
f 182/179/181 176/173/175 177/174/176
f 183/180/182 178/175/177 176/173/175
f 182/179/181 183/180/182 176/173/175
f 178/175/177 184/181/183 179/176/178
f 183/180/182 184/181/183 178/175/177
f 184/181/183 185/182/184 179/176/178
f 179/176/178 185/182/184 132/129/131
f 181/178/180 186/183/185 182/179/181
f 184/181/183 187/184/176 185/182/184
f 188/185/186 187/184/176 189/186/187
f 189/186/187 190/187/188 186/183/185
f 190/187/188 187/184/176 184/181/183
f 183/180/182 190/187/188 184/181/183
f 189/186/187 187/184/176 190/187/188
f 191/188/189 190/187/188 183/180/182
f 191/188/189 183/180/182 182/179/181
f 182/179/181 186/183/185 191/188/189
f 186/183/185 190/187/188 191/188/189
f 192/189/190 193/190/191 194/191/192
f 192/189/190 194/191/192 195/192/193
f 195/192/193 194/191/192 196/193/194
f 196/193/194 197/194/195 195/192/193
f 196/193/194 198/195/196 197/194/195
f 194/191/192 199/196/197 196/193/194
f 199/196/197 198/195/196 196/193/194
f 195/192/193 197/194/195 200/197/198
f 201/198/199 193/190/191 192/189/190
f 201/198/199 192/189/190 202/199/200
f 202/199/200 192/189/190 203/200/201
f 204/201/202 192/189/190 195/192/193
f 203/200/201 192/189/190 204/201/202
f 205/202/203 195/192/193 200/197/198
f 204/201/202 195/192/193 205/202/203
f 200/197/198 206/203/204 205/202/203
f 200/197/198 197/194/195 206/203/204
f 197/194/195 198/195/196 207/204/205
f 206/203/204 197/194/195 207/204/205
f 207/204/205 198/195/196 208/205/206
f 205/202/203 206/203/204 209/206/207
f 198/195/196 210/207/208 208/205/206
f 208/205/206 210/207/208 211/208/209
f 198/195/196 212/209/202 210/207/208
f 199/196/197 212/209/202 198/195/196
f 213/210/210 199/196/197 194/191/192
f 213/210/210 212/209/202 199/196/197
f 193/190/191 214/211/211 194/191/192
f 194/191/192 214/211/211 213/210/210
f 193/190/191 215/212/212 214/211/211
f 216/213/213 215/212/212 193/190/191
f 214/211/211 217/214/214 213/210/210
f 217/214/214 212/209/202 213/210/210
f 218/215/200 217/214/214 214/211/211
f 215/212/212 219/216/215 214/211/211
f 214/211/211 219/216/215 218/215/200
f 216/213/213 220/217/216 215/212/212
f 220/217/216 219/216/215 215/212/212
f 221/218/217 219/216/215 220/217/216
f 222/219/218 221/218/217 220/217/216
f 223/220/219 221/218/217 222/219/218
f 222/219/218 224/221/220 223/220/219
f 225/222/221 222/219/218 220/217/216
f 225/222/221 220/217/216 216/213/213
f 226/223/222 222/219/218 225/222/221
f 227/224/223 222/219/218 226/223/222
f 227/224/223 226/223/222 228/225/224
f 229/226/225 227/224/223 228/225/224
f 228/225/224 230/227/226 229/226/225
f 230/227/226 231/228/227 229/226/225
f 232/229/228 231/228/227 230/227/226
f 228/225/224 226/223/222 233/230/229
f 234/231/230 230/227/226 228/225/224
f 235/232/231 228/225/224 233/230/229
f 234/231/230 228/225/224 235/232/231
f 233/230/229 226/223/222 236/233/232
f 236/233/232 226/223/222 225/222/221
f 233/230/229 236/233/232 235/232/231
f 236/233/232 225/222/221 237/234/233
f 237/234/233 225/222/221 216/213/213
f 216/213/213 193/190/191 237/234/233
f 237/234/233 193/190/191 201/198/199
f 237/234/233 201/198/199 238/235/234
f 238/235/234 201/198/199 202/199/200
f 236/233/232 237/234/233 239/236/217
f 235/232/231 236/233/232 239/236/217
f 239/236/217 237/234/233 238/235/234
f 240/237/235 241/238/236 242/239/237
f 240/237/235 242/239/237 243/240/238
f 243/240/238 242/239/237 244/241/239
f 243/240/238 244/241/239 245/242/240
f 245/242/240 244/241/239 246/243/241
f 247/244/242 241/238/236 240/237/235
f 247/244/242 248/245/243 241/238/236
f 247/244/242 240/237/235 249/246/244
f 243/240/238 250/247/245 240/237/235
f 249/246/244 240/237/235 250/247/245
f 243/240/238 245/242/240 251/248/246
f 251/248/246 250/247/245 243/240/238
f 251/248/246 245/242/240 252/249/247
f 251/248/246 252/249/247 231/228/227
f 231/228/227 252/249/247 229/226/225
f 252/249/247 227/224/223 229/226/225
f 253/250/248 222/219/218 227/224/223
f 252/249/247 253/250/248 227/224/223
f 253/250/248 246/243/241 224/221/220
f 245/242/240 246/243/241 253/250/248
f 245/242/240 253/250/248 252/249/247
f 253/250/248 224/221/220 222/219/218
f 254/251/249 251/248/246 231/228/227
f 250/247/245 251/248/246 254/251/249
f 232/229/228 254/251/249 231/228/227
f 255/252/250 250/247/245 254/251/249
f 249/246/244 250/247/245 255/252/250
f 256/253/251 255/252/250 254/251/249
f 256/253/251 254/251/249 232/229/228
f 257/254/252 255/252/250 256/253/251
f 257/254/252 258/255/253 255/252/250
f 258/255/253 249/246/244 255/252/250
f 259/256/243 258/255/253 257/254/252
f 258/255/253 259/256/243 260/257/254
f 260/257/254 259/256/243 261/258/255
f 262/259/256 260/257/254 261/258/255
f 263/260/257 260/257/254 262/259/256
f 260/257/254 264/261/258 258/255/253
f 264/261/258 265/262/259 266/263/260
f 266/263/260 267/264/261 264/261/258
f 266/263/260 248/245/243 267/264/261
f 267/264/261 248/245/243 247/244/242
f 264/261/258 267/264/261 268/265/262
f 267/264/261 247/244/242 268/265/262
f 268/265/262 247/244/242 249/246/244
f 268/265/262 249/246/244 258/255/253
f 258/255/253 264/261/258 268/265/262
f 260/257/254 269/266/263 264/261/258
f 263/260/257 269/266/263 260/257/254
f 269/266/263 265/262/259 264/261/258
f 263/260/257 270/267/264 269/266/263
f 271/268/265 270/267/264 263/260/257
f 269/266/263 272/269/266 265/262/259
f 270/267/264 272/269/266 269/266/263
f 273/270/267 263/260/257 262/259/256
f 271/268/265 263/260/257 273/270/267
f 274/271/268 270/267/264 271/268/265
f 273/270/267 274/271/268 271/268/265
f 275/272/269 270/267/264 274/271/268
f 275/272/269 272/269/266 270/267/264
f 276/273/270 272/269/266 275/272/269
f 276/273/270 277/274/271 272/269/266
f 278/275/272 277/274/271 276/273/270
f 279/276/273 277/274/271 278/275/272
f 280/277/274 274/271/268 273/270/267
f 278/275/272 276/273/270 281/278/275
f 281/278/275 276/273/270 275/272/269
f 274/271/268 281/278/275 275/272/269
f 280/277/274 282/279/276 274/271/268
f 282/279/276 281/278/275 274/271/268
f 283/280/277 282/279/276 280/277/274
f 265/262/259 284/281/278 266/263/260
f 284/281/278 248/245/243 266/263/260
f 285/282/279 284/281/278 265/262/259
f 272/269/266 285/282/279 265/262/259
f 272/269/266 277/274/271 286/283/280
f 286/283/280 285/282/279 272/269/266
f 287/284/281 288/285/282 289/286/283
f 288/285/282 290/287/284 289/286/283
f 289/286/283 290/287/284 291/288/285
f 288/285/282 292/289/286 290/287/284
f 293/290/287 292/289/286 288/285/282
f 294/291/288 292/289/286 293/290/287
f 294/291/288 293/290/287 295/292/289
f 295/292/289 296/293/290 294/291/288
f 297/294/291 296/293/290 295/292/289
f 297/294/291 298/295/292 296/293/290
f 299/296/293 298/295/292 297/294/291
f 300/297/161 292/289/286 294/291/288
f 296/293/290 301/298/294 294/291/288
f 298/295/292 301/298/294 296/293/290
f 294/291/288 301/298/294 300/297/161
f 302/299/295 301/298/294 298/295/292
f 303/300/296 302/299/295 298/295/292
f 299/296/293 303/300/296 298/295/292
f 304/301/297 302/299/295 303/300/296
f 303/300/296 305/302/298 304/301/297
f 306/303/299 305/302/298 303/300/296
f 306/303/299 307/304/300 305/302/298
f 306/303/299 303/300/296 308/305/301
f 309/306/302 307/304/300 306/303/299
f 309/306/302 306/303/299 310/307/303
f 310/307/303 306/303/299 308/305/301
f 310/307/303 308/305/301 311/308/304
f 308/305/301 303/300/296 312/309/305
f 312/309/305 303/300/296 299/296/293
f 308/305/301 312/309/305 313/310/306
f 311/308/304 308/305/301 313/310/306
f 314/311/307 311/308/304 313/310/306
f 315/312/308 311/308/304 314/311/307
f 314/311/307 313/310/306 316/313/297
f 313/310/306 312/309/305 317/314/309
f 316/313/297 313/310/306 317/314/309
f 317/314/309 312/309/305 318/315/310
f 318/315/310 312/309/305 299/296/293
f 317/314/309 318/315/310 316/313/297
f 297/294/291 295/292/289 319/316/311
f 318/315/310 299/296/293 319/316/311
f 319/316/311 299/296/293 297/294/291
f 319/316/311 295/292/289 320/317/312
f 320/317/312 295/292/289 321/318/313
f 316/313/297 318/315/310 322/319/314
f 318/315/310 319/316/311 322/319/314
f 319/316/311 320/317/312 323/320/315
f 322/319/314 319/316/311 323/320/315
f 323/320/315 320/317/312 324/321/316
f 324/321/316 320/317/312 325/322/317
f 325/322/317 320/317/312 321/318/313
f 325/322/317 321/318/313 326/323/318
f 326/323/318 321/318/313 327/324/319
f 327/324/319 287/284/281 328/325/320
f 327/324/319 328/325/320 326/323/318
f 329/326/321 287/284/281 327/324/319
f 329/326/321 288/285/282 287/284/281
f 321/318/313 329/326/321 327/324/319
f 295/292/289 293/290/287 330/327/322
f 321/318/313 295/292/289 330/327/322
f 330/327/322 329/326/321 321/318/313
f 330/327/322 288/285/282 329/326/321
f 293/290/287 288/285/282 330/327/322
f 326/323/318 328/325/320 331/328/323
f 332/329/324 333/330/325 334/331/325
f 335/332/324 333/330/325 332/329/324
f 336/333/326 335/332/324 332/329/324
f 337/334/326 335/332/324 336/333/326
f 338/335/327 337/334/326 336/333/326
f 339/336/327 337/334/326 338/335/327
f 340/337/328 339/336/327 338/335/327
f 341/338/329 339/336/327 340/337/328
f 342/339/330 341/338/329 340/337/328
f 343/340/330 341/338/329 342/339/330
f 344/341/331 345/342/332 346/343/332
f 347/344/331 345/342/332 344/341/331
f 348/345/333 347/344/331 344/341/331
f 349/346/333 347/344/331 348/345/333
f 350/347/334 349/346/333 348/345/333
f 351/348/334 349/346/333 350/347/334
f 352/349/335 351/348/334 350/347/334
f 353/350/335 351/348/334 352/349/335
f 334/331/325 353/350/335 352/349/335
f 333/330/325 353/350/335 334/331/325
f 354/349/336 355/330/337 356/331/337
f 357/350/336 355/330/337 354/349/336
f 358/347/338 357/350/336 354/349/336
f 359/348/338 357/350/336 358/347/338
f 360/345/339 359/348/338 358/347/338
f 361/346/339 359/348/338 360/345/339
f 362/341/340 361/346/339 360/345/339
f 363/344/341 361/346/339 362/341/340
f 364/343/342 363/344/341 362/341/340
f 365/342/342 363/344/341 364/343/342
f 366/337/343 367/340/344 368/339/344
f 369/338/343 367/340/344 366/337/343
f 370/335/345 369/338/343 366/337/343
f 371/336/345 369/338/343 370/335/345
f 372/333/346 371/336/345 370/335/345
f 373/334/347 371/336/345 372/333/346
f 374/329/348 373/334/347 372/333/346
f 375/332/349 373/334/347 374/329/348
f 356/331/337 375/332/349 374/329/348
f 355/330/337 375/332/349 356/331/337
f 376/351/350 377/352/351 378/353/351
f 379/354/352 377/352/351 376/351/350
f 379/354/352 376/351/350 380/355/353
f 380/355/353 376/351/350 381/356/354
f 380/355/353 381/356/354 382/357/355
f 382/357/355 381/356/354 383/358/356
f 382/357/355 383/358/356 384/359/357
f 384/359/357 383/358/356 385/360/357
f 384/359/357 385/360/357 386/361/358
f 386/361/358 385/360/357 387/362/358
f 386/361/358 387/362/358 388/363/359
f 388/363/359 387/362/358 389/364/360
f 388/363/359 389/364/360 390/365/361
f 390/365/361 389/364/360 391/366/361
f 390/365/361 391/366/361 392/367/362
f 392/367/362 391/366/361 393/368/362
f 392/367/362 393/368/362 394/369/363
f 394/369/363 393/368/362 395/370/364
f 394/369/363 395/370/364 396/371/365
f 396/371/365 395/370/364 397/372/365
f 398/373/366 399/374/366 400/375/367
f 400/375/367 399/374/366 401/376/367
f 400/375/367 401/376/367 402/377/368
f 402/377/368 401/376/367 403/378/368
f 402/377/368 403/378/368 404/379/369
f 404/379/369 403/378/368 405/380/369
f 404/379/369 405/380/369 406/381/370
f 406/381/370 405/380/369 407/382/370
f 406/381/370 407/382/370 408/383/370
f 408/383/370 407/382/370 409/384/370
f 410/385/371 411/386/372 412/387/371
f 413/388/372 411/386/372 410/385/371
f 413/388/372 414/389/373 411/386/372
f 415/390/373 414/389/373 413/388/372
f 415/390/373 416/391/374 414/389/373
f 417/392/374 416/391/374 415/390/373
f 417/392/374 418/393/375 416/391/374
f 398/373/366 418/393/375 399/374/366
f 419/394/375 418/393/375 417/392/374
f 399/374/366 418/393/375 419/394/375
f 420/363/376 421/362/377 422/361/378
f 423/364/376 421/362/377 420/363/376
f 424/365/379 423/364/376 420/363/376
f 425/366/380 423/364/376 424/365/379
f 426/367/381 425/366/380 424/365/379
f 427/368/382 425/366/380 426/367/381
f 428/369/383 427/368/382 426/367/381
f 429/370/384 427/368/382 428/369/383
f 430/371/385 429/370/384 428/369/383
f 431/372/385 429/370/384 430/371/385
f 432/352/386 433/351/387 434/353/386
f 435/354/387 433/351/387 432/352/386
f 436/355/388 433/351/387 435/354/387
f 437/356/388 433/351/387 436/355/388
f 438/357/389 437/356/388 436/355/388
f 439/358/389 437/356/388 438/357/389
f 440/359/390 439/358/389 438/357/389
f 422/361/378 441/360/390 440/359/390
f 421/362/377 441/360/390 422/361/378
f 441/360/390 439/358/389 440/359/390
f 442/373/391 443/374/392 444/393/393
f 444/393/393 443/374/392 445/394/393
f 445/394/393 446/391/394 444/393/393
f 447/392/395 446/391/394 445/394/393
f 447/392/395 448/389/396 446/391/394
f 449/390/396 448/389/396 447/392/395
f 449/390/396 450/386/397 448/389/396
f 451/388/397 450/386/397 449/390/396
f 451/388/397 452/387/398 450/386/397
f 453/385/398 452/387/398 451/388/397
f 454/395/399 455/396/400 456/397/401
f 457/398/402 458/399/403 455/396/400
f 459/400/404 460/401/405 461/402/406
f 462/403/407 460/401/405 459/400/404
f 459/400/404 463/404/408 462/403/407
f 464/405/409 463/404/408 459/400/404
f 463/404/408 464/405/409 458/399/403
f 458/399/403 465/406/410 455/396/400
f 458/399/403 464/405/409 465/406/410
f 456/397/401 455/396/400 466/407/411
f 455/396/400 465/406/410 466/407/411
f 456/397/401 466/407/411 467/408/412
f 465/406/410 468/409/413 466/407/411
f 464/405/409 468/409/413 465/406/410
f 459/400/404 469/410/414 464/405/409
f 469/410/414 468/409/413 464/405/409
f 459/400/404 461/402/406 470/411/415
f 470/411/415 469/410/414 459/400/404
f 470/411/415 461/402/406 471/412/416
f 470/411/415 471/412/416 472/413/417
f 472/413/417 471/412/416 473/414/418
f 470/411/415 474/415/419 469/410/414
f 472/413/417 474/415/419 470/411/415
f 469/410/414 475/416/420 468/409/413
f 474/415/419 475/416/420 469/410/414
f 472/413/417 473/414/418 476/417/421
f 476/417/421 473/414/418 477/418/422
f 472/413/417 478/419/423 474/415/419
f 476/417/421 478/419/423 472/413/417
f 474/415/419 479/420/424 475/416/420
f 478/419/423 479/420/424 474/415/419
f 475/416/420 479/420/424 480/421/425
f 481/422/412 475/416/420 480/421/425
f 468/409/413 475/416/420 481/422/412
f 466/407/411 468/409/413 481/422/412
f 467/408/412 466/407/411 481/422/412
f 482/423/425 481/422/412 480/421/425
f 467/408/412 481/422/412 482/423/425
f 482/423/425 480/421/425 483/424/426
f 480/421/425 479/420/424 484/425/427
f 483/424/426 480/421/425 484/425/427
f 479/420/424 485/426/428 484/425/427
f 478/419/423 485/426/428 479/420/424
f 476/417/421 486/427/429 478/419/423
f 486/427/429 485/426/428 478/419/423
f 476/417/421 477/418/422 487/428/430
f 487/428/430 486/427/429 476/417/421
f 487/428/430 477/418/422 488/429/431
f 484/425/427 485/426/428 489/430/432
f 490/431/433 488/429/431 477/418/422
f 491/432/434 488/429/431 490/431/433
f 492/433/425 477/418/422 473/414/418
f 490/431/433 477/418/422 492/433/425
f 492/433/425 473/414/418 493/434/412
f 493/434/412 473/414/418 471/412/416
f 494/435/411 471/412/416 461/402/406
f 493/434/412 471/412/416 494/435/411
f 495/436/435 461/402/406 460/401/405
f 494/435/411 461/402/406 495/436/435
f 495/436/435 460/401/405 496/437/436
f 462/403/407 497/438/437 460/401/405
f 496/437/436 460/401/405 497/438/437
f 462/403/407 463/404/408 498/439/438
f 498/439/438 497/438/437 462/403/407
f 463/404/408 458/399/403 499/440/439
f 498/439/438 463/404/408 499/440/439
f 499/440/439 458/399/403 500/441/440
f 500/441/440 458/399/403 457/398/402
f 501/442/441 500/441/440 457/398/402
f 498/439/438 502/443/442 497/438/437
f 498/439/438 499/440/439 503/444/443
f 503/444/443 502/443/442 498/439/438
f 503/444/443 499/440/439 504/445/444
f 499/440/439 500/441/440 504/445/444
f 505/446/445 500/441/440 501/442/441
f 504/445/444 500/441/440 505/446/445
f 506/447/446 505/446/445 501/442/441
f 507/448/447 505/446/445 506/447/446
f 508/449/448 507/448/447 506/447/446
f 457/398/402 509/450/449 501/442/441
f 501/442/441 509/450/449 510/451/450
f 510/451/450 506/447/446 501/442/441
f 506/447/446 511/452/446 508/449/448
f 511/452/446 506/447/446 510/451/450
f 508/449/448 511/452/446 512/453/448
f 508/449/448 512/453/448 513/454/451
f 513/454/451 512/453/448 514/455/451
f 513/454/451 514/455/451 515/456/452
f 515/456/452 514/455/451 516/457/453
f 513/454/451 517/458/454 508/449/448
f 517/458/454 507/448/447 508/449/448
f 515/456/452 518/459/455 513/454/451
f 518/459/455 517/458/454 513/454/451
f 519/460/456 518/459/455 515/456/452
f 520/461/457 518/459/455 519/460/456
f 520/461/457 519/460/456 521/462/458
f 522/463/459 520/461/457 521/462/458
f 522/463/459 521/462/458 523/464/460
f 523/464/460 524/465/461 522/463/459
f 504/445/444 505/446/445 525/466/462
f 525/466/462 505/446/445 507/448/447
f 526/467/463 507/448/447 517/458/454
f 525/466/462 507/448/447 526/467/463
f 527/468/464 517/458/454 518/459/455
f 527/468/464 518/459/455 520/461/457
f 526/467/463 517/458/454 527/468/464
f 503/444/443 504/445/444 528/469/465
f 528/469/465 504/445/444 525/466/462
f 529/470/466 525/466/462 526/467/463
f 528/469/465 525/466/462 529/470/466
f 530/471/467 526/467/463 527/468/464
f 529/470/466 526/467/463 530/471/467
f 530/471/467 527/468/464 531/472/468
f 531/472/468 527/468/464 520/461/457
f 531/472/468 520/461/457 522/463/459
f 522/463/459 532/473/469 531/472/468
f 522/463/459 524/465/461 532/473/469
f 531/472/468 533/474/470 530/471/467
f 531/472/468 532/473/469 533/474/470
f 530/471/467 533/474/470 534/475/471
f 530/471/467 534/475/471 529/470/466
f 529/470/466 535/476/472 528/469/465
f 529/470/466 534/475/471 535/476/472
f 528/469/465 536/477/473 503/444/443
f 503/444/443 536/477/473 502/443/442
f 528/469/465 535/476/472 536/477/473
f 537/478/474 524/465/461 538/479/475
f 523/464/460 538/479/475 524/465/461
f 539/480/476 532/473/469 524/465/461
f 539/480/476 524/465/461 537/478/474
f 540/481/477 532/473/469 539/480/476
f 540/481/477 533/474/470 532/473/469
f 541/482/478 534/475/471 533/474/470
f 541/482/478 533/474/470 540/481/477
f 542/483/479 534/475/471 541/482/478
f 542/483/479 535/476/472 534/475/471
f 543/484/480 535/476/472 542/483/479
f 543/484/480 536/477/473 535/476/472
f 544/485/446 502/443/442 536/477/473
f 544/485/446 536/477/473 543/484/480
f 545/486/481 497/438/437 502/443/442
f 496/437/436 497/438/437 545/486/481
f 545/486/481 502/443/442 544/485/446
f 546/382/482 547/383/483 548/384/483
f 549/381/482 547/383/483 546/382/482
f 549/381/482 546/382/482 550/379/484
f 550/379/484 546/382/482 551/380/484
f 550/379/484 551/380/484 552/377/485
f 552/377/485 551/380/484 553/378/485
f 552/377/485 553/378/485 554/375/486
f 442/373/391 555/376/486 443/374/392
f 554/375/486 555/376/486 442/373/391
f 554/375/486 553/378/485 555/376/486
f 521/462/458 519/460/456 556/487/487
f 557/488/476 556/487/487 558/489/488
f 556/487/487 519/460/456 558/489/488
f 558/489/488 519/460/456 515/456/452
f 559/490/489 556/487/487 557/488/476
f 521/462/458 556/487/487 560/491/490
f 523/464/460 521/462/458 560/491/490
f 560/491/490 556/487/487 559/490/489
f 560/491/490 559/490/489 561/492/429
f 523/464/460 560/491/490 562/493/430
f 562/493/430 560/491/490 561/492/429
f 562/493/430 538/479/475 523/464/460
f 561/492/429 559/490/489 563/494/491
f 564/495/492 559/490/489 557/488/476
f 563/494/491 559/490/489 564/495/492
f 515/456/452 565/496/493 558/489/488
f 516/457/453 565/496/493 515/456/452
f 566/497/494 567/498/495 568/499/496
f 567/498/495 569/500/497 568/499/496
f 569/500/497 570/501/498 568/499/496
f 570/501/498 571/502/499 568/499/496
f 571/502/499 572/503/500 568/499/496
f 572/503/500 573/504/501 568/499/496
f 573/504/501 574/505/502 568/499/496
f 574/505/502 575/506/503 568/499/496
f 576/507/504 577/508/505 568/499/496
f 577/508/505 578/509/506 568/499/496
f 578/509/506 579/510/507 568/499/496
f 579/510/507 580/511/508 568/499/496
f 580/511/508 581/512/509 568/499/496
f 581/512/509 582/513/510 568/499/496
f 582/513/510 583/514/511 568/499/496
f 583/514/511 584/515/512 568/499/496
f 585/516/513 566/497/494 568/499/496
f 584/515/512 585/516/513 568/499/496
f 575/506/503 586/517/514 568/499/496
f 586/517/514 587/518/515 568/499/496
f 587/518/515 588/519/516 568/499/496
f 588/519/516 589/520/517 568/499/496
f 589/520/517 590/521/518 568/499/496
f 590/521/518 591/522/519 568/499/496
f 591/522/519 592/523/520 568/499/496
f 592/523/520 593/524/521 568/499/496
f 593/524/521 594/525/522 568/499/496
f 594/525/522 576/507/504 568/499/496
f 595/526/523 596/527/524 597/528/499
f 596/527/524 598/529/525 597/528/499
f 598/529/525 596/527/524 599/530/526
f 597/528/499 598/529/525 600/531/500
f 599/530/526 601/532/527 602/533/528
f 603/534/529 601/532/527 599/530/526
f 599/530/526 596/527/524 603/534/529
f 604/535/530 596/527/524 595/526/523
f 596/527/524 604/535/530 603/534/529
f 605/536/497 604/535/530 595/526/523
f 606/537/531 604/535/530 605/536/497
f 607/538/532 606/537/531 605/536/497
f 608/539/533 606/537/531 607/538/532
f 609/540/534 608/539/533 607/538/532
f 604/535/530 606/537/531 610/541/535
f 603/534/529 604/535/530 610/541/535
f 606/537/531 608/539/533 611/542/536
f 610/541/535 606/537/531 611/542/536
f 611/542/536 608/539/533 612/543/537
f 608/539/533 613/544/538 612/543/537
f 613/544/538 608/539/533 609/540/534
f 612/543/537 613/544/538 614/545/539
f 613/544/538 615/546/540 614/545/539
f 614/545/539 615/546/540 616/547/541
f 615/546/540 617/548/542 616/547/541
f 614/545/539 618/549/543 612/543/537
f 612/543/537 619/550/544 611/542/536
f 612/543/537 618/549/543 619/550/544
f 611/542/536 620/551/545 610/541/535
f 611/542/536 619/550/544 620/551/545
f 610/541/535 621/552/546 603/534/529
f 603/534/529 621/552/546 601/532/527
f 610/541/535 620/551/545 621/552/546
f 622/553/547 621/552/546 620/551/545
f 623/554/548 620/551/545 619/550/544
f 622/553/547 620/551/545 623/554/548
f 624/555/549 601/532/527 621/552/546
f 624/555/549 621/552/546 622/553/547
f 625/556/550 601/532/527 624/555/549
f 625/556/550 602/533/528 601/532/527
f 626/557/551 602/533/528 625/556/550
f 627/558/552 628/559/553 629/560/554
f 627/558/552 630/561/555 628/559/553
f 631/562/556 630/561/555 627/558/552
f 631/562/556 632/563/557 630/561/555
f 616/547/541 630/561/555 632/563/557
f 614/545/539 632/563/557 618/549/543
f 616/547/541 632/563/557 614/545/539
f 633/564/558 618/549/543 632/563/557
f 633/564/558 632/563/557 631/562/556
f 634/565/559 619/550/544 618/549/543
f 623/554/548 619/550/544 634/565/559
f 634/565/559 618/549/543 633/564/558
f 635/566/560 636/567/561 637/568/562
f 637/568/562 636/567/561 638/569/563
f 629/560/554 628/559/553 638/569/563
f 639/570/564 638/569/563 628/559/553
f 637/568/562 638/569/563 639/570/564
f 616/547/541 617/548/542 640/571/565
f 639/570/564 628/559/553 640/571/565
f 640/571/565 628/559/553 630/561/555
f 640/571/565 630/561/555 616/547/541
f 617/548/542 641/572/566 640/571/565
f 640/571/565 641/572/566 639/570/564
f 639/570/564 642/573/567 637/568/562
f 641/572/566 642/573/567 639/570/564
f 637/568/562 643/574/568 635/566/560
f 642/573/567 643/574/568 637/568/562
f 643/574/568 644/575/569 635/566/560
f 635/566/560 644/575/569 645/576/570
f 644/575/569 646/577/571 645/576/570
f 643/574/568 642/573/567 647/578/572
f 644/575/569 643/574/568 648/579/508
f 648/579/508 643/574/568 647/578/572
f 646/577/571 644/575/569 649/580/573
f 649/580/573 644/575/569 648/579/508
f 650/581/574 646/577/571 649/580/573
f 651/582/575 646/577/571 650/581/574
f 652/583/576 651/582/575 650/581/574
f 653/584/577 651/582/575 652/583/576
f 654/585/578 653/584/577 652/583/576
f 646/577/571 651/582/575 655/586/579
f 645/576/570 646/577/571 655/586/579
f 651/582/575 653/584/577 656/587/580
f 655/586/579 651/582/575 656/587/580
f 656/587/580 653/584/577 657/588/581
f 653/584/577 658/589/582 657/588/581
f 658/589/582 653/584/577 654/585/578
f 657/588/581 658/589/582 659/590/583
f 658/589/582 660/591/584 659/590/583
f 659/590/583 660/591/584 661/592/585
f 660/591/584 662/593/586 661/592/585
f 663/594/587 658/589/582 654/585/578
f 660/591/584 658/589/582 663/594/587
f 662/593/586 660/591/584 664/595/588
f 664/595/588 660/591/584 663/594/587
f 665/596/589 662/593/586 664/595/588
f 666/597/590 662/593/586 665/596/589
f 667/598/591 666/597/590 665/596/589
f 668/599/592 666/597/590 667/598/591
f 669/600/593 668/599/592 667/598/591
f 661/592/585 662/593/586 670/601/594
f 662/593/586 666/597/590 670/601/594
f 666/597/590 668/599/592 671/602/595
f 670/601/594 666/597/590 671/602/595
f 671/602/595 668/599/592 672/603/596
f 668/599/592 673/604/597 672/603/596
f 673/604/597 668/599/592 669/600/593
f 672/603/596 673/604/597 674/605/598
f 673/604/597 675/606/599 674/605/598
f 674/605/598 675/606/599 676/607/600
f 675/606/599 677/608/601 676/607/600
f 675/606/599 673/604/597 678/609/517
f 678/609/517 673/604/597 669/600/593
f 677/608/601 675/606/599 679/610/602
f 679/610/602 675/606/599 678/609/517
f 680/611/603 677/608/601 679/610/602
f 681/612/604 677/608/601 680/611/603
f 682/613/514 681/612/604 680/611/603
f 683/614/605 681/612/604 682/613/514
f 684/615/606 683/614/605 682/613/514
f 677/608/601 681/612/604 685/616/607
f 676/607/600 677/608/601 685/616/607
f 681/612/604 683/614/605 686/617/608
f 685/616/607 681/612/604 686/617/608
f 686/617/608 683/614/605 687/618/609
f 688/619/610 689/620/611 687/618/609
f 687/618/609 689/620/611 690/621/612
f 687/618/609 690/621/612 686/617/608
f 686/617/608 691/622/613 685/616/607
f 686/617/608 690/621/612 691/622/613
f 685/616/607 692/623/614 676/607/600
f 685/616/607 691/622/613 692/623/614
f 676/607/600 692/623/614 693/624/615
f 676/607/600 693/624/615 674/605/598
f 674/605/598 694/625/616 672/603/596
f 674/605/598 693/624/615 694/625/616
f 695/626/617 692/623/614 691/622/613
f 695/626/617 691/622/613 696/627/618
f 696/627/618 691/622/613 690/621/612
f 697/628/619 692/623/614 695/626/617
f 697/628/619 693/624/615 692/623/614
f 698/629/620 693/624/615 697/628/619
f 698/629/620 694/625/616 693/624/615
f 699/630/621 694/625/616 698/629/620
f 699/630/621 700/631/622 694/625/616
f 672/603/596 700/631/622 671/602/595
f 672/603/596 694/625/616 700/631/622
f 701/632/623 700/631/622 699/630/621
f 701/632/623 702/633/624 700/631/622
f 671/602/595 702/633/624 670/601/594
f 671/602/595 700/631/622 702/633/624
f 670/601/594 703/634/625 661/592/585
f 670/601/594 702/633/624 703/634/625
f 661/592/585 704/635/626 659/590/583
f 661/592/585 703/634/625 704/635/626
f 659/590/583 704/635/626 705/636/627
f 659/590/583 705/636/627 657/588/581
f 706/637/628 702/633/624 701/632/623
f 706/637/628 703/634/625 702/633/624
f 707/638/629 704/635/626 703/634/625
f 707/638/629 703/634/625 706/637/628
f 708/639/630 704/635/626 707/638/629
f 708/639/630 705/636/627 704/635/626
f 709/640/631 705/636/627 708/639/630
f 657/588/581 710/641/632 656/587/580
f 709/640/631 710/641/632 705/636/627
f 657/588/581 705/636/627 710/641/632
f 711/642/633 710/641/632 709/640/631
f 711/642/633 712/643/634 710/641/632
f 656/587/580 712/643/634 655/586/579
f 656/587/580 710/641/632 712/643/634
f 655/586/579 713/644/635 645/576/570
f 655/586/579 712/643/634 713/644/635
f 635/566/560 714/645/636 636/567/561
f 645/576/570 713/644/635 714/645/636
f 645/576/570 714/645/636 635/566/560
f 715/646/637 712/643/634 711/642/633
f 715/646/637 713/644/635 712/643/634
f 716/647/638 714/645/636 713/644/635
f 716/647/638 713/644/635 715/646/637
f 717/648/639 636/567/561 714/645/636
f 717/648/639 714/645/636 716/647/638
f 718/649/640 636/567/561 717/648/639
f 629/560/554 638/569/563 718/649/640
f 718/649/640 638/569/563 636/567/561
f 719/650/641 720/651/642 721/652/643
f 722/653/644 721/652/643 720/651/642
f 723/654/645 721/652/643 722/653/644
f 722/653/644 724/655/646 723/654/645
f 725/656/647 726/657/647 727/658/648
f 727/658/648 726/657/647 728/659/649
f 727/658/648 728/659/649 729/660/650
f 729/660/650 728/659/649 730/661/651
f 729/660/650 730/661/651 731/662/652
f 731/662/652 730/661/651 732/663/653
f 731/662/652 732/663/653 733/664/654
f 733/664/654 732/663/653 734/665/654
f 735/666/655 733/664/654 734/665/654
f 736/667/655 733/664/654 735/666/655
f 737/668/656 683/614/605 684/615/606
f 687/618/609 737/668/656 688/619/610
f 683/614/605 737/668/656 687/618/609
f 737/668/656 738/669/657 688/619/610
f 688/619/610 738/669/657 739/670/658
f 738/669/657 740/671/659 739/670/658
f 739/670/658 740/671/659 741/672/660
f 741/672/660 742/673/661 739/670/658
f 739/670/658 743/674/662 688/619/610
f 739/670/658 742/673/661 743/674/662
f 688/619/610 743/674/662 689/620/611
f 744/675/502 737/668/656 684/615/606
f 738/669/657 737/668/656 744/675/502
f 745/676/663 738/669/657 744/675/502
f 740/671/659 738/669/657 745/676/663
f 746/677/664 740/671/659 745/676/663
f 747/678/525 740/671/659 746/677/664
f 740/671/659 747/678/525 741/672/660
f 741/672/660 747/678/525 748/679/665
f 748/679/665 749/680/528 741/672/660
f 741/672/660 749/680/528 742/673/661
f 750/681/666 742/673/661 749/680/528
f 751/682/667 742/673/661 750/681/666
f 751/682/667 743/674/662 742/673/661
f 752/683/668 689/620/611 743/674/662
f 752/683/668 743/674/662 751/682/667
f 696/627/618 690/621/612 753/684/669
f 753/684/669 689/620/611 752/683/668
f 753/684/669 690/621/612 689/620/611
f 754/685/670 755/686/671 756/687/670
f 754/685/670 756/687/670 757/688/670
f 757/688/670 756/687/670 758/689/672
f 758/689/672 759/690/673 757/688/670
f 760/691/674 761/692/675 762/693/675
f 763/694/676 761/692/675 760/691/674
f 764/695/677 763/694/676 760/691/674
f 765/696/678 763/694/676 764/695/677
f 764/695/677 766/697/374 765/696/678
f 765/696/678 766/697/374 767/698/679
f 768/699/680 767/698/679 766/697/374
f 769/700/681 767/698/679 768/699/680
f 770/701/682 769/700/681 768/699/680
f 771/702/682 769/700/681 770/701/682
f 772/703/683 773/704/684 774/705/685
f 775/706/686 773/704/684 772/703/683
f 772/703/683 776/707/687 775/706/686
f 775/706/686 776/707/687 777/708/688
f 778/709/689 779/710/690 780/711/691
f 780/711/691 779/710/690 781/712/692
f 781/712/692 782/713/693 780/711/691
f 783/714/694 782/713/693 781/712/692
f 784/715/695 783/714/694 774/705/685
f 782/713/693 783/714/694 784/715/695
f 784/715/695 774/705/685 785/716/696
f 785/716/696 774/705/685 773/704/684
f 779/710/690 778/709/689 786/717/697
f 786/717/697 778/709/689 787/718/698
f 788/719/699 779/710/690 786/717/697
f 779/710/690 789/720/700 781/712/692
f 789/720/700 779/710/690 788/719/699
f 781/712/692 789/720/700 790/721/701
f 781/712/692 790/721/701 783/714/694
f 774/705/685 791/722/702 772/703/683
f 783/714/694 791/722/702 774/705/685
f 783/714/694 790/721/701 791/722/702
f 792/723/703 772/703/683 791/722/702
f 776/707/687 772/703/683 792/723/703
f 793/724/704 791/722/702 790/721/701
f 792/723/703 791/722/702 793/724/704
f 794/725/705 790/721/701 789/720/700
f 793/724/704 790/721/701 794/725/705
f 795/726/706 789/720/700 788/719/699
f 794/725/705 789/720/700 795/726/706
f 796/658/707 797/657/708 798/656/708
f 799/659/709 797/657/708 796/658/707
f 800/660/710 799/659/709 796/658/707
f 801/661/711 799/659/709 800/660/710
f 800/660/710 802/662/712 801/661/711
f 801/661/711 802/662/712 803/663/713
f 804/664/714 803/663/713 802/662/712
f 805/665/714 803/663/713 804/664/714
f 805/665/714 804/664/714 806/666/715
f 806/666/715 804/664/714 807/667/715
f 808/650/716 809/652/717 810/651/718
f 810/651/718 809/652/717 811/653/719
f 811/653/719 809/652/717 812/654/719
f 811/653/719 812/654/719 813/655/720
f 814/712/721 815/720/722 816/710/723
f 814/712/721 816/710/723 817/711/724
f 817/711/724 816/710/723 818/709/725
f 817/711/724 819/713/726 814/712/721
f 820/717/727 818/709/725 816/710/723
f 821/718/728 818/709/725 820/717/727
f 820/717/727 816/710/723 822/719/729
f 822/719/729 816/710/723 815/720/722
f 822/719/729 815/720/722 823/726/730
f 823/726/730 815/720/722 824/725/731
f 825/721/732 815/720/722 814/712/721
f 815/720/722 825/721/732 824/725/731
f 814/712/721 819/713/726 826/714/733
f 826/714/733 825/721/732 814/712/721
f 827/723/734 828/703/735 829/707/736
f 830/722/737 825/721/732 826/714/733
f 830/722/737 828/703/735 827/723/734
f 831/705/738 830/722/737 826/714/733
f 828/703/735 830/722/737 831/705/738
f 824/725/731 825/721/732 832/724/739
f 832/724/739 830/722/737 827/723/734
f 825/721/732 830/722/737 832/724/739
f 833/715/740 826/714/733 819/713/726
f 831/705/738 826/714/733 833/715/740
f 834/716/741 831/705/738 833/715/740
f 831/705/738 835/704/742 828/703/735
f 835/704/742 831/705/738 834/716/741
f 828/703/735 835/704/742 836/706/743
f 836/706/743 829/707/736 828/703/735
f 837/708/744 829/707/736 836/706/743
f 838/685/745 839/687/745 840/686/746
f 841/688/745 839/687/745 838/685/745
f 842/689/747 839/687/745 841/688/745
f 842/689/747 841/688/745 843/690/748
f 844/693/749 845/692/749 846/691/750
f 846/691/750 845/692/749 847/694/751
f 846/691/750 847/694/751 848/695/752
f 848/695/752 847/694/751 849/696/753
f 849/696/753 850/697/754 848/695/752
f 851/698/755 850/697/754 849/696/753
f 850/697/754 851/698/755 852/699/756
f 852/699/756 851/698/755 853/700/757
f 852/699/756 853/700/757 854/701/758
f 854/701/758 853/700/757 855/702/758
f 856/727/425 857/728/425 858/729/425
f 858/729/425 857/728/425 859/730/425
f 860/731/759 861/732/759 862/733/759
f 862/733/759 861/732/759 863/734/759
f 864/735/760 865/736/760 866/737/760
f 866/737/760 865/736/760 867/738/760
f 868/739/761 869/740/762 870/741/763
f 869/740/762 871/742/764 870/741/763
f 870/741/763 871/742/764 872/743/765
f 871/742/764 873/744/766 872/743/765
f 874/745/767 868/739/761 873/744/766
f 874/745/767 873/744/766 871/742/764
f 875/746/768 869/740/762 868/739/761
f 869/740/762 875/746/768 871/742/764
f 871/742/764 875/746/768 874/745/767
f 875/746/768 868/739/761 874/745/767
f 876/747/496 877/748/496 878/749/496
f 876/747/496 878/749/496 879/750/496
f 879/750/496 878/749/496 880/751/496
f 881/752/769 882/741/769 883/753/770
f 883/753/770 882/741/769 884/743/769
f 884/743/769 885/744/770 883/753/770
f 883/753/770 885/744/770 886/754/770
f 882/741/769 881/752/769 887/739/770
f 885/744/770 887/739/770 886/754/770
f 887/739/770 881/752/769 888/755/770
f 886/754/770 887/739/770 888/755/770
f 889/756/771 890/757/771 891/758/771
f 891/758/771 890/757/771 892/759/771
f 890/757/771 893/760/771 892/759/771
f 894/761/772 895/762/773 896/763/774
f 896/763/774 895/762/773 897/764/775
f 896/763/774 897/764/775 898/765/776
f 898/765/776 897/764/775 899/766/777
f 899/766/777 900/767/778 898/765/776
f 898/765/776 900/767/778 901/768/779
f 900/767/778 902/769/780 901/768/779
f 901/768/779 902/769/780 903/770/781
f 904/771/782 905/772/783 906/773/784
f 907/774/785 905/772/783 904/771/782
f 904/771/782 908/775/786 907/774/785
f 909/776/787 908/775/786 904/771/782
f 910/777/788 909/776/787 904/771/782
f 904/771/782 906/773/784 910/777/788
f 911/778/789 909/776/787 910/777/788
f 912/779/790 911/778/789 910/777/788
f 913/780/791 911/778/789 912/779/790
f 914/781/792 913/780/791 912/779/790
f 915/782/793 913/780/791 914/781/792
f 910/777/788 916/783/794 912/779/790
f 910/777/788 906/773/784 916/783/794
f 912/779/790 916/783/794 917/784/795
f 912/779/790 917/784/795 914/781/792
f 914/781/792 917/784/795 918/785/796
f 915/782/793 914/781/792 919/786/797
f 918/785/796 920/787/798 914/781/792
f 919/786/797 914/781/792 920/787/798
f 921/788/799 920/787/798 918/785/796
f 918/785/796 922/789/800 921/788/799
f 922/789/800 923/790/801 921/788/799
f 921/788/799 923/790/801 924/791/802
f 921/788/799 925/792/803 920/787/798
f 924/791/802 925/792/803 921/788/799
f 920/787/798 926/793/804 919/786/797
f 925/792/803 926/793/804 920/787/798
f 919/786/797 926/793/804 927/794/805
f 915/782/793 919/786/797 928/795/806
f 928/795/806 919/786/797 927/794/805
f 927/794/805 926/793/804 929/796/807
f 915/782/793 930/797/808 913/780/791
f 928/795/806 930/797/808 915/782/793
f 930/797/808 931/798/809 913/780/791
f 913/780/791 931/798/809 911/778/789
f 911/778/789 932/799/810 909/776/787
f 931/798/809 932/799/810 911/778/789
f 932/799/810 933/800/811 909/776/787
f 909/776/787 933/800/811 908/775/786
f 908/775/786 934/801/812 907/774/785
f 933/800/811 934/801/812 908/775/786
f 907/774/785 935/802/813 905/772/783
f 907/774/785 934/801/812 935/802/813
f 905/772/783 935/802/813 936/803/814
f 937/804/815 934/801/812 933/800/811
f 937/804/815 938/805/816 934/801/812
f 939/806/817 940/807/818 941/808/819
f 939/806/817 941/808/819 938/805/816
f 934/801/812 938/805/816 942/809/820
f 938/805/816 941/808/819 942/809/820
f 934/801/812 943/810/821 935/802/813
f 942/809/820 943/810/821 934/801/812
f 935/802/813 944/811/822 936/803/814
f 943/810/821 944/811/822 935/802/813
f 936/803/814 944/811/822 945/812/823
f 936/803/814 945/812/823 905/772/783
f 946/813/824 947/814/825 948/815/826
f 946/813/824 948/815/826 949/816/827
f 950/817/828 946/813/824 949/816/827
f 951/818/829 950/817/828 949/816/827
f 944/811/822 952/819/830 951/818/829
f 942/809/820 952/819/830 943/810/821
f 941/808/819 952/819/830 942/809/820
f 941/808/819 940/807/818 952/819/830
f 943/810/821 952/819/830 944/811/822
f 952/819/830 950/817/828 951/818/829
f 952/819/830 940/807/818 950/817/828
f 940/807/818 953/820/831 950/817/828
f 950/817/828 953/820/831 954/821/832
f 954/821/832 946/813/824 950/817/828
f 955/822/833 947/814/825 946/813/824
f 955/822/833 956/823/834 947/814/825
f 954/821/832 957/824/835 946/813/824
f 946/813/824 957/824/835 955/822/833
f 954/821/832 958/825/836 957/824/835
f 953/820/831 958/825/836 954/821/832
f 940/807/818 959/826/837 953/820/831
f 959/826/837 958/825/836 953/820/831
f 960/827/838 940/807/818 939/806/817
f 960/827/838 959/826/837 940/807/818
f 961/828/839 962/829/840 963/830/841
f 963/830/841 962/829/840 964/831/842
f 965/832/843 964/831/842 962/829/840
f 966/833/844 964/831/842 965/832/843
f 966/833/844 965/832/843 967/834/845
f 958/825/836 968/835/846 957/824/835
f 957/824/835 968/835/846 955/822/833
f 955/822/833 968/835/846 956/823/834
f 967/834/845 968/835/846 958/825/836
f 967/834/845 965/832/843 968/835/846
f 968/835/846 969/836/847 956/823/834
f 965/832/843 962/829/840 969/836/847
f 965/832/843 969/836/847 968/835/846
f 963/830/841 964/831/842 970/837/848
f 970/837/848 964/831/842 971/838/849
f 971/838/849 964/831/842 972/839/850
f 972/839/850 964/831/842 966/833/844
f 973/840/851 966/833/844 967/834/845
f 972/839/850 966/833/844 973/840/851
f 974/841/852 958/825/836 959/826/837
f 973/840/851 967/834/845 974/841/852
f 974/841/852 967/834/845 958/825/836
f 963/830/841 970/837/848 975/842/853
f 975/842/853 961/828/839 963/830/841
f 975/842/853 970/837/848 976/843/854
f 969/836/847 962/829/840 977/844/855
f 978/845/856 962/829/840 961/828/839
f 977/844/855 962/829/840 978/845/856
f 979/846/857 978/845/856 961/828/839
f 979/846/857 961/828/839 975/842/853
f 980/847/858 978/845/856 979/846/857
f 981/848/859 978/845/856 980/847/858
f 982/849/860 978/845/856 981/848/859
f 978/845/856 982/849/860 977/844/855
f 977/844/855 983/850/861 969/836/847
f 977/844/855 982/849/860 983/850/861
f 969/836/847 983/850/861 984/851/862
f 947/814/825 956/823/834 985/852/863
f 956/823/834 969/836/847 985/852/863
f 985/852/863 969/836/847 984/851/862
f 949/816/827 986/853/864 951/818/829
f 949/816/827 948/815/826 986/853/864
f 951/818/829 986/853/864 987/854/865
f 944/811/822 951/818/829 988/855/866
f 945/812/823 944/811/822 988/855/866
f 988/855/866 951/818/829 987/854/865
f 905/772/783 989/856/867 906/773/784
f 905/772/783 945/812/823 989/856/867
f 906/773/784 990/857/868 916/783/794
f 906/773/784 989/856/867 990/857/868
f 916/783/794 990/857/868 991/858/869
f 916/783/794 991/858/869 917/784/795
f 917/784/795 992/859/870 918/785/796
f 917/784/795 991/858/869 992/859/870
f 993/860/871 922/789/800 918/785/796
f 918/785/796 992/859/870 993/860/871
f 994/861/872 995/862/873 996/863/874
f 997/864/875 994/861/872 996/863/874
f 998/865/876 994/861/872 997/864/875
f 998/865/876 997/864/875 999/866/877
f 999/866/877 997/864/875 1000/867/878
f 999/866/877 1000/867/878 1001/868/879
f 1001/868/879 1000/867/878 1002/869/880
f 996/863/874 995/862/873 1003/870/881
f 997/864/875 1004/871/882 1000/867/878
f 1004/871/882 1005/872/883 1000/867/878
f 1000/867/878 1005/872/883 1002/869/880
f 1005/872/883 1006/873/884 1002/869/880
f 1002/869/880 1006/873/884 1007/874/885
f 1001/868/879 1002/869/880 1008/875/886
f 1008/875/886 1002/869/880 1007/874/885
f 1001/868/879 1009/876/887 999/866/877
f 1008/875/886 1009/876/887 1001/868/879
f 999/866/877 1010/877/888 998/865/876
f 999/866/877 1009/876/887 1010/877/888
f 1011/878/889 1009/876/887 1008/875/886
f 995/862/873 1012/879/886 1003/870/881
f 995/862/873 1013/880/889 1012/879/886
f 1003/870/881 1012/879/886 1014/881/885
f 1014/881/885 1015/882/890 1003/870/881
f 1003/870/881 1016/883/891 996/863/874
f 1003/870/881 1015/882/890 1016/883/891
f 996/863/874 1017/884/892 997/864/875
f 996/863/874 1016/883/891 1017/884/892
f 1018/885/893 1004/871/882 997/864/875
f 997/864/875 1017/884/892 1018/885/893
f 1019/886/894 1020/887/895 1021/888/896
f 1022/889/897 1020/887/895 1019/886/894
f 1022/889/897 1019/886/894 1023/890/898
f 1023/890/898 1019/886/894 1024/891/899
f 1023/890/898 1024/891/899 1025/892/900
f 1025/892/900 1024/891/899 1026/893/901
f 994/861/872 1027/894/902 995/862/873
f 1025/892/900 1026/893/901 1027/894/902
f 1027/894/902 1013/880/889 995/862/873
f 1027/894/902 1026/893/901 1013/880/889
f 998/865/876 1028/895/903 994/861/872
f 998/865/876 1010/877/888 1028/895/903
f 994/861/872 1028/895/903 1029/896/904
f 1029/896/904 1027/894/902 994/861/872
f 1027/894/902 1030/897/905 1025/892/900
f 1029/896/904 1030/897/905 1027/894/902
f 1025/892/900 1031/898/906 1023/890/898
f 1030/897/905 1031/898/906 1025/892/900
f 1031/898/906 1032/899/907 1023/890/898
f 1023/890/898 1032/899/907 1022/889/897
f 1031/898/906 1033/900/908 1032/899/907
f 1032/899/907 1034/901/909 1022/889/897
f 1022/889/897 1034/901/909 1020/887/895
f 1033/900/908 1034/901/909 1032/899/907
f 1035/902/910 1033/900/908 1031/898/906
f 1030/897/905 1035/902/910 1031/898/906
f 1036/903/911 1035/902/910 1030/897/905
f 1029/896/904 1036/903/911 1030/897/905
f 1028/895/903 1036/903/911 1029/896/904
f 1037/904/912 1038/905/913 1039/906/914
f 1037/904/912 1039/906/914 1040/907/915
f 1020/887/895 1041/908/916 1021/888/896
f 1040/907/915 1041/908/916 1034/901/909
f 1034/901/909 1041/908/916 1020/887/895
f 1040/907/915 1039/906/914 1041/908/916
f 1042/909/917 1040/907/915 1034/901/909
f 1042/909/917 1034/901/909 1033/900/908
f 1043/910/918 1042/909/917 1033/900/908
f 1035/902/910 1043/910/918 1033/900/908
f 1036/903/911 1044/911/919 1035/902/910
f 1044/911/919 1043/910/918 1035/902/910
f 1045/912/920 1043/910/918 1046/913/921
f 1046/913/921 1043/910/918 1044/911/919
f 1046/913/921 1044/911/919 1047/914/922
f 1011/878/889 1047/914/922 1009/876/887
f 1009/876/887 1048/915/923 1010/877/888
f 1010/877/888 1048/915/923 1028/895/903
f 1048/915/923 1044/911/919 1036/903/911
f 1047/914/922 1048/915/923 1009/876/887
f 1028/895/903 1048/915/923 1036/903/911
f 1047/914/922 1044/911/919 1048/915/923
f 1049/916/901 1046/913/921 1047/914/922
f 1049/916/901 1047/914/922 1011/878/889
f 1050/917/899 1045/912/920 1046/913/921
f 1050/917/899 1046/913/921 1049/916/901
f 1051/918/924 1052/919/925 1045/912/920
f 1051/918/924 1053/920/926 1052/919/925
f 1045/912/920 1052/919/925 1043/910/918
f 1052/919/925 1042/909/917 1043/910/918
f 1052/919/925 1053/920/926 1054/921/927
f 1053/920/926 1055/922/928 1054/921/927
f 1056/923/929 1040/907/915 1042/909/917
f 1056/923/929 1037/904/912 1040/907/915
f 1054/921/927 1056/923/929 1052/919/925
f 1052/919/925 1056/923/929 1042/909/917
f 1054/921/927 1055/922/928 1057/924/930
f 1055/922/928 1058/925/931 1057/924/930
f 1054/921/927 1059/926/932 1056/923/929
f 1057/924/930 1059/926/932 1054/921/927
f 1059/926/932 1037/904/912 1056/923/929
f 1060/927/933 1061/928/934 1062/929/935
f 1061/928/934 1063/930/936 1058/925/931
f 1060/927/933 1063/930/936 1061/928/934
f 1057/924/930 1058/925/931 1064/931/937
f 1058/925/931 1063/930/936 1064/931/937
f 1064/931/937 1065/932/938 1057/924/930
f 1057/924/930 1065/932/938 1059/926/932
f 1064/931/937 1063/930/936 1065/932/938
f 1065/932/938 1066/933/939 1059/926/932
f 1066/933/939 1038/905/913 1037/904/912
f 1059/926/932 1066/933/939 1037/904/912
f 1065/932/938 1063/930/936 1067/934/940
f 1065/932/938 1067/934/940 1066/933/939
f 1066/933/939 1068/935/941 1038/905/913
f 1066/933/939 1067/934/940 1068/935/941
f 1038/905/913 1068/935/941 1069/936/942
f 1069/936/942 1070/937/943 1038/905/913
f 1038/905/913 1070/937/943 1071/938/944
f 1068/935/941 1072/939/945 1069/936/942
f 1072/939/945 1070/937/943 1069/936/942
f 1067/934/940 1073/940/946 1068/935/941
f 1073/940/946 1072/939/945 1068/935/941
f 1074/941/947 1073/940/946 1067/934/940
f 1063/930/936 1074/941/947 1067/934/940
f 1075/942/948 1063/930/936 1060/927/933
f 1075/942/948 1074/941/947 1063/930/936
f 1076/943/935 1070/937/943 1072/939/945
f 1072/939/945 1077/944/949 1076/943/935
f 1073/940/946 1078/945/950 1072/939/945
f 1072/939/945 1078/945/950 1077/944/949
f 1075/942/948 1079/946/951 1074/941/947
f 1073/940/946 1079/946/951 1078/945/950
f 1074/941/947 1079/946/951 1073/940/946
f 1060/927/933 1080/947/952 1075/942/948
f 1080/947/952 1079/946/951 1075/942/948
f 1076/943/935 1077/944/949 1081/948/953
f 1062/929/935 1082/949/954 1060/927/933
f 1082/949/954 1080/947/952 1060/927/933
f 1083/950/953 1082/949/954 1062/929/935
f 1084/951/894 1045/912/920 1050/917/899
f 1084/951/894 1085/952/955 1045/912/920
f 1045/912/920 1085/952/955 1051/918/924
f 1085/952/955 1086/953/956 1051/918/924
f 1051/918/924 1086/953/956 1053/920/926
f 1086/953/956 1087/954/957 1053/920/926
f 1053/920/926 1087/954/957 1055/922/928
f 1088/955/944 1061/928/934 1058/925/931
f 1055/922/928 1088/955/944 1058/925/931
f 1087/954/957 1088/955/944 1055/922/928
f 1062/929/935 1061/928/934 1089/956/943
f 1089/956/943 1061/928/934 1088/955/944
f 1090/957/958 1091/958/959 1092/959/960
f 1090/957/958 1092/959/960 1093/960/961
f 1093/960/961 1092/959/960 1094/961/962
f 1093/960/961 1094/961/962 1095/962/963
f 1095/962/963 1094/961/962 1096/963/964
f 1095/962/963 1096/963/964 1097/964/965
f 1097/964/965 1096/963/964 1098/965/966
f 1097/964/965 1098/965/966 1099/966/967
f 1099/966/967 1098/965/966 1100/967/968
f 1099/966/967 1100/967/968 1101/968/969
f 1102/969/970 1103/970/971 1104/971/972
f 1102/969/970 1104/971/972 1105/972/973
f 1105/972/973 1106/973/974 1091/958/959
f 1105/972/973 1104/971/972 1106/973/974
f 1091/958/959 1106/973/974 1107/974/975
f 1092/959/960 1091/958/959 1107/974/975
f 1092/959/960 1108/975/976 1094/961/962
f 1092/959/960 1107/974/975 1108/975/976
f 1094/961/962 1109/976/977 1096/963/964
f 1094/961/962 1108/975/976 1109/976/977
f 1110/977/978 1111/978/979 1112/979/980
f 1111/978/979 1113/980/981 1112/979/980
f 1112/979/980 1113/980/981 1114/981/982
f 1113/980/981 1115/982/983 1114/981/982
f 1113/980/981 1116/983/984 1115/982/983
f 1109/976/977 1117/984/985 1116/983/984
f 1116/983/984 1117/984/985 1115/982/983
f 1108/975/976 1117/984/985 1109/976/977
f 1107/974/975 1106/973/974 1118/985/986
f 1108/975/976 1107/974/975 1118/985/986
f 1108/975/976 1118/985/986 1117/984/985
f 1106/973/974 1104/971/972 1119/986/987
f 1118/985/986 1106/973/974 1119/986/987
f 1118/985/986 1119/986/987 1120/987/988
f 1117/984/985 1118/985/986 1120/987/988
f 1104/971/972 1103/970/971 1121/988/989
f 1119/986/987 1104/971/972 1122/989/990
f 1104/971/972 1121/988/989 1122/989/990
f 1119/986/987 1122/989/990 1123/990/991
f 1120/987/988 1119/986/987 1123/990/991
f 1120/987/988 1124/991/992 1117/984/985
f 1120/987/988 1123/990/991 1124/991/992
f 1117/984/985 1124/991/992 1125/992/993
f 1115/982/983 1117/984/985 1125/992/993
f 1115/982/983 1125/992/993 1126/993/994
f 1114/981/982 1115/982/983 1126/993/994
f 1122/989/990 1121/988/989 1127/994/995
f 1127/994/995 1128/995/996 1122/989/990
f 1122/989/990 1128/995/996 1129/996/997
f 1123/990/991 1122/989/990 1129/996/997
f 1124/991/992 1123/990/991 1130/997/998
f 1123/990/991 1129/996/997 1130/997/998
f 1130/997/998 1131/998/999 1124/991/992
f 1124/991/992 1132/999/1000 1125/992/993
f 1124/991/992 1131/998/999 1132/999/1000
f 1131/998/999 1133/1000/973 1132/999/1000
f 1132/999/1000 1133/1000/973 1134/1001/1001
f 1131/998/999 1135/1002/1002 1133/1000/973
f 1103/970/971 1136/1003/1003 1121/988/989
f 1136/1003/1003 1137/1004/1004 1121/988/989
f 1121/988/989 1137/1004/1004 1127/994/995
f 1127/994/995 1138/1005/1005 1128/995/996
f 1137/1004/1004 1138/1005/1005 1127/994/995
f 1128/995/996 1138/1005/1005 1139/1006/1006
f 1128/995/996 1139/1006/1006 1129/996/997
f 1130/997/998 1129/996/997 1140/1007/1007
f 1129/996/997 1139/1006/1006 1140/1007/1007
f 1140/1007/1007 1141/1008/1008 1130/997/998
f 1141/1008/1008 1135/1002/1002 1131/998/999
f 1130/997/998 1141/1008/1008 1131/998/999
f 1140/1007/1007 1142/1009/1009 1141/1008/1008
f 1139/1006/1006 1142/1009/1009 1140/1007/1007
f 1141/1008/1008 1142/1009/1009 1135/1002/1002
f 1139/1006/1006 1143/1010/1010 1142/1009/1009
f 1139/1006/1006 1138/1005/1005 1143/1010/1010
f 1142/1009/1009 1143/1010/1010 1144/1011/1011
f 1135/1002/1002 1142/1009/1009 1145/1012/971
f 1142/1009/1009 1144/1011/1011 1145/1012/971
f 1145/1012/971 1144/1011/1011 1146/1013/1012
f 1144/1011/1011 1147/1014/1013 1146/1013/1012
f 1143/1010/1010 1148/1015/1014 1144/1011/1011
f 1148/1015/1014 1147/1014/1013 1144/1011/1011
f 1149/1016/1015 1148/1015/1014 1143/1010/1010
f 1138/1005/1005 1149/1016/1015 1143/1010/1010
f 1150/1017/1016 1149/1016/1015 1138/1005/1005
f 1138/1005/1005 1151/1018/1017 1150/1017/1016
f 1137/1004/1004 1151/1018/1017 1138/1005/1005
f 1137/1004/1004 1152/1019/1018 1151/1018/1017
f 1136/1003/1003 1152/1019/1018 1137/1004/1004
f 1136/1003/1003 1153/1020/1013 1152/1019/1018
f 1154/1021/1012 1136/1003/1003 1103/970/971
f 1154/1021/1012 1153/1020/1013 1136/1003/1003
f 1155/1022/1019 1156/1023/1020 1157/1024/1021
f 1158/1025/1022 1159/1026/1023 1160/1027/1024
f 1156/1023/1020 1158/1025/1022 1160/1027/1024
f 1161/1028/1025 1158/1025/1022 1156/1023/1020
f 1162/1029/1026 1156/1023/1020 1155/1022/1019
f 1161/1028/1025 1156/1023/1020 1162/1029/1026
f 1155/1022/1019 1163/1030/1027 1162/1029/1026
f 1164/1031/1028 1163/1030/1027 1155/1022/1019
f 1155/1022/1019 1165/1032/1029 1164/1031/1028
f 1157/1024/1021 1165/1032/1029 1155/1022/1019
f 1157/1024/1021 1166/1033/1030 1165/1032/1029
f 1167/1034/1031 1168/1035/1032 1169/1036/1033
f 1169/1036/1033 1111/978/979 1110/977/978
f 1170/1037/1034 1168/1035/1032 1167/1034/1031
f 1170/1037/1034 1171/1038/1035 1168/1035/1032
f 1172/1039/1036 1171/1038/1035 1170/1037/1034
f 1172/1039/1036 1100/967/968 1171/1038/1035
f 1101/968/969 1100/967/968 1173/1040/1037
f 1173/1040/1037 1100/967/968 1172/1039/1036
f 1174/1041/1038 1101/968/969 1173/1040/1037
f 1159/1026/1023 1101/968/969 1174/1041/1038
f 1160/1027/1024 1159/1026/1023 1174/1041/1038
f 1096/963/964 1175/1042/1039 1098/965/966
f 1096/963/964 1109/976/977 1175/1042/1039
f 1098/965/966 1176/1043/1040 1100/967/968
f 1098/965/966 1175/1042/1039 1176/1043/1040
f 1100/967/968 1176/1043/1040 1171/1038/1035
f 1169/1036/1033 1177/1044/1041 1111/978/979
f 1171/1038/1035 1177/1044/1041 1168/1035/1032
f 1176/1043/1040 1175/1042/1039 1177/1044/1041
f 1168/1035/1032 1177/1044/1041 1169/1036/1033
f 1176/1043/1040 1177/1044/1041 1171/1038/1035
f 1178/1045/1042 1109/976/977 1116/983/984
f 1177/1044/1041 1175/1042/1039 1178/1045/1042
f 1178/1045/1042 1116/983/984 1113/980/981
f 1111/978/979 1178/1045/1042 1113/980/981
f 1175/1042/1039 1109/976/977 1178/1045/1042
f 1177/1044/1041 1178/1045/1042 1111/978/979
f 1126/993/994 1179/1046/961 1114/981/982
f 1114/981/982 1179/1046/961 1180/1047/1043
f 1112/979/980 1114/981/982 1181/1048/965
f 1181/1048/965 1114/981/982 1180/1047/1043
f 1110/977/978 1112/979/980 1182/1049/967
f 1182/1049/967 1112/979/980 1181/1048/965
f 1183/1050/1044 1169/1036/1033 1110/977/978
f 1110/977/978 1182/1049/967 1183/1050/1044
f 1167/1034/1031 1169/1036/1033 1183/1050/1044
f 1126/993/994 1125/992/993 1184/1051/1045
f 1126/993/994 1184/1051/1045 1179/1046/961
f 1132/999/1000 1134/1001/1001 1184/1051/1045
f 1125/992/993 1132/999/1000 1184/1051/1045
f 1184/1051/1045 1134/1001/1001 1185/1052/958
f 1179/1046/961 1184/1051/1045 1185/1052/958
f 1186/1053/1046 1187/1054/1047 1188/1055/1048
f 1186/1053/1046 1189/1056/1049 1187/1054/1047
f 1187/1054/1047 1189/1056/1049 1190/1057/1050
f 1189/1056/1049 1191/1058/1051 1190/1057/1050
f 1192/1059/1052 1191/1058/1051 1189/1056/1049
f 1192/1059/1052 1183/1050/1044 1191/1058/1051
f 1167/1034/1031 1183/1050/1044 1192/1059/1052
f 1170/1037/1034 1167/1034/1031 1193/1060/1053
f 1193/1060/1053 1172/1039/1036 1170/1037/1034
f 1193/1060/1053 1167/1034/1031 1192/1059/1052
f 1194/1061/1054 1172/1039/1036 1193/1060/1053
f 1174/1041/1038 1173/1040/1037 1194/1061/1054
f 1194/1061/1054 1173/1040/1037 1172/1039/1036
f 1195/1062/1055 1192/1059/1052 1189/1056/1049
f 1193/1060/1053 1192/1059/1052 1195/1062/1055
f 1160/1027/1024 1174/1041/1038 1196/1063/1056
f 1160/1027/1024 1196/1063/1056 1156/1023/1020
f 1196/1063/1056 1193/1060/1053 1195/1062/1055
f 1194/1061/1054 1193/1060/1053 1196/1063/1056
f 1196/1063/1056 1174/1041/1038 1194/1061/1054
f 1156/1023/1020 1196/1063/1056 1197/1064/1057
f 1196/1063/1056 1195/1062/1055 1197/1064/1057
f 1157/1024/1021 1156/1023/1020 1197/1064/1057
f 1198/1065/1058 1189/1056/1049 1186/1053/1046
f 1195/1062/1055 1189/1056/1049 1198/1065/1058
f 1197/1064/1057 1195/1062/1055 1198/1065/1058
f 1188/1055/1048 1198/1065/1058 1186/1053/1046
f 1157/1024/1021 1197/1064/1057 1199/1066/1059
f 1199/1066/1059 1197/1064/1057 1198/1065/1058
f 1199/1066/1059 1166/1033/1030 1157/1024/1021
f 1199/1066/1059 1198/1065/1058 1188/1055/1048
f 1188/1055/1048 1200/1067/1060 1199/1066/1059
f 1199/1066/1059 1200/1067/1060 1166/1033/1030
f 1188/1055/1048 1187/1054/1047 1201/1068/1061
f 1201/1068/1061 1200/1067/1060 1188/1055/1048
f 1187/1054/1047 1190/1057/1050 1202/1069/1025
f 1187/1054/1047 1202/1069/1025 1201/1068/1061
f 1190/1057/1050 1191/1058/1051 1203/1070/1062
f 1202/1069/1025 1190/1057/1050 1203/1070/1062
f 1203/1070/1062 1191/1058/1051 1204/1071/1023
f 1183/1050/1044 1205/1072/1063 1191/1058/1051
f 1191/1058/1051 1205/1072/1063 1204/1071/1023
f 1183/1050/1044 1182/1049/967 1205/1072/1063
f 1206/1073/1064 1200/1067/1060 1201/1068/1061
f 1207/1074/1026 1206/1073/1064 1201/1068/1061
f 1201/1068/1061 1202/1069/1025 1207/1074/1026
f 1208/1075/1065 1206/1073/1064 1207/1074/1026
f 1209/1076/1066 1210/1077/1067 1211/1078/1068
f 1210/1077/1067 1212/1079/1069 1213/1080/1070
f 1211/1078/1068 1210/1077/1067 1213/1080/1070
f 1211/1078/1068 1213/1080/1070 1214/1081/1071
f 1213/1080/1070 1212/1079/1069 1215/1082/1072
f 1216/1083/1073 1217/1084/1074 1218/1085/1075
f 1214/1081/1071 1216/1083/1073 1218/1085/1075
f 1219/1086/1076 1216/1083/1073 1214/1081/1071
f 1214/1081/1071 1213/1080/1070 1219/1086/1076
f 1215/1082/1072 1220/1087/1077 1213/1080/1070
f 1213/1080/1070 1220/1087/1077 1219/1086/1076
f 1215/1082/1072 1221/1088/1078 1220/1087/1077
f 1212/1079/1069 1221/1088/1078 1215/1082/1072
f 1222/1089/1079 1221/1088/1078 1212/1079/1069
f 1222/1089/1079 1223/1090/1080 1221/1088/1078
f 1220/1087/1077 1221/1088/1078 1224/1091/1081
f 1221/1088/1078 1223/1090/1080 1224/1091/1081
f 1218/1085/1075 1217/1084/1074 1225/1092/1082
f 1224/1091/1081 1223/1090/1080 1226/1093/1083
f 1223/1090/1080 1227/1094/1084 1226/1093/1083
f 1224/1091/1081 1226/1093/1083 1228/1095/1085
f 1229/1096/1086 1224/1091/1081 1228/1095/1085
f 1220/1087/1077 1224/1091/1081 1229/1096/1086
f 1216/1083/1073 1229/1096/1086 1217/1084/1074
f 1219/1086/1076 1229/1096/1086 1216/1083/1073
f 1220/1087/1077 1229/1096/1086 1219/1086/1076
f 1226/1093/1083 1227/1094/1084 1230/1097/1087
f 1228/1095/1085 1226/1093/1083 1230/1097/1087
f 1231/1098/1088 1232/1099/1089 1227/1094/1084
f 1227/1094/1084 1232/1099/1089 1233/1100/1090
f 1230/1097/1087 1227/1094/1084 1233/1100/1090
f 1230/1097/1087 1234/1101/1091 1228/1095/1085
f 1230/1097/1087 1233/1100/1090 1234/1101/1091
f 1228/1095/1085 1235/1102/1092 1229/1096/1086
f 1228/1095/1085 1234/1101/1091 1235/1102/1092
f 1229/1096/1086 1235/1102/1092 1236/1103/1093
f 1217/1084/1074 1229/1096/1086 1236/1103/1093
f 1232/1099/1089 1237/1104/1094 1233/1100/1090
f 1232/1099/1089 1238/1105/1095 1237/1104/1094
f 1234/1101/1091 1233/1100/1090 1239/1106/1096
f 1233/1100/1090 1237/1104/1094 1239/1106/1096
f 1240/1107/1097 1241/1108/1098 1242/1109/1099
f 1241/1108/1098 1243/1110/1100 1242/1109/1099
f 1242/1109/1099 1243/1110/1100 1244/1111/1101
f 1245/1112/1102 1242/1109/1099 1244/1111/1101
f 1246/1113/1103 1242/1109/1099 1245/1112/1102
f 1238/1105/1095 1246/1113/1103 1245/1112/1102
f 1247/1114/1104 1246/1113/1103 1238/1105/1095
f 1247/1114/1104 1238/1105/1095 1232/1099/1089
f 1231/1098/1088 1248/1115/1105 1232/1099/1089
f 1232/1099/1089 1248/1115/1105 1247/1114/1104
f 1247/1114/1104 1249/1116/1106 1246/1113/1103
f 1248/1115/1105 1249/1116/1106 1247/1114/1104
f 1249/1116/1106 1242/1109/1099 1246/1113/1103
f 1240/1107/1097 1242/1109/1099 1249/1116/1106
f 1250/1117/1107 1251/1118/1108 1252/1119/1109
f 1252/1119/1109 1251/1118/1108 1253/1120/1110
f 1254/1121/1111 1253/1120/1110 1240/1107/1097
f 1254/1121/1111 1252/1119/1109 1253/1120/1110
f 1254/1121/1111 1240/1107/1097 1255/1122/1112
f 1255/1122/1112 1240/1107/1097 1249/1116/1106
f 1255/1122/1112 1249/1116/1106 1256/1123/1113
f 1231/1098/1088 1256/1123/1113 1248/1115/1105
f 1256/1123/1113 1249/1116/1106 1248/1115/1105
f 1255/1122/1112 1257/1124/1114 1254/1121/1111
f 1257/1124/1114 1252/1119/1109 1254/1121/1111
f 1258/1125/1102 1257/1124/1114 1255/1122/1112
f 1259/1126/1095 1255/1122/1112 1256/1123/1113
f 1258/1125/1102 1255/1122/1112 1259/1126/1095
f 1259/1126/1095 1256/1123/1113 1260/1127/1115
f 1261/1128/1116 1223/1090/1080 1222/1089/1079
f 1262/1129/1117 1227/1094/1084 1223/1090/1080
f 1261/1128/1116 1262/1129/1117 1223/1090/1080
f 1263/1130/1118 1260/1127/1115 1262/1129/1117
f 1263/1130/1118 1262/1129/1117 1261/1128/1116
f 1262/1129/1117 1260/1127/1115 1264/1131/1119
f 1260/1127/1115 1256/1123/1113 1264/1131/1119
f 1264/1131/1119 1256/1123/1113 1231/1098/1088
f 1227/1094/1084 1264/1131/1119 1231/1098/1088
f 1262/1129/1117 1264/1131/1119 1227/1094/1084
f 1251/1118/1108 1265/1132/1120 1253/1120/1110
f 1241/1108/1098 1265/1132/1120 1266/1133/1121
f 1241/1108/1098 1266/1133/1121 1243/1110/1100
f 1265/1132/1120 1267/1134/1122 1266/1133/1121
f 1267/1134/1122 1268/1135/1123 1266/1133/1121
f 1268/1135/1123 1267/1134/1122 1269/1136/1124
f 1266/1133/1121 1268/1135/1123 1270/1137/1125
f 1243/1110/1100 1266/1133/1121 1270/1137/1125
f 1271/1138/1126 1241/1108/1098 1240/1107/1097
f 1253/1120/1110 1265/1132/1120 1271/1138/1126
f 1240/1107/1097 1253/1120/1110 1271/1138/1126
f 1271/1138/1126 1265/1132/1120 1241/1108/1098
f 1269/1136/1124 1267/1134/1122 1272/1139/1127
f 1272/1139/1127 1273/1140/1128 1269/1136/1124
f 1274/1141/1129 1267/1134/1122 1265/1132/1120
f 1267/1134/1122 1274/1141/1129 1272/1139/1127
f 1265/1132/1120 1275/1142/1130 1274/1141/1129
f 1251/1118/1108 1275/1142/1130 1265/1132/1120
f 1272/1139/1127 1274/1141/1129 1276/1143/1131
f 1276/1143/1131 1274/1141/1129 1277/1144/1132
f 1277/1144/1132 1274/1141/1129 1275/1142/1130
f 1278/1145/1133 1273/1140/1128 1272/1139/1127
f 1272/1139/1127 1279/1146/1134 1278/1145/1133
f 1276/1143/1131 1279/1146/1134 1272/1139/1127
f 1277/1144/1132 1280/1147/1135 1276/1143/1131
f 1276/1143/1131 1280/1147/1135 1279/1146/1134
f 1277/1144/1132 1275/1142/1130 1281/1148/1136
f 1281/1148/1136 1280/1147/1135 1277/1144/1132
f 1281/1148/1136 1275/1142/1130 1282/1149/1137
f 1251/1118/1108 1282/1149/1137 1275/1142/1130
f 1250/1117/1107 1282/1149/1137 1251/1118/1108
f 1283/1150/1138 1280/1147/1135 1281/1148/1136
f 1284/761/1139 1285/762/1140 1286/763/1141
f 1286/763/1141 1285/762/1140 1287/764/1142
f 1286/763/1141 1287/764/1142 1288/765/1143
f 1288/765/1143 1287/764/1142 1289/766/1144
f 1289/766/1144 1290/767/1145 1288/765/1143
f 1288/765/1143 1290/767/1145 1291/768/1146
f 1290/767/1145 1292/769/1147 1291/768/1146
f 1291/768/1146 1292/769/1147 1293/770/1148
f 1294/1151/1149 1295/1152/1150 1296/1153/1151
f 1297/1154/1152 1295/1152/1150 1294/1151/1149
f 1298/1155/1153 1297/1154/1152 1294/1151/1149
f 1299/1156/1154 1297/1154/1152 1298/1155/1153
f 1300/1157/1155 1299/1156/1154 1298/1155/1153
f 1301/1158/1156 1299/1156/1154 1300/1157/1155
f 1302/1159/1157 1303/1160/1158 1304/1161/1159
f 1305/1162/1160 1303/1160/1158 1302/1159/1157
f 1306/1163/1161 1305/1162/1160 1302/1159/1157
f 1307/1164/1162 1305/1162/1160 1306/1163/1161
f 1306/1163/1161 1308/1165/1163 1307/1164/1162
f 1309/1166/1164 1308/1165/1163 1306/1163/1161
f 1309/1166/1164 1310/1167/1165 1308/1165/1163
f 1296/1153/1151 1295/1152/1150 1311/1168/1166
f 1311/1168/1166 1295/1152/1150 1310/1167/1165
f 1311/1168/1166 1310/1167/1165 1309/1166/1164
f 1312/1169/1167 1313/1170/1168 1314/1171/1169
f 1314/1171/1169 1313/1170/1168 1315/1172/1162
f 1314/1171/1169 1315/1172/1162 1316/1173/1170
f 1316/1173/1170 1315/1172/1162 1317/1174/1171
f 1316/1173/1170 1317/1174/1171 1318/1175/1172
f 1318/1175/1172 1317/1174/1171 1319/1176/1173
f 1320/1177/1174 1321/1178/1175 1322/1179/1176
f 1322/1179/1176 1321/1178/1175 1323/1180/1177
f 1322/1179/1176 1323/1180/1177 1324/1181/1178
f 1324/1181/1178 1323/1180/1177 1325/1182/1179
f 1324/1181/1178 1325/1182/1179 1326/1183/1180
f 1326/1183/1180 1325/1182/1179 1327/1184/1181
f 1328/1185/1182 1329/1186/1183 1330/1187/1184
f 1330/1187/1184 1329/1186/1183 1331/1188/1185
f 1329/1186/1183 1332/1189/1186 1331/1188/1185
f 1331/1188/1185 1332/1189/1186 1333/1190/1187
f 1332/1189/1186 1334/1191/1188 1333/1190/1187
f 1333/1190/1187 1334/1191/1188 1335/1192/1189
f 1334/1191/1188 1336/1193/1190 1335/1192/1189
f 1320/1177/1174 1336/1193/1190 1321/1178/1175
f 1335/1192/1189 1336/1193/1190 1337/1194/1191
f 1337/1194/1191 1336/1193/1190 1320/1177/1174
f 1338/1195/1192 1339/1196/1193 1340/1197/1194
f 1338/1195/1192 1340/1197/1194 1341/1198/1186
f 1341/1198/1186 1340/1197/1194 1342/1199/1195
f 1341/1198/1186 1342/1199/1195 1343/1200/1196
f 1343/1200/1196 1342/1199/1195 1344/1201/1197
f 1343/1200/1196 1344/1201/1197 1345/1202/1198
f 1346/1203/1199 1347/1204/1200 1348/1205/1201
f 1346/1203/1199 1348/1205/1201 1349/1206/1202
f 1349/1206/1202 1348/1205/1201 1350/1207/1203
f 1348/1205/1201 1351/1208/1204 1350/1207/1203
f 1350/1207/1203 1351/1208/1204 1352/1209/1205
f 1351/1208/1204 1353/1210/1206 1352/1209/1205
f 1352/1209/1205 1353/1210/1206 1354/1211/1207
f 1346/1203/1199 1355/1212/1208 1347/1204/1200
f 1355/1212/1208 1346/1203/1199 1356/1213/1209
f 1356/1213/1209 1346/1203/1199 1349/1206/1202
f 1357/1214/1210 1355/1212/1208 1356/1213/1209
f 1356/1213/1209 1358/1215/1211 1357/1214/1210
f 1359/1216/1212 1358/1215/1211 1356/1213/1209
f 1360/1217/1213 1356/1213/1209 1349/1206/1202
f 1359/1216/1212 1356/1213/1209 1360/1217/1213
f 1360/1217/1213 1349/1206/1202 1361/1218/1214
f 1361/1218/1214 1349/1206/1202 1350/1207/1203
f 1362/1219/1215 1350/1207/1203 1352/1209/1205
f 1361/1218/1214 1350/1207/1203 1362/1219/1215
f 1362/1219/1215 1352/1209/1205 1363/1220/1216
f 1363/1220/1216 1352/1209/1205 1354/1211/1207
f 1358/1215/1211 1364/1221/1217 1357/1214/1210
f 1357/1214/1210 1364/1221/1217 1365/1222/1218
f 1365/1222/1218 1366/1223/1219 1357/1214/1210
f 1366/1223/1219 1355/1212/1208 1357/1214/1210
f 1364/1221/1217 1367/1224/1220 1365/1222/1218
f 1365/1222/1218 1367/1224/1220 1368/1225/1221
f 1367/1224/1220 1369/1226/922 1368/1225/1221
f 1370/1227/1222 1366/1223/1219 1365/1222/1218
f 1368/1225/1221 1370/1227/1222 1365/1222/1218
f 1366/1223/1219 1370/1227/1222 1371/1228/1223
f 1368/1225/1221 1369/1226/922 1372/1229/1224
f 1373/1230/1225 1370/1227/1222 1368/1225/1221
f 1372/1229/1224 1373/1230/1225 1368/1225/1221
f 1374/1231/1226 1373/1230/1225 1372/1229/1224
f 1370/1227/1222 1373/1230/1225 1374/1231/1226
f 1371/1228/1223 1370/1227/1222 1374/1231/1226
f 1371/1228/1223 1374/1231/1226 1375/1232/1227
f 1369/1226/922 1375/1232/1227 1372/1229/1224
f 1375/1232/1227 1374/1231/1226 1372/1229/1224
f 1376/1233/1228 1371/1228/1223 1375/1232/1227
f 1355/1212/1208 1366/1223/1219 1377/1234/1229
f 1377/1234/1229 1366/1223/1219 1371/1228/1223
f 1347/1204/1200 1355/1212/1208 1377/1234/1229
f 1377/1234/1229 1371/1228/1223 1376/1233/1228
f 1376/1233/1228 1378/1235/1230 1377/1234/1229
f 1347/1204/1200 1377/1234/1229 1378/1235/1230
f 1379/1236/1231 1378/1235/1230 1376/1233/1228
f 1379/1236/1231 1376/1233/1228 1380/1237/1232
f 1380/1237/1232 1376/1233/1228 1375/1232/1227
f 1380/1237/1232 1375/1232/1227 1369/1226/922
f 1381/1238/1233 1378/1235/1230 1379/1236/1231
f 1381/1238/1233 1382/1239/1234 1378/1235/1230
f 1363/1220/1216 1354/1211/1207 1383/1240/1235
f 1383/1240/1235 1354/1211/1207 1384/1241/1236
f 1383/1240/1235 1384/1241/1236 1385/1242/1237
f 1385/1242/1237 1384/1241/1236 1386/1243/1238
f 1385/1242/1237 1386/1243/1238 1387/1244/1239
f 1387/1244/1239 1388/1245/1240 1382/1239/1234
f 1387/1244/1239 1386/1243/1238 1388/1245/1240
f 1382/1239/1234 1388/1245/1240 1389/1246/1241
f 1378/1235/1230 1382/1239/1234 1389/1246/1241
f 1389/1246/1241 1347/1204/1200 1378/1235/1230
f 1354/1211/1207 1390/1247/1242 1384/1241/1236
f 1353/1210/1206 1390/1247/1242 1354/1211/1207
f 1391/1248/1243 1388/1245/1240 1386/1243/1238
f 1384/1241/1236 1391/1248/1243 1386/1243/1238
f 1391/1248/1243 1390/1247/1242 1353/1210/1206
f 1351/1208/1204 1391/1248/1243 1353/1210/1206
f 1390/1247/1242 1391/1248/1243 1384/1241/1236
f 1348/1205/1201 1392/1249/1244 1351/1208/1204
f 1392/1249/1244 1388/1245/1240 1391/1248/1243
f 1392/1249/1244 1391/1248/1243 1351/1208/1204
f 1393/1250/1245 1392/1249/1244 1348/1205/1201
f 1392/1249/1244 1393/1250/1245 1388/1245/1240
f 1388/1245/1240 1393/1250/1245 1389/1246/1241
f 1348/1205/1201 1347/1204/1200 1393/1250/1245
f 1393/1250/1245 1347/1204/1200 1389/1246/1241
f 1394/1251/1246 1395/1252/1247 1396/1253/1248
f 1396/1253/1248 1395/1252/1247 1397/1254/1249
f 1396/1253/1248 1397/1254/1249 1398/1255/1250
f 1398/1255/1250 1397/1254/1249 1399/1256/1251
f 1398/1255/1250 1399/1256/1251 1400/1257/1252
f 1400/1257/1252 1399/1256/1251 1401/1258/1252
f 1402/1259/1253 1403/1260/1254 1404/1261/1254
f 1405/1262/1255 1403/1260/1254 1402/1259/1253
f 1406/1263/1256 1405/1262/1255 1402/1259/1253
f 1407/1264/1257 1405/1262/1255 1406/1263/1256
f 1408/1265/1258 1407/1264/1257 1406/1263/1256
f 1409/1266/1259 1407/1264/1257 1408/1265/1258
f 1394/1251/1246 1410/1267/1260 1395/1252/1247
f 1410/1267/1260 1409/1266/1259 1408/1265/1258
f 1411/1268/1260 1410/1267/1260 1394/1251/1246
f 1411/1268/1260 1409/1266/1259 1410/1267/1260
f 1412/1269/1261 1413/1270/1262 1414/1271/1263
f 1415/1272/1264 1413/1270/1262 1412/1269/1261
f 1415/1272/1264 1412/1269/1261 1416/1273/1265
f 1416/1273/1265 1412/1269/1261 1417/1274/1266
f 1416/1273/1265 1417/1274/1266 1418/1275/1267
f 1418/1275/1267 1417/1274/1266 1419/1276/1268
f 1420/1277/1269 1421/1278/1270 1422/1279/1271
f 1422/1279/1271 1421/1278/1270 1423/1280/1272
f 1422/1279/1271 1423/1280/1272 1424/1281/1273
f 1424/1281/1273 1423/1280/1272 1425/1282/1274
f 1424/1281/1273 1425/1282/1274 1426/1283/1275
f 1426/1283/1275 1425/1282/1274 1427/1284/1276
f 1428/1285/1277 1429/1286/1278 1430/1287/1279
f 1430/1287/1279 1429/1286/1278 1431/1288/1280
f 1430/1287/1279 1431/1288/1280 1432/1289/1281
f 1432/1289/1281 1431/1288/1280 1433/1290/1282
f 1432/1289/1281 1433/1290/1282 1434/1291/1283
f 1434/1291/1283 1433/1290/1282 1435/1292/1284
f 1434/1291/1283 1435/1292/1284 1436/1293/1285
f 1436/1293/1285 1437/1294/1286 1420/1277/1269
f 1436/1293/1285 1435/1292/1284 1437/1294/1286
f 1420/1277/1269 1437/1294/1286 1421/1278/1270
f 1438/1295/1287 1439/1296/1288 1440/1297/1289
f 1440/1297/1289 1439/1296/1288 1441/1298/1290
f 1440/1297/1289 1441/1298/1290 1442/1299/1291
f 1443/1300/1292 1441/1298/1290 1439/1296/1288
f 1444/1301/1293 1445/1302/1294 1446/1303/1295
f 1446/1303/1295 1445/1302/1294 1447/1304/1296
f 1447/1304/1296 1445/1302/1294 1448/1305/1297
f 1448/1305/1297 1449/1306/1298 1447/1304/1296
f 1447/1304/1296 1449/1306/1298 1450/1307/1299
f 1442/1299/1291 1450/1307/1299 1451/1308/1300
f 1449/1306/1298 1451/1308/1300 1450/1307/1299
f 1450/1307/1299 1452/1309/1301 1447/1304/1296
f 1447/1304/1296 1452/1309/1301 1446/1303/1295
f 1452/1309/1301 1450/1307/1299 1442/1299/1291
f 1442/1299/1291 1441/1298/1290 1452/1309/1301
f 1452/1309/1301 1441/1298/1290 1446/1303/1295
f 1446/1303/1295 1441/1298/1290 1453/1310/835
f 1453/1310/835 1441/1298/1290 1443/1300/1292
f 1453/1310/835 1444/1301/1293 1446/1303/1295
f 1443/1300/1292 1454/1311/1302 1453/1310/835
f 1455/1312/1303 1451/1308/1300 1449/1306/1298
f 1456/1313/1304 1457/1314/1305 1458/1315/1306
f 1459/1316/1307 1456/1313/1304 1458/1315/1306
f 1460/1317/1302 1456/1313/1304 1459/1316/1307
f 1461/1318/1308 1460/1317/1302 1459/1316/1307
f 1462/1319/1309 1461/1318/1308 1454/1311/1302
f 1462/1319/1309 1460/1317/1302 1461/1318/1308
f 1463/1320/1310 1444/1301/1293 1453/1310/835
f 1454/1311/1302 1461/1318/1308 1463/1320/1310
f 1453/1310/835 1454/1311/1302 1463/1320/1310
f 1463/1320/1310 1461/1318/1308 1444/1301/1293
f 1461/1318/1308 1459/1316/1307 1464/1321/1311
f 1444/1301/1293 1461/1318/1308 1464/1321/1311
f 1444/1301/1293 1464/1321/1311 1445/1302/1294
f 1459/1316/1307 1458/1315/1306 1465/1322/1312
f 1464/1321/1311 1459/1316/1307 1465/1322/1312
f 1458/1315/1306 1457/1314/1305 1466/1323/1313
f 1465/1322/1312 1458/1315/1306 1466/1323/1313
f 1466/1323/1313 1467/1324/1314 1465/1322/1312
f 1465/1322/1312 1468/1325/1315 1464/1321/1311
f 1465/1322/1312 1467/1324/1314 1468/1325/1315
f 1445/1302/1294 1464/1321/1311 1469/1326/1316
f 1464/1321/1311 1468/1325/1315 1469/1326/1316
f 1467/1324/1314 1470/1327/1317 1468/1325/1315
f 1467/1324/1314 1471/1328/1318 1470/1327/1317
f 1468/1325/1315 1470/1327/1317 1472/1329/1319
f 1468/1325/1315 1472/1329/1319 1469/1326/1316
f 1469/1326/1316 1472/1329/1319 1473/1330/1320
f 1469/1326/1316 1473/1330/1320 1445/1302/1294
f 1448/1305/1297 1445/1302/1294 1474/1331/1321
f 1445/1302/1294 1473/1330/1320 1474/1331/1321
f 1475/1332/1322 1476/1333/1323 1477/1334/1324
f 1477/1334/1324 1476/1333/1323 1478/1335/1325
f 1471/1328/1318 1478/1335/1325 1479/1336/1326
f 1478/1335/1325 1476/1333/1323 1479/1336/1326
f 1480/1337/1327 1471/1328/1318 1467/1324/1314
f 1480/1337/1327 1477/1334/1324 1478/1335/1325
f 1480/1337/1327 1478/1335/1325 1471/1328/1318
f 1457/1314/1305 1477/1334/1324 1481/1338/1328
f 1467/1324/1314 1481/1338/1328 1480/1337/1327
f 1466/1323/1313 1457/1314/1305 1481/1338/1328
f 1466/1323/1313 1481/1338/1328 1467/1324/1314
f 1481/1338/1328 1477/1334/1324 1480/1337/1327
f 1482/1339/1329 1477/1334/1324 1457/1314/1305
f 1482/1339/1329 1475/1332/1322 1477/1334/1324
f 1483/1340/1330 1484/1341/1331 1482/1339/1329
f 1483/1340/1330 1482/1339/1329 1485/1342/1332
f 1485/1342/1332 1457/1314/1305 1456/1313/1304
f 1485/1342/1332 1482/1339/1329 1457/1314/1305
f 1486/1343/1333 1487/1344/1334 1488/1345/1335
f 1486/1343/1333 1488/1345/1335 1489/1346/1336
f 1489/1346/1336 1488/1345/1335 1490/1347/1337
f 1488/1345/1335 1487/1344/1334 1491/1348/1338
f 1491/1348/1338 1490/1347/1337 1488/1345/1335
f 1492/1349/1339 1490/1347/1337 1491/1348/1338
f 1492/1349/1339 1491/1348/1338 1484/1341/1331
f 1493/1350/1340 1491/1348/1338 1475/1332/1322
f 1493/1350/1340 1475/1332/1322 1482/1339/1329
f 1482/1339/1329 1484/1341/1331 1493/1350/1340
f 1484/1341/1331 1491/1348/1338 1493/1350/1340
f 1475/1332/1322 1494/1351/1341 1476/1333/1323
f 1491/1348/1338 1487/1344/1334 1494/1351/1341
f 1475/1332/1322 1491/1348/1338 1494/1351/1341
f 1487/1344/1334 1495/1352/1342 1494/1351/1341
f 1487/1344/1334 1496/1353/1343 1495/1352/1342
f 1494/1351/1341 1495/1352/1342 1497/1354/1344
f 1476/1333/1323 1494/1351/1341 1497/1354/1344
f 1497/1354/1344 1495/1352/1342 1498/1355/1345
f 1497/1354/1344 1498/1355/1345 1476/1333/1323
f 1479/1336/1326 1476/1333/1323 1499/1356/1346
f 1476/1333/1323 1498/1355/1345 1499/1356/1346
f 1498/1355/1345 1495/1352/1342 1500/1357/1347
f 1500/1357/1347 1495/1352/1342 1501/1358/1348
f 1501/1358/1348 1495/1352/1342 1496/1353/1343
f 1496/1353/1343 1502/1359/1349 1501/1358/1348
f 1503/1360/1350 1502/1359/1349 1496/1353/1343
f 1496/1353/1343 1504/1361/1351 1503/1360/1350
f 1505/1362/1352 1496/1353/1343 1487/1344/1334
f 1505/1362/1352 1504/1361/1351 1496/1353/1343
f 1505/1362/1352 1487/1344/1334 1486/1343/1333
f 1489/1346/1336 1506/1363/1353 1486/1343/1333
f 1505/1362/1352 1506/1363/1353 1504/1361/1351
f 1486/1343/1333 1506/1363/1353 1505/1362/1352
f 1507/1364/1354 1506/1363/1353 1489/1346/1336
f 1508/1365/1355 1509/1366/1356 1510/1367/1357
f 1511/1368/1358 1509/1366/1356 1508/1365/1355
f 1511/1368/1358 1512/1369/1359 1509/1366/1356
f 1513/1370/1360 1511/1368/1358 1508/1365/1355
f 1508/1365/1355 1514/1371/1361 1513/1370/1360
f 1515/1372/1362 1514/1371/1361 1508/1365/1355
f 1508/1365/1355 1510/1367/1357 1515/1372/1362
f 1515/1372/1362 1510/1367/1357 1516/1373/1363
f 1517/1374/1364 1518/1375/1365 1519/1376/1366
f 1512/1369/1359 1517/1374/1364 1519/1376/1366
f 1520/1377/1367 1512/1369/1359 1511/1368/1358
f 1520/1377/1367 1517/1374/1364 1512/1369/1359
f 1521/1378/1368 1511/1368/1358 1513/1370/1360
f 1521/1378/1368 1520/1377/1367 1511/1368/1358
f 1522/1379/1369 1521/1378/1368 1513/1370/1360
f 1514/1371/1361 1522/1379/1369 1513/1370/1360
f 1523/1380/1370 1522/1379/1369 1514/1371/1361
f 1523/1380/1370 1524/1381/1371 1522/1379/1369
f 1525/1382/1372 1526/1383/1373 1524/1381/1371
f 1526/1383/1373 1527/1384/1374 1528/1385/1375
f 1524/1381/1371 1526/1383/1373 1528/1385/1375
f 1524/1381/1371 1528/1385/1375 1522/1379/1369
f 1529/1386/1376 1525/1382/1372 1524/1381/1371
f 1529/1386/1376 1524/1381/1371 1523/1380/1370
f 1530/1387/1377 1525/1382/1372 1529/1386/1376
f 1531/1388/1363 1525/1382/1372 1530/1387/1377
f 1532/1389/1357 1525/1382/1372 1531/1388/1363
f 1532/1389/1357 1533/1390/1356 1525/1382/1372
f 1525/1382/1372 1533/1390/1356 1526/1383/1373
f 1526/1383/1373 1534/1391/1359 1527/1384/1374
f 1533/1390/1356 1534/1391/1359 1526/1383/1373
f 1534/1391/1359 1535/1392/1373 1527/1384/1374
f 1536/1393/1378 1535/1392/1373 1534/1391/1359
f 1535/1392/1373 1537/1394/1379 1527/1384/1374
f 1535/1392/1373 1538/1395/1380 1537/1394/1379
f 1536/1393/1378 1538/1395/1380 1535/1392/1373
f 1539/1396/1365 1538/1395/1380 1536/1393/1378
f 1539/1396/1365 1540/1397/1381 1538/1395/1380
f 1522/1379/1369 1528/1385/1375 1541/1398/1382
f 1541/1398/1382 1521/1378/1368 1522/1379/1369
f 1542/1399/1383 1520/1377/1367 1521/1378/1368
f 1541/1398/1382 1542/1399/1383 1521/1378/1368
f 1543/1400/1384 1542/1399/1383 1541/1398/1382
f 1543/1400/1384 1537/1394/1379 1544/1401/1385
f 1543/1400/1384 1544/1401/1385 1542/1399/1383
f 1537/1394/1379 1545/1402/1386 1544/1401/1385
f 1537/1394/1379 1538/1395/1380 1545/1402/1386
f 1538/1395/1380 1540/1397/1381 1546/1403/1387
f 1538/1395/1380 1546/1403/1387 1545/1402/1386
f 1540/1397/1381 1547/1404/1388 1546/1403/1387
f 1546/1403/1387 1547/1404/1388 1548/1405/1389
f 1520/1377/1367 1549/1406/1390 1517/1374/1364
f 1542/1399/1383 1549/1406/1390 1520/1377/1367
f 1542/1399/1383 1544/1401/1385 1549/1406/1390
f 1545/1402/1386 1546/1403/1387 1550/1407/1391
f 1546/1403/1387 1548/1405/1389 1550/1407/1391
f 1545/1402/1386 1550/1407/1391 1551/1408/1392
f 1544/1401/1385 1545/1402/1386 1551/1408/1392
f 1544/1401/1385 1551/1408/1392 1549/1406/1390
f 1549/1406/1390 1551/1408/1392 1552/1409/1393
f 1549/1406/1390 1553/1410/1394 1517/1374/1364
f 1552/1409/1393 1553/1410/1394 1549/1406/1390
f 1553/1410/1394 1518/1375/1365 1517/1374/1364
f 1550/1407/1391 1548/1405/1389 1554/1411/1395
f 1551/1408/1392 1550/1407/1391 1555/1412/1396
f 1550/1407/1391 1554/1411/1395 1555/1412/1396
f 1555/1412/1396 1556/1413/1397 1551/1408/1392
f 1551/1408/1392 1556/1413/1397 1552/1409/1393
f 1552/1409/1393 1557/1414/1398 1553/1410/1394
f 1556/1413/1397 1557/1414/1398 1552/1409/1393
f 1557/1414/1398 1558/1415/1381 1553/1410/1394
f 1553/1410/1394 1558/1415/1381 1518/1375/1365
f 1557/1414/1398 1559/1416/1388 1558/1415/1381
f 1560/1417/1399 1561/1418/1400 1562/1419/1401
f 1559/1416/1388 1560/1417/1399 1562/1419/1401
f 1563/1420/1402 1559/1416/1388 1557/1414/1398
f 1563/1420/1402 1560/1417/1399 1559/1416/1388
f 1556/1413/1397 1563/1420/1402 1557/1414/1398
f 1555/1412/1396 1564/1421/1403 1556/1413/1397
f 1564/1421/1403 1563/1420/1402 1556/1413/1397
f 1555/1412/1396 1554/1411/1395 1565/1422/1404
f 1565/1422/1404 1564/1421/1403 1555/1412/1396
f 1554/1411/1395 1566/1423/1405 1565/1422/1404
f 1567/1424/1406 1566/1423/1405 1554/1411/1395
f 1548/1405/1389 1567/1424/1406 1554/1411/1395
f 1563/1420/1402 1568/1425/1407 1560/1417/1399
f 1565/1422/1404 1568/1425/1407 1564/1421/1403
f 1566/1423/1405 1568/1425/1407 1565/1422/1404
f 1564/1421/1403 1568/1425/1407 1563/1420/1402
f 1569/1426/1408 1561/1418/1400 1560/1417/1399
f 1560/1417/1399 1570/1427/1409 1569/1426/1408
f 1568/1425/1407 1570/1427/1409 1560/1417/1399
f 1568/1425/1407 1571/1428/1410 1570/1427/1409
f 1566/1423/1405 1571/1428/1410 1568/1425/1407
f 1567/1424/1406 1572/1429/1411 1566/1423/1405
f 1566/1423/1405 1572/1429/1411 1571/1428/1410
f 1573/1430/1412 1572/1429/1411 1567/1424/1406
f 1573/1430/1412 1567/1424/1406 1548/1405/1389
f 1548/1405/1389 1574/1431/1401 1573/1430/1412
f 1547/1404/1388 1574/1431/1401 1548/1405/1389
f 1574/1431/1401 1575/1432/1413 1573/1430/1412
f 1575/1432/1413 1572/1429/1411 1573/1430/1412
f 1575/1432/1413 1576/1433/1414 1572/1429/1411
f 1572/1429/1411 1577/1434/1415 1571/1428/1410
f 1576/1433/1414 1577/1434/1415 1572/1429/1411
f 1576/1433/1414 1578/1435/1416 1577/1434/1415
f 1577/1434/1415 1578/1435/1416 1579/1436/1417
f 1578/1435/1416 1580/1437/1418 1579/1436/1417
f 1579/1436/1417 1580/1437/1418 1581/1438/1419
f 1582/1439/1420 1575/1432/1413 1574/1431/1401
f 1582/1439/1420 1583/1440/1421 1575/1432/1413
f 1578/1435/1416 1584/1441/1422 1580/1437/1418
f 1585/1442/1423 1584/1441/1422 1586/1443/1424
f 1586/1443/1424 1587/1444/1425 1583/1440/1421
f 1586/1443/1424 1584/1441/1422 1587/1444/1425
f 1576/1433/1414 1587/1444/1425 1578/1435/1416
f 1587/1444/1425 1584/1441/1422 1578/1435/1416
f 1575/1432/1413 1583/1440/1421 1588/1445/1426
f 1588/1445/1426 1587/1444/1425 1576/1433/1414
f 1583/1440/1421 1587/1444/1425 1588/1445/1426
f 1588/1445/1426 1576/1433/1414 1575/1432/1413
f 1589/1446/1427 1590/1447/1428 1591/1448/1429
f 1589/1446/1427 1591/1448/1429 1592/1449/1430
f 1592/1449/1430 1591/1448/1429 1593/1450/1431
f 1592/1449/1430 1593/1450/1431 1594/1451/1432
f 1594/1451/1432 1593/1450/1431 1595/1452/1433
f 1594/1451/1432 1595/1452/1433 1596/1453/1434
f 1596/1453/1434 1595/1452/1433 1597/1454/1435
f 1598/1455/1436 1594/1451/1432 1596/1453/1434
f 1599/1456/1437 1598/1455/1436 1596/1453/1434
f 1599/1456/1437 1596/1453/1434 1600/1457/1438
f 1600/1457/1438 1596/1453/1434 1597/1454/1435
f 1597/1454/1435 1595/1452/1433 1601/1458/1439
f 1597/1454/1435 1601/1458/1439 1600/1457/1438
f 1601/1458/1439 1595/1452/1433 1602/1459/1440
f 1595/1452/1433 1603/1460/1441 1602/1459/1440
f 1593/1450/1431 1603/1460/1441 1595/1452/1433
f 1593/1450/1431 1604/1461/1442 1603/1460/1441
f 1591/1448/1429 1604/1461/1442 1593/1450/1431
f 1605/1462/1443 1598/1455/1436 1599/1456/1437
f 1591/1448/1429 1606/1463/1444 1604/1461/1442
f 1606/1463/1444 1607/1464/1445 1604/1461/1442
f 1604/1461/1442 1607/1464/1445 1608/1465/1446
f 1603/1460/1441 1604/1461/1442 1609/1466/1447
f 1609/1466/1447 1604/1461/1442 1608/1465/1446
f 1602/1459/1440 1603/1460/1441 1610/1467/1448
f 1610/1467/1448 1603/1460/1441 1609/1466/1447
f 1601/1458/1439 1602/1459/1440 1611/1468/1449
f 1611/1468/1449 1602/1459/1440 1610/1467/1448
f 1600/1457/1438 1601/1458/1439 1612/1469/1450
f 1601/1458/1439 1611/1468/1449 1612/1469/1450
f 1612/1469/1450 1611/1468/1449 1613/1470/1451
f 1612/1469/1450 1613/1470/1451 1614/1471/1452
f 1600/1457/1438 1612/1469/1450 1615/1472/1453
f 1615/1472/1453 1612/1469/1450 1614/1471/1452
f 1600/1457/1438 1615/1472/1453 1599/1456/1437
f 1614/1471/1452 1613/1470/1451 1616/1473/1454
f 1599/1456/1437 1617/1474/1455 1605/1462/1443
f 1599/1456/1437 1615/1472/1453 1617/1474/1455
f 1605/1462/1443 1617/1474/1455 1618/1475/1456
f 1619/1476/1457 1606/1463/1444 1591/1448/1429
f 1591/1448/1429 1590/1447/1428 1619/1476/1457
f 1590/1447/1428 1620/1477/1458 1619/1476/1457
f 1621/1478/1459 1622/1479/1460 1623/1480/1461
f 1621/1478/1459 1623/1480/1461 1624/1481/1462
f 1624/1481/1462 1623/1480/1461 1625/1482/1463
f 1620/1477/1458 1624/1481/1462 1625/1482/1463
f 1620/1477/1458 1625/1482/1463 1626/1483/1464
f 1619/1476/1457 1620/1477/1458 1626/1483/1464
f 1626/1483/1464 1627/1484/1465 1619/1476/1457
f 1619/1476/1457 1627/1484/1465 1606/1463/1444
f 1627/1484/1465 1628/1485/1466 1606/1463/1444
f 1606/1463/1444 1628/1485/1466 1607/1464/1445
f 1627/1484/1465 1629/1486/1467 1628/1485/1466
f 1626/1483/1464 1630/1487/1468 1627/1484/1465
f 1630/1487/1468 1629/1486/1467 1627/1484/1465
f 1630/1487/1468 1631/1488/1469 1629/1486/1467
f 1632/1489/1470 1630/1487/1468 1626/1483/1464
f 1626/1483/1464 1625/1482/1463 1632/1489/1470
f 1632/1489/1470 1633/1490/1471 1630/1487/1468
f 1625/1482/1463 1633/1490/1471 1632/1489/1470
f 1623/1480/1461 1633/1490/1471 1625/1482/1463
f 1630/1487/1468 1633/1490/1471 1631/1488/1469
f 1633/1490/1471 1634/1491/1472 1631/1488/1469
f 1623/1480/1461 1634/1491/1472 1633/1490/1471
f 1622/1479/1460 1634/1491/1472 1623/1480/1461
f 1622/1479/1460 1635/1492/1473 1634/1491/1472
f 1636/1493/1474 1635/1492/1473 1622/1479/1460
f 1636/1493/1474 1637/1494/1475 1635/1492/1473
f 1635/1492/1473 1637/1494/1475 1638/1495/1476
f 1638/1495/1476 1639/1496/1477 1635/1492/1473
f 1635/1492/1473 1639/1496/1477 1640/1497/1478
f 1641/1498/1479 1635/1492/1473 1640/1497/1478
f 1631/1488/1469 1634/1491/1472 1641/1498/1479
f 1634/1491/1472 1635/1492/1473 1641/1498/1479
f 1638/1495/1476 1642/1499/1480 1639/1496/1477
f 1642/1499/1480 1643/1500/1481 1639/1496/1477
f 1639/1496/1477 1644/1501/1482 1640/1497/1478
f 1639/1496/1477 1643/1500/1481 1644/1501/1482
f 1640/1497/1478 1644/1501/1482 1645/1502/1483
f 1646/1503/1484 1640/1497/1478 1645/1502/1483
f 1641/1498/1479 1640/1497/1478 1646/1503/1484
f 1647/1504/1485 1641/1498/1479 1646/1503/1484
f 1631/1488/1469 1641/1498/1479 1647/1504/1485
f 1629/1486/1467 1631/1488/1469 1647/1504/1485
f 1570/1427/1409 1648/1505/1486 1569/1426/1408
f 1577/1434/1415 1648/1505/1486 1571/1428/1410
f 1571/1428/1410 1648/1505/1486 1570/1427/1409
f 1577/1434/1415 1579/1436/1417 1648/1505/1486
f 1579/1436/1417 1581/1438/1419 1649/1506/1487
f 1648/1505/1486 1579/1436/1417 1649/1506/1487
f 1649/1506/1487 1650/1507/1488 1648/1505/1486
f 1569/1426/1408 1648/1505/1486 1651/1508/1489
f 1569/1426/1408 1651/1508/1489 1561/1418/1400
f 1648/1505/1486 1650/1507/1488 1651/1508/1489
f 1649/1506/1487 1581/1438/1419 1652/1509/1490
f 1652/1509/1490 1653/1510/1491 1649/1506/1487
f 1649/1506/1487 1653/1510/1491 1650/1507/1488
f 1653/1510/1491 1654/1511/1423 1650/1507/1488
f 1650/1507/1488 1654/1511/1423 1655/1512/1424
f 1650/1507/1488 1655/1512/1424 1651/1508/1489
f 1651/1508/1489 1655/1512/1424 1656/1513/1421
f 1561/1418/1400 1651/1508/1489 1656/1513/1421
f 1657/1514/1492 1642/1499/1480 1638/1495/1476
f 1638/1495/1476 1658/1515/1493 1657/1514/1492
f 1637/1494/1475 1658/1515/1493 1638/1495/1476
f 1637/1494/1475 1659/1516/1494 1658/1515/1493
f 1660/1517/1495 1659/1516/1494 1637/1494/1475
f 1636/1493/1474 1660/1517/1495 1637/1494/1475
f 1661/1518/1496 1660/1517/1495 1636/1493/1474
f 1661/1518/1496 1636/1493/1474 1662/1519/1497
f 1662/1519/1497 1636/1493/1474 1622/1479/1460
f 1662/1519/1497 1622/1479/1460 1621/1478/1459
f 1663/1520/1498 1664/1521/1499 1665/1522/1500
f 1666/1523/1501 1663/1520/1498 1665/1522/1500
f 1664/1521/1499 1667/1524/1502 1668/1525/1503
f 1667/1524/1502 1669/1526/1504 1668/1525/1503
f 1664/1521/1499 1668/1525/1503 1670/1527/1505
f 1665/1522/1500 1664/1521/1499 1670/1527/1505
f 1665/1522/1500 1670/1527/1505 1671/1528/1506
f 1666/1523/1501 1665/1522/1500 1672/1529/1507
f 1672/1529/1507 1665/1522/1500 1671/1528/1506
f 1673/1530/1508 1666/1523/1501 1672/1529/1507
f 1674/1531/1509 1666/1523/1501 1673/1530/1508
f 1675/1532/1510 1674/1531/1509 1673/1530/1508
f 1675/1532/1510 1673/1530/1508 1676/1533/1511
f 1668/1525/1503 1669/1526/1504 1677/1534/1512
f 1668/1525/1503 1677/1534/1512 1678/1535/1513
f 1670/1527/1505 1668/1525/1503 1678/1535/1513
f 1670/1527/1505 1678/1535/1513 1679/1536/1514
f 1671/1528/1506 1670/1527/1505 1679/1536/1514
f 1671/1528/1506 1680/1537/1515 1672/1529/1507
f 1671/1528/1506 1679/1536/1514 1680/1537/1515
f 1672/1529/1507 1681/1538/1516 1673/1530/1508
f 1672/1529/1507 1680/1537/1515 1681/1538/1516
f 1676/1533/1511 1673/1530/1508 1682/1539/1517
f 1673/1530/1508 1681/1538/1516 1682/1539/1517
f 1682/1539/1517 1683/1540/1518 1676/1533/1511
f 1682/1539/1517 1684/1541/1519 1683/1540/1518
f 1681/1538/1516 1684/1541/1519 1682/1539/1517
f 1681/1538/1516 1685/1542/1520 1684/1541/1519
f 1680/1537/1515 1685/1542/1520 1681/1538/1516
f 1680/1537/1515 1686/1543/1521 1685/1542/1520
f 1687/1544/1522 1686/1543/1521 1680/1537/1515
f 1680/1537/1515 1679/1536/1514 1687/1544/1522
f 1687/1544/1522 1688/1545/1523 1686/1543/1521
f 1679/1536/1514 1689/1546/1524 1687/1544/1522
f 1689/1546/1524 1688/1545/1523 1687/1544/1522
f 1689/1546/1524 1690/1547/1525 1688/1545/1523
f 1690/1547/1525 1691/1548/1526 1688/1545/1523
f 1688/1545/1523 1692/1549/1527 1686/1543/1521
f 1688/1545/1523 1691/1548/1526 1692/1549/1527
f 1686/1543/1521 1692/1549/1527 1693/1550/1528
f 1686/1543/1521 1693/1550/1528 1685/1542/1520
f 1685/1542/1520 1693/1550/1528 1694/1551/1529
f 1695/1552/1530 1685/1542/1520 1694/1551/1529
f 1684/1541/1519 1685/1542/1520 1695/1552/1530
f 1683/1540/1518 1684/1541/1519 1696/1553/1531
f 1696/1553/1531 1684/1541/1519 1695/1552/1530
f 1690/1547/1525 1697/1554/1532 1691/1548/1526
f 1697/1554/1532 1698/1555/1533 1699/1556/1534
f 1691/1548/1526 1697/1554/1532 1699/1556/1534
f 1700/1557/1535 1701/1558/1536 1702/1559/1537
f 1702/1559/1537 1701/1558/1536 1703/1560/1538
f 1701/1558/1536 1704/1561/1539 1703/1560/1538
f 1703/1560/1538 1704/1561/1539 1705/1562/1540
f 1703/1560/1538 1705/1562/1540 1706/1563/1541
f 1706/1563/1541 1705/1562/1540 1707/1564/1542
f 1698/1555/1533 1706/1563/1541 1707/1564/1542
f 1708/1565/1543 1706/1563/1541 1698/1555/1533
f 1708/1565/1543 1698/1555/1533 1697/1554/1532
f 1697/1554/1532 1709/1566/1544 1708/1565/1543
f 1709/1566/1544 1710/1567/1545 1708/1565/1543
f 1710/1567/1545 1703/1560/1538 1706/1563/1541
f 1708/1565/1543 1710/1567/1545 1706/1563/1541
f 1702/1559/1537 1703/1560/1538 1710/1567/1545
f 1711/1568/1546 1700/1557/1535 1712/1569/1547
f 1712/1569/1547 1700/1557/1535 1702/1559/1537
f 1712/1569/1547 1702/1559/1537 1713/1570/1548
f 1713/1570/1548 1702/1559/1537 1710/1567/1545
f 1713/1570/1548 1710/1567/1545 1714/1571/1549
f 1714/1571/1549 1710/1567/1545 1709/1566/1544
f 1715/1572/1550 1714/1571/1549 1709/1566/1544
f 1690/1547/1525 1715/1572/1550 1697/1554/1532
f 1715/1572/1550 1709/1566/1544 1697/1554/1532
f 1712/1569/1547 1716/1573/1551 1711/1568/1546
f 1712/1569/1547 1713/1570/1548 1717/1574/1552
f 1717/1574/1552 1716/1573/1551 1712/1569/1547
f 1717/1574/1552 1718/1575/1553 1716/1573/1551
f 1719/1576/1554 1690/1547/1525 1689/1546/1524
f 1719/1576/1554 1715/1572/1550 1690/1547/1525
f 1720/1577/1555 1714/1571/1549 1715/1572/1550
f 1719/1576/1554 1720/1577/1555 1715/1572/1550
f 1720/1577/1555 1721/1578/1556 1714/1571/1549
f 1721/1578/1556 1713/1570/1548 1714/1571/1549
f 1717/1574/1552 1713/1570/1548 1722/1579/1557
f 1722/1579/1557 1713/1570/1548 1721/1578/1556
f 1723/1580/1558 1718/1575/1553 1717/1574/1552
f 1717/1574/1552 1722/1579/1557 1723/1580/1558
f 1723/1580/1558 1724/1581/1559 1718/1575/1553
f 1725/1582/1560 1720/1577/1555 1719/1576/1554
f 1726/1583/1561 1721/1578/1556 1720/1577/1555
f 1677/1534/1512 1726/1583/1561 1727/1584/1562
f 1678/1535/1513 1677/1534/1512 1727/1584/1562
f 1726/1583/1561 1720/1577/1555 1727/1584/1562
f 1727/1584/1562 1720/1577/1555 1725/1582/1560
f 1678/1535/1513 1727/1584/1562 1728/1585/1563
f 1728/1585/1563 1719/1576/1554 1689/1546/1524
f 1725/1582/1560 1719/1576/1554 1728/1585/1563
f 1728/1585/1563 1727/1584/1562 1725/1582/1560
f 1679/1536/1514 1678/1535/1513 1728/1585/1563
f 1728/1585/1563 1689/1546/1524 1679/1536/1514
f 1723/1580/1558 1722/1579/1557 1729/1586/1564
f 1729/1586/1564 1722/1579/1557 1730/1587/1565
f 1730/1587/1565 1722/1579/1557 1721/1578/1556
f 1731/1588/1566 1726/1583/1561 1677/1534/1512
f 1731/1588/1566 1721/1578/1556 1726/1583/1561
f 1669/1526/1504 1731/1588/1566 1677/1534/1512
f 1730/1587/1565 1721/1578/1556 1731/1588/1566
f 1723/1580/1558 1729/1586/1564 1732/1589/1567
f 1732/1589/1567 1724/1581/1559 1723/1580/1558
f 1730/1587/1565 1733/1590/1542 1729/1586/1564
f 1732/1589/1567 1729/1586/1564 1733/1590/1542
f 1734/1591/1533 1733/1590/1542 1730/1587/1565
f 1734/1591/1533 1730/1587/1565 1735/1592/1568
f 1735/1592/1568 1730/1587/1565 1731/1588/1566
f 1735/1592/1568 1731/1588/1566 1669/1526/1504
f 1736/1593/1569 1624/1481/1462 1620/1477/1458
f 1590/1447/1428 1736/1593/1569 1620/1477/1458
f 1589/1446/1427 1737/1594/1570 1590/1447/1428
f 1737/1594/1570 1736/1593/1569 1590/1447/1428
f 1738/1595/1446 1737/1594/1570 1589/1446/1427
f 1592/1449/1430 1738/1595/1446 1589/1446/1427
f 1739/1596/1571 1738/1595/1446 1592/1449/1430
f 1594/1451/1432 1739/1596/1571 1592/1449/1430
f 1740/1597/1572 1594/1451/1432 1598/1455/1436
f 1740/1597/1572 1739/1596/1571 1594/1451/1432
f 1741/1598/1528 1667/1524/1502 1664/1521/1499
f 1742/1599/1529 1664/1521/1499 1663/1520/1498
f 1741/1598/1528 1664/1521/1499 1742/1599/1529
f 1674/1531/1509 1743/1600/1573 1666/1523/1501
f 1743/1600/1573 1742/1599/1529 1663/1520/1498
f 1743/1600/1573 1663/1520/1498 1666/1523/1501
f 1744/1601/1574 1743/1600/1573 1674/1531/1509
f 1745/1602/1575 1742/1599/1529 1743/1600/1573
f 1744/1601/1574 1745/1602/1575 1743/1600/1573
f 1746/1603/1531 1745/1602/1575 1744/1601/1574
f 1747/1604/1576 1674/1531/1509 1675/1532/1510
f 1747/1604/1576 1744/1601/1574 1674/1531/1509
f 1748/1605/1577 1746/1603/1531 1744/1601/1574
f 1748/1605/1577 1744/1601/1574 1747/1604/1576
f 1749/1606/1578 1746/1603/1531 1748/1605/1577
f 1676/1533/1511 1683/1540/1518 1750/1607/1579
f 1683/1540/1518 1696/1553/1531 1750/1607/1579
f 1676/1533/1511 1750/1607/1579 1751/1608/1580
f 1751/1608/1580 1675/1532/1510 1676/1533/1511
f 1752/1609/1581 1675/1532/1510 1751/1608/1580
f 1752/1609/1581 1747/1604/1576 1675/1532/1510
f 1753/1610/1582 1747/1604/1576 1752/1609/1581
f 1753/1610/1582 1748/1605/1577 1747/1604/1576
f 1754/1611/1583 1749/1606/1578 1748/1605/1577
f 1754/1611/1583 1748/1605/1577 1753/1610/1582
f 1755/1612/1584 1749/1606/1578 1754/1611/1583
f 1755/1612/1584 1754/1611/1583 1756/1613/1585
f 1756/1613/1585 1754/1611/1583 1757/1614/1586
f 1758/1615/1587 1754/1611/1583 1753/1610/1582
f 1757/1614/1586 1754/1611/1583 1758/1615/1587
f 1758/1615/1587 1753/1610/1582 1759/1616/1588
f 1759/1616/1588 1753/1610/1582 1752/1609/1581
f 1759/1616/1588 1752/1609/1581 1760/1617/1589
f 1760/1617/1589 1752/1609/1581 1751/1608/1580
f 1751/1608/1580 1761/1618/1590 1760/1617/1589
f 1751/1608/1580 1750/1607/1579 1761/1618/1590
f 1750/1607/1579 1762/1619/1578 1761/1618/1590
f 1750/1607/1579 1696/1553/1531 1762/1619/1578
f 1761/1618/1590 1762/1619/1578 1763/1620/1584
f 1760/1617/1589 1761/1618/1590 1764/1621/1591
f 1761/1618/1590 1763/1620/1584 1764/1621/1591
f 1764/1621/1591 1763/1620/1584 1765/1622/1592
f 1766/1623/1593 1767/1624/1594 1768/1625/1595
f 1767/1624/1594 1769/1626/1596 1768/1625/1595
f 1767/1624/1594 1770/1627/1597 1769/1626/1596
f 1769/1626/1596 1770/1627/1597 1771/1628/1598
f 1768/1625/1595 1769/1626/1596 1772/1629/1599
f 1773/1630/1600 1774/1631/1601 1775/1632/1602
f 1776/1633/1603 1774/1631/1601 1773/1630/1600
f 1773/1630/1600 1777/1634/1604 1776/1633/1603
f 1777/1634/1604 1770/1627/1597 1778/1635/1605
f 1777/1634/1604 1778/1635/1605 1776/1633/1603
f 1767/1624/1594 1779/1636/1606 1770/1627/1597
f 1778/1635/1605 1770/1627/1597 1779/1636/1606
f 1780/1637/1607 1767/1624/1594 1766/1623/1593
f 1780/1637/1607 1778/1635/1605 1779/1636/1606
f 1780/1637/1607 1779/1636/1606 1767/1624/1594
f 1776/1633/1603 1778/1635/1605 1781/1638/1608
f 1780/1637/1607 1766/1623/1593 1781/1638/1608
f 1781/1638/1608 1778/1635/1605 1780/1637/1607
f 1782/1639/1609 1766/1623/1593 1774/1631/1601
f 1774/1631/1601 1776/1633/1603 1782/1639/1609
f 1782/1639/1609 1776/1633/1603 1781/1638/1608
f 1781/1638/1608 1766/1623/1593 1782/1639/1609
f 1774/1631/1601 1766/1623/1593 1783/1640/1610
f 1783/1640/1610 1784/1641/1611 1774/1631/1601
f 1785/1642/1612 1784/1641/1611 1783/1640/1610
f 1786/1643/1602 1774/1631/1601 1784/1641/1611
f 1787/1644/1613 1788/1645/1614 1789/1646/1615
f 1790/1647/1616 1788/1645/1614 1787/1644/1613
f 1791/1648/1617 1790/1647/1616 1787/1644/1613
f 1792/1649/1618 1790/1647/1616 1791/1648/1617
f 1793/1650/1619 1792/1649/1618 1791/1648/1617
f 1794/1651/1620 1792/1649/1618 1793/1650/1619
f 1795/1652/1621 1796/1653/1622 1797/1654/1623
f 1797/1654/1623 1796/1653/1622 1798/1655/1624
f 1797/1654/1623 1798/1655/1624 1799/1656/1625
f 1799/1656/1625 1798/1655/1624 1800/1657/1626
f 1799/1656/1625 1800/1657/1626 1801/1658/1627
f 1801/1658/1627 1800/1657/1626 1802/1659/1628
f 1801/1658/1627 1802/1659/1628 1803/1660/1629
f 1803/1660/1629 1804/1661/1630 1788/1645/1614
f 1788/1645/1614 1804/1661/1630 1789/1646/1615
f 1803/1660/1629 1802/1659/1628 1804/1661/1630
f 1805/1662/1631 1806/1663/1632 1807/1664/1633
f 1808/1665/1634 1806/1663/1632 1805/1662/1631
f 1809/1666/1635 1808/1665/1634 1805/1662/1631
f 1810/1667/1636 1808/1665/1634 1809/1666/1635
f 1811/1668/1637 1810/1667/1636 1809/1666/1635
f 1812/1669/1638 1810/1667/1636 1811/1668/1637
f 1812/1669/1638 1811/1668/1637 1813/1670/1639
f 1813/1670/1639 1811/1668/1637 1814/1671/1640
f 1813/1670/1639 1814/1671/1640 1815/1672/1641
f 1815/1672/1641 1814/1671/1640 1816/1673/1642
f 1815/1672/1641 1816/1673/1642 1817/1674/1643
f 1817/1674/1643 1816/1673/1642 1818/1675/1644
f 1817/1674/1643 1818/1675/1644 1819/1676/1645
f 1819/1676/1645 1818/1675/1644 1820/1677/1646
f 1821/1678/1647 1819/1676/1645 1820/1677/1646
f 1822/1679/1648 1819/1676/1645 1821/1678/1647
f 1823/1680/1649 1824/1681/1650 1825/1682/1650
f 1826/1683/1651 1824/1681/1650 1823/1680/1649
f 1827/1684/1652 1826/1683/1651 1823/1680/1649
f 1828/1685/1653 1826/1683/1651 1827/1684/1652
f 1829/1686/1654 1828/1685/1653 1827/1684/1652
f 1830/1687/1655 1828/1685/1653 1829/1686/1654
f 1831/1688/1656 1832/1689/1657 1833/1690/1658
f 1834/1691/1656 1832/1689/1657 1831/1688/1656
f 1831/1688/1656 1835/1692/1659 1834/1691/1656
f 1836/1693/1660 1835/1692/1659 1831/1688/1656
f 1836/1693/1660 1837/1694/1661 1835/1692/1659
f 1838/1695/1662 1837/1694/1661 1836/1693/1660
f 1838/1695/1662 1839/1696/1663 1837/1694/1661
f 1840/1697/1664 1824/1681/1650 1839/1696/1663
f 1840/1697/1664 1839/1696/1663 1838/1695/1662
f 1825/1682/1650 1824/1681/1650 1840/1697/1664
f 1841/1698/1665 1777/1634/1604 1773/1630/1600
f 1842/1699/1666 1843/1700/1667 1844/1701/1668
f 1845/1702/1669 1843/1700/1667 1842/1699/1666
f 1846/1703/1670 1845/1702/1669 1842/1699/1666
f 1847/1704/1671 1845/1702/1669 1846/1703/1670
f 1848/1705/1672 1847/1704/1671 1846/1703/1670
f 1849/1706/1673 1847/1704/1671 1848/1705/1672
f 1850/1707/1674 1851/1708/1675 1852/1709/1672
f 1853/1710/1676 1851/1708/1675 1850/1707/1674
f 1854/1711/1677 1853/1710/1676 1850/1707/1674
f 1855/1712/1678 1853/1710/1676 1854/1711/1677
f 1856/1713/1679 1855/1712/1678 1854/1711/1677
f 1857/1714/1680 1855/1712/1678 1856/1713/1679
f 1858/1715/1681 1857/1714/1680 1856/1713/1679
f 1859/1716/1682 1857/1714/1680 1858/1715/1681
f 1844/1701/1668 1859/1716/1682 1858/1715/1681
f 1843/1700/1667 1859/1716/1682 1844/1701/1668
f 1860/1717/1683 1861/1718/496 1862/1719/496
f 1863/1720/1683 1861/1718/496 1860/1717/1683
f 1864/1721/1684 1863/1720/1683 1860/1717/1683
f 1865/1722/1684 1863/1720/1683 1864/1721/1684
f 1866/1723/771 1865/1722/1684 1864/1721/1684
f 1867/1724/771 1865/1722/1684 1866/1723/771
f 1868/1725/1685 1869/1726/1686 1870/1727/1687
f 1870/1727/1687 1871/1728/1688 1868/1725/1685
f 1871/1728/1688 1872/1729/1689 1868/1725/1685
f 1868/1725/1685 1872/1729/1689 1869/1726/1686
f 1873/1730/1690 1872/1729/1689 1871/1728/1688
f 1873/1730/1690 1874/1731/1691 1872/1729/1689
f 1875/1732/1692 1874/1731/1691 1873/1730/1690
f 1875/1732/1692 1876/1733/1693 1874/1731/1691
f 1877/1734/1694 1876/1733/1693 1875/1732/1692
f 1869/1726/1686 1872/1729/1689 1878/1735/1695
f 1872/1729/1689 1874/1731/1691 1878/1735/1695
f 1874/1731/1691 1876/1733/1693 1879/1736/1696
f 1878/1735/1695 1874/1731/1691 1879/1736/1696
f 1879/1736/1696 1876/1733/1693 1880/1737/1697
f 1878/1735/1695 1879/1736/1696 1881/1738/1698
f 1881/1738/1698 1879/1736/1696 1882/1739/1699
f 1879/1736/1696 1880/1737/1697 1882/1739/1699
f 1882/1739/1699 1880/1737/1697 1883/1740/1700
f 1880/1737/1697 1884/1741/1701 1883/1740/1700
f 1885/1742/1702 1884/1741/1701 1880/1737/1697
f 1876/1733/1693 1886/1743/1703 1880/1737/1697
f 1880/1737/1697 1886/1743/1703 1885/1742/1702
f 1876/1733/1693 1887/1744/1704 1886/1743/1703
f 1877/1734/1694 1887/1744/1704 1876/1733/1693
f 1888/1745/1705 1887/1744/1704 1889/1746/1706
f 1889/1746/1706 1887/1744/1704 1877/1734/1694
f 1889/1746/1706 1877/1734/1694 1890/1747/1707
f 1890/1747/1707 1877/1734/1694 1875/1732/1692
f 1890/1747/1707 1875/1732/1692 1891/1748/1708
f 1891/1748/1708 1875/1732/1692 1873/1730/1690
f 1892/1749/1709 1873/1730/1690 1871/1728/1688
f 1891/1748/1708 1873/1730/1690 1892/1749/1709
f 1893/1750/1710 1892/1749/1709 1871/1728/1688
f 1893/1750/1710 1871/1728/1688 1870/1727/1687
f 1893/1750/1710 1870/1727/1687 1894/1751/1711
f 1895/1752/1712 1896/1753/1713 1897/1754/1714
f 1897/1754/1714 1896/1753/1713 1898/1755/1715
f 1897/1754/1714 1898/1755/1715 1899/1756/1716
f 1899/1756/1716 1898/1755/1715 1900/1757/1717
f 1899/1756/1716 1900/1757/1717 1901/1758/1718
f 1901/1758/1718 1900/1757/1717 1902/1759/1719
f 1902/1759/1719 1894/1751/1711 1901/1758/1718
f 1903/1760/1720 1893/1750/1710 1894/1751/1711
f 1903/1760/1720 1894/1751/1711 1902/1759/1719
f 1904/1761/1721 1893/1750/1710 1903/1760/1720
f 1904/1761/1721 1892/1749/1709 1893/1750/1710
f 1894/1751/1711 1905/1762/1722 1901/1758/1718
f 1894/1751/1711 1870/1727/1687 1905/1762/1722
f 1906/1763/1723 1899/1756/1716 1901/1758/1718
f 1901/1758/1718 1905/1762/1722 1906/1763/1723
f 1907/1764/1724 1899/1756/1716 1906/1763/1723
f 1907/1764/1724 1897/1754/1714 1899/1756/1716
f 1908/1765/1725 1895/1752/1712 1897/1754/1714
f 1908/1765/1725 1897/1754/1714 1907/1764/1724
f 1909/1766/1726 1895/1752/1712 1908/1765/1725
f 1909/1766/1726 1908/1765/1725 1910/1767/1727
f 1908/1765/1725 1907/1764/1724 1911/1768/1728
f 1910/1767/1727 1908/1765/1725 1911/1768/1728
f 1907/1764/1724 1906/1763/1723 1912/1769/1729
f 1911/1768/1728 1907/1764/1724 1912/1769/1729
f 1910/1767/1727 1911/1768/1728 1913/1770/1730
f 1911/1768/1728 1912/1769/1729 1914/1771/1731
f 1913/1770/1730 1911/1768/1728 1914/1771/1731
f 1914/1771/1731 1912/1769/1729 1915/1772/1732
f 1906/1763/1723 1905/1762/1722 1916/1773/1733
f 1912/1769/1729 1916/1773/1733 1915/1772/1732
f 1912/1769/1729 1906/1763/1723 1916/1773/1733
f 1915/1772/1732 1916/1773/1733 1917/1774/1734
f 1905/1762/1722 1870/1727/1687 1918/1775/1735
f 1916/1773/1733 1918/1775/1735 1917/1774/1734
f 1916/1773/1733 1905/1762/1722 1918/1775/1735
f 1917/1774/1734 1918/1775/1735 1919/1776/1736
f 1870/1727/1687 1869/1726/1686 1920/1777/1737
f 1918/1775/1735 1920/1777/1737 1919/1776/1736
f 1918/1775/1735 1870/1727/1687 1920/1777/1737
f 1919/1776/1736 1920/1777/1737 1921/1778/1738
f 1869/1726/1686 1922/1779/1739 1920/1777/1737
f 1920/1777/1737 1922/1779/1739 1921/1778/1738
f 1922/1779/1739 1878/1735/1695 1881/1738/1698
f 1869/1726/1686 1878/1735/1695 1922/1779/1739
f 1923/1780/1740 1924/1781/1741 1925/1782/1742
f 1926/1783/1743 1924/1781/1741 1923/1780/1740
f 1926/1783/1743 1927/1784/1744 1924/1781/1741
f 1928/1785/1745 1927/1784/1744 1926/1783/1743
f 1929/1786/1746 1927/1784/1744 1928/1785/1745
f 1930/1787/1747 1927/1784/1744 1929/1786/1746
f 1931/1788/1748 1930/1787/1747 1929/1786/1746
f 1932/1789/1749 1930/1787/1747 1931/1788/1748
f 1933/1790/1750 1934/1791/1751 1935/1792/1752
f 1933/1790/1750 1936/1793/1753 1934/1791/1751
f 1934/1791/1751 1936/1793/1753 1937/1794/1754
f 1937/1794/1754 1938/1795/1755 1934/1791/1751
f 1934/1791/1751 1938/1795/1755 1939/1796/1756
f 1938/1795/1755 1940/1797/1757 1939/1796/1756
f 1939/1796/1756 1940/1797/1757 1941/1798/1758
f 1941/1798/1758 1940/1797/1757 1942/1799/1759
f 1942/1799/1759 1943/1800/1760 1941/1798/1758
f 1941/1798/1758 1943/1800/1760 1939/1796/1756
f 1944/1801/1761 1943/1800/1760 1942/1799/1759
f 1942/1799/1759 1940/1797/1757 1945/1802/1762
f 1946/1803/1763 1947/1804/1764 1948/1805/1765
f 1947/1804/1764 1949/1806/1766 1948/1805/1765
f 1948/1805/1765 1949/1806/1766 1950/1807/1767
f 1949/1806/1766 1951/1808/1768 1950/1807/1767
f 1950/1807/1767 1951/1808/1768 1952/1809/1769
f 1943/1800/1760 1944/1801/1761 1952/1809/1769
f 1951/1808/1768 1953/1810/1770 1952/1809/1769
f 1952/1809/1769 1953/1810/1770 1943/1800/1760
f 1939/1796/1756 1943/1800/1760 1953/1810/1770
f 1939/1796/1756 1953/1810/1770 1934/1791/1751
f 1954/1811/1771 1955/1812/1772 1956/1813/1773
f 1956/1813/1773 1947/1804/1764 1946/1803/1763
f 1956/1813/1773 1957/1814/1774 1947/1804/1764
f 1956/1813/1773 1955/1812/1772 1957/1814/1774
f 1958/1815/1775 1949/1806/1766 1947/1804/1764
f 1947/1804/1764 1957/1814/1774 1958/1815/1775
f 1959/1816/1776 1949/1806/1766 1958/1815/1775
f 1949/1806/1766 1960/1817/1777 1951/1808/1768
f 1959/1816/1776 1960/1817/1777 1949/1806/1766
f 1934/1791/1751 1953/1810/1770 1961/1818/1778
f 1960/1817/1777 1961/1818/1778 1951/1808/1768
f 1935/1792/1752 1934/1791/1751 1961/1818/1778
f 1951/1808/1768 1961/1818/1778 1953/1810/1770
f 1955/1812/1772 1962/1819/1779 1957/1814/1774
f 1957/1814/1774 1963/1820/1780 1958/1815/1775
f 1957/1814/1774 1962/1819/1779 1963/1820/1780
f 1964/1821/1781 1959/1816/1776 1958/1815/1775
f 1958/1815/1775 1963/1820/1780 1964/1821/1781
f 1965/1822/1782 1960/1817/1777 1959/1816/1776
f 1965/1822/1782 1959/1816/1776 1964/1821/1781
f 1935/1792/1752 1961/1818/1778 1966/1823/1783
f 1966/1823/1783 1960/1817/1777 1965/1822/1782
f 1966/1823/1783 1961/1818/1778 1960/1817/1777
f 1967/1824/1784 1968/1825/1785 1969/1826/1786
f 1970/1827/1787 1968/1825/1785 1967/1824/1784
f 1970/1827/1787 1967/1824/1784 1971/1828/1788
f 1967/1824/1784 1969/1826/1786 1972/1829/1789
f 1972/1829/1789 1969/1826/1786 1973/1830/1790
f 1967/1824/1784 1972/1829/1789 1974/1831/1791
f 1971/1828/1788 1967/1824/1784 1974/1831/1791
f 1971/1828/1788 1974/1831/1791 1975/1832/1792
f 1976/1833/1793 1971/1828/1788 1975/1832/1792
f 1977/1834/1794 1970/1827/1787 1971/1828/1788
f 1977/1834/1794 1971/1828/1788 1976/1833/1793
f 1978/1835/1795 1970/1827/1787 1977/1834/1794
f 1978/1835/1795 1979/1836/1796 1970/1827/1787
f 1970/1827/1787 1979/1836/1796 1968/1825/1785
f 1975/1832/1792 1974/1831/1791 1980/1837/1797
f 1981/1838/1798 1982/1839/1799 1983/1840/1800
f 1983/1840/1800 1982/1839/1799 1984/1841/1801
f 1983/1840/1800 1984/1841/1801 1973/1830/1790
f 1973/1830/1790 1984/1841/1801 1972/1829/1789
f 1972/1829/1789 1984/1841/1801 1985/1842/1802
f 1974/1831/1791 1985/1842/1802 1980/1837/1797
f 1974/1831/1791 1972/1829/1789 1985/1842/1802
f 1980/1837/1797 1985/1842/1802 1986/1843/1803
f 1985/1842/1802 1987/1844/1804 1986/1843/1803
f 1984/1841/1801 1982/1839/1799 1987/1844/1804
f 1985/1842/1802 1984/1841/1801 1987/1844/1804
f 1986/1843/1803 1987/1844/1804 1988/1845/1805
f 1987/1844/1804 1989/1846/1806 1988/1845/1805
f 1987/1844/1804 1982/1839/1799 1989/1846/1806
f 1982/1839/1799 1990/1847/1807 1989/1846/1806
f 1991/1848/1808 1990/1847/1807 1982/1839/1799
f 1982/1839/1799 1992/1849/1809 1991/1848/1808
f 1981/1838/1798 1992/1849/1809 1982/1839/1799
f 1988/1845/1805 1989/1846/1806 1993/1850/1810
f 1989/1846/1806 1994/1851/1811 1993/1850/1810
f 1990/1847/1807 1994/1851/1811 1989/1846/1806
f 1991/1848/1808 1995/1852/1812 1990/1847/1807
f 1990/1847/1807 1995/1852/1812 1994/1851/1811
f 1992/1849/1809 1996/1853/1813 1991/1848/1808
f 1996/1853/1813 1995/1852/1812 1991/1848/1808
f 1997/1854/1814 1996/1853/1813 1992/1849/1809
f 1997/1854/1814 1998/1855/1815 1996/1853/1813
f 1996/1853/1813 1998/1855/1815 1995/1852/1812
f 1994/1851/1811 1995/1852/1812 1999/1856/1816
f 1995/1852/1812 1998/1855/1815 2000/1857/1817
f 1995/1852/1812 2000/1857/1817 1999/1856/1816
f 1999/1856/1816 2000/1857/1817 2001/1858/1818
f 2002/1859/1819 1981/1838/1798 2003/1860/1820
f 2003/1860/1820 1981/1838/1798 1983/1840/1800
f 1981/1838/1798 2004/1861/1821 1992/1849/1809
f 2002/1859/1819 2004/1861/1821 1981/1838/1798
f 2004/1861/1821 2005/1862/1822 1992/1849/1809
f 1992/1849/1809 2005/1862/1822 1997/1854/1814
f 2006/1863/1823 1998/1855/1815 1997/1854/1814
f 2005/1862/1822 2006/1863/1823 1997/1854/1814
f 1998/1855/1815 2007/1864/1824 2000/1857/1817
f 2006/1863/1823 2007/1864/1824 1998/1855/1815
f 2000/1857/1817 2007/1864/1824 2008/1865/1825
f 2000/1857/1817 2008/1865/1825 2001/1858/1818
f 2007/1864/1824 2009/1866/1826 2008/1865/1825
f 2008/1865/1825 2009/1866/1826 2010/1867/1827
f 2011/1868/1828 2007/1864/1824 2006/1863/1823
f 2011/1868/1828 2009/1866/1826 2007/1864/1824
f 2012/1869/1829 2006/1863/1823 2005/1862/1822
f 2012/1869/1829 2011/1868/1828 2006/1863/1823
f 2013/1870/1830 2009/1866/1826 2011/1868/1828
f 2014/1871/1831 2013/1870/1830 2011/1868/1828
f 2014/1871/1831 2011/1868/1828 2012/1869/1829
f 2015/1872/1832 2013/1870/1830 2014/1871/1831
f 2008/1865/1825 2010/1867/1827 2016/1873/1833
f 2001/1858/1818 2008/1865/1825 2016/1873/1833
f 2016/1873/1833 2010/1867/1827 2017/1874/1834
f 2018/1875/1835 2019/1876/1618 2020/1877/1836
f 2020/1877/1836 2019/1876/1618 2021/1878/1837
f 2019/1876/1618 2022/1879/1838 2021/1878/1837
f 2021/1878/1837 2022/1879/1838 2023/1880/1839
f 2022/1879/1838 2024/1881/1840 2023/1880/1839
f 2023/1880/1839 2024/1881/1840 2025/1882/1841
f 2026/1725/1842 2027/1726/1686 2028/1727/1687
f 2028/1727/1687 2029/1728/1688 2026/1725/1842
f 2029/1728/1688 2030/1729/1689 2026/1725/1842
f 2026/1725/1842 2030/1729/1689 2027/1726/1686
f 2031/1730/1690 2030/1729/1689 2029/1728/1688
f 2031/1730/1690 2032/1731/1691 2030/1729/1689
f 2033/1732/1692 2032/1731/1691 2031/1730/1690
f 2033/1732/1692 2034/1733/1843 2032/1731/1691
f 2035/1734/1694 2034/1733/1843 2033/1732/1692
f 2027/1726/1686 2030/1729/1689 2036/1735/1695
f 2030/1729/1689 2032/1731/1691 2036/1735/1695
f 2032/1731/1691 2034/1733/1843 2037/1736/1696
f 2036/1735/1695 2032/1731/1691 2037/1736/1696
f 2037/1736/1696 2034/1733/1843 2038/1737/1844
f 2036/1735/1695 2037/1736/1696 2039/1738/1845
f 2037/1736/1696 2038/1737/1844 2040/1739/1699
f 2039/1738/1845 2037/1736/1696 2040/1739/1699
f 2040/1739/1699 2038/1737/1844 2041/1740/1700
f 2038/1737/1844 2042/1741/1846 2041/1740/1700
f 2043/1742/1702 2042/1741/1846 2038/1737/1844
f 2038/1737/1844 2044/1743/1703 2043/1742/1702
f 2034/1733/1843 2044/1743/1703 2038/1737/1844
f 2034/1733/1843 2045/1744/1704 2044/1743/1703
f 2035/1734/1694 2045/1744/1704 2034/1733/1843
f 2046/1745/1847 2045/1744/1704 2047/1746/1848
f 2047/1746/1848 2045/1744/1704 2035/1734/1694
f 2048/1747/1849 2035/1734/1694 2033/1732/1692
f 2047/1746/1848 2035/1734/1694 2048/1747/1849
f 2049/1748/1850 2033/1732/1692 2031/1730/1690
f 2048/1747/1849 2033/1732/1692 2049/1748/1850
f 2050/1749/1851 2031/1730/1690 2029/1728/1688
f 2049/1748/1850 2031/1730/1690 2050/1749/1851
f 2051/1750/1710 2050/1749/1851 2029/1728/1688
f 2051/1750/1710 2029/1728/1688 2028/1727/1687
f 2051/1750/1710 2028/1727/1687 2052/1751/1852
f 2053/1752/1712 2054/1753/1853 2055/1754/1714
f 2055/1754/1714 2054/1753/1853 2056/1755/1715
f 2055/1754/1714 2056/1755/1715 2057/1756/1716
f 2057/1756/1716 2056/1755/1715 2058/1757/1854
f 2057/1756/1716 2058/1757/1854 2059/1758/1718
f 2060/1759/1855 2052/1751/1852 2059/1758/1718
f 2059/1758/1718 2058/1757/1854 2060/1759/1855
f 2061/1760/1856 2052/1751/1852 2060/1759/1855
f 2061/1760/1856 2051/1750/1710 2052/1751/1852
f 2062/1761/1857 2050/1749/1851 2051/1750/1710
f 2062/1761/1857 2051/1750/1710 2061/1760/1856
f 2052/1751/1852 2028/1727/1687 2063/1762/1722
f 2052/1751/1852 2063/1762/1722 2059/1758/1718
f 2059/1758/1718 2063/1762/1722 2064/1763/1858
f 2064/1763/1858 2057/1756/1716 2059/1758/1718
f 2065/1764/1859 2055/1754/1714 2057/1756/1716
f 2065/1764/1859 2057/1756/1716 2064/1763/1858
f 2066/1765/1725 2055/1754/1714 2065/1764/1859
f 2066/1765/1725 2053/1752/1712 2055/1754/1714
f 2067/1766/1726 2053/1752/1712 2066/1765/1725
f 2067/1766/1726 2066/1765/1725 2068/1767/1860
f 2068/1767/1860 2066/1765/1725 2069/1768/1861
f 2066/1765/1725 2065/1764/1859 2069/1768/1861
f 2069/1768/1861 2065/1764/1859 2070/1769/1862
f 2065/1764/1859 2064/1763/1858 2070/1769/1862
f 2068/1767/1860 2069/1768/1861 2071/1770/1730
f 2069/1768/1861 2070/1769/1862 2072/1771/1863
f 2071/1770/1730 2069/1768/1861 2072/1771/1863
f 2072/1771/1863 2070/1769/1862 2073/1772/1864
f 2070/1769/1862 2074/1773/1733 2073/1772/1864
f 2070/1769/1862 2064/1763/1858 2074/1773/1733
f 2064/1763/1858 2063/1762/1722 2074/1773/1733
f 2073/1772/1864 2074/1773/1733 2075/1774/1865
f 2074/1773/1733 2076/1775/1735 2075/1774/1865
f 2074/1773/1733 2063/1762/1722 2076/1775/1735
f 2063/1762/1722 2028/1727/1687 2076/1775/1735
f 2075/1774/1865 2076/1775/1735 2077/1776/1866
f 2076/1775/1735 2028/1727/1687 2078/1777/1737
f 2076/1775/1735 2078/1777/1737 2077/1776/1866
f 2028/1727/1687 2027/1726/1686 2078/1777/1737
f 2077/1776/1866 2078/1777/1737 2079/1778/1738
f 2078/1777/1737 2080/1779/1739 2079/1778/1738
f 2027/1726/1686 2036/1735/1695 2080/1779/1739
f 2080/1779/1739 2036/1735/1695 2039/1738/1845
f 2027/1726/1686 2080/1779/1739 2078/1777/1737
f 2081/1883/1867 2082/1884/1868 2083/1885/1869
f 2083/1885/1869 2084/1886/1870 2081/1883/1867
f 2081/1883/1867 2084/1886/1870 2085/1887/1871
f 2084/1886/1870 2086/1888/1872 2085/1887/1871
f 2085/1887/1871 2086/1888/1872 2087/1889/1873
f 2087/1889/1873 2086/1888/1872 2088/1890/1874
f 2089/1891/1875 2090/1892/1876 2091/1893/1877
f 2090/1892/1876 2092/1894/1878 2091/1893/1877
f 2093/1895/1879 2092/1894/1878 2090/1892/1876
f 2090/1892/1876 2094/1896/1880 2093/1895/1879
f 2095/1897/1881 2094/1896/1880 2090/1892/1876
f 2095/1897/1881 2096/1898/1882 2094/1896/1880
f 2094/1896/1880 2096/1898/1882 2097/1899/1883
f 2096/1898/1882 2098/1900/1884 2097/1899/1883
f 2095/1897/1881 2099/1901/1885 2096/1898/1882
f 2099/1901/1885 2098/1900/1884 2096/1898/1882
f 2100/1902/1886 2098/1900/1884 2099/1901/1885
f 2101/1903/1887 2100/1902/1886 2099/1901/1885
f 2102/1904/1888 2100/1902/1886 2101/1903/1887
f 2100/1902/1886 2103/1905/1889 2098/1900/1884
f 2098/1900/1884 2103/1905/1889 2104/1906/1890
f 2097/1899/1883 2098/1900/1884 2104/1906/1890
f 2102/1904/1888 2105/1907/1891 2100/1902/1886
f 2105/1907/1891 2103/1905/1889 2100/1902/1886
f 2106/1908/1892 2105/1907/1891 2102/1904/1888
f 2104/1906/1890 2103/1905/1889 2107/1909/1893
f 2104/1906/1890 2107/1909/1893 2108/1910/1894
f 2097/1899/1883 2109/1911/1895 2094/1896/1880
f 2097/1899/1883 2104/1906/1890 2109/1911/1895
f 2109/1911/1895 2104/1906/1890 2108/1910/1894
f 2108/1910/1894 2107/1909/1893 2110/1912/1896
f 2091/1893/1877 2092/1894/1878 2111/1913/1897
f 2091/1893/1877 2111/1913/1897 2089/1891/1875
f 2111/1913/1897 2092/1894/1878 2112/1914/1898
f 2093/1895/1879 2113/1915/1899 2092/1894/1878
f 2092/1894/1878 2113/1915/1899 2112/1914/1898
f 2114/1916/1900 2113/1915/1899 2093/1895/1879
f 2094/1896/1880 2115/1917/1901 2093/1895/1879
f 2094/1896/1880 2109/1911/1895 2115/1917/1901
f 2093/1895/1879 2115/1917/1901 2114/1916/1900
f 2116/1918/1902 2117/1919/1903 2118/1920/1904
f 2118/1920/1904 2117/1919/1903 2119/1921/1905
f 2117/1919/1903 2120/1922/1906 2119/1921/1905
f 2119/1921/1905 2120/1922/1906 2121/1923/1907
f 2120/1922/1906 2122/1924/1908 2121/1923/1907
f 2121/1923/1907 2122/1924/1908 2123/1925/1909
f 2122/1924/1908 2124/1926/1910 2123/1925/1909
f 2124/1926/1910 2111/1913/1897 2112/1914/1898
f 2123/1925/1909 2124/1926/1910 2125/1927/1911
f 2124/1926/1910 2112/1914/1898 2125/1927/1911
f 2112/1914/1898 2113/1915/1899 2126/1928/1912
f 2125/1927/1911 2112/1914/1898 2126/1928/1912
f 2116/1918/1902 2127/1929/1913 2117/1919/1903
f 2128/1930/1914 2127/1929/1913 2116/1918/1902
f 2127/1929/1913 2129/1931/1915 2117/1919/1903
f 2117/1919/1903 2129/1931/1915 2120/1922/1906
f 2120/1922/1906 2130/1932/1916 2122/1924/1908
f 2129/1931/1915 2130/1932/1916 2120/1922/1906
f 2130/1932/1916 2131/1933/1917 2122/1924/1908
f 2131/1933/1917 2111/1913/1897 2124/1926/1910
f 2122/1924/1908 2131/1933/1917 2124/1926/1910
f 2127/1929/1913 2132/1934/1918 2129/1931/1915
f 2129/1931/1915 2132/1934/1918 2133/1935/1919
f 2129/1931/1915 2133/1935/1919 2130/1932/1916
f 2134/1936/1920 2131/1933/1917 2130/1932/1916
f 2130/1932/1916 2133/1935/1919 2134/1936/1920
f 2135/1937/1921 2111/1913/1897 2131/1933/1917
f 2135/1937/1921 2131/1933/1917 2134/1936/1920
f 2136/1938/1922 2111/1913/1897 2135/1937/1921
f 2089/1891/1875 2111/1913/1897 2136/1938/1922
f 2137/1939/1923 2099/1901/1885 2095/1897/1881
f 2090/1892/1876 2137/1939/1923 2095/1897/1881
f 2138/1940/1924 2137/1939/1923 2090/1892/1876
f 2138/1940/1924 2090/1892/1876 2089/1891/1875
f 2089/1891/1875 2136/1938/1922 2139/1941/1925
f 2139/1941/1925 2138/1940/1924 2089/1891/1875
f 2139/1941/1925 2136/1938/1922 2140/1942/1926
f 2141/1943/1927 2136/1938/1922 2135/1937/1921
f 2140/1942/1926 2136/1938/1922 2141/1943/1927
f 2101/1903/1887 2099/1901/1885 2142/1944/1928
f 2142/1944/1928 2099/1901/1885 2137/1939/1923
f 2138/1940/1924 2142/1944/1928 2137/1939/1923
f 2143/1945/1929 2138/1940/1924 2139/1941/1925
f 2143/1945/1929 2142/1944/1928 2138/1940/1924
f 2144/1946/1930 2135/1937/1921 2134/1936/1920
f 2141/1943/1927 2135/1937/1921 2144/1946/1930
f 2134/1936/1920 2145/1947/1931 2144/1946/1930
f 2133/1935/1919 2145/1947/1931 2134/1936/1920
f 2132/1934/1918 2146/1948/1932 2133/1935/1919
f 2133/1935/1919 2146/1948/1932 2145/1947/1931
f 2132/1934/1918 2147/1949/1933 2146/1948/1932
f 2148/1950/1934 2147/1949/1933 2132/1934/1918
f 2127/1929/1913 2148/1950/1934 2132/1934/1918
f 2128/1930/1914 2148/1950/1934 2127/1929/1913
f 2149/1951/1935 2150/1952/1936 2151/1953/1937
f 2149/1951/1935 2151/1953/1937 2152/1954/1938
f 2152/1954/1938 2151/1953/1937 2153/1955/1939
f 2153/1955/1939 2154/1956/1940 2152/1954/1938
f 2152/1954/1938 2154/1956/1940 2155/1957/1941
f 2154/1956/1940 2156/1958/1942 2155/1957/1941
f 2155/1957/1941 2156/1958/1942 2157/1959/1943
f 2153/1955/1939 2158/1960/1944 2154/1956/1940
f 2158/1960/1944 2159/1961/1945 2154/1956/1940
f 2154/1956/1940 2159/1961/1945 2156/1958/1942
f 2156/1958/1942 2159/1961/1945 2160/1962/1946
f 2161/1963/1947 2156/1958/1942 2160/1962/1946
f 2157/1959/1943 2156/1958/1942 2161/1963/1947
f 2162/1964/1948 2155/1957/1941 2157/1959/1943
f 2157/1959/1943 2161/1963/1947 2162/1964/1948
f 2163/1965/1949 2155/1957/1941 2162/1964/1948
f 2163/1965/1949 2152/1954/1938 2155/1957/1941
f 2160/1962/1946 2159/1961/1945 2164/1966/1950
f 2165/1967/1951 2152/1954/1938 2163/1965/1949
f 2166/1968/1952 2165/1967/1951 2167/1969/1953
f 2167/1969/1953 2165/1967/1951 2168/1970/1954
f 2168/1970/1954 2165/1967/1951 2163/1965/1949
f 2168/1970/1954 2163/1965/1949 2169/1971/1955
f 2169/1971/1955 2163/1965/1949 2162/1964/1948
f 2162/1964/1948 2161/1963/1947 2170/1972/1956
f 2162/1964/1948 2170/1972/1956 2169/1971/1955
f 2169/1971/1955 2170/1972/1956 2171/1973/1957
f 2172/1974/1958 2152/1954/1938 2165/1967/1951
f 2172/1974/1958 2165/1967/1951 2166/1968/1952
f 2149/1951/1935 2152/1954/1938 2172/1974/1958
f 2173/1975/1959 2172/1974/1958 2166/1968/1952
f 2174/1976/1960 2172/1974/1958 2173/1975/1959
f 2174/1976/1960 2149/1951/1935 2172/1974/1958
f 2175/1977/1961 2174/1976/1960 2173/1975/1959
f 2176/1978/1962 2174/1976/1960 2175/1977/1961
f 2176/1978/1962 2177/1979/1963 2174/1976/1960
f 2177/1979/1963 2150/1952/1936 2149/1951/1935
f 2177/1979/1963 2149/1951/1935 2174/1976/1960
f 2178/1980/1964 2177/1979/1963 2176/1978/1962
f 2178/1980/1964 2179/1981/1965 2177/1979/1963
f 2177/1979/1963 2179/1981/1965 2150/1952/1936
f 2179/1981/1965 2180/1982/1961 2150/1952/1936
f 2150/1952/1936 2180/1982/1961 2181/1983/1966
f 2150/1952/1936 2181/1983/1966 2151/1953/1937
f 2151/1953/1937 2182/1984/1967 2153/1955/1939
f 2151/1953/1937 2181/1983/1966 2182/1984/1967
f 2183/1985/1968 2158/1960/1944 2153/1955/1939
f 2153/1955/1939 2182/1984/1967 2183/1985/1968
f 2184/1986/1969 2185/1987/1970 2186/1988/1971
f 2186/1988/1971 2185/1987/1970 2187/1989/1972
f 2188/1990/1973 2186/1988/1971 2187/1989/1972
f 2189/1991/1974 2186/1988/1971 2188/1990/1973
f 2190/1992/1975 2189/1991/1974 2188/1990/1973
f 2191/1993/1976 2189/1991/1974 2190/1992/1975
f 2192/1725/1842 2193/1726/1686 2194/1727/1687
f 2194/1727/1687 2195/1728/1688 2192/1725/1842
f 2195/1728/1688 2196/1729/1689 2192/1725/1842
f 2192/1725/1842 2196/1729/1689 2193/1726/1686
f 2197/1730/1690 2196/1729/1689 2195/1728/1688
f 2197/1730/1690 2198/1731/1691 2196/1729/1689
f 2199/1732/1977 2198/1731/1691 2197/1730/1690
f 2199/1732/1977 2200/1733/1978 2198/1731/1691
f 2201/1734/1694 2200/1733/1978 2199/1732/1977
f 2196/1729/1689 2198/1731/1691 2202/1735/1695
f 2193/1726/1686 2196/1729/1689 2202/1735/1695
f 2198/1731/1691 2200/1733/1978 2203/1736/1696
f 2202/1735/1695 2198/1731/1691 2203/1736/1696
f 2203/1736/1696 2200/1733/1978 2204/1737/1979
f 2202/1735/1695 2203/1736/1696 2205/1738/1980
f 2203/1736/1696 2204/1737/1979 2206/1739/1699
f 2205/1738/1980 2203/1736/1696 2206/1739/1699
f 2206/1739/1699 2204/1737/1979 2207/1740/1700
f 2204/1737/1979 2208/1741/1846 2207/1740/1700
f 2209/1742/1702 2208/1741/1846 2204/1737/1979
f 2200/1733/1978 2210/1743/1703 2204/1737/1979
f 2204/1737/1979 2210/1743/1703 2209/1742/1702
f 2201/1734/1694 2211/1744/1704 2200/1733/1978
f 2200/1733/1978 2211/1744/1704 2210/1743/1703
f 2212/1746/1981 2211/1744/1704 2201/1734/1694
f 2213/1745/1705 2211/1744/1704 2212/1746/1981
f 2212/1746/1981 2201/1734/1694 2214/1747/1849
f 2214/1747/1849 2201/1734/1694 2199/1732/1977
f 2215/1748/1850 2199/1732/1977 2197/1730/1690
f 2214/1747/1849 2199/1732/1977 2215/1748/1850
f 2216/1749/1851 2197/1730/1690 2195/1728/1688
f 2215/1748/1850 2197/1730/1690 2216/1749/1851
f 2217/1750/1982 2195/1728/1688 2194/1727/1687
f 2217/1750/1982 2216/1749/1851 2195/1728/1688
f 2217/1750/1982 2194/1727/1687 2218/1751/1852
f 2219/1752/1983 2220/1753/1984 2221/1754/1714
f 2221/1754/1714 2220/1753/1984 2222/1755/1985
f 2221/1754/1714 2222/1755/1985 2223/1756/1716
f 2223/1756/1716 2222/1755/1985 2224/1757/1986
f 2223/1756/1716 2224/1757/1986 2225/1758/1718
f 2226/1759/1865 2218/1751/1852 2225/1758/1718
f 2225/1758/1718 2224/1757/1986 2226/1759/1865
f 2227/1760/1856 2218/1751/1852 2226/1759/1865
f 2227/1760/1856 2217/1750/1982 2218/1751/1852
f 2228/1761/1857 2216/1749/1851 2217/1750/1982
f 2228/1761/1857 2217/1750/1982 2227/1760/1856
f 2218/1751/1852 2194/1727/1687 2229/1762/1987
f 2218/1751/1852 2229/1762/1987 2225/1758/1718
f 2230/1763/1723 2223/1756/1716 2225/1758/1718
f 2225/1758/1718 2229/1762/1987 2230/1763/1723
f 2231/1764/1724 2221/1754/1714 2223/1756/1716
f 2231/1764/1724 2223/1756/1716 2230/1763/1723
f 2232/1765/1988 2221/1754/1714 2231/1764/1724
f 2232/1765/1988 2219/1752/1983 2221/1754/1714
f 2233/1766/1726 2219/1752/1983 2232/1765/1988
f 2233/1766/1726 2232/1765/1988 2234/1767/1727
f 2234/1767/1727 2232/1765/1988 2235/1768/1861
f 2232/1765/1988 2231/1764/1724 2235/1768/1861
f 2231/1764/1724 2230/1763/1723 2236/1769/1989
f 2235/1768/1861 2231/1764/1724 2236/1769/1989
f 2234/1767/1727 2235/1768/1861 2237/1770/1990
f 2237/1770/1990 2235/1768/1861 2238/1771/1991
f 2235/1768/1861 2236/1769/1989 2238/1771/1991
f 2238/1771/1991 2236/1769/1989 2239/1772/1854
f 2236/1769/1989 2230/1763/1723 2240/1773/1733
f 2230/1763/1723 2229/1762/1987 2240/1773/1733
f 2236/1769/1989 2240/1773/1733 2239/1772/1854
f 2239/1772/1854 2240/1773/1733 2241/1774/1734
f 2240/1773/1733 2242/1775/1735 2241/1774/1734
f 2229/1762/1987 2194/1727/1687 2242/1775/1735
f 2240/1773/1733 2229/1762/1987 2242/1775/1735
f 2241/1774/1734 2242/1775/1735 2243/1776/1866
f 2242/1775/1735 2194/1727/1687 2244/1777/1992
f 2194/1727/1687 2193/1726/1686 2244/1777/1992
f 2242/1775/1735 2244/1777/1992 2243/1776/1866
f 2243/1776/1866 2244/1777/1992 2245/1778/1993
f 2193/1726/1686 2202/1735/1695 2246/1779/1994
f 2193/1726/1686 2246/1779/1994 2244/1777/1992
f 2246/1779/1994 2202/1735/1695 2205/1738/1980
f 2244/1777/1992 2246/1779/1994 2245/1778/1993
f 2247/1994/1707 2248/1995/1707 2249/1996/1707
f 2249/1996/1707 2248/1995/1707 2250/1997/1707
f 2251/1998/1995 2252/1999/1996 2253/2000/1997
f 2252/1999/1996 2251/1998/1995 2254/2001/496
f 2254/2001/496 2251/1998/1995 2255/2002/496
f 2255/2002/496 2251/1998/1995 2256/2003/1998
f 2251/1998/1995 2253/2000/1997 2256/2003/1998
f 2256/2003/1998 2253/2000/1997 2257/2004/1999
f 2258/2005/1707 2259/2006/1707 2260/2007/1707
f 2260/2007/1707 2259/2006/1707 2261/2008/1707
f 2262/2009/2000 2263/2010/2001 2264/2011/1997
f 2262/2009/2000 2265/2012/771 2263/2010/2001
f 2266/2013/771 2263/2010/2001 2265/2012/771
f 2267/2014/2002 2264/2011/1997 2263/2010/2001
f 2267/2014/2002 2263/2010/2001 2266/2013/771
f 2268/2015/1999 2264/2011/1997 2267/2014/2002
f 2269/2016/2003 2270/2017/2004 2271/2018/2005
f 2271/2018/2005 2272/2019/2006 2269/2016/2003
f 2273/2020/2007 2272/2019/2006 2271/2018/2005
f 2274/2021/2008 2272/2019/2006 2273/2020/2007
f 2269/2016/2003 2272/2019/2006 2275/2022/2009
f 2272/2019/2006 2274/2021/2008 2276/2023/2010
f 2275/2022/2009 2272/2019/2006 2276/2023/2010
f 2276/2023/2010 2274/2021/2008 2277/2024/2011
f 2278/2025/2012 2276/2023/2010 2277/2024/2011
f 2275/2022/2009 2276/2023/2010 2279/2026/2013
f 2279/2026/2013 2276/2023/2010 2278/2025/2012
f 2279/2026/2013 2280/2027/2014 2275/2022/2009
f 2275/2022/2009 2280/2027/2014 2281/2028/2015
f 2281/2028/2015 2269/2016/2003 2275/2022/2009
f 2282/2029/2016 2270/2017/2004 2269/2016/2003
f 2282/2029/2016 2269/2016/2003 2281/2028/2015
f 2283/2030/2017 2282/2029/2016 2284/2031/2018
f 2284/2031/2018 2282/2029/2016 2281/2028/2015
f 2285/2032/2019 2277/2024/2011 2274/2021/2008
f 2286/2033/2020 2277/2024/2011 2285/2032/2019
f 2287/2034/2021 2288/2035/2022 2289/2036/2004
f 2289/2036/2004 2288/2035/2022 2290/2037/2023
f 2290/2037/2023 2288/2035/2022 2291/2038/2024
f 2291/2038/2024 2288/2035/2022 2292/2039/2012
f 2293/2040/2025 2294/2041/2025 2295/2042/2025
f 2295/2042/2025 2294/2041/2025 2296/2043/2025
f 2297/2044/2025 2298/2045/2025 2299/2046/2025
f 2299/2046/2025 2298/2045/2025 2300/2047/2025
f 2301/2048/2026 2302/2049/2027 2303/2050/2028
f 2303/2050/2028 2302/2049/2027 2304/2051/2029
f 1952/1809/1769 1944/1801/1761 2305/2052/2030
f 2306/2053/2031 1952/1809/1769 2305/2052/2030
f 1950/1807/1767 1952/1809/1769 2306/2053/2031
f 1948/1805/1765 1950/1807/1767 2307/2054/2032
f 2307/2054/2032 1950/1807/1767 2306/2053/2031
f 2308/2055/2033 1948/1805/1765 2307/2054/2032
f 1946/1803/1763 1948/1805/1765 2308/2055/2033
f 2309/2056/2034 1946/1803/1763 2308/2055/2033
f 2310/2057/2035 1946/1803/1763 2309/2056/2034
f 2310/2057/2035 1956/1813/1773 1946/1803/1763
f 1954/1811/1771 1956/1813/1773 2310/2057/2035
f 2311/2058/2036 2310/2057/2035 2309/2056/2034
f 2312/2059/2037 2310/2057/2035 2311/2058/2036
f 2312/2059/2037 1954/1811/1771 2310/2057/2035
f 2313/2060/2038 1954/1811/1771 2312/2059/2037
f 2313/2060/2038 2314/2061/1718 1954/1811/1771
f 1954/1811/1771 2314/2061/1718 1955/1812/1772
f 1955/1812/1772 2315/2062/2039 1962/1819/1779
f 2314/2061/1718 2315/2062/2039 1955/1812/1772
f 2316/1962/2040 2317/1961/1945 2318/1966/1950
f 2319/1955/1939 2320/1960/1944 2321/1956/2041
f 2320/1960/1944 2317/1961/1945 2321/1956/2041
f 2322/1958/1942 2317/1961/1945 2316/1962/2040
f 2321/1956/2041 2317/1961/1945 2322/1958/1942
f 2323/1963/1947 2322/1958/1942 2316/1962/2040
f 2324/1959/2042 2322/1958/1942 2323/1963/1947
f 2324/1959/2042 2323/1963/1947 2325/1964/1948
f 2321/1956/2041 2322/1958/1942 2326/1957/1941
f 2326/1957/1941 2322/1958/1942 2324/1959/2042
f 2325/1964/1948 2326/1957/1941 2324/1959/2042
f 2327/1965/2043 2326/1957/1941 2325/1964/1948
f 2327/1965/2043 2328/1954/1938 2326/1957/1941
f 2319/1955/1939 2321/1956/2041 2328/1954/1938
f 2328/1954/1938 2321/1956/2041 2326/1957/1941
f 2329/1951/1935 2330/1952/1936 2331/1953/1937
f 2329/1951/1935 2331/1953/1937 2328/1954/1938
f 2328/1954/1938 2331/1953/1937 2319/1955/1939
f 2332/1976/1960 2329/1951/1935 2333/1974/1958
f 2329/1951/1935 2328/1954/1938 2333/1974/1958
f 2333/1974/1958 2328/1954/1938 2334/1967/1951
f 2334/1967/1951 2328/1954/1938 2327/1965/2043
f 2333/1974/1958 2334/1967/1951 2335/1968/2044
f 2336/1975/2045 2333/1974/1958 2335/1968/2044
f 2332/1976/1960 2333/1974/1958 2336/1975/2045
f 2337/1977/2046 2332/1976/1960 2336/1975/2045
f 2338/1978/2047 2332/1976/1960 2337/1977/2046
f 2339/1979/2048 2329/1951/1935 2332/1976/1960
f 2338/1978/2047 2339/1979/2048 2332/1976/1960
f 2339/1979/2048 2330/1952/1936 2329/1951/1935
f 2340/1980/1964 2339/1979/2048 2338/1978/2047
f 2339/1979/2048 2341/1981/1965 2330/1952/1936
f 2340/1980/1964 2341/1981/1965 2339/1979/2048
f 2341/1981/1965 2342/1982/1961 2330/1952/1936
f 2330/1952/1936 2343/1983/2049 2331/1953/1937
f 2330/1952/1936 2342/1982/1961 2343/1983/2049
f 2331/1953/1937 2344/1984/2050 2319/1955/1939
f 2331/1953/1937 2343/1983/2049 2344/1984/2050
f 2319/1955/1939 2344/1984/2050 2345/1985/1968
f 2345/1985/1968 2320/1960/1944 2319/1955/1939
f 2346/1971/2051 2327/1965/2043 2325/1964/1948
f 2325/1964/1948 2323/1963/1947 2347/1972/1956
f 2325/1964/1948 2347/1972/1956 2346/1971/2051
f 2346/1971/2051 2347/1972/1956 2348/1973/1957
f 2335/1968/2044 2334/1967/1951 2349/1969/2052
f 2350/1970/2053 2334/1967/1951 2327/1965/2043
f 2349/1969/2052 2334/1967/1951 2350/1970/2053
f 2350/1970/2053 2327/1965/2043 2346/1971/2051
f 2351/1725/1685 2352/1726/1686 2353/1727/1687
f 2353/1727/1687 2354/1728/1688 2351/1725/1685
f 2354/1728/1688 2355/1729/1689 2351/1725/1685
f 2351/1725/1685 2355/1729/1689 2352/1726/1686
f 2356/1730/2054 2355/1729/1689 2354/1728/1688
f 2356/1730/2054 2357/1731/1691 2355/1729/1689
f 2358/1732/1692 2357/1731/1691 2356/1730/2054
f 2358/1732/1692 2359/1733/1693 2357/1731/1691
f 2360/1734/1694 2359/1733/1693 2358/1732/1692
f 2352/1726/1686 2355/1729/1689 2361/1735/1695
f 2355/1729/1689 2357/1731/1691 2361/1735/1695
f 2357/1731/1691 2359/1733/1693 2362/1736/1696
f 2361/1735/1695 2357/1731/1691 2362/1736/1696
f 2362/1736/1696 2359/1733/1693 2363/1737/1697
f 2361/1735/1695 2362/1736/1696 2364/1738/2055
f 2364/1738/2055 2362/1736/1696 2365/1739/1699
f 2362/1736/1696 2363/1737/1697 2365/1739/1699
f 2365/1739/1699 2363/1737/1697 2366/1740/1981
f 2363/1737/1697 2367/1741/2056 2366/1740/1981
f 2368/1742/1702 2367/1741/2056 2363/1737/1697
f 2363/1737/1697 2369/1743/1703 2368/1742/1702
f 2359/1733/1693 2369/1743/1703 2363/1737/1697
f 2360/1734/1694 2370/1744/1704 2359/1733/1693
f 2359/1733/1693 2370/1744/1704 2369/1743/1703
f 2371/1745/1705 2370/1744/1704 2372/1746/1848
f 2372/1746/1848 2370/1744/1704 2360/1734/1694
f 2373/1747/1849 2360/1734/1694 2358/1732/1692
f 2372/1746/1848 2360/1734/1694 2373/1747/1849
f 2373/1747/1849 2358/1732/1692 2374/1748/1850
f 2374/1748/1850 2358/1732/1692 2356/1730/2054
f 2375/1749/1851 2356/1730/2054 2354/1728/1688
f 2374/1748/1850 2356/1730/2054 2375/1749/1851
f 2376/1750/1710 2375/1749/1851 2354/1728/1688
f 2376/1750/1710 2354/1728/1688 2353/1727/1687
f 2376/1750/1710 2353/1727/1687 2377/1751/1852
f 2378/1752/1712 2379/1753/1984 2380/1754/2057
f 2380/1754/2057 2379/1753/1984 2381/1755/2058
f 2380/1754/2057 2381/1755/2058 2382/1756/1716
f 2382/1756/1716 2381/1755/2058 2383/1757/2059
f 2382/1756/1716 2383/1757/2059 2384/1758/1718
f 2384/1758/1718 2383/1757/2059 2385/1759/1855
f 2385/1759/1855 2377/1751/1852 2384/1758/1718
f 2386/1760/1856 2377/1751/1852 2385/1759/1855
f 2386/1760/1856 2376/1750/1710 2377/1751/1852
f 2387/1761/1857 2376/1750/1710 2386/1760/1856
f 2387/1761/1857 2375/1749/1851 2376/1750/1710
f 2377/1751/1852 2353/1727/1687 2388/1762/1722
f 2377/1751/1852 2388/1762/1722 2384/1758/1718
f 2389/1763/1858 2382/1756/1716 2384/1758/1718
f 2384/1758/1718 2388/1762/1722 2389/1763/1858
f 2390/1764/1724 2382/1756/1716 2389/1763/1858
f 2390/1764/1724 2380/1754/2057 2382/1756/1716
f 2391/1765/1988 2378/1752/1712 2380/1754/2057
f 2391/1765/1988 2380/1754/2057 2390/1764/1724
f 2392/1766/1726 2378/1752/1712 2391/1765/1988
f 2392/1766/1726 2391/1765/1988 2393/1767/1727
f 2391/1765/1988 2390/1764/1724 2394/1768/1861
f 2393/1767/1727 2391/1765/1988 2394/1768/1861
f 2394/1768/1861 2390/1764/1724 2395/1769/1989
f 2390/1764/1724 2389/1763/1858 2395/1769/1989
f 2393/1767/1727 2394/1768/1861 2396/1770/2060
f 2394/1768/1861 2395/1769/1989 2397/1771/1991
f 2396/1770/2060 2394/1768/1861 2397/1771/1991
f 2397/1771/1991 2395/1769/1989 2398/1772/2061
f 2395/1769/1989 2399/1773/1733 2398/1772/2061
f 2395/1769/1989 2389/1763/1858 2399/1773/1733
f 2389/1763/1858 2388/1762/1722 2399/1773/1733
f 2398/1772/2061 2399/1773/1733 2400/1774/2062
f 2399/1773/1733 2388/1762/1722 2401/1775/1735
f 2388/1762/1722 2353/1727/1687 2401/1775/1735
f 2399/1773/1733 2401/1775/1735 2400/1774/2062
f 2400/1774/2062 2401/1775/1735 2402/1776/2063
f 2401/1775/1735 2403/1777/1737 2402/1776/2063
f 2353/1727/1687 2352/1726/1686 2403/1777/1737
f 2401/1775/1735 2353/1727/1687 2403/1777/1737
f 2402/1776/2063 2403/1777/1737 2404/1778/2064
f 2352/1726/1686 2405/1779/1739 2403/1777/1737
f 2352/1726/1686 2361/1735/1695 2405/1779/1739
f 2405/1779/1739 2361/1735/1695 2364/1738/2055
f 2403/1777/1737 2405/1779/1739 2404/1778/2064
f 2406/1910/2065 2407/1909/1893 2408/1912/2066
f 2409/1906/1890 2407/1909/1893 2406/1910/2065
f 2409/1906/1890 2410/1905/1889 2407/1909/1893
f 2411/1911/2067 2409/1906/1890 2406/1910/2065
f 2412/1900/1884 2410/1905/1889 2409/1906/1890
f 2413/1902/2068 2410/1905/1889 2412/1900/1884
f 2414/1907/2069 2410/1905/1889 2413/1902/2068
f 2415/1904/1888 2414/1907/2069 2413/1902/2068
f 2416/1908/2070 2414/1907/2069 2415/1904/1888
f 2417/1913/1897 2418/1894/1878 2419/1914/2071
f 2418/1894/1878 2420/1915/2072 2419/1914/2071
f 2421/1895/1879 2420/1915/2072 2418/1894/1878
f 2422/1916/2073 2420/1915/2072 2421/1895/1879
f 2421/1895/1879 2423/1917/1928 2422/1916/2073
f 2424/1896/1880 2411/1911/2067 2423/1917/1928
f 2424/1896/1880 2423/1917/1928 2421/1895/1879
f 2425/1899/1883 2409/1906/1890 2411/1911/2067
f 2425/1899/1883 2411/1911/2067 2424/1896/1880
f 2425/1899/1883 2412/1900/1884 2409/1906/1890
f 2421/1895/1879 2418/1894/1878 2426/1892/1876
f 2426/1892/1876 2424/1896/1880 2421/1895/1879
f 2427/1891/1875 2426/1892/1876 2428/1893/1877
f 2426/1892/1876 2418/1894/1878 2428/1893/1877
f 2428/1893/1877 2418/1894/1878 2417/1913/1897
f 2428/1893/1877 2417/1913/1897 2427/1891/1875
f 2429/1897/2074 2424/1896/1880 2426/1892/1876
f 2424/1896/1880 2430/1898/1882 2425/1899/1883
f 2429/1897/2074 2430/1898/1882 2424/1896/1880
f 2430/1898/1882 2412/1900/1884 2425/1899/1883
f 2431/1901/1885 2412/1900/1884 2430/1898/1882
f 2413/1902/2068 2412/1900/1884 2431/1901/1885
f 2429/1897/2074 2431/1901/1885 2430/1898/1882
f 2415/1904/1888 2413/1902/2068 2432/1903/2075
f 2432/1903/2075 2413/1902/2068 2431/1901/1885
f 2433/1939/2076 2431/1901/1885 2429/1897/2074
f 2426/1892/1876 2433/1939/2076 2429/1897/2074
f 2434/1940/1924 2433/1939/2076 2426/1892/1876
f 2434/1940/1924 2426/1892/1876 2427/1891/1875
f 2435/1941/2077 2434/1940/1924 2427/1891/1875
f 2427/1891/1875 2417/1913/1897 2436/1938/1922
f 2427/1891/1875 2436/1938/1922 2435/1941/2077
f 2435/1941/2077 2436/1938/1922 2437/1942/1926
f 2437/1942/1926 2436/1938/1922 2438/1943/1927
f 2438/1943/1927 2436/1938/1922 2439/1937/1921
f 2436/1938/1922 2417/1913/1897 2439/1937/1921
f 2434/1940/1924 2440/1944/1928 2433/1939/2076
f 2440/1944/1928 2431/1901/1885 2433/1939/2076
f 2432/1903/2075 2431/1901/1885 2440/1944/1928
f 2441/1945/2078 2434/1940/1924 2435/1941/2077
f 2441/1945/2078 2440/1944/1928 2434/1940/1924
f 2438/1943/1927 2439/1937/1921 2442/1946/2079
f 2442/1946/2079 2439/1937/1921 2443/1936/2080
f 2443/1936/2080 2444/1947/1931 2442/1946/2079
f 2445/1935/2081 2444/1947/1931 2443/1936/2080
f 2445/1935/2081 2446/1948/2082 2444/1947/1931
f 2447/1934/2083 2446/1948/2082 2445/1935/2081
f 2447/1934/2083 2448/1949/2084 2446/1948/2082
f 2449/1950/1934 2448/1949/2084 2447/1934/2083
f 2450/1929/1913 2449/1950/1934 2447/1934/2083
f 2451/1930/1914 2449/1950/1934 2450/1929/1913
f 2452/1931/2085 2447/1934/2083 2445/1935/2081
f 2450/1929/1913 2447/1934/2083 2452/1931/2085
f 2452/1931/2085 2445/1935/2081 2453/1932/1916
f 2453/1932/1916 2445/1935/2081 2443/1936/2080
f 2439/1937/1921 2417/1913/1897 2454/1933/1917
f 2443/1936/2080 2454/1933/1917 2453/1932/1916
f 2439/1937/1921 2454/1933/1917 2443/1936/2080
f 2451/1930/1914 2450/1929/1913 2455/1918/1902
f 2450/1929/1913 2452/1931/2085 2456/1919/2086
f 2455/1918/1902 2450/1929/1913 2456/1919/2086
f 2452/1931/2085 2453/1932/1916 2457/1922/1906
f 2456/1919/2086 2452/1931/2085 2457/1922/1906
f 2453/1932/1916 2454/1933/1917 2458/1924/1908
f 2457/1922/1906 2453/1932/1916 2458/1924/1908
f 2458/1924/1908 2454/1933/1917 2459/1926/1910
f 2459/1926/1910 2417/1913/1897 2419/1914/2071
f 2454/1933/1917 2417/1913/1897 2459/1926/1910
f 2455/1918/1902 2456/1919/2086 2460/1920/1904
f 2456/1919/2086 2457/1922/1906 2461/1921/2087
f 2460/1920/1904 2456/1919/2086 2461/1921/2087
f 2461/1921/2087 2457/1922/1906 2462/1923/2088
f 2457/1922/1906 2458/1924/1908 2462/1923/2088
f 2458/1924/1908 2459/1926/1910 2463/1925/2089
f 2462/1923/2088 2458/1924/1908 2463/1925/2089
f 2459/1926/1910 2419/1914/2071 2464/1927/2090
f 2463/1925/2089 2459/1926/1910 2464/1927/2090
f 2464/1927/2090 2419/1914/2071 2465/1928/2091
f 2419/1914/2071 2420/1915/2072 2465/1928/2091
f 2466/1799/1759 2467/1797/1757 2468/1802/2092
f 2469/1790/1750 2470/1791/1751 2471/1792/2093
f 2469/1790/1750 2472/1793/2094 2470/1791/1751
f 2470/1791/1751 2472/1793/2094 2473/1794/1754
f 2473/1794/1754 2474/1795/1755 2470/1791/1751
f 2474/1795/1755 2467/1797/1757 2475/1796/1756
f 2470/1791/1751 2474/1795/1755 2475/1796/1756
f 2475/1796/1756 2467/1797/1757 2476/1798/2095
f 2476/1798/2095 2467/1797/1757 2466/1799/1759
f 2466/1799/1759 2477/1800/1760 2476/1798/2095
f 2476/1798/2095 2477/1800/1760 2475/1796/1756
f 2478/1801/2096 2477/1800/1760 2466/1799/1759
f 2479/1803/2097 2480/1804/1764 2481/1805/1765
f 2480/1804/1764 2482/1806/2098 2481/1805/1765
f 2481/1805/1765 2482/1806/2098 2483/1807/1767
f 2482/1806/2098 2484/1808/2099 2483/1807/1767
f 2483/1807/1767 2484/1808/2099 2485/1809/2100
f 2477/1800/1760 2478/1801/2096 2485/1809/2100
f 2485/1809/2100 2486/1810/2101 2477/1800/1760
f 2475/1796/1756 2477/1800/1760 2486/1810/2101
f 2475/1796/1756 2486/1810/2101 2470/1791/1751
f 2484/1808/2099 2486/1810/2101 2485/1809/2100
f 2487/1813/1773 2480/1804/1764 2479/1803/2097
f 2488/1811/2102 2489/1812/1772 2487/1813/1773
f 2487/1813/1773 2490/1814/1774 2480/1804/1764
f 2487/1813/1773 2489/1812/1772 2490/1814/1774
f 2491/1815/1775 2482/1806/2098 2480/1804/1764
f 2480/1804/1764 2490/1814/1774 2491/1815/1775
f 2492/1816/2103 2482/1806/2098 2491/1815/1775
f 2492/1816/2103 2493/1817/2104 2482/1806/2098
f 2482/1806/2098 2493/1817/2104 2484/1808/2099
f 2484/1808/2099 2494/1818/1778 2486/1810/2101
f 2493/1817/2104 2494/1818/1778 2484/1808/2099
f 2471/1792/2093 2470/1791/1751 2494/1818/1778
f 2470/1791/1751 2486/1810/2101 2494/1818/1778
f 2489/1812/1772 2495/1819/2105 2490/1814/1774
f 2490/1814/1774 2496/1820/2106 2491/1815/1775
f 2490/1814/1774 2495/1819/2105 2496/1820/2106
f 2497/1821/2107 2492/1816/2103 2491/1815/1775
f 2491/1815/1775 2496/1820/2106 2497/1821/2107
f 2498/1822/1782 2493/1817/2104 2492/1816/2103
f 2498/1822/1782 2492/1816/2103 2497/1821/2107
f 2499/1823/2030 2493/1817/2104 2498/1822/1782
f 2499/1823/2030 2494/1818/1778 2493/1817/2104
f 2471/1792/2093 2494/1818/1778 2499/1823/2030
f 2485/1809/2100 2478/1801/2096 2500/2052/2108
f 2501/2053/2109 2485/1809/2100 2500/2052/2108
f 2483/1807/1767 2485/1809/2100 2501/2053/2109
f 2502/2054/2110 2483/1807/1767 2501/2053/2109
f 2481/1805/1765 2483/1807/1767 2502/2054/2110
f 2503/2055/2111 2481/1805/1765 2502/2054/2110
f 2479/1803/2097 2481/1805/1765 2503/2055/2111
f 2504/2056/2112 2479/1803/2097 2503/2055/2111
f 2505/2057/2035 2479/1803/2097 2504/2056/2112
f 2505/2057/2035 2487/1813/1773 2479/1803/2097
f 2488/1811/2102 2487/1813/1773 2505/2057/2035
f 2506/2058/2113 2505/2057/2035 2504/2056/2112
f 2507/2059/2114 2505/2057/2035 2506/2058/2113
f 2507/2059/2114 2488/1811/2102 2505/2057/2035
f 2508/2060/2038 2488/1811/2102 2507/2059/2114
f 2508/2060/2038 2509/2061/2115 2488/1811/2102
f 2488/1811/2102 2509/2061/2115 2489/1812/1772
f 2509/2061/2115 2510/2062/2116 2489/1812/1772
f 2489/1812/1772 2510/2062/2116 2495/1819/2105
f 2511/1858/2117 2512/1865/1825 2513/1873/1833
f 2512/1865/1825 2514/1867/2118 2513/1873/1833
f 2513/1873/1833 2514/1867/2118 2515/1874/2119
f 2512/1865/1825 2516/1866/1826 2514/1867/2118
f 2517/1864/1824 2516/1866/1826 2512/1865/1825
f 2518/1857/1817 2517/1864/1824 2512/1865/1825
f 2518/1857/1817 2512/1865/1825 2511/1858/2117
f 2519/1856/2120 2518/1857/1817 2511/1858/2117
f 2520/1868/2121 2516/1866/1826 2517/1864/1824
f 2521/1870/1830 2516/1866/1826 2520/1868/2121
f 2520/1868/2121 2517/1864/1824 2522/1863/2122
f 2523/1855/1815 2517/1864/1824 2518/1857/1817
f 2522/1863/2122 2517/1864/1824 2523/1855/1815
f 2524/1852/1812 2523/1855/1815 2518/1857/1817
f 2524/1852/1812 2518/1857/1817 2519/1856/2120
f 2525/1851/2123 2524/1852/1812 2519/1856/2120
f 2522/1863/2122 2523/1855/1815 2526/1854/2124
f 2527/1853/1813 2523/1855/1815 2524/1852/1812
f 2526/1854/2124 2523/1855/1815 2527/1853/1813
f 2528/1847/1807 2524/1852/1812 2525/1851/2123
f 2528/1847/1807 2525/1851/2123 2529/1846/2125
f 2530/1848/1808 2524/1852/1812 2528/1847/1807
f 2527/1853/1813 2524/1852/1812 2530/1848/1808
f 2531/1849/1809 2527/1853/1813 2530/1848/1808
f 2526/1854/2124 2527/1853/1813 2531/1849/1809
f 2531/1849/1809 2532/1862/2126 2526/1854/2124
f 2532/1862/2126 2522/1863/2122 2526/1854/2124
f 2533/1869/2127 2520/1868/2121 2522/1863/2122
f 2533/1869/2127 2522/1863/2122 2532/1862/2126
f 2534/1871/2128 2520/1868/2121 2533/1869/2127
f 2534/1871/2128 2521/1870/1830 2520/1868/2121
f 2535/1872/2129 2521/1870/1830 2534/1871/2128
f 2536/1861/2130 2532/1862/2126 2531/1849/1809
f 2537/1860/2131 2538/1840/1800 2539/2063/2132
f 2537/1860/2131 2540/1838/1798 2538/1840/1800
f 2540/1838/1798 2536/1861/2130 2531/1849/1809
f 2541/1859/2133 2540/1838/1798 2537/1860/2131
f 2541/1859/2133 2536/1861/2130 2540/1838/1798
f 2542/1839/2134 2528/1847/1807 2529/1846/2125
f 2540/1838/1798 2542/1839/2134 2538/1840/1800
f 2530/1848/1808 2528/1847/1807 2542/1839/2134
f 2540/1838/1798 2531/1849/1809 2542/1839/2134
f 2542/1839/2134 2531/1849/1809 2530/1848/1808
f 2543/1844/2135 2542/1839/2134 2529/1846/2125
f 2539/2063/2132 2538/1840/1800 2544/1830/1790
f 2544/1830/1790 2545/2064/2136 2539/2063/2132
f 2546/1841/1801 2542/1839/2134 2543/1844/2135
f 2538/1840/1800 2546/1841/1801 2544/1830/1790
f 2538/1840/1800 2542/1839/2134 2546/1841/1801
f 2547/1842/1802 2546/1841/1801 2543/1844/2135
f 2548/1829/1789 2546/1841/1801 2547/1842/1802
f 2544/1830/1790 2546/1841/1801 2548/1829/1789
f 2548/1829/1789 2549/1826/2137 2544/1830/1790
f 2549/1826/2137 2545/2064/2136 2544/1830/1790
f 2549/1826/2137 2550/2065/2138 2545/2064/2136
f 2551/1824/1784 2549/1826/2137 2548/1829/1789
f 2552/1831/2139 2548/1829/1789 2547/1842/1802
f 2551/1824/1784 2548/1829/1789 2552/1831/2139
f 2552/1831/2139 2547/1842/1802 2553/1837/2140
f 2547/1842/1802 2543/1844/2135 2554/1843/2141
f 2553/1837/2140 2547/1842/1802 2554/1843/2141
f 2543/1844/2135 2529/1846/2125 2555/1845/2142
f 2554/1843/2141 2543/1844/2135 2555/1845/2142
f 2555/1845/2142 2529/1846/2125 2556/1850/2143
f 2529/1846/2125 2525/1851/2123 2556/1850/2143
f 2557/1825/1785 2550/2065/2138 2549/1826/2137
f 2551/1824/1784 2557/1825/1785 2549/1826/2137
f 2558/1827/1787 2557/1825/1785 2551/1824/1784
f 2558/1827/1787 2551/1824/1784 2559/1828/1788
f 2559/1828/1788 2551/1824/1784 2552/1831/2139
f 2560/1832/2144 2552/1831/2139 2553/1837/2140
f 2559/1828/1788 2552/1831/2139 2560/1832/2144
f 2561/1833/2145 2559/1828/1788 2560/1832/2144
f 2562/1834/1794 2558/1827/1787 2559/1828/1788
f 2562/1834/1794 2559/1828/1788 2561/1833/2145
f 2563/1835/1795 2558/1827/1787 2562/1834/1794
f 2563/1835/1795 2564/1836/2146 2558/1827/1787
f 2558/1827/1787 2564/1836/2146 2557/1825/1785
f 2557/1825/1785 2565/2066/2147 2550/2065/2138
f 2564/1836/2146 2565/2066/2147 2557/1825/1785
f 2566/2067/2148 2567/2068/2149 2568/2069/2150
f 2569/2070/2151 2570/2071/2152 2571/2072/2153
f 2572/2073/2154 2570/2071/2152 2569/2070/2151
f 2567/2068/2149 2572/2073/2154 2569/2070/2151
f 2573/2074/2155 2572/2073/2154 2567/2068/2149
f 2573/2074/2155 2567/2068/2149 2566/2067/2148
f 2574/2075/2156 2573/2074/2155 2566/2067/2148
f 2573/2074/2155 2575/2076/2157 2572/2073/2154
f 2575/2076/2157 2576/2077/2158 2572/2073/2154
f 2572/2073/2154 2576/2077/2158 2570/2071/2152
f 2576/2077/2158 2577/2078/2156 2570/2071/2152
f 2570/2071/2152 2578/2079/2159 2571/2072/2153
f 2570/2071/2152 2577/2078/2156 2578/2079/2159
f 2571/2072/2153 2578/2079/2159 2579/2080/2160
f 2576/2077/2158 2580/2081/2161 2577/2078/2156
f 2581/2082/2162 2580/2081/2161 2576/2077/2158
f 2581/2082/2162 2582/2083/2163 2580/2081/2161
f 2583/2084/2164 2576/2077/2158 2575/2076/2157
f 2581/2082/2162 2576/2077/2158 2583/2084/2164
f 2583/2084/2164 2575/2076/2157 2584/2085/2165
f 2585/2086/2166 2573/2074/2155 2574/2075/2156
f 2574/2075/2156 2584/2085/2165 2585/2086/2166
f 2584/2085/2165 2575/2076/2157 2585/2086/2166
f 2585/2086/2166 2575/2076/2157 2573/2074/2155
f 2586/2087/2167 2582/2083/2163 2581/2082/2162
f 2586/2087/2167 2581/2082/2162 2587/2088/2168
f 2587/2088/2168 2581/2082/2162 2583/2084/2164
f 2587/2088/2168 2583/2084/2164 2588/2089/2169
f 2588/2089/2169 2583/2084/2164 2584/2085/2165
f 2589/2090/2170 2588/2089/2169 2584/2085/2165
f 2589/2090/2170 2584/2085/2165 2574/2075/2156
f 2590/2091/2171 2586/2087/2167 2587/2088/2168
f 2588/2089/2169 2590/2091/2171 2587/2088/2168
f 2591/2092/2172 2590/2091/2171 2588/2089/2169
f 2592/2093/2173 2590/2091/2171 2591/2092/2172
f 2593/2094/2174 2586/2087/2167 2590/2091/2171
f 2593/2094/2174 2582/2083/2163 2586/2087/2167
f 2594/2095/2175 2595/2096/2176 2592/2093/2173
f 2596/2097/2177 2590/2091/2171 2592/2093/2173
f 2592/2093/2173 2595/2096/2176 2596/2097/2177
f 2590/2091/2171 2597/2098/2178 2593/2094/2174
f 2596/2097/2177 2597/2098/2178 2590/2091/2171
f 2597/2098/2178 2598/2099/2179 2593/2094/2174
f 2599/2100/2180 2582/2083/2163 2593/2094/2174
f 2593/2094/2174 2598/2099/2179 2599/2100/2180
f 2597/2098/2178 2600/2101/2181 2598/2099/2179
f 2601/2102/2182 2600/2101/2181 2597/2098/2178
f 2596/2097/2177 2601/2102/2182 2597/2098/2178
f 2595/2096/2176 2601/2102/2182 2596/2097/2177
f 2602/2103/2183 2591/2092/2172 2588/2089/2169
f 2602/2103/2183 2588/2089/2169 2589/2090/2170
f 2603/2104/2184 2591/2092/2172 2602/2103/2183
f 2592/2093/2173 2591/2092/2172 2604/2105/2185
f 2604/2105/2185 2591/2092/2172 2603/2104/2184
f 2594/2095/2175 2592/2093/2173 2605/2106/2186
f 2605/2106/2186 2592/2093/2173 2604/2105/2185
f 2606/2107/2187 2607/2108/2188 2608/2109/2189
f 2608/2109/2189 2609/2110/2190 2606/2107/2187
f 2610/2111/2191 2609/2110/2190 2608/2109/2189
f 2609/2110/2190 2611/2112/2192 2606/2107/2187
f 2606/2107/2187 2611/2112/2192 2612/2113/2193
f 2606/2107/2187 2613/2114/2194 2607/2108/2188
f 2612/2113/2193 2613/2114/2194 2606/2107/2187
f 2614/2115/2195 2607/2108/2188 2613/2114/2194
f 2615/2116/2196 2607/2108/2188 2614/2115/2195
f 2616/2117/2197 2615/2116/2196 2614/2115/2195
f 2617/2118/2198 2615/2116/2196 2616/2117/2197
f 2608/2109/2189 2607/2108/2188 2618/2119/2199
f 2615/2116/2196 2618/2119/2199 2607/2108/2188
f 2619/2120/2200 2608/2109/2189 2618/2119/2199
f 2620/2121/2201 2608/2109/2189 2619/2120/2200
f 2621/2122/2202 2620/2121/2201 2619/2120/2200
f 2622/2123/2203 2620/2121/2201 2621/2122/2202
f 2623/2124/2204 2620/2121/2201 2622/2123/2203
f 2610/2111/2191 2608/2109/2189 2624/2125/2205
f 2624/2125/2205 2608/2109/2189 2620/2121/2201
f 2624/2125/2205 2620/2121/2201 2623/2124/2204
f 2619/2120/2200 2625/2126/2206 2621/2122/2202
f 2618/2119/2199 2626/2127/2207 2619/2120/2200
f 2626/2127/2207 2625/2126/2206 2619/2120/2200
f 2627/2128/2208 2626/2127/2207 2618/2119/2199
f 2617/2118/2198 2627/2128/2208 2615/2116/2196
f 2627/2128/2208 2618/2119/2199 2615/2116/2196
f 2628/2129/2209 2627/2128/2208 2617/2118/2198
f 2626/2127/2207 2627/2128/2208 2629/2130/2210
f 2629/2130/2210 2627/2128/2208 2628/2129/2209
f 2629/2130/2210 2628/2129/2209 2630/2131/2211
f 2631/2132/2212 2629/2130/2210 2630/2131/2211
f 2630/2131/2211 2632/2133/2213 2631/2132/2212
f 2631/2132/2212 2632/2133/2213 2633/2134/2214
f 2633/2134/2214 2632/2133/2213 2634/2135/2215
f 2635/2136/2216 2629/2130/2210 2631/2132/2212
f 2635/2136/2216 2626/2127/2207 2629/2130/2210
f 2625/2126/2206 2626/2127/2207 2635/2136/2216
f 2630/2131/2211 2628/2129/2209 2636/2137/2217
f 2630/2131/2211 2636/2137/2217 2632/2133/2213
f 2632/2133/2213 2636/2137/2217 2637/2138/2218
f 2628/2129/2209 2638/2139/2219 2636/2137/2217
f 2617/2118/2198 2638/2139/2219 2628/2129/2209
f 2636/2137/2217 2638/2139/2219 2637/2138/2218
f 2637/2138/2218 2638/2139/2219 2639/2140/2220
f 2617/2118/2198 2640/2141/2221 2638/2139/2219
f 2616/2117/2197 2640/2141/2221 2617/2118/2198
f 2640/2141/2221 2641/2142/2222 2638/2139/2219
f 2638/2139/2219 2641/2142/2222 2639/2140/2220
f 2639/2140/2220 2641/2142/2222 2642/2143/2223
f 2639/2140/2220 2642/2143/2223 2637/2138/2218
f 2637/2138/2218 2643/2144/2224 2632/2133/2213
f 2637/2138/2218 2642/2143/2223 2643/2144/2224
f 2632/2133/2213 2643/2144/2224 2644/2145/2225
f 2634/2135/2215 2632/2133/2213 2644/2145/2225
f 2642/2143/2223 2645/2146/2226 2643/2144/2224
f 2645/2146/2226 2646/2147/2227 2647/2148/2228
f 2648/2149/2229 2645/2146/2226 2647/2148/2228
f 2643/2144/2224 2645/2146/2226 2649/2150/2230
f 2649/2150/2230 2645/2146/2226 2648/2149/2229
f 2643/2144/2224 2649/2150/2230 2644/2145/2225
f 2650/2151/2231 2649/2150/2230 2648/2149/2229
f 2651/2152/2232 2649/2150/2230 2650/2151/2231
f 2644/2145/2225 2649/2150/2230 2651/2152/2232
f 2642/2143/2223 2641/2142/2222 2652/2153/2233
f 2646/2147/2227 2645/2146/2226 2652/2153/2233
f 2652/2153/2233 2645/2146/2226 2642/2143/2223
f 2648/2149/2229 2653/2154/2234 2650/2151/2231
f 2648/2149/2229 2647/2148/2228 2653/2154/2234
f 2653/2154/2234 2647/2148/2228 2654/2155/2235
f 2653/2154/2234 2654/2155/2235 2655/2156/2236
f 2655/2156/2236 2654/2155/2235 2656/2157/2237
f 2655/2156/2236 2656/2157/2237 2657/2158/2238
f 2657/2158/2238 2656/2157/2237 2658/2159/2239
f 2659/2160/2240 2657/2158/2238 2658/2159/2239
f 2659/2160/2240 2658/2159/2239 2660/2161/2241
f 2660/2161/2241 2661/2162/2242 2659/2160/2240
f 2656/2157/2237 2662/2163/2243 2658/2159/2239
f 2660/2161/2241 2658/2159/2239 2662/2163/2243
f 2663/2164/2244 2662/2163/2243 2656/2157/2237
f 2656/2157/2237 2664/2165/2245 2663/2164/2244
f 2654/2155/2235 2664/2165/2245 2656/2157/2237
f 2665/2166/2246 2654/2155/2235 2647/2148/2228
f 2664/2165/2245 2654/2155/2235 2665/2166/2246
f 2647/2148/2228 2646/2147/2227 2665/2166/2246
f 2666/2167/2247 2657/2158/2238 2659/2160/2240
f 2666/2167/2247 2667/2168/2248 2657/2158/2238
f 2667/2168/2248 2655/2156/2236 2657/2158/2238
f 2659/2160/2240 2668/2169/2249 2666/2167/2247
f 2659/2160/2240 2661/2162/2242 2668/2169/2249
f 2661/2162/2242 2669/2170/2250 2668/2169/2249
f 2670/2171/2251 2669/2170/2250 2661/2162/2242
f 2670/2171/2251 2671/2172/2252 2669/2170/2250
f 2672/2173/2253 2671/2172/2252 2670/2171/2251
f 2672/2173/2253 2673/2174/2254 2671/2172/2252
f 2671/2172/2252 2673/2174/2254 2674/2175/2255
f 2669/2170/2250 2675/2176/2256 2668/2169/2249
f 2669/2170/2250 2671/2172/2252 2675/2176/2256
f 2671/2172/2252 2674/2175/2255 2676/2177/2257
f 2675/2176/2256 2671/2172/2252 2676/2177/2257
f 2676/2177/2257 2674/2175/2255 2677/2178/2258
f 2674/2175/2255 2678/2179/2259 2677/2178/2258
f 2677/2178/2258 2678/2179/2259 2679/2180/2260
f 2678/2179/2259 2680/2181/2261 2679/2180/2260
f 2679/2180/2260 2680/2181/2261 2681/2182/2262
f 2679/2180/2260 2682/2183/2263 2677/2178/2258
f 2679/2180/2260 2681/2182/2262 2682/2183/2263
f 2680/2181/2261 2683/2184/2264 2681/2182/2262
f 2684/2185/2265 2683/2184/2264 2680/2181/2261
f 2676/2177/2257 2677/2178/2258 2685/2186/2266
f 2677/2178/2258 2682/2183/2263 2686/2187/2267
f 2685/2186/2266 2677/2178/2258 2686/2187/2267
f 2687/2188/2268 2686/2187/2267 2682/2183/2263
f 2688/2189/2269 2686/2187/2267 2687/2188/2268
f 2684/2185/2265 2689/2190/2270 2683/2184/2264
f 2690/2191/2271 2689/2190/2270 2684/2185/2265
f 2689/2190/2270 2691/2192/2272 2683/2184/2264
f 2683/2184/2264 2692/2193/2273 2681/2182/2262
f 2683/2184/2264 2691/2192/2272 2692/2193/2273
f 2682/2183/2263 2681/2182/2262 2693/2194/2274
f 2682/2183/2263 2693/2194/2274 2687/2188/2268
f 2681/2182/2262 2692/2193/2273 2693/2194/2274
f 2687/2188/2268 2693/2194/2274 2694/2195/2275
f 2693/2194/2274 2692/2193/2273 2694/2195/2275
f 2691/2192/2272 2695/2196/2276 2692/2193/2273
f 2694/2195/2275 2692/2193/2273 2695/2196/2276
f 2696/2197/2277 2695/2196/2276 2691/2192/2272
f 2691/2192/2272 2697/2198/2278 2696/2197/2277
f 2690/2191/2271 2698/2199/2279 2689/2190/2270
f 2689/2190/2270 2698/2199/2279 2699/2200/2280
f 2689/2190/2270 2699/2200/2280 2691/2192/2272
f 2700/2201/2281 2697/2198/2278 2691/2192/2272
f 2691/2192/2272 2699/2200/2280 2700/2201/2281
f 2700/2201/2281 2701/2202/2282 2697/2198/2278
f 2697/2198/2278 2701/2202/2282 2702/2203/2283
f 2703/2204/2284 2702/2203/2283 2701/2202/2282
f 2704/2205/2285 2702/2203/2283 2703/2204/2284
f 2703/2204/2284 2705/2206/2286 2704/2205/2285
f 2704/2205/2285 2705/2206/2286 2706/2207/2287
f 2700/2201/2281 2707/2208/2288 2701/2202/2282
f 2708/2209/2289 2707/2208/2288 2698/2199/2279
f 2698/2199/2279 2707/2208/2288 2699/2200/2280
f 2699/2200/2280 2707/2208/2288 2700/2201/2281
f 2703/2204/2284 2701/2202/2282 2709/2210/2290
f 2708/2209/2289 2709/2210/2290 2707/2208/2288
f 2709/2210/2290 2701/2202/2282 2707/2208/2288
f 2709/2210/2290 2710/2211/2291 2703/2204/2284
f 2703/2204/2284 2710/2211/2291 2705/2206/2286
f 2711/2212/2292 2710/2211/2291 2709/2210/2290
f 2712/2213/2293 2710/2211/2291 2711/2212/2292
f 2711/2212/2292 2709/2210/2290 2708/2209/2289
f 2705/2206/2286 2713/2214/2294 2706/2207/2287
f 2710/2211/2291 2714/2215/2295 2705/2206/2286
f 2714/2215/2295 2713/2214/2294 2705/2206/2286
f 2715/2216/2296 2714/2215/2295 2710/2211/2291
f 2712/2213/2293 2716/2217/2297 2710/2211/2291
f 2710/2211/2291 2716/2217/2297 2715/2216/2296
f 2712/2213/2293 2717/2218/2298 2716/2217/2297
f 2718/2219/2299 2717/2218/2298 2712/2213/2293
f 2718/2219/2299 2712/2213/2293 2719/2220/2300
f 2719/2220/2300 2712/2213/2293 2711/2212/2292
f 2720/2221/2301 2711/2212/2292 2708/2209/2289
f 2719/2220/2300 2711/2212/2292 2720/2221/2301
f 2721/2222/2302 2708/2209/2289 2698/2199/2279
f 2720/2221/2301 2708/2209/2289 2721/2222/2302
f 2721/2222/2302 2698/2199/2279 2722/2223/2303
f 2690/2191/2271 2684/2185/2265 2722/2223/2303
f 2722/2223/2303 2698/2199/2279 2690/2191/2271
f 2673/2174/2254 2723/2224/2304 2674/2175/2255
f 2674/2175/2255 2723/2224/2304 2678/2179/2259
f 2723/2224/2304 2724/2225/2305 2678/2179/2259
f 2678/2179/2259 2724/2225/2305 2680/2181/2261
f 2724/2225/2305 2725/2226/2306 2680/2181/2261
f 2722/2223/2303 2684/2185/2265 2725/2226/2306
f 2680/2181/2261 2725/2226/2306 2684/2185/2265
f 2726/2227/2307 2727/2228/2308 2728/2229/2309
f 2729/2230/2310 2726/2227/2307 2728/2229/2309
f 2729/2230/2310 2728/2229/2309 2730/2231/2311
f 2731/2232/2292 2726/2227/2307 2729/2230/2310
f 2732/2233/2312 2730/2231/2311 2733/2234/2313
f 2733/2234/2313 2730/2231/2311 2734/2235/2314
f 2730/2231/2311 2728/2229/2309 2734/2235/2314
f 2728/2229/2309 2727/2228/2308 2735/2236/2315
f 2728/2229/2309 2735/2236/2315 2734/2235/2314
f 2727/2228/2308 2736/2237/2316 2735/2236/2315
f 2737/2238/2317 2736/2237/2316 2727/2228/2308
f 2737/2238/2317 2738/2239/2318 2736/2237/2316
f 2739/2240/2292 2738/2239/2318 2737/2238/2317
f 2740/2241/2311 2736/2237/2316 2738/2239/2318
f 2741/2242/2319 2736/2237/2316 2740/2241/2311
f 2741/2242/2319 2735/2236/2315 2736/2237/2316
f 2734/2235/2314 2735/2236/2315 2742/2243/2320
f 2742/2243/2320 2735/2236/2315 2741/2242/2319
f 2743/2244/2321 2734/2235/2314 2742/2243/2320
f 2733/2234/2313 2734/2235/2314 2743/2244/2321
f 2742/2243/2320 2741/2242/2319 2743/2244/2321
f 2733/2234/2313 2743/2244/2321 2744/2245/2322
f 2733/2234/2313 2744/2245/2322 2732/2233/2312
f 2743/2244/2321 2741/2242/2319 2745/2246/2323
f 2741/2242/2319 2740/2241/2311 2745/2246/2323
f 2745/2246/2323 2746/2247/2324 2743/2244/2321
f 2745/2246/2323 2747/2248/2325 2746/2247/2324
f 2748/2249/2326 2747/2248/2325 2745/2246/2323
f 2745/2246/2323 2740/2241/2311 2748/2249/2326
f 2744/2245/2322 2743/2244/2321 2749/2250/2327
f 2743/2244/2321 2746/2247/2324 2749/2250/2327
f 2750/2251/2328 2749/2250/2327 2751/2252/2329
f 2751/2252/2329 2749/2250/2327 2746/2247/2324
f 2751/2252/2329 2746/2247/2324 2752/2253/2330
f 2752/2253/2330 2746/2247/2324 2747/2248/2325
f 2753/2254/2331 2754/2255/2332 2752/2253/2330
f 2752/2253/2330 2754/2255/2332 2751/2252/2329
f 2754/2255/2332 2755/2256/2333 2751/2252/2329
f 2751/2252/2329 2755/2256/2333 2750/2251/2328
f 2750/2251/2328 2756/2257/2334 2749/2250/2327
f 2749/2250/2327 2756/2257/2334 2744/2245/2322
f 2755/2256/2333 2756/2257/2334 2750/2251/2328
f 2732/2233/2312 2744/2245/2322 2757/2258/2325
f 2756/2257/2334 2758/2259/2330 2744/2245/2322
f 2744/2245/2322 2758/2259/2330 2757/2258/2325
f 2759/2260/2335 2756/2257/2334 2755/2256/2333
f 2759/2260/2335 2758/2259/2330 2756/2257/2334
f 2754/2255/2332 2760/2261/2336 2755/2256/2333
f 2755/2256/2333 2760/2261/2336 2759/2260/2335
f 2761/2262/2337 2760/2261/2336 2754/2255/2332
f 2753/2254/2331 2761/2262/2337 2754/2255/2332
f 2762/2263/2338 2761/2262/2337 2753/2254/2331
f 2759/2260/2335 2760/2261/2336 2763/2264/2339
f 2759/2260/2335 2763/2264/2339 2764/2265/2340
f 2764/2265/2340 2758/2259/2330 2759/2260/2335
f 2764/2265/2340 2763/2264/2339 2765/2266/2341
f 2766/2267/2342 2767/2268/2343 2768/2269/2344
f 2769/2270/2345 2770/2271/2346 2771/2272/2347
f 2770/2271/2346 2772/2273/2348 2771/2272/2347
f 2771/2272/2347 2773/2274/2349 2769/2270/2345
f 2771/2272/2347 2772/2273/2348 2773/2274/2349
f 2773/2274/2349 2772/2273/2348 2774/2275/2350
f 2774/2275/2350 2775/2276/2351 2773/2274/2349
f 2776/2277/2352 2768/2269/2344 2775/2276/2351
f 2776/2277/2352 2775/2276/2351 2774/2275/2350
f 2775/2276/2351 2768/2269/2344 2777/2278/2353
f 2768/2269/2344 2767/2268/2343 2777/2278/2353
f 2777/2278/2353 2778/2279/2354 2775/2276/2351
f 2777/2278/2353 2767/2268/2343 2778/2279/2354
f 2779/2280/2355 2772/2273/2348 2770/2271/2346
f 2778/2279/2354 2780/2281/2356 2781/2282/2357
f 2775/2276/2351 2781/2282/2357 2773/2274/2349
f 2775/2276/2351 2778/2279/2354 2781/2282/2357
f 2773/2274/2349 2781/2282/2357 2782/2283/2358
f 2769/2270/2345 2773/2274/2349 2782/2283/2358
f 2781/2282/2357 2780/2281/2356 2783/2284/2359
f 2781/2282/2357 2783/2284/2359 2782/2283/2358
f 2783/2284/2359 2780/2281/2356 2784/2285/2360
f 2784/2285/2360 2780/2281/2356 2785/2286/2361
f 2778/2279/2354 2786/2287/2362 2780/2281/2356
f 2778/2279/2354 2767/2268/2343 2786/2287/2362
f 2780/2281/2356 2786/2287/2362 2787/2288/2363
f 2787/2288/2363 2788/2289/2364 2780/2281/2356
f 2780/2281/2356 2788/2289/2364 2785/2286/2361
f 2788/2289/2364 2789/2290/2365 2785/2286/2361
f 2785/2286/2361 2789/2290/2365 2790/2291/2366
f 2791/2292/2367 2785/2286/2361 2790/2291/2366
f 2784/2285/2360 2785/2286/2361 2791/2292/2367
f 2792/2293/2368 2784/2285/2360 2791/2292/2367
f 2793/2294/2369 2783/2284/2359 2784/2285/2360
f 2793/2294/2369 2784/2285/2360 2792/2293/2368
f 2794/2295/2370 2783/2284/2359 2793/2294/2369
f 2782/2283/2358 2783/2284/2359 2794/2295/2370
f 2793/2294/2369 2795/2296/2371 2794/2295/2370
f 2795/2296/2371 2782/2283/2358 2794/2295/2370
f 2769/2270/2345 2782/2283/2358 2795/2296/2371
f 2796/2297/2372 2795/2296/2371 2793/2294/2369
f 2792/2293/2368 2796/2297/2372 2793/2294/2369
f 2797/2298/2348 2796/2297/2372 2792/2293/2368
f 2798/2299/2373 2796/2297/2372 2797/2298/2348
f 2799/2300/2374 2795/2296/2371 2796/2297/2372
f 2799/2300/2374 2796/2297/2372 2798/2299/2373
f 2800/2301/2375 2795/2296/2371 2799/2300/2374
f 2795/2296/2371 2801/2302/2376 2769/2270/2345
f 2801/2302/2376 2770/2271/2346 2769/2270/2345
f 2800/2301/2375 2801/2302/2376 2795/2296/2371
f 2802/2303/2377 2676/2177/2257 2685/2186/2266
f 2675/2176/2256 2676/2177/2257 2802/2303/2377
f 2685/2186/2266 2686/2187/2267 2803/2304/2378
f 2685/2186/2266 2803/2304/2378 2802/2303/2377
f 2803/2304/2378 2686/2187/2267 2688/2189/2269
f 2802/2303/2377 2803/2304/2378 2804/2305/2379
f 2802/2303/2377 2804/2305/2379 2805/2306/2380
f 2805/2306/2380 2804/2305/2379 2806/2307/2381
f 2807/2308/2382 2805/2306/2380 2806/2307/2381
f 2808/2309/2383 2667/2168/2248 2666/2167/2247
f 2808/2309/2383 2809/2310/2384 2667/2168/2248
f 2808/2309/2383 2805/2306/2380 2807/2308/2382
f 2807/2308/2382 2809/2310/2384 2808/2309/2383
f 2666/2167/2247 2668/2169/2249 2810/2311/2385
f 2808/2309/2383 2810/2311/2385 2805/2306/2380
f 2666/2167/2247 2810/2311/2385 2808/2309/2383
f 2810/2311/2385 2802/2303/2377 2805/2306/2380
f 2675/2176/2256 2802/2303/2377 2810/2311/2385
f 2668/2169/2249 2675/2176/2256 2810/2311/2385
f 2811/2312/2386 2651/2152/2232 2650/2151/2231
f 2650/2151/2231 2812/2313/2387 2811/2312/2386
f 2650/2151/2231 2653/2154/2234 2812/2313/2387
f 2811/2312/2386 2812/2313/2387 2813/2314/2388
f 2814/2315/2389 2667/2168/2248 2809/2310/2384
f 2813/2314/2388 2812/2313/2387 2814/2315/2389
f 2812/2313/2387 2653/2154/2234 2815/2316/2390
f 2815/2316/2390 2655/2156/2236 2667/2168/2248
f 2815/2316/2390 2653/2154/2234 2655/2156/2236
f 2814/2315/2389 2812/2313/2387 2815/2316/2390
f 2815/2316/2390 2667/2168/2248 2814/2315/2389
f 2644/2145/2225 2816/2317/2391 2634/2135/2215
f 2651/2152/2232 2816/2317/2391 2644/2145/2225
f 2816/2317/2391 2651/2152/2232 2811/2312/2386
f 2817/2016/2003 2818/2017/2004 2819/2018/2005
f 2819/2018/2005 2820/2019/2006 2817/2016/2003
f 2821/2020/2007 2820/2019/2006 2819/2018/2005
f 2822/2021/2008 2820/2019/2006 2821/2020/2007
f 2817/2016/2003 2820/2019/2006 2823/2022/2009
f 2820/2019/2006 2822/2021/2008 2824/2023/2010
f 2823/2022/2009 2820/2019/2006 2824/2023/2010
f 2824/2023/2010 2822/2021/2008 2825/2024/2011
f 2826/2025/2012 2824/2023/2010 2825/2024/2011
f 2823/2022/2009 2824/2023/2010 2827/2026/2013
f 2827/2026/2013 2824/2023/2010 2826/2025/2012
f 2827/2026/2013 2828/2027/2014 2823/2022/2009
f 2829/2028/2015 2817/2016/2003 2823/2022/2009
f 2823/2022/2009 2828/2027/2014 2829/2028/2015
f 2830/2029/2016 2818/2017/2004 2817/2016/2003
f 2830/2029/2016 2817/2016/2003 2829/2028/2015
f 2831/2030/2017 2830/2029/2016 2832/2031/2018
f 2832/2031/2018 2830/2029/2016 2829/2028/2015
f 2833/2032/2019 2825/2024/2011 2822/2021/2008
f 2834/2033/2020 2825/2024/2011 2833/2032/2019
f 2835/2034/2021 2836/2035/2022 2837/2036/2004
f 2837/2036/2004 2836/2035/2022 2838/2037/2023
f 2838/2037/2023 2836/2035/2022 2839/2038/2024
f 2839/2038/2024 2836/2035/2022 2840/2039/2012
f 2841/2318/2392 2842/2319/2393 2843/2320/2392
f 2843/2320/2392 2842/2319/2393 2844/2321/2394
f 2842/2319/2393 2845/2322/2395 2844/2321/2394
f 2846/2323/2396 2845/2322/2395 2842/2319/2393
f 2847/2324/2397 2846/2323/2396 2842/2319/2393
f 2846/2323/2396 2847/2324/2397 2848/2325/2398
f 2848/2325/2398 2847/2324/2397 2849/2326/2399
f 2849/2326/2399 2850/2327/2400 2848/2325/2398
f 2849/2326/2399 2851/2328/2401 2850/2327/2400
f 2852/2329/2402 2851/2328/2401 2849/2326/2399
f 2847/2324/2397 2852/2329/2402 2849/2326/2399
f 2853/2330/2403 2852/2329/2402 2847/2324/2397
f 2854/2331/2404 2847/2324/2397 2842/2319/2393
f 2853/2330/2403 2847/2324/2397 2854/2331/2404
f 2855/2332/2405 2856/2333/2406 2845/2322/2395
f 2846/2323/2396 2855/2332/2405 2845/2322/2395
f 2857/2334/2407 2856/2333/2406 2855/2332/2405
f 2846/2323/2396 2848/2325/2398 2858/2335/2408
f 2858/2335/2408 2855/2332/2405 2846/2323/2396
f 2858/2335/2408 2848/2325/2398 2859/2336/2409
f 2860/2337/2410 2844/2321/2394 2845/2322/2395
f 2845/2322/2395 2856/2333/2406 2860/2337/2410
f 2860/2337/2410 2856/2333/2406 2861/2338/2411
f 2861/2338/2411 2856/2333/2406 2862/2339/2412
f 2862/2339/2412 2863/2340/2413 2861/2338/2411
f 2861/2338/2411 2863/2340/2413 2864/2341/2414
f 2861/2338/2411 2865/2342/2415 2860/2337/2410
f 2864/2341/2414 2865/2342/2415 2861/2338/2411
f 2860/2337/2410 2866/2343/2416 2844/2321/2394
f 2865/2342/2415 2866/2343/2416 2860/2337/2410
f 2867/2344/2417 2868/2345/2418 2869/2346/2413
f 2869/2346/2413 2868/2345/2418 2870/2347/2419
f 2871/2348/1702 2872/2349/2420 2873/2350/2421
f 2874/2351/2422 2875/2352/2423 2876/2353/2424
f 2877/2354/2425 2875/2352/2423 2874/2351/2422
f 2878/2355/2426 2877/2354/2425 2874/2351/2422
f 2879/2356/2427 2877/2354/2425 2878/2355/2426
f 2873/2350/2421 2879/2356/2427 2878/2355/2426
f 2873/2350/2421 2872/2349/2420 2880/2357/2428
f 2880/2357/2428 2879/2356/2427 2873/2350/2421
f 2872/2349/2420 2881/2358/2429 2880/2357/2428
f 2882/2359/496 2883/2360/496 2884/2361/496
f 2884/2361/496 2883/2360/496 2885/2362/496
f 2885/2362/496 2883/2360/496 2886/2363/2430
f 2886/2363/2430 2883/2360/496 2887/2364/2431
f 2887/2364/2431 2888/2365/2432 2886/2363/2430
f 2889/2366/2433 2888/2365/2432 2887/2364/2431
f 2875/2352/2423 2890/2367/2434 2876/2353/2424
f 2889/2366/2433 2890/2367/2434 2888/2365/2432
f 2876/2353/2424 2890/2367/2434 2891/2368/2435
f 2891/2368/2435 2890/2367/2434 2889/2366/2433
f 2892/2369/2436 2893/2370/2437 2894/2371/2438
f 2892/2369/2436 2895/2372/2436 2893/2370/2437
f 2895/2372/2436 2896/2373/2436 2893/2370/2437
f 2896/2373/2436 2897/2374/2436 2893/2370/2437
f 2897/2374/2436 2898/2375/2436 2893/2370/2437
f 2893/2370/2437 2898/2375/2436 2899/2376/2439
f 2898/2375/2436 2900/2377/2436 2899/2376/2439
f 2894/2371/2438 2901/2378/2440 2902/2379/2441
f 2901/2378/2440 2894/2371/2438 2903/2380/2442
f 2903/2380/2442 2894/2371/2438 2893/2370/2437
f 2893/2370/2437 2899/2376/2439 2903/2380/2442
f 2904/2381/2443 2901/2378/2440 2903/2380/2442
f 2903/2380/2442 2899/2376/2439 2905/2382/2444
f 2903/2380/2442 2905/2382/2444 2904/2381/2443
f 2904/2381/2443 2905/2382/2444 2906/2383/2445
f 2905/2382/2444 2907/2384/2446 2906/2383/2445
f 2899/2376/2439 2907/2384/2446 2905/2382/2444
f 2902/2379/2441 2901/2378/2440 2908/2385/2447
f 2908/2385/2447 2901/2378/2440 2904/2381/2443
f 2904/2381/2443 2909/2386/2441 2908/2385/2447
f 2906/2383/2445 2910/2387/2448 2904/2381/2443
f 2910/2387/2448 2909/2386/2441 2904/2381/2443
f 2911/2388/2449 2910/2387/2448 2906/2383/2445
f 2912/2389/2450 2913/2390/2451 2914/2391/2452
f 2912/2389/2450 2915/2392/2453 2913/2390/2451
f 2916/2393/2454 2915/2392/2453 2912/2389/2450
f 2915/2392/2453 2916/2393/2454 2917/2394/2455
f 2917/2394/2455 2918/2395/2455 2915/2392/2453
f 2918/2395/2455 2919/2396/2455 2915/2392/2453
f 2919/2396/2455 2920/2397/2455 2915/2392/2453
f 2920/2397/2455 2921/2398/2456 2915/2392/2453
f 2915/2392/2453 2922/2399/2070 2913/2390/2451
f 2921/2398/2456 2922/2399/2070 2915/2392/2453
f 2923/2400/2457 2922/2399/2070 2921/2398/2456
f 2913/2390/2451 2922/2399/2070 2924/2401/2458
f 2925/2402/2459 2926/2403/2460 2927/2404/2461
f 2928/2405/2462 2929/2406/2463 2925/2402/2459
f 2930/2407/2464 2926/2403/2460 2925/2402/2459
f 2929/2406/2463 2930/2407/2464 2925/2402/2459
f 2930/2407/2464 2931/2408/2465 2926/2403/2460
f 2931/2408/2465 2932/2409/2466 2926/2403/2460
f 2932/2409/2466 2933/2410/2467 2926/2403/2460
f 2927/2404/2461 2926/2403/2460 2933/2410/2467
f 2933/2410/2467 2934/2411/2468 2927/2404/2461
f 2935/2412/2469 2933/2410/2467 2932/2409/2466
f 2927/2404/2461 2934/2411/2468 2936/2413/2470
f 2936/2413/2470 2937/2414/2471 2927/2404/2461
f 2925/2402/2459 2927/2404/2461 2937/2414/2471
f 2937/2414/2471 2938/2415/2472 2925/2402/2459
f 2938/2415/2472 2928/2405/2462 2925/2402/2459
f 2938/2415/2472 2939/2416/2473 2928/2405/2462
f 2937/2414/2471 2940/2417/2474 2938/2415/2472
f 2938/2415/2472 2940/2417/2474 2939/2416/2473
f 2939/2416/2473 2940/2417/2474 2941/2418/2475
f 2942/2419/2476 2941/2418/2475 2940/2417/2474
f 2943/2420/2477 2941/2418/2475 2942/2419/2476
f 2944/2421/2478 2945/2422/2479 2946/2423/2480
f 2945/2422/2479 2944/2421/2478 2947/2424/2481
f 2947/2424/2481 2944/2421/2478 2948/2425/2482
f 2948/2425/2482 2937/2414/2471 2936/2413/2470
f 2948/2425/2482 2949/2426/2483 2947/2424/2481
f 2936/2413/2470 2949/2426/2483 2948/2425/2482
f 2936/2413/2470 2934/2411/2468 2949/2426/2483
f 2940/2417/2474 2950/2427/2484 2942/2419/2476
f 2944/2421/2478 2950/2427/2484 2948/2425/2482
f 2948/2425/2482 2950/2427/2484 2937/2414/2471
f 2950/2427/2484 2940/2417/2474 2937/2414/2471
f 2951/2428/2485 2944/2421/2478 2946/2423/2480
f 2950/2427/2484 2944/2421/2478 2951/2428/2485
f 2942/2419/2476 2950/2427/2484 2951/2428/2485
f 2942/2419/2476 2951/2428/2485 2952/2429/2486
f 2943/2420/2477 2942/2419/2476 2952/2429/2486
f 2946/2423/2480 2953/2430/2487 2951/2428/2485
f 2952/2429/2486 2951/2428/2485 2953/2430/2487
f 2952/2429/2486 2953/2430/2487 2954/2431/2488
f 2943/2420/2477 2952/2429/2486 2955/2432/2489
f 2955/2432/2489 2952/2429/2486 2954/2431/2488
f 2955/2432/2489 2954/2431/2488 2956/2433/2490
f 2956/2433/2490 2954/2431/2488 2957/2434/2491
f 2957/2434/2491 2958/2435/2492 2956/2433/2490
f 2956/2433/2490 2958/2435/2492 2959/2436/2493
f 2960/2437/2494 2961/2438/2495 2958/2435/2492
f 2957/2434/2491 2960/2437/2494 2958/2435/2492
f 2962/2439/2496 2961/2438/2495 2960/2437/2494
f 2957/2434/2491 2954/2431/2488 2963/2440/2497
f 2957/2434/2491 2963/2440/2497 2960/2437/2494
f 2954/2431/2488 2953/2430/2487 2964/2441/2498
f 2963/2440/2497 2954/2431/2488 2964/2441/2498
f 2965/2442/2499 2964/2441/2498 2953/2430/2487
f 2965/2442/2499 2953/2430/2487 2946/2423/2480
f 2966/2443/2500 2965/2442/2499 2946/2423/2480
f 2946/2423/2480 2945/2422/2479 2966/2443/2500
f 2967/2444/2501 2963/2440/2497 2964/2441/2498
f 2967/2444/2501 2964/2441/2498 2965/2442/2499
f 2968/2445/2502 2967/2444/2501 2965/2442/2499
f 2968/2445/2502 2965/2442/2499 2966/2443/2500
f 2969/2446/2503 2967/2444/2501 2968/2445/2502
f 2945/2422/2479 2970/2447/2504 2966/2443/2500
f 2966/2443/2500 2970/2447/2504 2971/2448/2505
f 2966/2443/2500 2971/2448/2505 2968/2445/2502
f 2968/2445/2502 2971/2448/2505 2972/2449/2506
f 2968/2445/2502 2972/2449/2506 2969/2446/2503
f 2969/2446/2503 2972/2449/2506 2973/2450/2507
f 2969/2446/2503 2973/2450/2507 2974/2451/2508
f 2969/2446/2503 2974/2451/2508 2967/2444/2501
f 2967/2444/2501 2974/2451/2508 2975/2452/2509
f 2975/2452/2509 2963/2440/2497 2967/2444/2501
f 2960/2437/2494 2976/2453/2510 2962/2439/2496
f 2963/2440/2497 2975/2452/2509 2976/2453/2510
f 2960/2437/2494 2963/2440/2497 2976/2453/2510
f 2974/2451/2508 2973/2450/2507 2977/2454/2511
f 2974/2451/2508 2977/2454/2511 2978/2455/2512
f 2978/2455/2512 2977/2454/2511 2979/2456/2513
f 2975/2452/2509 2974/2451/2508 2980/2457/2514
f 2976/2453/2510 2975/2452/2509 2980/2457/2514
f 2980/2457/2514 2974/2451/2508 2978/2455/2512
f 2962/2439/2496 2976/2453/2510 2981/2458/2515
f 2976/2453/2510 2980/2457/2514 2981/2458/2515
f 2981/2458/2515 2980/2457/2514 2982/2459/2516
f 2980/2457/2514 2978/2455/2512 2982/2459/2516
f 2978/2455/2512 2979/2456/2513 2983/2460/2517
f 2982/2459/2516 2978/2455/2512 2983/2460/2517
f 2983/2460/2517 2979/2456/2513 2984/2461/2518
f 2983/2460/2517 2984/2461/2518 2985/2462/2519
f 2985/2462/2519 2984/2461/2518 2986/2463/2520
f 2987/2464/2521 2983/2460/2517 2985/2462/2519
f 2982/2459/2516 2983/2460/2517 2987/2464/2521
f 2988/2465/2522 2982/2459/2516 2987/2464/2521
f 2981/2458/2515 2982/2459/2516 2988/2465/2522
f 2989/2466/2523 2981/2458/2515 2988/2465/2522
f 2962/2439/2496 2981/2458/2515 2989/2466/2523
f 2990/2467/2524 2962/2439/2496 2989/2466/2523
f 2961/2438/2495 2962/2439/2496 2990/2467/2524
f 2991/2468/2525 2992/2469/2525 2993/2470/2525
f 2993/2470/2525 2992/2469/2525 2994/2471/2525
f 2995/2472/2526 2996/2473/2527 2997/2474/2528
f 2997/2474/2528 2996/2473/2527 2998/2475/2529
f 2998/2475/2529 2996/2473/2527 2999/2476/2530
f 2998/2475/2529 2999/2476/2530 3000/2477/2531
f 3000/2477/2531 3001/2478/2532 2998/2475/2529
f 2998/2475/2529 3001/2478/2532 3002/2470/2533
f 3002/2470/2533 3001/2478/2532 3003/2468/2534
f 3004/2479/2535 3005/2480/2535 3006/2481/2535
f 3006/2481/2535 3005/2480/2535 3007/2482/2535
f 3008/2483/496 3009/2484/496 3010/2485/496
f 3011/2481/496 3012/2482/496 3009/2484/496
f 3010/2485/496 3009/2484/496 3013/2486/496
f 3009/2484/496 3012/2482/496 3013/2486/496
f 3013/2486/496 3014/2487/496 3010/2485/496
f 3014/2487/496 3015/2488/496 3010/2485/496
f 3016/2489/496 3015/2488/496 3014/2487/496
f 3014/2487/496 3017/2490/496 3016/2489/496
f 3018/2491/496 3014/2487/496 3013/2486/496
f 3017/2490/496 3014/2487/496 3018/2491/496
f 3019/2492/496 3018/2491/496 3013/2486/496
f 3013/2486/496 3020/2493/496 3019/2492/496
f 3021/2494/2536 3022/2495/2537 3020/2493/496
f 3023/2496/496 3020/2493/496 3013/2486/496
f 3021/2494/2536 3020/2493/496 3023/2496/496
f 3024/2497/496 3023/2496/496 3013/2486/496
f 3025/2498/496 3024/2497/496 3013/2486/496
f 3013/2486/496 3012/2482/496 3026/2499/496
f 3025/2498/496 3013/2486/496 3026/2499/496
f 3019/2492/496 3020/2493/496 3027/2500/496
f 3020/2493/496 3022/2495/2537 3028/2501/496
f 3028/2501/496 3027/2500/496 3020/2493/496
f 3028/2501/496 3022/2495/2537 3029/2502/496
f 3030/2503/496 3029/2502/496 3022/2495/2537
f 3031/2504/2538 3030/2503/496 3022/2495/2537
f 3032/2505/2539 3033/2506/2540 3034/2507/2539
f 3035/2508/2539 3033/2506/2540 3032/2505/2539
f 3035/2508/2539 3036/2509/2541 3033/2506/2540
f 3033/2506/2540 3036/2509/2541 3037/2510/2542
f 3037/2510/2542 3036/2509/2541 3038/2511/2543
f 3038/2511/2543 3036/2509/2541 3039/2512/2544
f 3039/2512/2544 3040/2513/2545 3038/2511/2543
f 3039/2512/2544 3041/2514/2546 3040/2513/2545
f 3042/2515/2547 3041/2514/2546 3039/2512/2544
f 3043/2516/2548 3044/2517/2549 3045/2518/2550
f 3045/2518/2550 3044/2517/2549 3046/2519/2551
f 3045/2518/2550 3046/2519/2551 3047/2520/2552
f 3047/2520/2552 3046/2519/2551 3048/2521/2553
f 3049/2522/2554 3050/2523/2555 3051/2524/2556
f 3052/2525/2557 3050/2523/2555 3049/2522/2554
f 3049/2522/2554 3053/2526/2558 3052/2525/2557
f 3052/2525/2557 3053/2526/2558 3054/2527/2559
f 3053/2526/2558 3055/2528/2560 3054/2527/2559
f 3054/2527/2559 3055/2528/2560 3056/2529/2561
f 3043/2516/2548 3057/2530/2562 3044/2517/2549
f 3057/2530/2562 3056/2529/2561 3055/2528/2560
f 3058/2531/2563 3057/2530/2562 3043/2516/2548
f 3058/2531/2563 3056/2529/2561 3057/2530/2562
f 3059/2532/2564 3060/2533/2565 3061/2534/2565
f 3062/2535/2565 3060/2533/2565 3059/2532/2564
f 3063/2536/2566 3062/2535/2565 3059/2532/2564
f 3063/2536/2566 3059/2532/2564 3064/2537/2567
f 3064/2537/2567 3059/2532/2564 3065/2538/1914
f 3066/2539/2568 3064/2537/2567 3065/2538/1914
f 3067/2540/2569 3064/2537/2567 3066/2539/2568
f 3051/2524/2556 3068/2541/2570 3066/2539/2568
f 3051/2524/2556 3050/2523/2555 3068/2541/2570
f 3066/2539/2568 3068/2541/2570 3067/2540/2569
f 3069/2542/2571 3070/2543/2571 3071/2544/2572
f 3069/2542/2571 3071/2544/2572 3072/2545/2573
f 3071/2544/2572 3073/2546/2574 3072/2545/2573
f 3072/2545/2573 3073/2546/2574 3074/2547/2575
f 3074/2547/2575 3073/2546/2574 3075/2548/2576
f 3075/2548/2576 3073/2546/2574 3076/2549/2577
f 3075/2548/2576 3076/2549/2577 3077/2550/2578
f 3077/2550/2578 3076/2549/2577 3078/2551/2579
f 3078/2551/2579 3076/2549/2577 3079/2552/2580
f 3079/2552/2580 3076/2549/2577 3080/2553/2581
f 3080/2553/2581 3076/2549/2577 3081/2554/2581
f 3080/2553/2581 3081/2554/2581 3082/2555/2582
f 3083/2480/2583 3084/2556/2583 3085/2482/2583
f 3085/2482/2583 3084/2556/2583 3086/2499/2583
f 3087/2557/2584 3086/2499/2583 3084/2556/2583
f 3088/2498/994 3086/2499/2583 3087/2557/2584
f 3087/2557/2584 3089/2558/2585 3088/2498/994
f 3088/2498/994 3089/2558/2585 3090/2497/2586
f 3091/2559/2587 3090/2497/2586 3089/2558/2585
f 3092/2496/2588 3090/2497/2586 3091/2559/2587
f 3091/2559/2587 3093/2560/2535 3092/2496/2588
f 3092/2496/2588 3093/2560/2535 3094/2494/2535
f 3095/2561/2589 3096/2562/2590 3097/2563/2591
f 3098/2564/2592 3096/2562/2590 3095/2561/2589
f 3099/2565/2593 3098/2564/2592 3095/2561/2589
f 3100/2566/2594 3098/2564/2592 3099/2565/2593
f 3101/2567/2595 3100/2566/2594 3099/2565/2593
f 3102/2568/2596 3100/2566/2594 3101/2567/2595
f 3101/2567/2595 3099/2565/2593 3103/2569/2597
f 3103/2569/2597 3099/2565/2593 3104/2570/2598
f 3099/2565/2593 3095/2561/2589 3104/2570/2598
f 3104/2570/2598 3095/2561/2589 3105/2571/2599
f 3095/2561/2589 3097/2563/2591 3105/2571/2599
f 3105/2571/2599 3097/2563/2591 3106/2572/2600
f 3097/2563/2591 3107/2573/2601 3106/2572/2600
f 3096/2562/2590 3108/2574/2602 3097/2563/2591
f 3097/2563/2591 3108/2574/2602 3107/2573/2601
f 3096/2562/2590 3109/2575/2603 3108/2574/2602
f 3103/2569/2597 3104/2570/2598 3110/2576/2604
f 3111/2577/2603 3112/2578/2603 3109/2575/2603
f 3109/2575/2603 3112/2578/2603 3108/2574/2602
f 3112/2578/2603 3113/2579/2605 3108/2574/2602
f 3108/2574/2602 3113/2579/2605 3107/2573/2601
f 3107/2573/2601 3113/2579/2605 3114/2580/2606
f 3106/2572/2600 3107/2573/2601 3115/2581/2607
f 3107/2573/2601 3114/2580/2606 3115/2581/2607
f 3115/2581/2607 3116/2582/2608 3106/2572/2600
f 3116/2582/2608 3105/2571/2599 3106/2572/2600
f 3117/2583/2609 3104/2570/2598 3105/2571/2599
f 3117/2583/2609 3105/2571/2599 3116/2582/2608
f 3118/2584/2603 3113/2579/2605 3112/2578/2603
f 3119/2585/2610 3120/2586/2611 3121/2587/2612
f 3120/2586/2611 3110/2576/2604 3122/2588/2613
f 3110/2576/2604 3104/2570/2598 3122/2588/2613
f 3122/2588/2613 3104/2570/2598 3117/2583/2609
f 3121/2587/2612 3122/2588/2613 3117/2583/2609
f 3120/2586/2611 3122/2588/2613 3121/2587/2612
f 3116/2582/2608 3123/2589/2614 3117/2583/2609
f 3117/2583/2609 3123/2589/2614 3121/2587/2612
f 3116/2582/2608 3124/2590/2615 3123/2589/2614
f 3124/2590/2615 3116/2582/2608 3115/2581/2607
f 3115/2581/2607 3125/2591/2616 3124/2590/2615
f 3115/2581/2607 3114/2580/2606 3126/2592/2617
f 3126/2592/2617 3125/2591/2616 3115/2581/2607
f 3123/2589/2614 3124/2590/2615 3127/2593/2618
f 3128/2594/2619 3121/2587/2612 3123/2589/2614
f 3119/2585/2610 3121/2587/2612 3128/2594/2619
f 3129/2595/2620 3123/2589/2614 3127/2593/2618
f 3128/2594/2619 3123/2589/2614 3129/2595/2620
f 3127/2593/2618 3130/2596/2621 3129/2595/2620
f 3124/2590/2615 3131/2597/2622 3127/2593/2618
f 3125/2591/2616 3131/2597/2622 3124/2590/2615
f 3131/2597/2622 3130/2596/2621 3127/2593/2618
f 3130/2596/2621 3132/2598/2623 3129/2595/2620
f 3129/2595/2620 3132/2598/2623 3133/2599/2624
f 3132/2598/2623 3134/2600/2625 3133/2599/2624
f 3133/2599/2624 3128/2594/2619 3129/2595/2620
f 3135/2601/2626 3136/2602/2627 3137/2603/2628
f 3138/2604/2629 3137/2603/2628 3136/2602/2627
f 3139/2605/2630 3138/2604/2629 3136/2602/2627
f 3140/2606/2631 3138/2604/2629 3139/2605/2630
f 3133/2599/2624 3134/2600/2625 3141/2607/2632
f 3141/2607/2632 3140/2606/2631 3139/2605/2630
f 3134/2600/2625 3140/2606/2631 3141/2607/2632
f 3142/2608/2633 3128/2594/2619 3133/2599/2624
f 3142/2608/2633 3119/2585/2610 3128/2594/2619
f 3133/2599/2624 3141/2607/2632 3142/2608/2633
f 3136/2602/2627 3143/2609/2634 3144/2610/2635
f 3136/2602/2627 3144/2610/2635 3139/2605/2630
f 3145/2611/2636 3141/2607/2632 3139/2605/2630
f 3139/2605/2630 3144/2610/2635 3145/2611/2636
f 3142/2608/2633 3141/2607/2632 3146/2612/2637
f 3146/2612/2637 3141/2607/2632 3145/2611/2636
f 3146/2612/2637 3147/2613/2638 3142/2608/2633
f 3147/2613/2638 3119/2585/2610 3142/2608/2633
f 3119/2585/2610 3147/2613/2638 3148/2614/2639
f 3148/2614/2639 3120/2586/2611 3119/2585/2610
f 3149/2615/2640 3147/2613/2638 3146/2612/2637
f 3145/2611/2636 3150/2616/2641 3146/2612/2637
f 3150/2616/2641 3149/2615/2640 3146/2612/2637
f 3144/2610/2635 3151/2617/2642 3145/2611/2636
f 3151/2617/2642 3150/2616/2641 3145/2611/2636
f 3152/2618/2643 3151/2617/2642 3144/2610/2635
f 3153/2619/2644 3144/2610/2635 3143/2609/2634
f 3152/2618/2643 3144/2610/2635 3153/2619/2644
f 3153/2619/2644 3143/2609/2634 3154/2620/2645
f 3154/2620/2645 3143/2609/2634 3155/2621/2646
f 3156/2622/2647 3157/2623/2648 3155/2621/2646
f 3135/2601/2626 3156/2622/2647 3158/2624/2649
f 3158/2624/2649 3136/2602/2627 3135/2601/2626
f 3156/2622/2647 3155/2621/2646 3158/2624/2649
f 3158/2624/2649 3155/2621/2646 3143/2609/2634
f 3158/2624/2649 3143/2609/2634 3136/2602/2627
f 3155/2621/2646 3157/2623/2648 3159/2625/2650
f 3157/2623/2648 3160/2626/2651 3159/2625/2650
f 3161/2627/2652 3160/2626/2651 3157/2623/2648
f 3162/2628/2653 3161/2627/2652 3157/2623/2648
f 3163/2629/2654 3156/2622/2647 3135/2601/2626
f 3163/2629/2654 3157/2623/2648 3156/2622/2647
f 3162/2628/2653 3157/2623/2648 3163/2629/2654
f 3164/2630/2655 3155/2621/2646 3159/2625/2650
f 3154/2620/2645 3155/2621/2646 3164/2630/2655
f 3165/2631/2656 3159/2625/2650 3160/2626/2651
f 3164/2630/2655 3159/2625/2650 3165/2631/2656
f 3165/2631/2656 3160/2626/2651 3166/2632/2657
f 3166/2632/2657 3160/2626/2651 3167/2633/2658
f 3161/2627/2652 3167/2633/2658 3160/2626/2651
f 3168/2634/2659 3167/2633/2658 3161/2627/2652
f 3169/2635/2660 3161/2627/2652 3162/2628/2653
f 3169/2635/2660 3168/2634/2659 3161/2627/2652
f 3170/2636/2661 3168/2634/2659 3169/2635/2660
f 3171/2637/496 3172/2638/2662 3173/2639/2663
f 3174/2640/2664 3171/2637/496 3173/2639/2663
f 3175/2641/2665 3173/2639/2663 3149/2615/2640
f 3174/2640/2664 3173/2639/2663 3175/2641/2665
f 3175/2641/2665 3149/2615/2640 3150/2616/2641
f 3176/2642/496 3171/2637/496 3174/2640/2664
f 3177/2643/2666 3149/2615/2640 3173/2639/2663
f 3173/2639/2663 3172/2638/2662 3177/2643/2666
f 3148/2614/2639 3147/2613/2638 3177/2643/2666
f 3147/2613/2638 3149/2615/2640 3177/2643/2666
f 3177/2643/2666 3178/2644/496 3148/2614/2639
f 3172/2638/2662 3178/2644/496 3177/2643/2666
f 3178/2644/496 3179/2645/496 3148/2614/2639
f 3148/2614/2639 3179/2645/496 3120/2586/2611
f 3179/2645/496 3110/2576/2604 3120/2586/2611
f 3180/2646/2667 3181/2647/2668 3182/2648/426
f 3180/2646/2667 3183/2649/2669 3181/2647/2668
f 3184/2650/2670 3183/2649/2669 3180/2646/2667
f 3184/2650/2670 3185/2651/2671 3183/2649/2669
f 3186/2652/2672 3185/2651/2671 3184/2650/2670
f 3186/2652/2672 3187/2653/2673 3185/2651/2671
f 3185/2651/2671 3187/2653/2673 3188/2654/2674
f 3188/2654/2674 3189/2655/2675 3185/2651/2671
f 3185/2651/2671 3189/2655/2675 3190/2656/2676
f 3190/2656/2676 3191/2657/2677 3185/2651/2671
f 3185/2651/2671 3191/2657/2677 3183/2649/2669
f 3183/2649/2669 3191/2657/2677 3181/2647/2668
f 3181/2647/2668 3191/2657/2677 3192/2658/2678
f 3181/2647/2668 3192/2658/2678 3193/2659/2679
f 3182/2648/426 3181/2647/2668 3193/2659/2679
f 3193/2659/2679 3192/2658/2678 3194/2660/2680
f 3194/2660/2680 3195/2661/2681 3193/2659/2679
f 3193/2659/2679 3195/2661/2681 3196/2662/2682
f 3195/2661/2681 3197/2663/2683 3196/2662/2682
f 3198/2664/2684 3197/2663/2683 3195/2661/2681
f 3198/2664/2684 3199/2665/2685 3197/2663/2683
f 3197/2663/2683 3199/2665/2685 3200/2666/2686
f 3200/2666/2686 3201/2667/2687 3197/2663/2683
f 3197/2663/2683 3201/2667/2687 3202/2668/2688
f 3202/2668/2688 3196/2662/2682 3197/2663/2683
f 3203/2669/2689 3193/2659/2679 3196/2662/2682
f 3203/2669/2689 3196/2662/2682 3202/2668/2688
f 3182/2648/426 3193/2659/2679 3203/2669/2689
f 3204/2578/2690 3205/2579/2691 3206/2584/2692
f 3207/2577/2693 3208/2575/2694 3204/2578/2690
f 3209/2574/2695 3205/2579/2691 3204/2578/2690
f 3204/2578/2690 3208/2575/2694 3209/2574/2695
f 3210/2573/2696 3205/2579/2691 3209/2574/2695
f 3211/2580/2697 3205/2579/2691 3210/2573/2696
f 3212/2581/2698 3211/2580/2697 3210/2573/2696
f 3213/2592/2699 3211/2580/2697 3212/2581/2698
f 3212/2581/2698 3214/2591/2700 3213/2592/2699
f 3215/2590/2701 3214/2591/2700 3212/2581/2698
f 3215/2590/2701 3216/2597/2702 3214/2591/2700
f 3215/2590/2701 3212/2581/2698 3217/2582/2703
f 3218/2589/2704 3215/2590/2701 3217/2582/2703
f 3217/2582/2703 3212/2581/2698 3219/2572/2705
f 3212/2581/2698 3210/2573/2696 3219/2572/2705
f 3210/2573/2696 3209/2574/2695 3220/2563/2706
f 3219/2572/2705 3210/2573/2696 3220/2563/2706
f 3219/2572/2705 3221/2571/2707 3217/2582/2703
f 3219/2572/2705 3220/2563/2706 3221/2571/2707
f 3222/2583/2708 3218/2589/2704 3217/2582/2703
f 3217/2582/2703 3221/2571/2707 3222/2583/2708
f 3223/2587/2709 3218/2589/2704 3222/2583/2708
f 3218/2589/2704 3223/2587/2709 3224/2594/2710
f 3224/2594/2710 3223/2587/2709 3225/2585/2711
f 3224/2594/2710 3225/2585/2711 3226/2608/2712
f 3227/2565/2713 3228/2564/2714 3229/2566/2715
f 3230/2561/2716 3228/2564/2714 3227/2565/2713
f 3221/2571/2707 3220/2563/2706 3230/2561/2716
f 3209/2574/2695 3208/2575/2694 3231/2562/2717
f 3220/2563/2706 3231/2562/2717 3230/2561/2716
f 3220/2563/2706 3209/2574/2695 3231/2562/2717
f 3230/2561/2716 3231/2562/2717 3228/2564/2714
f 3221/2571/2707 3230/2561/2716 3232/2570/2718
f 3221/2571/2707 3232/2570/2718 3222/2583/2708
f 3232/2570/2718 3230/2561/2716 3227/2565/2713
f 3222/2583/2708 3233/2588/2719 3223/2587/2709
f 3222/2583/2708 3232/2570/2718 3233/2588/2719
f 3227/2565/2713 3229/2566/2715 3234/2567/2720
f 3234/2567/2720 3229/2566/2715 3235/2568/2721
f 3236/2569/2722 3227/2565/2713 3234/2567/2720
f 3232/2570/2718 3227/2565/2713 3236/2569/2722
f 3237/2576/2723 3232/2570/2718 3236/2569/2722
f 3233/2588/2719 3232/2570/2718 3237/2576/2723
f 3233/2588/2719 3237/2576/2723 3238/2586/2724
f 3223/2587/2709 3233/2588/2719 3238/2586/2724
f 3239/2614/2725 3223/2587/2709 3238/2586/2724
f 3225/2585/2711 3223/2587/2709 3239/2614/2725
f 3238/2586/2724 3240/2645/2726 3239/2614/2725
f 3238/2586/2724 3237/2576/2723 3240/2645/2726
f 3239/2614/2725 3240/2645/2726 3241/2644/2727
f 3239/2614/2725 3241/2644/2727 3242/2643/2728
f 3242/2643/2728 3243/2613/2729 3239/2614/2725
f 3239/2614/2725 3243/2613/2729 3225/2585/2711
f 3226/2608/2712 3225/2585/2711 3243/2613/2729
f 3242/2643/2728 3244/2615/2730 3243/2613/2729
f 3245/2612/2731 3243/2613/2729 3244/2615/2730
f 3226/2608/2712 3243/2613/2729 3245/2612/2731
f 3245/2612/2731 3244/2615/2730 3246/2616/2732
f 3245/2612/2731 3246/2616/2732 3247/2611/2733
f 3247/2611/2733 3246/2616/2732 3248/2617/2734
f 3246/2616/2732 3244/2615/2730 3249/2641/2735
f 3244/2615/2730 3250/2639/2736 3249/2641/2735
f 3250/2639/2736 3244/2615/2730 3242/2643/2728
f 3242/2643/2728 3251/2638/2737 3250/2639/2736
f 3242/2643/2728 3241/2644/2727 3251/2638/2737
f 3250/2639/2736 3251/2638/2737 3252/2637/2738
f 3250/2639/2736 3252/2637/2738 3253/2640/2739
f 3249/2641/2735 3250/2639/2736 3253/2640/2739
f 3253/2640/2739 3252/2637/2738 3254/2642/2740
f 3247/2611/2733 3255/2607/2741 3245/2612/2731
f 3245/2612/2731 3255/2607/2741 3226/2608/2712
f 3256/2605/2742 3255/2607/2741 3247/2611/2733
f 3247/2611/2733 3248/2617/2734 3257/2610/2743
f 3247/2611/2733 3257/2610/2743 3256/2605/2742
f 3256/2605/2742 3257/2610/2743 3258/2602/2744
f 3257/2610/2743 3259/2609/2745 3258/2602/2744
f 3258/2602/2744 3259/2609/2745 3260/2624/2746
f 3261/2593/2747 3215/2590/2701 3218/2589/2704
f 3261/2593/2747 3216/2597/2702 3215/2590/2701
f 3262/2595/2748 3218/2589/2704 3224/2594/2710
f 3261/2593/2747 3218/2589/2704 3262/2595/2748
f 3226/2608/2712 3255/2607/2741 3263/2599/2749
f 3263/2599/2749 3224/2594/2710 3226/2608/2712
f 3262/2595/2748 3224/2594/2710 3263/2599/2749
f 3255/2607/2741 3264/2600/2750 3263/2599/2749
f 3256/2605/2742 3265/2606/2750 3255/2607/2741
f 3255/2607/2741 3265/2606/2750 3264/2600/2750
f 3256/2605/2742 3266/2604/2751 3265/2606/2750
f 3258/2602/2744 3266/2604/2751 3256/2605/2742
f 3263/2599/2749 3264/2600/2750 3267/2598/2752
f 3263/2599/2749 3267/2598/2752 3262/2595/2748
f 3261/2593/2747 3268/2596/2753 3216/2597/2702
f 3262/2595/2748 3267/2598/2752 3268/2596/2753
f 3262/2595/2748 3268/2596/2753 3261/2593/2747
f 3269/2601/2754 3258/2602/2744 3260/2624/2746
f 3260/2624/2746 3270/2622/2755 3269/2601/2754
f 3269/2601/2754 3270/2622/2755 3271/2629/2756
f 3258/2602/2744 3272/2603/2757 3266/2604/2751
f 3272/2603/2757 3258/2602/2744 3269/2601/2754
f 3266/2604/2751 3272/2603/2757 3273/2670/2758
f 3272/2603/2757 3274/2671/2759 3273/2670/2758
f 3273/2670/2758 3274/2671/2759 3275/2672/2760
f 3260/2624/2746 3276/2621/2761 3270/2622/2755
f 3259/2609/2745 3276/2621/2761 3260/2624/2746
f 3270/2622/2755 3277/2623/2762 3271/2629/2756
f 3276/2621/2761 3277/2623/2762 3270/2622/2755
f 3271/2629/2756 3277/2623/2762 3278/2628/2763
f 3277/2623/2762 3279/2627/2764 3278/2628/2763
f 3278/2628/2763 3279/2627/2764 3280/2635/2765
f 3279/2627/2764 3281/2634/2766 3280/2635/2765
f 3280/2635/2765 3281/2634/2766 3282/2636/2767
f 3277/2623/2762 3283/2626/2768 3279/2627/2764
f 3284/2625/2769 3283/2626/2768 3277/2623/2762
f 3284/2625/2769 3277/2623/2762 3276/2621/2761
f 3283/2626/2768 3284/2625/2769 3285/2631/2770
f 3286/2632/2771 3283/2626/2768 3285/2631/2770
f 3283/2626/2768 3287/2633/2772 3279/2627/2764
f 3279/2627/2764 3287/2633/2772 3281/2634/2766
f 3287/2633/2772 3283/2626/2768 3286/2632/2771
f 3288/2618/2773 3259/2609/2745 3257/2610/2743
f 3257/2610/2743 3248/2617/2734 3288/2618/2773
f 3289/2619/2774 3259/2609/2745 3288/2618/2773
f 3289/2619/2774 3276/2621/2761 3259/2609/2745
f 3290/2620/2775 3276/2621/2761 3289/2619/2774
f 3284/2625/2769 3276/2621/2761 3291/2630/2776
f 3285/2631/2770 3284/2625/2769 3291/2630/2776
f 3291/2630/2776 3276/2621/2761 3290/2620/2775
f 3098/2564/2592 3292/2673/2603 3096/2562/2590
f 3292/2673/2603 3109/2575/2603 3096/2562/2590
f 3293/2674/2603 3292/2673/2603 3098/2564/2592
f 3100/2566/2594 3293/2674/2603 3098/2564/2592
f 3294/2675/2603 3293/2674/2603 3100/2566/2594
f 3295/2676/2596 3294/2675/2603 3100/2566/2594
f 3296/2670/2759 3297/2671/2777 3137/2603/2628
f 3296/2670/2759 3137/2603/2628 3138/2604/2629
f 3298/2672/2759 3297/2671/2777 3296/2670/2759
f 3299/2677/2778 3300/2678/2779 3301/2679/2780
f 3299/2677/2778 3301/2679/2780 3302/2680/2781
f 3302/2680/2781 3301/2679/2780 3303/2681/2782
f 3302/2680/2781 3303/2681/2782 3304/2682/2783
f 3304/2682/2783 3303/2681/2782 3305/2683/2784
f 3304/2682/2783 3305/2683/2784 3306/2684/2785
f 3301/2679/2780 3307/2685/496 3303/2681/2782
f 3303/2681/2782 3307/2685/496 3305/2683/2784
f 3301/2679/2780 3300/2678/2779 3308/2686/496
f 3308/2686/496 3307/2685/496 3301/2679/2780
f 3308/2686/496 3300/2678/2779 3309/2687/496
f 3300/2678/2779 3310/2688/496 3309/2687/496
f 3311/2689/2786 3310/2688/496 3300/2678/2779
f 3311/2689/2786 3312/2690/2787 3310/2688/496
f 3310/2688/496 3312/2690/2787 3313/2691/496
f 3306/2684/2785 3305/2683/2784 3314/2692/2788
f 3314/2692/2788 3305/2683/2784 3315/2693/496
f 3315/2693/496 3305/2683/2784 3316/2694/496
f 3305/2683/2784 3307/2685/496 3316/2694/496
f 3317/2695/2789 3318/2696/2790 3319/2697/2791
f 3299/2677/2778 3320/2698/2792 3317/2695/2789
f 3302/2680/2781 3320/2698/2792 3299/2677/2778
f 3302/2680/2781 3304/2682/2783 3320/2698/2792
f 3320/2698/2792 3318/2696/2790 3317/2695/2789
f 3320/2698/2792 3304/2682/2783 3321/2699/2793
f 3320/2698/2792 3321/2699/2793 3318/2696/2790
f 3306/2684/2785 3322/2700/2794 3304/2682/2783
f 3304/2682/2783 3322/2700/2794 3321/2699/2793
f 3306/2684/2785 3323/2701/2795 3322/2700/2794
f 3314/2692/2788 3324/2702/2796 3306/2684/2785
f 3324/2702/2796 3323/2701/2795 3306/2684/2785
f 3325/2703/2797 3324/2702/2796 3314/2692/2788
f 3315/2693/496 3325/2703/2797 3314/2692/2788
f 3326/2704/496 3325/2703/2797 3315/2693/496
f 3327/2705/2798 3322/2700/2794 3323/2701/2795
f 3322/2700/2794 3328/2706/2799 3321/2699/2793
f 3328/2706/2799 3322/2700/2794 3327/2705/2798
f 3318/2696/2790 3321/2699/2793 3329/2707/2800
f 3321/2699/2793 3328/2706/2799 3329/2707/2800
f 3330/2708/2801 3311/2689/2786 3300/2678/2779
f 3330/2708/2801 3300/2678/2779 3299/2677/2778
f 3317/2695/2789 3330/2708/2801 3299/2677/2778
f 3331/2709/2802 3330/2708/2801 3317/2695/2789
f 3332/2710/2803 3330/2708/2801 3331/2709/2802
f 3333/2711/2804 3311/2689/2786 3330/2708/2801
f 3333/2711/2804 3330/2708/2801 3332/2710/2803
f 3333/2711/2804 3334/2712/2805 3311/2689/2786
f 3311/2689/2786 3334/2712/2805 3312/2690/2787
f 3332/2710/2803 3335/2713/2806 3333/2711/2804
f 3333/2711/2804 3335/2713/2806 3334/2712/2805
f 3332/2710/2803 3336/2714/2807 3335/2713/2806
f 3337/2715/2808 3336/2714/2807 3332/2710/2803
f 3331/2709/2802 3337/2715/2808 3332/2710/2803
f 3338/2716/2809 3317/2695/2789 3319/2697/2791
f 3338/2716/2809 3337/2715/2808 3331/2709/2802
f 3331/2709/2802 3317/2695/2789 3338/2716/2809
f 3339/2688/496 3340/2690/2797 3341/2691/496
f 3342/2682/2810 3343/2683/2811 3344/2684/2812
f 3342/2682/2810 3345/2681/2813 3343/2683/2811
f 3345/2681/2813 3346/2685/496 3343/2683/2811
f 3347/2679/2814 3346/2685/496 3345/2681/2813
f 3348/2686/496 3346/2685/496 3347/2679/2814
f 3347/2679/2814 3349/2678/2815 3348/2686/496
f 3348/2686/496 3349/2678/2815 3350/2687/496
f 3349/2678/2815 3339/2688/496 3350/2687/496
f 3351/2689/2816 3340/2690/2797 3339/2688/496
f 3351/2689/2816 3339/2688/496 3349/2678/2815
f 3352/2677/2817 3349/2678/2815 3347/2679/2814
f 3352/2677/2817 3347/2679/2814 3353/2680/2818
f 3353/2680/2818 3347/2679/2814 3345/2681/2813
f 3353/2680/2818 3345/2681/2813 3342/2682/2810
f 3353/2680/2818 3342/2682/2810 3354/2698/2819
f 3353/2680/2818 3354/2698/2819 3352/2677/2817
f 3352/2677/2817 3354/2698/2819 3355/2695/2820
f 3355/2695/2820 3356/2708/2821 3352/2677/2817
f 3356/2708/2821 3351/2689/2816 3349/2678/2815
f 3356/2708/2821 3349/2678/2815 3352/2677/2817
f 3357/2709/2822 3356/2708/2821 3355/2695/2820
f 3358/2710/2823 3356/2708/2821 3357/2709/2822
f 3359/2711/2824 3356/2708/2821 3358/2710/2823
f 3359/2711/2824 3351/2689/2816 3356/2708/2821
f 3359/2711/2824 3360/2712/2825 3351/2689/2816
f 3351/2689/2816 3360/2712/2825 3340/2690/2797
f 3358/2710/2823 3361/2713/2826 3359/2711/2824
f 3359/2711/2824 3361/2713/2826 3360/2712/2825
f 3358/2710/2823 3362/2714/2827 3361/2713/2826
f 3363/2715/2828 3362/2714/2827 3358/2710/2823
f 3357/2709/2822 3363/2715/2828 3358/2710/2823
f 3357/2709/2822 3355/2695/2820 3364/2716/2829
f 3364/2716/2829 3363/2715/2828 3357/2709/2822
f 3364/2716/2829 3355/2695/2820 3365/2697/2830
f 3355/2695/2820 3366/2696/2831 3365/2697/2830
f 3354/2698/2819 3366/2696/2831 3355/2695/2820
f 3354/2698/2819 3367/2699/2832 3366/2696/2831
f 3354/2698/2819 3342/2682/2810 3367/2699/2832
f 3344/2684/2812 3368/2700/2833 3342/2682/2810
f 3342/2682/2810 3368/2700/2833 3367/2699/2832
f 3344/2684/2812 3369/2701/2834 3368/2700/2833
f 3370/2702/2835 3369/2701/2834 3344/2684/2812
f 3371/2692/2836 3370/2702/2835 3344/2684/2812
f 3344/2684/2812 3343/2683/2811 3371/2692/2836
f 3372/2703/2837 3370/2702/2835 3371/2692/2836
f 3371/2692/2836 3343/2683/2811 3373/2693/496
f 3373/2693/496 3372/2703/2837 3371/2692/2836
f 3374/2704/496 3372/2703/2837 3373/2693/496
f 3375/2705/2838 3368/2700/2833 3369/2701/2834
f 3376/2706/2839 3368/2700/2833 3375/2705/2838
f 3368/2700/2833 3376/2706/2839 3367/2699/2832
f 3367/2699/2832 3376/2706/2839 3377/2707/2840
f 3366/2696/2831 3367/2699/2832 3377/2707/2840
f 3373/2693/496 3343/2683/2811 3378/2694/496
f 3343/2683/2811 3346/2685/496 3378/2694/496
f 3379/2646/2841 3380/2647/2842 3381/2648/2843
f 3379/2646/2841 3382/2649/2844 3380/2647/2842
f 3383/2650/2845 3382/2649/2844 3379/2646/2841
f 3383/2650/2845 3384/2651/2846 3382/2649/2844
f 3385/2652/2847 3384/2651/2846 3383/2650/2845
f 3385/2652/2847 3386/2653/446 3384/2651/2846
f 3384/2651/2846 3386/2653/446 3387/2654/2848
f 3387/2654/2848 3388/2655/2849 3384/2651/2846
f 3384/2651/2846 3388/2655/2849 3389/2656/2850
f 3389/2656/2850 3390/2657/2851 3384/2651/2846
f 3384/2651/2846 3390/2657/2851 3382/2649/2844
f 3382/2649/2844 3390/2657/2851 3380/2647/2842
f 3380/2647/2842 3390/2657/2851 3391/2658/2852
f 3380/2647/2842 3391/2658/2852 3392/2659/2853
f 3381/2648/2843 3380/2647/2842 3392/2659/2853
f 3392/2659/2853 3391/2658/2852 3393/2660/2854
f 3393/2660/2854 3394/2661/2855 3392/2659/2853
f 3392/2659/2853 3394/2661/2855 3395/2662/2856
f 3394/2661/2855 3396/2663/2857 3395/2662/2856
f 3397/2664/2858 3396/2663/2857 3394/2661/2855
f 3397/2664/2858 3398/2665/2859 3396/2663/2857
f 3396/2663/2857 3398/2665/2859 3399/2666/2860
f 3399/2666/2860 3400/2667/2861 3396/2663/2857
f 3396/2663/2857 3400/2667/2861 3401/2668/2862
f 3401/2668/2862 3395/2662/2856 3396/2663/2857
f 3402/2669/2863 3392/2659/2853 3395/2662/2856
f 3381/2648/2843 3392/2659/2853 3402/2669/2863
f 3402/2669/2863 3395/2662/2856 3401/2668/2862
f 3403/2717/2864 3404/2718/2865 3405/2719/2866
f 3403/2717/2864 3406/2720/2867 3404/2718/2865
f 3407/2721/2868 3406/2720/2867 3403/2717/2864
f 3406/2720/2867 3408/2722/771 3404/2718/2865
f 3404/2718/2865 3408/2722/771 3409/2723/771
f 3410/2724/771 3409/2723/771 3408/2722/771
f 3411/2725/771 3409/2723/771 3410/2724/771
f 3410/2724/771 3412/2726/2869 3411/2725/771
f 3412/2726/2869 3413/2727/2870 3411/2725/771
f 3412/2726/2869 3414/2728/2871 3413/2727/2870
f 3414/2728/2871 3415/2729/2872 3413/2727/2870
f 3416/2730/2873 3414/2728/2871 3412/2726/2869
f 3417/2731/2874 3416/2730/2873 3412/2726/2869
f 3417/2731/2874 3412/2726/2869 3410/2724/771
f 3418/2732/771 3417/2731/2874 3410/2724/771
f 3408/2722/771 3418/2732/771 3410/2724/771
f 3406/2720/2867 3419/2733/771 3408/2722/771
f 3419/2733/771 3418/2732/771 3408/2722/771
f 3420/2734/2875 3419/2733/771 3406/2720/2867
f 3407/2721/2868 3420/2734/2875 3406/2720/2867
f 3419/2733/771 3420/2734/2875 3418/2732/771
f 3421/2735/2876 3420/2734/2875 3407/2721/2868
f 3420/2734/2875 3421/2735/2876 3422/2736/2877
f 3422/2736/2877 3417/2731/2874 3418/2732/771
f 3418/2732/771 3420/2734/2875 3422/2736/2877
f 3423/2737/2878 3416/2730/2873 3417/2731/2874
f 3422/2736/2877 3423/2737/2878 3417/2731/2874
f 3424/2738/2879 3423/2737/2878 3422/2736/2877
f 3422/2736/2877 3421/2735/2876 3424/2738/2879
f 3404/2718/2865 3409/2723/771 3425/2739/2880
f 3405/2719/2866 3404/2718/2865 3425/2739/2880
f 3425/2739/2880 3409/2723/771 3426/2740/771
f 3409/2723/771 3411/2725/771 3426/2740/771
f 3411/2725/771 3413/2727/2870 3427/2741/771
f 3426/2740/771 3411/2725/771 3427/2741/771
f 3413/2727/2870 3428/2742/771 3427/2741/771
f 3415/2729/2872 3428/2742/771 3413/2727/2870
f 3415/2729/2872 3429/2743/771 3428/2742/771
f 3430/2744/2881 3429/2743/771 3415/2729/2872
f 3430/2744/2881 3431/2745/2882 3429/2743/771
f 3429/2743/771 3431/2745/2882 3432/2746/771
f 3433/2747/2883 3432/2746/771 3431/2745/2882
f 3425/2739/2880 3433/2747/2883 3405/2719/2866
f 3432/2746/771 3434/2748/771 3429/2743/771
f 3434/2748/771 3432/2746/771 3433/2747/2883
f 3426/2740/771 3434/2748/771 3425/2739/2880
f 3426/2740/771 3427/2741/771 3434/2748/771
f 3434/2748/771 3427/2741/771 3428/2742/771
f 3425/2739/2880 3434/2748/771 3433/2747/2883
f 3429/2743/771 3434/2748/771 3428/2742/771
f 3435/2749/2884 3430/2744/2881 3415/2729/2872
f 3435/2749/2884 3415/2729/2872 3414/2728/2871
f 3436/2750/2885 3430/2744/2881 3435/2749/2884
f 3430/2744/2881 3437/2751/2886 3431/2745/2882
f 3436/2750/2885 3437/2751/2886 3430/2744/2881
f 3438/2752/2887 3431/2745/2882 3437/2751/2886
f 3433/2747/2883 3431/2745/2882 3438/2752/2887
f 3405/2719/2866 3433/2747/2883 3438/2752/2887
f 3439/2688/496 3440/2690/2888 3441/2691/496
f 3442/2682/2889 3443/2683/2890 3444/2684/2891
f 3442/2682/2889 3445/2681/2892 3443/2683/2890
f 3445/2681/2892 3446/2685/496 3443/2683/2890
f 3447/2679/2893 3446/2685/496 3445/2681/2892
f 3448/2686/496 3446/2685/496 3447/2679/2893
f 3447/2679/2893 3449/2678/2894 3448/2686/496
f 3448/2686/496 3449/2678/2894 3450/2687/496
f 3449/2678/2894 3439/2688/496 3450/2687/496
f 3451/2689/2895 3439/2688/496 3449/2678/2894
f 3451/2689/2895 3440/2690/2888 3439/2688/496
f 3452/2677/2896 3449/2678/2894 3447/2679/2893
f 3453/2680/2897 3445/2681/2892 3442/2682/2889
f 3452/2677/2896 3447/2679/2893 3453/2680/2897
f 3453/2680/2897 3447/2679/2893 3445/2681/2892
f 3453/2680/2897 3442/2682/2889 3454/2698/2898
f 3453/2680/2897 3454/2698/2898 3452/2677/2896
f 3452/2677/2896 3454/2698/2898 3455/2695/2899
f 3455/2695/2899 3456/2708/2900 3452/2677/2896
f 3456/2708/2900 3451/2689/2895 3449/2678/2894
f 3456/2708/2900 3449/2678/2894 3452/2677/2896
f 3457/2709/2901 3456/2708/2900 3455/2695/2899
f 3458/2710/2902 3456/2708/2900 3457/2709/2901
f 3459/2711/2903 3451/2689/2895 3456/2708/2900
f 3459/2711/2903 3456/2708/2900 3458/2710/2902
f 3459/2711/2903 3460/2712/2904 3451/2689/2895
f 3451/2689/2895 3460/2712/2904 3440/2690/2888
f 3458/2710/2902 3461/2713/2905 3459/2711/2903
f 3459/2711/2903 3461/2713/2905 3460/2712/2904
f 3458/2710/2902 3462/2714/2906 3461/2713/2905
f 3463/2715/2907 3462/2714/2906 3458/2710/2902
f 3457/2709/2901 3463/2715/2907 3458/2710/2902
f 3457/2709/2901 3455/2695/2899 3464/2716/2908
f 3464/2716/2908 3463/2715/2907 3457/2709/2901
f 3464/2716/2908 3455/2695/2899 3465/2697/2909
f 3454/2698/2898 3466/2696/2910 3455/2695/2899
f 3455/2695/2899 3466/2696/2910 3465/2697/2909
f 3454/2698/2898 3442/2682/2889 3467/2699/2911
f 3454/2698/2898 3467/2699/2911 3466/2696/2910
f 3444/2684/2891 3468/2700/2912 3442/2682/2889
f 3442/2682/2889 3468/2700/2912 3467/2699/2911
f 3444/2684/2891 3469/2701/2913 3468/2700/2912
f 3470/2702/2914 3469/2701/2913 3444/2684/2891
f 3444/2684/2891 3443/2683/2890 3471/2692/2915
f 3471/2692/2915 3470/2702/2914 3444/2684/2891
f 3472/2703/2916 3470/2702/2914 3471/2692/2915
f 3471/2692/2915 3443/2683/2890 3473/2693/496
f 3473/2693/496 3472/2703/2916 3471/2692/2915
f 3474/2704/496 3472/2703/2916 3473/2693/496
f 3475/2705/2917 3468/2700/2912 3469/2701/2913
f 3468/2700/2912 3476/2706/2918 3467/2699/2911
f 3476/2706/2918 3468/2700/2912 3475/2705/2917
f 3467/2699/2911 3476/2706/2918 3477/2707/2919
f 3466/2696/2910 3467/2699/2911 3477/2707/2919
f 3473/2693/496 3443/2683/2890 3478/2694/496
f 3443/2683/2890 3446/2685/496 3478/2694/496
f 3479/2646/1999 3480/2647/2920 3481/2648/2921
f 3479/2646/1999 3482/2649/2922 3480/2647/2920
f 3483/2650/2923 3482/2649/2922 3479/2646/1999
f 3483/2650/2923 3484/2651/2924 3482/2649/2922
f 3485/2652/2925 3484/2651/2924 3483/2650/2923
f 3485/2652/2925 3486/2653/2926 3484/2651/2924
f 3484/2651/2924 3486/2653/2926 3487/2654/2927
f 3487/2654/2927 3488/2655/2928 3484/2651/2924
f 3484/2651/2924 3488/2655/2928 3489/2656/2929
f 3489/2656/2929 3490/2657/2930 3484/2651/2924
f 3484/2651/2924 3490/2657/2930 3482/2649/2922
f 3482/2649/2922 3490/2657/2930 3480/2647/2920
f 3480/2647/2920 3490/2657/2930 3491/2658/2931
f 3480/2647/2920 3491/2658/2931 3492/2659/2932
f 3481/2648/2921 3480/2647/2920 3492/2659/2932
f 3492/2659/2932 3491/2658/2931 3493/2660/2933
f 3493/2660/2933 3494/2661/2934 3492/2659/2932
f 3492/2659/2932 3494/2661/2934 3495/2662/2935
f 3494/2661/2934 3496/2663/2936 3495/2662/2935
f 3497/2664/2937 3496/2663/2936 3494/2661/2934
f 3497/2664/2937 3498/2665/2938 3496/2663/2936
f 3496/2663/2936 3498/2665/2938 3499/2666/2939
f 3499/2666/2939 3500/2667/2940 3496/2663/2936
f 3501/2668/2941 3495/2662/2935 3496/2663/2936
f 3496/2663/2936 3500/2667/2940 3501/2668/2941
f 3502/2669/2942 3495/2662/2935 3501/2668/2941
f 3502/2669/2942 3492/2659/2932 3495/2662/2935
f 3481/2648/2921 3492/2659/2932 3502/2669/2942
f 3503/2691/771 3504/2690/2943 3505/2688/771
f 3506/2682/2944 3507/2684/2945 3508/2683/2946
f 3509/2681/2947 3506/2682/2944 3508/2683/2946
f 3508/2683/2946 3510/2685/771 3509/2681/2947
f 3509/2681/2947 3510/2685/771 3511/2679/2948
f 3511/2679/2948 3510/2685/771 3512/2686/771
f 3511/2679/2948 3512/2686/771 3513/2678/2949
f 3513/2678/2949 3512/2686/771 3514/2687/771
f 3514/2687/771 3505/2688/771 3513/2678/2949
f 3513/2678/2949 3505/2688/771 3515/2689/2950
f 3505/2688/771 3504/2690/2943 3515/2689/2950
f 3513/2678/2949 3516/2677/2951 3511/2679/2948
f 3511/2679/2948 3517/2680/2952 3509/2681/2947
f 3516/2677/2951 3517/2680/2952 3511/2679/2948
f 3517/2680/2952 3506/2682/2944 3509/2681/2947
f 3516/2677/2951 3518/2698/2953 3517/2680/2952
f 3518/2698/2953 3506/2682/2944 3517/2680/2952
f 3519/2695/2954 3518/2698/2953 3516/2677/2951
f 3520/2708/2955 3516/2677/2951 3513/2678/2949
f 3515/2689/2950 3520/2708/2955 3513/2678/2949
f 3520/2708/2955 3519/2695/2954 3516/2677/2951
f 3521/2709/2956 3519/2695/2954 3520/2708/2955
f 3521/2709/2956 3520/2708/2955 3522/2710/2957
f 3523/2711/2958 3520/2708/2955 3515/2689/2950
f 3522/2710/2957 3520/2708/2955 3523/2711/2958
f 3504/2690/2943 3524/2712/2959 3515/2689/2950
f 3515/2689/2950 3524/2712/2959 3523/2711/2958
f 3523/2711/2958 3525/2713/2960 3522/2710/2957
f 3524/2712/2959 3525/2713/2960 3523/2711/2958
f 3525/2713/2960 3526/2714/2961 3522/2710/2957
f 3522/2710/2957 3526/2714/2961 3527/2715/2962
f 3522/2710/2957 3527/2715/2962 3521/2709/2956
f 3521/2709/2956 3528/2716/2963 3519/2695/2954
f 3521/2709/2956 3527/2715/2962 3528/2716/2963
f 3519/2695/2954 3528/2716/2963 3529/2697/2964
f 3519/2695/2954 3530/2696/2965 3518/2698/2953
f 3529/2697/2964 3530/2696/2965 3519/2695/2954
f 3531/2699/2966 3506/2682/2944 3518/2698/2953
f 3518/2698/2953 3530/2696/2965 3531/2699/2966
f 3531/2699/2966 3532/2700/2967 3506/2682/2944
f 3506/2682/2944 3532/2700/2967 3507/2684/2945
f 3532/2700/2967 3533/2701/2968 3507/2684/2945
f 3507/2684/2945 3533/2701/2968 3534/2702/2969
f 3507/2684/2945 3534/2702/2969 3535/2692/2970
f 3508/2683/2946 3507/2684/2945 3535/2692/2970
f 3535/2692/2970 3534/2702/2969 3536/2703/2971
f 3537/2693/771 3508/2683/2946 3535/2692/2970
f 3535/2692/2970 3536/2703/2971 3537/2693/771
f 3537/2693/771 3536/2703/2971 3538/2704/771
f 3532/2700/2967 3539/2705/2972 3533/2701/2968
f 3531/2699/2966 3540/2706/2973 3532/2700/2967
f 3540/2706/2973 3539/2705/2972 3532/2700/2967
f 3531/2699/2966 3530/2696/2965 3541/2707/2974
f 3541/2707/2974 3540/2706/2973 3531/2699/2966
f 3542/2694/771 3510/2685/771 3508/2683/2946
f 3542/2694/771 3508/2683/2946 3537/2693/771
f 3543/2647/2975 3544/2648/426 3545/2659/2976
f 3546/2646/2977 3544/2648/426 3543/2647/2975
f 3547/2649/2978 3546/2646/2977 3543/2647/2975
f 3548/2650/2670 3546/2646/2977 3547/2649/2978
f 3549/2651/2979 3548/2650/2670 3547/2649/2978
f 3550/2652/2672 3548/2650/2670 3549/2651/2979
f 3549/2651/2979 3551/2653/2980 3550/2652/2672
f 3552/2654/2981 3551/2653/2980 3549/2651/2979
f 3549/2651/2979 3553/2655/2982 3552/2654/2981
f 3554/2656/2983 3553/2655/2982 3549/2651/2979
f 3547/2649/2978 3555/2657/2984 3549/2651/2979
f 3547/2649/2978 3543/2647/2975 3555/2657/2984
f 3549/2651/2979 3555/2657/2984 3554/2656/2983
f 3543/2647/2975 3545/2659/2976 3556/2658/2985
f 3555/2657/2984 3543/2647/2975 3556/2658/2985
f 3556/2658/2985 3545/2659/2976 3557/2660/2986
f 3545/2659/2976 3558/2661/2987 3557/2660/2986
f 3559/2662/2988 3558/2661/2987 3545/2659/2976
f 3559/2662/2988 3560/2663/2989 3558/2661/2987
f 3558/2661/2987 3560/2663/2989 3561/2664/2990
f 3560/2663/2989 3562/2665/2991 3561/2664/2990
f 3563/2666/2992 3562/2665/2991 3560/2663/2989
f 3560/2663/2989 3564/2667/2687 3563/2666/2992
f 3559/2662/2988 3565/2668/2688 3560/2663/2989
f 3565/2668/2688 3564/2667/2687 3560/2663/2989
f 3545/2659/2976 3566/2669/2689 3559/2662/2988
f 3544/2648/426 3566/2669/2689 3545/2659/2976
f 3566/2669/2689 3565/2668/2688 3559/2662/2988
f 3567/2691/771 3568/2690/2971 3569/2688/771
f 3570/2682/2993 3571/2684/2994 3572/2683/2995
f 3573/2681/2996 3570/2682/2993 3572/2683/2995
f 3572/2683/2995 3574/2685/771 3573/2681/2996
f 3573/2681/2996 3574/2685/771 3575/2679/2997
f 3575/2679/2997 3574/2685/771 3576/2686/771
f 3575/2679/2997 3576/2686/771 3577/2678/2998
f 3577/2678/2998 3576/2686/771 3578/2687/771
f 3578/2687/771 3569/2688/771 3577/2678/2998
f 3577/2678/2998 3569/2688/771 3579/2689/2999
f 3569/2688/771 3568/2690/2971 3579/2689/2999
f 3577/2678/2998 3580/2677/3000 3575/2679/2997
f 3580/2677/3000 3581/2680/3001 3575/2679/2997
f 3581/2680/3001 3570/2682/2993 3573/2681/2996
f 3575/2679/2997 3581/2680/3001 3573/2681/2996
f 3580/2677/3000 3582/2698/3002 3581/2680/3001
f 3582/2698/3002 3570/2682/2993 3581/2680/3001
f 3583/2695/3003 3582/2698/3002 3580/2677/3000
f 3584/2708/3004 3583/2695/3003 3580/2677/3000
f 3584/2708/3004 3580/2677/3000 3577/2678/2998
f 3579/2689/2999 3584/2708/3004 3577/2678/2998
f 3585/2709/3005 3583/2695/3003 3584/2708/3004
f 3585/2709/3005 3584/2708/3004 3586/2710/3006
f 3587/2711/3007 3584/2708/3004 3579/2689/2999
f 3586/2710/3006 3584/2708/3004 3587/2711/3007
f 3579/2689/2999 3588/2712/3008 3587/2711/3007
f 3568/2690/2971 3588/2712/3008 3579/2689/2999
f 3587/2711/3007 3589/2713/3009 3586/2710/3006
f 3588/2712/3008 3589/2713/3009 3587/2711/3007
f 3589/2713/3009 3590/2714/3010 3586/2710/3006
f 3586/2710/3006 3591/2715/3011 3585/2709/3005
f 3586/2710/3006 3590/2714/3010 3591/2715/3011
f 3585/2709/3005 3592/2716/3012 3583/2695/3003
f 3585/2709/3005 3591/2715/3011 3592/2716/3012
f 3583/2695/3003 3592/2716/3012 3593/2697/3013
f 3583/2695/3003 3594/2696/3014 3582/2698/3002
f 3593/2697/3013 3594/2696/3014 3583/2695/3003
f 3595/2699/3015 3570/2682/2993 3582/2698/3002
f 3582/2698/3002 3594/2696/3014 3595/2699/3015
f 3595/2699/3015 3596/2700/3016 3570/2682/2993
f 3570/2682/2993 3596/2700/3016 3571/2684/2994
f 3596/2700/3016 3597/2701/3017 3571/2684/2994
f 3571/2684/2994 3597/2701/3017 3598/2702/3018
f 3572/2683/2995 3571/2684/2994 3599/2692/3019
f 3571/2684/2994 3598/2702/3018 3599/2692/3019
f 3599/2692/3019 3598/2702/3018 3600/2703/3020
f 3599/2692/3019 3600/2703/3020 3601/2693/771
f 3601/2693/771 3572/2683/2995 3599/2692/3019
f 3601/2693/771 3600/2703/3020 3602/2704/771
f 3596/2700/3016 3603/2705/3021 3597/2701/3017
f 3604/2706/3022 3603/2705/3021 3596/2700/3016
f 3595/2699/3015 3604/2706/3022 3596/2700/3016
f 3595/2699/3015 3594/2696/3014 3605/2707/3023
f 3605/2707/3023 3604/2706/3022 3595/2699/3015
f 3606/2694/771 3572/2683/2995 3601/2693/771
f 3606/2694/771 3574/2685/771 3572/2683/2995
f 3607/2647/3024 3608/2648/2843 3609/2659/3025
f 3610/2646/2841 3608/2648/2843 3607/2647/3024
f 3611/2649/3026 3610/2646/2841 3607/2647/3024
f 3612/2650/2845 3610/2646/2841 3611/2649/3026
f 3613/2651/3027 3612/2650/2845 3611/2649/3026
f 3614/2652/2847 3612/2650/2845 3613/2651/3027
f 3613/2651/3027 3615/2653/446 3614/2652/2847
f 3616/2654/3028 3615/2653/446 3613/2651/3027
f 3613/2651/3027 3617/2655/3029 3616/2654/3028
f 3618/2656/3030 3617/2655/3029 3613/2651/3027
f 3611/2649/3026 3619/2657/3031 3613/2651/3027
f 3611/2649/3026 3607/2647/3024 3619/2657/3031
f 3613/2651/3027 3619/2657/3031 3618/2656/3030
f 3619/2657/3031 3607/2647/3024 3620/2658/3032
f 3607/2647/3024 3609/2659/3025 3620/2658/3032
f 3620/2658/3032 3609/2659/3025 3621/2660/3033
f 3609/2659/3025 3622/2661/3034 3621/2660/3033
f 3623/2662/3035 3622/2661/3034 3609/2659/3025
f 3623/2662/3035 3624/2663/3036 3622/2661/3034
f 3622/2661/3034 3624/2663/3036 3625/2664/3037
f 3624/2663/3036 3626/2665/3038 3625/2664/3037
f 3627/2666/3039 3626/2665/3038 3624/2663/3036
f 3624/2663/3036 3628/2667/2861 3627/2666/3039
f 3629/2668/2862 3628/2667/2861 3624/2663/3036
f 3623/2662/3035 3629/2668/2862 3624/2663/3036
f 3609/2659/3025 3630/2669/2863 3623/2662/3035
f 3608/2648/2843 3630/2669/2863 3609/2659/3025
f 3630/2669/2863 3629/2668/2862 3623/2662/3035
f 3631/2751/3040 3632/2745/3041 3633/2752/3042
f 3633/2752/3042 3632/2745/3041 3634/2747/3043
f 3632/2745/3041 3635/2746/496 3634/2747/3043
f 3633/2752/3042 3634/2747/3043 3636/2719/3044
f 3637/2717/3045 3638/2720/3046 3639/2721/3047
f 3637/2717/3045 3636/2719/3044 3640/2718/3048
f 3640/2718/3048 3638/2720/3046 3637/2717/3045
f 3636/2719/3044 3634/2747/3043 3641/2739/3049
f 3640/2718/3048 3636/2719/3044 3641/2739/3049
f 3634/2747/3043 3642/2748/496 3641/2739/3049
f 3634/2747/3043 3635/2746/496 3642/2748/496
f 3632/2745/3041 3643/2743/496 3635/2746/496
f 3635/2746/496 3643/2743/496 3642/2748/496
f 3631/2751/3040 3644/2744/3050 3632/2745/3041
f 3644/2744/3050 3643/2743/496 3632/2745/3041
f 3641/2739/3049 3642/2748/496 3645/2740/496
f 3645/2740/496 3642/2748/496 3646/2741/496
f 3642/2748/496 3643/2743/496 3647/2742/496
f 3646/2741/496 3642/2748/496 3647/2742/496
f 3640/2718/3048 3641/2739/3049 3648/2723/496
f 3648/2723/496 3641/2739/3049 3645/2740/496
f 3648/2723/496 3645/2740/496 3649/2725/496
f 3649/2725/496 3645/2740/496 3646/2741/496
f 3650/2727/3051 3649/2725/496 3646/2741/496
f 3646/2741/496 3647/2742/496 3650/2727/3051
f 3651/2729/3052 3643/2743/496 3644/2744/3050
f 3650/2727/3051 3647/2742/496 3651/2729/3052
f 3647/2742/496 3643/2743/496 3651/2729/3052
f 3652/2750/3053 3644/2744/3050 3631/2751/3040
f 3651/2729/3052 3644/2744/3050 3653/2749/3054
f 3653/2749/3054 3644/2744/3050 3652/2750/3053
f 3654/2728/3055 3651/2729/3052 3653/2749/3054
f 3650/2727/3051 3651/2729/3052 3654/2728/3055
f 3654/2728/3055 3655/2726/3056 3650/2727/3051
f 3655/2726/3056 3649/2725/496 3650/2727/3051
f 3649/2725/496 3655/2726/3056 3656/2724/496
f 3649/2725/496 3656/2724/496 3648/2723/496
f 3656/2724/496 3655/2726/3056 3657/2731/3057
f 3656/2724/496 3657/2731/3057 3658/2732/496
f 3648/2723/496 3659/2722/496 3640/2718/3048
f 3658/2732/496 3659/2722/496 3656/2724/496
f 3648/2723/496 3656/2724/496 3659/2722/496
f 3640/2718/3048 3659/2722/496 3638/2720/3046
f 3660/2733/496 3659/2722/496 3658/2732/496
f 3659/2722/496 3660/2733/496 3638/2720/3046
f 3638/2720/3046 3661/2734/3058 3639/2721/3047
f 3660/2733/496 3658/2732/496 3661/2734/3058
f 3638/2720/3046 3660/2733/496 3661/2734/3058
f 3661/2734/3058 3658/2732/496 3662/2736/3059
f 3658/2732/496 3657/2731/3057 3662/2736/3059
f 3657/2731/3057 3663/2737/3060 3662/2736/3059
f 3657/2731/3057 3664/2730/3061 3663/2737/3060
f 3664/2730/3061 3655/2726/3056 3654/2728/3055
f 3655/2726/3056 3664/2730/3061 3657/2731/3057
f 3639/2721/3047 3661/2734/3058 3665/2735/3062
f 3661/2734/3058 3662/2736/3059 3665/2735/3062
f 3662/2736/3059 3663/2737/3060 3666/2738/3063
f 3665/2735/3062 3662/2736/3059 3666/2738/3063
f 3667/2709/3064 3668/2715/3065 3669/2716/3066
f 3670/2690/3067 3671/2712/3068 3672/2689/3069
f 3672/2689/3069 3671/2712/3068 3673/2711/3070
f 3671/2712/3068 3674/2713/3071 3673/2711/3070
f 3673/2711/3070 3674/2713/3071 3675/2710/3072
f 3675/2710/3072 3668/2715/3065 3667/2709/3064
f 3675/2710/3072 3676/2714/3073 3668/2715/3065
f 3674/2713/3071 3676/2714/3073 3675/2710/3072
f 3673/2711/3070 3677/2708/3074 3672/2689/3069
f 3667/2709/3064 3677/2708/3074 3675/2710/3072
f 3675/2710/3072 3677/2708/3074 3673/2711/3070
f 3667/2709/3064 3678/2695/3075 3677/2708/3074
f 3667/2709/3064 3669/2716/3066 3678/2695/3075
f 3678/2695/3075 3669/2716/3066 3679/2697/3076
f 3679/2697/3076 3680/2696/3077 3678/2695/3075
f 3681/2699/3078 3680/2696/3077 3682/2707/3079
f 3683/2698/3080 3680/2696/3077 3681/2699/3078
f 3678/2695/3075 3680/2696/3077 3683/2698/3080
f 3677/2708/3074 3678/2695/3075 3684/2677/3081
f 3678/2695/3075 3683/2698/3080 3684/2677/3081
f 3677/2708/3074 3684/2677/3081 3685/2678/3082
f 3672/2689/3069 3677/2708/3074 3685/2678/3082
f 3685/2678/3082 3686/2688/771 3672/2689/3069
f 3686/2688/771 3670/2690/3067 3672/2689/3069
f 3687/2691/771 3670/2690/3067 3686/2688/771
f 3684/2677/3081 3683/2698/3080 3688/2680/3083
f 3684/2677/3081 3688/2680/3083 3689/2679/3084
f 3685/2678/3082 3684/2677/3081 3689/2679/3084
f 3689/2679/3084 3690/2686/771 3685/2678/3082
f 3685/2678/3082 3690/2686/771 3691/2687/771
f 3691/2687/771 3686/2688/771 3685/2678/3082
f 3689/2679/3084 3692/2685/771 3690/2686/771
f 3689/2679/3084 3688/2680/3083 3693/2681/3085
f 3693/2681/3085 3692/2685/771 3689/2679/3084
f 3681/2699/3078 3694/2682/3086 3683/2698/3080
f 3683/2698/3080 3694/2682/3086 3688/2680/3083
f 3688/2680/3083 3694/2682/3086 3693/2681/3085
f 3693/2681/3085 3694/2682/3086 3695/2683/3087
f 3695/2683/3087 3692/2685/771 3693/2681/3085
f 3696/2694/771 3692/2685/771 3695/2683/3087
f 3696/2694/771 3695/2683/3087 3697/2693/771
f 3697/2693/771 3695/2683/3087 3698/2692/3088
f 3694/2682/3086 3699/2684/3089 3695/2683/3087
f 3695/2683/3087 3699/2684/3089 3698/2692/3088
f 3694/2682/3086 3700/2700/3090 3699/2684/3089
f 3681/2699/3078 3700/2700/3090 3694/2682/3086
f 3698/2692/3088 3701/2703/3091 3697/2693/771
f 3697/2693/771 3701/2703/3091 3702/2704/771
f 3699/2684/3089 3703/2702/3092 3698/2692/3088
f 3698/2692/3088 3703/2702/3092 3701/2703/3091
f 3700/2700/3090 3704/2701/3093 3699/2684/3089
f 3699/2684/3089 3704/2701/3093 3703/2702/3092
f 3700/2700/3090 3705/2705/3094 3704/2701/3093
f 3681/2699/3078 3706/2706/3095 3700/2700/3090
f 3682/2707/3079 3706/2706/3095 3681/2699/3078
f 3706/2706/3095 3705/2705/3094 3700/2700/3090
f 3707/2753/3096 3708/2754/3097 3709/2755/3098
f 3709/2755/3098 3708/2754/3097 3710/2756/3099
f 3710/2756/3099 3708/2754/3097 3711/2757/3100
f 3708/2754/3097 3712/2758/3101 3711/2757/3100
f 3713/2759/3102 3712/2758/3101 3708/2754/3097
f 3712/2758/3101 3714/2760/3103 3711/2757/3100
f 3711/2757/3100 3715/2761/3104 3710/2756/3099
f 3711/2757/3100 3714/2760/3103 3715/2761/3104
f 3710/2756/3099 3715/2761/3104 3716/2762/3105
f 3716/2762/3105 3717/2763/3106 3710/2756/3099
f 3710/2756/3099 3717/2763/3106 3718/2764/3107
f 3709/2755/3098 3710/2756/3099 3719/2765/3108
f 3719/2765/3108 3710/2756/3099 3718/2764/3107
f 3707/2753/3096 3709/2755/3098 3720/2766/3109
f 3720/2766/3109 3709/2755/3098 3719/2765/3108
f 3721/2767/3110 3707/2753/3096 3720/2766/3109
f 3722/2768/3105 3723/2769/784 3724/2770/3111
f 3725/2771/3112 3723/2769/784 3722/2768/3105
f 3725/2771/3112 3726/2772/3113 3723/2769/784
f 3727/2773/3114 3721/2767/3110 3726/2772/3113
f 3727/2773/3114 3726/2772/3113 3725/2771/3112
f 3728/2774/3115 3707/2753/3096 3721/2767/3110
f 3728/2774/3115 3721/2767/3110 3727/2773/3114
f 3729/2775/3116 3708/2754/3097 3707/2753/3096
f 3729/2775/3116 3713/2759/3102 3708/2754/3097
f 3707/2753/3096 3728/2774/3115 3729/2775/3116
f 3729/2775/3116 3728/2774/3115 3730/2776/3117
f 3730/2776/3117 3731/2777/3118 3729/2775/3116
f 3731/2777/3118 3713/2759/3102 3729/2775/3116
f 3732/2778/3119 3731/2777/3118 3730/2776/3117
f 3730/2776/3117 3733/2779/3120 3732/2778/3119
f 3728/2774/3115 3734/2780/3121 3730/2776/3117
f 3727/2773/3114 3734/2780/3121 3728/2774/3115
f 3734/2780/3121 3733/2779/3120 3730/2776/3117
f 3734/2780/3121 3727/2773/3114 3735/2781/3122
f 3722/2768/3105 3735/2781/3122 3725/2771/3112
f 3735/2781/3122 3727/2773/3114 3725/2771/3112
f 3736/2782/3123 3735/2781/3122 3722/2768/3105
f 3737/2783/3103 3735/2781/3122 3736/2782/3123
f 3738/2784/3124 3735/2781/3122 3737/2783/3103
f 3733/2779/3120 3734/2780/3121 3738/2784/3124
f 3738/2784/3124 3734/2780/3121 3735/2781/3122
f 3739/2785/3125 3740/2786/3126 3741/2787/3127
f 3742/2788/3128 3740/2786/3126 3739/2785/3125
f 3743/2789/3129 3742/2788/3128 3739/2785/3125
f 3744/2790/3130 3742/2788/3128 3743/2789/3129
f 3743/2789/3129 3745/2791/3131 3744/2790/3130
f 3744/2790/3130 3745/2791/3131 3746/2792/3132
f 3747/2793/3133 3741/2787/3127 3748/2794/3134
f 3748/2794/3134 3741/2787/3127 3740/2786/3126
f 3740/2786/3126 3749/2795/3135 3748/2794/3134
f 3750/2796/3136 3749/2795/3135 3740/2786/3126
f 3742/2788/3128 3750/2796/3136 3740/2786/3126
f 3744/2790/3130 3751/2797/3137 3742/2788/3128
f 3751/2797/3137 3750/2796/3136 3742/2788/3128
f 3752/2798/3138 3751/2797/3137 3744/2790/3130
f 3744/2790/3130 3746/2792/3132 3752/2798/3138
f 3752/2798/3138 3746/2792/3132 3753/2799/3139
f 3751/2797/3137 3752/2798/3138 3754/2800/3140
f 3752/2798/3138 3753/2799/3139 3755/2801/3141
f 3754/2800/3140 3752/2798/3138 3755/2801/3141
f 3751/2797/3137 3756/2802/3142 3750/2796/3136
f 3754/2800/3140 3756/2802/3142 3751/2797/3137
f 3750/2796/3136 3757/2803/3143 3749/2795/3135
f 3756/2802/3142 3757/2803/3143 3750/2796/3136
f 3749/2795/3135 3757/2803/3143 3758/2804/3144
f 3759/2805/3145 3749/2795/3135 3758/2804/3144
f 3748/2794/3134 3749/2795/3135 3759/2805/3145
f 3760/2806/3146 3748/2794/3134 3759/2805/3145
f 3747/2793/3133 3748/2794/3134 3760/2806/3146
f 3758/2804/3144 3757/2803/3143 3761/2807/3147
f 3762/2808/3148 3747/2793/3133 3760/2806/3146
f 3763/2809/3149 3747/2793/3133 3762/2808/3148
f 3763/2809/3149 3764/2810/3150 3747/2793/3133
f 3747/2793/3133 3764/2810/3150 3741/2787/3127
f 3765/2811/3151 3741/2787/3127 3764/2810/3150
f 3739/2785/3125 3741/2787/3127 3765/2811/3151
f 3765/2811/3151 3766/2812/3152 3739/2785/3125
f 3739/2785/3125 3766/2812/3152 3743/2789/3129
f 3743/2789/3129 3767/2813/3153 3745/2791/3131
f 3766/2812/3152 3767/2813/3153 3743/2789/3129
f 3763/2809/3149 3768/2814/3154 3764/2810/3150
f 3763/2809/3149 3762/2808/3148 3768/2814/3154
f 3764/2810/3150 3768/2814/3154 3769/2815/3155
f 3769/2815/3155 3765/2811/3151 3764/2810/3150
f 3770/2816/3156 3765/2811/3151 3769/2815/3155
f 3770/2816/3156 3766/2812/3152 3765/2811/3151
f 3771/2817/3157 3766/2812/3152 3770/2816/3156
f 3771/2817/3157 3767/2813/3153 3766/2812/3152
f 3772/2818/3158 3767/2813/3153 3771/2817/3157
f 3772/2818/3158 3773/2819/3159 3767/2813/3153
f 3767/2813/3153 3774/2820/3160 3745/2791/3131
f 3767/2813/3153 3773/2819/3159 3774/2820/3160
f 3768/2814/3154 3762/2808/3148 3775/2821/3161
f 3768/2814/3154 3775/2821/3161 3776/2822/3162
f 3768/2814/3154 3776/2822/3162 3769/2815/3155
f 3769/2815/3155 3776/2822/3162 3777/2823/3163
f 3769/2815/3155 3777/2823/3163 3770/2816/3156
f 3770/2816/3156 3777/2823/3163 3778/2824/3164
f 3778/2824/3164 3771/2817/3157 3770/2816/3156
f 3779/2825/3165 3772/2818/3158 3771/2817/3157
f 3779/2825/3165 3771/2817/3157 3778/2824/3164
f 3780/2826/3166 3772/2818/3158 3779/2825/3165
f 3780/2826/3166 3773/2819/3159 3772/2818/3158
f 3776/2822/3162 3775/2821/3161 3781/2827/3167
f 3776/2822/3162 3782/2828/3168 3777/2823/3163
f 3776/2822/3162 3781/2827/3167 3782/2828/3168
f 3777/2823/3163 3783/2829/3169 3778/2824/3164
f 3777/2823/3163 3782/2828/3168 3783/2829/3169
f 3784/2830/3170 3779/2825/3165 3778/2824/3164
f 3778/2824/3164 3783/2829/3169 3784/2830/3170
f 3785/2831/3171 3779/2825/3165 3784/2830/3170
f 3785/2831/3171 3780/2826/3166 3779/2825/3165
f 3786/2832/3172 3785/2831/3171 3784/2830/3170
f 3787/2833/3173 3785/2831/3171 3786/2832/3172
f 3788/2834/3174 3787/2833/3173 3786/2832/3172
f 3789/2835/3175 3787/2833/3173 3788/2834/3174
f 3790/2836/3176 3780/2826/3166 3785/2831/3171
f 3787/2833/3173 3790/2836/3176 3785/2831/3171
f 3791/2837/3177 3790/2836/3176 3787/2833/3173
f 3789/2835/3175 3791/2837/3177 3787/2833/3173
f 3792/2838/3178 3791/2837/3177 3789/2835/3175
f 3793/2839/3179 3773/2819/3159 3780/2826/3166
f 3790/2836/3176 3793/2839/3179 3780/2826/3166
f 3791/2837/3177 3794/2840/3180 3790/2836/3176
f 3794/2840/3180 3793/2839/3179 3790/2836/3176
f 3792/2838/3178 3795/2841/3181 3791/2837/3177
f 3795/2841/3181 3794/2840/3180 3791/2837/3177
f 3796/2842/3182 3795/2841/3181 3792/2838/3178
f 3796/2842/3182 3797/2843/3183 3795/2841/3181
f 3795/2841/3181 3797/2843/3183 3798/2844/3184
f 3798/2844/3184 3794/2840/3180 3795/2841/3181
f 3799/2845/3185 3793/2839/3179 3794/2840/3180
f 3799/2845/3185 3794/2840/3180 3798/2844/3184
f 3800/2846/3186 3773/2819/3159 3793/2839/3179
f 3800/2846/3186 3793/2839/3179 3799/2845/3185
f 3801/2847/3187 3773/2819/3159 3800/2846/3186
f 3773/2819/3159 3801/2847/3187 3774/2820/3160
f 3774/2820/3160 3801/2847/3187 3802/2848/3188
f 3802/2848/3188 3803/2849/3189 3774/2820/3160
f 3745/2791/3131 3774/2820/3160 3804/2850/3190
f 3745/2791/3131 3804/2850/3190 3746/2792/3132
f 3774/2820/3160 3803/2849/3189 3804/2850/3190
f 3746/2792/3132 3804/2850/3190 3805/2851/3191
f 3746/2792/3132 3805/2851/3191 3753/2799/3139
f 3753/2799/3139 3805/2851/3191 3806/2852/3192
f 3804/2850/3190 3807/2853/496 3805/2851/3191
f 3803/2849/3189 3807/2853/496 3804/2850/3190
f 3807/2853/496 3808/2854/3193 3805/2851/3191
f 3805/2851/3191 3808/2854/3193 3806/2852/3192
f 3808/2854/3193 3809/2855/3194 3806/2852/3192
f 3806/2852/3192 3809/2855/3194 3810/2856/3195
f 3753/2799/3139 3806/2852/3192 3811/2857/3196
f 3755/2801/3141 3753/2799/3139 3811/2857/3196
f 3811/2857/3196 3806/2852/3192 3810/2856/3195
f 3812/2858/3197 3813/2859/3198 3814/2860/3199
f 3814/2860/3199 3813/2859/3198 3815/2861/3099
f 3815/2861/3099 3813/2859/3198 3816/2862/3100
f 3817/2863/3102 3818/2864/3200 3813/2859/3198
f 3813/2859/3198 3818/2864/3200 3816/2862/3100
f 3818/2864/3200 3819/2865/3201 3816/2862/3100
f 3816/2862/3100 3820/2866/3104 3815/2861/3099
f 3816/2862/3100 3819/2865/3201 3820/2866/3104
f 3815/2861/3099 3820/2866/3104 3821/2867/3202
f 3821/2867/3202 3822/2868/3203 3815/2861/3099
f 3815/2861/3099 3822/2868/3203 3823/2869/3204
f 3814/2860/3199 3815/2861/3099 3824/2870/3205
f 3824/2870/3205 3815/2861/3099 3823/2869/3204
f 3825/2871/3206 3814/2860/3199 3824/2870/3205
f 3812/2858/3197 3814/2860/3199 3825/2871/3206
f 3826/2872/3207 3812/2858/3197 3825/2871/3206
f 3827/2873/3202 3828/2874/784 3829/2875/3208
f 3830/2876/3209 3828/2874/784 3827/2873/3202
f 3830/2876/3209 3831/2877/3210 3828/2874/784
f 3832/2878/3211 3826/2872/3207 3831/2877/3210
f 3832/2878/3211 3831/2877/3210 3830/2876/3209
f 3833/2879/3212 3812/2858/3197 3826/2872/3207
f 3833/2879/3212 3826/2872/3207 3832/2878/3211
f 3834/2880/3213 3817/2863/3102 3813/2859/3198
f 3812/2858/3197 3833/2879/3212 3834/2880/3213
f 3834/2880/3213 3813/2859/3198 3812/2858/3197
f 3834/2880/3213 3833/2879/3212 3835/2881/3117
f 3836/2882/3214 3817/2863/3102 3834/2880/3213
f 3835/2881/3117 3836/2882/3214 3834/2880/3213
f 3837/2883/3119 3836/2882/3214 3835/2881/3117
f 3835/2881/3117 3838/2884/3120 3837/2883/3119
f 3839/2885/3215 3838/2884/3120 3835/2881/3117
f 3835/2881/3117 3833/2879/3212 3839/2885/3215
f 3839/2885/3215 3833/2879/3212 3832/2878/3211
f 3839/2885/3215 3832/2878/3211 3840/2886/3122
f 3840/2886/3122 3832/2878/3211 3830/2876/3209
f 3827/2873/3202 3840/2886/3122 3830/2876/3209
f 3841/2887/3123 3840/2886/3122 3827/2873/3202
f 3842/2888/3103 3840/2886/3122 3841/2887/3123
f 3843/2889/3124 3839/2885/3215 3840/2886/3122
f 3838/2884/3120 3839/2885/3215 3843/2889/3124
f 3843/2889/3124 3840/2886/3122 3842/2888/3103
f 3844/2769/3216 3845/2772/3217 3846/2771/3218
f 3847/2768/3219 3844/2769/3216 3846/2771/3218
f 3848/2770/3220 3844/2769/3216 3847/2768/3219
f 3845/2772/3217 3849/2767/3221 3850/2773/3222
f 3846/2771/3218 3845/2772/3217 3850/2773/3222
f 3846/2771/3218 3850/2773/3222 3851/2781/3223
f 3846/2771/3218 3851/2781/3223 3847/2768/3219
f 3847/2768/3219 3851/2781/3223 3852/2782/3224
f 3852/2782/3224 3851/2781/3223 3853/2783/3225
f 3853/2783/3225 3851/2781/3223 3854/2784/3226
f 3851/2781/3223 3855/2780/3227 3854/2784/3226
f 3851/2781/3223 3850/2773/3222 3855/2780/3227
f 3854/2784/3226 3855/2780/3227 3856/2779/3228
f 3855/2780/3227 3857/2776/3229 3856/2779/3228
f 3858/2762/3219 3859/2761/3230 3860/2756/3231
f 3860/2756/3231 3861/2763/3232 3858/2762/3219
f 3862/2764/3233 3861/2763/3232 3860/2756/3231
f 3862/2764/3233 3860/2756/3231 3863/2765/3234
f 3863/2765/3234 3860/2756/3231 3864/2755/3235
f 3863/2765/3234 3864/2755/3235 3865/2766/3236
f 3865/2766/3236 3866/2753/3237 3849/2767/3221
f 3865/2766/3236 3864/2755/3235 3866/2753/3237
f 3850/2773/3222 3867/2774/3238 3855/2780/3227
f 3849/2767/3221 3866/2753/3237 3867/2774/3238
f 3850/2773/3222 3849/2767/3221 3867/2774/3238
f 3855/2780/3227 3867/2774/3238 3857/2776/3229
f 3866/2753/3237 3868/2775/3239 3867/2774/3238
f 3867/2774/3238 3868/2775/3239 3857/2776/3229
f 3860/2756/3231 3869/2754/3240 3864/2755/3235
f 3866/2753/3237 3869/2754/3240 3868/2775/3239
f 3864/2755/3235 3869/2754/3240 3866/2753/3237
f 3870/2757/3241 3869/2754/3240 3860/2756/3231
f 3860/2756/3231 3859/2761/3230 3870/2757/3241
f 3856/2779/3228 3857/2776/3229 3871/2778/3242
f 3868/2775/3239 3872/2777/3243 3857/2776/3229
f 3857/2776/3229 3872/2777/3243 3871/2778/3242
f 3869/2754/3240 3873/2759/3244 3868/2775/3239
f 3868/2775/3239 3873/2759/3244 3872/2777/3243
f 3870/2757/3241 3874/2758/3245 3869/2754/3240
f 3869/2754/3240 3874/2758/3245 3873/2759/3244
f 3859/2761/3230 3875/2760/3225 3870/2757/3241
f 3870/2757/3241 3875/2760/3225 3874/2758/3245
f 3876/2890/3246 3877/2891/3247 3878/2892/3248
f 3879/2893/3249 3783/2829/3169 3782/2828/3168
f 3879/2893/3249 3877/2891/3247 3876/2890/3246
f 3782/2828/3168 3880/2894/3250 3879/2893/3249
f 3782/2828/3168 3781/2827/3167 3880/2894/3250
f 3879/2893/3249 3880/2894/3250 3877/2891/3247
f 3881/2895/3251 3783/2829/3169 3879/2893/3249
f 3783/2829/3169 3881/2895/3251 3784/2830/3170
f 3784/2830/3170 3881/2895/3251 3786/2832/3172
f 3879/2893/3249 3876/2890/3246 3881/2895/3251
f 3882/2896/3252 3786/2832/3172 3881/2895/3251
f 3881/2895/3251 3876/2890/3246 3882/2896/3252
f 3788/2834/3174 3786/2832/3172 3882/2896/3252
f 3883/2893/3253 3884/2896/3254 3885/2890/3255
f 3886/2822/3256 3887/2821/3257 3888/2814/3258
f 3889/2827/3259 3887/2821/3257 3886/2822/3256
f 3890/2828/3260 3889/2827/3259 3886/2822/3256
f 3891/2894/3261 3889/2827/3259 3890/2828/3260
f 3883/2893/3253 3891/2894/3261 3890/2828/3260
f 3892/2891/3262 3891/2894/3261 3883/2893/3253
f 3885/2890/3255 3892/2891/3262 3883/2893/3253
f 3893/2892/3263 3892/2891/3262 3885/2890/3255
f 3894/2833/3264 3895/2837/3265 3896/2835/3266
f 3897/2834/3267 3894/2833/3264 3896/2835/3266
f 3884/2896/3254 3898/2832/3268 3897/2834/3267
f 3898/2832/3268 3894/2833/3264 3897/2834/3267
f 3899/2895/3269 3884/2896/3254 3883/2893/3253
f 3899/2895/3269 3898/2832/3268 3884/2896/3254
f 3900/2829/3270 3883/2893/3253 3890/2828/3260
f 3899/2895/3269 3883/2893/3253 3900/2829/3270
f 3901/2823/3271 3890/2828/3260 3886/2822/3256
f 3900/2829/3270 3890/2828/3260 3901/2823/3271
f 3895/2837/3265 3902/2840/3272 3903/2841/3273
f 3904/2836/3274 3902/2840/3272 3895/2837/3265
f 3894/2833/3264 3904/2836/3274 3895/2837/3265
f 3905/2831/3275 3904/2836/3274 3894/2833/3264
f 3898/2832/3268 3905/2831/3275 3894/2833/3264
f 3906/2830/3276 3905/2831/3275 3898/2832/3268
f 3898/2832/3268 3899/2895/3269 3906/2830/3276
f 3906/2830/3276 3899/2895/3269 3900/2829/3270
f 3906/2830/3276 3900/2829/3270 3907/2824/3277
f 3907/2824/3277 3900/2829/3270 3901/2823/3271
f 3907/2824/3277 3908/2825/3278 3906/2830/3276
f 3906/2830/3276 3908/2825/3278 3905/2831/3275
f 3908/2825/3278 3909/2826/3279 3905/2831/3275
f 3905/2831/3275 3909/2826/3279 3904/2836/3274
f 3909/2826/3279 3910/2839/3280 3904/2836/3274
f 3904/2836/3274 3910/2839/3280 3902/2840/3272
f 3909/2826/3279 3911/2819/3281 3910/2839/3280
f 3908/2825/3278 3912/2818/3282 3909/2826/3279
f 3912/2818/3282 3911/2819/3281 3909/2826/3279
f 3907/2824/3277 3901/2823/3271 3913/2816/3283
f 3913/2816/3283 3914/2817/3284 3907/2824/3277
f 3914/2817/3284 3912/2818/3282 3908/2825/3278
f 3907/2824/3277 3914/2817/3284 3908/2825/3278
f 3912/2818/3282 3915/2813/3285 3911/2819/3281
f 3914/2817/3284 3915/2813/3285 3912/2818/3282
f 3911/2819/3281 3915/2813/3285 3916/2820/3286
f 3915/2813/3285 3917/2791/3287 3916/2820/3286
f 3916/2820/3286 3917/2791/3287 3918/2850/3288
f 3917/2791/3287 3919/2792/3289 3918/2850/3288
f 3918/2850/3288 3919/2792/3289 3920/2851/3290
f 3921/2815/3291 3886/2822/3256 3888/2814/3258
f 3913/2816/3283 3901/2823/3271 3921/2815/3291
f 3901/2823/3271 3886/2822/3256 3921/2815/3291
f 3913/2816/3283 3922/2811/3292 3914/2817/3284
f 3921/2815/3291 3922/2811/3292 3913/2816/3283
f 3923/2812/3293 3915/2813/3285 3914/2817/3284
f 3914/2817/3284 3922/2811/3292 3923/2812/3293
f 3923/2812/3293 3924/2789/3294 3915/2813/3285
f 3915/2813/3285 3924/2789/3294 3917/2791/3287
f 3924/2789/3294 3925/2790/3295 3917/2791/3287
f 3917/2791/3287 3925/2790/3295 3919/2792/3289
f 3924/2789/3294 3926/2788/3296 3925/2790/3295
f 3927/2785/1660 3926/2788/3296 3924/2789/3294
f 3923/2812/3293 3927/2785/1660 3924/2789/3294
f 3922/2811/3292 3927/2785/1660 3923/2812/3293
f 3926/2788/3296 3928/2797/3297 3925/2790/3295
f 3925/2790/3295 3928/2797/3297 3929/2798/3298
f 3925/2790/3295 3929/2798/3298 3919/2792/3289
f 3919/2792/3289 3930/2799/3299 3920/2851/3290
f 3919/2792/3289 3929/2798/3298 3930/2799/3299
f 3920/2851/3290 3930/2799/3299 3931/2852/3300
f 3932/2796/3301 3933/2802/3302 3928/2797/3297
f 3926/2788/3296 3932/2796/3301 3928/2797/3297
f 3933/2802/3302 3932/2796/3301 3934/2803/3303
f 3928/2797/3297 3935/2800/3304 3929/2798/3298
f 3928/2797/3297 3933/2802/3302 3935/2800/3304
f 3929/2798/3298 3935/2800/3304 3936/2801/3305
f 3929/2798/3298 3936/2801/3305 3930/2799/3299
f 3930/2799/3299 3937/2857/3306 3931/2852/3300
f 3930/2799/3299 3936/2801/3305 3937/2857/3306
f 3931/2852/3300 3937/2857/3306 3938/2856/3307
f 3938/2856/3307 3939/2855/3308 3931/2852/3300
f 3931/2852/3300 3939/2855/3308 3940/2854/3309
f 3931/2852/3300 3940/2854/3309 3920/2851/3290
f 3920/2851/3290 3940/2854/3309 3941/2853/771
f 3920/2851/3290 3941/2853/771 3918/2850/3288
f 3918/2850/3288 3941/2853/771 3942/2849/3310
f 3918/2850/3288 3942/2849/3310 3916/2820/3286
f 3916/2820/3286 3942/2849/3310 3943/2848/3311
f 3911/2819/3281 3916/2820/3286 3944/2847/3312
f 3944/2847/3312 3916/2820/3286 3943/2848/3311
f 3945/2846/3313 3911/2819/3281 3944/2847/3312
f 3910/2839/3280 3911/2819/3281 3945/2846/3313
f 3946/2845/3314 3910/2839/3280 3945/2846/3313
f 3902/2840/3272 3910/2839/3280 3946/2845/3314
f 3947/2844/3315 3902/2840/3272 3946/2845/3314
f 3903/2841/3273 3902/2840/3272 3947/2844/3315
f 3948/2843/3316 3903/2841/3273 3947/2844/3315
f 3949/2842/3317 3903/2841/3273 3948/2843/3316
f 3950/2838/3318 3903/2841/3273 3949/2842/3317
f 3895/2837/3265 3903/2841/3273 3950/2838/3318
f 3896/2835/3266 3895/2837/3265 3950/2838/3318
f 3951/2807/3319 3934/2803/3303 3952/2804/3320
f 3934/2803/3303 3932/2796/3301 3953/2795/3321
f 3952/2804/3320 3934/2803/3303 3953/2795/3321
f 3952/2804/3320 3953/2795/3321 3954/2805/3322
f 3954/2805/3322 3953/2795/3321 3955/2794/609
f 3954/2805/3322 3955/2794/609 3956/2806/3323
f 3956/2806/3323 3955/2794/609 3957/2793/3324
f 3887/2821/3257 3958/2808/3325 3888/2814/3258
f 3956/2806/3323 3957/2793/3324 3958/2808/3325
f 3958/2808/3325 3957/2793/3324 3959/2809/3326
f 3888/2814/3258 3958/2808/3325 3959/2809/3326
f 3960/2810/3327 3888/2814/3258 3959/2809/3326
f 3957/2793/3324 3960/2810/3327 3959/2809/3326
f 3960/2810/3327 3922/2811/3292 3921/2815/3291
f 3921/2815/3291 3888/2814/3258 3960/2810/3327
f 3960/2810/3327 3961/2787/3328 3922/2811/3292
f 3955/2794/609 3961/2787/3328 3957/2793/3324
f 3961/2787/3328 3960/2810/3327 3957/2793/3324
f 3922/2811/3292 3961/2787/3328 3927/2785/1660
f 3962/2786/3329 3961/2787/3328 3955/2794/609
f 3932/2796/3301 3962/2786/3329 3953/2795/3321
f 3961/2787/3328 3962/2786/3329 3927/2785/1660
f 3927/2785/1660 3962/2786/3329 3926/2788/3296
f 3962/2786/3329 3932/2796/3301 3926/2788/3296
f 3953/2795/3321 3962/2786/3329 3955/2794/609
f 3963/2874/3330 3964/2877/3331 3965/2876/3218
f 3966/2873/3332 3963/2874/3330 3965/2876/3218
f 3967/2875/3333 3963/2874/3330 3966/2873/3332
f 3965/2876/3218 3964/2877/3331 3968/2878/3334
f 3964/2877/3331 3969/2872/3335 3968/2878/3334
f 3965/2876/3218 3970/2886/3336 3966/2873/3332
f 3965/2876/3218 3968/2878/3334 3970/2886/3336
f 3966/2873/3332 3970/2886/3336 3971/2887/3337
f 3971/2887/3337 3970/2886/3336 3972/2888/3338
f 3972/2888/3338 3970/2886/3336 3973/2889/3226
f 3970/2886/3336 3968/2878/3334 3974/2885/3227
f 3970/2886/3336 3974/2885/3227 3973/2889/3226
f 3973/2889/3226 3974/2885/3227 3975/2884/3339
f 3974/2885/3227 3976/2881/3340 3975/2884/3339
f 3977/2867/3341 3978/2866/3230 3979/2861/3342
f 3979/2861/3342 3980/2868/3343 3977/2867/3341
f 3981/2869/3344 3980/2868/3343 3979/2861/3342
f 3981/2869/3344 3979/2861/3342 3982/2870/3345
f 3982/2870/3345 3979/2861/3342 3983/2860/3235
f 3982/2870/3345 3983/2860/3235 3984/2871/3346
f 3984/2871/3346 3985/2858/3347 3969/2872/3335
f 3984/2871/3346 3983/2860/3235 3985/2858/3347
f 3968/2878/3334 3969/2872/3335 3986/2879/3348
f 3968/2878/3334 3986/2879/3348 3974/2885/3227
f 3974/2885/3227 3986/2879/3348 3976/2881/3340
f 3969/2872/3335 3985/2858/3347 3986/2879/3348
f 3986/2879/3348 3987/2880/3349 3976/2881/3340
f 3985/2858/3347 3987/2880/3349 3986/2879/3348
f 3979/2861/3342 3988/2859/3350 3983/2860/3235
f 3985/2858/3347 3988/2859/3350 3987/2880/3349
f 3983/2860/3235 3988/2859/3350 3985/2858/3347
f 3979/2861/3342 3978/2866/3230 3989/2862/3241
f 3989/2862/3241 3988/2859/3350 3979/2861/3342
f 3975/2884/3339 3976/2881/3340 3990/2883/3242
f 3987/2880/3349 3991/2882/3243 3976/2881/3340
f 3976/2881/3340 3991/2882/3243 3990/2883/3242
f 3988/2859/3350 3992/2863/3244 3987/2880/3349
f 3987/2880/3349 3992/2863/3244 3991/2882/3243
f 3989/2862/3241 3993/2864/3245 3988/2859/3350
f 3988/2859/3350 3993/2864/3245 3992/2863/3244
f 3989/2862/3241 3994/2865/3351 3993/2864/3245
f 3978/2866/3230 3994/2865/3351 3989/2862/3241
f 3995/2402/3352 3996/2404/3353 3997/2403/3354
f 3996/2404/3353 3998/2411/3355 3999/2410/3356
f 3996/2404/3353 3999/2410/3356 3997/2403/3354
f 3997/2403/3354 3999/2410/3356 4000/2409/3357
f 4001/2408/3358 3997/2403/3354 4000/2409/3357
f 4002/2407/3359 3995/2402/3352 3997/2403/3354
f 4002/2407/3359 3997/2403/3354 4001/2408/3358
f 4003/2406/3360 3995/2402/3352 4002/2407/3359
f 4004/2405/3361 3995/2402/3352 4003/2406/3360
f 4000/2409/3357 3999/2410/3356 4005/2412/3362
f 4006/2413/3363 3998/2411/3355 3996/2404/3353
f 3996/2404/3353 4007/2414/3364 4006/2413/3363
f 3995/2402/3352 4007/2414/3364 3996/2404/3353
f 4008/2415/3365 3995/2402/3352 4004/2405/3361
f 4007/2414/3364 3995/2402/3352 4008/2415/3365
f 4008/2415/3365 4004/2405/3361 4009/2416/3366
f 4009/2416/3366 4010/2417/3367 4008/2415/3365
f 4008/2415/3365 4010/2417/3367 4007/2414/3364
f 4011/2418/3368 4010/2417/3367 4009/2416/3366
f 4010/2417/3367 4011/2418/3368 4012/2419/3369
f 4012/2419/3369 4011/2418/3368 4013/2420/3370
f 4014/2426/3371 3998/2411/3355 4006/2413/3363
f 4006/2413/3363 4007/2414/3364 4015/2425/3372
f 4015/2425/3372 4014/2426/3371 4006/2413/3363
f 4016/2424/3373 4014/2426/3371 4015/2425/3372
f 4012/2419/3369 4017/2427/3374 4010/2417/3367
f 4007/2414/3364 4010/2417/3367 4017/2427/3374
f 4007/2414/3364 4017/2427/3374 4015/2425/3372
f 4018/2428/3375 4017/2427/3374 4012/2419/3369
f 4013/2420/3370 4019/2429/3376 4012/2419/3369
f 4019/2429/3376 4018/2428/3375 4012/2419/3369
f 4020/2430/3377 4018/2428/3375 4019/2429/3376
f 4021/2431/3378 4020/2430/3377 4019/2429/3376
f 4021/2431/3378 4019/2429/3376 4022/2432/3379
f 4022/2432/3379 4019/2429/3376 4013/2420/3370
f 4023/2433/3380 4021/2431/3378 4022/2432/3379
f 4024/2441/3381 4020/2430/3377 4021/2431/3378
f 4020/2430/3377 4024/2441/3381 4025/2442/3382
f 4026/2423/3383 4020/2430/3377 4025/2442/3382
f 4018/2428/3375 4020/2430/3377 4026/2423/3383
f 4026/2423/3383 4025/2442/3382 4027/2443/3384
f 4027/2443/3384 4028/2422/3385 4026/2423/3383
f 4026/2423/3383 4029/2421/3386 4018/2428/3375
f 4018/2428/3375 4029/2421/3386 4017/2427/3374
f 4015/2425/3372 4017/2427/3374 4029/2421/3386
f 4016/2424/3373 4029/2421/3386 4028/2422/3385
f 4026/2423/3383 4028/2422/3385 4029/2421/3386
f 4015/2425/3372 4029/2421/3386 4016/2424/3373
f 4027/2443/3384 4030/2447/3387 4028/2422/3385
f 4031/2448/3388 4030/2447/3387 4027/2443/3384
f 4028/2422/3385 4032/2897/3389 4016/2424/3373
f 4030/2447/3387 4032/2897/3389 4028/2422/3385
f 4014/2426/3371 4016/2424/3373 4033/2898/3390
f 4033/2898/3390 4016/2424/3373 4032/2897/3389
f 4033/2898/3390 4034/2899/3391 4014/2426/3371
f 4014/2426/3371 4034/2899/3391 4035/2900/3392
f 4035/2900/3392 3998/2411/3355 4014/2426/3371
f 4036/2435/3393 4023/2433/3380 4037/2436/3394
f 4038/2434/3395 4021/2431/3378 4023/2433/3380
f 4038/2434/3395 4023/2433/3380 4036/2435/3393
f 4024/2441/3381 4021/2431/3378 4039/2440/3396
f 4039/2440/3396 4021/2431/3378 4038/2434/3395
f 4025/2442/3382 4024/2441/3381 4040/2444/3397
f 4024/2441/3381 4039/2440/3396 4040/2444/3397
f 4041/2445/3398 4031/2448/3388 4027/2443/3384
f 4025/2442/3382 4040/2444/3397 4041/2445/3398
f 4027/2443/3384 4025/2442/3382 4041/2445/3398
f 4040/2444/3397 4039/2440/3396 4042/2452/3399
f 4038/2434/3395 4036/2435/3393 4043/2437/3400
f 4043/2437/3400 4039/2440/3396 4038/2434/3395
f 4036/2435/3393 4044/2438/3401 4043/2437/3400
f 4043/2437/3400 4044/2438/3401 4045/2439/3402
f 4045/2439/3402 4046/2453/3403 4043/2437/3400
f 4046/2453/3403 4042/2452/3399 4039/2440/3396
f 4046/2453/3403 4039/2440/3396 4043/2437/3400
f 4047/2457/3404 4042/2452/3399 4046/2453/3403
f 4042/2452/3399 4048/2451/3405 4040/2444/3397
f 4047/2457/3404 4048/2451/3405 4042/2452/3399
f 4041/2445/3398 4040/2444/3397 4049/2446/3406
f 4040/2444/3397 4048/2451/3405 4049/2446/3406
f 4050/2449/3407 4031/2448/3388 4041/2445/3398
f 4049/2446/3406 4050/2449/3407 4041/2445/3398
f 4051/2450/3408 4050/2449/3407 4049/2446/3406
f 4048/2451/3405 4051/2450/3408 4049/2446/3406
f 4052/2458/3409 4047/2457/3404 4046/2453/3403
f 4052/2458/3409 4046/2453/3403 4045/2439/3402
f 4053/2454/3410 4051/2450/3408 4048/2451/3405
f 4054/2455/3411 4048/2451/3405 4047/2457/3404
f 4054/2455/3411 4053/2454/3410 4048/2451/3405
f 4055/2459/3412 4047/2457/3404 4052/2458/3409
f 4055/2459/3412 4054/2455/3411 4047/2457/3404
f 4056/2465/3413 4055/2459/3412 4052/2458/3409
f 4056/2465/3413 4052/2458/3409 4057/2466/3414
f 4057/2466/3414 4052/2458/3409 4045/2439/3402
f 4058/2467/3415 4045/2439/3402 4044/2438/3401
f 4057/2466/3414 4045/2439/3402 4058/2467/3415
f 4059/2456/3416 4053/2454/3410 4054/2455/3411
f 4060/2460/3417 4059/2456/3416 4054/2455/3411
f 4060/2460/3417 4054/2455/3411 4055/2459/3412
f 4061/2464/3418 4055/2459/3412 4056/2465/3413
f 4061/2464/3418 4060/2460/3417 4055/2459/3412
f 4062/2461/3419 4059/2456/3416 4060/2460/3417
f 4063/2462/3420 4060/2460/3417 4061/2464/3418
f 4063/2462/3420 4062/2461/3419 4060/2460/3417
f 4064/2463/3421 4062/2461/3419 4063/2462/3420
f 4065/2470/3422 4066/2468/3423 4067/2478/3424
f 4065/2470/3422 4067/2478/3424 4068/2475/3425
f 4068/2475/3425 4067/2478/3424 4069/2477/3426
f 4068/2475/3425 4069/2477/3426 4070/2476/3427
f 4068/2475/3425 4070/2476/3427 4071/2473/3428
f 4068/2475/3425 4071/2473/3428 4072/2474/3429
f 4072/2474/3429 4071/2473/3428 4073/2472/3430
f 4074/2553/3431 4075/2555/3432 4076/2554/3433
f 4076/2554/3433 4077/2549/3434 4074/2553/3431
f 4074/2553/3431 4077/2549/3434 4078/2552/3434
f 4079/2551/3434 4078/2552/3434 4077/2549/3434
f 4080/2550/3432 4079/2551/3434 4077/2549/3434
f 4081/2548/3435 4080/2550/3432 4077/2549/3434
f 4077/2549/3434 4082/2546/3436 4081/2548/3435
f 4081/2548/3435 4082/2546/3436 4083/2547/3436
f 4084/2545/3437 4083/2547/3436 4082/2546/3436
f 4084/2545/3437 4082/2546/3436 4085/2544/3436
f 4086/2542/3436 4084/2545/3437 4085/2544/3436
f 4086/2542/3436 4085/2544/3436 4087/2543/3436
f 4088/444/3438 4089/439/3439 4090/443/3440
f 4091/477/3441 4088/444/3438 4090/443/3440
f 4090/443/3440 4089/439/3439 4092/438/3442
f 4089/439/3439 4093/403/3443 4092/438/3442
f 4093/403/3443 4089/439/3439 4094/404/3444
f 4089/439/3439 4088/444/3438 4095/440/3445
f 4094/404/3444 4089/439/3439 4095/440/3445
f 4095/440/3445 4088/444/3438 4096/445/3446
f 4088/444/3438 4097/469/3447 4096/445/3446
f 4097/469/3447 4088/444/3438 4091/477/3441
f 4098/476/3448 4097/469/3447 4091/477/3441
f 4094/404/3444 4099/400/3449 4093/403/3443
f 4092/438/3442 4093/403/3443 4100/401/3450
f 4093/403/3443 4099/400/3449 4100/401/3450
f 4101/436/3451 4092/438/3442 4100/401/3450
f 4102/437/3452 4090/443/3440 4092/438/3442
f 4102/437/3452 4092/438/3442 4101/436/3451
f 4103/486/3453 4090/443/3440 4102/437/3452
f 4090/443/3440 4104/485/446 4091/477/3441
f 4103/486/3453 4104/485/446 4090/443/3440
f 4104/485/446 4105/484/480 4091/477/3441
f 4091/477/3441 4105/484/480 4098/476/3448
f 4105/484/480 4106/483/479 4098/476/3448
f 4096/445/3446 4097/469/3447 4107/466/3454
f 4108/470/3455 4097/469/3447 4098/476/3448
f 4097/469/3447 4108/470/3455 4107/466/3454
f 4098/476/3448 4106/483/479 4109/475/3456
f 4109/475/3456 4108/470/3455 4098/476/3448
f 4106/483/479 4110/482/478 4109/475/3456
f 4109/475/3456 4110/482/478 4111/474/3457
f 4110/482/478 4112/481/477 4111/474/3457
f 4111/474/3457 4112/481/477 4113/473/3458
f 4112/481/477 4114/480/476 4113/473/3458
f 4107/466/3454 4108/470/3455 4115/467/3459
f 4107/466/3454 4115/467/3459 4116/448/3460
f 4108/470/3455 4117/471/3461 4115/467/3459
f 4111/474/3457 4117/471/3461 4109/475/3456
f 4117/471/3461 4108/470/3455 4109/475/3456
f 4113/473/3458 4118/472/3462 4111/474/3457
f 4118/472/3462 4117/471/3461 4111/474/3457
f 4119/463/3463 4118/472/3462 4113/473/3458
f 4120/465/3464 4119/463/3463 4113/473/3458
f 4113/473/3458 4114/480/476 4120/465/3464
f 4121/464/3465 4119/463/3463 4120/465/3464
f 4115/467/3459 4117/471/3461 4122/468/3466
f 4117/471/3461 4118/472/3462 4122/468/3466
f 4118/472/3462 4119/463/3463 4123/461/3467
f 4122/468/3466 4118/472/3462 4123/461/3467
f 4119/463/3463 4121/464/3465 4124/462/3468
f 4123/461/3467 4119/463/3463 4124/462/3468
f 4123/461/3467 4124/462/3468 4125/460/3469
f 4125/460/3469 4124/462/3468 4126/487/3470
f 4124/462/3468 4121/464/3465 4127/491/3471
f 4124/462/3468 4127/491/3471 4126/487/3470
f 4126/487/3470 4127/491/3471 4128/490/3472
f 4114/480/476 4129/478/492 4120/465/3464
f 4120/465/3464 4129/478/492 4130/479/3473
f 4130/479/3473 4121/464/3465 4120/465/3464
f 4121/464/3465 4131/493/3474 4127/491/3471
f 4131/493/3474 4121/464/3465 4130/479/3473
f 4127/491/3471 4131/493/3474 4132/492/3475
f 4127/491/3471 4132/492/3475 4128/490/3472
f 4128/490/3472 4132/492/3475 4133/494/3476
f 4133/494/3476 4134/495/432 4128/490/3472
f 4128/490/3472 4135/488/476 4126/487/3470
f 4128/490/3472 4134/495/432 4135/488/476
f 4126/487/3470 4135/488/476 4136/489/3477
f 4126/487/3470 4136/489/3477 4125/460/3469
f 4125/460/3469 4136/489/3477 4137/456/3478
f 4138/459/3479 4123/461/3467 4125/460/3469
f 4125/460/3469 4137/456/3478 4138/459/3479
f 4122/468/3466 4123/461/3467 4138/459/3479
f 4138/459/3479 4137/456/3478 4139/454/479
f 4140/458/3480 4122/468/3466 4138/459/3479
f 4115/467/3459 4122/468/3466 4140/458/3480
f 4138/459/3479 4139/454/479 4140/458/3480
f 4116/448/3460 4115/467/3459 4140/458/3480
f 4140/458/3480 4141/449/448 4116/448/3460
f 4140/458/3480 4139/454/479 4141/449/448
f 4136/489/3477 4142/496/3481 4137/456/3478
f 4137/456/3478 4142/496/3481 4143/457/3482
f 4144/455/479 4137/456/3478 4143/457/3482
f 4139/454/479 4137/456/3478 4144/455/479
f 4145/453/480 4139/454/479 4144/455/479
f 4141/449/448 4139/454/479 4145/453/480
f 4146/452/446 4141/449/448 4145/453/480
f 4147/447/446 4141/449/448 4146/452/446
f 4116/448/3460 4141/449/448 4147/447/446
f 4146/452/446 4148/451/3483 4147/447/446
f 4147/447/446 4148/451/3483 4149/442/3484
f 4148/451/3483 4150/450/3485 4149/442/3484
f 4149/442/3484 4150/450/3485 4151/398/3486
f 4152/446/3487 4107/466/3454 4116/448/3460
f 4096/445/3446 4107/466/3454 4152/446/3487
f 4116/448/3460 4147/447/446 4152/446/3487
f 4152/446/3487 4147/447/446 4149/442/3484
f 4095/440/3445 4096/445/3446 4153/441/3488
f 4153/441/3488 4149/442/3484 4151/398/3486
f 4152/446/3487 4149/442/3484 4153/441/3488
f 4153/441/3488 4096/445/3446 4152/446/3487
f 4094/404/3444 4095/440/3445 4154/399/3489
f 4153/441/3488 4151/398/3486 4154/399/3489
f 4154/399/3489 4095/440/3445 4153/441/3488
f 4154/399/3489 4151/398/3486 4155/396/400
f 4154/399/3489 4155/396/400 4156/406/3490
f 4156/406/3490 4155/396/400 4157/407/411
f 4156/406/3490 4157/407/411 4158/409/3491
f 4159/411/3492 4099/400/3449 4160/410/3493
f 4160/410/3493 4099/400/3449 4161/405/3494
f 4161/405/3494 4099/400/3449 4094/404/3444
f 4094/404/3444 4154/399/3489 4161/405/3494
f 4158/409/3491 4161/405/3494 4156/406/3490
f 4160/410/3493 4161/405/3494 4158/409/3491
f 4161/405/3494 4154/399/3489 4156/406/3490
f 4162/427/3495 4163/419/3496 4164/426/3497
f 4164/426/3497 4163/419/3496 4165/420/3498
f 4163/419/3496 4166/415/3499 4165/420/3498
f 4166/415/3499 4159/411/3492 4160/410/3493
f 4166/415/3499 4160/410/3493 4167/416/3500
f 4165/420/3498 4166/415/3499 4167/416/3500
f 4167/416/3500 4160/410/3493 4158/409/3491
f 4158/409/3491 4168/422/412 4167/416/3500
f 4158/409/3491 4157/407/411 4168/422/412
f 4167/416/3500 4168/422/412 4169/421/425
f 4167/416/3500 4169/421/425 4165/420/3498
f 4165/420/3498 4170/425/427 4164/426/3497
f 4165/420/3498 4169/421/425 4170/425/427
f 4164/426/3497 4170/425/427 4171/430/492
f 4169/421/425 4172/424/426 4170/425/427
f 4168/422/412 4173/423/425 4169/421/425
f 4173/423/425 4172/424/426 4169/421/425
f 4157/407/411 4174/408/412 4168/422/412
f 4174/408/412 4173/423/425 4168/422/412
f 4155/396/400 4175/397/411 4157/407/411
f 4175/397/411 4174/408/412 4157/407/411
f 4176/395/3501 4175/397/411 4155/396/400
f 4177/2471/3502 4178/2469/3503 4179/2470/3502
f 4179/2470/3502 4178/2469/3503 4180/2468/3503
f 4181/2482/3504 4182/2480/3504 4183/2481/3504
f 4183/2481/3504 4182/2480/3504 4184/2479/3504
f 4185/2485/771 4186/2484/771 4187/2483/771
f 4186/2484/771 4188/2482/771 4189/2481/771
f 4190/2486/771 4186/2484/771 4185/2485/771
f 4190/2486/771 4188/2482/771 4186/2484/771
f 4190/2486/771 4185/2485/771 4191/2487/771
f 4185/2485/771 4192/2488/771 4191/2487/771
f 4191/2487/771 4192/2488/771 4193/2489/771
f 4191/2487/771 4193/2489/771 4194/2490/771
f 4195/2491/771 4191/2487/771 4194/2490/771
f 4190/2486/771 4191/2487/771 4195/2491/771
f 4196/2492/771 4190/2486/771 4195/2491/771
f 4190/2486/771 4197/2499/771 4188/2482/771
f 4198/2498/771 4197/2499/771 4190/2486/771
f 4198/2498/771 4190/2486/771 4199/2497/771
f 4199/2497/771 4190/2486/771 4200/2496/771
f 4190/2486/771 4201/2493/771 4200/2496/771
f 4196/2492/771 4201/2493/771 4190/2486/771
f 4200/2496/771 4201/2493/771 4202/2494/3355
f 4202/2494/3355 4201/2493/771 4203/2495/3356
f 4204/2500/771 4201/2493/771 4196/2492/771
f 4205/2501/771 4201/2493/771 4204/2500/771
f 4205/2501/771 4203/2495/3356 4201/2493/771
f 4206/2502/771 4203/2495/3356 4205/2501/771
f 4207/2503/771 4203/2495/3356 4206/2502/771
f 4208/2504/3505 4203/2495/3356 4207/2503/771
f 4209/541/3506 4210/534/3507 4211/552/3508
f 4211/552/3508 4210/534/3507 4212/532/3509
f 4210/534/3507 4213/530/3510 4212/532/3509
f 4212/532/3509 4213/530/3510 4214/533/3511
f 4215/551/3512 4209/541/3506 4211/552/3508
f 4211/552/3508 4216/553/3513 4215/551/3512
f 4212/532/3509 4217/555/3514 4211/552/3508
f 4217/555/3514 4216/553/3513 4211/552/3508
f 4218/556/3515 4217/555/3514 4212/532/3509
f 4214/533/3511 4218/556/3515 4212/532/3509
f 4219/557/3516 4218/556/3515 4214/533/3511
f 4220/529/3517 4221/528/3518 4222/531/3519
f 4220/529/3517 4213/530/3510 4223/527/3520
f 4223/527/3520 4213/530/3510 4210/534/3507
f 4223/527/3520 4221/528/3518 4220/529/3517
f 4224/535/3521 4210/534/3507 4209/541/3506
f 4223/527/3520 4210/534/3507 4224/535/3521
f 4224/535/3521 4209/541/3506 4225/537/3522
f 4225/537/3522 4209/541/3506 4226/542/3523
f 4226/542/3523 4209/541/3506 4215/551/3512
f 4225/537/3522 4226/542/3523 4227/539/3524
f 4227/539/3524 4226/542/3523 4228/543/3525
f 4225/537/3522 4229/536/3526 4224/535/3521
f 4224/535/3521 4229/536/3526 4230/526/3527
f 4224/535/3521 4230/526/3527 4223/527/3520
f 4223/527/3520 4230/526/3527 4221/528/3518
f 4231/571/1033 4232/547/3528 4233/561/3529
f 4233/561/3529 4232/547/3528 4234/563/3530
f 4232/547/3528 4235/545/3531 4234/563/3530
f 4234/563/3530 4235/545/3531 4236/549/3532
f 4235/545/3531 4228/543/3525 4236/549/3532
f 4237/550/3533 4226/542/3523 4215/551/3512
f 4228/543/3525 4226/542/3523 4237/550/3533
f 4236/549/3532 4228/543/3525 4237/550/3533
f 4238/559/3534 4231/571/1033 4233/561/3529
f 4233/561/3529 4239/558/3535 4238/559/3534
f 4234/563/3530 4240/562/3536 4233/561/3529
f 4240/562/3536 4239/558/3535 4233/561/3529
f 4236/549/3532 4241/564/3537 4234/563/3530
f 4241/564/3537 4240/562/3536 4234/563/3530
f 4242/565/3538 4241/564/3537 4236/549/3532
f 4237/550/3533 4242/565/3538 4236/549/3532
f 4243/554/3539 4242/565/3538 4237/550/3533
f 4215/551/3512 4243/554/3539 4237/550/3533
f 4216/553/3513 4243/554/3539 4215/551/3512
f 4244/586/3540 4245/576/3541 4246/644/3542
f 4246/644/3542 4245/576/3541 4247/645/3543
f 4245/576/3541 4248/566/3544 4247/645/3543
f 4247/645/3543 4248/566/3544 4249/567/3545
f 4248/566/3544 4250/568/3546 4249/567/3545
f 4249/567/3545 4250/568/3546 4251/569/3547
f 4250/568/3546 4252/570/3548 4251/569/3547
f 4252/570/3548 4231/571/1033 4238/559/3534
f 4251/569/3547 4252/570/3548 4238/559/3534
f 4253/643/3549 4244/586/3540 4246/644/3542
f 4246/644/3542 4254/646/3550 4253/643/3549
f 4247/645/3543 4255/647/3551 4246/644/3542
f 4255/647/3551 4254/646/3550 4246/644/3542
f 4249/567/3545 4256/648/3552 4247/645/3543
f 4256/648/3552 4255/647/3551 4247/645/3543
f 4251/569/3547 4257/649/3553 4249/567/3545
f 4257/649/3553 4256/648/3552 4249/567/3545
f 4258/560/3554 4257/649/3553 4251/569/3547
f 4239/558/3535 4258/560/3554 4238/559/3534
f 4238/559/3534 4258/560/3554 4251/569/3547
f 4259/601/3555 4260/592/3556 4261/634/3557
f 4261/634/3557 4260/592/3556 4262/635/3558
f 4260/592/3556 4263/590/3559 4262/635/3558
f 4262/635/3558 4263/590/3559 4264/636/3560
f 4263/590/3559 4265/588/3561 4264/636/3560
f 4264/636/3560 4265/588/3561 4266/641/3562
f 4265/588/3561 4267/587/3563 4266/641/3562
f 4267/587/3563 4244/586/3540 4253/643/3549
f 4266/641/3562 4267/587/3563 4253/643/3549
f 4268/633/3564 4259/601/3555 4261/634/3557
f 4261/634/3557 4269/637/3565 4268/633/3564
f 4262/635/3558 4270/638/3566 4261/634/3557
f 4270/638/3566 4269/637/3565 4261/634/3557
f 4264/636/3560 4271/639/3567 4262/635/3558
f 4271/639/3567 4270/638/3566 4262/635/3558
f 4266/641/3562 4272/640/3568 4264/636/3560
f 4272/640/3568 4271/639/3567 4264/636/3560
f 4273/642/3569 4272/640/3568 4266/641/3562
f 4253/643/3549 4273/642/3569 4266/641/3562
f 4254/646/3550 4273/642/3569 4253/643/3549
f 4274/616/3570 4275/607/3571 4276/623/3572
f 4276/623/3572 4275/607/3571 4277/624/3573
f 4275/607/3571 4278/605/3574 4277/624/3573
f 4277/624/3573 4278/605/3574 4279/625/3575
f 4278/605/3574 4280/603/3576 4279/625/3575
f 4279/625/3575 4280/603/3576 4281/631/3577
f 4280/603/3576 4282/602/3578 4281/631/3577
f 4281/631/3577 4282/602/3578 4268/633/3564
f 4282/602/3578 4259/601/3555 4268/633/3564
f 4283/622/3579 4274/616/3570 4276/623/3572
f 4276/623/3572 4284/626/3580 4283/622/3579
f 4277/624/3573 4285/628/3581 4276/623/3572
f 4285/628/3581 4284/626/3580 4276/623/3572
f 4286/629/3582 4285/628/3581 4277/624/3573
f 4279/625/3575 4286/629/3582 4277/624/3573
f 4281/631/3577 4287/630/3583 4279/625/3575
f 4287/630/3583 4286/629/3582 4279/625/3575
f 4269/637/3565 4288/632/3584 4268/633/3564
f 4288/632/3584 4287/630/3583 4281/631/3577
f 4268/633/3564 4288/632/3584 4281/631/3577
f 4289/672/3585 4290/670/3586 4291/673/3587
f 4291/673/3587 4290/670/3586 4292/674/3588
f 4290/670/3586 4293/619/3589 4292/674/3588
f 4292/674/3588 4293/619/3589 4294/620/3590
f 4293/619/3589 4295/618/3591 4294/620/3590
f 4294/620/3590 4295/618/3591 4296/621/3592
f 4295/618/3591 4297/617/3593 4296/621/3592
f 4296/621/3592 4297/617/3593 4283/622/3579
f 4297/617/3593 4274/616/3570 4283/622/3579
f 4298/680/3594 4289/672/3585 4291/673/3587
f 4291/673/3587 4299/681/3516 4298/680/3594
f 4292/674/3588 4300/682/3595 4291/673/3587
f 4300/682/3595 4299/681/3516 4291/673/3587
f 4301/683/3596 4300/682/3595 4292/674/3588
f 4294/620/3590 4301/683/3596 4292/674/3588
f 4302/684/3597 4301/683/3596 4294/620/3590
f 4296/621/3592 4302/684/3597 4294/620/3590
f 4303/627/3598 4302/684/3597 4296/621/3592
f 4284/626/3580 4303/627/3598 4283/622/3579
f 4283/622/3579 4303/627/3598 4296/621/3592
f 4304/614/3599 4297/617/3593 4295/618/3591
f 4305/668/3600 4295/618/3591 4293/619/3589
f 4304/614/3599 4295/618/3591 4305/668/3600
f 4305/668/3600 4293/619/3589 4306/669/3601
f 4306/669/3601 4293/619/3589 4290/670/3586
f 4306/669/3601 4290/670/3586 4307/671/3602
f 4307/671/3602 4290/670/3586 4289/672/3585
f 4307/671/3602 4289/672/3585 4308/678/3517
f 4309/679/3603 4289/672/3585 4298/680/3594
f 4308/678/3517 4289/672/3585 4309/679/3603
f 4308/678/3517 4310/677/3604 4307/671/3602
f 4307/671/3602 4311/676/3605 4306/669/3601
f 4307/671/3602 4310/677/3604 4311/676/3605
f 4306/669/3601 4311/676/3605 4312/675/3606
f 4306/669/3601 4312/675/3606 4305/668/3600
f 4305/668/3600 4312/675/3606 4313/615/3607
f 4305/668/3600 4313/615/3607 4304/614/3599
f 4304/614/3599 4313/615/3607 4314/613/3608
f 4315/612/3609 4297/617/3593 4304/614/3599
f 4304/614/3599 4314/613/3608 4315/612/3609
f 4315/612/3609 4274/616/3570 4297/617/3593
f 4315/612/3609 4314/613/3608 4316/611/3610
f 4317/599/3611 4282/602/3578 4280/603/3576
f 4318/604/3612 4280/603/3576 4278/605/3574
f 4317/599/3611 4280/603/3576 4318/604/3612
f 4318/604/3612 4278/605/3574 4319/606/3613
f 4319/606/3613 4278/605/3574 4275/607/3571
f 4319/606/3613 4275/607/3571 4320/608/3614
f 4320/608/3614 4275/607/3571 4274/616/3570
f 4320/608/3614 4274/616/3570 4315/612/3609
f 4315/612/3609 4316/611/3610 4320/608/3614
f 4320/608/3614 4316/611/3610 4321/610/3615
f 4320/608/3614 4321/610/3615 4319/606/3613
f 4319/606/3613 4322/609/3616 4318/604/3612
f 4319/606/3613 4321/610/3615 4322/609/3616
f 4318/604/3612 4323/600/3617 4317/599/3611
f 4318/604/3612 4322/609/3616 4323/600/3617
f 4317/599/3611 4323/600/3617 4324/598/3618
f 4325/597/3619 4259/601/3555 4282/602/3578
f 4325/597/3619 4282/602/3578 4317/599/3611
f 4317/599/3611 4324/598/3618 4325/597/3619
f 4325/597/3619 4324/598/3618 4326/596/3620
f 4327/584/3621 4267/587/3563 4265/588/3561
f 4328/589/3622 4265/588/3561 4263/590/3559
f 4327/584/3621 4265/588/3561 4328/589/3622
f 4328/589/3622 4263/590/3559 4329/591/3623
f 4329/591/3623 4263/590/3559 4260/592/3556
f 4329/591/3623 4260/592/3556 4330/593/3624
f 4330/593/3624 4260/592/3556 4259/601/3555
f 4330/593/3624 4259/601/3555 4325/597/3619
f 4325/597/3619 4326/596/3620 4330/593/3624
f 4330/593/3624 4326/596/3620 4331/595/3625
f 4330/593/3624 4331/595/3625 4329/591/3623
f 4329/591/3623 4331/595/3625 4332/594/3626
f 4329/591/3623 4332/594/3626 4328/589/3622
f 4328/589/3622 4333/585/3627 4327/584/3621
f 4328/589/3622 4332/594/3626 4333/585/3627
f 4327/584/3621 4333/585/3627 4334/583/3628
f 4335/582/3629 4244/586/3540 4267/587/3563
f 4335/582/3629 4267/587/3563 4327/584/3621
f 4327/584/3621 4334/583/3628 4335/582/3629
f 4335/582/3629 4334/583/3628 4336/581/3630
f 4337/573/3631 4252/570/3548 4250/568/3546
f 4338/574/3632 4250/568/3546 4248/566/3544
f 4337/573/3631 4250/568/3546 4338/574/3632
f 4338/574/3632 4248/566/3544 4339/575/3633
f 4339/575/3633 4248/566/3544 4245/576/3541
f 4339/575/3633 4245/576/3541 4340/577/3634
f 4340/577/3634 4245/576/3541 4244/586/3540
f 4340/577/3634 4244/586/3540 4335/582/3629
f 4335/582/3629 4336/581/3630 4340/577/3634
f 4340/577/3634 4341/580/3635 4339/575/3633
f 4340/577/3634 4336/581/3630 4341/580/3635
f 4339/575/3633 4342/579/3636 4338/574/3632
f 4339/575/3633 4341/580/3635 4342/579/3636
f 4338/574/3632 4342/579/3636 4343/578/3637
f 4338/574/3632 4343/578/3637 4337/573/3631
f 4337/573/3631 4343/578/3637 4344/2901/3638
f 4337/573/3631 4344/2901/3638 4345/572/3639
f 4345/572/3639 4231/571/1033 4252/570/3548
f 4345/572/3639 4252/570/3548 4337/573/3631
f 4345/572/3639 4344/2901/3638 4346/2902/3640
f 4347/544/3641 4228/543/3525 4235/545/3531
f 4227/539/3524 4228/543/3525 4347/544/3641
f 4347/544/3641 4235/545/3531 4348/546/3642
f 4348/546/3642 4235/545/3531 4232/547/3528
f 4348/546/3642 4232/547/3528 4349/548/3643
f 4349/548/3643 4232/547/3528 4231/571/1033
f 4345/572/3639 4346/2902/3640 4349/548/3643
f 4349/548/3643 4231/571/1033 4345/572/3639
f 4349/548/3643 4346/2902/3640 4350/2903/3644
f 4349/548/3643 4350/2903/3644 4348/546/3642
f 4348/546/3642 4350/2903/3644 4351/2904/3645
f 4348/546/3642 4351/2904/3645 4347/544/3641
f 4347/544/3641 4351/2904/3645 4352/540/3646
f 4347/544/3641 4352/540/3646 4227/539/3524
f 4225/537/3522 4353/538/3647 4229/536/3526
f 4227/539/3524 4353/538/3647 4225/537/3522
f 4227/539/3524 4352/540/3646 4353/538/3647
f 4354/2370/2437 4355/2375/2436 4356/2374/2436
f 4357/2373/2436 4354/2370/2437 4356/2374/2436
f 4358/2372/2436 4354/2370/2437 4357/2373/2436
f 4359/2369/2436 4354/2370/2437 4358/2372/2436
f 4359/2369/2436 4360/2371/3648 4354/2370/2437
f 4361/2388/3356 4362/2383/3649 4363/2387/3650
f 4363/2387/3650 4362/2383/3649 4364/2381/3651
f 4363/2387/3650 4364/2381/3651 4365/2386/3652
f 4365/2386/3652 4364/2381/3651 4366/2385/3653
f 4364/2381/3651 4367/2378/3654 4366/2385/3653
f 4368/2379/3655 4367/2378/3654 4360/2371/3648
f 4366/2385/3653 4367/2378/3654 4368/2379/3655
f 4360/2371/3648 4369/2380/2442 4354/2370/2437
f 4367/2378/3654 4369/2380/2442 4360/2371/3648
f 4369/2380/2442 4367/2378/3654 4364/2381/3651
f 4370/2376/3656 4355/2375/2436 4354/2370/2437
f 4354/2370/2437 4369/2380/2442 4370/2376/3656
f 4355/2375/2436 4370/2376/3656 4371/2377/2436
f 4370/2376/3656 4369/2380/2442 4372/2382/2440
f 4372/2382/2440 4373/2384/3356 4370/2376/3656
f 4369/2380/2442 4364/2381/3651 4372/2382/2440
f 4372/2382/2440 4364/2381/3651 4362/2383/3649
f 4362/2383/3649 4373/2384/3356 4372/2382/2440
f 4374/2482/3657 4375/2556/3657 4376/2480/3657
f 4377/2499/3657 4375/2556/3657 4374/2482/3657
f 4375/2556/3657 4377/2499/3657 4378/2557/3658
f 4378/2557/3658 4377/2499/3657 4379/2498/3659
f 4379/2498/3659 4380/2558/3660 4378/2557/3658
f 4381/2497/3660 4380/2558/3660 4379/2498/3659
f 4380/2558/3660 4381/2497/3660 4382/2559/3661
f 4382/2559/3661 4381/2497/3660 4383/2496/3662
f 4383/2496/3662 4384/2560/3504 4382/2559/3661
f 4385/2494/3504 4384/2560/3504 4383/2496/3662
f 4386/433/3663 4387/434/3664 4388/414/3665
f 4388/414/3665 4387/434/3664 4389/412/3666
f 4387/434/3664 4390/435/3667 4389/412/3666
f 4101/436/3451 4100/401/3450 4390/435/3667
f 4391/402/3668 4159/411/3492 4389/412/3666
f 4099/400/3449 4159/411/3492 4391/402/3668
f 4100/401/3450 4099/400/3449 4391/402/3668
f 4390/435/3667 4100/401/3450 4391/402/3668
f 4389/412/3666 4390/435/3667 4391/402/3668
f 4392/431/433 4386/433/3663 4393/418/3669
f 4393/418/3669 4386/433/3663 4388/414/3665
f 4162/427/3495 4394/417/3670 4163/419/3496
f 4388/414/3665 4394/417/3670 4393/418/3669
f 4163/419/3496 4395/413/3671 4166/415/3499
f 4389/412/3666 4395/413/3671 4388/414/3665
f 4159/411/3492 4395/413/3671 4389/412/3666
f 4395/413/3671 4159/411/3492 4166/415/3499
f 4394/417/3670 4395/413/3671 4163/419/3496
f 4395/413/3671 4394/417/3670 4388/414/3665
f 4396/429/3672 4392/431/433 4393/418/3669
f 4397/432/432 4392/431/433 4396/429/3672
f 4393/418/3669 4398/428/3673 4396/429/3672
f 4394/417/3670 4398/428/3673 4393/418/3669
f 4398/428/3673 4394/417/3670 4162/427/3495
f 4399/2398/3674 4400/2399/3675 4401/2400/3676
f 4402/2392/3677 4400/2399/3675 4399/2398/3674
f 4402/2392/3677 4399/2398/3674 4403/2397/2455
f 4404/2396/2455 4402/2392/3677 4403/2397/2455
f 4405/2395/3678 4402/2392/3677 4404/2396/2455
f 4406/2394/2455 4402/2392/3677 4405/2395/3678
f 4402/2392/3677 4406/2394/2455 4407/2393/3679
f 4407/2393/3679 4408/2389/3680 4402/2392/3677
f 4408/2389/3680 4409/2390/2451 4402/2392/3677
f 4402/2392/3677 4409/2390/2451 4400/2399/3675
f 4408/2389/3680 4410/2391/2452 4409/2390/2451
f 4400/2399/3675 4409/2390/2451 4411/2401/2458
f 4412/497/3681 4413/499/771 4414/498/3647
f 4414/498/3647 4413/499/771 4415/500/3682
f 4415/500/3682 4413/499/771 4416/501/3683
f 4416/501/3683 4413/499/771 4417/502/3684
f 4417/502/3684 4413/499/771 4418/503/3685
f 4418/503/3685 4413/499/771 4419/504/3686
f 4419/504/3686 4413/499/771 4420/505/3687
f 4420/505/3687 4413/499/771 4421/506/3688
f 4422/507/3689 4413/499/771 4423/508/3690
f 4423/508/3690 4413/499/771 4424/509/3691
f 4424/509/3691 4413/499/771 4425/510/3692
f 4425/510/3692 4413/499/771 4426/511/3693
f 4426/511/3693 4413/499/771 4427/512/3694
f 4427/512/3694 4413/499/771 4428/513/3638
f 4428/513/3638 4413/499/771 4429/514/3640
f 4429/514/3640 4413/499/771 4430/515/3695
f 4431/516/3696 4413/499/771 4412/497/3681
f 4430/515/3695 4413/499/771 4431/516/3696
f 4421/506/3688 4413/499/771 4432/517/3697
f 4432/517/3697 4413/499/771 4433/518/3698
f 4433/518/3698 4413/499/771 4434/519/3699
f 4434/519/3699 4413/499/771 4435/520/3700
f 4435/520/3700 4413/499/771 4436/521/3701
f 4436/521/3701 4413/499/771 4437/522/3702
f 4437/522/3702 4413/499/771 4438/523/3703
f 4438/523/3703 4413/499/771 4439/524/3704
f 4439/524/3704 4413/499/771 4440/525/3705
f 4440/525/3705 4413/499/771 4422/507/3689
f 4441/2350/3706 4442/2349/3707 4443/2348/3708
f 4444/2353/3709 4445/2352/3710 4446/2351/3711
f 4446/2351/3711 4445/2352/3710 4447/2354/3712
f 4446/2351/3711 4447/2354/3712 4448/2355/3713
f 4448/2355/3713 4449/2356/3714 4441/2350/3706
f 4448/2355/3713 4447/2354/3712 4449/2356/3714
f 4450/2357/3715 4442/2349/3707 4441/2350/3706
f 4441/2350/3706 4449/2356/3714 4450/2357/3715
f 4442/2349/3707 4450/2357/3715 4451/2358/3716
f 4452/2361/771 4453/2360/771 4454/2359/771
f 4455/2362/771 4453/2360/771 4452/2361/771
f 4456/2363/3717 4453/2360/771 4455/2362/771
f 4457/2364/3718 4453/2360/771 4456/2363/3717
f 4458/2365/3719 4457/2364/3718 4456/2363/3717
f 4459/2366/3720 4457/2364/3718 4458/2365/3719
f 4444/2353/3709 4460/2367/3721 4445/2352/3710
f 4458/2365/3719 4460/2367/3721 4459/2366/3720
f 4461/2368/3722 4460/2367/3721 4444/2353/3709
f 4459/2366/3720 4460/2367/3721 4461/2368/3722
f 4462/2905/3723 4463/2906/3724 4464/2907/3725
f 4465/2908/3723 4463/2906/3724 4462/2905/3723
f 4462/2905/3723 4466/2909/3726 4465/2908/3723
f 4465/2908/3723 4466/2909/3726 4467/2910/3727
f 4467/2910/3727 4466/2909/3726 4468/2911/3728
f 4468/2911/3728 4466/2909/3726 4469/2912/3729
f 4468/2911/3728 4469/2912/3729 4470/2913/3730
f 4470/2913/3730 4469/2912/3729 4471/2914/3731
f 4472/2915/3732 4473/2916/2689 4474/2917/3733
f 4474/2917/3733 4473/2916/2689 4475/2918/2689
f 4473/2916/2689 4476/2919/3734 4475/2918/2689
f 4475/2918/2689 4476/2919/3734 4477/2920/3735
f 4476/2919/3734 4478/2921/3736 4477/2920/3735
f 4477/2920/3735 4478/2921/3736 4479/2922/3736
f 4478/2921/3736 4480/2923/3737 4479/2922/3736
f 4479/2922/3736 4480/2923/3737 4481/2924/3737
f 4480/2923/3737 4482/2925/3738 4481/2924/3737
f 4481/2924/3737 4482/2925/3738 4483/2926/3738
f 4482/2925/3738 4484/2927/3733 4483/2926/3738
f 4483/2926/3738 4484/2927/3733 4485/2928/3739
f 4486/2914/3740 4487/2912/3741 4488/2913/3742
f 4488/2913/3742 4487/2912/3741 4489/2911/3727
f 4490/2909/3728 4489/2911/3727 4487/2912/3741
f 4491/2910/3728 4489/2911/3727 4490/2909/3728
f 4491/2910/3728 4490/2909/3728 4492/2908/3743
f 4492/2908/3743 4490/2909/3728 4493/2905/3743
f 4492/2908/3743 4493/2905/3743 4494/2906/3744
f 4494/2906/3744 4493/2905/3743 4495/2907/3723
f 4496/2929/3745 4497/2930/3746 4498/2931/3747
f 4498/2931/3747 4497/2930/3746 4499/2932/2336
f 4498/2931/3747 4499/2932/2336 4500/2933/3748
f 4500/2933/3748 4499/2932/2336 4501/2934/3749
f 4500/2933/3748 4501/2934/3749 4502/2935/3750
f 4502/2935/3750 4501/2934/3749 4503/2936/3751
f 4504/2937/3752 4505/2938/759 4506/2939/3753
f 4506/2939/3753 4505/2938/759 4507/2940/3754
f 4506/2939/3753 4507/2940/3754 4508/2941/3755
f 4508/2941/3755 4507/2940/3754 4509/2942/2308
f 4508/2941/3755 4509/2942/2308 4510/2943/3756
f 4510/2943/3756 4509/2942/2308 4511/2944/3757
f 4510/2943/3756 4511/2944/3757 4512/2945/3758
f 4512/2945/3758 4511/2944/3757 4513/2946/3759
f 4512/2945/3758 4513/2946/3759 4496/2929/3745
f 4496/2929/3745 4513/2946/3759 4497/2930/3746
f 4514/2947/3760 4515/2948/1707 4516/2949/3761
f 4516/2949/3761 4515/2948/1707 4517/2950/3762
f 4515/2948/1707 4518/2951/3763 4517/2950/3762
f 4519/2952/3764 4518/2951/3763 4515/2948/1707
f 4519/2952/3764 4515/2948/1707 4520/2953/3765
f 4520/2953/3765 4515/2948/1707 4521/2954/3766
f 4514/2947/3760 4522/2955/3767 4515/2948/1707
f 4515/2948/1707 4522/2955/3767 4521/2954/3766
f 4523/2956/3768 4524/2957/3769 4525/2958/3770
f 4525/2958/3770 4524/2957/3769 4526/2959/3771
f 4527/2960/3772 4523/2956/3768 4525/2958/3770
f 4528/2961/3773 4523/2956/3768 4527/2960/3772
f 4526/2959/3771 4529/2962/3774 4525/2958/3770
f 4525/2958/3770 4529/2962/3774 4527/2960/3772
f 4530/2963/3775 4529/2962/3774 4526/2959/3771
f 4531/2964/3776 4528/2961/3773 4532/2965/3777
f 4532/2965/3777 4528/2961/3773 4527/2960/3772
f 4531/2964/3776 4532/2965/3777 4533/2966/3778
f 4527/2960/3772 4534/2967/3779 4532/2965/3777
f 4527/2960/3772 4529/2962/3774 4534/2967/3779
f 4530/2963/3775 4535/2968/3780 4529/2962/3774
f 4529/2962/3774 4535/2968/3780 4534/2967/3779
f 4536/2969/3781 4535/2968/3780 4530/2963/3775
f 4537/2970/3782 4538/2971/3783 4539/2972/3784
f 4537/2970/3782 4539/2972/3784 4535/2968/3780
f 4535/2968/3780 4539/2972/3784 4540/2973/3785
f 4534/2967/3779 4535/2968/3780 4540/2973/3785
f 4532/2965/3777 4534/2967/3779 4541/2974/3786
f 4540/2973/3785 4541/2974/3786 4534/2967/3779
f 4533/2966/3778 4532/2965/3777 4542/2975/3787
f 4532/2965/3777 4541/2974/3786 4542/2975/3787
f 4533/2966/3778 4542/2975/3787 4543/2976/3788
f 4543/2976/3788 4542/2975/3787 4544/2977/3789
f 4542/2975/3787 4541/2974/3786 4545/2978/3790
f 4539/2972/3784 4538/2971/3783 4546/2979/3791
f 4547/2980/3792 4545/2978/3790 4548/2981/3793
f 4548/2981/3793 4545/2978/3790 4541/2974/3786
f 4548/2981/3793 4541/2974/3786 4540/2973/3785
f 4548/2981/3793 4549/2982/3794 4547/2980/3792
f 4547/2980/3792 4550/2983/3795 4545/2978/3790
f 4547/2980/3792 4549/2982/3794 4550/2983/3795
f 4545/2978/3790 4550/2983/3795 4551/2984/3796
f 4545/2978/3790 4551/2984/3796 4542/2975/3787
f 4542/2975/3787 4551/2984/3796 4544/2977/3789
f 4543/2976/3788 4544/2977/3789 4552/2985/3769
f 4552/2985/3769 4544/2977/3789 4553/2986/3771
f 4544/2977/3789 4554/2987/3775 4553/2986/3771
f 4551/2984/3796 4554/2987/3775 4544/2977/3789
f 4550/2983/3795 4555/2988/3797 4551/2984/3796
f 4551/2984/3796 4555/2988/3797 4554/2987/3775
f 4550/2983/3795 4556/2989/3798 4555/2988/3797
f 4550/2983/3795 4549/2982/3794 4556/2989/3798
f 4549/2982/3794 4557/2990/3799 4556/2989/3798
f 4558/2991/3800 4557/2990/3799 4549/2982/3794
f 4559/2992/3801 4560/2993/3802 4561/2994/3803
f 4559/2992/3801 4561/2994/3803 4562/2995/3804
f 4562/2995/3804 4561/2994/3803 4563/2996/3805
f 4562/2995/3804 4563/2996/3805 4557/2990/3799
f 4557/2990/3799 4563/2996/3805 4564/2997/3806
f 4556/2989/3798 4557/2990/3799 4565/2998/3807
f 4565/2998/3807 4557/2990/3799 4564/2997/3806
f 4555/2988/3797 4556/2989/3798 4565/2998/3807
f 4558/2991/3800 4566/2999/3808 4557/2990/3799
f 4557/2990/3799 4566/2999/3808 4562/2995/3804
f 4566/2999/3808 4567/3000/3809 4562/2995/3804
f 4562/2995/3804 4567/3000/3809 4559/2992/3801
f 4566/2999/3808 4568/3001/3810 4567/3000/3809
f 4569/3002/3811 4570/3003/3812 4571/3004/3813
f 4572/3005/3814 4569/3002/3811 4571/3004/3813
f 4560/2993/3802 4573/3006/3815 4572/3005/3814
f 4573/3006/3815 4569/3002/3811 4572/3005/3814
f 4574/3007/3816 4573/3006/3815 4560/2993/3802
f 4574/3007/3816 4560/2993/3802 4559/2992/3801
f 4575/3008/3817 4573/3006/3815 4574/3007/3816
f 4567/3000/3809 4575/3008/3817 4559/2992/3801
f 4559/2992/3801 4575/3008/3817 4574/3007/3816
f 4567/3000/3809 4576/3009/3818 4575/3008/3817
f 4568/3001/3810 4576/3009/3818 4567/3000/3809
f 4576/3009/3818 4577/3010/3819 4575/3008/3817
f 4577/3010/3819 4573/3006/3815 4575/3008/3817
f 4573/3006/3815 4577/3010/3819 4569/3002/3811
f 4578/3011/3820 4577/3010/3819 4576/3009/3818
f 4569/3002/3811 4577/3010/3819 4579/3012/3821
f 4577/3010/3819 4578/3011/3820 4579/3012/3821
f 4579/3012/3821 4578/3011/3820 4580/3013/3822
f 4568/3001/3810 4581/3014/3823 4576/3009/3818
f 4581/3014/3823 4578/3011/3820 4576/3009/3818
f 4578/3011/3820 4582/3015/3824 4580/3013/3822
f 4582/3015/3824 4578/3011/3820 4581/3014/3823
f 4580/3013/3822 4582/3015/3824 4583/3016/3825
f 4582/3015/3824 4584/3017/3826 4583/3016/3825
f 4584/3017/3826 4585/3018/3827 4583/3016/3825
f 4583/3016/3825 4585/3018/3827 4586/3019/3828
f 4586/3019/3828 4580/3013/3822 4583/3016/3825
f 4587/3020/3829 4579/3012/3821 4580/3013/3822
f 4587/3020/3829 4580/3013/3822 4586/3019/3828
f 4588/3021/3830 4579/3012/3821 4587/3020/3829
f 4588/3021/3830 4589/3022/3831 4579/3012/3821
f 4589/3022/3831 4570/3003/3812 4569/3002/3811
f 4579/3012/3821 4589/3022/3831 4569/3002/3811
f 4582/3015/3824 4581/3014/3823 4590/3023/3832
f 4590/3023/3832 4584/3017/3826 4582/3015/3824
f 4591/3024/3813 4585/3018/3827 4584/3017/3826
f 4590/3023/3832 4591/3024/3813 4584/3017/3826
f 4592/3025/3833 4585/3018/3827 4591/3024/3813
f 4593/3026/3834 4568/3001/3810 4566/2999/3808
f 4558/2991/3800 4593/3026/3834 4566/2999/3808
f 4594/3027/3835 4581/3014/3823 4568/3001/3810
f 4593/3026/3834 4594/3027/3835 4568/3001/3810
f 4595/3028/3836 4581/3014/3823 4594/3027/3835
f 4596/3029/3837 4581/3014/3823 4595/3028/3836
f 4590/3023/3832 4581/3014/3823 4596/3029/3837
f 4597/3030/3814 4591/3024/3813 4590/3023/3832
f 4596/3029/3837 4597/3030/3814 4590/3023/3832
f 4598/3031/3838 4597/3030/3814 4596/3029/3837
f 4598/3031/3838 4596/3029/3837 4599/3032/3803
f 4599/3032/3803 4596/3029/3837 4595/3028/3836
f 4599/3032/3803 4595/3028/3836 4600/3033/3839
f 4600/3033/3839 4595/3028/3836 4601/3034/3840
f 4595/3028/3836 4594/3027/3835 4601/3034/3840
f 4602/3035/3806 4601/3034/3840 4538/2971/3783
f 4537/2970/3782 4602/3035/3806 4538/2971/3783
f 4600/3033/3839 4601/3034/3840 4602/3035/3806
f 4603/3036/3841 4602/3035/3806 4537/2970/3782
f 4535/2968/3780 4603/3036/3841 4537/2970/3782
f 4536/2969/3781 4603/3036/3841 4535/2968/3780
f 4601/3034/3840 4594/3027/3835 4604/3037/3842
f 4601/3034/3840 4604/3037/3842 4538/2971/3783
f 4538/2971/3783 4604/3037/3842 4546/2979/3791
f 4604/3037/3842 4594/3027/3835 4593/3026/3834
f 4605/3038/3843 4593/3026/3834 4558/2991/3800
f 4605/3038/3843 4604/3037/3842 4593/3026/3834
f 4546/2979/3791 4605/3038/3843 4539/2972/3784
f 4546/2979/3791 4604/3037/3842 4605/3038/3843
f 4539/2972/3784 4606/3039/3844 4540/2973/3785
f 4539/2972/3784 4605/3038/3843 4606/3039/3844
f 4605/3038/3843 4558/2991/3800 4606/3039/3844
f 4540/2973/3785 4606/3039/3844 4548/2981/3793
f 4606/3039/3844 4558/2991/3800 4549/2982/3794
f 4606/3039/3844 4549/2982/3794 4548/2981/3793
f 4607/3040/3845 4608/3041/3846 4609/3042/3847
f 4610/3043/3848 4607/3040/3845 4611/3044/3849
f 4611/3044/3849 4607/3040/3845 4612/3045/3850
f 4612/3045/3850 4607/3040/3845 4609/3042/3847
f 4612/3045/3850 4609/3042/3847 4613/3046/3851
f 4613/3046/3851 4609/3042/3847 4614/3047/3852
f 4614/3047/3852 4615/3048/3853 4613/3046/3851
f 4613/3046/3851 4615/3048/3853 4616/3049/3854
f 4614/3047/3852 4617/3050/3855 4615/3048/3853
f 4609/3042/3847 4618/3051/3856 4614/3047/3852
f 4618/3051/3856 4617/3050/3855 4614/3047/3852
f 4619/3052/3857 4618/3051/3856 4609/3042/3847
f 4609/3042/3847 4608/3041/3846 4619/3052/3857
f 4608/3041/3846 4620/3053/3858 4619/3052/3857
f 4621/3054/3859 4620/3053/3858 4608/3041/3846
f 4621/3054/3859 4622/3055/3860 4620/3053/3858
f 4623/3056/3861 4624/3057/3862 4625/3058/3863
f 4626/3059/3864 4624/3057/3862 4623/3056/3861
f 4617/3050/3855 4626/3059/3864 4623/3056/3861
f 4626/3059/3864 4622/3055/3860 4624/3057/3862
f 4620/3053/3858 4622/3055/3860 4626/3059/3864
f 4620/3053/3858 4626/3059/3864 4619/3052/3857
f 4619/3052/3857 4626/3059/3864 4618/3051/3856
f 4618/3051/3856 4626/3059/3864 4617/3050/3855
f 4624/3057/3862 4627/3060/3865 4625/3058/3863
f 4622/3055/3860 4627/3060/3865 4624/3057/3862
f 4628/3061/3866 4627/3060/3865 4622/3055/3860
f 4628/3061/3866 4629/3062/3867 4630/3063/3868
f 4628/3061/3866 4631/3064/3869 4627/3060/3865
f 4630/3063/3868 4631/3064/3869 4628/3061/3866
f 4629/3062/3867 4632/3065/3870 4630/3063/3868
f 4630/3063/3868 4632/3065/3870 4631/3064/3869
f 4633/3066/3871 4632/3065/3870 4629/3062/3867
f 4633/3066/3871 4634/3067/3872 4632/3065/3870
f 4635/3068/3873 4636/3069/3874 4634/3067/3872
f 4632/3065/3870 4634/3067/3872 4637/3070/3875
f 4634/3067/3872 4636/3069/3874 4637/3070/3875
f 4631/3064/3869 4632/3065/3870 4638/3071/3876
f 4632/3065/3870 4637/3070/3875 4638/3071/3876
f 4631/3064/3869 4639/3072/3877 4627/3060/3865
f 4631/3064/3869 4638/3071/3876 4639/3072/3877
f 4627/3060/3865 4639/3072/3877 4640/3073/3878
f 4625/3058/3863 4627/3060/3865 4640/3073/3878
f 4636/3069/3874 4641/3074/3879 4642/3075/3880
f 4636/3069/3874 4642/3075/3880 4637/3070/3875
f 4637/3070/3875 4642/3075/3880 4643/3076/3881
f 4638/3071/3876 4637/3070/3875 4643/3076/3881
f 4643/3076/3881 4644/3077/3882 4638/3071/3876
f 4643/3076/3881 4642/3075/3880 4644/3077/3882
f 4638/3071/3876 4644/3077/3882 4645/3078/3883
f 4639/3072/3877 4638/3071/3876 4645/3078/3883
f 4644/3077/3882 4642/3075/3880 4646/3079/3884
f 4642/3075/3880 4641/3074/3879 4646/3079/3884
f 4646/3079/3884 4641/3074/3879 4647/3080/3885
f 4641/3074/3879 4648/3081/3886 4647/3080/3885
f 4649/3082/3887 4648/3081/3886 4641/3074/3879
f 4641/3074/3879 4650/3083/3888 4649/3082/3887
f 4635/3068/3873 4651/3084/3889 4636/3069/3874
f 4651/3084/3889 4650/3083/3888 4641/3074/3879
f 4651/3084/3889 4641/3074/3879 4636/3069/3874
f 4634/3067/3872 4652/3085/3890 4635/3068/3873
f 4652/3085/3890 4653/3086/3891 4635/3068/3873
f 4635/3068/3873 4653/3086/3891 4654/3087/3892
f 4654/3087/3892 4651/3084/3889 4635/3068/3873
f 4654/3087/3892 4655/3088/3893 4651/3084/3889
f 4651/3084/3889 4655/3088/3893 4650/3083/3888
f 4653/3086/3891 4655/3088/3893 4654/3087/3892
f 4655/3088/3893 4656/3089/785 4650/3083/3888
f 4650/3083/3888 4656/3089/785 4649/3082/3887
f 4649/3082/3887 4657/3090/3894 4648/3081/3886
f 4649/3082/3887 4656/3089/785 4657/3090/3894
f 4648/3081/3886 4657/3090/3894 4658/3091/3895
f 4659/3092/3896 4656/3089/785 4655/3088/3893
f 4660/3093/3897 4659/3092/3896 4655/3088/3893
f 4661/3094/3898 4659/3092/3896 4660/3093/3897
f 4660/3093/3897 4655/3088/3893 4653/3086/3891
f 4662/3095/3899 4633/3066/3871 4629/3062/3867
f 4663/3096/3900 4662/3095/3899 4664/3097/3901
f 4664/3097/3901 4662/3095/3899 4629/3062/3867
f 4664/3097/3901 4629/3062/3867 4628/3061/3866
f 4665/3098/3902 4628/3061/3866 4622/3055/3860
f 4665/3098/3902 4622/3055/3860 4621/3054/3859
f 4664/3097/3901 4628/3061/3866 4665/3098/3902
f 4665/3098/3902 4663/3096/3900 4664/3097/3901
f 4666/3099/3903 4663/3096/3900 4665/3098/3902
f 4666/3099/3903 4665/3098/3902 4667/3100/3904
f 4608/3041/3846 4667/3100/3904 4621/3054/3859
f 4667/3100/3904 4665/3098/3902 4621/3054/3859
f 4668/3101/3905 4667/3100/3904 4608/3041/3846
f 4607/3040/3845 4668/3101/3905 4608/3041/3846
f 4669/3102/3906 4668/3101/3905 4607/3040/3845
f 4669/3102/3906 4607/3040/3845 4610/3043/3848
f 4670/3103/3907 4633/3066/3871 4662/3095/3899
f 4670/3103/3907 4634/3067/3872 4633/3066/3871
f 4671/3104/3908 4634/3067/3872 4670/3103/3907
f 4671/3104/3908 4652/3085/3890 4634/3067/3872
f 4672/3105/3909 4673/3106/3910 4674/3107/3911
f 4675/3108/3912 4672/3105/3909 4674/3107/3911
f 4675/3108/3912 4674/3107/3911 4676/3109/3913
f 4676/3109/3913 4674/3107/3911 4677/3110/3914
f 4674/3107/3911 4678/3111/3915 4677/3110/3914
f 4673/3106/3910 4678/3111/3915 4674/3107/3911
f 4673/3106/3910 4679/3112/3916 4678/3111/3915
f 4680/3113/3917 4673/3106/3910 4672/3105/3909
f 4672/3105/3909 4681/3114/3918 4680/3113/3917
f 4682/3115/3919 4681/3114/3918 4672/3105/3909
f 4682/3115/3919 4683/3116/3920 4681/3114/3918
f 4684/3117/3921 4683/3116/3920 4682/3115/3919
f 4684/3117/3921 4682/3115/3919 4685/3118/3922
f 4682/3115/3919 4672/3105/3909 4686/3119/3923
f 4685/3118/3922 4682/3115/3919 4686/3119/3923
f 4686/3119/3923 4672/3105/3909 4687/3120/3924
f 4687/3120/3924 4672/3105/3909 4675/3108/3912
f 4683/3116/3920 4688/3121/3925 4681/3114/3918
f 4688/3121/3925 4689/3122/3926 4690/3123/3927
f 4681/3114/3918 4688/3121/3925 4690/3123/3927
f 4681/3114/3918 4690/3123/3927 4680/3113/3917
f 4690/3123/3927 4689/3122/3926 4691/3124/3928
f 4689/3122/3926 4692/3125/3929 4691/3124/3928
f 4680/3113/3917 4690/3123/3927 4693/3126/3930
f 4690/3123/3927 4691/3124/3928 4693/3126/3930
f 4693/3126/3930 4694/3127/3931 4680/3113/3917
f 4694/3127/3931 4679/3112/3916 4673/3106/3910
f 4680/3113/3917 4694/3127/3931 4673/3106/3910
f 4694/3127/3931 4695/3128/3932 4679/3112/3916
f 4693/3126/3930 4695/3128/3932 4694/3127/3931
f 4696/3129/3933 4695/3128/3932 4693/3126/3930
f 4693/3126/3930 4691/3124/3928 4696/3129/3933
f 4691/3124/3928 4692/3125/3929 4697/3130/3934
f 4697/3130/3934 4698/3131/3935 4691/3124/3928
f 4691/3124/3928 4698/3131/3935 4696/3129/3933
f 4696/3129/3933 4699/3132/3936 4695/3128/3932
f 4698/3131/3935 4699/3132/3936 4696/3129/3933
f 4695/3128/3932 4699/3132/3936 4700/3133/3937
f 4679/3112/3916 4695/3128/3932 4700/3133/3937
f 4701/3134/3938 4702/3135/2511 4703/3136/3939
f 4701/3134/3938 4703/3136/3939 4704/3137/3940
f 4705/3138/3941 4701/3134/3938 4704/3137/3940
f 4697/3130/3934 4705/3138/3941 4698/3131/3935
f 4699/3132/3936 4705/3138/3941 4704/3137/3940
f 4698/3131/3935 4705/3138/3941 4699/3132/3936
f 4692/3125/3929 4706/3139/751 4697/3130/3934
f 4706/3139/751 4705/3138/3941 4697/3130/3934
f 4704/3137/3940 4703/3136/3939 4707/3140/3942
f 4699/3132/3936 4704/3137/3940 4708/3141/3943
f 4700/3133/3937 4699/3132/3936 4708/3141/3943
f 4708/3141/3943 4704/3137/3940 4707/3140/3942
f 4709/3142/3944 4702/3135/2511 4701/3134/3938
f 4709/3142/3944 4710/3143/3945 4702/3135/2511
f 4711/3144/3946 4709/3142/3944 4701/3134/3938
f 4711/3144/3946 4701/3134/3938 4705/3138/3941
f 4706/3139/751 4712/3145/3947 4705/3138/3941
f 4705/3138/3941 4712/3145/3947 4711/3144/3946
f 4706/3139/751 4713/3146/3948 4712/3145/3947
f 4714/3147/3949 4713/3146/3948 4706/3139/751
f 4714/3147/3949 4706/3139/751 4692/3125/3929
f 4709/3142/3944 4715/3148/3950 4710/3143/3945
f 4716/3149/3951 4715/3148/3950 4717/3150/3952
f 4712/3145/3947 4717/3150/3952 4711/3144/3946
f 4718/3151/3953 4709/3142/3944 4711/3144/3946
f 4711/3144/3946 4717/3150/3952 4718/3151/3953
f 4718/3151/3953 4715/3148/3950 4709/3142/3944
f 4717/3150/3952 4715/3148/3950 4718/3151/3953
f 4713/3146/3948 4719/3152/2511 4712/3145/3947
f 4719/3152/2511 4716/3149/3951 4717/3150/3952
f 4712/3145/3947 4719/3152/2511 4717/3150/3952
f 4720/3153/3954 4716/3149/3951 4719/3152/2511
f 4720/3153/3954 4721/3154/3955 4716/3149/3951
f 4716/3149/3951 4721/3154/3955 4722/3155/3956
f 4722/3155/3956 4723/3156/3957 4716/3149/3951
f 4716/3149/3951 4723/3156/3957 4715/3148/3950
f 4715/3148/3950 4724/3157/3958 4710/3143/3945
f 4723/3156/3957 4724/3157/3958 4715/3148/3950
f 4710/3143/3945 4724/3157/3958 4725/3158/3959
f 4702/3135/2511 4710/3143/3945 4725/3158/3959
f 4725/3158/3959 4724/3157/3958 4726/3159/3960
f 4727/3160/3961 4728/3161/3962 4729/3162/3963
f 4729/3162/3963 4728/3161/3962 4730/3163/3964
f 4730/3163/3964 4731/3164/3965 4729/3162/3963
f 4729/3162/3963 4731/3164/3965 4732/3165/3966
f 4727/3160/3961 4733/3166/3967 4728/3161/3962
f 4733/3166/3967 4734/3167/3968 4728/3161/3962
f 4735/3168/3969 4733/3166/3967 4727/3160/3961
f 4736/3169/3970 4735/3168/3969 4727/3160/3961
f 4727/3160/3961 4729/3162/3963 4736/3169/3970
f 4729/3162/3963 4732/3165/3966 4737/3170/3971
f 4736/3169/3970 4729/3162/3963 4737/3170/3971
f 4737/3170/3971 4732/3165/3966 4738/3171/3972
f 4739/3172/3973 4735/3168/3969 4736/3169/3970
f 4739/3172/3973 4736/3169/3970 4740/3173/3974
f 4736/3169/3970 4737/3170/3971 4741/3174/3975
f 4740/3173/3974 4736/3169/3970 4741/3174/3975
f 4741/3174/3975 4737/3170/3971 4742/3175/3976
f 4742/3175/3976 4737/3170/3971 4743/3176/3977
f 4743/3176/3977 4737/3170/3971 4738/3171/3972
f 4743/3176/3977 4738/3171/3972 4744/3177/3978
f 4744/3177/3978 4738/3171/3972 4745/3178/3979
f 4738/3171/3972 4732/3165/3966 4745/3178/3979
f 4745/3178/3979 4732/3165/3966 4746/3179/3980
f 4732/3165/3966 4747/3180/3981 4746/3179/3980
f 4731/3164/3965 4747/3180/3981 4732/3165/3966
f 4731/3164/3965 4748/3181/3982 4747/3180/3981
f 4730/3163/3964 4748/3181/3982 4731/3164/3965
f 4728/3161/3962 4749/3182/3983 4730/3163/3964
f 4749/3182/3983 4748/3181/3982 4730/3163/3964
f 4750/3183/3984 4749/3182/3983 4728/3161/3962
f 4728/3161/3962 4734/3167/3968 4750/3183/3984
f 4750/3183/3984 4751/3184/3985 4749/3182/3983
f 4734/3167/3968 4751/3184/3985 4750/3183/3984
f 4748/3181/3982 4752/3185/3986 4753/3186/3987
f 4747/3180/3981 4748/3181/3982 4753/3186/3987
f 4754/3187/3988 4752/3185/3986 4748/3181/3982
f 4754/3187/3988 4755/3188/3989 4752/3185/3986
f 4749/3182/3983 4751/3184/3985 4756/3189/3990
f 4749/3182/3983 4756/3189/3990 4748/3181/3982
f 4748/3181/3982 4756/3189/3990 4754/3187/3988
f 4757/3190/3991 4758/3191/3992 4759/3192/3993
f 4755/3188/3989 4759/3192/3993 4760/3193/3994
f 4759/3192/3993 4758/3191/3992 4760/3193/3994
f 4761/3194/3995 4759/3192/3993 4755/3188/3989
f 4761/3194/3995 4755/3188/3989 4754/3187/3988
f 4757/3190/3991 4759/3192/3993 4762/3195/3996
f 4762/3195/3996 4759/3192/3993 4761/3194/3995
f 4756/3189/3990 4762/3195/3996 4754/3187/3988
f 4754/3187/3988 4762/3195/3996 4761/3194/3995
f 4751/3184/3985 4763/3196/3997 4756/3189/3990
f 4756/3189/3990 4763/3196/3997 4762/3195/3996
f 4763/3196/3997 4757/3190/3991 4762/3195/3996
f 4764/3197/3998 4757/3190/3991 4763/3196/3997
f 4765/3198/3986 4763/3196/3997 4751/3184/3985
f 4765/3198/3986 4751/3184/3985 4734/3167/3968
f 4766/3199/3999 4763/3196/3997 4765/3198/3986
f 4763/3196/3997 4767/3200/4000 4764/3197/3998
f 4766/3199/3999 4767/3200/4000 4763/3196/3997
f 4767/3200/4000 4768/3201/4001 4764/3197/3998
f 4764/3197/3998 4768/3201/4001 4769/3202/4002
f 4764/3197/3998 4770/3203/4003 4757/3190/3991
f 4770/3203/4003 4758/3191/3992 4757/3190/3991
f 4769/3202/4002 4770/3203/4003 4764/3197/3998
f 4760/3193/3994 4758/3191/3992 4771/3204/4004
f 4772/3205/4005 4773/3206/4006 4774/3207/4007
f 4774/3207/4007 4773/3206/4006 4775/3208/4008
f 4776/3209/4009 4772/3205/4005 4777/3210/4010
f 4777/3210/4010 4772/3205/4005 4774/3207/4007
f 4777/3210/4010 4774/3207/4007 4778/3211/4011
f 4778/3211/4011 4774/3207/4007 4779/3212/4012
f 4774/3207/4007 4775/3208/4008 4779/3212/4012
f 4779/3212/4012 4775/3208/4008 4780/3213/4013
f 4778/3211/4011 4779/3212/4012 4781/3214/4014
f 4781/3214/4014 4779/3212/4012 4782/3215/4015
f 4783/3216/4016 4778/3211/4011 4781/3214/4014
f 4784/3217/4017 4778/3211/4011 4783/3216/4016
f 4784/3217/4017 4785/3218/4018 4778/3211/4011
f 4778/3211/4011 4785/3218/4018 4777/3210/4010
f 4777/3210/4010 4786/3219/4019 4776/3209/4009
f 4785/3218/4018 4786/3219/4019 4777/3210/4010
f 4786/3219/4019 4787/3220/4020 4776/3209/4009
f 4776/3209/4009 4787/3220/4020 4772/3205/4005
f 4788/3221/4021 4789/3222/4022 4773/3206/4006
f 4773/3206/4006 4790/3223/4023 4775/3208/4008
f 4773/3206/4006 4789/3222/4022 4790/3223/4023
f 4775/3208/4008 4790/3223/4023 4791/3224/4024
f 4780/3213/4013 4775/3208/4008 4792/3225/4025
f 4792/3225/4025 4775/3208/4008 4791/3224/4024
f 4793/3226/4026 4780/3213/4013 4792/3225/4025
f 4794/3227/4027 4780/3213/4013 4793/3226/4026
f 4794/3227/4027 4779/3212/4012 4780/3213/4013
f 4782/3215/4015 4779/3212/4012 4794/3227/4027
f 4772/3205/4005 4795/3228/4028 4773/3206/4006
f 4772/3205/4005 4787/3220/4020 4795/3228/4028
f 4773/3206/4006 4795/3228/4028 4788/3221/4021
f 4795/3228/4028 4796/3229/4029 4788/3221/4021
f 4788/3221/4021 4796/3229/4029 4797/3230/4030
f 4796/3229/4029 4798/3231/4031 4797/3230/4030
f 4796/3229/4029 4799/3232/4032 4798/3231/4031
f 4799/3232/4032 4800/3233/4033 4798/3231/4031
f 4801/3234/4034 4800/3233/4033 4799/3232/4032
f 4801/3234/4034 4802/3235/4035 4800/3233/4033
f 4803/3236/4036 4799/3232/4032 4796/3229/4029
f 4787/3220/4020 4803/3236/4036 4795/3228/4028
f 4795/3228/4028 4803/3236/4036 4796/3229/4029
f 4804/3237/4037 4802/3235/4035 4801/3234/4034
f 4801/3234/4034 4805/3238/4038 4804/3237/4037
f 4799/3232/4032 4806/3239/4039 4801/3234/4034
f 4806/3239/4039 4805/3238/4038 4801/3234/4034
f 4807/3240/4040 4806/3239/4039 4799/3232/4032
f 4807/3240/4040 4799/3232/4032 4808/3241/4041
f 4808/3241/4041 4799/3232/4032 4803/3236/4036
f 4809/3242/4042 4787/3220/4020 4786/3219/4019
f 4809/3242/4042 4803/3236/4036 4787/3220/4020
f 4808/3241/4041 4803/3236/4036 4809/3242/4042
f 4805/3238/4038 4810/3243/4043 4804/3237/4037
f 4804/3237/4037 4810/3243/4043 4802/3235/4035
f 4811/3244/4044 4810/3243/4043 4805/3238/4038
f 4811/3244/4044 4812/3245/4045 4810/3243/4043
f 4813/3246/4046 4812/3245/4045 4811/3244/4044
f 4813/3246/4046 4814/3247/4047 4812/3245/4045
f 4815/3248/4048 4814/3247/4047 4813/3246/4046
f 4815/3248/4048 4816/3249/4049 4814/3247/4047
f 4814/3247/4047 4816/3249/4049 4817/3250/4050
f 4816/3249/4049 4818/3251/4051 4817/3250/4050
f 4817/3250/4050 4818/3251/4051 4819/3252/4052
f 4818/3251/4051 4820/3253/4053 4819/3252/4052
f 4817/3250/4050 4819/3252/4052 4821/3254/4054
f 4817/3250/4050 4821/3254/4054 4814/3247/4047
f 4814/3247/4047 4821/3254/4054 4822/3255/4055
f 4814/3247/4047 4822/3255/4055 4812/3245/4045
f 4812/3245/4045 4822/3255/4055 4823/3256/4056
f 4812/3245/4045 4823/3256/4056 4810/3243/4043
f 4810/3243/4043 4823/3256/4056 4824/3257/4057
f 4802/3235/4035 4810/3243/4043 4824/3257/4057
f 4823/3256/4056 4822/3255/4055 4825/3258/4058
f 4825/3258/4058 4822/3255/4055 4826/3259/4059
f 4822/3255/4055 4827/3260/4060 4826/3259/4059
f 4821/3254/4054 4827/3260/4060 4822/3255/4055
f 4821/3254/4054 4828/3261/4061 4827/3260/4060
f 4829/3262/4062 4828/3261/4061 4821/3254/4054
f 4821/3254/4054 4819/3252/4052 4829/3262/4062
f 4819/3252/4052 4820/3253/4053 4830/3263/4063
f 4819/3252/4052 4830/3263/4063 4829/3262/4062
f 4829/3262/4062 4830/3263/4063 4831/3264/4064
f 4829/3262/4062 4832/3265/4065 4828/3261/4061
f 4831/3264/4064 4832/3265/4065 4829/3262/4062
f 4832/3265/4065 4833/3266/4066 4828/3261/4061
f 4828/3261/4061 4833/3266/4066 4834/3267/4067
f 4828/3261/4061 4834/3267/4067 4827/3260/4060
f 4827/3260/4060 4834/3267/4067 4835/3268/4068
f 4826/3259/4059 4827/3260/4060 4836/3269/4069
f 4836/3269/4069 4827/3260/4060 4835/3268/4068
f 4825/3258/4058 4826/3259/4059 4837/3270/4070
f 4837/3270/4070 4826/3259/4059 4836/3269/4069
f 4838/3271/4071 4825/3258/4058 4837/3270/4070
f 4839/3272/4072 4825/3258/4058 4838/3271/4071
f 4839/3272/4072 4823/3256/4056 4825/3258/4058
f 4824/3257/4057 4823/3256/4056 4839/3272/4072
f 4840/3273/4073 4824/3257/4057 4839/3272/4072
f 4802/3235/4035 4840/3273/4073 4800/3233/4033
f 4802/3235/4035 4824/3257/4057 4840/3273/4073
f 4839/3272/4072 4838/3271/4071 4840/3273/4073
f 4840/3273/4073 4838/3271/4071 4841/3274/4074
f 4842/3275/4075 4840/3273/4073 4841/3274/4074
f 4843/3276/4076 4840/3273/4073 4842/3275/4075
f 4800/3233/4033 4840/3273/4073 4843/3276/4076
f 4800/3233/4033 4843/3276/4076 4798/3231/4031
f 4844/3277/4077 4843/3276/4076 4842/3275/4075
f 4845/3278/4078 4844/3277/4077 4797/3230/4030
f 4845/3278/4078 4843/3276/4076 4844/3277/4077
f 4798/3231/4031 4843/3276/4076 4845/3278/4078
f 4797/3230/4030 4798/3231/4031 4845/3278/4078
f 4797/3230/4030 4844/3277/4077 4846/3279/4079
f 4797/3230/4030 4846/3279/4079 4788/3221/4021
f 4788/3221/4021 4846/3279/4079 4789/3222/4022
f 4847/3280/4080 4848/3281/4081 4849/3282/4082
f 4850/3283/4083 4848/3281/4081 4847/3280/4080
f 4850/3283/4083 4851/3284/4084 4848/3281/4081
f 4852/3285/4085 4850/3283/4083 4847/3280/4080
f 4853/3286/4081 4854/3287/4086 4855/3288/4087
f 4856/3289/4088 4854/3287/4086 4853/3286/4081
f 4856/3289/4088 4852/3285/4085 4854/3287/4086
f 4857/3290/4089 4852/3285/4085 4856/3289/4088
f 4857/3290/4089 4850/3283/4083 4852/3285/4085
f 4857/3290/4089 4858/3291/4090 4850/3283/4083
f 4858/3291/4090 4851/3284/4084 4850/3283/4083
f 4859/3292/4091 4851/3284/4084 4858/3291/4090
f 4860/3293/4092 4851/3284/4084 4859/3292/4091
f 4861/3294/4093 4860/3293/4092 4859/3292/4091
f 4859/3292/4091 4858/3291/4090 4862/3295/4094
f 4862/3295/4094 4858/3291/4090 4863/3296/4095
f 4863/3296/4095 4858/3291/4090 4857/3290/4089
f 4863/3296/4095 4857/3290/4089 4864/3297/4096
f 4864/3297/4096 4857/3290/4089 4856/3289/4088
f 4864/3297/4096 4862/3295/4094 4863/3296/4095
f 4864/3297/4096 4856/3289/4088 4865/3298/4084
f 4865/3298/4084 4856/3289/4088 4853/3286/4081
f 4866/3299/4097 4862/3295/4094 4864/3297/4096
f 4865/3298/4084 4866/3299/4097 4864/3297/4096
f 4867/3300/4098 4859/3292/4091 4862/3295/4094
f 4866/3299/4097 4867/3300/4098 4862/3295/4094
f 4861/3294/4093 4859/3292/4091 4867/3300/4098
f 4868/3301/4099 4867/3300/4098 4866/3299/4097
f 4869/3302/4100 4867/3300/4098 4868/3301/4099
f 4869/3302/4100 4868/3301/4099 4870/3303/4101
f 4871/3304/4102 4869/3302/4100 4870/3303/4101
f 4870/3303/4101 4868/3301/4099 4872/3305/4103
f 4873/3306/4104 4866/3299/4097 4865/3298/4084
f 4872/3305/4103 4868/3301/4099 4873/3306/4104
f 4873/3306/4104 4868/3301/4099 4866/3299/4097
f 4874/3307/4105 4875/3308/4106 4871/3304/4102
f 4871/3304/4102 4875/3308/4106 4876/3309/4107
f 4876/3309/4107 4869/3302/4100 4871/3304/4102
f 4876/3309/4107 4877/3310/4108 4869/3302/4100
f 4877/3310/4108 4867/3300/4098 4869/3302/4100
f 4867/3300/4098 4878/3311/4109 4861/3294/4093
f 4877/3310/4108 4878/3311/4109 4867/3300/4098
f 4879/3312/4110 4860/3293/4092 4861/3294/4093
f 4878/3311/4109 4880/3313/4111 4861/3294/4093
f 4861/3294/4093 4880/3313/4111 4879/3312/4110
f 4878/3311/4109 4881/3314/4112 4880/3313/4111
f 4877/3310/4108 4882/3315/4113 4878/3311/4109
f 4882/3315/4113 4881/3314/4112 4878/3311/4109
f 4883/3316/4114 4877/3310/4108 4876/3309/4107
f 4883/3316/4114 4882/3315/4113 4877/3310/4108
f 4876/3309/4107 4884/3317/4115 4883/3316/4114
f 4875/3308/4106 4884/3317/4115 4876/3309/4107
f 4884/3317/4115 4882/3315/4113 4883/3316/4114
f 4874/3307/4105 4885/3318/4116 4875/3308/4106
f 4885/3318/4116 4884/3317/4115 4875/3308/4106
f 4886/3319/4117 4885/3318/4116 4874/3307/4105
f 4887/3320/4118 4881/3314/4112 4882/3315/4113
f 4887/3320/4118 4882/3315/4113 4884/3317/4115
f 4888/3321/4119 4881/3314/4112 4887/3320/4118
f 4887/3320/4118 4889/3322/4120 4888/3321/4119
f 4890/3323/4121 4889/3322/4120 4887/3320/4118
f 4890/3323/4121 4887/3320/4118 4891/3324/4122
f 4891/3324/4122 4887/3320/4118 4884/3317/4115
f 4891/3324/4122 4884/3317/4115 4885/3318/4116
f 4892/3325/4123 4893/3326/4124 4894/3327/4125
f 4895/3328/4126 4892/3325/4123 4894/3327/4125
f 4896/3329/4127 4892/3325/4123 4895/3328/4126
f 4897/3330/4128 4896/3329/4127 4895/3328/4126
f 4898/3331/4129 4896/3329/4127 4897/3330/4128
f 4898/3331/4129 4899/3332/4130 4896/3329/4127
f 4900/3333/4131 4899/3332/4130 4898/3331/4129
f 4901/3334/4132 4899/3332/4130 4900/3333/4131
f 4902/3335/4133 4899/3332/4130 4901/3334/4132
f 4903/3336/4134 4902/3335/4133 4901/3334/4132
f 4904/3337/4135 4902/3335/4133 4903/3336/4134
f 4905/3338/4136 4904/3337/4135 4903/3336/4134
f 4904/3337/4135 4906/3339/4137 4902/3335/4133
f 4902/3335/4133 4907/3340/4138 4899/3332/4130
f 4899/3332/4130 4907/3340/4138 4896/3329/4127
f 4896/3329/4127 4907/3340/4138 4892/3325/4123
f 4906/3339/4137 4907/3340/4138 4902/3335/4133
f 4908/3341/4139 4893/3326/4124 4892/3325/4123
f 4907/3340/4138 4908/3341/4139 4892/3325/4123
f 4909/3342/4140 4908/3341/4139 4907/3340/4138
f 4906/3339/4137 4910/3343/4141 4907/3340/4138
f 4907/3340/4138 4910/3343/4141 4909/3342/4140
f 4906/3339/4137 4911/3344/4142 4910/3343/4141
f 4911/3344/4142 4912/3345/4143 4910/3343/4141
f 4910/3343/4141 4912/3345/4143 4913/3346/4144
f 4910/3343/4141 4913/3346/4144 4909/3342/4140
f 4909/3342/4140 4913/3346/4144 4914/3347/4145
f 4909/3342/4140 4915/3348/4146 4908/3341/4139
f 4914/3347/4145 4915/3348/4146 4909/3342/4140
f 4908/3341/4139 4916/3349/4147 4893/3326/4124
f 4915/3348/4146 4916/3349/4147 4908/3341/4139
f 4911/3344/4142 4917/3350/4148 4912/3345/4143
f 4918/3351/4149 4919/3352/4150 4920/3353/2218
f 4919/3352/4150 4921/3354/4151 4920/3353/2218
f 4921/3354/4151 4922/3355/1878 4920/3353/2218
f 4923/3356/4152 4917/3350/4148 4922/3355/1878
f 4921/3354/4151 4923/3356/4152 4922/3355/1878
f 4924/3357/4153 4917/3350/4148 4911/3344/4142
f 4922/3355/1878 4917/3350/4148 4924/3357/4153
f 4925/3358/4154 4924/3357/4153 4911/3344/4142
f 4925/3358/4154 4906/3339/4137 4904/3337/4135
f 4925/3358/4154 4911/3344/4142 4906/3339/4137
f 4926/3359/4155 4924/3357/4153 4925/3358/4154
f 4927/3360/4156 4904/3337/4135 4905/3338/4136
f 4926/3359/4155 4925/3358/4154 4927/3360/4156
f 4927/3360/4156 4925/3358/4154 4904/3337/4135
f 4927/3360/4156 4928/3361/4157 4926/3359/4155
f 4928/3361/4157 4924/3357/4153 4926/3359/4155
f 4922/3355/1878 4924/3357/4153 4928/3361/4157
f 4920/3353/2218 4922/3355/1878 4928/3361/4157
f 4929/3362/4158 4920/3353/2218 4928/3361/4157
f 4918/3351/4149 4920/3353/2218 4929/3362/4158
f 4905/3338/4136 4929/3362/4158 4927/3360/4156
f 4929/3362/4158 4928/3361/4157 4927/3360/4156
f 4930/3363/4159 4919/3352/4150 4918/3351/4149
f 4931/3364/4160 4930/3363/4159 4918/3351/4149
f 4932/3365/4161 4929/3362/4158 4905/3338/4136
f 4931/3364/4160 4918/3351/4149 4932/3365/4161
f 4932/3365/4161 4918/3351/4149 4929/3362/4158
f 4933/3366/4162 4930/3363/4159 4931/3364/4160
f 4934/3367/4163 4935/3368/4164 4936/3369/4165
f 4934/3367/4163 4936/3369/4165 4937/3370/4166
f 4937/3370/4166 4936/3369/4165 4938/3371/4167
f 4936/3369/4165 4939/3372/4168 4938/3371/4167
f 4936/3369/4165 4935/3368/4164 4940/3373/4169
f 4936/3369/4165 4940/3373/4169 4939/3372/4168
f 4939/3372/4168 4940/3373/4169 4941/3374/4170
f 4941/3374/4170 4942/3375/4171 4939/3372/4168
f 4939/3372/4168 4942/3375/4171 4943/3376/4172
f 4943/3376/4172 4942/3375/4171 4944/3377/4173
f 4944/3377/4173 4942/3375/4171 4945/3378/4174
f 4946/3379/4175 4947/3380/4176 4941/3374/4170
f 4941/3374/4170 4947/3380/4176 4942/3375/4171
f 4947/3380/4176 4948/3381/4177 4942/3375/4171
f 4942/3375/4171 4948/3381/4177 4945/3378/4174
f 4945/3378/4174 4948/3381/4177 4949/3382/4178
f 4950/3383/4179 4945/3378/4174 4949/3382/4178
f 4944/3377/4173 4945/3378/4174 4950/3383/4179
f 4951/3384/4180 4943/3376/4172 4944/3377/4173
f 4944/3377/4173 4950/3383/4179 4951/3384/4180
f 4952/3385/4181 4943/3376/4172 4951/3384/4180
f 4952/3385/4181 4939/3372/4168 4943/3376/4172
f 4951/3384/4180 4950/3383/4179 4953/3386/4182
f 4949/3382/4178 4948/3381/4177 4954/3387/4183
f 4955/3388/4184 4939/3372/4168 4952/3385/4181
f 4938/3371/4167 4939/3372/4168 4955/3388/4184
f 4938/3371/4167 4955/3388/4184 4956/3389/4185
f 4956/3389/4185 4955/3388/4184 4957/3390/4186
f 4957/3390/4186 4955/3388/4184 4958/3391/4187
f 4958/3391/4187 4955/3388/4184 4952/3385/4181
f 4952/3385/4181 4951/3384/4180 4958/3391/4187
f 4951/3384/4180 4953/3386/4182 4959/3392/4188
f 4958/3391/4187 4951/3384/4180 4959/3392/4188
f 4959/3392/4188 4953/3386/4182 4960/3393/4189
f 4961/3394/4190 4938/3371/4167 4956/3389/4185
f 4937/3370/4166 4938/3371/4167 4961/3394/4190
f 4961/3394/4190 4962/3395/4191 4937/3370/4166
f 4962/3395/4191 4934/3367/4163 4937/3370/4166
f 4963/3396/4192 4935/3368/4164 4934/3367/4163
f 4963/3396/4192 4934/3367/4163 4962/3395/4191
f 4964/3397/4193 4962/3395/4191 4961/3394/4190
f 4965/3398/4194 4935/3368/4164 4963/3396/4192
f 4962/3395/4191 4966/3399/4195 4963/3396/4192
f 4966/3399/4195 4965/3398/4194 4963/3396/4192
f 4964/3397/4193 4967/2/4196 4962/3395/4191
f 4967/2/4196 4966/3399/4195 4962/3395/4191
f 4968/3/4197 4967/2/4196 4964/3397/4193
f 4968/3/4197 4969/1/4198 4967/2/4196
f 4967/2/4196 4970/1/4199 4966/3399/4195
f 4970/1/4199 4971/3400/4200 4966/3399/4195
f 4971/3400/4200 4965/3398/4194 4966/3399/4195
f 4971/3400/4200 4972/3401/4201 4965/3398/4194
f 4965/3398/4194 4972/3401/4201 4935/3368/4164
f 4935/3368/4164 4972/3401/4201 4973/3402/4202
f 4935/3368/4164 4973/3402/4202 4940/3373/4169
f 4940/3373/4169 4974/3403/4203 4941/3374/4170
f 4940/3373/4169 4973/3402/4202 4974/3403/4203
f 4941/3374/4170 4974/3403/4203 4946/3379/4175
f 4975/3404/4197 4972/3401/4201 4971/3400/4200
f 4971/3400/4200 4976/3405/4204 4975/3404/4197
f 4977/3406/4205 4971/3400/4200 4970/1/4199
f 4977/3406/4205 4976/3405/4204 4971/3400/4200
f 4978/3407/4206 4923/3356/4152 4921/3354/4151
f 4979/3408/4207 4921/3354/4151 4919/3352/4150
f 4980/3409/4208 4978/3407/4206 4979/3408/4207
f 4979/3408/4207 4978/3407/4206 4921/3354/4151
f 4981/3410/4209 4982/3411/4210 4983/3412/4211
f 4983/3412/4211 4982/3411/4210 4984/3413/4212
f 4981/3410/4209 4985/3414/4213 4986/3415/4214
f 4981/3410/4209 4986/3415/4214 4982/3411/4210
f 4982/3411/4210 4986/3415/4214 4987/3416/4215
f 4985/3414/4213 4988/3417/4216 4986/3415/4214
f 4986/3415/4214 4989/3418/4217 4987/3416/4215
f 4986/3415/4214 4988/3417/4216 4989/3418/4217
f 4987/3416/4215 4989/3418/4217 4990/3419/4218
f 4990/3419/4218 4991/3420/4219 4987/3416/4215
f 4987/3416/4215 4991/3420/4219 4992/3421/4220
f 4987/3416/4215 4992/3421/4220 4982/3411/4210
f 4982/3411/4210 4992/3421/4220 4993/3422/4221
f 4984/3413/4212 4982/3411/4210 4994/3423/4222
f 4994/3423/4222 4982/3411/4210 4993/3422/4221
f 4995/3424/4223 4984/3413/4212 4994/3423/4222
f 4996/3425/4224 4984/3413/4212 4995/3424/4223
f 4983/3412/4211 4984/3413/4212 4997/3426/4225
f 4997/3426/4225 4984/3413/4212 4996/3425/4224
f 4997/3426/4225 4998/3427/4226 4983/3412/4211
f 4998/3427/4226 4981/3410/4209 4983/3412/4211
f 4999/3428/4227 4985/3414/4213 4981/3410/4209
f 4999/3428/4227 4981/3410/4209 4998/3427/4226
f 4999/3428/4227 5000/3429/4228 4985/3414/4213
f 5001/3430/4229 5000/3429/4228 4999/3428/4227
f 5001/3430/4229 4999/3428/4227 5002/3431/4230
f 5002/3431/4230 4999/3428/4227 4998/3427/4226
f 5002/3431/4230 4998/3427/4226 5003/3432/4231
f 5004/3433/4232 5002/3431/4230 5003/3432/4231
f 5003/3432/4231 4998/3427/4226 5005/3434/4233
f 5005/3434/4233 4998/3427/4226 4997/3426/4225
f 5006/3435/4234 5007/3436/4235 5008/3437/4236
f 5004/3433/4232 5006/3435/4234 5008/3437/4236
f 5008/3437/4236 5002/3431/4230 5004/3433/4232
f 5008/3437/4236 5001/3430/4229 5002/3431/4230
f 5009/3438/4237 5001/3430/4229 5008/3437/4236
f 5008/3437/4236 5007/3436/4235 5009/3438/4237
f 5009/3438/4237 5010/3439/4238 5001/3430/4229
f 5007/3436/4235 5010/3439/4238 5009/3438/4237
f 5001/3430/4229 5010/3439/4238 5000/3429/4228
f 5010/3439/4238 5011/3440/4239 5000/3429/4228
f 5000/3429/4228 5012/3441/4240 4985/3414/4213
f 4985/3414/4213 5012/3441/4240 4988/3417/4216
f 5000/3429/4228 5011/3440/4239 5012/3441/4240
f 5013/3442/4241 5010/3439/4238 5007/3436/4235
f 5014/3443/4242 5011/3440/4239 5013/3442/4241
f 5013/3442/4241 5011/3440/4239 5010/3439/4238
f 5015/3444/4243 5014/3443/4242 5013/3442/4241
f 5016/3445/4244 5013/3442/4241 5007/3436/4235
f 5006/3435/4234 5016/3445/4244 5007/3436/4235
f 5015/3444/4243 5013/3442/4241 5016/3445/4244
f 5017/3446/4245 5015/3444/4243 5016/3445/4244
f 5018/3447/4246 5014/3443/4242 5015/3444/4243
f 5019/3448/4247 5015/3444/4243 5017/3446/4245
f 5019/3448/4247 5018/3447/4246 5015/3444/4243
f 5019/3448/4247 5017/3446/4245 5020/3449/4248
f 5020/3449/4248 5017/3446/4245 5021/3450/4249
f 5021/3450/4249 5017/3446/4245 5022/3451/166
f 5022/3451/166 5017/3446/4245 5016/3445/4244
f 5022/3451/166 5016/3445/4244 5006/3435/4234
f 5023/3452/4250 5018/3447/4246 5019/3448/4247
f 5024/3453/4251 5022/3451/166 5006/3435/4234
f 5024/3453/4251 5006/3435/4234 5004/3433/4232
f 5025/3454/4252 5022/3451/166 5024/3453/4251
f 5025/3454/4252 5021/3450/4249 5022/3451/166
f 5026/3449/4248 5021/3450/4249 5025/3454/4252
f 5027/3455/4253 5028/3456/4254 5029/3457/4255
f 5027/3455/4253 5029/3457/4255 5030/3458/4256
f 5031/3459/4257 5027/3455/4253 5030/3458/4256
f 5031/3459/4257 5030/3458/4256 5032/3460/4258
f 5032/3460/4258 5030/3458/4256 5033/3461/4259
f 5030/3458/4256 5034/3462/4260 5033/3461/4259
f 5034/3462/4260 5035/3463/4261 5033/3461/4259
f 5036/3464/4262 5034/3462/4260 5030/3458/4256
f 5030/3458/4256 5029/3457/4255 5036/3464/4262
f 5032/3460/4258 5033/3461/4259 5037/3465/4263
f 5033/3461/4259 5035/3463/4261 5038/3466/4264
f 5037/3465/4263 5033/3461/4259 5038/3466/4264
f 5039/3467/4265 5032/3460/4258 5037/3465/4263
f 5040/3468/4266 5032/3460/4258 5039/3467/4265
f 5040/3468/4266 5031/3459/4257 5032/3460/4258
f 5041/3469/4267 5031/3459/4257 5040/3468/4266
f 5037/3465/4263 5042/3470/4268 5039/3467/4265
f 5037/3465/4263 5038/3466/4264 5042/3470/4268
f 5038/3466/4264 5035/3463/4261 5043/3471/4269
f 5042/3470/4268 5038/3466/4264 5043/3471/4269
f 5039/3467/4265 5042/3470/4268 5044/3472/1775
f 5045/3473/4270 5031/3459/4257 5041/3469/4267
f 5045/3473/4270 5041/3469/4267 5046/3474/4271
f 5041/3469/4267 5040/3468/4266 5047/3475/4272
f 5046/3474/4271 5041/3469/4267 5047/3475/4272
f 5040/3468/4266 5039/3467/4265 5048/3476/4273
f 5047/3475/4272 5040/3468/4266 5048/3476/4273
f 5039/3467/4265 5044/3472/1775 5049/3477/4274
f 5048/3476/4273 5039/3467/4265 5049/3477/4274
f 5049/3477/4274 5044/3472/1775 5050/3478/4275
f 5050/3478/4275 5044/3472/1775 5051/3479/4276
f 5051/3479/4276 5044/3472/1775 5052/3480/2196
f 5044/3472/1775 5042/3470/4268 5052/3480/2196
f 5052/3480/2196 5042/3470/4268 5053/3481/4277
f 5042/3470/4268 5054/3482/4278 5053/3481/4277
f 5043/3471/4269 5054/3482/4278 5042/3470/4268
f 5043/3471/4269 5055/3483/4279 5054/3482/4278
f 5056/3484/4280 5055/3483/4279 5043/3471/4269
f 5043/3471/4269 5035/3463/4261 5056/3484/4280
f 5057/3485/4281 5058/3486/4282 5059/3487/4283
f 5060/3488/2963 5059/3487/4283 5058/3486/4282
f 5061/3489/4284 5059/3487/4283 5060/3488/2963
f 5061/3489/4284 5060/3488/2963 5062/3490/4254
f 5062/3490/4254 5063/3491/4285 5046/3474/4271
f 5046/3474/4271 5063/3491/4285 5045/3473/4270
f 5062/3490/4254 5060/3488/2963 5063/3491/4285
f 5063/3491/4285 5064/3492/4286 5045/3473/4270
f 5064/3492/4286 5031/3459/4257 5045/3473/4270
f 5064/3492/4286 5027/3455/4253 5031/3459/4257
f 5065/3493/4287 5064/3492/4286 5063/3491/4285
f 5064/3492/4286 5066/3494/4288 5027/3455/4253
f 5065/3493/4287 5066/3494/4288 5064/3492/4286
f 5066/3494/4288 5028/3456/4254 5027/3455/4253
f 5067/3495/4289 5066/3494/4288 5065/3493/4287
f 5067/3495/4289 5063/3491/4285 5060/3488/2963
f 5065/3493/4287 5063/3491/4285 5067/3495/4289
f 5058/3486/4282 5067/3495/4289 5060/3488/2963
f 5068/3496/4290 5066/3494/4288 5067/3495/4289
f 5066/3494/4288 5068/3496/4290 5028/3456/4254
f 5067/3495/4289 5069/3497/4291 5068/3496/4290
f 5070/3498/4292 5069/3497/4291 5067/3495/4289
f 5070/3498/4292 5067/3495/4289 5058/3486/4282
f 5070/3498/4292 5071/3499/4293 5069/3497/4291
f 5071/3499/4293 5072/3500/4294 5069/3497/4291
f 5069/3497/4291 5072/3500/4294 5068/3496/4290
f 5028/3456/4254 5068/3496/4290 5073/3501/4295
f 5068/3496/4290 5072/3500/4294 5073/3501/4295
f 5074/3502/4296 5075/3503/4297 5076/3504/4298
f 5077/3505/4299 5071/3499/4293 5076/3504/4298
f 5075/3503/4297 5077/3505/4299 5076/3504/4298
f 5077/3505/4299 5078/3506/4300 5071/3499/4293
f 5079/3507/4301 5072/3500/4294 5071/3499/4293
f 5071/3499/4293 5078/3506/4300 5079/3507/4301
f 5080/3508/4302 5078/3506/4300 5081/3509/4303
f 5081/3509/4303 5078/3506/4300 5077/3505/4299
f 5081/3509/4303 5077/3505/4299 5075/3503/4297
f 5076/3504/4298 5082/3510/4304 5074/3502/4296
f 5058/3486/4282 5082/3510/4304 5070/3498/4292
f 5082/3510/4304 5071/3499/4293 5070/3498/4292
f 5076/3504/4298 5071/3499/4293 5082/3510/4304
f 5083/3511/4305 5058/3486/4282 5057/3485/4281
f 5083/3511/4305 5082/3510/4304 5058/3486/4282
f 5074/3502/4296 5082/3510/4304 5083/3511/4305
f 5057/3485/4281 5074/3502/4296 5083/3511/4305
f 5084/3509/4306 5075/3503/4297 5085/3512/4302
f 5086/3513/4307 5075/3503/4297 5074/3502/4296
f 5085/3512/4302 5075/3503/4297 5086/3513/4307
f 5087/3514/4308 5074/3502/4296 5057/3485/4281
f 5087/3514/4308 5086/3513/4307 5074/3502/4296
f 5088/3512/4309 5086/3513/4307 5087/3514/4308
f 5089/3515/4310 5090/3516/4311 5091/3517/4312
f 5092/3518/4313 5093/3519/4314 5094/3520/4315
f 5094/3520/4315 5093/3519/4314 5095/3521/4316
f 5093/3519/4314 5096/3522/4317 5095/3521/4316
f 5097/3523/4318 5089/3515/4310 5096/3522/4317
f 5097/3523/4318 5096/3522/4317 5093/3519/4314
f 5098/3524/4319 5090/3516/4311 5089/3515/4310
f 5098/3524/4319 5089/3515/4310 5097/3523/4318
f 5097/3523/4318 5099/3525/4320 5098/3524/4319
f 5099/3525/4320 5090/3516/4311 5098/3524/4319
f 5100/3526/4321 5090/3516/4311 5099/3525/4320
f 5101/3527/4322 5100/3526/4321 5099/3525/4320
f 5102/3528/4323 5103/3529/4324 5101/3527/4322
f 5104/3530/4325 5099/3525/4320 5097/3523/4318
f 5104/3530/4325 5101/3527/4322 5099/3525/4320
f 5093/3519/4314 5104/3530/4325 5097/3523/4318
f 5102/3528/4323 5101/3527/4322 5104/3530/4325
f 5105/3531/4326 5103/3529/4324 5102/3528/4323
f 5106/3532/4327 5103/3529/4324 5105/3531/4326
f 5107/3533/4328 5105/3531/4326 5102/3528/4323
f 5108/3534/4329 5102/3528/4323 5104/3530/4325
f 5108/3534/4329 5104/3530/4325 5093/3519/4314
f 5107/3533/4328 5102/3528/4323 5108/3534/4329
f 5109/3535/4330 5106/3532/4327 5110/3536/4331
f 5106/3532/4327 5105/3531/4326 5110/3536/4331
f 5110/3536/4331 5105/3531/4326 5111/3537/4332
f 5111/3537/4332 5105/3531/4326 5107/3533/4328
f 5112/3538/4333 5110/3536/4331 5111/3537/4332
f 5111/3537/4332 5107/3533/4328 5112/3538/4333
f 5112/3538/4333 5107/3533/4328 5113/3539/4334
f 5107/3533/4328 5108/3534/4329 5113/3539/4334
f 5113/3539/4334 5108/3534/4329 5114/3540/4335
f 5114/3540/4335 5093/3519/4314 5092/3518/4313
f 5108/3534/4329 5093/3519/4314 5114/3540/4335
f 5115/3541/4336 5116/3542/4337 5117/3543/4338
f 5118/3544/4339 5115/3541/4336 5117/3543/4338
f 5118/3544/4339 5117/3543/4338 5119/3545/4340
f 5118/3544/4339 5119/3545/4340 5120/3546/4341
f 5120/3546/4341 5119/3545/4340 5121/3547/4342
f 5121/3547/4342 5119/3545/4340 5122/3548/4343
f 5122/3548/4343 5119/3545/4340 5123/3549/4344
f 5122/3548/4343 5123/3549/4344 5124/3550/4345
f 5124/3550/4345 5123/3549/4344 5109/3535/4330
f 5124/3550/4345 5109/3535/4330 5125/3551/4346
f 5125/3551/4346 5110/3536/4331 5112/3538/4333
f 5125/3551/4346 5109/3535/4330 5110/3536/4331
f 5126/3552/4347 5127/3553/4348 5116/3542/4337
f 5116/3542/4337 5127/3553/4348 5128/3554/4349
f 5117/3543/4338 5116/3542/4337 5128/3554/4349
f 5117/3543/4338 5128/3554/4349 5129/3555/4350
f 5119/3545/4340 5117/3543/4338 5129/3555/4350
f 5129/3555/4350 5130/3556/4351 5119/3545/4340
f 5119/3545/4340 5130/3556/4351 5123/3549/4344
f 5130/3556/4351 5131/3557/4352 5123/3549/4344
f 5131/3557/4352 5106/3532/4327 5109/3535/4330
f 5123/3549/4344 5131/3557/4352 5109/3535/4330
f 5129/3555/4350 5128/3554/4349 5132/3558/4353
f 5128/3554/4349 5133/3559/4342 5132/3558/4353
f 5127/3553/4348 5133/3559/4342 5128/3554/4349
f 5132/3558/4353 5134/3560/4354 5129/3555/4350
f 5129/3555/4350 5134/3560/4354 5130/3556/4351
f 5132/3558/4353 5133/3559/4342 5134/3560/4354
f 5130/3556/4351 5135/3561/4355 5131/3557/4352
f 5134/3560/4354 5135/3561/4355 5130/3556/4351
f 5135/3561/4355 5136/3562/4356 5131/3557/4352
f 5131/3557/4352 5136/3562/4356 5106/3532/4327
f 5136/3562/4356 5103/3529/4324 5106/3532/4327
f 5103/3529/4324 5137/3563/4357 5101/3527/4322
f 5137/3563/4357 5100/3526/4321 5101/3527/4322
f 5136/3562/4356 5138/3564/4358 5103/3529/4324
f 5138/3564/4358 5137/3563/4357 5103/3529/4324
f 5139/3565/4359 5138/3564/4358 5136/3562/4356
f 5135/3561/4355 5140/3566/4360 5136/3562/4356
f 5136/3562/4356 5140/3566/4360 5139/3565/4359
f 5135/3561/4355 5141/3567/4361 5140/3566/4360
f 5134/3560/4354 5141/3567/4361 5135/3561/4355
f 5134/3560/4354 5133/3559/4342 5141/3567/4361
f 5142/3568/4362 5143/3569/4363 5144/3570/4364
f 5145/3571/4365 5146/3572/4366 5147/3573/4367
f 5145/3571/4365 5147/3573/4367 5148/3574/4368
f 5148/3574/4368 5147/3573/4367 5149/3575/4369
f 5148/3574/4368 5149/3575/4369 5150/3576/4370
f 5150/3576/4370 5149/3575/4369 5151/3577/4371
f 5149/3575/4369 5152/3578/4372 5151/3577/4371
f 5153/3579/4373 5142/3568/4362 5152/3578/4372
f 5153/3579/4373 5152/3578/4372 5149/3575/4369
f 5147/3573/4367 5153/3579/4373 5149/3575/4369
f 5154/3580/4374 5143/3569/4363 5142/3568/4362
f 5154/3580/4374 5142/3568/4362 5153/3579/4373
f 5155/3581/4375 5154/3580/4374 5153/3579/4373
f 5156/3582/4376 5154/3580/4374 5155/3581/4375
f 5155/3581/4375 5153/3579/4373 5147/3573/4367
f 5146/3572/4366 5155/3581/4375 5147/3573/4367
f 5157/3583/4377 5156/3582/4376 5155/3581/4375
f 5158/3584/4378 5156/3582/4376 5157/3583/4377
f 5157/3583/4377 5155/3581/4375 5146/3572/4366
f 5154/3580/4374 5159/3585/4379 5143/3569/4363
f 5156/3582/4376 5159/3585/4379 5154/3580/4374
f 5156/3582/4376 5160/3586/4380 5159/3585/4379
f 5158/3584/4378 5160/3586/4380 5156/3582/4376
f 5157/3583/4377 5161/3587/4381 5158/3584/4378
f 5161/3587/4381 5160/3586/4380 5158/3584/4378
f 5146/3572/4366 5162/3588/4382 5157/3583/4377
f 5162/3588/4382 5161/3587/4381 5157/3583/4377
f 5163/3589/4383 5162/3588/4382 5146/3572/4366
f 5163/3589/4383 5164/3590/4384 5162/3588/4382
f 5164/3590/4384 5165/3591/4385 5162/3588/4382
f 5164/3590/4384 5166/3592/4386 5165/3591/4385
f 5162/3588/4382 5165/3591/4385 5161/3587/4381
f 5166/3592/4386 5167/3593/4387 5168/3594/4388
f 5166/3592/4386 5169/3595/4389 5165/3591/4385
f 5168/3594/4388 5169/3595/4389 5166/3592/4386
f 5169/3595/4389 5170/3596/4390 5165/3591/4385
f 5165/3591/4385 5170/3596/4390 5161/3587/4381
f 5170/3596/4390 5160/3586/4380 5161/3587/4381
f 5171/3597/4391 5164/3590/4384 5163/3589/4383
f 5172/3598/4392 5166/3592/4386 5164/3590/4384
f 5171/3597/4391 5172/3598/4392 5164/3590/4384
f 5172/3598/4392 5173/3599/4393 5166/3592/4386
f 5173/3599/4393 5167/3593/4387 5166/3592/4386
f 5173/3599/4393 5174/3600/4394 5167/3593/4387
f 5175/3601/4395 5174/3600/4394 5173/3599/4393
f 5175/3601/4395 5176/3602/4396 5174/3600/4394
f 5177/3603/4397 5176/3602/4396 5175/3601/4395
f 5177/3603/4397 5178/3604/4398 5176/3602/4396
f 5179/3605/4399 5178/3604/4398 5177/3603/4397
f 5180/3606/4400 5178/3604/4398 5179/3605/4399
f 5181/3607/4401 5180/3606/4400 5179/3605/4399
f 5179/3605/4399 5177/3603/4397 5181/3607/4401
f 5177/3603/4397 5175/3601/4395 5182/3608/4402
f 5181/3607/4401 5177/3603/4397 5182/3608/4402
f 5175/3601/4395 5173/3599/4393 5183/3609/4403
f 5182/3608/4402 5175/3601/4395 5183/3609/4403
f 5183/3609/4403 5173/3599/4393 5184/3610/4404
f 5184/3610/4404 5173/3599/4393 5172/3598/4392
f 5185/3611/4405 5178/3604/4398 5180/3606/4400
f 5180/3606/4400 5186/3612/4406 5185/3611/4405
f 5187/3613/4407 5186/3612/4406 5180/3606/4400
f 5188/3614/4408 5187/3613/4407 5180/3606/4400
f 5188/3614/4408 5180/3606/4400 5181/3607/4401
f 5189/3615/4409 5188/3614/4408 5181/3607/4401
f 5181/3607/4401 5182/3608/4402 5189/3615/4409
f 5182/3608/4402 5183/3609/4403 5190/3616/4410
f 5189/3615/4409 5182/3608/4402 5190/3616/4410
f 5183/3609/4403 5184/3610/4404 5191/3617/4411
f 5190/3616/4410 5183/3609/4403 5191/3617/4411
f 5184/3610/4404 5172/3598/4392 5192/3618/4412
f 5191/3617/4411 5184/3610/4404 5192/3618/4412
f 5193/3619/4413 5188/3614/4408 5189/3615/4409
f 5194/3620/4414 5187/3613/4407 5188/3614/4408
f 5195/3621/4415 5188/3614/4408 5193/3619/4413
f 5194/3620/4414 5188/3614/4408 5195/3621/4415
f 5195/3621/4415 5193/3619/4413 5196/3622/4416
f 5196/3622/4416 5193/3619/4413 5197/3623/4417
f 5193/3619/4413 5189/3615/4409 5197/3623/4417
f 5197/3623/4417 5189/3615/4409 5198/3624/4398
f 5198/3624/4398 5189/3615/4409 5199/3625/4418
f 5199/3625/4418 5189/3615/4409 5190/3616/4410
f 5200/3626/4419 5190/3616/4410 5191/3617/4411
f 5199/3625/4418 5190/3616/4410 5200/3626/4419
f 5201/3627/4420 5191/3617/4411 5192/3618/4412
f 5200/3626/4419 5191/3617/4411 5201/3627/4420
f 5202/3628/4421 5172/3598/4392 5171/3597/4391
f 5192/3618/4412 5172/3598/4392 5202/3628/4421
f 5192/3618/4412 5202/3628/4421 5201/3627/4420
f 5202/3628/4421 5171/3597/4391 5203/3629/4422
f 5201/3627/4420 5202/3628/4421 5203/3629/4422
f 5171/3597/4391 5163/3589/4383 5204/3630/4423
f 5203/3629/4422 5171/3597/4391 5204/3630/4423
f 5163/3589/4383 5146/3572/4366 5205/3631/4424
f 5204/3630/4423 5163/3589/4383 5205/3631/4424
f 5206/3632/4425 5146/3572/4366 5145/3571/4365
f 5205/3631/4424 5146/3572/4366 5206/3632/4425
f 5207/2651/4426 5208/2650/2923 5209/2649/4427
f 5208/2650/2923 5210/2646/1999 5209/2649/4427
f 5211/2652/2925 5208/2650/2923 5207/2651/4426
f 5207/2651/4426 5212/2653/2926 5211/2652/2925
f 5213/2654/4428 5212/2653/2926 5207/2651/4426
f 5207/2651/4426 5214/2655/4429 5213/2654/4428
f 5215/2656/4430 5214/2655/4429 5207/2651/4426
f 5209/2649/4427 5216/2657/4431 5207/2651/4426
f 5207/2651/4426 5216/2657/4431 5215/2656/4430
f 5209/2649/4427 5210/2646/1999 5217/2647/4432
f 5209/2649/4427 5217/2647/4432 5216/2657/4431
f 5210/2646/1999 5218/2648/4433 5217/2647/4432
f 5216/2657/4431 5217/2647/4432 5219/2658/4434
f 5217/2647/4432 5218/2648/4433 5220/2659/4435
f 5217/2647/4432 5220/2659/4435 5219/2658/4434
f 5218/2648/4433 5221/2669/2942 5220/2659/4435
f 5220/2659/4435 5221/2669/2942 5222/2662/4436
f 5221/2669/2942 5223/2668/2941 5222/2662/4436
f 5222/2662/4436 5223/2668/2941 5224/2663/4437
f 5223/2668/2941 5225/2667/2940 5224/2663/4437
f 5224/2663/4437 5225/2667/2940 5226/2666/4438
f 5226/2666/4438 5227/2665/4439 5224/2663/4437
f 5224/2663/4437 5227/2665/4439 5228/2664/4440
f 5229/2661/4441 5224/2663/4437 5228/2664/4440
f 5222/2662/4436 5224/2663/4437 5229/2661/4441
f 5222/2662/4436 5229/2661/4441 5220/2659/4435
f 5220/2659/4435 5229/2661/4441 5230/2660/4442
f 5219/2658/4434 5220/2659/4435 5230/2660/4442
f 5231/3633/4443 5115/3541/4336 5118/3544/4339
f 5231/3633/4443 5118/3544/4339 5232/3634/4444
f 5232/3634/4444 5118/3544/4339 5120/3546/4341
f 5233/3635/2025 5234/3636/2025 5235/3637/2025
f 5235/3637/2025 5234/3636/2025 5236/3638/2025
f 5235/3637/2025 5236/3638/2025 5237/3639/2025
f 5237/3639/2025 5238/3640/2025 5235/3637/2025
f 5235/3637/2025 5238/3640/2025 5239/3641/2025
f 5240/3642/2025 5241/3643/2025 5242/3644/2025
f 5243/3645/2025 5241/3643/2025 5240/3642/2025
f 5244/3646/2025 5243/3645/2025 5240/3642/2025
f 5245/3647/2025 5243/3645/2025 5244/3646/2025
f 5244/3646/2025 5246/3648/2025 5245/3647/2025
f 5245/3647/2025 5246/3648/2025 5247/3649/2025
f 5248/3650/4445 5249/3651/4445 5250/3652/4445
f 5251/3653/4445 5249/3651/4445 5248/3650/4445
f 5252/3654/4445 5251/3653/4445 5248/3650/4445
f 5253/3655/4445 5251/3653/4445 5252/3654/4445
f 5252/3654/4445 5254/3656/4445 5253/3655/4445
f 5253/3655/4445 5254/3656/4445 5255/3657/4445
f 5256/3658/1707 5257/3659/1707 5258/3660/1707
f 5259/3661/1707 5257/3659/1707 5256/3658/1707
f 5260/3662/1707 5259/3661/1707 5256/3658/1707
f 5261/3663/1707 5259/3661/1707 5260/3662/1707
f 5260/3662/1707 5262/3664/1707 5261/3663/1707
f 5261/3663/1707 5262/3664/1707 5263/3665/1707
f 5264/3666/4446 5265/3667/4447 5266/3668/4448
f 5267/3669/4449 5264/3666/4446 5266/3668/4448
f 5268/3670/4450 5264/3666/4446 5267/3669/4449
f 5267/3669/4449 5269/3671/4451 5268/3670/4450
f 5270/3672/4452 5271/3673/4453 5272/3674/4454
f 5270/3672/4452 5273/3675/4455 5271/3673/4453
f 5271/3673/4453 5273/3675/4455 5274/3676/4456
f 5273/3675/4455 5275/3677/4457 5274/3676/4456
f 5276/3678/4458 5275/3677/4457 5273/3675/4455
f 5276/3678/4458 5277/3679/4459 5275/3677/4457
f 5275/3677/4457 5277/3679/4459 5278/3680/4460
f 5277/3679/4459 5265/3667/4447 5278/3680/4460
f 5278/3680/4460 5265/3667/4447 5279/3681/4461
f 5279/3681/4461 5265/3667/4447 5264/3666/4446
f 5280/3682/4454 5281/3683/4462 5282/3684/4463
f 5283/3685/4464 5281/3683/4462 5280/3682/4454
f 5284/3686/4465 5283/3685/4464 5280/3682/4454
f 5285/3687/4466 5283/3685/4464 5284/3686/4465
f 5286/3688/4467 5285/3687/4466 5284/3686/4465
f 5287/3689/4468 5285/3687/4466 5286/3688/4467
f 5288/1711/4469 5287/3689/4468 5286/3688/4467
f 5289/3690/4470 5287/3689/4468 5288/1711/4469
f 5289/3690/4470 5288/1711/4469 5290/3691/4471
f 5290/3691/4471 5288/1711/4469 5291/3692/4472
f 5290/3691/4471 5291/3692/4472 5292/3693/4473
f 5292/3693/4473 5291/3692/4472 5293/3694/4461
f 5292/3693/4473 5293/3694/4461 5294/3695/4474
f 5294/3695/4474 5293/3694/4461 5295/3696/4475
f 5294/3695/4474 5295/3696/4475 5296/3697/4476
f 5296/3697/4476 5295/3696/4475 5297/1715/4477
f 5296/3697/4476 5297/1715/4477 5298/3698/4478
f 5298/3698/4478 5297/1715/4477 5299/3699/4479
f 5298/3698/4478 5299/3699/4479 5300/3700/4480
f 5300/3700/4480 5299/3699/4479 5301/3701/4481
f 5300/3700/4480 5301/3701/4481 5302/3702/4482
f 5302/3702/4482 5301/3701/4481 5303/3703/4483
f 5302/3702/4482 5303/3703/4483 5304/3704/4484
f 5304/3704/4484 5303/3703/4483 5305/3705/4485
f 5304/3704/4484 5305/3705/4485 5306/3706/4486
f 5306/3706/4486 5305/3705/4485 5307/3707/4487
f 5308/1703/4458 5306/3706/4486 5307/3707/4487
f 5309/3708/4488 5306/3706/4486 5308/1703/4458
f 5310/3709/4489 5309/3708/4488 5308/1703/4458
f 5311/3710/4490 5309/3708/4488 5310/3709/4489
f 5312/3711/4491 5311/3710/4490 5310/3709/4489
f 5313/3712/4492 5311/3710/4490 5312/3711/4491
f 5314/3666/4493 5315/3667/4494 5316/3668/4495
f 5317/3669/4496 5314/3666/4493 5316/3668/4495
f 5318/3670/4497 5314/3666/4493 5317/3669/4496
f 5317/3669/4496 5319/3671/4498 5318/3670/4497
f 5320/3672/4499 5321/3673/4500 5322/3674/4501
f 5320/3672/4499 5323/3675/4502 5321/3673/4500
f 5321/3673/4500 5323/3675/4502 5324/3676/4503
f 5323/3675/4502 5325/3677/4504 5324/3676/4503
f 5326/3678/4505 5325/3677/4504 5323/3675/4502
f 5326/3678/4505 5327/3679/4506 5325/3677/4504
f 5325/3677/4504 5327/3679/4506 5328/3680/4507
f 5329/3681/4508 5315/3667/4494 5314/3666/4493
f 5315/3667/4494 5329/3681/4508 5327/3679/4506
f 5327/3679/4506 5329/3681/4508 5328/3680/4507
f 5330/3682/4501 5331/3683/4509 5332/3684/4463
f 5333/3685/4510 5331/3683/4509 5330/3682/4501
f 5334/3686/4511 5333/3685/4510 5330/3682/4501
f 5335/3687/4512 5333/3685/4510 5334/3686/4511
f 5336/3688/4513 5335/3687/4512 5334/3686/4511
f 5337/3689/4514 5335/3687/4512 5336/3688/4513
f 5338/1711/4515 5337/3689/4514 5336/3688/4513
f 5339/3690/4516 5337/3689/4514 5338/1711/4515
f 5339/3690/4516 5338/1711/4515 5340/3691/4517
f 5340/3691/4517 5338/1711/4515 5341/3692/4518
f 5340/3691/4517 5341/3692/4518 5342/3693/4519
f 5342/3693/4519 5341/3692/4518 5343/3694/4520
f 5342/3693/4519 5343/3694/4520 5344/3695/4521
f 5344/3695/4521 5343/3694/4520 5345/3696/4522
f 5344/3695/4521 5345/3696/4522 5346/3697/4523
f 5346/3697/4523 5345/3696/4522 5347/1715/4524
f 5346/3697/4523 5347/1715/4524 5348/3698/4525
f 5348/3698/4525 5347/1715/4524 5349/3699/4498
f 5348/3698/4525 5349/3699/4498 5350/3700/4526
f 5350/3700/4526 5349/3699/4498 5351/3701/4527
f 5350/3700/4526 5351/3701/4527 5352/3702/4528
f 5352/3702/4528 5351/3701/4527 5353/3703/4529
f 5352/3702/4528 5353/3703/4529 5354/3704/4530
f 5354/3704/4530 5353/3703/4529 5355/3705/4531
f 5356/3707/4532 5354/3704/4530 5355/3705/4531
f 5357/3706/4533 5354/3704/4530 5356/3707/4532
f 5358/1703/4505 5357/3706/4533 5356/3707/4532
f 5359/3708/4534 5357/3706/4533 5358/1703/4505
f 5360/3709/4535 5359/3708/4534 5358/1703/4505
f 5361/3710/4536 5359/3708/4534 5360/3709/4535
f 5362/3711/4537 5361/3710/4536 5360/3709/4535
f 5363/3712/4538 5361/3710/4536 5362/3711/4537
f 5364/2507/4539 5365/2506/4540 5366/2505/4539
f 5366/2505/4539 5365/2506/4540 5367/2508/4539
f 5365/2506/4540 5368/2509/4541 5367/2508/4539
f 5369/2510/4542 5368/2509/4541 5365/2506/4540
f 5370/2511/4543 5368/2509/4541 5369/2510/4542
f 5371/2512/4544 5368/2509/4541 5370/2511/4543
f 5371/2512/4544 5370/2511/4543 5372/2513/4545
f 5372/2513/4545 5373/2514/4546 5371/2512/4544
f 5371/2512/4544 5373/2514/4546 5374/2515/4547
f 5375/3713/771 5376/3714/771 5377/3715/771
f 5375/3713/771 5377/3715/771 5378/3716/771
f 5378/3716/771 5377/3715/771 5379/3717/771
f 5379/3717/771 5380/3718/771 5378/3716/771
f 5378/3716/771 5380/3718/771 5381/3719/771
f 5380/3718/771 5382/3720/771 5381/3719/771
f 5381/3719/771 5382/3720/771 5383/3721/771
f 5382/3720/771 5384/3722/771 5383/3721/771
f 5383/3721/771 5384/3722/771 5385/3723/771
f 5384/3722/771 5386/3724/771 5385/3723/771
f 5385/3723/771 5386/3724/771 5387/3725/771
f 5386/3724/771 5388/3726/771 5387/3725/771
f 2945/2422/2479 5389/2897/4548 2970/2447/2504
f 2947/2424/2481 5389/2897/4548 2945/2422/2479
f 5389/2897/4548 2947/2424/2481 5390/2898/4549
f 5390/2898/4549 2947/2424/2481 2949/2426/2483
f 2949/2426/2483 5391/2899/4550 5390/2898/4549
f 2949/2426/2483 2934/2411/2468 5392/2900/4551
f 5392/2900/4551 5391/2899/4550 2949/2426/2483
f 5393/2537/2567 5394/2532/4552 5395/2536/4553
f 5395/2536/4553 5394/2532/4552 5396/2535/2317
f 5394/2532/4552 5397/2533/2317 5396/2535/2317
f 5398/2534/2317 5397/2533/2317 5394/2532/4552
f 5399/2527/2559 5400/2526/2558 5401/2525/4554
f 5401/2525/4554 5400/2526/2558 5402/2522/4555
f 5401/2525/4554 5402/2522/4555 5403/2523/4556
f 5404/2524/2556 5403/2523/4556 5402/2522/4555
f 5405/2541/2570 5403/2523/4556 5404/2524/2556
f 5406/2539/2568 5405/2541/2570 5404/2524/2556
f 5407/2540/2569 5405/2541/2570 5406/2539/2568
f 5406/2539/2568 5393/2537/2567 5407/2540/2569
f 5408/2538/1914 5394/2532/4552 5393/2537/2567
f 5408/2538/1914 5393/2537/2567 5406/2539/2568
f 5409/2521/2552 5410/2519/4557 5411/2520/2553
f 5411/2520/2553 5410/2519/4557 5412/2518/4558
f 5410/2519/4557 5413/2517/2549 5412/2518/4558
f 5412/2518/4558 5413/2517/2549 5414/2516/2548
f 5413/2517/2549 5415/2530/2562 5414/2516/2548
f 5414/2516/2548 5415/2530/2562 5416/2531/2563
f 5416/2531/2563 5415/2530/2562 5417/2529/2561
f 5417/2529/2561 5418/2528/2560 5399/2527/2559
f 5399/2527/2559 5418/2528/2560 5400/2526/2558
f 5417/2529/2561 5415/2530/2562 5418/2528/2560
f 5419/3727/771 5420/3728/771 5421/3729/771
f 5422/3730/771 5419/3727/771 5421/3729/771
f 5423/3731/771 5419/3727/771 5422/3730/771
f 5424/3732/771 5423/3731/771 5422/3730/771
f 5425/3733/771 5423/3731/771 5424/3732/771
f 5426/3734/771 5425/3733/771 5424/3732/771
f 5427/3735/771 5425/3733/771 5426/3734/771
f 5428/3736/771 5427/3735/771 5426/3734/771
f 5376/3714/771 5427/3735/771 5428/3736/771
f 5377/3715/771 5376/3714/771 5428/3736/771
f 5429/3721/496 5430/3723/496 5431/3732/496
f 5432/3730/496 5429/3721/496 5431/3732/496
f 5433/3719/496 5429/3721/496 5432/3730/496
f 5434/3729/496 5433/3719/496 5432/3730/496
f 5435/3716/496 5433/3719/496 5434/3729/496
f 5436/3728/496 5435/3716/496 5434/3729/496
f 5437/3713/496 5435/3716/496 5436/3728/496
f 5437/3713/496 5436/3728/496 5438/3714/496
f 5438/3714/496 5436/3728/496 5439/3727/496
f 5439/3727/496 5440/3731/496 5438/3714/496
f 5438/3714/496 5440/3731/496 5441/3735/496
f 5440/3731/496 5442/3733/496 5441/3735/496
f 5443/3722/496 5444/3720/496 5445/3718/496
f 5446/3717/496 5443/3722/496 5445/3718/496
f 5447/3724/496 5443/3722/496 5446/3717/496
f 5448/3715/496 5447/3724/496 5446/3717/496
f 5449/3726/496 5447/3724/496 5448/3715/496
f 5450/3736/496 5449/3726/496 5448/3715/496
f 5451/3725/496 5449/3726/496 5450/3736/496
f 5430/3723/496 5451/3725/496 5452/3734/496
f 5452/3734/496 5451/3725/496 5450/3736/496
f 5431/3732/496 5430/3723/496 5452/3734/496
f 1979/1836/1796 5453/2066/4559 1968/1825/1785
f 1968/1825/1785 5453/2066/4559 5454/2065/4560
f 1968/1825/1785 5454/2065/4560 1969/1826/1786
f 1969/1826/1786 5455/2064/2136 1973/1830/1790
f 1969/1826/1786 5454/2065/4560 5455/2064/2136
f 5456/2063/4561 1983/1840/1800 1973/1830/1790
f 2003/1860/1820 1983/1840/1800 5456/2063/4561
f 1973/1830/1790 5455/2064/2136 5456/2063/4561
f 5457/3737/4562 5458/3738/4563 5459/3739/4564
f 5459/3739/4564 5460/3740/4565 5457/3737/4562
f 5457/3737/4562 5460/3740/4565 5461/3741/1600
f 5462/3742/1602 5457/3737/4562 5461/3741/1600
f 5463/3743/4566 5457/3737/4562 5462/3742/1602
f 5458/3738/4563 5457/3737/4562 5464/3744/1599
f 5464/3744/1599 5457/3737/4562 5463/3743/4566
f 5465/2676/4567 3229/2566/2715 5466/2675/2603
f 3228/2564/2714 5467/2674/2603 3229/2566/2715
f 3229/2566/2715 5467/2674/2603 5466/2675/2603
f 3228/2564/2714 5468/2673/2603 5467/2674/2603
f 3231/2562/2717 5468/2673/2603 3228/2564/2714
f 3231/2562/2717 3208/2575/2694 5468/2673/2603
f 5469/3745/4568 5470/3746/4569 5471/3747/4570
f 5472/3748/4571 5470/3746/4569 5469/3745/4568
f 5473/3749/4572 5472/3748/4571 5469/3745/4568
f 5474/3750/4573 5472/3748/4571 5473/3749/4572
f 5475/3751/4574 5474/3750/4573 5473/3749/4572
f 5476/3752/4575 5474/3750/4573 5475/3751/4574
f 5477/3753/4576 5476/3752/4575 5475/3751/4574
f 5478/3754/4577 5476/3752/4575 5477/3753/4576
f 5479/3755/4578 5478/3754/4577 5477/3753/4576
f 5480/3756/4579 5478/3754/4577 5479/3755/4578
f 5481/3757/4580 5480/3756/4579 5479/3755/4578
f 5482/3758/4581 5480/3756/4579 5481/3757/4580
f 5483/3759/4582 5484/3760/4583 5482/3758/4581
f 5482/3758/4581 5484/3760/4583 5480/3756/4579
f 5484/3760/4583 5485/3761/4584 5480/3756/4579
f 5480/3756/4579 5485/3761/4584 5478/3754/4577
f 5485/3761/4584 5486/3762/4585 5478/3754/4577
f 5478/3754/4577 5486/3762/4585 5476/3752/4575
f 5476/3752/4575 5487/3763/4586 5474/3750/4573
f 5486/3762/4585 5487/3763/4586 5476/3752/4575
f 5487/3763/4586 5488/3764/4587 5474/3750/4573
f 5474/3750/4573 5488/3764/4587 5472/3748/4571
f 5472/3748/4571 5489/3765/4588 5470/3746/4569
f 5488/3764/4587 5489/3765/4588 5472/3748/4571
f 5489/3765/4588 5490/3766/4589 5470/3746/4569
f 5470/3746/4569 5490/3766/4589 5491/3767/4590
f 5490/3766/4589 5492/3768/4591 5491/3767/4590
f 5491/3767/4590 5492/3768/4591 5493/3769/4592
f 5492/3768/4591 5494/3770/4593 5493/3769/4592
f 5493/3769/4592 5494/3770/4593 5495/3771/4594
f 5494/3770/4593 5496/3772/4595 5495/3771/4594
f 5495/3771/4594 5496/3772/4595 5497/3773/4596
f 5497/3773/4596 5498/3774/4597 5499/3775/4598
f 5499/3775/4598 5498/3774/4597 5500/3776/4599
f 5495/3771/4594 5497/3773/4596 5501/3777/4600
f 5501/3777/4600 5497/3773/4596 5499/3775/4598
f 5502/3778/4601 5495/3771/4594 5501/3777/4600
f 5493/3769/4592 5495/3771/4594 5502/3778/4601
f 5491/3767/4590 5493/3769/4592 5503/3779/4602
f 5491/3767/4590 5503/3779/4602 5470/3746/4569
f 5470/3746/4569 5503/3779/4602 5471/3747/4570
f 5503/3779/4602 5493/3769/4592 5502/3778/4601
f 5497/3773/4596 5504/3780/4603 5498/3774/4597
f 5496/3772/4595 5504/3780/4603 5497/3773/4596
f 5504/3780/4603 5505/3781/4604 5498/3774/4597
f 5498/3774/4597 5505/3781/4604 5506/3782/4605
f 5498/3774/4597 5506/3782/4605 5500/3776/4599
f 5500/3776/4599 5506/3782/4605 5507/3783/4606
f 5508/2904/2624 613/544/538 609/540/534
f 615/546/540 613/544/538 5508/2904/2624
f 5509/2903/4607 615/546/540 5508/2904/2624
f 617/548/542 615/546/540 5509/2903/4607
f 641/572/566 617/548/542 5510/2902/511
f 5510/2902/511 617/548/542 5509/2903/4607
f 647/578/572 642/573/567 5511/2901/4608
f 642/573/567 641/572/566 5511/2901/4608
f 5511/2901/4608 641/572/566 5510/2902/511
f 1041/908/916 1039/906/914 5512/3784/956
f 1021/888/896 1041/908/916 5512/3784/956
f 5513/3785/957 1038/905/913 1071/938/944
f 1039/906/914 1038/905/913 5513/3785/957
f 5512/3784/956 1039/906/914 5513/3785/957
f 1528/1385/1375 5514/3786/4609 1541/1398/1382
f 1528/1385/1375 1527/1384/1374 5514/3786/4609
f 1527/1384/1374 1537/1394/1379 5514/3786/4609
f 5514/3786/4609 1537/1394/1379 1543/1400/1384
f 1541/1398/1382 5514/3786/4609 1543/1400/1384
