# Blender 4.4.1
# www.blender.org
mtllib foot bottom.mtl
o foot_bottom
v -1.085836 -0.737512 -0.403466
v -0.424335 -0.737730 -0.776477
v -1.085835 -0.736473 0.937127
v -0.398035 -0.736092 1.603657
v -1.706435 -0.894056 2.878088
v -1.412435 -0.894056 2.877398
v -1.623635 -0.894056 3.310178
v -1.343935 -0.894056 4.793808
v -1.382935 -0.894056 4.586427
v -1.003036 -0.894056 4.712857
v -1.271135 -0.894056 3.533017
v -1.412435 -0.894056 3.298928
v -1.308935 -0.814871 3.296968
v -1.308935 -0.814871 2.877398
v -0.988135 -0.814871 3.296968
v -0.988135 -0.814871 2.877397
v -0.885335 -0.894056 2.878088
v -1.025835 -0.894056 3.533017
v -1.055235 -0.814871 3.397177
v -1.241735 -0.814871 3.397177
v -0.884635 -0.894056 3.319487
v -0.362334 -0.894055 3.426247
v -0.077035 -0.894055 2.877397
v -0.523635 -0.894055 4.712857
v -0.555135 -0.894056 5.098107
v -1.119935 -0.894056 5.098107
v -1.228435 -0.894056 4.884778
v -0.077036 -0.894055 5.098107
v -0.005735 -0.807482 3.426247
v -0.005735 -0.807482 2.877397
v -0.077035 -0.894055 3.426247
v -0.077035 -0.894055 4.712857
v -0.005736 -0.807482 5.019328
v -0.005735 -0.807482 4.668478
v -1.215135 -0.112843 3.188967
v -1.549935 -0.316596 3.345318
v -1.575335 -0.112843 3.188967
v -1.287535 -0.090154 3.134197
v -1.589735 -0.080477 3.110837
v -1.367535 -0.071665 3.049898
v -1.605735 -0.068656 3.027048
v -1.405135 -0.072689 2.984697
v -1.614035 -0.072689 2.984697
v -1.659935 -0.067885 3.021188
v -1.667135 -0.072689 2.984697
v -1.654535 0.202394 3.020448
v -1.559335 0.285034 3.024058
v -1.464235 0.367684 3.027658
v -1.419735 0.370404 3.113678
v -1.347935 0.396794 3.200948
v -1.248835 0.446734 3.290508
v -1.136735 0.351754 3.333618
v -1.115535 -0.061996 3.277417
v -1.090435 -0.039526 3.286277
v -1.109435 0.331984 3.336498
v -1.085735 0.295264 3.369768
v -0.698935 0.443314 3.441287
v -0.690435 0.409154 3.475017
v -0.657735 0.446184 3.481987
v -1.068436 -0.011343 3.331857
v -0.366835 0.535654 3.469837
v -0.670535 0.486474 3.431407
v -0.365335 0.487444 3.526867
v -0.262534 0.516474 3.568697
v -0.263335 0.543034 3.573037
v -0.368634 0.562244 3.474097
v -0.701935 0.517394 3.435777
v -0.715035 0.478554 3.446667
v -0.367334 -0.059030 3.463667
v -0.261735 0.482044 3.590867
v -0.084135 0.528384 3.585097
v -0.085035 0.554964 3.589227
v -0.005735 0.495764 3.565647
v -0.005735 0.469124 3.561487
v -0.083335 0.493704 3.609407
v -0.005735 0.434304 3.587637
v -0.005735 -0.060915 3.550597
v -0.265034 -0.077754 3.526117
v -0.264235 -0.101233 3.470727
v -0.005735 -0.084104 3.490837
v -0.005735 -0.110738 3.486677
v -0.263335 -0.127794 3.466387
v -0.708935 -0.021538 3.424197
v -0.368436 -0.082106 3.371697
v -0.369535 -0.108602 3.367177
v -0.246935 -0.112983 3.371867
v -0.005735 -0.116644 3.376577
v -0.247135 -0.163496 3.381017
v -0.350735 -0.403447 3.356747
v -0.209535 -0.316597 3.345317
v -0.193035 -0.403447 3.356747
v -0.350835 -0.316597 3.345317
v -0.224435 -0.235666 3.311787
v -0.352135 -0.235665 3.311787
v -0.404736 -0.159107 3.376337
v -0.700936 -0.080548 3.340898
v -0.709834 -0.055608 3.359137
v -0.745936 -0.064113 3.416497
v -0.740835 -0.103108 3.367117
v -0.732835 -0.128212 3.347417
v -0.798035 -0.190662 3.267907
v -0.950035 -0.316597 3.345317
v -0.997735 -0.403447 3.356747
v -1.549735 -0.403447 3.356748
v -1.602835 -0.403447 3.356748
v -1.603135 -0.316596 3.345318
v -1.628435 -0.112843 3.188967
v -1.643335 -0.079318 3.108037
v -0.620735 -0.789321 0.564357
v -0.614035 -0.756553 0.699157
v -0.628035 -0.756553 0.564737
v -0.625936 -0.789321 0.441587
v -0.633336 -0.756553 0.441587
v -0.597435 -0.809402 0.441587
v -0.620735 -0.789321 0.318823
v -0.592236 -0.809402 0.320310
v -0.628035 -0.756553 0.318437
v -0.613235 -0.728018 0.441587
v -0.608035 -0.728018 0.563687
v -0.594235 -0.728018 0.696297
v -0.567735 -0.728018 0.837657
v -0.608035 -0.728018 0.319482
v -0.580435 -0.720619 0.441587
v -0.575435 -0.720619 0.561987
v -0.561935 -0.720619 0.691617
v -0.536034 -0.720619 0.830027
v -0.535835 -0.726409 0.835267
v -0.563436 -0.732843 0.841897
v -0.564636 -0.802004 0.441587
v -0.592236 -0.809402 0.562867
v -0.606735 -0.789321 0.698107
v -0.587236 -0.756553 0.842337
v -0.580335 -0.757659 0.845967
v -0.547635 -0.732843 0.903317
v -0.564235 -0.757659 0.908467
v -0.580035 -0.789321 0.840617
v -0.552435 -0.809402 0.833967
v -0.578634 -0.809402 0.694027
v -0.559636 -0.802004 0.561157
v -0.544536 -0.773468 0.441587
v -0.559636 -0.802004 0.322015
v -0.539536 -0.773468 0.323060
v -0.546935 -0.740701 0.322676
v -0.551935 -0.740701 0.441587
v -0.533735 -0.740701 0.195629
v -0.526435 -0.773468 0.196688
v -0.546235 -0.802004 0.193818
v -0.578635 -0.809402 0.189145
v -0.575435 -0.720619 0.561987
v -0.580435 -0.720619 0.441587
v -0.575435 -0.720619 0.321191
v -0.561935 -0.720619 0.191560
v -0.508336 -0.740701 0.059798
v -0.501135 -0.773468 0.061525
v -0.520635 -0.802004 0.056844
v -0.536035 -0.720619 0.053151
v -0.535836 -0.726409 0.047914
v -0.475735 -0.743872 -0.070092
v -0.496735 -0.743872 -0.004418
v -0.469736 -0.772363 -0.067841
v -0.520435 -0.726409 -0.011740
v -0.511735 -0.743872 0.053693
v -0.505535 -0.772363 0.055190
v -0.522435 -0.797177 0.051124
v -0.550035 -0.803613 0.044486
v -0.486034 -0.797177 -0.073948
v -0.458735 -0.774200 -0.070873
v -0.479035 -0.805220 -0.078627
v -0.507335 -0.797177 -0.007672
v -0.490635 -0.772363 -0.002522
v -0.534435 -0.803613 -0.016077
v -0.512735 -0.803613 -0.083914
v -0.512335 -0.813262 -0.091278
v -0.535936 -0.786148 -0.092597
v -0.541235 -0.791435 -0.102295
v -0.541935 -0.757659 -0.094846
v -0.548735 -0.755820 -0.105153
v -0.564235 -0.757659 -0.025294
v -0.558135 -0.786148 -0.023397
v -0.528335 -0.724802 -0.097399
v -0.525635 -0.732843 -0.088737
v -0.547635 -0.732843 -0.020143
v -0.580335 -0.757659 0.037211
v -0.574135 -0.786148 0.038707
v -0.580035 -0.789321 0.042558
v -0.552435 -0.809402 0.049210
v -0.587236 -0.756553 0.040834
v -0.606735 -0.789321 0.185074
v -0.614035 -0.756553 0.184017
v -0.567735 -0.728018 0.045513
v -0.563436 -0.732843 0.041277
v -0.594235 -0.728018 0.186883
v -0.535836 -0.726409 0.047914
v -0.520435 -0.726409 -0.011740
v -0.536035 -0.720619 0.053151
v -0.561935 -0.720619 0.191560
v -0.575435 -0.720619 0.321191
v -0.498935 -0.726409 -0.078771
v -0.495135 -0.716759 -0.084749
v -0.468534 -0.716759 -0.153064
v -0.500936 -0.724802 -0.167733
v -0.520835 -0.755820 -0.176724
v -0.513534 -0.791435 -0.173412
v -0.485235 -0.813262 -0.160635
v -0.452835 -0.805220 -0.145963
v -0.432935 -0.774200 -0.136973
v -0.466235 -0.738588 -0.073728
v -0.498935 -0.726409 -0.078771
v -0.495135 -0.716759 -0.084749
v -0.440235 -0.738588 -0.140285
v -0.468534 -0.716759 -0.153064
v -0.628935 -0.813106 -0.031506
v -0.696135 -0.834076 -0.067230
v -0.647935 -0.797692 -0.048866
v -0.635435 -0.738334 -0.044104
v -0.751535 -0.820670 -0.088317
v -0.659935 -0.834076 -0.155499
v -0.713336 -0.820669 -0.181463
v -0.613436 -0.797692 -0.132886
v -0.601335 -0.738334 -0.127023
v -0.669335 -0.686636 -0.057026
v -0.657935 -0.663180 -0.042355
v -0.612036 -0.732974 -0.025178
v -0.654835 -0.813106 0.049166
v -0.724736 -0.673235 -0.078113
v -0.732835 -0.645085 -0.070379
v -0.634035 -0.686636 -0.142936
v -0.557435 -0.738334 -0.209346
v -0.569035 -0.797692 -0.216124
v -0.613735 -0.834076 -0.242272
v -0.588835 -0.686636 -0.227745
v -0.687535 -0.673235 -0.168899
v -0.640235 -0.673235 -0.257766
v -0.665135 -0.820669 -0.272295
v -0.746135 -0.768972 -0.197374
v -0.696635 -0.768972 -0.290695
v -0.734035 -0.709613 -0.191509
v -0.685035 -0.709613 -0.283914
v -0.640235 -0.673235 -0.257766
v -0.687535 -0.673235 -0.168899
v -0.773035 -0.709613 -0.096477
v -0.724736 -0.673235 -0.078113
v -0.798135 -0.694199 -0.094785
v -0.769135 -0.844124 -0.083937
v -0.785535 -0.768972 -0.101238
v -0.815035 -0.774335 -0.101113
v -0.844235 -0.774335 -0.010614
v -0.797535 -0.844124 0.004136
v -0.820635 -0.768972 0.007808
v -0.786035 -0.820670 0.018535
v -0.694235 -0.862221 -0.055916
v -0.721235 -0.862221 0.028204
v -0.729435 -0.834076 0.036035
v -0.810535 -0.820670 0.123337
v -0.846035 -0.768972 0.115947
v -0.807935 -0.709613 0.011759
v -0.827036 -0.694199 -0.005180
v -0.752535 -0.834076 0.135394
v -0.835435 -0.820669 0.299449
v -0.680135 -0.797692 0.051278
v -0.702136 -0.797692 0.145895
v -0.776435 -0.834076 0.304337
v -0.667335 -0.738334 0.055228
v -0.637635 -0.732974 0.054600
v -0.684335 -0.663180 0.039850
v -0.760635 -0.645085 0.015782
v -0.702035 -0.686636 0.044502
v -0.725035 -0.797692 0.308592
v -0.689035 -0.738334 0.148618
v -0.724536 -0.686636 0.141230
v -0.782535 -0.673235 0.129172
v -0.758635 -0.673235 0.027002
v -0.806935 -0.673235 0.301815
v -0.747935 -0.686636 0.306699
v -0.754035 -0.686636 0.487807
v -0.813235 -0.673235 0.489347
v -0.796935 -0.673235 0.668897
v -0.711735 -0.738334 0.309692
v -0.717635 -0.738334 0.486857
v -0.738335 -0.686636 0.660427
v -0.716635 -0.686636 0.781967
v -0.774135 -0.673235 0.795817
v -0.702035 -0.686636 0.838677
v -0.758634 -0.673235 0.856177
v -0.667334 -0.738334 0.827947
v -0.654834 -0.813106 0.834007
v -0.680135 -0.797692 0.831897
v -0.694335 -0.797692 0.776607
v -0.681335 -0.738334 0.773467
v -0.715735 -0.797692 0.657147
v -0.702435 -0.738334 0.655237
v -0.731034 -0.797692 0.487207
v -0.766735 -0.834076 0.664527
v -0.744435 -0.834076 0.788667
v -0.729435 -0.834076 0.847147
v -0.721235 -0.862221 0.854977
v -0.628935 -0.813106 0.914677
v -0.797535 -0.844124 0.879037
v -0.786034 -0.820669 0.864647
v -0.802035 -0.820669 0.802527
v -0.825335 -0.820669 0.672997
v -0.782735 -0.834076 0.488557
v -0.820635 -0.768972 0.875367
v -0.837335 -0.768972 0.811017
v -0.861235 -0.768972 0.678187
v -0.841935 -0.820669 0.490097
v -0.871635 -0.768972 0.296454
v -0.878235 -0.768972 0.491047
v -0.864935 -0.709613 0.490697
v -0.858335 -0.709613 0.297558
v -0.832935 -0.709613 0.118671
v -0.848035 -0.709613 0.676277
v -0.813235 -0.673235 0.489347
v -0.806935 -0.673235 0.301815
v -0.782535 -0.673235 0.129172
v -0.758635 -0.673235 0.027002
v -0.732835 -0.645085 -0.070379
v -0.760635 -0.645085 0.015782
v -1.383035 -0.713914 2.901348
v -1.412435 -0.894056 2.877398
v -1.706435 -0.703685 2.878088
v -1.706435 -0.894056 2.878088
v -1.111335 -0.679483 5.098107
v -1.228435 -0.894056 4.884778
v -1.119935 -0.894056 5.098107
v -1.339935 -0.796645 4.793808
v -1.382935 -0.894056 4.586427
v -1.343935 -0.894056 4.793808
v -1.303135 -0.797987 4.822907
v -1.219635 -0.654852 4.884778
v -1.099235 -0.373313 5.098107
v -1.207335 -0.314198 4.884778
v -1.329635 -0.532664 4.793808
v -1.320135 -0.288992 4.793808
v -1.367535 -0.502731 4.593127
v -1.367635 -0.219247 4.542107
v -1.609035 0.135554 3.261678
v -1.297435 -0.647709 4.822907
v -1.659935 -0.067885 3.021188
v -1.654535 0.202394 3.020448
v -1.667135 -0.072689 2.984697
v -1.643335 -0.079318 3.108037
v -1.628435 -0.112843 3.188967
v -1.603135 -0.316596 3.345318
v -1.602835 -0.403447 3.356748
v -1.539435 -0.432120 3.367198
v -1.311235 -0.528423 4.566507
v -1.542835 -0.497044 3.362998
v -1.379435 -0.783226 4.583888
v -1.316235 -0.760884 4.584837
v -1.389735 -0.670362 4.507097
v -1.326735 -0.647508 4.507727
v -1.300935 -0.656661 4.644417
v -1.357135 -0.631309 4.671217
v -1.334035 -0.644348 4.793808
v -1.275835 -0.671052 4.779937
v -1.279135 -0.773494 4.782117
v -1.258135 -0.672704 4.795058
v -1.261935 -0.774120 4.795047
v -1.546835 -0.583868 3.334288
v -1.556335 -0.618888 3.302047
v -1.627435 -0.640726 3.258468
v -1.641735 -0.694054 3.188967
v -1.623635 -0.894056 3.310178
v -1.690535 -0.727576 2.934338
v -1.706435 -0.703685 2.878088
v -1.706435 -0.894056 2.878088
v -1.674435 -0.739010 3.021188
v -1.657735 -0.727576 3.108037
v -0.932435 -0.820200 0.059036
v -0.961135 -0.857291 0.049200
v -0.917935 -0.832350 0.049200
v -0.900936 -0.785481 0.049200
v -0.917935 -0.832350 -0.086570
v -0.961135 -0.857291 -0.086570
v -1.010235 -0.848629 -0.086570
v -1.010235 -0.848629 0.049200
v -0.964435 -0.838674 0.059036
v -0.932435 -0.820200 0.657877
v -0.964435 -0.838674 0.657877
v -0.961134 -0.857291 0.667707
v -0.917935 -0.832350 0.667707
v -0.961135 -0.857291 0.803477
v -0.917935 -0.832350 0.803477
v -1.010235 -0.848629 0.667707
v -1.000835 -0.832257 0.657877
v -1.000836 -0.832257 0.059036
v -1.042335 -0.810421 0.049200
v -1.042335 -0.810421 -0.086570
v -1.024635 -0.803958 0.657877
v -1.024636 -0.803958 0.059036
v -1.042334 -0.810421 0.667707
v -1.042335 -0.810420 0.803477
v -1.010235 -0.848629 0.803477
v -1.042335 -0.760544 0.803477
v -1.024635 -0.767009 0.813317
v -1.042334 -0.760544 0.667707
v -1.024635 -0.767009 0.657877
v -1.000835 -0.738707 0.813317
v -1.010235 -0.722335 0.803477
v -1.010235 -0.722335 0.667707
v -1.000835 -0.738707 0.657877
v -1.024636 -0.767009 0.059036
v -0.964435 -0.732289 1.243217
v -0.964435 -0.732290 0.813317
v -0.961135 -0.713672 0.803477
v -0.961134 -0.713672 0.667707
v -0.964435 -0.732290 0.657877
v -1.000836 -0.738707 0.059036
v -1.042335 -0.760544 0.049200
v -1.042335 -0.760544 -0.086570
v -1.000835 -0.738707 -0.096408
v -1.024636 -0.767009 -0.096408
v -1.010235 -0.722335 -0.086570
v -1.010235 -0.722335 0.049200
v -0.964435 -0.732290 0.059038
v -0.961135 -0.713672 0.049200
v -0.961135 -0.713672 -0.086570
v -0.964435 -0.732290 -0.096408
v -0.964435 -0.732290 -0.360046
v -1.000836 -0.738707 -0.360046
v -1.024636 -0.767009 -0.360046
v -1.024636 -0.803958 -0.096408
v -1.024636 -0.803958 -0.360046
v -1.000835 -0.832257 -0.096408
v -1.000836 -0.832257 -0.360046
v -0.964435 -0.838674 -0.096408
v -0.964435 -0.838674 -0.360046
v -0.932435 -0.820200 -0.096408
v -0.900936 -0.785481 -0.086570
v -0.917935 -0.738611 0.049200
v -0.917935 -0.738611 -0.086570
v -0.932435 -0.750764 -0.096408
v -0.919835 -0.785481 -0.096408
v -0.932435 -0.820200 -0.360046
v -0.919835 -0.785481 -0.360046
v -0.932435 -0.750764 -0.360046
v -0.964435 -0.732290 -0.360046
v -0.964435 -0.732290 -0.096408
v -0.961135 -0.713672 -0.086570
v -0.961135 -0.713672 0.049200
v -0.932435 -0.750764 0.059036
v -0.964435 -0.732290 0.059038
v -0.919835 -0.785481 0.059036
v -0.919834 -0.785481 0.657877
v -0.900936 -0.785481 0.667707
v -0.917935 -0.738611 0.667707
v -0.932435 -0.750764 0.657877
v -0.964435 -0.732290 0.657877
v -0.961134 -0.713672 0.667707
v -0.917935 -0.738611 0.803477
v -0.900936 -0.785481 0.803477
v -0.932435 -0.820200 0.813317
v -0.961135 -0.713672 0.803477
v -0.932435 -0.750764 0.813317
v -0.919834 -0.785481 0.813317
v -0.932435 -0.820200 1.243217
v -0.964435 -0.838674 0.813317
v -0.964435 -0.838674 1.243217
v -1.000835 -0.832257 0.813317
v -1.000835 -0.832257 1.243217
v -1.024635 -0.803958 0.813317
v -1.024635 -0.803958 1.243217
v -1.024635 -0.767009 1.243217
v -0.919834 -0.785481 1.243217
v -0.932435 -0.750764 1.243217
v -0.964435 -0.732290 0.813317
v -0.964435 -0.732289 1.243217
v -1.000835 -0.738707 1.243217
v -1.970085 0.473604 -0.540555
v -1.954815 0.554494 -0.965129
v -2.131505 0.442454 -0.540554
v -2.151595 0.536384 -1.056264
v -1.812635 0.645544 -1.513143
v -0.551335 0.813804 -2.226193
v -1.277335 0.737004 -1.930303
v -0.582635 0.803334 -1.958283
v -1.163135 0.737174 -1.711183
v -1.653535 0.648934 -1.340104
v -1.546135 0.592114 -0.775848
v -1.634835 0.538304 -0.540556
v -1.323035 0.655964 -0.980703
v -0.925835 0.737524 -1.256108
v -0.571335 0.789174 -1.431903
v -0.511635 0.676234 -1.951283
v -0.075735 0.828324 -2.128393
v -0.070235 0.676234 -2.096293
v -0.004035 0.676234 -2.096293
v -0.004035 0.676234 -1.430653
v -0.496135 0.676234 -1.430493
v -0.004035 0.832394 -2.128383
v 0.488065 0.676234 -1.430493
v 0.503565 0.676234 -1.951283
v 0.062165 0.676234 -2.096293
v 0.067666 0.828324 -2.128393
v -0.004035 0.834364 -2.172013
v -0.075735 0.830414 -2.288553
v 0.067666 0.830414 -2.288553
v 0.543266 0.813804 -2.226193
v 0.574566 0.803334 -1.958283
v 1.269266 0.737004 -1.930303
v 1.626766 0.538304 -0.540557
v 1.962066 0.473604 -0.540556
v 1.538066 0.592114 -0.775850
v 1.946766 0.554494 -0.965131
v 1.645466 0.648935 -1.340104
v 1.804566 0.645544 -1.513144
v 1.155066 0.737174 -1.711183
v 0.563266 0.789174 -1.431903
v 1.314966 0.655965 -0.980703
v 0.917866 0.737524 -1.256108
v 2.143566 0.536384 -1.056265
v 2.123466 0.442454 -0.540555
v -1.706435 -0.703685 2.878088
v -1.754935 -0.703685 1.290737
v -1.754935 -0.894056 1.290737
v -1.706435 -0.894056 2.878088
v -1.883535 -0.894056 1.174337
v -2.131505 -0.703685 -0.540552
v -2.131505 -0.895894 -0.540552
v -1.883535 -0.703685 1.174337
v -1.754935 -0.894056 1.290737
v -1.754935 -0.703685 1.290737
v -1.706435 -0.703685 2.878088
v -0.885335 -0.703685 2.878088
v -1.280235 -0.703685 1.232537
v -1.754935 -0.703685 1.290737
v -1.883535 -0.703685 1.174337
v -1.901435 -0.703685 -0.540552
v -2.131505 -0.703685 -0.540552
v -2.131505 -0.591783 -0.540554
v -1.901425 -0.512864 -0.540578
v -1.634835 -0.703685 -0.540553
v -1.634835 -0.512865 -0.540556
v -0.546935 -0.740701 0.560497
v -0.561935 -0.720619 0.691617
v -0.522435 -0.797177 0.832057
v -0.490635 -0.772363 0.885697
v -0.507335 -0.797177 0.890847
v -0.505535 -0.772363 0.827987
v -0.511735 -0.743872 0.829487
v -0.508335 -0.740701 0.823377
v -0.535835 -0.726409 0.835267
v -0.536034 -0.720619 0.830027
v -0.533735 -0.740701 0.687547
v -0.539535 -0.773468 0.560117
v -0.526435 -0.773468 0.686487
v -0.501135 -0.773468 0.821647
v -0.546235 -0.802004 0.689357
v -0.520635 -0.802004 0.826327
v -0.550035 -0.803613 0.838687
v -0.548735 -0.755820 0.988327
v -0.513534 -0.791435 1.056587
v -0.520835 -0.755820 1.059897
v -0.541235 -0.791435 0.985477
v -0.541935 -0.757659 0.978027
v -0.535936 -0.786148 0.975777
v -0.558135 -0.786148 0.906577
v -0.574135 -0.786148 0.844467
v -0.485235 -0.813262 1.043807
v -0.512334 -0.813262 0.974457
v -0.512735 -0.803613 0.967087
v -0.534435 -0.803613 0.899257
v -0.452835 -0.805220 1.029137
v -0.479035 -0.805220 0.961797
v -0.486034 -0.797177 0.957127
v -0.469736 -0.772363 0.951017
v -0.496735 -0.743872 0.887597
v -0.432935 -0.774200 1.020147
v -0.458735 -0.774200 0.954047
v -0.466235 -0.738585 0.956907
v -0.475735 -0.743872 0.953267
v -0.440235 -0.738585 1.023457
v -0.520435 -0.726409 0.894917
v -0.498935 -0.726409 0.961947
v -0.495135 -0.716759 0.967927
v -0.468534 -0.716759 1.036237
v -0.554736 -0.895663 -0.674123
v -1.085836 -0.934845 -0.270473
v -1.176535 -0.895434 -0.323463
v -0.530936 -0.935035 -0.583405
v -1.032335 -0.680306 -0.239315
v -0.516935 -0.680477 -0.529988
v -1.032335 -0.679499 0.805367
v -1.085835 -0.933997 0.828137
v -1.176535 -0.894516 0.866547
v 0.067666 -0.897730 -2.288553
v 0.543266 -0.897730 -2.226194
v -0.004035 -0.905389 -2.172014
v 0.570265 -0.895510 -0.674123
v 0.479566 -0.934947 -0.583405
v 0.425966 -0.680425 -0.529988
v -0.496335 -0.679201 1.324767
v -0.518035 -0.933683 1.378397
v 1.269266 -0.897730 -1.930303
v 1.252965 -0.894055 2.115507
v 1.189966 -0.810754 2.189597
v 1.029366 -0.894055 2.115507
v 0.570265 -0.894171 1.469117
v -0.554736 -0.894171 1.469117
v 0.479566 -0.933716 1.378397
v 0.425966 -0.679255 1.324767
v -1.037435 -0.894056 2.115517
v -1.100535 -0.810755 2.189597
v -1.197935 -0.810755 2.189597
v -1.261035 -0.894056 2.115517
v -1.413135 -0.894056 2.676628
v -1.309635 -0.810755 2.690558
v -0.988835 -0.810755 2.690557
v -0.885335 -0.894056 2.676627
v 0.877365 -0.894055 2.676627
v 1.092466 -0.810754 2.189597
v -1.309635 -0.810755 2.878088
v -1.413135 -0.894056 2.878088
v -0.988835 -0.810755 2.878088
v -0.885335 -0.894056 2.878088
v 0.877365 -0.894055 2.878087
v 0.980766 -0.810754 2.690557
v 1.301566 -0.810754 2.690557
v 1.405066 -0.894055 2.676627
v 1.717466 -0.894055 2.115516
v 1.702266 -0.894055 2.676627
v 1.698366 -0.894055 2.878087
v 1.405066 -0.894055 2.878087
v 1.301566 -0.810754 2.878087
v 0.980766 -0.810754 2.878087
v 1.737366 -0.894055 1.556687
v 1.270066 -0.894055 1.102167
v 1.117066 -0.894250 0.920607
v 1.086066 -0.895387 -0.586547
v 1.746866 -0.894055 1.290737
v 1.245965 -0.895612 -0.704601
v 1.804566 -0.897730 -1.513144
v 1.626766 -0.895892 -0.704600
v 2.143566 -0.897730 -1.056266
v 2.137766 -0.895892 -0.704600
v -0.844235 -0.774331 0.893787
v -0.798135 -0.694199 0.977957
v -0.815035 -0.774331 0.984287
v -0.734035 -0.709613 1.074687
v -0.640235 -0.673235 1.140947
v -0.687535 -0.673235 1.052077
v -0.773035 -0.709613 0.979657
v -0.724736 -0.673235 0.961287
v -0.785535 -0.768972 0.984417
v -0.769135 -0.844124 0.967117
v -0.746134 -0.768972 1.080547
v -0.713335 -0.820669 1.064637
v -0.696134 -0.834076 0.950407
v -0.751535 -0.820669 0.971487
v -0.694235 -0.862221 0.939087
v -0.659935 -0.834076 1.038677
v -0.613436 -0.797692 1.016057
v -0.647935 -0.797692 0.932037
v -0.684335 -0.663180 0.843327
v -0.637635 -0.732974 0.828577
v -0.612035 -0.732974 0.908357
v -0.635435 -0.738334 0.927277
v -0.601335 -0.738334 1.010197
v -0.657935 -0.663180 0.925527
v -0.588835 -0.686636 1.110927
v -0.687535 -0.673235 1.052077
v -0.640235 -0.673235 1.140947
v -0.634035 -0.686636 1.026107
v -0.557435 -0.738334 1.092527
v -0.669335 -0.686636 0.940207
v -0.724736 -0.673235 0.961287
v -0.732835 -0.645085 0.953557
v -0.760635 -0.645085 0.867397
v -0.569035 -0.797692 1.099297
v -0.613735 -0.834076 1.125447
v -0.665135 -0.820669 1.155467
v -0.696635 -0.768972 1.173867
v -0.685035 -0.709613 1.167097
v 1.412766 -0.703685 0.924867
v 1.405066 -0.703685 1.556687
v 1.751766 -0.703685 1.080687
v 1.735966 -0.703685 1.556687
v 1.717466 -0.703685 2.115516
v 1.405066 -0.703685 2.115507
v 1.702266 -0.703685 2.676627
v 1.405066 -0.703685 2.676627
v 1.698366 -0.703685 2.878087
v 1.405066 -0.703685 2.878087
v -0.685735 -0.896816 -1.784633
v -0.609235 -0.931341 -1.890763
v -0.563436 -0.896816 -1.866273
v -0.563436 -0.896816 -2.219133
v -0.975135 -0.896816 -1.455123
v -1.082735 -0.931341 -1.340939
v -1.014835 -0.931341 -1.478113
v -0.893335 -0.896816 -1.577272
v -0.929736 -0.931341 -1.605242
v -0.796335 -0.896816 -1.687763
v -0.828735 -0.931341 -1.720233
v -0.713635 -0.931341 -1.821053
v -0.609235 -0.931341 -2.319744
v -0.609235 -0.752692 -2.319744
v -0.563436 -0.752692 -2.219133
v -1.287035 -0.752692 -1.921793
v -1.241235 -0.752692 -2.050593
v -1.287035 -0.896816 -1.921793
v -1.241235 -0.931341 -2.050593
v -1.622735 -0.896819 -1.656263
v -1.668535 -0.931341 -0.555700
v -1.668535 -0.931341 -1.759673
v -1.622735 -0.896819 -0.636352
v -1.241235 -0.931341 -0.810637
v -1.287035 -0.896816 -0.836641
v -1.132136 -0.931341 -1.196071
v -1.040335 -0.896816 -1.323320
v -1.088635 -0.896816 -0.601791
v -1.097236 -0.931341 -0.483738
v -1.133035 -0.931341 -0.590027
v -1.117035 -0.896816 -0.746287
v -1.162535 -0.931341 -0.740396
v -1.126335 -0.896816 -0.892985
v -1.172236 -0.931341 -0.893035
v -1.162236 -0.931341 -1.045894
v -1.087835 -0.896816 -1.184122
v -1.116735 -0.896816 -1.039869
v -1.862335 -0.931341 -0.070705
v -1.639035 -0.931341 -0.068135
v -1.827935 -0.931341 0.183747
v -1.896805 -0.931341 -0.325162
v -1.261135 -0.931341 -0.596051
v -1.281135 -0.931341 -0.381464
v -1.907415 -0.896819 -0.062161
v -1.872595 -0.896819 0.195024
v -1.603935 -0.931341 0.779337
v -1.281135 -0.931341 0.779337
v -1.235335 -0.896816 -0.354539
v -1.041735 -0.896816 -0.462230
v -1.635635 -0.896816 0.825127
v -1.235335 -0.896816 0.825127
v 1.804566 -0.897730 -1.513144
v 1.269266 -0.591783 -1.930303
v 1.804566 -0.591783 -1.513144
v 2.143566 -0.897730 -1.056266
v 2.143566 -0.591783 -1.056266
v 2.137766 -0.895892 -0.704600
v 2.137766 -0.591782 -0.361088
v -0.075735 -0.897730 -2.288553
v -0.551335 -0.897731 -2.226194
v -0.075735 -0.591783 -2.288553
v -0.004035 -0.591783 -2.172014
v -0.004035 -0.905389 -2.172014
v 0.067666 -0.897730 -2.288553
v 0.067666 -0.591783 -2.288553
v 0.543266 -0.897730 -2.226194
v 0.543266 -0.591783 -2.226194
v 1.269266 -0.897730 -1.930303
v -2.131505 -0.895894 -0.540552
v -2.131505 -0.703685 -0.540552
v -2.151595 -0.897731 -1.056264
v -2.131505 -0.591783 -0.540554
v -2.151595 -0.591783 -1.056264
v -1.812635 -0.591783 -1.513143
v -1.812635 -0.897731 -1.513143
v -1.277335 -0.591783 -1.930303
v -1.277335 -0.897731 -1.930303
v -0.551335 -0.591783 -2.226194
v 1.645866 0.283294 -1.304804
v 1.949166 0.195864 -0.952106
v 1.645866 -0.512864 -1.304805
v 1.949166 -0.512864 -0.952105
v 1.893366 0.103804 -0.540579
v 1.893366 -0.512864 -0.540579
v -0.075735 -0.512864 -2.054233
v -0.075735 0.467594 -2.054233
v -0.004035 -0.512864 -1.936083
v -0.004035 0.472114 -1.936083
v 0.067666 0.467594 -2.054233
v 0.067666 -0.512864 -2.054233
v 0.473466 0.451554 -2.007433
v 0.473466 -0.512864 -2.007433
v 1.110566 0.374754 -1.721963
v 1.110566 -0.512864 -1.721963
v 0.606166 -0.752692 -2.319744
v 0.560364 -0.896815 -2.215674
v 0.560364 -0.752692 -2.215674
v 1.283966 -0.896815 -1.248411
v 1.238165 -0.931339 -1.222405
v 1.283966 -0.896815 -1.917133
v 1.238165 -0.931339 -2.050593
v 1.238165 -0.752692 -2.050593
v 0.606166 -0.931339 -2.319744
v 0.606166 -0.931339 -1.890754
v 0.560365 -0.896815 -1.866273
v 0.682566 -0.896815 -1.784633
v 0.710566 -0.931339 -1.821054
v 0.793166 -0.896815 -1.687763
v 0.825666 -0.931339 -1.720233
v 0.926666 -0.931339 -1.605243
v 0.890266 -0.896815 -1.577273
v 1.011766 -0.931339 -1.478113
v 1.079566 -0.931339 -1.340939
v 1.129066 -0.931339 -1.196071
v 1.159166 -0.931339 -1.045894
v 1.084766 -0.896815 -1.184121
v 0.972066 -0.896815 -1.455124
v 1.037266 -0.896815 -1.323320
v 1.113666 -0.896815 -1.039869
v 1.169166 -0.931339 -0.893032
v 1.123266 -0.896815 -0.892985
v 1.162766 -0.931339 -0.792084
v 1.113966 -0.896815 -0.746287
v 1.665466 -0.931339 -0.967466
v 1.928166 -0.931339 -0.792084
v 1.973966 -0.896814 -0.746287
v 1.113966 -0.896815 -0.746287
v 1.928166 -0.931339 -1.480864
v 1.665466 -0.931339 -1.759674
v 1.973966 -0.896814 -0.746287
v 1.973966 -0.896814 -1.284011
v 1.928166 -0.752692 -1.480864
v 1.665466 -0.752692 -1.759674
v 1.619666 -0.896814 -1.656353
v 1.619666 -0.896814 -1.048123
v 1.973966 -0.752692 -1.284011
v 1.619666 -0.752692 -1.656353
v 1.804566 0.645544 -1.513144
v 2.143566 0.536384 -1.056265
v 1.804566 0.357254 -1.513144
v 2.143566 0.248094 -1.056266
v 2.123466 0.442454 -0.540555
v 2.123466 0.154174 -0.540555
v -0.075735 0.542134 -2.288553
v -0.075735 0.830414 -2.288553
v -0.004035 0.546084 -2.172014
v -0.004035 0.834364 -2.172013
v 0.067666 0.830414 -2.288553
v 0.067666 0.542134 -2.288553
v 0.543266 0.813804 -2.226193
v 0.543266 0.525524 -2.226194
v 1.269266 0.737004 -1.930303
v 1.269266 0.448724 -1.930303
v 1.283966 -0.752692 -1.917133
v -0.675035 -0.906948 2.880977
v -0.753534 -0.887413 2.880977
v -0.684736 -0.887414 2.880977
v 0.657466 -0.887414 2.880977
v 0.657466 -0.906948 2.880977
v 0.726266 -0.887412 2.880977
v 1.973966 -0.752692 -1.284011
v 1.928166 -0.752692 -1.480864
v 1.619666 -0.752692 -1.656353
v 1.665466 -0.752692 -1.759674
v -2.131505 -0.895894 -0.540552
v -1.812635 -0.897731 -1.513143
v -2.151595 -0.897731 -1.056264
v -0.551335 -0.897731 -2.226194
v -0.075735 -0.897730 -2.288553
v -1.277335 -0.897731 -1.930303
v -1.754935 -0.894056 1.290737
v -1.883535 -0.894056 1.174337
v -1.706435 -0.894056 2.878088
v 1.698366 -0.703685 2.878087
v 1.405066 -0.703685 2.878087
v 1.698366 -0.894055 2.878087
v 1.405066 -0.894055 2.878087
v 1.301566 -0.810754 2.878087
v 0.980766 -0.810754 2.878087
v 0.877266 -0.703685 2.878087
v 0.877365 -0.894055 2.878087
v -0.885335 -0.703685 2.878088
v -0.885335 -0.894056 2.878088
v -0.988835 -0.810755 2.878088
v -1.309635 -0.810755 2.878088
v -1.706435 -0.703685 2.878088
v -1.413135 -0.894056 2.878088
v -1.706435 -0.894056 2.878088
v -1.901425 0.103804 -0.540578
v -1.957225 -0.512864 -0.952103
v -1.901425 -0.512864 -0.540578
v -1.957225 0.195864 -0.952106
v -1.653935 -0.512864 -1.304802
v -1.653935 0.283294 -1.304802
v -1.118635 -0.512864 -1.721963
v -1.118635 0.374754 -1.721963
v -0.481535 -0.512864 -2.007433
v -0.481535 0.451554 -2.007433
v -2.131505 0.442454 -0.540554
v -2.151595 0.248094 -1.056265
v -2.131505 0.154174 -0.540554
v -2.151595 0.536384 -1.056264
v -1.812635 0.357254 -1.513143
v -1.812635 0.645544 -1.513143
v -1.277335 0.448724 -1.930303
v -1.277335 0.737004 -1.930303
v -0.551335 0.525524 -2.226193
v -0.551335 0.813804 -2.226193
v 0.657466 -0.906948 2.880977
v 0.561666 -0.906948 2.920997
v -0.675035 -0.906948 2.880977
v -0.603634 -0.906948 2.920997
v 0.373066 -0.906948 2.985007
v -0.415035 -0.906948 2.985007
v 0.177764 -0.906948 3.023857
v -0.219735 -0.906948 3.023857
v -0.021034 -0.906948 3.036887
v 0.187466 -1.086317 -1.322728
v 0.058565 -1.086344 -1.362352
v 0.196066 -1.088825 -1.341782
v 0.061265 -1.088855 -1.383134
v -0.061635 -1.086344 -1.362352
v -0.064435 -1.088855 -1.383134
v -0.170134 -1.088825 -1.353809
v -0.077735 -1.029453 -1.484534
v 0.074665 -1.029453 -1.484535
v 0.238066 -1.029453 -1.434343
v 0.291565 -1.088855 -1.287756
v 0.278765 -1.086344 -1.271123
v 0.211866 -1.046384 -1.261552
v -0.001535 -1.046384 -1.321047
v -0.094034 -0.961928 -1.608084
v 0.353867 -1.029453 -1.368895
v 0.380466 -1.088855 -1.198875
v 0.363867 -1.086344 -1.186115
v 0.359465 -1.046384 -1.106574
v 0.160565 -1.098428 -1.175975
v 0.272666 -1.098428 -1.058273
v 0.141265 -1.150878 -1.143739
v 0.239966 -1.150878 -1.040079
v 0.446467 -1.088825 -1.074337
v 0.426966 -1.086317 -1.066970
v 0.225666 -1.150878 -0.905756
v 0.195966 -1.150878 -1.015629
v 0.276266 -1.150878 -0.905756
v 0.313865 -1.098428 -0.905756
v 0.413765 -1.046384 -0.905756
v 0.455066 -1.086344 -0.965868
v 0.475866 -1.088855 -0.968605
v 0.354266 -1.046384 -0.692310
v 0.268665 -1.098428 -0.743649
v 0.236466 -1.150878 -0.762987
v 0.193166 -1.150878 -0.788975
v 0.179965 -1.051358 -0.905756
v 0.156265 -1.051358 -0.993547
v 0.199266 -1.046384 -0.544728
v 0.150965 -1.098428 -0.631568
v 0.132764 -1.150878 -0.664274
v 0.115264 -1.150878 -1.100424
v 0.091765 -1.051358 -1.061296
v -0.001535 -1.051358 -0.905756
v 0.153966 -1.051358 -0.812449
v 0.108365 -1.150878 -0.708228
v -0.275735 -1.098428 -0.753240
v -0.279335 -1.150878 -0.905756
v -0.243035 -1.150878 -0.771433
v -0.144335 -1.150878 -0.667773
v -0.118335 -1.150878 -0.711090
v -0.001535 -1.150878 -0.678538
v -0.001535 -1.051358 -0.724209
v 0.086265 -1.051358 -0.747929
v -0.094834 -1.051358 -0.750215
v -0.199035 -1.150878 -0.795883
v -0.228734 -1.150878 -0.905756
v -0.239535 -1.150878 -1.048527
v -0.271735 -1.098428 -1.067863
v -0.154035 -1.098428 -1.179949
v -0.202334 -1.046384 -1.266784
v -0.196234 -1.150878 -1.022538
v -0.157135 -1.051358 -0.999065
v -0.183135 -1.051358 -0.905756
v -0.159335 -1.051358 -0.817965
v -0.001535 -1.051358 -1.087305
v -0.089335 -1.051358 -1.063584
v -0.111434 -1.150878 -1.103284
v -0.135835 -1.150878 -1.147238
v -0.001535 -1.150878 -1.183538
v -0.001535 -1.098428 -1.221160
v -0.001535 -1.150878 -1.132974
v -0.162735 -1.086317 -1.334231
v -0.281935 -1.086344 -1.271123
v -0.357335 -1.046384 -1.119202
v -0.316935 -1.098428 -0.905756
v -0.366935 -1.086344 -1.186111
v -0.418534 -1.086317 -1.094738
v -0.458135 -1.086344 -0.965868
v -0.437535 -1.088825 -1.103375
v -0.383534 -1.088855 -1.198875
v -0.294636 -1.088855 -1.287756
v -0.205935 -1.029453 -1.448923
v -0.101735 -1.115255 -1.666853
v -0.270335 -1.115255 -1.620023
v -0.249535 -0.961928 -1.564873
v -0.356935 -1.029453 -1.368895
v -0.464636 -1.029453 -1.261132
v -0.530135 -1.029453 -1.145320
v -0.642935 -0.961928 -1.196461
v -0.478935 -1.088855 -0.968605
v -0.580335 -1.029453 -0.981953
v -0.703835 -0.961928 -0.998222
v -0.696635 -1.115255 -1.220789
v -0.563534 -0.961928 -1.336996
v -0.432835 -0.961928 -1.467764
v -0.468835 -1.115255 -1.514794
v -0.288035 -1.163896 -1.667123
v -0.499736 -1.163896 -1.554943
v -0.610535 -1.115255 -1.373084
v -0.650735 -1.163896 -1.403893
v -0.742435 -1.163896 -1.241564
v -0.762635 -1.115255 -1.005956
v -0.703835 -0.961928 -0.813291
v -0.580335 -1.029453 -0.829558
v -0.432735 -0.961928 -0.343754
v -0.356935 -1.029453 -0.442619
v -0.292236 -0.961928 -0.264335
v -0.464636 -1.029453 -0.550380
v -0.563534 -0.961928 -0.474515
v -0.660635 -0.961928 -0.657764
v -0.715835 -1.115255 -0.637010
v -0.762635 -1.115255 -0.805554
v -0.812835 -1.163896 -1.012564
v -0.316535 -1.115255 -0.210662
v -0.468835 -1.115255 -0.296723
v -0.610535 -1.115255 -0.438428
v -0.762935 -1.163896 -0.619289
v -0.812835 -1.163896 -0.798948
v -0.856034 -1.151611 -0.793264
v -0.856034 -1.151611 -1.018248
v -0.781935 -1.151611 -1.259435
v -0.900835 -1.100417 -1.024143
v -0.822835 -1.100417 -1.277968
v -0.685335 -1.151611 -1.430413
v -0.950235 -0.995460 -1.030656
v -0.950235 -0.995460 -0.780856
v -0.867935 -0.995460 -1.298438
v -0.721135 -1.100417 -1.457913
v -0.553735 -1.100417 -1.625333
v -0.526235 -1.151611 -1.589503
v -0.319035 -1.100417 -1.749673
v -0.303235 -1.151611 -1.707653
v -0.114034 -1.151611 -1.760233
v -0.993835 -0.995460 -0.775116
v -0.993835 -0.995460 -1.036397
v -0.907835 -0.995460 -1.316491
v -0.760735 -0.995460 -1.488273
v -0.936935 -0.949402 -1.329671
v -0.795635 -0.995460 -1.515053
v -0.584035 -0.995459 -1.664903
v -0.336535 -0.995459 -1.796083
v -0.119934 -1.100417 -1.805003
v 0.116865 -1.100417 -1.805003
v 0.129064 -0.995459 -1.898073
v 0.422365 -0.949402 -1.841094
v 0.409166 -0.995459 -1.812013
v 0.123365 -0.995459 -1.854463
v -0.132235 -0.995459 -1.898073
v -0.126434 -0.995459 -1.854463
v -0.351935 -0.995459 -1.837013
v -0.610836 -0.995459 -1.699803
v -0.630435 -0.949402 -1.725283
v -0.821034 -0.949402 -1.534603
v 0.133265 -0.949402 -1.929913
v -0.136334 -0.949402 -1.929913
v -0.363135 -0.949402 -1.866893
v -0.630435 -0.568854 -1.725283
v -0.363135 -0.568854 -1.866893
v -0.136334 -0.568854 -1.929913
v 0.133265 -0.568854 -1.929913
v 0.422365 -0.568854 -1.841094
v 0.627266 -0.949402 -1.725283
v 0.627266 -0.568854 -1.725283
v 0.817966 -0.949402 -1.534603
v 0.842366 -1.100417 -1.223283
v 0.718066 -1.100417 -1.457914
v 0.888766 -0.995459 -1.240744
v 0.757566 -0.995459 -1.488274
v 0.929666 -0.995459 -1.256144
v 0.792466 -0.995459 -1.515054
v 0.959566 -0.949402 -1.267388
v 0.607765 -0.995459 -1.699804
v 0.580966 -0.995459 -1.664903
v 0.391165 -0.995459 -1.772183
v 0.550565 -1.100417 -1.625333
v 0.370665 -1.100417 -1.727013
v 0.523065 -1.151611 -1.589504
v 0.647666 -1.163896 -1.403894
v 0.682166 -1.151611 -1.430413
v 0.110965 -1.151611 -1.760233
v 0.352166 -1.151611 -1.686123
v 0.496565 -1.163896 -1.554944
v 0.465766 -1.115255 -1.514794
v 0.607466 -1.115255 -1.373085
v 0.429666 -0.961928 -1.467764
v 0.560466 -0.961928 -1.336996
v 0.313466 -1.115255 -1.600853
v 0.334266 -1.163896 -1.646693
v 0.105264 -1.163896 -1.717043
v 0.098665 -1.115255 -1.666853
v 0.541665 -1.029453 -1.110125
v 0.461565 -1.029453 -1.261132
v 0.289166 -0.961928 -1.547184
v 0.090965 -0.961928 -1.608084
v -0.108335 -1.163896 -1.717043
v -0.422935 -0.887413 3.014447
v -0.219735 -0.906948 3.023857
v -0.223634 -0.887413 3.054077
v -0.415035 -0.906948 2.985007
v -0.615235 -0.887413 2.949157
v -0.603634 -0.906948 2.920997
v -0.675035 -0.906948 2.880977
v -0.753534 -0.887413 2.880977
v 0.726266 -0.887412 2.880977
v 0.573266 -0.887412 2.949157
v 0.657466 -0.906948 2.880977
v 0.561666 -0.906948 2.920997
v 0.373066 -0.906948 2.985007
v 0.380966 -0.887412 3.014447
v 0.177764 -0.906948 3.023857
v 0.181665 -0.887412 3.054077
v -0.021034 -0.906948 3.036887
v -0.021034 -0.887413 3.067357
v 0.291565 -1.088855 -0.523759
v 0.363865 -1.086344 -0.625401
v 0.380464 -1.088855 -0.612637
v 0.434466 -1.088825 -0.708140
v 0.415465 -1.086317 -0.716775
v 0.353866 -1.029453 -0.442619
v 0.461565 -1.029453 -0.550380
v 0.527066 -1.029453 -0.666193
v 0.475866 -1.088855 -0.842909
v 0.455066 -1.086344 -0.845645
v 0.278765 -1.086344 -0.540391
v 0.246467 -0.961928 -0.246643
v 0.429666 -0.961928 -0.343754
v 0.267166 -1.115255 -0.191487
v 0.560466 -0.961928 -0.474515
v 0.639866 -0.961928 -0.615050
v 0.577266 -1.029453 -0.829558
v 0.577266 -1.029453 -0.981953
v 0.700766 -0.961928 -0.998222
v 0.700766 -0.961928 -0.813292
v 0.759566 -1.115255 -0.805558
v 0.693566 -1.115255 -0.590723
v 0.607466 -1.115255 -0.438430
v 0.465766 -1.115255 -0.296723
v 0.496565 -1.163896 -0.256564
v 0.284966 -1.163896 -0.144390
v 0.300166 -1.151611 -0.103860
v 0.739366 -1.163896 -0.569950
v 0.647666 -1.163896 -0.407615
v 0.682166 -1.151611 -0.381098
v 0.523065 -1.151611 -0.222008
v 0.550565 -1.100417 -0.186183
v 0.315966 -1.100417 -0.061842
v 0.333466 -0.995459 -0.015430
v 0.778866 -1.151611 -0.552076
v 0.809766 -1.163896 -0.798948
v 0.904666 -0.995459 -0.495021
v 0.757566 -0.995459 -0.323242
v 0.864866 -0.995459 -0.513073
v 0.718066 -1.100417 -0.353607
v 0.819666 -1.100417 -0.533544
v 0.852966 -1.151611 -0.793264
v 0.852966 -1.151611 -1.018253
v 0.897666 -1.100417 -0.787368
v 0.897666 -1.100417 -1.024146
v 0.947166 -0.995459 -1.030656
v 0.947166 -0.995459 -0.780858
v 0.990766 -0.995459 -1.036397
v 0.990766 -0.995459 -0.775116
v 0.792466 -0.995459 -0.296461
v 0.580966 -0.995459 -0.146609
v 0.933766 -0.949402 -0.481842
v 1.022566 -0.949402 -0.770922
v 1.022566 -0.949402 -1.040591
v 0.817966 -0.568854 -1.534603
v 0.959566 -0.568854 -1.267388
v 1.022566 -0.568854 -1.040591
v 1.022566 -0.568854 -0.770922
v 0.933766 -0.568854 -0.481842
v 0.817966 -0.949402 -0.276909
v 0.817966 -0.568854 -0.276909
v 0.627266 -0.949402 -0.086226
v 0.627266 -0.568854 -0.086226
v 0.360066 -0.949402 0.055382
v 0.360066 -0.568854 0.055382
v 0.133265 -0.949402 0.118402
v 0.133265 -0.568854 0.118402
v -0.136334 -0.949402 0.118402
v -0.136334 -0.568854 0.118402
v -0.425435 -0.949402 0.029585
v 0.607765 -0.995459 -0.111707
v -0.132235 -0.995459 0.086558
v 0.129064 -0.995459 0.086558
v 0.348866 -0.995459 0.025494
v -0.412236 -0.995459 0.000502
v -0.610836 -0.995459 -0.111707
v -0.126434 -0.995459 0.042944
v 0.123365 -0.995459 0.042944
v 0.116865 -1.100417 -0.006511
v -0.119934 -1.100417 -0.006511
v -0.394235 -0.995459 -0.039329
v -0.584035 -0.995459 -0.146609
v -0.760735 -0.995460 -0.323242
v -0.795635 -0.995460 -0.296460
v -0.553735 -1.100417 -0.186182
v -0.373735 -1.100417 -0.084496
v -0.114035 -1.151611 -0.051283
v 0.110965 -1.151611 -0.051283
v 0.105264 -1.163896 -0.094468
v -0.108335 -1.163896 -0.094468
v -0.355235 -1.151611 -0.125386
v -0.526235 -1.151611 -0.222008
v -0.721135 -1.100417 -0.353607
v -0.845435 -1.100417 -0.588229
v -0.685335 -1.151611 -0.381098
v -0.891835 -0.995460 -0.570769
v -0.900835 -1.100417 -0.787368
v -0.932835 -0.995460 -0.555368
v -0.803436 -1.151611 -0.604041
v -0.650735 -1.163896 -0.407614
v -0.499736 -1.163896 -0.256564
v -0.337335 -1.163896 -0.164826
v -0.101735 -1.115255 -0.144655
v 0.098665 -1.115255 -0.144655
v 0.090965 -0.961928 -0.203428
v 0.202865 -1.029453 -0.362593
v 0.074665 -1.029453 -0.326980
v -0.077735 -1.029453 -0.326980
v -0.094035 -0.961928 -0.203428
v 0.167065 -1.088825 -0.457703
v 0.061265 -1.088855 -0.428375
v -0.064435 -1.088855 -0.428375
v -0.241134 -1.029453 -0.377173
v -0.199135 -1.088825 -0.469729
v -0.190535 -1.086317 -0.488783
v -0.281935 -1.086344 -0.540391
v -0.061635 -1.086344 -0.449160
v 0.058565 -1.086344 -0.449160
v 0.159665 -1.086317 -0.477283
v -0.001535 -1.046384 -0.490464
v -0.001535 -1.150878 -0.627980
v -0.001535 -1.098428 -0.590353
v -0.215034 -1.046384 -0.549960
v -0.362535 -1.046384 -0.704938
v -0.163634 -1.098428 -0.635536
v -0.416835 -1.046384 -0.905756
v -0.458135 -1.086344 -0.845643
v -0.430035 -1.086317 -0.744542
v -0.366935 -1.086344 -0.625401
v -0.478935 -1.088855 -0.842907
v -0.449636 -1.088825 -0.737175
v -0.383534 -1.088855 -0.612637
v -0.294636 -1.088855 -0.523759
v -0.544736 -1.029453 -0.701389
v 0.759566 -1.115255 -1.005960
v 0.712765 -1.115255 -1.174503
v 0.759866 -1.163896 -1.192223
v 0.809766 -1.163896 -1.012565
v 0.800366 -1.151611 -1.207474
v 0.657566 -0.961928 -1.153750
v 0.376666 -1.082754 1.932707
v 0.412666 -1.082778 1.815817
v 0.393966 -1.085029 1.940537
v 0.431467 -1.085056 1.818297
v 0.635465 -0.969925 1.677417
v 0.523465 -1.031174 1.830407
v 0.523465 -1.031174 1.692177
v 0.477866 -1.031174 1.978587
v 0.344966 -1.085056 2.027167
v 0.329866 -1.082778 2.015587
v 0.321166 -1.046532 1.954897
v 0.375166 -1.046532 1.761287
v 0.580265 -0.969925 2.024977
v 0.635466 -0.969925 1.845157
v 0.418566 -1.031174 2.083637
v 0.264366 -1.085056 2.107787
v 0.252765 -1.082778 2.092697
v 0.180565 -1.046532 2.088767
v 0.243566 -1.093739 1.908327
v 0.136765 -1.093739 2.009997
v -0.001535 -1.093739 2.047377
v -0.148634 -1.093739 2.006397
v -0.195134 -1.046532 2.084017
v -0.329035 -1.046532 1.943447
v -0.001535 -1.046532 2.137987
v 0.144665 -1.082754 2.149947
v -0.056034 -1.082778 2.175457
v -0.172935 -1.082754 2.139507
v 0.052965 -1.082778 2.175457
v 0.151366 -1.085029 2.167707
v 0.055465 -1.085056 2.194307
v -0.058534 -1.085056 2.194307
v -0.180835 -1.085029 2.156797
v -0.255835 -1.082778 2.092697
v -0.332935 -1.082778 2.015587
v -0.390235 -1.082754 1.907527
v -0.348035 -1.085056 2.027167
v -0.267434 -1.085056 2.107787
v -0.218834 -1.031174 2.240747
v -0.070635 -1.031174 2.286277
v 0.067565 -1.031174 2.286277
v 0.082365 -0.969925 2.398347
v 0.223366 -0.969925 2.359147
v 0.242266 -1.109002 2.409178
v 0.183866 -1.031174 2.253977
v 0.320765 -1.031174 2.181387
v 0.389565 -0.969925 2.271067
v 0.508265 -0.969925 2.152457
v 0.422365 -1.109002 2.313727
v 0.550866 -1.109002 2.185187
v 0.628967 -1.109002 2.047047
v 0.450265 -1.153123 2.350147
v 0.688867 -1.109002 1.852177
v 0.670566 -1.153123 2.065887
v 0.587266 -1.153123 2.213137
v 0.618666 -1.141980 2.237187
v 0.706266 -1.141980 2.082097
v 0.734366 -1.153123 1.858177
v 0.773466 -1.141980 1.863327
v 0.743366 -1.095543 2.098907
v 0.651166 -1.095543 2.262127
v 0.499265 -1.095543 2.413987
v 0.814165 -1.095543 1.868677
v 0.784366 -1.000340 2.117477
v 0.773466 -1.141980 1.659247
v 0.734366 -1.153123 1.664407
v 0.688866 -1.109002 1.670397
v 0.687066 -1.000340 2.289667
v 0.820466 -1.000340 2.133857
v 0.858966 -1.000340 1.874577
v 0.858966 -1.000340 1.647997
v 0.814165 -1.095543 1.653907
v 0.725866 -1.141980 1.487617
v 0.763966 -1.095543 1.473277
v 0.806066 -1.000340 1.457437
v 0.843166 -1.000340 1.443467
v 0.898566 -1.000340 1.642787
v 0.870265 -0.958563 1.433267
v 0.927466 -0.958563 1.638987
v 0.870265 -0.613383 1.433267
v 0.587266 -1.153123 1.309447
v 0.689065 -1.153123 1.501447
v 0.618666 -1.141980 1.285397
v 0.651166 -1.095543 1.260457
v 0.687066 -1.000340 1.232917
v 0.718666 -1.000340 1.208627
v 0.741866 -0.958563 1.190887
v 0.474366 -1.141980 1.141087
v 0.499265 -1.095543 1.108587
v 0.336066 -1.095543 1.016357
v 0.526866 -1.000340 1.072697
v 0.354666 -1.000340 0.975387
v 0.105865 -1.095543 0.945617
v 0.551166 -1.000340 1.041037
v 0.370966 -1.000340 0.939257
v 0.111765 -1.000340 0.900757
v -0.114834 -1.000340 0.900757
v -0.108934 -1.095543 0.945617
v -0.305435 -1.000340 0.953707
v 0.568866 -0.958563 1.017927
v 0.382964 -0.958563 0.912877
v 0.116965 -1.000340 0.861197
v -0.120034 -1.000340 0.861197
v -0.319335 -1.000340 0.916587
v 0.382964 -0.613383 0.912877
v 0.120765 -0.613383 0.832317
v 0.568866 -0.613383 1.017927
v 0.741866 -0.613383 1.190887
v 0.120765 -0.958563 0.832317
v -0.123834 -0.958563 0.832317
v -0.329535 -0.958563 0.889477
v -0.554235 -1.000340 1.041037
v -0.529935 -1.000340 1.072697
v -0.721835 -1.000340 1.208627
v -0.690135 -1.000340 1.232917
v -0.823534 -1.000340 1.388727
v -0.571935 -0.958564 1.017927
v -0.744935 -0.958564 1.190887
v -0.849935 -0.958564 1.376777
v -0.901635 -1.000340 1.642787
v -0.930535 -0.958564 1.638987
v -0.901635 -1.000340 1.879787
v -0.930535 -0.958564 1.883597
v -0.873336 -0.958564 2.089317
v -0.787435 -1.000340 1.405107
v -0.862036 -1.000340 1.647997
v -0.744935 -0.958564 2.331697
v -0.571935 -0.613383 2.504657
v -0.744935 -0.613383 2.331697
v -0.873336 -0.613383 2.089317
v -0.930535 -0.613383 1.883597
v -0.930535 -0.613383 1.638987
v -0.849935 -0.613383 1.376777
v -0.744935 -0.613383 1.190887
v -0.571935 -0.613383 1.017927
v -0.329535 -0.613383 0.889477
v -0.123834 -0.613383 0.832317
v -0.144735 -1.051044 1.840927
v -0.166234 -1.051044 1.761287
v -0.001535 -1.051044 1.761287
v -0.142634 -1.051044 1.676657
v -0.178135 -1.141315 1.655367
v -0.101234 -1.141315 1.582117
v -0.123435 -1.141315 1.542247
v -0.001535 -1.141315 1.555187
v -0.001535 -1.141315 1.509327
v -0.139934 -1.093739 1.512577
v -0.001535 -1.093739 1.475197
v -0.217434 -1.141315 1.631787
v -0.207634 -1.141315 1.761287
v -0.180735 -1.141315 1.860957
v -0.086235 -1.051044 1.902377
v -0.001535 -1.051044 1.925967
v -0.107434 -1.141315 1.937867
v -0.220635 -1.141315 1.883127
v -0.253534 -1.141315 1.761287
v -0.246635 -1.093739 1.614247
v -0.183734 -1.046532 1.433817
v -0.001535 -1.141315 1.967397
v -0.131034 -1.141315 1.977157
v 0.098065 -1.141315 1.940457
v 0.078065 -1.051044 1.904447
v -0.001535 -1.141315 2.013257
v 0.120264 -1.141315 1.980327
v 0.214366 -1.141315 1.890787
v 0.175065 -1.141315 1.867217
v 0.139565 -1.051044 1.845927
v 0.163165 -1.051044 1.761287
v 0.204566 -1.141315 1.761287
v 0.250366 -1.141315 1.761287
v 0.284566 -1.093739 1.761287
v 0.177666 -1.141315 1.661627
v 0.217466 -1.141315 1.639447
v 0.247166 -1.093739 1.622947
v 0.325966 -1.046532 1.579137
v 0.387065 -1.082754 1.615057
v 0.412666 -1.082778 1.706767
v 0.404866 -1.085029 1.608377
v 0.141564 -1.051044 1.681657
v 0.083065 -1.051044 1.620207
v 0.104365 -1.141315 1.584717
v 0.127965 -1.141315 1.545427
v 0.145465 -1.093739 1.516187
v 0.192066 -1.046532 1.438557
v 0.329866 -1.082778 1.506987
v -0.001535 -1.051044 1.596617
v -0.081134 -1.051044 1.618127
v -0.332935 -1.082778 1.506987
v -0.397035 -1.085029 1.582037
v -0.348035 -1.085056 1.495417
v -0.379736 -1.082754 1.589877
v -0.324235 -1.046532 1.567687
v -0.415735 -1.082778 1.706767
v -0.378235 -1.046532 1.761287
v -0.287634 -1.093739 1.761287
v -0.250234 -1.093739 1.899637
v -0.255835 -1.082778 1.429877
v -0.267434 -1.085056 1.414797
v -0.154435 -1.085029 1.354877
v -0.147734 -1.082754 1.372637
v -0.001535 -1.046532 1.384597
v -0.056034 -1.082778 1.347127
v -0.058534 -1.085056 1.328277
v -0.186935 -1.031174 1.268607
v -0.323935 -1.031174 1.341197
v -0.421635 -1.031174 1.438947
v -0.511335 -0.969925 1.370127
v -0.226534 -0.969925 1.163437
v -0.070635 -1.031174 1.236307
v 0.055465 -1.085056 1.328277
v 0.052965 -1.082778 1.347127
v 0.067565 -1.031174 1.236307
v 0.082365 -0.969925 1.124237
v -0.085435 -0.969925 1.124237
v -0.245334 -1.109002 1.113407
v -0.392735 -0.969925 1.251517
v -0.425435 -1.109002 1.208857
v 0.215766 -1.031174 1.281837
v 0.262166 -0.969925 1.179477
v 0.284164 -1.109002 1.130797
v 0.089365 -1.109002 1.070927
v -0.092434 -1.109002 1.070927
v -0.261434 -1.153123 1.070687
v -0.453436 -1.153123 1.172437
v -0.275234 -1.141980 1.033927
v -0.098435 -1.153123 1.025407
v 0.095364 -1.153123 1.025407
v 0.303066 -1.153123 1.089217
v 0.422365 -1.109002 1.208857
v 0.389565 -0.969925 1.251517
v 0.320765 -1.031174 1.341197
v 0.450265 -1.153123 1.172437
v 0.319265 -1.141980 1.053447
v 0.100465 -1.141980 0.986227
v -0.103634 -1.141980 0.986227
v -0.289535 -1.095543 0.995807
v -0.477435 -1.141980 1.141087
v -0.502334 -1.095543 1.108587
v -0.621735 -1.141980 1.285397
v -0.654235 -1.095543 1.260457
v -0.746435 -1.095543 1.423667
v -0.817236 -1.095543 1.653907
v -0.862036 -1.000340 1.874587
v -0.817236 -1.095543 1.868677
v -0.809135 -1.000340 2.065147
v -0.846235 -1.000340 2.079117
v -0.690135 -1.000340 2.289667
v -0.721835 -1.000340 2.313957
v -0.554235 -1.000340 2.481548
v -0.529935 -1.000340 2.449887
v -0.374135 -1.000340 2.583327
v -0.654235 -1.095543 2.262127
v -0.767035 -1.095543 2.049307
v -0.776635 -1.141980 1.863327
v -0.776635 -1.141980 1.659257
v -0.357735 -1.000340 2.547197
v -0.114834 -1.000340 2.621817
v -0.108934 -1.095543 2.576967
v -0.502334 -1.095543 2.413987
v -0.477435 -1.141980 2.381497
v -0.621735 -1.141980 2.237187
v 0.111765 -1.000340 2.621817
v -0.339135 -1.095543 2.506227
v -0.728935 -1.141980 2.034967
v -0.590435 -1.153123 2.213137
v -0.453436 -1.153123 2.350147
v -0.322334 -1.141980 2.469137
v -0.103634 -1.141980 2.536347
v -0.553935 -1.109002 2.185187
v -0.425435 -1.109002 2.313727
v -0.306134 -1.153123 2.433357
v -0.098435 -1.153123 2.497177
v 0.100465 -1.141980 2.536347
v 0.105865 -1.095543 2.576967
v 0.286467 -1.095543 2.526777
v -0.649435 -1.109002 2.005057
v -0.511335 -0.969925 2.152457
v -0.392735 -0.969925 2.271067
v -0.287334 -1.109002 2.391787
v -0.599435 -0.969926 1.986237
v -0.638634 -0.969926 1.845157
v -0.421635 -1.031174 2.083637
v -0.323935 -1.031174 2.181387
v -0.265234 -0.969925 2.343097
v -0.085435 -0.969925 2.398347
v -0.092434 -1.109002 2.451657
v -0.526535 -1.031174 1.830407
v -0.526535 -1.031174 1.692177
v -0.494235 -1.031174 1.946667
v -0.638634 -0.969926 1.677417
v -0.583335 -0.969926 1.497607
v -0.481034 -1.031174 1.543987
v -0.434535 -1.085056 1.704287
v -0.434535 -1.085056 1.818297
v -0.407935 -1.085029 1.914207
v -0.415735 -1.082778 1.815817
v 0.272166 -1.141980 2.488657
v 0.095365 -1.153123 2.497177
v 0.258266 -1.153123 2.451897
v 0.089365 -1.109002 2.451657
v 0.474366 -1.141980 2.381497
v 0.302266 -1.000340 2.568877
v -0.120034 -1.000340 2.661377
v 0.116965 -1.000340 2.661377
v 0.316266 -1.000340 2.605997
v 0.526866 -1.000340 2.449887
v -0.123834 -0.958563 2.690267
v -0.386034 -0.958563 2.609707
v 0.120765 -0.958563 2.690267
v 0.326467 -0.958563 2.633107
v 0.551166 -1.000340 2.481548
v 0.718666 -1.000340 2.313957
v 0.568867 -0.958563 2.504657
v 0.741866 -0.958563 2.331697
v 0.846866 -0.958563 2.145807
v 0.898566 -1.000340 1.879787
v 0.927466 -0.958563 1.883597
v 0.927466 -0.613383 1.638987
v 0.927466 -0.613383 1.883597
v 0.846866 -0.613383 2.145807
v 0.741866 -0.613383 2.331697
v 0.568867 -0.613383 2.504657
v 0.326467 -0.613383 2.633107
v 0.120765 -0.613383 2.690267
v -0.123834 -0.613383 2.690267
v -0.386034 -0.613383 2.609707
v -0.571935 -0.958564 2.504657
v 1.318166 0.015102 3.557277
v 1.274366 0.015102 3.588067
v 1.318166 -0.505783 3.557277
v 1.318166 -1.033796 3.204467
v 1.274366 -1.108088 2.985757
v 1.318166 -1.077298 2.985757
v 1.274366 -1.062239 3.216247
v 1.318166 -0.909908 3.389887
v 1.274366 -0.931676 3.411657
v 1.318166 -0.724493 3.513777
v 1.274366 -0.736276 3.542217
v 1.274366 -0.505783 3.588067
v 1.031766 0.015102 3.588067
v 1.318166 -1.033796 2.767047
v 1.031766 -0.931676 3.411657
v 1.031766 -1.062239 3.216247
v 1.031766 -0.736276 3.542217
v 1.031766 -0.505783 3.588067
v 0.987966 -0.724493 3.513777
v 0.987966 -0.505783 3.557277
v 0.987966 -0.724493 2.457747
v 0.987966 -0.505783 2.414237
v 0.987966 -0.909908 3.389887
v 0.987966 -0.909908 2.581637
v 1.031766 -0.931677 2.559867
v 1.031766 -0.736276 2.429307
v 1.274366 -0.931677 2.559867
v 1.274366 -1.062239 2.755267
v 1.031766 -1.062239 2.755267
v 0.987966 -1.033796 2.767047
v 0.987966 -1.033796 3.204467
v 1.318166 -0.909908 2.581637
v 1.031766 -1.108088 2.985757
v 0.987966 -1.077298 2.985757
v 1.274366 -0.736276 2.429307
v 1.318166 -0.724493 2.457747
v 1.274366 -0.505783 2.383457
v 1.031766 -0.505783 2.383457
v 1.274366 0.015102 2.383457
v 1.031766 0.015102 2.383457
v 0.987966 0.015102 2.414237
v 1.318166 -0.505783 2.414237
v 1.318166 0.015102 2.414237
v 0.987966 0.015102 3.557277
v -1.018335 -1.108088 2.985757
v -1.018335 -1.062239 3.216247
v -1.260935 -1.108088 2.985758
v -0.974635 -0.505783 3.557277
v -1.018335 -0.736276 3.542217
v -0.974635 -0.724493 3.513777
v -1.018335 -0.931677 3.411657
v -0.974635 -0.909909 3.389887
v -0.974635 -1.033796 3.204467
v -0.974635 -1.077298 2.985757
v -0.974635 -1.033796 2.767047
v -0.974635 0.015102 3.557277
v -1.018335 0.015102 3.588067
v -1.018335 -0.505783 3.588067
v -1.260935 -0.736276 3.542217
v -1.260935 -0.931677 3.411657
v -1.260935 -1.062239 3.216247
v -1.304735 -1.077298 2.985758
v -1.304735 -1.033796 3.204468
v -1.304735 -1.033796 2.767048
v -1.304735 -0.909909 3.389887
v -1.304735 -0.724493 3.513777
v -1.260935 -0.505783 3.588067
v -1.304735 -0.505783 3.557277
v -1.304735 0.015102 3.557277
v -1.304735 0.015102 2.414237
v -1.260935 0.015102 3.588067
v -1.260935 -1.062239 2.755268
v -1.304735 -0.909909 2.581637
v -1.304735 -0.724493 2.457748
v -1.304735 -0.505783 2.414237
v -1.260935 -0.736276 2.429308
v -1.260935 -0.931678 2.559868
v -1.018335 -0.931678 2.559868
v -1.018335 -1.062239 2.755267
v -1.260935 -0.505783 2.383457
v -1.018335 -0.736276 2.429307
v -0.974635 -0.909909 2.581637
v -0.974635 -0.724493 2.457747
v -1.018335 -0.505783 2.383457
v -1.018335 0.015102 2.383457
v -1.260935 0.015102 2.383457
v -0.974635 -0.505783 2.414237
v -0.974635 0.015102 2.414237
v 1.283866 -0.647710 4.822907
v 1.262266 -0.671053 4.779928
v 1.320466 -0.644349 4.793808
v 1.289566 -0.797988 4.822907
v 1.248466 -0.774121 4.795047
v 1.265566 -0.773495 4.782117
v 1.244565 -0.672705 4.795058
v 1.287466 -0.656662 4.644417
v 1.302665 -0.760885 4.584837
v 1.343566 -0.631310 4.671217
v 1.316166 -0.532665 4.793808
v 1.206166 -0.654853 4.884767
v 1.214866 -0.894056 4.884767
v 1.330366 -0.894056 4.793808
v 1.353966 -0.502732 4.593127
v 1.297766 -0.528424 4.566507
v 1.313166 -0.647509 4.507727
v 1.376266 -0.670363 4.507097
v 1.365866 -0.783227 4.583888
v 1.326366 -0.796646 4.793808
v 1.369466 -0.894056 4.586427
v 1.610066 -0.894056 3.310177
v 1.628166 -0.694055 3.188967
v 1.613866 -0.640727 3.258467
v 1.542766 -0.618889 3.302037
v 1.533266 -0.583869 3.334287
v 1.677066 -0.727577 2.934337
v 1.698366 -0.894055 2.878087
v 1.698366 -0.703685 2.878087
v 1.660866 -0.739011 3.021187
v 1.644266 -0.727577 3.108037
v 1.529266 -0.497045 3.362997
v 1.525966 -0.432121 3.367197
v 1.589266 -0.403448 3.356747
v 1.589566 -0.316597 3.345317
v 1.614866 -0.112844 3.188967
v 1.106366 -0.894056 5.098107
v 1.097766 -0.679484 5.098107
v 1.085666 -0.373314 5.098107
v 1.193866 -0.314199 4.884767
v 1.306666 -0.288993 4.793808
v 1.354066 -0.219248 4.542107
v 1.595466 0.135554 3.261678
v 1.629766 -0.079319 3.108037
v 1.640966 0.202394 3.020447
v 1.646466 -0.067886 3.021187
v 1.653666 -0.072690 2.984687
v 0.989565 -0.894056 4.712857
v 1.012266 -0.894056 3.533017
v 1.257666 -0.894056 3.533017
v 0.871065 -0.894056 3.319487
v 0.877365 -0.894055 2.878087
v 0.974566 -0.814871 3.296967
v 0.348765 -0.894056 3.426247
v 0.510167 -0.894056 4.712857
v 0.541665 -0.894056 5.098107
v 1.106366 -0.894056 5.098107
v 1.214866 -0.894056 4.884767
v 1.330366 -0.894056 4.793808
v 0.063465 -0.894056 4.712857
v 0.063465 -0.894056 3.426247
v 0.063465 -0.894056 5.098107
v -0.007735 -0.807483 5.019328
v -0.007735 -0.807483 4.668467
v -0.007735 -0.807483 3.426247
v 0.063465 -0.894056 2.877397
v -0.007735 -0.807483 2.877397
v 1.369466 -0.894056 4.586427
v 1.610066 -0.894056 3.310177
v 1.398866 -0.894056 3.298927
v 1.398866 -0.894056 2.877397
v 1.295366 -0.814871 3.296967
v 1.295366 -0.814871 2.877397
v 0.974566 -0.814871 2.877397
v 1.698366 -0.894055 2.878087
v 1.041666 -0.814871 3.397177
v 1.228266 -0.814871 3.397177
v 1.640966 0.202394 3.020447
v 1.545766 0.285034 3.024047
v 1.595466 0.135554 3.261678
v 1.193866 -0.314199 4.884767
v 1.004066 -0.111353 4.945047
v 1.085666 -0.373314 5.098107
v 1.060266 -0.077097 4.843487
v 1.306666 -0.288993 4.793808
v 1.135966 0.001395 4.509387
v 1.354066 -0.219248 4.542107
v 1.415366 0.291144 3.276087
v 1.406166 0.370404 3.113677
v 1.450666 0.367674 3.027658
v 0.789766 0.036632 4.877887
v 0.759666 0.000799 4.970627
v 0.883566 0.154714 4.484558
v 1.235266 0.446734 3.290497
v 1.334366 0.396794 3.200947
v 1.123165 0.351754 3.333617
v 0.813266 0.102974 4.405437
v 0.701467 0.478554 3.446667
v 0.618766 0.212654 4.571747
v 0.585666 0.149454 4.476207
v 0.573666 0.191844 4.458207
v 0.688366 0.517394 3.435777
v 0.355066 0.562234 3.474097
v 0.329765 0.183334 4.606368
v 0.249866 0.543034 3.573037
v 0.101665 0.161894 4.746697
v 0.336564 0.141064 4.627717
v 0.354765 0.206004 4.735347
v 0.105365 0.119694 4.770167
v 0.067465 0.123204 4.770147
v 0.079765 0.192234 4.875377
v 0.065865 0.165214 4.746687
v 0.071466 0.554954 3.589227
v -0.007735 0.107964 4.718997
v -0.007735 0.066069 4.742447
v -0.007735 0.136384 4.847697
v -0.007735 0.110384 4.924937
v 0.077065 0.156624 4.980947
v -0.007735 0.079465 5.019328
v -0.007735 0.495764 3.565647
v 0.071864 0.116774 5.098107
v 0.288766 0.087875 5.098107
v 0.325765 0.130424 4.965727
v 0.489965 0.041284 5.098107
v 0.554165 0.089275 4.946308
v 0.721467 -0.050692 5.098107
v 0.919266 -0.162982 5.098107
v 0.134064 0.187124 4.875387
v 1.318166 -1.033796 2.767047
v 1.318166 -1.033796 3.204467
v 1.318166 -1.077298 2.985757
v 1.318166 -0.909908 3.389887
v 1.318166 -0.909908 2.581637
v 1.318166 -0.724493 3.513777
v 1.318166 -0.724493 2.457747
v 1.318166 -0.505783 3.557277
v 1.318166 -0.505783 2.414237
v 1.318166 0.015102 3.557277
v 1.318166 0.015102 2.414237
v 0.656966 0.486474 3.431407
v 0.644166 0.446184 3.481987
v 0.353266 0.535644 3.469837
v 0.685466 0.443314 3.441287
v 0.701467 0.478554 3.446667
v 0.688366 0.517394 3.435777
v 0.355066 0.562234 3.474097
v 0.249866 0.543034 3.573037
v 0.676966 0.409154 3.475017
v 1.072266 0.295264 3.369767
v 0.732366 -0.064114 3.416497
v 1.095866 0.331984 3.336498
v 1.123165 0.351754 3.333617
v 1.076866 -0.039527 3.286277
v 1.054865 -0.011344 3.331857
v 0.727266 -0.103109 3.367117
v 0.696266 -0.055609 3.359137
v 0.695366 -0.021539 3.424197
v 1.102066 -0.061997 3.277417
v 0.719266 -0.128213 3.347417
v 0.687366 -0.080549 3.340898
v 0.354865 -0.082107 3.371697
v 0.353867 -0.059031 3.463667
v 0.351766 0.487444 3.526867
v 1.201566 -0.112844 3.188967
v 0.784566 -0.190663 3.267907
v 0.248166 0.482044 3.590867
v 0.069865 0.493704 3.609407
v -0.007735 -0.060916 3.550597
v 0.251467 -0.077755 3.526117
v 0.250665 -0.101234 3.470717
v 0.356066 -0.108603 3.367177
v 0.391165 -0.159108 3.376328
v 0.338566 -0.235666 3.311787
v -0.007735 -0.084105 3.490837
v -0.007735 -0.110739 3.486677
v 0.210866 -0.235667 3.311787
v -0.007735 -0.167151 3.385677
v 0.233566 -0.163497 3.381017
v -0.007735 -0.116645 3.376567
v 0.233366 -0.112984 3.371867
v 0.249866 -0.127795 3.466387
v 0.337265 -0.316598 3.345317
v -0.007735 -0.235667 3.311787
v 0.196066 -0.316598 3.345317
v 0.337166 -0.403448 3.356747
v 0.936466 -0.316598 3.345317
v 0.984166 -0.403448 3.356747
v 1.536466 -0.316597 3.345317
v 1.536166 -0.403448 3.356747
v 1.589266 -0.403448 3.356747
v 1.589566 -0.316597 3.345317
v -0.007735 -0.316598 3.345317
v 0.179465 -0.403448 3.356747
v -0.007735 -0.403448 3.356747
v 1.561766 -0.112844 3.188967
v 1.614866 -0.112844 3.188967
v 1.576166 -0.080478 3.110837
v 1.629766 -0.079319 3.108037
v 1.592166 -0.068657 3.027047
v 1.646466 -0.067886 3.021187
v 1.600466 -0.072690 2.984687
v 1.653666 -0.072690 2.984687
v 1.640966 0.202394 3.020447
v 1.545766 0.285034 3.024047
v 1.273966 -0.090155 3.134197
v 1.353966 -0.071666 3.049897
v 1.391566 -0.072690 2.984687
v 1.450666 0.367674 3.027658
v 1.406166 0.370404 3.113677
v 1.334366 0.396794 3.200947
v 1.235266 0.446734 3.290497
v 0.900466 -0.713915 2.901347
v 0.877365 -0.894055 2.878087
v 0.063665 -0.713915 2.901347
v 0.063465 -0.894056 2.877397
v -0.007735 -0.807483 2.877397
v -0.007735 -0.713915 2.901347
v -0.974635 -1.033796 2.767047
v -0.974635 -1.033796 3.204467
v -0.974635 -1.077298 2.985757
v -0.974635 -0.909909 3.389887
v -0.974635 -0.909909 2.581637
v -0.974635 -0.724493 3.513777
v -0.974635 -0.724493 2.457747
v -0.974635 -0.505783 3.557277
v -0.974635 -0.505783 2.414237
v -0.974635 0.015102 3.557277
v -0.974635 0.015102 2.414237
v 0.696166 -0.436938 4.843537
v 0.399866 -0.653472 4.843537
v 0.759366 -0.523252 4.843537
v 0.829866 -0.273864 5.098107
v 0.948666 -0.424008 5.098107
v 0.764166 -0.653472 4.843537
v 0.533266 -0.759283 5.098107
v 0.063465 -0.759283 5.098107
v 0.063465 -0.894056 5.098107
v -0.007735 -0.807483 5.019328
v -0.007735 -0.726538 5.019328
v 0.961866 -0.759283 5.098107
v 0.919266 -0.162982 5.098107
v 1.085666 -0.373314 5.098107
v 1.097766 -0.679484 5.098107
v 1.106366 -0.894056 5.098107
v 0.541665 -0.894056 5.098107
v 0.260466 -0.048252 5.098107
v 0.255766 -0.241288 4.843537
v 0.439766 -0.088772 5.098107
v 0.389166 -0.276002 4.843537
v 0.545167 -0.341645 4.843537
v 0.651666 -0.171459 5.098107
v 0.721467 -0.050692 5.098107
v 0.489965 0.041284 5.098107
v 0.288766 0.087875 5.098107
v -0.007735 -0.653472 4.843537
v 0.062666 -0.211287 4.843537
v -0.007735 -0.203140 4.843537
v -0.007735 -0.072916 5.019328
v 0.065765 -0.022397 5.098107
v -0.007735 0.079465 5.019328
v 0.071864 0.116774 5.098107
v 0.248967 0.516474 3.568697
v 0.070565 0.528374 3.585097
v 0.071466 0.554954 3.589227
v -0.007735 0.495764 3.565647
v -0.007735 0.469124 3.561487
v -0.007735 0.434294 3.587637
v 0.063665 -0.713915 2.901347
v -0.007735 -0.713915 2.901347
v -0.007735 -0.727577 2.934337
v 0.900466 -0.713915 2.901347
v 1.146865 -0.727577 2.934337
v 1.369466 -0.713915 2.901347
v 1.134766 -0.739011 3.021187
v -0.007735 -0.739011 3.021187
v 1.122266 -0.727577 3.108037
v -0.007735 -0.727577 3.108037
v 1.110266 -0.694055 3.188967
v -0.007735 -0.694055 3.188967
v 1.677066 -0.727577 2.934337
v 1.698366 -0.703685 2.878087
v 1.660866 -0.739011 3.021187
v 1.644266 -0.727577 3.108037
v 1.628166 -0.694055 3.188967
v 1.613866 -0.640727 3.258467
v 1.102965 -0.646531 3.253507
v -0.007735 -0.657339 3.253507
v 1.698366 -0.894055 2.878087
v 1.398866 -0.894056 2.877397
v 1.698366 -0.703685 2.878087
v 1.369466 -0.713915 2.901347
v -1.609035 0.135554 3.261678
v -1.559335 0.285034 3.024058
v -1.654535 0.202394 3.020448
v -1.017535 -0.111352 4.945047
v -1.073835 -0.077096 4.843487
v -1.207335 -0.314198 4.884778
v -1.320135 -0.288992 4.793808
v -1.149536 0.001396 4.509397
v -1.367635 -0.219247 4.542107
v -1.428935 0.291144 3.276088
v -1.419735 0.370404 3.113678
v -1.464235 0.367684 3.027658
v -1.347935 0.396794 3.200948
v -1.248835 0.446734 3.290508
v -0.897136 0.154714 4.484567
v -0.632335 0.212654 4.571747
v -0.826736 0.102974 4.405437
v -0.599235 0.149454 4.476207
v -0.803236 0.036633 4.877887
v -0.773136 0.000800 4.970627
v -0.567735 0.089275 4.946308
v -0.368336 0.206004 4.735347
v -0.350135 0.141064 4.627717
v -0.343336 0.183334 4.606368
v -0.115234 0.161894 4.746697
v -0.118934 0.119694 4.770167
v -0.080936 0.123204 4.770157
v -0.079435 0.165214 4.746687
v -0.147635 0.187124 4.875387
v -0.339235 0.130424 4.965737
v -0.090635 0.156624 4.980957
v -0.093335 0.192234 4.875377
v -0.085035 0.554964 3.589227
v -0.005735 0.107964 4.718997
v -0.005735 0.066070 4.742457
v -0.005735 0.136384 4.847697
v -0.005736 0.110394 4.924937
v -0.005736 0.079465 5.019328
v -0.085435 0.116774 5.098107
v -0.005735 0.495764 3.565647
v -0.302335 0.087875 5.098107
v -0.503535 0.041285 5.098107
v -0.735035 -0.050691 5.098107
v -0.932835 -0.162981 5.098107
v -1.099235 -0.373313 5.098107
v -1.116435 -0.646530 3.253507
v -1.123835 -0.694054 3.188967
v -1.627435 -0.640726 3.258468
v -1.641735 -0.694054 3.188967
v -1.135835 -0.727576 3.108037
v -1.657735 -0.727576 3.108037
v -1.148335 -0.739010 3.021187
v -1.674435 -0.739010 3.021188
v -0.005735 -0.657338 3.253507
v -0.005735 -0.694054 3.188967
v -0.005735 -0.727576 3.108037
v -0.005735 -0.739010 3.021187
v -0.005735 -0.727576 2.934337
v -1.160435 -0.727576 2.934337
v -1.690535 -0.727576 2.934338
v -1.706435 -0.703685 2.878088
v -1.383035 -0.713914 2.901348
v -0.914035 -0.713914 2.901347
v -0.077236 -0.713914 2.901347
v -0.005735 -0.713914 2.901347
v -0.076235 -0.211286 4.843537
v -0.269335 -0.241287 4.843537
v -0.413436 -0.653471 4.843537
v -0.402735 -0.276001 4.843537
v -0.962236 -0.424007 5.098107
v -0.777735 -0.653471 4.843537
v -0.772935 -0.523251 4.843537
v -0.709736 -0.436937 4.843537
v -0.558735 -0.341644 4.843537
v -0.453236 -0.088771 5.098107
v -0.274035 -0.048251 5.098107
v -0.079335 -0.022396 5.098107
v -0.843436 -0.273863 5.098107
v -0.665235 -0.171458 5.098107
v -0.005736 -0.072915 5.019328
v -0.005736 0.079465 5.019328
v -0.085435 0.116774 5.098107
v -0.302335 0.087875 5.098107
v -0.503535 0.041285 5.098107
v -0.735035 -0.050691 5.098107
v -0.932835 -0.162981 5.098107
v -1.099235 -0.373313 5.098107
v -1.111335 -0.679483 5.098107
v -0.975435 -0.759282 5.098107
v -1.119935 -0.894056 5.098107
v -0.555135 -0.894056 5.098107
v -0.546735 -0.759282 5.098107
v -0.077036 -0.894055 5.098107
v -0.077036 -0.759282 5.098107
v -0.005736 -0.807482 5.019328
v -0.005736 -0.726537 5.019328
v -0.005735 -0.653471 4.843537
v -0.005735 -0.203139 4.843537
v -0.365535 -0.791400 0.592667
v -0.365535 -0.803436 0.570187
v -1.118635 -0.791400 0.592667
v -1.118635 -0.803437 0.570187
v -0.365535 -0.826057 0.561307
v -1.118635 -0.826058 0.561307
v -0.365535 -0.848679 0.570187
v -1.118635 -0.848680 0.570187
v -0.365535 -0.860717 0.592667
v -1.118635 -0.860718 0.592667
v -0.365535 -0.856535 0.618237
v -1.118635 -0.856536 0.618247
v -0.365535 -0.838094 0.634927
v -1.118634 -0.838094 0.634927
v -0.365535 -0.814020 0.634927
v -1.118634 -0.814021 0.634927
v -0.365535 -0.795578 0.618237
v -1.118635 -0.795578 0.618247
v -0.365535 -0.791400 0.592667
v -1.118635 -0.791400 0.592667
v -0.077236 -0.713914 2.901347
v -0.885335 -0.894056 2.878088
v -0.914035 -0.713914 2.901347
v -0.077035 -0.894055 2.877397
v -0.005735 -0.807482 2.877397
v -0.005735 -0.713914 2.901347
v 0.673266 -0.668962 1.203207
v -0.451335 -0.668962 1.203207
v 0.627466 -0.871219 1.203207
v -0.413835 -0.871219 1.203207
v -0.413835 -0.871219 -0.423870
v -0.451335 -0.668962 1.203207
v -0.451335 -0.668962 -0.423870
v 0.673266 -0.668962 -0.423870
v 0.673266 -0.668962 1.203207
v 0.627466 -0.871219 -0.423870
v -0.451335 -0.668962 -0.423870
v 0.673266 -0.668962 -0.423870
v -0.361435 -0.894664 0.190354
v 0.376467 -0.956810 0.236151
v -0.315635 -0.956810 0.236151
v 0.422265 -0.894664 0.190354
v -0.361435 -0.780173 0.190354
v 0.422265 -0.780173 0.190354
v -0.361435 -0.894664 0.190354
v -0.361435 -0.780173 0.390677
v -0.361435 -0.780173 0.190354
v -0.361435 -0.894664 0.390677
v -0.315635 -0.956810 0.344877
v 0.376467 -0.956810 0.344877
v 0.422265 -0.894664 0.190354
v 0.422265 -0.894664 0.390677
v 0.422265 -0.780173 0.190354
v 0.422265 -0.780173 0.390677
v 0.422265 -0.894664 0.390677
v -0.361435 -0.894664 0.390677
v 0.422265 -0.780173 0.390677
v -0.361435 -0.780173 0.390677
v 0.560365 -0.752692 -2.083603
v 0.606166 -0.752692 -2.319744
v 0.560364 -0.752692 -2.215674
v 1.238165 -0.752692 -2.050593
v 1.042765 -0.752692 -1.892524
v 1.283966 -0.752692 -1.917133
v 1.283966 -0.752692 -1.796973
v -1.287035 -0.752692 -1.796983
v -0.563436 -0.752692 -2.083603
v -1.241235 -0.752692 -1.864383
v -0.609235 -0.752692 -2.114723
v -0.563436 -0.752692 -2.219133
v -0.563436 -0.752692 -2.083603
v -0.609235 -0.752692 -2.319744
v -1.241235 -0.752692 -2.050593
v -1.287035 -0.752692 -1.921793
v -1.287035 -0.752692 -1.796983
v -0.715035 0.478554 3.446667
v -0.587136 0.191844 4.458207
v -0.701935 0.517394 3.435777
v -0.368634 0.562244 3.474097
v -1.136735 0.351754 3.333618
v -0.263335 0.543034 3.573037
v -1.668535 -0.752692 -1.552783
v -1.931255 -0.752692 -1.320314
v -1.622735 -0.752692 -1.532153
v -1.977055 -0.752692 -1.218641
v -1.622735 -0.752692 -1.656263
v -1.622735 -0.752692 -1.532153
v -1.668535 -0.752692 -1.759673
v -1.931255 -0.752692 -1.480863
v -1.977055 -0.752692 -1.288884
v -1.977055 -0.752692 -1.218641
v -0.365535 -0.856535 0.219010
v -0.365535 -0.838094 0.235703
v -1.118634 -0.856536 0.219014
v -1.118634 -0.838094 0.235703
v -0.365535 -0.814020 0.235703
v -1.118634 -0.814021 0.235703
v -0.365535 -0.795578 0.219010
v -1.118634 -0.795578 0.219014
v -0.365535 -0.791400 0.193442
v -1.118634 -0.791400 0.193442
v -0.365535 -0.791400 0.193442
v -0.365535 -0.803436 0.170956
v -1.118634 -0.791400 0.193442
v -1.118634 -0.803437 0.170956
v -0.365535 -0.826057 0.162074
v -1.118634 -0.826058 0.162074
v -0.365535 -0.848679 0.170956
v -1.118634 -0.848680 0.170956
v -0.365535 -0.860717 0.193442
v -1.118634 -0.860718 0.193442
v -0.365535 -0.791400 0.272115
v -0.365535 -0.803436 0.249629
v -1.118635 -0.791400 0.272115
v -1.118634 -0.803437 0.249629
v -0.365535 -0.826057 0.240747
v -1.118634 -0.826058 0.240747
v -0.365535 -0.848679 0.249629
v -1.118634 -0.848680 0.249629
v -0.365535 -0.860717 0.272115
v -1.118635 -0.860718 0.272115
v -0.365535 -0.856535 0.297683
v -1.118634 -0.856536 0.297687
v -0.365535 -0.838094 0.314376
v -1.118634 -0.838094 0.314376
v -0.365535 -0.814020 0.314376
v -1.118634 -0.814021 0.314376
v -0.365535 -0.795578 0.297683
v -1.118634 -0.795578 0.297687
v -0.365535 -0.791400 0.272115
v -1.118635 -0.791400 0.272115
v -0.365535 -0.856535 0.385227
v -0.365535 -0.838094 0.401927
v -1.118634 -0.856536 0.385237
v -1.118634 -0.838094 0.401927
v -0.365535 -0.814020 0.401927
v -1.118634 -0.814021 0.401927
v -0.365535 -0.795578 0.385227
v -1.118634 -0.795578 0.385237
v -0.365535 -0.791400 0.359662
v -1.118635 -0.791400 0.359662
v -0.365535 -0.791400 0.359662
v -0.365535 -0.803436 0.337175
v -1.118635 -0.791400 0.359662
v -1.118634 -0.803437 0.337175
v -0.365535 -0.826057 0.328293
v -1.118634 -0.826058 0.328293
v -0.365535 -0.848679 0.337175
v -1.118634 -0.848680 0.337175
v -0.365535 -0.860717 0.359662
v -1.118635 -0.860718 0.359662
v -0.365535 -0.791400 0.438337
v -0.365535 -0.803436 0.415847
v -1.118635 -0.791400 0.438337
v -1.118635 -0.803437 0.415847
v -0.365535 -0.826057 0.406967
v -1.118635 -0.826058 0.406967
v -0.365535 -0.848679 0.415847
v -1.118635 -0.848680 0.415847
v -0.365535 -0.860717 0.438337
v -1.118635 -0.860718 0.438337
v -0.365535 -0.856535 0.463907
v -1.118635 -0.856536 0.463907
v -0.365535 -0.838094 0.480597
v -1.118635 -0.838094 0.480597
v -0.365535 -0.814020 0.480597
v -1.118635 -0.814021 0.480597
v -0.365535 -0.795578 0.463907
v -1.118635 -0.795578 0.463907
v -0.365535 -0.791400 0.438337
v -1.118635 -0.791400 0.438337
v -0.365535 -0.856535 0.539567
v -0.365535 -0.838094 0.556257
v -1.118634 -0.856536 0.539567
v -1.118634 -0.838094 0.556257
v -0.365535 -0.814020 0.556257
v -1.118634 -0.814021 0.556257
v -0.365535 -0.795578 0.539567
v -1.118634 -0.795578 0.539567
v -0.365535 -0.791400 0.513997
v -1.118634 -0.791400 0.513997
v -0.365535 -0.791400 0.513997
v -0.365535 -0.803436 0.491507
v -1.118634 -0.791400 0.513997
v -1.118634 -0.803437 0.491507
v -0.365535 -0.826057 0.482627
v -1.118634 -0.826058 0.482627
v -0.365535 -0.848679 0.491507
v -1.118634 -0.848680 0.491507
v -0.365535 -0.860717 0.513997
v -1.118634 -0.860718 0.513997
v -0.525635 -0.732843 0.971917
v -0.528335 -0.724802 0.980577
v -0.520435 -0.726409 0.894917
v -0.498935 -0.726409 0.961947
v -0.495135 -0.716759 0.967927
v -0.468534 -0.716759 1.036237
v -0.500936 -0.724802 1.050907
v 0.418566 -1.031174 1.438947
v 0.508265 -0.969925 1.370127
v 0.550866 -1.109002 1.337397
v 0.344966 -1.085056 1.495417
v 0.491166 -1.031174 1.575917
v 0.596266 -0.969925 1.536347
v 0.646366 -1.109002 1.517517
v 0.431467 -1.085056 1.704287
v -0.691935 -1.109002 1.670407
v -0.632035 -1.109002 1.475537
v -0.673634 -1.153123 1.456697
v -0.737435 -1.153123 1.664407
v -0.691935 -1.109002 1.852177
v -0.737435 -1.153123 1.858177
v -0.692136 -1.153123 2.021137
v -0.553935 -1.109002 1.337397
v -0.590435 -1.153123 1.309447
v -0.709435 -1.141980 1.440477
v 1.626766 -0.703685 -0.361087
v 1.893366 -0.512861 -0.361113
v 1.626766 -0.512864 -0.361088
v 2.137766 -0.591782 -0.361088
v 2.137766 -0.895892 -0.704600
v 1.626766 -0.895892 -0.704600
v 1.454866 -0.703685 -0.361085
v 1.245965 -0.895612 -0.704601
v 1.086066 -0.895387 -0.586547
v 1.294966 -0.703685 -0.243032
v 1.117066 -0.894250 0.920607
v 1.325966 -0.703685 0.816797
v 1.270066 -0.894055 1.102167
v 1.412766 -0.703685 0.924867
v 1.751766 -0.703685 1.080687
v 1.746866 -0.894055 1.290737
v 1.735966 -0.703685 1.556687
v 1.737366 -0.894055 1.556687
v 1.717466 -0.703685 2.115516
v 1.717466 -0.894055 2.115516
v 1.702266 -0.703685 2.676627
v 1.702266 -0.894055 2.676627
v 1.698366 -0.703685 2.878087
v 1.698366 -0.894055 2.878087
v -1.957225 -0.512864 -0.952103
v -2.131505 -0.591783 -0.540554
v -1.901425 -0.512864 -0.540578
v -2.151595 -0.591783 -1.056264
v -1.653935 -0.512864 -1.304802
v -1.812635 -0.591783 -1.513143
v -1.118635 -0.512864 -1.721963
v -1.277335 -0.591783 -1.930303
v -0.551335 -0.591783 -2.226194
v -0.481535 -0.512864 -2.007433
v -0.075735 -0.591783 -2.288553
v -0.075735 -0.512864 -2.054233
v -0.004035 -0.591783 -2.172014
v -0.004035 -0.512864 -1.936083
v 0.067666 -0.512864 -2.054233
v 0.067666 -0.591783 -2.288553
v 0.473466 -0.512864 -2.007433
v 0.543266 -0.591783 -2.226194
v 1.110566 -0.512864 -1.721963
v 1.269266 -0.591783 -1.930303
v 1.804566 -0.591783 -1.513144
v 1.645866 -0.512864 -1.304805
v 2.143566 -0.591783 -1.056266
v 1.949166 -0.512864 -0.952105
v 2.137766 -0.591782 -0.361088
v 1.893366 -0.512864 -0.540579
v 1.893366 -0.512861 -0.361113
v 1.626766 -0.512864 -0.361088
v 1.626766 -0.512865 -0.540557
v 1.626766 -0.703685 -0.361087
v 1.626766 -0.703685 -0.540552
v -0.827035 -0.694199 0.888357
v -0.732835 -0.645085 0.953557
v -0.760635 -0.645085 0.867397
v -0.758634 -0.673235 0.856177
v -0.807935 -0.709613 0.871417
v -0.824335 -0.709613 0.807887
v -0.774135 -0.673235 0.795817
v -0.796935 -0.673235 0.668897
v -1.931255 -0.931341 -0.579614
v -1.942235 -0.896819 -0.319343
v -1.977055 -0.896819 -0.576527
v -1.977055 -0.896819 -1.288884
v -1.931255 -0.931341 -1.480863
v -1.931255 -0.752692 -1.480863
v -1.977055 -0.752692 -1.288884
v -1.668535 -0.752692 -1.759673
v -1.622735 -0.752692 -1.656263
v 1.949166 0.195864 -0.952106
v 2.123466 0.154174 -0.540555
v 1.893366 0.103804 -0.540579
v 2.143566 0.248094 -1.056266
v 1.645866 0.283294 -1.304804
v 1.804566 0.357254 -1.513144
v 1.110566 0.374754 -1.721963
v 1.269266 0.448724 -1.930303
v 0.543266 0.525524 -2.226194
v 0.473466 0.451554 -2.007433
v 0.067666 0.542134 -2.288553
v 0.067666 0.467594 -2.054233
v -0.004035 0.546084 -2.172014
v -0.004035 0.472114 -1.936083
v -0.075735 0.467594 -2.054233
v -0.075735 0.542134 -2.288553
v -0.481535 0.451554 -2.007433
v -0.551335 0.525524 -2.226193
v -1.118635 0.374754 -1.721963
v -1.277335 0.448724 -1.930303
v -1.812635 0.357254 -1.513143
v -1.653935 0.283294 -1.304802
v -2.151595 0.248094 -1.056265
v -1.957225 0.195864 -0.952106
v -2.131505 0.154174 -0.540554
v -1.901425 0.103804 -0.540578
v 0.264366 -1.085056 1.414797
v 0.252765 -1.082778 1.429877
v 0.177666 -1.085029 1.365787
v 0.169865 -1.082754 1.383067
v -1.025735 -0.949402 -0.770922
v -0.962635 -0.568854 -0.544124
v -1.025735 -0.568854 -0.770922
v -1.025735 -0.949402 -1.040591
v -1.025735 -0.568854 -1.040591
v -0.936935 -0.568854 -1.329671
v -0.821034 -0.568854 -1.534603
v -0.630435 -0.949402 -0.086224
v -0.425435 -0.568854 0.029585
v -0.630435 -0.568854 -0.086226
v -0.821034 -0.949402 -0.276909
v -0.821034 -0.568854 -0.276909
v -0.962635 -0.949402 -0.544124
v -0.005735 -0.167150 3.385677
v -0.005735 -0.235666 3.311787
v -0.005735 -0.316597 3.345317
v -0.005735 -0.403447 3.356747
vn 0.0078 -0.9999 -0.0078
vn 0.3255 -0.9455 -0.0077
vn 0.0857 -0.9815 -0.1713
vn 0.2710 -0.9601 -0.0697
vn 0.3645 -0.9229 -0.1241
vn -0.3419 -0.9325 -0.1166
vn -0.3115 -0.9502 -0.0078
vn -0.0702 -0.9827 -0.1716
vn -0.1877 -0.9386 -0.2894
vn 0.2171 -0.9306 -0.2947
vn -0.2418 -0.9672 -0.0780
vn 0.4284 -0.9036 -0.0078
vn 0.7701 -0.6379 -0.0078
vn 0.3097 -0.2633 -0.9137
vn 0.0077 -0.3873 -0.9219
vn 0.0078 -0.7906 -0.6123
vn 0.4558 -0.5254 -0.7185
vn -0.0000 -0.9624 -0.2716
vn 0.5961 -0.6193 -0.5110
vn -0.0000 -0.9989 -0.0468
vn 0.4394 -0.5705 -0.6939
vn -0.0233 -0.6991 -0.7146
vn -0.0000 -1.0000 0.0078
vn -0.0388 -0.6586 -0.7515
vn -0.0391 0.1172 -0.9923
vn -0.0156 0.1010 -0.9948
vn 0.6124 0.1551 -0.7752
vn 0.7976 0.1626 -0.5808
vn 0.6689 0.1711 -0.7234
vn 0.5895 0.1629 -0.7912
vn 0.4036 0.1630 -0.9003
vn 0.3583 0.4050 -0.8412
vn 0.3653 0.3497 -0.8627
vn 0.3578 0.0234 -0.9335
vn 0.5753 -0.1244 -0.8085
vn 0.3488 -0.3333 -0.8759
vn 0.3110 -0.1788 -0.9334
vn 0.3328 -0.3714 -0.8668
vn 0.5447 0.3657 -0.7547
vn 0.4029 -0.2402 -0.8832
vn 0.1091 -0.2338 -0.9662
vn 0.3801 -0.3568 -0.8533
vn 0.3876 -0.2868 -0.8761
vn 0.4134 0.1560 -0.8971
vn 0.4188 0.1706 -0.8919
vn -0.1249 0.0390 -0.9914
vn -0.0933 0.0311 -0.9952
vn 0.3671 0.6092 -0.7029
vn 0.3115 -0.2415 -0.9190
vn -0.1169 -0.1481 -0.9820
vn -0.0078 0.1480 -0.9890
vn -0.1716 0.1404 -0.9751
vn -0.4680 -0.3120 -0.8268
vn -0.1705 -0.3023 -0.9378
vn -0.3502 -0.1401 -0.9261
vn 0.0313 0.5706 -0.8207
vn 0.2729 0.5847 -0.7640
vn 0.3523 0.6419 -0.6811
vn 0.0235 0.6416 -0.7667
vn 0.0392 0.7372 -0.6745
vn 0.3044 0.7260 -0.6167
vn -0.0314 0.4470 -0.8940
vn 0.3588 0.6240 -0.6942
vn 0.2417 0.1481 -0.9590
vn 0.0235 0.6666 -0.7450
vn -0.0000 0.6501 -0.7598
vn 0.0312 0.2808 -0.9593
vn 0.0078 -0.1403 -0.9901
vn 0.0078 -0.2644 -0.9644
vn 0.0156 -0.2880 -0.9575
vn 0.0156 0.1796 -0.9836
vn 0.0468 0.1325 -0.9901
vn 0.0932 0.2797 -0.9556
vn -0.1794 0.1794 -0.9673
vn -0.3561 0.6725 -0.6488
vn -0.1412 0.5491 -0.8237
vn -0.2196 0.5803 -0.7842
vn 0.0470 0.4778 -0.8772
vn 0.1562 0.0859 -0.9840
vn 0.0233 -0.3578 -0.9335
vn 0.0078 -0.3967 -0.9179
vn 0.0078 -0.8074 -0.5900
vn -0.0000 -0.9688 -0.2480
vn -0.8271 -0.5593 0.0552
vn -0.9740 0.1821 0.1346
vn -0.9798 0.1896 0.0632
vn -0.8284 -0.5601 -0.0079
vn -0.9818 0.1900 -0.0079
vn -0.1946 -0.9808 -0.0078
vn -0.8263 -0.5587 -0.0708
vn -0.1946 -0.9806 -0.0234
vn -0.9787 0.1894 -0.0789
vn -0.5638 0.8259 -0.0079
vn -0.5544 0.8316 0.0317
vn -0.5569 0.8275 0.0716
vn -0.4214 0.7712 0.4771
vn -0.5541 0.8311 -0.0475
vn 0.1900 0.9818 -0.0079
vn 0.1976 0.9800 -0.0237
vn 0.1899 0.9813 -0.0316
vn 0.2683 0.9074 0.3235
vn 0.2846 0.8697 0.4033
vn -0.3744 0.7409 0.5576
vn 0.5493 -0.8356 -0.0077
vn -0.1946 -0.9808 0.0078
vn -0.8208 -0.5604 0.1105
vn -0.8082 0.1743 0.5626
vn -0.7321 0.1671 0.6604
vn -0.5374 0.8298 0.1502
vn -0.9439 0.1904 0.2697
vn -0.6678 -0.5263 0.5264
vn -0.0859 -0.9133 0.3981
vn -0.1946 -0.9806 0.0234
vn 0.5523 -0.8323 -0.0467
vn 0.9793 -0.2021 -0.0078
vn 0.5526 -0.8328 0.0312
vn 0.9775 -0.2017 0.0621
vn 0.8332 0.5503 0.0550
vn 0.8368 0.5474 -0.0078
vn 0.8294 0.5478 0.1096
vn 0.9705 -0.2019 0.1320
vn 0.5461 -0.8348 0.0702
vn -0.1945 -0.9801 -0.0389
vn 0.1900 0.9817 -0.0079
vn 0.1976 0.9802 0.0079
vn 0.1900 0.9817 0.0159
vn 0.8387 0.5018 -0.2116
vn 0.9645 -0.1867 -0.1867
vn 0.5824 -0.7688 -0.2640
vn 0.2669 0.9027 -0.3375
vn 0.2828 0.8641 -0.4164
vn 0.5218 0.4823 0.7037
vn 0.8069 0.5484 0.2194
vn 0.6343 -0.1801 0.7518
vn 0.1898 0.9807 0.0475
vn 0.8328 0.4904 -0.2568
vn 0.9541 -0.1784 -0.2405
vn 0.5886 -0.7435 -0.3174
vn -0.0542 -0.8670 -0.4954
vn 0.2885 -0.7330 0.6160
vn 0.6905 -0.1883 0.6984
vn 0.3284 -0.7584 0.5630
vn 0.5360 -0.8312 0.1476
vn 0.9428 -0.2026 0.2649
vn -0.1868 -0.9804 -0.0622
vn -0.3366 -0.8453 0.4149
vn -0.3050 -0.8995 0.3129
vn -0.8456 -0.4821 0.2292
vn -0.8516 -0.5125 0.1104
vn -0.9657 0.1583 0.2058
vn -0.9840 0.1667 0.0635
vn -0.9398 0.1895 -0.2843
vn -0.7950 -0.5588 -0.2361
vn -0.6209 0.7561 0.2069
vn -0.6273 0.7146 0.3097
vn -0.5361 0.8278 -0.1656
vn -0.7244 0.1653 -0.6693
vn -0.6008 -0.4994 -0.6242
vn -0.6622 -0.5220 -0.5376
vn -0.0853 -0.9076 -0.4111
vn -0.8010 0.1727 -0.5732
vn -0.8193 -0.5593 -0.1260
vn -0.9718 0.1817 -0.1501
vn -0.4182 0.7654 -0.4892
vn -0.3711 0.7343 -0.5685
vn -0.5562 0.8264 -0.0874
vn 0.2828 0.8641 -0.4163
vn 0.2668 0.9027 -0.3375
vn 0.1974 0.9803 0.0079
vn -0.0160 0.8475 0.5306
vn 0.0238 0.8958 0.4439
vn 0.1821 0.9817 0.0554
vn -0.5234 0.8247 -0.2141
vn -0.9142 0.1812 -0.3625
vn -0.7689 -0.5570 -0.3138
vn -0.1864 -0.9788 -0.0854
vn 0.5123 -0.8383 0.1863
vn 0.9164 -0.2036 0.3446
vn 0.5662 0.5033 0.6527
vn -0.0157 0.8475 0.5306
vn 0.0239 0.8958 0.4439
vn 0.7776 0.5576 0.2906
vn 0.1821 0.9817 0.0555
vn 0.8380 -0.4733 -0.2716
vn 0.3636 -0.7349 -0.5724
vn 0.8162 -0.4275 -0.3887
vn 0.9198 0.1403 -0.3664
vn -0.1630 -0.6286 -0.7605
vn 0.1716 -0.9827 0.0702
vn -0.5004 -0.8288 -0.2502
vn 0.7478 -0.5686 0.3428
vn 0.8936 0.1881 0.4076
vn 0.6270 0.6270 -0.4624
vn 0.6274 0.6980 -0.3451
vn 0.9619 0.1551 -0.2250
vn 0.5246 -0.4776 0.7047
vn 0.1017 0.7265 -0.6796
vn 0.0236 0.8342 -0.5509
vn 0.5032 0.8335 0.2280
vn 0.8705 0.1882 0.4548
vn 0.7335 -0.5619 0.3824
vn 0.1715 -0.9821 0.0779
vn 0.4945 0.8321 0.2512
vn -0.1815 0.9788 -0.0947
vn -0.1738 0.9794 -0.1027
vn -0.4855 -0.8301 -0.2741
vn -0.8831 -0.1971 -0.4258
vn -0.8596 -0.2032 -0.4688
vn -0.7533 0.5472 -0.3648
vn -0.7350 0.5453 -0.4030
vn -0.1816 0.9788 -0.0947
vn -0.3595 0.4142 -0.8362
vn 0.1015 0.7265 -0.6796
vn -0.4947 0.4711 -0.7303
vn -0.2646 -0.7160 -0.6460
vn -0.4454 -0.1485 -0.8829
vn -0.6182 -0.1722 -0.7669
vn -0.9576 -0.1741 0.2295
vn -0.6026 -0.7200 0.3443
vn -0.8921 -0.1500 0.4263
vn -0.5981 -0.6296 0.4958
vn 0.3333 -0.8370 -0.4340
vn 0.0078 -0.8462 0.5328
vn -0.0630 -0.7476 0.6611
vn -0.5477 -0.8295 -0.1095
vn -0.9619 -0.1971 -0.1892
vn -0.7944 0.4132 0.4452
vn -0.8358 0.4776 0.2707
vn 0.1871 -0.9821 0.0234
vn -0.5557 -0.8296 -0.0548
vn 0.4311 -0.4468 0.7839
vn 0.8166 -0.5600 0.1400
vn 0.1871 -0.9823 0.0078
vn 0.5345 0.1415 0.8332
vn 0.6498 0.1566 0.7438
vn 0.3010 0.7053 0.6419
vn -0.3104 0.8438 0.4378
vn 0.2214 0.6405 0.7354
vn 0.8220 -0.5661 0.0620
vn 0.9672 0.1872 0.1716
vn 0.5522 0.8283 0.0947
vn -0.1974 0.9792 -0.0474
vn -0.3422 0.7322 0.5889
vn -0.1975 0.9800 -0.0237
vn 0.5561 0.8302 0.0392
vn 0.5562 0.8307 -0.0235
vn -0.2052 0.9787 -0.0000
vn -0.1976 0.9800 0.0237
vn 0.9794 0.1866 0.0777
vn 0.9816 0.1870 -0.0390
vn 0.5584 0.8258 -0.0787
vn 0.5503 0.8254 -0.1258
vn -0.1899 0.9810 0.0396
vn 0.2188 0.6331 -0.7425
vn -0.3389 0.7253 -0.5992
vn 0.5186 0.1393 -0.8436
vn 0.5188 -0.4724 -0.7125
vn 0.4184 -0.4338 -0.7980
vn 0.8089 -0.5600 -0.1789
vn 0.9579 0.1869 -0.2180
vn 0.8216 -0.5581 -0.1163
vn 0.9724 0.1867 -0.1400
vn 0.8232 -0.5669 -0.0311
vn 0.1870 -0.9819 -0.0311
vn 0.1869 -0.9813 -0.0467
vn -0.0543 -0.7364 -0.6744
vn 0.0078 -0.8391 -0.5439
vn 0.8414 -0.4753 0.2571
vn -0.5993 -0.7160 -0.3580
vn -0.5928 -0.6319 -0.4993
vn -0.5422 -0.8330 0.1100
vn -0.5497 -0.8324 0.0707
vn 0.1871 -0.9822 -0.0156
vn -0.8891 -0.1495 -0.4327
vn -0.9568 -0.2056 0.2056
vn -0.9721 -0.1976 0.1264
vn -0.5565 -0.8308 0.0079
vn -0.9759 -0.1967 -0.0944
vn -0.9800 -0.1976 0.0237
vn -0.8356 0.5491 0.0159
vn -0.8331 0.5475 -0.0793
vn -0.8217 0.5452 -0.1659
vn -0.8288 0.5499 0.1036
vn -0.1976 0.9800 -0.0237
vn -0.3105 0.8438 0.4378
vn 0.0468 0.0546 -0.9974
vn 0.0468 0.0545 -0.9974
vn 0.0467 0.0545 -0.9974
vn -0.8910 0.0239 0.4534
vn -0.7713 0.0239 0.6361
vn -0.7287 0.5149 0.4515
vn -0.9830 0.0238 0.1823
vn -0.8565 0.0238 0.5155
vn -0.7182 0.3112 0.6224
vn -0.7744 0.0237 0.6322
vn -0.7568 0.0239 0.6532
vn -0.8795 0.0238 0.4754
vn -0.9456 -0.3230 -0.0394
vn -0.9815 0.0238 0.1900
vn -0.9831 0.0159 0.1823
vn -0.7523 -0.2851 0.5939
vn -0.9831 0.0159 0.1824
vn -0.8920 -0.4341 0.1263
vn -0.8014 -0.5893 0.1022
vn -0.8314 -0.5255 -0.1804
vn -0.9831 0.0158 0.1824
vn -0.8468 0.3878 0.3641
vn -0.6800 0.5778 0.4513
vn -0.6853 0.5817 0.4382
vn -0.8540 0.3796 0.3558
vn -0.9452 -0.3230 -0.0473
vn -0.8337 -0.5190 -0.1887
vn -0.7674 -0.4984 0.4034
vn -0.7109 -0.5924 0.3791
vn -0.6321 0.6321 0.4481
vn -0.9195 -0.3930 -0.0079
vn -0.8960 0.4440 -0.0000
vn -0.9817 0.0554 0.1821
vn -0.5773 0.8066 0.1265
vn -0.9359 0.3014 0.1824
vn -0.9831 0.0158 0.1823
vn -0.9750 0.0079 0.2220
vn -0.9632 -0.0079 0.2685
vn -0.9802 0.0158 0.1976
vn -0.9829 0.0238 0.1823
vn 0.6331 -0.5315 0.5628
vn 0.1561 -0.8739 0.4604
vn 0.6798 -0.5704 0.4610
vn 0.8864 -0.0079 0.4628
vn 0.6749 -0.5662 -0.4733
vn 0.1549 -0.8676 -0.4725
vn -0.4302 -0.7664 -0.4770
vn -0.4333 -0.7721 0.4648
vn 0.1485 -0.8131 0.5629
vn 0.6275 -0.5268 -0.5733
vn 0.1472 -0.8059 -0.5734
vn 0.1548 -0.8676 -0.4726
vn 0.6749 -0.5662 -0.4732
vn -0.4302 -0.7664 -0.4771
vn -0.3988 -0.7115 -0.5786
vn -0.4024 -0.7179 0.5680
vn -0.8269 -0.3101 0.4691
vn -0.8207 -0.3077 -0.4814
vn -0.7609 -0.2902 -0.5804
vn -0.7678 -0.2929 0.5699
vn -0.8207 -0.3078 -0.4814
vn -0.4333 -0.7721 0.4649
vn -0.8309 0.2956 0.4714
vn -0.7712 0.2783 0.5725
vn -0.8246 0.2934 -0.4837
vn -0.7642 0.2757 -0.5830
vn -0.4069 0.7102 0.5745
vn -0.4387 0.7655 0.4706
vn -0.4353 0.7598 -0.4828
vn -0.4032 0.7037 -0.5850
vn -0.7713 0.2783 0.5725
vn 0.1809 0.9835 -0.0078
vn 0.1504 0.8077 0.5701
vn 0.1581 0.8702 0.4667
vn 0.1570 0.8637 -0.4790
vn 0.1491 0.8004 -0.5807
vn -0.4070 0.7101 0.5745
vn -0.7642 0.2758 -0.5830
vn -0.4353 0.7599 -0.4828
vn -0.4386 0.7656 0.4706
vn 0.1582 0.8701 0.4667
vn 0.1490 0.8004 -0.5807
vn 0.1806 0.9835 -0.0079
vn -0.5004 0.8658 -0.0079
vn -0.9405 0.3398 -0.0079
vn -0.7608 -0.2902 -0.5804
vn -0.9353 -0.3537 -0.0079
vn -0.4936 -0.8697 -0.0078
vn 0.1782 -0.9840 -0.0077
vn 0.6275 -0.5268 -0.5734
vn 0.8799 -0.0078 -0.4750
vn 0.6859 0.5597 0.4651
vn 0.6808 0.5556 -0.4773
vn 0.6326 0.5155 -0.5780
vn 0.8174 -0.0078 -0.5761
vn 0.7663 -0.6424 -0.0077
vn 0.9999 -0.0078 -0.0078
vn 0.7739 0.6332 -0.0078
vn 0.1810 0.9834 -0.0078
vn 0.1491 0.8003 -0.5807
vn 0.1572 0.8636 -0.4790
vn 0.6383 0.5201 0.5674
vn 0.1505 0.8077 0.5701
vn 0.8247 -0.0078 0.5655
vn 0.1493 0.8003 -0.5807
vn 0.1571 0.8636 -0.4790
vn 0.6858 0.5597 0.4651
vn 0.6331 -0.5315 0.5627
vn 0.1782 -0.9840 -0.0078
vn 0.1813 0.9834 -0.0079
vn -0.1750 0.9703 0.1670
vn -0.1589 0.9769 0.1430
vn -0.1747 0.9690 0.1747
vn -0.1588 0.9769 0.1430
vn -0.1265 0.9881 0.0870
vn -0.0476 0.9986 0.0238
vn -0.0947 0.9944 0.0474
vn 0.2298 0.9512 0.2061
vn -0.1033 0.9935 0.0477
vn -0.1342 0.9864 0.0947
vn -0.1736 0.9708 0.1657
vn -0.1111 0.9923 0.0556
vn 0.3863 0.9223 0.0079
vn 0.4901 0.7509 0.4427
vn 0.0635 0.8012 0.5950
vn 0.1110 0.7450 0.6578
vn 0.0079 0.7785 0.6276
vn 0.0079 0.9999 -0.0079
vn 0.4876 0.8729 -0.0157
vn 0.0080 0.7785 0.6276
vn -0.4754 0.8796 -0.0158
vn -0.4779 0.7567 0.4461
vn -0.0953 0.7462 0.6589
vn -0.0477 0.8020 0.5955
vn 0.0079 0.9998 0.0159
vn -0.0397 0.9991 0.0158
vn 0.0555 0.9983 0.0159
vn 0.0633 0.9977 0.0238
vn -0.2148 0.9545 0.2068
vn 0.1103 0.9928 0.0473
vn 0.1889 0.9680 0.1653
vn 0.1903 0.9675 0.1665
vn 0.1742 0.9743 0.1426
vn 0.1743 0.9743 0.1426
vn 0.1496 0.9842 0.0945
vn 0.1420 0.9861 0.0868
vn 0.1190 0.9918 0.0476
vn -0.3727 0.9279 0.0080
vn 0.1268 0.9904 0.0555
vn 0.1901 0.9662 0.1742
vn -0.9997 -0.0079 0.0238
vn -0.9112 -0.0079 0.4120
vn -0.8847 -0.0079 0.4661
vn -0.9980 -0.0079 0.0634
vn -0.9962 -0.0079 0.0870
vn -0.9111 -0.0079 0.4121
vn 0.0076 0.7149 0.6992
vn 0.0080 0.3892 0.9211
vn 0.0079 0.7071 0.7071
vn 0.0079 0.6746 0.7381
vn -0.2226 0.5964 0.7712
vn -0.1505 0.4198 0.8951
vn 0.0079 0.7456 0.6663
vn 0.0079 -0.0079 0.9999
vn 0.8324 0.5497 -0.0707
vn 0.1900 0.9813 -0.0317
vn 0.5914 -0.7471 0.3035
vn 0.9388 -0.2017 -0.2793
vn 0.5347 -0.8292 -0.1627
vn 0.9576 -0.1791 0.2258
vn 0.8361 0.4923 0.2422
vn 0.8381 0.5091 0.1958
vn 0.2847 0.8697 0.4032
vn 0.8279 0.5468 -0.1250
vn 0.9764 -0.2015 -0.0775
vn 0.9684 -0.2014 -0.1472
vn 0.9672 -0.1872 0.1716
vn 0.5454 -0.8338 -0.0857
vn 0.5848 -0.7719 0.2495
vn -0.0546 -0.8736 0.4836
vn -0.9829 0.1665 -0.0792
vn -0.7726 -0.5598 0.2996
vn -0.9193 0.1823 0.3487
vn -0.8500 -0.5116 -0.1259
vn -0.9625 0.1578 -0.2209
vn -0.8425 -0.4803 -0.2441
vn -0.7978 -0.5608 0.2212
vn -0.6067 -0.5042 0.6146
vn -0.1867 -0.9799 0.0700
vn -0.3035 -0.8950 -0.3269
vn -0.3344 -0.8398 -0.4277
vn -0.1869 -0.9813 0.0467
vn 0.5108 -0.8358 -0.2012
vn 0.3255 -0.7518 -0.5735
vn 0.2857 -0.7260 -0.6256
vn 0.6269 -0.1780 -0.7585
vn 0.8041 0.5464 -0.2342
vn 0.9114 -0.2025 -0.3583
vn 0.6830 -0.1863 -0.7063
vn 0.5604 0.4982 -0.6616
vn 0.5160 0.4770 -0.7115
vn 0.7739 0.5550 -0.3049
vn 0.1897 0.9798 -0.0632
vn -0.0157 0.8403 -0.5419
vn 0.0237 0.8894 -0.4565
vn 0.1821 0.9807 -0.0712
vn -0.0311 -0.9861 -0.1631
vn 0.2024 -0.9732 0.1090
vn -0.0931 -0.9932 -0.0698
vn 0.0940 -0.9397 0.3289
vn 0.6223 -0.7001 0.3501
vn 0.1804 -0.7373 0.6510
vn 0.6478 -0.7095 -0.2776
vn 0.2718 -0.9553 -0.1165
vn -0.1249 -0.9911 0.0468
vn 0.0234 -0.9997 -0.0078
vn 0.0156 -0.9998 -0.0078
vn 0.0623 -0.9961 -0.0623
vn -0.0777 -0.9939 0.0777
vn -0.5108 -0.6915 0.5108
vn 0.2705 -0.7110 -0.6491
vn 0.1162 -0.9532 -0.2790
vn -0.1092 -0.9829 0.1482
vn -0.2509 -0.9014 0.3528
vn 0.1246 -0.9811 0.1479
vn 0.0623 -0.9970 0.0467
vn -0.0468 -0.9911 0.1249
vn -0.0776 -0.9926 -0.0930
vn -0.5067 -0.6860 -0.5223
vn -0.2508 -0.9015 0.3528
vn 0.2654 -0.8979 0.3513
vn 0.1246 -0.9811 0.1480
vn 0.3184 -0.9474 0.0311
vn 0.3644 -0.9304 0.0388
vn -0.3507 -0.9357 0.0390
vn -0.3043 -0.9521 0.0312
vn 0.3184 -0.9475 0.0311
vn 0.2654 -0.8978 0.3513
vn 0.2111 -0.5865 0.7820
vn 0.2658 -0.7269 0.6332
vn -0.1961 -0.5883 0.7845
vn -0.2511 -0.7299 0.6358
vn -0.3508 -0.9356 0.0390
vn -0.3044 -0.9520 0.0312
vn 0.0078 -0.7187 0.6953
vn -0.2510 -0.7299 0.6358
vn -0.1960 -0.5883 0.7845
vn 0.2111 -0.5864 0.7820
vn -0.9540 -0.1735 -0.2444
vn -0.5004 0.4766 0.7228
vn -0.6257 -0.1742 0.7603
vn -0.7577 0.5503 0.3509
vn -0.1740 0.9809 0.0870
vn -0.1818 0.9801 0.0791
vn -0.3642 0.4197 0.8314
vn 0.1026 0.7342 0.6711
vn -0.4516 -0.1505 0.8794
vn -0.2673 -0.7232 0.6368
vn -0.8890 -0.1984 0.4128
vn -0.5024 -0.8319 0.2355
vn 0.3668 -0.7414 0.5619
vn -0.1649 -0.6360 0.7539
vn 0.3355 -0.8426 0.4213
vn 0.1714 -0.9815 -0.0857
vn 0.7438 -0.5655 -0.3564
vn 0.8211 -0.4301 0.3753
vn 0.2981 0.6981 -0.6510
vn 0.6423 0.1548 -0.7507
vn 0.9652 0.1557 0.2102
vn 0.9250 0.1411 0.3528
vn 0.8878 0.1869 -0.4205
vn 0.6308 0.7018 0.3312
vn 0.4925 0.8287 -0.2658
vn -0.1818 0.9802 0.0790
vn 0.5014 0.8304 -0.2429
vn 0.8642 0.1869 -0.4671
vn 0.6315 0.6315 0.4499
vn 0.1027 0.7343 0.6711
vn 0.0238 0.8415 0.5397
vn -0.3082 0.8378 -0.4506
vn 0.7291 -0.5585 -0.3956
vn 0.1712 -0.9808 -0.0934
vn -0.4876 -0.8336 0.2595
vn -0.8658 -0.2047 0.4565
vn -0.7396 0.5487 0.3897
vn 0.3735 -0.8015 0.4669
vn 0.3259 -0.9312 0.1630
vn 0.4913 -0.8345 0.2496
vn 0.8243 -0.5288 -0.2022
vn 0.5221 -0.8027 0.2883
vn 0.2885 -0.9512 0.1092
vn 0.2730 -0.9517 0.1404
vn 0.4817 -0.8002 0.3574
vn 0.2496 -0.9516 0.1794
vn 0.4289 -0.8032 0.4133
vn 0.2331 -0.9478 0.2175
vn 0.2023 -0.9492 0.2412
vn 0.3248 -0.5955 -0.7347
vn 0.3040 0.5691 -0.7640
vn 0.4651 0.8593 -0.2129
vn -0.4593 0.8710 -0.1743
vn -0.5605 0.6238 -0.5447
vn -0.8218 -0.5479 -0.1565
vn -0.5704 -0.6329 -0.5235
vn 0.8256 -0.5296 -0.1947
vn 0.0390 -0.9973 -0.0623
vn 0.1701 -0.5801 -0.7966
vn 0.1789 -0.9334 -0.3111
vn -0.1636 -0.9813 -0.1012
vn -0.4662 -0.8393 -0.2798
vn 0.3037 -0.9502 0.0701
vn 0.5592 -0.8000 0.2175
vn 0.5808 -0.7976 -0.1626
vn 0.3416 -0.9316 0.1242
vn 0.3034 -0.9490 -0.0856
vn 0.5966 -0.7980 -0.0852
vn 0.3112 -0.9492 -0.0467
vn 0.6037 -0.7972 -0.0077
vn 0.3115 -0.9502 -0.0078
vn 0.3114 -0.9498 0.0311
vn 0.5822 -0.7996 0.1475
vn 0.5973 -0.7990 0.0698
vn -0.3201 -0.9448 0.0703
vn 0.1714 -0.9815 0.0857
vn -0.5872 -0.8064 0.0705
vn -0.5724 -0.8077 0.1411
vn -0.1953 -0.9372 0.2890
vn 0.2486 -0.9401 0.2331
vn 0.4743 -0.8397 0.2644
vn 0.4745 -0.8635 0.1711
vn -0.2910 -0.8573 0.4247
vn 0.3345 -0.8868 0.3189
vn 0.7148 -0.0077 -0.6993
vn 0.5053 -0.0078 -0.8629
vn 0.9502 -0.0078 -0.3115
vn 0.9999 -0.0156 -0.0000
vn 0.4441 -0.0078 -0.8960
vn -0.2499 -0.0078 -0.9682
vn 0.4347 -0.0078 -0.9005
vn 0.0078 -0.0078 -0.9999
vn -0.4314 -0.0078 -0.9021
vn -0.4220 -0.0078 -0.9065
vn 0.2644 -0.0078 -0.9644
vn -0.9962 -0.0079 0.0869
vn -0.9980 -0.0079 0.0633
vn -0.9517 -0.0079 -0.3068
vn -0.9995 -0.0079 0.0317
vn -0.9518 -0.0079 -0.3067
vn -0.7071 -0.0079 -0.7071
vn -0.4936 -0.0078 -0.8697
vn 0.6834 -0.0077 -0.7300
vn 0.9398 -0.0078 -0.3417
vn 0.6914 -0.0077 -0.7225
vn 0.9576 -0.0078 -0.2881
vn 0.9921 -0.0078 0.1250
vn 0.4410 -0.0077 -0.8975
vn 0.4565 -0.0077 -0.8897
vn -0.4441 -0.0078 -0.8960
vn -0.4284 -0.0078 -0.9035
vn 0.2716 -0.0078 -0.9624
vn 0.5111 -0.0078 -0.8595
vn 0.5202 -0.0077 -0.8540
vn -0.2898 0.5718 -0.7675
vn -0.8231 -0.5331 -0.1960
vn -0.4527 0.8655 -0.2144
vn 0.4783 -0.8332 -0.2777
vn 0.1786 -0.9787 -0.1010
vn 0.8268 -0.5409 -0.1545
vn 0.5808 -0.6273 -0.5188
vn 0.5765 0.6154 -0.5375
vn -0.3124 -0.5934 -0.7418
vn -0.3119 -0.9359 0.1638
vn -0.4794 -0.8408 0.2515
vn -0.3600 -0.8061 0.4696
vn -0.1801 -0.9552 0.2349
vn -0.4161 -0.8085 0.4161
vn -0.2037 -0.9559 0.2116
vn -0.2349 -0.9552 0.1801
vn -0.4696 -0.8061 0.3600
vn -0.2585 -0.9557 0.1410
vn -0.2741 -0.9554 0.1096
vn -0.2895 -0.9546 0.0704
vn -0.2972 -0.9543 0.0313
vn -0.5718 -0.8068 0.1488
vn -0.5106 -0.8092 0.2907
vn -0.5484 -0.8069 0.2194
vn -0.2974 -0.9547 -0.0078
vn -0.5937 -0.8046 -0.0078
vn -0.2418 -0.9436 0.2262
vn -0.3292 -0.8934 0.3056
vn -0.0234 -0.9978 -0.0624
vn -0.3291 -0.8934 0.3056
vn 0.6724 -0.6492 -0.3555
vn -0.1550 -0.5815 -0.7986
vn 0.8255 -0.5555 -0.1003
vn 0.6730 0.6417 -0.3678
vn -0.1335 0.5497 -0.8246
vn -0.8205 -0.5365 -0.1972
vn -0.1638 -0.9359 -0.3119
vn 0.9252 0.3109 -0.2177
vn -0.5679 0.7809 -0.2601
vn 0.7071 -0.0078 -0.7071
vn 0.7225 -0.0077 -0.6914
vn 0.9644 -0.0078 -0.2644
vn 0.9995 -0.0078 0.0312
vn 0.4190 -0.0077 -0.9079
vn -0.4061 -0.0078 -0.9138
vn 0.2572 -0.0078 -0.9663
vn 0.4961 -0.0077 -0.8682
vn 0.5111 -0.0077 -0.8595
vn 0.4723 0.8658 -0.1653
vn 0.9251 0.3110 -0.2177
vn -0.5680 0.7808 -0.2603
vn -0.1335 0.5498 -0.8246
vn -0.0000 -1.0000 -0.0078
vn -0.0078 -0.9999 -0.0078
vn 0.0079 -0.7226 0.6912
vn 0.0078 -0.7188 0.6952
vn -0.2512 -0.7299 0.6357
vn -0.1961 -0.5885 0.7843
vn 0.2112 -0.5865 0.7819
vn 0.2656 -0.7271 0.6331
vn 0.0079 0.3891 0.9212
vn 0.0080 0.7151 0.6989
vn 0.0078 -0.7226 0.6912
vn -0.9919 -0.0079 0.1270
vn -0.9563 -0.0079 -0.2924
vn -0.9379 -0.0079 -0.3468
vn -0.6832 -0.0078 -0.7302
vn -0.6750 -0.0079 -0.7378
vn -0.5087 -0.0078 -0.8609
vn -0.4995 -0.0078 -0.8663
vn -0.2572 -0.0078 -0.9663
vn -0.9633 -0.0079 -0.2685
vn -0.7149 -0.0078 -0.6992
vn -0.6992 -0.0078 -0.7149
vn -0.4843 -0.0078 -0.8749
vn -0.2425 -0.0078 -0.9701
vn -0.1245 -0.9341 0.3347
vn -0.0625 -0.9370 0.3436
vn 0.0934 -0.9732 -0.2102
vn 0.0388 -0.9717 -0.2332
vn 0.0702 -0.9366 0.3434
vn -0.0233 -0.9721 -0.2333
vn -0.0778 -0.9729 -0.2179
vn -0.0544 -0.8703 -0.4895
vn 0.0776 -0.8690 -0.4888
vn 0.2018 -0.8697 -0.4504
vn 0.1476 -0.9713 -0.1865
vn -0.2191 -0.9388 0.2660
vn -0.0859 -0.9840 0.1562
vn 0.0078 -0.9823 0.1871
vn 0.0623 -0.9190 0.3894
vn 0.3021 -0.8676 -0.3951
vn 0.1942 -0.9710 -0.1398
vn -0.2664 -0.9403 0.2116
vn -0.1563 -0.9846 0.0782
vn 0.3254 -0.7747 -0.5422
vn 0.5577 -0.7669 -0.3176
vn 0.2719 -0.8544 -0.4428
vn 0.4478 -0.8571 -0.2548
vn 0.2176 -0.9716 -0.0933
vn -0.3353 -0.9358 0.1092
vn -0.4596 -0.8881 -0.0078
vn -0.4071 -0.8847 0.2271
vn 0.5202 -0.8540 -0.0078
vn 0.6341 -0.7732 -0.0077
vn -0.1871 -0.9823 -0.0078
vn -0.3438 -0.9375 0.0547
vn 0.2332 -0.9717 -0.0389
vn -0.1560 -0.9825 -0.1014
vn 0.5449 -0.7785 0.3114
vn 0.4446 -0.8580 0.2574
vn -0.3890 -0.8869 -0.2490
vn -0.5886 -0.8084 -0.0078
vn -0.5118 -0.8110 0.2835
vn -0.0779 -0.9821 -0.1715
vn 0.3203 -0.7735 0.5469
vn 0.2566 -0.8629 0.4353
vn -0.2343 -0.8903 0.3905
vn -0.2990 -0.8105 0.5036
vn -0.5012 -0.8066 -0.3133
vn -0.2256 -0.8790 -0.4200
vn -0.5496 -0.7773 0.3062
vn -0.5087 -0.8609 -0.0078
vn -0.4371 -0.8663 0.2419
vn -0.2592 -0.8638 0.4320
vn 0.2474 -0.8815 -0.4021
vn 0.0077 -0.8817 -0.4718
vn 0.0078 -0.8009 -0.5987
vn -0.2812 -0.8044 -0.5233
vn 0.3107 -0.8003 -0.5128
vn 0.4185 -0.8758 -0.2403
vn 0.4718 -0.8817 -0.0078
vn -0.4301 -0.8603 -0.2737
vn -0.5312 -0.7811 -0.3281
vn -0.3036 -0.7706 -0.5604
vn 0.0936 -0.9833 0.1561
vn 0.4036 -0.8848 0.2328
vn 0.5152 -0.8041 0.2966
vn 0.5987 -0.8009 -0.0078
vn 0.5209 -0.8009 -0.2954
vn 0.0078 -0.8084 0.5886
vn 0.2978 -0.8073 0.5095
vn 0.2418 -0.8815 0.4056
vn -0.2403 -0.8603 -0.4495
vn 0.0078 -0.8540 -0.5202
vn 0.0077 -0.7732 -0.6341
vn 0.0078 -0.8881 0.4596
vn 0.1245 -0.9341 0.3347
vn 0.2265 -0.9371 0.2655
vn -0.6247 -0.7808 -0.0078
vn 0.2804 -0.9348 0.2181
vn 0.3484 -0.9291 0.1239
vn 0.3573 -0.9319 0.0621
vn -0.1953 -0.9763 -0.0937
vn -0.1714 -0.9740 -0.1481
vn -0.1245 -0.9729 -0.1946
vn -0.1712 -0.8717 -0.4592
vn 0.1180 -0.5742 0.8102
vn 0.3143 -0.5658 0.7623
vn 0.1488 -0.9239 0.3524
vn -0.2808 -0.8735 -0.3977
vn -0.3819 -0.8728 -0.3039
vn -0.4379 -0.8757 -0.2033
vn 0.3659 -0.9188 0.1480
vn -0.2184 -0.9751 -0.0390
vn -0.4769 -0.8755 -0.0781
vn 0.4027 -0.9137 0.0542
vn 0.7636 -0.5610 0.3195
vn 0.3261 -0.9162 0.2329
vn 0.2481 -0.9151 0.3179
vn 0.4985 -0.5686 0.6543
vn 0.0854 -0.9788 0.1864
vn 0.6613 -0.5679 0.4901
vn 0.1633 -0.9797 0.1166
vn 0.2015 -0.9764 0.0775
vn 0.8155 -0.5669 0.1165
vn 0.4025 -0.9133 -0.0619
vn -0.4776 -0.8769 0.0548
vn 0.2475 -0.9128 -0.3249
vn -0.2897 -0.8769 0.3836
vn 0.1631 -0.9166 -0.3651
vn -0.3845 -0.8788 0.2825
vn 0.3318 -0.9105 -0.2469
vn 0.3659 -0.9188 -0.1479
vn 0.7687 -0.5591 -0.3106
vn 0.8155 -0.5669 -0.1165
vn 0.2020 -0.9791 0.0233
vn 0.3334 -0.5582 -0.7598
vn 0.5018 -0.5636 -0.6562
vn 0.6631 -0.5629 -0.4934
vn 0.2014 -0.9758 -0.0852
vn 0.2020 -0.9789 -0.0311
vn -0.5318 -0.8446 0.0626
vn -0.5344 -0.8408 -0.0864
vn -0.4909 -0.8414 -0.2259
vn -0.8246 -0.5497 -0.1335
vn -0.7631 -0.5507 -0.3383
vn -0.4277 -0.8398 -0.3344
vn -0.4829 -0.8722 -0.0779
vn -0.4867 -0.8713 0.0628
vn -0.4527 -0.8664 -0.2107
vn -0.6549 -0.5535 -0.5145
vn -0.4914 -0.5460 -0.6786
vn -0.3192 -0.8331 -0.4516
vn -0.3043 -0.5463 -0.7804
vn -0.1938 -0.8371 -0.5116
vn -0.0621 -0.8375 -0.5428
vn -0.4774 -0.8765 0.0626
vn -0.4768 -0.8755 -0.0782
vn -0.3902 -0.8662 -0.3121
vn -0.8730 -0.2989 -0.3854
vn -0.2870 -0.8688 -0.4034
vn -0.1787 -0.8623 -0.4739
vn -0.1007 -0.5501 -0.8290
vn 0.1318 -0.5427 -0.8295
vn 0.0776 -0.8689 -0.4888
vn 0.3801 -0.2948 -0.8767
vn 0.2019 -0.8697 -0.4504
vn 0.0773 -0.8657 -0.4946
vn -0.0622 -0.8699 -0.4893
vn -0.0623 -0.8646 -0.4985
vn -0.2871 -0.8688 -0.4034
vn -0.5617 -0.2965 -0.7724
vn -0.7523 -0.2978 -0.5877
vn 0.1470 -0.2941 -0.9444
vn -0.1166 -0.2954 -0.9482
vn -0.3439 -0.2969 -0.8908
vn -0.5849 -0.0078 -0.8111
vn -0.3605 -0.0078 -0.9327
vn -0.1250 -0.0078 -0.9921
vn 0.1555 -0.0078 -0.9878
vn 0.3967 -0.0078 -0.9179
vn 0.5808 -0.2943 -0.7590
vn 0.6037 -0.0077 -0.7972
vn 0.7656 -0.2939 -0.5723
vn 0.7766 -0.5436 -0.3184
vn 0.6733 -0.5418 -0.5031
vn 0.4725 -0.8598 -0.1936
vn 0.4016 -0.8649 -0.3012
vn 0.4579 -0.8693 -0.1863
vn 0.4016 -0.8649 -0.3011
vn 0.8860 -0.2953 -0.3575
vn 0.3102 -0.8609 -0.4033
vn 0.2092 -0.8602 -0.4650
vn 0.5093 -0.5479 -0.6637
vn 0.3341 -0.5441 -0.7696
vn 0.3321 -0.8342 -0.4403
vn -0.1482 -0.9829 0.1092
vn 0.4493 -0.8289 -0.3331
vn 0.0857 -0.8338 -0.5454
vn 0.2242 -0.8350 -0.5025
vn -0.1169 -0.9820 0.1481
vn -0.4952 -0.5737 0.6524
vn -0.6594 -0.5730 0.4867
vn -0.2341 -0.9207 0.3121
vn -0.3191 -0.9185 0.2335
vn -0.3233 -0.5678 0.7570
vn -0.0777 -0.9794 0.1866
vn -0.0234 -0.9821 0.1871
vn -0.1180 -0.5742 0.8102
vn 0.4579 -0.8693 -0.1862
vn 0.3960 -0.8696 -0.2950
vn -0.1488 -0.9240 0.3524
vn -0.0545 -0.9194 0.3896
vn 0.0312 -0.9819 0.1870
vn -0.1337 -0.8491 0.5110
vn -0.0628 -0.8481 0.5262
vn -0.0628 -0.8481 0.5261
vn -0.1957 -0.8609 0.4696
vn -0.2272 -0.8694 0.4387
vn -0.2272 -0.8695 0.4387
vn 0.2266 -0.8359 0.5000
vn 0.2028 -0.8424 0.4992
vn 0.2265 -0.8359 0.5000
vn 0.1490 -0.8472 0.5099
vn 0.0784 -0.8472 0.5255
vn 0.0784 -0.8471 0.5256
vn 0.1402 -0.9738 0.1792
vn -0.2650 -0.9354 -0.2339
vn 0.1869 -0.9734 0.1324
vn 0.2105 -0.9745 0.0780
vn -0.3340 -0.9321 -0.1398
vn 0.2968 -0.8749 0.3828
vn 0.3969 -0.8715 0.2879
vn 0.4517 -0.8724 0.1869
vn 0.2333 -0.9721 0.0233
vn -0.3432 -0.9360 -0.0780
vn -0.2107 -0.9363 -0.2809
vn -0.1327 -0.9208 -0.3668
vn -0.2323 -0.9139 -0.3330
vn -0.2965 -0.5617 -0.7724
vn -0.3110 -0.9173 -0.2487
vn -0.3515 -0.9217 -0.1640
vn 0.4893 -0.8699 0.0621
vn 0.4891 -0.8694 -0.0699
vn -0.3897 -0.9197 0.0468
vn -0.3892 -0.9185 -0.0700
vn -0.8086 -0.5731 -0.1334
vn -0.7531 -0.5648 -0.3373
vn -0.6473 -0.5693 -0.5069
vn -0.4817 -0.5671 -0.6681
vn -0.1090 -0.9805 -0.1634
vn -0.0698 -0.9770 -0.2016
vn 0.2103 -0.8410 0.4984
vn -0.1863 -0.9781 -0.0932
vn -0.1478 -0.9801 -0.1322
vn 0.4425 -0.8384 0.3183
vn 0.3354 -0.8347 0.4368
vn 0.5083 -0.5474 0.6648
vn 0.3223 -0.5502 0.7703
vn 0.1950 -0.8660 0.4604
vn 0.5042 -0.8378 0.2095
vn -0.1870 -0.9816 -0.0390
vn 0.4517 -0.8723 0.1870
vn 0.4052 -0.8650 0.2961
vn 0.4664 -0.8629 0.1944
vn 0.6688 -0.5522 0.4977
vn 0.7735 -0.5469 0.3203
vn 0.5423 -0.8366 -0.0774
vn 0.8311 -0.5437 0.1165
vn 0.8276 -0.5492 -0.1160
vn 0.4980 -0.8637 -0.0778
vn 0.4952 -0.8666 0.0619
vn 0.4888 -0.8689 -0.0776
vn 0.3030 -0.8702 0.3885
vn 0.8818 -0.2965 0.3668
vn 0.9464 -0.2948 0.1319
vn 0.9464 -0.2948 -0.1319
vn 0.8037 -0.0077 -0.5950
vn 0.9274 -0.0078 -0.3741
vn 0.9901 -0.0078 -0.1403
vn 0.9901 -0.0078 0.1403
vn 0.9235 -0.0078 0.3835
vn 0.7658 -0.2969 0.5704
vn 0.8046 -0.0078 0.5937
vn 0.5791 -0.2974 0.7591
vn 0.6025 -0.0078 0.7981
vn 0.3625 -0.2994 0.8826
vn 0.3795 -0.0079 0.9252
vn 0.1338 -0.2991 0.9448
vn 0.1425 -0.0079 0.9898
vn -0.1338 -0.2992 0.9448
vn -0.1425 -0.0079 0.9898
vn -0.3719 -0.3007 0.8782
vn -0.0626 -0.8765 0.4774
vn 0.0781 -0.8755 0.4769
vn 0.1876 -0.8754 0.4455
vn -0.1882 -0.8784 0.4392
vn -0.0624 -0.8732 0.4834
vn 0.0784 -0.8704 0.4861
vn 0.1175 -0.5563 0.8227
vn -0.1180 -0.5508 0.8262
vn -0.1958 -0.8691 0.4542
vn -0.2980 -0.8703 0.3921
vn -0.3903 -0.8742 0.2888
vn -0.5029 -0.5579 0.6602
vn -0.3243 -0.5535 0.7671
vn -0.0708 -0.8419 0.5350
vn 0.0781 -0.8436 0.5312
vn -0.0156 -0.9792 -0.2021
vn 0.0388 -0.9786 -0.2019
vn -0.2111 -0.8443 0.4925
vn -0.3205 -0.8441 0.4299
vn -0.6700 -0.5518 0.4966
vn -0.7742 -0.5529 0.3081
vn -0.4391 -0.8390 0.3215
vn -0.4617 -0.8686 0.1800
vn -0.8241 -0.5572 0.1020
vn -0.4468 -0.8779 0.1724
vn -0.5000 -0.8437 0.1953
vn 0.1631 -0.9787 -0.1243
vn 0.1319 -0.9778 -0.1630
vn 0.0929 -0.9751 -0.2012
vn 0.1318 -0.5659 -0.8139
vn -0.1011 -0.5679 -0.8169
vn -0.0465 -0.9141 -0.4028
vn 0.1876 -0.8754 0.4456
vn 0.0704 -0.8760 0.4771
vn 0.0696 -0.9129 -0.4023
vn 0.0936 -0.9747 0.2028
vn 0.0390 -0.9751 0.2184
vn -0.0234 -0.9756 0.2185
vn -0.0782 -0.9776 0.1955
vn 0.1391 -0.9272 -0.3477
vn 0.2326 -0.9315 -0.2797
vn 0.0776 -0.9309 -0.3569
vn -0.0544 -0.9324 -0.3574
vn -0.1086 -0.9308 -0.3490
vn 0.0078 -0.9793 -0.2021
vn 0.0078 -0.8609 0.5087
vn 0.0078 -0.7808 0.6247
vn 0.1011 -0.9801 -0.1711
vn -0.3140 -0.7851 0.5339
vn 0.2021 -0.9793 -0.0078
vn 0.3571 -0.9315 -0.0699
vn 0.3484 -0.9291 -0.1239
vn 0.2799 -0.9332 -0.2255
vn -0.2185 -0.9756 0.0234
vn -0.2030 -0.9761 0.0781
vn -0.1796 -0.9758 0.1249
vn -0.1328 -0.9761 0.1718
vn -0.8116 -0.5752 0.1024
vn -0.7660 -0.5685 0.3001
vn -0.1871 -0.9822 0.0156
vn 0.5100 -0.8345 -0.2086
vn -0.3531 -0.9260 0.1334
vn -0.3892 -0.9185 -0.0701
vn -0.0780 -0.9821 -0.1715
vn -0.1086 -0.9308 -0.3491
vn 0.0776 -0.9310 -0.3568
vn 0.2325 -0.9315 -0.2797
vn -0.1795 -0.9758 0.1249
vn -0.8086 -0.5731 -0.1335
vn -0.1863 -0.9781 -0.0931
vn 0.5042 -0.8378 0.2094
vn -0.1870 -0.9816 -0.0389
vn 0.6688 -0.5522 0.4978
vn 0.5423 -0.8366 -0.0775
vn 0.4052 -0.8649 0.2961
vn 0.8277 -0.5491 -0.1160
vn 0.9464 -0.2948 -0.1318
vn 0.5093 -0.5479 -0.6636
vn 0.3342 -0.5441 -0.7696
vn 0.2093 -0.8602 -0.4650
vn 0.0773 -0.8656 -0.4947
vn 0.3802 -0.2948 -0.8767
vn 0.6037 -0.0078 -0.7972
vn 0.1471 -0.2942 -0.9444
vn -0.1166 -0.2953 -0.9483
vn -0.3438 -0.2969 -0.8909
vn -0.5618 -0.2964 -0.7724
vn -0.9427 -0.2985 -0.1493
vn -0.9466 -0.2998 0.1183
vn -0.8876 -0.3011 0.3487
vn -0.4828 -0.8722 -0.0779
vn -0.7659 -0.3001 0.5686
vn -0.6013 -0.0079 0.7990
vn -0.8056 -0.0079 0.5924
vn -0.9306 -0.0079 0.3659
vn -0.9874 -0.0079 -0.1580
vn -0.9154 -0.0079 -0.4025
vn -0.7914 -0.0078 -0.6112
vn 0.5209 -0.8008 -0.2955
vn 0.0077 -0.8540 -0.5202
vn 0.0077 -0.7733 -0.6340
vn 0.4718 -0.8817 -0.0077
vn 0.4185 -0.8759 -0.2403
vn 0.0077 -0.8009 -0.5987
vn -0.4370 -0.8663 0.2419
vn -0.2593 -0.8639 0.4318
vn -0.2256 -0.8790 -0.4201
vn -0.4071 -0.8847 0.2270
vn -0.1563 -0.9846 0.0781
vn -0.3437 -0.9375 0.0547
vn 0.3253 -0.7748 -0.5421
vn -0.1714 -0.9740 -0.1480
vn 0.1488 -0.9240 0.3524
vn 0.2482 -0.9151 0.3179
vn 0.0855 -0.9787 0.1864
vn -0.0777 -0.9794 0.1865
vn -0.2341 -0.9208 0.3121
vn 0.3021 -0.8676 -0.3950
vn -0.0620 -0.8376 -0.5428
vn -0.3044 -0.5463 -0.7804
vn -0.4468 -0.8778 0.1725
vn -0.3242 -0.5536 0.7671
vn 0.0389 -0.9786 -0.2020
vn 0.0781 -0.8437 0.5312
vn 0.3660 -0.9188 -0.1479
vn -0.3845 -0.8789 0.2825
vn 0.1318 -0.5658 -0.8139
vn -0.4769 -0.8755 -0.0782
vn -0.4468 -0.8779 0.1725
vn 0.3660 -0.9188 0.1479
vn 0.3571 -0.9315 -0.0698
vn 0.2103 -0.8411 0.4984
vn -0.0155 -0.9792 -0.2021
vn 0.1951 -0.8661 0.4603
vn 0.0782 -0.8755 0.4768
vn -0.1339 -0.2992 0.9448
vn 0.1338 -0.2992 0.9448
vn 0.3795 -0.0079 0.9251
vn -0.3891 -0.0080 0.9212
vn -0.5773 -0.3005 0.7592
vn 0.8912 -0.0078 0.4535
vn 0.3068 -0.0079 0.9517
vn 0.8819 -0.0546 0.4683
vn 0.8642 -0.4672 0.1868
vn 0.2952 -0.9554 -0.0077
vn 0.8629 -0.5053 -0.0078
vn 0.2953 -0.8860 0.3575
vn 0.8675 -0.3595 0.3439
vn 0.2982 -0.6827 0.6671
vn 0.8678 -0.2033 0.4535
vn 0.2977 -0.3760 0.8775
vn 0.3075 -0.1025 0.9460
vn -0.2924 -0.0079 0.9563
vn 0.8616 -0.4658 -0.2019
vn -0.2838 -0.6859 0.6701
vn -0.2811 -0.8900 0.3591
vn -0.2833 -0.3778 0.8815
vn -0.2931 -0.1030 0.9505
vn -0.8638 -0.2061 0.4597
vn -0.8783 -0.0554 0.4748
vn -0.8575 -0.2046 -0.4720
vn -0.8717 -0.0550 -0.4869
vn -0.8635 -0.3644 0.3486
vn -0.8587 -0.3624 -0.3624
vn -0.2808 -0.6786 -0.6787
vn -0.2794 -0.3726 -0.8849
vn 0.2951 -0.6756 -0.6756
vn 0.2937 -0.8810 -0.3709
vn -0.2795 -0.8849 -0.3726
vn -0.8575 -0.4720 -0.2045
vn -0.8602 -0.4735 0.1894
vn 0.8627 -0.3575 -0.3576
vn -0.2809 -0.9597 -0.0078
vn -0.8588 -0.5122 -0.0079
vn 0.2937 -0.3709 -0.8810
vn 0.8616 -0.2018 -0.4658
vn 0.3029 -0.1010 -0.9476
vn -0.2887 -0.1014 -0.9520
vn 0.3022 -0.0078 -0.9532
vn -0.2881 -0.0078 -0.9576
vn -0.8815 -0.0079 -0.4722
vn 0.8754 -0.0542 -0.4803
vn 0.8849 -0.0078 -0.4657
vn -0.8880 -0.0079 0.4598
vn 0.2977 -0.3761 0.8775
vn 0.8678 -0.2033 0.4534
vn 0.2982 -0.6827 0.6670
vn 0.8642 -0.4672 0.1869
vn 0.8616 -0.4658 -0.2018
vn 0.8913 -0.0078 0.4534
vn 0.3068 -0.0078 0.9518
vn -0.8589 -0.5121 -0.0079
vn -0.2808 -0.6787 -0.6786
vn 0.2950 -0.6756 -0.6756
vn 0.8627 -0.3575 -0.3577
vn 0.8616 -0.2018 -0.4657
vn 0.3029 -0.1010 -0.9477
vn 0.3022 -0.0077 -0.9532
vn 0.8849 -0.0077 -0.4657
vn 0.7591 -0.2817 0.5869
vn 0.7186 -0.5857 0.3749
vn 0.7737 -0.4924 0.3986
vn 0.7257 0.3077 0.6153
vn 0.8991 0.4378 -0.0000
vn 0.6416 0.6258 0.4436
vn 0.9219 -0.3873 -0.0077
vn 0.9469 -0.3182 -0.0466
vn 0.6888 0.5714 0.4462
vn 0.8383 -0.5123 -0.1863
vn 0.8607 0.0235 0.5086
vn 0.7806 0.0234 0.6245
vn 0.7775 0.0236 0.6284
vn 0.9472 -0.3183 -0.0388
vn 0.8362 -0.5187 -0.1781
vn 0.8582 0.3745 0.3511
vn 0.6936 0.5754 0.4335
vn 0.8512 0.3827 0.3592
vn 0.7360 0.5090 0.4463
vn 0.9835 0.0234 0.1795
vn 0.9836 0.0156 0.1795
vn 0.9378 0.2970 0.1797
vn 0.5877 0.7993 0.1254
vn 0.9823 0.0546 0.1793
vn 0.9641 0.0233 0.2644
vn 0.9737 0.0311 0.2259
vn 0.9389 -0.0078 0.3442
vn 0.9816 0.0390 0.1870
vn 0.9836 0.0156 0.1796
vn 0.8070 -0.5819 0.1009
vn 0.8951 -0.4281 0.1246
vn 0.8942 0.0235 0.4471
vn 0.7635 0.0236 0.6454
vn 0.8829 0.0235 0.4689
vn 0.9821 0.0234 0.1871
vn 0.0857 -0.9815 -0.1714
vn 0.2564 -0.9634 -0.0777
vn 0.3348 -0.9422 -0.0078
vn 0.3581 -0.9264 -0.1168
vn -0.4156 -0.9095 -0.0078
vn -0.7637 -0.6456 -0.0079
vn -0.7637 -0.6455 -0.0079
vn -0.2565 -0.9640 -0.0700
vn -0.3510 -0.9280 -0.1248
vn 0.3348 -0.9423 -0.0078
vn 0.2027 -0.9358 -0.2885
vn -0.2023 -0.9336 -0.2957
vn 0.6449 0.7000 0.3067
vn 0.6432 0.4705 0.6040
vn 0.5515 0.6460 0.5278
vn 0.6915 0.5108 0.5108
vn 0.5533 0.6955 0.4584
vn 0.6548 0.6075 0.4497
vn 0.5832 0.7487 0.3152
vn 0.6611 0.6847 0.3069
vn 0.6285 0.7149 0.3064
vn 0.6464 0.7017 0.2996
vn 0.6383 0.7092 0.2994
vn 0.3709 0.8444 0.3867
vn 0.3789 0.8131 0.4420
vn 0.2055 0.9724 0.1107
vn 0.2920 0.9156 0.2763
vn -0.3400 0.9329 0.1186
vn -0.1031 0.9915 -0.0793
vn 0.7028 0.6555 0.2764
vn 0.0555 0.9904 -0.1268
vn 0.3159 0.9476 0.0474
vn 0.5932 0.6723 0.4429
vn 0.5598 0.7726 0.2996
vn 0.1589 0.9374 0.3098
vn 0.3167 0.7521 0.5779
vn 0.1109 0.9420 0.3167
vn 0.2065 0.7229 0.6594
vn 0.1029 0.9659 0.2375
vn -0.0868 0.9937 -0.0710
vn 0.0474 0.9928 0.1104
vn -0.3422 0.9232 0.1751
vn -0.2057 0.9732 -0.1029
vn -0.2778 0.7540 0.5953
vn -0.2849 0.9101 0.3008
vn -0.6289 0.5731 0.5254
vn -0.6273 0.7464 0.2223
vn -0.4958 0.8421 -0.2125
vn -0.5879 0.7706 0.2462
vn -0.2461 0.9211 0.3017
vn -0.5890 0.7721 0.2388
vn -0.6371 0.7328 0.2389
vn -0.1666 0.9362 0.3094
vn 0.1661 0.9256 0.3402
vn 0.1743 0.9268 0.3327
vn 0.2614 0.8872 0.3802
vn 0.2684 0.8922 0.3632
vn 0.3789 0.8130 0.4420
vn 0.5601 0.6627 0.4970
vn 0.0158 0.9994 -0.0317
vn 0.8616 -0.4657 -0.2018
vn 0.8642 -0.4671 0.1869
vn 0.8628 -0.3575 -0.3575
vn -0.0936 -0.2341 -0.9677
vn -0.3189 -0.3733 -0.8712
vn -0.3898 -0.2416 -0.8886
vn -0.3351 -0.3351 -0.8806
vn 0.1087 0.0311 -0.9936
vn 0.1402 0.0389 -0.9894
vn -0.4060 0.1717 -0.8976
vn -0.4004 0.1570 -0.9028
vn -0.2970 -0.1797 -0.9378
vn -0.5647 -0.1255 -0.8157
vn 0.1565 0.5479 -0.8218
vn -0.3442 0.0235 -0.9386
vn -0.3905 0.1640 -0.9059
vn -0.3517 0.3517 -0.8676
vn -0.5336 0.3688 -0.7611
vn 0.2344 0.5783 -0.7814
vn 0.3697 0.6687 -0.6451
vn 0.0470 0.4467 -0.8934
vn -0.3446 0.4073 -0.8458
vn -0.0314 0.4781 -0.8777
vn 0.1944 0.1789 -0.9645
vn -0.3451 0.6274 -0.6980
vn -0.3535 0.6127 -0.7069
vn -0.3667 -0.3589 -0.8583
vn -0.2956 -0.2645 -0.9180
vn -0.1409 0.0861 -0.9863
vn -0.2974 -0.2426 -0.9234
vn 0.1855 -0.3014 -0.9353
vn -0.0156 0.5708 -0.8210
vn -0.2583 0.5871 -0.7672
vn -0.3384 0.6454 -0.6848
vn -0.2269 0.1487 -0.9625
vn -0.0778 0.2800 -0.9568
vn -0.0312 0.1326 -0.9907
vn -0.0078 0.6417 -0.7669
vn -0.0235 0.7376 -0.6748
vn -0.0000 0.1796 -0.9837
vn -0.0078 0.2974 -0.9547
vn -0.0156 0.2809 -0.9596
vn 0.0157 0.6501 -0.7597
vn -0.0078 0.6668 -0.7452
vn -0.2902 0.7294 -0.6195
vn -0.0000 -0.2880 -0.9576
vn -0.0000 0.1871 -0.9823
vn -0.0078 -0.3579 -0.9337
vn 0.0155 -0.9623 -0.2716
vn 0.0155 -0.9686 -0.2480
vn 0.0156 -0.9988 -0.0468
vn 0.0156 -0.9998 0.0078
vn 0.0388 -0.6988 -0.7143
vn 0.0542 -0.6581 -0.7510
vn 0.0547 0.1171 -0.9916
vn 0.0311 0.1010 -0.9944
vn -0.4435 -0.5290 -0.7235
vn -0.5860 -0.6251 -0.5157
vn -0.4269 -0.5744 -0.6985
vn -0.6026 0.1565 -0.7826
vn -0.7919 0.1647 -0.5880
vn -0.6602 0.1729 -0.7309
vn -0.5792 0.1644 -0.7984
vn 0.0078 0.1250 -0.9921
vn 0.0622 0.1401 -0.9882
vn 0.0390 0.1326 -0.9904
vn 0.1089 0.1634 -0.9805
vn -0.3075 -0.3548 0.8829
vn 0.0079 0.5547 0.8320
vn -0.4599 -0.1665 0.8722
vn -0.2444 -0.2995 0.9223
vn -0.3252 -0.1349 0.9360
vn -0.3501 0.4536 0.8196
vn -0.3104 0.4688 0.8270
vn -0.2852 -0.0079 0.9584
vn -0.7417 -0.0079 0.6707
vn -0.3099 0.7470 0.5882
vn -0.1578 0.1341 0.9783
vn -0.0707 -0.4398 0.8953
vn -0.0790 -0.4584 0.8852
vn -0.1262 -0.4182 0.8995
vn -0.1341 -0.4495 0.8832
vn -0.1964 -0.4164 0.8877
vn -0.1810 -0.3855 0.9048
vn -0.0472 -0.4561 0.8887
vn -0.0473 -0.4811 0.8754
vn -0.3223 -0.6289 0.7075
vn -0.3388 -0.3467 0.8747
vn -0.7228 0.0080 0.6910
vn -0.3494 -0.0000 0.9370
vn -0.3743 -0.2885 -0.8813
vn 0.1322 -0.1478 -0.9801
vn 0.0233 0.1479 -0.9887
vn 0.1867 0.1400 -0.9724
vn 0.4801 -0.3097 -0.8207
vn 0.3638 -0.1393 -0.9210
vn 0.0079 0.9251 0.3796
vn 0.0079 0.9252 0.3795
vn 0.0079 0.9673 0.2537
vn 0.0079 0.9672 0.2537
vn 0.0079 0.9633 -0.2684
vn 0.0079 0.8730 -0.4876
vn 0.0078 0.8782 -0.4783
vn 0.0079 0.9606 0.2779
vn 0.0079 0.9999 0.0080
vn 0.0079 0.9678 -0.2518
vn 0.0078 0.8697 -0.4936
vn 0.0078 0.7914 -0.6112
vn 0.0079 0.8121 -0.5835
vn -0.0000 0.8308 -0.5565
vn -0.0312 0.0546 -0.9980
vn -0.6356 0.7071 0.3099
vn -0.5404 0.6516 0.5324
vn -0.5422 0.7016 0.4624
vn -0.6339 0.4754 0.6101
vn -0.6457 0.6138 0.4543
vn -0.5726 0.7556 0.3181
vn -0.6521 0.6918 0.3101
vn -0.6189 0.7220 0.3094
vn -0.6371 0.7088 0.3027
vn -0.6287 0.7164 0.3025
vn -0.6372 0.7088 0.3027
vn -0.2775 0.9198 0.2775
vn -0.1903 0.9754 0.1110
vn -0.0397 0.9911 -0.1269
vn 0.1188 0.9898 -0.0792
vn -0.3015 0.9523 0.0476
vn -0.3572 0.8492 0.3889
vn -0.3653 0.8178 0.4446
vn -0.2537 0.8959 0.3647
vn 0.1024 0.9922 -0.0709
vn -0.0872 0.9674 0.2379
vn -0.3024 0.7557 0.5809
vn -0.1912 0.7252 0.6615
vn -0.0315 0.9934 0.1104
vn 0.3562 0.9181 0.1741
vn 0.2923 0.7506 0.5926
vn -0.0000 0.9995 -0.0317
vn -0.1588 0.9292 0.3336
vn 0.2610 0.9174 0.3005
vn 0.2208 0.9699 -0.1025
vn 0.2993 0.9060 0.2994
vn 0.6383 0.5674 0.5202
vn 0.6368 0.7390 0.2201
vn 0.5075 0.8355 -0.2108
vn 0.5981 0.7634 0.2440
vn 0.5992 0.7648 0.2366
vn 0.1819 0.9336 0.3086
vn 0.6465 0.7253 0.2365
vn -0.1507 0.9279 0.3410
vn -0.2465 0.8908 0.3818
vn -0.3652 0.8178 0.4447
vn -0.5492 0.6686 0.5014
vn -0.6832 0.5164 0.5163
vn 0.0079 0.9677 -0.2518
vn 0.0079 0.9999 0.0079
vn 0.0157 0.8308 -0.5564
vn 0.0079 0.9633 -0.2685
vn 0.0079 0.9251 0.3795
vn 0.0628 -0.4557 0.8879
vn 0.0947 -0.4578 0.8840
vn 0.1495 -0.4485 0.8812
vn 0.3393 -0.1341 0.9311
vn 0.3640 0.4510 0.8149
vn 0.4723 -0.1653 0.8658
vn 0.3216 -0.3530 0.8786
vn 0.2114 -0.4150 0.8849
vn 0.1417 -0.4173 0.8976
vn 0.0863 -0.4393 0.8942
vn 0.3526 -0.3448 0.8699
vn 0.2591 -0.2983 0.9186
vn 0.1961 -0.3844 0.9021
vn 0.3363 -0.6257 0.7039
vn 0.7303 0.0079 0.6831
vn 0.3632 -0.0000 0.9317
vn 0.1731 0.1338 0.9758
vn 0.2996 -0.0079 0.9540
vn 0.3243 0.4668 0.8228
vn 0.7487 -0.0078 0.6629
vn 0.3242 0.7433 0.5852
vn 0.0630 -0.4806 0.8747
vn 0.0079 0.9848 -0.1734
vn 0.0078 0.6585 -0.7525
vn 0.0079 0.9848 -0.1735
vn 0.0078 -0.6672 -0.7448
vn 0.0078 -0.9853 -0.1707
vn 0.0078 -0.8832 0.4689
vn 0.0079 -0.3700 0.9290
vn 0.0079 0.3563 0.9343
vn 0.0079 0.8797 0.4755
vn 0.0079 0.9848 -0.1733
vn -0.0467 0.1402 -0.9890
vn -0.0234 0.1326 -0.9909
vn -0.0935 0.1637 -0.9821
vn 0.7457 -0.1727 0.6436
vn -0.7386 -0.1429 0.6589
vn 0.5097 -0.6352 0.5803
vn -0.5123 -0.6305 0.5832
vn -0.5075 -0.6247 -0.5935
vn -0.7384 -0.1429 0.6591
vn -0.7307 -0.1414 -0.6679
vn 0.7380 -0.1709 -0.6528
vn 0.7456 -0.1727 0.6437
vn 0.5051 -0.6294 -0.5905
vn -0.7308 -0.1414 -0.6678
vn 0.7383 -0.1710 -0.6525
vn -0.6563 -0.3437 -0.6717
vn 0.3633 -0.8579 -0.3633
vn -0.3497 -0.8627 -0.3653
vn 0.6650 -0.3401 -0.6649
vn -0.6993 -0.0079 -0.7148
vn -0.6561 -0.3437 -0.6719
vn -0.7071 -0.0080 0.7071
vn -0.6990 -0.0075 -0.7151
vn -0.6631 -0.3474 0.6631
vn -0.3517 -0.8675 0.3517
vn 0.3653 -0.8627 0.3498
vn 0.6648 -0.3402 -0.6650
vn 0.6717 -0.3436 0.6563
vn 0.7148 -0.0079 0.6993
vn 0.6718 -0.3438 0.6561
vn -0.6631 -0.3473 0.6631
vn 0.7151 -0.0079 0.6990
vn -0.2901 0.5717 -0.7675
vn -0.4526 0.8656 -0.2144
vn 0.3039 0.5691 -0.7640
vn -0.5606 0.6236 -0.5448
vn -0.4593 0.8710 -0.1742
vn -0.6947 0.6628 0.2795
vn -0.5828 0.6786 0.4471
vn -0.5488 0.7794 0.3023
vn -0.1434 0.9397 0.3106
vn 0.3539 0.9278 0.1179
vn -0.0952 0.9436 0.3172
vn 0.1489 0.5485 -0.8228
vn -0.6643 0.6485 -0.3718
vn -0.4598 0.8800 -0.1189
vn 0.0078 -0.8832 0.4690
vn 0.0079 0.9849 -0.1731
vn 0.0079 0.6585 -0.7526
vn 0.0077 -0.9853 -0.1707
vn 0.0079 0.9848 -0.1736
vn -0.6241 0.7110 -0.3239
vn -0.6187 0.7536 -0.2221
vn 0.1896 0.9798 -0.0632
vn -0.0158 0.8403 -0.5419
vn 0.0236 0.8894 -0.4565
vn 0.1819 0.9807 -0.0712
vn -0.5251 0.8274 0.1989
vn 0.1942 -0.9709 -0.1398
vn 0.0470 -0.6661 0.7444
vn 0.0786 -0.6520 0.7541
vn 0.0940 -0.8149 0.5720
vn 0.0550 -0.8485 0.5264
vn 0.1249 -0.8981 0.4217
vn 0.1559 -0.9042 0.3976
vn 0.3963 -0.8859 0.2409
vn 0.5437 -0.8311 0.1165
vn 0.5971 -0.7677 -0.2326
vn 0.6041 -0.7668 -0.2169
vn 0.3947 -0.7585 -0.5186
vn 0.3866 -0.7577 -0.5257
vn 0.5653 -0.6349 -0.5266
vn 0.9151 -0.3179 -0.2482
vn 0.9997 -0.0000 0.0234
vn 0.9997 -0.0000 0.0235
vn 0.9997 -0.0078 0.0234
vn 0.9998 -0.0078 0.0156
vn 0.9999 -0.0078 0.0078
vn -0.3010 0.9503 -0.0792
vn -0.2226 0.5963 0.7713
vn -0.1504 0.4198 0.8950
vn -0.2928 0.9497 -0.1108
vn -0.2049 0.9536 -0.2207
vn -0.1418 0.9530 -0.2678
vn -0.1421 0.9550 -0.2604
vn -0.0788 0.9457 -0.3152
vn -0.0710 0.9463 -0.3154
vn 0.1258 0.9355 -0.3302
vn 0.2763 0.9077 -0.3157
vn 0.0079 0.9438 -0.3303
vn -0.2616 0.9116 -0.3171
vn -0.1103 0.9372 -0.3308
vn 0.0866 0.9451 -0.3150
vn 0.0944 0.9444 -0.3148
vn 0.1571 0.9508 -0.2671
vn 0.1575 0.9527 -0.2598
vn 0.2199 0.9504 -0.2199
vn 0.3001 0.9475 -0.1105
vn 0.3079 0.9474 -0.0869
vn 0.3398 0.9405 0.0079
vn 0.2295 0.9733 -0.0000
vn 0.1733 0.9849 -0.0000
vn -0.7071 0.7071 -0.0079
vn -0.9999 -0.0079 -0.0079
vn -0.8322 0.4755 -0.2853
vn 0.0237 0.8415 0.5398
vn -0.3083 0.8379 -0.4505
vn -0.3391 0.7252 -0.5992
vn -0.7947 0.4091 -0.4485
vn -0.8180 0.5480 0.1747
vn -0.3209 -0.9470 0.0157
vn -0.5884 -0.8080 0.0314
vn -0.8234 -0.5568 -0.1098
vn -0.6594 -0.6594 -0.3611
vn -0.6643 0.6485 -0.3716
vn 0.4651 0.8593 -0.2128
vn 0.1473 -0.9614 -0.2326
vn 0.1942 -0.9631 -0.1864
vn 0.1323 -0.9574 -0.2568
vn 0.0774 -0.9526 -0.2943
vn 0.0544 -0.9488 -0.3111
vn 0.0546 -0.9511 -0.3040
vn 0.0233 -0.9476 -0.3185
vn -0.1399 -0.9401 -0.3108
vn -0.2880 -0.9108 -0.2958
vn 0.0077 -0.9532 -0.3022
vn 0.0078 -0.9532 -0.3022
vn 0.3022 -0.9066 -0.2944
vn 0.1550 -0.9380 -0.3101
vn -0.0078 -0.9479 -0.3185
vn -0.0389 -0.9495 -0.3113
vn -0.0390 -0.9518 -0.3043
vn -0.0620 -0.9536 -0.2946
vn -0.1170 -0.9592 -0.2573
vn -0.1321 -0.9634 -0.2331
vn -0.1792 -0.9659 -0.1869
vn 0.1477 -0.9713 -0.1865
vn -0.2190 -0.9388 0.2660
vn -0.9466 -0.2998 0.1184
vn -0.9306 -0.0080 0.3659
vn -0.9427 -0.2985 -0.1492
vn -0.9154 -0.0079 -0.4024
vn -0.5772 -0.3005 0.7593
vn -0.3891 -0.0079 0.9212
vn -0.7660 -0.3000 0.5686
vn -0.8875 -0.3011 0.3487
vn 0.0235 0.2973 -0.9545
vn 0.0156 0.1871 -0.9822
vt 0.784668 0.278320
vt 0.849121 0.242188
vt 0.784668 0.408691
vt 0.851562 0.473633
vt 0.711914 0.985786
vt 0.740234 0.984489
vt 0.717773 0.943420
vt 0.732910 0.797852
vt 0.730957 0.818115
vt 0.766602 0.802612
vt 0.750977 0.919312
vt 0.738281 0.943268
vt 0.750000 0.943604
vt 0.752930 0.983978
vt 0.780762 0.940979
vt 0.784180 0.981323
vt 0.796875 0.979660
vt 0.775879 0.917175
vt 0.773438 0.932312
vt 0.755859 0.933838
vt 0.791992 0.936646
vt 0.841309 0.920837
vt 0.875000 0.970856
vt 0.812988 0.798096
vt 0.806152 0.761108
vt 0.751465 0.766357
vt 0.743164 0.788086
vt 0.852051 0.756348
vt 0.879883 0.916748
vt 0.885742 0.969711
vt 0.869141 0.917908
vt 0.855957 0.793579
vt 0.863770 0.762817
vt 0.867188 0.796753
vt 0.149414 0.311523
vt 0.187378 0.333008
vt 0.185791 0.307617
vt 0.157471 0.305176
vt 0.187134 0.299805
vt 0.166382 0.298340
vt 0.188843 0.291992
vt 0.170532 0.294434
vt 0.189331 0.287598
vt 0.194092 0.290527
vt 0.194336 0.286621
vt 0.183960 0.261230
vt 0.172363 0.256836
vt 0.160767 0.252930
vt 0.152100 0.256348
vt 0.142090 0.258789
vt 0.129761 0.258301
vt 0.122498 0.270020
vt 0.134766 0.309082
vt 0.131470 0.307617
vt 0.120789 0.271973
vt 0.118408 0.276367
vt 0.077576 0.270508
vt 0.076965 0.275879
vt 0.072632 0.273438
vt 0.126343 0.305176
vt 0.043488 0.269531
vt 0.073608 0.267090
vt 0.043335 0.276855
vt 0.031036 0.276367
vt 0.029984 0.273926
vt 0.042664 0.267090
vt 0.075806 0.263672
vt 0.078247 0.267090
vt 0.059662 0.329102
vt 0.031616 0.280273
vt 0.013405 0.280273
vt 0.012886 0.277832
vt 0.006264 0.285156
vt 0.006706 0.288086
vt 0.014664 0.284180
vt 0.008904 0.291992
vt 0.023819 0.338867
vt 0.048340 0.332520
vt 0.050934 0.336426
vt 0.026642 0.345215
vt 0.028168 0.347656
vt 0.051392 0.338379
vt 0.091370 0.315918
vt 0.064880 0.337402
vt 0.065552 0.340332
vt 0.054962 0.346680
vt 0.033630 0.357422
vt 0.057343 0.351074
vt 0.077698 0.370605
vt 0.062073 0.368652
vt 0.064270 0.377441
vt 0.074463 0.362793
vt 0.059814 0.360352
vt 0.071411 0.354492
vt 0.071167 0.343262
vt 0.094788 0.325195
vt 0.094177 0.322754
vt 0.096558 0.318359
vt 0.099426 0.323730
vt 0.100159 0.327148
vt 0.110901 0.332520
vt 0.129272 0.341797
vt 0.136108 0.349121
vt 0.188965 0.341309
vt 0.193970 0.340332
vt 0.192505 0.332031
vt 0.191040 0.307617
vt 0.192505 0.299316
vt 0.536621 0.318359
vt 0.533203 0.331543
vt 0.533203 0.318359
vt 0.536621 0.306641
vt 0.533203 0.306641
vt 0.540039 0.306641
vt 0.537109 0.294922
vt 0.540527 0.294922
vt 0.533691 0.294922
vt 0.529785 0.306641
vt 0.529785 0.318359
vt 0.529785 0.331543
vt 0.530273 0.345215
vt 0.530273 0.294434
vt 0.526855 0.306641
vt 0.526367 0.318359
vt 0.526367 0.331543
vt 0.526855 0.345215
vt 0.527344 0.346191
vt 0.530273 0.346191
vt 0.543457 0.306641
vt 0.540039 0.318359
vt 0.536133 0.331543
vt 0.533203 0.345215
vt 0.533203 0.346191
vt 0.530273 0.352051
vt 0.533691 0.352539
vt 0.536133 0.345215
vt 0.539551 0.345215
vt 0.539551 0.331543
vt 0.542969 0.318848
vt 0.546875 0.307129
vt 0.543457 0.294922
vt 0.546875 0.294922
vt 0.550293 0.295410
vt 0.549805 0.307129
vt 0.550293 0.282715
vt 0.547363 0.282715
vt 0.543945 0.282227
vt 0.540527 0.282227
vt 0.553223 0.318848
vt 0.553223 0.307129
vt 0.553711 0.295410
vt 0.553711 0.282715
vt 0.550293 0.269043
vt 0.547363 0.269043
vt 0.544434 0.268555
vt 0.553711 0.269043
vt 0.553223 0.268555
vt 0.551758 0.255859
vt 0.550781 0.262207
vt 0.548340 0.255371
vt 0.553711 0.262695
vt 0.550293 0.268066
vt 0.547363 0.268066
vt 0.544434 0.267578
vt 0.541016 0.267578
vt 0.545410 0.254883
vt 0.548828 0.254395
vt 0.545410 0.253906
vt 0.544434 0.261719
vt 0.547852 0.262207
vt 0.541504 0.261230
vt 0.541992 0.254395
vt 0.541992 0.253418
vt 0.539062 0.253906
vt 0.539062 0.252930
vt 0.535645 0.253906
vt 0.535645 0.252930
vt 0.535645 0.260742
vt 0.538574 0.261230
vt 0.532227 0.252930
vt 0.532227 0.253906
vt 0.532715 0.260742
vt 0.535156 0.267090
vt 0.538086 0.267578
vt 0.538086 0.268066
vt 0.541016 0.268555
vt 0.535156 0.267578
vt 0.537109 0.282227
vt 0.534180 0.281738
vt 0.531738 0.267578
vt 0.531738 0.267090
vt 0.530762 0.281738
vt 0.528809 0.266602
vt 0.529785 0.260742
vt 0.528809 0.267578
vt 0.527344 0.281738
vt 0.526855 0.294434
vt 0.529297 0.253906
vt 0.528809 0.252930
vt 0.528320 0.245605
vt 0.532227 0.245605
vt 0.535645 0.245117
vt 0.539551 0.245605
vt 0.542969 0.246094
vt 0.546387 0.246582
vt 0.549805 0.247559
vt 0.551758 0.254883
vt 0.554688 0.256348
vt 0.555176 0.255371
vt 0.553223 0.248047
vt 0.557129 0.248535
vt 0.937500 0.461426
vt 0.930664 0.458008
vt 0.937500 0.458496
vt 0.944336 0.458984
vt 0.924316 0.457031
vt 0.931641 0.448730
vt 0.925293 0.447754
vt 0.937988 0.449707
vt 0.944336 0.450195
vt 0.951172 0.458984
vt 0.951660 0.461914
vt 0.944336 0.461914
vt 0.937012 0.469727
vt 0.957520 0.458984
vt 0.958984 0.461914
vt 0.950684 0.450195
vt 0.944336 0.440918
vt 0.938965 0.440430
vt 0.932617 0.439453
vt 0.950195 0.440430
vt 0.956543 0.449707
vt 0.956055 0.439941
vt 0.926758 0.437988
vt 0.918945 0.446777
vt 0.920898 0.436523
vt 0.913086 0.445801
vt 0.914551 0.436035
vt 0.908691 0.435059
vt 0.906738 0.444824
vt 0.910645 0.455566
vt 0.904297 0.454102
vt 0.910156 0.458008
vt 0.923828 0.459473
vt 0.917480 0.456543
vt 0.916992 0.458984
vt 0.916016 0.467773
vt 0.923340 0.468262
vt 0.916504 0.470215
vt 0.923340 0.470703
vt 0.930664 0.460449
vt 0.930176 0.468750
vt 0.929688 0.471680
vt 0.922852 0.480957
vt 0.916504 0.480469
vt 0.909668 0.469727
vt 0.909180 0.467285
vt 0.929199 0.481445
vt 0.922852 0.498047
vt 0.936523 0.472168
vt 0.936035 0.481934
vt 0.928711 0.498047
vt 0.943359 0.472656
vt 0.943848 0.470215
vt 0.950684 0.470215
vt 0.958496 0.471191
vt 0.950195 0.473145
vt 0.935059 0.498535
vt 0.942383 0.482422
vt 0.948730 0.482910
vt 0.954590 0.483398
vt 0.956543 0.473633
vt 0.953125 0.499023
vt 0.947266 0.499023
vt 0.946777 0.516357
vt 0.952637 0.516357
vt 0.952637 0.532959
vt 0.940918 0.498535
vt 0.940430 0.516357
vt 0.946777 0.533203
vt 0.947754 0.545166
vt 0.954102 0.544678
vt 0.948730 0.551025
vt 0.955078 0.550293
vt 0.941895 0.551025
vt 0.935547 0.554199
vt 0.935547 0.551270
vt 0.935059 0.545410
vt 0.941406 0.545410
vt 0.934570 0.533447
vt 0.940918 0.533203
vt 0.934570 0.516357
vt 0.928223 0.533691
vt 0.928711 0.545898
vt 0.928711 0.551758
vt 0.928711 0.554443
vt 0.936035 0.562500
vt 0.921875 0.554688
vt 0.921875 0.552246
vt 0.922363 0.546387
vt 0.922363 0.533691
vt 0.928223 0.516113
vt 0.915039 0.552734
vt 0.915527 0.546631
vt 0.916016 0.533936
vt 0.922363 0.516113
vt 0.916504 0.498047
vt 0.916504 0.516113
vt 0.910645 0.516113
vt 0.910645 0.497559
vt 0.910645 0.480469
vt 0.910156 0.533691
vt 0.904297 0.515869
vt 0.904785 0.497559
vt 0.904297 0.480957
vt 0.903320 0.470215
vt 0.902344 0.457520
vt 0.901367 0.467285
vt 0.916992 0.267578
vt 0.899414 0.264160
vt 0.917480 0.236816
vt 0.899414 0.235840
vt 0.833984 0.012695
vt 0.863770 0.025879
vt 0.853516 0.004395
vt 0.864258 0.041992
vt 0.881348 0.057617
vt 0.872070 0.038086
vt 0.859863 0.038574
vt 0.841797 0.034668
vt 0.805664 0.023926
vt 0.810059 0.047363
vt 0.835938 0.052246
vt 0.814453 0.060059
vt 0.839844 0.072266
vt 0.815430 0.085449
vt 0.819336 0.216309
vt 0.845215 0.044434
vt 0.844727 0.233887
vt 0.819336 0.241211
vt 0.846191 0.237305
vt 0.843750 0.225098
vt 0.844727 0.216797
vt 0.859375 0.195801
vt 0.867676 0.192383
vt 0.874023 0.188477
vt 0.846191 0.072754
vt 0.880859 0.187012
vt 0.871582 0.062012
vt 0.865234 0.062012
vt 0.864746 0.073730
vt 0.858887 0.073730
vt 0.854004 0.061035
vt 0.847656 0.060059
vt 0.844727 0.048828
vt 0.850098 0.047852
vt 0.858887 0.044434
vt 0.850098 0.046387
vt 0.858398 0.042969
vt 0.890137 0.186523
vt 0.895020 0.187988
vt 0.903320 0.190918
vt 0.910645 0.195312
vt 0.924805 0.177246
vt 0.923340 0.217773
vt 0.923340 0.221191
vt 0.940430 0.216797
vt 0.920898 0.209473
vt 0.916992 0.201660
vt 0.505859 0.292480
vt 0.501953 0.290527
vt 0.505859 0.290527
vt 0.510254 0.290527
vt 0.506348 0.277832
vt 0.502441 0.277832
vt 0.498535 0.277344
vt 0.497803 0.290039
vt 0.501953 0.291992
vt 0.505371 0.349121
vt 0.501465 0.349121
vt 0.501465 0.350586
vt 0.505371 0.351074
vt 0.500488 0.363770
vt 0.504883 0.363770
vt 0.497314 0.350586
vt 0.497559 0.348633
vt 0.497803 0.291992
vt 0.493652 0.290039
vt 0.494385 0.277344
vt 0.493408 0.348633
vt 0.493652 0.291504
vt 0.493164 0.350586
vt 0.492676 0.363281
vt 0.496826 0.363281
vt 0.488525 0.362793
vt 0.488525 0.364746
vt 0.489014 0.350098
vt 0.489258 0.348633
vt 0.484619 0.364746
vt 0.484375 0.362793
vt 0.484863 0.350098
vt 0.485107 0.348145
vt 0.489502 0.291504
vt 0.480713 0.405762
vt 0.480713 0.364746
vt 0.479736 0.362793
vt 0.480469 0.349609
vt 0.481445 0.348145
vt 0.485596 0.291504
vt 0.489502 0.289551
vt 0.490234 0.276855
vt 0.486572 0.274902
vt 0.490479 0.274902
vt 0.486084 0.276855
vt 0.485352 0.289551
vt 0.481689 0.291504
vt 0.480957 0.289551
vt 0.481689 0.276367
vt 0.482910 0.274414
vt 0.486328 0.249512
vt 0.489746 0.250000
vt 0.493408 0.250000
vt 0.494629 0.275391
vt 0.496826 0.250488
vt 0.498535 0.275391
vt 0.500000 0.250488
vt 0.502441 0.275879
vt 0.503906 0.250977
vt 0.506348 0.275879
vt 0.510742 0.277832
vt 0.514160 0.291016
vt 0.514648 0.278320
vt 0.514648 0.276367
vt 0.510742 0.276367
vt 0.507324 0.250977
vt 0.510742 0.250977
vt 0.514160 0.250977
vt 0.518066 0.250977
vt 0.518555 0.275879
vt 0.519531 0.277832
vt 0.518555 0.291016
vt 0.514160 0.292480
vt 0.517578 0.292969
vt 0.509766 0.292480
vt 0.509766 0.349609
vt 0.509766 0.351074
vt 0.513672 0.351562
vt 0.513672 0.349609
vt 0.517578 0.349609
vt 0.518555 0.351562
vt 0.513184 0.364258
vt 0.508789 0.363770
vt 0.504883 0.365723
vt 0.517578 0.364746
vt 0.512695 0.366211
vt 0.508789 0.365723
vt 0.501465 0.406250
vt 0.500488 0.365234
vt 0.498291 0.406250
vt 0.496582 0.365234
vt 0.494629 0.406250
vt 0.492676 0.364746
vt 0.491211 0.405762
vt 0.487793 0.405762
vt 0.504883 0.406738
vt 0.508789 0.406738
vt 0.516602 0.366699
vt 0.512207 0.407227
vt 0.484375 0.405762
vt 0.019119 0.515869
vt 0.024384 0.474121
vt 0.003071 0.514893
vt 0.005684 0.463867
vt 0.042755 0.420898
vt 0.170654 0.357910
vt 0.098389 0.383301
vt 0.167480 0.384277
vt 0.108215 0.405273
vt 0.057129 0.438965
vt 0.063232 0.495117
vt 0.052460 0.517578
vt 0.086975 0.476074
vt 0.128052 0.451172
vt 0.163818 0.437500
vt 0.179077 0.390137
vt 0.217896 0.363770
vt 0.220947 0.377930
vt 0.225830 0.377930
vt 0.225830 0.442871
vt 0.177002 0.439941
vt 0.225830 0.362793
vt 0.274658 0.439941
vt 0.272461 0.390137
vt 0.230713 0.377930
vt 0.233887 0.363770
vt 0.225830 0.358398
vt 0.216431 0.348145
vt 0.235352 0.348145
vt 0.281006 0.357910
vt 0.284180 0.384277
vt 0.353271 0.383301
vt 0.399170 0.517578
vt 0.432617 0.515869
vt 0.388428 0.495117
vt 0.427246 0.474121
vt 0.394531 0.438965
vt 0.408936 0.420898
vt 0.343506 0.405273
vt 0.287842 0.437500
vt 0.364746 0.476074
vt 0.323730 0.451172
vt 0.446045 0.463867
vt 0.448730 0.514893
vt 0.867188 0.460449
vt 0.867188 0.243652
vt 0.892090 0.243652
vt 0.892090 0.460938
vt 0.233398 0.290039
vt 0.450439 0.265137
vt 0.450439 0.290039
vt 0.233398 0.265137
vt 0.211060 0.290039
vt 0.211060 0.265137
vt 0.905762 0.632324
vt 0.983887 0.614014
vt 0.982910 0.778687
vt 0.936523 0.783569
vt 0.926758 0.797363
vt 0.962402 0.960358
vt 0.940430 0.965363
vt 0.942871 0.975983
vt 0.966797 0.978439
vt 0.987793 0.954529
vt 0.991699 0.972626
vt 0.549805 0.318848
vt 0.552734 0.331543
vt 0.542480 0.345703
vt 0.545898 0.351562
vt 0.542480 0.352051
vt 0.545410 0.345703
vt 0.548828 0.345703
vt 0.548828 0.344727
vt 0.551758 0.345703
vt 0.552246 0.345215
vt 0.549316 0.331543
vt 0.546387 0.318848
vt 0.546387 0.331543
vt 0.545898 0.344727
vt 0.542969 0.331543
vt 0.542480 0.345215
vt 0.539551 0.346191
vt 0.533203 0.360352
vt 0.536621 0.367676
vt 0.532715 0.368164
vt 0.536621 0.360352
vt 0.533203 0.359375
vt 0.536621 0.359375
vt 0.536621 0.352051
vt 0.536133 0.346191
vt 0.540039 0.367676
vt 0.539551 0.360352
vt 0.539551 0.359375
vt 0.539551 0.352051
vt 0.543457 0.367188
vt 0.542969 0.359863
vt 0.542969 0.358887
vt 0.546387 0.358398
vt 0.548828 0.351562
vt 0.546875 0.366699
vt 0.546387 0.359863
vt 0.549316 0.359375
vt 0.549316 0.358398
vt 0.550781 0.366211
vt 0.551758 0.351562
vt 0.552246 0.357910
vt 0.553223 0.358887
vt 0.554199 0.365723
vt 0.166016 0.623047
vt 0.112122 0.668701
vt 0.104919 0.664062
vt 0.166992 0.627686
vt 0.129761 0.677002
vt 0.172119 0.646484
vt 0.134155 0.775635
vt 0.115417 0.783203
vt 0.108337 0.786377
vt 0.227173 0.465332
vt 0.273926 0.471191
vt 0.219849 0.475586
vt 0.280518 0.625000
vt 0.273926 0.632324
vt 0.255859 0.642578
vt 0.181519 0.824341
vt 0.175659 0.842896
vt 0.345947 0.497559
vt 0.352051 0.911926
vt 0.344482 0.921753
vt 0.328369 0.910828
vt 0.287354 0.841309
vt 0.171997 0.848389
vt 0.282471 0.830933
vt 0.263672 0.821655
vt 0.122192 0.911865
vt 0.113464 0.921692
vt 0.104553 0.921509
vt 0.097229 0.911560
vt 0.077759 0.969162
vt 0.090698 0.969162
vt 0.122742 0.969162
vt 0.136475 0.969162
vt 0.311523 0.969162
vt 0.335938 0.921448
vt 0.089722 0.987404
vt 0.076172 0.987404
vt 0.122375 0.987404
vt 0.136230 0.987404
vt 0.311035 0.987404
vt 0.324463 0.969162
vt 0.355957 0.969162
vt 0.368896 0.969162
vt 0.398682 0.912537
vt 0.398438 0.969162
vt 0.398438 0.987404
vt 0.369385 0.987404
vt 0.356201 0.987404
vt 0.324219 0.987404
vt 0.402100 0.857178
vt 0.358154 0.806396
vt 0.342529 0.785278
vt 0.334229 0.633545
vt 0.401855 0.831787
vt 0.350586 0.619141
vt 0.400879 0.533691
vt 0.389893 0.614746
vt 0.438232 0.575439
vt 0.440674 0.609619
vt 0.915039 0.555176
vt 0.908203 0.564453
vt 0.915527 0.563965
vt 0.911133 0.576904
vt 0.906250 0.587646
vt 0.904785 0.577881
vt 0.909180 0.567139
vt 0.902832 0.568115
vt 0.915527 0.566406
vt 0.922363 0.563477
vt 0.916992 0.576172
vt 0.923340 0.575439
vt 0.929199 0.565430
vt 0.922363 0.565918
vt 0.929199 0.562988
vt 0.929688 0.574707
vt 0.936035 0.573975
vt 0.936035 0.565186
vt 0.949707 0.553711
vt 0.942383 0.553955
vt 0.942871 0.562012
vt 0.942871 0.564941
vt 0.942383 0.573730
vt 0.950195 0.562012
vt 0.948242 0.583496
vt 0.954590 0.574707
vt 0.954102 0.584229
vt 0.948730 0.573975
vt 0.942383 0.583008
vt 0.949707 0.564941
vt 0.955566 0.565186
vt 0.957520 0.562500
vt 0.957031 0.552979
vt 0.936523 0.583252
vt 0.930664 0.584229
vt 0.924805 0.585205
vt 0.918457 0.586426
vt 0.912598 0.586914
vt 0.235352 0.300781
vt 0.296631 0.299805
vt 0.250488 0.333496
vt 0.296631 0.332031
vt 0.351074 0.330566
vt 0.351074 0.299805
vt 0.405762 0.329102
vt 0.405762 0.299805
vt 0.425293 0.328613
vt 0.425293 0.299805
vt 0.609375 0.436523
vt 0.615723 0.424805
vt 0.621094 0.427246
vt 0.622070 0.389160
vt 0.579102 0.468750
vt 0.566406 0.479004
vt 0.574707 0.465820
vt 0.588379 0.457031
vt 0.583984 0.453613
vt 0.598145 0.446289
vt 0.594238 0.442383
vt 0.605469 0.432617
vt 0.614746 0.385254
vt 0.611816 0.370117
vt 0.624512 0.371582
vt 0.535645 0.405762
vt 0.546387 0.395508
vt 0.546387 0.417969
vt 0.554688 0.409180
vt 0.515137 0.435547
vt 0.500000 0.547363
vt 0.508789 0.432617
vt 0.505859 0.539062
vt 0.545410 0.528564
vt 0.540527 0.524902
vt 0.560059 0.492676
vt 0.571777 0.481445
vt 0.558105 0.550537
vt 0.554688 0.561768
vt 0.552734 0.551025
vt 0.557617 0.536377
vt 0.551758 0.536377
vt 0.558594 0.521973
vt 0.553223 0.521484
vt 0.555664 0.506592
vt 0.565430 0.494629
vt 0.561035 0.508057
vt 0.475586 0.592529
vt 0.497314 0.595215
vt 0.476074 0.617188
vt 0.475098 0.567383
vt 0.540527 0.548828
vt 0.535645 0.569336
vt 0.469971 0.592773
vt 0.470459 0.618164
vt 0.490234 0.677246
vt 0.520996 0.681396
vt 0.540527 0.573242
vt 0.560547 0.564941
vt 0.486084 0.682129
vt 0.525391 0.687012
vt 0.500488 0.020020
vt 0.437256 0.049316
vt 0.499756 0.049316
vt 0.553711 0.022461
vt 0.550781 0.051758
vt 0.587402 0.025879
vt 0.615723 0.058594
vt 0.299316 0.021973
vt 0.255371 0.021484
vt 0.298828 0.050293
vt 0.309570 0.055176
vt 0.309570 0.022461
vt 0.319824 0.021973
vt 0.320312 0.050293
vt 0.363770 0.020996
vt 0.364258 0.050781
vt 0.437012 0.019531
vt 0.015038 0.031250
vt 0.017990 0.049805
vt 0.064148 0.023438
vt 0.020828 0.060059
vt 0.067932 0.052734
vt 0.119141 0.049805
vt 0.118164 0.020020
vt 0.181885 0.049316
vt 0.181885 0.020020
vt 0.254883 0.050781
vt 0.500000 0.169922
vt 0.548828 0.162598
vt 0.500488 0.092773
vt 0.549316 0.091797
vt 0.589844 0.150879
vt 0.591309 0.096191
vt 0.295166 0.091309
vt 0.295410 0.188477
vt 0.306885 0.095215
vt 0.307129 0.184570
vt 0.318848 0.188477
vt 0.318604 0.091309
vt 0.360596 0.186035
vt 0.360840 0.091797
vt 0.431152 0.178711
vt 0.431641 0.092773
vt 0.713867 0.542969
vt 0.722656 0.562988
vt 0.726562 0.545898
vt 0.636230 0.651611
vt 0.641113 0.655762
vt 0.644531 0.585449
vt 0.653809 0.576904
vt 0.646484 0.562744
vt 0.715820 0.558105
vt 0.712891 0.598145
vt 0.718262 0.600830
vt 0.705566 0.609375
vt 0.702148 0.604980
vt 0.693359 0.618164
vt 0.689453 0.613770
vt 0.678223 0.623779
vt 0.682129 0.627930
vt 0.667480 0.634766
vt 0.658691 0.646973
vt 0.651367 0.659912
vt 0.645508 0.673828
vt 0.656250 0.662354
vt 0.671875 0.638428
vt 0.663086 0.649902
vt 0.650879 0.675537
vt 0.642090 0.688477
vt 0.647949 0.689453
vt 0.641602 0.697998
vt 0.645508 0.703857
vt 0.595703 0.673096
vt 0.567871 0.688232
vt 0.562500 0.692627
vt 0.572754 0.622314
vt 0.598145 0.598145
vt 0.563965 0.639160
vt 0.559570 0.612549
vt 0.589355 0.585693
vt 0.604492 0.600830
vt 0.601074 0.664795
vt 0.550293 0.631836
vt 0.602051 0.582764
vt 0.499512 0.237793
vt 0.553223 0.226074
vt 0.499268 0.209961
vt 0.550293 0.198242
vt 0.601074 0.210938
vt 0.596680 0.183594
vt 0.296143 0.225586
vt 0.296631 0.251953
vt 0.307129 0.221191
vt 0.307129 0.251465
vt 0.317627 0.251953
vt 0.318115 0.225586
vt 0.361816 0.251465
vt 0.362549 0.223145
vt 0.435547 0.245605
vt 0.436035 0.217773
vt 0.634766 0.572510
vt 0.908691 0.834595
vt 0.910156 0.842285
vt 0.906250 0.835205
vt 0.886230 0.688477
vt 0.888184 0.688477
vt 0.887695 0.680420
vt 0.429688 0.690674
vt 0.445801 0.702148
vt 0.450195 0.736328
vt 0.461426 0.736084
vt 0.009758 0.646240
vt 0.037415 0.548340
vt 0.005562 0.594971
vt 0.162354 0.470703
vt 0.211060 0.463379
vt 0.089417 0.504150
vt 0.051208 0.827637
vt 0.037903 0.815918
vt 0.047485 0.987404
vt 0.995117 0.006348
vt 0.995117 0.045898
vt 0.969727 0.006348
vt 0.969727 0.038574
vt 0.969727 0.055176
vt 0.969727 0.095703
vt 0.995117 0.111328
vt 0.969727 0.110840
vt 0.995117 0.323242
vt 0.969727 0.322754
vt 0.969727 0.342773
vt 0.969727 0.410645
vt 0.995117 0.436035
vt 0.969727 0.416992
vt 0.969727 0.436035
vt 0.024063 0.151855
vt 0.064392 0.092773
vt 0.022552 0.097656
vt 0.065369 0.163574
vt 0.113281 0.093262
vt 0.114319 0.170410
vt 0.182129 0.092773
vt 0.182983 0.178711
vt 0.252930 0.091797
vt 0.253418 0.186035
vt 0.012970 0.211914
vt 0.063843 0.199219
vt 0.017487 0.184570
vt 0.061249 0.227051
vt 0.115112 0.210449
vt 0.114929 0.238281
vt 0.178223 0.218262
vt 0.178833 0.246094
vt 0.251709 0.223145
vt 0.252441 0.251465
vt 0.893555 0.696777
vt 0.911621 0.825073
vt 0.903809 0.716553
vt 0.916016 0.803345
vt 0.911133 0.737549
vt 0.916992 0.781250
vt 0.915527 0.759033
vt 0.582520 0.816406
vt 0.570801 0.812744
vt 0.583008 0.815186
vt 0.571289 0.811401
vt 0.560059 0.812744
vt 0.560059 0.811401
vt 0.550781 0.813965
vt 0.558594 0.802368
vt 0.572266 0.802368
vt 0.586914 0.806885
vt 0.591309 0.819946
vt 0.590820 0.821045
vt 0.584473 0.821899
vt 0.565430 0.816406
vt 0.557617 0.791382
vt 0.597168 0.812622
vt 0.599121 0.827759
vt 0.598145 0.828613
vt 0.597656 0.835693
vt 0.580566 0.828857
vt 0.590820 0.839722
vt 0.578125 0.832275
vt 0.587402 0.841553
vt 0.604980 0.838867
vt 0.604004 0.839355
vt 0.587891 0.853638
vt 0.584961 0.842896
vt 0.590332 0.853638
vt 0.594238 0.853638
vt 0.602539 0.853638
vt 0.606445 0.848267
vt 0.607422 0.848145
vt 0.597168 0.872681
vt 0.590332 0.868530
vt 0.586914 0.866455
vt 0.584473 0.864990
vt 0.579590 0.853638
vt 0.577637 0.846802
vt 0.583496 0.885864
vt 0.579590 0.878723
vt 0.577637 0.875305
vt 0.577148 0.834595
vt 0.572754 0.841431
vt 0.565430 0.853638
vt 0.577637 0.860962
vt 0.576172 0.872925
vt 0.540527 0.867432
vt 0.540527 0.853516
vt 0.543945 0.865601
vt 0.552734 0.874878
vt 0.554199 0.872559
vt 0.565430 0.875793
vt 0.565430 0.867798
vt 0.572266 0.865967
vt 0.558105 0.865723
vt 0.545898 0.864258
vt 0.543457 0.853516
vt 0.543945 0.840698
vt 0.540527 0.838623
vt 0.551758 0.828369
vt 0.547363 0.821289
vt 0.546387 0.842163
vt 0.553223 0.846191
vt 0.551270 0.853516
vt 0.553223 0.860352
vt 0.565430 0.839355
vt 0.558594 0.841187
vt 0.554688 0.834229
vt 0.553223 0.831909
vt 0.565430 0.828613
vt 0.565430 0.824707
vt 0.565430 0.831421
vt 0.551270 0.815308
vt 0.540527 0.820923
vt 0.533691 0.834473
vt 0.536621 0.853516
vt 0.532715 0.828491
vt 0.528320 0.836548
vt 0.524902 0.848145
vt 0.526855 0.836060
vt 0.531738 0.827637
vt 0.539551 0.819824
vt 0.547363 0.805420
vt 0.555664 0.778687
vt 0.539062 0.783081
vt 0.543457 0.795166
vt 0.534180 0.812500
vt 0.524414 0.822021
vt 0.518555 0.832275
vt 0.508789 0.827637
vt 0.523438 0.847900
vt 0.514160 0.846680
vt 0.503418 0.845215
vt 0.497070 0.822388
vt 0.515625 0.815308
vt 0.527344 0.803833
vt 0.519531 0.793579
vt 0.537598 0.778931
vt 0.517090 0.790039
vt 0.505859 0.807373
vt 0.501953 0.804688
vt 0.492920 0.820557
vt 0.490723 0.843506
vt 0.503418 0.861572
vt 0.514160 0.860229
vt 0.527344 0.903198
vt 0.534180 0.894470
vt 0.539551 0.910278
vt 0.524414 0.884888
vt 0.515625 0.891541
vt 0.506836 0.875305
vt 0.495117 0.880005
vt 0.490723 0.863159
vt 0.486572 0.842896
vt 0.534180 0.922119
vt 0.519531 0.913330
vt 0.505371 0.899292
vt 0.490967 0.881531
vt 0.486328 0.863770
vt 0.484131 0.864014
vt 0.484375 0.842651
vt 0.490967 0.819580
vt 0.479980 0.842041
vt 0.487061 0.817749
vt 0.500488 0.803345
vt 0.471191 0.840820
vt 0.470947 0.865723
vt 0.479004 0.814209
vt 0.497070 0.800659
vt 0.513184 0.784790
vt 0.515625 0.788330
vt 0.535156 0.772705
vt 0.536621 0.776855
vt 0.555176 0.772095
vt 0.468506 0.865967
vt 0.468994 0.840454
vt 0.476807 0.813232
vt 0.490234 0.795288
vt 0.473389 0.811646
vt 0.488281 0.793823
vt 0.507812 0.777832
vt 0.532227 0.764526
vt 0.554199 0.767700
vt 0.577148 0.767944
vt 0.578613 0.756836
vt 0.607422 0.761353
vt 0.605957 0.764771
vt 0.578125 0.759277
vt 0.553223 0.756592
vt 0.553223 0.759033
vt 0.531250 0.762207
vt 0.506348 0.776001
vt 0.503906 0.773071
vt 0.485352 0.791504
vt 0.579102 0.753296
vt 0.552734 0.752930
vt 0.529785 0.758667
vt 0.484131 0.746094
vt 0.517578 0.727295
vt 0.548828 0.719482
vt 0.583984 0.719971
vt 0.620605 0.730469
vt 0.627441 0.773315
vt 0.648438 0.746826
vt 0.645996 0.792236
vt 0.646484 0.823242
vt 0.634277 0.801147
vt 0.654785 0.820190
vt 0.641113 0.795898
vt 0.656738 0.819336
vt 0.643066 0.794434
vt 0.660156 0.817993
vt 0.625000 0.776245
vt 0.623535 0.778076
vt 0.604980 0.766968
vt 0.618164 0.785034
vt 0.601074 0.775024
vt 0.615723 0.788574
vt 0.628906 0.805176
vt 0.630859 0.803833
vt 0.576660 0.772217
vt 0.599609 0.778931
vt 0.614258 0.790283
vt 0.611816 0.793823
vt 0.625488 0.807861
vt 0.603516 0.803955
vt 0.615234 0.815552
vt 0.596680 0.785034
vt 0.598145 0.781006
vt 0.576172 0.774536
vt 0.575684 0.778809
vt 0.613770 0.835693
vt 0.606445 0.822266
vt 0.591309 0.796875
vt 0.573730 0.791504
vt 0.555176 0.774292
vt 0.919922 0.803833
vt 0.920898 0.781128
vt 0.915527 0.826050
vt 0.897461 0.694580
vt 0.907227 0.714844
vt 0.915039 0.736328
vt 0.919434 0.758545
vt 0.591309 0.887329
vt 0.598145 0.878662
vt 0.599121 0.879456
vt 0.604004 0.871094
vt 0.602539 0.870605
vt 0.596680 0.894592
vt 0.606445 0.885071
vt 0.612305 0.874878
vt 0.607422 0.859253
vt 0.606445 0.859009
vt 0.590332 0.886230
vt 0.587402 0.911987
vt 0.603516 0.903320
vt 0.591797 0.924011
vt 0.615234 0.891846
vt 0.622070 0.879456
vt 0.616699 0.860474
vt 0.616699 0.846924
vt 0.627441 0.845581
vt 0.627441 0.861938
vt 0.640137 0.863647
vt 0.633789 0.884705
vt 0.625488 0.899719
vt 0.611328 0.913574
vt 0.613770 0.916992
vt 0.593262 0.928101
vt 0.594238 0.930359
vt 0.638184 0.886475
vt 0.628906 0.902405
vt 0.630371 0.903748
vt 0.615234 0.918884
vt 0.617676 0.922302
vt 0.595703 0.934448
vt 0.599121 0.942596
vt 0.640137 0.887451
vt 0.644531 0.864258
vt 0.654297 0.893921
vt 0.641113 0.911865
vt 0.652344 0.892883
vt 0.633789 0.906433
vt 0.644043 0.889343
vt 0.646973 0.864624
vt 0.646973 0.843140
vt 0.651367 0.865112
vt 0.651367 0.842529
vt 0.660156 0.841431
vt 0.659668 0.866333
vt 0.662598 0.841187
vt 0.662109 0.866699
vt 0.643066 0.913330
vt 0.623047 0.929260
vt 0.657715 0.895447
vt 0.666016 0.867188
vt 0.666016 0.840698
vt 0.672852 0.772095
vt 0.691895 0.805542
vt 0.699707 0.836670
vt 0.699219 0.872070
vt 0.688477 0.908813
vt 0.645996 0.915588
vt 0.672363 0.936462
vt 0.626953 0.934082
vt 0.646973 0.961090
vt 0.601074 0.948395
vt 0.613281 0.979752
vt 0.578613 0.954193
vt 0.582520 0.987663
vt 0.551758 0.953857
vt 0.546875 0.987190
vt 0.523438 0.945770
vt 0.624512 0.931152
vt 0.552246 0.950195
vt 0.578125 0.950500
vt 0.599609 0.944916
vt 0.524902 0.942352
vt 0.505859 0.930908
vt 0.552734 0.947845
vt 0.577637 0.948120
vt 0.576660 0.939392
vt 0.553711 0.939178
vt 0.525879 0.940155
vt 0.507324 0.929016
vt 0.489746 0.911194
vt 0.488037 0.912659
vt 0.512695 0.922058
vt 0.529785 0.932129
vt 0.554688 0.934875
vt 0.576172 0.935059
vt 0.575684 0.932861
vt 0.554688 0.932617
vt 0.531738 0.928162
vt 0.515137 0.918579
vt 0.496826 0.905945
vt 0.484619 0.883789
vt 0.500000 0.903320
vt 0.476562 0.886963
vt 0.479736 0.864624
vt 0.474121 0.887817
vt 0.488770 0.882263
vt 0.501953 0.901917
vt 0.516602 0.916809
vt 0.532715 0.926086
vt 0.555176 0.928284
vt 0.575195 0.928467
vt 0.573730 0.915710
vt 0.583496 0.901672
vt 0.572266 0.904785
vt 0.558594 0.904724
vt 0.557129 0.915649
vt 0.580078 0.893127
vt 0.570801 0.895691
vt 0.560059 0.895691
vt 0.543945 0.900269
vt 0.547852 0.891968
vt 0.548340 0.890747
vt 0.540527 0.886108
vt 0.560059 0.894348
vt 0.570801 0.894348
vt 0.579590 0.891846
vt 0.565430 0.890686
vt 0.565430 0.878479
vt 0.565430 0.882446
vt 0.546387 0.885254
vt 0.533203 0.871460
vt 0.550781 0.878235
vt 0.528320 0.853516
vt 0.524902 0.858887
vt 0.527344 0.867798
vt 0.532715 0.878479
vt 0.523438 0.859009
vt 0.525879 0.868286
vt 0.531738 0.879333
vt 0.539551 0.887207
vt 0.517090 0.871460
vt 0.640625 0.843872
vt 0.636230 0.827148
vt 0.640137 0.825562
vt 0.645020 0.843384
vt 0.642090 0.824829
vt 0.624023 0.831787
vt 0.465332 0.839966
vt 0.464844 0.866455
vt 0.470703 0.889099
vt 0.485107 0.914856
vt 0.482666 0.960297
vt 0.458008 0.934998
vt 0.439453 0.901611
vt 0.431396 0.870483
vt 0.431885 0.835083
vt 0.442383 0.798340
vt 0.458740 0.770630
vt 0.510254 0.976746
vt 0.503418 0.933838
vt 0.819336 0.728760
vt 0.814941 0.725098
vt 0.864258 0.697998
vt 0.895996 0.622803
vt 0.885254 0.595947
vt 0.889160 0.594482
vt 0.891113 0.623047
vt 0.893555 0.651611
vt 0.889160 0.650635
vt 0.882324 0.677734
vt 0.877930 0.675537
vt 0.859863 0.695068
vt 0.797852 0.704346
vt 0.875000 0.569092
vt 0.867676 0.646484
vt 0.869141 0.625244
vt 0.858398 0.665283
vt 0.842285 0.678955
vt 0.854492 0.664062
vt 0.838379 0.675537
vt 0.816895 0.566162
vt 0.797363 0.568359
vt 0.863770 0.646484
vt 0.835449 0.572754
vt 0.838379 0.570312
vt 0.818848 0.562744
vt 0.851562 0.552734
vt 0.871582 0.571777
vt 0.853516 0.584961
vt 0.850098 0.586426
vt 0.865723 0.626465
vt 0.854004 0.549072
vt 0.863770 0.604248
vt 0.860352 0.605469
vt 0.826660 0.541748
vt 0.828125 0.537354
vt 0.799805 0.539551
vt 0.797852 0.563232
vt 0.746582 0.547607
vt 0.747559 0.574463
vt 0.748047 0.584473
vt 0.801270 0.534424
vt 0.747559 0.541748
vt 0.791504 0.696533
vt 0.816895 0.241211
vt 0.804199 0.241699
vt 0.816406 0.216309
vt 0.807129 0.047363
vt 0.779297 0.044434
vt 0.803223 0.023926
vt 0.781250 0.056152
vt 0.812012 0.060059
vt 0.782715 0.090332
vt 0.812500 0.085449
vt 0.792969 0.216309
vt 0.788086 0.233398
vt 0.791992 0.242188
vt 0.753418 0.050293
vt 0.753418 0.040039
vt 0.753418 0.092285
vt 0.769531 0.216309
vt 0.780762 0.225098
vt 0.756836 0.208984
vt 0.744629 0.099121
vt 0.714844 0.194824
vt 0.729004 0.079102
vt 0.723145 0.088867
vt 0.719727 0.091797
vt 0.710938 0.196777
vt 0.678711 0.187988
vt 0.699219 0.073730
vt 0.670410 0.176758
vt 0.680176 0.055664
vt 0.701660 0.069824
vt 0.707031 0.058594
vt 0.681641 0.051758
vt 0.677734 0.050293
vt 0.684082 0.039551
vt 0.677246 0.055176
vt 0.653809 0.171875
vt 0.668457 0.054199
vt 0.667480 0.049805
vt 0.673828 0.039551
vt 0.674805 0.031250
vt 0.685547 0.029297
vt 0.676758 0.021484
vt 0.644043 0.170410
vt 0.687500 0.017578
vt 0.708496 0.020996
vt 0.709473 0.034668
vt 0.729004 0.023926
vt 0.731445 0.040527
vt 0.753418 0.026367
vt 0.775879 0.027344
vt 0.688477 0.041016
vt 0.658203 0.702637
vt 0.675293 0.741455
vt 0.662598 0.723633
vt 0.693359 0.753052
vt 0.661621 0.681152
vt 0.714844 0.756836
vt 0.673340 0.662842
vt 0.735840 0.752075
vt 0.691406 0.650391
vt 0.782227 0.731689
vt 0.737793 0.629883
vt 0.036102 0.361816
vt 0.040558 0.370117
vt 0.044250 0.377930
vt 0.048004 0.385254
vt 0.917480 0.312988
vt 0.899414 0.315918
vt 0.917969 0.394531
vt 0.900391 0.394531
vt 0.908691 0.401367
vt 0.917969 0.401367
vt 0.716797 0.464844
vt 0.684570 0.478516
vt 0.719727 0.472656
vt 0.745605 0.451660
vt 0.751465 0.471680
vt 0.717773 0.482910
vt 0.695801 0.505859
vt 0.649902 0.499023
vt 0.646973 0.510986
vt 0.639648 0.499023
vt 0.642578 0.490234
vt 0.739746 0.505615
vt 0.757812 0.445312
vt 0.765137 0.472168
vt 0.754883 0.500732
vt 0.751953 0.520508
vt 0.695312 0.518799
vt 0.699707 0.408691
vt 0.684082 0.436035
vt 0.715332 0.418945
vt 0.695312 0.442871
vt 0.707031 0.453125
vt 0.732910 0.434570
vt 0.743652 0.426270
vt 0.724609 0.408691
vt 0.707031 0.396973
vt 0.646484 0.468750
vt 0.667480 0.426758
vt 0.660645 0.423828
vt 0.671387 0.403809
vt 0.682129 0.399414
vt 0.674316 0.388184
vt 0.686523 0.387207
vt 0.921875 0.401367
vt 0.920410 0.289062
vt 0.929199 0.290039
vt 0.930176 0.401367
vt 0.937500 0.291504
vt 0.938477 0.401367
vt 0.946289 0.292480
vt 0.947266 0.401367
vt 0.920898 0.237305
vt 0.929199 0.238770
vt 0.937988 0.240723
vt 0.946289 0.242188
vt 0.954590 0.243652
vt 0.954102 0.292969
vt 0.954590 0.401367
vt 0.888184 0.544922
vt 0.885742 0.544922
vt 0.885742 0.471680
vt 0.883301 0.471680
vt 0.883789 0.544922
vt 0.880859 0.471680
vt 0.881348 0.545166
vt 0.878418 0.472168
vt 0.878906 0.545166
vt 0.875977 0.472168
vt 0.875977 0.545166
vt 0.873535 0.472168
vt 0.874023 0.545410
vt 0.871094 0.472168
vt 0.871582 0.545410
vt 0.868652 0.472168
vt 0.869141 0.545654
vt 0.866211 0.472168
vt 0.866699 0.545654
vt 0.863770 0.472656
vt 0.567383 0.350586
vt 0.567383 0.241211
vt 0.586914 0.346191
vt 0.586914 0.245117
vt 0.745117 0.245117
vt 0.586914 0.225098
vt 0.745117 0.225098
vt 0.745117 0.366699
vt 0.586914 0.366699
vt 0.745117 0.346191
vt 0.765137 0.241211
vt 0.765137 0.350586
vt 0.923340 0.020996
vt 0.940918 0.104004
vt 0.916504 0.028809
vt 0.951172 0.106445
vt 0.935547 0.016602
vt 0.963867 0.102051
vt 0.918457 0.018555
vt 0.892578 0.013184
vt 0.914551 0.005859
vt 0.896973 0.025879
vt 0.904785 0.032715
vt 0.929199 0.107910
vt 0.948730 0.110840
vt 0.927246 0.118164
vt 0.953125 0.123535
vt 0.931152 0.130371
vt 0.922363 0.115723
vt 0.894531 0.030273
vt 0.910156 0.119629
vt 0.881836 0.034180
vt 0.995117 0.484375
vt 0.972168 0.478516
vt 0.983398 0.479004
vt 0.969727 0.545166
vt 0.991699 0.534668
vt 0.979492 0.554932
vt 0.989746 0.559814
vt 0.411621 0.774658
vt 0.387207 0.702881
vt 0.413818 0.766968
vt 0.392578 0.704346
vt 0.397217 0.694336
vt 0.407715 0.691406
vt 0.427490 0.755249
vt 0.420898 0.766724
vt 0.436523 0.365723
vt 0.402588 0.362305
vt 0.438965 0.361816
vt 0.393066 0.356445
vt 0.445801 0.371582
vt 0.447998 0.382324
vt 0.411377 0.375000
vt 0.397217 0.362305
vt 0.798828 0.520996
vt 0.796387 0.520996
vt 0.795898 0.447754
vt 0.793457 0.447754
vt 0.793945 0.520996
vt 0.791504 0.447754
vt 0.791504 0.521240
vt 0.789062 0.448242
vt 0.789062 0.521240
vt 0.786621 0.448242
vt 0.811035 0.520508
vt 0.808594 0.520508
vt 0.808105 0.447266
vt 0.805664 0.447266
vt 0.806152 0.520508
vt 0.803223 0.447266
vt 0.803711 0.520752
vt 0.801270 0.447754
vt 0.801270 0.520752
vt 0.798828 0.447754
vt 0.529785 0.359375
vt 0.529785 0.360352
vt 0.527832 0.352051
vt 0.526855 0.358887
vt 0.526367 0.359863
vt 0.525391 0.367188
vt 0.529297 0.367676
vt 0.400146 0.656982
vt 0.430176 0.669922
vt 0.404297 0.675293
vt 0.452393 0.657715
vt 0.447021 0.614014
vt 0.395752 0.619141
vt 0.383057 0.658447
vt 0.356445 0.623291
vt 0.339844 0.637695
vt 0.369141 0.671387
vt 0.348389 0.787598
vt 0.376465 0.775513
vt 0.364014 0.806274
vt 0.385498 0.785278
vt 0.419434 0.807373
vt 0.407959 0.831421
vt 0.427002 0.858154
vt 0.407959 0.858765
vt 0.424072 0.913940
vt 0.404785 0.913391
vt 0.423584 0.969376
vt 0.404541 0.969376
vt 0.423584 0.987404
vt 0.404541 0.987404
vt 0.065796 0.084473
vt 0.019455 0.068848
vt 0.023926 0.089355
vt 0.066528 0.061523
vt 0.114685 0.085449
vt 0.117798 0.059082
vt 0.183594 0.084473
vt 0.180420 0.058594
vt 0.253418 0.060059
vt 0.254150 0.083984
vt 0.297363 0.059082
vt 0.296387 0.083008
vt 0.308105 0.063965
vt 0.308350 0.086914
vt 0.320068 0.083008
vt 0.318848 0.059082
vt 0.362305 0.083496
vt 0.362793 0.060059
vt 0.432861 0.084473
vt 0.435791 0.058105
vt 0.498535 0.058594
vt 0.501465 0.084473
vt 0.549805 0.060547
vt 0.550781 0.083496
vt 0.614258 0.067871
vt 0.592773 0.087891
vt 0.613770 0.090332
vt 0.617676 0.104004
vt 0.599121 0.111816
vt 0.645996 0.129883
vt 0.607910 0.134277
vt 0.908203 0.555420
vt 0.900391 0.564941
vt 0.900391 0.555176
vt 0.902344 0.552002
vt 0.908691 0.552734
vt 0.909180 0.546631
vt 0.903320 0.545898
vt 0.904297 0.533447
vt 0.474609 0.542725
vt 0.469727 0.567627
vt 0.468994 0.542480
vt 0.473633 0.472168
vt 0.482666 0.456055
vt 0.469971 0.446289
vt 0.460205 0.464844
vt 0.500488 0.419922
vt 0.512695 0.417480
vt 0.548828 0.168457
vt 0.596680 0.175781
vt 0.589844 0.156250
vt 0.550293 0.190430
vt 0.500000 0.175293
vt 0.499268 0.201660
vt 0.431152 0.184082
vt 0.436035 0.209961
vt 0.362549 0.215332
vt 0.360596 0.191406
vt 0.318115 0.217285
vt 0.318848 0.193848
vt 0.307129 0.212891
vt 0.307129 0.189941
vt 0.295410 0.193848
vt 0.296143 0.217285
vt 0.253418 0.191406
vt 0.251709 0.215332
vt 0.182983 0.184570
vt 0.178223 0.210449
vt 0.115112 0.202148
vt 0.114319 0.175781
vt 0.063843 0.191406
vt 0.065369 0.169434
vt 0.017487 0.176758
vt 0.024063 0.157715
s 1
f 1/1/1 2/2/1 3/3/1
f 3/3/1 2/2/1 4/4/1
f 5/5/1 6/6/2 7/7/1
f 8/8/1 9/9/1 10/10/1
f 10/10/1 9/9/1 11/11/3
f 11/11/3 9/9/1 7/7/1
f 7/7/1 6/6/2 12/12/4
f 7/7/1 12/12/4 11/11/3
f 12/12/4 6/6/2 13/13/5
f 13/13/5 6/6/2 14/14/2
f 13/13/5 14/14/2 15/15/6
f 15/15/6 14/14/2 16/16/7
f 16/16/7 17/17/7 15/15/6
f 11/11/3 18/18/8 10/10/1
f 15/15/6 19/19/9 13/13/5
f 11/11/3 19/19/9 18/18/8
f 12/12/4 20/20/10 11/11/3
f 20/20/10 19/19/9 11/11/3
f 13/13/5 19/19/9 20/20/10
f 13/13/5 20/20/10 12/12/4
f 19/19/9 21/21/11 18/18/8
f 15/15/6 21/21/11 19/19/9
f 15/15/6 17/17/7 21/21/11
f 17/17/7 22/22/1 21/21/11
f 18/18/8 21/21/11 22/22/1
f 23/23/12 22/22/1 17/17/7
f 18/18/8 22/22/1 24/24/1
f 10/10/1 18/18/8 24/24/1
f 10/10/1 24/24/1 25/25/1
f 25/25/1 26/26/1 10/10/1
f 8/8/1 10/10/1 27/27/1
f 10/10/1 26/26/1 27/27/1
f 24/24/1 28/28/2 25/25/1
f 29/29/13 23/23/12 30/30/13
f 31/31/12 22/22/1 23/23/12
f 31/31/12 23/23/12 29/29/13
f 31/31/12 32/32/12 22/22/1
f 22/22/1 32/32/12 24/24/1
f 32/32/12 28/28/2 24/24/1
f 28/28/2 32/32/12 33/33/13
f 31/31/12 34/34/13 32/32/12
f 29/29/13 34/34/13 31/31/12
f 33/33/13 32/32/12 34/34/13
f 35/35/14 36/36/15 37/37/16
f 35/35/14 37/37/16 38/38/17
f 38/38/17 37/37/16 39/39/18
f 38/38/17 39/39/18 40/40/19
f 40/40/19 39/39/18 41/41/20
f 40/40/19 41/41/20 42/42/21
f 42/42/21 41/41/20 43/43/22
f 44/44/23 43/43/22 41/41/20
f 45/45/24 43/43/22 44/44/23
f 46/46/25 43/43/22 45/45/24
f 47/47/26 42/42/21 43/43/22
f 47/47/26 43/43/22 46/46/25
f 42/42/21 48/48/27 40/40/19
f 48/48/27 42/42/21 47/47/26
f 40/40/19 48/48/27 49/49/28
f 40/40/19 49/49/28 38/38/17
f 38/38/17 50/50/29 35/35/14
f 38/38/17 49/49/28 50/50/29
f 35/35/14 50/50/29 51/51/30
f 52/52/31 35/35/14 51/51/30
f 53/53/32 35/35/14 52/52/31
f 52/52/31 54/54/33 53/53/32
f 55/55/34 54/54/33 52/52/31
f 56/56/35 54/54/33 55/55/34
f 57/57/36 56/56/35 55/55/34
f 58/58/37 56/56/35 57/57/36
f 58/58/37 57/57/36 59/59/38
f 60/60/39 54/54/33 56/56/35
f 61/61/40 59/59/38 62/62/41
f 59/59/38 57/57/36 62/62/41
f 63/63/42 59/59/38 61/61/40
f 64/64/43 63/63/42 61/61/40
f 64/64/43 61/61/40 65/65/44
f 61/61/40 62/62/41 66/66/45
f 65/65/44 61/61/40 66/66/45
f 66/66/45 62/62/41 67/67/46
f 62/62/41 68/68/47 67/67/46
f 57/57/36 68/68/47 62/62/41
f 57/57/36 55/55/34 68/68/47
f 68/68/47 55/55/34 52/52/31
f 63/63/42 69/69/48 59/59/38
f 70/70/49 63/63/42 64/64/43
f 70/70/49 69/69/48 63/63/42
f 64/64/43 71/71/50 70/70/49
f 64/64/43 65/65/44 71/71/50
f 71/71/50 65/65/44 72/72/51
f 73/73/52 71/71/50 72/72/51
f 74/74/53 71/71/50 73/73/52
f 70/70/49 71/71/50 75/75/54
f 74/74/53 75/75/54 71/71/50
f 76/76/55 75/75/54 74/74/53
f 76/76/55 77/77/56 75/75/54
f 77/77/56 70/70/49 75/75/54
f 78/78/57 69/69/48 70/70/49
f 78/78/57 70/70/49 77/77/56
f 78/78/57 79/79/58 69/69/48
f 77/77/56 80/80/59 78/78/57
f 78/78/57 80/80/59 79/79/58
f 80/80/59 81/81/60 79/79/58
f 79/79/58 81/81/60 82/82/61
f 59/59/38 69/69/48 83/83/62
f 59/59/38 83/83/62 58/58/37
f 69/69/48 79/79/58 84/84/63
f 69/69/48 84/84/63 83/83/62
f 85/85/64 79/79/58 82/82/61
f 84/84/63 79/79/58 85/85/64
f 86/86/65 85/85/64 82/82/61
f 82/82/61 81/81/60 86/86/65
f 86/86/65 81/81/60 87/87/66
f 86/86/65 88/88/67 85/85/64
f 86/86/65 87/87/66 88/88/67
f 89/89/68 90/90/69 91/91/68
f 92/92/70 90/90/69 89/89/68
f 92/92/70 93/93/71 90/90/69
f 94/94/72 88/88/67 93/93/71
f 94/94/72 93/93/71 92/92/70
f 95/95/73 88/88/67 94/94/72
f 85/85/64 88/88/67 95/95/73
f 96/96/74 84/84/63 85/85/64
f 85/85/64 95/95/73 96/96/74
f 83/83/62 84/84/63 97/97/75
f 97/97/75 84/84/63 96/96/74
f 83/83/62 97/97/75 98/98/76
f 58/58/37 83/83/62 98/98/76
f 56/56/35 98/98/76 60/60/39
f 58/58/37 98/98/76 56/56/35
f 98/98/76 97/97/75 99/99/77
f 98/98/76 99/99/77 60/60/39
f 60/60/39 99/99/77 54/54/33
f 97/97/75 96/96/74 99/99/77
f 95/95/73 94/94/72 100/100/78
f 96/96/74 95/95/73 100/100/78
f 99/99/77 96/96/74 100/100/78
f 54/54/33 100/100/78 53/53/32
f 99/99/77 100/100/78 54/54/33
f 92/92/70 101/101/79 94/94/72
f 100/100/78 94/94/72 101/101/79
f 53/53/32 101/101/79 35/35/14
f 100/100/78 101/101/79 53/53/32
f 89/89/68 102/102/80 92/92/70
f 102/102/80 101/101/79 92/92/70
f 35/35/14 101/101/79 102/102/80
f 102/102/80 36/36/15 35/35/14
f 102/102/80 103/103/68 36/36/15
f 103/103/68 102/102/80 89/89/68
f 36/36/15 103/103/68 104/104/68
f 105/105/68 36/36/15 104/104/68
f 36/36/15 106/106/81 37/37/16
f 106/106/81 36/36/15 105/105/68
f 107/107/82 39/39/18 37/37/16
f 37/37/16 106/106/81 107/107/82
f 108/108/83 41/41/20 39/39/18
f 44/44/23 41/41/20 108/108/83
f 108/108/83 39/39/18 107/107/82
f 109/109/84 110/110/85 111/111/86
f 109/109/84 111/111/86 112/112/87
f 112/112/87 111/111/86 113/113/88
f 112/112/87 114/114/89 109/109/84
f 115/115/90 114/114/89 112/112/87
f 116/116/91 114/114/89 115/115/90
f 113/113/88 117/117/92 112/112/87
f 112/112/87 117/117/92 115/115/90
f 113/113/88 118/118/93 117/117/92
f 111/111/86 118/118/93 113/113/88
f 110/110/85 119/119/94 111/111/86
f 119/119/94 118/118/93 111/111/86
f 120/120/95 119/119/94 110/110/85
f 110/110/85 121/121/96 120/120/95
f 117/117/92 118/118/93 122/122/97
f 118/118/93 123/123/98 122/122/97
f 118/118/93 119/119/94 123/123/98
f 120/120/95 124/124/99 119/119/94
f 123/123/98 119/119/94 124/124/99
f 125/125/100 124/124/99 120/120/95
f 121/121/96 126/126/101 120/120/95
f 120/120/95 126/126/101 125/125/100
f 121/121/96 127/127/102 126/126/101
f 128/128/103 127/127/102 121/121/96
f 116/116/91 129/129/104 114/114/89
f 114/114/89 129/129/104 130/130/105
f 109/109/84 114/114/89 130/130/105
f 131/131/106 110/110/85 109/109/84
f 109/109/84 130/130/105 131/131/106
f 110/110/85 131/131/106 132/132/107
f 132/132/107 121/121/96 110/110/85
f 132/132/107 133/133/108 121/121/96
f 121/121/96 133/133/108 128/128/103
f 128/128/103 133/133/108 134/134/109
f 134/134/109 133/133/108 135/135/110
f 132/132/107 131/131/106 136/136/111
f 136/136/111 133/133/108 132/132/107
f 136/136/111 131/131/106 137/137/112
f 131/131/106 130/130/105 138/138/113
f 137/137/112 131/131/106 138/138/113
f 139/139/114 138/138/113 130/130/105
f 130/130/105 129/129/104 139/139/114
f 140/140/115 139/139/114 129/129/104
f 129/129/104 141/141/116 140/140/115
f 141/141/116 129/129/104 116/116/91
f 140/140/115 141/141/116 142/142/117
f 143/143/118 140/140/115 142/142/117
f 144/144/119 140/140/115 143/143/118
f 142/142/117 145/145/120 143/143/118
f 146/146/121 145/145/120 142/142/117
f 146/146/121 142/142/117 147/147/122
f 147/147/122 142/142/117 141/141/116
f 116/116/91 148/148/123 141/141/116
f 141/141/116 148/148/123 147/147/122
f 149/149/99 144/144/119 150/150/124
f 150/150/124 144/144/119 151/151/125
f 151/151/125 144/144/119 143/143/118
f 152/152/126 143/143/118 145/145/120
f 151/151/125 143/143/118 152/152/126
f 146/146/121 153/153/127 145/145/120
f 145/145/120 153/153/127 152/152/126
f 154/154/128 153/153/127 146/146/121
f 146/146/121 147/147/122 154/154/128
f 154/154/128 147/147/122 155/155/129
f 148/148/123 155/155/129 147/147/122
f 152/152/126 153/153/127 156/156/130
f 156/156/130 153/153/127 157/157/131
f 158/158/132 159/159/133 160/160/134
f 157/157/131 159/159/133 161/161/135
f 158/158/132 161/161/135 159/159/133
f 157/157/131 153/153/127 162/162/136
f 162/162/136 159/159/133 157/157/131
f 155/155/129 163/163/137 154/154/128
f 154/154/128 163/163/137 153/153/127
f 153/153/127 163/163/137 162/162/136
f 164/164/138 163/163/137 155/155/129
f 164/164/138 155/155/129 165/165/139
f 160/160/134 166/166/140 167/167/141
f 167/167/141 166/166/140 168/168/142
f 166/166/140 160/160/134 169/169/143
f 164/164/138 165/165/139 169/169/143
f 163/163/137 170/170/144 162/162/136
f 163/163/137 164/164/138 170/170/144
f 160/160/134 159/159/133 170/170/144
f 170/170/144 164/164/138 169/169/143
f 169/169/143 160/160/134 170/170/144
f 162/162/136 170/170/144 159/159/133
f 171/171/145 166/166/140 169/169/143
f 169/169/143 165/165/139 171/171/145
f 172/172/146 166/166/140 171/171/145
f 166/166/140 172/172/146 168/168/142
f 168/168/142 172/172/146 173/173/147
f 174/174/148 173/173/147 172/172/146
f 175/175/149 173/173/147 174/174/148
f 176/176/150 175/175/149 174/174/148
f 177/177/151 175/175/149 176/176/150
f 174/174/148 178/178/152 176/176/150
f 179/179/153 178/178/152 174/174/148
f 179/179/153 172/172/146 171/171/145
f 174/174/148 172/172/146 179/179/153
f 177/177/151 176/176/150 180/180/154
f 178/178/152 181/181/155 176/176/150
f 180/180/154 176/176/150 181/181/155
f 182/182/156 181/181/155 178/178/152
f 179/179/153 183/183/157 178/178/152
f 178/178/152 183/183/157 182/182/156
f 165/165/139 184/184/158 171/171/145
f 184/184/158 183/183/157 179/179/153
f 171/171/145 184/184/158 179/179/153
f 184/184/158 185/185/159 183/183/157
f 184/184/158 165/165/139 185/185/159
f 165/165/139 155/155/129 186/186/160
f 185/185/159 165/165/139 186/186/160
f 186/186/160 155/155/129 148/148/123
f 183/183/157 185/185/159 187/187/161
f 148/148/123 188/188/162 186/186/160
f 186/186/160 188/188/162 185/185/159
f 188/188/162 116/116/91 115/115/90
f 148/148/123 116/116/91 188/188/162
f 187/187/161 185/185/159 189/189/163
f 189/189/163 115/115/90 117/117/92
f 188/188/162 115/115/90 189/189/163
f 189/189/163 185/185/159 188/188/162
f 122/122/97 189/189/163 117/117/92
f 187/187/161 190/190/164 183/183/157
f 187/187/161 189/189/163 190/190/164
f 183/183/157 190/190/164 191/191/165
f 182/182/156 183/183/157 191/191/165
f 192/192/166 189/189/163 122/122/97
f 190/190/164 189/189/163 192/192/166
f 190/190/164 193/193/167 191/191/165
f 193/193/167 194/194/135 191/191/165
f 191/191/165 194/194/135 182/182/156
f 195/195/168 193/193/167 190/190/164
f 190/190/164 192/192/166 195/195/168
f 195/195/168 192/192/166 196/196/126
f 122/122/97 123/123/98 197/197/169
f 197/197/169 192/192/166 122/122/97
f 196/196/126 192/192/166 197/197/169
f 182/182/156 198/198/170 181/181/155
f 194/194/135 198/198/170 182/182/156
f 180/180/154 181/181/155 199/199/171
f 199/199/171 181/181/155 198/198/170
f 200/200/172 180/180/154 199/199/171
f 201/201/173 180/180/154 200/200/172
f 201/201/173 177/177/151 180/180/154
f 202/202/174 177/177/151 201/201/173
f 177/177/151 203/203/175 175/175/149
f 202/202/174 203/203/175 177/177/151
f 173/173/147 175/175/149 204/204/176
f 204/204/176 175/175/149 203/203/175
f 205/205/177 173/173/147 204/204/176
f 168/168/142 173/173/147 205/205/177
f 168/168/142 206/206/178 167/167/141
f 205/205/177 206/206/178 168/168/142
f 207/207/179 160/160/134 167/167/141
f 158/158/132 160/160/134 207/207/179
f 206/206/178 207/207/179 167/167/141
f 208/208/180 161/161/135 158/158/132
f 207/207/179 208/208/180 158/158/132
f 209/209/181 208/208/180 207/207/179
f 210/210/182 207/207/179 206/206/178
f 210/210/182 209/209/181 207/207/179
f 211/211/183 209/209/181 210/210/182
f 212/212/184 213/213/185 214/214/186
f 215/215/187 212/212/184 214/214/186
f 213/213/185 216/216/188 217/217/189
f 217/217/189 216/216/188 218/218/190
f 214/214/186 213/213/185 219/219/191
f 219/219/191 213/213/185 217/217/189
f 214/214/186 220/220/192 215/215/187
f 219/219/191 220/220/192 214/214/186
f 215/215/187 220/220/192 221/221/193
f 221/221/193 222/222/194 215/215/187
f 223/223/195 212/212/184 215/215/187
f 215/215/187 222/222/194 223/223/195
f 212/212/184 223/223/195 224/224/196
f 225/225/197 222/222/194 221/221/193
f 226/226/198 222/222/194 225/225/197
f 221/221/193 227/227/199 225/225/197
f 221/221/193 220/220/192 227/227/199
f 220/220/192 219/219/191 228/228/200
f 220/220/192 228/228/200 227/227/199
f 217/217/189 229/229/201 219/219/191
f 228/228/200 219/219/191 229/229/201
f 218/218/190 230/230/202 217/217/189
f 230/230/202 229/229/201 217/217/189
f 227/227/199 228/228/200 231/231/203
f 225/225/197 227/227/199 232/232/204
f 231/231/203 232/232/204 227/227/199
f 233/233/205 232/232/204 231/231/203
f 234/234/206 230/230/202 218/218/190
f 235/235/207 234/234/206 218/218/190
f 236/236/208 234/234/206 235/235/207
f 237/237/209 236/236/208 235/235/207
f 238/238/210 236/236/208 237/237/209
f 237/237/209 239/239/205 238/238/210
f 240/240/211 239/239/205 237/237/209
f 241/241/212 240/240/211 237/237/209
f 242/242/213 240/240/211 241/241/212
f 241/241/212 243/243/214 242/242/213
f 216/216/188 213/213/185 244/244/215
f 244/244/215 245/245/216 216/216/188
f 235/235/207 245/245/216 237/237/209
f 237/237/209 245/245/216 241/241/212
f 241/241/212 245/245/216 243/243/214
f 218/218/190 245/245/216 235/235/207
f 216/216/188 245/245/216 218/218/190
f 243/243/214 245/245/216 246/246/217
f 246/246/217 245/245/216 244/244/215
f 246/246/217 244/244/215 247/247/218
f 246/246/217 247/247/218 243/243/214
f 247/247/218 244/244/215 248/248/219
f 247/247/218 248/248/219 249/249/220
f 249/249/220 248/248/219 250/250/221
f 251/251/222 248/248/219 244/244/215
f 251/251/222 213/213/185 212/212/184
f 244/244/215 213/213/185 251/251/222
f 252/252/223 248/248/219 251/251/222
f 251/251/222 212/212/184 252/252/223
f 252/252/223 212/212/184 224/224/196
f 253/253/224 248/248/219 252/252/223
f 250/250/221 248/248/219 253/253/224
f 224/224/196 253/253/224 252/252/223
f 253/253/224 254/254/225 250/250/221
f 255/255/226 250/250/221 254/254/225
f 249/249/220 250/250/221 255/255/226
f 255/255/226 256/256/227 249/249/220
f 243/243/214 247/247/218 257/257/228
f 249/249/220 257/257/228 247/247/218
f 256/256/227 257/257/228 249/249/220
f 258/258/229 254/254/225 253/253/224
f 254/254/225 258/258/229 259/259/230
f 253/253/224 260/260/231 258/258/229
f 260/260/231 253/253/224 224/224/196
f 258/258/229 260/260/231 261/261/232
f 258/258/229 261/261/232 262/262/233
f 259/259/230 258/258/229 262/262/233
f 263/263/234 261/261/232 260/260/231
f 224/224/196 263/263/234 260/260/231
f 224/224/196 223/223/195 264/264/235
f 264/264/235 263/263/234 224/224/196
f 265/265/236 223/223/195 222/222/194
f 264/264/235 223/223/195 265/265/236
f 265/265/236 263/263/234 264/264/235
f 266/266/237 222/222/194 226/226/198
f 265/265/236 222/222/194 266/266/237
f 267/267/238 263/263/234 265/265/236
f 262/262/233 261/261/232 268/268/239
f 269/269/240 261/261/232 263/263/234
f 269/269/240 268/268/239 261/261/232
f 269/269/240 263/263/234 270/270/241
f 270/270/241 263/263/234 267/267/238
f 267/267/238 271/271/242 270/270/241
f 272/272/243 265/265/236 266/266/237
f 267/267/238 265/265/236 272/272/243
f 272/272/243 271/271/242 267/267/238
f 271/271/242 273/273/244 270/270/241
f 270/270/241 273/273/244 274/274/245
f 270/270/241 274/274/245 269/269/240
f 274/274/245 273/273/244 275/275/246
f 275/275/246 273/273/244 276/276/247
f 277/277/248 275/275/246 276/276/247
f 269/269/240 274/274/245 278/278/249
f 278/278/249 268/268/239 269/269/240
f 278/278/249 279/279/250 268/268/239
f 279/279/250 274/274/245 275/275/246
f 278/278/249 274/274/245 279/279/250
f 280/280/251 275/275/246 277/277/248
f 280/280/251 279/279/250 275/275/246
f 277/277/248 281/281/252 280/280/251
f 282/282/253 281/281/252 277/277/248
f 281/281/252 282/282/253 283/283/254
f 283/283/254 282/282/253 284/284/255
f 285/285/256 281/281/252 283/283/254
f 285/285/256 286/286/257 287/287/258
f 288/288/259 285/285/256 287/287/258
f 289/289/260 281/281/252 285/285/256
f 289/289/260 285/285/256 288/288/259
f 281/281/252 289/289/260 280/280/251
f 288/288/259 290/290/261 289/289/260
f 280/280/251 289/289/260 291/291/262
f 291/291/262 279/279/250 280/280/251
f 290/290/261 279/279/250 291/291/262
f 289/289/260 290/290/261 291/291/262
f 292/292/263 279/279/250 290/290/261
f 268/268/239 279/279/250 292/292/263
f 292/292/263 262/262/233 268/268/239
f 288/288/259 293/293/264 290/290/261
f 290/290/261 293/293/264 292/292/263
f 288/288/259 287/287/258 294/294/265
f 294/294/265 293/293/264 288/288/259
f 294/294/265 287/287/258 295/295/266
f 286/286/257 295/295/266 287/287/258
f 296/296/267 295/295/266 286/286/257
f 286/286/257 297/297/268 296/296/267
f 296/296/267 298/298/269 295/295/266
f 295/295/266 298/298/269 299/299/270
f 294/294/265 295/295/266 300/300/271
f 300/300/271 295/295/266 299/299/270
f 300/300/271 301/301/272 294/294/265
f 294/294/265 301/301/272 293/293/264
f 302/302/273 262/262/233 292/292/263
f 301/301/272 302/302/273 293/293/264
f 292/292/263 293/293/264 302/302/273
f 302/302/273 259/259/230 262/262/233
f 299/299/270 298/298/269 303/303/274
f 299/299/270 304/304/275 300/300/271
f 303/303/274 304/304/275 299/299/270
f 300/300/271 305/305/276 301/301/272
f 304/304/275 305/305/276 300/300/271
f 306/306/277 259/259/230 302/302/273
f 306/306/277 302/302/273 301/301/272
f 301/301/272 305/305/276 306/306/277
f 259/259/230 306/306/277 307/307/278
f 255/255/226 254/254/225 307/307/278
f 307/307/278 254/254/225 259/259/230
f 307/307/278 306/306/277 308/308/279
f 306/306/277 305/305/276 308/308/279
f 308/308/279 305/305/276 309/309/280
f 308/308/279 309/309/280 307/307/278
f 307/307/278 309/309/280 310/310/281
f 307/307/278 311/311/282 255/255/226
f 311/311/282 256/256/227 255/255/226
f 310/310/281 311/311/282 307/307/278
f 309/309/280 305/305/276 312/312/283
f 313/313/247 310/310/281 309/309/280
f 312/312/283 313/313/247 309/309/280
f 314/314/284 310/310/281 313/313/247
f 311/311/282 310/310/281 315/315/242
f 315/315/242 310/310/281 314/314/284
f 256/256/227 316/316/243 257/257/228
f 311/311/282 316/316/243 256/256/227
f 315/315/242 316/316/243 311/311/282
f 242/242/213 243/243/214 317/317/198
f 257/257/228 317/317/198 243/243/214
f 318/318/285 317/317/198 257/257/228
f 257/257/228 316/316/243 318/318/285
f 319/319/286 320/320/287 321/321/287
f 321/321/287 320/320/287 322/322/288
f 323/323/289 324/324/290 325/325/289
f 326/326/291 327/327/292 328/328/293
f 326/326/291 328/328/293 329/329/294
f 329/329/294 328/328/293 324/324/290
f 330/330/295 324/324/290 323/323/289
f 324/324/290 330/330/295 329/329/294
f 331/331/289 330/330/295 323/323/289
f 332/332/296 330/330/295 331/331/289
f 332/332/296 333/333/293 330/330/295
f 334/334/297 333/333/293 332/332/296
f 333/333/293 334/334/297 335/335/298
f 335/335/298 334/334/297 336/336/299
f 337/337/300 335/335/298 336/336/299
f 329/329/294 330/330/295 338/338/301
f 333/333/293 338/338/301 330/330/295
f 339/339/302 340/340/300 341/341/302
f 337/337/300 340/340/300 342/342/302
f 342/342/302 340/340/300 339/339/302
f 337/337/300 343/343/300 335/335/298
f 343/343/300 337/337/300 342/342/302
f 343/343/300 344/344/302 335/335/298
f 335/335/298 344/344/302 345/345/303
f 345/345/303 346/346/304 335/335/298
f 335/335/298 346/346/304 347/347/305
f 347/347/305 346/346/304 348/348/306
f 349/349/307 327/327/292 326/326/291
f 326/326/291 350/350/308 349/349/307
f 349/349/307 350/350/308 351/351/309
f 351/351/309 350/350/308 352/352/310
f 348/348/306 352/352/310 347/347/305
f 347/347/305 352/352/310 353/353/311
f 353/353/311 352/352/310 350/350/308
f 354/354/312 347/347/305 353/353/311
f 335/335/298 347/347/305 354/354/312
f 354/354/312 333/333/293 335/335/298
f 333/333/293 355/355/313 338/338/301
f 355/355/313 333/333/293 354/354/312
f 355/355/313 356/356/314 338/338/301
f 353/353/311 356/356/314 354/354/312
f 354/354/312 356/356/314 355/355/313
f 350/350/308 357/357/315 353/353/311
f 353/353/311 357/357/315 356/356/314
f 329/329/294 357/357/315 326/326/291
f 357/357/315 350/350/308 326/326/291
f 338/338/301 356/356/314 358/358/316
f 356/356/314 357/357/315 358/358/316
f 338/338/301 359/359/317 329/329/294
f 359/359/317 357/357/315 329/329/294
f 358/358/316 357/357/315 359/359/317
f 358/358/316 359/359/317 338/338/301
f 360/360/318 352/352/310 348/348/306
f 360/360/318 361/361/319 352/352/310
f 352/352/310 361/361/319 351/351/309
f 351/351/309 361/361/319 362/362/320
f 349/349/307 351/351/309 363/363/321
f 363/363/321 351/351/309 362/362/320
f 364/364/302 349/349/307 363/363/321
f 327/327/292 349/349/307 364/364/302
f 365/365/322 366/366/323 367/367/324
f 368/368/325 367/367/324 364/364/302
f 365/365/322 367/367/324 368/368/325
f 363/363/321 369/369/302 364/364/302
f 364/364/302 369/369/302 368/368/325
f 370/370/326 371/371/327 372/372/328
f 373/373/329 370/370/326 372/372/328
f 374/374/330 373/373/329 372/372/328
f 374/374/330 372/372/328 375/375/331
f 375/375/331 372/372/328 371/371/327
f 375/375/331 371/371/327 376/376/332
f 376/376/332 371/371/327 377/377/333
f 378/378/334 371/371/327 370/370/326
f 371/371/327 378/378/334 377/377/333
f 370/370/326 379/379/335 378/378/334
f 378/378/334 379/379/335 380/380/336
f 379/379/335 381/381/337 380/380/336
f 382/382/338 381/381/337 379/379/335
f 381/381/337 382/382/338 383/383/327
f 383/383/327 382/382/338 384/384/328
f 381/381/337 385/385/339 380/380/336
f 381/381/337 383/383/327 385/385/339
f 380/380/336 385/385/339 386/386/340
f 380/380/336 386/386/340 378/378/334
f 377/377/333 378/378/334 387/387/341
f 378/378/334 386/386/340 387/387/341
f 377/377/333 387/387/341 388/388/342
f 376/376/332 377/377/333 389/389/343
f 389/389/343 377/377/333 388/388/342
f 386/386/340 390/390/344 387/387/341
f 387/387/341 390/390/344 391/391/345
f 388/388/342 387/387/341 391/391/345
f 392/392/346 386/386/340 385/385/339
f 390/390/344 386/386/340 392/392/346
f 392/392/346 385/385/339 393/393/342
f 385/385/339 383/383/327 394/394/347
f 393/393/342 385/385/339 394/394/347
f 395/395/348 392/392/346 393/393/342
f 395/395/348 393/393/342 396/396/349
f 397/397/350 392/392/346 395/395/348
f 397/397/350 390/390/344 392/392/346
f 390/390/344 398/398/351 391/391/345
f 398/398/351 390/390/344 397/397/350
f 396/396/349 399/399/352 395/395/348
f 400/400/353 397/397/350 395/395/348
f 395/395/348 399/399/352 400/400/353
f 401/401/354 397/397/350 400/400/353
f 397/397/350 402/402/355 398/398/351
f 401/401/354 402/402/355 397/397/350
f 398/398/351 402/402/355 403/403/356
f 391/391/345 398/398/351 403/403/356
f 403/403/356 388/388/342 391/391/345
f 399/399/352 404/404/357 405/405/358
f 405/405/358 400/400/353 399/399/352
f 406/406/359 400/400/353 405/405/358
f 401/401/354 400/400/353 407/407/360
f 407/407/360 400/400/353 406/406/359
f 402/402/355 401/401/354 408/408/361
f 408/408/361 401/401/354 407/407/360
f 402/402/355 408/408/361 409/409/362
f 403/403/356 402/402/355 409/409/362
f 409/409/362 410/410/348 403/403/356
f 410/410/348 388/388/342 403/403/356
f 389/389/343 388/388/342 411/411/350
f 411/411/350 388/388/342 410/410/348
f 411/411/350 412/412/355 413/413/363
f 411/411/350 410/410/348 414/414/364
f 414/414/364 412/412/355 411/411/350
f 414/414/364 410/410/348 415/415/365
f 415/415/365 410/410/348 409/409/362
f 409/409/362 408/408/361 416/416/358
f 416/416/358 415/415/365 409/409/362
f 417/417/366 415/415/365 416/416/358
f 415/415/365 418/418/360 414/414/364
f 417/417/366 418/418/360 415/415/365
f 412/412/355 414/414/364 419/419/367
f 419/419/367 414/414/364 418/418/360
f 419/419/367 420/420/368 412/412/355
f 412/412/355 420/420/368 421/421/369
f 421/421/369 422/422/370 412/412/355
f 412/412/355 422/422/370 413/413/363
f 389/389/343 411/411/350 423/423/371
f 422/422/370 423/423/371 413/413/363
f 423/423/371 411/411/350 413/413/363
f 424/424/372 423/423/371 422/422/370
f 423/423/371 424/424/372 425/425/340
f 376/376/332 389/389/343 425/425/340
f 425/425/340 389/389/343 423/423/371
f 425/425/340 424/424/372 426/426/373
f 425/425/340 426/426/373 427/427/336
f 427/427/336 376/376/332 425/425/340
f 375/375/331 376/376/332 427/427/336
f 427/427/336 426/426/373 428/428/374
f 429/429/375 375/375/331 427/427/336
f 374/374/330 375/375/331 429/429/375
f 427/427/336 428/428/374 429/429/375
f 374/374/330 429/429/375 430/430/376
f 430/430/376 373/373/329 374/374/330
f 430/430/376 431/431/377 373/373/329
f 432/432/378 431/431/377 430/430/376
f 432/432/378 430/430/376 433/433/379
f 430/430/376 429/429/375 434/434/380
f 433/433/379 430/430/376 434/434/380
f 429/429/375 428/428/374 435/435/381
f 435/435/381 434/434/380 429/429/375
f 436/436/382 434/434/380 435/435/381
f 434/434/380 437/437/383 433/433/379
f 436/436/382 437/437/383 434/434/380
f 438/438/384 433/433/379 437/437/383
f 439/439/385 433/433/379 438/438/384
f 432/432/378 433/433/379 440/440/386
f 440/440/386 433/433/379 439/439/385
f 432/432/378 441/441/366 431/431/377
f 440/440/386 441/441/366 432/432/378
f 442/442/387 373/373/329 431/431/377
f 431/431/377 441/441/366 442/442/387
f 442/442/387 441/441/366 443/443/388
f 444/444/389 370/370/326 373/373/329
f 444/444/389 373/373/329 442/442/387
f 444/444/389 445/445/380 370/370/326
f 370/370/326 445/445/380 379/379/335
f 445/445/380 446/446/376 379/379/335
f 382/382/338 446/446/376 384/384/328
f 379/379/335 446/446/376 382/382/338
f 447/447/378 446/446/376 448/448/379
f 442/442/387 448/448/379 444/444/389
f 444/444/389 448/448/379 445/445/380
f 448/448/379 446/446/376 445/445/380
f 448/448/379 442/442/387 449/449/390
f 449/449/390 442/442/387 443/443/388
f 447/447/378 448/448/379 450/450/391
f 450/450/391 448/448/379 449/449/390
f 447/447/378 450/450/391 451/451/392
f 451/451/392 446/446/376 447/447/378
f 384/384/328 446/446/376 452/452/329
f 452/452/329 446/446/376 451/451/392
f 384/384/328 453/453/393 383/383/327
f 384/384/328 452/452/329 453/453/393
f 451/451/392 450/450/391 454/454/366
f 451/451/392 455/455/387 452/452/329
f 454/454/366 455/455/387 451/451/392
f 453/453/393 452/452/329 456/456/389
f 452/452/329 455/455/387 456/456/389
f 453/453/393 456/456/389 457/457/381
f 383/383/327 458/458/334 394/394/347
f 453/453/393 457/457/381 458/458/334
f 383/383/327 453/453/393 458/458/334
f 458/458/334 457/457/381 459/459/394
f 458/458/334 459/459/394 460/460/341
f 394/394/347 458/458/334 460/460/341
f 460/460/341 393/393/342 394/394/347
f 460/460/341 459/459/394 461/461/373
f 462/462/345 393/393/342 460/460/341
f 396/396/349 393/393/342 462/462/345
f 461/461/373 462/462/345 460/460/341
f 463/463/372 462/462/345 461/461/373
f 464/464/370 462/462/345 463/463/372
f 396/396/349 462/462/345 464/464/370
f 457/457/381 456/456/389 465/465/382
f 466/466/383 456/456/389 455/455/387
f 465/465/382 456/456/389 466/466/383
f 467/467/388 455/455/387 454/454/366
f 455/455/387 467/467/388 466/466/383
f 466/466/383 467/467/388 468/468/395
f 399/399/352 396/396/349 469/469/369
f 469/469/369 396/396/349 464/464/370
f 469/469/369 404/404/357 399/399/352
f 470/470/396 471/471/397 472/472/398
f 472/472/398 471/471/397 473/473/399
f 473/473/399 471/471/397 474/474/400
f 475/475/401 476/476/402 477/477/403
f 477/477/403 476/476/402 478/478/404
f 476/476/402 474/474/400 478/478/404
f 474/474/400 471/471/397 479/479/405
f 478/478/404 474/474/400 479/479/405
f 471/471/397 480/480/397 479/479/405
f 471/471/397 470/470/396 480/480/397
f 480/480/397 470/470/396 481/481/406
f 479/479/405 480/480/397 482/482/405
f 478/478/404 479/479/405 483/483/407
f 483/483/407 479/479/405 482/482/405
f 477/477/403 478/478/404 484/484/408
f 484/484/408 478/478/404 483/483/407
f 484/484/408 485/485/409 477/477/403
f 477/477/403 485/485/409 486/486/410
f 486/486/410 475/475/401 477/477/403
f 486/486/410 485/485/409 487/487/411
f 487/487/411 488/488/412 486/486/410
f 488/488/412 487/487/411 489/489/413
f 487/487/411 485/485/409 489/489/413
f 490/490/414 485/485/409 484/484/408
f 489/489/413 485/485/409 490/490/414
f 486/486/410 488/488/412 491/491/415
f 492/492/416 493/493/417 489/489/413
f 489/489/413 493/493/417 494/494/418
f 489/489/413 494/494/418 488/488/412
f 494/494/418 493/493/417 495/495/419
f 491/491/415 488/488/412 495/495/419
f 495/495/419 488/488/412 494/494/418
f 495/495/419 496/496/420 491/491/415
f 496/496/420 486/486/410 491/491/415
f 497/497/421 486/486/410 496/496/420
f 497/497/421 475/475/401 486/486/410
f 498/498/422 496/496/420 495/495/419
f 498/498/422 495/495/419 499/499/423
f 495/495/419 493/493/417 500/500/424
f 499/499/423 495/495/419 500/500/424
f 499/499/423 500/500/424 501/501/425
f 502/502/426 503/503/427 504/504/428
f 504/504/428 503/503/427 505/505/429
f 505/505/429 506/506/430 504/504/428
f 505/505/429 507/507/431 506/506/430
f 501/501/425 508/508/432 507/507/431
f 507/507/431 508/508/432 506/506/430
f 501/501/425 500/500/424 508/508/432
f 509/509/433 508/508/432 500/500/424
f 509/509/433 493/493/417 492/492/416
f 500/500/424 493/493/417 509/509/433
f 504/504/428 506/506/430 510/510/430
f 511/511/434 506/506/430 508/508/432
f 511/511/434 508/508/432 509/509/433
f 510/510/430 506/506/430 511/511/434
f 512/512/429 507/507/431 505/505/429
f 513/513/435 505/505/429 503/503/427
f 512/512/429 505/505/429 513/513/435
f 514/514/436 515/515/437 516/516/437
f 514/514/436 516/516/437 517/517/436
f 518/518/438 519/519/439 520/520/440
f 521/521/438 519/519/439 518/518/438
f 522/522/441 521/521/438 518/518/438
f 523/523/441 521/521/438 522/522/441
f 524/524/442 525/525/443 526/526/413
f 526/526/413 527/527/413 524/524/442
f 527/527/413 526/526/413 528/528/413
f 526/526/413 529/529/444 528/528/413
f 528/528/413 529/529/444 530/530/445
f 529/529/444 531/531/446 530/530/445
f 532/532/447 531/531/446 529/529/444
f 533/533/448 529/529/444 526/526/413
f 533/533/448 532/532/447 529/529/444
f 534/534/449 532/532/447 533/533/448
f 535/535/450 144/144/119 149/149/99
f 536/536/451 535/535/450 149/149/99
f 535/535/450 140/140/115 144/144/119
f 537/537/452 538/538/453 539/539/454
f 540/540/455 538/538/453 537/537/452
f 541/541/456 538/538/453 540/540/455
f 540/540/455 542/542/457 541/541/456
f 542/542/457 543/543/458 541/541/456
f 544/544/101 543/543/458 542/542/457
f 544/544/101 542/542/457 536/536/451
f 545/545/459 535/535/450 536/536/451
f 536/536/451 542/542/457 545/545/459
f 546/546/460 140/140/115 535/535/450
f 546/546/460 139/139/114 140/140/115
f 535/535/450 545/545/459 546/546/460
f 546/546/460 545/545/459 547/547/461
f 547/547/461 545/545/459 548/548/462
f 548/548/462 542/542/457 540/540/455
f 548/548/462 545/545/459 542/542/457
f 549/549/463 138/138/113 139/139/114
f 547/547/461 549/549/463 546/546/460
f 546/546/460 549/549/463 139/139/114
f 548/548/462 549/549/463 547/547/461
f 537/537/452 550/550/464 540/540/455
f 540/540/455 550/550/464 548/548/462
f 550/550/464 549/549/463 548/548/462
f 550/550/464 138/138/113 549/549/463
f 137/137/112 138/138/113 550/550/464
f 137/137/112 550/550/464 551/551/465
f 551/551/465 136/136/111 137/137/112
f 551/551/465 550/550/464 537/537/452
f 537/537/452 539/539/454 551/551/465
f 552/552/466 553/553/467 554/554/468
f 555/555/469 553/553/467 552/552/466
f 552/552/466 556/556/470 555/555/469
f 556/556/470 135/135/110 557/557/471
f 555/555/469 556/556/470 557/557/471
f 133/133/108 558/558/472 135/135/110
f 557/557/471 135/135/110 558/558/472
f 559/559/473 136/136/111 551/551/465
f 559/559/473 133/133/108 136/136/111
f 559/559/473 558/558/472 133/133/108
f 553/553/467 555/555/469 560/560/474
f 560/560/474 555/555/469 561/561/475
f 557/557/471 561/561/475 555/555/469
f 562/562/476 561/561/475 557/557/471
f 557/557/471 558/558/472 562/562/476
f 551/551/465 539/539/454 563/563/477
f 563/563/477 559/559/473 551/551/465
f 558/558/472 559/559/473 563/563/477
f 562/562/476 558/558/472 563/563/477
f 560/560/474 561/561/475 564/564/478
f 562/562/476 565/565/479 561/561/475
f 564/564/478 561/561/475 565/565/479
f 566/566/480 563/563/477 539/539/454
f 562/562/476 563/563/477 566/566/480
f 566/566/480 565/565/479 562/562/476
f 538/538/453 567/567/481 539/539/454
f 539/539/454 567/567/481 566/566/480
f 568/568/482 538/538/453 541/541/456
f 538/538/453 568/568/482 567/567/481
f 541/541/456 543/543/458 568/568/482
f 565/565/479 569/569/483 564/564/478
f 570/570/484 566/566/480 567/567/481
f 570/570/484 569/569/483 565/565/479
f 565/565/479 566/566/480 570/570/484
f 570/570/484 571/571/485 569/569/483
f 570/570/484 567/567/481 571/571/485
f 571/571/485 567/567/481 572/572/486
f 567/567/481 568/568/482 572/572/486
f 569/569/483 571/571/485 573/573/487
f 568/568/482 574/574/488 572/572/486
f 568/568/482 543/543/458 574/574/488
f 572/572/486 574/574/488 575/575/489
f 575/575/489 571/571/485 572/572/486
f 576/576/490 571/571/485 575/575/489
f 571/571/485 576/576/490 573/573/487
f 573/573/487 576/576/490 577/577/491
f 578/578/492 579/579/493 580/580/494
f 581/581/495 579/579/493 578/578/492
f 581/581/495 582/582/496 579/579/493
f 583/583/497 582/582/496 581/581/495
f 582/582/496 583/583/497 584/584/498
f 585/585/499 582/582/496 584/584/498
f 579/579/493 582/582/496 585/585/499
f 580/580/494 579/579/493 586/586/500
f 586/586/500 579/579/493 585/585/499
f 587/587/501 588/588/502 589/589/1
f 590/590/503 578/578/492 589/589/1
f 588/588/502 590/590/503 589/589/1
f 578/578/492 591/591/504 581/581/495
f 590/590/503 591/591/504 578/578/492
f 591/591/504 592/592/505 581/581/495
f 581/581/495 592/592/505 583/583/497
f 584/584/498 583/583/497 593/593/506
f 592/592/505 593/593/506 583/583/497
f 594/594/507 584/584/498 593/593/506
f 585/585/499 584/584/498 594/594/507
f 588/588/502 595/595/1 590/590/503
f 596/596/508 597/597/509 598/598/510
f 599/599/511 596/596/508 598/598/510
f 600/600/512 585/585/499 594/594/507
f 586/586/500 585/585/499 600/600/512
f 599/599/511 598/598/510 600/600/512
f 600/600/512 601/601/513 599/599/511
f 599/599/511 601/601/513 590/590/503
f 590/590/503 601/601/513 591/591/504
f 594/594/507 601/601/513 600/600/512
f 601/601/513 602/602/514 591/591/504
f 602/602/514 593/593/506 592/592/505
f 591/591/504 602/602/514 592/592/505
f 594/594/507 602/602/514 601/601/513
f 593/593/506 602/602/514 594/594/507
f 600/600/512 598/598/510 603/603/508
f 586/586/500 600/600/512 603/603/508
f 604/604/515 605/605/516 603/603/508
f 603/603/508 605/605/516 606/606/517
f 605/605/516 607/607/518 606/606/517
f 608/608/519 607/607/518 605/605/516
f 605/605/516 604/604/515 608/608/519
f 608/608/519 604/604/515 609/609/520
f 610/610/521 604/604/515 603/603/508
f 609/609/520 604/604/515 610/610/521
f 611/611/522 603/603/508 598/598/510
f 610/610/521 603/603/508 611/611/522
f 598/598/510 612/612/523 611/611/522
f 598/598/510 597/597/509 612/612/523
f 608/608/519 609/609/520 613/613/524
f 608/608/519 614/614/525 607/607/518
f 613/613/524 614/614/525 608/608/519
f 613/613/524 609/609/520 615/615/526
f 616/616/527 609/609/520 610/610/521
f 615/615/526 609/609/520 616/616/527
f 617/617/525 610/610/521 611/611/522
f 616/616/527 610/610/521 617/617/525
f 611/611/522 618/618/519 617/617/525
f 611/611/522 612/612/523 618/618/519
f 619/619/528 612/612/523 597/597/509
f 618/618/519 612/612/523 619/619/528
f 619/619/528 597/597/509 620/620/529
f 620/620/529 597/597/509 596/596/508
f 596/596/508 621/621/1 620/620/529
f 620/620/529 621/621/1 622/622/1
f 623/623/530 620/620/529 622/622/1
f 624/624/531 619/619/528 620/620/529
f 624/624/531 620/620/529 623/623/530
f 625/625/532 618/618/519 619/619/528
f 625/625/532 619/619/528 624/624/531
f 626/626/533 618/618/519 625/625/532
f 617/617/525 618/618/519 626/626/533
f 621/621/1 596/596/508 627/627/1
f 627/627/1 596/596/508 599/599/511
f 599/599/511 628/628/1 627/627/1
f 599/599/511 590/590/503 629/629/1
f 629/629/1 628/628/1 599/599/511
f 629/629/1 590/590/503 630/630/1
f 627/627/1 628/628/1 631/631/1
f 590/590/503 632/632/1 630/630/1
f 595/595/1 632/632/1 590/590/503
f 633/633/1 632/632/1 595/595/1
f 634/634/1 632/632/1 633/633/1
f 635/635/1 634/634/1 633/633/1
f 636/636/1 634/634/1 635/635/1
f 303/303/274 298/298/269 637/637/534
f 638/638/535 637/637/534 639/639/536
f 640/640/537 641/641/538 642/642/539
f 640/640/537 642/642/539 643/643/540
f 643/643/540 644/644/541 638/638/535
f 643/643/540 642/642/539 644/644/541
f 643/643/540 638/638/535 645/645/542
f 645/645/542 640/640/537 643/643/540
f 645/645/542 638/638/535 639/639/536
f 298/298/269 646/646/543 637/637/534
f 639/639/536 646/646/543 645/645/542
f 637/637/534 646/646/543 639/639/536
f 647/647/544 640/640/537 645/645/542
f 647/647/544 645/645/542 648/648/545
f 646/646/543 649/649/546 650/650/547
f 645/645/542 646/646/543 650/650/547
f 648/648/545 645/645/542 650/650/547
f 651/651/548 649/649/546 646/646/543
f 651/651/548 297/297/268 649/649/546
f 296/296/267 297/297/268 651/651/548
f 651/651/548 298/298/269 296/296/267
f 646/646/543 298/298/269 651/651/548
f 649/649/546 652/652/549 650/650/547
f 650/650/547 652/652/549 648/648/545
f 649/649/546 653/653/550 652/652/549
f 654/654/551 653/653/550 649/649/546
f 649/649/546 297/297/268 654/654/551
f 283/283/254 284/284/255 655/655/552
f 283/283/254 655/655/552 285/285/256
f 285/285/256 655/655/552 656/656/553
f 656/656/553 286/286/257 285/285/256
f 657/657/554 286/286/257 656/656/553
f 655/655/552 657/657/554 656/656/553
f 297/297/268 286/286/257 657/657/554
f 297/297/268 658/658/555 654/654/551
f 657/657/554 658/658/555 297/297/268
f 654/654/551 659/659/556 653/653/550
f 658/658/555 659/659/556 654/654/551
f 660/660/557 658/658/555 657/657/554
f 660/660/557 657/657/554 655/655/552
f 661/661/558 662/662/559 663/663/538
f 664/664/560 662/662/559 661/661/558
f 665/665/561 664/664/560 661/661/558
f 659/659/556 664/664/560 665/665/561
f 659/659/556 666/666/562 664/664/560
f 666/666/562 658/658/555 660/660/557
f 658/658/555 666/666/562 659/659/556
f 667/667/563 664/664/560 666/666/562
f 662/662/559 664/664/560 667/667/563
f 666/666/562 660/660/557 667/667/563
f 667/667/563 660/660/557 668/668/564
f 660/660/557 669/669/565 668/668/564
f 655/655/552 284/284/255 669/669/565
f 655/655/552 669/669/565 660/660/557
f 665/665/561 670/670/566 659/659/556
f 659/659/556 670/670/566 653/653/550
f 670/670/566 652/652/549 653/653/550
f 652/652/549 671/671/567 648/648/545
f 671/671/567 652/652/549 670/670/566
f 672/672/568 647/647/544 648/648/545
f 648/648/545 671/671/567 672/672/568
f 673/673/569 647/647/544 672/672/568
f 673/673/569 640/640/537 647/647/544
f 674/674/570 640/640/537 673/673/569
f 674/674/570 641/641/538 640/640/537
f 675/675/413 676/676/413 677/677/413
f 677/677/413 676/676/413 678/678/413
f 676/676/413 679/679/413 678/678/413
f 680/680/413 679/679/413 676/676/413
f 679/679/413 680/680/413 681/681/413
f 681/681/413 680/680/413 682/682/413
f 681/681/413 682/682/413 683/683/413
f 683/683/413 682/682/413 684/684/413
f 685/685/571 686/686/572 687/687/573
f 687/687/573 686/686/572 688/688/574
f 689/689/575 690/690/576 691/691/577
f 689/689/575 691/691/577 692/692/578
f 692/692/578 691/691/577 693/693/579
f 692/692/578 693/693/579 694/694/580
f 694/694/580 695/695/581 685/685/571
f 694/694/580 693/693/579 695/695/581
f 696/696/582 686/686/572 685/685/571
f 685/685/571 695/695/581 696/696/582
f 695/695/581 697/697/583 696/696/582
f 697/697/583 686/686/572 696/696/582
f 688/688/574 686/686/572 697/697/583
f 693/693/579 697/697/583 695/695/581
f 697/697/583 698/698/584 688/688/574
f 688/688/574 698/698/584 699/699/585
f 700/700/586 701/701/587 702/702/588
f 703/703/589 698/698/584 697/697/583
f 703/703/589 697/697/583 693/693/579
f 702/702/588 701/701/587 703/703/589
f 691/691/577 703/703/589 693/693/579
f 690/690/576 703/703/589 691/691/577
f 701/701/587 698/698/584 703/703/589
f 704/704/590 705/705/591 706/706/592
f 707/707/593 705/705/591 704/704/590
f 707/707/593 708/708/594 705/705/591
f 703/703/589 708/708/594 702/702/588
f 709/709/595 708/708/594 707/707/593
f 702/702/588 708/708/594 709/709/595
f 708/708/594 703/703/589 710/710/596
f 710/710/596 703/703/589 690/690/576
f 711/711/597 690/690/576 689/689/575
f 711/711/597 710/710/596 690/690/576
f 712/712/598 713/713/599 714/714/600
f 712/712/598 714/714/600 715/715/601
f 715/715/601 714/714/600 716/716/602
f 715/715/601 716/716/602 717/717/603
f 717/717/603 716/716/602 718/718/604
f 718/718/604 716/716/602 708/708/594
f 708/708/594 710/710/596 719/719/605
f 708/708/594 719/719/605 718/718/604
f 720/720/606 710/710/596 711/711/597
f 720/720/606 719/719/605 710/710/596
f 717/717/603 718/718/604 721/721/607
f 721/721/607 718/718/604 719/719/605
f 721/721/607 719/719/605 720/720/606
f 722/722/521 723/723/1 724/724/608
f 723/723/1 722/722/521 725/725/529
f 723/723/1 725/725/529 705/705/591
f 708/708/594 716/716/602 726/726/1
f 726/726/1 705/705/591 708/708/594
f 726/726/1 716/716/602 714/714/600
f 714/714/600 713/713/599 726/726/1
f 723/723/1 705/705/591 726/726/1
f 723/723/1 726/726/1 727/727/609
f 726/726/1 713/713/599 727/727/609
f 722/722/521 724/724/608 728/728/610
f 728/728/610 724/724/608 729/729/611
f 730/730/612 724/724/608 723/723/1
f 724/724/608 730/730/612 729/729/611
f 731/731/613 723/723/1 727/727/609
f 730/730/612 723/723/1 731/731/613
f 732/732/614 731/731/613 727/727/609
f 727/727/609 713/713/599 732/732/614
f 732/732/614 713/713/599 733/733/615
f 733/733/615 713/713/599 712/712/598
f 730/730/612 731/731/613 734/734/616
f 729/729/611 730/730/612 734/734/616
f 735/735/617 731/731/613 732/732/614
f 734/734/616 731/731/613 735/735/617
f 736/736/618 737/737/619 738/738/618
f 736/736/618 738/738/618 739/739/620
f 739/739/620 738/738/618 740/740/620
f 740/740/620 741/741/621 739/739/620
f 742/742/621 741/741/621 740/740/620
f 743/743/622 744/744/623 745/745/624
f 746/746/625 743/743/622 745/745/624
f 747/747/625 743/743/622 746/746/625
f 746/746/625 748/748/626 747/747/625
f 749/749/627 748/748/626 746/746/625
f 748/748/626 749/749/627 750/750/628
f 750/750/628 749/749/627 751/751/628
f 750/750/628 751/751/628 752/752/619
f 752/752/619 751/751/628 737/737/619
f 752/752/619 737/737/619 736/736/618
f 753/753/629 754/754/630 755/755/631
f 756/756/632 755/755/631 754/754/630
f 757/757/633 755/755/631 756/756/632
f 757/757/633 758/758/634 755/755/631
f 755/755/631 758/758/634 759/759/634
f 760/760/635 759/759/634 758/758/634
f 761/761/635 759/759/634 760/760/635
f 762/762/623 761/761/635 760/760/635
f 744/744/623 761/761/635 762/762/623
f 745/745/624 744/744/623 762/762/623
f 763/763/636 764/764/637 765/765/638
f 765/765/638 764/764/637 766/766/639
f 767/767/640 766/766/639 764/764/637
f 768/768/640 766/766/639 767/767/640
f 769/769/641 770/770/642 771/771/625
f 771/771/625 770/770/642 772/772/625
f 772/772/625 773/773/643 771/771/625
f 771/771/625 773/773/643 774/774/644
f 775/775/628 774/774/644 773/773/643
f 776/776/645 774/774/644 775/775/628
f 777/777/646 776/776/645 775/775/628
f 763/763/636 778/778/647 777/777/646
f 778/778/647 776/776/645 777/777/646
f 765/765/638 778/778/647 763/763/636
f 779/779/648 780/780/649 781/781/650
f 782/782/651 783/783/652 784/784/653
f 784/784/653 783/783/652 785/785/654
f 785/785/654 779/779/648 786/786/655
f 785/785/654 786/786/655 784/784/653
f 787/787/656 779/779/648 785/785/654
f 787/787/656 780/780/649 779/779/648
f 787/787/656 788/788/657 780/780/649
f 780/780/649 788/788/657 789/789/658
f 788/788/657 790/790/659 789/789/658
f 787/787/656 791/791/660 788/788/657
f 791/791/660 790/790/659 788/788/657
f 785/785/654 791/791/660 787/787/656
f 791/791/660 792/792/661 790/790/659
f 793/793/662 791/791/660 785/785/654
f 785/785/654 794/794/663 793/793/662
f 793/793/662 794/794/663 792/792/661
f 793/793/662 792/792/661 791/791/660
f 792/792/661 794/794/663 795/795/664
f 785/785/654 796/796/665 794/794/663
f 794/794/663 796/796/665 795/795/664
f 783/783/652 797/797/666 785/785/654
f 797/797/666 796/796/665 785/785/654
f 783/783/652 798/798/667 797/797/666
f 783/783/652 799/799/668 798/798/667
f 798/798/667 799/799/668 800/800/669
f 796/796/665 797/797/666 801/801/670
f 795/795/664 796/796/665 801/801/670
f 801/801/670 797/797/666 802/802/671
f 802/802/671 798/798/667 800/800/669
f 797/797/666 798/798/667 802/802/671
f 800/800/669 799/799/668 803/803/610
f 799/799/668 804/804/672 803/803/610
f 803/803/610 804/804/672 805/805/673
f 804/804/672 806/806/674 805/805/673
f 805/805/673 806/806/674 807/807/675
f 804/804/672 808/808/676 806/806/674
f 804/804/672 799/799/668 808/808/676
f 783/783/652 808/808/676 799/799/668
f 806/806/674 808/808/676 809/809/613
f 810/810/617 806/806/674 809/809/613
f 811/807/677 806/806/674 810/810/617
f 809/809/613 808/808/676 812/811/678
f 812/811/678 808/808/676 813/812/679
f 814/810/617 809/809/613 815/813/680
f 815/813/680 809/809/613 812/811/678
f 812/811/678 816/814/681 815/813/680
f 813/812/679 816/814/681 812/811/678
f 817/815/682 816/814/681 813/812/679
f 813/812/679 808/808/676 818/816/683
f 813/812/679 818/816/683 817/815/682
f 808/808/676 783/783/652 819/817/684
f 818/816/683 808/808/676 819/817/684
f 819/817/684 783/783/652 782/782/651
f 815/813/680 816/814/681 820/818/685
f 817/815/682 818/816/683 821/819/686
f 822/820/687 823/821/637 824/822/688
f 824/822/688 823/821/637 825/823/689
f 826/824/690 825/823/689 823/821/637
f 827/825/690 825/823/689 826/824/690
f 828/826/691 829/827/622 830/828/625
f 830/828/625 829/827/622 831/829/625
f 831/829/625 832/830/626 830/828/625
f 830/828/625 832/830/626 833/831/692
f 834/832/693 833/831/692 832/830/626
f 835/833/628 833/831/692 834/832/693
f 836/834/694 835/833/628 834/832/693
f 822/820/687 837/835/695 836/834/694
f 837/835/695 835/833/628 836/834/694
f 824/822/688 837/835/695 822/820/687
f 784/784/653 786/786/655 838/836/696
f 839/837/625 840/838/625 841/839/625
f 841/839/625 842/840/625 839/837/625
f 839/837/625 842/840/625 843/841/625
f 843/841/625 842/840/625 844/842/625
f 845/843/697 846/844/681 847/845/698
f 847/845/698 846/844/681 848/846/699
f 586/586/500 849/847/1 580/580/494
f 849/847/1 850/848/1 580/580/494
f 850/848/1 849/847/1 851/849/502
f 589/589/1 578/578/492 852/850/700
f 853/851/701 589/589/1 852/850/700
f 580/580/494 854/852/1 578/578/492
f 578/578/492 854/852/1 852/850/700
f 580/580/494 850/848/1 854/852/1
f 606/606/517 855/853/1 603/603/508
f 603/603/508 855/853/1 586/586/500
f 855/853/1 849/847/1 586/586/500
f 849/847/1 855/853/1 856/854/1
f 606/606/517 857/855/702 855/853/1
f 607/607/518 614/614/525 857/855/702
f 607/607/518 857/855/702 606/606/517
f 858/856/449 859/857/449 860/858/703
f 860/858/703 859/857/449 861/859/704
f 859/857/449 862/860/705 861/859/704
f 859/857/449 863/861/706 862/860/705
f 864/862/449 863/861/706 859/857/449
f 864/862/449 865/863/707 863/861/706
f 864/862/449 866/864/708 865/863/707
f 865/863/707 866/864/708 867/865/704
f 867/865/704 866/864/708 868/866/705
f 866/864/708 869/867/706 868/866/705
f 870/868/709 869/867/706 866/864/708
f 869/867/706 870/868/709 871/869/707
f 871/869/707 870/868/709 872/870/710
f 873/871/711 874/872/712 875/873/711
f 876/874/713 874/872/712 873/871/711
f 876/874/713 877/875/714 874/872/712
f 878/876/715 877/875/714 876/874/713
f 878/876/715 879/877/716 877/875/714
f 880/878/717 879/877/716 878/876/715
f 880/878/717 881/879/718 879/877/716
f 882/880/623 769/769/641 881/879/718
f 770/770/642 769/769/641 882/880/623
f 882/880/623 881/879/718 880/878/717
f 883/881/632 884/882/719 885/883/632
f 886/884/713 884/882/719 883/881/632
f 886/884/713 887/885/720 884/882/719
f 888/886/721 887/885/720 886/884/713
f 888/886/721 889/887/717 887/885/720
f 890/888/722 889/887/717 888/886/721
f 890/888/722 891/889/623 889/887/717
f 892/890/723 891/889/623 890/888/722
f 829/827/622 828/826/691 892/890/723
f 892/890/723 828/826/691 891/889/623
f 893/841/1 894/891/1 895/837/1
f 895/837/1 894/891/1 896/892/1
f 894/891/1 897/893/1 896/892/1
f 896/892/1 897/893/1 898/894/1
f 897/893/1 899/895/1 898/894/1
f 898/894/1 899/895/1 900/896/1
f 899/895/1 901/897/1 900/896/1
f 902/898/724 903/899/725 904/900/726
f 904/900/726 903/899/725 905/901/727
f 903/899/725 906/902/728 905/901/727
f 905/901/727 906/902/728 907/903/729
f 906/902/728 908/904/730 907/903/729
f 909/905/731 905/901/727 907/903/729
f 910/906/732 905/901/727 909/905/731
f 911/907/733 905/901/727 910/906/732
f 904/900/726 905/901/727 911/907/733
f 911/907/733 912/908/734 904/900/726
f 902/898/724 904/900/726 913/909/735
f 913/909/735 904/900/726 912/908/734
f 902/898/724 914/910/736 903/899/725
f 902/898/724 913/909/735 914/910/736
f 903/899/725 914/910/736 915/911/737
f 906/902/728 903/899/725 915/911/737
f 916/912/738 910/906/732 909/905/731
f 917/913/739 912/908/734 911/907/733
f 918/914/740 913/909/735 912/908/734
f 917/913/739 918/914/740 912/908/734
f 919/915/741 914/910/736 913/909/735
f 919/915/741 913/909/735 918/914/740
f 920/916/742 914/910/736 919/915/741
f 920/916/742 921/917/743 914/910/736
f 922/918/744 921/917/743 920/916/742
f 922/918/744 923/919/745 921/917/743
f 924/920/746 923/919/745 922/918/744
f 925/921/747 919/915/741 918/914/740
f 926/922/748 919/915/741 925/921/747
f 919/915/741 926/922/748 920/916/742
f 924/920/746 927/923/749 928/924/750
f 929/925/751 927/923/749 924/920/746
f 922/918/744 929/925/751 924/920/746
f 920/916/742 930/926/752 922/918/744
f 930/926/752 929/925/751 922/918/744
f 926/922/748 931/927/753 920/916/742
f 931/927/753 930/926/752 920/916/742
f 932/928/754 931/927/753 926/922/748
f 926/922/748 925/921/747 932/928/754
f 932/928/754 925/921/747 933/929/755
f 934/930/756 930/926/752 931/927/753
f 935/931/757 929/925/751 930/926/752
f 935/931/757 930/926/752 934/930/756
f 936/932/758 929/925/751 935/931/757
f 936/932/758 927/923/749 929/925/751
f 937/933/759 927/923/749 936/932/758
f 937/933/759 938/934/760 927/923/749
f 927/923/749 938/934/760 928/924/750
f 928/924/750 938/934/760 939/935/761
f 940/936/762 935/931/757 934/930/756
f 941/937/763 936/932/758 935/931/757
f 941/937/763 935/931/757 940/936/762
f 942/938/764 937/933/759 936/932/758
f 942/938/764 936/932/758 941/937/763
f 928/924/750 943/939/765 924/920/746
f 924/920/746 943/939/765 923/919/745
f 939/935/761 944/940/766 928/924/750
f 928/924/750 944/940/766 943/939/765
f 944/940/766 939/935/761 945/941/1
f 939/935/761 938/934/760 945/941/1
f 938/934/760 946/942/767 945/941/1
f 946/942/767 938/934/760 937/933/759
f 947/943/768 937/933/759 942/938/764
f 947/943/768 946/942/767 937/933/759
f 948/944/769 949/945/770 950/946/771
f 950/946/771 951/947/772 948/944/769
f 950/946/771 952/948/773 951/947/772
f 942/938/764 953/949/774 947/943/768
f 952/948/773 953/949/774 951/947/772
f 953/949/774 954/950/775 947/943/768
f 952/948/773 954/950/775 953/949/774
f 955/951/776 954/950/775 945/941/1
f 946/942/767 955/951/776 945/941/1
f 947/943/768 954/950/775 955/951/776
f 955/951/776 946/942/767 947/943/768
f 956/952/777 954/950/775 952/948/773
f 954/950/775 956/952/777 945/941/1
f 957/953/778 952/948/773 950/946/771
f 957/953/778 956/952/777 952/948/773
f 949/945/770 958/954/779 950/946/771
f 950/946/771 958/954/779 957/953/778
f 959/955/780 958/954/779 949/945/770
f 959/955/780 949/945/770 960/956/781
f 961/957/782 959/955/780 960/956/781
f 961/957/782 960/956/781 962/958/783
f 963/959/784 958/954/779 959/955/780
f 963/959/784 964/960/785 958/954/779
f 958/954/779 964/960/785 965/961/786
f 965/961/786 964/960/785 945/941/1
f 958/954/779 965/961/786 957/953/778
f 957/953/778 965/961/786 966/962/787
f 966/962/787 965/961/786 945/941/1
f 956/952/777 966/962/787 945/941/1
f 966/962/787 956/952/777 957/953/778
f 967/963/788 944/940/766 945/941/1
f 944/940/766 967/963/788 943/939/765
f 968/964/789 967/963/788 945/941/1
f 964/960/785 968/964/789 945/941/1
f 969/965/790 967/963/788 968/964/789
f 969/965/790 964/960/785 963/959/784
f 968/964/789 964/960/785 969/965/790
f 969/965/790 963/959/784 970/966/791
f 970/966/791 959/955/780 961/957/782
f 970/966/791 963/959/784 959/955/780
f 961/957/782 971/967/792 970/966/791
f 923/919/745 971/967/792 921/917/743
f 914/910/736 972/968/793 915/911/737
f 921/917/743 972/968/793 914/910/736
f 921/917/743 971/967/792 972/968/793
f 915/911/737 972/968/793 962/958/783
f 962/958/783 972/968/793 961/957/782
f 972/968/793 971/967/792 961/957/782
f 943/939/765 967/963/788 973/969/794
f 973/969/794 967/963/788 969/965/790
f 970/966/791 973/969/794 969/965/790
f 943/939/765 973/969/794 923/919/745
f 923/919/745 973/969/794 971/967/792
f 971/967/792 973/969/794 970/966/791
f 974/970/795 908/904/730 906/902/728
f 974/970/795 915/911/737 962/958/783
f 906/902/728 915/911/737 974/970/795
f 974/970/795 975/971/796 908/904/730
f 975/971/796 974/970/795 962/958/783
f 962/958/783 960/956/781 976/972/609
f 962/958/783 976/972/609 975/971/796
f 977/973/797 949/945/770 948/944/769
f 960/956/781 949/945/770 977/973/797
f 960/956/781 977/973/797 976/972/609
f 975/971/796 976/972/609 978/974/798
f 979/975/799 978/974/798 976/972/609
f 979/975/799 976/972/609 980/976/800
f 979/975/799 981/977/801 978/974/798
f 979/975/799 980/976/800 981/977/801
f 978/974/798 982/978/802 975/971/796
f 978/974/798 981/977/801 982/978/802
f 975/971/796 982/978/802 983/979/803
f 908/904/730 975/971/796 983/979/803
f 909/905/731 907/903/729 984/980/804
f 984/980/804 907/903/729 908/904/730
f 908/904/730 983/979/803 984/980/804
f 985/981/805 916/912/738 986/982/806
f 987/983/807 909/905/731 984/980/804
f 916/912/738 909/905/731 987/983/807
f 986/982/806 916/912/738 987/983/807
f 984/980/804 983/979/803 988/984/808
f 984/980/804 988/984/808 987/983/807
f 989/985/809 983/979/803 982/978/802
f 988/984/808 983/979/803 989/985/809
f 989/985/809 982/978/802 990/986/810
f 990/986/810 982/978/802 981/977/801
f 991/987/811 989/985/809 990/986/810
f 981/977/801 980/976/800 992/988/812
f 981/977/801 992/988/812 990/986/810
f 990/986/810 992/988/812 993/989/813
f 990/986/810 993/989/813 991/987/811
f 991/987/811 993/989/813 994/990/814
f 991/987/811 994/990/814 995/991/815
f 995/991/815 996/992/816 991/987/811
f 996/992/816 988/984/808 989/985/809
f 996/992/816 989/985/809 991/987/811
f 987/983/807 988/984/808 997/993/817
f 997/993/817 988/984/808 996/992/816
f 987/983/807 997/993/817 986/982/806
f 997/993/817 996/992/816 998/994/818
f 986/982/806 997/993/817 998/994/818
f 999/995/819 985/981/805 986/982/806
f 998/994/818 999/995/819 986/982/806
f 1000/996/517 999/995/819 998/994/818
f 998/994/818 1001/997/820 1000/996/517
f 998/994/818 996/992/816 1001/997/820
f 1001/997/820 996/992/816 995/991/815
f 1000/996/517 1001/997/820 1002/998/821
f 1002/998/821 1001/997/820 1003/999/822
f 1003/999/822 1001/997/820 995/991/815
f 1004/1000/823 1003/999/822 995/991/815
f 995/991/815 994/990/814 1004/1000/823
f 994/990/814 1005/1001/824 1004/1000/823
f 994/990/814 993/989/813 1005/1001/824
f 993/989/813 992/988/812 1006/1002/825
f 1005/1001/824 993/989/813 1006/1002/825
f 1007/1003/826 1008/1004/827 1009/1005/828
f 1007/1003/826 1010/1006/829 1008/1004/827
f 1011/1007/830 1010/1006/829 1007/1003/826
f 1005/1001/824 1006/1002/825 1012/1008/831
f 1012/1008/831 1010/1006/829 1011/1007/830
f 1013/1009/832 1005/1001/824 1012/1008/831
f 1012/1008/831 1011/1007/830 1013/1009/832
f 1014/1010/833 1005/1001/824 1013/1009/832
f 1004/1000/823 1005/1001/824 1014/1010/833
f 1015/1011/834 1003/999/822 1004/1000/823
f 1004/1000/823 1014/1010/833 1015/1011/834
f 1016/1012/835 1007/1003/826 1009/1005/828
f 1017/1013/836 1007/1003/826 1016/1012/835
f 1013/1009/832 1011/1007/830 1018/1014/837
f 1018/1014/837 1007/1003/826 1017/1013/836
f 1011/1007/830 1007/1003/826 1018/1014/837
f 1019/1015/838 1014/1010/833 1013/1009/832
f 1018/1014/837 1019/1015/838 1013/1009/832
f 1020/1016/839 1014/1010/833 1019/1015/838
f 1015/1011/834 1014/1010/833 1020/1016/839
f 1020/1016/839 1021/1017/840 1015/1011/834
f 1015/1011/834 1021/1017/840 1022/1018/841
f 1023/1019/842 1002/998/821 1003/999/822
f 1022/1018/841 1023/1019/842 1015/1011/834
f 1015/1011/834 1023/1019/842 1003/999/822
f 1022/1018/841 1021/1017/840 1024/1020/843
f 1022/1018/841 1025/1021/844 1023/1019/842
f 1024/1020/843 1025/1021/844 1022/1018/841
f 1025/1021/844 1026/1022/845 1023/1019/842
f 1026/1022/845 1002/998/821 1023/1019/842
f 1002/998/821 1026/1022/845 1000/996/517
f 1027/1023/846 1024/1020/843 1028/1024/847
f 1029/1025/848 1024/1020/843 1027/1023/846
f 1025/1021/844 1024/1020/843 1029/1025/848
f 1030/1026/849 1026/1022/845 1025/1021/844
f 1029/1025/848 1030/1026/849 1025/1021/844
f 1031/1027/850 1026/1022/845 1030/1026/849
f 1000/996/517 1026/1022/845 1032/1028/851
f 1032/1028/851 1026/1022/845 1031/1027/850
f 1031/1027/850 1033/1029/852 1032/1028/851
f 1032/1028/851 1034/1030/853 1000/996/517
f 1000/996/517 1034/1030/853 999/995/819
f 1032/1028/851 1033/1029/852 1034/1030/853
f 1033/1029/852 1035/1031/854 1034/1030/853
f 1036/1032/855 1027/1023/846 1028/1024/847
f 1037/1033/856 1027/1023/846 1036/1032/855
f 1038/1034/810 1027/1023/846 1037/1033/856
f 1029/1025/848 1027/1023/846 1038/1034/810
f 1039/1035/857 1030/1026/849 1029/1025/848
f 1039/1035/857 1031/1027/850 1030/1026/849
f 1038/1034/810 1039/1035/857 1029/1025/848
f 1037/1033/856 1040/1036/858 1038/1034/810
f 1041/1037/809 1039/1035/857 1038/1034/810
f 1038/1034/810 1040/1036/858 1041/1037/809
f 1042/1038/859 1031/1027/850 1039/1035/857
f 1041/1037/809 1042/1038/859 1039/1035/857
f 1033/1029/852 1031/1027/850 1043/1039/860
f 1043/1039/860 1031/1027/850 1042/1038/859
f 1043/1039/860 1044/1040/861 1033/1029/852
f 1044/1040/861 1035/1031/854 1033/1029/852
f 1045/1041/862 1035/1031/854 1044/1040/861
f 1046/1042/863 1047/1043/864 1048/1044/865
f 1048/1044/865 1049/1045/866 1046/1042/863
f 1046/1042/863 1049/1045/866 1050/1046/867
f 1051/1047/868 1044/1040/861 1043/1039/860
f 1051/1047/868 1045/1041/862 1044/1040/861
f 1049/1045/866 1045/1041/862 1051/1047/868
f 1050/1046/867 1049/1045/866 1051/1047/868
f 1052/1048/804 1051/1047/868 1043/1039/860
f 1043/1039/860 1042/1038/859 1052/1048/804
f 1050/1046/867 1051/1047/868 1052/1048/804
f 1052/1048/804 1042/1038/859 1053/1049/869
f 1053/1049/869 1042/1038/859 1041/1037/809
f 1041/1037/809 1054/1050/870 1053/1049/869
f 1055/1051/871 1054/1050/870 1041/1037/809
f 1041/1037/809 1040/1036/858 1055/1051/871
f 1050/1046/867 1056/1052/872 1046/1042/863
f 1056/1052/872 1047/1043/864 1046/1042/863
f 1057/1053/873 1056/1052/872 1050/1046/867
f 1052/1048/804 1058/1054/874 1050/1046/867
f 1054/1050/870 1058/1054/874 1053/1049/869
f 1050/1046/867 1058/1054/874 1057/1053/873
f 1053/1049/869 1058/1054/874 1052/1048/804
f 1054/1050/870 1059/1055/875 1058/1054/874
f 1058/1054/874 1060/1056/876 1057/1053/873
f 1058/1054/874 1059/1055/875 1060/1056/876
f 1057/1053/873 1061/1057/877 1056/1052/872
f 1057/1053/873 1060/1056/876 1061/1057/877
f 1056/1052/872 1061/1057/877 1062/1058/878
f 1056/1052/872 1062/1058/878 1047/1043/864
f 1047/1043/864 1062/1058/878 1063/1059/879
f 1047/1043/864 1063/1059/879 1064/1060/880
f 1064/1060/880 1063/1059/879 1065/1061/881
f 1064/1060/880 1065/1061/881 1066/1062/882
f 1067/1063/883 1068/1064/884 1069/1065/885
f 1069/1065/885 1068/1064/884 1070/1066/886
f 1069/1065/885 1070/1066/886 1071/1067/887
f 1071/1067/887 1070/1066/886 1072/1068/888
f 1066/1062/882 1073/1069/889 1072/1068/888
f 1072/1068/888 1073/1069/889 1071/1067/887
f 1074/1070/739 1047/1043/864 1064/1060/880
f 1048/1044/865 1047/1043/864 1074/1070/739
f 1072/1068/888 1070/1066/886 1074/1070/739
f 1074/1070/739 1066/1062/882 1072/1068/888
f 1064/1060/880 1066/1062/882 1074/1070/739
f 1074/1070/739 1070/1066/886 1075/1071/890
f 1074/1070/739 1075/1071/890 1048/1044/865
f 1070/1066/886 1068/1064/884 1075/1071/890
f 1076/1072/891 1049/1045/866 1048/1044/865
f 1048/1044/865 1075/1071/890 1076/1072/891
f 1076/1072/891 1045/1041/862 1049/1045/866
f 1075/1071/890 1077/1073/892 1076/1072/891
f 1075/1071/890 1068/1064/884 1077/1073/892
f 1076/1072/891 1077/1073/892 1078/1074/893
f 1078/1074/893 1045/1041/862 1076/1072/891
f 1068/1064/884 1079/1075/894 1077/1073/892
f 1077/1073/892 1079/1075/894 1078/1074/893
f 1080/1076/895 1079/1075/894 1081/1077/896
f 1068/1064/884 1067/1063/883 1081/1077/896
f 1081/1077/896 1079/1075/894 1068/1064/884
f 1082/1078/897 1035/1031/854 1045/1041/862
f 1045/1041/862 1078/1074/893 1082/1078/897
f 1078/1074/893 1079/1075/894 1083/1079/898
f 1082/1078/897 1078/1074/893 1083/1079/898
f 1079/1075/894 1084/1080/899 1083/1079/898
f 1084/1080/899 1079/1075/894 1080/1076/895
f 1080/1076/895 1085/1081/900 1084/1080/899
f 1086/1082/901 1085/1081/900 1080/1076/895
f 1086/1082/901 1087/1083/902 1085/1081/900
f 1088/1084/903 1087/1083/902 1086/1082/901
f 1085/1081/900 1087/1083/902 1089/1085/904
f 1084/1080/899 1085/1081/900 1090/1086/905
f 1083/1079/898 1084/1080/899 1090/1086/905
f 1090/1086/905 1085/1081/900 1089/1085/904
f 1091/1087/906 1035/1031/854 1082/1078/897
f 1082/1078/897 1083/1079/898 1091/1087/906
f 1091/1087/906 1083/1079/898 1090/1086/905
f 1092/1088/907 1090/1086/905 1089/1085/904
f 1091/1087/906 1090/1086/905 1092/1088/907
f 1092/1088/907 916/912/738 985/981/805
f 1092/1088/907 985/981/805 1091/1087/906
f 925/921/747 918/914/740 1093/1089/908
f 1093/1089/908 933/929/755 925/921/747
f 1093/1089/908 918/914/740 1094/1090/909
f 1088/1084/903 1094/1090/909 1087/1083/902
f 1087/1083/902 1094/1090/909 917/913/739
f 1094/1090/909 918/914/740 917/913/739
f 1095/1091/910 917/913/739 911/907/733
f 1087/1083/902 917/913/739 1095/1091/910
f 911/907/733 910/906/732 1095/1091/910
f 1089/1085/904 1087/1083/902 1095/1091/910
f 1095/1091/910 910/906/732 1096/1092/911
f 1096/1092/911 910/906/732 916/912/738
f 1096/1092/911 916/912/738 1092/1088/907
f 1089/1085/904 1096/1092/911 1092/1088/907
f 1095/1091/910 1096/1092/911 1089/1085/904
f 1035/1031/854 1097/1093/912 1034/1030/853
f 1097/1093/912 1035/1031/854 1091/1087/906
f 1091/1087/906 985/981/805 1097/1093/912
f 1097/1093/912 985/981/805 999/995/819
f 1034/1030/853 1097/1093/912 999/995/819
f 1098/1094/913 1099/896/914 1100/1095/915
f 1101/894/913 1099/896/914 1098/1094/913
f 1102/1096/916 1101/894/913 1098/1094/913
f 1103/892/916 1101/894/913 1102/1096/916
f 1103/892/916 1102/1096/916 1104/837/917
f 1104/837/917 1102/1096/916 1105/838/918
f 1106/842/919 1107/1097/920 1108/841/921
f 1108/841/921 1107/1097/920 1109/891/920
f 1109/891/920 1107/1097/920 1110/893/922
f 1110/893/922 1107/1097/920 1111/1098/922
f 1110/893/922 1111/1098/922 1112/895/923
f 1112/895/923 1111/1098/922 1113/1099/924
f 1112/895/923 1113/1099/924 1114/897/223
f 1099/896/914 1114/897/223 1100/1095/915
f 1100/1095/915 1114/897/223 1115/1100/223
f 1114/897/223 1113/1099/924 1115/1100/223
f 1116/1101/925 1117/1102/926 1118/1103/927
f 1117/1102/926 1119/1104/928 1118/1103/927
f 1120/1105/929 1117/1102/926 934/930/756
f 1120/1105/929 1119/1104/928 1117/1102/926
f 1121/1106/930 1116/1101/925 1122/1107/931
f 1122/1107/931 1116/1101/925 1118/1103/927
f 1123/1108/932 1118/1103/927 1119/1104/928
f 1122/1107/931 1118/1103/927 1123/1108/932
f 1119/1104/928 1124/1109/933 1123/1108/932
f 1124/1109/933 932/928/754 933/929/755
f 1125/1110/934 934/930/756 931/927/753
f 1120/1105/929 1125/1110/934 1119/1104/928
f 1125/1110/934 932/928/754 1124/1109/933
f 932/928/754 1125/1110/934 931/927/753
f 1120/1105/929 934/930/756 1125/1110/934
f 1119/1104/928 1125/1110/934 1124/1109/933
f 1126/1111/935 1117/1102/926 1116/1101/925
f 940/936/762 934/930/756 1126/1111/935
f 1126/1111/935 934/930/756 1117/1102/926
f 1127/1112/936 1121/1106/930 1128/1113/937
f 1127/1112/936 1128/1113/937 1129/1114/938
f 1130/1115/939 1121/1106/930 1122/1107/931
f 1128/1113/937 1121/1106/930 1130/1115/939
f 1131/1116/940 1122/1107/931 1123/1108/932
f 1130/1115/939 1122/1107/931 1131/1116/940
f 1123/1108/932 1132/1117/941 1131/1116/940
f 1123/1108/932 1124/1109/933 1132/1117/941
f 1133/1118/942 933/929/755 1093/1089/908
f 1133/1118/942 1124/1109/933 933/929/755
f 1132/1117/941 1124/1109/933 1133/1118/942
f 1134/1119/943 1132/1117/941 1133/1118/942
f 1135/1120/944 1132/1117/941 1134/1119/943
f 1131/1116/940 1132/1117/941 1135/1120/944
f 1135/1120/944 1134/1119/943 1136/1121/945
f 1137/1122/946 1130/1115/939 1131/1116/940
f 1137/1122/946 1135/1120/944 1136/1121/945
f 1131/1116/940 1135/1120/944 1137/1122/946
f 1138/1123/947 1130/1115/939 1137/1122/946
f 1128/1113/937 1130/1115/939 1139/1124/948
f 1129/1114/938 1128/1113/937 1139/1124/948
f 1139/1124/948 1130/1115/939 1138/1123/947
f 1139/1124/948 1138/1123/947 1140/1125/949
f 1140/1125/949 1141/1126/950 1139/1124/948
f 1139/1124/948 1141/1126/950 1129/1114/938
f 1140/1125/949 1142/1127/951 1141/1126/950
f 1143/1128/952 1138/1123/947 1137/1122/946
f 1136/1121/945 1143/1128/952 1137/1122/946
f 1140/1125/949 1138/1123/947 1144/1129/953
f 1144/1129/953 1138/1123/947 1143/1128/952
f 1144/1129/953 1145/1130/954 1140/1125/949
f 1146/1131/955 1142/1127/951 1140/1125/949
f 1140/1125/949 1145/1130/954 1146/1131/955
f 1146/1131/955 1145/1130/954 1147/1132/956
f 1147/1132/956 1148/1133/957 1146/1131/955
f 1146/1131/955 1148/1133/957 1142/1127/951
f 1148/1133/957 1147/1132/956 1149/1134/958
f 1150/1135/959 1144/1129/953 1143/1128/952
f 1145/1130/954 1144/1129/953 1150/1135/959
f 1151/1136/960 1150/1135/959 1143/1128/952
f 1151/1136/960 1143/1128/952 1136/1121/945
f 1152/1137/961 1153/1138/962 1154/1139/963
f 1153/1138/962 1155/1140/964 1154/1139/963
f 1147/1132/956 1145/1130/954 1155/1140/964
f 1153/1138/962 1147/1132/956 1155/1140/964
f 1156/1141/965 1145/1130/954 1150/1135/959
f 1155/1140/964 1145/1130/954 1156/1141/965
f 1154/1139/963 1155/1140/964 1156/1141/965
f 1157/1142/122 1150/1135/959 1151/1136/960
f 1157/1142/122 1156/1141/965 1150/1135/959
f 1151/1136/960 1158/1143/966 1157/1142/122
f 1159/1144/967 1156/1141/965 1157/1142/122
f 1156/1141/965 1159/1144/967 1154/1139/963
f 1157/1142/122 1158/1143/966 1159/1144/967
f 1159/1144/967 1158/1143/966 1160/1145/968
f 1069/1065/885 1160/1145/968 1067/1063/883
f 1160/1145/968 1158/1143/966 1067/1063/883
f 1161/1146/969 1159/1144/967 1160/1145/968
f 1071/1067/887 1161/1146/969 1069/1065/885
f 1161/1146/969 1160/1145/968 1069/1065/885
f 1154/1139/963 1159/1144/967 1162/1147/970
f 1154/1139/963 1162/1147/970 1152/1137/961
f 1162/1147/970 1159/1144/967 1161/1146/969
f 1163/1148/971 1162/1147/970 1161/1146/969
f 1163/1148/971 1161/1146/969 1071/1067/887
f 1071/1067/887 1073/1069/889 1163/1148/971
f 1152/1137/961 1162/1147/970 1164/1149/941
f 1164/1149/941 1162/1147/970 1163/1148/971
f 1165/1150/931 1153/1138/962 1152/1137/961
f 1166/1151/972 1147/1132/956 1153/1138/962
f 1149/1134/958 1147/1132/956 1166/1151/972
f 1165/1150/931 1166/1151/972 1153/1138/962
f 1152/1137/961 1167/1152/973 1165/1150/931
f 1164/1149/941 1167/1152/973 1152/1137/961
f 1163/1148/971 1168/1153/974 1164/1149/941
f 1168/1153/974 1167/1152/973 1164/1149/941
f 1163/1148/971 1073/1069/889 1169/1154/975
f 1169/1154/975 1168/1153/974 1163/1148/971
f 1066/1062/882 1065/1061/881 1170/1155/976
f 1066/1062/882 1170/1155/976 1073/1069/889
f 1073/1069/889 1170/1155/976 1171/1156/977
f 1073/1069/889 1171/1156/977 1169/1154/975
f 1169/1154/975 1171/1156/977 1172/1157/978
f 1169/1154/975 1172/1157/978 1168/1153/974
f 1168/1153/974 1173/1158/979 1167/1152/973
f 1168/1153/974 1172/1157/978 1173/1158/979
f 1167/1152/973 1173/1158/979 1174/1159/980
f 1167/1152/973 1174/1159/980 1175/1160/981
f 1165/1150/931 1167/1152/973 1175/1160/981
f 1175/1160/981 1174/1159/980 1176/1161/982
f 1175/1160/981 1177/1162/983 1165/1150/931
f 1175/1160/981 1176/1161/982 1177/1162/983
f 1177/1162/983 1176/1161/982 1178/1163/984
f 1177/1162/983 1178/1163/984 1179/1164/985
f 1179/1164/985 1178/1163/984 1180/1165/986
f 1179/1164/985 1180/1165/986 1181/1166/987
f 1181/1166/987 1180/1165/986 1182/1167/988
f 1181/1166/987 1182/1167/988 1183/1168/989
f 1183/1168/989 1182/1167/988 1184/1169/990
f 1183/1168/989 1184/1169/990 1185/1170/991
f 1177/1162/983 1179/1164/985 1186/1171/972
f 1186/1171/972 1166/1151/972 1165/1150/931
f 1165/1150/931 1177/1162/983 1186/1171/972
f 1183/1168/989 1185/1170/991 1187/1172/992
f 1188/1173/993 1179/1164/985 1181/1166/987
f 1188/1173/993 1183/1168/989 1187/1172/992
f 1181/1166/987 1183/1168/989 1188/1173/993
f 1189/1174/994 1179/1164/985 1188/1173/993
f 1186/1171/972 1179/1164/985 1189/1174/994
f 1189/1174/994 1166/1151/972 1186/1171/972
f 1149/1134/958 1166/1151/972 1189/1174/994
f 1187/1172/992 1185/1170/991 1190/1175/995
f 1190/1175/995 1185/1170/991 1191/1176/827
f 1187/1172/992 1192/1177/996 1188/1173/993
f 1190/1175/995 1192/1177/996 1187/1172/992
f 1189/1174/994 1193/1178/997 1149/1134/958
f 1188/1173/993 1193/1178/997 1189/1174/994
f 1188/1173/993 1192/1177/996 1193/1178/997
f 1193/1178/997 1194/1179/998 1149/1134/958
f 1149/1134/958 1194/1179/998 1148/1133/957
f 1193/1178/997 1195/1180/999 1194/1179/998
f 1192/1177/996 1195/1180/999 1193/1178/997
f 1196/1181/1000 1195/1180/999 1192/1177/996
f 1196/1181/1000 1192/1177/996 1190/1175/995
f 1190/1175/995 1197/1182/1001 1196/1181/1000
f 1191/1176/827 1197/1182/1001 1190/1175/995
f 1191/1176/827 1198/1183/1002 1197/1182/1001
f 1199/1184/1002 1198/1183/1002 1191/1176/827
f 1197/1182/1001 1200/1185/1003 1196/1181/1000
f 1201/1186/1004 1195/1180/999 1196/1181/1000
f 1196/1181/1000 1200/1185/1003 1201/1186/1004
f 1195/1180/999 1201/1186/1004 1202/1187/1005
f 1195/1180/999 1203/1188/1006 1194/1179/998
f 1194/1179/998 1203/1188/1006 1148/1133/957
f 1148/1133/957 1203/1188/1006 1142/1127/951
f 1202/1187/1005 1203/1188/1006 1195/1180/999
f 1142/1127/951 1204/1189/1007 1141/1126/950
f 1203/1188/1006 1204/1189/1007 1142/1127/951
f 1204/1189/1007 1203/1188/1006 1205/1190/1008
f 1205/1190/1008 1203/1188/1006 1202/1187/1005
f 1202/1187/1005 1206/1191/1009 1205/1190/1008
f 1202/1187/1005 1201/1186/1004 1206/1191/1009
f 1201/1186/1004 1207/1192/1010 1206/1191/1009
f 1200/1185/1003 1207/1192/1010 1201/1186/1004
f 1197/1182/1001 1208/1193/1011 1200/1185/1003
f 1198/1183/1002 1208/1193/1011 1197/1182/1001
f 1208/1193/1011 1207/1192/1010 1200/1185/1003
f 1208/1193/1011 1209/1194/1012 1210/1195/1013
f 1210/1195/1013 1207/1192/1010 1208/1193/1011
f 1209/1194/1012 1208/1193/1011 1211/1196/1014
f 1211/1196/1014 1208/1193/1011 1198/1183/1002
f 1211/1196/1014 1212/1197/1015 1209/1194/1012
f 1028/1024/847 1212/1197/1015 1211/1196/1014
f 1024/1020/843 1021/1017/840 1212/1197/1015
f 1212/1197/1015 1021/1017/840 1209/1194/1012
f 1028/1024/847 1024/1020/843 1212/1197/1015
f 1211/1196/1014 1198/1183/1002 1213/1198/1016
f 1213/1198/1016 1028/1024/847 1211/1196/1014
f 1036/1032/855 1028/1024/847 1213/1198/1016
f 1213/1198/1016 1198/1183/1002 1199/1184/1002
f 1214/1199/1017 1020/1016/839 1019/1015/838
f 1210/1195/1013 1209/1194/1012 1214/1199/1017
f 1209/1194/1012 1021/1017/840 1214/1199/1017
f 1021/1017/840 1020/1016/839 1214/1199/1017
f 1215/1200/1018 1214/1199/1017 1019/1015/838
f 1215/1200/1018 1207/1192/1010 1210/1195/1013
f 1018/1014/837 1017/1013/836 1215/1200/1018
f 1210/1195/1013 1214/1199/1017 1215/1200/1018
f 1215/1200/1018 1019/1015/838 1018/1014/837
f 1215/1200/1018 1017/1013/836 1216/1201/1019
f 1207/1192/1010 1216/1201/1019 1206/1191/1009
f 1216/1201/1019 1207/1192/1010 1215/1200/1018
f 1205/1190/1008 1206/1191/1009 1217/1202/1020
f 1217/1202/1020 1017/1013/836 1016/1012/835
f 1216/1201/1019 1017/1013/836 1217/1202/1020
f 1206/1191/1009 1216/1201/1019 1217/1202/1020
f 1218/1203/1021 1217/1202/1020 1016/1012/835
f 1205/1190/1008 1217/1202/1020 1218/1203/1021
f 1141/1126/950 1219/1204/1022 1129/1114/938
f 1204/1189/1007 1219/1204/1022 1141/1126/950
f 1205/1190/1008 1219/1204/1022 1204/1189/1007
f 1218/1203/1021 1219/1204/1022 1205/1190/1008
f 1218/1203/1021 1220/1205/1023 1219/1204/1022
f 1219/1204/1022 1220/1205/1023 1129/1114/938
f 1129/1114/938 1220/1205/1023 1127/1112/936
f 1221/1206/1024 1121/1106/930 1127/1112/936
f 1221/1206/1024 1116/1101/925 1121/1106/930
f 1220/1205/1023 1222/1207/1025 1127/1112/936
f 1127/1112/936 1222/1207/1025 1221/1206/1024
f 1220/1205/1023 1223/1208/992 1222/1207/1025
f 1224/1209/1026 1223/1208/992 1220/1205/1023
f 1224/1209/1026 1220/1205/1023 1218/1203/1021
f 1009/1005/828 1223/1208/992 1224/1209/1026
f 1009/1005/828 1224/1209/1026 1016/1012/835
f 1016/1012/835 1224/1209/1026 1218/1203/1021
f 1225/1210/1027 1116/1101/925 1221/1206/1024
f 1225/1210/1027 1126/1111/935 1116/1101/925
f 1221/1206/1024 1226/1211/1028 1225/1210/1027
f 1222/1207/1025 1226/1211/1028 1221/1206/1024
f 1222/1207/1025 1227/1212/1029 1226/1211/1028
f 1223/1208/992 1227/1212/1029 1222/1207/1025
f 1228/1213/995 1227/1212/1029 1223/1208/992
f 1228/1213/995 1223/1208/992 1009/1005/828
f 1009/1005/828 1008/1004/827 1228/1213/995
f 1229/1214/1030 1227/1212/1029 1228/1213/995
f 1230/1215/1031 1229/1214/1030 1231/1216/1032
f 1230/1215/1031 1232/1217/1033 1229/1214/1030
f 1232/1217/1033 1226/1211/1028 1227/1212/1029
f 1229/1214/1030 1232/1217/1033 1227/1212/1029
f 1233/1218/1034 1226/1211/1028 1232/1217/1033
f 1233/1218/1034 1225/1210/1027 1226/1211/1028
f 1126/1111/935 1234/1219/1035 940/936/762
f 1234/1219/1035 1225/1210/1027 1233/1218/1034
f 1234/1219/1035 1126/1111/935 1225/1210/1027
f 1234/1219/1035 1235/1220/1036 940/936/762
f 1233/1218/1034 1235/1220/1036 1234/1219/1035
f 1233/1218/1034 1232/1217/1033 1235/1220/1036
f 941/937/763 1236/1221/1037 942/938/764
f 1236/1221/1037 953/949/774 942/938/764
f 951/947/772 953/949/774 1236/1221/1037
f 940/936/762 1237/1222/1038 941/937/763
f 1235/1220/1036 1237/1222/1038 940/936/762
f 1237/1222/1038 1236/1221/1037 941/937/763
f 1230/1215/1031 1238/1223/1039 1232/1217/1033
f 1238/1223/1039 1237/1222/1038 1235/1220/1036
f 1230/1215/1031 1231/1216/1032 1238/1223/1039
f 1232/1217/1033 1238/1223/1039 1235/1220/1036
f 1239/1224/567 977/973/797 948/944/769
f 1239/1224/567 1240/1225/1040 1238/1223/1039
f 1240/1225/1040 1236/1221/1037 1237/1222/1038
f 948/944/769 1240/1225/1040 1239/1224/567
f 1240/1225/1040 1237/1222/1038 1238/1223/1039
f 951/947/772 1236/1221/1037 1240/1225/1040
f 948/944/769 951/947/772 1240/1225/1040
f 1241/1226/1041 977/973/797 1239/1224/567
f 976/972/609 977/973/797 1241/1226/1041
f 980/976/800 976/972/609 1241/1226/1041
f 980/976/800 1242/1227/1042 992/988/812
f 1242/1227/1042 980/976/800 1241/1226/1041
f 1243/1228/1043 1241/1226/1041 1239/1224/567
f 1242/1227/1042 1241/1226/1041 1243/1228/1043
f 1239/1224/567 1238/1223/1039 1244/1229/1044
f 1244/1229/1044 1238/1223/1039 1231/1216/1032
f 1244/1229/1044 1243/1228/1043 1239/1224/567
f 1006/1002/825 992/988/812 1245/1230/1045
f 992/988/812 1242/1227/1042 1245/1230/1045
f 1242/1227/1042 1246/1231/1046 1245/1230/1045
f 1243/1228/1043 1244/1229/1044 1246/1231/1046
f 1243/1228/1043 1246/1231/1046 1242/1227/1042
f 1246/1231/1046 1244/1229/1044 1247/1232/1047
f 1010/1006/829 1247/1232/1047 1008/1004/827
f 1244/1229/1044 1231/1216/1032 1247/1232/1047
f 1247/1232/1047 1231/1216/1032 1248/1233/1048
f 1228/1213/995 1248/1233/1048 1229/1214/1030
f 1008/1004/827 1248/1233/1048 1228/1213/995
f 1231/1216/1032 1229/1214/1030 1248/1233/1048
f 1008/1004/827 1247/1232/1047 1248/1233/1048
f 1246/1231/1046 1247/1232/1047 1249/1234/1016
f 1249/1234/1016 1010/1006/829 1012/1008/831
f 1249/1234/1016 1247/1232/1047 1010/1006/829
f 1012/1008/831 1006/1002/825 1249/1234/1016
f 1249/1234/1016 1245/1230/1045 1246/1231/1046
f 1006/1002/825 1245/1230/1045 1249/1234/1016
f 1136/1121/945 1250/1235/1049 1151/1136/960
f 1136/1121/945 1134/1119/943 1250/1235/1049
f 1250/1235/1049 1134/1119/943 1251/1236/1050
f 1251/1236/1050 1088/1084/903 1086/1082/901
f 1080/1076/895 1252/1237/474 1086/1082/901
f 1252/1237/474 1250/1235/1049 1251/1236/1050
f 1086/1082/901 1252/1237/474 1251/1236/1050
f 1253/1238/1051 1158/1143/966 1151/1136/960
f 1151/1136/960 1250/1235/1049 1253/1238/1051
f 1253/1238/1051 1250/1235/1049 1252/1237/474
f 1080/1076/895 1254/1239/1052 1252/1237/474
f 1081/1077/896 1067/1063/883 1254/1239/1052
f 1081/1077/896 1254/1239/1052 1080/1076/895
f 1067/1063/883 1158/1143/966 1254/1239/1052
f 1158/1143/966 1253/1238/1051 1254/1239/1052
f 1254/1239/1052 1253/1238/1051 1252/1237/474
f 1134/1119/943 1133/1118/942 1255/1240/1053
f 1255/1240/1053 1088/1084/903 1251/1236/1050
f 1255/1240/1053 1094/1090/909 1088/1084/903
f 1255/1240/1053 1133/1118/942 1093/1089/908
f 1251/1236/1050 1134/1119/943 1255/1240/1053
f 1093/1089/908 1094/1090/909 1255/1240/1053
f 1256/1105/929 1257/1110/934 1258/1104/928
f 1258/1104/928 1257/1110/934 1259/1109/933
f 1260/1119/943 1261/1117/941 1262/1118/942
f 1261/1117/941 1259/1109/933 1262/1118/942
f 1258/1104/928 1259/1109/933 1263/1108/961
f 1263/1108/961 1259/1109/933 1261/1117/941
f 1263/1108/961 1264/1103/927 1258/1104/928
f 1265/1102/926 1258/1104/928 1264/1103/927
f 1256/1105/929 1258/1104/928 1265/1102/926
f 1256/1105/929 1265/1102/926 1266/930/756
f 1256/1105/929 1266/930/756 1257/1110/934
f 1257/1110/934 1266/930/756 1267/927/753
f 1263/1108/961 1261/1117/941 1268/1116/940
f 1268/1116/940 1261/1117/941 1269/1120/1054
f 1269/1120/1054 1261/1117/941 1260/1119/943
f 1270/1107/931 1264/1103/927 1263/1108/961
f 1268/1116/940 1270/1107/931 1263/1108/961
f 1271/1101/925 1265/1102/926 1264/1103/927
f 1270/1107/931 1271/1101/925 1264/1103/927
f 1272/1111/935 1266/930/756 1265/1102/926
f 1272/1111/935 1265/1102/926 1271/1101/925
f 1273/936/1055 1266/930/756 1272/1111/935
f 1273/936/1055 1274/931/757 1266/930/756
f 1275/937/763 1274/931/757 1273/936/1055
f 1273/936/1055 1276/1222/1038 1275/937/763
f 1277/1225/1040 1276/1222/1038 1278/1223/1039
f 1279/1224/567 1277/1225/1040 1278/1223/1039
f 1280/1220/1036 1276/1222/1038 1273/936/1055
f 1278/1223/1039 1276/1222/1038 1280/1220/1036
f 1281/1219/1056 1280/1220/1036 1273/936/1055
f 1272/1111/935 1281/1219/1056 1273/936/1055
f 1282/1217/1057 1278/1223/1039 1280/1220/1036
f 1283/1215/1031 1278/1223/1039 1282/1217/1057
f 1284/1218/1034 1282/1217/1057 1280/1220/1036
f 1284/1218/1034 1280/1220/1036 1281/1219/1056
f 1285/1210/1027 1272/1111/935 1271/1101/925
f 1281/1219/1056 1285/1210/1027 1284/1218/1034
f 1281/1219/1056 1272/1111/935 1285/1210/1027
f 1284/1218/1034 1285/1210/1027 1286/1211/1028
f 1287/1212/1029 1284/1218/1034 1286/1211/1028
f 1282/1217/1057 1284/1218/1034 1287/1212/1029
f 1283/1215/1031 1282/1217/1057 1288/1214/1030
f 1288/1214/1030 1282/1217/1057 1287/1212/1029
f 1283/1215/1031 1288/1214/1030 1289/1216/1058
f 1283/1215/1031 1289/1216/1058 1278/1223/1039
f 1279/1224/567 1278/1223/1039 1290/1229/1044
f 1290/1229/1044 1278/1223/1039 1289/1216/1058
f 1290/1229/1044 1291/1228/1043 1279/1224/567
f 1290/1229/1044 1289/1216/1058 1292/1232/1059
f 1292/1232/1059 1289/1216/1058 1293/1233/1048
f 1289/1216/1058 1288/1214/1030 1293/1233/1048
f 1288/1214/1030 1287/1212/1029 1294/1213/995
f 1294/1213/995 1293/1233/1048 1288/1214/1030
f 1294/1213/995 1287/1212/1029 1295/1208/992
f 1295/1208/992 1287/1212/1029 1296/1207/1025
f 1296/1207/1025 1287/1212/1029 1286/1211/1028
f 1297/1205/1023 1295/1208/992 1296/1207/1025
f 1297/1205/1023 1296/1207/1025 1298/1112/936
f 1299/1114/938 1297/1205/1023 1298/1112/936
f 1285/1210/1027 1271/1101/925 1300/1206/994
f 1298/1112/936 1296/1207/1025 1300/1206/994
f 1300/1206/994 1286/1211/1028 1285/1210/1027
f 1296/1207/1025 1286/1211/1028 1300/1206/994
f 1301/1106/930 1271/1101/925 1270/1107/931
f 1300/1206/994 1301/1106/930 1298/1112/936
f 1300/1206/994 1271/1101/925 1301/1106/930
f 1298/1112/936 1302/1113/937 1299/1114/938
f 1298/1112/936 1301/1106/930 1302/1113/937
f 1303/1115/939 1270/1107/931 1268/1116/940
f 1302/1113/937 1301/1106/930 1303/1115/939
f 1303/1115/939 1301/1106/930 1270/1107/931
f 1302/1113/937 1303/1115/939 1304/1124/948
f 1299/1114/938 1302/1113/937 1304/1124/948
f 1304/1124/948 1303/1115/939 1305/1123/947
f 1268/1116/940 1269/1120/1054 1306/1122/946
f 1306/1122/946 1303/1115/939 1268/1116/940
f 1305/1123/947 1303/1115/939 1306/1122/946
f 1304/1124/948 1305/1123/947 1307/1125/949
f 1306/1122/946 1269/1120/1054 1308/1121/1060
f 1269/1120/1054 1260/1119/943 1308/1121/1060
f 1309/1128/1061 1305/1123/947 1306/1122/946
f 1308/1121/1060 1309/1128/1061 1306/1122/946
f 1310/1129/953 1305/1123/947 1309/1128/1061
f 1307/1125/949 1305/1123/947 1310/1129/953
f 1310/1129/953 1311/1130/954 1307/1125/949
f 1311/1130/954 1310/1129/953 1312/1135/1062
f 1312/1135/1062 1310/1129/953 1309/1128/1061
f 1313/1136/1063 1309/1128/1061 1308/1121/1060
f 1313/1136/1063 1312/1135/1062 1309/1128/1061
f 1314/1142/122 1312/1135/1062 1313/1136/1063
f 1315/1141/965 1311/1130/954 1312/1135/1062
f 1314/1142/122 1315/1141/965 1312/1135/1062
f 1316/1140/1064 1311/1130/954 1315/1141/965
f 1317/1132/956 1311/1130/954 1316/1140/1064
f 1318/1144/967 1315/1141/965 1314/1142/122
f 1319/1139/963 1316/1140/1064 1315/1141/965
f 1315/1141/965 1318/1144/967 1319/1139/963
f 1314/1142/122 1320/1143/1065 1318/1144/967
f 1313/1136/1063 1320/1143/1065 1314/1142/122
f 1321/1238/1051 1320/1143/1065 1313/1136/1063
f 1308/1121/1060 1322/1235/1049 1313/1136/1063
f 1308/1121/1060 1260/1119/943 1322/1235/1049
f 1313/1136/1063 1322/1235/1049 1321/1238/1051
f 1323/1138/1066 1316/1140/1064 1319/1139/963
f 1324/1137/932 1323/1138/1066 1319/1139/963
f 1323/1138/1066 1317/1132/956 1316/1140/1064
f 1319/1139/963 1318/1144/967 1325/1147/970
f 1319/1139/963 1325/1147/970 1324/1137/932
f 1325/1147/970 1318/1144/967 1326/1146/969
f 1318/1144/967 1320/1143/1065 1327/1145/1067
f 1326/1146/969 1318/1144/967 1327/1145/1067
f 1320/1143/1065 1321/1238/1051 1328/1239/1052
f 1329/1063/883 1320/1143/1065 1328/1239/1052
f 1327/1145/1067 1320/1143/1065 1329/1063/883
f 1330/1065/885 1327/1145/1067 1329/1063/883
f 1326/1146/969 1327/1145/1067 1330/1065/885
f 1331/1067/908 1326/1146/969 1330/1065/885
f 1332/1148/971 1325/1147/970 1326/1146/969
f 1332/1148/971 1326/1146/969 1331/1067/908
f 1331/1067/908 1333/1069/889 1332/1148/971
f 1332/1148/971 1333/1069/889 1334/1154/1068
f 1333/1069/889 1335/1156/977 1334/1154/1068
f 1336/1076/895 1328/1239/1052 1337/1237/474
f 1321/1238/1051 1322/1235/1049 1337/1237/474
f 1328/1239/1052 1321/1238/1051 1337/1237/474
f 1338/1077/896 1328/1239/1052 1336/1076/895
f 1338/1077/896 1329/1063/883 1328/1239/1052
f 1329/1063/883 1339/1064/884 1330/1065/885
f 1339/1064/884 1329/1063/883 1338/1077/896
f 1330/1065/885 1340/1066/886 1331/1067/908
f 1330/1065/885 1339/1064/884 1340/1066/886
f 1341/1068/886 1333/1069/889 1331/1067/908
f 1331/1067/908 1340/1066/886 1341/1068/886
f 1342/1062/882 1333/1069/889 1341/1068/886
f 1336/1076/895 1343/1075/894 1338/1077/896
f 1338/1077/896 1343/1075/894 1339/1064/884
f 1339/1064/884 1343/1075/894 1344/1073/1069
f 1344/1073/1069 1343/1075/894 1345/1074/1070
f 1340/1066/886 1339/1064/884 1346/1071/890
f 1346/1071/890 1339/1064/884 1344/1073/1069
f 1347/1072/1071 1344/1073/1069 1345/1074/1070
f 1346/1071/890 1344/1073/1069 1347/1072/1071
f 1345/1074/1070 1348/1041/862 1347/1072/1071
f 1341/1068/886 1340/1066/886 1349/1070/739
f 1349/1070/739 1342/1062/882 1341/1068/886
f 1349/1070/739 1340/1066/886 1346/1071/890
f 1350/1044/865 1346/1071/890 1347/1072/1071
f 1349/1070/739 1346/1071/890 1350/1044/865
f 1347/1072/1071 1351/1045/1072 1350/1044/865
f 1347/1072/1071 1348/1041/862 1351/1045/1072
f 1351/1045/1072 1348/1041/862 1352/1047/868
f 1352/1047/868 1348/1041/862 1353/1040/861
f 1352/1047/868 1353/1040/861 1354/1039/860
f 1355/1060/880 1342/1062/882 1349/1070/739
f 1349/1070/739 1356/1043/1073 1355/1060/880
f 1350/1044/865 1356/1043/1073 1349/1070/739
f 1357/1042/863 1356/1043/1073 1350/1044/865
f 1350/1044/865 1351/1045/1072 1357/1042/863
f 1358/1046/867 1351/1045/1072 1352/1047/868
f 1357/1042/863 1351/1045/1072 1358/1046/867
f 1359/1048/804 1352/1047/868 1354/1039/860
f 1358/1046/867 1352/1047/868 1359/1048/804
f 1356/1043/1073 1360/1059/879 1355/1060/880
f 1356/1043/1073 1361/1058/878 1360/1059/879
f 1355/1060/880 1360/1059/879 1362/1061/1074
f 1355/1060/880 1362/1061/1074 1342/1062/882
f 1342/1062/882 1362/1061/1074 1363/1155/976
f 1333/1069/889 1363/1155/976 1335/1156/977
f 1342/1062/882 1363/1155/976 1333/1069/889
f 1358/1046/867 1364/1052/1075 1357/1042/863
f 1364/1052/1075 1356/1043/1073 1357/1042/863
f 1364/1052/1075 1361/1058/878 1356/1043/1073
f 1365/1053/1076 1364/1052/1075 1358/1046/867
f 1358/1046/867 1366/1054/1077 1365/1053/1076
f 1359/1048/804 1366/1054/1077 1358/1046/867
f 1367/1049/859 1366/1054/1077 1359/1048/804
f 1359/1048/804 1368/1038/869 1367/1049/859
f 1354/1039/860 1368/1038/869 1359/1048/804
f 1367/1049/859 1368/1038/869 1369/1037/809
f 1369/1037/809 1368/1038/869 1370/1035/857
f 1369/1037/809 1370/1035/857 1371/1034/810
f 1372/1050/1078 1366/1054/1077 1367/1049/859
f 1369/1037/809 1372/1050/1078 1367/1049/859
f 1373/1051/871 1372/1050/1078 1369/1037/809
f 1371/1034/810 1374/1036/858 1369/1037/809
f 1369/1037/809 1374/1036/858 1373/1051/871
f 1375/1033/856 1374/1036/858 1371/1034/810
f 1376/1241/1079 1374/1036/858 1375/1033/856
f 1377/1032/855 1376/1241/1079 1375/1033/856
f 1378/1242/1080 1376/1241/1079 1377/1032/855
f 1377/1032/855 1379/1243/1081 1378/1242/1080
f 1371/1034/810 1370/1035/857 1380/1025/848
f 1371/1034/810 1381/1023/1082 1375/1033/856
f 1375/1033/856 1381/1023/1082 1377/1032/855
f 1380/1025/848 1381/1023/1082 1371/1034/810
f 1382/1244/1083 1383/1245/1084 1384/1246/1085
f 1382/1244/1083 1384/1246/1085 1379/1243/1081
f 1379/1243/1081 1384/1246/1085 1385/1247/1086
f 1379/1243/1081 1385/1247/1086 1378/1242/1080
f 1378/1242/1080 1385/1247/1086 1386/1248/711
f 1378/1242/1080 1386/1248/711 1376/1241/1079
f 1376/1241/1079 1386/1248/711 1387/1249/1087
f 1376/1241/1079 1387/1249/1087 1374/1036/858
f 1374/1036/858 1387/1249/1087 1388/1250/1088
f 1374/1036/858 1388/1250/1088 1373/1051/871
f 1373/1051/871 1389/1251/1089 1372/1050/1078
f 1373/1051/871 1388/1250/1088 1389/1251/1089
f 1372/1050/1078 1389/1251/1089 1390/1055/875
f 1372/1050/1078 1390/1055/875 1366/1054/1077
f 1366/1054/1077 1391/1056/876 1365/1053/1076
f 1366/1054/1077 1390/1055/875 1391/1056/876
f 1365/1053/1076 1391/1056/876 1392/1057/877
f 1365/1053/1076 1392/1057/877 1364/1052/1075
f 1364/1052/1075 1392/1057/877 1361/1058/878
f 1393/962/1090 1394/961/786 1395/941/1
f 1394/961/786 1396/960/785 1395/941/1
f 1396/960/785 1394/961/786 1397/959/784
f 1398/965/790 1396/960/785 1397/959/784
f 1398/965/790 1397/959/784 1399/966/791
f 1399/966/791 1400/969/794 1398/965/790
f 1401/967/1091 1400/969/794 1399/966/791
f 1402/957/782 1401/967/1091 1399/966/791
f 1403/968/1092 1401/967/1091 1402/957/782
f 1399/966/791 1397/959/784 1404/955/780
f 1399/966/791 1404/955/780 1402/957/782
f 1397/959/784 1394/961/786 1405/954/1093
f 1397/959/784 1405/954/1093 1404/955/780
f 1406/953/1094 1394/961/786 1393/962/1090
f 1405/954/1093 1394/961/786 1406/953/1094
f 1393/962/1090 1407/952/777 1406/953/1094
f 1407/952/777 1393/962/1090 1395/941/1
f 1408/950/1095 1407/952/777 1395/941/1
f 1407/952/777 1408/950/1095 1409/948/773
f 1406/953/1094 1407/952/777 1409/948/773
f 1406/953/1094 1409/948/773 1410/946/1096
f 1410/946/1096 1405/954/1093 1406/953/1094
f 1404/955/780 1405/954/1093 1411/945/770
f 1411/945/770 1405/954/1093 1410/946/1096
f 1404/955/780 1411/945/770 1412/956/781
f 1402/957/782 1404/955/780 1412/956/781
f 1402/957/782 1412/956/781 1413/958/783
f 1413/958/783 1403/968/1092 1402/957/782
f 1409/948/773 1408/950/1095 1414/949/774
f 1409/948/773 1414/949/774 1415/947/1097
f 1277/1225/1040 1415/947/1097 1276/1222/1038
f 1410/946/1096 1409/948/773 1415/947/1097
f 1414/949/774 1408/950/1095 1416/943/1098
f 1416/943/1098 1408/950/1095 1417/951/776
f 1417/951/776 1408/950/1095 1395/941/1
f 1276/1222/1038 1415/947/1097 1418/1221/1037
f 1276/1222/1038 1418/1221/1037 1275/937/763
f 1415/947/1097 1414/949/774 1418/1221/1037
f 1418/1221/1037 1414/949/774 1419/938/764
f 1419/938/764 1414/949/774 1416/943/1098
f 1275/937/763 1418/1221/1037 1419/938/764
f 1419/938/764 1420/932/758 1275/937/763
f 1275/937/763 1420/932/758 1274/931/757
f 1419/938/764 1421/933/759 1420/932/758
f 1416/943/1098 1421/933/759 1419/938/764
f 1416/943/1098 1422/942/767 1421/933/759
f 1417/951/776 1422/942/767 1416/943/1098
f 1422/942/767 1417/951/776 1395/941/1
f 1422/942/767 1423/934/760 1421/933/759
f 1423/934/760 1422/942/767 1395/941/1
f 1421/933/759 1424/923/749 1420/932/758
f 1421/933/759 1423/934/760 1424/923/749
f 1420/932/758 1424/923/749 1425/925/751
f 1420/932/758 1425/925/751 1274/931/757
f 1266/930/756 1426/926/752 1267/927/753
f 1274/931/757 1426/926/752 1266/930/756
f 1274/931/757 1425/925/751 1426/926/752
f 1424/923/749 1423/934/760 1427/924/1099
f 1425/925/751 1424/923/749 1428/920/746
f 1428/920/746 1424/923/749 1427/924/1099
f 1426/926/752 1425/925/751 1429/918/744
f 1429/918/744 1425/925/751 1428/920/746
f 1430/916/1100 1426/926/752 1429/918/744
f 1267/927/753 1426/926/752 1430/916/1100
f 1431/922/748 1267/927/753 1430/916/1100
f 1257/1110/934 1432/928/1101 1259/1109/933
f 1432/928/1101 1257/1110/934 1267/927/753
f 1432/928/1101 1267/927/753 1431/922/748
f 1431/922/748 1433/921/747 1432/928/1101
f 1427/924/1099 1423/934/760 1434/935/761
f 1434/935/761 1423/934/760 1395/941/1
f 1435/940/766 1434/935/761 1395/941/1
f 1434/935/761 1435/940/766 1427/924/1099
f 1427/924/1099 1436/939/765 1428/920/746
f 1427/924/1099 1435/940/766 1436/939/765
f 1428/920/746 1436/939/765 1437/919/745
f 1428/920/746 1437/919/745 1429/918/744
f 1437/919/745 1400/969/794 1401/967/1091
f 1436/939/765 1400/969/794 1437/919/745
f 1429/918/744 1438/917/1102 1430/916/1100
f 1429/918/744 1437/919/745 1438/917/1102
f 1437/919/745 1401/967/1091 1438/917/1102
f 1438/917/1102 1401/967/1091 1403/968/1092
f 1438/917/1102 1403/968/1092 1439/910/736
f 1430/916/1100 1438/917/1102 1439/910/736
f 1430/916/1100 1439/910/736 1440/915/741
f 1431/922/748 1440/915/741 1433/921/747
f 1440/915/741 1431/922/748 1430/916/1100
f 1435/940/766 1441/963/788 1436/939/765
f 1441/963/788 1435/940/766 1395/941/1
f 1400/969/794 1441/963/788 1398/965/790
f 1436/939/765 1441/963/788 1400/969/794
f 1442/964/789 1396/960/785 1398/965/790
f 1396/960/785 1442/964/789 1395/941/1
f 1398/965/790 1441/963/788 1442/964/789
f 1442/964/789 1441/963/788 1395/941/1
f 1443/974/798 1444/977/801 1445/978/1103
f 1446/975/799 1444/977/801 1443/974/798
f 1413/958/783 1412/956/781 1447/972/609
f 1446/975/799 1443/974/798 1447/972/609
f 1446/975/799 1448/976/800 1444/977/801
f 1446/975/799 1447/972/609 1448/976/800
f 1448/976/800 1447/972/609 1449/1226/1041
f 1291/1228/1043 1449/1226/1041 1279/1224/567
f 1447/972/609 1450/973/797 1449/1226/1041
f 1412/956/781 1411/945/770 1450/973/797
f 1412/956/781 1450/973/797 1447/972/609
f 1449/1226/1041 1450/973/797 1279/1224/567
f 1451/944/769 1411/945/770 1410/946/1096
f 1451/944/769 1277/1225/1040 1279/1224/567
f 1451/944/769 1415/947/1097 1277/1225/1040
f 1410/946/1096 1415/947/1097 1451/944/769
f 1279/1224/567 1450/973/797 1451/944/769
f 1450/973/797 1411/945/770 1451/944/769
f 1452/971/796 1447/972/609 1443/974/798
f 1413/958/783 1447/972/609 1452/971/796
f 1452/971/796 1443/974/798 1453/979/803
f 1453/979/803 1443/974/798 1445/978/1103
f 1454/904/730 1452/971/796 1453/979/803
f 1455/970/795 1452/971/796 1454/904/730
f 1452/971/796 1455/970/795 1413/958/783
f 1455/970/795 1456/911/737 1413/958/783
f 1439/910/736 1403/968/1092 1456/911/737
f 1456/911/737 1403/968/1092 1413/958/783
f 1457/902/728 1456/911/737 1455/970/795
f 1455/970/795 1454/904/730 1457/902/728
f 1457/902/728 1454/904/730 1458/903/729
f 1459/980/804 1458/903/729 1454/904/730
f 1454/904/730 1453/979/803 1459/980/804
f 1459/980/804 1453/979/803 1460/984/808
f 1461/985/809 1453/979/803 1445/978/1103
f 1460/984/808 1453/979/803 1461/985/809
f 1462/992/816 1460/984/808 1461/985/809
f 1459/980/804 1460/984/808 1463/983/1104
f 1463/983/1104 1464/905/731 1459/980/804
f 1464/905/731 1458/903/729 1459/980/804
f 1464/905/731 1465/901/727 1458/903/729
f 1465/901/727 1457/902/728 1458/903/729
f 1466/899/725 1439/910/736 1456/911/737
f 1457/902/728 1466/899/725 1456/911/737
f 1466/899/725 1457/902/728 1465/901/727
f 1467/906/732 1465/901/727 1464/905/731
f 1468/1092/911 1467/906/732 1469/912/738
f 1469/912/738 1467/906/732 1464/905/731
f 1469/912/738 1464/905/731 1463/983/1104
f 1470/982/806 1469/912/738 1463/983/1104
f 1463/983/1104 1460/984/808 1471/993/1105
f 1471/993/1105 1460/984/808 1462/992/816
f 1463/983/1104 1471/993/1105 1470/982/806
f 1470/982/806 1471/993/1105 1472/994/818
f 1471/993/1105 1462/992/816 1472/994/818
f 1473/907/865 1465/901/727 1467/906/732
f 1473/907/865 1467/906/732 1474/1091/910
f 1474/1091/910 1467/906/732 1468/1092/911
f 1474/1091/910 1468/1092/911 1475/1085/904
f 1475/1085/904 1468/1092/911 1476/1088/907
f 1468/1092/911 1469/912/738 1476/1088/907
f 1477/981/805 1469/912/738 1470/982/806
f 1476/1088/907 1469/912/738 1477/981/805
f 1472/994/818 1478/995/1106 1470/982/806
f 1478/995/1106 1477/981/805 1470/982/806
f 1479/996/510 1478/995/1106 1472/994/818
f 1479/996/510 1480/1030/853 1478/995/1106
f 1481/1093/912 1477/981/805 1478/995/1106
f 1480/1030/853 1481/1093/912 1478/995/1106
f 1482/1087/906 1477/981/805 1481/1093/912
f 1476/1088/907 1477/981/805 1482/1087/906
f 1482/1087/906 1483/1086/1107 1476/1088/907
f 1476/1088/907 1483/1086/1107 1475/1085/904
f 1483/1086/1107 1484/1081/900 1475/1085/904
f 1475/1085/904 1485/1083/1108 1474/1091/910
f 1484/1081/900 1485/1083/1108 1475/1085/904
f 1485/1083/1108 1486/913/1109 1474/1091/910
f 1474/1091/910 1486/913/1109 1473/907/865
f 1487/1080/899 1484/1081/900 1483/1086/1107
f 1487/1080/899 1343/1075/894 1336/1076/895
f 1336/1076/895 1484/1081/900 1487/1080/899
f 1482/1087/906 1488/1079/898 1483/1086/1107
f 1488/1079/898 1487/1080/899 1483/1086/1107
f 1343/1075/894 1487/1080/899 1488/1079/898
f 1345/1074/1070 1343/1075/894 1488/1079/898
f 1489/1078/897 1488/1079/898 1482/1087/906
f 1489/1078/897 1345/1074/1070 1488/1079/898
f 1348/1041/862 1345/1074/1070 1489/1078/897
f 1489/1078/897 1490/1031/1110 1348/1041/862
f 1348/1041/862 1490/1031/1110 1353/1040/861
f 1482/1087/906 1490/1031/1110 1489/1078/897
f 1481/1093/912 1490/1031/1110 1482/1087/906
f 1490/1031/1110 1481/1093/912 1480/1030/853
f 1491/1029/1111 1490/1031/1110 1480/1030/853
f 1354/1039/860 1353/1040/861 1491/1029/1111
f 1353/1040/861 1490/1031/1110 1491/1029/1111
f 1492/1028/851 1491/1029/1111 1480/1030/853
f 1492/1028/851 1480/1030/853 1479/996/510
f 1493/1027/850 1491/1029/1111 1492/1028/851
f 1354/1039/860 1493/1027/850 1368/1038/869
f 1491/1029/1111 1493/1027/850 1354/1039/860
f 1368/1038/869 1493/1027/850 1370/1035/857
f 1492/1028/851 1494/1022/845 1493/1027/850
f 1479/996/510 1494/1022/845 1492/1028/851
f 1370/1035/857 1495/1026/849 1380/1025/848
f 1370/1035/857 1493/1027/850 1495/1026/849
f 1493/1027/850 1494/1022/845 1495/1026/849
f 1380/1025/848 1495/1026/849 1496/1021/844
f 1495/1026/849 1494/1022/845 1496/1021/844
f 1496/1021/844 1497/1020/843 1380/1025/848
f 1380/1025/848 1497/1020/843 1381/1023/1082
f 1377/1032/855 1381/1023/1082 1498/1024/847
f 1381/1023/1082 1497/1020/843 1498/1024/847
f 1498/1024/847 1497/1020/843 1499/1197/1015
f 1498/1024/847 1499/1197/1015 1500/1196/1014
f 1377/1032/855 1498/1024/847 1501/1198/1112
f 1501/1198/1112 1498/1024/847 1500/1196/1014
f 1501/1198/1112 1379/1243/1081 1377/1032/855
f 1500/1196/1014 1502/1183/1002 1501/1198/1112
f 1503/1184/1002 1379/1243/1081 1501/1198/1112
f 1382/1244/1083 1379/1243/1081 1503/1184/1002
f 1501/1198/1112 1502/1183/1002 1503/1184/1002
f 1504/1176/827 1382/1244/1083 1503/1184/1002
f 1503/1184/1002 1502/1183/1002 1504/1176/827
f 1504/1176/827 1502/1183/1002 1505/1182/1001
f 1504/1176/827 1505/1182/1001 1506/1175/995
f 1500/1196/1014 1507/1193/1011 1502/1183/1002
f 1502/1183/1002 1507/1193/1011 1505/1182/1001
f 1500/1196/1014 1499/1197/1015 1508/1194/1012
f 1508/1194/1012 1507/1193/1011 1500/1196/1014
f 1497/1020/843 1509/1017/840 1499/1197/1015
f 1499/1197/1015 1509/1017/840 1508/1194/1012
f 1510/1018/841 1509/1017/840 1497/1020/843
f 1497/1020/843 1496/1021/844 1510/1018/841
f 1506/1175/995 1505/1182/1001 1511/1181/1000
f 1511/1181/1000 1512/1177/996 1506/1175/995
f 1511/1181/1000 1513/1180/999 1512/1177/996
f 1505/1182/1001 1507/1193/1011 1514/1185/1003
f 1505/1182/1001 1514/1185/1003 1511/1181/1000
f 1507/1193/1011 1515/1192/1010 1514/1185/1003
f 1516/1195/1013 1515/1192/1010 1507/1193/1011
f 1507/1193/1011 1508/1194/1012 1516/1195/1013
f 1512/1177/996 1513/1180/999 1517/1178/997
f 1514/1185/1003 1515/1192/1010 1518/1186/1113
f 1518/1186/1113 1513/1180/999 1511/1181/1000
f 1511/1181/1000 1514/1185/1003 1518/1186/1113
f 1508/1194/1012 1509/1017/840 1519/1199/1017
f 1516/1195/1013 1508/1194/1012 1519/1199/1017
f 1516/1195/1013 1519/1199/1017 1520/1200/1018
f 1520/1200/1018 1515/1192/1010 1516/1195/1013
f 1521/1201/1019 1515/1192/1010 1520/1200/1018
f 1518/1186/1113 1515/1192/1010 1522/1191/1009
f 1515/1192/1010 1521/1201/1019 1522/1191/1009
f 1513/1180/999 1518/1186/1113 1523/1187/1005
f 1523/1187/1005 1518/1186/1113 1522/1191/1009
f 1524/1014/837 1525/1013/836 1520/1200/1018
f 1520/1200/1018 1525/1013/836 1521/1201/1019
f 1522/1191/1009 1521/1201/1019 1526/1202/1020
f 1521/1201/1019 1525/1013/836 1526/1202/1020
f 1523/1187/1005 1522/1191/1009 1527/1190/1114
f 1527/1190/1114 1522/1191/1009 1526/1202/1020
f 1527/1190/1114 1528/1188/1115 1523/1187/1005
f 1523/1187/1005 1528/1188/1115 1513/1180/999
f 1513/1180/999 1528/1188/1115 1529/1179/998
f 1517/1178/997 1513/1180/999 1529/1179/998
f 1529/1179/998 1528/1188/1115 1530/1133/957
f 1531/1009/832 1532/1007/830 1524/1014/837
f 1524/1014/837 1533/1003/826 1525/1013/836
f 1532/1007/830 1533/1003/826 1524/1014/837
f 1525/1013/836 1533/1003/826 1534/1012/835
f 1526/1202/1020 1525/1013/836 1534/1012/835
f 1535/1008/1116 1532/1007/830 1531/1009/832
f 1531/1009/832 1536/1001/824 1535/1008/1116
f 1532/1007/830 1537/1006/1117 1533/1003/826
f 1535/1008/1116 1537/1006/1117 1532/1007/830
f 1533/1003/826 1537/1006/1117 1538/1004/827
f 1538/1004/827 1292/1232/1059 1293/1233/1048
f 1538/1004/827 1293/1233/1048 1294/1213/995
f 1537/1006/1117 1292/1232/1059 1538/1004/827
f 1534/1012/835 1533/1003/826 1539/1005/828
f 1539/1005/828 1538/1004/827 1294/1213/995
f 1294/1213/995 1295/1208/992 1539/1005/828
f 1533/1003/826 1538/1004/827 1539/1005/828
f 1539/1005/828 1295/1208/992 1540/1209/1026
f 1540/1209/1026 1295/1208/992 1297/1205/1023
f 1539/1005/828 1540/1209/1026 1534/1012/835
f 1534/1012/835 1540/1209/1026 1541/1203/1118
f 1541/1203/1118 1526/1202/1020 1534/1012/835
f 1540/1209/1026 1297/1205/1023 1541/1203/1118
f 1527/1190/1114 1526/1202/1020 1541/1203/1118
f 1536/1001/824 1542/1002/825 1535/1008/1116
f 1536/1001/824 1543/989/1119 1542/1002/825
f 1535/1008/1116 1542/1002/825 1544/1234/1120
f 1544/1234/1120 1537/1006/1117 1535/1008/1116
f 1544/1234/1120 1292/1232/1059 1537/1006/1117
f 1545/990/814 1543/989/1119 1536/1001/824
f 1462/992/816 1461/985/809 1546/987/1121
f 1546/987/1121 1543/989/1119 1545/990/814
f 1461/985/809 1445/978/1103 1547/986/810
f 1546/987/1121 1461/985/809 1547/986/810
f 1547/986/810 1543/989/1119 1546/987/1121
f 1547/986/810 1445/978/1103 1444/977/801
f 1444/977/801 1448/976/800 1548/988/812
f 1547/986/810 1548/988/812 1543/989/1119
f 1444/977/801 1548/988/812 1547/986/810
f 1543/989/1119 1548/988/812 1542/1002/825
f 1542/1002/825 1549/1230/1045 1544/1234/1120
f 1542/1002/825 1548/988/812 1549/1230/1045
f 1291/1228/1043 1290/1229/1044 1550/1231/1046
f 1550/1231/1046 1292/1232/1059 1544/1234/1120
f 1544/1234/1120 1549/1230/1045 1550/1231/1046
f 1550/1231/1046 1290/1229/1044 1292/1232/1059
f 1551/1227/1122 1550/1231/1046 1549/1230/1045
f 1291/1228/1043 1550/1231/1046 1551/1227/1122
f 1548/988/812 1551/1227/1122 1549/1230/1045
f 1551/1227/1122 1448/976/800 1449/1226/1041
f 1551/1227/1122 1449/1226/1041 1291/1228/1043
f 1448/976/800 1551/1227/1122 1548/988/812
f 1530/1133/957 1528/1188/1115 1552/1127/1123
f 1553/1189/1124 1528/1188/1115 1527/1190/1114
f 1528/1188/1115 1553/1189/1124 1552/1127/1123
f 1307/1125/949 1554/1126/950 1304/1124/948
f 1304/1124/948 1554/1126/950 1299/1114/938
f 1552/1127/1123 1553/1189/1124 1554/1126/950
f 1307/1125/949 1552/1127/1123 1554/1126/950
f 1555/1204/1022 1297/1205/1023 1299/1114/938
f 1541/1203/1118 1297/1205/1023 1555/1204/1022
f 1527/1190/1114 1555/1204/1022 1553/1189/1124
f 1553/1189/1124 1555/1204/1022 1554/1126/950
f 1541/1203/1118 1555/1204/1022 1527/1190/1114
f 1554/1126/950 1555/1204/1022 1299/1114/938
f 1556/1131/955 1530/1133/957 1552/1127/1123
f 1307/1125/949 1311/1130/954 1556/1131/955
f 1556/1131/955 1311/1130/954 1317/1132/956
f 1317/1132/956 1530/1133/957 1556/1131/955
f 1556/1131/955 1552/1127/1123 1307/1125/949
f 1517/1178/997 1529/1179/998 1557/1134/1125
f 1530/1133/957 1317/1132/956 1557/1134/1125
f 1557/1134/1125 1529/1179/998 1530/1133/957
f 1506/1175/995 1512/1177/996 1558/1172/992
f 1559/1173/1126 1512/1177/996 1517/1178/997
f 1558/1172/992 1512/1177/996 1559/1173/1126
f 1559/1173/1126 1517/1178/997 1560/1174/994
f 1560/1174/994 1517/1178/997 1557/1134/1125
f 1561/1151/972 1317/1132/956 1323/1138/1066
f 1557/1134/1125 1317/1132/956 1561/1151/972
f 1557/1134/1125 1561/1151/972 1560/1174/994
f 1559/1173/1126 1562/1168/1127 1558/1172/992
f 1506/1175/995 1563/1170/991 1504/1176/827
f 1558/1172/992 1563/1170/991 1506/1175/995
f 1562/1168/1127 1563/1170/991 1558/1172/992
f 1564/1166/1128 1562/1168/1127 1559/1173/1126
f 1560/1174/994 1565/1164/985 1559/1173/1126
f 1559/1173/1126 1565/1164/985 1564/1166/1128
f 1566/1171/972 1565/1164/985 1560/1174/994
f 1560/1174/994 1561/1151/972 1566/1171/972
f 1567/1150/931 1561/1151/972 1323/1138/1066
f 1567/1150/931 1323/1138/1066 1324/1137/932
f 1566/1171/972 1561/1151/972 1567/1150/931
f 1568/1162/983 1565/1164/985 1566/1171/972
f 1567/1150/931 1568/1162/983 1566/1171/972
f 1569/1160/981 1568/1162/983 1567/1150/931
f 1567/1150/931 1570/1152/973 1569/1160/981
f 1324/1137/932 1570/1152/973 1567/1150/931
f 1571/1149/941 1325/1147/970 1332/1148/971
f 1324/1137/932 1325/1147/970 1571/1149/941
f 1571/1149/941 1570/1152/973 1324/1137/932
f 1572/1153/974 1570/1152/973 1571/1149/941
f 1332/1148/971 1572/1153/974 1571/1149/941
f 1334/1154/1068 1572/1153/974 1332/1148/971
f 1334/1154/1068 1573/1157/978 1572/1153/974
f 1334/1154/1068 1335/1156/977 1573/1157/978
f 1572/1153/974 1574/1158/979 1570/1152/973
f 1572/1153/974 1573/1157/978 1574/1158/979
f 1570/1152/973 1574/1158/979 1575/1159/980
f 1570/1152/973 1575/1159/980 1569/1160/981
f 1569/1160/981 1576/1161/982 1568/1162/983
f 1569/1160/981 1575/1159/980 1576/1161/982
f 1568/1162/983 1576/1161/982 1577/1163/984
f 1568/1162/983 1577/1163/984 1565/1164/985
f 1565/1164/985 1577/1163/984 1578/1165/1129
f 1565/1164/985 1578/1165/1129 1564/1166/1128
f 1564/1166/1128 1578/1165/1129 1579/1167/988
f 1564/1166/1128 1579/1167/988 1562/1168/1127
f 1562/1168/1127 1580/1169/990 1563/1170/991
f 1562/1168/1127 1579/1167/988 1580/1169/990
f 1563/1170/991 1580/1169/990 1581/1252/1130
f 1563/1170/991 1581/1252/1130 1582/1253/1131
f 1582/1253/1131 1581/1252/1130 1383/1245/1084
f 1582/1253/1131 1383/1245/1084 1382/1244/1083
f 1582/1253/1131 1382/1244/1083 1504/1176/827
f 1504/1176/827 1563/1170/991 1582/1253/1131
f 1583/1254/1132 1584/1255/1133 1585/1256/1134
f 1586/1257/1135 1587/1258/1136 1588/1259/1137
f 1589/1260/1138 1587/1258/1136 1586/1257/1135
f 1590/1261/1139 1589/1260/1138 1586/1257/1135
f 1591/1262/1140 1589/1260/1138 1590/1261/1139
f 1592/1263/1141 1591/1262/1140 1590/1261/1139
f 1593/1264/1142 1591/1262/1140 1592/1263/1141
f 1585/1256/1134 1593/1264/1142 1592/1263/1141
f 1594/1265/1143 1593/1264/1142 1585/1256/1134
f 1585/1256/1134 1584/1255/1133 1594/1265/1143
f 1584/1255/1133 1595/1266/1144 1594/1265/1143
f 1588/1259/1137 1587/1258/1136 1596/1267/1145
f 1591/1262/1140 1597/1268/1146 1589/1260/1138
f 1589/1260/1138 1597/1268/1146 1598/1269/1147
f 1593/1264/1142 1594/1265/1143 1599/1270/1148
f 1591/1262/1140 1599/1270/1148 1597/1268/1146
f 1593/1264/1142 1599/1270/1148 1591/1262/1140
f 1599/1270/1148 1594/1265/1143 1600/1271/1149
f 1594/1265/1143 1595/1266/1144 1600/1271/1149
f 1599/1270/1148 1600/1271/1149 1601/1272/1150
f 1601/1272/1150 1600/1271/1149 1602/1273/1151
f 1601/1272/1150 1602/1273/1151 1603/1274/1152
f 1603/1274/1152 1602/1273/1151 1604/1275/1153
f 1605/1276/1154 1599/1270/1148 1601/1272/1150
f 1597/1268/1146 1599/1270/1148 1605/1276/1154
f 1605/1276/1154 1601/1272/1150 1606/1277/1155
f 1606/1277/1155 1601/1272/1150 1603/1274/1152
f 1603/1274/1152 1607/1278/1156 1606/1277/1155
f 1604/1275/1153 1608/1279/1157 1603/1274/1152
f 1608/1279/1157 1607/1278/1156 1603/1274/1152
f 1608/1279/1157 1609/1280/1158 1607/1278/1156
f 1610/1281/1159 1609/1280/1158 1596/1267/1145
f 1609/1280/1158 1610/1281/1159 1607/1278/1156
f 1596/1267/1145 1587/1258/1136 1610/1281/1159
f 1610/1281/1159 1587/1258/1136 1611/1282/1160
f 1607/1278/1156 1611/1282/1160 1606/1277/1155
f 1607/1278/1156 1610/1281/1159 1611/1282/1160
f 1606/1277/1155 1611/1282/1160 1612/1283/1161
f 1612/1283/1161 1605/1276/1154 1606/1277/1155
f 1613/1284/1162 1597/1268/1146 1605/1276/1154
f 1613/1284/1162 1605/1276/1154 1612/1283/1161
f 1598/1269/1147 1597/1268/1146 1613/1284/1162
f 1596/1267/1145 1609/1280/1158 1614/1285/1163
f 1615/1286/1164 1589/1260/1138 1598/1269/1147
f 1611/1282/1160 1587/1258/1136 1615/1286/1164
f 1611/1282/1160 1615/1286/1164 1612/1283/1161
f 1587/1258/1136 1589/1260/1138 1615/1286/1164
f 1616/1287/1165 1598/1269/1147 1613/1284/1162
f 1615/1286/1164 1598/1269/1147 1616/1287/1165
f 1612/1283/1161 1615/1286/1164 1616/1287/1165
f 1612/1283/1161 1616/1287/1165 1613/1284/1162
f 1609/1280/1158 1617/1288/1166 1614/1285/1163
f 1617/1288/1166 1609/1280/1158 1608/1279/1157
f 1614/1285/1163 1617/1288/1166 1618/1289/1167
f 1617/1288/1166 1619/1290/1168 1618/1289/1167
f 1619/1290/1168 1617/1288/1166 1620/1291/1169
f 1620/1291/1169 1608/1279/1157 1604/1275/1153
f 1620/1291/1169 1617/1288/1166 1608/1279/1157
f 1620/1291/1169 1621/1292/1170 1619/1290/1168
f 1622/1293/1171 1621/1292/1170 1620/1291/1169
f 1623/1294/1172 1620/1291/1169 1604/1275/1153
f 1604/1275/1153 1602/1273/1151 1623/1294/1172
f 1622/1293/1171 1620/1291/1169 1623/1294/1172
f 1621/1292/1170 1624/1295/1173 1619/1290/1168
f 1618/1289/1167 1619/1290/1168 1624/1295/1173
f 1625/1296/1174 1624/1295/1173 1621/1292/1170
f 1595/1266/1144 1626/1297/1175 1600/1271/1149
f 1600/1271/1149 1626/1297/1175 1602/1273/1151
f 1623/1294/1172 1602/1273/1151 1626/1297/1175
f 1627/1258/1136 1628/1260/1138 1629/1286/1164
f 1630/1256/1134 1631/1264/1176 1632/1263/1177
f 1631/1264/1176 1633/1262/1178 1632/1263/1177
f 1632/1263/1177 1633/1262/1178 1634/1261/1139
f 1633/1262/1178 1628/1260/1138 1634/1261/1139
f 1634/1261/1139 1628/1260/1138 1635/1257/1179
f 1628/1260/1138 1627/1258/1136 1635/1257/1179
f 1635/1257/1179 1627/1258/1136 1636/1259/1137
f 1636/1259/1137 1627/1258/1136 1637/1267/1180
f 1638/1254/1181 1639/1255/1182 1630/1256/1134
f 1640/1265/1143 1631/1264/1176 1630/1256/1134
f 1630/1256/1134 1639/1255/1182 1640/1265/1143
f 1631/1264/1176 1641/1270/1148 1633/1262/1178
f 1631/1264/1176 1640/1265/1143 1641/1270/1148
f 1633/1262/1178 1642/1268/1146 1628/1260/1138
f 1633/1262/1178 1641/1270/1148 1642/1268/1146
f 1629/1286/1164 1628/1260/1138 1643/1269/1147
f 1628/1260/1138 1642/1268/1146 1643/1269/1147
f 1629/1286/1164 1643/1269/1147 1644/1287/1183
f 1644/1287/1183 1643/1269/1147 1645/1284/1162
f 1643/1269/1147 1642/1268/1146 1645/1284/1162
f 1646/1283/1161 1644/1287/1183 1645/1284/1162
f 1646/1283/1161 1629/1286/1164 1644/1287/1183
f 1642/1268/1146 1641/1270/1148 1647/1276/1154
f 1645/1284/1162 1647/1276/1154 1646/1283/1161
f 1645/1284/1162 1642/1268/1146 1647/1276/1154
f 1647/1276/1154 1641/1270/1148 1648/1272/1150
f 1641/1270/1148 1640/1265/1143 1649/1271/1149
f 1641/1270/1148 1649/1271/1149 1648/1272/1150
f 1648/1272/1150 1649/1271/1149 1650/1273/1151
f 1649/1271/1149 1651/1297/1175 1650/1273/1151
f 1652/1294/1172 1650/1273/1151 1651/1297/1175
f 1639/1255/1182 1653/1266/1144 1640/1265/1143
f 1653/1266/1144 1651/1297/1175 1649/1271/1149
f 1640/1265/1143 1653/1266/1144 1649/1271/1149
f 1654/1282/1160 1629/1286/1164 1646/1283/1161
f 1654/1282/1160 1627/1258/1136 1629/1286/1164
f 1647/1276/1154 1648/1272/1150 1655/1277/1155
f 1655/1277/1155 1654/1282/1160 1646/1283/1161
f 1646/1283/1161 1647/1276/1154 1655/1277/1155
f 1648/1272/1150 1650/1273/1151 1656/1274/1152
f 1655/1277/1155 1648/1272/1150 1656/1274/1152
f 1657/1275/1153 1650/1273/1151 1652/1294/1172
f 1656/1274/1152 1650/1273/1151 1657/1275/1153
f 1657/1275/1153 1658/1279/1157 1656/1274/1152
f 1658/1279/1157 1659/1278/1184 1656/1274/1152
f 1659/1278/1184 1654/1282/1160 1655/1277/1155
f 1656/1274/1152 1659/1278/1184 1655/1277/1155
f 1658/1279/1157 1660/1280/1185 1659/1278/1184
f 1637/1267/1180 1627/1258/1136 1661/1281/1159
f 1660/1280/1185 1661/1281/1159 1659/1278/1184
f 1659/1278/1184 1661/1281/1159 1654/1282/1160
f 1661/1281/1159 1627/1258/1136 1654/1282/1160
f 1661/1281/1159 1660/1280/1185 1637/1267/1180
f 1662/1291/1169 1658/1279/1157 1657/1275/1153
f 1652/1294/1172 1662/1291/1169 1657/1275/1153
f 1663/1288/1166 1660/1280/1185 1658/1279/1157
f 1662/1291/1169 1663/1288/1166 1658/1279/1157
f 1660/1280/1185 1663/1288/1166 1664/1285/1186
f 1637/1267/1180 1660/1280/1185 1664/1285/1186
f 1664/1285/1186 1663/1288/1166 1665/1289/1187
f 1663/1288/1166 1666/1290/1188 1665/1289/1187
f 1666/1290/1188 1663/1288/1166 1662/1291/1169
f 1662/1291/1169 1667/1292/1189 1666/1290/1188
f 1668/1293/1171 1662/1291/1169 1652/1294/1172
f 1668/1293/1171 1667/1292/1189 1662/1291/1169
f 1665/1289/1187 1666/1290/1188 1669/1295/1173
f 1667/1292/1189 1669/1295/1173 1666/1290/1188
f 1670/1296/1190 1669/1295/1173 1667/1292/1189
f 1671/338/1191 1672/356/1192 1673/355/1193
f 1674/329/1194 1675/359/1195 1671/338/1191
f 1674/329/1194 1676/357/1196 1675/359/1195
f 1671/338/1191 1675/359/1195 1677/358/1197
f 1675/359/1195 1676/357/1196 1677/358/1197
f 1677/358/1197 1676/357/1196 1672/356/1192
f 1677/358/1197 1672/356/1192 1671/338/1191
f 1672/356/1192 1676/357/1196 1678/353/1198
f 1678/353/1198 1676/357/1196 1679/350/1199
f 1680/354/1200 1672/356/1192 1678/353/1198
f 1673/355/1193 1672/356/1192 1680/354/1200
f 1681/333/1201 1671/338/1191 1673/355/1193
f 1680/354/1200 1681/333/1201 1673/355/1193
f 1681/333/1201 1682/330/1202 1671/338/1191
f 1671/338/1191 1682/330/1202 1674/329/1194
f 1674/329/1194 1682/330/1202 1683/324/1203
f 1683/324/1203 1684/328/1201 1674/329/1194
f 1685/335/1204 1681/333/1201 1680/354/1200
f 1678/353/1198 1686/347/1205 1680/354/1200
f 1680/354/1200 1686/347/1205 1685/335/1204
f 1678/353/1198 1687/352/1206 1686/347/1205
f 1679/350/1199 1687/352/1206 1678/353/1198
f 1687/352/1206 1679/350/1199 1688/351/1207
f 1688/351/1207 1679/350/1199 1689/349/1208
f 1690/326/1209 1676/357/1196 1674/329/1194
f 1689/349/1208 1679/350/1199 1690/326/1209
f 1690/326/1209 1679/350/1199 1676/357/1196
f 1674/329/1194 1684/328/1201 1690/326/1209
f 1684/328/1201 1691/327/1210 1690/326/1209
f 1690/326/1209 1691/327/1210 1689/349/1208
f 1692/364/1210 1689/349/1208 1691/327/1210
f 1693/363/1211 1689/349/1208 1692/364/1210
f 1693/363/1211 1688/351/1207 1689/349/1208
f 1694/362/1212 1688/351/1207 1693/363/1211
f 1694/362/1212 1695/361/1213 1688/351/1207
f 1688/351/1207 1695/361/1213 1687/352/1206
f 1696/360/1214 1687/352/1206 1695/361/1213
f 1697/365/1215 1698/367/1216 1699/366/1217
f 1692/364/1210 1698/367/1216 1700/368/1218
f 1700/368/1218 1698/367/1216 1697/365/1215
f 1693/363/1211 1692/364/1210 1701/369/1219
f 1692/364/1210 1700/368/1218 1701/369/1219
f 1702/348/1211 1687/352/1206 1696/360/1214
f 1686/347/1205 1687/352/1206 1702/348/1211
f 1686/347/1205 1703/346/1220 1685/335/1204
f 1686/347/1205 1702/348/1211 1703/346/1220
f 1685/335/1204 1703/346/1220 1704/345/1221
f 1685/335/1204 1704/345/1221 1705/344/1219
f 1685/335/1204 1705/344/1219 1706/343/1211
f 1707/325/1222 1683/324/1203 1708/323/1222
f 1708/323/1222 1683/324/1203 1682/330/1202
f 1708/323/1222 1682/330/1202 1709/331/1222
f 1709/331/1222 1682/330/1202 1710/332/1223
f 1682/330/1202 1681/333/1201 1710/332/1223
f 1710/332/1223 1681/333/1201 1711/334/1224
f 1685/335/1204 1711/334/1224 1681/333/1201
f 1712/336/1225 1711/334/1224 1685/335/1204
f 1713/337/1219 1712/336/1225 1685/335/1204
f 1713/337/1219 1685/335/1204 1706/343/1211
f 1706/343/1211 1714/342/1211 1713/337/1219
f 1714/342/1211 1715/340/1219 1713/337/1219
f 1716/339/1219 1715/340/1219 1714/342/1211
f 1716/339/1219 1717/341/1211 1715/340/1219
f 1718/10/1 1719/18/1226 1720/11/8
f 1721/21/1227 1722/17/1228 1723/15/1229
f 1721/21/1227 1724/22/1 1722/17/1228
f 1719/18/1226 1724/22/1 1721/21/1227
f 1719/18/1226 1725/24/1 1724/22/1
f 1725/24/1 1719/18/1226 1718/10/1
f 1718/10/1 1726/25/1 1725/24/1
f 1718/10/1 1727/26/1 1726/25/1
f 1728/27/1 1727/26/1 1718/10/1
f 1729/8/1 1728/27/1 1718/10/1
f 1725/24/1 1730/32/1230 1724/22/1
f 1724/22/1 1730/32/1230 1731/31/1230
f 1725/24/1 1732/28/7 1730/32/1230
f 1726/25/1 1732/28/7 1725/24/1
f 1733/33/1231 1730/32/1230 1732/28/7
f 1730/32/1230 1734/34/1232 1731/31/1230
f 1734/34/1232 1730/32/1230 1733/33/1231
f 1731/31/1230 1734/34/1232 1735/29/1232
f 1731/31/1230 1736/23/1230 1724/22/1
f 1722/17/1228 1724/22/1 1736/23/1230
f 1731/31/1230 1735/29/1232 1736/23/1230
f 1736/23/1230 1735/29/1232 1737/30/1231
f 1720/11/8 1738/9/1 1718/10/1
f 1729/8/1 1718/10/1 1738/9/1
f 1739/7/1 1738/9/1 1720/11/8
f 1739/7/1 1720/11/8 1740/12/1233
f 1740/12/1233 1741/6/7 1739/7/1
f 1742/13/1234 1741/6/7 1740/12/1233
f 1742/13/1234 1723/15/1229 1743/14/7
f 1743/14/7 1741/6/7 1742/13/1234
f 1723/15/1229 1722/17/1228 1744/16/1235
f 1743/14/7 1723/15/1229 1744/16/1235
f 1739/7/1 1741/6/7 1745/5/1
f 1723/15/1229 1742/13/1234 1746/19/1236
f 1719/18/1226 1721/21/1227 1746/19/1236
f 1746/19/1236 1721/21/1227 1723/15/1229
f 1746/19/1236 1720/11/8 1719/18/1226
f 1720/11/8 1747/20/1237 1740/12/1233
f 1746/19/1236 1742/13/1234 1747/20/1237
f 1740/12/1233 1747/20/1237 1742/13/1234
f 1747/20/1237 1720/11/8 1746/19/1236
f 1748/1298/1238 1749/1299/1238 1750/1300/1238
f 1751/1301/1239 1752/1302/1240 1753/1303/1241
f 1751/1301/1239 1754/1304/1242 1752/1302/1240
f 1755/1305/1243 1754/1304/1242 1751/1301/1239
f 1755/1305/1243 1756/1306/1244 1754/1304/1242
f 1757/1307/1245 1756/1306/1244 1755/1305/1243
f 1757/1307/1245 1750/1300/1238 1756/1306/1244
f 1750/1300/1238 1749/1299/1238 1758/1308/1246
f 1756/1306/1244 1750/1300/1238 1758/1308/1246
f 1759/1309/1247 1758/1308/1246 1749/1299/1238
f 1749/1299/1238 1760/1310/1248 1759/1309/1247
f 1754/1304/1242 1761/1311/1249 1752/1302/1240
f 1752/1302/1240 1761/1311/1249 1762/1312/1250
f 1763/1313/1251 1754/1304/1242 1756/1306/1244
f 1761/1311/1249 1754/1304/1242 1763/1313/1251
f 1764/1314/1252 1756/1306/1244 1758/1308/1246
f 1763/1313/1251 1756/1306/1244 1764/1314/1252
f 1765/1315/1247 1758/1308/1246 1759/1309/1247
f 1765/1315/1247 1764/1314/1252 1758/1308/1246
f 1764/1314/1252 1766/1316/1253 1763/1313/1251
f 1763/1313/1251 1766/1316/1253 1767/1317/1254
f 1768/1318/1255 1767/1317/1254 1766/1316/1253
f 1769/1319/1256 1761/1311/1249 1763/1313/1251
f 1763/1313/1251 1767/1317/1254 1769/1319/1256
f 1770/1320/1257 1767/1317/1254 1768/1318/1255
f 1769/1319/1256 1767/1317/1254 1770/1320/1257
f 1770/1320/1257 1768/1318/1255 1771/1321/1258
f 1771/1321/1258 1768/1318/1255 1772/1322/1259
f 1773/1323/1260 1771/1321/1258 1772/1322/1259
f 1774/1324/1261 1770/1320/1257 1771/1321/1258
f 1774/1324/1261 1771/1321/1258 1773/1323/1260
f 1775/1325/1262 1774/1324/1261 1773/1323/1260
f 1776/1326/1263 1774/1324/1261 1775/1325/1262
f 1776/1326/1263 1777/1327/1264 1774/1324/1261
f 1777/1327/1264 1770/1320/1257 1774/1324/1261
f 1778/1328/1265 1769/1319/1256 1777/1327/1264
f 1777/1327/1264 1769/1319/1256 1770/1320/1257
f 1779/1329/1266 1777/1327/1264 1776/1326/1263
f 1779/1329/1266 1778/1328/1265 1777/1327/1264
f 1779/1329/1266 1776/1326/1263 1780/1330/1267
f 1781/1331/1268 1779/1329/1266 1780/1330/1267
f 1780/1330/1267 1776/1326/1263 1782/1332/1269
f 1782/1332/1269 1776/1326/1263 1783/1333/1270
f 1783/1333/1270 1776/1326/1263 1775/1325/1262
f 1782/1332/1269 1783/1333/1270 1784/1334/1271
f 1784/1334/1271 1780/1330/1267 1782/1332/1269
f 1785/1335/1272 1780/1330/1267 1784/1334/1271
f 1781/1331/1268 1780/1330/1267 1786/1336/1273
f 1786/1336/1273 1780/1330/1267 1785/1335/1272
f 1786/1336/1273 1787/1337/1274 1781/1331/1268
f 1781/1331/1268 1787/1337/1274 1788/1338/1275
f 1787/1337/1274 1789/1339/1276 1788/1338/1275
f 1784/1334/1271 1783/1333/1270 1790/1340/1277
f 1788/1338/1275 1789/1339/1276 1791/1341/1278
f 1791/1341/1278 1792/1342/1279 1788/1338/1275
f 1788/1338/1275 1792/1342/1279 1793/1343/1280
f 1794/1344/1281 1793/1343/1280 1792/1342/1279
f 1795/1345/1282 1761/1311/1249 1769/1319/1256
f 1795/1345/1282 1793/1343/1280 1794/1344/1281
f 1793/1343/1280 1795/1345/1282 1778/1328/1265
f 1778/1328/1265 1795/1345/1282 1769/1319/1256
f 1761/1311/1249 1795/1345/1282 1762/1312/1250
f 1795/1345/1282 1796/1346/1283 1762/1312/1250
f 1794/1344/1281 1796/1346/1283 1795/1345/1282
f 1753/1303/1241 1752/1302/1240 1797/1347/1284
f 1752/1302/1240 1762/1312/1250 1797/1347/1284
f 1797/1347/1284 1762/1312/1250 1796/1346/1283
f 1798/1348/1285 1793/1343/1280 1778/1328/1265
f 1798/1348/1285 1778/1328/1265 1779/1329/1266
f 1788/1338/1275 1798/1348/1285 1781/1331/1268
f 1788/1338/1275 1793/1343/1280 1798/1348/1285
f 1798/1348/1285 1779/1329/1266 1781/1331/1268
f 1799/1349/1286 1800/1350/1287 1801/1351/1137
f 1800/1350/1287 1799/1349/1286 1802/1352/1139
f 1802/1352/1139 1799/1349/1286 1803/1353/1288
f 1802/1352/1139 1803/1353/1288 1804/1354/1177
f 1804/1354/1177 1803/1353/1288 1805/1355/1187
f 1804/1354/1177 1805/1355/1187 1806/1356/1134
f 1806/1356/1134 1805/1355/1187 1807/1357/1173
f 1806/1356/1134 1807/1357/1173 1808/1358/1181
f 1808/1358/1181 1807/1357/1173 1809/1359/1190
f 1810/62/1289 1811/59/1290 1812/61/1291
f 1810/62/1289 1813/57/1292 1811/59/1290
f 1810/62/1289 1814/68/1293 1813/57/1292
f 1815/67/1294 1814/68/1293 1810/62/1289
f 1815/67/1294 1810/62/1289 1816/66/1295
f 1816/66/1295 1810/62/1289 1812/61/1291
f 1816/66/1295 1812/61/1291 1817/65/1296
f 1811/59/1290 1813/57/1292 1818/58/1297
f 1813/57/1292 1819/56/1298 1818/58/1297
f 1819/56/1298 1820/98/1299 1818/58/1297
f 1821/55/1300 1819/56/1298 1813/57/1292
f 1814/68/1293 1821/55/1300 1813/57/1292
f 1822/52/1301 1821/55/1300 1814/68/1293
f 1821/55/1300 1822/52/1301 1823/54/1302
f 1821/55/1300 1823/54/1302 1819/56/1298
f 1819/56/1298 1823/54/1302 1824/60/1303
f 1824/60/1303 1820/98/1299 1819/56/1298
f 1823/54/1302 1825/99/1304 1824/60/1303
f 1824/60/1303 1825/99/1304 1820/98/1299
f 1825/99/1304 1826/97/1305 1820/98/1299
f 1818/58/1297 1827/83/1306 1811/59/1290
f 1820/98/1299 1826/97/1305 1827/83/1306
f 1820/98/1299 1827/83/1306 1818/58/1297
f 1823/54/1302 1822/52/1301 1828/53/1307
f 1828/53/1307 1829/100/1308 1823/54/1302
f 1823/54/1302 1829/100/1308 1825/99/1304
f 1829/100/1308 1830/96/1309 1825/99/1304
f 1825/99/1304 1830/96/1309 1826/97/1305
f 1830/96/1309 1831/84/1310 1826/97/1305
f 1826/97/1305 1831/84/1310 1827/83/1306
f 1827/83/1306 1831/84/1310 1832/69/1311
f 1827/83/1306 1832/69/1311 1811/59/1290
f 1811/59/1290 1832/69/1311 1833/63/1312
f 1812/61/1291 1811/59/1290 1833/63/1312
f 1822/52/1301 1834/35/1313 1828/53/1307
f 1834/35/1313 1835/101/1314 1828/53/1307
f 1828/53/1307 1835/101/1314 1829/100/1308
f 1833/63/1312 1832/69/1311 1836/70/1315
f 1837/75/1316 1836/70/1315 1838/77/1317
f 1836/70/1315 1832/69/1311 1839/78/1318
f 1838/77/1317 1836/70/1315 1839/78/1318
f 1831/84/1310 1840/79/1319 1832/69/1311
f 1832/69/1311 1840/79/1319 1839/78/1318
f 1831/84/1310 1841/85/1320 1840/79/1319
f 1841/85/1320 1831/84/1310 1830/96/1309
f 1829/100/1308 1842/95/1321 1830/96/1309
f 1830/96/1309 1842/95/1321 1841/85/1320
f 1835/101/1314 1843/94/1322 1829/100/1308
f 1829/100/1308 1843/94/1322 1842/95/1321
f 1840/79/1319 1844/80/1323 1839/78/1318
f 1839/78/1318 1844/80/1323 1838/77/1317
f 1840/79/1319 1845/81/1324 1844/80/1323
f 1846/93/1325 1847/1360/1326 1848/88/1327
f 1846/93/1325 1848/88/1327 1843/94/1322
f 1843/94/1322 1848/88/1327 1842/95/1321
f 1842/95/1321 1848/88/1327 1841/85/1320
f 1847/1360/1326 1849/87/1328 1848/88/1327
f 1848/88/1327 1849/87/1328 1850/86/1329
f 1841/85/1320 1848/88/1327 1850/86/1329
f 1849/87/1328 1845/81/1324 1850/86/1329
f 1840/79/1319 1841/85/1320 1851/82/1330
f 1850/86/1329 1851/82/1330 1841/85/1320
f 1851/82/1330 1845/81/1324 1840/79/1319
f 1850/86/1329 1845/81/1324 1851/82/1330
f 1852/92/1331 1846/93/1325 1843/94/1322
f 1843/94/1322 1835/101/1314 1852/92/1331
f 1853/1361/1332 1847/1360/1326 1846/93/1325
f 1854/90/69 1846/93/1325 1852/92/1331
f 1854/90/69 1853/1361/1332 1846/93/1325
f 1855/89/68 1854/90/69 1852/92/1331
f 1834/35/1313 1856/102/1333 1835/101/1314
f 1852/92/1331 1835/101/1314 1856/102/1333
f 1852/92/1331 1856/102/1333 1855/89/68
f 1855/89/68 1856/102/1333 1857/103/68
f 1858/36/15 1857/103/68 1856/102/1333
f 1834/35/1313 1858/36/15 1856/102/1333
f 1859/104/68 1857/103/68 1858/36/15
f 1858/36/15 1860/105/68 1859/104/68
f 1861/106/81 1860/105/68 1858/36/15
f 1862/1362/69 1853/1361/1332 1854/90/69
f 1863/91/68 1854/90/69 1855/89/68
f 1863/91/68 1862/1362/69 1854/90/69
f 1864/1363/68 1862/1362/69 1863/91/68
f 1865/37/16 1858/36/15 1834/35/1313
f 1865/37/16 1861/106/81 1858/36/15
f 1866/107/82 1861/106/81 1865/37/16
f 1865/37/16 1867/39/1334 1866/107/82
f 1866/107/82 1867/39/1334 1868/108/1335
f 1867/39/1334 1869/41/1336 1868/108/1335
f 1868/108/1335 1869/41/1336 1870/44/1337
f 1869/41/1336 1871/43/1338 1870/44/1337
f 1870/44/1337 1871/43/1338 1872/45/1339
f 1872/45/1339 1871/43/1338 1873/46/1340
f 1873/46/1340 1871/43/1338 1874/47/1341
f 1875/38/1342 1865/37/16 1834/35/1313
f 1867/39/1334 1865/37/16 1875/38/1342
f 1869/41/1336 1867/39/1334 1876/40/1343
f 1876/40/1343 1867/39/1334 1875/38/1342
f 1877/42/1344 1869/41/1336 1876/40/1343
f 1871/43/1338 1869/41/1336 1877/42/1344
f 1871/43/1338 1877/42/1344 1874/47/1341
f 1874/47/1341 1877/42/1344 1878/48/1345
f 1876/40/1343 1878/48/1345 1877/42/1344
f 1879/49/1346 1878/48/1345 1876/40/1343
f 1875/38/1342 1879/49/1346 1876/40/1343
f 1880/50/1347 1879/49/1346 1875/38/1342
f 1834/35/1313 1880/50/1347 1875/38/1342
f 1881/51/1348 1834/35/1313 1822/52/1301
f 1881/51/1348 1880/50/1347 1834/35/1313
f 1882/1364/1349 1883/1365/1349 1884/1366/1350
f 1884/1366/1350 1883/1365/1349 1885/1367/1351
f 1886/1368/1352 1884/1366/1350 1885/1367/1351
f 1887/1369/1352 1884/1366/1350 1886/1368/1352
f 1888/1349/1286 1889/1350/1287 1890/1351/1137
f 1889/1350/1287 1888/1349/1286 1891/1352/1139
f 1891/1352/1139 1888/1349/1286 1892/1353/1288
f 1891/1352/1139 1892/1353/1288 1893/1354/1177
f 1893/1354/1177 1892/1353/1288 1894/1355/1187
f 1893/1354/1177 1894/1355/1187 1895/1356/1134
f 1895/1356/1134 1894/1355/1187 1896/1357/1173
f 1895/1356/1134 1896/1357/1173 1897/1358/1181
f 1897/1358/1181 1896/1357/1173 1898/1359/1190
f 1899/1370/1353 1900/1371/1354 1901/1372/1355
f 1902/1373/1356 1899/1370/1353 1903/1374/1357
f 1903/1374/1357 1899/1370/1353 1901/1372/1355
f 1904/1375/1358 1901/1372/1355 1900/1371/1354
f 1901/1372/1355 1904/1375/1358 1903/1374/1357
f 1900/1371/1354 1905/1376/1354 1904/1375/1358
f 1900/1371/1354 1906/1377/1359 1905/1376/1354
f 1906/1377/1359 1907/1378/1360 1905/1376/1354
f 1906/1377/1359 1908/1379/1361 1907/1378/1360
f 1909/1380/1362 1908/1379/1361 1906/1377/1359
f 1909/1380/1362 1906/1377/1359 1900/1371/1354
f 1904/1375/1358 1905/1376/1354 1910/1381/1363
f 1903/1374/1357 1904/1375/1358 1910/1381/1363
f 1902/1373/1356 1903/1374/1357 1911/1382/449
f 1911/1382/449 1903/1374/1357 1912/1383/449
f 1910/1381/1363 1913/1384/449 1903/1374/1357
f 1903/1374/1357 1913/1384/449 1912/1383/449
f 1913/1384/449 1910/1381/1363 1914/1385/449
f 1905/1376/1354 1915/1386/449 1910/1381/1363
f 1905/1376/1354 1907/1378/1360 1915/1386/449
f 1910/1381/1363 1915/1386/449 1914/1385/449
f 1916/1387/1364 1917/1388/1365 1918/1389/1366
f 1900/1371/1354 1919/1390/1367 1917/1388/1365
f 1918/1389/1366 1917/1388/1365 1919/1390/1367
f 1920/1391/1368 1918/1389/1366 1919/1390/1367
f 1900/1371/1354 1920/1391/1368 1919/1390/1367
f 1900/1371/1354 1899/1370/1353 1920/1391/1368
f 1921/1392/1369 1918/1389/1366 1920/1391/1368
f 1902/1373/1356 1921/1392/1369 1899/1370/1353
f 1899/1370/1353 1921/1392/1369 1920/1391/1368
f 1911/1382/449 1922/1393/449 1902/1373/1356
f 1902/1373/1356 1922/1393/449 1921/1392/1369
f 1923/1394/449 1921/1392/1369 1922/1393/449
f 1918/1389/1366 1921/1392/1369 1923/1394/449
f 1924/1395/449 1918/1389/1366 1923/1394/449
f 1916/1387/1364 1918/1389/1366 1924/1395/449
f 1925/1396/1354 1909/1380/1362 1900/1371/1354
f 1926/1397/1370 1900/1371/1354 1917/1388/1365
f 1900/1371/1354 1926/1397/1370 1925/1396/1354
f 1917/1388/1365 1916/1387/1364 1926/1397/1370
f 1925/1396/1354 1926/1397/1370 1927/1398/1371
f 1927/1398/1371 1926/1397/1370 1928/1399/1372
f 1926/1397/1370 1916/1387/1364 1929/1400/1373
f 1916/1387/1364 1924/1395/449 1929/1400/1373
f 1928/1399/1372 1926/1397/1370 1929/1400/1373
f 1928/1399/1372 1929/1400/1373 1930/1401/1374
f 1930/1401/1374 1929/1400/1373 1931/1402/1375
f 1929/1400/1373 1924/1395/449 1931/1402/1375
f 1812/61/1291 1833/63/1312 1932/64/1376
f 1932/64/1376 1833/63/1312 1836/70/1315
f 1817/65/1296 1812/61/1291 1932/64/1376
f 1933/71/1377 1817/65/1296 1932/64/1376
f 1837/75/1316 1933/71/1377 1836/70/1315
f 1836/70/1315 1933/71/1377 1932/64/1376
f 1934/72/1378 1817/65/1296 1933/71/1377
f 1934/72/1378 1933/71/1377 1935/73/1379
f 1935/73/1379 1933/71/1377 1936/74/1380
f 1933/71/1377 1837/75/1316 1936/74/1380
f 1936/74/1380 1837/75/1316 1937/76/1381
f 1937/76/1381 1837/75/1316 1838/77/1317
f 1938/1366/1382 1939/1369/1383 1940/1403/1384
f 1938/1366/1382 1940/1403/1384 1941/1364/1383
f 1941/1364/1383 1940/1403/1384 1942/1404/1385
f 1943/319/1382 1941/1364/1383 1942/1404/1385
f 1942/1404/1385 1940/1403/1384 1944/1405/413
f 1944/1405/413 1940/1403/1384 1945/1406/413
f 1944/1405/413 1945/1406/413 1946/1407/1386
f 1946/1407/1386 1945/1406/413 1947/1408/1386
f 1946/1407/1386 1947/1408/1386 1948/1409/1387
f 1948/1409/1387 1947/1408/1386 1949/1410/1388
f 1942/1404/1385 1950/1411/1389 1943/319/1382
f 1943/319/1382 1950/1411/1389 1951/321/1383
f 1952/1412/1390 1942/1404/1385 1944/1405/413
f 1950/1411/1389 1942/1404/1385 1952/1412/1390
f 1953/1413/1391 1944/1405/413 1946/1407/1386
f 1952/1412/1390 1944/1405/413 1953/1413/1391
f 1953/1413/1391 1946/1407/1386 1954/1414/1392
f 1954/1414/1392 1946/1407/1386 1948/1409/1387
f 1954/1414/1392 1948/1409/1387 1955/1415/1393
f 1955/1415/1393 1948/1409/1387 1956/1416/1394
f 1948/1409/1387 1949/1410/1388 1956/1416/1394
f 1956/1416/1394 1949/1410/1388 1957/1417/1395
f 1958/322/1396 1959/320/1396 1960/321/1396
f 1960/321/1396 1959/320/1396 1961/319/1396
f 1962/1300/1397 1963/1299/1397 1964/1298/1397
f 1965/1302/1398 1966/1304/1399 1967/1301/1400
f 1967/1301/1400 1966/1304/1399 1968/1305/1401
f 1966/1304/1399 1969/1306/1402 1968/1305/1401
f 1969/1306/1402 1962/1300/1397 1970/1307/1403
f 1968/1305/1401 1969/1306/1402 1970/1307/1403
f 1971/1308/1404 1963/1299/1397 1962/1300/1397
f 1971/1308/1404 1962/1300/1397 1969/1306/1402
f 1963/1299/1397 1971/1308/1404 1972/1309/1405
f 1963/1299/1397 1972/1309/1405 1973/1310/1406
f 1972/1309/1405 1971/1308/1404 1974/1315/1407
f 1974/1315/1407 1971/1308/1404 1975/1314/1408
f 1971/1308/1404 1969/1306/1402 1975/1314/1408
f 1975/1314/1408 1969/1306/1402 1976/1313/1409
f 1969/1306/1402 1966/1304/1399 1976/1313/1409
f 1977/1319/1410 1978/1317/1411 1976/1313/1409
f 1979/1320/1412 1978/1317/1411 1977/1319/1410
f 1976/1313/1409 1980/1311/1413 1977/1319/1410
f 1976/1313/1409 1966/1304/1399 1980/1311/1413
f 1965/1302/1398 1980/1311/1413 1966/1304/1399
f 1981/1312/1414 1980/1311/1413 1965/1302/1398
f 1977/1319/1410 1980/1311/1413 1982/1345/1415
f 1980/1311/1413 1981/1312/1414 1982/1345/1415
f 1977/1319/1410 1982/1345/1415 1983/1328/1416
f 1979/1320/1412 1977/1319/1410 1984/1327/1417
f 1984/1327/1417 1977/1319/1410 1983/1328/1416
f 1985/1324/1418 1979/1320/1412 1984/1327/1417
f 1985/1324/1418 1984/1327/1417 1986/1326/1419
f 1984/1327/1417 1983/1328/1416 1987/1329/1420
f 1986/1326/1419 1984/1327/1417 1987/1329/1420
f 1988/1330/1421 1986/1326/1419 1987/1329/1420
f 1989/1332/1422 1986/1326/1419 1988/1330/1421
f 1987/1329/1420 1983/1328/1416 1990/1348/1423
f 1983/1328/1416 1982/1345/1415 1991/1343/1424
f 1983/1328/1416 1991/1343/1424 1990/1348/1423
f 1990/1348/1423 1991/1343/1424 1992/1338/1425
f 1988/1330/1421 1987/1329/1420 1993/1331/1426
f 1993/1331/1426 1987/1329/1420 1990/1348/1423
f 1992/1338/1425 1993/1331/1426 1990/1348/1423
f 1994/1333/1427 1986/1326/1419 1989/1332/1422
f 1995/1334/1428 1994/1333/1427 1989/1332/1422
f 1989/1332/1422 1988/1330/1421 1995/1334/1428
f 1995/1334/1428 1988/1330/1421 1996/1335/1429
f 1996/1335/1429 1988/1330/1421 1997/1336/1430
f 1997/1336/1430 1988/1330/1421 1993/1331/1426
f 1993/1331/1426 1998/1337/1431 1997/1336/1430
f 1992/1338/1425 1998/1337/1431 1993/1331/1426
f 1992/1338/1425 1999/1339/1432 1998/1337/1431
f 2000/1341/1433 1999/1339/1432 1992/1338/1425
f 2001/1340/1434 1994/1333/1427 1995/1334/1428
f 1992/1338/1425 2002/1342/1435 2000/1341/1433
f 1991/1343/1424 2002/1342/1435 1992/1338/1425
f 2002/1342/1435 1991/1343/1424 2003/1344/1436
f 2003/1344/1436 1991/1343/1424 1982/1345/1415
f 1981/1312/1414 2004/1346/1437 1982/1345/1415
f 1982/1345/1415 2004/1346/1437 2003/1344/1436
f 2004/1346/1437 1981/1312/1414 2005/1347/1438
f 2005/1347/1438 1981/1312/1414 1965/1302/1398
f 2006/1303/1439 1965/1302/1398 1967/1301/1400
f 2005/1347/1438 1965/1302/1398 2006/1303/1439
f 2007/1416/1394 2008/1409/1387 2009/1415/1393
f 2009/1415/1393 2008/1409/1387 2010/1414/1392
f 2008/1409/1387 2011/1407/1386 2010/1414/1392
f 2010/1414/1392 2011/1407/1386 2012/1413/1440
f 2011/1407/1386 2013/1405/413 2012/1413/1440
f 2012/1413/1440 2013/1405/413 2014/1412/1441
f 2015/1417/1442 2016/1410/1388 2007/1416/1394
f 2007/1416/1394 2016/1410/1388 2008/1409/1387
f 2016/1410/1388 2017/1408/1443 2008/1409/1387
f 2008/1409/1387 2017/1408/1443 2011/1407/1386
f 2017/1408/1443 2018/1406/413 2011/1407/1386
f 2011/1407/1386 2018/1406/413 2013/1405/413
f 2018/1406/413 2019/1403/1384 2013/1405/413
f 2013/1405/413 2019/1403/1384 2020/1404/1385
f 2013/1405/413 2020/1404/1385 2014/1412/1441
f 2014/1412/1441 2020/1404/1385 2021/1411/1389
f 2022/321/1444 2021/1411/1389 2023/319/1444
f 2023/319/1444 2021/1411/1389 2020/1404/1385
f 2023/319/1444 2020/1404/1385 2024/1364/1382
f 2020/1404/1385 2019/1403/1384 2024/1364/1382
f 2024/1364/1382 2019/1403/1384 2025/1366/1383
f 2025/1366/1383 2019/1403/1384 2026/1369/1383
f 2027/1397/1445 2028/1388/1446 2029/1371/1354
f 2029/1371/1354 2028/1388/1446 2030/1390/1447
f 2031/1374/1448 2032/1375/1449 2033/1372/1450
f 2032/1375/1449 2029/1371/1354 2033/1372/1450
f 2034/1370/1451 2033/1372/1450 2029/1371/1354
f 2033/1372/1450 2034/1370/1451 2031/1374/1448
f 2029/1371/1354 2030/1390/1447 2035/1391/1452
f 2029/1371/1354 2035/1391/1452 2034/1370/1451
f 2030/1390/1447 2036/1389/1453 2035/1391/1452
f 2030/1390/1447 2028/1388/1446 2036/1389/1453
f 2027/1397/1445 2037/1387/1454 2028/1388/1446
f 2036/1389/1453 2028/1388/1446 2037/1387/1454
f 2038/1400/1455 2037/1387/1454 2027/1397/1445
f 2031/1374/1448 2034/1370/1451 2039/1373/1456
f 2035/1391/1452 2036/1389/1453 2040/1392/1457
f 2034/1370/1451 2040/1392/1457 2039/1373/1456
f 2035/1391/1452 2040/1392/1457 2034/1370/1451
f 2038/1400/1455 2027/1397/1445 2041/1399/1458
f 2042/1401/1459 2038/1400/1455 2041/1399/1458
f 2043/1402/1460 2038/1400/1455 2042/1401/1459
f 2043/1402/1460 2044/1395/449 2038/1400/1455
f 2038/1400/1455 2044/1395/449 2037/1387/1454
f 2044/1395/449 2036/1389/1453 2037/1387/1454
f 2045/1394/449 2040/1392/1457 2036/1389/1453
f 2045/1394/449 2036/1389/1453 2044/1395/449
f 2040/1392/1457 2046/1393/449 2039/1373/1456
f 2046/1393/449 2040/1392/1457 2045/1394/449
f 2047/1382/449 2031/1374/1448 2039/1373/1456
f 2039/1373/1456 2046/1393/449 2047/1382/449
f 2048/1383/449 2031/1374/1448 2047/1382/449
f 2048/1383/449 2049/1384/449 2031/1374/1448
f 2031/1374/1448 2049/1384/449 2050/1381/1461
f 2050/1381/1461 2032/1375/1449 2031/1374/1448
f 2049/1384/449 2051/1385/449 2050/1381/1461
f 2051/1385/449 2052/1386/449 2050/1381/1461
f 2050/1381/1461 2053/1376/1354 2032/1375/1449
f 2032/1375/1449 2053/1376/1354 2029/1371/1354
f 2050/1381/1461 2052/1386/449 2053/1376/1354
f 2052/1386/449 2054/1378/1462 2053/1376/1354
f 2029/1371/1354 2053/1376/1354 2055/1377/1463
f 2053/1376/1354 2054/1378/1462 2055/1377/1463
f 2054/1378/1462 2056/1379/1464 2055/1377/1463
f 2029/1371/1354 2055/1377/1463 2057/1380/1465
f 2055/1377/1463 2056/1379/1464 2057/1380/1465
f 2058/1396/1354 2027/1397/1445 2029/1371/1354
f 2058/1396/1354 2029/1371/1354 2057/1380/1465
f 2059/1398/1466 2027/1397/1445 2058/1396/1354
f 2041/1399/1458 2027/1397/1445 2059/1398/1466
f 2060/1418/1467 2061/1419/1468 2062/1420/1469
f 2062/1420/1469 2061/1419/1468 2063/1421/1468
f 2061/1419/1468 2064/1422/625 2063/1421/1468
f 2063/1421/1468 2064/1422/625 2065/1423/625
f 2064/1422/625 2066/1424/1470 2065/1423/625
f 2065/1423/625 2066/1424/1470 2067/1425/1470
f 2066/1424/1470 2068/1426/1471 2067/1425/1470
f 2067/1425/1470 2068/1426/1471 2069/1427/1471
f 2068/1426/1471 2070/1428/1472 2069/1427/1471
f 2069/1427/1471 2070/1428/1472 2071/1429/1472
f 2070/1428/1472 2072/1430/1473 2071/1429/1472
f 2071/1429/1472 2072/1430/1473 2073/1431/1473
f 2072/1430/1473 2074/1432/1474 2073/1431/1473
f 2073/1431/1473 2074/1432/1474 2075/1433/1474
f 2074/1432/1474 2076/1434/1475 2075/1433/1474
f 2075/1433/1474 2076/1434/1475 2077/1435/1475
f 2076/1434/1475 2078/1436/1476 2077/1435/1475
f 2077/1435/1475 2078/1436/1476 2079/1437/1476
f 2080/1366/1477 2081/1365/1349 2082/1364/1349
f 2083/1367/1478 2081/1365/1349 2080/1366/1477
f 2083/1367/1478 2080/1366/1477 2084/1368/1479
f 2084/1368/1479 2080/1366/1477 2085/1369/1479
f 2086/1438/1480 2087/1439/1481 2088/1440/1482
f 2088/1440/1482 2087/1439/1481 2089/1441/1483
f 2090/1442/1484 2088/1440/1482 2089/1441/1483
f 2089/1441/1483 2091/1443/1485 2090/1442/1484
f 2090/1442/1484 2091/1443/1485 2092/1444/1486
f 2088/1440/1482 2093/1445/1487 2094/1446/1488
f 2095/1447/1489 2088/1440/1482 2090/1442/1484
f 2095/1447/1489 2093/1445/1487 2088/1440/1482
f 2090/1442/1484 2096/1448/1490 2095/1447/1489
f 2095/1447/1489 2096/1448/1490 2097/1449/1491
f 2098/1450/1492 2099/1451/1493 2100/1452/1494
f 2101/1453/1495 2099/1451/1493 2098/1450/1492
f 2098/1450/1492 2102/1454/1496 2101/1453/1495
f 2101/1453/1495 2102/1454/1496 2103/1455/687
f 2104/1456/1497 2105/1457/1498 2106/1458/1499
f 2107/1459/1500 2105/1457/1498 2104/1456/1497
f 2104/1456/1497 2100/1452/1494 2107/1459/1500
f 2107/1459/1500 2100/1452/1494 2108/1460/1501
f 2108/1460/1501 2100/1452/1494 2109/1461/1502
f 2109/1461/1502 2100/1452/1494 2099/1451/1493
f 2110/1462/1503 2109/1461/1502 2099/1451/1493
f 2111/1463/1504 2109/1461/1502 2110/1462/1503
f 2110/1462/1503 2112/1464/687 2111/1463/1504
f 2111/1463/1504 2112/1464/687 2113/1465/1505
f 2114/1466/1506 2108/1460/1501 2109/1461/1502
f 2115/1467/1507 2108/1460/1501 2114/1466/1506
f 2114/1466/1506 2116/1468/1508 2115/1467/1507
f 2115/1467/1507 2116/1468/1508 2117/1469/1498
f 2118/1470/413 2119/1471/1509 2120/1472/1510
f 2119/1471/1509 2118/1470/413 2121/1473/655
f 2118/1470/413 2122/1474/413 2121/1473/655
f 2123/1475/696 2121/1473/655 2122/1474/413
f 2123/1475/696 2122/1474/413 2124/1476/413
f 2125/1477/413 2126/1478/413 2127/1479/413
f 2127/1479/413 2126/1478/413 2128/1480/413
f 2129/1481/585 2128/1480/413 2130/1478/413
f 2131/1482/1511 2128/1480/413 2129/1481/585
f 2127/1479/413 2128/1480/413 2132/1483/1512
f 2132/1483/1512 2128/1480/413 2131/1482/1511
f 2133/1484/1513 2127/1479/413 2132/1483/1512
f 2134/1477/413 2127/1479/413 2133/1484/1513
f 2135/1318/1514 1978/1317/1411 1979/1320/1412
f 2136/1321/1515 1979/1320/1412 1985/1324/1418
f 2136/1321/1515 2135/1318/1514 1979/1320/1412
f 2137/1322/1516 2135/1318/1514 2136/1321/1515
f 2138/1323/1517 2136/1321/1515 1985/1324/1418
f 2137/1322/1516 2136/1321/1515 2138/1323/1517
f 1978/1317/1411 2139/1316/1518 1976/1313/1409
f 1976/1313/1409 2139/1316/1518 1975/1314/1408
f 2139/1316/1518 1978/1317/1411 2135/1318/1514
f 2140/1325/1519 1985/1324/1418 1986/1326/1419
f 2140/1325/1519 1986/1326/1419 1994/1333/1427
f 2138/1323/1517 1985/1324/1418 2140/1325/1519
f 2141/1485/413 2142/1486/413 2143/1487/413
f 2143/1487/413 2142/1486/413 2144/1488/413
f 2145/1489/585 2141/1485/413 2146/1487/413
f 2147/1490/1520 2141/1485/413 2145/1489/585
f 2148/1491/1521 2141/1485/413 2147/1490/1520
f 2142/1486/413 2141/1485/413 2148/1491/1521
f 2149/1492/1522 2142/1486/413 2148/1491/1521
f 2150/1488/413 2142/1486/413 2149/1492/1522
f 2151/1493/1523 2152/1494/1473 2153/1495/1523
f 2153/1495/1523 2152/1494/1473 2154/1496/1473
f 2152/1494/1473 2155/1497/1474 2154/1496/1473
f 2154/1496/1473 2155/1497/1474 2156/1498/1474
f 2155/1497/1474 2157/1499/1475 2156/1498/1474
f 2156/1498/1474 2157/1499/1475 2158/1500/1475
f 2157/1499/1475 2159/1501/1524 2158/1500/1475
f 2158/1500/1475 2159/1501/1524 2160/1502/1476
f 2161/1503/1469 2162/1504/1468 2163/1505/1467
f 2163/1505/1467 2162/1504/1468 2164/1506/1468
f 2162/1504/1468 2165/1507/625 2164/1506/1468
f 2164/1506/1468 2165/1507/625 2166/1508/625
f 2165/1507/625 2167/1509/1470 2166/1508/625
f 2166/1508/625 2167/1509/1470 2168/1510/1470
f 2167/1509/1470 2169/1511/1471 2168/1510/1470
f 2168/1510/1470 2169/1511/1471 2170/1512/1471
f 2169/1511/1471 2151/1493/1523 2170/1512/1471
f 2170/1512/1471 2151/1493/1523 2153/1495/1523
f 2171/1418/1469 2172/1419/1468 2173/1420/1467
f 2173/1420/1467 2172/1419/1468 2174/1421/1468
f 2172/1419/1468 2175/1422/625 2174/1421/1468
f 2174/1421/1468 2175/1422/625 2176/1423/625
f 2175/1422/625 2177/1424/1470 2176/1423/625
f 2176/1423/625 2177/1424/1470 2178/1425/1470
f 2177/1424/1470 2179/1426/1471 2178/1425/1470
f 2178/1425/1470 2179/1426/1471 2180/1427/1471
f 2179/1426/1471 2181/1428/1523 2180/1427/1471
f 2180/1427/1471 2181/1428/1523 2182/1429/1523
f 2181/1428/1523 2183/1430/1473 2182/1429/1523
f 2182/1429/1523 2183/1430/1473 2184/1431/1473
f 2183/1430/1473 2185/1432/1474 2184/1431/1473
f 2184/1431/1473 2185/1432/1474 2186/1433/1474
f 2185/1432/1474 2187/1434/1475 2186/1433/1474
f 2186/1433/1474 2187/1434/1475 2188/1435/1475
f 2187/1434/1475 2189/1436/1524 2188/1435/1475
f 2188/1435/1475 2189/1436/1524 2190/1437/1476
f 2191/1428/1472 2192/1430/1473 2193/1429/1472
f 2193/1429/1472 2192/1430/1473 2194/1431/1473
f 2192/1430/1473 2195/1432/1474 2194/1431/1473
f 2194/1431/1473 2195/1432/1474 2196/1433/1474
f 2195/1432/1474 2197/1434/1475 2196/1433/1474
f 2196/1433/1474 2197/1434/1475 2198/1435/1475
f 2197/1434/1475 2199/1436/1476 2198/1435/1475
f 2198/1435/1475 2199/1436/1476 2200/1437/1476
f 2201/1418/1469 2202/1419/1525 2203/1420/1469
f 2203/1420/1469 2202/1419/1525 2204/1421/1468
f 2202/1419/1525 2205/1422/625 2204/1421/1468
f 2204/1421/1468 2205/1422/625 2206/1423/625
f 2205/1422/625 2207/1424/1470 2206/1423/625
f 2206/1423/625 2207/1424/1470 2208/1425/1470
f 2207/1424/1470 2209/1426/1471 2208/1425/1470
f 2209/1426/1471 2191/1428/1472 2210/1427/1471
f 2210/1427/1471 2191/1428/1472 2193/1429/1472
f 2208/1425/1470 2209/1426/1471 2210/1427/1471
f 2211/1418/1467 2212/1419/1468 2213/1420/1467
f 2213/1420/1467 2212/1419/1468 2214/1421/1468
f 2212/1419/1468 2215/1422/625 2214/1421/1468
f 2214/1421/1468 2215/1422/625 2216/1423/625
f 2215/1422/625 2217/1424/1470 2216/1423/625
f 2216/1423/625 2217/1424/1470 2218/1425/1470
f 2217/1424/1470 2219/1426/1526 2218/1425/1470
f 2218/1425/1470 2219/1426/1526 2220/1427/1526
f 2219/1426/1526 2221/1428/1472 2220/1427/1526
f 2220/1427/1526 2221/1428/1472 2222/1429/1523
f 2221/1428/1472 2223/1430/1473 2222/1429/1523
f 2222/1429/1523 2223/1430/1473 2224/1431/1473
f 2223/1430/1473 2225/1432/1474 2224/1431/1473
f 2224/1431/1473 2225/1432/1474 2226/1433/1474
f 2225/1432/1474 2227/1434/1475 2226/1433/1474
f 2226/1433/1474 2227/1434/1475 2228/1435/1475
f 2227/1434/1475 2229/1436/1476 2228/1435/1475
f 2228/1435/1475 2229/1436/1476 2230/1437/1476
f 2231/1493/1472 2232/1494/1473 2233/1495/1523
f 2233/1495/1523 2232/1494/1473 2234/1496/1473
f 2232/1494/1473 2235/1497/1474 2234/1496/1473
f 2234/1496/1473 2235/1497/1474 2236/1498/1474
f 2235/1497/1474 2237/1499/1475 2236/1498/1474
f 2236/1498/1474 2237/1499/1475 2238/1500/1475
f 2237/1499/1475 2239/1501/1476 2238/1500/1475
f 2238/1500/1475 2239/1501/1476 2240/1502/1476
f 2241/1503/1467 2242/1504/1468 2243/1505/1527
f 2243/1505/1527 2242/1504/1468 2244/1506/1468
f 2242/1504/1468 2245/1507/625 2244/1506/1468
f 2244/1506/1468 2245/1507/625 2246/1508/625
f 2245/1507/625 2247/1509/1470 2246/1508/625
f 2246/1508/625 2247/1509/1470 2248/1510/1470
f 2247/1509/1470 2249/1511/1526 2248/1510/1470
f 2249/1511/1526 2231/1493/1472 2250/1512/1526
f 2250/1512/1526 2231/1493/1472 2233/1495/1523
f 2248/1510/1470 2249/1511/1526 2250/1512/1526
f 134/134/109 135/135/110 2251/1513/1528
f 2251/1513/1528 135/135/110 556/556/470
f 552/552/466 2252/1514/1529 556/556/470
f 556/556/470 2252/1514/1529 2251/1513/1528
f 134/134/109 2253/1515/1530 128/128/103
f 128/128/103 2253/1515/1530 127/127/102
f 2251/1513/1528 2254/1516/1531 134/134/109
f 134/134/109 2254/1516/1531 2253/1515/1530
f 2254/1516/1531 2251/1513/1528 2255/1517/1532
f 2255/1517/1532 2251/1513/1528 2252/1514/1529
f 2252/1514/1529 2256/1518/1533 2255/1517/1532
f 554/554/468 2257/1519/1534 552/552/466
f 552/552/466 2257/1519/1534 2252/1514/1529
f 2257/1519/1534 2256/1518/1533 2252/1514/1529
f 1485/1083/1108 2258/1090/909 1486/913/1109
f 2259/1084/903 2258/1090/909 1485/1083/1108
f 2260/1082/901 1485/1083/1108 1484/1081/900
f 2259/1084/903 1485/1083/1108 2260/1082/901
f 1336/1076/895 1337/1237/474 2260/1082/901
f 2260/1082/901 1484/1081/900 1336/1076/895
f 1433/921/747 1440/915/741 2261/914/1535
f 2258/1090/909 2261/914/1535 1486/913/1109
f 1433/921/747 2261/914/1535 2262/1089/887
f 2262/1089/887 2261/914/1535 2258/1090/909
f 2263/1240/1053 2258/1090/909 2259/1084/903
f 2262/1089/887 2258/1090/909 2263/1240/1053
f 2263/1240/1053 1262/1118/942 2262/1089/887
f 1260/1119/943 1262/1118/942 2263/1240/1053
f 2264/1236/1050 2259/1084/903 2260/1082/901
f 2263/1240/1053 2259/1084/903 2264/1236/1050
f 2264/1236/1050 1260/1119/943 2263/1240/1053
f 2260/1082/901 1337/1237/474 2264/1236/1050
f 1322/1235/1049 1260/1119/943 2264/1236/1050
f 1337/1237/474 1322/1235/1049 2264/1236/1050
f 1259/1109/933 1432/928/1101 2265/929/755
f 1262/1118/942 2265/929/755 2262/1089/887
f 1262/1118/942 1259/1109/933 2265/929/755
f 1432/928/1101 1433/921/747 2265/929/755
f 2262/1089/887 2265/929/755 1433/921/747
f 1545/990/814 1536/1001/824 2266/1000/823
f 2267/991/815 1545/990/814 2266/1000/823
f 1546/987/1121 1545/990/814 2267/991/815
f 2266/1000/823 2268/999/822 2267/991/815
f 2267/991/815 1462/992/816 1546/987/1121
f 2269/1011/834 2268/999/822 2266/1000/823
f 2269/1011/834 1509/1017/840 1510/1018/841
f 2270/1010/833 1536/1001/824 1531/1009/832
f 2266/1000/823 1536/1001/824 2270/1010/833
f 2266/1000/823 2270/1010/833 2269/1011/834
f 2271/1016/839 1509/1017/840 2269/1011/834
f 1509/1017/840 2271/1016/839 1519/1199/1017
f 2269/1011/834 2270/1010/833 2271/1016/839
f 1524/1014/837 2272/1015/838 1531/1009/832
f 1520/1200/1018 2272/1015/838 1524/1014/837
f 2271/1016/839 2270/1010/833 2272/1015/838
f 1520/1200/1018 1519/1199/1017 2272/1015/838
f 1519/1199/1017 2271/1016/839 2272/1015/838
f 2272/1015/838 2270/1010/833 1531/1009/832
f 1472/994/818 2273/997/820 1479/996/510
f 2273/997/820 1462/992/816 2267/991/815
f 2268/999/822 2273/997/820 2267/991/815
f 1472/994/818 1462/992/816 2273/997/820
f 1479/996/510 2273/997/820 2274/998/821
f 2274/998/821 1494/1022/845 1479/996/510
f 2274/998/821 2273/997/820 2268/999/822
f 1494/1022/845 2274/998/821 2275/1019/842
f 2269/1011/834 2275/1019/842 2268/999/822
f 2275/1019/842 2274/998/821 2268/999/822
f 1496/1021/844 1494/1022/845 2275/1019/842
f 1510/1018/841 2275/1019/842 2269/1011/834
f 1510/1018/841 1496/1021/844 2275/1019/842
f 2276/1520/1536 2277/1521/449 2278/1522/449
f 2279/1523/1537 2277/1521/449 2276/1520/1536
f 2276/1520/1536 2280/1524/1538 2279/1523/1537
f 2281/1525/1539 2280/1524/1538 2276/1520/1536
f 2276/1520/1536 2282/1526/1540 2281/1525/1539
f 2281/1525/1539 2282/1526/1540 2283/1527/1541
f 2283/1527/1541 2282/1526/1540 2284/1528/1542
f 2284/1528/1542 2282/1526/1540 2285/1529/1543
f 2284/1528/1542 2285/1529/1543 2286/1530/1544
f 2286/1530/1544 2285/1529/1543 2287/1531/1545
f 2287/1531/1545 2288/1532/1546 2286/1530/1544
f 2289/1533/1547 2288/1532/1546 2287/1531/1545
f 2289/1533/1547 2290/1534/1548 2288/1532/1546
f 2288/1532/1546 2290/1534/1548 2291/1535/1549
f 2290/1534/1548 2292/1536/1550 2291/1535/1549
f 2291/1535/1549 2292/1536/1550 2293/1537/1551
f 2292/1536/1550 2294/1538/1552 2293/1537/1551
f 2293/1537/1551 2294/1538/1552 2295/1539/1552
f 2294/1538/1552 2296/1540/1553 2295/1539/1552
f 2295/1539/1552 2296/1540/1553 2297/1541/1553
f 2296/1540/1553 2298/1542/1554 2297/1541/1553
f 2297/1541/1553 2298/1542/1554 2299/1543/1554
f 2300/1544/1555 2301/1545/1556 2302/1546/1557
f 2303/1547/1558 2301/1545/1556 2300/1544/1555
f 2304/1548/1559 2303/1547/1558 2300/1544/1555
f 2305/1549/1559 2303/1547/1558 2304/1548/1559
f 2306/1550/1560 2305/1549/1559 2304/1548/1559
f 2307/1551/1561 2305/1549/1559 2306/1550/1560
f 2307/1551/1561 2306/1550/1560 2308/1552/1562
f 2308/1552/1562 2306/1550/1560 2309/1553/1563
f 2309/1553/1563 2310/1554/1564 2308/1552/1562
f 2311/1555/1565 2310/1554/1564 2309/1553/1563
f 2310/1554/1564 2311/1555/1565 2312/1556/1566
f 2312/1556/1566 2311/1555/1565 2313/1557/1566
f 2314/1558/1567 2312/1556/1566 2313/1557/1566
f 2315/1559/1568 2312/1556/1566 2314/1558/1567
f 2316/1560/1569 2315/1559/1568 2314/1558/1567
f 2317/1561/1570 2315/1559/1568 2316/1560/1569
f 2318/1562/1571 2317/1561/1570 2316/1560/1569
f 2319/1563/1572 2317/1561/1570 2318/1562/1571
f 2318/1562/1571 2320/1564/1573 2319/1563/1572
f 2321/1565/1573 2320/1564/1573 2318/1562/1571
f 2321/1565/1573 2322/1566/1574 2320/1564/1573
f 2323/1567/1575 2322/1566/1574 2321/1565/1573
f 2322/1566/1574 2323/1567/1575 2324/1568/1576
f 2323/1567/1575 2325/1569/1577 2324/1568/1576
f 2325/1569/1577 2326/1570/1578 2324/1568/1576
f 2325/1569/1577 2327/1571/1579 2326/1570/1578
f 2328/1572/1579 2327/1571/1579 2325/1569/1577
f 2328/1572/1579 2329/1573/1580 2327/1571/1579
f 2330/1574/1580 2329/1573/1580 2328/1572/1579
f 2331/1575/1581 637/637/534 638/638/535
f 2331/1575/1581 303/303/274 637/637/534
f 638/638/535 2332/1576/1582 2331/1575/1581
f 638/638/535 644/644/541 2332/1576/1582
f 2331/1575/1581 2332/1576/1582 2333/1577/1583
f 2334/1578/1584 2331/1575/1581 2333/1577/1583
f 2335/1579/1585 303/303/274 2331/1575/1581
f 2335/1579/1585 2331/1575/1581 2334/1578/1584
f 303/303/274 2335/1579/1585 304/304/275
f 305/305/276 2336/1580/1586 312/312/283
f 304/304/275 2336/1580/1586 305/305/276
f 304/304/275 2335/1579/1585 2336/1580/1586
f 2334/1578/1584 2336/1580/1586 2335/1579/1585
f 2337/1581/253 2336/1580/1586 2334/1578/1584
f 2336/1580/1586 2337/1581/253 312/312/283
f 2338/1582/248 313/313/247 312/312/283
f 312/312/283 2337/1581/253 2338/1582/248
f 705/705/591 725/725/529 2339/1583/1587
f 722/722/521 2340/1584/610 725/725/529
f 725/725/529 2340/1584/610 2339/1583/1587
f 728/728/610 2340/1584/610 722/722/521
f 2339/1583/1587 2340/1584/610 2341/1585/1588
f 2342/1586/1589 2339/1583/1587 2341/1585/1588
f 2343/1587/1590 2339/1583/1587 2342/1586/1589
f 705/705/591 2343/1587/1590 706/706/592
f 2339/1583/1587 2343/1587/1590 705/705/591
f 2343/1587/1590 2344/1588/1591 706/706/592
f 2342/1586/1589 2344/1588/1591 2343/1587/1590
f 2345/1589/1522 2344/1588/1591 2342/1586/1589
f 706/706/592 2346/1590/1520 704/704/590
f 706/706/592 2344/1588/1591 2346/1590/1520
f 704/704/590 2346/1590/1520 2347/1591/1592
f 2348/1592/1593 2349/1593/1594 2350/1594/1594
f 2351/1595/1595 2349/1593/1594 2348/1592/1593
f 2352/1596/1596 2351/1595/1595 2348/1592/1593
f 2353/1597/1596 2351/1595/1595 2352/1596/1596
f 2354/1598/1597 2353/1597/1596 2352/1596/1596
f 2355/1599/1598 2353/1597/1596 2354/1598/1597
f 2354/1598/1597 2356/1600/1599 2355/1599/1598
f 2357/1601/1599 2356/1600/1599 2354/1598/1597
f 2357/1601/1599 2358/1602/1600 2356/1600/1599
f 2359/1603/1601 2358/1602/1600 2357/1601/1599
f 2358/1602/1600 2359/1603/1601 2360/1604/1602
f 2360/1604/1602 2359/1603/1601 2361/1605/1603
f 2362/1606/1604 2360/1604/1602 2361/1605/1603
f 2363/1607/1605 2360/1604/1602 2362/1606/1604
f 2364/1608/1606 2363/1607/1605 2362/1606/1604
f 2365/1609/1606 2363/1607/1605 2364/1608/1606
f 2366/1610/1607 2365/1609/1606 2364/1608/1606
f 2367/1611/1608 2365/1609/1606 2366/1610/1607
f 2367/1611/1608 2366/1610/1607 2368/1612/1609
f 2368/1612/1609 2366/1610/1607 2369/1613/1609
f 2368/1612/1609 2369/1613/1609 2370/1614/1610
f 2370/1614/1610 2369/1613/1609 2371/1615/1611
f 2370/1614/1610 2371/1615/1611 2372/1616/1612
f 2372/1616/1612 2371/1615/1611 2373/1617/1612
f 1486/913/1109 2261/914/1535 2374/908/1613
f 1486/913/1109 2374/908/1613 1473/907/865
f 1440/915/741 1439/910/736 2375/909/1614
f 1440/915/741 2375/909/1614 2261/914/1535
f 2261/914/1535 2375/909/1614 2374/908/1613
f 1473/907/865 2374/908/1613 2376/900/726
f 2376/900/726 1466/899/725 1465/901/727
f 2376/900/726 1465/901/727 1473/907/865
f 2375/909/1614 2376/900/726 2374/908/1613
f 2377/898/724 1466/899/725 2376/900/726
f 2377/898/724 2375/909/1614 1439/910/736
f 2377/898/724 1439/910/736 1466/899/725
f 2377/898/724 2376/900/726 2375/909/1614
f 2378/1242/1615 2379/1247/1616 2380/1248/711
f 2378/1242/1615 2380/1248/711 2381/1241/1617
f 2381/1241/1617 1040/1036/858 1037/1033/856
f 1036/1032/855 2381/1241/1617 1037/1033/856
f 2378/1242/1615 2381/1241/1617 1036/1032/855
f 2381/1241/1617 2382/1249/1087 1040/1036/858
f 2381/1241/1617 2380/1248/711 2382/1249/1087
f 1040/1036/858 2382/1249/1087 2383/1250/1618
f 1040/1036/858 2383/1250/1618 1055/1051/871
f 1054/1050/870 2384/1251/1089 1059/1055/875
f 1055/1051/871 2383/1250/1618 2384/1251/1089
f 1055/1051/871 2384/1251/1089 1054/1050/870
f 1191/1176/827 1185/1170/991 2385/1253/1619
f 1185/1170/991 2386/1252/1620 2385/1253/1619
f 1185/1170/991 1184/1169/990 2386/1252/1620
f 2385/1253/1619 2386/1252/1620 2387/1245/1084
f 2385/1253/1619 2387/1245/1084 2388/1244/1621
f 1191/1176/827 2388/1244/1621 1199/1184/1002
f 2385/1253/1619 2388/1244/1621 1191/1176/827
f 2388/1244/1621 2387/1245/1084 2389/1246/1085
f 2390/1243/1622 2379/1247/1616 2378/1242/1615
f 2390/1243/1622 2389/1246/1085 2379/1247/1616
f 2388/1244/1621 2390/1243/1622 1199/1184/1002
f 1199/1184/1002 2390/1243/1622 1213/1198/1016
f 1213/1198/1016 2390/1243/1622 1036/1032/855
f 2388/1244/1621 2389/1246/1085 2390/1243/1622
f 1036/1032/855 2390/1243/1622 2378/1242/1615
f 88/88/67 2391/1360/1623 93/93/71
f 88/88/67 87/87/66 2391/1360/1623
f 93/93/71 2392/1361/1624 90/90/69
f 93/93/71 2391/1360/1623 2392/1361/1624
f 90/90/69 2393/1362/69 91/91/68
f 90/90/69 2392/1361/1624 2393/1362/69
f 91/91/68 2393/1362/69 2394/1363/68
