# Blender 4.4.1
# www.blender.org
mtllib head.mtl
o DPROP_GEN_SentinelHead_01_STAT.001
v 0.016932 -0.128321 0.708894
v 0.016932 -0.128321 0.575728
v 0.153865 -0.128321 0.557383
v 0.574945 0.215499 0.610724
v 0.410671 0.212270 0.729574
v 0.348206 0.212742 0.620129
v 0.218362 0.212630 0.806352
v 0.188311 0.212742 0.685935
v 0.016932 0.212748 0.708897
v 0.188311 -0.128321 0.685935
v 0.281622 -0.128324 0.504805
v 0.348206 -0.128324 0.620129
v 0.485140 -0.128321 0.514558
v 0.485140 0.216800 0.514558
v 0.016932 0.212526 0.846575
v 0.391036 -0.128324 0.420452
v 0.475387 -0.128324 0.311040
v 0.656516 -0.128324 -0.125024
v 0.679475 -0.128324 0.046352
v 0.546310 -0.128321 0.046352
v 0.656516 -0.128321 0.217726
v 0.527967 -0.128324 0.183280
v 0.590713 -0.128324 0.377622
v 0.590713 0.216794 0.377622
v 0.724444 0.212765 0.450922
v 0.805024 0.212748 0.257525
v 0.805026 0.285359 0.257522
v 0.656516 0.212742 0.217726
v 0.679475 0.216794 0.046352
v 0.833318 0.216794 0.046352
v 0.805021 0.216797 -0.164814
v 0.805021 0.370148 -0.164814
v 0.723946 0.212751 -0.361841
v 0.723944 0.376336 -0.361841
v 0.833318 0.380385 0.046352
v 0.593849 0.212748 -0.530570
v 0.425125 0.212748 -0.660656
v 0.425125 0.376333 -0.660656
v 0.593857 0.376336 -0.530573
v 0.590713 0.212742 -0.284920
v 0.656516 0.216794 -0.125022
v 0.188308 0.212742 -0.593229
v 0.228104 0.212748 -0.741742
v 0.153865 -0.128324 -0.464677
v 0.016932 -0.128328 -0.483025
v 0.016932 -0.128328 -0.616191
v 0.188308 -0.128324 -0.593229
v 0.016932 0.212742 -0.616191
v 0.016932 0.212740 -0.770031
v 0.016932 0.376327 -0.770031
v 0.228104 0.376327 -0.741742
v 0.281622 -0.128321 -0.412103
v 0.590713 -0.128324 -0.284920
v 0.475387 -0.128324 -0.218338
v 0.485140 -0.128324 -0.421855
v 0.391036 -0.128317 -0.327749
v 0.348204 -0.128321 -0.527426
v 0.348204 0.212740 -0.527426
v 0.527967 -0.128321 -0.090579
v 0.485140 0.212742 -0.421853
v 0.016932 0.185442 -0.931432
v 0.016932 0.232448 -1.257110
v 0.345127 0.232181 -1.223092
v 0.252597 0.185959 -0.884590
v 0.501100 0.176684 -0.808006
v 0.425125 0.376333 -0.660656
v 0.593857 0.376336 -0.530573
v 0.656174 0.220568 -1.121750
v 0.228104 0.376327 -0.741742
v 0.016932 0.376327 -0.770031
v 0.016932 0.288239 -1.388166
v 0.370311 0.288734 -1.361380
v 0.701215 0.274893 -1.261915
v 0.980460 0.196187 -1.083101
v 0.903550 0.154034 -0.950618
v 0.675154 0.117470 -0.662943
v 0.812675 0.118066 -0.509665
v 1.200885 0.185024 -0.865880
v 1.099731 0.144104 -0.752399
v 1.393877 0.182832 -0.528199
v 1.306360 0.109074 -0.177017
v 1.445639 0.157757 -0.189684
v 1.410104 0.125936 0.133973
v 1.264878 0.140190 -0.468737
v 0.912370 0.118493 -0.335541
v 0.723944 0.376336 -0.361841
v 0.805021 0.370148 -0.164814
v 0.960527 0.089363 -0.135825
v 1.273819 0.078498 0.105802
v 1.201070 0.037950 0.349771
v 1.323387 0.081687 0.420620
v 1.129990 -0.049521 0.735682
v 0.978530 0.065382 0.077311
v 0.932612 0.034657 0.264344
v 1.021897 -0.095849 0.643813
v 0.821090 -0.074807 0.510684
v 0.624698 -0.108125 0.732246
v 0.218362 0.212630 0.806352
v 0.410671 0.212270 0.729574
v 0.401506 -0.144935 0.905817
v 0.574945 0.215499 0.610724
v 0.724444 0.212765 0.450922
v 0.805026 0.285359 0.257522
v 0.833318 0.380385 0.046352
v 0.813703 -0.090163 0.979735
v 0.754897 -0.138319 0.907952
v 0.513775 -0.187841 1.192750
v 0.207803 -0.177325 0.987240
v 0.016932 0.212526 0.846575
v 0.016932 -0.177849 1.022098
v 0.578982 -0.140189 1.324078
v 0.273946 -0.224270 1.349639
v 0.312415 -0.179509 1.507604
v 0.016932 -0.229597 1.403610
v 0.016932 -0.186191 1.575056
v -0.622653 0.212742 0.217726
v -0.771160 0.212748 0.257525
v -0.799455 0.216794 0.046352
v -0.556850 0.216794 0.377622
v -0.556850 -0.128324 0.377622
v -0.622653 -0.128321 0.217726
v -0.645612 -0.128324 0.046352
v -0.645612 0.216794 0.046352
v -0.771157 0.216797 -0.164814
v -0.622653 0.216794 -0.125022
v -0.556850 0.212742 -0.284920
v -0.622653 -0.128324 -0.125024
v -0.512446 -0.128321 0.046352
v -0.494104 -0.128324 0.183280
v -0.441524 -0.128324 0.311040
v -0.451276 -0.128321 0.514558
v -0.556850 -0.128324 -0.284920
v -0.357173 -0.128324 0.420452
v -0.247759 -0.128324 0.504805
v -0.559985 0.212748 -0.530570
v -0.391262 0.212748 -0.660656
v -0.314340 0.212740 -0.527426
v -0.451276 0.212742 -0.421853
v -0.451276 -0.128324 -0.421855
v -0.441524 -0.128324 -0.218338
v -0.494104 -0.128321 -0.090579
v -0.357173 -0.128317 -0.327749
v -0.247759 -0.128321 -0.412103
v -0.314340 -0.128321 -0.527426
v -0.154445 -0.128324 -0.593229
v -0.120002 -0.128324 -0.464677
v 0.016932 -0.128328 -0.483025
v 0.016932 -0.128328 -0.616191
v -0.154445 0.212742 -0.593229
v 0.016932 0.212742 -0.616191
v -0.194240 0.212748 -0.741742
v 0.016932 0.212740 -0.770031
v 0.016932 0.376327 -0.770031
v -0.194240 0.376327 -0.741742
v -0.391262 0.376333 -0.660656
v -0.559994 0.376336 -0.530573
v -0.690083 0.212751 -0.361841
v -0.541081 0.215499 0.610724
v -0.690580 0.212765 0.450922
v -0.771163 0.285359 0.257522
v -0.799455 0.380385 0.046352
v -0.771157 0.370148 -0.164814
v -0.690080 0.376336 -0.361841
v -0.451276 0.216800 0.514558
v -0.314343 0.212742 0.620129
v -0.376808 0.212270 0.729574
v -0.184498 0.212630 0.806352
v -0.154447 0.212742 0.685935
v 0.016932 0.212748 0.708897
v 0.016932 -0.128321 0.708894
v -0.154447 -0.128321 0.685935
v 0.016932 0.212526 0.846575
v -0.314343 -0.128324 0.620129
v 0.016932 -0.128321 0.575728
v -0.120002 -0.128321 0.557383
v -0.512446 -0.128321 0.046352
v -0.494104 -0.128321 -0.090579
v -0.431063 0.314621 -0.073689
v -0.447143 0.314612 0.046352
v -0.431063 0.314615 0.166393
v -0.494104 -0.128324 0.183280
v -0.441524 -0.128324 0.311040
v -0.384970 0.314615 0.278388
v -0.311024 0.314615 0.374303
v -0.357173 -0.128324 0.420452
v -0.247759 -0.128324 0.504805
v -0.215109 0.314621 0.448252
v -0.103109 0.314615 0.494344
v -0.120002 -0.128321 0.557383
v 0.016932 0.314612 0.510425
v 0.016932 -0.128321 0.575728
v -1.272496 0.109074 -0.177017
v -1.231015 0.140190 -0.468737
v -0.878506 0.118493 -0.335541
v -0.926664 0.089363 -0.135825
v -1.239956 0.078498 0.105802
v -0.944666 0.065382 0.077311
v -0.898748 0.034657 0.264344
v -0.771163 0.285359 0.257522
v -0.690580 0.212765 0.450922
v -0.787227 -0.074807 0.510684
v -0.541081 0.215499 0.610724
v -0.590834 -0.108125 0.732246
v -0.376808 0.212270 0.729574
v -0.690080 0.376336 -0.361841
v -0.771157 0.370148 -0.164814
v -0.799455 0.380385 0.046352
v -0.869686 0.154034 -0.950618
v -0.622310 0.220568 -1.121750
v -0.467236 0.176684 -0.808006
v -0.641290 0.117470 -0.662943
v -0.559994 0.376336 -0.530573
v -0.778811 0.118066 -0.509665
v -1.065868 0.144104 -0.752399
v -1.360013 0.182832 -0.528199
v -1.411776 0.157757 -0.189684
v -1.167021 0.185024 -0.865880
v -0.946597 0.196187 -1.083101
v -0.667351 0.274893 -1.261915
v -1.376240 0.125936 0.133973
v -1.167207 0.037950 0.349771
v -0.988033 -0.095849 0.643813
v -0.721033 -0.138319 0.907952
v -0.367642 -0.144935 0.905817
v -0.479911 -0.187841 1.192750
v -0.545119 -0.140189 1.324078
v -0.240082 -0.224270 1.349639
v -0.779840 -0.090163 0.979735
v -1.096127 -0.049521 0.735682
v -1.289524 0.081687 0.420620
v -0.173939 -0.177325 0.987240
v -0.184498 0.212630 0.806352
v 0.016932 0.212526 0.846575
v 0.016932 -0.177849 1.022098
v 0.016932 -0.229597 1.403610
v 0.016932 -0.186191 1.575056
v -0.278551 -0.179509 1.507604
v 1.168943 -0.000486 -0.167607
v 1.169030 -0.002733 -0.154323
v 1.128231 -0.001989 -0.160115
v 1.164498 -0.004959 -0.141825
v 1.155902 -0.006901 -0.131631
v 1.144281 -0.008310 -0.124967
v 1.131024 -0.009024 -0.122633
v 1.117748 -0.008965 -0.124909
v 1.106042 -0.008139 -0.131525
v 1.097323 -0.006633 -0.141687
v 1.092639 -0.004637 -0.154157
v 1.092552 -0.002387 -0.167441
v 1.097084 -0.000157 -0.179939
v 1.105671 0.001781 -0.190135
v 1.117298 0.003194 -0.196805
v 1.130544 0.003911 -0.199130
v 1.143829 0.003852 -0.196850
v 1.155531 0.003022 -0.190234
v 1.164253 0.001517 -0.180075
v 1.240385 0.130533 -0.206170
v 1.256275 0.123772 -0.163963
v 1.257691 0.049563 -0.176595
v 1.237505 0.026946 -0.137963
v 1.237238 0.033295 -0.175511
v 1.258005 0.041983 -0.131793
v 1.256586 0.116172 -0.118997
v 1.241293 0.108619 -0.076707
v 1.241852 0.056300 -0.218653
v 1.223970 0.038934 -0.210754
v 1.207434 0.040783 -0.200647
v 1.218395 0.036128 -0.171526
v 1.218615 0.030870 -0.140504
v 1.224729 0.020639 -0.102650
v 1.242765 0.034472 -0.089648
v 1.213810 0.027941 -0.055253
v 1.212234 0.102069 -0.042178
v 1.172904 0.097267 -0.019586
v 1.202399 0.046624 -0.166802
v 1.193374 0.050459 -0.190791
v 1.202582 0.042306 -0.141251
v 1.208064 0.025677 -0.111313
v 1.200463 0.015168 -0.073814
v 1.174618 0.023166 -0.032740
v 1.188010 0.021146 -0.087494
v 1.177381 0.034290 -0.097598
v 1.193891 0.038022 -0.117214
v 1.155034 0.031560 -0.084767
v 1.051195 0.021747 -0.110878
v 1.071580 0.018227 -0.087170
v 1.059545 0.011642 -0.073423
v 1.081487 0.031889 -0.097333
v 1.098933 0.016289 -0.071729
v 1.104008 0.030290 -0.084626
v 1.129945 0.016145 -0.066425
v 1.129557 0.030167 -0.080256
v 1.160876 0.017840 -0.071904
v 1.167628 0.011158 -0.054950
v 1.130181 0.009121 -0.048329
v 1.092648 0.009289 -0.054742
v 1.129940 0.020724 -0.024834
v 1.085151 0.020923 -0.032490
v 1.045653 0.023725 -0.054783
v 1.128065 0.094840 -0.011661
v 1.083120 0.095031 -0.019337
v 1.043476 0.097843 -0.041713
v 1.016212 0.028805 -0.089019
v 1.034872 0.015891 -0.102120
v 1.013931 0.102938 -0.076076
v 0.996215 0.109872 -0.116411
v 1.000382 0.035538 -0.131077
v 0.997726 0.117299 -0.163243
v 1.021607 0.021541 -0.137368
v 1.000070 0.043115 -0.175881
v 1.013020 0.124837 -0.205541
v 1.015310 0.050627 -0.218020
v 1.042085 0.131398 -0.240067
v 1.044271 0.057171 -0.252423
v 1.081406 0.136189 -0.262658
v 1.083454 0.061945 -0.274938
v 1.154062 0.054959 -0.223030
v 1.128523 0.055075 -0.227398
v 1.128689 0.046380 -0.245081
v 1.097747 0.044686 -0.239613
v 1.091223 0.043664 -0.257921
v 1.058388 0.039661 -0.239064
v 1.034119 0.034187 -0.210230
v 1.021343 0.027886 -0.174911
v 1.040236 0.026411 -0.140005
v 1.064696 0.034784 -0.116864
v 1.055668 0.038622 -0.140850
v 1.055485 0.042950 -0.166397
v 1.040017 0.031652 -0.171015
v 1.050562 0.036862 -0.200210
v 1.070619 0.041383 -0.224025
v 1.103038 0.053673 -0.222888
v 1.064176 0.047228 -0.190427
v 1.080692 0.050963 -0.210047
v 0.016932 -0.128328 -0.483025
v 0.016932 0.314615 -0.417722
v -0.103109 0.314615 -0.401639
v -0.120002 -0.128324 -0.464677
v -0.215109 0.314615 -0.355549
v -0.247759 -0.128321 -0.412103
v -0.311024 0.314612 -0.281601
v -0.357173 -0.128317 -0.327749
v -0.441524 -0.128324 -0.218338
v -0.384970 0.314612 -0.185685
v -0.103109 0.314615 -0.401639
v 0.016932 0.314615 -0.417722
v 0.016932 0.314607 0.046355
v -0.215109 0.314615 -0.355549
v -0.311024 0.314612 -0.281601
v -0.384970 0.314612 -0.185685
v -0.431063 0.314621 -0.073689
v -0.447143 0.314612 0.046352
v -0.431063 0.314615 0.166393
v -0.384970 0.314615 0.278388
v -0.311024 0.314615 0.374303
v -0.215109 0.314621 0.448252
v -0.103109 0.314615 0.494344
v 0.016932 0.314612 0.510425
v 1.126248 0.138636 -0.270588
v 1.128130 0.064377 -0.282836
v 1.171199 0.138437 -0.262907
v 1.199300 0.043187 -0.239454
v 1.187052 0.044302 -0.224344
v 1.166206 0.045550 -0.258132
v 1.159698 0.046240 -0.239781
v 1.128667 0.045708 -0.264545
v 1.172921 0.064185 -0.275185
v 1.210840 0.135624 -0.240538
v 1.212419 0.061376 -0.252896
v 1.176583 0.053353 -0.210311
v 1.117748 -0.008965 -0.124909
v 1.131024 -0.009024 -0.122633
v 1.130645 -0.016992 -0.111610
v 1.112988 -0.016913 -0.114630
v 1.106042 -0.008139 -0.131525
v 1.097416 -0.015808 -0.123415
v 1.097323 -0.006633 -0.141687
v 1.085809 -0.013805 -0.136919
v 1.092639 -0.004637 -0.154157
v 1.079565 -0.011150 -0.153496
v 1.092552 -0.002387 -0.167441
v 1.079447 -0.008166 -0.171160
v 1.097084 -0.000157 -0.179939
v 1.108363 -0.013908 -0.101311
v 1.074125 -0.009994 -0.129385
v 1.066261 -0.006647 -0.150273
v 1.088748 -0.012512 -0.112383
v 1.081487 0.031889 -0.097333
v 1.104008 0.030290 -0.084626
v 1.129557 0.030167 -0.080256
v 1.130608 -0.014008 -0.097508
v 1.064696 0.034784 -0.116864
v 1.103038 0.053673 -0.222888
v 1.107520 0.006469 -0.221723
v 1.088057 0.004103 -0.210546
v 1.080692 0.050963 -0.210047
v 1.064176 0.047228 -0.190427
v 1.073676 0.000848 -0.193461
v 1.066103 -0.002884 -0.172528
v 1.055485 0.042950 -0.166397
v 1.055668 0.038622 -0.140850
v 1.129712 0.007677 -0.225649
v 1.128523 0.055075 -0.227398
v 1.154062 0.054959 -0.223030
v 1.112316 -0.000740 -0.210214
v 1.096865 -0.002623 -0.201339
v 1.085449 -0.005199 -0.187776
v 1.105671 0.001781 -0.190135
v 1.117298 0.003194 -0.196805
v 1.129928 0.000217 -0.213328
v 1.151957 0.007577 -0.221847
v 1.176583 0.053353 -0.210311
v 1.147588 0.000138 -0.210314
v 1.171573 0.006185 -0.210781
v 1.163160 -0.000967 -0.201525
v 1.174770 -0.002970 -0.188027
v 1.164253 0.001517 -0.180075
v 1.155531 0.003022 -0.190234
v 1.143829 0.003852 -0.196850
v 1.130544 0.003911 -0.199130
v 1.186189 0.003667 -0.193765
v 1.181008 -0.005614 -0.171444
v 1.168943 -0.000486 -0.167607
v 1.181132 -0.008609 -0.153775
v 1.169030 -0.002733 -0.154323
v 1.175127 -0.011572 -0.137165
v 1.164498 -0.004959 -0.141825
v 1.177381 0.034290 -0.097598
v 1.155034 0.031560 -0.084767
v 1.152800 -0.012786 -0.101437
v 1.172261 -0.010416 -0.112613
v 1.186645 -0.007168 -0.129699
v 1.163708 -0.014145 -0.123603
v 1.194211 -0.003450 -0.150629
v 1.194054 0.000323 -0.172883
v 1.202399 0.046624 -0.166802
v 1.193374 0.050459 -0.190791
v 1.202582 0.042306 -0.141251
v 1.193891 0.038022 -0.117214
v -0.391262 0.376333 -0.660656
v -0.218733 0.185959 -0.884590
v -0.311263 0.232181 -1.223092
v -0.194240 0.376327 -0.741742
v 0.016932 0.376327 -0.770031
v 0.016932 0.185442 -0.931432
v 0.016932 0.232448 -1.257110
v 0.016932 0.288239 -1.388166
v -0.336448 0.288734 -1.361380
v 1.148257 -0.016035 -0.114731
v 1.155902 -0.006901 -0.131631
v 1.144281 -0.008310 -0.124967
v 1.131024 -0.009024 -0.122633
v 1.130645 -0.016992 -0.111610
v 1.130608 -0.014008 -0.097508
v 1.129557 0.030167 -0.080256
v -1.140370 -0.017623 -0.112303
v -1.145686 0.027094 -0.097375
v -1.162329 0.030664 -0.116921
v -1.154863 -0.014515 -0.129318
v -1.143354 -0.018854 -0.136837
v -1.162568 -0.010879 -0.150218
v -1.131851 -0.021323 -0.123323
v -1.120836 -0.019845 -0.101218
v -1.123261 0.024545 -0.084653
v -1.097745 0.023321 -0.080272
v -1.098619 -0.020905 -0.097406
v -1.098709 -0.023930 -0.111500
v -1.116346 -0.023087 -0.114528
v -1.111238 -0.015383 -0.124826
v -1.122896 -0.014059 -0.131450
v -1.131536 -0.012203 -0.141619
v -1.136124 -0.010039 -0.154096
v -1.149471 -0.015973 -0.153424
v -1.136107 -0.007820 -0.167386
v -1.149451 -0.013030 -0.171096
v -1.131480 -0.005827 -0.179888
v -1.097978 -0.016017 -0.122544
v -1.098526 0.000453 -0.225605
v -1.097641 0.047852 -0.227481
v -1.072131 0.046631 -0.223101
v -1.123163 0.047581 -0.222978
v -1.120752 0.000223 -0.221685
v -1.116276 -0.007154 -0.210155
v -1.140303 -0.001258 -0.210511
v -1.131800 -0.008341 -0.201281
v -1.154818 -0.003834 -0.193423
v -1.143320 -0.010375 -0.187717
v -1.162551 -0.007175 -0.172484
v -1.145613 0.045879 -0.210140
v -1.162281 0.042923 -0.190517
v -1.171157 0.039095 -0.166479
v -1.171174 0.034832 -0.140921
v -1.034597 -0.013280 -0.150527
v -1.034583 -0.009566 -0.172790
v -1.024223 0.036341 -0.166830
v -1.024240 0.032088 -0.141267
v -1.042330 -0.016611 -0.129590
v -1.033117 0.028253 -0.117222
v -1.049782 0.025296 -0.097604
v -1.072229 0.023585 -0.084775
v -1.076393 -0.020668 -0.101328
v -1.056843 -0.019183 -0.112502
v -1.065547 -0.022562 -0.123486
v -1.054024 -0.020528 -0.137050
v -1.047891 -0.017870 -0.153665
v -1.047876 -0.014927 -0.171342
v -1.042288 -0.005940 -0.193685
v -1.033066 0.040505 -0.190832
v -1.049708 0.044079 -0.210368
v -1.056775 -0.002829 -0.210714
v -1.076309 -0.000607 -0.221792
v -1.053988 -0.012052 -0.187935
v -1.064303 -0.007089 -0.180000
v -1.059709 -0.009260 -0.167524
v -1.059725 -0.011476 -0.154234
v -1.064353 -0.013466 -0.141732
v -1.081002 -0.007820 -0.210242
v -1.098639 -0.006976 -0.213264
v -1.065494 -0.009579 -0.201443
v -1.072946 -0.005234 -0.190166
v -1.084601 -0.003906 -0.196790
v -1.097869 -0.003275 -0.199076
v -1.111134 -0.003406 -0.196755
v -1.122812 -0.004290 -0.190086
v -1.141157 0.130853 -0.262977
v -1.096248 0.131317 -0.270893
v -1.097607 0.057013 -0.282943
v -1.051349 0.129173 -0.263193
v -1.039641 0.034537 -0.224372
v -1.049708 0.044079 -0.210368
v -1.072131 0.046631 -0.223101
v -1.066877 0.037630 -0.239826
v -1.097852 0.039109 -0.245140
v -1.097894 0.038385 -0.264603
v -1.135394 0.037997 -0.257989
v -1.142351 0.056557 -0.275058
v -1.181714 0.053563 -0.252548
v -1.180657 0.127849 -0.240391
v -1.192953 0.013137 -0.102140
v -1.211037 0.026888 -0.089082
v -1.226544 0.034197 -0.131164
v -1.205951 0.019263 -0.137409
v -1.226511 0.041657 -0.175988
v -1.205923 0.025516 -0.174968
v -1.192874 0.031155 -0.210299
v -1.210941 0.048383 -0.218141
v -1.168381 0.035487 -0.239136
v -1.128839 0.038786 -0.239681
v -1.156088 0.036715 -0.224096
v -1.176330 0.033134 -0.200278
v -1.123163 0.047581 -0.222978
v -1.097641 0.047852 -0.227481
v -1.145613 0.045879 -0.210140
v -1.162281 0.042923 -0.190517
v -1.187103 0.028473 -0.171074
v -1.171157 0.039095 -0.166479
v -1.187125 0.023310 -0.140051
v -1.171174 0.034832 -0.140921
v -1.162329 0.030664 -0.116921
v -1.176392 0.018248 -0.110907
v -1.145686 0.027094 -0.097375
v -1.168502 0.007886 -0.073421
v -1.181857 0.020618 -0.054819
v -1.209992 0.122651 -0.205860
v -1.225614 0.115905 -0.163550
v -1.227463 0.108675 -0.116698
v -1.210082 0.101080 -0.076337
v -1.180798 0.094795 -0.041947
v -1.142528 0.016152 -0.032501
v -1.135540 0.004141 -0.054719
v -1.128948 0.010815 -0.071722
v -1.097973 0.009330 -0.066404
v -1.123261 0.024545 -0.084653
v -1.097745 0.023321 -0.080272
v -1.072229 0.023585 -0.084775
v -1.066997 0.009656 -0.071873
v -1.039739 0.011731 -0.087460
v -1.156187 0.013905 -0.087180
v -1.027564 0.005248 -0.073759
v -1.019500 0.015315 -0.111282
v -1.003071 0.009580 -0.102599
v -1.008722 0.019966 -0.140482
v -0.990022 0.015223 -0.137923
v -0.990000 0.021479 -0.175488
v -0.968856 0.036838 -0.176606
v -1.002995 0.027598 -0.210751
v -0.984369 0.044144 -0.218689
v -1.013678 0.017476 -0.055227
v -0.984453 0.022642 -0.089626
v -0.968887 0.029368 -0.131784
v -1.097793 0.014015 -0.024826
v -1.141323 0.090310 -0.019546
v -1.096430 0.088175 -0.011850
v -1.053047 0.014482 -0.032718
v -1.051524 0.088624 -0.019762
v -1.012018 0.091637 -0.042350
v -0.982689 0.096818 -0.076883
v -0.967063 0.103581 -0.119186
v -0.967030 0.111069 -0.164173
v -1.098051 0.002353 -0.048289
v -1.060552 0.002734 -0.054899
v -1.060403 0.036605 -0.258172
v -1.027449 0.032849 -0.239473
v -1.052872 0.054883 -0.275272
v -1.013543 0.050411 -0.252959
v -1.011880 0.124688 -0.240799
v -0.982596 0.118406 -0.206404
v -1.019438 0.030198 -0.200657
v -1.033066 0.040505 -0.190832
v -1.024240 0.032088 -0.141267
v -1.024223 0.036341 -0.166830
v -1.008699 0.025142 -0.171519
v -1.033117 0.028253 -0.117222
v -1.049782 0.025296 -0.097604
v 0.054151 -0.309776 1.195413
v 0.054135 -0.311991 1.208704
v 0.013413 -0.309481 1.202893
v 0.049506 -0.313981 1.221208
v 0.040832 -0.315521 1.231402
v 0.029157 -0.316402 1.238066
v 0.015883 -0.316533 1.240396
v 0.002622 -0.315898 1.238111
v -0.009036 -0.314574 1.231489
v -0.017675 -0.312719 1.221320
v -0.022265 -0.310554 1.208842
v -0.022249 -0.308335 1.195551
v -0.017620 -0.306342 1.183050
v -0.008953 -0.304806 1.172853
v 0.002726 -0.303921 1.166183
v 0.015992 -0.303790 1.163862
v 0.029260 -0.304421 1.166149
v 0.040913 -0.305749 1.172772
v 0.049557 -0.307604 1.182938
v 0.131265 -0.182109 1.156534
v 0.146831 -0.189446 1.198766
v 0.145005 -0.263677 1.186332
v 0.123839 -0.285293 1.225015
v 0.123861 -0.279036 1.187451
v 0.144973 -0.271147 1.231154
v 0.146797 -0.196934 1.243754
v 0.131171 -0.203697 1.286055
v 0.129491 -0.256371 1.144249
v 0.110865 -0.272917 1.152187
v 0.094421 -0.270317 1.162283
v 0.105160 -0.275373 1.191421
v 0.105139 -0.280549 1.222458
v 0.110789 -0.290935 1.260340
v 0.129405 -0.277873 1.273313
v 0.100182 -0.283039 1.307713
v 0.101843 -0.208880 1.320588
v 0.062337 -0.211892 1.343176
v 0.089636 -0.264174 1.196110
v 0.080793 -0.260010 1.172106
v 0.089619 -0.268427 1.221671
v 0.094360 -0.285200 1.251657
v 0.086295 -0.295267 1.289180
v 0.060813 -0.286033 1.330220
v 0.074121 -0.288784 1.275479
v 0.064077 -0.275219 1.265336
v 0.080744 -0.272262 1.245718
v 0.041629 -0.276931 1.278162
v -0.062531 -0.282267 1.252031
v -0.042327 -0.286610 1.275760
v -0.054641 -0.292629 1.289517
v -0.031827 -0.273422 1.265563
v -0.015089 -0.289700 1.291217
v -0.009401 -0.275970 1.278286
v 0.015887 -0.291185 1.296536
v 0.016115 -0.277194 1.282667
v 0.046864 -0.290859 1.291065
v 0.053310 -0.297781 1.308039
v 0.015808 -0.298162 1.314651
v -0.021679 -0.296375 1.308219
v 0.016068 -0.286500 1.338113
v -0.028667 -0.284363 1.330439
v -0.067997 -0.279897 1.308121
v 0.017430 -0.212341 1.351089
v -0.027463 -0.210204 1.343392
v -0.066936 -0.205721 1.320993
v -0.097177 -0.273627 1.273858
v -0.079094 -0.287378 1.260801
v -0.096220 -0.199434 1.286603
v -0.113602 -0.191840 1.246240
v -0.112684 -0.266318 1.231775
v -0.111754 -0.184610 1.199389
v -0.092090 -0.281252 1.225529
v -0.112650 -0.258858 1.186950
v -0.096130 -0.177863 1.157079
v -0.097082 -0.252132 1.144797
v -0.066797 -0.172667 1.122549
v -0.067852 -0.246953 1.110391
v -0.027296 -0.169662 1.099961
v -0.028490 -0.243958 1.087882
v 0.041728 -0.253884 1.139838
v 0.016218 -0.252664 1.135458
v 0.016009 -0.261406 1.117798
v -0.014977 -0.261729 1.123257
v -0.021533 -0.262518 1.104949
v -0.054520 -0.265028 1.123802
v -0.079014 -0.269361 1.152640
v -0.092064 -0.274999 1.187970
v -0.073265 -0.277205 1.222888
v -0.048470 -0.269851 1.246018
v -0.057314 -0.265684 1.222017
v -0.057298 -0.261420 1.196459
v -0.073244 -0.272043 1.191865
v -0.062471 -0.267381 1.162659
v -0.042229 -0.263801 1.138843
v -0.009304 -0.252934 1.139962
v -0.048421 -0.257592 1.172421
v -0.031752 -0.254636 1.152800
v -1.081069 -0.023748 -0.114616
v -1.073027 -0.015006 -0.131536
v -1.084702 -0.015887 -0.124874
v -1.097978 -0.016017 -0.122544
v -1.098709 -0.023930 -0.111500
v -1.098619 -0.020905 -0.097406
v -1.097745 0.023321 -0.080272
v -0.026510 -0.318138 1.250635
v -0.031827 -0.273422 1.265563
v -0.048470 -0.269851 1.246018
v -0.041003 -0.315030 1.233621
v -0.048707 -0.311395 1.212722
v -0.029495 -0.319369 1.226102
v -0.017992 -0.321839 1.239615
v -0.006977 -0.320360 1.261719
v -0.009401 -0.275970 1.278286
v 0.016115 -0.277194 1.282667
v 0.015241 -0.321420 1.265532
v 0.015151 -0.324446 1.251438
v -0.002485 -0.323602 1.248412
v 0.002622 -0.315898 1.238111
v -0.009036 -0.314574 1.231489
v -0.017675 -0.312719 1.221320
v -0.022265 -0.310554 1.208842
v -0.035612 -0.316488 1.209516
v -0.022249 -0.308335 1.195551
v -0.035591 -0.313545 1.191842
v -0.017620 -0.306342 1.183050
v 0.015883 -0.316533 1.240396
v 0.015335 -0.300062 1.137335
v 0.016218 -0.252664 1.135458
v 0.041728 -0.253884 1.139838
v -0.009304 -0.252934 1.139962
v -0.006891 -0.300292 1.141254
v -0.002417 -0.307670 1.152786
v -0.026444 -0.301773 1.152429
v -0.017939 -0.308856 1.161656
v -0.040958 -0.304350 1.169515
v -0.029461 -0.310890 1.175222
v -0.048691 -0.307690 1.190454
v -0.031752 -0.254636 1.152800
v -0.048421 -0.257592 1.172421
v -0.057298 -0.261420 1.196459
v -0.057314 -0.265684 1.222017
v 0.079263 -0.313796 1.212413
v 0.079277 -0.310081 1.190148
v 0.089636 -0.264174 1.196110
v 0.089619 -0.268427 1.221671
v 0.071531 -0.317126 1.233349
v 0.080744 -0.272262 1.245718
v 0.064077 -0.275219 1.265336
v 0.041629 -0.276931 1.278162
v 0.037467 -0.321184 1.261610
v 0.057016 -0.319698 1.250438
v 0.048312 -0.323077 1.239452
v 0.059836 -0.321043 1.225889
v 0.065970 -0.318385 1.209274
v 0.065984 -0.315442 1.191598
v 0.071572 -0.306455 1.169254
v 0.080793 -0.260010 1.172106
v 0.064152 -0.256436 1.152572
v 0.057085 -0.303344 1.152227
v 0.037552 -0.301122 1.141147
v 0.059871 -0.312568 1.175003
v 0.049557 -0.307604 1.182938
v 0.054151 -0.309776 1.195413
v 0.054135 -0.311991 1.208704
v 0.049506 -0.313981 1.221208
v 0.032860 -0.308335 1.152696
v 0.015221 -0.307491 1.149675
v 0.048365 -0.310094 1.161496
v 0.040913 -0.305749 1.172772
v 0.029260 -0.304421 1.166149
v 0.015992 -0.303790 1.163862
v 0.002726 -0.303921 1.166183
v -0.008953 -0.304806 1.172853
v 0.017612 -0.169199 1.092046
v 0.016252 -0.243502 1.079997
v 0.062511 -0.171343 1.099748
v 0.086412 -0.267666 1.123465
v 0.074220 -0.265978 1.138568
v 0.053459 -0.263910 1.104766
v 0.046983 -0.262885 1.123114
v 0.015965 -0.262130 1.098337
v 0.060989 -0.245632 1.087668
v 0.101981 -0.175826 1.122139
v 0.100318 -0.250105 1.109981
v 0.064152 -0.256436 1.152572
v 0.032790 -0.324264 1.248322
v 0.040832 -0.315521 1.231402
v 0.029157 -0.316402 1.238066
v 0.015883 -0.316533 1.240396
v 0.015151 -0.324446 1.251438
v 0.015241 -0.321420 1.265532
v 0.016115 -0.277194 1.282667
v 0.037467 0.086542 -1.040515
v 0.032790 0.083463 -1.053803
v 0.048312 0.084648 -1.062673
v 0.057016 0.088026 -1.051690
v 0.029157 0.091322 -1.064062
v 0.015883 0.091193 -1.061732
v 0.015151 0.083280 -1.050687
v 0.015241 0.086306 -1.036593
v 0.016115 0.130530 -1.019459
v 0.041629 0.130794 -1.023963
v 0.064077 0.132505 -1.036792
v 0.071531 0.090600 -1.068776
v 0.079263 0.093929 -1.089715
v 0.079277 0.097644 -1.111977
v 0.089636 0.143551 -1.106018
v 0.089619 0.139297 -1.080454
v 0.080744 0.135464 -1.056410
v 0.059836 0.086683 -1.076236
v 0.065970 0.089341 -1.092854
v 0.065984 0.092283 -1.110530
v 0.071572 0.101269 -1.132874
v 0.080793 0.147715 -1.130019
v 0.064152 0.151289 -1.149556
v 0.049557 0.100122 -1.119187
v 0.059871 0.095157 -1.127122
v 0.054151 0.097950 -1.106712
v 0.054135 0.095733 -1.093421
v 0.049506 0.093744 -1.080921
v 0.040832 0.092204 -1.070724
v 0.037552 0.106604 -1.160981
v 0.032860 0.099392 -1.149429
v 0.015221 0.100235 -1.152450
v 0.057085 0.104382 -1.149901
v 0.048365 0.097630 -1.140632
v 0.040913 0.101977 -1.129353
v 0.029260 0.103303 -1.135976
v 0.015992 0.103935 -1.138263
v 0.002726 0.103806 -1.135942
v -0.002417 0.100055 -1.149342
v -0.017939 0.098869 -1.140469
v 0.015335 0.107664 -1.164793
v 0.041728 0.153840 -1.162287
v -0.057314 0.142042 -1.080108
v -0.057298 0.146304 -1.105667
v -0.048691 0.100035 -1.111671
v -0.048421 0.150134 -1.129704
v -0.040958 0.103376 -1.132610
v -0.026444 0.105953 -1.149699
v -0.006891 0.107433 -1.160874
v -0.009304 0.154790 -1.162166
v 0.016218 0.155063 -1.166668
v -0.031752 0.153090 -1.149328
v -0.029461 0.096835 -1.126906
v -0.035591 0.094179 -1.110283
v -0.048707 0.096332 -1.089406
v -0.048470 0.137875 -1.056110
v -0.035612 0.091238 -1.092612
v -0.022249 0.099392 -1.106574
v -0.017620 0.101384 -1.119075
v -0.008953 0.102921 -1.129275
v -0.009036 0.093151 -1.070637
v 0.002622 0.091828 -1.064014
v -0.002485 0.084123 -1.053716
v -0.017992 0.085888 -1.062511
v -0.017675 0.095005 -1.080808
v -0.029495 0.088357 -1.076023
v -0.022265 0.097172 -1.093284
v -0.041003 0.092696 -1.068507
v -0.026510 0.089588 -1.051490
v -0.006977 0.087366 -1.040406
v -0.031827 0.134304 -1.036562
v -0.009401 0.131755 -1.023842
v 0.016115 0.130530 -1.019459
v 0.015241 0.086306 -1.036593
v 0.015151 0.083280 -1.050687
v 0.015883 0.091193 -1.061732
v 0.054151 0.097950 -1.106712
v 0.054135 0.095733 -1.093421
v 0.013413 0.098245 -1.099232
v 0.049506 0.093744 -1.080921
v 0.040832 0.092204 -1.070724
v 0.029157 0.091322 -1.064062
v 0.015883 0.091193 -1.061732
v 0.002622 0.091828 -1.064014
v -0.009036 0.093151 -1.070637
v -0.017675 0.095005 -1.080808
v -0.022265 0.097172 -1.093284
v -0.022249 0.099392 -1.106574
v -0.017620 0.101384 -1.119075
v -0.008953 0.102921 -1.129275
v 0.002726 0.103806 -1.135942
v 0.015992 0.103935 -1.138263
v 0.029260 0.103303 -1.135976
v 0.040913 0.101977 -1.129353
v 0.049557 0.100122 -1.119187
v -0.028667 0.123362 -0.971689
v -0.027463 0.197522 -0.958733
v -0.066936 0.202003 -0.981135
v 0.016068 0.121227 -0.964012
v 0.017430 0.195383 -0.951037
v -0.021679 0.111350 -0.993906
v 0.129405 0.129853 -1.028815
v 0.131171 0.204029 -1.016070
v 0.101843 0.198845 -0.981537
v 0.100182 0.124686 -0.994415
v 0.062337 0.195833 -0.958949
v 0.060813 0.121693 -0.971905
v 0.015808 0.109563 -0.987477
v 0.015887 0.116540 -1.005592
v 0.046864 0.116866 -1.011060
v 0.053310 0.109945 -0.994086
v 0.086295 0.112457 -1.012945
v 0.110789 0.116790 -1.041785
v 0.144973 0.136577 -1.070971
v 0.146797 0.210792 -1.058375
v 0.146831 0.218281 -1.103360
v 0.145005 0.144048 -1.115793
v 0.123839 0.122432 -1.077110
v 0.074121 0.118942 -1.026649
v 0.094360 0.122525 -1.050470
v 0.105139 0.127175 -1.079670
v 0.123861 0.128690 -1.114675
v 0.110865 0.134807 -1.149938
v 0.129491 0.151354 -1.157876
v 0.094421 0.137408 -1.139845
v 0.105160 0.132351 -1.110707
v 0.089619 0.139297 -1.080454
v 0.080744 0.135464 -1.056410
v 0.064077 0.132505 -1.036792
v 0.041629 0.130794 -1.023963
v 0.089636 0.143551 -1.106018
v 0.080793 0.147715 -1.130019
v 0.131265 0.225617 -1.145591
v 0.100318 0.157619 -1.192147
v 0.086412 0.140058 -1.178660
v 0.074220 0.141747 -1.163560
v 0.064152 0.151289 -1.149556
v 0.041728 0.153840 -1.162287
v 0.053459 0.143815 -1.197359
v 0.015965 0.145596 -1.203791
v 0.016252 0.164222 -1.222131
v 0.046983 0.144840 -1.179014
v 0.060989 0.162093 -1.214460
v -0.027296 0.238064 -1.202164
v 0.017612 0.238525 -1.210082
v 0.062511 0.236381 -1.202380
v 0.101981 0.231900 -1.179986
v 0.016009 0.146318 -1.184327
v -0.021533 0.145208 -1.197177
v -0.028490 0.163767 -1.214246
v -0.067852 0.160772 -1.191734
v -0.066797 0.235058 -1.179579
v -0.097082 0.155594 -1.157328
v -0.079094 0.120347 -1.041327
v -0.097177 0.134098 -1.028270
v -0.112684 0.141407 -1.070353
v -0.092090 0.126473 -1.076596
v -0.112650 0.148867 -1.115175
v -0.092064 0.132727 -1.114155
v -0.079014 0.138364 -1.149486
v -0.054520 0.142696 -1.178323
v -0.014977 0.145995 -1.178868
v -0.042229 0.143924 -1.163285
v -0.062471 0.140345 -1.139466
v -0.009304 0.154790 -1.162166
v 0.016218 0.155063 -1.166668
v -0.031752 0.153090 -1.149328
v -0.048421 0.150134 -1.129704
v -0.073244 0.135683 -1.110261
v -0.057298 0.146304 -1.105667
v -0.073265 0.130522 -1.079237
v -0.057314 0.142042 -1.080108
v -0.048470 0.137875 -1.056110
v -0.062531 0.125458 -1.050094
v -0.031827 0.134304 -1.036562
v -0.042327 0.121114 -1.026368
v -0.054641 0.115096 -1.012608
v -0.015089 0.118026 -1.010911
v -0.009401 0.131755 -1.023842
v -0.067997 0.127827 -0.994007
v -0.096130 0.229863 -1.145049
v -0.111754 0.223116 -1.102736
v -0.113602 0.215884 -1.055885
v -0.096220 0.208292 -1.015525
v 0.016115 0.130530 -1.019459
v -0.099356 1.040838 -1.247352
v -0.098317 1.045971 -1.198020
v -0.089038 1.193068 -1.221024
v -0.103360 1.183503 -1.264331
v -0.092945 1.307574 -1.218408
v -0.104335 1.323005 -1.262328
v -0.104052 1.405788 -1.199624
v -0.106115 1.447101 -1.244213
v -0.104436 1.525717 -1.220256
v -0.072901 1.574307 -1.255818
v -0.074829 1.482679 -1.283727
v -0.016536 1.601655 -1.277526
v -0.102712 1.468908 -1.180388
v -0.066683 1.336765 -1.301078
v -0.062893 1.176234 -1.302511
v 0.049583 1.600477 -1.279586
v 0.047524 1.502578 -1.309373
v -0.018591 1.502985 -1.307577
v -0.015858 1.345155 -1.324268
v -0.013163 1.173219 -1.325321
v -0.059167 1.026865 -1.290142
v 0.049180 1.023647 -1.315057
v -0.009162 1.020371 -1.314925
v 0.105809 1.481602 -1.288619
v 0.096742 1.338900 -1.304950
v 0.043963 1.345930 -1.325686
v 0.045216 1.175276 -1.326661
v 0.096576 1.181876 -1.306169
v 0.100216 1.033161 -1.290513
v 0.141374 1.191230 -1.269333
v 0.144523 1.046154 -1.247854
v 0.128781 1.200893 -1.226031
v 0.131329 1.059138 -1.198520
v 0.130309 1.310653 -1.223673
v 0.142570 1.326009 -1.267605
v 0.140645 1.445704 -1.250886
v 0.107691 1.571056 -1.261415
v 0.142248 1.521344 -1.227885
v 0.142704 1.404487 -1.206269
v 0.145395 1.500484 -1.185898
v -1.860279 2.731398 0.262481
v -1.860279 2.731426 -0.091189
v -1.860279 2.642917 0.248963
v -1.860279 2.559774 0.212504
v -1.860279 2.487309 0.157180
v -1.860279 2.431630 0.085668
v -1.860279 2.398828 0.000640
v -1.860279 2.388139 -0.091158
v -1.909105 2.323288 -0.091149
v -1.884691 2.365978 -0.091156
v -1.884691 2.377350 -0.188902
v -1.884691 2.377350 0.006574
v -1.884691 2.412262 0.097098
v -1.884691 2.471537 0.173234
v -1.884691 2.548678 0.232129
v -1.814049 2.476384 0.360142
v -1.909105 2.503454 0.312279
v -1.909105 2.407164 0.238751
v -1.909105 2.527324 0.269913
v -1.909105 2.441166 0.204132
v -1.909105 2.374967 0.119098
v -1.909105 2.335981 0.017998
v -1.909105 2.275415 -0.091158
v -1.909105 2.335981 -0.200308
v -1.909105 2.289591 0.030769
v -1.909105 2.333159 0.143721
v -1.814046 2.285915 0.171591
v -1.814046 2.368684 0.277893
v -1.819286 2.332460 0.315140
v -1.814046 2.237187 0.045236
v -1.814049 2.221323 -0.091158
v -1.819261 2.170047 -0.091155
v -1.819286 2.187496 0.058667
v -1.819320 2.241267 0.197925
v -1.638857 2.168018 0.241135
v -1.638820 2.272796 0.375829
v -1.638818 2.106236 0.081098
v -1.638792 2.086168 -0.091155
v -1.638818 2.106236 -0.263439
v -1.819286 2.187496 -0.241008
v -1.638857 2.168018 -0.423522
v -1.819317 2.241262 -0.380310
v -1.819286 2.332451 -0.497538
v -1.814049 2.285913 -0.353973
v -1.814049 2.237187 -0.227580
v -1.909105 2.289585 -0.213112
v -1.909105 2.333157 -0.326103
v -1.909105 2.407159 -0.421147
v -1.814049 2.368679 -0.460291
v -1.909105 2.374967 -0.301439
v -1.909105 2.613891 -0.543085
v -1.909105 2.626170 -0.495638
v -1.909105 2.731398 -0.511697
v -1.909105 2.503449 -0.494666
v -1.909105 2.527324 -0.452300
v -1.909105 2.441166 -0.386500
v -1.884691 2.412262 -0.279461
v -1.884691 2.471537 -0.355617
v -1.860279 2.431635 -0.268050
v -1.860279 2.398831 -0.182986
v -1.860279 2.487309 -0.339576
v -1.884691 2.548678 -0.414519
v -1.884691 2.637185 -0.453331
v -1.884691 2.731398 -0.467717
v -1.884691 2.825611 -0.453331
v -1.860279 2.731398 -0.444876
v -1.860279 2.642917 -0.431364
v -1.860279 2.559771 -0.394898
v -1.860279 2.819879 -0.431361
v -1.884691 2.914148 -0.414519
v -1.860279 2.903049 -0.394898
v -1.860279 2.975515 -0.339576
v -1.860279 3.031205 -0.268050
v -1.860279 3.063996 -0.182986
v -1.860279 3.074673 -0.091158
v -1.860279 3.031205 0.085668
v -1.860279 2.975515 0.157180
v -1.860279 3.063996 0.000640
v -1.884691 3.085491 0.006574
v -1.884691 3.096871 -0.091156
v -1.884691 3.085491 -0.188902
v -1.884691 3.050593 -0.279461
v -1.884691 3.050593 0.097097
v -1.909105 3.126879 -0.200308
v -1.909105 3.187431 -0.091158
v -1.909105 3.173242 -0.213112
v -1.909105 3.139580 -0.091149
v -1.909105 3.126879 0.017998
v -1.909105 3.087879 0.119098
v -1.884691 2.991306 0.173234
v -1.909105 3.173242 0.030769
v -1.909105 3.021680 0.204132
v -1.884691 2.914148 0.232129
v -1.909105 3.055679 0.238754
v -1.909105 3.129661 0.143723
v -1.814049 3.225645 0.045236
v -1.814049 3.241520 -0.091158
v -1.814049 3.225645 -0.227580
v -1.819261 3.292799 -0.091155
v -1.909105 2.935475 0.269913
v -1.909105 2.959414 0.312279
v -1.638818 3.356610 -0.263442
v -1.638857 3.294794 -0.423522
v -1.819320 3.221542 -0.380310
v -1.819286 3.275350 -0.241011
v -1.638792 3.376672 -0.091155
v -1.819286 3.275350 0.058667
v -1.814049 3.176922 0.171591
v -1.814049 3.094145 0.277896
v -1.814049 2.986473 0.360145
v -1.819286 3.130392 0.315140
v -1.819320 3.221542 0.197925
v -1.638818 3.356610 0.081101
v -1.819264 3.012099 0.405506
v -1.638795 3.054077 0.479728
v -1.638820 3.190044 0.375829
v -1.638857 3.294794 0.241135
v -1.819264 2.450750 0.405506
v -1.814049 2.599932 0.414329
v -1.819286 2.586476 0.465004
v -1.814049 2.731426 0.434408
v -1.819320 2.731426 0.487081
v -1.819286 2.876356 0.465004
v -1.814049 2.862897 0.414329
v -1.909105 2.848960 0.360718
v -1.909105 2.731426 0.378667
v -1.909105 2.613891 0.360718
v -1.909105 2.836625 0.313246
v -1.909105 2.731398 0.329304
v -1.909105 2.626170 0.313246
v -1.884691 2.637185 0.270939
v -1.884691 2.731398 0.285319
v -1.884691 2.825611 0.270939
v -1.860279 2.903049 0.212504
v -1.860279 2.819879 0.248963
v -1.638820 2.272796 0.375829
v -1.638823 2.731426 -0.091186
v -1.638795 2.408788 0.479725
v -1.638820 2.564837 0.548127
v -1.638857 2.731426 0.573500
v -1.638820 2.897992 0.548130
v -1.638820 2.897992 -0.730500
v -1.638857 2.731398 -0.755853
v -1.638820 2.564840 -0.730503
v -1.638795 2.408788 -0.662126
v -1.638820 2.272799 -0.558233
v -1.638857 2.168018 -0.423522
v -1.638818 2.106236 -0.263439
v -1.638792 2.086168 -0.091155
v -1.638818 2.106236 0.081098
v -1.638857 2.168018 0.241135
v -1.638795 3.054077 0.479728
v -1.638820 3.190044 0.375829
v -1.638857 3.294794 0.241135
v -1.638818 3.356610 0.081101
v -1.638792 3.376672 -0.091155
v -1.638818 3.356610 -0.263442
v -1.638857 3.294794 -0.423522
v -1.638820 3.190044 -0.558233
v -1.638795 3.054049 -0.662123
v -1.884691 2.991306 -0.355617
v -1.909105 3.087879 -0.301439
v -1.909105 3.021680 -0.386502
v -1.909105 3.129661 -0.326103
v -1.909105 2.935475 -0.452300
v -1.909105 3.055679 -0.421147
v -1.814049 3.176894 -0.353973
v -1.814049 3.094145 -0.460288
v -1.909105 2.959386 -0.494666
v -1.909105 2.836625 -0.495638
v -1.909105 2.848933 -0.543085
v -1.814049 2.986473 -0.542531
v -1.819286 3.130363 -0.497538
v -1.638820 3.190044 -0.558233
v -1.909105 2.731398 -0.561023
v -1.638795 3.054049 -0.662123
v -1.638820 2.897992 -0.730500
v -1.819286 2.876356 -0.647374
v -1.819264 3.012099 -0.587902
v -1.814049 2.862897 -0.596696
v -1.814049 2.731398 -0.616764
v -1.819320 2.731398 -0.669434
v -1.819286 2.586473 -0.647374
v -1.814049 2.599929 -0.596696
v -1.819264 2.450750 -0.587902
v -1.814049 2.476382 -0.542531
v -1.638820 2.272799 -0.558233
v -1.638795 2.408788 -0.662126
v -1.638820 2.564840 -0.730503
v -1.638857 2.731398 -0.755853
v 1.894142 2.431630 0.085668
v 1.894142 2.487309 0.157180
v 1.918554 2.471537 0.173234
v 1.894142 2.731426 -0.091189
v 1.894142 2.819879 0.248963
v 1.894142 2.731398 0.262481
v 1.918554 2.731398 0.285319
v 1.894142 2.642917 0.248963
v 1.894142 2.559774 0.212504
v 1.918554 2.548678 0.232129
v 1.942969 2.527324 0.269913
v 1.942969 2.441166 0.204132
v 1.942969 2.407164 0.238751
v 1.918554 2.637185 0.270939
v 1.942969 2.626170 0.313246
v 1.942969 2.503454 0.312279
v 1.847912 2.476384 0.360142
v 1.847910 2.368684 0.277893
v 1.942969 2.613891 0.360718
v 1.942969 2.731398 0.329304
v 1.847912 2.599932 0.414329
v 1.942969 2.731426 0.378667
v 1.847912 2.731426 0.434408
v 1.942969 2.848960 0.360718
v 1.942969 2.836625 0.313246
v 1.918554 2.825611 0.270939
v 1.894142 2.903049 0.212504
v 1.894142 2.975515 0.157180
v 1.847912 2.862897 0.414329
v 1.853150 2.876356 0.465004
v 1.942969 2.959414 0.312279
v 1.942969 2.935475 0.269913
v 1.918554 2.914148 0.232129
v 1.918554 2.991306 0.173234
v 1.942969 3.021680 0.204132
v 1.942969 3.055679 0.238754
v 1.847912 2.986473 0.360145
v 1.853127 3.012099 0.405506
v 1.853150 3.130392 0.315140
v 1.847912 3.094145 0.277896
v 1.853184 3.221542 0.197925
v 1.672684 2.897992 0.548130
v 1.672720 2.731426 0.573500
v 1.672659 3.054077 0.479728
v 1.672684 3.190044 0.375829
v 1.672720 3.294794 0.241135
v 1.672681 3.356610 0.081101
v 1.853150 3.275350 0.058667
v 1.672656 3.376672 -0.091155
v 1.942969 3.087879 0.119098
v 1.942969 3.129661 0.143723
v 1.847912 3.176922 0.171591
v 1.847912 3.225645 0.045236
v 1.853125 3.292799 -0.091155
v 1.847912 3.241520 -0.091158
v 1.847912 3.225645 -0.227580
v 1.942969 3.187431 -0.091158
v 1.942969 3.173242 0.030769
v 1.942969 3.126879 0.017998
v 1.942969 3.139580 -0.091149
v 1.894142 3.031205 0.085668
v 1.918554 3.050593 0.097097
v 1.918554 3.085491 0.006574
v 1.918554 3.096871 -0.091156
v 1.942969 3.126879 -0.200308
v 1.894142 3.063996 0.000640
v 1.894142 3.074673 -0.091158
v 1.894142 3.063996 -0.182986
v 1.918554 3.085491 -0.188902
v 1.894142 3.031205 -0.268050
v 1.918554 3.050593 -0.279461
v 1.942969 3.087879 -0.301439
v 1.942969 3.173242 -0.213112
v 1.942969 3.129661 -0.326103
v 1.942969 3.021680 -0.386502
v 1.942969 3.055679 -0.421147
v 1.942969 2.935475 -0.452300
v 1.918554 2.914148 -0.414519
v 1.918554 2.825611 -0.453331
v 1.942969 2.836625 -0.495638
v 1.942969 2.959386 -0.494666
v 1.942969 2.848933 -0.543085
v 1.847912 3.176894 -0.353973
v 1.847912 3.094145 -0.460288
v 1.847912 2.986473 -0.542531
v 1.847912 2.862897 -0.596696
v 1.853150 3.275350 -0.241011
v 1.853184 3.221542 -0.380310
v 1.853150 3.130363 -0.497538
v 1.853127 3.012099 -0.587902
v 1.853150 2.876356 -0.647374
v 1.672659 3.054049 -0.662123
v 1.672684 2.897992 -0.730500
v 1.672681 3.356610 -0.263442
v 1.672720 3.294794 -0.423522
v 1.672684 3.190044 -0.558233
v 1.847912 2.731398 -0.616764
v 1.853184 2.731398 -0.669434
v 1.672720 2.731398 -0.755853
v 1.853150 2.586473 -0.647374
v 1.672684 2.564840 -0.730503
v 1.853127 2.450750 -0.587902
v 1.672659 2.408788 -0.662126
v 1.853150 2.332451 -0.497538
v 1.847912 2.599929 -0.596696
v 1.847912 2.476382 -0.542531
v 1.847912 2.368679 -0.460291
v 1.847912 2.285913 -0.353973
v 1.942969 2.407159 -0.421147
v 1.942969 2.333157 -0.326103
v 1.942969 2.374967 -0.301439
v 1.942969 2.289585 -0.213112
v 1.847912 2.237187 -0.227580
v 1.853150 2.187496 -0.241008
v 1.853125 2.170047 -0.091155
v 1.853181 2.241262 -0.380310
v 1.942969 2.335981 -0.200308
v 1.942969 2.275415 -0.091158
v 1.847912 2.221323 -0.091158
v 1.847910 2.237187 0.045236
v 1.853150 2.187496 0.058667
v 1.847910 2.285915 0.171591
v 1.853184 2.241267 0.197925
v 1.853150 2.332460 0.315140
v 1.942969 2.289591 0.030769
v 1.942969 2.333159 0.143721
v 1.918554 2.412262 -0.279461
v 1.894142 2.431635 -0.268050
v 1.918554 2.471537 -0.355617
v 1.918554 2.377350 -0.188902
v 1.942969 2.323288 -0.091149
v 1.942969 2.335981 0.017998
v 1.942969 2.374967 0.119098
v 1.918554 2.365978 -0.091156
v 1.918554 2.377350 0.006574
v 1.894142 2.388139 -0.091158
v 1.894142 2.398828 0.000640
v 1.918554 2.412262 0.097098
v 1.894142 2.398831 -0.182986
v 1.894142 2.487309 -0.339576
v 1.894142 2.559771 -0.394898
v 1.894142 2.819879 -0.431361
v 1.894142 2.731398 -0.444876
v 1.894142 2.642917 -0.431364
v 1.918554 2.548678 -0.414519
v 1.894142 2.903049 -0.394898
v 1.918554 2.731398 -0.467717
v 1.918554 2.637185 -0.453331
v 1.942969 2.527324 -0.452300
v 1.942969 2.441166 -0.386500
v 1.942969 2.503449 -0.494666
v 1.942969 2.626170 -0.495638
v 1.942969 2.731398 -0.511697
v 1.942969 2.613891 -0.543085
v 1.942969 2.731398 -0.561023
v -0.045929 0.651245 -1.569691
v -0.051366 0.626550 -1.505973
v -0.077987 0.652150 -1.499746
v -0.069110 0.673533 -1.564271
v -0.053606 0.686166 -1.570098
v -0.083056 0.702311 -1.557870
v -0.035207 0.668467 -1.574400
v -0.016314 0.638129 -1.573481
v -0.017365 0.611492 -1.510325
v 0.019935 0.608781 -1.512281
v 0.016168 0.635766 -1.575184
v 0.014085 0.656182 -1.578764
v -0.011695 0.658056 -1.577412
v -0.005741 0.673131 -1.565704
v -0.023417 0.680973 -1.563439
v -0.037239 0.694297 -1.560199
v -0.045550 0.711479 -1.556381
v -0.064677 0.709007 -1.565018
v -0.047348 0.730457 -1.552433
v -0.067071 0.734247 -1.559775
v -0.042406 0.748951 -1.548848
v 0.013650 0.671715 -1.566724
v -0.001273 0.818851 -1.537145
v -0.000093 0.819011 -1.468602
v 0.037199 0.816294 -1.470558
v -0.036188 0.809042 -1.469285
v -0.032704 0.810169 -1.537741
v -0.024707 0.794627 -1.549036
v -0.059296 0.791500 -1.540550
v -0.045817 0.779803 -1.551273
v -0.077832 0.765082 -1.545248
v -0.060529 0.758833 -1.555001
v -0.086085 0.734110 -1.551261
v -0.066716 0.787592 -1.472514
v -0.088004 0.757254 -1.477908
v -0.097478 0.721696 -1.484812
v -0.093997 0.685199 -1.492399
v 0.100973 0.720510 -1.561068
v 0.097944 0.752306 -1.554459
v 0.113826 0.742590 -1.488487
v 0.117307 0.706079 -1.496071
v 0.092724 0.689537 -1.567078
v 0.107835 0.670512 -1.502975
v 0.086551 0.640183 -1.508370
v 0.056019 0.618747 -1.511604
v 0.047601 0.644451 -1.574594
v 0.074187 0.663120 -1.571779
v 0.060144 0.677899 -1.576058
v 0.074862 0.698872 -1.572332
v 0.081406 0.723449 -1.567558
v 0.079003 0.748690 -1.562312
v 0.083996 0.781073 -1.548064
v 0.097815 0.775636 -1.481137
v 0.071201 0.801225 -1.474916
v 0.060824 0.803380 -1.542641
v 0.031208 0.816491 -1.538848
v 0.067936 0.771536 -1.557235
v 0.054210 0.758434 -1.550542
v 0.062527 0.741255 -1.554358
v 0.064325 0.722277 -1.558306
v 0.059382 0.703783 -1.561894
v 0.026024 0.799646 -1.549924
v 0.000239 0.801514 -1.548564
v 0.049534 0.789232 -1.552928
v 0.040380 0.771753 -1.547300
v 0.022712 0.779595 -1.545035
v 0.003313 0.781022 -1.544015
v -0.015451 0.775863 -1.544363
v -0.031335 0.764720 -1.546041
v 0.062527 0.741255 -1.554358
v 0.064325 0.722277 -1.558306
v 0.004956 0.724879 -1.554431
v 0.059382 0.703783 -1.561894
v 0.048301 0.688017 -1.564698
v 0.032422 0.676885 -1.566373
v 0.013650 0.671715 -1.566724
v -0.005741 0.673131 -1.565704
v -0.023417 0.680973 -1.563439
v -0.037239 0.694297 -1.560199
v -0.045550 0.711479 -1.556381
v -0.047348 0.730457 -1.552433
v -0.042406 0.748951 -1.548848
v -0.031335 0.764720 -1.546041
v -0.015451 0.775863 -1.544363
v 0.003313 0.781022 -1.544015
v 0.022712 0.779595 -1.545035
v 0.040380 0.771753 -1.547300
v 0.054210 0.758434 -1.550542
v 0.168547 0.800598 -1.367693
v 0.196724 0.742452 -1.380624
v 0.192127 0.764236 -1.487113
v 0.166931 0.706930 -1.520544
v 0.161814 0.760578 -1.509398
v 0.198227 0.700226 -1.500418
v 0.202843 0.678205 -1.393971
v 0.186164 0.615622 -1.406129
v 0.164045 0.822178 -1.474233
v 0.138285 0.809135 -1.498603
v 0.116028 0.792214 -1.495444
v 0.135470 0.752090 -1.504368
v 0.139695 0.707768 -1.513582
v 0.153000 0.654676 -1.530696
v 0.181612 0.637859 -1.512523
v 0.144292 0.584681 -1.521978
v 0.148712 0.562241 -1.415617
v 0.094983 0.524503 -1.421304
v 0.113826 0.742590 -1.488487
v 0.097815 0.775636 -1.481137
v 0.117307 0.706079 -1.496071
v 0.128195 0.664575 -1.521963
v 0.121724 0.610096 -1.538620
v 0.090751 0.547077 -1.527645
v 0.102347 0.627747 -1.528513
v 0.086551 0.640183 -1.508370
v 0.107835 0.670512 -1.502975
v 0.056019 0.618747 -1.511604
v -0.097428 0.642265 -1.518038
v -0.065115 0.611188 -1.525602
v -0.080954 0.590056 -1.535094
v -0.051366 0.626550 -1.505973
v -0.023816 0.592891 -1.530885
v -0.017365 0.611492 -1.510325
v 0.021470 0.589595 -1.533267
v 0.019935 0.608781 -1.512281
v 0.065277 0.601705 -1.532433
v 0.076862 0.578586 -1.543366
v 0.023824 0.563944 -1.544366
v -0.030976 0.567917 -1.541494
v 0.027469 0.529594 -1.528839
v -0.037930 0.534348 -1.525408
v -0.097563 0.560763 -1.517777
v 0.031473 0.506972 -1.422490
v -0.034156 0.511732 -1.419057
v -0.094005 0.538246 -1.411394
v -0.144231 0.605642 -1.506861
v -0.120064 0.627671 -1.525948
v -0.140842 0.583293 -1.400442
v -0.171375 0.638489 -1.387247
v -0.172304 0.663583 -1.493972
v -0.175142 0.705680 -1.374164
v -0.143593 0.676233 -1.515144
v -0.178401 0.727599 -1.480676
v -0.158468 0.768269 -1.362020
v -0.161787 0.789958 -1.468566
v -0.121008 0.821649 -1.352517
v -0.124458 0.843145 -1.459105
v -0.067287 0.859385 -1.346830
v -0.070926 0.880751 -1.453443
v 0.037199 0.816294 -1.470558
v -0.000093 0.819011 -1.468602
v -0.002855 0.844853 -1.480232
v -0.046680 0.832762 -1.481052
v -0.058633 0.858216 -1.481179
v -0.103497 0.826716 -1.485927
v -0.134776 0.782135 -1.493851
v -0.148704 0.729875 -1.504003
v -0.116863 0.682398 -1.509117
v -0.077987 0.652150 -1.499746
v -0.093997 0.685199 -1.492399
v -0.097478 0.721696 -1.484812
v -0.121086 0.726706 -1.499912
v -0.109591 0.769901 -1.491527
v -0.083741 0.806721 -1.484981
v -0.036188 0.809042 -1.469285
v -0.088004 0.757254 -1.477908
v -0.066716 0.787592 -1.472514
v 0.099175 0.846752 -1.489451
v 0.049211 0.868885 -1.483050
v 0.057753 0.893477 -1.455677
v 0.117383 0.867067 -1.463314
v 0.083721 0.823274 -1.487892
v 0.042425 0.841566 -1.482606
v -0.005600 0.872864 -1.480181
v -0.007648 0.898223 -1.452252
v 0.061864 0.872156 -1.349078
v 0.121707 0.845651 -1.356738
v -0.003774 0.876921 -1.345633
v 0.071201 0.801225 -1.474916
v 0.039031 0.663080 -1.578295
v 0.048301 0.688017 -1.564698
v 0.032422 0.676885 -1.566373
v 0.013650 0.671715 -1.566724
v 0.014085 0.656182 -1.578764
v 0.016168 0.635766 -1.575184
v 0.019935 0.608781 -1.512281
v -0.333568 4.417316 2.582862
v 0.016932 4.417316 2.612309
v 0.016932 4.417850 2.487269
v -0.324646 4.417963 2.458091
v 0.367431 4.417316 2.582862
v 0.016932 4.343783 2.612289
v -0.393302 4.344823 2.574991
v -0.385757 4.346172 2.456546
v -0.366010 4.395821 2.359436
v 0.016932 4.417120 2.391642
v 0.358510 4.417963 2.458091
v 0.427165 4.344823 2.574991
v 0.016932 3.339133 2.612041
v -0.393302 3.339161 2.574991
v -0.385760 3.339695 2.456560
v 0.399873 4.395821 2.359436
v 0.419621 4.346593 2.456543
v 0.427165 3.339161 2.574991
v 0.016932 3.338852 2.487038
v -0.385760 3.339695 2.456560
v 0.419624 3.340117 2.456552
v 0.419624 3.340117 2.456552
v -0.430335 3.342786 2.580220
v -0.430335 4.348476 2.580223
v -0.798890 3.342786 2.449760
v -0.798989 4.347829 2.449985
v -1.137192 4.348476 2.251657
v -1.088942 4.420969 2.282762
v -1.030318 4.421615 2.172437
v -0.747948 4.421474 2.335862
v -0.713536 4.420604 2.247046
v -1.029495 4.398996 2.055274
v -1.081280 4.349459 2.139121
v -0.441754 4.421587 2.446015
v -0.366010 4.395821 2.359436
v -0.485011 4.420969 2.563482
v -0.798997 4.420969 2.450002
v -0.747855 3.342505 2.335654
v -0.385760 3.339695 2.456560
v -1.137192 3.342786 2.251657
v -1.081302 3.343011 2.139113
v -1.180317 3.345792 2.216563
v -1.180320 4.351454 2.216565
v -1.446882 3.345792 1.910366
v -1.447084 4.357440 1.910512
v -1.653156 3.345792 1.561007
v -1.548060 3.345062 1.493125
v -1.345175 3.345483 1.837555
v -1.081302 3.343011 2.139113
v -1.653153 4.351454 1.561007
v -1.625131 4.423976 1.613320
v -1.518470 4.424622 1.547764
v -1.345357 4.424481 1.837687
v -1.284067 4.423470 1.771285
v -1.124767 4.424594 2.093613
v -1.029495 4.398996 2.055274
v -1.221147 4.423976 2.173418
v -1.447098 4.423976 1.910520
v -1.474612 4.400963 1.440879
v -1.548055 4.351567 1.493122
v -1.548060 3.345062 1.493125
v -1.671133 4.351736 1.519826
v -1.671130 3.346916 1.519826
v -1.782200 3.346916 1.129043
v -1.658725 3.346635 1.108559
v -1.817999 3.346045 0.736812
v -1.699993 3.344697 0.713724
v -1.548060 3.345062 1.493125
v -1.699549 4.350667 0.712639
v -1.699993 3.344697 0.713724
v -1.817387 4.351707 0.740338
v -1.817005 4.425099 0.785194
v -1.692131 4.425746 0.773373
v -1.782447 4.357299 1.129085
v -1.621408 4.400120 0.701063
v -1.583548 4.424538 1.074999
v -1.658950 4.425633 1.108596
v -1.782464 4.425099 1.129088
v -1.689748 4.425128 1.463327
v -1.568120 4.425746 1.434251
v -1.474612 4.400963 1.440879
v 0.419624 3.340117 2.456552
v 0.359980 3.340622 2.190698
v 0.717737 3.342111 2.161223
v 0.781719 3.342505 2.335654
v 1.058955 3.343179 2.048153
v 1.115166 3.343011 2.139113
v 1.379038 3.345483 1.837555
v 1.288633 3.344444 1.700922
v 1.581924 3.345062 1.493125
v 1.363610 3.344781 1.338430
v 1.692589 3.346635 1.108559
v 1.315638 3.345315 0.958596
v 1.733856 3.344697 0.713724
v 1.346270 3.344078 0.636979
v 1.574590 3.343039 0.334938
v 1.746815 3.343685 0.327169
v 1.646471 3.340088 -0.050660
v 1.693328 3.335396 -0.060930
v 1.864384 4.422177 0.660118
v 1.871875 4.422149 0.317702
v 1.747040 4.422683 0.327152
v 1.820573 4.422177 -0.020263
v 1.871858 4.356680 0.317702
v 1.696559 4.422795 -0.002179
v 1.614181 4.395175 -0.041534
v 1.669200 4.421728 0.328708
v 1.693212 4.341845 -0.064394
v 1.809724 4.348813 -0.072295
v 1.810345 3.343151 -0.069078
v 1.871611 3.343966 0.317725
v 1.859927 4.348785 0.710829
v 1.739257 4.422795 0.660888
v 1.693328 3.335396 -0.060930
v 1.655272 4.400120 0.701063
v 1.733413 4.350667 0.712639
v 1.860208 3.343123 0.716578
v 1.746815 3.343685 0.327169
v 1.693328 3.335396 -0.060930
v 1.733856 3.344697 0.713724
v 1.733856 3.344697 0.713724
v 1.725995 4.425746 0.773373
v 1.655272 4.400120 0.701063
v 1.617412 4.424538 1.074999
v 1.733413 4.350667 0.712639
v 1.851863 3.346045 0.736812
v 1.733856 3.344697 0.713724
v 1.851251 4.351707 0.740338
v 1.850868 4.425099 0.785194
v 1.692813 4.425633 1.108596
v 1.601983 4.425746 1.434251
v 1.508475 4.400963 1.440879
v 1.581918 4.351567 1.493122
v 1.687019 3.345792 1.561007
v 1.581924 3.345062 1.493125
v 1.704997 4.351736 1.519826
v 1.723612 4.425128 1.463327
v 1.816327 4.425099 1.129088
v 1.816311 4.357299 1.129085
v 1.816063 3.346916 1.129043
v 1.692589 3.346635 1.108559
v 1.733856 3.344697 0.713724
v 1.704994 3.346916 1.519826
v 1.581924 3.345062 1.493125
v 1.610399 4.415293 -0.444823
v 1.682813 4.415406 -0.119031
v 1.804369 4.414788 -0.148742
v 1.729594 4.414788 -0.482890
v 1.729580 4.349319 -0.482885
v 1.621065 4.414788 -0.763970
v 1.598361 4.341395 -0.812701
v 1.504738 4.415406 -0.717710
v 1.484131 4.341788 -0.765148
v 1.419975 4.392815 -0.715335
v 1.538709 4.414675 -0.408529
v 1.489461 3.335480 -0.769607
v 1.594801 3.339920 -0.836211
v 1.598412 3.335733 -0.812622
v 1.729341 3.336576 -0.482809
v 1.813006 4.341339 -0.097713
v 1.610182 3.336295 -0.444753
v 1.489461 3.335480 -0.769607
v 1.812964 3.335649 -0.094038
v 1.614181 4.395175 -0.041534
v 1.693328 3.335396 -0.060930
v 1.060824 3.333822 -1.353790
v 1.126762 3.334244 -1.460010
v 1.126762 4.339906 -1.460010
v 0.805513 3.335115 -1.663736
v 0.746369 3.334806 -1.553897
v 0.449202 3.334244 -1.802350
v 0.400980 3.337841 -1.686318
v 1.060824 3.333822 -1.353790
v 1.081156 4.413298 -1.491848
v 0.805631 4.345807 -1.663952
v 0.449205 4.339906 -1.802350
v 0.400980 3.337841 -1.686318
v 0.400944 4.344346 -1.686321
v 0.450590 4.413045 -1.670985
v 0.380960 4.392140 -1.592223
v 0.713657 4.413270 -1.467900
v 0.746478 4.413804 -1.554099
v 0.805639 4.413298 -1.663966
v 0.502257 4.412427 -1.784338
v 1.008131 4.392112 -1.276487
v 1.014754 4.413916 -1.385935
v 1.060768 4.340299 -1.353830
v 1.149313 3.338177 -1.437854
v 1.149316 4.343868 -1.437857
v 1.389513 3.339049 -1.178396
v 1.389710 4.350387 -1.178548
v 1.590469 4.342828 -0.842699
v 1.233346 4.417035 -1.036955
v 1.419975 4.392815 -0.715335
v 1.465477 4.417879 -0.815331
v 1.290473 3.338768 -1.102716
v 1.060824 3.333822 -1.353790
v 1.489461 3.335480 -0.769607
v 1.568923 4.417232 -0.884748
v 1.290653 4.417738 -1.102854
v 1.091976 4.417879 -1.319901
v 1.008131 4.392112 -1.276487
v 1.186251 4.417232 -1.401574
v 1.389724 4.417232 -1.178559
v 1.508475 4.400963 1.440879
v 1.552334 4.424622 1.547764
v 1.317930 4.423470 1.771285
v 1.687017 4.351454 1.561007
v 1.480745 3.345792 1.910366
v 1.379038 3.345483 1.837555
v 1.214181 3.345792 2.216563
v 1.115166 3.343011 2.139113
v 1.581924 3.345062 1.493125
v 1.480947 4.357440 1.910512
v 1.658995 4.423976 1.613320
v 1.379221 4.424481 1.837687
v 1.158631 4.424594 2.093613
v 1.063358 4.398996 2.055274
v 1.115143 4.349459 2.139121
v 1.214184 4.351454 2.216565
v 1.255010 4.423976 2.173418
v 1.480962 4.423976 1.910520
v 0.518875 4.420969 2.563482
v 0.464198 4.348476 2.580223
v 0.832852 4.347829 2.449985
v 0.832754 3.342786 2.449760
v 1.171056 4.348476 2.251657
v 1.171056 3.342786 2.251657
v 1.115166 3.343011 2.139113
v 1.122805 4.420969 2.282762
v 0.832860 4.420969 2.450002
v 1.064181 4.421615 2.172437
v 1.063358 4.398996 2.055274
v 0.747400 4.420604 2.247046
v 0.781812 4.421474 2.335862
v 0.475618 4.421587 2.446015
v 0.399873 4.395821 2.359436
v 0.419621 4.346593 2.456543
v 0.464198 3.342786 2.580220
v 0.781719 3.342505 2.335654
v 1.115166 3.343011 2.139113
v 0.419624 3.340117 2.456552
v 0.419624 3.340117 2.456552
v 0.410520 3.338290 -1.811203
v 0.400980 3.337841 -1.686318
v 0.016932 3.338852 -1.721649
v 0.016932 4.417120 -1.628132
v 0.380960 4.392140 -1.592223
v 0.344211 4.417092 -1.694079
v 0.400944 4.344346 -1.686321
v 0.410520 4.343952 -1.811203
v 0.400980 3.337841 -1.686318
v 0.016932 3.339133 -1.846624
v -0.376400 3.338290 -1.807975
v -0.366049 3.337841 -1.686248
v -0.376400 4.343952 -1.807975
v 0.016932 4.349319 -1.846871
v -0.366049 4.344346 -1.686248
v -0.366049 3.337841 -1.686248
v -0.311016 4.417092 -1.691387
v -0.319077 4.416445 -1.816075
v -0.347097 4.392140 -1.592223
v 0.016932 4.417850 -1.721882
v 0.353258 4.416445 -1.818835
v 0.016932 4.417316 -1.846888
v -1.455469 3.335480 -0.755909
v -1.564419 3.335733 -0.798925
v -1.564369 4.341423 -0.799003
v -1.587072 4.414788 -0.750273
v -1.695716 4.349319 -0.482885
v -1.695730 4.414788 -0.482890
v -1.695477 3.336576 -0.482809
v -1.576319 3.336295 -0.444753
v -1.455469 3.335480 -0.755909
v -1.659464 3.335396 -0.060930
v -1.779100 3.335649 -0.094038
v -1.779143 4.341339 -0.097713
v -1.770505 4.414788 -0.148742
v -1.576535 4.415293 -0.444823
v -1.470746 4.415406 -0.704012
v -1.450138 4.341788 -0.751450
v -1.560809 3.339920 -0.822513
v -1.659464 3.335396 -0.060930
v -1.385982 4.392843 -0.701637
v -1.504845 4.414675 -0.408529
v -1.648950 4.415406 -0.119031
v -1.659349 4.341845 -0.064394
v -1.776482 3.343151 -0.069078
v -1.580317 4.395175 -0.041534
v -1.659464 3.335396 -0.060930
v -1.712952 3.343685 0.327169
v -1.699993 3.344697 0.713724
v -1.826345 3.343123 0.716578
v -1.837747 3.343966 0.317725
v -1.775861 4.348813 -0.072295
v -1.662695 4.422795 -0.002179
v -1.580317 4.395175 -0.041534
v -1.635336 4.421728 0.328708
v -1.713176 4.422683 0.327152
v -1.786709 4.422177 -0.020263
v -1.837994 4.356680 0.317702
v -1.826064 4.348785 0.710829
v -1.699549 4.350667 0.712639
v -1.699993 3.344697 0.713724
v -1.838011 4.422149 0.317702
v -1.830520 4.422177 0.660118
v -1.705393 4.422795 0.660888
v -1.621408 4.400120 0.701063
v -1.115450 3.338177 -1.437854
v -1.026960 3.333822 -1.353790
v -1.256609 3.338768 -1.102716
v -1.355650 3.339049 -1.178396
v -1.556476 4.342828 -0.829001
v -1.431484 4.417879 -0.801633
v -1.385982 4.392843 -0.701637
v -1.199483 4.417035 -1.036955
v -1.455469 3.335480 -0.755909
v -1.355846 4.350387 -1.178548
v -1.534930 4.417232 -0.871050
v -1.256789 4.417738 -1.102854
v -1.058113 4.417879 -1.319901
v -0.974268 4.392112 -1.276487
v -1.026904 4.340299 -1.353830
v -1.115453 4.343868 -1.437857
v -1.152388 4.417232 -1.401574
v -1.355860 4.417232 -1.178559
v -0.468394 4.412427 -1.784338
v -0.415342 4.339906 -1.802350
v -0.771767 4.345807 -1.663952
v -0.771649 3.335115 -1.663736
v -1.092898 4.339906 -1.460010
v -1.092898 3.334244 -1.460010
v -1.026960 3.333822 -1.353790
v -1.047292 4.413298 -1.491848
v -0.771775 4.413298 -1.663966
v -0.980890 4.413916 -1.385935
v -0.974268 4.392112 -1.276487
v -0.679793 4.413270 -1.467900
v -0.712615 4.413804 -1.554099
v -0.416727 4.413045 -1.670985
v -0.347097 4.392140 -1.592223
v -0.366049 4.344346 -1.686248
v -0.366049 3.337841 -1.686248
v -0.415339 3.334244 -1.802350
v -0.712505 3.334806 -1.553897
v -1.026960 3.333822 -1.353790
v -0.366049 3.337841 -1.686248
v 1.132598 2.170834 1.256687
v 1.166956 2.504716 1.326564
v 1.021396 2.262088 1.584778
v 1.014037 1.968240 1.528722
v 0.808474 2.004889 1.812916
v 0.825766 1.766976 1.768608
v 0.836331 1.640984 1.709618
v 0.723255 1.675851 1.884296
v 0.684929 1.900872 1.913111
v 0.694505 2.274052 1.938711
v 0.788884 2.351325 1.854377
v 0.995439 2.566779 1.639443
v 1.201995 2.782228 1.424509
v 1.297073 2.841037 0.991817
v 0.575150 2.176332 2.026515
v 0.589322 1.799884 2.007937
v 0.598053 1.626468 1.959653
v 0.723415 1.567777 1.808167
v 0.557563 1.501881 1.905561
v 0.526880 1.455727 1.861393
v 0.830337 1.244929 1.518818
v 0.764571 1.199013 1.632309
v 0.768153 1.140589 1.597990
v 0.707616 1.313426 1.618974
v 0.513381 1.223807 1.839797
v 0.520448 1.346023 1.853119
v 0.697894 1.404731 1.645987
v 0.690934 1.502516 1.694954
v 0.829868 1.453662 1.504300
v 0.817224 1.548291 1.608810
v 0.834673 1.362671 1.477912
v 1.199907 2.354663 1.024695
v 1.118122 2.116913 1.237030
v 0.970938 1.864875 1.469989
v 0.692108 1.100431 1.714125
v 0.705972 1.046651 1.681548
v 0.568881 1.132781 1.871337
v 0.448806 1.209685 1.896041
v 0.493960 1.107270 1.953864
v 0.369673 1.195372 1.943092
v 0.418528 1.081653 1.990738
v 0.513188 0.998575 1.953061
v 0.443307 0.980210 1.980412
v 0.598218 1.035103 1.859070
v 0.579280 0.909743 1.861798
v 0.511620 0.884311 1.907005
v 0.484098 0.841136 1.858606
v 0.524629 0.710257 1.715974
v 0.443341 0.863690 1.918632
v 0.455342 0.843555 1.846178
v 0.463934 0.752489 1.698525
v 0.653139 0.962281 1.583334
v 0.887790 0.298273 1.013475
v 0.811202 0.245255 0.966048
v 1.126115 0.307495 0.657345
v 0.762966 0.788286 0.895423
v 0.746433 1.078439 0.860438
v 1.402354 0.349628 0.434172
v 1.344022 0.364998 0.352648
v 1.386827 0.390882 0.118365
v 1.259194 0.377670 0.682088
v 0.850987 0.695817 0.967785
v 0.820121 1.029227 0.929464
v 1.139906 1.154840 0.608814
v 1.214237 1.120369 0.663136
v 1.345627 1.173902 0.499186
v 1.427898 0.974945 0.345160
v 1.412068 1.384683 0.350086
v 1.245901 1.205774 0.442874
v 1.314123 1.419458 0.311788
v 1.259158 1.293477 0.447547
v 1.468905 1.424010 0.397572
v 1.349999 1.303651 0.724272
v 1.173214 1.270447 0.679340
v 1.417803 1.312901 0.520678
v 1.556138 1.591877 0.211589
v 1.408297 1.604703 0.106682
v 1.384363 1.476238 0.092366
v 1.471568 1.436659 0.103636
v 1.488172 0.992090 0.095397
v 1.515270 1.041998 -0.182613
v 1.510616 0.801076 -0.176009
v 1.497295 0.626232 0.087130
v 1.446842 0.727515 -0.179585
v 1.390323 1.558139 -0.041474
v 1.393366 1.625912 -0.041407
v 1.499138 1.522114 -0.106086
v 1.505514 1.484876 -0.160057
v 1.454257 1.058492 -0.530491
v 1.460748 0.792787 -0.516257
v 1.630031 1.638955 -0.120307
v 1.413697 1.654139 -0.091467
v 1.681366 1.631428 -0.086918
v 1.682147 1.562590 -0.085029
v 1.655111 1.560738 -0.354029
v 1.432377 1.526214 -0.516173
v 1.658270 1.629550 -0.357598
v 1.600033 1.653667 -0.341953
v 1.641863 2.120667 -0.122071
v 1.516776 2.120647 -0.103999
v 1.494941 1.919515 0.072972
v 1.451352 2.262102 0.460112
v 1.451602 2.454029 0.528970
v 1.588670 2.378412 0.642357
v 1.543640 2.360083 0.402727
v 1.551266 2.241110 0.323201
v 1.621250 2.342494 0.294763
v 1.618856 2.209699 0.165539
v 1.678469 2.272726 0.145651
v 1.533862 2.085536 0.048080
v 1.688076 2.433937 0.272377
v 1.615409 2.469731 0.372991
v 1.545394 2.517332 0.478963
v 1.468039 2.905634 0.558675
v 1.572039 2.831933 0.662588
v 1.610059 2.635780 0.442942
v 1.497941 2.908725 0.468910
v 1.558372 2.754298 0.382719
v 1.674732 2.754213 0.406900
v 1.686972 2.601876 0.355863
v 1.557403 3.372514 0.370681
v 1.569122 3.587380 0.374492
v 1.503609 3.582575 0.462914
v 1.489068 3.582182 0.536848
v 1.590390 3.519074 0.639348
v 1.481392 3.529021 0.973491
v 1.443237 2.782452 0.979861
v 1.457663 2.003697 0.228614
v 1.607648 1.830778 0.176441
v 1.586105 1.903862 0.340513
v 1.513699 1.659736 0.433203
v 1.587072 1.999005 0.478022
v 1.404327 1.856258 0.845993
v 1.588145 2.177150 0.577650
v 1.363025 2.260374 1.013084
v 1.199907 2.354660 1.024692
v 1.297070 2.841037 0.991817
v 0.970935 1.864875 1.469989
v 1.103555 1.074437 1.087651
v 1.134511 1.458045 1.292568
v 1.123862 1.786920 1.475591
v 0.991663 1.573838 1.717955
v 0.701142 1.323314 1.882155
v 0.871900 1.334037 1.831730
v 0.845550 1.400022 1.939669
v 0.907796 1.287163 1.719068
v 1.020402 1.296146 1.473706
v 0.972494 0.947265 1.285387
v 0.906141 1.040391 1.081054
v 0.678894 0.838803 1.449199
v 0.839194 0.829745 1.506949
v 0.885230 1.063957 1.639187
v 0.752682 0.932036 1.805633
v 0.729246 0.753975 1.679671
v 0.705972 1.046651 1.681548
v 0.768153 1.140589 1.597990
v 0.830337 1.244929 1.518809
v 0.785667 1.244853 1.638937
v 0.742202 1.267216 1.761459
v 0.706927 0.911153 1.836914
v 0.678082 0.738285 1.705688
v 0.524629 0.710257 1.715977
v 0.579280 0.909749 1.861798
v 0.852307 2.753005 -1.609422
v 0.852060 2.483566 -1.604915
v 0.653220 2.483044 -1.685624
v 1.036974 2.753090 -1.505093
v 0.364773 2.107070 -1.483197
v 0.355371 2.452827 -1.569508
v 0.561297 2.452119 -1.508564
v 0.392691 2.483044 -1.750399
v 0.652394 2.752500 -1.691036
v 0.632032 2.810691 -1.614336
v 0.809896 2.810691 -1.534402
v 0.983641 2.810691 -1.418000
v 0.392714 2.752500 -1.757752
v 0.367198 2.810691 -1.681283
v 0.016932 2.752500 -1.787101
v 0.016932 2.483049 -1.777761
v 0.016932 2.452119 -1.591723
v 0.016932 2.107070 -1.509544
v 0.016932 1.653999 -1.344122
v 0.103320 1.653993 -1.342149
v 0.016932 2.810691 -1.717875
v 0.365169 3.372992 -1.682474
v 0.635535 3.372992 -1.617972
v 0.016932 3.372992 -1.721559
v 0.166038 1.658728 -1.409737
v 0.016932 1.628733 -1.482039
v 0.403692 2.084423 -1.533273
v 0.668233 2.085446 -1.468732
v 0.468469 1.557833 -1.414162
v 0.016932 1.558206 -1.439394
v 0.477725 1.628702 -1.452364
v 0.467295 1.665316 -1.385460
v 0.900276 1.653914 -1.252679
v 0.942030 2.089178 -1.339823
v 1.209202 2.087138 -1.147766
v 1.218761 2.459348 -1.198259
v 1.427828 2.456176 -0.943214
v 0.617269 2.452119 -1.555392
v 0.784270 2.450554 -1.474360
v 0.952899 2.455555 -1.367772
v 1.292816 2.483625 -1.294809
v 1.535604 2.484746 -1.032224
v 1.537565 2.754185 -1.032027
v 1.684353 2.753399 -0.756347
v 1.036193 2.483636 -1.501831
v 1.294364 2.753090 -1.296214
v 1.234470 2.810691 -1.229203
v 1.455137 2.810775 -0.975201
v 1.593793 2.810410 -0.722202
v 1.767729 2.753371 -0.524293
v 1.766431 2.483917 -0.526476
v 1.816527 2.483993 -0.338533
v 1.635471 2.089099 -0.411659
v 1.648531 2.464974 -0.461263
v 1.699074 2.461990 -0.211491
v 1.816850 2.753427 -0.335979
v 1.639390 2.810635 -0.451687
v 1.604211 3.372963 -0.704829
v 1.456617 3.372992 -0.981759
v 1.671892 2.810691 -0.203803
v 1.673490 3.372570 0.395012
v 1.671400 3.371952 -0.202497
v 1.649705 3.372963 -0.453677
v -1.081302 3.343011 2.139113
v 0.836331 1.640984 1.709618
v 0.661282 1.393588 2.000215
v -1.732567 2.483917 -0.526476
v -1.733865 2.753371 -0.524293
v -1.650490 2.753399 -0.756347
v -1.782663 2.483993 -0.338533
v -1.614667 2.464974 -0.461263
v -1.605527 2.810635 -0.451687
v -1.559929 2.810410 -0.722202
v -1.782986 2.753427 -0.335979
v -1.665210 2.461990 -0.211491
v -1.608000 2.120667 -0.122071
v -1.601607 2.089099 -0.411659
v -1.566170 1.653667 -0.341953
v -1.596167 1.638955 -0.120307
v -1.638028 2.810691 -0.203803
v -1.541592 2.465089 -0.672016
v -1.531918 2.084184 -0.666852
v -1.498981 1.653403 -0.586831
v -1.624406 1.629550 -0.357598
v -1.647503 1.631428 -0.086918
v -1.359502 1.625912 -0.041407
v -1.648284 1.562590 -0.085029
v -1.356459 1.558139 -0.041474
v -1.465275 1.522114 -0.106086
v -1.621248 1.560738 -0.354029
v -1.471650 1.484876 -0.160057
v -1.437705 1.436659 0.103636
v -1.398513 1.526214 -0.516173
v -1.541162 1.561705 -0.608214
v -1.551806 1.630829 -0.609756
v -1.418873 1.560724 -0.816930
v -1.304078 1.529206 -0.736822
v -1.420394 1.058492 -0.530491
v -1.481406 1.041998 -0.182613
v -1.454308 0.992090 0.095397
v -1.378204 1.384683 0.350086
v -1.394035 0.974945 0.345160
v -1.112238 0.804442 -1.050794
v -1.116860 1.101409 -1.040021
v -0.860487 1.083241 -1.219102
v -1.301280 0.798615 -0.811276
v -1.309855 1.079461 -0.788197
v -1.426884 0.792787 -0.516257
v -1.476753 0.801076 -0.176009
v -1.109636 1.521381 -1.006637
v -0.847486 1.536073 -1.183175
v -0.776892 1.526116 -1.141871
v -1.176628 1.558797 -1.084096
v -0.896548 1.557594 -1.298774
v -0.743172 1.525781 -1.221976
v -0.782585 1.074966 -1.157370
v -0.858666 0.809696 -1.225300
v -1.433588 1.632301 -0.828068
v -1.185268 1.629309 -1.104855
v -0.903918 1.628710 -1.321517
v -1.320142 1.657084 -0.840920
v -0.434606 1.557833 -1.414162
v -0.408160 1.526116 -1.309994
v -0.744829 1.043142 -1.264337
v -0.778525 0.741769 -1.153310
v -0.970786 0.728408 -0.993482
v -1.197488 0.730125 -0.761116
v -1.356217 0.731418 -0.522882
v -1.196162 0.491091 -0.842269
v -1.412979 0.727515 -0.179585
v -1.408668 0.493825 -0.527513
v -1.501749 0.499467 -0.571183
v -1.266320 0.495098 -0.961590
v -1.022726 0.712269 -1.119589
v -0.747662 0.720356 -1.284270
v -0.398390 1.056272 -1.362239
v -1.046941 0.124997 -1.177314
v -0.786499 0.236269 -1.373661
v -0.388977 0.704109 -1.396876
v -0.126802 1.041352 -1.355670
v -0.117771 1.526534 -1.318513
v 0.016932 1.558206 -1.439394
v 0.016932 1.527661 -1.229209
v -0.972121 0.085520 -1.073387
v -1.173672 0.081693 -0.879653
v -1.272448 0.127588 -0.962689
v -0.737077 0.174366 -1.259316
v -0.370688 0.239635 -1.475349
v 0.016932 0.703637 -1.412021
v 0.016932 1.038918 -1.363566
v -0.092432 1.061740 -1.236079
v 0.016932 0.238067 -1.520415
v 0.016932 0.178227 -1.419855
v -0.354720 0.177637 -1.364765
v -0.092176 1.527405 -1.227798
v 0.016932 1.062774 -1.239605
v -1.482912 2.120647 -0.103999
v -1.584993 2.209699 0.165539
v -1.499999 2.085536 0.048080
v -1.461077 1.919515 0.072972
v -1.379834 1.654139 -0.091467
v -1.374434 1.604703 0.106682
v -1.350499 1.476238 0.092366
v -1.280260 1.419458 0.311788
v -1.423799 2.003697 0.228614
v -1.527470 2.133471 0.190810
v -1.573784 1.830778 0.176441
v -1.522275 1.591877 0.211589
v -1.435041 1.424010 0.397572
v -1.225294 1.293477 0.447547
v -1.383939 1.312901 0.520678
v -1.316135 1.303651 0.724272
v -1.552242 1.903862 0.340513
v -1.479835 1.659736 0.433203
v -1.553208 1.999005 0.478022
v -1.414957 2.093586 0.361333
v -1.554281 2.177150 0.577650
v -1.370463 1.856258 0.845993
v -1.100648 1.458045 1.292568
v -1.089998 1.786920 1.475591
v -1.329162 2.260374 1.013084
v -1.554807 2.378412 0.642357
v -1.417488 2.262102 0.460112
v -1.517403 2.241110 0.323201
v -1.509777 2.360083 0.402727
v -1.417738 2.454029 0.528970
v -1.511530 2.517332 0.478963
v -1.576195 2.635780 0.442942
v -1.640869 2.754213 0.406900
v -1.653108 2.601876 0.355863
v -1.524509 2.754298 0.382719
v -1.581545 2.469731 0.372991
v -1.587387 2.342494 0.294763
v -1.644606 2.272726 0.145651
v -1.654213 2.433937 0.272377
v -1.538176 2.831933 0.662588
v -1.409374 2.782452 0.979861
v -1.447528 3.529021 0.973491
v -1.556526 3.519074 0.639348
v -1.434176 2.905634 0.558675
v -1.455204 3.582182 0.536848
v -1.464078 2.908725 0.468910
v -1.469745 3.582575 0.462914
v -1.523539 3.372514 0.370681
v -1.535259 3.587380 0.374492
v -1.639627 3.372570 0.395012
v -1.166043 2.354660 1.024692
v -1.263207 2.841037 0.991817
v -0.937071 1.864875 1.469989
v -0.957799 1.573838 1.717955
v -0.986538 1.296146 1.473706
v -0.938631 0.947265 1.285387
v -0.851366 1.063957 1.639187
v -0.805330 0.829745 1.506949
v -0.695382 0.753975 1.679671
v -1.069692 1.074437 1.087651
v -0.872277 1.040391 1.081054
v -0.645030 0.838803 1.449199
v -1.139350 1.270447 0.679340
v -0.644218 0.738285 1.705688
v -0.673064 0.911153 1.836914
v -0.490766 0.710257 1.715977
v -0.545417 0.909749 1.861798
v -0.718819 0.932036 1.805633
v -0.672108 1.046651 1.681548
v -0.734290 1.140589 1.597990
v -0.796474 1.244929 1.518809
v -0.751803 1.244853 1.638937
v -0.873932 1.287163 1.719068
v -0.708338 1.267216 1.761459
v -0.667278 1.323314 1.882155
v -0.838037 1.334037 1.831730
v -0.811686 1.400022 1.939669
v -0.627418 1.393588 2.000215
v -0.802467 1.640984 1.709618
v -0.321508 2.452827 -1.569508
v 0.016932 2.452119 -1.591723
v 0.016932 2.107070 -1.509544
v 0.016932 2.483049 -1.777761
v -0.358828 2.483044 -1.750399
v 0.016932 2.752500 -1.787101
v -0.527434 2.452119 -1.508564
v -0.619357 2.483044 -1.685624
v -0.583405 2.452119 -1.555392
v -1.258953 2.483625 -1.294809
v -1.002329 2.483636 -1.501831
v -0.919035 2.455555 -1.367772
v -0.750407 2.450554 -1.474360
v -0.818196 2.483566 -1.604915
v -0.369828 2.084423 -1.533273
v -0.330910 2.107070 -1.483197
v 0.016932 1.653999 -1.344122
v 0.016932 1.628733 -1.482039
v -0.132174 1.658728 -1.409737
v -0.069456 1.653993 -1.342149
v -0.634370 2.085446 -1.468732
v -0.908167 2.089178 -1.339823
v -1.184897 2.459348 -1.198259
v -1.501741 2.484746 -1.032224
v -0.443861 1.628702 -1.452364
v -0.433431 1.665316 -1.385460
v -0.866413 1.653914 -1.252679
v -1.175338 2.087138 -1.147766
v -1.393964 2.456176 -0.943214
v -1.146155 1.659079 -1.052418
v -1.378561 2.088928 -0.910067
v -1.648812 2.483948 -0.757480
v -1.003111 2.753090 -1.505093
v -1.260501 2.753090 -1.296214
v -1.503702 2.754185 -1.032027
v -0.818444 2.753005 -1.609422
v -0.776032 2.810691 -1.534402
v -0.598168 2.810691 -1.614336
v -0.949777 2.810691 -1.418000
v -1.200607 2.810691 -1.229203
v -1.421273 2.810775 -0.975201
v -0.618531 2.752500 -1.691036
v -0.358850 2.752500 -1.757752
v -0.333334 2.810691 -1.681283
v -0.601672 3.372992 -1.617972
v -0.779247 3.372992 -1.531278
v -0.965279 3.372992 -1.411883
v -1.208022 3.372992 -1.220077
v -0.331306 3.372992 -1.682474
v 0.016932 2.810691 -1.717875
v 0.016932 3.372992 -1.721559
v -0.802467 1.640984 1.709618
v -0.937074 1.864875 1.469989
v -0.783360 1.548291 1.608810
v -0.791902 1.766976 1.768608
v -0.980174 1.968240 1.528722
v -0.689392 1.675851 1.884296
v -0.651066 1.900872 1.913111
v -0.774611 2.004889 1.812916
v -0.987533 2.262088 1.584778
v -1.098734 2.170834 1.256687
v -1.133093 2.504716 1.326564
v -0.755020 2.351325 1.854377
v -0.961576 2.566779 1.639443
v -1.168131 2.782228 1.424509
v -1.263210 2.841037 0.991817
v -1.166043 2.354663 1.024695
v -1.084258 2.116913 1.237030
v -0.657070 1.502516 1.694954
v -0.689552 1.567777 1.808167
v -0.564189 1.626468 1.959653
v -0.555459 1.799884 2.007937
v -0.541286 2.176332 2.026515
v -0.660642 2.274052 1.938711
v -0.523700 1.501881 1.905561
v -0.493016 1.455727 1.861393
v -0.664030 1.404731 1.645987
v -0.486585 1.346023 1.853119
v -0.673752 1.313426 1.618974
v -0.479518 1.223807 1.839797
v -0.730707 1.199013 1.632309
v -0.535017 1.132781 1.871337
v -0.658245 1.100431 1.714125
v -0.564355 1.035103 1.859070
v -0.672108 1.046651 1.681548
v -0.734290 1.140589 1.597990
v -0.796474 1.244929 1.518818
v -0.800809 1.362671 1.477912
v -0.796004 1.453662 1.504300
v -0.460096 1.107270 1.953864
v -0.479324 0.998575 1.953061
v -0.384664 1.081653 1.990738
v -0.409444 0.980210 1.980412
v -0.335810 1.195372 1.943092
v -0.414943 1.209685 1.896041
v -0.619275 0.962281 1.583334
v -0.430071 0.752489 1.698525
v -0.490766 0.710257 1.715974
v -0.450234 0.841136 1.858606
v -0.421478 0.843555 1.846178
v -0.409478 0.863690 1.918632
v -0.477756 0.884311 1.907005
v -0.545417 0.909743 1.861798
v 0.578982 -0.140189 1.324078
v 0.813703 -0.090163 0.979735
v 0.819741 -0.240902 0.999198
v 0.563725 -0.298738 1.358506
v 0.312415 -0.179509 1.507604
v 0.302805 -0.343074 1.528042
v 0.016932 -0.186191 1.575056
v 0.016932 -0.343139 1.588614
v 1.445639 0.157757 -0.189684
v 1.393877 0.182832 -0.528199
v 1.443071 0.081420 -0.522073
v 1.470832 0.038694 -0.195157
v 1.410104 0.125936 0.133973
v 1.418735 0.003640 0.127595
v 1.323387 0.081687 0.420620
v 1.333570 -0.035085 0.407161
v 1.129990 -0.049521 0.735682
v 1.129732 -0.220638 0.736244
v 0.370311 0.288734 -1.361380
v 0.016932 0.288239 -1.388166
v 0.016932 0.178227 -1.419855
v 0.388583 0.177637 -1.364765
v 0.701215 0.274893 -1.261915
v 0.770941 0.174366 -1.259316
v 0.980460 0.196187 -1.083101
v 1.005985 0.085520 -1.073387
v 1.200885 0.185024 -0.865880
v 1.207536 0.081693 -0.879653
v 1.448820 2.093586 0.361333
v 1.561334 2.133471 0.190810
v -0.305495 -0.279108 1.656055
v -0.268942 -0.343074 1.528042
v 0.016932 -0.343139 1.588614
v 0.016932 -0.280666 1.736022
v 0.016932 0.219138 1.593393
v -0.586920 -0.232982 1.468488
v -0.529861 -0.298738 1.358506
v -0.304390 0.228539 1.534541
v 0.016932 0.660734 1.435816
v -0.308052 0.677770 1.391201
v 0.016932 0.711727 1.295873
v -0.303123 0.729909 1.262745
v -0.590894 0.697453 1.242582
v -0.545358 0.750457 1.124339
v -0.834648 -0.169624 1.113957
v -0.785878 -0.240902 0.999198
v -0.777339 0.245255 0.966048
v -0.768137 0.731820 1.003652
v -0.729103 0.784234 0.895423
v -0.804119 0.260788 1.074308
v -0.586791 0.237567 1.383219
v -1.368491 0.349628 0.434172
v -1.310159 0.364998 0.352648
v -1.352964 0.390882 0.118365
v -1.466146 0.401048 0.148697
v -1.504919 0.060416 0.155477
v -1.546504 0.096843 -0.203727
v -1.384920 0.564172 0.049070
v -1.428306 0.447677 0.342662
v -1.427781 0.442968 -0.209662
v -1.533548 0.452274 -0.209271
v -1.506453 0.129409 -0.569472
v -1.463431 0.626232 0.087130
v -1.318243 0.851394 0.501049
v -1.343219 0.411037 0.505348
v -1.311763 1.173902 0.499186
v -1.180373 1.120369 0.663136
v -1.192582 0.805041 0.671529
v -1.225330 0.377670 0.682088
v -1.092252 0.307495 0.657345
v -1.161820 0.291226 0.775610
v -0.882465 0.224471 1.023391
v -0.786257 1.029227 0.929464
v -0.817123 0.695817 0.967785
v -0.853926 0.298273 1.013475
v -0.777339 0.245255 0.966048
v -0.907515 -0.178796 1.046757
v -1.204344 -0.157743 0.815976
v -0.729103 0.788286 0.895423
v -0.712570 1.078439 0.860438
v -1.106043 1.154840 0.608814
v -0.785878 -0.240902 0.999198
v -1.095868 -0.220638 0.736244
v -1.299706 -0.035085 0.407161
v -1.418312 0.032582 0.455162
v -1.384872 0.003640 0.127595
v -1.436969 0.038694 -0.195157
v -1.409208 0.081420 -0.522073
v 1.540659 4.799030 -0.136798
v 1.609258 4.829882 0.407569
v 1.579080 4.685710 0.407569
v 1.075637 5.151043 -0.148585
v 0.925020 5.073773 -0.112796
v 0.986080 5.132078 0.407563
v 1.136118 5.212045 0.407569
v 1.528979 4.793607 1.003298
v 1.513109 4.665086 0.967155
v 1.583447 4.671268 0.963351
v 1.419800 4.587985 1.506373
v 1.577822 4.342069 1.513055
v 1.365720 4.581213 1.511093
v 1.727138 4.344655 0.937433
v 1.656362 4.698607 0.411986
v 1.797451 4.344655 0.407569
v 1.437106 4.292532 1.789321
v 1.555849 4.279298 1.505457
v 1.702195 4.286856 0.943825
v 1.773672 4.286379 0.407569
v 1.724441 4.344767 -0.121119
v 1.579634 4.677140 -0.110832
v 1.557220 4.338305 -0.704877
v 0.550701 4.576183 -1.500820
v 0.933595 4.366318 -1.405300
v 0.748796 4.389387 -1.536544
v 0.920830 4.282052 -1.415910
v 1.171609 4.455951 -1.031617
v 1.010629 4.316163 -1.374729
v 1.223580 4.459211 -1.072598
v 1.209966 4.259826 -1.218812
v 1.380247 4.278455 -1.024575
v 1.371716 4.218353 -1.023201
v 1.551457 4.282052 -0.703051
v 1.702909 4.288599 -0.128444
v 1.192896 4.196605 -1.204142
v 0.720164 4.346453 -1.531205
v 0.552649 4.410545 -1.628529
v 0.436856 4.291689 -1.620102
v 0.016932 4.687143 -1.380236
v 0.067955 4.705659 -1.405676
v 0.069163 4.526815 -1.571408
v 0.296205 4.524146 -1.552119
v 0.173967 4.350162 -1.723568
v 0.333890 4.463538 -1.520677
v 0.192416 4.283653 -1.715568
v 0.415538 4.522882 -1.455781
v 0.434566 4.556290 -1.396073
v 0.481375 4.602652 -1.342669
v 0.422717 4.669385 -1.381655
v 0.265218 4.844998 -1.160579
v 0.065410 4.884982 -1.177266
v 0.459911 5.155764 -0.618678
v 0.746374 4.986753 -0.711368
v 0.500684 4.738366 -1.282252
v 0.341452 4.919487 -1.104894
v 0.306674 4.815412 -1.106133
v 0.060290 5.060989 -0.862075
v 0.016932 4.874277 -1.129196
v 0.791708 4.934491 -0.726060
v 0.016932 5.140394 -0.697470
v 0.057295 5.200834 -0.709050
v 0.016932 5.269787 -0.448816
v 0.071900 5.302858 -0.463848
v 0.016932 5.369339 -0.085170
v 0.074539 5.393755 -0.066771
v 0.524879 5.302858 -0.131127
v 0.541693 5.356441 0.407569
v 0.887658 5.137023 -0.145719
v 0.016932 5.397268 0.407569
v 0.068911 5.432812 0.407569
v 0.075429 5.387321 0.921599
v 0.016932 5.369339 0.900304
v 0.016932 5.269787 1.263950
v 0.070470 5.299093 1.269168
v 0.057295 5.200834 1.524184
v 0.520628 5.293024 0.932212
v 0.890580 5.140086 0.943322
v 0.949510 5.196787 0.407569
v 0.925551 5.070205 0.931636
v 0.746717 4.990660 1.524058
v 0.449267 5.168802 1.428572
v 0.399671 5.044411 1.695097
v 1.075637 5.151043 0.963718
v 0.943225 5.000044 1.581755
v 1.373787 4.701501 1.545595
v 0.792969 4.936458 1.539680
v 0.628890 4.879616 1.819490
v 0.339235 4.932271 1.913723
v 0.016932 5.141828 1.510571
v 1.220433 4.593717 1.790086
v 0.815389 4.871917 1.841447
v 0.635724 4.775990 1.843118
v 0.502533 4.766773 2.078466
v 0.299012 4.819514 1.895493
v 0.478478 4.615521 2.146553
v 0.683100 4.735022 2.093934
v 1.053782 4.472220 2.044357
v 1.233588 4.495907 1.744106
v 1.288475 4.502032 1.782761
v 0.927852 4.362665 2.224208
v 0.551539 4.589361 2.306106
v 0.748968 4.388741 2.351279
v 0.559151 4.421447 2.441885
v 0.413478 4.535357 2.257915
v 0.682072 4.265699 2.331799
v 0.920982 4.282080 2.230895
v 0.445592 4.306441 2.434753
v 0.192416 4.325379 2.461722
v 0.422717 4.669385 2.196790
v 0.173967 4.391888 2.469724
v 0.068236 4.705772 2.228956
v 0.051900 4.389555 2.472837
v 0.016932 4.687143 2.195371
v 0.016932 4.323946 2.477730
v 0.016932 4.874670 1.943698
v 0.055134 5.073240 1.668584
v 0.063819 4.915216 1.947806
v 0.264904 4.846993 1.974603
v 0.016932 4.484668 -1.555906
v 0.070094 4.347829 -1.728996
v 0.016932 4.282220 -1.731576
v 1.402506 4.578038 -0.734689
v 1.356408 4.580538 -0.698243
v 1.160027 4.528445 -1.066610
v 0.748515 4.789055 -1.134872
v 0.943225 5.000044 -0.766617
v 1.373863 4.700995 -0.730264
v 1.518110 4.664159 -0.112245
v -0.447511 4.602652 -1.342669
v -0.381674 4.522882 -1.455781
v -0.516838 4.576183 -1.500820
v -0.140103 4.350162 -1.723568
v -0.262342 4.524146 -1.552119
v -0.035300 4.526815 -1.571408
v -0.300027 4.463538 -1.520677
v -0.158553 4.283653 -1.715568
v -0.402993 4.291689 -1.620102
v -0.518785 4.410545 -1.628529
v -0.714933 4.389387 -1.536544
v -0.899732 4.366318 -1.405300
v -0.886967 4.282052 -1.415910
v -0.686301 4.346453 -1.531205
v 0.016932 4.687143 -1.380236
v 0.016932 4.484668 -1.555906
v -0.036230 4.347829 -1.728996
v 0.016932 4.282220 -1.731576
v -0.466820 4.738366 -1.282252
v -0.307588 4.919487 -1.104894
v -0.272811 4.815412 -1.106133
v -0.231355 4.844998 -1.160579
v -0.026427 5.060989 -0.862075
v -0.031546 4.884982 -1.177266
v 0.016932 4.874277 -1.129196
v -0.034092 4.705659 -1.405676
v -0.491016 5.302858 -0.131127
v -0.040675 5.393755 -0.066771
v -0.038037 5.302858 -0.463848
v -0.426047 5.155764 -0.618678
v -0.023431 5.200834 -0.709050
v 0.016932 5.140394 -0.697470
v -0.507830 5.356441 0.407569
v -0.853794 5.137023 -0.145719
v -0.952216 5.132078 0.407563
v -0.891156 5.073773 -0.112796
v -1.041774 5.151043 -0.148585
v -0.915646 5.196787 0.407569
v -0.856716 5.140086 0.943322
v -0.486764 5.293024 0.932212
v -0.041566 5.387321 0.921599
v -0.035047 5.432812 0.407569
v 0.016932 5.269787 -0.448816
v 0.016932 5.369339 -0.085170
v 0.016932 5.397268 0.407569
v 0.016932 5.369339 0.900304
v 0.016932 5.269787 1.263950
v -0.036606 5.299093 1.269168
v -0.468669 4.766773 2.078466
v -0.444614 4.615521 2.146553
v -0.265149 4.819514 1.895493
v -0.305371 4.932271 1.913723
v 0.016932 5.141828 1.510571
v -0.023431 5.200834 1.524184
v -0.415404 5.168802 1.428572
v -0.365807 5.044411 1.695097
v -0.712854 4.990660 1.524058
v -0.595027 4.879616 1.819490
v 0.016932 4.874670 1.943698
v -0.021270 5.073240 1.668584
v -0.601860 4.775990 1.843118
v -0.649237 4.735022 2.093934
v -0.379615 4.535357 2.257915
v -0.517675 4.589361 2.306106
v -0.525287 4.421447 2.441885
v -0.715104 4.388741 2.351279
v -0.648208 4.265699 2.331799
v -0.887118 4.282080 2.230895
v -0.893988 4.362665 2.224208
v -0.759106 4.936458 1.539680
v -0.781525 4.871917 1.841447
v -1.019919 4.472220 2.044357
v -1.024325 4.377473 2.026723
v -0.976766 4.316163 2.189864
v -1.151851 4.197448 2.025355
v -1.186569 4.593717 1.790086
v -1.199725 4.495907 1.744106
v -1.080310 4.385593 2.049097
v -1.185125 4.259826 2.045383
v -1.378539 4.232402 1.783553
v -1.403243 4.292532 1.789321
v -1.521985 4.279298 1.505457
v -1.543958 4.342069 1.513055
v -1.622498 4.698607 0.411986
v -1.763588 4.344655 0.407569
v -1.693274 4.344655 0.937433
v -1.549583 4.671268 0.963351
v -1.385937 4.587985 1.506373
v -1.254612 4.502032 1.782761
v -1.331856 4.581213 1.511093
v -1.545217 4.685710 0.407569
v -1.479245 4.665086 0.967155
v -1.339923 4.701501 1.545595
v -1.495115 4.793607 1.003298
v -1.575394 4.829882 0.407569
v -1.506796 4.799030 -0.136798
v -1.102255 5.212045 0.407569
v -0.891687 5.070205 0.931636
v -1.041774 5.151043 0.963718
v -0.909361 5.000044 1.581755
v -1.346383 4.278455 -1.024575
v -1.523357 4.338305 -0.704877
v -1.368642 4.578038 -0.734689
v -1.189716 4.459211 -1.072598
v -1.137746 4.455951 -1.031617
v -0.976766 4.316163 -1.374729
v -1.176103 4.259826 -1.218812
v -1.337852 4.218353 -1.023201
v -1.517594 4.282052 -0.703051
v -1.669046 4.288599 -0.128444
v -1.690577 4.344767 -0.121119
v -1.739808 4.286379 0.407569
v -1.159033 4.196605 -1.204142
v -1.668332 4.286856 0.943825
v -1.545771 4.677140 -0.110832
v -1.484247 4.664159 -0.112245
v -1.322544 4.580538 -0.698243
v -1.339999 4.700995 -0.730264
v -1.126164 4.528445 -1.066610
v -0.909361 5.000044 -0.766617
v -0.714652 4.789055 -1.134872
v -0.757844 4.934491 -0.726060
v -0.712511 4.986753 -0.711368
v -0.388854 4.669385 -1.381655
v -0.400703 4.556290 -1.396073
v -0.140103 4.391888 2.469724
v -0.018036 4.389555 2.472837
v -0.034373 4.705772 2.228956
v -0.029956 4.915216 1.947806
v 0.016932 4.687143 2.195371
v 0.016932 4.323946 2.477730
v -0.158553 4.325379 2.461722
v -0.388854 4.669385 2.196790
v -0.231040 4.846993 1.974603
v -0.411728 4.306441 2.434753
v 0.380744 2.097461 -1.497001
v 0.356903 2.087222 -1.459434
v 0.350527 2.085016 -1.463044
v 0.363363 2.160274 -1.562040
v 0.347299 2.203088 -1.560466
v 0.422015 2.225847 -1.519533
v 0.437103 2.178271 -1.514057
v 0.419278 2.129909 -1.513986
v 0.369940 2.119656 -1.542026
v 0.365228 2.092108 -1.505793
v 0.309066 2.071147 -1.520103
v 0.305770 2.067140 -1.469777
v 0.264898 2.044883 -1.471187
v 0.389536 2.257862 -1.504987
v 0.305312 2.251905 -1.499904
v 0.397398 2.276233 -1.460738
v 0.453117 2.248649 -1.472598
v 0.206909 2.151260 -1.584653
v 0.153927 2.129128 -1.571723
v 0.144902 2.170780 -1.546785
v 0.194102 2.191345 -1.558800
v 0.190432 2.215024 -1.515605
v 0.247042 2.230155 -1.514700
v 0.258770 2.211525 -1.554816
v 0.326048 2.236625 -1.537724
v 0.177344 2.091195 -1.551545
v 0.163087 2.125503 -1.550264
v 0.156296 2.156846 -1.531497
v 0.158794 2.176858 -1.500277
v 0.148220 2.197358 -1.505296
v 0.259256 2.043543 -1.522672
v 0.218882 2.027235 -1.511646
v 0.196653 2.046249 -1.551444
v 0.211961 2.048843 -1.505057
v 0.195229 2.063142 -1.534995
v 0.172871 2.083530 -1.573442
v 0.225431 2.105505 -1.586241
v 0.223998 2.030916 -1.461406
v 0.223043 2.052125 -1.469735
v 0.275140 2.176170 -1.578806
v 0.291774 2.133573 -1.580256
v 0.244673 2.066320 -1.563130
v 0.304202 2.095134 -1.558767
v 0.032332 1.687141 -1.412920
v 0.031397 1.758485 -1.463573
v 0.070796 1.767763 -1.444677
v 0.070672 1.701926 -1.398332
v 0.093502 1.727461 -1.371357
v 0.034055 1.833043 -1.497594
v 0.077565 1.836544 -1.474486
v -0.015300 1.834268 -1.496265
v -0.013260 1.758999 -1.462190
v -0.011248 1.687073 -1.411215
v 0.035291 1.637176 -1.353709
v 0.073389 1.655909 -1.343782
v 0.095843 1.687907 -1.324450
v -0.008261 1.636718 -1.351570
v -0.045589 1.654651 -1.337920
v -0.013765 1.892853 -1.501699
v 0.035592 1.891156 -1.503011
v -0.057281 1.839868 -1.470853
v -0.051201 1.769153 -1.440903
v -0.048371 1.701737 -1.393673
v -0.066686 1.686182 -1.316420
v -0.069099 1.727197 -1.364979
v -0.080636 1.848342 -1.428163
v -0.072263 1.786232 -1.405410
v -0.067888 1.756630 -1.332832
v -0.070805 1.805653 -1.365232
v -0.079097 1.857427 -1.379641
v -0.079383 1.895036 -1.432485
v -0.055842 1.894278 -1.475894
v -0.078096 1.894915 -1.383111
v -0.065910 1.722850 -1.292837
v -0.354183 2.259419 -1.501427
v -0.395783 2.205111 -1.517010
v -0.418343 2.237286 -1.487847
v -0.129148 2.108961 -1.575271
v -0.181950 2.131246 -1.587606
v -0.159814 2.193722 -1.559879
v -0.249220 2.157625 -1.581057
v -0.224468 2.213821 -1.555381
v -0.291704 2.238609 -1.537676
v -0.212647 2.231725 -1.514961
v -0.270878 2.253209 -1.499637
v -0.324121 2.271060 -1.469057
v -0.321050 2.184102 -1.562127
v -0.156041 2.216611 -1.516274
v -0.110586 2.172938 -1.548359
v -0.113806 2.198760 -1.506386
v -0.184490 2.028783 -1.515641
v -0.220815 2.044133 -1.521393
v -0.207575 2.067601 -1.565693
v -0.162354 2.048511 -1.555142
v -0.269917 2.097526 -1.561323
v -0.278088 2.072878 -1.515155
v -0.341865 2.122606 -1.540106
v -0.384970 2.128574 -1.513343
v -0.351056 2.094027 -1.494995
v -0.329041 2.083195 -1.456992
v -0.280560 2.067160 -1.465466
v -0.222535 2.044856 -1.466248
v -0.191992 2.033754 -1.466062
v 0.104767 1.888733 -1.437335
v 0.107116 1.904772 -1.397087
v 0.105107 1.852981 -1.384625
v 0.078970 1.889641 -1.479442
v 0.103570 1.843844 -1.433142
v 0.094396 1.784377 -1.410585
v 0.095854 1.803838 -1.370419
v 0.094713 1.756928 -1.339241
v 0.096615 1.724590 -1.300893
v 0.002728 1.876030 -1.527420
v -0.000231 1.842630 -1.515872
v -0.065576 1.856502 -1.520679
v -0.051150 1.887472 -1.531390
v -0.122865 1.887801 -1.531511
v -0.030602 1.954618 -1.492663
v 0.006943 1.946638 -1.489898
v -0.166552 1.933165 -1.547230
v -0.134399 1.950665 -1.553313
v -0.155560 1.996206 -1.569104
v -0.098386 1.913263 -1.540337
v -0.063516 1.972598 -1.498898
v 0.016634 2.055979 -1.527780
v 0.045463 1.949302 -1.490814
v -0.088611 1.998668 -1.507931
v -0.103354 2.030396 -1.518912
v -0.077236 2.127194 -1.552459
v -0.118077 2.135194 -1.617256
v -0.075888 2.167147 -1.628338
v -0.097366 2.097941 -1.542312
v -0.106422 2.064566 -1.530750
v -0.159966 2.045274 -1.586109
v -0.197564 2.047904 -1.587022
v -0.192220 1.988389 -1.566384
v -0.181795 2.106009 -1.607160
v -0.146968 2.093184 -1.602701
v -0.146751 2.156967 -1.624809
v -0.095579 2.195740 -1.638234
v -0.095405 2.235324 -1.513427
v -0.033364 2.258239 -1.521365
v -0.146577 2.196552 -1.499996
v -0.181621 2.145593 -1.482337
v -0.197390 2.087497 -1.462201
v -0.192046 2.027974 -1.441561
v -0.166375 1.972756 -1.422412
v 0.199820 2.132738 -1.616418
v 0.156133 2.178114 -1.632133
v 0.156310 2.217690 -1.507316
v 0.099018 2.248991 -1.518162
v 0.098844 2.209401 -1.642963
v 0.033673 2.262866 -1.522967
v 0.033498 2.223284 -1.647767
v -0.033538 2.218660 -1.646166
v 0.026325 2.165293 -1.565676
v 0.063870 2.157313 -1.562908
v 0.030540 2.189837 -1.636213
v -0.012195 2.162635 -1.564754
v -0.047840 2.149465 -1.560188
v -0.024735 2.186029 -1.634890
v 0.081108 1.962469 -1.495369
v 0.109156 1.898728 -1.535296
v 0.110504 1.984756 -1.503082
v 0.058003 1.879838 -1.528744
v 0.130634 2.014020 -1.513217
v 0.139690 2.047384 -1.524785
v 0.136619 2.081560 -1.536636
v 0.121876 2.113283 -1.547634
v 0.096781 2.139341 -1.556673
v 0.193231 2.020593 -1.577556
v 0.188828 2.069669 -1.594558
v 0.167667 2.115227 -1.610335
v 0.131651 2.152618 -1.623297
v 0.084418 2.178403 -1.632243
v 0.225488 2.077494 -1.597278
v 0.230829 2.017966 -1.576643
v 0.128847 1.870163 -1.525406
v 0.180019 1.908945 -1.538834
v 0.180193 1.948529 -1.414013
v 0.215237 1.999477 -1.431679
v 0.215063 1.959881 -1.556496
v 0.231006 2.057550 -1.451822
v 0.225662 2.117079 -1.472455
v 0.199994 2.172323 -1.491601
v 0.180233 1.972697 -1.560952
v 0.151342 1.930690 -1.546384
v 0.066806 1.847255 -1.517473
v -0.122688 1.927377 -1.406685
v -0.065401 1.896098 -1.395853
v -0.000056 1.882215 -1.391051
v 0.066980 1.886851 -1.392653
v 0.129021 1.909754 -1.400582
v 0.670467 3.249500 2.248845
v 0.650787 3.212466 2.252736
v 0.709824 3.194455 2.254338
v 0.705711 3.170656 2.254428
v 0.643692 3.171415 2.252885
v 0.660860 3.259222 2.271506
v 0.638522 3.217187 2.275923
v 0.630469 3.170600 2.276094
v 0.637485 3.124013 2.272003
v 0.649874 3.130392 2.249283
v 0.709296 3.146885 2.252337
v 0.784768 3.170656 2.233734
v 0.720223 3.125446 2.248277
v 0.668728 3.093386 2.242278
v 0.658888 3.082007 2.264054
v 0.643858 3.071386 2.267822
v 0.619893 3.118422 2.276726
v 0.612037 3.170572 2.281307
v 0.621056 3.222750 2.281113
v 0.759221 3.097489 2.235987
v 0.783475 3.093752 2.228957
v 0.777858 3.038707 2.208946
v 0.807811 3.097545 2.222247
v 0.829851 3.108475 2.216509
v 0.847432 3.125531 2.212306
v 0.858840 3.146998 2.210052
v 0.862951 3.170769 2.209963
v 0.819845 3.045254 2.197366
v 0.857871 3.064136 2.187467
v 0.888205 3.093527 2.180215
v 0.907885 3.130560 2.176323
v 0.914980 3.171612 2.176174
v 0.908799 3.212663 2.179777
v 0.931384 3.217384 2.193109
v 0.929493 3.231292 2.075223
v 0.948976 3.223003 2.188386
v 0.956832 3.170825 2.183809
v 0.925011 3.270011 2.197290
v 0.938400 3.170825 2.189021
v 0.930347 3.124238 2.189192
v 0.908009 3.082203 2.193609
v 0.873575 3.048823 2.201839
v 0.902892 3.283358 2.085097
v 0.884246 3.034240 2.198161
v 0.922803 3.071610 2.188945
v 0.947813 3.118647 2.184000
v 0.835920 3.010216 2.210741
v 0.804021 2.995914 2.100065
v 0.782556 3.001927 2.225459
v 0.857657 3.022495 2.086097
v 0.900448 3.063827 2.075864
v 0.928206 3.115893 2.070368
v 0.938214 3.173607 2.070146
v 0.681583 3.034071 2.255467
v 0.692578 3.048682 2.253020
v 0.729372 3.010132 2.240870
v 0.735259 3.027299 2.239983
v 0.782756 3.019966 2.226217
v 0.830416 3.027384 2.213073
v 0.698411 3.064024 2.232556
v 0.736015 3.045198 2.221070
v 0.737428 3.108419 2.242644
v 0.721229 3.215922 2.252084
v 0.700802 3.278891 2.241592
v 0.738813 3.232950 2.247881
v 0.738827 3.297801 2.231694
v 0.760853 3.243908 2.242143
v 0.780814 3.304319 2.220114
v 0.785189 3.247702 2.235434
v 0.809441 3.243937 2.228403
v 0.831236 3.233034 2.221747
v 0.822658 3.297857 2.207987
v 0.786114 3.321460 2.238898
v 0.738453 3.314042 2.252039
v 0.695292 3.292603 2.263276
v 0.646067 3.269815 2.276167
v 0.684623 3.307185 2.266954
v 0.732949 3.331181 2.254371
v 0.786313 3.339499 2.239656
v 0.833608 3.314098 2.225133
v 0.748954 3.360207 2.132111
v 0.689723 3.351047 2.148444
v 0.636083 3.324466 2.162412
v 0.593293 3.283105 2.172645
v 0.565534 3.231067 2.178139
v 0.555529 3.173326 2.178363
v 0.564250 3.115640 2.173286
v 0.590848 3.063602 2.163412
v 0.632720 3.022298 2.149703
v 0.685764 2.995830 2.133505
v 0.744795 2.986726 2.116398
v -0.743995 3.038707 2.208946
v -0.749612 3.093752 2.228957
v -0.773947 3.097545 2.222247
v -0.785982 3.045254 2.197366
v -0.795988 3.108475 2.216509
v -0.750904 3.170656 2.233734
v -0.725357 3.097489 2.235987
v -0.702151 3.045198 2.221070
v -0.703564 3.108419 2.242644
v -0.664547 3.064024 2.232556
v -0.686360 3.125446 2.248277
v -0.687366 3.215922 2.252084
v -0.675961 3.194455 2.254338
v -0.671847 3.170656 2.254428
v -0.675432 3.146885 2.252337
v -0.634864 3.093386 2.242278
v -0.616010 3.130392 2.249283
v -0.609829 3.171415 2.252885
v -0.616924 3.212466 2.252736
v -0.636604 3.249500 2.248845
v -0.666938 3.278891 2.241592
v -0.603622 3.124013 2.272003
v -0.625024 3.082007 2.264054
v -0.658714 3.048682 2.253020
v -0.701395 3.027299 2.239983
v -0.748892 3.019966 2.226217
v -0.604659 3.217187 2.275923
v -0.596606 3.170600 2.276094
v -0.586030 3.118422 2.276726
v -0.609995 3.071386 2.267822
v -0.647719 3.034071 2.255467
v -0.695509 3.010132 2.240870
v -0.556985 3.063602 2.163412
v -0.598857 3.022298 2.149703
v -0.651900 2.995830 2.133505
v -0.710932 2.986726 2.116398
v -0.748693 3.001927 2.225459
v -0.770157 2.995914 2.100065
v -0.802057 3.010216 2.210741
v -0.823794 3.022495 2.086097
v -0.796552 3.027384 2.213073
v -0.824007 3.064136 2.187467
v -0.813569 3.125531 2.212306
v -0.824977 3.146998 2.210052
v -0.829087 3.170769 2.209963
v -0.896483 3.124238 2.189192
v -0.913949 3.118647 2.184000
v -0.888939 3.071610 2.188945
v -0.874146 3.082203 2.193609
v -0.874022 3.130560 2.176323
v -0.854342 3.093527 2.180215
v -0.839711 3.048823 2.201839
v -0.850383 3.034240 2.198161
v -0.866584 3.063827 2.075864
v -0.894342 3.115893 2.070368
v -0.904351 3.173607 2.070146
v -0.922969 3.170825 2.183809
v -0.895629 3.231292 2.075223
v -0.915113 3.223003 2.188386
v -0.891148 3.270011 2.197290
v -0.881117 3.171612 2.176174
v -0.904537 3.170825 2.189021
v -0.897520 3.217384 2.193109
v -0.874935 3.212663 2.179777
v -0.825505 3.194568 2.212053
v -0.876118 3.259418 2.201061
v -0.856081 3.249669 2.186781
v -0.814577 3.216007 2.216113
v -0.797373 3.233034 2.221747
v -0.775577 3.243937 2.228403
v -0.788794 3.297857 2.207987
v -0.853423 3.307326 2.209645
v -0.842428 3.292715 2.212095
v -0.826398 3.279003 2.196503
v -0.799744 3.314098 2.225133
v -0.752250 3.321460 2.238898
v -0.752450 3.339499 2.239656
v -0.805631 3.331266 2.224245
v -0.869029 3.283358 2.085097
v -0.827160 3.324635 2.098809
v -0.774113 3.351103 2.115002
v -0.715090 3.360207 2.132111
v -0.699085 3.331181 2.254371
v -0.655859 3.351047 2.148444
v -0.650759 3.307185 2.266954
v -0.704590 3.314042 2.252039
v -0.661428 3.292603 2.263276
v -0.626997 3.259222 2.271506
v -0.612203 3.269815 2.276167
v -0.587193 3.222750 2.281113
v -0.578173 3.170572 2.281307
v -0.746951 3.304319 2.220114
v -0.704964 3.297801 2.231694
v -0.704950 3.232950 2.247881
v -0.726990 3.243908 2.242143
v -0.751326 3.247702 2.235434
v 0.860262 3.279003 2.196503
v 0.876292 3.292715 2.212095
v 0.889945 3.249669 2.186781
v 0.848441 3.216007 2.216113
v 0.859368 3.194568 2.212053
v 0.909982 3.259418 2.201061
v 0.887287 3.307326 2.209645
v 0.839494 3.331266 2.224245
v 0.861023 3.324635 2.098809
v 0.807977 3.351103 2.115002
v 0.016932 2.426743 2.498837
v 0.016932 2.218494 2.498837
v 0.245738 2.218494 2.484453
v 0.245738 2.426743 2.484453
v 0.466961 2.218494 2.358088
v 0.466961 2.426743 2.358088
v 0.533005 2.218494 2.298064
v 0.533005 2.426743 2.298059
v 0.737771 2.218494 2.064827
v 0.625063 2.185124 1.993708
v 0.625063 2.426743 1.993708
v 0.737771 2.426743 2.064827
v 0.450714 2.085570 2.211612
v 0.522955 2.069475 2.269415
v 0.697304 2.069475 2.051508
v 0.697304 1.926880 2.051508
v 0.625063 2.085570 1.993708
v 0.450714 2.185124 2.211612
v 0.427370 2.185124 2.219277
v 0.224445 2.185124 2.268603
v 0.522955 1.926880 2.269415
v 0.513376 2.185124 1.839794
v 0.513376 2.426743 1.839794
v 0.513376 2.085570 1.839794
v 0.625063 1.905806 1.993708
v 0.450714 1.905806 2.211612
v 0.625063 1.733758 1.993708
v 0.625063 1.619890 1.993708
v 0.697304 1.718358 2.051508
v 0.513376 1.619890 1.839794
v 0.625063 1.455303 1.993708
v 0.513376 1.733758 1.839794
v 0.513376 1.905806 1.839794
v 0.625063 1.223807 1.993708
v 0.440082 1.187297 1.916837
v 0.513376 1.223807 1.839794
v 0.513376 1.455303 1.839794
v 0.202307 1.923536 2.357708
v 0.383102 1.923536 2.304976
v 0.383102 2.067607 2.304976
v 0.224445 1.905806 2.268603
v 0.427370 1.905806 2.219277
v 0.427370 1.733758 2.219277
v 0.450714 1.733758 2.211612
v 0.427370 1.619890 2.219277
v 0.450714 1.619890 2.211612
v 0.450714 1.455303 2.211612
v 0.224445 1.455303 2.268603
v 0.224445 1.619890 2.268603
v 0.384121 1.635727 2.311015
v 0.697304 1.635707 2.051508
v 0.522955 1.635707 2.269415
v 0.522955 1.718358 2.269415
v 0.427370 2.085570 2.219277
v 0.224445 2.085570 2.268603
v 0.016932 2.185124 2.280596
v -0.499142 2.218494 2.298064
v -0.416851 2.185124 2.211612
v -0.393507 2.185124 2.219277
v -0.433097 2.218494 2.358088
v -0.190582 2.185124 2.268603
v -0.211874 2.218494 2.484453
v 0.016932 2.085570 2.280596
v 0.202307 2.067607 2.357708
v -0.190582 2.085570 2.268603
v -0.393507 2.085570 2.219277
v -0.416851 2.085570 2.211612
v -0.416851 1.905806 2.211612
v 0.224445 1.733758 2.268603
v 0.016932 1.905806 2.280596
v 0.016932 1.923536 2.373112
v 0.016932 2.067607 2.373112
v -0.168443 2.067607 2.357708
v -0.349238 2.067607 2.304976
v -0.168443 1.923536 2.357708
v -0.349238 1.923536 2.304976
v -0.393507 1.905806 2.219277
v -0.190582 1.905806 2.268603
v -0.416851 1.733758 2.211612
v -0.393507 1.733758 2.219277
v -0.190582 1.733758 2.268603
v 0.016932 1.733758 2.280596
v 0.202818 1.716158 2.360729
v 0.384121 1.716158 2.311015
v 0.202818 1.635727 2.360729
v -0.416851 1.619890 2.211612
v -0.489091 1.718358 2.269415
v -0.489091 1.635707 2.269415
v -0.393507 1.619890 2.219277
v -0.350258 1.716158 2.311015
v -0.168954 1.716158 2.360729
v 0.016932 1.716158 2.373112
v 0.016932 1.635727 2.373112
v 0.016932 1.619890 2.280596
v -0.168954 1.635727 2.360729
v -0.190582 1.619890 2.268603
v -0.350258 1.635727 2.311015
v -0.190582 1.455303 2.268603
v 0.016932 1.455303 2.280596
v -0.479512 2.085570 1.839794
v -0.479512 1.905806 1.839794
v -0.591200 1.905806 1.993708
v -0.591200 1.733758 1.993708
v -0.479512 1.733758 1.839794
v -0.591200 1.619890 1.993708
v -0.479512 1.619890 1.839794
v -0.591200 1.455303 1.993708
v -0.416851 1.455303 2.211612
v -0.479512 1.455303 1.839794
v -0.479512 1.223807 1.839794
v -0.591200 1.223807 1.993708
v -0.406218 1.187297 1.916837
v -0.663440 1.718358 2.051508
v -0.663440 1.635707 2.051508
v -0.703907 2.218494 2.064827
v -0.499142 2.426743 2.298059
v -0.703907 2.426743 2.064827
v -0.591200 2.426743 1.993708
v -0.591200 2.185124 1.993708
v -0.479512 2.185124 1.839794
v -0.591200 2.085570 1.993708
v -0.663440 1.926880 2.051508
v -0.479512 2.426743 1.839794
v -0.489091 1.926880 2.269415
v -0.489091 2.069475 2.269415
v -0.663440 2.069475 2.051508
v -0.211874 2.426743 2.484453
v -0.433097 2.426743 2.358088
v -0.401512 0.609747 1.842194
v -0.503671 0.789151 1.101521
v -0.291836 0.789828 1.115064
v -0.206586 0.600576 1.881641
v 0.016932 0.774532 1.132617
v 0.016932 0.586931 1.922805
v 0.017856 0.842524 0.856221
v -0.324219 0.883033 0.779086
v -0.453097 0.898678 0.708475
v -0.571781 0.908765 0.609954
v -0.503517 0.993391 1.101231
v -0.430071 0.752489 1.698528
v -0.421478 0.843552 1.846176
v -0.409478 0.863687 1.918632
v -0.560795 1.134773 0.620120
v -0.842920 1.014091 1.129549
v -0.647323 0.839568 1.450418
v -0.490766 0.710257 1.715977
v -1.147150 1.223361 0.631132
v -1.141252 1.270447 0.679340
v -1.234665 1.293477 0.447547
v -1.219346 1.201722 0.442869
v -1.219346 0.974180 0.442869
v -1.292345 1.417435 0.311788
v 0.017856 0.390944 0.856221
v 0.355326 0.433001 0.779499
v -0.324219 0.431450 0.779086
v -0.453097 0.447095 0.708475
v -0.571781 0.457180 0.609954
v -1.219346 0.522601 0.442869
v 0.248792 0.541879 2.066873
v 0.016932 0.532382 2.099921
v 0.240450 0.600576 1.881641
v 0.325700 0.789828 1.115064
v 0.355326 0.884581 0.779499
v 0.486388 0.447503 0.707865
v 0.488546 0.878318 0.701875
v 0.602807 0.457166 0.604290
v 0.876938 1.013723 1.129908
v 0.537380 0.993391 1.101231
v 0.594658 1.134773 0.620120
v 0.602807 0.908754 0.604290
v 0.537535 0.789151 1.101521
v 0.435375 0.609747 1.842194
v 0.406898 0.546866 1.971347
v 0.681341 0.839202 1.450778
v 0.463934 0.752489 1.698528
v 0.455342 0.843552 1.846176
v 0.443341 0.863687 1.918632
v 0.439413 0.582006 1.955292
v 0.507239 0.577333 2.153716
v 0.401989 0.565692 2.211592
v 0.524629 0.710257 1.715977
v 0.535203 0.631799 2.125870
v 0.678380 0.742137 2.365677
v 0.763065 0.748718 2.277960
v 0.577760 0.628151 1.914395
v 0.689622 0.667304 2.024574
v 0.597766 0.939960 1.889500
v 0.443341 0.863687 1.918632
v 0.439413 0.582006 1.955292
v 0.721319 0.951171 1.992665
v 0.779884 0.986108 2.274844
v 0.678396 0.982703 2.378164
v 0.735239 1.179426 1.976113
v 0.602293 1.176546 1.884723
v 0.625063 1.223807 1.993708
v 0.440082 1.187297 1.916837
v 0.485848 0.936998 1.911653
v 0.656050 0.715107 2.411955
v 0.655859 0.982475 2.421899
v 0.681799 1.173031 2.381460
v 0.789376 1.176147 2.270374
v 0.703960 1.201438 2.021348
v 0.520406 0.713831 2.499301
v 0.522679 0.983593 2.512507
v 0.293376 0.560955 2.273956
v 0.376574 0.712558 2.569088
v 0.378895 0.983742 2.583584
v 0.379924 1.186254 2.582941
v 0.203720 1.181011 2.635729
v 0.195063 1.215086 2.584064
v 0.016932 1.214203 2.599384
v 0.154790 0.549839 2.304254
v 0.199466 0.710041 2.627549
v 0.199792 0.984377 2.638569
v 0.016921 1.181548 2.654355
v -0.168508 1.181253 2.635613
v 0.017193 0.987892 2.658120
v 0.016853 0.711297 2.651466
v 0.015951 0.548001 2.329798
v -0.167215 0.988747 2.638417
v -0.163810 0.710940 2.627667
v -0.214929 0.541879 2.066873
v -0.256264 0.559609 2.265636
v -0.366313 0.567988 2.209136
v -0.120777 0.549774 2.299646
v -0.337808 0.712516 2.569394
v -0.344922 0.980306 2.585545
v -0.348033 1.183363 2.586523
v -0.160640 1.212636 2.582941
v -0.335787 1.214206 2.533763
v -0.488102 1.181385 2.520287
v -0.477160 1.211950 2.471247
v -0.623032 1.180635 2.422214
v -0.621967 1.214100 2.372252
v -0.479012 0.714424 2.500840
v -0.484253 0.979780 2.514114
v -0.621995 0.982475 2.421899
v -0.649113 1.171739 2.379574
v -0.646632 1.199938 2.332459
v -0.751711 1.174543 2.269179
v -0.715197 1.199604 2.244978
v -0.645098 0.982683 2.378574
v -0.746021 0.986108 2.274844
v -0.687456 0.951171 1.992665
v -0.729201 0.748718 2.277960
v -0.644516 0.742137 2.365677
v -0.618764 0.717462 2.411095
v -0.655758 0.667304 2.024574
v -0.501370 0.631726 2.125882
v -0.473690 0.576875 2.153640
v -0.701375 1.179426 1.976113
v -0.563902 0.939960 1.889500
v -0.543896 0.628151 1.914395
v -0.405550 0.582006 1.955292
v -0.373034 0.546866 1.971347
v -0.409478 0.863687 1.918632
v -0.405550 0.582006 1.955292
v -0.602220 3.324466 2.162412
v -0.559429 3.283105 2.172645
v -0.531671 3.231067 2.178139
v -0.521665 3.173326 2.178363
v -0.530387 3.115640 2.173286
v -0.416851 1.455303 2.211612
v -0.591200 1.455303 1.993708
v -0.636944 1.461684 2.147863
v -0.463140 1.475913 2.251801
v -0.632687 1.683909 2.179220
v -0.557642 1.812264 2.239966
v -0.625758 1.516905 2.300846
v -0.431684 1.517689 2.455774
v -0.432468 1.602950 2.457662
v -0.627859 1.671125 2.307413
v -0.636944 1.461684 2.147863
v -0.632687 1.683909 2.179220
v -0.556743 1.794212 2.374205
v -0.415867 1.810345 2.342021
v -0.284373 1.490543 2.358700
v -0.430031 1.792084 2.464720
v -0.309465 1.810708 2.382384
v -0.317939 1.794158 2.507325
v -0.149688 1.809480 2.426282
v 0.016932 1.490543 2.417406
v 0.182318 1.809839 2.426734
v 0.318237 1.490543 2.358700
v 0.342297 1.812124 2.384590
v 0.017460 1.810854 2.452632
v -0.150505 1.794175 2.540490
v -0.149716 1.517023 2.532827
v -0.316363 1.516953 2.500191
v 0.016932 1.517096 2.565466
v -0.164248 1.460312 2.604275
v -0.338370 1.459770 2.557562
v -0.471333 1.464401 2.493346
v -0.620090 1.460279 2.391749
v -0.645283 1.446570 2.353642
v -0.643572 1.459343 2.289154
v 0.016932 1.460863 2.622674
v 0.351803 1.794158 2.507325
v 0.184369 1.794175 2.540490
v 0.183579 1.517023 2.532827
v 0.196611 1.457694 2.604200
v 0.016932 1.794195 2.573651
v 0.350227 1.516953 2.500191
v 0.469464 1.599882 2.456870
v 0.470748 1.792379 2.461177
v 0.590607 1.794212 2.374205
v 0.661723 1.671125 2.307413
v 0.372256 1.460296 2.555458
v 0.467413 1.518102 2.454664
v 0.659621 1.516905 2.300846
v 0.665421 1.687407 2.177675
v 0.591539 1.812374 2.240337
v 0.677435 1.459343 2.289154
v 0.667921 1.461788 2.149478
v 0.723323 1.441206 2.017917
v 0.625063 1.455303 1.993708
v 0.756734 1.427938 2.265145
v 0.679147 1.446570 2.353642
v 0.653954 1.460279 2.391749
v 0.517537 1.458424 2.487266
v 0.655831 1.214100 2.372252
v 0.679574 1.201540 2.329863
v 0.751775 1.201163 2.244765
v 0.655859 1.183138 2.421786
v 0.517138 1.215603 2.464420
v 0.524430 1.184692 2.517503
v 0.368482 1.214647 2.533502
v 1.201992 2.782228 1.424506
v 1.297073 2.841037 0.991817
v 1.443237 2.782452 0.979861
v 1.293538 2.766717 1.446965
v 0.814018 1.587578 1.929040
v 0.734247 1.572683 1.860697
v 0.747245 1.974869 1.854273
v 0.843987 1.984675 1.935924
v 0.788881 2.351333 1.854377
v 0.899726 2.339990 1.934465
v 1.322367 2.744688 1.494988
v 1.393975 3.535483 1.486260
v 1.361502 3.535483 1.444776
v 1.481392 3.529021 0.973491
v 0.773354 1.992913 2.026678
v 1.289144 3.526520 1.912150
v 1.174776 3.548156 1.915597
v 1.174512 3.178749 1.983755
v 1.276458 3.139748 1.984492
v 1.334818 3.535595 1.666122
v 1.288219 3.005270 1.723260
v 0.810506 2.546624 2.096505
v 0.662656 2.165293 2.180656
v 0.835429 3.154556 2.154980
v 0.816949 2.835361 2.102335
v 0.847635 2.766858 2.162033
v 0.762933 2.767448 2.192513
v 0.734618 2.836457 2.095165
v 0.672999 2.855367 2.116513
v 0.494188 2.977875 2.173589
v 0.661816 2.794366 2.225394
v 0.509886 2.329422 2.385705
v 0.481158 2.929012 2.284647
v 0.392506 3.132443 2.186745
v 0.549988 3.139524 2.212646
v 0.195319 2.468660 2.499107
v 0.325725 3.109431 2.319031
v 0.342809 3.421180 2.237771
v 0.398322 3.457595 2.085687
v 0.549106 3.489402 2.213191
v 0.839660 3.515365 2.157652
v 0.772050 1.587215 1.980181
v 0.745984 1.731002 2.079587
v 0.626822 1.928580 2.244453
v 0.463178 2.100119 2.464661
v 0.173360 2.160943 2.601291
v 0.016932 2.164110 2.603989
v 0.016932 2.464971 2.510928
v -0.161455 2.468660 2.499107
v 0.579187 1.906508 2.194365
v 0.429028 2.057766 2.416116
v 0.161216 2.106570 2.510442
v 0.016463 2.111055 2.518115
v -0.139496 2.160943 2.601291
v -0.128291 2.106570 2.510442
v -0.125107 2.224799 2.472377
v 0.016932 2.229154 2.479812
v 0.158971 2.224799 2.472377
v 0.407730 2.225645 2.363202
v 0.563570 2.203574 2.153041
v -0.373866 2.225645 2.363202
v -0.308945 3.421180 2.237771
v -0.371275 3.457595 2.099621
v -0.351528 3.132443 2.170605
v -0.291862 3.109431 2.319031
v -0.447295 2.929012 2.284647
v -0.476023 2.329422 2.385705
v -0.429315 2.100119 2.464661
v -0.399472 2.059135 2.413079
v -0.712120 1.731002 2.079587
v -0.739491 1.992913 2.026678
v -0.738187 1.587215 1.980181
v -0.592959 1.928580 2.244453
v -0.545324 1.906508 2.194365
v -0.628792 2.165293 2.180656
v -0.529707 2.203574 2.153041
v -0.622431 2.195380 1.992016
v -0.641009 1.718448 2.028201
v -0.721016 1.587058 2.051261
v -0.640040 1.572672 1.989625
v -0.669636 1.572683 1.896067
v -0.780154 1.587578 1.929040
v -0.627859 2.794366 2.224217
v -0.729069 2.767448 2.192513
v -0.776642 2.546624 2.096505
v -0.865862 2.339990 1.934465
v -0.810124 1.984675 1.935924
v -0.639135 2.855367 2.116513
v -0.460324 2.977875 2.173589
v -0.700755 2.836457 2.095165
v -0.783085 2.835361 2.102335
v -0.813425 2.765059 2.158664
v -1.254356 3.005270 1.723260
v -1.288504 2.744688 1.494988
v -1.360112 3.535483 1.486260
v -1.300954 3.535595 1.666122
v -1.242594 3.139748 1.984492
v -1.140648 3.178749 1.983755
v -0.801565 3.154556 2.154980
v -0.516124 3.139524 2.212646
v -1.255280 3.526520 1.912150
v -1.140912 3.548156 1.915597
v -0.805797 3.515365 2.157652
v -0.515242 3.489402 2.213191
v -0.308945 3.421180 2.237771
v -0.291862 3.109431 2.319031
v -0.243957 3.285269 2.468881
v -0.264488 3.412357 2.357110
v 0.016932 3.412807 2.357062
v 0.016932 3.419185 2.261275
v 0.298352 3.412357 2.357110
v 0.342809 3.421180 2.237771
v -0.308945 3.421180 2.237771
v -0.119049 2.609081 2.648845
v -0.161455 2.468660 2.499107
v 0.016932 3.284679 2.473916
v 0.277820 3.285269 2.468881
v 0.342809 3.421180 2.237771
v 0.325725 3.109431 2.319031
v 0.152913 2.609081 2.648845
v 0.195319 2.468660 2.499107
v 0.016932 2.464971 2.510928
v 0.016932 2.609786 2.648266
v -1.168128 2.782228 1.424506
v -1.409374 2.782452 0.979861
v -1.263210 2.841037 0.991817
v -1.260759 2.766605 1.447021
v -0.700384 1.572683 1.860697
v -0.713382 1.974869 1.854273
v -0.755018 2.351333 1.854377
v -1.327639 3.535483 1.444776
v -1.447528 3.529021 0.973491
v 0.930412 1.557594 -1.298774
v 0.937782 1.628710 -1.321517
v 1.219132 1.629309 -1.104855
v 1.210491 1.558797 -1.084096
v 1.467452 1.632301 -0.828068
v 1.354006 1.657084 -0.840920
v 1.565782 2.084184 -0.666852
v 1.532845 1.653403 -0.586831
v 1.585669 1.630829 -0.609756
v 1.452737 1.560724 -0.816930
v 1.143500 1.521381 -1.006637
v 0.881349 1.536073 -1.183175
v 1.343719 1.079461 -0.788197
v 1.150724 1.101409 -1.040021
v 1.335143 0.798615 -0.811276
v 1.337942 1.529206 -0.736822
v 1.575026 1.561705 -0.608214
v 1.390081 0.731418 -0.522882
v 1.231352 0.730125 -0.761116
v 1.580367 0.096843 -0.203727
v 1.567411 0.452274 -0.209271
v 1.500009 0.401048 0.148697
v 1.540316 0.129409 -0.569472
v 1.535613 0.499467 -0.571183
v 1.300184 0.495098 -0.961590
v 1.230025 0.491091 -0.842269
v 1.004650 0.728408 -0.993482
v 1.146102 0.804442 -1.050794
v 0.892530 0.809696 -1.225300
v 0.894351 1.083241 -1.219102
v 0.810756 1.526116 -1.141871
v 0.816448 1.074966 -1.157370
v 0.812388 0.741769 -1.153310
v 0.777035 1.525781 -1.221976
v 0.778693 1.043142 -1.264337
v 0.781525 0.720356 -1.284270
v 1.056589 0.712269 -1.119589
v 0.442023 1.526116 -1.309994
v 0.432254 1.056272 -1.362239
v 0.422841 0.704109 -1.396876
v 0.820362 0.236269 -1.373661
v 1.080804 0.124997 -1.177314
v 1.306312 0.127588 -0.962689
v 0.016932 0.703637 -1.412021
v 0.016932 1.038918 -1.363566
v 0.404552 0.239635 -1.475349
v 0.770941 0.174366 -1.259316
v 1.005985 0.085520 -1.073387
v 1.207536 0.081693 -0.879653
v 1.443071 0.081420 -0.522073
v 0.388583 0.177637 -1.364765
v 0.016932 0.178227 -1.419855
v 0.016932 0.238067 -1.520415
v 0.016932 1.527661 -1.229209
v 0.126040 1.527405 -1.227798
v 0.126295 1.061740 -1.236079
v 0.016932 1.062774 -1.239605
v 0.160665 1.041352 -1.355670
v 0.151634 1.526534 -1.318513
v 1.461644 0.442968 -0.209662
v 1.418783 0.564172 0.049070
v 1.462170 0.447677 0.342662
v 1.377083 0.411037 0.505348
v 1.352106 0.851394 0.501049
v 1.226446 0.805041 0.671529
v 1.442532 0.493825 -0.527513
v 0.819741 -0.240902 0.999198
v 0.941378 -0.178796 1.046757
v 0.916329 0.224471 1.023391
v 1.195684 0.291226 0.775610
v 1.238207 -0.157743 0.815976
v 1.452175 0.032582 0.455162
v 1.538782 0.060416 0.155477
v 1.470832 0.038694 -0.195157
v 1.418735 0.003640 0.127595
v 1.333570 -0.035085 0.407161
v 1.129732 -0.220638 0.736244
v 1.218988 4.259826 2.045383
v 1.412402 4.232402 1.783553
v 1.185715 4.197448 2.025355
v 1.010629 4.316163 2.189864
v 1.114174 4.385593 2.049097
v 1.058188 4.377473 2.026723
v 0.667921 1.461788 2.149478
v 0.625063 1.455303 1.993708
v 0.450714 1.455303 2.211612
v -0.190582 1.455303 2.268603
v 0.016932 1.455303 2.280596
v 0.224445 1.455303 2.268603
v 0.497003 1.475913 2.251801
v 0.665421 1.687407 2.177675
v 0.447393 1.809145 2.343519
v 1.253209 1.201722 0.442869
v 1.326208 1.417435 0.311788
v 1.268528 1.293477 0.447547
v 1.253209 0.522601 0.442869
v 1.253209 0.974180 0.442869
v 1.163301 1.219157 0.655510
v 1.175116 1.270447 0.679340
v -0.722871 1.427938 2.265145
v -0.689459 1.441206 2.017917
v -0.670097 1.201438 2.021348
v -0.591200 1.455303 1.993708
v -0.591200 1.223807 1.993708
v -0.568429 1.176546 1.884723
v -0.460833 0.940305 1.932721
v -0.406218 1.187297 1.916837
v 0.281622 -0.128321 -0.412103
v 0.248972 0.314615 -0.355549
v 0.136973 0.314615 -0.401639
v 0.153865 -0.128324 -0.464677
v 0.016932 0.314615 -0.417722
v 0.016932 -0.128328 -0.483025
v 0.527967 -0.128324 0.183280
v 0.464926 0.314615 0.166393
v 0.481007 0.314612 0.046352
v 0.546310 -0.128321 0.046352
v 0.527967 -0.128321 -0.090579
v 0.464926 0.314621 -0.073689
v 0.475387 -0.128324 -0.218338
v 0.418834 0.314612 -0.185685
v 0.391036 -0.128317 -0.327749
v 0.344888 0.314612 -0.281601
v 0.281622 -0.128321 -0.412103
v 0.248972 0.314615 -0.355549
v 0.674873 1.718448 2.028201
v 0.754880 1.587058 2.051261
v 0.673904 1.572672 1.989625
v 0.656294 2.195380 1.992016
v 0.703499 1.572683 1.896067
v 0.153865 -0.128321 0.557383
v 0.016932 -0.128321 0.575728
v 0.016932 0.314612 0.510425
v 0.136973 0.314615 0.494344
v 0.248972 0.314621 0.448252
v 0.281622 -0.128324 0.504805
v 0.391036 -0.128324 0.420452
v 0.344888 0.314615 0.374303
v 0.418834 0.314615 0.278388
v 0.475387 -0.128324 0.311040
v 0.811202 0.245255 0.966048
v 0.762966 0.784234 0.895423
v 0.802000 0.731820 1.003652
v 0.579221 0.750457 1.124339
v 0.302805 -0.343074 1.528042
v 0.563725 -0.298738 1.358506
v 0.620784 -0.232982 1.468488
v 0.868511 -0.169624 1.113957
v 0.819741 -0.240902 0.999198
v 0.837983 0.260788 1.074308
v 0.624757 0.697453 1.242582
v 0.336987 0.729909 1.262745
v 0.341915 0.677770 1.391201
v 0.620655 0.237567 1.383219
v 0.338254 0.228539 1.534541
v 0.016932 0.711727 1.295873
v 0.016932 0.660734 1.435816
v 0.016932 0.219138 1.593393
v 0.339358 -0.279108 1.656055
v 0.016932 -0.280666 1.736022
v 0.016932 -0.343139 1.588614
v 0.016932 0.314612 0.510425
v 0.016932 0.314607 0.046355
v 0.136973 0.314615 0.494344
v 0.248972 0.314621 0.448252
v 0.344888 0.314615 0.374303
v 0.418834 0.314615 0.278388
v 0.464926 0.314615 0.166393
v 0.481007 0.314612 0.046352
v 0.464926 0.314621 -0.073689
v 0.418834 0.314612 -0.185685
v 0.344888 0.314612 -0.281601
v 0.248972 0.314615 -0.355549
v 0.136973 0.314615 -0.401639
v 0.016932 0.314615 -0.417722
v -1.638820 2.897992 0.548130
v -1.638857 2.731426 0.573500
v -1.638820 2.564837 0.548127
v -1.638795 2.408788 0.479725
v 1.672684 2.272796 0.375829
v 1.672659 2.408788 0.479725
v 1.672687 2.731426 -0.091186
v 1.672684 2.564837 0.548127
v 1.672720 2.731426 0.573500
v 1.672684 2.897992 0.548130
v 1.672684 2.897992 -0.730500
v 1.672720 2.731398 -0.755853
v 1.672684 2.564840 -0.730503
v 1.672659 2.408788 -0.662126
v 1.672684 2.272799 -0.558233
v 1.672720 2.168018 -0.423522
v 1.672681 2.106236 -0.263439
v 1.672656 2.086168 -0.091155
v 1.672681 2.106236 0.081098
v 1.672720 2.168018 0.241135
v 1.672659 3.054077 0.479728
v 1.672684 3.190044 0.375829
v 1.672720 3.294794 0.241135
v 1.672681 3.356610 0.081101
v 1.672656 3.376672 -0.091155
v 1.672681 3.356610 -0.263442
v 1.672720 3.294794 -0.423522
v 1.672684 3.190044 -0.558233
v 1.672659 3.054049 -0.662123
v 1.682676 2.483948 -0.757480
v 1.575456 2.465089 -0.672016
v 1.412425 2.088928 -0.910067
v 1.180019 1.659079 -1.052418
v 1.241886 3.372992 -1.220077
v 0.999143 3.372992 -1.411883
v 0.813110 3.372992 -1.531278
v 1.894142 2.975515 -0.339576
v 1.918554 2.991306 -0.355617
v -1.345175 3.345483 1.837555
v -1.254769 3.344444 1.700922
v -1.025092 3.343179 2.048153
v -1.081302 3.343011 2.139113
v -0.747855 3.342505 2.335654
v -0.683873 3.342111 2.161223
v -0.385760 3.339695 2.456560
v -0.326116 3.340622 2.190698
v 0.016932 3.339302 2.376565
v 0.016932 3.338852 2.487038
v 0.419624 3.340117 2.456552
v 0.359980 3.340622 2.190698
v -1.712952 3.343685 0.327169
v -1.659464 3.335396 -0.060930
v -1.612607 3.340088 -0.050660
v -1.540727 3.343039 0.334938
v -1.699993 3.344697 0.713724
v -1.312407 3.344078 0.636979
v -1.281774 3.345315 0.958596
v -1.658725 3.346635 1.108559
v -1.329746 3.344781 1.338430
v -1.548060 3.345062 1.493125
v -1.422754 3.372992 -0.981759
v -1.570348 3.372963 -0.704829
v -1.615842 3.372963 -0.453677
v -1.637536 3.371952 -0.202497
v -1.212037 1.205774 0.442874
v -0.785878 -0.240902 0.999198
v -0.779840 -0.090163 0.979735
v -0.545119 -0.140189 1.324078
v -0.529861 -0.298738 1.358506
v -0.278551 -0.179509 1.507604
v -0.268942 -0.343074 1.528042
v 0.016932 -0.186191 1.575056
v 0.016932 -0.343139 1.588614
v -1.409208 0.081420 -0.522073
v -1.360013 0.182832 -0.528199
v -1.411776 0.157757 -0.189684
v -1.436969 0.038694 -0.195157
v -1.376240 0.125936 0.133973
v -1.384872 0.003640 0.127595
v -1.289524 0.081687 0.420620
v -1.299706 -0.035085 0.407161
v -1.096127 -0.049521 0.735682
v -1.095868 -0.220638 0.736244
v 0.016932 0.178227 -1.419855
v 0.016932 0.288239 -1.388166
v -0.336448 0.288734 -1.361380
v -0.354720 0.177637 -1.364765
v -0.667351 0.274893 -1.261915
v -0.737077 0.174366 -1.259316
v -0.946597 0.196187 -1.083101
v -0.972121 0.085520 -1.073387
v -1.167021 0.185024 -0.865880
v -1.173672 0.081693 -0.879653
v 1.672684 2.272799 -0.558233
v 1.672720 2.168018 -0.423522
v 1.672681 2.106236 -0.263439
v 1.672656 2.086168 -0.091155
v 1.672681 2.106236 0.081098
v 1.672720 2.168018 0.241135
v 1.672684 2.272796 0.375829
v 1.853127 2.450750 0.405506
v 1.672659 2.408788 0.479725
v 1.853150 2.586476 0.465004
v 1.672684 2.564837 0.548127
v 1.853184 2.731426 0.487081
v -1.059709 -0.009260 -0.167524
v -1.059725 -0.011476 -0.154234
v -1.100448 -0.008965 -0.160046
v -1.064353 -0.013466 -0.141732
v -1.073027 -0.015006 -0.131536
v -1.084702 -0.015887 -0.124874
v -1.097978 -0.016017 -0.122544
v -1.111238 -0.015383 -0.124826
v -1.122896 -0.014059 -0.131450
v -1.131536 -0.012203 -0.141619
v -1.136124 -0.010039 -0.154096
v -1.136107 -0.007820 -0.167386
v -1.131480 -0.005827 -0.179888
v -1.122812 -0.004290 -0.190086
v -1.111134 -0.003406 -0.196755
v -1.097869 -0.003275 -0.199076
v -1.084601 -0.003906 -0.196790
v -1.072946 -0.005234 -0.190166
v -1.064303 -0.007089 -0.180000
vn -0.0078 -0.6831 0.7302
vn -0.0078 -0.7838 -0.6210
vn -0.1632 -0.7845 -0.5982
vn -0.3871 -0.8052 -0.4491
vn -0.2877 -0.8086 -0.5132
vn 0.3378 -0.7463 0.5735
vn -0.1706 -0.8222 -0.5430
vn 0.1651 -0.7466 0.6445
vn -0.0078 -0.7452 0.6668
vn 0.1807 -0.6915 0.6994
vn -0.3109 -0.7848 -0.5362
vn 0.3627 -0.6860 0.6308
vn 0.5108 -0.6915 0.5108
vn 0.4700 -0.7520 0.4622
vn 0.0002 -0.8073 -0.5901
vn -0.4412 -0.7815 -0.4411
vn -0.5362 -0.7848 -0.3108
vn 0.6973 -0.6895 -0.1959
vn 0.7303 -0.6831 -0.0078
vn -0.6209 -0.7839 -0.0077
vn 0.6994 -0.6915 0.1807
vn -0.5982 -0.7846 -0.1631
vn 0.6308 -0.6860 0.3627
vn 0.5663 -0.7551 0.3303
vn -0.4669 -0.8015 -0.3736
vn 0.2413 -0.9110 -0.3346
vn 0.6519 -0.7383 0.1728
vn 0.6667 -0.7451 -0.0157
vn 0.7302 -0.6831 -0.0157
vn 0.7061 -0.6826 -0.1883
vn 0.1560 -0.9825 -0.1013
vn 0.6256 -0.6881 -0.3675
vn 0.1558 -0.9817 -0.1091
vn 0.1322 -0.9720 -0.1944
vn 0.5067 -0.6859 -0.5223
vn 0.3591 -0.6792 -0.6401
vn 0.1400 -0.9641 -0.2255
vn 0.0931 -0.9766 -0.1937
vn 0.5787 -0.7430 -0.3363
vn 0.6436 -0.7456 -0.1727
vn 0.1634 -0.7391 -0.6535
vn 0.1788 -0.6840 -0.7073
vn -0.1646 -0.7919 0.5881
vn -0.0078 -0.7914 0.6113
vn -0.0077 -0.6754 -0.7375
vn -0.0077 -0.7375 -0.6753
vn -0.0077 -0.9644 -0.2644
vn 0.0466 -0.9695 -0.2405
vn -0.3134 -0.7913 0.5250
vn 0.6271 -0.6820 -0.3763
vn -0.5387 -0.7885 0.2967
vn -0.4441 -0.7869 0.4285
vn 0.3278 -0.7415 -0.5854
vn -0.5996 -0.7865 0.1480
vn 0.4676 -0.7403 -0.4831
vn -0.0078 -0.9547 0.2974
vn -0.0077 -0.9603 -0.2788
vn 0.0311 -0.9639 -0.2643
vn -0.1092 -0.9358 0.3353
vn -0.2795 -0.9315 0.2329
vn 0.1397 -0.9642 -0.2255
vn 0.0930 -0.9766 -0.1938
vn -0.0233 -0.9621 -0.2716
vn 0.0463 -0.9696 -0.2403
vn -0.0078 -0.9644 -0.2643
vn -0.0079 -0.8912 0.4535
vn -0.1408 -0.8356 0.5310
vn -0.2655 -0.8592 0.4374
vn -0.4983 -0.7786 0.3815
vn 0.0078 -0.9778 -0.2095
vn -0.3798 -0.8992 0.2170
vn -0.3578 -0.9021 0.2411
vn -0.4903 -0.8015 0.3424
vn 0.1164 -0.9854 -0.1242
vn -0.4604 -0.8739 0.1561
vn 0.1797 -0.9767 -0.1172
vn -0.5357 -0.8384 -0.1010
vn -0.5421 -0.8053 -0.2401
vn 0.1557 -0.9809 -0.1168
vn -0.4356 -0.8945 0.1011
vn 0.1557 -0.9818 -0.1091
vn 0.1558 -0.9826 -0.1014
vn -0.4867 -0.8730 -0.0309
vn 0.1951 -0.9755 -0.1015
vn 0.2411 -0.9567 -0.1633
vn -0.4640 -0.7811 -0.4177
vn -0.4031 -0.7131 -0.5736
vn -0.4592 -0.8717 -0.1712
vn -0.4275 -0.8162 -0.3886
vn 0.2264 -0.9679 -0.1093
vn -0.3394 -0.8100 -0.4783
vn -0.3329 -0.7975 -0.5032
vn -0.1864 -0.8078 -0.5592
vn -0.3871 -0.8053 -0.4491
vn -0.4670 -0.8015 -0.3735
vn 0.2413 -0.9109 -0.3348
vn -0.2331 -0.9013 -0.3652
vn 0.2036 -0.9788 0.0235
vn 0.2111 -0.9773 0.0157
vn -0.1086 -0.8223 -0.5586
vn -0.0078 -0.8074 -0.5900
vn -0.0078 -0.8296 -0.5583
vn -0.3802 -0.7992 -0.4655
vn 0.1017 -0.9928 0.0626
vn -0.2165 -0.7735 -0.5956
vn -0.0078 -0.9975 0.0701
vn -0.0078 -0.7630 -0.6463
vn -0.6608 -0.7308 0.1710
vn -0.7073 -0.6840 0.1788
vn -0.7374 -0.6753 -0.0155
vn -0.5769 -0.7484 0.3274
vn -0.6401 -0.6792 0.3591
vn -0.7375 -0.6753 -0.0078
vn -0.6753 -0.7374 -0.0155
vn -0.7139 -0.6751 -0.1862
vn -0.6527 -0.7381 -0.1709
vn -0.5890 -0.7362 -0.3332
vn -0.7052 -0.6820 -0.1938
vn 0.6112 -0.7914 -0.0079
vn 0.5881 -0.7918 -0.1647
vn 0.5250 -0.7913 -0.3134
vn -0.5223 -0.6860 0.5066
vn -0.6365 -0.6753 -0.3726
vn 0.4285 -0.7868 -0.4442
vn 0.2967 -0.7885 -0.5388
vn -0.5181 -0.6805 -0.5181
vn -0.3726 -0.6753 -0.6365
vn -0.3416 -0.7377 -0.5824
vn -0.4796 -0.7349 -0.4796
vn -0.5181 -0.6806 -0.5181
vn 0.5275 -0.7951 0.2992
vn 0.5896 -0.7938 0.1493
vn 0.4314 -0.7923 0.4315
vn 0.2992 -0.7951 0.5275
vn -0.1937 -0.6820 -0.7053
vn 0.1495 -0.7938 0.5895
vn -0.0078 -0.6754 -0.7374
vn -0.1784 -0.7371 -0.6518
vn -0.0078 -0.7374 -0.6754
vn -0.1937 -0.6820 -0.7052
vn -0.0078 -0.6754 -0.7375
vn -0.0079 -0.9644 -0.2645
vn -0.0620 -0.9687 -0.2403
vn -0.1551 -0.9619 -0.2250
vn -0.1084 -0.9751 -0.1933
vn -0.6350 -0.6814 -0.3639
vn 0.3739 -0.8100 -0.4518
vn 0.4546 -0.8073 -0.3763
vn -0.2559 -0.9073 -0.3335
vn -0.1474 -0.9699 -0.1940
vn -0.1711 -0.9801 -0.1011
vn -0.1710 -0.9792 -0.1088
vn -0.4821 -0.7464 0.4588
vn -0.3516 -0.7423 0.5704
vn 0.2734 -0.8122 -0.5154
vn 0.1556 -0.8243 -0.5444
vn -0.1803 -0.7446 0.6427
vn -0.0079 -0.7452 0.6668
vn -0.0079 -0.6831 0.7303
vn -0.1959 -0.6895 0.6973
vn -0.3763 -0.6820 0.6271
vn -0.0077 -0.7838 -0.6210
vn 0.1479 -0.7864 -0.5997
vn 0.6111 -0.7915 -0.0079
vn 0.5894 -0.7939 0.1493
vn 0.6519 -0.7384 0.1728
vn 0.6750 -0.7378 -0.0078
vn 0.6500 -0.7363 -0.1879
vn 0.5879 -0.7920 -0.1646
vn 0.5248 -0.7915 -0.3134
vn 0.5789 -0.7355 -0.3520
vn 0.4763 -0.7341 -0.4840
vn 0.4284 -0.7870 -0.4440
vn 0.2966 -0.7886 -0.5386
vn 0.3351 -0.7327 -0.5923
vn 0.1710 -0.7308 -0.6608
vn 0.1479 -0.7865 -0.5996
vn -0.0078 -0.7300 -0.6834
vn -0.0078 -0.7839 -0.6208
vn -0.1948 -0.9739 -0.1169
vn -0.1708 -0.9784 -0.1165
vn 0.4228 -0.9005 0.1018
vn 0.4748 -0.8795 -0.0311
vn -0.2100 -0.9725 -0.1011
vn 0.4468 -0.8779 -0.1724
vn 0.4147 -0.8216 -0.3912
vn -0.2559 -0.9074 -0.3334
vn 0.4546 -0.8073 -0.3762
vn 0.3257 -0.8142 -0.4807
vn 0.3739 -0.8100 -0.4517
vn 0.3191 -0.8015 -0.5058
vn -0.1710 -0.9793 -0.1087
vn -0.0232 -0.9759 -0.2169
vn -0.0000 -0.9624 -0.2716
vn 0.2651 -0.9354 0.2339
vn 0.3758 -0.9004 0.2192
vn -0.1083 -0.9752 -0.1933
vn 0.3434 -0.9054 0.2498
vn -0.1403 -0.9822 -0.1247
vn 0.4479 -0.8801 0.1573
vn 0.5244 -0.8453 -0.1018
vn 0.4783 -0.8076 0.3450
vn 0.4894 -0.7815 0.3869
vn 0.2435 -0.8643 0.4401
vn 0.5310 -0.8121 -0.2420
vn -0.2557 -0.9530 -0.1627
vn -0.2411 -0.9644 -0.1088
vn -0.2259 -0.9737 0.0312
vn 0.1789 -0.8089 -0.5600
vn -0.2260 -0.9740 0.0156
vn 0.3668 -0.8039 -0.4682
vn -0.1171 -0.9916 0.0547
vn 0.2183 -0.9044 -0.3666
vn 0.3900 -0.7176 -0.5771
vn 0.4518 -0.7867 -0.4206
vn 0.0933 -0.8236 -0.5594
vn 0.1556 -0.8243 -0.5443
vn -0.0077 -0.8074 -0.5900
vn -0.0077 -0.8296 -0.5582
vn -0.0078 -0.7631 -0.6463
vn 0.2018 -0.7760 -0.5975
vn -0.0000 -0.9853 -0.1707
vn -0.0000 -0.9840 -0.1782
vn 0.0155 -0.9852 -0.1707
vn 0.0078 -0.9823 -0.1871
vn 0.0078 -0.9809 -0.1946
vn 0.0156 -0.9808 -0.1946
vn 0.0233 -0.9806 -0.1946
vn 0.0312 -0.9819 -0.1870
vn 0.0387 -0.9833 -0.1781
vn 0.0388 -0.9846 -0.1706
vn 0.0311 -0.9861 -0.1630
vn 0.0311 -0.9873 -0.1555
vn 0.0233 -0.9876 -0.1555
vn 0.0156 -0.9877 -0.1555
vn 0.0078 -0.9878 -0.1556
vn 0.0078 -0.9866 -0.1631
vn -0.0000 -0.9866 -0.1631
vn 0.8585 0.0945 -0.5041
vn 0.9825 0.0396 -0.1822
vn 0.8887 -0.3932 -0.2359
vn 0.2644 -0.9564 -0.1244
vn 0.2645 -0.9412 -0.2100
vn 0.8906 -0.4492 0.0709
vn 0.9873 -0.0158 0.1580
vn 0.8718 -0.0793 0.4834
vn 0.7772 -0.3454 -0.5260
vn 0.2335 -0.9263 -0.2958
vn -0.3115 -0.9500 0.0234
vn -0.3564 -0.9297 -0.0930
vn -0.3565 -0.9068 -0.2248
vn 0.2331 -0.9713 -0.0466
vn 0.7885 -0.4968 0.3627
vn 0.5900 -0.5427 0.5978
vn 0.6482 -0.1265 0.7509
vn 0.3402 -0.1661 0.9256
vn 0.2876 -0.9327 -0.2177
vn 0.2494 -0.9194 -0.3040
vn 0.2880 -0.9495 -0.1245
vn -0.3172 -0.8821 -0.3482
vn 0.1795 -0.9835 0.0234
vn 0.3148 -0.5745 0.7555
vn -0.2322 -0.8669 -0.4412
vn 0.1945 -0.9801 0.0389
vn 0.2571 -0.9659 -0.0312
vn 0.1092 -0.9903 0.0858
vn 0.3425 -0.8718 -0.3503
vn 0.2565 -0.8550 -0.4508
vn -0.1479 -0.9887 0.0234
vn -0.1555 -0.9871 0.0389
vn 0.1399 -0.8470 -0.5129
vn -0.0776 -0.9933 0.0854
vn 0.0155 -0.8448 -0.5348
vn 0.0156 -0.9948 0.1011
vn -0.1161 -0.8517 -0.5110
vn 0.1016 -0.9929 0.0625
vn 0.0156 -0.9968 0.0779
vn -0.0700 -0.9956 0.0622
vn 0.0078 -0.5886 0.8084
vn -0.2978 -0.5877 0.7523
vn -0.5694 -0.5694 0.5929
vn -0.0000 -0.1809 0.9835
vn -0.3462 -0.1810 0.9205
vn -0.6453 -0.1574 0.7476
vn -0.7612 -0.5360 0.3651
vn -0.2019 -0.9783 -0.0466
vn -0.8521 -0.1251 0.5082
vn -0.9828 -0.0858 0.1638
vn -0.8694 -0.4891 0.0699
vn -0.9822 -0.0156 -0.1871
vn -0.2333 -0.9644 -0.1244
vn -0.8717 -0.4320 -0.2314
vn -0.8673 0.0464 -0.4956
vn -0.7663 -0.3793 -0.5186
vn -0.6513 0.1008 -0.7521
vn -0.5720 -0.3323 -0.7499
vn -0.3506 0.1324 -0.9271
vn -0.3107 -0.3029 -0.9010
vn 0.1087 -0.9012 -0.4195
vn 0.0155 -0.9004 -0.4347
vn 0.0156 -0.9773 0.2111
vn 0.1488 -0.9709 0.1879
vn -0.0699 -0.9157 -0.3958
vn -0.1473 -0.9226 -0.3566
vn -0.2013 -0.9367 -0.2864
vn -0.2335 -0.9494 -0.2101
vn 0.3885 -0.8935 -0.2253
vn -0.2185 -0.9753 -0.0310
vn -0.2555 -0.9598 -0.1161
vn -0.2554 -0.9440 -0.2089
vn 0.3913 -0.9155 -0.0939
vn 0.3442 -0.9386 0.0235
vn 0.2571 -0.9583 0.1247
vn -0.0774 -0.9052 -0.4179
vn -0.2241 -0.9268 -0.3012
vn -0.1627 -0.9139 -0.3718
vn -0.0079 -0.7915 0.6111
vn -0.0078 -0.7378 0.6750
vn 0.1728 -0.7384 0.6518
vn 0.1493 -0.7939 0.5894
vn 0.3382 -0.7395 0.5821
vn 0.2992 -0.7953 0.5273
vn 0.4799 -0.7395 0.4720
vn 0.4313 -0.7924 0.4314
vn 0.5274 -0.7952 0.2991
vn 0.5821 -0.7395 0.3382
vn 0.1728 -0.7382 0.6521
vn -0.0000 -0.7377 0.6751
vn -0.0078 -0.9999 -0.0078
vn 0.3382 -0.7393 0.5822
vn 0.4799 -0.7395 0.4721
vn 0.5821 -0.7394 0.3384
vn 0.6520 -0.7383 0.1728
vn 0.6751 -0.7377 -0.0079
vn 0.6502 -0.7361 -0.1880
vn 0.5790 -0.7354 -0.3521
vn 0.4765 -0.7339 -0.4841
vn 0.3353 -0.7325 -0.5924
vn 0.1711 -0.7307 -0.6609
vn -0.0077 -0.7300 -0.6834
vn -0.0155 0.1556 -0.9877
vn -0.0000 -0.2881 -0.9576
vn 0.3287 0.1565 -0.9314
vn 0.1786 -0.9167 -0.3574
vn -0.2259 -0.9661 0.1247
vn 0.1010 -0.9092 -0.4040
vn -0.1093 -0.9762 0.1874
vn 0.0156 -0.9108 -0.4126
vn 0.3029 -0.2874 -0.9087
vn 0.6267 0.1332 -0.7678
vn 0.5725 -0.3058 -0.7607
vn 0.1864 -0.9089 -0.3730
vn 0.1552 -0.8147 -0.5587
vn 0.0078 -0.8074 -0.5900
vn 0.0155 -0.9865 -0.1631
vn 0.2795 -0.8308 -0.4814
vn 0.3724 -0.8534 -0.3646
vn 0.4129 -0.8803 -0.2337
vn 0.4138 -0.9055 -0.0937
vn -0.0078 -0.9840 -0.1782
vn 0.3603 -0.9320 0.0392
vn -0.2580 -0.7428 0.6177
vn -0.6643 -0.6956 0.2736
vn -0.7591 -0.6506 0.0232
vn -0.4910 -0.7248 0.4832
vn -0.1554 -0.9871 0.0389
vn 0.0155 -0.9948 0.1011
vn 0.0156 -0.7486 0.6628
vn -0.2185 -0.9753 -0.0309
vn -0.0774 -0.9052 -0.4178
vn -0.2631 -0.4952 -0.8280
vn -0.4935 -0.5243 -0.6940
vn -0.1627 -0.9140 -0.3718
vn -0.2241 -0.9269 -0.3011
vn -0.6656 -0.5650 -0.4876
vn -0.7595 -0.6045 -0.2402
vn -0.2555 -0.9440 -0.2088
vn -0.0000 -0.4810 -0.8767
vn 0.1086 -0.9012 -0.4197
vn 0.0078 -0.9808 -0.1946
vn -0.0000 -0.9809 -0.1946
vn -0.0078 -0.9823 -0.1871
vn 0.2730 -0.9517 0.1404
vn 0.1557 -0.9652 0.2102
vn 0.2651 -0.4834 -0.8343
vn 0.1864 -0.9089 -0.3731
vn 0.0234 -0.9821 -0.1871
vn 0.5072 -0.4994 -0.7023
vn 0.0233 -0.9837 -0.1781
vn -0.3574 -0.9324 0.0543
vn -0.2560 -0.9541 0.1552
vn -0.1246 -0.9661 0.2260
vn 0.0157 -0.9700 0.2425
vn 0.6817 -0.5328 -0.5015
vn 0.0233 -0.9851 -0.1706
vn -0.4111 -0.9076 -0.0853
vn -0.4193 -0.8774 -0.2330
vn 0.0156 -0.9852 -0.1706
vn -0.3714 -0.8510 -0.3714
vn 0.1947 -0.9801 0.0389
vn 0.2813 -0.7346 0.6174
vn 0.5189 -0.7076 0.4796
vn 0.6915 -0.6679 0.2750
vn 0.7845 -0.6197 0.0235
vn 0.7789 -0.5744 -0.2518
vn 0.2876 -0.9327 -0.2176
vn 0.2494 -0.9195 -0.3039
vn 0.2571 -0.9659 -0.0311
vn -0.1552 -0.9620 -0.2247
vn 0.0937 -0.9372 0.3359
vn -0.0389 -0.9637 -0.2642
vn -0.0622 -0.9688 -0.2401
vn -0.0078 -0.9644 -0.2644
vn -0.0078 -0.8912 0.4536
vn 0.1252 -0.8373 0.5322
vn -0.2713 -0.8294 -0.4883
vn -0.1394 -0.8130 -0.5653
vn 0.0077 -0.8074 -0.5900
vn 0.0157 -0.7486 0.6628
vn -0.5227 -0.7021 0.4836
vn -0.2018 -0.9783 0.0467
vn -0.2643 -0.9639 -0.0311
vn -0.6941 -0.6629 0.2808
vn -0.0388 -0.9859 -0.1630
vn -0.7837 -0.6207 0.0233
vn -0.0311 -0.9861 -0.1631
vn -0.2885 -0.7330 0.6160
vn -0.1168 -0.9887 0.0936
vn -0.0233 -0.9938 0.1087
vn -0.0236 -0.7450 0.6666
vn -0.0233 -0.9863 -0.1631
vn 0.1168 -0.8252 -0.5527
vn 0.2409 -0.8469 -0.4740
vn 0.3338 -0.8692 -0.3648
vn 0.3745 -0.8972 -0.2341
vn -0.0465 -0.9855 -0.1630
vn 0.3752 -0.9222 -0.0938
vn -0.0465 -0.9843 -0.1705
vn 0.3207 -0.9464 0.0391
vn -0.0232 -0.8135 -0.5811
vn -0.0154 -0.4810 -0.8766
vn -0.0233 -0.9003 -0.4346
vn 0.0696 -0.9057 -0.4182
vn -0.1167 -0.9004 -0.4192
vn -0.2855 -0.4862 -0.8259
vn -0.0311 -0.9804 -0.1945
vn -0.5161 -0.5018 -0.6942
vn -0.0389 -0.9816 -0.1870
vn -0.6898 -0.5346 -0.4882
vn -0.0468 -0.9827 -0.1794
vn -0.7830 -0.5737 -0.2403
vn -0.2014 -0.9062 -0.3718
vn -0.2645 -0.9180 -0.2956
vn -0.2953 -0.9321 -0.2096
vn -0.2954 -0.9482 -0.1166
vn 0.7524 -0.6583 0.0235
vn 0.7529 -0.6116 -0.2431
vn 0.2427 -0.9468 -0.2115
vn 0.2410 -0.9635 -0.1167
vn 0.6599 -0.6992 0.2750
vn 0.2112 -0.9769 -0.0313
vn 0.1479 -0.9882 0.0389
vn 0.0699 -0.9939 0.0855
vn 0.2507 -0.7443 0.6190
vn 0.4851 -0.7276 0.4851
vn -0.0233 -0.9851 -0.1706
vn -0.0232 -0.9851 -0.1706
vn 0.6572 -0.5633 -0.5007
vn 0.2092 -0.9300 -0.3023
vn 0.1475 -0.9162 -0.3727
vn 0.4837 -0.5227 -0.7021
vn 0.2486 -0.4972 -0.8313
vn -0.0155 -0.9852 -0.1706
vn -0.3962 -0.9166 0.0544
vn -0.4518 -0.8880 -0.0857
vn -0.4565 -0.8589 -0.2321
vn -0.4092 -0.8338 -0.3706
vn -0.0234 -0.9821 -0.1871
vn -0.0233 -0.9806 -0.1945
vn -0.0155 -0.9839 -0.1782
vn -0.2956 -0.9412 0.1634
vn -0.1715 -0.9589 0.2261
vn -0.0313 -0.9697 0.2424
vn 0.1095 -0.9696 0.2190
vn 0.2343 -0.9608 0.1484
vn -0.3498 0.1477 -0.9251
vn -0.0078 0.1479 -0.9890
vn -0.0156 -0.2880 -0.9575
vn 0.3368 0.1332 -0.9321
vn -0.2716 -0.9544 0.1242
vn 0.1475 -0.9161 -0.3728
vn 0.0697 -0.9057 -0.4181
vn -0.1562 -0.9682 0.1952
vn -0.0234 -0.9755 0.2185
vn -0.0233 -0.9107 -0.4125
vn -0.1090 -0.9112 -0.3972
vn -0.3184 -0.2951 -0.9009
vn -0.5866 -0.3087 -0.7487
vn -0.6451 0.1244 -0.7539
vn -0.2405 -0.9699 -0.0388
vn -0.7861 -0.4981 0.3659
vn -0.8891 -0.4523 0.0702
vn -0.2716 -0.9544 -0.1242
vn -0.8892 -0.3943 -0.2319
vn -0.2717 -0.9393 -0.2096
vn -0.2414 -0.9267 -0.2881
vn -0.7844 -0.3494 -0.5125
vn -0.1862 -0.9154 -0.3568
vn 0.1015 -0.9755 0.1951
vn 0.2185 -0.9678 0.1249
vn 0.3043 -0.9521 0.0312
vn -0.1165 -0.9004 -0.4192
vn -0.2646 -0.9179 -0.2955
vn 0.3521 -0.9312 -0.0939
vn -0.2952 -0.9321 -0.2097
vn 0.3498 -0.9093 -0.2254
vn 0.3041 -0.8887 -0.3430
vn -0.2019 -0.9783 0.0466
vn -0.1871 -0.9821 0.0234
vn -0.5923 -0.5377 0.6001
vn -0.8631 0.0856 -0.4977
vn -0.9821 0.0234 -0.1871
vn -0.9859 -0.0388 0.1630
vn -0.8577 -0.0858 0.5069
vn -0.6520 -0.1335 0.7463
vn -0.3219 -0.5731 0.7536
vn -0.1093 -0.9915 0.0703
vn 0.1008 -0.8531 -0.5119
vn -0.0234 -0.8482 -0.5292
vn -0.1168 -0.9887 0.0935
vn 0.0699 -0.9939 0.0854
vn -0.1557 -0.8484 -0.5059
vn -0.2719 -0.8544 -0.4428
vn 0.2175 -0.8699 -0.4427
vn 0.1327 -0.9909 0.0234
vn -0.3503 -0.8718 -0.3425
vn 0.1945 -0.9801 -0.0389
vn -0.3950 -0.8908 -0.2246
vn 0.2185 -0.9678 -0.1249
vn 0.2186 -0.9527 -0.2109
vn 0.8709 -0.4315 -0.2354
vn 0.1938 -0.9382 -0.2869
vn 0.7621 -0.3771 -0.5264
vn 0.5667 -0.5667 0.5981
vn 0.7665 -0.5294 0.3635
vn 0.8742 -0.4804 0.0709
vn -0.0157 -0.5886 0.8083
vn -0.3540 -0.1652 0.9205
vn -0.0079 -0.1809 0.9835
vn 0.2906 -0.5891 0.7540
vn 0.3327 -0.1743 0.9268
vn 0.6414 -0.1505 0.7523
vn 0.8672 -0.1114 0.4853
vn 0.9855 -0.0631 0.1577
vn 0.9835 -0.0000 -0.1809
vn -0.0234 -0.9967 0.0779
vn 0.0622 -0.9956 0.0700
vn 0.0621 -0.9162 -0.3960
vn 0.1321 -0.9246 -0.3574
vn 0.2873 -0.3029 -0.9087
vn 0.5615 -0.3353 -0.7565
vn 0.6338 0.1017 -0.7668
vn 0.8610 0.0553 -0.5056
vn -0.3509 -0.9359 0.0312
vn 0.2093 -0.9300 -0.3023
vn 0.2410 -0.9635 -0.1166
vn 0.2426 -0.9468 -0.2113
vn -0.3950 -0.9140 -0.0930
vn 0.2111 -0.9770 -0.0312
vn 0.1480 -0.9882 0.0389
vn -0.0390 -0.9830 -0.1794
vn -0.0390 -0.9816 -0.1870
vn -0.0311 -0.9819 -0.1870
vn -0.0234 -0.9821 -0.1870
vn -0.0156 -0.9822 -0.1871
vn -0.0077 -0.9840 -0.1782
vn -0.0078 -0.9853 -0.1707
vn -0.0078 -0.9866 -0.1631
vn -0.0155 -0.9877 -0.1555
vn -0.0233 -0.9876 -0.1555
vn -0.0311 -0.9873 -0.1555
vn -0.0389 -0.9871 -0.1555
vn 0.9835 -0.0000 -0.1810
vn 0.2187 -0.9527 -0.2108
vn 0.1939 -0.9381 -0.2869
vn -0.3950 -0.9140 -0.0929
vn 0.7665 -0.5295 0.3635
vn 0.2409 -0.9635 -0.1166
vn -0.2718 -0.8545 -0.4427
vn 0.3040 -0.8888 -0.3430
vn -0.1167 -0.9888 0.0935
vn -0.0233 -0.8482 -0.5292
vn -0.1093 -0.9915 0.0702
vn -0.6521 -0.1336 0.7463
vn -0.8578 -0.0858 0.5068
vn -0.2716 -0.9544 -0.1241
vn -0.8892 -0.3944 -0.2320
vn -0.8631 0.0855 -0.4977
vn -0.7843 -0.3494 -0.5125
vn -0.0234 -0.9756 0.2185
vn 0.3497 -0.9093 -0.2254
vn 0.3044 -0.9520 0.0312
vn -0.3105 -0.8151 -0.4891
vn -0.1789 -0.8089 -0.5600
vn -0.0234 -0.7450 0.6666
vn -0.2019 -0.9783 0.0467
vn -0.6941 -0.6629 0.2807
vn -0.0234 -0.9938 0.1087
vn -0.0235 -0.7450 0.6666
vn 0.3337 -0.8692 -0.3648
vn 0.3752 -0.8988 -0.2267
vn -0.0466 -0.9855 -0.1630
vn 0.3751 -0.9222 -0.0938
vn -0.0155 -0.4810 -0.8766
vn -0.0233 -0.9003 -0.4347
vn -0.2856 -0.4863 -0.8258
vn -0.6897 -0.5347 -0.4882
vn -0.2953 -0.9322 -0.2096
vn 0.2426 -0.9468 -0.2114
vn 0.2111 -0.9770 -0.0313
vn 0.2093 -0.9299 -0.3023
vn -0.3961 -0.9166 0.0544
vn 0.1095 -0.9696 0.2189
vn -0.0078 0.1480 -0.9890
vn -0.0233 -0.8135 -0.5811
vn 0.7528 -0.6117 -0.2431
vn -0.0155 -0.9852 -0.1707
vn 0.4837 -0.5227 -0.7020
vn 0.0697 -0.9057 -0.4180
vn -0.2645 -0.9179 -0.2956
vn -0.5164 -0.5016 -0.6941
vn -0.1166 -0.9004 -0.4192
vn -0.0234 -0.9003 -0.4346
vn -0.2643 -0.9639 -0.0310
vn -0.0465 -0.9855 -0.1629
vn 0.3745 -0.8972 -0.2340
vn -0.5226 -0.7021 0.4837
vn -0.1168 -0.9888 0.0934
vn -0.0312 -0.9819 -0.1870
vn -0.0311 -0.9874 -0.1555
vn -0.0388 -0.9871 -0.1554
vn -0.3219 -0.5731 0.7537
vn -0.6520 -0.1335 0.7464
vn -0.0079 -0.1810 0.9835
vn 0.6414 -0.1504 0.7523
vn 0.2187 -0.9527 -0.2109
vn 0.7621 -0.3771 -0.5263
vn 0.2409 -0.9635 -0.1165
vn 0.2110 -0.9770 -0.0313
vn 0.1481 -0.9882 0.0389
vn 0.2874 -0.3029 -0.9087
vn -0.1862 -0.9154 -0.3569
vn -0.1164 -0.9004 -0.4192
vn -0.2015 -0.9062 -0.3718
vn 0.3522 -0.9312 -0.0939
vn -0.2954 -0.9482 -0.1165
vn -0.2644 -0.9639 -0.0311
vn -0.1870 -0.9821 0.0234
vn -0.9335 -0.0233 -0.3578
vn -0.9985 0.0546 0.0078
vn -0.9596 -0.0156 0.2809
vn -0.9634 -0.0466 -0.2641
vn -0.9712 -0.0777 0.2253
vn -0.9530 -0.0232 -0.3021
vn -0.9977 -0.0390 0.0546
vn -0.9525 0.0387 -0.3020
vn -0.9238 0.1165 -0.3648
vn -0.6141 0.2332 -0.7540
vn -0.6520 0.1397 -0.7452
vn -0.2255 0.2800 -0.9331
vn -0.9989 -0.0000 0.0468
vn -0.5846 0.0312 -0.8107
vn -0.5663 -0.0543 -0.8224
vn 0.1644 0.2741 -0.9475
vn 0.1716 0.1872 -0.9672
vn -0.2416 0.1948 -0.9506
vn -0.2331 0.0466 -0.9713
vn -0.2331 -0.0466 -0.9713
vn -0.5879 -0.0851 -0.8045
vn 0.2029 -0.0859 -0.9754
vn -0.2327 -0.0776 -0.9695
vn 0.5871 0.1331 -0.7985
vn 0.5083 0.0391 -0.8603
vn 0.1642 0.0469 -0.9853
vn 0.1719 -0.0391 -0.9843
vn 0.5025 -0.0393 -0.8637
vn 0.5541 -0.0937 -0.8272
vn 0.9437 -0.0157 -0.3303
vn 0.9513 -0.0315 -0.3066
vn 0.9633 0.0079 0.2685
vn 0.9696 0.0556 0.2384
vn 0.9674 -0.0872 0.2379
vn 0.9316 -0.0158 -0.3632
vn 0.9185 0.0471 -0.3925
vn 0.5484 0.2193 -0.8069
vn 0.9107 0.0871 -0.4038
vn 0.9997 -0.0238 -0.0080
vn 0.9961 -0.0158 -0.0869
vn -0.9005 -0.0078 -0.4347
vn -0.9999 -0.0078 -0.0078
vn -0.9041 0.1091 -0.4131
vn -0.9034 0.2103 -0.3738
vn -0.9051 0.2887 -0.3121
vn -0.9045 0.3665 -0.2183
vn -0.9070 0.4066 -0.1095
vn -0.9066 0.4220 -0.0078
vn -0.9741 0.2260 -0.0078
vn -0.7914 0.6112 -0.0078
vn -0.7947 0.5902 0.1416
vn -0.7929 0.5888 -0.1570
vn -0.7961 0.5230 -0.3044
vn -0.7951 0.4210 -0.4365
vn -0.7929 0.3032 -0.5286
vn -0.9109 -0.2180 0.3503
vn -0.8523 -0.2737 0.4457
vn -0.8488 -0.3816 0.3660
vn -0.9717 0.1088 -0.2099
vn -0.9729 0.1556 -0.1712
vn -0.9729 0.1946 -0.1245
vn -0.9739 0.2182 -0.0623
vn -0.8484 -0.5293 -0.0078
vn -0.9747 0.2184 0.0468
vn -0.8461 -0.5201 0.1164
vn -0.8484 -0.4670 0.2491
vn -0.9102 -0.3656 0.1945
vn -0.9087 -0.3029 0.2873
vn -0.8513 -0.3749 0.3671
vn -0.9070 -0.4108 0.0930
vn -0.9036 -0.4284 -0.0078
vn -0.8495 -0.5144 0.1169
vn 0.4952 -0.7624 0.4166
vn 0.5044 -0.6144 0.6067
vn 0.5000 -0.8437 0.1953
vn 0.4995 -0.8663 -0.0078
vn 0.4984 -0.8411 -0.2102
vn -0.8479 -0.5134 -0.1322
vn 0.4919 -0.7574 -0.4294
vn -0.8451 -0.4651 -0.2636
vn -0.8464 -0.3727 -0.3805
vn -0.9074 -0.3645 -0.2094
vn -0.9055 -0.4102 -0.1084
vn -0.8445 -0.5191 -0.1317
vn -0.8451 -0.4652 -0.2635
vn -0.8439 -0.3794 -0.3794
vn -0.9045 -0.3015 -0.3015
vn -0.9747 0.1950 0.1092
vn -0.8451 -0.1550 -0.5117
vn -0.9760 0.0547 0.2108
vn -0.9758 -0.0078 0.2186
vn -0.8463 -0.2718 -0.4581
vn -0.9747 0.1092 0.1950
vn -0.9753 0.1561 0.1561
vn -0.7999 0.5254 0.2902
vn -0.7978 0.4224 0.4302
vn -0.9074 0.3677 0.2034
vn -0.9084 0.4073 0.0940
vn -0.9095 0.2901 0.2979
vn -0.7994 0.3057 0.5173
vn -0.7984 0.1644 0.5792
vn -0.8019 -0.0079 0.5975
vn -0.7963 -0.1796 0.5777
vn -0.9066 -0.0078 0.4220
vn -0.9099 0.1098 0.4000
vn -0.9086 0.2115 0.3603
vn -0.9082 -0.1253 0.3993
vn -0.7955 -0.3198 0.5147
vn -0.9055 -0.2264 0.3590
vn -0.9052 -0.3043 0.2966
vn -0.9022 -0.3811 0.2022
vn -0.9026 -0.4202 0.0934
vn -0.9005 -0.4347 -0.0078
vn -0.8992 -0.3799 -0.2171
vn -0.9010 -0.3029 -0.3107
vn -0.9012 -0.4195 -0.1088
vn -0.7856 -0.5989 -0.1556
vn -0.7839 -0.6209 -0.0077
vn -0.7874 -0.6003 0.1404
vn -0.7932 -0.5366 0.2878
vn -0.7896 -0.5342 -0.3019
vn -0.9713 -0.2331 0.0466
vn -0.8553 0.5180 -0.0078
vn -0.8513 0.5077 -0.1327
vn -0.9706 -0.2407 -0.0078
vn -0.9705 -0.2329 -0.0621
vn -0.9699 -0.2095 -0.1241
vn -0.7872 -0.4322 -0.4399
vn -0.8529 0.5086 0.1174
vn -0.9704 -0.1708 -0.1708
vn -0.7891 -0.3172 -0.5261
vn -0.8537 0.3682 0.3682
vn -0.8546 0.4547 0.2509
vn -0.9127 0.3978 0.0936
vn -0.9095 0.4156 -0.0078
vn -0.9112 0.3972 -0.1090
vn -0.8554 0.5179 -0.0079
vn -0.9699 -0.1241 -0.2095
vn -0.8559 0.2591 0.4476
vn 0.5050 0.8364 -0.2131
vn 0.4978 0.7505 -0.4346
vn -0.8511 0.4529 -0.2655
vn -0.8546 0.5018 -0.1333
vn 0.5063 0.8623 -0.0079
vn -0.8563 0.5028 0.1178
vn -0.9153 0.3520 0.1956
vn -0.9129 0.2887 0.2887
vn -0.9139 0.2031 0.3515
vn -0.8562 0.3613 0.3692
vn 0.5067 0.8391 0.1979
vn -0.8580 0.2574 0.4446
vn 0.5066 0.4354 0.7441
vn 0.5091 0.6047 0.6125
vn 0.5011 0.7557 0.4216
vn -0.8544 -0.2719 0.4428
vn -0.9124 -0.1248 0.3899
vn -0.8551 -0.1569 0.4942
vn -0.9167 -0.0078 0.3996
vn -0.8519 -0.0078 0.5237
vn -0.8571 0.1415 0.4954
vn -0.9140 0.1094 0.3906
vn -0.8537 0.1410 0.5013
vn -0.8517 -0.1563 0.5001
vn -0.9718 -0.0699 -0.2254
vn -0.9724 -0.0078 -0.2334
vn -0.9727 0.0545 -0.2257
vn -0.7912 0.1629 -0.5895
vn -0.7943 -0.0078 -0.6074
vn -0.7891 -0.1779 -0.5879
vn -0.9003 -0.2251 -0.3725
vn -0.9025 -0.1245 -0.4123
vn 0.5042 -0.6146 0.6066
vn 0.9999 -0.0079 -0.0079
vn 0.5031 -0.4481 0.7390
vn 0.4978 -0.2528 0.8296
vn 0.5004 -0.0082 0.8658
vn 0.4997 0.2379 0.8329
vn 0.4932 0.2348 -0.8376
vn 0.4937 -0.0078 -0.8696
vn 0.4913 -0.2493 -0.8345
vn 0.4974 -0.4427 -0.7460
vn 0.4994 -0.6087 -0.6165
vn 0.4984 -0.8411 -0.2103
vn 0.4952 -0.7625 0.4164
vn 0.5067 0.4354 0.7441
vn 0.5092 0.6045 0.6126
vn 0.5012 0.7557 0.4216
vn 0.5067 0.8390 0.1981
vn 0.5063 0.8623 -0.0077
vn 0.5050 0.8364 -0.2129
vn 0.4978 0.7506 -0.4346
vn 0.5042 0.5988 -0.6223
vn 0.5007 0.4304 -0.7510
vn -0.7925 -0.4351 0.4274
vn -0.9717 -0.2099 0.1088
vn -0.9729 -0.1712 0.1556
vn -0.9729 -0.1245 0.1946
vn -0.8488 0.3660 -0.3816
vn -0.9124 0.3509 -0.2105
vn -0.9087 0.2874 -0.3029
vn -0.8498 0.2573 -0.4600
vn -0.9750 -0.0702 0.2106
vn -0.8470 0.1399 -0.5129
vn -0.9088 0.2020 -0.3651
vn -0.8512 0.3592 -0.3826
vn 0.5042 0.5987 -0.6224
vn -0.8449 -0.0078 -0.5349
vn 0.5007 0.4303 -0.7511
vn -0.8504 0.1405 -0.5071
vn -0.8520 0.2556 -0.4570
vn -0.9084 0.1087 -0.4037
vn -0.9109 -0.0078 -0.4126
vn -0.8484 -0.1557 -0.5059
vn -0.9068 -0.1240 -0.4030
vn -0.8485 -0.2700 -0.4551
vn -0.9059 -0.2168 -0.3639
vn 0.4973 -0.4430 -0.7459
vn 0.4913 -0.2496 -0.8344
vn 0.4936 -0.0079 -0.8697
vn 0.9016 0.3717 -0.2214
vn 0.9022 0.2928 -0.3166
vn 0.7893 0.4262 -0.4420
vn 0.8995 -0.1263 -0.4182
vn 0.8975 -0.0079 -0.4409
vn 0.7885 -0.0079 -0.6150
vn 0.9012 0.1107 -0.4190
vn 0.9004 0.2133 -0.3791
vn 0.7870 0.3069 -0.5352
vn 0.9708 0.1105 -0.2131
vn 0.9720 0.1581 -0.1738
vn 0.8443 -0.3867 0.3709
vn 0.7853 0.1649 -0.5968
vn 0.9718 0.0553 -0.2291
vn 0.8479 -0.2774 0.4517
vn 0.9082 -0.2211 0.3554
vn 0.9059 -0.3072 0.2915
vn 0.8474 -0.1584 0.5068
vn 0.9715 -0.0079 -0.2370
vn 0.9097 -0.1265 0.3955
vn 0.8475 -0.0079 0.5307
vn 0.9141 -0.0079 0.4054
vn 0.8494 0.1429 0.5080
vn 0.9709 -0.0710 -0.2289
vn 0.7831 -0.1801 -0.5952
vn 0.8973 -0.2283 -0.3778
vn 0.8980 -0.3072 -0.3150
vn 0.9114 0.1109 0.3963
vn 0.8528 0.1435 0.5021
vn 0.8516 0.2627 0.4537
vn 0.9690 -0.1260 -0.2127
vn 0.7832 -0.3211 -0.5325
vn 0.7812 -0.4375 -0.4453
vn 0.9695 -0.1734 -0.1734
vn 0.8494 0.3731 0.3732
vn 0.9113 0.2060 0.3566
vn 0.8538 0.2609 0.4506
vn 0.8519 0.3663 0.3742
vn 0.9102 0.2928 0.2928
vn 0.8502 0.4609 0.2543
vn -0.5115 0.2358 0.8263
vn -0.5122 -0.0080 0.8588
vn -0.5183 0.4319 0.7382
vn -0.5208 0.5996 0.6077
vn -0.5129 0.7496 0.4183
vn -0.5183 0.8323 0.1965
vn 0.8521 0.5096 0.1195
vn -0.5179 0.8554 -0.0077
vn 0.9690 -0.2127 -0.1260
vn 0.9127 0.3572 0.1984
vn 0.9100 0.4036 0.0950
vn 0.8511 0.5250 -0.0080
vn 0.9068 0.4216 -0.0079
vn 0.9085 0.4029 -0.1106
vn 0.8486 0.5155 0.1190
vn 0.9696 -0.2365 -0.0630
vn 0.9696 -0.2444 -0.0079
vn 0.8962 -0.3852 -0.2201
vn 0.7837 -0.5408 -0.3056
vn 0.7795 -0.6063 -0.1575
vn 0.7778 -0.6285 -0.0079
vn 0.9704 -0.2367 0.0474
vn 0.8982 -0.4255 -0.1103
vn 0.8975 -0.4409 -0.0079
vn 0.8997 -0.4262 0.0947
vn 0.7813 -0.6077 0.1421
vn 0.8992 -0.3865 0.2051
vn 0.7874 -0.5433 0.2913
vn 0.9708 -0.2131 0.1105
vn 0.8469 0.5145 -0.1346
vn 0.8467 0.4590 -0.2691
vn 0.9720 -0.1738 0.1581
vn 0.8444 0.3709 -0.3867
vn 0.9721 -0.1265 0.1976
vn 0.7897 -0.3237 0.5212
vn 0.7904 -0.1818 0.5849
vn 0.9742 -0.0713 0.2139
vn 0.8454 0.2607 -0.4661
vn 0.8425 0.1417 -0.5197
vn 0.9098 0.3560 -0.2136
vn 0.9059 0.2915 -0.3072
vn 0.9060 0.2049 -0.3703
vn 0.9056 0.1103 -0.4095
vn 0.8503 0.5086 -0.1351
vn 0.8467 0.4590 -0.2690
vn 0.8468 0.3640 -0.3878
vn 0.8476 0.2590 -0.4631
vn 0.8460 0.1423 -0.5139
vn -0.5123 0.4270 -0.7451
vn -0.5049 0.2332 -0.8311
vn -0.5166 0.8297 -0.2113
vn -0.5095 0.7447 -0.4311
vn -0.5158 0.5941 -0.6173
vn 0.9082 -0.0079 -0.4185
vn 0.8404 -0.0079 -0.5419
vn -0.5053 -0.0076 -0.8629
vn 0.8440 -0.1577 -0.5127
vn -0.5030 -0.2476 -0.8281
vn 0.8441 -0.2736 -0.4612
vn -0.5089 -0.4395 -0.7402
vn 0.8419 -0.3777 -0.3855
vn 0.9040 -0.1258 -0.4087
vn 0.9030 -0.2199 -0.3691
vn 0.9017 -0.3058 -0.3058
vn 0.9046 -0.3697 -0.2124
vn 0.8393 -0.3844 -0.3844
vn 0.8405 -0.4713 -0.2671
vn 0.9739 0.1980 0.1109
vn 0.8400 -0.5260 -0.1335
vn 0.9027 -0.4160 -0.1099
vn 0.8434 -0.5202 -0.1340
vn 0.8440 -0.5363 -0.0079
vn 0.9739 0.2217 0.0475
vn 0.8440 -0.5364 -0.0079
vn 0.9006 -0.4345 -0.0079
vn 0.9041 -0.4167 0.0943
vn 0.8451 -0.5213 0.1185
vn 0.9075 -0.3709 0.1973
vn 0.8440 -0.4732 0.2524
vn 0.8469 -0.3799 0.3720
vn 0.8416 -0.5270 0.1180
vn 0.8440 -0.4733 0.2524
vn 0.7941 0.5320 0.2938
vn 0.9046 0.3730 0.2063
vn 0.7920 0.4277 0.4356
vn 0.7888 0.5976 0.1434
vn 0.9733 0.2295 -0.0079
vn 0.9731 0.2215 -0.0633
vn 0.9721 0.1976 -0.1264
vn 0.7855 0.6189 -0.0079
vn 0.7870 0.5962 -0.1590
vn 0.9037 0.4281 -0.0079
vn 0.9042 0.4124 -0.1110
vn 0.7903 0.5295 -0.3082
vn 0.9057 0.4131 0.0953
vn 0.9067 0.2943 0.3022
vn 0.9058 0.2145 0.3655
vn 0.9054 -0.1271 0.4051
vn 0.9037 -0.0079 0.4281
vn 0.9071 0.1114 0.4058
vn 0.7936 0.3095 0.5238
vn 0.9026 -0.2296 0.3642
vn 0.7961 -0.0079 0.6051
vn 0.7926 0.1665 0.5865
vn 0.9739 0.1109 0.1980
vn 0.9745 0.1585 0.1585
vn 0.8418 -0.2754 -0.4642
vn 0.9752 0.0555 0.2141
vn 0.9750 -0.0079 0.2220
vn 0.8405 -0.1571 -0.5185
vn -0.4717 -0.5103 -0.7191
vn -0.2019 -0.0389 -0.9786
vn -0.2644 0.0233 -0.9641
vn -0.6632 -0.3316 -0.6709
vn -0.0546 0.1793 -0.9823
vn -0.7775 -0.0933 -0.6220
vn -0.0468 0.1794 -0.9827
vn -0.2248 -0.6200 -0.7517
vn -0.1092 -0.0780 -0.9910
vn -0.0156 -0.0856 -0.9962
vn 0.0386 -0.6420 -0.7657
vn -0.0467 0.1869 -0.9813
vn 0.0627 0.5875 -0.8068
vn 0.1963 0.5183 -0.8324
vn 0.2972 0.4145 -0.8602
vn 0.3523 0.2818 -0.8925
vn -0.0622 0.1868 -0.9804
vn 0.3592 0.1484 -0.9214
vn -0.0699 0.1941 -0.9785
vn 0.3209 0.0157 -0.9470
vn -0.0857 0.6003 -0.7952
vn -0.1025 0.8833 -0.4574
vn -0.0702 0.4524 -0.8890
vn 0.0235 0.4471 -0.8942
vn -0.1637 0.4287 -0.8885
vn -0.3681 0.8068 -0.4621
vn -0.0547 0.2108 -0.9760
vn -0.5864 0.6489 -0.4848
vn -0.0624 0.2107 -0.9756
vn -0.7387 0.4277 -0.5210
vn -0.0703 0.2031 -0.9766
vn -0.8065 0.1706 -0.5661
vn -0.2414 0.3738 -0.8955
vn -0.2952 0.2951 -0.9087
vn -0.3190 0.2023 -0.9259
vn -0.3027 0.1086 -0.9469
vn 0.7550 0.0629 -0.6527
vn 0.7328 0.3231 -0.5989
vn 0.2195 0.2588 -0.9407
vn 0.2338 0.1636 -0.9584
vn 0.6805 -0.2034 -0.7040
vn 0.2033 0.0703 -0.9766
vn 0.1558 -0.0078 -0.9878
vn 0.0777 -0.0622 -0.9950
vn 0.3027 -0.5743 -0.7606
vn 0.5227 -0.4213 -0.7411
vn -0.0389 0.1870 -0.9816
vn -0.0389 0.1945 -0.9801
vn 0.6134 0.5663 -0.5505
vn 0.1797 0.3437 -0.9217
vn 0.1172 0.4063 -0.9062
vn 0.4174 0.7561 -0.5040
vn 0.1653 0.8658 -0.4722
vn -0.3892 -0.0701 -0.9185
vn -0.4590 0.0545 -0.8868
vn -0.4809 0.2017 -0.8533
vn -0.4436 0.3502 -0.8250
vn -0.0391 0.2110 -0.9767
vn -0.0468 0.2109 -0.9764
vn -0.0388 0.2019 -0.9786
vn -0.2792 -0.1629 -0.9463
vn -0.1478 -0.2178 -0.9647
vn -0.0078 -0.2260 -0.9741
vn 0.1326 -0.1794 -0.9748
vn 0.2413 -0.1012 -0.9652
vn -0.0623 0.1867 -0.9804
vn -0.0622 0.1942 -0.9790
vn -0.0467 0.1944 -0.9798
vn -0.0547 0.2033 -0.9776
vn -0.0312 0.2110 -0.9770
vn -0.0311 0.2020 -0.9789
vn -0.0233 0.1946 -0.9806
vn -0.0234 0.1871 -0.9821
vn -0.0234 0.1795 -0.9835
vn -0.0312 0.1795 -0.9833
vn -0.0391 0.1719 -0.9843
vn -0.0469 0.1718 -0.9840
vn -0.0623 0.1792 -0.9818
vn 0.8175 0.5715 0.0714
vn 0.9653 0.2611 0.0079
vn 0.8447 0.3237 -0.4263
vn 0.2115 0.1645 -0.9634
vn 0.2034 0.2503 -0.9466
vn 0.8729 0.0157 -0.4876
vn 0.9949 -0.0789 -0.0631
vn 0.9030 -0.4083 -0.1335
vn 0.7117 0.6010 -0.3637
vn 0.1642 0.3283 -0.9302
vn -0.3483 -0.0387 -0.9366
vn -0.4049 0.0779 -0.9110
vn -0.4193 0.2019 -0.8851
vn 0.1864 0.0854 -0.9787
vn 0.7922 -0.2823 -0.5411
vn 0.6103 -0.5321 -0.5868
vn 0.7034 -0.6877 -0.1797
vn 0.4150 -0.8849 -0.2114
vn 0.2195 0.2587 -0.9407
vn 0.1797 0.3438 -0.9217
vn -0.3882 0.3261 -0.8619
vn 0.1327 0.0156 -0.9910
vn 0.3584 -0.7088 -0.6076
vn -0.3123 0.4373 -0.8433
vn 0.1556 -0.0078 -0.9878
vn 0.2032 0.0703 -0.9766
vn 0.0778 -0.0622 -0.9950
vn 0.2671 0.3928 -0.8800
vn 0.1728 0.4870 -0.8561
vn -0.1871 -0.0156 -0.9822
vn 0.0549 0.5412 -0.8391
vn -0.0785 0.5494 -0.8319
vn -0.0155 -0.0856 -0.9962
vn -0.2025 0.5141 -0.8335
vn 0.0623 -0.0389 -0.9973
vn -0.0234 -0.0624 -0.9978
vn -0.1086 -0.0543 -0.9926
vn 0.0623 -0.7862 -0.6148
vn -0.2472 -0.7649 -0.5949
vn -0.5263 -0.6423 -0.5572
vn 0.0855 -0.9722 -0.2178
vn -0.2558 -0.9455 -0.2015
vn -0.5728 -0.8050 -0.1548
vn -0.7427 -0.4332 -0.5106
vn -0.2478 0.0387 -0.9680
vn -0.7999 -0.5902 -0.1087
vn -0.9634 -0.2641 -0.0466
vn -0.8768 -0.1474 -0.4578
vn -0.9965 0.0779 0.0311
vn -0.2882 0.1168 -0.9504
vn -0.9105 0.1401 -0.3891
vn -0.9148 0.3909 0.1016
vn -0.8368 0.4380 -0.3285
vn -0.7215 0.6744 0.1568
vn -0.6614 0.6925 -0.2879
vn -0.4399 0.8797 0.1807
vn -0.4096 0.8745 -0.2599
vn -0.0704 0.4524 -0.8890
vn -0.0078 -0.1946 -0.9809
vn 0.1168 -0.1557 -0.9809
vn -0.1489 0.4074 -0.9010
vn -0.2189 0.3597 -0.9070
vn -0.2723 0.2879 -0.9181
vn -0.2956 0.2023 -0.9336
vn 0.3291 0.2821 -0.9012
vn -0.3191 0.2022 -0.9259
vn 0.3361 0.1485 -0.9300
vn 0.3044 0.0234 -0.9523
vn 0.2269 -0.0861 -0.9701
vn -0.2952 0.2952 -0.9087
vn -0.2415 0.3738 -0.8955
vn 0.1016 0.3909 -0.9148
vn 0.0234 0.4219 -0.9063
vn 0.2056 0.9410 -0.2689
vn 0.4906 0.8149 -0.3086
vn -0.2568 -0.1323 -0.9574
vn -0.1400 -0.1867 -0.9724
vn -0.0704 0.4304 -0.8999
vn -0.1103 0.9614 -0.2522
vn 0.2463 0.9533 0.1748
vn 0.5660 0.8132 0.1355
vn -0.1032 0.9762 0.1905
vn -0.3587 0.4757 -0.8032
vn -0.2351 0.5642 -0.7915
vn -0.0858 0.6003 -0.7952
vn 0.0387 -0.6420 -0.7657
vn -0.0155 -0.0857 -0.9962
vn -0.3951 0.6953 0.6004
vn -0.0079 0.6871 0.7266
vn -0.0079 0.9999 -0.0079
vn -0.3791 0.9241 -0.0474
vn 0.3816 0.6995 0.6042
vn -0.0079 -0.0079 0.9999
vn -0.7820 0.2502 0.5709
vn -0.0555 0.9127 0.4048
vn -0.0000 0.9997 0.0238
vn -0.0079 0.9988 -0.0476
vn 0.3655 0.9296 -0.0477
vn 0.7758 0.2533 0.5779
vn -0.0078 -0.6953 0.7187
vn -0.6225 -0.5836 0.5214
vn -0.0312 -0.9976 0.0624
vn -0.0158 0.9997 0.0159
vn 0.0398 0.9134 0.4052
vn 0.6154 -0.5917 0.5207
vn -0.0312 -0.9976 0.0623
vn 0.0156 -0.9979 0.0623
vn 0.0156 -0.9979 0.0624
vn 0.3383 -0.5821 0.7394
vn 0.4689 0.2384 0.8505
vn -0.3140 -0.6907 0.6514
vn -0.4315 -0.0079 0.9021
vn -0.9491 0.2412 0.2023
vn -0.6223 0.6854 0.3781
vn -0.3388 0.9217 -0.1891
vn -0.0080 0.9999 -0.0079
vn 0.0159 0.9987 -0.0475
vn 0.0079 0.9988 0.0475
vn -0.3326 0.8631 0.3801
vn 0.3899 0.9150 0.1035
vn 0.1033 0.6913 0.7151
vn -0.3156 0.6866 0.6550
vn -0.7793 -0.5845 0.2260
vn -0.0930 -0.9926 0.0776
vn -0.0864 -0.5813 0.8091
vn -0.0317 0.2536 0.9668
vn -0.5916 -0.6927 0.4125
vn -0.8148 -0.0078 0.5797
vn -0.7904 -0.5812 -0.1937
vn -0.1010 -0.9946 0.0233
vn -0.0156 -0.9998 -0.0078
vn -0.0930 -0.9926 0.0775
vn -0.9228 0.2481 -0.2947
vn -0.7299 0.6828 0.0314
vn -0.1967 0.9286 -0.3148
vn 0.0317 0.9987 -0.0396
vn 0.2860 0.9217 0.2622
vn 0.0080 0.9988 0.0476
vn -0.2780 0.6910 0.6672
vn -0.5980 0.6845 0.4170
vn -0.0238 0.9972 0.0712
vn -0.4479 0.8801 0.1572
vn -0.1009 -0.9946 0.0235
vn -0.4494 0.2444 0.8593
vn -0.4296 -0.5858 0.6873
vn -0.7170 -0.6858 0.1247
vn -0.6510 -0.5812 -0.4882
vn -0.0468 -0.9989 0.0078
vn -0.4339 0.8993 0.0552
vn -0.0467 -0.9989 0.0078
vn -0.7472 0.2102 -0.6305
vn -0.6701 0.6623 -0.3351
vn -0.0314 0.9259 -0.3766
vn -0.9851 -0.0078 0.1720
vn -0.0791 0.9967 0.0158
vn 0.0397 0.9991 -0.0158
vn -0.7208 0.6817 0.1254
vn -0.5370 0.6870 0.4896
vn 0.1428 0.9201 0.3648
vn -0.0237 0.9972 0.0713
vn -0.0000 -1.0000 -0.0078
vn 0.0776 -0.9940 0.0776
vn 0.0856 -0.9961 0.0233
vn 0.0312 -0.9995 0.0078
vn -0.0078 -1.0000 -0.0000
vn -0.0779 -0.9967 0.0234
vn 0.0546 -0.9985 0.0078
vn 0.6276 0.6832 0.3734
vn 0.7217 0.6900 -0.0555
vn 0.5671 0.6853 -0.4569
vn 0.9974 -0.0079 -0.0713
vn -0.1100 0.9195 -0.3773
vn 0.0710 0.9944 -0.0789
vn -0.0555 0.9984 -0.0079
vn 0.3883 0.9193 -0.0634
vn 0.5354 0.2362 -0.8109
vn 0.5152 -0.5699 -0.6401
vn 0.7215 -0.6902 -0.0549
vn 0.6369 0.2149 0.7404
vn -0.0397 0.9134 0.4051
vn 0.0545 -0.9985 0.0078
vn 0.0634 0.9979 0.0159
vn 0.4209 0.9054 0.0557
vn 0.5534 -0.5929 0.5850
vn 0.0156 0.9262 -0.3766
vn 0.0634 0.9979 0.0158
vn -0.0554 0.9983 -0.0158
vn 0.4209 0.9054 0.0556
vn 0.6419 -0.5871 -0.4932
vn 0.7402 0.2126 -0.6378
vn 0.6614 0.6693 -0.3386
vn -0.1582 0.9179 0.3640
vn 0.0079 0.9974 0.0713
vn 0.4352 0.8863 0.1583
vn 0.7845 -0.5884 -0.1961
vn 0.0857 -0.9961 0.0232
vn 0.4366 0.2461 0.8653
vn 0.5256 0.6928 0.4937
vn 0.7132 0.6894 0.1268
vn 0.9846 -0.0079 0.1747
vn 0.7093 -0.6935 0.1261
vn 0.4167 -0.5897 0.6919
vn 0.0872 0.9271 0.3645
vn 0.6997 0.6838 0.2067
vn 0.6895 0.6895 -0.2219
vn 0.9540 -0.0079 -0.2996
vn 0.4573 0.6780 -0.5755
vn 0.3132 0.2192 -0.9240
vn -0.2051 0.8992 -0.3865
vn 0.3966 0.8963 -0.1983
vn -0.0000 0.9975 -0.0713
vn -0.0476 0.9989 -0.0000
vn 0.0854 -0.9939 -0.0699
vn 0.7945 -0.5821 0.1731
vn 0.3120 -0.5849 -0.7487
vn 0.6862 -0.6939 -0.2183
vn 0.8014 0.2221 0.5554
vn 0.6919 -0.5897 0.4167
vn 0.0935 -0.9896 -0.1090
vn 0.7857 -0.5892 -0.1885
vn 0.9589 0.2298 -0.1664
vn 0.3194 -0.6855 -0.6543
vn -0.3244 -0.5871 -0.7417
vn 0.0078 -0.9878 -0.1555
vn 0.0935 -0.9896 -0.1091
vn 0.6326 0.6879 -0.3558
vn 0.4441 -0.0078 -0.8959
vn -0.4420 0.2248 -0.8684
vn 0.0947 0.8920 -0.4421
vn -0.4009 0.9039 -0.1493
vn -0.0000 0.9997 -0.0238
vn -0.0238 0.9992 0.0317
vn 0.3228 0.6771 -0.6613
vn -0.0861 0.6806 -0.7276
vn -0.0475 0.9977 -0.0475
vn 0.3260 0.9225 0.2068
vn 0.2289 0.9000 -0.3710
vn 0.0232 -0.5723 -0.8197
vn -0.0390 0.2110 -0.9767
vn 0.5766 -0.6857 -0.4442
vn 0.7952 -0.0079 -0.6063
vn 0.9449 0.2064 0.2541
vn -0.0476 0.9986 0.0238
vn -0.0000 0.9975 -0.0712
vn 0.2148 0.9148 0.3420
vn 0.7379 0.6745 -0.0238
vn -0.3616 0.8805 -0.3066
vn -0.0476 0.9977 -0.0475
vn 0.2207 0.6778 -0.7014
vn 0.5776 0.6804 -0.4510
vn 0.0080 0.9974 0.0713
vn 0.1815 0.9313 -0.3157
vn -0.0475 0.9981 -0.0396
vn 0.9205 0.2518 -0.2989
vn 0.5813 -0.6991 0.4163
vn 0.0708 -0.5820 0.8101
vn 0.8094 -0.0079 0.5872
vn 0.7225 0.6907 0.0318
vn -0.3005 0.9174 0.2610
vn -0.0238 0.9986 0.0476
vn 0.3184 0.8676 0.3820
vn 0.0159 0.2537 0.9672
vn 0.2633 0.6940 0.6701
vn 0.5877 0.6909 0.4209
vn -0.1190 0.6901 0.7139
vn -0.4812 0.2367 0.8441
vn 0.4185 -0.0079 0.9082
vn 0.2997 -0.6940 0.6546
vn 0.9476 0.2448 0.2053
vn 0.7731 -0.5916 0.2288
vn 0.0778 -0.9939 0.0776
vn 0.6125 0.6921 0.3819
vn 0.3014 0.6899 0.6582
vn 0.3247 0.9265 -0.1900
vn -0.0317 0.9984 -0.0475
vn -0.4033 0.9093 0.1028
vn -0.0159 0.9997 0.0159
vn 0.0397 0.9134 0.4051
vn -0.3521 -0.5789 0.7355
vn 0.6103 -0.5869 -0.5321
vn -0.0079 0.9992 0.0397
vn 0.3887 0.9201 0.0476
vn 0.0948 0.8920 -0.4421
vn 0.7753 0.2373 -0.5853
vn -0.0078 -0.6834 -0.7300
vn -0.6248 -0.5785 -0.5245
vn -0.7845 0.2330 -0.5747
vn -0.0156 -0.0078 -0.9998
vn -0.1263 0.8920 -0.4341
vn -0.0233 -0.9876 -0.1553
vn -0.4086 0.9115 0.0471
vn -0.4000 0.6824 -0.6118
vn -0.0238 0.9994 -0.0238
vn 0.3867 0.6866 -0.6156
vn -0.0078 0.6792 -0.7339
vn -0.1008 -0.9925 -0.0697
vn -0.3240 -0.5787 -0.7484
vn -0.3203 0.2187 -0.9217
vn -0.4548 0.6822 -0.5724
vn -0.9532 -0.0077 -0.3022
vn -0.6964 0.6808 -0.2269
vn -0.6968 -0.6813 -0.2245
vn -0.1008 -0.9925 -0.0698
vn -0.0701 -0.9975 0.0078
vn -0.6999 -0.5833 0.4122
vn -0.8069 0.2194 0.5484
vn -0.7077 0.6763 0.2045
vn 0.1885 0.9035 -0.3850
vn -0.4098 0.8906 -0.1970
vn -0.7991 -0.5741 0.1785
vn -0.0700 -0.9975 0.0078
vn -0.0158 0.9967 -0.0791
vn 0.0317 0.9995 -0.0000
vn -0.1028 0.9257 0.3640
vn -0.4017 0.9136 -0.0630
vn -0.5265 -0.5653 -0.6350
vn -0.0867 0.9931 -0.0788
vn -0.5642 -0.5877 0.5799
vn -0.7289 -0.6824 -0.0543
vn -0.5465 0.2342 -0.8041
vn 0.0945 0.9210 -0.3779
vn -0.0867 0.9931 -0.0789
vn 0.0397 0.9992 -0.0079
vn -0.5777 0.6792 -0.4528
vn -0.9975 -0.0078 -0.0701
vn -0.6462 0.2128 0.7329
vn -0.4339 0.8992 0.0555
vn -0.7292 0.6821 -0.0549
vn -0.6371 0.6764 0.3697
vn 0.0238 0.9139 0.4053
vn -0.0386 -0.5720 -0.8194
vn -0.1089 -0.9881 -0.1089
vn -0.5891 -0.6819 -0.4336
vn -0.9447 0.2030 0.2576
vn -0.2299 0.9116 0.3409
vn -0.0158 0.9967 -0.0792
vn 0.0317 0.9992 0.0238
vn -0.8037 -0.0077 -0.5950
vn -0.7413 0.6711 -0.0078
vn 0.3478 0.8854 -0.3083
vn 0.0317 0.9984 -0.0476
vn -0.2438 0.8966 -0.3696
vn 0.0234 0.2111 -0.9772
vn -0.2356 0.6753 -0.6989
vn -0.5951 0.6734 -0.4385
vn 0.0705 0.6815 -0.7284
vn 0.4229 0.2271 -0.8772
vn -0.4565 -0.0077 -0.8897
vn -0.3332 -0.6820 -0.6510
vn -0.9601 0.2264 -0.1639
vn -0.7916 -0.5820 -0.1862
vn -0.6419 0.6811 -0.3523
vn -0.3368 0.6736 -0.6579
vn -0.3401 0.9176 0.2057
vn 0.0079 0.9995 0.0317
vn 0.3808 0.9123 -0.1507
vn -0.0234 -0.9876 -0.1555
vn 0.3105 -0.5900 -0.7453
vn 0.9549 -0.2288 0.1894
vn 0.9313 -0.1815 0.3157
vn 0.8514 -0.0875 0.5172
vn 0.8937 -0.2926 0.3401
vn 0.7282 -0.0791 0.6807
vn 0.8175 -0.1190 0.5635
vn 0.8294 -0.4028 0.3871
vn 0.6870 -0.2369 0.6870
vn 0.6907 -0.0318 0.7225
vn 0.6650 -0.0633 0.7442
vn 0.7294 -0.0555 0.6818
vn 0.8245 -0.1110 0.5549
vn 0.9106 -0.2455 0.3326
vn 0.9648 -0.1898 0.1819
vn 0.6436 -0.0635 0.7627
vn 0.6656 -0.0475 0.7448
vn 0.5771 -0.3716 0.7273
vn 0.6393 -0.6236 0.4499
vn 0.5531 -0.6559 0.5136
vn 0.6934 -0.4728 0.5437
vn 0.7489 0.2072 0.6294
vn 0.8023 0.1033 0.5879
vn 0.8638 -0.2061 0.4597
vn 0.7293 0.1189 0.6738
vn 0.6278 0.3576 0.6914
vn 0.7706 -0.1112 0.6276
vn 0.7354 -0.2214 0.6405
vn 0.6561 -0.5376 0.5296
vn 0.7506 -0.2923 0.5926
vn 0.7324 -0.5119 0.4489
vn 0.7456 -0.0079 0.6663
vn 0.9708 -0.1736 0.1657
vn 0.9388 -0.3235 0.1183
vn 0.8817 -0.4251 0.2047
vn 0.8270 -0.0795 0.5566
vn 0.8711 -0.3009 0.3880
vn 0.6586 0.3492 0.6666
vn 0.4220 0.5654 0.7087
vn 0.5004 0.3257 0.8022
vn 0.3029 0.5341 0.7893
vn 0.3326 0.2455 0.9106
vn 0.5694 -0.1107 0.8146
vn 0.3730 -0.2063 0.9046
vn 0.7961 0.0080 0.6051
vn 0.7555 -0.4092 0.5116
vn 0.4727 -0.5908 0.6538
vn 0.1092 -0.8503 0.5149
vn 0.1713 -0.9808 -0.0934
vn 0.2356 -0.6989 0.6753
vn -0.2505 -0.8923 0.3757
vn -0.4723 -0.8362 -0.2787
vn 0.8247 -0.5655 0.0079
vn 0.1658 -0.3866 0.9072
vn -0.2288 0.0789 0.9703
vn 0.6891 0.1980 0.6971
vn -0.5296 0.0633 0.8459
vn -0.2452 0.6406 0.7276
vn 0.5957 0.7069 0.3813
vn 0.9274 0.3171 0.1982
vn 0.6828 0.6907 0.2382
vn 0.7034 -0.4742 0.5295
vn -0.0553 0.0868 0.9947
vn -0.0635 0.4046 0.9123
vn 0.1032 0.9050 0.4128
vn 0.4937 0.5256 0.6928
vn 0.6035 0.4368 0.6671
vn 0.9402 0.0237 0.3397
vn 0.5638 0.5638 0.6035
vn -0.0790 0.7899 0.6082
vn 0.9961 -0.0870 -0.0158
vn 0.2487 -0.9173 -0.3110
vn 0.1628 -0.7674 -0.6201
vn 0.7383 -0.6519 0.1728
vn 0.2187 -0.9453 -0.2422
vn 0.6745 -0.7373 -0.0392
vn 0.8004 -0.4787 -0.3610
vn 0.8514 -0.3863 -0.3548
vn 0.8150 0.4747 0.3323
vn 0.8078 0.5068 0.3009
vn 0.9873 0.0158 0.1580
vn 0.9989 -0.0000 -0.0476
vn 0.9518 -0.2832 -0.1180
vn 0.9339 -0.3375 -0.1177
vn 0.9072 -0.3866 -0.1657
vn 0.7916 0.1742 0.5857
vn 0.9068 -0.0080 0.4216
vn 0.7604 -0.5148 0.3960
vn 0.9861 0.1499 -0.0710
vn 0.9562 0.0158 -0.2924
vn 0.8818 -0.3936 -0.2598
vn 0.3989 0.8536 0.3351
vn 0.6609 0.2469 0.7087
vn 0.6612 0.5576 0.5019
vn 0.6874 -0.5136 0.5136
vn 0.7510 -0.6415 -0.1565
vn 0.7313 -0.6370 -0.2438
vn 0.8372 0.5212 -0.1658
vn 0.8402 0.5232 -0.1427
vn 0.8003 -0.4200 0.4279
vn 0.6237 -0.5606 0.5448
vn 0.9772 -0.0552 -0.2049
vn 0.9983 -0.0158 -0.0555
vn 0.9967 -0.0712 -0.0395
vn 0.9938 0.0158 -0.1104
vn 0.7110 -0.3239 0.6241
vn 0.7643 -0.4019 0.5043
vn 0.7449 -0.4041 0.5309
vn 0.7557 -0.5826 0.2991
vn 0.7318 -0.5508 0.4013
vn 0.9165 -0.3950 -0.0632
vn 0.7181 -0.3788 0.5839
vn 0.7184 -0.3079 0.6237
vn 0.6482 -0.1660 0.7431
vn 0.9733 -0.0000 -0.2295
vn 0.9786 -0.0158 -0.2052
vn 0.3079 0.0868 0.9474
vn 0.9063 0.0318 0.4214
vn 0.3978 0.1830 0.8990
vn 0.4265 0.0869 0.9003
vn 0.6903 -0.2618 0.6745
vn 0.5924 -0.0079 0.8056
vn 0.8012 -0.0634 0.5950
vn 0.9207 -0.0317 0.3889
vn 0.9766 -0.0315 -0.2126
vn 0.9453 -0.0472 -0.3229
vn 0.9450 -0.0318 0.3256
vn 0.7110 -0.0158 0.7031
vn 0.9919 0.1270 -0.0000
vn 0.9282 0.0865 -0.3619
vn 0.9764 0.2064 -0.0635
vn 0.9410 -0.2056 0.2689
vn 0.9949 0.0790 -0.0632
vn 0.9058 -0.1668 0.3894
vn 0.9940 0.0552 -0.0947
vn 0.6969 0.0792 0.7128
vn 0.2223 0.2700 0.9369
vn 0.0947 0.0395 0.9947
vn 0.2784 0.6125 0.7398
vn 0.6710 -0.7411 -0.0234
vn 0.9074 -0.2367 0.3472
vn 0.7149 0.2542 0.6514
vn 0.7126 0.2455 0.6572
vn 0.2033 -0.8368 0.5083
vn 0.5586 -0.6766 0.4799
vn 0.5218 -0.1107 0.8459
vn 0.5891 -0.7305 0.3456
vn 0.8475 -0.3247 0.4198
vn 0.6180 -0.7823 -0.0782
vn 0.1403 -0.8887 -0.4366
vn 0.0853 -0.9146 -0.3953
vn 0.5846 -0.8107 -0.0312
vn 0.6724 0.1345 0.7278
vn 0.6138 0.1594 0.7732
vn 0.5305 -0.8347 0.1482
vn 0.0955 0.7157 0.6919
vn 0.0791 0.5854 0.8069
vn 0.2842 -0.2842 0.9157
vn 0.2269 -0.9625 0.1487
vn 0.2030 -0.8980 0.3904
vn 0.3658 0.0238 0.9304
vn 0.2815 -0.9071 0.3128
vn 0.1797 -0.9217 0.3437
vn 0.1819 -0.1898 0.9648
vn 0.3843 0.4470 -0.8078
vn 0.3344 -0.6222 -0.7078
vn 0.2176 -0.6294 -0.7460
vn 0.4947 0.4711 -0.7303
vn -0.3579 -0.0078 -0.9337
vn 0.1008 -0.7521 -0.6513
vn -0.2781 -0.5021 -0.8189
vn 0.1160 -0.6419 -0.7579
vn 0.2746 0.4237 -0.8631
vn 0.2818 0.4540 -0.8453
vn 0.4082 0.4789 -0.7772
vn 0.4947 0.4947 -0.7145
vn 0.1413 0.4238 -0.8947
vn 0.1408 0.4459 -0.8839
vn -0.0078 0.3967 -0.9179
vn -0.0078 -0.6463 -0.7631
vn -0.0077 -0.7448 -0.6672
vn -0.0077 -0.2952 -0.9554
vn -0.0078 0.5328 -0.8462
vn -0.2196 0.5803 -0.7842
vn -0.0078 0.4220 -0.9066
vn 0.1631 -0.0078 -0.9866
vn 0.3279 -0.0078 -0.9447
vn -0.0078 -0.0156 -0.9998
vn -0.2664 0.6816 -0.6816
vn -0.0078 0.3579 -0.9337
vn -0.2715 -0.0310 -0.9619
vn 0.2881 -0.2102 -0.9343
vn 0.0857 -0.7711 -0.6309
vn 0.1557 0.2724 -0.9495
vn 0.1488 0.3914 -0.9081
vn 0.3847 0.5102 -0.7692
vn 0.4929 -0.1721 -0.8529
vn 0.6573 -0.1643 -0.7355
vn 0.4609 -0.7109 -0.5312
vn 0.5948 -0.6886 -0.4148
vn -0.0618 -0.7578 -0.6495
vn 0.3123 -0.6948 -0.6479
vn 0.3962 -0.6759 -0.6215
vn 0.5212 -0.6301 -0.5756
vn 0.6325 -0.6168 -0.4685
vn 0.7076 0.4796 -0.5189
vn 0.7975 0.4817 -0.3633
vn 0.4285 -0.6311 -0.6467
vn 0.5981 0.4643 -0.6532
vn 0.5894 0.4872 -0.6444
vn 0.6943 0.5128 -0.5049
vn 0.8067 0.5378 -0.2451
vn 0.7180 -0.6555 -0.2341
vn 0.8057 -0.5687 0.1659
vn 0.9849 -0.0867 -0.1497
vn 0.6845 -0.7081 -0.1731
vn 0.8906 -0.4099 0.1970
vn 0.8581 0.4767 0.1907
vn 0.8158 0.5624 -0.1346
vn 0.8120 -0.0157 -0.5834
vn 0.9675 0.2141 0.1348
vn 0.6362 0.0079 0.7715
vn 0.9983 -0.0158 -0.0554
vn 0.9895 -0.0237 -0.1425
vn -0.0930 -0.9927 0.0775
vn 0.2381 0.6585 0.7139
vn 0.3076 -0.1972 0.9308
vn -0.7254 -0.6482 -0.2315
vn -0.8121 0.5310 -0.2421
vn -0.8032 0.4757 -0.3587
vn -0.8111 -0.5615 0.1638
vn -0.6928 -0.7005 -0.1712
vn -0.8210 0.5552 -0.1329
vn -0.8622 0.4703 0.1881
vn -0.8938 -0.4041 0.1943
vn -0.8059 -0.4147 0.4225
vn -0.9854 -0.0853 -0.1474
vn -0.8448 0.5163 -0.1408
vn -0.4121 0.8481 0.3329
vn -0.9685 0.2109 0.1328
vn -0.6599 -0.6910 -0.2950
vn -0.9012 -0.1087 -0.4195
vn -0.7740 0.5316 -0.3440
vn -0.8418 0.5144 -0.1637
vn -0.6700 0.5518 0.4966
vn -0.9095 -0.0078 0.4156
vn -0.6956 -0.5080 0.5080
vn -0.7974 0.1720 0.5785
vn -0.7669 -0.5087 0.3913
vn -0.7577 -0.6340 -0.1547
vn -0.9866 0.1476 -0.0699
vn -0.8132 0.5004 0.2971
vn -0.7385 -0.6297 -0.2410
vn -0.6894 -0.6584 -0.3021
vn -0.8133 0.4692 -0.3441
vn -0.5966 -0.6895 -0.4106
vn -0.6808 -0.6266 -0.3794
vn -0.9575 0.0156 -0.2880
vn -0.9989 -0.0000 -0.0468
vn -0.9877 0.0156 0.1556
vn -0.5745 0.5588 0.5981
vn -0.9420 0.0234 0.3348
vn -0.5965 -0.4803 -0.6430
vn -0.6909 0.0388 -0.7219
vn 0.0156 0.0313 -0.9994
vn -0.7499 -0.4639 -0.4716
vn -0.8625 0.0311 -0.5051
vn -0.8852 -0.3883 -0.2563
vn -0.9532 -0.2790 -0.1162
vn -0.5564 -0.5719 -0.6028
vn -0.0853 -0.7673 -0.6356
vn -0.2863 -0.4952 -0.8202
vn -0.4946 -0.6801 -0.5411
vn -0.3255 -0.7207 -0.6122
vn -0.4490 -0.7045 -0.5496
vn -0.2716 0.0155 -0.9623
vn -0.0156 -0.3740 -0.9273
vn -0.7243 0.4595 -0.5140
vn -0.6215 0.3962 -0.6759
vn -0.4135 0.4134 -0.8113
vn -0.6858 0.4988 -0.5300
vn -0.1011 -0.7700 -0.6300
vn -0.1162 -0.5810 -0.8056
vn -0.6829 0.0388 -0.7295
vn -0.5825 0.3728 -0.7223
vn -0.8627 -0.0233 -0.5052
vn -0.7148 -0.4196 -0.5594
vn -0.8760 -0.3411 -0.3411
vn -0.5734 0.7934 -0.2042
vn -0.9100 -0.3811 -0.1633
vn -0.5582 0.8176 -0.1415
vn -0.7051 0.6816 -0.1958
vn -0.7540 0.5053 -0.4197
vn -0.5714 0.6888 -0.4462
vn -0.5300 0.2494 -0.8105
vn -0.1322 0.0855 -0.9875
vn -0.4425 -0.5900 -0.6754
vn -0.3399 -0.3862 -0.8575
vn -0.1554 0.1321 -0.9790
vn 0.2033 0.3283 -0.9224
vn 0.3019 -0.7896 -0.5342
vn -0.1010 -0.9477 -0.3029
vn -0.2708 -0.9361 -0.2243
vn -0.6523 -0.5512 -0.5203
vn -0.0463 -0.8888 -0.4560
vn -0.1555 -0.4199 -0.8942
vn -0.0078 0.1556 -0.9878
vn -0.0078 0.6750 -0.7378
vn 0.4716 0.5266 -0.7073
vn -0.0078 -0.3807 -0.9247
vn -0.0078 -0.8629 -0.5053
vn -0.1010 -0.8704 -0.4818
vn 0.4681 -0.5929 -0.6553
vn -0.0078 0.6417 -0.7669
vn -0.6332 -0.5550 0.5394
vn -0.7624 -0.5757 0.2956
vn -0.9190 -0.3894 -0.0623
vn -0.9779 -0.0543 -0.2018
vn -0.6697 0.2443 0.7013
vn -0.8557 -0.3811 -0.3500
vn -0.8202 0.4687 0.3281
vn -0.9962 -0.0856 -0.0155
vn -0.9922 0.1250 -0.0000
vn -0.8082 -0.5440 0.2254
vn -0.9303 0.0853 -0.3566
vn -0.8059 -0.4727 -0.3565
vn -0.1778 -0.7654 -0.6185
vn -0.2632 -0.9137 -0.3097
vn -0.6829 -0.7295 -0.0388
vn -0.7454 -0.6444 0.1708
vn -0.9771 0.2033 -0.0625
vn -0.9428 -0.2026 0.2649
vn -0.9950 0.0777 -0.0622
vn -0.9939 0.0699 -0.0854
vn -0.9942 0.0544 -0.0932
vn -0.9086 -0.1645 0.3838
vn -0.9101 -0.2334 0.3423
vn -0.7226 0.2513 0.6440
vn -0.7049 0.0783 0.7049
vn -0.9940 0.0156 -0.1087
vn -0.9984 -0.0156 -0.0546
vn -0.7707 -0.3971 0.4983
vn -0.7187 -0.3203 0.6171
vn -0.9968 -0.0701 -0.0389
vn -0.6573 -0.1643 0.7355
vn -0.3221 0.0864 0.9428
vn -0.4392 0.0863 0.8942
vn -0.6985 -0.2590 0.6671
vn -0.4111 0.1818 0.8933
vn -0.7259 -0.3044 0.6167
vn -0.7518 -0.3994 0.5247
vn -0.7390 -0.5445 0.3968
vn -0.7256 -0.3745 0.5773
vn -0.9792 -0.0156 -0.2021
vn -0.7186 -0.0156 0.6952
vn -0.9466 -0.0313 0.3208
vn -0.9469 -0.0466 -0.3182
vn -0.9741 -0.0000 -0.2260
vn -0.9773 -0.0310 -0.2094
vn -0.9091 0.0314 0.4154
vn -0.9231 -0.0313 0.3833
vn -0.6025 -0.0078 0.7981
vn -0.8068 -0.0627 0.5875
vn -0.6455 0.0079 0.7637
vn -0.2373 0.2690 0.9335
vn -0.1104 0.0394 0.9931
vn -0.2930 0.6097 0.7365
vn -0.7203 0.2427 0.6498
vn -0.8519 -0.3204 0.4142
vn -0.6275 -0.7747 -0.0775
vn -0.6810 0.1331 0.7201
vn -0.5948 -0.8033 -0.0309
vn -0.5415 -0.8277 0.1470
vn -0.6794 -0.7334 -0.0231
vn -0.1555 -0.8866 -0.4355
vn -0.1006 -0.9133 -0.3947
vn -0.2335 -0.9419 -0.2413
vn -0.2958 -0.9031 0.3114
vn -0.3794 0.0237 0.9249
vn -0.1947 -0.9190 0.3427
vn -0.1971 -0.1892 0.9620
vn -0.6236 0.1579 0.7656
vn -0.1112 0.7145 0.6907
vn -0.0947 0.5846 0.8058
vn -0.2986 -0.2829 0.9115
vn -0.2417 -0.9590 0.1481
vn -0.5992 -0.7237 0.3424
vn -0.2179 -0.8950 0.3891
vn -0.2183 -0.8340 0.5067
vn -0.5692 -0.6706 0.4757
vn -0.5331 -0.1097 0.8389
vn -0.3218 -0.1962 0.9262
vn -0.2529 0.6559 0.7112
vn -0.1161 -0.7509 -0.6502
vn -0.0078 -0.7448 -0.6672
vn -0.0078 -0.2952 -0.9554
vn -0.1312 -0.6407 -0.7565
vn 0.2638 -0.5042 -0.8223
vn -0.2323 -0.6273 -0.7434
vn 0.0465 -0.7584 -0.6501
vn -0.5324 -0.6247 -0.5712
vn -0.4411 -0.6268 -0.6423
vn -0.4091 -0.6717 -0.6176
vn -0.3262 -0.6913 -0.6447
vn -0.3482 -0.6189 -0.7041
vn 0.2570 -0.0312 -0.9659
vn 0.3443 -0.0078 -0.9388
vn 0.2517 0.6843 -0.6843
vn 0.2046 0.5823 -0.7868
vn -0.3022 -0.2092 -0.9300
vn -0.5046 -0.1708 -0.8463
vn -0.4731 -0.7057 -0.5274
vn -0.6417 -0.6108 -0.4639
vn -0.1708 0.2717 -0.9471
vn -0.1640 0.3905 -0.9059
vn -0.3979 0.5071 -0.7645
vn -0.6660 -0.1626 -0.7280
vn -0.6047 -0.6823 -0.4109
vn -0.6081 0.4600 -0.6471
vn -0.8005 -0.1399 -0.5828
vn -0.7062 -0.6364 -0.3104
vn -0.5064 0.4675 -0.7246
vn -0.6081 0.4599 -0.6471
vn -0.7153 0.4743 -0.5132
vn -0.3975 0.4443 -0.8029
vn -0.4212 0.4758 -0.7722
vn -0.2961 0.4519 -0.8415
vn -0.5064 0.4908 -0.7090
vn -0.5995 0.4827 -0.6384
vn -0.7023 0.5072 -0.4994
vn -0.2891 0.4218 -0.8594
vn -0.1566 0.4228 -0.8926
vn -0.1561 0.4449 -0.8819
vn -0.3417 -0.0077 -0.9398
vn -0.4961 -0.0078 -0.8682
vn -0.5812 -0.0077 -0.8137
vn -0.6875 -0.0077 -0.7261
vn -0.1782 -0.0078 -0.9840
vn -0.0079 0.4220 -0.9066
vn -0.8342 -0.3976 0.3820
vn -0.8851 -0.4193 0.2019
vn -0.7396 -0.5060 0.4438
vn -0.8226 -0.1175 0.5563
vn -0.8968 -0.2885 0.3354
vn -0.6952 -0.2343 0.6796
vn -0.6988 -0.0314 0.7146
vn -0.7355 -0.0782 0.6730
vn -0.8557 -0.0864 0.5102
vn -0.9562 -0.2254 0.1866
vn -0.9334 -0.1789 0.3111
vn -0.7367 -0.0549 0.6740
vn -0.8294 -0.1095 0.5478
vn -0.9132 -0.2420 0.3278
vn -0.9659 -0.1870 0.1791
vn -0.9716 -0.1710 0.1633
vn -0.9407 -0.3187 0.1166
vn -0.6650 -0.5320 0.5242
vn -0.6485 -0.6173 0.4454
vn -0.5875 -0.3681 0.7207
vn -0.6743 -0.0470 0.7370
vn -0.6527 -0.0629 0.7550
vn -0.6737 -0.0627 0.7364
vn -0.5640 -0.6501 0.5092
vn -0.7015 -0.4676 0.5378
vn -0.7425 -0.2188 0.6331
vn -0.7769 -0.1099 0.6200
vn -0.7366 0.1175 0.6661
vn -0.6373 0.3541 0.6845
vn -0.8079 0.1020 0.5804
vn -0.6675 0.3455 0.6596
vn -0.8319 -0.0785 0.5494
vn -0.8018 0.0079 0.5975
vn -0.8749 -0.2968 0.3828
vn -0.8678 -0.2033 0.4534
vn -0.7558 0.2047 0.6220
vn -0.7525 -0.0078 0.6585
vn -0.7574 -0.2889 0.5856
vn -0.5121 0.3231 0.7958
vn -0.5799 -0.1097 0.8072
vn -0.3465 0.2442 0.9057
vn -0.3865 -0.2051 0.8992
vn -0.3173 0.5315 0.7854
vn -0.4350 0.5615 0.7039
vn -0.8296 -0.5583 0.0078
vn 0.4601 -0.8423 -0.2808
vn -0.1863 -0.9781 -0.0931
vn -0.1246 -0.8487 0.5139
vn 0.2357 -0.8957 0.3771
vn -0.2503 -0.6962 0.6728
vn -0.4848 -0.5864 0.6490
vn -0.7622 -0.4044 0.5055
vn -0.3801 -0.7992 -0.4656
vn -0.7363 -0.1163 -0.6666
vn -0.6600 -0.0932 -0.7454
vn -0.2163 -0.7736 -0.5956
vn -0.3655 -0.1011 -0.9253
vn -0.0078 -0.7632 -0.6461
vn -0.0080 -0.0933 -0.9956
vn -0.5356 -0.8384 -0.1009
vn -0.4603 -0.8740 0.1560
vn -0.8860 -0.3809 0.2643
vn -0.9794 -0.1943 -0.0544
vn -0.5420 -0.8054 -0.2400
vn -0.9687 -0.0620 -0.2403
vn -0.4641 -0.7812 -0.4175
vn -0.9029 -0.0389 -0.4281
vn -0.4030 -0.7131 -0.5736
vn -0.7223 -0.0233 -0.6912
vn -0.1405 -0.8356 0.5310
vn -0.0078 -0.8913 0.4533
vn -0.0079 -0.2444 0.9696
vn -0.2361 -0.0866 0.9679
vn -0.2654 -0.8592 0.4374
vn -0.5095 -0.2978 0.8073
vn -0.6835 -0.1021 0.7228
vn -0.4902 -0.8016 0.3423
vn -0.7826 -0.1565 0.6026
vn 0.9937 0.0710 -0.0867
vn 0.8028 -0.5509 0.2282
vn -0.3778 -0.4329 0.8185
vn -0.2421 -0.8981 0.3671
vn -0.0078 -0.9207 0.3901
vn -0.0079 -0.4090 0.9125
vn -0.0079 0.2852 0.9584
vn -0.6652 -0.4069 0.6261
vn -0.4591 -0.8481 0.2646
vn -0.3231 0.2443 0.9143
vn -0.0079 0.6707 0.7417
vn -0.2064 0.6510 0.7305
vn -0.0080 0.9369 0.3494
vn -0.0793 0.9277 0.3648
vn -0.5042 0.5987 0.6224
vn -0.2138 0.9185 0.3326
vn -0.9390 -0.3027 0.1630
vn -0.8662 -0.4949 -0.0696
vn -0.9619 0.0310 -0.2715
vn -0.8450 0.5007 0.1878
vn -0.7846 0.6198 0.0157
vn -0.9777 0.0939 0.1877
vn -0.6519 0.1728 0.7383
vn -0.6058 0.7003 0.3777
vn -0.9296 0.3125 0.1953
vn -0.6911 0.6833 0.2356
vn -0.6213 0.7393 0.2595
vn -0.8705 -0.4741 0.1322
vn -0.8760 -0.4807 -0.0388
vn -0.9084 -0.4037 -0.1087
vn -0.8815 -0.4680 0.0624
vn -0.6291 0.7628 0.1494
vn -0.7061 0.6983 0.1177
vn -0.8108 -0.5019 -0.3012
vn -0.9359 -0.3326 -0.1160
vn -0.8456 0.0391 0.5324
vn -0.7940 -0.4670 0.3892
vn -0.6135 0.4326 0.6607
vn -0.5056 0.5214 0.6873
vn -0.7060 0.0549 0.7060
vn -0.7112 -0.4689 0.5237
vn -0.6973 0.1959 0.6895
vn -0.4896 0.6870 0.5370
vn -0.0873 0.5078 0.8570
vn 0.0477 0.4050 0.9131
vn 0.0395 0.0869 0.9954
vn -0.1810 -0.3855 0.9048
vn 0.2137 0.0791 0.9737
vn -0.2203 -0.4013 0.8891
vn -0.7337 -0.4995 0.4606
vn 0.5181 0.0638 0.8529
vn 0.2302 0.6431 0.7304
vn -0.1188 0.9034 0.4121
vn 0.0472 -0.5504 0.8335
vn -0.4348 -0.8929 0.1165
vn -0.5192 -0.8524 -0.0620
vn -0.8849 -0.3726 0.2794
vn -0.4410 -0.8975 -0.0000
vn -0.4576 -0.8843 -0.0931
vn -0.3801 -0.9076 -0.1784
vn 0.9116 0.3409 -0.2299
vn 0.9430 0.3328 -0.0000
vn 0.6991 0.7150 -0.0000
vn 0.0789 0.9787 -0.1894
vn 0.2855 0.9359 -0.2062
vn 0.2370 0.9715 -0.0079
vn 0.1104 0.9939 -0.0079
vn 0.9091 0.3478 0.2293
vn 0.7126 0.6730 0.1980
vn 0.5009 0.8508 0.1590
vn 0.3878 0.8627 0.3245
vn 0.9244 0.0869 0.3714
vn 0.6269 0.6507 0.4285
vn 0.9832 -0.0079 0.1824
vn 0.5157 0.8568 -0.0079
vn 0.9998 -0.0159 -0.0079
vn 0.8311 0.0475 0.5541
vn 0.8826 -0.3625 0.2995
vn 0.9088 -0.3793 0.1738
vn 0.9224 -0.3863 -0.0079
vn 0.9768 0.0236 -0.2127
vn 0.4436 0.8791 -0.1742
vn 0.9018 0.1741 -0.3955
vn -0.0551 0.7553 -0.6530
vn 0.6820 0.2430 -0.6898
vn 0.4876 0.1652 -0.8573
vn 0.6108 0.0392 -0.7908
vn 0.4807 0.6619 -0.5752
vn 0.2733 0.4764 -0.8357
vn 0.2598 0.8189 -0.5118
vn 0.6667 0.0157 -0.7451
vn 0.7948 0.1416 -0.5902
vn 0.7994 -0.1568 -0.5800
vn 0.9187 -0.1178 -0.3769
vn 0.9213 -0.3307 -0.2047
vn 0.6026 -0.3443 -0.7200
vn 0.3589 -0.3667 -0.8583
vn 0.0469 0.2109 -0.9764
vn 0.0392 0.4153 -0.9088
vn -0.0078 0.7303 -0.6831
vn -0.2118 0.7217 -0.6590
vn -0.2890 0.6326 -0.7185
vn 0.4402 0.4480 -0.7781
vn 0.3135 0.2743 -0.9091
vn 0.5087 0.3756 -0.7747
vn 0.3899 0.1716 -0.9047
vn -0.3446 0.7676 -0.5404
vn 0.1721 0.6807 -0.7120
vn 0.1104 0.8045 -0.5836
vn 0.5832 0.6305 -0.5122
vn 0.4494 0.8199 -0.3547
vn -0.2110 0.8048 -0.5547
vn 0.2846 0.8697 -0.4032
vn 0.3140 0.4710 -0.8243
vn -0.2117 0.6508 -0.7292
vn -0.0158 0.7564 -0.6539
vn 0.0869 0.9003 -0.4265
vn -0.0078 0.8404 -0.5419
vn 0.0867 0.9149 -0.3943
vn -0.0076 0.6873 -0.7264
vn -0.4007 0.7386 -0.5421
vn -0.0079 0.9463 -0.3232
vn -0.1892 0.9299 -0.3153
vn -0.0081 0.9861 -0.1657
vn -0.1101 0.9826 -0.1494
vn 0.2928 0.9338 -0.2057
vn 0.2705 0.9627 -0.0000
vn 0.6735 0.6972 -0.2456
vn -0.0079 0.9997 -0.0238
vn -0.2202 0.9753 -0.0157
vn -0.0948 0.9802 0.1739
vn -0.0082 0.9874 0.1580
vn -0.0079 0.9563 0.2924
vn -0.1576 0.9458 0.2838
vn -0.4190 0.7431 0.5218
vn 0.2864 0.9389 0.1910
vn 0.6760 0.6999 0.2307
vn 0.6579 0.7530 -0.0079
vn 0.2704 0.9385 0.2147
vn 0.5254 0.7562 0.3900
vn 0.2785 0.8912 0.3581
vn 0.2459 0.8488 0.4680
vn 0.0713 0.9821 0.1742
vn 0.8342 0.3257 0.4449
vn 0.1030 0.9346 0.3406
vn 0.6339 0.5547 0.5389
vn -0.2765 0.6003 0.7504
vn -0.0079 0.6991 0.7150
vn 0.7540 0.2778 0.5953
vn 0.0317 0.8792 0.4753
vn 0.2950 0.7813 0.5501
vn 0.2615 0.4755 0.8400
vn 0.0158 0.7530 0.6579
vn 0.1029 0.8153 0.5699
vn 0.0318 0.8507 0.5247
vn 0.7236 0.2862 0.6281
vn 0.4872 0.6708 0.5591
vn 0.2543 0.8502 0.4609
vn 0.6760 0.2307 0.6999
vn -0.0711 0.7584 0.6479
vn 0.5003 0.1668 0.8496
vn 0.0476 0.2460 0.9681
vn -0.4434 0.7601 0.4751
vn 0.3541 -0.3541 0.8656
vn 0.5962 0.0079 0.8028
vn -0.0237 0.3398 0.9402
vn 0.3094 0.2063 0.9283
vn 0.5799 0.5879 0.5640
vn 0.2778 0.2461 0.9286
vn -0.2368 0.7026 0.6710
vn -0.3078 0.3710 0.8761
vn -0.0079 0.7305 0.6829
vn -0.0080 0.2220 0.9750
vn -0.0078 0.8222 0.5692
vn 0.0476 0.9201 0.3887
vn -0.2216 0.8233 0.5225
vn 0.4698 0.8202 0.3265
vn -0.0078 0.6501 -0.7598
vn -0.2192 0.3758 -0.9004
vn -0.0079 0.2881 -0.9576
vn 0.3936 0.8344 -0.3857
vn 0.6539 0.6146 -0.4412
vn 0.7414 0.2682 -0.6152
vn 0.0473 0.8523 -0.5209
vn 0.0787 0.9126 -0.4012
vn 0.8338 0.2989 -0.4641
vn 0.6720 0.7115 -0.2055
vn -0.1260 0.8030 -0.5825
vn 0.3307 0.7717 -0.5433
vn 0.0394 0.7559 -0.6535
vn -0.3275 0.2729 -0.9046
vn -0.4527 0.4449 -0.7727
vn 0.2746 0.6354 -0.7217
vn -0.5201 0.3726 -0.7685
vn -0.4031 0.1705 -0.8991
vn -0.0548 0.4150 -0.9082
vn -0.4995 0.1639 -0.8507
vn -0.6902 0.2404 -0.6825
vn -0.6204 0.0388 -0.7833
vn -0.3724 -0.3647 -0.8534
vn -0.0078 0.7302 -0.6832
vn -0.0079 0.6501 -0.7598
vn 0.2043 0.3771 -0.9034
vn -0.0076 0.2880 -0.9576
vn -0.3281 0.4687 -0.8202
vn 0.1966 0.6529 -0.7315
vn -0.0000 0.7565 -0.6540
vn -0.4618 0.8140 -0.3522
vn -0.1025 0.8990 -0.4258
vn 0.1960 0.8074 -0.5566
vn -0.0079 0.8404 -0.5419
vn 0.1967 0.7240 -0.6611
vn -0.3071 0.9294 -0.2048
vn 0.0945 0.9842 -0.1496
vn 0.1739 0.9326 -0.3162
vn -0.2991 0.8657 -0.4014
vn 0.3874 0.7432 -0.5455
vn -0.0081 0.6873 -0.7263
vn -0.2852 0.9585 -0.0000
vn -0.6820 0.6898 -0.2430
vn -0.2518 0.9678 -0.0078
vn -0.3000 0.9316 -0.2053
vn -0.0946 0.9774 -0.1892
vn -0.6668 0.7452 -0.0079
vn -0.6845 0.6924 0.2282
vn -0.3009 0.9345 0.1901
vn 0.0792 0.9815 0.1741
vn 0.2052 0.9786 -0.0158
vn -0.0079 0.9462 -0.3233
vn -0.0077 0.9861 -0.1657
vn -0.0080 0.9997 -0.0238
vn -0.0079 0.9874 0.1580
vn 0.1422 0.9481 0.2844
vn -0.2762 0.4734 0.8364
vn -0.1185 0.8138 0.5689
vn -0.0317 0.7527 0.6576
vn 0.2618 0.6029 0.7536
vn -0.0080 0.6991 0.7150
vn 0.4058 0.7480 0.5252
vn -0.2931 0.8871 0.3565
vn -0.2607 0.8454 0.4662
vn -0.5368 0.7499 0.3868
vn -0.6433 0.5492 0.5335
vn -0.0079 0.8222 0.5692
vn -0.0634 0.9193 0.3883
vn -0.3094 0.7775 0.5474
vn -0.0477 0.8501 0.5244
vn 0.4305 0.7654 0.4784
vn 0.0554 0.7592 0.6485
vn -0.0634 0.2458 0.9672
vn -0.5120 0.1654 0.8429
vn -0.3678 -0.3521 0.8607
vn -0.6063 0.0079 0.7952
vn -0.6845 0.2282 0.6924
vn -0.1186 0.9329 0.3400
vn -0.0475 0.8787 0.4750
vn -0.7310 0.2830 0.6210
vn -0.4665 0.6563 0.5930
vn -0.2834 0.4724 0.8346
vn -0.5467 -0.4999 0.6717
vn -0.7607 0.2745 0.5882
vn -0.4992 0.6656 0.5547
vn -0.7852 -0.3887 0.4820
vn -0.8359 0.0469 0.5469
vn -0.8860 -0.3575 0.2953
vn -0.9267 0.0857 0.3660
vn -0.5272 0.8497 -0.0079
vn -0.9998 -0.0156 -0.0078
vn -0.9837 -0.0078 0.1796
vn -0.5127 0.8440 0.1578
vn -0.4012 0.8574 0.3225
vn -0.2690 0.8467 0.4590
vn -0.6364 0.6442 0.4243
vn -0.7071 0.7071 -0.0000
vn -0.7203 0.6655 0.1957
vn -0.8389 0.3215 0.4391
vn -0.9118 0.3429 0.2260
vn -0.9447 0.3279 -0.0000
vn -0.9142 0.3360 -0.2266
vn -0.1260 0.9920 -0.0079
vn -0.2851 0.9344 0.2138
vn -0.0870 0.9809 0.1740
vn -0.1029 0.9257 0.3640
vn -0.8005 0.1399 -0.5828
vn -0.9047 0.1716 -0.3900
vn -0.4068 0.8292 -0.3833
vn -0.2744 0.8154 -0.5097
vn -0.4926 0.6569 -0.5708
vn -0.2877 0.4744 -0.8320
vn -0.6753 0.0155 -0.7374
vn -0.8050 -0.1548 -0.5728
vn -0.9211 -0.1161 -0.3715
vn -0.9236 -0.3260 -0.2018
vn -0.9775 0.0233 -0.2095
vn -0.9247 -0.3807 -0.0077
vn -0.6124 -0.3411 -0.7132
vn -0.9115 -0.3739 0.1714
vn -0.4561 0.8729 -0.1730
vn -0.6805 0.7040 -0.2034
vn -0.6628 0.6083 -0.4367
vn -0.8385 0.2950 -0.4581
vn -0.7484 0.2651 -0.6080
vn -0.0943 0.9114 -0.4007
vn -0.0631 0.8516 -0.5204
vn -0.1024 0.9135 -0.3938
vn -0.5934 0.6247 -0.5076
vn -0.1873 0.6788 -0.7100
vn -0.2923 0.2449 0.9244
vn 0.2934 0.3727 0.8803
vn 0.2219 0.7051 0.6735
vn 0.2065 0.8261 0.5243
vn -0.0080 0.7306 0.6827
vn -0.0078 0.2220 0.9750
vn -0.3237 0.2053 0.9236
vn -0.5903 0.5825 0.5588
vn -0.4821 0.8140 0.3240
vn 0.0079 0.3398 0.9405
vn 0.4270 -0.8463 -0.3184
vn 0.3345 -0.9412 -0.0467
vn 0.3439 -0.9378 -0.0469
vn 0.3912 -0.0939 -0.9155
vn 0.2118 0.3765 -0.9019
vn 0.5248 0.3838 -0.7598
vn 0.6112 -0.0000 -0.7915
vn 0.5296 -0.4284 -0.7321
vn 0.4428 -0.5515 -0.7069
vn 0.4145 -0.8602 -0.2972
vn 0.4217 -0.8512 -0.3124
vn 0.4214 -0.9052 -0.0546
vn 0.4061 -0.9137 -0.0156
vn 0.1575 0.8031 -0.5747
vn -0.1577 0.8832 -0.4416
vn 0.1576 0.8984 -0.4098
vn 0.5206 0.6231 -0.5837
vn -0.1712 0.2334 -0.9572
vn -0.8427 -0.1160 -0.5257
vn -0.9244 0.2097 -0.3185
vn -0.3052 0.6495 -0.6964
vn -0.3368 0.8067 -0.4856
vn -0.2277 0.8479 -0.4789
vn -0.1493 0.7070 -0.6913
vn -0.0313 0.7522 -0.6582
vn -0.8749 -0.3828 0.2968
vn -0.8749 -0.3827 0.2968
vn -0.8728 -0.3819 0.3039
vn -0.8728 -0.3818 0.3039
vn -0.9103 0.3734 -0.1789
vn 0.3734 -0.8711 -0.3189
vn -0.3509 -0.9356 -0.0390
vn -0.5111 -0.7822 -0.3563
vn -0.8749 -0.3827 0.2969
vn -0.6897 -0.4882 -0.5347
vn 0.0156 -0.2333 -0.9723
vn -0.4878 -0.8671 0.1007
vn -0.9829 -0.1092 0.1482
vn 0.0311 0.3114 -0.9498
vn 0.2176 -0.1554 -0.9636
vn 0.2165 -0.6341 -0.7423
vn 0.3573 -0.5825 -0.7301
vn 0.2170 -0.6586 -0.7206
vn 0.2097 -0.4893 -0.8465
vn 0.6563 -0.3985 -0.6407
vn 0.6671 -0.4944 -0.5572
vn 0.9476 -0.2054 -0.2447
vn 0.2101 -0.2645 -0.9412
vn 0.6648 -0.2268 -0.7117
vn -0.2876 -0.2487 -0.9249
vn -0.2864 -0.6579 -0.6966
vn 0.2178 -0.7388 -0.6377
vn 0.6645 -0.5551 -0.5003
vn 0.9479 -0.2212 -0.2291
vn -0.2782 -0.7417 -0.6103
vn -0.7101 -0.5558 -0.4323
vn -0.2870 -0.0853 -0.9541
vn 0.2175 -0.1010 -0.9708
vn -0.7203 -0.1936 -0.6661
vn -0.7132 -0.3799 -0.5891
vn -0.7158 -0.4898 -0.4977
vn -0.9631 -0.2252 -0.1476
vn -0.9643 -0.2022 -0.1711
vn -0.9675 -0.1006 -0.2322
vn -0.9602 -0.2013 -0.1936
vn -0.9990 -0.0234 0.0390
vn -0.9939 -0.0854 0.0699
vn -0.9977 -0.0546 0.0390
vn -0.9668 -0.0077 -0.2553
vn -0.7214 -0.0543 -0.6904
vn -0.9996 0.0234 0.0156
vn -0.9991 -0.0156 0.0390
vn -0.1959 0.6816 -0.7051
vn -0.4273 0.2952 -0.8546
vn -0.3450 0.4783 -0.8076
vn 0.2035 -0.0391 -0.9783
vn 0.0624 0.0156 -0.9979
vn 0.2735 0.6018 -0.7503
vn -0.1397 0.0932 -0.9858
vn 0.0937 0.6639 -0.7420
vn -0.0392 0.7144 -0.6987
vn 0.2046 0.8658 -0.4566
vn 0.1340 0.8910 -0.4337
vn 0.0706 0.9102 -0.4080
vn -0.3352 0.1637 -0.9278
vn 0.3314 0.8206 -0.4655
vn 0.4013 0.5508 -0.7318
vn 0.4258 0.7807 -0.4574
vn -0.3337 -0.9003 -0.2794
vn -0.3951 -0.8753 -0.2789
vn -0.2021 -0.5751 -0.7927
vn -0.0777 -0.6142 -0.7853
vn -0.3562 -0.5114 -0.7821
vn -0.4023 -0.8588 -0.3172
vn -0.4557 -0.4557 -0.7646
vn -0.5257 -0.3711 -0.7654
vn -0.3784 -0.8340 -0.4016
vn -0.3190 -0.9415 -0.1089
vn -0.3481 -0.9282 -0.1315
vn -0.3806 -0.9242 -0.0311
vn -0.3647 -0.9311 0.0078
vn 0.9566 -0.0632 -0.2846
vn 0.9973 -0.0554 -0.0475
vn 0.9938 -0.1104 -0.0158
vn 0.6677 -0.0943 -0.7384
vn 0.9449 -0.1496 -0.2913
vn 0.9409 -0.2274 -0.2509
vn 0.9939 -0.1104 0.0079
vn 0.9992 -0.0238 -0.0317
vn 0.9985 -0.0000 -0.0554
vn -0.0622 -0.9091 -0.4118
vn -0.2719 -0.8623 -0.4272
vn 0.1250 0.0078 -0.9921
vn -0.4645 -0.7587 -0.4568
vn 0.1487 0.0782 -0.9858
vn 0.0233 0.1010 -0.9946
vn -0.6193 -0.5962 -0.5109
vn 0.2951 -0.1242 -0.9474
vn 0.3429 -0.2260 -0.9118
vn 0.2184 -0.0468 -0.9747
vn 0.2572 0.0156 -0.9662
vn -0.0078 -0.3348 -0.9423
vn -0.1014 0.0936 -0.9904
vn 0.3501 -0.0778 -0.9335
vn 0.4129 -0.2025 -0.8880
vn 0.3278 -0.5854 -0.7415
vn 0.2794 -0.5433 -0.7917
vn 0.1864 -0.6213 -0.7611
vn 0.3982 -0.4685 -0.7886
vn 0.4277 -0.3344 -0.8398
vn 0.3580 -0.3347 -0.8717
vn -0.7391 -0.1634 -0.6535
vn -0.7121 -0.3948 -0.5805
vn -0.6824 0.0543 -0.7289
vn 0.3353 -0.4522 -0.8265
vn -0.5533 0.2493 -0.7948
vn -0.3819 0.3818 -0.8416
vn -0.5107 0.8172 -0.2672
vn -0.2272 0.9247 -0.3056
vn -0.7509 0.6258 -0.2112
vn -0.9191 0.3739 -0.1246
vn -0.9971 0.0701 -0.0312
vn -0.9677 -0.2419 0.0703
vn -0.8394 -0.5208 0.1555
vn 0.6150 0.1577 -0.7726
vn 0.4546 0.3213 -0.8307
vn 0.6275 0.7387 -0.2462
vn 0.3633 0.8846 -0.2923
vn 0.2665 0.4311 -0.8621
vn 0.0633 0.9491 -0.3085
vn 0.0470 0.4778 -0.8772
vn -0.1712 0.4592 -0.8717
vn -0.0388 -0.7295 -0.6829
vn -0.1703 -0.6968 -0.6968
vn -0.0388 -0.6749 -0.7369
vn 0.0928 -0.7194 -0.6884
vn 0.2183 -0.6703 -0.7093
vn 0.0778 -0.6691 -0.7391
vn -0.2183 0.0468 -0.9748
vn -0.3253 -0.0310 -0.9451
vn -0.0856 0.0233 -0.9961
vn -0.3957 -0.1396 -0.9077
vn -0.4345 -0.2637 -0.8612
vn -0.4339 -0.4029 -0.8058
vn -0.3800 -0.5273 -0.7600
vn -0.2874 -0.6291 -0.7223
vn -0.3634 -0.2783 -0.8891
vn -0.3648 -0.3882 -0.8463
vn -0.3252 -0.4956 -0.8054
vn -0.2483 -0.5898 -0.7684
vn -0.1549 -0.6506 -0.7435
vn 0.7138 -0.0549 -0.6982
vn 0.7274 -0.2816 -0.6258
vn 0.3570 -0.8227 -0.4424
vn 0.5312 -0.6952 -0.4843
vn 0.7315 -0.6528 0.1967
vn 0.9127 -0.3934 0.1101
vn 0.6648 -0.5083 -0.5474
vn 0.9954 -0.0948 0.0158
vn 0.9696 0.2286 -0.0867
vn 0.8394 0.5148 -0.1742
vn -0.3348 -0.1713 -0.9266
vn -0.2727 -0.0857 -0.9583
vn 0.1555 -0.8942 -0.4198
vn -0.6283 -0.7447 0.2250
vn -0.3667 -0.8894 0.2731
vn -0.0782 -0.9540 0.2893
vn 0.2102 -0.9342 0.2881
vn 0.4945 -0.8321 0.2512
vn 0.4728 -0.2285 0.8510
vn 0.5139 -0.1423 0.8460
vn 0.1026 0.0079 0.9947
vn 0.0947 -0.0473 0.9944
vn 0.5301 -0.0475 0.8466
vn 0.5151 -0.2615 0.8163
vn 0.5641 -0.1589 0.8103
vn 0.5866 -0.0475 0.8085
vn 0.5718 0.0635 0.8179
vn 0.5209 0.0473 0.8523
vn 0.1028 -0.1107 0.9885
vn 0.2681 -0.0552 0.9618
vn 0.1264 -0.1580 0.9793
vn 0.4750 0.1267 0.8708
vn 0.5247 0.1670 0.8348
vn -0.3133 -0.4465 0.8382
vn -0.4068 -0.2582 0.8763
vn -0.4406 -0.0393 0.8968
vn -0.4082 0.1805 0.8949
vn 0.2061 -0.2298 0.9512
vn 0.2597 -0.2361 0.9364
vn 0.2616 0.2378 0.9354
vn 0.3078 -0.2289 0.9235
vn 0.3572 -0.1984 0.9127
vn 0.3966 -0.1586 0.9042
vn 0.4190 -0.1107 0.9012
vn 0.4276 -0.0475 0.9027
vn 0.1741 0.2295 0.9576
vn 0.1032 0.1905 0.9762
vn 0.0396 0.1269 0.9911
vn -0.0079 0.0476 0.9988
vn -0.0238 -0.0476 0.9986
vn -0.0079 -0.1425 0.9898
vn -0.0709 -0.1576 0.9850
vn 0.9372 0.3150 -0.1496
vn 0.8404 0.1903 0.5074
vn 0.8705 -0.0396 0.4906
vn 0.7373 0.3964 0.5470
vn -0.0869 -0.0474 0.9951
vn -0.0632 0.0632 0.9960
vn -0.0158 0.1657 0.9861
vn 0.0555 0.2459 0.9677
vn 0.7926 0.6023 -0.0951
vn 0.5611 -0.6085 0.5611
vn 0.7168 -0.4647 0.5199
vn 0.8262 -0.2676 0.4957
vn 0.3779 -0.6928 0.6141
vn 0.2973 -0.9545 0.0235
vn 0.1883 -0.7138 0.6746
vn 0.5557 -0.8296 -0.0548
vn 0.7762 -0.6194 -0.1176
vn 0.9279 -0.3381 -0.1573
vn 0.9847 -0.0157 -0.1733
vn -0.1723 -0.5873 0.7908
vn 0.4524 0.2461 0.8572
vn -0.0000 -0.6832 0.7303
vn 0.3556 0.3003 0.8851
vn 0.2542 0.3177 0.9135
vn 0.1507 0.2935 0.9440
vn 0.4134 0.1908 0.8903
vn 0.3409 0.2299 0.9116
vn 0.1663 -0.1979 0.9660
vn 0.1268 0.0555 0.9904
vn 0.4089 -0.2909 0.8650
vn 0.1662 0.0950 0.9815
vn 0.3322 -0.3242 0.8857
vn 0.2143 0.1270 0.9685
vn 0.2522 -0.3389 0.9064
vn 0.2607 0.1343 0.9560
vn 0.3161 0.1264 0.9403
vn 0.3642 0.0950 0.9265
vn 0.1735 -0.3232 0.9303
vn 0.2452 -0.4113 0.8779
vn 0.3468 -0.3940 0.8512
vn 0.4426 -0.3398 0.8298
vn -0.1669 0.5247 0.8348
vn 0.0079 0.6189 0.7855
vn 0.2066 0.6593 0.7229
vn 0.1421 -0.3947 0.9078
vn 0.0397 0.9852 0.1668
vn -0.2453 0.9336 0.2611
vn -0.4951 0.7936 0.3536
vn -0.7023 0.5761 0.4182
vn -0.8362 0.2970 0.4611
vn -0.8829 -0.0234 0.4689
vn -0.8318 -0.3343 0.4431
vn -0.6928 -0.6071 0.3892
vn -0.4902 -0.8171 0.3035
vn -0.2495 -0.9434 0.2183
vn 0.0235 -0.9928 0.1173
vn -0.2763 0.2368 0.9314
vn -0.2743 -0.2351 0.9325
vn -0.3220 -0.2278 0.9189
vn -0.1894 0.2288 0.9549
vn -0.3709 -0.1973 0.9075
vn -0.2826 -0.0549 0.9577
vn -0.2212 -0.2291 0.9479
vn -0.3548 0.2286 0.9066
vn -0.1817 -0.1974 0.9633
vn -0.4264 0.1895 0.8844
vn -0.1418 -0.1576 0.9773
vn -0.1423 0.0554 0.9883
vn -0.1182 0.0079 0.9930
vn -0.1103 -0.0473 0.9928
vn -0.1184 -0.1105 0.9868
vn -0.4871 0.1257 0.8642
vn -0.5322 0.0470 0.8453
vn -0.5413 -0.0471 0.8395
vn -0.5254 -0.1411 0.8391
vn -0.4849 -0.2268 0.8447
vn -0.4219 -0.2891 0.8593
vn -0.5823 0.0630 0.8105
vn -0.5361 0.1656 0.8278
vn -0.4649 0.2443 0.8510
vn -0.3693 0.2986 0.8800
vn -0.2689 0.3164 0.9097
vn -0.5747 -0.1575 0.8030
vn -0.5968 -0.0471 0.8010
vn 0.3937 -0.2598 0.8818
vn 0.2991 -0.4487 0.8422
vn 0.1570 -0.5888 0.7929
vn -0.0157 -0.6831 0.7302
vn 0.6845 -0.6137 0.3934
vn 0.4783 -0.8233 0.3058
vn 0.2348 -0.9470 0.2192
vn -0.0391 -0.9923 0.1172
vn -0.2033 -0.7116 0.6725
vn -0.3913 -0.6887 0.6104
vn -0.5663 -0.8224 -0.0543
vn -0.1662 0.2928 0.9416
vn -0.1189 0.1901 0.9745
vn -0.4098 -0.1576 0.8985
vn -0.4319 -0.1099 0.8952
vn -0.4404 -0.0472 0.8966
vn 0.0475 0.0633 0.9969
vn -0.8311 -0.2641 0.4893
vn -0.7243 -0.4595 0.5140
vn -0.0000 0.1657 0.9862
vn -0.0555 0.1268 0.9904
vn -0.0713 0.2456 0.9667
vn -0.5718 -0.6031 0.5561
vn -0.7823 -0.6119 -0.1161
vn -0.9300 -0.3333 -0.1550
vn -0.9852 -0.0155 -0.1707
vn -0.8742 -0.0390 0.4840
vn -0.9391 0.3104 -0.1475
vn -0.8450 0.1878 0.5007
vn -0.7444 0.3918 0.5407
vn 0.0079 -0.0476 0.9988
vn 0.0712 -0.0474 0.9963
vn 0.0552 -0.1577 0.9859
vn -0.4345 0.0079 0.9006
vn 0.0079 -0.2611 0.9653
vn -0.0474 -0.2292 0.9722
vn -0.4114 0.0554 0.9098
vn -0.3779 0.0945 0.9210
vn -0.3302 0.1258 0.9355
vn -0.1887 -0.3223 0.9276
vn -0.5924 0.5372 0.6004
vn -0.0631 -0.3392 0.9386
vn -0.1100 -0.2907 0.9505
vn -0.1575 -0.3937 0.9057
vn -0.2600 -0.4096 0.8744
vn -0.2217 0.6571 0.7205
vn -0.4112 0.6326 0.6563
vn -0.7983 0.5948 -0.0939
vn -0.5885 0.8083 -0.0157
vn -0.3320 0.9406 0.0711
vn -0.0556 0.9844 0.1667
vn -0.0238 0.6187 0.7853
vn 0.2303 0.9371 0.2621
vn 0.1514 0.5260 0.8369
vn -0.3605 -0.3919 0.8464
vn -0.4552 -0.3375 0.8240
vn -0.5266 -0.2594 0.8096
vn 0.2934 0.3728 0.8803
vn 0.3950 0.1817 0.9005
vn 0.4278 -0.0396 0.9030
vn -0.2669 -0.3375 0.9027
vn -0.3461 -0.3225 0.8810
vn -0.1816 0.0947 0.9788
vn -0.2294 0.1266 0.9651
vn -0.2754 0.1338 0.9520
vn 0.0944 -0.2911 0.9520
vn 0.0474 -0.3395 0.9394
vn 0.0316 -0.2294 0.9728
vn 0.3981 0.0557 0.9156
vn 0.4216 0.0079 0.9068
vn -0.0237 -0.2611 0.9650
vn 0.5821 0.5422 0.6060
vn 0.3979 0.6367 0.6605
vn 0.5782 0.8158 -0.0158
vn 0.3178 0.9455 0.0715
vn -0.0079 -0.6456 0.7637
vn 0.2208 -0.6150 0.7570
vn 0.2852 -0.0079 0.9584
vn 0.4498 -0.6155 0.6471
vn 0.5872 -0.0079 0.8094
vn 0.5665 -0.6058 0.5586
vn 0.7150 -0.0079 0.6991
vn 0.8578 -0.5037 -0.1023
vn 0.8897 -0.3149 -0.3307
vn 0.6750 -0.0079 -0.7378
vn 0.9886 -0.0079 -0.1503
vn 0.2688 0.2688 0.9249
vn 0.1112 0.5160 0.8494
vn 0.8520 0.5175 -0.0796
vn 0.8567 -0.5109 -0.0707
vn 0.8973 0.2834 -0.3384
vn 0.4175 -0.6695 0.6144
vn 0.2199 -0.6284 0.7462
vn 0.1176 -0.6742 0.7291
vn 0.1182 -0.5121 0.8508
vn 0.8018 -0.0079 -0.5975
vn 0.9000 -0.2921 -0.3237
vn 0.2848 -0.2769 0.9177
vn 0.8933 0.2846 -0.3478
vn 0.8932 -0.2977 -0.3369
vn 0.8484 0.5233 -0.0793
vn 0.8040 0.3705 -0.4651
vn 0.4954 0.3854 -0.7785
vn 0.0154 -0.2953 -0.9553
vn 0.6717 -0.5467 -0.4999
vn 0.1338 -0.6219 0.7715
vn 0.5047 -0.5441 0.6703
vn 0.5090 0.5328 0.6760
vn 0.1103 -0.6539 0.7485
vn 0.4358 -0.1505 0.8874
vn 0.4427 0.1423 0.8853
vn 0.2614 0.2693 0.9269
vn 0.4416 -0.1577 0.8832
vn 0.2676 -0.2834 0.9209
vn 0.3002 0.8850 0.3558
vn 0.0633 0.8304 0.5536
vn 0.1098 -0.6666 0.7372
vn 0.5056 -0.5608 0.6556
vn 0.8414 -0.5347 -0.0786
vn 0.1098 -0.5331 0.8389
vn 0.1107 0.5218 0.8459
vn 0.4368 0.1350 0.8894
vn 0.1114 0.6448 0.7562
vn -0.0078 -0.6750 0.7378
vn -0.5770 -0.6004 0.5536
vn -0.4303 -0.6651 0.6103
vn -0.2348 -0.6261 0.7435
vn -0.4623 -0.6111 0.6425
vn -0.1330 -0.6729 0.7277
vn -0.2357 -0.6128 0.7543
vn -0.0079 0.6449 0.7643
vn 0.1352 0.6121 0.7791
vn -0.1271 0.6435 0.7548
vn -0.4495 0.1341 0.8832
vn -0.2834 0.2676 0.9209
vn -0.2992 -0.2756 0.9135
vn 0.1109 0.6494 0.7523
vn -0.0078 -0.6585 0.7526
vn -0.0078 -0.6285 0.7778
vn -0.0079 0.6189 0.7855
vn -0.1507 0.6108 0.7773
vn -0.5206 0.5285 0.6705
vn -0.1493 -0.6206 0.7698
vn -0.5163 -0.5398 0.6649
vn -0.4485 -0.1495 0.8812
vn -0.1258 -0.6527 0.7471
vn -0.2761 0.2682 0.9230
vn -0.4552 0.1413 0.8791
vn -0.1265 0.6482 0.7509
vn -0.0079 0.6495 0.7604
vn 0.1195 0.6134 0.7807
vn 0.5154 0.5392 0.6661
vn 0.1185 -0.6318 0.7660
vn -0.2821 -0.2821 0.9170
vn -0.1262 0.5208 0.8443
vn -0.1252 -0.5322 0.8373
vn -0.4542 -0.1566 0.8770
vn -0.5269 0.5348 0.6606
vn -0.1350 0.6122 0.7791
vn -0.0079 0.6237 0.7816
vn -0.0078 -0.6417 0.7669
vn -0.0078 -0.6668 0.7452
vn -0.1340 -0.6305 0.7645
vn -0.1253 -0.6654 0.7359
vn -0.5172 -0.5563 0.6504
vn -0.0790 0.8295 0.5530
vn -0.0079 0.8056 0.5924
vn -0.8074 -0.0077 -0.5900
vn -0.9029 -0.2880 -0.3191
vn -0.8964 0.2806 -0.3430
vn -0.8963 -0.2936 -0.3323
vn -0.8095 0.3658 -0.4592
vn -0.3146 0.8808 0.3539
vn -0.6802 -0.5410 -0.4947
vn -0.5071 0.3825 -0.7724
vn -0.0311 -0.3578 -0.9333
vn -0.8528 0.5164 -0.0782
vn -0.8459 -0.5277 -0.0776
vn -0.8619 -0.4969 -0.1009
vn -0.7226 -0.0079 0.6912
vn -0.9890 -0.0078 -0.1480
vn -0.6834 -0.0078 -0.7300
vn -0.8928 -0.3106 -0.3261
vn -0.9003 0.2794 -0.3337
vn -0.8608 -0.5041 -0.0697
vn -0.1336 -0.5110 0.8491
vn -0.1268 0.5150 0.8478
vn -0.8562 0.5106 -0.0786
vn -0.2996 -0.0079 0.9540
vn -0.5975 -0.0079 0.8018
vn -0.6898 -0.6976 -0.1937
vn -0.6996 -0.7074 -0.1010
vn -0.0156 -0.9663 -0.2571
vn 0.0156 -0.9575 -0.2880
vn -0.0077 -0.9706 -0.2407
vn -0.0077 -0.9624 -0.2716
vn -0.0078 -0.8332 0.5529
vn -0.2885 -0.8265 0.4834
vn -0.3729 -0.8236 0.4273
vn -0.6267 -0.1332 0.7678
vn -0.7280 -0.6660 -0.1626
vn -0.8746 -0.4644 -0.1393
vn -0.9845 -0.0937 0.1484
vn -0.4952 -0.1315 -0.8588
vn -0.6630 -0.6240 0.4134
vn -0.1402 -0.9345 -0.3271
vn 0.0311 -0.9105 -0.4124
vn 0.3412 -0.7445 -0.5739
vn -0.6837 -0.6915 0.2331
vn -0.8813 -0.2885 0.3743
vn -0.9409 -0.1788 0.2877
vn -0.6881 -0.3675 0.6256
vn -0.2611 -0.0079 0.9653
vn -0.9541 -0.1784 0.2405
vn 0.3398 -0.0079 0.9405
vn -0.3537 -0.0079 0.9353
vn -0.5655 -0.0079 0.8247
vn -0.4722 -0.0079 0.8815
vn 0.0078 -0.9949 -0.1010
vn -0.0078 -0.9940 -0.1087
vn -0.0311 -0.9572 -0.2879
vn 0.0078 -0.9664 -0.2571
vn 0.2194 -0.8461 0.4858
vn 0.5692 -0.0000 0.8222
vn 0.4397 -0.7694 0.4633
vn 0.4755 -0.0079 0.8797
vn 0.1246 -0.9341 -0.3347
vn 0.7196 -0.6727 -0.1721
vn 0.6485 -0.6406 0.4112
vn 0.6251 -0.1424 0.7675
vn 0.6921 -0.7156 -0.0944
vn 0.6816 -0.7051 -0.1959
vn 0.2491 -0.9418 -0.2257
vn -0.0544 -0.9096 -0.4120
vn 0.8709 -0.4707 -0.1412
vn 0.9840 -0.0952 0.1508
vn 0.4834 -0.1325 -0.8653
vn 0.6465 -0.6855 -0.3349
vn 0.5236 -0.8518 -0.0156
vn 0.1724 -0.9637 0.2037
vn -0.3548 -0.7405 -0.5708
vn 0.6007 -0.7957 -0.0780
vn 0.8120 -0.4572 0.3627
vn 0.8294 -0.4898 0.2686
vn 0.3032 -0.6297 -0.7152
vn 0.7217 -0.6354 -0.2746
vn 0.2965 -0.0780 -0.9518
vn 0.4835 -0.1325 -0.8653
vn 0.8424 -0.1102 -0.5275
vn 0.9566 -0.0632 0.2846
vn 0.8125 -0.0398 0.5815
vn 0.7476 0.4329 -0.5037
vn 0.1800 0.4462 -0.8766
vn 0.4954 0.3853 -0.7785
vn 0.0156 -0.2952 -0.9553
vn -0.2020 -0.0233 -0.9791
vn 0.6870 -0.5370 0.4896
vn 0.7453 -0.0317 0.6660
vn 0.7916 0.3167 0.5225
vn 0.8678 0.4219 0.2627
vn 0.6641 0.6245 -0.4111
vn 0.4186 -0.5449 0.7266
vn 0.5000 -0.0397 0.8651
vn 0.1481 -0.9590 0.2417
vn 0.3166 -0.5461 0.7756
vn 0.3657 -0.0318 0.9302
vn 0.3014 0.4917 0.8169
vn 0.1582 0.4667 0.8701
vn 0.1505 0.4516 0.8794
vn -0.0079 0.4599 0.8880
vn 0.0857 -0.9666 0.2416
vn 0.1812 -0.5437 0.8195
vn 0.1976 -0.0237 0.9800
vn -0.0079 0.4910 0.8711
vn -0.1669 0.4849 0.8585
vn -0.0079 -0.5271 0.8498
vn -0.0155 -0.9643 0.2644
vn -0.2051 -0.0237 0.9785
vn -0.1964 -0.5421 0.8170
vn -0.0233 -0.9946 -0.1010
vn -0.1636 -0.9584 0.2338
vn -0.1872 -0.9595 0.2106
vn -0.1014 -0.9670 0.2339
vn -0.3279 -0.5543 0.7650
vn -0.3791 -0.0474 0.9241
vn -0.3169 0.4833 0.8161
vn -0.1659 0.4661 0.8690
vn -0.3152 0.4649 0.8274
vn -0.4566 0.4566 0.7636
vn -0.6694 0.3938 0.6300
vn -0.7557 0.2992 0.5826
vn -0.4302 -0.5553 0.7118
vn -0.5116 -0.0472 0.8579
vn -0.7481 -0.0390 0.6624
vn -0.8026 0.3069 0.5115
vn -0.7541 0.3928 0.5263
vn -0.8769 0.4149 0.2427
vn -0.8448 0.5163 0.1408
vn -0.8144 -0.0313 0.5795
vn -0.9604 -0.0547 0.2733
vn -0.8517 -0.1161 -0.5110
vn -0.8343 -0.4834 0.2651
vn -0.7940 -0.4671 0.3892
vn -0.6762 -0.5363 0.5052
vn -0.7291 -0.6283 -0.2715
vn -0.6105 -0.7882 -0.0773
vn -0.5293 -0.8484 -0.0078
vn -0.7610 0.4349 -0.4814
vn -0.2488 -0.0933 -0.9641
vn -0.3172 -0.6267 -0.7118
vn -0.6554 -0.6786 -0.3315
vn -0.2636 -0.9381 -0.2248
vn -0.6554 -0.6786 -0.3316
vn 0.4832 0.7997 0.3565
vn 0.6942 0.5825 0.4229
vn 0.8314 0.3009 0.4672
vn 0.8795 -0.0238 0.4754
vn 0.8269 -0.3386 0.4489
vn -0.3146 0.8807 0.3541
vn -0.8095 0.3659 -0.4592
vn -0.3139 0.9178 -0.2432
vn 0.3623 0.6143 -0.7009
vn -0.5312 0.3281 -0.7812
vn -0.1888 0.7789 -0.5980
vn -0.9166 0.2272 0.3290
vn -0.4652 0.3864 0.7964
vn -0.5025 -0.0393 0.8637
vn -0.9073 0.1330 0.3989
vn -0.3138 0.9178 -0.2432
vn -0.6189 0.6111 0.4935
vn 0.2676 0.8262 -0.4957
vn 0.2514 0.5970 -0.7619
vn -0.3797 0.6092 0.6962
vn 0.1807 0.7934 -0.5813
vn -0.2287 0.6309 0.7414
vn 0.1178 0.7935 -0.5971
vn -0.0078 0.6112 -0.7914
vn -0.1333 0.7919 -0.5959
vn -0.2660 0.5945 -0.7588
vn -0.1879 0.7987 -0.5716
vn -0.0079 0.8185 -0.5745
vn -0.1591 0.6445 0.7479
vn -0.1825 0.4206 0.8887
vn -0.2690 0.3956 0.8782
vn -0.0079 0.4054 0.9141
vn -0.1821 0.3720 0.9102
vn -0.3313 0.3313 0.8835
vn -0.4796 0.3381 0.8098
vn -0.6768 0.3541 0.6453
vn -0.8511 0.2655 0.4529
vn -0.7592 0.6496 0.0391
vn -0.0079 0.3328 0.9430
vn 0.2148 0.6284 0.7477
vn 0.1427 0.6422 0.7531
vn 0.1665 0.4122 0.8957
vn 0.1660 0.3635 0.9167
vn -0.0079 0.6101 0.7923
vn 0.2550 0.3905 0.8846
vn 0.4906 -0.0395 0.8705
vn 0.3751 0.6144 0.6941
vn 0.6115 0.6194 0.4924
vn 0.9088 0.1344 0.3951
vn 0.3100 0.3338 0.8902
vn 0.4539 0.3663 0.8123
vn 0.9183 0.2375 0.3167
vn 0.5166 0.3288 -0.7906
vn 0.1734 0.7879 -0.5909
vn 0.7527 0.6576 0.0317
vn 0.2918 0.9226 -0.2523
vn 0.6556 0.5056 -0.5608
vn 0.8040 0.3704 -0.4651
vn 0.8589 0.4533 0.2385
vn 0.8467 0.2691 0.4590
vn 0.6682 0.3580 0.6522
vn 0.4753 0.3089 0.8238
vn 0.7556 0.3182 0.5725
vn 0.7413 0.4065 0.5341
vn 0.8334 0.5318 0.1508
vn 0.6539 0.4067 0.6379
vn 0.4519 0.4519 0.7691
vn 0.4376 0.4615 0.7717
vn 0.3090 0.4753 0.8238
vn -0.0389 -0.9267 -0.3738
vn -0.3805 -0.9007 -0.2096
vn 0.6610 -0.7397 0.1259
vn 0.5090 -0.7987 -0.3210
vn 0.8202 -0.5677 -0.0709
vn 0.4990 -0.7485 -0.4367
vn 0.6405 -0.0625 -0.7654
vn 0.9868 -0.1184 -0.1105
vn 0.4763 -0.4841 -0.7340
vn 0.8911 -0.4494 0.0631
vn 0.7842 -0.5803 -0.2196
vn 0.9787 -0.0789 -0.1894
vn 0.9741 -0.0785 -0.2121
vn 0.9696 -0.0556 0.2384
vn 0.8046 -0.0717 0.5895
vn 0.6750 0.1032 0.7306
vn 0.3261 0.1670 0.9305
vn 0.2373 0.1661 0.9571
vn 0.7132 -0.1268 0.6894
vn 0.9722 -0.0474 0.2292
vn 0.9112 -0.2535 0.3248
vn 0.7203 -0.1979 0.6649
vn 0.7770 -0.0634 0.6263
vn 0.3167 -0.1108 0.9420
vn -0.0396 0.3955 0.9176
vn 0.4434 0.0554 0.8946
vn 0.4197 0.3642 0.8314
vn 0.1740 0.3955 0.9018
vn 0.4614 0.4773 0.7478
vn 0.5323 0.2701 0.8023
vn 0.4683 0.4604 0.7541
vn 0.6032 0.0794 0.7936
vn 0.5869 0.3966 0.7059
vn 0.5243 0.2621 0.8102
vn -0.0237 -0.0712 0.9972
vn 0.2929 0.2375 0.9262
vn 0.7273 0.2846 0.6245
vn 0.9211 0.0794 0.3812
vn 0.0791 0.1266 0.9888
vn -0.2202 -0.0158 0.9753
vn 0.3631 0.0237 0.9314
vn 0.6153 -0.7258 0.3077
vn 0.4830 -0.3564 0.7998
vn 0.4409 -0.4960 0.7480
vn 0.4747 -0.3323 0.8150
vn 0.1658 -0.3236 0.9315
vn -0.0079 -0.3468 0.9379
vn -0.0079 0.2924 0.9563
vn -0.3072 0.2364 0.9218
vn -0.8001 -0.5981 0.0466
vn -0.4439 -0.8955 0.0312
vn -0.1557 -0.9495 -0.2724
vn -0.0077 -0.9431 -0.3324
vn -0.1811 -0.3228 0.9290
vn 0.1404 -0.9517 -0.2730
vn 0.2177 -0.3110 -0.9251
vn -0.0078 -0.3115 -0.9502
vn -0.2324 -0.3099 -0.9219
vn -0.6034 -0.3094 -0.7349
vn -0.8461 -0.1475 -0.5123
vn 0.5935 -0.3123 -0.7418
vn -0.9162 0.0313 0.3994
vn -0.0789 0.0710 0.9944
vn -0.5277 0.2520 0.8112
vn -0.7710 0.2911 0.5664
vn -0.5935 0.4036 0.6964
vn -0.6131 0.0786 0.7861
vn -0.4783 -0.3450 0.8076
vn 0.4472 -0.8943 0.0157
vn -0.4950 -0.3536 0.7937
vn -0.8101 -0.0708 0.5820
vn -0.6250 -0.7187 0.3047
vn -0.4473 -0.4943 0.7454
vn 0.8007 -0.5966 0.0550
vn -0.7831 -0.0627 0.6187
vn 0.8472 -0.1490 -0.5099
vn 0.8718 -0.1021 -0.4791
vn 0.6691 -0.4408 0.5983
vn -0.3593 -0.5858 0.7264
vn 0.1718 -0.8827 0.4374
vn -0.1324 -0.9892 0.0623
vn -0.8252 -0.5605 -0.0701
vn -0.4789 0.4632 0.7458
vn -0.4430 0.3560 0.8228
vn -0.7278 -0.1956 0.6573
vn -0.8943 -0.4432 0.0622
vn -0.9872 -0.1166 -0.1088
vn -0.4756 0.4676 0.7451
vn -0.5185 0.2985 0.8013
vn -0.1893 0.3944 0.8992
vn 0.0080 0.3823 0.9240
vn -0.4812 0.0395 0.8757
vn -0.9138 -0.2499 0.3202
vn -0.7866 -0.5784 -0.2160
vn -0.9794 -0.0777 -0.1866
vn -0.9731 -0.0467 0.2258
vn -0.7208 -0.1254 0.6817
vn -0.2525 0.1578 0.9546
vn -0.3307 -0.1103 0.9373
vn 0.0316 -0.0791 0.9964
vn -0.6835 0.1021 0.7228
vn -0.3402 0.1661 0.9256
vn -0.3767 0.0236 0.9260
vn 0.1900 -0.0158 0.9817
vn -0.6751 0.6908 0.2589
vn -0.9412 -0.0467 0.3346
vn -0.5745 0.3148 0.7555
vn -0.4983 0.7356 0.4588
vn -0.0079 0.9006 0.4345
vn -0.0079 0.9980 0.0634
vn 0.4863 0.7414 0.4624
vn 0.6665 0.6980 0.2618
vn -0.6751 0.6908 0.2590
vn -0.4556 -0.2435 0.8562
vn -0.5704 -0.5235 0.6329
vn -0.0079 0.4755 0.8797
vn 0.5638 0.3178 0.7623
vn 0.6663 0.6983 0.2617
vn 0.9394 -0.0473 0.3395
vn 0.4430 -0.2453 0.8623
vn 0.5597 -0.5282 0.6386
vn -0.0079 -0.7149 0.6992
vn -0.0079 -0.2611 0.9653
vn 0.0234 -0.9271 -0.3740
vn -0.6698 -0.7321 0.1246
vn 0.3671 -0.9060 -0.2109
vn -0.5261 -0.7891 -0.3172
vn -0.5106 -0.7427 -0.4332
vn -0.6495 -0.0618 -0.7578
vn -0.4883 -0.4805 -0.7285
vn -0.9749 -0.0774 -0.2089
vn -0.9705 -0.0548 0.2348
vn 0.3115 -0.7242 -0.6152
vn 0.4004 0.4161 -0.8164
vn 0.6118 0.4000 -0.6824
vn 0.4829 -0.6853 -0.5451
vn 0.7168 0.4647 -0.5198
vn 0.6774 0.5041 -0.5356
vn 0.8982 -0.1103 -0.4255
vn 0.7676 0.5381 -0.3482
vn 0.8079 0.4752 -0.3485
vn 0.5865 -0.6959 -0.4144
vn 0.5456 -0.5768 -0.6080
vn 0.0698 -0.7683 -0.6363
vn 0.8585 0.0315 -0.5119
vn 0.6826 0.0392 -0.7297
vn 0.7430 -0.4693 -0.4771
vn 0.6724 -0.6333 -0.3831
vn 0.6811 -0.6655 -0.3053
vn 0.8723 -0.3458 -0.3458
vn 0.7071 -0.4243 -0.5657
vn 0.8724 -0.4873 -0.0393
vn 0.6981 0.7060 0.1190
vn 0.6115 0.7466 0.2621
vn 0.8054 -0.5083 -0.3049
vn 0.6970 0.6891 -0.1980
vn 0.7472 0.5112 -0.4247
vn 0.5627 0.8005 -0.2061
vn 0.8587 -0.0236 -0.5120
vn 0.5864 -0.4848 -0.6490
vn -0.0000 -0.3741 -0.9274
vn -0.0312 0.0312 -0.9990
vn 0.2720 -0.4974 -0.8238
vn 0.2571 0.0156 -0.9663
vn 0.5721 0.3762 -0.7288
vn 0.4365 -0.7093 -0.5534
vn 0.6745 0.0392 -0.7372
vn 0.5186 0.2515 -0.8172
vn 0.5607 0.6950 -0.4501
vn 0.1009 -0.5819 -0.8070
vn 0.1169 0.0857 -0.9894
vn 0.1402 0.1324 -0.9812
vn 0.3261 -0.3882 -0.8619
vn 0.4299 -0.5940 -0.6800
vn 0.6432 -0.5569 -0.5255
vn 0.1403 -0.4208 -0.8962
vn 0.0309 -0.8893 -0.4563
vn 0.0856 -0.9490 -0.3034
vn 0.2564 -0.9400 -0.2253
vn 0.3667 -0.9129 -0.1795
vn 0.0856 -0.8717 -0.4825
vn -0.0077 -0.8629 -0.5053
vn -0.0077 -0.3807 -0.9247
vn -0.4801 -0.5885 -0.6505
vn -0.4836 0.5227 -0.7021
vn -0.2182 0.3272 -0.9194
vn -0.3159 -0.7859 -0.5316
vn 0.6195 0.7704 0.1509
vn 0.9056 -0.4095 -0.1103
vn 0.8779 -0.4746 0.0633
vn 0.7881 -0.4728 0.3941
vn 0.8410 0.0397 0.5395
vn 0.6980 0.0555 0.7139
vn 0.5472 0.8247 -0.1428
vn -0.0629 -0.5500 0.8328
vn 0.2053 -0.4026 0.8921
vn 0.0715 0.5085 0.8581
vn 0.4774 0.6923 0.5411
vn 0.7264 -0.5053 0.4658
vn 0.8815 -0.3778 0.2833
vn 0.8667 -0.4806 0.1339
vn 0.4452 -0.8905 -0.0937
vn 0.4284 -0.9036 -0.0000
vn 0.5077 -0.8592 -0.0625
vn 0.4221 -0.8989 0.1173
vn 0.7791 -0.3935 0.4879
vn 0.5357 -0.5041 0.6774
vn 0.2688 0.4745 0.8382
vn 0.2066 0.8261 0.5243
vn 0.4540 0.6611 0.5974
vn 0.2919 0.9226 -0.2523
vn 0.8040 0.3707 -0.4650
vn 0.3005 0.8850 0.3556
vn -0.0790 0.8294 0.5530
vn 0.0632 0.8304 0.5536
vn -0.3825 0.6090 -0.6948
vn -0.2816 0.8137 -0.5085
vn 0.6783 -0.3628 0.6389
vn 0.9527 -0.1811 0.2441
vn 0.9345 -0.1901 0.3009
vn 0.2369 -0.0079 0.9715
vn 0.2462 -0.0159 0.9691
vn 0.6352 -0.7450 0.2039
vn 0.8677 -0.3707 0.3313
vn -0.8695 0.4387 0.2272
vn -0.6714 0.4919 -0.5543
vn -0.6779 0.6234 -0.3896
vn -0.1643 0.4380 -0.8838
vn 0.3111 -0.0544 -0.9488
vn -0.0311 -0.3579 -0.9332
vn -0.3134 -0.7914 0.5249
vn -0.3521 -0.7355 0.5789
vn -0.1879 -0.7364 0.6500
vn -0.1646 -0.7919 0.5880
vn -0.0079 -0.7378 0.6750
vn -0.0081 -0.7916 0.6110
vn -0.5981 -0.7847 -0.1630
vn -0.6590 -0.7288 -0.1861
vn -0.6834 -0.7300 -0.0078
vn -0.6208 -0.7839 -0.0078
vn -0.5385 -0.7886 0.2967
vn -0.5924 -0.7327 0.3350
vn -0.4440 -0.7870 0.4285
vn -0.4918 -0.7340 0.4684
vn -0.3134 -0.7914 0.5248
vn -0.3521 -0.7356 0.5788
vn -0.6777 -0.4362 0.5920
vn 0.3456 -0.5891 0.7304
vn -0.1870 -0.8802 0.4362
vn -0.8755 -0.1007 -0.4726
vn 0.1171 -0.9912 0.0624
vn -0.1631 -0.7847 -0.5980
vn -0.1861 -0.7288 -0.6590
vn -0.3488 -0.7288 -0.5892
vn -0.3108 -0.7849 -0.5360
vn -0.4411 -0.7816 -0.4410
vn -0.4881 -0.7286 -0.4805
vn -0.5892 -0.7288 -0.3488
vn -0.5360 -0.7849 -0.3108
vn 0.9608 0.0315 -0.2756
vn 0.7784 0.6275 0.0159
vn 0.8404 0.5074 0.1903
vn 0.1986 0.9215 0.3337
vn 0.2273 -0.9014 0.3684
vn 0.4466 -0.8541 0.2664
vn 0.6563 -0.4112 0.6326
vn 0.9372 -0.3071 0.1654
vn 0.8622 -0.5016 -0.0705
vn 0.9770 0.0953 0.1906
vn 0.4923 0.6035 0.6272
vn 0.0635 0.9288 0.3651
vn 0.1912 0.6531 0.7327
vn 0.6428 0.1746 0.7459
vn 0.3089 0.2455 0.9188
vn -0.0079 0.9369 0.3494
vn 0.3642 -0.4354 0.8233
vn -0.0078 -0.4090 0.9125
vn -0.0000 -0.7299 -0.6836
vn -0.3489 -0.7287 -0.5893
vn -0.4883 -0.7284 -0.4806
vn -0.5892 -0.7287 -0.3489
vn -0.6591 -0.7287 -0.1861
vn -0.6835 -0.7299 -0.0078
vn -0.6610 -0.7307 0.1710
vn -0.5924 -0.7326 0.3352
vn -0.4919 -0.7339 0.4684
vn -0.3521 -0.7354 0.5790
vn -0.1881 -0.7362 0.6501
vn 0.4998 0.2380 0.8328
vn 0.5004 -0.0079 0.8658
vn 0.5032 -0.4479 0.7391
vn -0.5159 -0.6096 0.6019
vn -0.5148 -0.4445 0.7331
vn -0.5095 -0.2508 0.8231
vn -0.5122 -0.0079 0.8588
vn -0.5115 0.2362 0.8262
vn -0.5049 0.2330 -0.8311
vn -0.5053 -0.0080 -0.8629
vn -0.5031 -0.2476 -0.8280
vn -0.5111 -0.6039 -0.6116
vn -0.5036 -0.7515 -0.4261
vn -0.5100 -0.8345 -0.2084
vn -0.5111 -0.8595 -0.0075
vn -0.5116 -0.8370 0.1939
vn -0.5069 -0.7565 0.4133
vn -0.5183 0.4319 0.7381
vn -0.5208 0.5997 0.6076
vn -0.5129 0.7498 0.4181
vn -0.5183 0.8324 0.1963
vn -0.5180 0.8554 -0.0079
vn -0.5166 0.8297 -0.2115
vn -0.5095 0.7446 -0.4312
vn -0.5158 0.5939 -0.6174
vn -0.5123 0.4269 -0.7452
vn 0.6983 -0.6434 -0.3138
vn 0.6510 -0.6981 -0.2981
vn 0.7948 -0.1416 -0.5902
vn 0.6792 -0.0078 -0.7339
vn 0.5708 -0.0078 -0.8211
vn 0.4843 -0.0078 -0.8749
vn 0.9024 -0.3086 0.3008
vn 0.7866 -0.4405 0.4326
vn -0.0078 -0.9998 -0.0156
vn 0.0624 -0.9978 0.0234
vn -0.8173 -0.0156 -0.5760
vn -0.9454 -0.0155 -0.3255
vn -0.9898 -0.0234 -0.1403
vn 0.0633 0.7907 0.6089
vn 0.7291 -0.1176 -0.6742
vn 0.2183 -0.9045 -0.3664
vn 0.6511 -0.0941 -0.7531
vn 0.2018 -0.7761 -0.5974
vn 0.3519 -0.1017 -0.9305
vn -0.0078 -0.7631 -0.6462
vn -0.0077 -0.0933 -0.9956
vn 0.8827 -0.3861 0.2680
vn 0.4478 -0.8802 0.1572
vn 0.5243 -0.8454 -0.1017
vn 0.9788 -0.1973 -0.0552
vn 0.5310 -0.8121 -0.2421
vn 0.9678 -0.0629 -0.2439
vn 0.4517 -0.7868 -0.4206
vn 0.9000 -0.0395 -0.4342
vn 0.3900 -0.7176 -0.5770
vn 0.7147 -0.0236 -0.6990
vn 0.1252 -0.8374 0.5321
vn 0.2211 -0.0869 0.9714
vn 0.2436 -0.8643 0.4400
vn 0.4977 -0.3002 0.8137
vn 0.4893 -0.7817 0.3868
vn 0.6750 -0.1032 0.7306
vn 0.4781 -0.8077 0.3450
vn 0.7764 -0.1584 0.6100
vn -0.5110 -0.6039 -0.6117
vn -0.5100 -0.8345 -0.2087
vn -0.5111 -0.8595 -0.0078
vn -0.5116 -0.8371 0.1937
vn -0.5158 -0.6097 0.6018
vn 0.8502 -0.2755 0.4487
vn -0.5147 -0.4446 0.7331
vn 0.8508 -0.1590 0.5009
vn -0.0390 -0.9830 -0.1795
vn -0.0389 -0.9871 -0.1554
vt 0.001800 0.162109
vt 0.001800 0.152344
vt 0.017395 0.152344
vt 0.053772 0.201660
vt 0.032990 0.201660
vt 0.032990 0.187500
vt 0.017395 0.208496
vt 0.017395 0.187500
vt 0.001800 0.187500
vt 0.017395 0.162109
vt 0.032990 0.152344
vt 0.032990 0.162109
vt 0.053772 0.162109
vt 0.053772 0.187500
vt 0.001800 0.201660
vt 0.053772 0.152344
vt 0.074463 0.152344
vt 0.126465 0.162109
vt 0.110046 0.162109
vt 0.110046 0.152344
vt 0.092285 0.162109
vt 0.092285 0.152344
vt 0.074463 0.162109
vt 0.074463 0.187500
vt 0.074463 0.201660
vt 0.092285 0.201660
vt 0.092285 0.208496
vt 0.092285 0.187500
vt 0.110046 0.187500
vt 0.110046 0.201660
vt 0.126465 0.201660
vt 0.126465 0.208496
vt 0.142700 0.201660
vt 0.142700 0.208496
vt 0.110046 0.208496
vt 0.160889 0.201660
vt 0.178833 0.201660
vt 0.178833 0.208496
vt 0.160889 0.208496
vt 0.142700 0.187500
vt 0.126465 0.187500
vt 0.196411 0.187500
vt 0.196411 0.201660
vt 0.196411 0.152344
vt 0.213989 0.152344
vt 0.213989 0.162109
vt 0.196411 0.162109
vt 0.213989 0.187500
vt 0.213989 0.201660
vt 0.213989 0.208496
vt 0.196411 0.208496
vt 0.178833 0.152344
vt 0.142700 0.162109
vt 0.142700 0.152344
vt 0.160889 0.162109
vt 0.160889 0.152344
vt 0.178833 0.162109
vt 0.178833 0.187500
vt 0.126465 0.152344
vt 0.160889 0.187500
vt 0.629883 0.736816
vt 0.629395 0.774780
vt 0.591797 0.770752
vt 0.603027 0.730225
vt 0.573730 0.721680
vt 0.587891 0.700195
vt 0.573242 0.683838
vt 0.555176 0.759399
vt 0.608887 0.706299
vt 0.629883 0.712402
vt 0.628906 0.788818
vt 0.588867 0.783936
vt 0.548828 0.773193
vt 0.519043 0.750977
vt 0.525879 0.738525
vt 0.552734 0.705322
vt 0.537598 0.688232
vt 0.495117 0.728760
vt 0.503906 0.717529
vt 0.470215 0.688477
vt 0.479736 0.649170
vt 0.465820 0.651123
vt 0.470703 0.614014
vt 0.482666 0.683105
vt 0.526855 0.667725
vt 0.559082 0.667480
vt 0.554688 0.647949
vt 0.520020 0.645020
vt 0.484863 0.615479
vt 0.491455 0.589111
vt 0.479004 0.583008
vt 0.501465 0.540283
vt 0.518555 0.618652
vt 0.524414 0.597900
vt 0.512207 0.548096
vt 0.533691 0.563232
vt 0.558594 0.540039
vt 0.614746 0.571045
vt 0.598145 0.574707
vt 0.586426 0.519775
vt 0.583496 0.585693
vt 0.569336 0.596680
vt 0.560059 0.612549
vt 0.550781 0.628418
vt 0.537109 0.511475
vt 0.545410 0.520020
vt 0.574219 0.484863
vt 0.608887 0.511230
vt 0.631348 0.567383
vt 0.632324 0.507812
vt 0.567871 0.472168
vt 0.602539 0.467773
vt 0.599121 0.453125
vt 0.632812 0.462402
vt 0.632812 0.446289
vt 0.889160 0.469727
vt 0.896484 0.442871
vt 0.945801 0.456055
vt 0.941895 0.469727
vt 0.945801 0.483398
vt 0.896484 0.496582
vt 0.903320 0.523193
vt 0.949219 0.497070
vt 0.959473 0.506836
vt 0.923340 0.542969
vt 0.942871 0.562500
vt 0.969238 0.516846
vt 0.982910 0.520508
vt 0.969727 0.569824
vt 0.996582 0.524170
vt 0.996582 0.576904
vt 0.937500 0.232910
vt 0.936523 0.224609
vt 0.961914 0.226074
vt 0.938965 0.216309
vt 0.943359 0.208984
vt 0.950195 0.204102
vt 0.958496 0.201660
vt 0.967285 0.202637
vt 0.975098 0.206055
vt 0.980957 0.211914
vt 0.984863 0.219727
vt 0.985840 0.228027
vt 0.983887 0.236328
vt 0.979004 0.243652
vt 0.972168 0.248535
vt 0.963867 0.250977
vt 0.955078 0.250488
vt 0.947266 0.246582
vt 0.940918 0.240723
vt 0.487061 0.084473
vt 0.479492 0.068359
vt 0.496826 0.063477
vt 0.501465 0.052734
vt 0.502441 0.061523
vt 0.495361 0.052246
vt 0.477539 0.051270
vt 0.481689 0.034180
vt 0.501465 0.073730
vt 0.506836 0.069824
vt 0.510742 0.066895
vt 0.507324 0.060547
vt 0.506836 0.052734
vt 0.503906 0.043945
vt 0.498291 0.041016
vt 0.504395 0.031738
vt 0.491699 0.019531
vt 0.505371 0.008789
vt 0.511719 0.059082
vt 0.514160 0.064453
vt 0.511230 0.053223
vt 0.508301 0.045898
vt 0.508789 0.036133
vt 0.513672 0.025391
vt 0.512695 0.039551
vt 0.515625 0.042969
vt 0.512695 0.047852
vt 0.520508 0.039551
vt 0.545410 0.041504
vt 0.540039 0.036621
vt 0.542480 0.032227
vt 0.537598 0.040527
vt 0.533203 0.033691
vt 0.532227 0.038086
vt 0.525879 0.033203
vt 0.526367 0.037598
vt 0.518555 0.035156
vt 0.516113 0.030762
vt 0.524902 0.028320
vt 0.534180 0.028809
vt 0.524414 0.021973
vt 0.535645 0.022949
vt 0.545898 0.027344
vt 0.522461 0.003906
vt 0.540039 0.005371
vt 0.556152 0.012207
vt 0.554199 0.035156
vt 0.549316 0.038574
vt 0.568848 0.024414
vt 0.576660 0.040039
vt 0.559082 0.045410
vt 0.578125 0.057617
vt 0.553223 0.046875
vt 0.560547 0.056641
vt 0.574219 0.074707
vt 0.557617 0.067383
vt 0.564453 0.089355
vt 0.551270 0.076660
vt 0.550293 0.099609
vt 0.542480 0.083496
vt 0.523926 0.070801
vt 0.529785 0.070801
vt 0.530273 0.075684
vt 0.537109 0.073242
vt 0.539551 0.077637
vt 0.546875 0.072266
vt 0.551758 0.064941
vt 0.554199 0.056152
vt 0.548828 0.048340
vt 0.541992 0.044434
vt 0.544922 0.049316
vt 0.544922 0.055176
vt 0.549316 0.055664
vt 0.547363 0.062988
vt 0.543457 0.068848
vt 0.535156 0.069336
vt 0.543457 0.061035
vt 0.540039 0.065918
vt 0.996582 0.362305
vt 0.996582 0.415039
vt 0.982910 0.418457
vt 0.969727 0.369141
vt 0.969238 0.422363
vt 0.942871 0.376465
vt 0.959473 0.432129
vt 0.923340 0.396484
vt 0.903320 0.416016
vt 0.949219 0.442383
vt 0.996582 0.469727
vt 0.533691 0.104492
vt 0.531250 0.086426
vt 0.516113 0.103516
vt 0.513184 0.076172
vt 0.516113 0.072266
vt 0.521484 0.080078
vt 0.522949 0.075195
vt 0.530762 0.080566
vt 0.520020 0.085938
vt 0.499756 0.096680
vt 0.509766 0.081543
vt 0.518555 0.068359
vt 0.227417 0.190430
vt 0.219482 0.190430
vt 0.219482 0.183105
vt 0.227661 0.183105
vt 0.235596 0.190430
vt 0.235840 0.183105
vt 0.243896 0.190430
vt 0.244019 0.183105
vt 0.252197 0.190430
vt 0.252197 0.183105
vt 0.260498 0.190430
vt 0.260498 0.183105
vt 0.268799 0.190430
vt 0.227417 0.174805
vt 0.244019 0.174805
vt 0.252197 0.174805
vt 0.235718 0.174805
vt 0.235718 0.153320
vt 0.227417 0.153320
vt 0.219482 0.153320
vt 0.219482 0.174805
vt 0.243896 0.153320
vt 0.285645 0.153320
vt 0.285645 0.174805
vt 0.277100 0.174805
vt 0.277100 0.153320
vt 0.268799 0.153320
vt 0.268799 0.174805
vt 0.260498 0.174805
vt 0.260498 0.153320
vt 0.252197 0.153320
vt 0.293945 0.174805
vt 0.294189 0.153320
vt 0.302490 0.153320
vt 0.285400 0.183105
vt 0.277100 0.183105
vt 0.268799 0.183105
vt 0.277100 0.190430
vt 0.285645 0.190430
vt 0.293945 0.183105
vt 0.302490 0.174805
vt 0.311035 0.153320
vt 0.302490 0.183105
vt 0.310791 0.174805
vt 0.310791 0.183105
vt 0.319092 0.183105
vt 0.319580 0.190430
vt 0.311035 0.190430
vt 0.302734 0.190430
vt 0.294189 0.190430
vt 0.319336 0.174805
vt 0.327637 0.183105
vt 0.327881 0.190430
vt 0.335938 0.183105
vt 0.336182 0.190430
vt 0.344482 0.183105
vt 0.344482 0.190430
vt 0.352783 0.153320
vt 0.361084 0.153320
vt 0.361084 0.174805
vt 0.352783 0.174805
vt 0.344482 0.174805
vt 0.352783 0.183105
vt 0.335938 0.174805
vt 0.327637 0.174805
vt 0.327881 0.153320
vt 0.319336 0.153320
vt 0.336182 0.153320
vt 0.344482 0.153320
vt 0.361084 0.183105
vt 0.352783 0.190430
vt 0.361084 0.190430
vt 0.369141 0.190430
vt 0.369141 0.183105
vt 0.369141 0.174805
vt 0.369141 0.153320
vt 0.154785 0.703125
vt 0.165039 0.707031
vt 0.162354 0.719971
vt 0.151855 0.718506
vt 0.162598 0.735107
vt 0.151855 0.736328
vt 0.165527 0.749023
vt 0.154175 0.752441
vt 0.157593 0.763306
vt 0.145508 0.768311
vt 0.142700 0.755249
vt 0.132080 0.770996
vt 0.168701 0.757812
vt 0.141113 0.737061
vt 0.141235 0.717041
vt 0.118164 0.770508
vt 0.119751 0.756592
vt 0.131348 0.756836
vt 0.130981 0.737305
vt 0.131104 0.716064
vt 0.143799 0.699463
vt 0.119873 0.697510
vt 0.132080 0.697510
vt 0.108398 0.754517
vt 0.110474 0.736328
vt 0.120789 0.737061
vt 0.120789 0.716064
vt 0.110657 0.717041
vt 0.108154 0.699707
vt 0.100159 0.718262
vt 0.097290 0.703613
vt 0.089600 0.719482
vt 0.087097 0.707275
vt 0.089050 0.733887
vt 0.099792 0.735352
vt 0.096985 0.751099
vt 0.104980 0.766846
vt 0.092957 0.761353
vt 0.085693 0.747070
vt 0.082275 0.760010
vt 0.710938 0.657471
vt 0.679199 0.641113
vt 0.713867 0.648682
vt 0.714355 0.639404
vt 0.712402 0.630127
vt 0.708496 0.621826
vt 0.702148 0.614990
vt 0.694824 0.609863
vt 0.697266 0.604004
vt 0.695801 0.607422
vt 0.686523 0.604004
vt 0.704102 0.613037
vt 0.710449 0.620605
vt 0.714844 0.629639
vt 0.716797 0.639160
vt 0.734863 0.638428
vt 0.724609 0.638916
vt 0.722168 0.627197
vt 0.720703 0.639160
vt 0.718750 0.628418
vt 0.713867 0.618408
vt 0.706543 0.610107
vt 0.699219 0.600342
vt 0.687012 0.600342
vt 0.709473 0.607178
vt 0.717285 0.616211
vt 0.725586 0.610840
vt 0.731934 0.624023
vt 0.736328 0.622559
vt 0.715820 0.599609
vt 0.703613 0.591309
vt 0.706055 0.587402
vt 0.719238 0.596436
vt 0.729492 0.608154
vt 0.746094 0.597412
vt 0.754883 0.616211
vt 0.731934 0.581543
vt 0.714844 0.569580
vt 0.694824 0.562256
vt 0.690918 0.581787
vt 0.674316 0.560547
vt 0.675293 0.580322
vt 0.659668 0.583252
vt 0.675781 0.584961
vt 0.689941 0.586182
vt 0.687988 0.596436
vt 0.676270 0.595215
vt 0.664551 0.597412
vt 0.661133 0.587646
vt 0.676270 0.599121
vt 0.644531 0.610107
vt 0.647949 0.613037
vt 0.641602 0.621826
vt 0.653809 0.602539
vt 0.656250 0.605957
vt 0.665527 0.601318
vt 0.676758 0.603027
vt 0.666992 0.604980
vt 0.676758 0.605469
vt 0.686035 0.606445
vt 0.667969 0.607178
vt 0.658203 0.609375
vt 0.650879 0.615479
vt 0.645020 0.623535
vt 0.642090 0.632812
vt 0.647461 0.624756
vt 0.652344 0.617188
vt 0.659668 0.611328
vt 0.644531 0.633301
vt 0.641602 0.642822
vt 0.644043 0.642578
vt 0.645508 0.651855
vt 0.649414 0.660156
vt 0.655762 0.666992
vt 0.663574 0.672363
vt 0.681152 0.676514
vt 0.690430 0.674805
vt 0.672363 0.675537
vt 0.671875 0.677979
vt 0.662598 0.674561
vt 0.653809 0.668945
vt 0.647461 0.661621
vt 0.681641 0.678955
vt 0.651367 0.671875
vt 0.658691 0.681641
vt 0.648926 0.674805
vt 0.660645 0.677979
vt 0.670898 0.681885
vt 0.681641 0.683105
vt 0.690918 0.677246
vt 0.669922 0.685791
vt 0.692383 0.680908
vt 0.700195 0.672852
vt 0.693848 0.684570
vt 0.682129 0.687012
vt 0.667969 0.695801
vt 0.654297 0.690674
vt 0.642090 0.682373
vt 0.652344 0.694824
vt 0.702148 0.676025
vt 0.704102 0.679443
vt 0.625977 0.700684
vt 0.612305 0.684814
vt 0.628418 0.673828
vt 0.639160 0.685791
vt 0.643555 0.712402
vt 0.666992 0.700195
vt 0.682617 0.697021
vt 0.696777 0.694336
vt 0.709961 0.687988
vt 0.698242 0.698730
vt 0.683105 0.701660
vt 0.663086 0.719727
vt 0.712402 0.691895
vt 0.723145 0.708496
vt 0.704590 0.717529
vt 0.684082 0.721436
vt 0.739258 0.638184
vt 0.733887 0.653076
vt 0.738281 0.654053
vt 0.729004 0.666748
vt 0.733398 0.668701
vt 0.724609 0.681641
vt 0.721191 0.678711
vt 0.713379 0.671875
vt 0.720215 0.662109
vt 0.723633 0.650879
vt 0.710449 0.669189
vt 0.716797 0.660400
vt 0.719727 0.649902
vt 0.716309 0.649170
vt 0.712891 0.658447
vt 0.707520 0.666504
vt 0.698730 0.670654
vt 0.705566 0.664795
vt 0.731445 0.490234
vt 0.686035 0.504883
vt 0.733887 0.502441
vt 0.732910 0.515137
vt 0.728516 0.527588
vt 0.720703 0.537842
vt 0.639160 0.494629
vt 0.643555 0.482422
vt 0.651367 0.471680
vt 0.661621 0.463867
vt 0.672852 0.458984
vt 0.685059 0.457031
vt 0.697266 0.458984
vt 0.708496 0.463379
vt 0.718262 0.470215
vt 0.726074 0.479004
vt 0.710449 0.545654
vt 0.699219 0.550537
vt 0.687012 0.552490
vt 0.674805 0.550781
vt 0.664062 0.546387
vt 0.654297 0.539795
vt 0.645996 0.530762
vt 0.640625 0.519531
vt 0.638672 0.507324
vt 0.643066 0.652588
vt 0.644043 0.663574
vt 0.639648 0.653809
vt 0.640625 0.665771
vt 0.637695 0.642822
vt 0.635742 0.655029
vt 0.632324 0.671387
vt 0.625977 0.658203
vt 0.633789 0.643066
vt 0.638184 0.632080
vt 0.634277 0.631104
vt 0.623535 0.643799
vt 0.622070 0.659424
vt 0.603027 0.665771
vt 0.638184 0.619873
vt 0.599121 0.645020
vt 0.600586 0.624023
vt 0.620117 0.627930
vt 0.619141 0.644043
vt 0.624512 0.628906
vt 0.628906 0.615234
vt 0.625000 0.613037
vt 0.633789 0.600342
vt 0.637207 0.603516
vt 0.645996 0.590088
vt 0.648438 0.593994
vt 0.653809 0.564209
vt 0.634766 0.573486
vt 0.619141 0.586914
vt 0.607422 0.604248
vt 0.739258 0.695068
vt 0.750977 0.677979
vt 0.084595 0.120605
vt 0.051575 0.120605
vt 0.051575 0.127441
vt 0.087891 0.127441
vt 0.021988 0.120605
vt 0.051575 0.114258
vt 0.089050 0.114258
vt 0.097839 0.121094
vt 0.090271 0.134277
vt 0.051575 0.134277
vt 0.018890 0.127441
vt 0.017197 0.114258
vt 0.051575 0.021484
vt 0.088867 0.021484
vt 0.097656 0.021484
vt 0.013100 0.134277
vt 0.006699 0.122070
vt 0.014893 0.021484
vt 0.051575 0.008301
vt 0.088867 0.008301
vt 0.013794 0.008301
vt 0.006699 0.021973
vt 0.109253 0.021484
vt 0.109985 0.114258
vt 0.146973 0.021484
vt 0.146973 0.114258
vt 0.183472 0.114258
vt 0.178589 0.120605
vt 0.176270 0.127441
vt 0.146973 0.127441
vt 0.146973 0.134277
vt 0.181763 0.134277
vt 0.191895 0.121582
vt 0.108948 0.127441
vt 0.103394 0.134277
vt 0.114441 0.120605
vt 0.146973 0.120605
vt 0.146973 0.008301
vt 0.106873 0.008301
vt 0.184326 0.021484
vt 0.191895 0.021484
vt 0.203491 0.021484
vt 0.203491 0.114258
vt 0.240479 0.021484
vt 0.240479 0.114258
vt 0.277100 0.021484
vt 0.277100 0.008301
vt 0.240479 0.008301
vt 0.200562 0.008301
vt 0.277100 0.114258
vt 0.271973 0.120605
vt 0.272705 0.127441
vt 0.240479 0.127441
vt 0.240479 0.134277
vt 0.205444 0.127441
vt 0.197754 0.134277
vt 0.208862 0.120605
vt 0.240479 0.120605
vt 0.278076 0.134277
vt 0.286133 0.123047
vt 0.286133 0.021484
vt 0.297852 0.114258
vt 0.298828 0.021484
vt 0.332031 0.021484
vt 0.332031 0.008301
vt 0.371582 0.021484
vt 0.370361 0.008301
vt 0.298828 0.008301
vt 0.380615 0.122559
vt 0.380371 0.021484
vt 0.371582 0.114258
vt 0.366699 0.120605
vt 0.367188 0.127441
vt 0.332031 0.114258
vt 0.370361 0.134277
vt 0.332031 0.134277
vt 0.332031 0.127441
vt 0.332031 0.120605
vt 0.302979 0.120605
vt 0.295166 0.127441
vt 0.290283 0.134277
vt 0.402100 0.997301
vt 0.402832 0.960815
vt 0.361816 0.971603
vt 0.363281 0.997301
vt 0.330078 0.983612
vt 0.331787 0.997301
vt 0.287109 0.997301
vt 0.277100 0.976410
vt 0.244263 0.997301
vt 0.229614 0.963806
vt 0.189453 0.997301
vt 0.175659 0.945526
vt 0.129150 0.997301
vt 0.122498 0.945221
vt 0.068848 0.974503
vt 0.067749 0.997301
vt 0.002600 0.989601
vt 0.002298 0.997301
vt 0.461182 0.120605
vt 0.428955 0.120605
vt 0.428955 0.127441
vt 0.397705 0.120605
vt 0.428955 0.114258
vt 0.391357 0.127441
vt 0.387451 0.134277
vt 0.428955 0.134277
vt 0.392090 0.114258
vt 0.392090 0.021484
vt 0.428955 0.021484
vt 0.465576 0.114258
vt 0.463379 0.127441
vt 0.466064 0.134277
vt 0.474854 0.121582
vt 0.465576 0.021484
vt 0.428955 0.008301
vt 0.392090 0.008301
vt 0.476562 0.021484
vt 0.465576 0.008301
vt 0.185547 0.008301
vt 0.021790 0.120605
vt 0.575195 0.291016
vt 0.594727 0.328125
vt 0.618652 0.288086
vt 0.601074 0.256348
vt 0.642090 0.245117
vt 0.626465 0.220703
vt 0.614746 0.208496
vt 0.639648 0.203613
vt 0.655273 0.226074
vt 0.673340 0.267578
vt 0.662598 0.282227
vt 0.638184 0.319824
vt 0.614746 0.357422
vt 0.565918 0.380371
vt 0.685547 0.249512
vt 0.665527 0.208496
vt 0.652344 0.190430
vt 0.627441 0.193359
vt 0.643555 0.174316
vt 0.637695 0.167480
vt 0.575684 0.168945
vt 0.586426 0.156250
vt 0.579590 0.151367
vt 0.596680 0.167480
vt 0.624023 0.141602
vt 0.631348 0.155273
vt 0.604492 0.175781
vt 0.614258 0.184570
vt 0.585938 0.191895
vt 0.601562 0.199219
vt 0.578613 0.183105
vt 0.554199 0.321289
vt 0.571289 0.285156
vt 0.591309 0.244629
vt 0.592285 0.139648
vt 0.585449 0.135742
vt 0.615234 0.130859
vt 0.632324 0.134277
vt 0.625000 0.121094
vt 0.642090 0.127441
vt 0.632812 0.113770
vt 0.617188 0.110840
vt 0.623047 0.104004
vt 0.606445 0.122559
vt 0.601074 0.108887
vt 0.606445 0.100586
vt 0.600098 0.094238
vt 0.577637 0.091309
vt 0.609863 0.092773
vt 0.600098 0.090332
vt 0.575684 0.087402
vt 0.570312 0.126953
vt 0.419922 0.274414
vt 0.425293 0.264160
vt 0.374268 0.285156
vt 0.448975 0.325684
vt 0.446289 0.368164
vt 0.332764 0.282715
vt 0.330078 0.299316
vt 0.305176 0.305176
vt 0.373291 0.300293
vt 0.432373 0.325195
vt 0.440918 0.361816
vt 0.400879 0.389648
vt 0.389893 0.384277
vt 0.366943 0.396973
vt 0.342529 0.375977
vt 0.351318 0.422363
vt 0.373535 0.402832
vt 0.354980 0.432617
vt 0.376953 0.418457
vt 0.369873 0.448242
vt 0.409912 0.433594
vt 0.406982 0.411621
vt 0.385254 0.436035
vt 0.350586 0.468750
vt 0.332031 0.460449
vt 0.325439 0.442383
vt 0.320801 0.432129
vt 0.312500 0.383301
vt 0.279297 0.395020
vt 0.276123 0.365234
vt 0.305176 0.338867
vt 0.272217 0.350098
vt 0.314453 0.454102
vt 0.317139 0.463379
vt 0.295166 0.449707
vt 0.288330 0.444824
vt 0.237305 0.398438
vt 0.236694 0.366699
vt 0.288086 0.478027
vt 0.312744 0.469727
vt 0.289062 0.475586
vt 0.289307 0.470703
vt 0.263428 0.467285
vt 0.242310 0.450684
vt 0.261719 0.474609
vt 0.262695 0.481934
vt 0.294434 0.532959
vt 0.306885 0.524902
vt 0.329102 0.501953
vt 0.369873 0.550293
vt 0.377197 0.572510
vt 0.396973 0.562012
vt 0.358887 0.562744
vt 0.350342 0.548828
vt 0.343750 0.561523
vt 0.330811 0.545166
vt 0.325928 0.553955
vt 0.323730 0.523438
vt 0.337891 0.573242
vt 0.351562 0.576416
vt 0.366455 0.581299
vt 0.386719 0.623047
vt 0.403076 0.614014
vt 0.358398 0.595215
vt 0.376709 0.625000
vt 0.363525 0.610107
vt 0.351562 0.611328
vt 0.345459 0.592041
vt 0.369141 0.678711
vt 0.369873 0.702637
vt 0.381348 0.700684
vt 0.388184 0.699707
vt 0.402344 0.692139
vt 0.437256 0.692139
vt 0.442383 0.608398
vt 0.345703 0.517822
vt 0.346191 0.494141
vt 0.363037 0.504395
vt 0.375732 0.477051
vt 0.378174 0.517090
vt 0.424072 0.499512
vt 0.389160 0.538330
vt 0.445557 0.546631
vt 0.463623 0.559326
vt 0.460938 0.615234
vt 0.512695 0.503906
vt 0.459473 0.405762
vt 0.480713 0.451172
vt 0.500488 0.489258
vt 0.530273 0.465820
vt 0.566895 0.432617
vt 0.548340 0.440918
vt 0.559082 0.448730
vt 0.536133 0.434570
vt 0.505859 0.431152
vt 0.485107 0.390625
vt 0.463379 0.380859
vt 0.502930 0.355469
vt 0.509766 0.373535
vt 0.523438 0.399414
vt 0.542969 0.380859
vt 0.529297 0.362305
vt 0.543457 0.396973
vt 0.533691 0.408203
vt 0.525391 0.420410
vt 0.537598 0.422363
vt 0.551758 0.424805
vt 0.547363 0.377441
vt 0.533203 0.357910
vt 0.541504 0.343262
vt 0.560059 0.371094
vt 0.097961 0.618896
vt 0.098267 0.588623
vt 0.075562 0.589600
vt 0.120178 0.618164
vt 0.051483 0.532471
vt 0.045776 0.571533
vt 0.070984 0.570557
vt 0.047272 0.591064
vt 0.075073 0.619629
vt 0.075562 0.630127
vt 0.097473 0.630371
vt 0.120850 0.630615
vt 0.045990 0.620117
vt 0.044678 0.630127
vt 0.014198 0.620117
vt 0.014198 0.590820
vt 0.014198 0.571533
vt 0.014198 0.530273
vt 0.014198 0.478027
vt 0.024887 0.478027
vt 0.014198 0.629639
vt 0.043396 0.692627
vt 0.074768 0.693115
vt 0.014198 0.692139
vt 0.032684 0.475098
vt 0.014198 0.469238
vt 0.058899 0.529297
vt 0.089294 0.530518
vt 0.073242 0.458984
vt 0.014198 0.458984
vt 0.071777 0.469238
vt 0.068970 0.479004
vt 0.126099 0.480469
vt 0.123352 0.531006
vt 0.160522 0.530518
vt 0.156860 0.571533
vt 0.193848 0.571533
vt 0.077393 0.573242
vt 0.098450 0.573242
vt 0.121277 0.572510
vt 0.155273 0.588135
vt 0.192627 0.587402
vt 0.193604 0.617432
vt 0.226196 0.616455
vt 0.120239 0.588379
vt 0.155640 0.618408
vt 0.156250 0.629883
vt 0.194092 0.630371
vt 0.226685 0.629639
vt 0.250977 0.614258
vt 0.249756 0.585449
vt 0.268799 0.585449
vt 0.259766 0.530518
vt 0.254150 0.571533
vt 0.283447 0.575928
vt 0.269775 0.612305
vt 0.257568 0.629150
vt 0.230957 0.691895
vt 0.194702 0.692627
vt 0.286377 0.624268
vt 0.356934 0.680664
vt 0.290283 0.687500
vt 0.260986 0.690674
vt 0.543945 0.480469
vt 0.579590 0.445312
vt 0.228638 0.571777
vt 0.228882 0.530273
vt 0.233887 0.481445
vt 0.234985 0.466797
vt 0.234009 0.474609
vt 0.208496 0.465332
vt 0.210083 0.452637
vt 0.167114 0.371582
vt 0.167847 0.404297
vt 0.133789 0.399414
vt 0.200562 0.371094
vt 0.203857 0.401855
vt 0.168945 0.454102
vt 0.130981 0.449219
vt 0.123291 0.443359
vt 0.167603 0.463867
vt 0.127686 0.462402
vt 0.113953 0.445312
vt 0.125977 0.394531
vt 0.134521 0.369141
vt 0.207397 0.472656
vt 0.166016 0.472656
vt 0.127075 0.471191
vt 0.198120 0.481445
vt 0.073364 0.444824
vt 0.112915 0.388184
vt 0.127197 0.356934
vt 0.157959 0.354492
vt 0.197144 0.354004
vt 0.231689 0.352539
vt 0.187500 0.327637
vt 0.230347 0.323730
vt 0.226440 0.312500
vt 0.177124 0.316406
vt 0.148315 0.343262
vt 0.112793 0.350586
vt 0.071045 0.388184
vt 0.141479 0.278809
vt 0.108093 0.292480
vt 0.069397 0.350098
vt 0.034180 0.385254
vt 0.033081 0.445801
vt 0.014198 0.445312
vt 0.140869 0.264648
vt 0.171753 0.259766
vt 0.173340 0.274902
vt 0.106995 0.274902
vt 0.061981 0.296875
vt 0.014198 0.350586
vt 0.014198 0.384277
vt 0.028793 0.394043
vt 0.014198 0.299316
vt 0.014198 0.286621
vt 0.061493 0.281738
vt 0.030289 0.445312
vt 0.014198 0.394043
vt 0.336670 0.534424
vt 0.359619 0.530273
vt 0.166382 0.480957
vt 0.196045 0.530518
vt 0.224854 0.586426
vt 0.097351 0.693115
vt 0.122742 0.693359
vt 0.157959 0.692871
vt 0.446777 0.160645
vt 0.407715 0.188965
vt 0.416504 0.204102
vt 0.455811 0.176270
vt 0.477295 0.139160
vt 0.487793 0.153320
vt 0.507812 0.121094
vt 0.515137 0.135742
vt 0.252930 0.234863
vt 0.216797 0.243164
vt 0.220581 0.255859
vt 0.257568 0.248047
vt 0.288330 0.225586
vt 0.292969 0.238770
vt 0.318115 0.217285
vt 0.325684 0.229980
vt 0.363037 0.195801
vt 0.370361 0.209961
vt 0.058380 0.269531
vt 0.014198 0.272461
vt 0.098267 0.264160
vt 0.134888 0.254395
vt 0.168701 0.247559
vt 0.495361 0.166016
vt 0.522949 0.151367
vt 0.548340 0.202637
vt 0.464600 0.187988
vt 0.515137 0.220215
vt 0.571777 0.249023
vt 0.534180 0.269043
vt 0.579102 0.264160
vt 0.537598 0.283691
vt 0.497803 0.288574
vt 0.500000 0.302246
vt 0.425049 0.211426
vt 0.457031 0.308105
vt 0.441895 0.258301
vt 0.479492 0.236328
vt 0.301758 0.292480
vt 0.296631 0.253906
vt 0.259277 0.262207
vt 0.295898 0.326172
vt 0.331055 0.316406
vt 0.266846 0.315430
vt 0.263672 0.303223
vt 0.221436 0.270020
vt 0.359863 0.359863
vt 0.349365 0.309570
vt 0.384033 0.350098
vt 0.375732 0.271973
vt 0.414795 0.258789
vt 0.409424 0.215820
vt 0.371582 0.223145
vt 0.329102 0.248535
vt 0.930176 0.689941
vt 0.935547 0.745605
vt 0.948242 0.745605
vt 0.872070 0.691406
vt 0.857422 0.692383
vt 0.861816 0.746826
vt 0.875488 0.746826
vt 0.930664 0.806885
vt 0.942871 0.805786
vt 0.948242 0.803711
vt 0.934570 0.862061
vt 0.964355 0.868286
vt 0.929688 0.865112
vt 0.984375 0.805664
vt 0.953613 0.746094
vt 0.990723 0.745605
vt 0.949219 0.899658
vt 0.971191 0.871826
vt 0.989746 0.808105
vt 0.996582 0.745605
vt 0.983398 0.685547
vt 0.947754 0.691162
vt 0.962891 0.621338
vt 0.837402 0.537109
vt 0.884766 0.541016
vt 0.864746 0.524902
vt 0.891602 0.538330
vt 0.911133 0.585693
vt 0.900391 0.547852
vt 0.917969 0.585205
vt 0.924316 0.562500
vt 0.943848 0.584229
vt 0.948730 0.581299
vt 0.969727 0.619629
vt 0.988281 0.683105
vt 0.928223 0.556885
vt 0.865234 0.516846
vt 0.842285 0.518311
vt 0.831055 0.504395
vt 0.766602 0.546875
vt 0.773438 0.546143
vt 0.774902 0.521729
vt 0.800781 0.524658
vt 0.788086 0.499512
vt 0.810059 0.522217
vt 0.794922 0.494141
vt 0.820312 0.532715
vt 0.819824 0.539307
vt 0.823730 0.548340
vt 0.812500 0.547852
vt 0.793457 0.574463
vt 0.772461 0.575195
vt 0.811523 0.641113
vt 0.842285 0.628418
vt 0.822754 0.562012
vt 0.804199 0.585449
vt 0.799316 0.577393
vt 0.770996 0.612305
vt 0.766602 0.578857
vt 0.846191 0.626221
vt 0.766602 0.630127
vt 0.771973 0.632812
vt 0.766602 0.659424
vt 0.771484 0.658936
vt 0.766602 0.697510
vt 0.769531 0.699707
vt 0.814453 0.692871
vt 0.815430 0.747314
vt 0.852539 0.689941
vt 0.766602 0.747559
vt 0.769043 0.747314
vt 0.770020 0.799316
vt 0.766602 0.797363
vt 0.766602 0.835449
vt 0.770996 0.834717
vt 0.771484 0.861450
vt 0.814453 0.800171
vt 0.853027 0.802246
vt 0.857910 0.747070
vt 0.858398 0.801880
vt 0.843262 0.865112
vt 0.810547 0.852051
vt 0.808105 0.881653
vt 0.873047 0.801880
vt 0.864258 0.866333
vt 0.917969 0.863647
vt 0.848633 0.867310
vt 0.833008 0.898132
vt 0.805176 0.906555
vt 0.766602 0.863892
vt 0.907715 0.893005
vt 0.856445 0.896729
vt 0.837891 0.905457
vt 0.823242 0.928345
vt 0.798828 0.914734
vt 0.825684 0.944519
vt 0.847168 0.927002
vt 0.895996 0.925110
vt 0.918457 0.893433
vt 0.924316 0.893860
vt 0.888184 0.949921
vt 0.840332 0.954529
vt 0.867188 0.962830
vt 0.846680 0.973404
vt 0.823242 0.959930
vt 0.870117 0.976608
vt 0.896973 0.954926
vt 0.835938 0.988106
vt 0.798828 0.993401
vt 0.813477 0.946625
vt 0.790527 0.988205
vt 0.774414 0.949524
vt 0.775879 0.990005
vt 0.766602 0.948517
vt 0.766602 0.996101
vt 0.766602 0.916138
vt 0.770508 0.881104
vt 0.772461 0.914001
vt 0.793457 0.920227
vt 0.766602 0.519043
vt 0.776367 0.497559
vt 0.766602 0.491211
vt 0.932617 0.624512
vt 0.927246 0.625732
vt 0.901855 0.585205
vt 0.849121 0.582520
vt 0.862305 0.627441
vt 0.915527 0.627686
vt 0.942871 0.689453
vt 0.905273 0.928345
vt 0.905762 0.945404
vt 0.934570 0.934143
vt 0.911621 0.927124
vt 0.928711 0.929626
vt 0.952637 0.902954
vt 0.029388 0.917603
vt 0.033783 0.908447
vt 0.035370 0.908813
vt 0.031372 0.937927
vt 0.031799 0.947327
vt 0.013496 0.946808
vt 0.012398 0.935608
vt 0.019897 0.925415
vt 0.031891 0.928406
vt 0.033478 0.918518
vt 0.047089 0.919006
vt 0.046478 0.908020
vt 0.059875 0.906006
vt 0.016296 0.956726
vt 0.032471 0.966705
vt 0.009094 0.964020
vt 0.001400 0.951416
vt 0.063171 0.946716
vt 0.075378 0.945923
vt 0.074768 0.956116
vt 0.062988 0.956726
vt 0.062866 0.967224
vt 0.048279 0.966827
vt 0.048279 0.957001
vt 0.032196 0.956818
vt 0.079285 0.934814
vt 0.080078 0.945618
vt 0.079590 0.955719
vt 0.079773 0.964722
vt 0.074463 0.966522
vt 0.060791 0.917725
vt 0.069092 0.915527
vt 0.072388 0.925415
vt 0.073975 0.914856
vt 0.077087 0.924316
vt 0.074768 0.935608
vt 0.062683 0.937012
vt 0.067566 0.904846
vt 0.072693 0.906006
vt 0.048187 0.947327
vt 0.047699 0.937927
vt 0.061279 0.927307
vt 0.047394 0.928528
vt 0.069153 0.755737
vt 0.071472 0.738525
vt 0.081482 0.744385
vt 0.003599 0.742432
vt 0.016891 0.742432
vt 0.018799 0.758911
vt 0.033386 0.741943
vt 0.034393 0.757446
vt 0.051697 0.756104
vt 0.035583 0.767822
vt 0.051788 0.766602
vt 0.067261 0.766602
vt 0.051086 0.740967
vt 0.020996 0.770142
vt 0.006397 0.761108
vt 0.009796 0.772339
vt 0.010193 0.711914
vt 0.019287 0.714111
vt 0.017395 0.725830
vt 0.005997 0.723389
vt 0.033295 0.726807
vt 0.034393 0.714844
vt 0.051392 0.725098
vt 0.062683 0.721436
vt 0.053070 0.712646
vt 0.048370 0.702881
vt 0.036194 0.703125
vt 0.021500 0.701660
vt 0.013893 0.700684
vt 0.551758 0.930420
vt 0.552246 0.926758
vt 0.560547 0.928833
vt 0.559082 0.932251
vt 0.567871 0.933228
vt 0.555664 0.940918
vt 0.550781 0.939911
vt 0.573730 0.939606
vt 0.570312 0.941406
vt 0.573242 0.948029
vt 0.565430 0.936035
vt 0.559570 0.943329
vt 0.549805 0.953430
vt 0.546387 0.940216
vt 0.562500 0.946625
vt 0.563965 0.950623
vt 0.561035 0.962524
vt 0.567871 0.967926
vt 0.562500 0.972504
vt 0.563477 0.958923
vt 0.564453 0.954712
vt 0.573730 0.955109
vt 0.577637 0.955414
vt 0.577148 0.947205
vt 0.575684 0.963318
vt 0.571777 0.961914
vt 0.570801 0.970306
vt 0.564453 0.975708
vt 0.572754 0.989601
vt 0.560059 0.994701
vt 0.583496 0.980911
vt 0.590332 0.969406
vt 0.593750 0.956512
vt 0.592773 0.943207
vt 0.587402 0.930847
vt 0.525879 0.966919
vt 0.531738 0.973114
vt 0.520996 0.985603
vt 0.532715 0.992500
vt 0.539062 0.977509
vt 0.546387 0.995701
vt 0.547363 0.979507
vt 0.556152 0.978912
vt 0.548828 0.967224
vt 0.543945 0.966217
vt 0.547852 0.975815
vt 0.553223 0.966827
vt 0.557129 0.965210
vt 0.555176 0.975204
vt 0.541992 0.941925
vt 0.537109 0.933838
vt 0.538574 0.944702
vt 0.543945 0.931030
vt 0.536133 0.948425
vt 0.535156 0.952606
vt 0.535645 0.956818
vt 0.537598 0.960724
vt 0.540527 0.963928
vt 0.525879 0.951508
vt 0.526367 0.958405
vt 0.529297 0.965027
vt 0.534180 0.970413
vt 0.540527 0.974106
vt 0.522461 0.959320
vt 0.521973 0.951111
vt 0.535156 0.930725
vt 0.528320 0.936157
vt 0.516113 0.925232
vt 0.509277 0.936646
vt 0.523926 0.943207
vt 0.505859 0.949615
vt 0.506836 0.962921
vt 0.512207 0.975311
vt 0.527832 0.944519
vt 0.531738 0.938507
vt 0.542969 0.927429
vt 0.578125 0.920654
vt 0.566895 0.913757
vt 0.553223 0.910522
vt 0.539551 0.911621
vt 0.526855 0.916626
vt 0.660156 0.412109
vt 0.663086 0.406738
vt 0.655273 0.404297
vt 0.655762 0.400879
vt 0.664062 0.401367
vt 0.663086 0.414062
vt 0.666016 0.408203
vt 0.667480 0.401367
vt 0.666504 0.394531
vt 0.663086 0.395508
vt 0.655273 0.397949
vt 0.644043 0.400879
vt 0.653320 0.394531
vt 0.660645 0.390137
vt 0.663086 0.388672
vt 0.665039 0.387207
vt 0.668457 0.394043
vt 0.669434 0.401367
vt 0.667969 0.408691
vt 0.647949 0.390625
vt 0.644531 0.390137
vt 0.644531 0.381836
vt 0.640625 0.390625
vt 0.637695 0.392090
vt 0.634766 0.394531
vt 0.633301 0.397461
vt 0.632324 0.400879
vt 0.638672 0.382812
vt 0.632812 0.385254
vt 0.627930 0.389648
vt 0.625000 0.394531
vt 0.624023 0.400879
vt 0.625000 0.406738
vt 0.622070 0.407715
vt 0.603516 0.413086
vt 0.619629 0.408203
vt 0.618652 0.400879
vt 0.623535 0.415039
vt 0.620605 0.400879
vt 0.622070 0.393555
vt 0.625488 0.387695
vt 0.630859 0.382812
vt 0.609375 0.424316
vt 0.629883 0.380859
vt 0.623535 0.386230
vt 0.619629 0.393066
vt 0.636719 0.377441
vt 0.630859 0.361816
vt 0.645020 0.376953
vt 0.619141 0.367676
vt 0.609863 0.376465
vt 0.604004 0.387695
vt 0.601562 0.400391
vt 0.659668 0.381836
vt 0.658203 0.383301
vt 0.652832 0.378418
vt 0.651855 0.379883
vt 0.644531 0.378906
vt 0.637695 0.379883
vt 0.656250 0.385742
vt 0.650879 0.383301
vt 0.650879 0.392578
vt 0.653320 0.407227
vt 0.655762 0.416016
vt 0.650879 0.409668
vt 0.650391 0.418945
vt 0.647461 0.411133
vt 0.644043 0.419922
vt 0.644043 0.411621
vt 0.640625 0.411133
vt 0.637207 0.409668
vt 0.638184 0.418945
vt 0.644043 0.422852
vt 0.651367 0.421875
vt 0.657715 0.418945
vt 0.664551 0.415039
vt 0.659180 0.420410
vt 0.651855 0.423828
vt 0.644043 0.425293
vt 0.636719 0.421875
vt 0.642578 0.441406
vt 0.655762 0.439453
vt 0.667480 0.434082
vt 0.677246 0.425293
vt 0.683594 0.414062
vt 0.685547 0.401367
vt 0.683594 0.388672
vt 0.677734 0.377441
vt 0.668457 0.368164
vt 0.656738 0.362305
vt 0.644043 0.360352
vt 0.632812 0.404297
vt 0.625000 0.414062
vt 0.627930 0.411621
vt 0.634766 0.407227
vt 0.628906 0.420410
vt 0.630371 0.418945
vt 0.632324 0.416016
vt 0.636230 0.423828
vt 0.618164 0.433105
vt 0.629883 0.439453
vt 0.743164 0.895203
vt 0.721680 0.895203
vt 0.721680 0.913452
vt 0.743164 0.913452
vt 0.721680 0.941010
vt 0.743164 0.941010
vt 0.721680 0.947021
vt 0.743164 0.947021
vt 0.721680 0.976212
vt 0.709961 0.978806
vt 0.743164 0.978806
vt 0.743164 0.976212
vt 0.699707 0.947021
vt 0.693359 0.949005
vt 0.693359 0.973907
vt 0.675781 0.973907
vt 0.699707 0.978806
vt 0.709961 0.947021
vt 0.709961 0.941010
vt 0.709961 0.913452
vt 0.675781 0.949005
vt 0.709961 0.997900
vt 0.743164 0.997900
vt 0.699707 0.997900
vt 0.671875 0.978806
vt 0.671875 0.947021
vt 0.658691 0.978806
vt 0.637207 0.978806
vt 0.656738 0.973907
vt 0.637207 0.997900
vt 0.619141 0.978806
vt 0.658691 0.997900
vt 0.671875 0.997900
vt 0.595215 0.978806
vt 0.583984 0.997900
vt 0.595215 0.997900
vt 0.618652 0.997900
vt 0.675781 0.913452
vt 0.675781 0.932556
vt 0.693359 0.932556
vt 0.671875 0.913452
vt 0.671875 0.941010
vt 0.658691 0.941010
vt 0.658691 0.947021
vt 0.637207 0.941010
vt 0.637207 0.947021
vt 0.619141 0.943604
vt 0.619141 0.913452
vt 0.637207 0.913452
vt 0.639648 0.932922
vt 0.639648 0.973907
vt 0.639648 0.948822
vt 0.656738 0.948822
vt 0.699707 0.941010
vt 0.699707 0.913452
vt 0.709961 0.895203
vt 0.721680 0.843506
vt 0.709961 0.843506
vt 0.709961 0.849487
vt 0.721680 0.849487
vt 0.709961 0.877014
vt 0.721680 0.877014
vt 0.699707 0.895203
vt 0.693359 0.913452
vt 0.699707 0.877014
vt 0.699707 0.849487
vt 0.699707 0.843506
vt 0.671875 0.843506
vt 0.658691 0.913452
vt 0.671875 0.895203
vt 0.675781 0.895203
vt 0.693359 0.895203
vt 0.693359 0.877014
vt 0.693359 0.857910
vt 0.675781 0.877014
vt 0.675781 0.857910
vt 0.671875 0.849487
vt 0.671875 0.877014
vt 0.658691 0.843506
vt 0.658691 0.849487
vt 0.658691 0.877014
vt 0.658691 0.895203
vt 0.656738 0.913452
vt 0.656738 0.932922
vt 0.639648 0.913452
vt 0.637207 0.843506
vt 0.656738 0.841553
vt 0.639648 0.841553
vt 0.637207 0.849487
vt 0.656738 0.857544
vt 0.656738 0.877014
vt 0.656738 0.895203
vt 0.639648 0.895203
vt 0.637207 0.895203
vt 0.639648 0.877014
vt 0.637207 0.877014
vt 0.639648 0.857544
vt 0.619141 0.877014
vt 0.619141 0.895203
vt 0.699707 0.792480
vt 0.671875 0.792480
vt 0.671875 0.811646
vt 0.658691 0.811646
vt 0.658691 0.792480
vt 0.637207 0.811646
vt 0.637207 0.792480
vt 0.619141 0.811646
vt 0.619141 0.846802
vt 0.618652 0.792480
vt 0.595215 0.792480
vt 0.595215 0.811646
vt 0.583984 0.792480
vt 0.656738 0.816528
vt 0.639648 0.816528
vt 0.721680 0.814209
vt 0.743164 0.843506
vt 0.743164 0.814209
vt 0.743164 0.811646
vt 0.709961 0.811646
vt 0.709961 0.792480
vt 0.699707 0.811646
vt 0.675781 0.816528
vt 0.743164 0.792480
vt 0.675781 0.841431
vt 0.693359 0.841431
vt 0.693359 0.816528
vt 0.743164 0.877014
vt 0.743164 0.849487
vt 0.750000 0.223633
vt 0.745117 0.138672
vt 0.771484 0.137207
vt 0.778320 0.223145
vt 0.809082 0.137207
vt 0.809570 0.226074
vt 0.809082 0.102051
vt 0.765137 0.098145
vt 0.746582 0.092285
vt 0.728516 0.082031
vt 0.720215 0.138672
vt 0.723145 0.208008
vt 0.738770 0.230469
vt 0.733887 0.236816
vt 0.712402 0.091309
vt 0.681641 0.142578
vt 0.699707 0.178711
vt 0.710449 0.206543
vt 0.648926 0.087891
vt 0.645508 0.096191
vt 0.636230 0.070312
vt 0.645996 0.067871
vt 0.660645 0.047363
vt 0.619629 0.057129
vt 0.809082 0.051758
vt 0.848633 0.049316
vt 0.769531 0.049316
vt 0.757812 0.043457
vt 0.745605 0.037109
vt 0.686523 0.006348
vt 0.839844 0.242676
vt 0.809570 0.244141
vt 0.840820 0.223145
vt 0.846680 0.136719
vt 0.852539 0.098145
vt 0.860840 0.043457
vt 0.872070 0.090820
vt 0.872559 0.037109
vt 0.936523 0.142578
vt 0.897949 0.138672
vt 0.905762 0.090820
vt 0.889648 0.081543
vt 0.873047 0.138184
vt 0.868652 0.223633
vt 0.865234 0.239258
vt 0.918457 0.178711
vt 0.895020 0.208008
vt 0.880859 0.230469
vt 0.885254 0.244629
vt 0.877930 0.242188
vt 0.867676 0.262207
vt 0.854004 0.261719
vt 0.907715 0.206543
vt 0.875488 0.264648
vt 0.870117 0.297363
vt 0.880371 0.296387
vt 0.900391 0.259277
vt 0.895996 0.273926
vt 0.933105 0.291992
vt 0.937500 0.269043
vt 0.907715 0.239746
vt 0.916016 0.301270
vt 0.890625 0.318359
vt 0.877441 0.322266
vt 0.925293 0.327637
vt 0.938965 0.322754
vt 0.936035 0.338379
vt 0.955078 0.322754
vt 0.943848 0.295898
vt 0.867676 0.296387
vt 0.874512 0.323242
vt 0.882324 0.342285
vt 0.896973 0.337402
vt 0.924805 0.336426
vt 0.854492 0.298340
vt 0.859863 0.325684
vt 0.840332 0.264160
vt 0.841309 0.299805
vt 0.844727 0.327637
vt 0.846680 0.347168
vt 0.828125 0.347656
vt 0.828125 0.352051
vt 0.809082 0.352051
vt 0.824707 0.264648
vt 0.825195 0.301758
vt 0.826660 0.329102
vt 0.809082 0.348145
vt 0.790039 0.347656
vt 0.809082 0.330078
vt 0.809082 0.302734
vt 0.809082 0.266113
vt 0.791504 0.329590
vt 0.793457 0.301758
vt 0.778809 0.242676
vt 0.778320 0.263184
vt 0.764648 0.261719
vt 0.793457 0.264160
vt 0.777832 0.299805
vt 0.773438 0.327148
vt 0.771484 0.346680
vt 0.790039 0.351562
vt 0.770508 0.351074
vt 0.756348 0.345215
vt 0.753906 0.349609
vt 0.739746 0.343750
vt 0.735352 0.347656
vt 0.764648 0.298340
vt 0.759277 0.325195
vt 0.743652 0.322754
vt 0.735352 0.341797
vt 0.730469 0.345215
vt 0.721191 0.337402
vt 0.718750 0.342285
vt 0.740723 0.322266
vt 0.727539 0.318359
vt 0.702148 0.301270
vt 0.738281 0.296387
vt 0.748535 0.297363
vt 0.750977 0.296387
vt 0.722656 0.273926
vt 0.743164 0.264648
vt 0.750977 0.262207
vt 0.692871 0.327637
vt 0.685059 0.291992
vt 0.718262 0.259277
vt 0.740234 0.242188
vt 0.753418 0.239258
vt 0.680664 0.269043
vt 0.710449 0.239746
vt 0.759277 0.465820
vt 0.733398 0.481445
vt 0.733887 0.464355
vt 0.754395 0.458984
vt 0.731445 0.438965
vt 0.736816 0.421387
vt 0.727051 0.382812
vt 0.755859 0.382324
vt 0.757324 0.390625
vt 0.731445 0.399902
vt 0.707031 0.377930
vt 0.718750 0.405762
vt 0.745117 0.411133
vt 0.757324 0.421875
vt 0.776855 0.455566
vt 0.760742 0.410156
vt 0.770996 0.422363
vt 0.772949 0.410156
vt 0.789551 0.421387
vt 0.809082 0.453613
vt 0.828613 0.421387
vt 0.841797 0.455566
vt 0.847656 0.421875
vt 0.809082 0.420410
vt 0.791016 0.410645
vt 0.790039 0.382812
vt 0.770508 0.382324
vt 0.809082 0.382324
vt 0.789551 0.375977
vt 0.770020 0.375488
vt 0.753906 0.375977
vt 0.734375 0.374023
vt 0.729492 0.372070
vt 0.723145 0.375977
vt 0.809082 0.376465
vt 0.845215 0.410156
vt 0.827148 0.410645
vt 0.828613 0.382812
vt 0.828613 0.375488
vt 0.809082 0.409668
vt 0.847656 0.381836
vt 0.861328 0.390137
vt 0.858398 0.410156
vt 0.873535 0.410645
vt 0.887207 0.399902
vt 0.848145 0.375488
vt 0.862793 0.382324
vt 0.891113 0.382324
vt 0.899414 0.405762
vt 0.881348 0.421387
vt 0.895508 0.375977
vt 0.911621 0.377930
vt 0.926758 0.363770
vt 0.937012 0.369141
vt 0.900879 0.367676
vt 0.888672 0.372070
vt 0.883789 0.374023
vt 0.865723 0.375000
vt 0.882812 0.347656
vt 0.887695 0.345215
vt 0.899414 0.342285
vt 0.878418 0.343750
vt 0.865234 0.350098
vt 0.862793 0.345703
vt 0.847656 0.351074
vt 0.520508 0.801025
vt 0.557129 0.784302
vt 0.564941 0.793213
vt 0.520996 0.813110
vt 0.426025 0.708740
vt 0.433105 0.700928
vt 0.444092 0.745605
vt 0.431396 0.751343
vt 0.448486 0.782227
vt 0.438477 0.791382
vt 0.515137 0.817139
vt 0.556152 0.894958
vt 0.562500 0.889343
vt 0.607910 0.861816
vt 0.419678 0.755005
vt 0.501953 0.918518
vt 0.488281 0.927307
vt 0.471436 0.887756
vt 0.480713 0.880310
vt 0.531250 0.907654
vt 0.500977 0.854492
vt 0.422607 0.818115
vt 0.399658 0.776855
vt 0.429199 0.894104
vt 0.422852 0.857056
vt 0.424316 0.844971
vt 0.412598 0.844849
vt 0.414062 0.858765
vt 0.407471 0.861328
vt 0.388428 0.877808
vt 0.399658 0.849121
vt 0.372314 0.797119
vt 0.378662 0.867432
vt 0.378174 0.896912
vt 0.396240 0.896606
vt 0.336182 0.815552
vt 0.362793 0.892029
vt 0.361816 0.930725
vt 0.374268 0.933838
vt 0.398926 0.936646
vt 0.435547 0.935059
vt 0.421387 0.708740
vt 0.413086 0.726807
vt 0.389404 0.749023
vt 0.360352 0.770508
vt 0.326416 0.781616
vt 0.308838 0.782104
vt 0.308838 0.813599
vt 0.281494 0.815552
vt 0.385498 0.739502
vt 0.357666 0.761597
vt 0.325684 0.771729
vt 0.308838 0.772705
vt 0.291260 0.781616
vt 0.291992 0.771729
vt 0.295654 0.760010
vt 0.308838 0.760376
vt 0.322021 0.760010
vt 0.343994 0.747070
vt 0.354248 0.724609
vt 0.273682 0.747070
vt 0.254150 0.931519
vt 0.243286 0.933838
vt 0.239258 0.897461
vt 0.254883 0.892029
vt 0.239014 0.867432
vt 0.245361 0.797119
vt 0.257568 0.770264
vt 0.259766 0.761230
vt 0.204712 0.726807
vt 0.197998 0.755005
vt 0.196411 0.708740
vt 0.228394 0.749023
vt 0.232300 0.739502
vt 0.218018 0.776855
vt 0.263428 0.724609
vt 0.258789 0.705811
vt 0.209961 0.720703
vt 0.201294 0.711182
vt 0.205444 0.702881
vt 0.192261 0.697266
vt 0.191650 0.708740
vt 0.218018 0.849243
vt 0.205078 0.844849
vt 0.195190 0.818115
vt 0.179199 0.791382
vt 0.186401 0.751343
vt 0.210083 0.861206
vt 0.229004 0.878052
vt 0.203369 0.858643
vt 0.194580 0.856934
vt 0.193359 0.844849
vt 0.116455 0.854492
vt 0.102295 0.817139
vt 0.061676 0.894958
vt 0.086487 0.907654
vt 0.136963 0.880249
vt 0.146240 0.887756
vt 0.188354 0.894104
vt 0.220947 0.896729
vt 0.115784 0.918518
vt 0.129517 0.927307
vt 0.182129 0.935059
vt 0.218872 0.936646
vt 0.256592 0.920044
vt 0.258545 0.895203
vt 0.280518 0.905151
vt 0.276855 0.918457
vt 0.307617 0.919006
vt 0.308838 0.940613
vt 0.337646 0.918457
vt 0.343506 0.938324
vt 0.273193 0.940826
vt 0.295166 0.834717
vt 0.281982 0.817505
vt 0.308105 0.904724
vt 0.336182 0.904541
vt 0.359375 0.920532
vt 0.359619 0.892456
vt 0.321777 0.834351
vt 0.335449 0.817505
vt 0.308838 0.815552
vt 0.308594 0.833984
vt 0.097046 0.801025
vt 0.052490 0.793213
vt 0.060272 0.784302
vt 0.096741 0.813232
vt 0.184570 0.700928
vt 0.173584 0.745605
vt 0.169189 0.782227
vt 0.055298 0.889343
vt 0.009697 0.861816
vt 0.884277 0.464355
vt 0.885254 0.481445
vt 0.859375 0.465820
vt 0.785645 0.466797
vt 0.809082 0.466797
vt 0.832520 0.466797
vt 0.863770 0.458984
vt 0.887207 0.438965
vt 0.860840 0.421875
vt 0.972168 0.067871
vt 0.998535 0.057129
vt 0.981934 0.070312
vt 0.931641 0.006348
vt 0.957520 0.047363
vt 0.967285 0.090820
vt 0.972656 0.096191
vt 0.717773 0.367676
vt 0.691406 0.363770
vt 0.693359 0.336426
vt 0.681641 0.369141
vt 0.682617 0.338379
vt 0.679199 0.322266
vt 0.674316 0.295898
vt 0.663086 0.322754
vt 0.407715 0.720703
vt 0.416504 0.711182
vt 0.412354 0.702881
vt 0.358887 0.705811
vt 0.425537 0.697266
vt 0.757324 0.658203
vt 0.758789 0.636963
vt 0.452637 0.982605
vt 0.453857 0.997301
vt 0.500000 0.997301
vt 0.499023 0.962128
s 1
usemtl DPROP_GEN_Sentinel_Head_MATINST.001
f 1/1/1 2/2/2 3/3/3
f 4/4/4 5/5/5 6/6/6
f 6/6/6 5/5/5 7/7/7
f 7/7/7 8/8/8 6/6/6
f 8/8/8 9/9/9 1/1/1
f 9/9/9 8/8/8 7/7/7
f 1/1/1 10/10/10 8/8/8
f 3/3/3 10/10/10 1/1/1
f 6/6/6 8/8/8 10/10/10
f 10/10/10 3/3/3 11/11/11
f 10/10/10 12/12/12 6/6/6
f 11/11/11 12/12/12 10/10/10
f 6/6/6 12/12/12 13/13/13
f 13/13/13 12/12/12 11/11/11
f 13/13/13 14/14/14 6/6/6
f 6/6/6 14/14/14 4/4/4
f 7/7/7 15/15/15 9/9/9
f 11/11/11 16/16/16 13/13/13
f 13/13/13 16/16/16 17/17/17
f 18/18/18 19/19/19 20/20/20
f 20/20/20 19/19/19 21/21/21
f 21/21/21 22/22/22 20/20/20
f 17/17/17 22/22/22 21/21/21
f 17/17/17 23/23/23 13/13/13
f 21/21/21 23/23/23 17/17/17
f 4/4/4 14/14/14 24/24/24
f 13/13/13 23/23/23 24/24/24
f 24/24/24 14/14/14 13/13/13
f 24/24/24 25/25/25 4/4/4
f 26/26/21 25/25/25 24/24/24
f 25/25/25 26/26/21 27/27/26
f 28/28/27 24/24/24 23/23/23
f 23/23/23 21/21/21 28/28/27
f 28/28/27 21/21/21 19/19/19
f 24/24/24 28/28/27 26/26/21
f 19/19/19 29/29/28 28/28/27
f 29/29/28 19/19/19 18/18/18
f 30/30/29 26/26/21 28/28/27
f 27/27/26 26/26/21 30/30/29
f 28/28/27 29/29/28 30/30/29
f 31/31/30 30/30/29 29/29/28
f 30/30/29 31/31/30 32/32/31
f 32/32/31 31/31/30 33/33/32
f 33/33/32 34/34/33 32/32/31
f 32/32/31 35/35/34 30/30/29
f 30/30/29 35/35/34 27/27/26
f 34/34/33 33/33/32 36/36/35
f 36/36/35 37/37/36 38/38/37
f 38/38/37 39/39/38 36/36/35
f 36/36/35 39/39/38 34/34/33
f 36/36/35 33/33/32 40/40/39
f 40/40/39 33/33/32 31/31/30
f 18/18/18 41/41/40 29/29/28
f 29/29/28 41/41/40 31/31/30
f 31/31/30 41/41/40 40/40/39
f 40/40/39 41/41/40 18/18/18
f 42/42/41 43/43/42 37/37/36
f 44/44/43 45/45/44 46/46/45
f 46/46/45 47/47/42 44/44/43
f 48/48/46 42/42/41 47/47/42
f 47/47/42 46/46/45 48/48/46
f 42/42/41 48/48/46 49/49/45
f 49/49/45 43/43/42 42/42/41
f 43/43/42 49/49/45 50/50/47
f 51/51/48 38/38/37 37/37/36
f 37/37/36 43/43/42 51/51/48
f 50/50/47 51/51/48 43/43/42
f 52/52/49 44/44/43 47/47/42
f 18/18/18 53/53/50 40/40/39
f 54/54/51 53/53/50 18/18/18
f 55/55/35 53/53/50 54/54/51
f 54/54/51 56/56/52 55/55/35
f 55/55/35 56/56/52 52/52/49
f 47/47/42 57/57/36 52/52/49
f 57/57/36 47/47/42 42/42/41
f 52/52/49 57/57/36 55/55/35
f 37/37/36 58/58/53 42/42/41
f 42/42/41 58/58/53 57/57/36
f 18/18/18 59/59/54 54/54/51
f 20/20/20 59/59/54 18/18/18
f 60/60/55 58/58/53 37/37/36
f 37/37/36 36/36/35 60/60/55
f 40/40/39 60/60/55 36/36/35
f 60/60/55 40/40/39 53/53/50
f 53/53/50 55/55/35 60/60/55
f 60/60/55 55/55/35 57/57/36
f 57/57/36 58/58/53 60/60/55
f 61/61/56 62/62/57 63/63/58
f 63/63/58 64/64/59 61/61/56
f 65/65/60 64/64/59 63/63/58
f 64/64/59 65/65/60 66/66/61
f 67/67/62 66/66/61 65/65/60
f 63/63/58 68/68/63 65/65/60
f 66/66/61 69/69/64 64/64/59
f 70/70/65 61/61/56 64/64/59
f 64/64/59 69/69/64 70/70/65
f 62/62/57 71/71/66 72/72/67
f 72/72/67 63/63/58 62/62/57
f 73/73/68 68/68/63 63/63/58
f 63/63/58 72/72/67 73/73/68
f 68/68/63 73/73/68 74/74/69
f 65/65/60 68/68/63 75/75/70
f 74/74/69 75/75/70 68/68/63
f 65/65/60 76/76/71 67/67/62
f 75/75/70 76/76/71 65/65/60
f 67/67/62 76/76/71 77/77/72
f 77/77/72 76/76/71 75/75/70
f 75/75/70 74/74/69 78/78/73
f 75/75/70 79/79/74 77/77/72
f 78/78/73 79/79/74 75/75/70
f 79/79/74 78/78/73 80/80/75
f 81/81/76 82/82/77 83/83/78
f 80/80/75 84/84/79 79/79/74
f 84/84/79 80/80/75 82/82/77
f 82/82/77 81/81/76 84/84/79
f 85/85/80 77/77/72 79/79/74
f 79/79/74 84/84/79 85/85/80
f 85/85/80 84/84/79 81/81/76
f 86/86/81 77/77/72 85/85/80
f 77/77/72 86/86/81 67/67/62
f 85/85/80 87/87/82 86/86/81
f 81/81/76 88/88/83 85/85/80
f 87/87/82 85/85/80 88/88/83
f 88/88/83 81/81/76 89/89/84
f 83/83/78 89/89/84 81/81/76
f 90/90/85 89/89/84 83/83/78
f 83/83/78 91/91/86 90/90/85
f 90/90/85 91/91/86 92/92/87
f 93/93/88 89/89/84 90/90/85
f 89/89/84 93/93/88 88/88/83
f 90/90/85 94/94/89 93/93/88
f 94/94/89 90/90/85 95/95/90
f 92/92/87 95/95/90 90/90/85
f 95/95/90 96/96/91 94/94/89
f 97/97/92 96/96/91 95/95/90
f 98/98/7 99/99/5 100/100/93
f 97/97/92 100/100/93 99/99/5
f 96/96/91 97/97/92 101/101/94
f 99/99/5 101/101/94 97/97/92
f 101/101/94 102/102/95 96/96/91
f 94/94/89 96/96/91 102/102/95
f 93/93/88 94/94/89 103/103/96
f 102/102/95 103/103/96 94/94/89
f 104/104/34 87/87/82 88/88/83
f 103/103/96 104/104/34 93/93/88
f 88/88/83 93/93/88 104/104/34
f 95/95/90 92/92/87 105/105/97
f 105/105/97 106/106/98 95/95/90
f 95/95/90 106/106/98 97/97/92
f 97/97/92 106/106/98 107/107/99
f 107/107/99 100/100/93 97/97/92
f 107/107/99 106/106/98 105/105/97
f 108/108/100 100/100/93 107/107/99
f 100/100/93 108/108/100 98/98/7
f 109/109/101 98/98/7 108/108/100
f 108/108/100 110/110/102 109/109/101
f 105/105/97 111/111/103 107/107/99
f 112/112/104 107/107/99 111/111/103
f 107/107/99 112/112/104 108/108/100
f 110/110/102 108/108/100 112/112/104
f 111/111/103 113/113/105 112/112/104
f 112/112/104 114/114/106 110/110/102
f 114/114/106 112/112/104 113/113/105
f 113/113/105 115/115/107 114/114/106
f 116/28/108 117/26/109 118/30/110
f 117/26/109 116/28/108 119/24/111
f 120/23/112 119/24/111 116/28/108
f 116/28/108 121/21/109 120/23/112
f 122/19/113 121/21/109 116/28/108
f 118/30/110 123/29/114 116/28/108
f 116/28/108 123/29/114 122/19/113
f 123/29/114 118/30/110 124/31/115
f 124/31/115 125/41/116 123/29/114
f 126/40/117 125/41/116 124/31/115
f 127/18/118 122/19/113 123/29/114
f 127/18/118 125/41/116 126/40/117
f 123/29/114 125/41/116 127/18/118
f 121/21/109 122/19/113 128/20/119
f 128/20/119 122/19/113 127/18/118
f 128/20/119 129/22/120 121/21/109
f 130/17/121 120/23/112 121/21/109
f 121/21/109 129/22/120 130/17/121
f 119/24/111 120/23/112 131/13/122
f 131/13/122 120/23/112 130/17/121
f 126/40/117 132/53/123 127/18/118
f 130/17/121 133/16/124 131/13/122
f 131/13/122 133/16/124 134/11/125
f 135/36/126 136/37/127 137/58/128
f 135/36/126 138/60/129 126/40/117
f 137/58/128 138/60/129 135/36/126
f 139/55/130 132/53/123 126/40/117
f 126/40/117 138/60/129 139/55/130
f 139/55/130 138/60/129 137/58/128
f 127/18/118 132/53/123 140/54/131
f 140/54/131 132/53/123 139/55/130
f 140/54/131 141/59/132 127/18/118
f 127/18/118 141/59/132 128/20/119
f 139/55/130 142/56/133 140/54/131
f 143/52/134 142/56/133 139/55/130
f 137/58/128 144/57/127 139/55/130
f 139/55/130 144/57/127 143/52/134
f 145/47/135 144/57/127 137/58/128
f 143/52/134 144/57/127 145/47/135
f 145/47/135 146/44/136 143/52/134
f 147/45/44 146/44/136 145/47/135
f 145/47/135 148/46/137 147/45/44
f 148/46/137 145/47/135 149/42/138
f 137/58/128 149/42/138 145/47/135
f 149/42/138 137/58/128 136/37/127
f 149/42/138 150/48/139 148/46/137
f 136/37/127 151/43/140 149/42/138
f 150/48/139 149/42/138 151/43/140
f 151/43/140 152/49/141 150/48/139
f 153/50/142 152/49/141 151/43/140
f 151/43/140 154/51/143 153/50/142
f 155/38/144 154/51/143 151/43/140
f 151/43/140 136/37/127 155/38/144
f 136/37/127 135/36/126 156/39/145
f 156/39/145 155/38/144 136/37/127
f 126/40/117 157/33/146 135/36/126
f 124/31/115 157/33/146 126/40/117
f 156/39/145 135/36/126 157/33/146
f 158/4/147 159/25/148 119/24/111
f 119/24/111 159/25/148 117/26/109
f 118/30/110 117/26/109 160/27/149
f 159/25/148 160/27/149 117/26/109
f 160/27/149 161/35/150 118/30/110
f 162/32/151 124/31/115 118/30/110
f 118/30/110 161/35/150 162/32/151
f 157/33/146 163/34/152 156/39/145
f 163/34/152 157/33/146 124/31/115
f 124/31/115 162/32/151 163/34/152
f 119/24/111 164/14/153 158/4/147
f 131/13/122 164/14/153 119/24/111
f 158/4/147 164/14/153 165/6/154
f 165/6/154 164/14/153 131/13/122
f 165/6/154 166/5/155 158/4/147
f 167/7/156 166/5/155 165/6/154
f 165/6/154 168/8/157 167/7/156
f 167/7/156 168/8/157 169/9/158
f 170/1/159 169/9/158 168/8/157
f 168/8/157 171/10/160 170/1/159
f 169/9/158 172/15/101 167/7/156
f 168/8/157 165/6/154 173/12/161
f 173/12/161 171/10/160 168/8/157
f 131/13/122 173/12/161 165/6/154
f 134/11/125 173/12/161 131/13/122
f 171/10/160 173/12/161 134/11/125
f 174/2/162 170/1/159 171/10/160
f 171/10/160 175/3/163 174/2/162
f 134/11/125 175/3/163 171/10/160
f 176/116/164 177/117/165 178/118/166
f 178/118/166 179/119/167 176/116/164
f 176/116/164 179/119/167 180/120/168
f 180/120/168 181/121/169 176/116/164
f 182/122/170 181/121/169 180/120/168
f 180/120/168 183/123/171 182/122/170
f 182/122/170 183/123/171 184/124/172
f 184/124/172 185/125/173 182/122/170
f 186/126/174 185/125/173 184/124/172
f 184/124/172 187/127/175 186/126/174
f 186/126/174 187/127/175 188/128/176
f 188/128/176 189/129/177 186/126/174
f 189/129/177 188/128/176 190/130/178
f 190/130/178 191/131/179 189/129/177
f 192/81/180 193/84/181 194/85/182
f 194/85/182 195/88/183 192/81/180
f 196/89/184 192/81/180 195/88/183
f 195/88/183 197/93/185 196/89/184
f 196/89/184 197/93/185 198/94/186
f 199/103/187 198/94/186 197/93/185
f 198/94/186 199/103/187 200/102/188
f 200/102/188 201/96/189 198/94/186
f 201/96/189 200/102/188 202/101/190
f 202/101/190 203/97/191 201/96/189
f 203/97/191 202/101/190 204/99/155
f 205/86/192 206/87/151 194/85/182
f 206/87/151 195/88/183 194/85/182
f 207/104/150 197/93/185 195/88/183
f 197/93/185 207/104/150 199/103/187
f 195/88/183 206/87/151 207/104/150
f 208/75/193 209/68/194 210/65/195
f 210/65/195 211/76/196 208/75/193
f 212/67/197 211/76/196 210/65/195
f 212/67/197 205/86/192 213/77/198
f 194/85/182 213/77/198 205/86/192
f 213/77/198 211/76/196 212/67/197
f 214/79/199 213/77/198 194/85/182
f 194/85/182 193/84/181 214/79/199
f 211/76/196 213/77/198 214/79/199
f 214/79/199 208/75/193 211/76/196
f 214/79/199 193/84/181 215/80/200
f 216/82/201 215/80/200 193/84/181
f 193/84/181 192/81/180 216/82/201
f 208/75/193 214/79/199 217/78/202
f 215/80/200 217/78/202 214/79/199
f 217/78/202 218/74/203 208/75/193
f 208/75/193 218/74/203 219/73/204
f 219/73/204 209/68/194 208/75/193
f 192/81/180 196/89/184 220/83/205
f 220/83/205 216/82/201 192/81/180
f 220/83/205 196/89/184 221/90/206
f 198/94/186 221/90/206 196/89/184
f 198/94/186 201/96/189 222/95/207
f 222/95/207 221/90/206 198/94/186
f 201/96/189 203/97/191 223/106/208
f 223/106/208 222/95/207 201/96/189
f 223/106/208 203/97/191 224/100/209
f 204/99/155 224/100/209 203/97/191
f 224/100/209 225/107/210 223/106/208
f 226/111/211 225/107/210 227/112/212
f 222/95/207 223/106/208 228/105/213
f 225/107/210 226/111/211 228/105/213
f 228/105/213 223/106/208 225/107/210
f 221/90/206 222/95/207 229/92/214
f 228/105/213 229/92/214 222/95/207
f 221/90/206 230/91/215 220/83/205
f 229/92/214 230/91/215 221/90/206
f 225/107/210 224/100/209 231/108/216
f 231/108/216 227/112/212 225/107/210
f 224/100/209 204/99/155 232/98/217
f 232/98/217 231/108/216 224/100/209
f 231/108/216 232/98/217 233/109/218
f 227/112/212 231/108/216 234/110/219
f 233/109/218 234/110/219 231/108/216
f 234/110/219 235/114/106 227/112/212
f 227/112/212 235/114/106 236/115/220
f 227/112/212 237/113/221 226/111/211
f 236/115/220 237/113/221 227/112/212
f 238/132/222 239/133/223 240/134/224
f 239/133/223 241/135/223 240/134/224
f 241/135/223 242/136/225 240/134/224
f 242/136/225 243/137/226 240/134/224
f 243/137/226 244/138/227 240/134/224
f 244/138/227 245/139/228 240/134/224
f 245/139/228 246/140/229 240/134/224
f 246/140/229 247/141/229 240/134/224
f 247/141/229 248/142/230 240/134/224
f 248/142/230 249/143/231 240/134/224
f 249/143/231 250/144/232 240/134/224
f 250/144/232 251/145/233 240/134/224
f 251/145/233 252/146/234 240/134/224
f 252/146/234 253/147/235 240/134/224
f 253/147/235 254/148/236 240/134/224
f 254/148/236 255/149/237 240/134/224
f 256/150/238 238/132/222 240/134/224
f 255/149/237 256/150/238 240/134/224
f 257/151/239 258/152/240 259/153/241
f 260/154/242 261/155/243 259/153/241
f 259/153/241 262/156/244 260/154/242
f 262/156/244 259/153/241 258/152/240
f 258/152/240 263/157/245 262/156/244
f 262/156/244 263/157/245 264/158/246
f 259/153/241 265/159/247 257/151/239
f 259/153/241 261/155/243 266/160/248
f 266/160/248 265/159/247 259/153/241
f 267/161/249 266/160/248 261/155/243
f 261/155/243 268/162/250 267/161/249
f 269/163/251 268/162/250 261/155/243
f 261/155/243 260/154/242 269/163/251
f 270/164/252 260/154/242 262/156/244
f 269/163/251 260/154/242 270/164/252
f 264/158/246 271/165/253 262/156/244
f 262/156/244 271/165/253 270/164/252
f 270/164/252 271/165/253 272/166/254
f 273/167/255 272/166/254 271/165/253
f 271/165/253 264/158/246 273/167/255
f 272/166/254 273/167/255 274/168/256
f 267/161/249 268/162/250 275/169/257
f 275/169/257 276/170/258 267/161/249
f 268/162/250 269/163/251 277/171/259
f 277/171/259 275/169/257 268/162/250
f 270/164/252 278/172/260 269/163/251
f 277/171/259 269/163/251 278/172/260
f 278/172/260 270/164/252 279/173/261
f 272/166/254 279/173/261 270/164/252
f 274/168/256 280/174/262 272/166/254
f 279/173/261 272/166/254 280/174/262
f 279/173/261 281/175/263 278/172/260
f 278/172/260 281/175/263 282/176/264
f 282/176/264 283/177/265 278/172/260
f 278/172/260 283/177/265 277/171/259
f 284/178/266 282/176/264 281/175/263
f 285/179/267 286/180/268 287/181/269
f 288/182/270 286/180/268 285/179/267
f 289/183/271 286/180/268 288/182/270
f 287/181/269 286/180/268 289/183/271
f 288/182/270 290/184/272 289/183/271
f 291/185/273 289/183/271 290/184/272
f 290/184/272 292/186/274 291/185/273
f 291/185/273 292/186/274 284/178/266
f 293/187/275 281/175/263 279/173/261
f 284/178/266 293/187/275 291/185/273
f 281/175/263 293/187/275 284/178/266
f 279/173/261 294/188/276 293/187/275
f 280/174/262 294/188/276 279/173/261
f 295/189/277 294/188/276 280/174/262
f 293/187/275 294/188/276 295/189/277
f 295/189/277 291/185/273 293/187/275
f 289/183/271 296/190/278 287/181/269
f 296/190/278 289/183/271 291/185/273
f 291/185/273 295/189/277 296/190/278
f 296/190/278 295/189/277 297/191/279
f 280/174/262 297/191/279 295/189/277
f 287/181/269 296/190/278 298/192/280
f 297/191/279 298/192/280 296/190/278
f 298/192/280 299/193/281 287/181/269
f 300/194/282 297/191/279 280/174/262
f 280/174/262 274/168/256 300/194/282
f 301/195/283 298/192/280 297/191/279
f 297/191/279 300/194/282 301/195/283
f 302/196/284 299/193/281 298/192/280
f 298/192/280 301/195/283 302/196/284
f 287/181/269 299/193/281 303/197/285
f 303/197/285 299/193/281 302/196/284
f 303/197/285 304/198/286 287/181/269
f 287/181/269 304/198/286 285/179/267
f 302/196/284 305/199/287 303/197/285
f 303/197/285 305/199/287 306/200/288
f 304/198/286 303/197/285 307/201/289
f 306/200/288 307/201/289 303/197/285
f 307/201/289 306/200/288 308/202/290
f 307/201/289 309/203/291 304/198/286
f 285/179/267 304/198/286 309/203/291
f 308/202/290 310/204/292 307/201/289
f 309/203/291 307/201/289 310/204/292
f 310/204/292 308/202/290 311/205/293
f 311/205/293 312/206/294 310/204/292
f 312/206/294 311/205/293 313/207/295
f 313/207/295 314/208/296 312/206/294
f 314/208/296 313/207/295 315/209/297
f 315/209/297 316/210/298 314/208/296
f 317/211/299 318/212/300 319/213/301
f 320/214/302 319/213/301 318/212/300
f 319/213/301 320/214/302 321/215/303
f 322/216/304 314/208/296 316/210/298
f 316/210/298 321/215/303 322/216/304
f 322/216/304 321/215/303 320/214/302
f 314/208/296 322/216/304 323/217/305
f 310/204/292 312/206/294 323/217/305
f 323/217/305 312/206/294 314/208/296
f 310/204/292 324/218/306 309/203/291
f 323/217/305 324/218/306 310/204/292
f 325/219/307 309/203/291 324/218/306
f 309/203/291 325/219/307 285/179/267
f 326/220/308 285/179/267 325/219/307
f 325/219/307 327/221/309 326/220/308
f 285/179/267 326/220/308 288/182/270
f 328/222/310 327/221/309 325/219/307
f 325/219/307 329/223/311 328/222/310
f 324/218/306 329/223/311 325/219/307
f 329/223/311 324/218/306 323/217/305
f 330/224/312 323/217/305 322/216/304
f 323/217/305 330/224/312 329/223/311
f 322/216/304 331/225/313 330/224/312
f 320/214/302 331/225/313 322/216/304
f 331/225/313 320/214/302 332/226/314
f 318/212/300 332/226/314 320/214/302
f 333/227/315 330/224/312 331/225/313
f 333/227/315 328/222/310 329/223/311
f 329/223/311 330/224/312 333/227/315
f 332/226/314 334/228/316 331/225/313
f 331/225/313 334/228/316 333/227/315
f 335/229/317 336/230/318 337/231/319
f 337/231/319 338/232/320 335/229/317
f 338/232/320 337/231/319 339/233/321
f 339/233/321 340/234/322 338/232/320
f 340/234/322 339/233/321 341/235/323
f 341/235/323 342/236/324 340/234/322
f 178/118/166 177/117/165 343/237/325
f 343/237/325 342/236/324 341/235/323
f 341/235/323 344/238/326 343/237/325
f 343/237/325 344/238/326 178/118/166
f 345/231/327 346/230/328 347/239/329
f 348/233/330 345/231/327 347/239/329
f 349/235/331 348/233/330 347/239/329
f 350/238/332 349/235/331 347/239/329
f 351/118/333 350/238/332 347/239/329
f 352/119/334 351/118/333 347/239/329
f 353/120/335 352/119/334 347/239/329
f 354/123/336 353/120/335 347/239/329
f 355/124/337 354/123/336 347/239/329
f 356/127/338 355/124/337 347/239/329
f 357/128/339 356/127/338 347/239/329
f 358/130/340 357/128/339 347/239/329
f 315/209/297 359/240/341 360/241/342
f 360/241/342 316/210/298 315/209/297
f 321/215/303 316/210/298 360/241/342
f 360/241/342 359/240/341 361/242/343
f 362/243/344 266/160/248 267/161/249
f 267/161/249 363/244/345 362/243/344
f 364/245/346 362/243/344 363/244/345
f 363/244/345 267/161/249 276/170/258
f 363/244/345 365/246/347 364/245/346
f 319/213/301 365/246/347 317/211/299
f 317/211/299 365/246/347 363/244/345
f 366/247/348 364/245/346 365/246/347
f 365/246/347 319/213/301 366/247/348
f 360/241/342 366/247/348 321/215/303
f 321/215/303 366/247/348 319/213/301
f 364/245/346 366/247/348 360/241/342
f 362/243/344 364/245/346 367/248/349
f 361/242/343 367/248/349 360/241/342
f 360/241/342 367/248/349 364/245/346
f 367/248/349 361/242/343 368/249/350
f 369/250/351 368/249/350 257/151/239
f 257/151/239 265/159/247 369/250/351
f 266/160/248 362/243/344 369/250/351
f 367/248/349 369/250/351 362/243/344
f 368/249/350 369/250/351 367/248/349
f 369/250/351 265/159/247 266/160/248
f 276/170/258 370/251/352 363/244/345
f 363/244/345 370/251/352 317/211/299
f 371/252/353 372/253/354 373/254/224
f 373/254/224 374/255/355 371/252/353
f 375/256/356 371/252/353 374/255/355
f 374/255/355 376/257/237 375/256/356
f 377/258/357 375/256/356 376/257/237
f 376/257/237 378/259/238 377/258/357
f 379/260/358 377/258/357 378/259/238
f 378/259/238 380/261/222 379/260/358
f 381/262/359 379/260/358 380/261/222
f 380/261/222 382/263/360 381/262/359
f 383/264/361 381/262/359 382/263/360
f 384/265/362 374/255/355 373/254/224
f 376/257/237 374/255/355 384/265/362
f 385/266/363 378/259/238 376/257/237
f 386/267/364 380/261/222 378/259/238
f 378/259/238 385/266/363 386/267/364
f 376/257/237 387/268/365 385/266/363
f 384/265/362 387/268/365 376/257/237
f 388/269/366 387/268/365 384/265/362
f 384/265/362 389/270/272 388/269/366
f 390/271/367 389/270/272 384/265/362
f 384/265/362 391/272/368 390/271/367
f 373/254/224 391/272/368 384/265/362
f 387/268/365 388/269/366 392/273/369
f 392/273/369 385/266/363 387/268/365
f 386/267/364 385/266/363 392/273/369
f 393/274/370 394/275/371 395/276/372
f 395/276/372 396/277/373 393/274/370
f 397/278/374 396/277/373 395/276/372
f 395/276/372 398/279/375 397/278/374
f 397/278/374 398/279/375 399/280/376
f 380/261/222 386/267/364 399/280/376
f 399/280/376 382/263/360 380/261/222
f 382/263/360 399/280/376 398/279/375
f 399/280/376 400/281/377 397/278/374
f 401/282/309 400/281/377 399/280/376
f 392/273/369 401/282/309 386/267/364
f 399/280/376 386/267/364 401/282/309
f 402/283/378 394/275/371 393/274/370
f 393/274/370 403/284/300 402/283/378
f 402/283/378 403/284/300 404/285/379
f 405/286/380 394/275/371 402/283/378
f 395/276/372 394/275/371 405/286/380
f 405/286/380 406/287/381 395/276/372
f 398/279/375 395/276/372 406/287/381
f 406/287/381 407/288/382 398/279/375
f 382/263/360 407/288/382 383/264/361
f 398/279/375 407/288/382 382/263/360
f 408/289/383 383/264/361 407/288/382
f 407/288/382 406/287/381 408/289/383
f 409/290/384 408/289/383 406/287/381
f 406/287/381 405/286/380 409/290/384
f 402/283/378 410/291/227 405/286/380
f 409/290/384 405/286/380 410/291/227
f 410/291/227 402/283/378 411/292/385
f 404/285/379 411/292/385 402/283/378
f 411/292/385 404/285/379 412/293/386
f 411/292/385 413/294/387 410/291/227
f 413/294/387 411/292/385 414/295/388
f 412/293/386 414/295/388 411/292/385
f 414/295/388 415/296/387 413/294/387
f 416/297/389 415/296/387 414/295/388
f 415/296/387 416/297/389 417/298/390
f 417/298/390 418/299/391 415/296/387
f 419/300/392 413/294/387 415/296/387
f 415/296/387 418/299/391 419/300/392
f 413/294/387 419/300/392 420/301/393
f 410/291/227 420/301/393 409/290/384
f 420/301/393 410/291/227 413/294/387
f 421/302/394 414/295/388 412/293/386
f 414/295/388 421/302/394 416/297/389
f 417/298/390 416/297/389 422/303/395
f 422/303/395 416/297/389 421/302/394
f 422/303/395 423/304/396 417/298/390
f 423/304/396 422/303/395 424/305/224
f 424/305/224 425/306/397 423/304/396
f 425/306/397 424/305/224 426/307/398
f 426/307/398 427/308/399 425/306/397
f 428/309/400 429/310/266 430/311/401
f 430/311/401 431/312/402 428/309/400
f 428/309/400 431/312/402 432/313/403
f 427/308/399 426/307/398 433/314/224
f 433/314/224 426/307/398 432/313/403
f 433/314/224 431/312/402 430/311/401
f 432/313/403 431/312/402 433/314/224
f 426/307/398 424/305/224 434/315/404
f 434/315/404 432/313/403 426/307/398
f 434/315/404 424/305/224 422/303/395
f 421/302/394 435/316/405 422/303/395
f 422/303/395 435/316/405 434/315/404
f 436/317/406 435/316/405 421/302/394
f 434/315/404 435/316/405 436/317/406
f 421/302/394 437/318/407 436/317/406
f 412/293/386 437/318/407 421/302/394
f 436/317/406 438/319/259 434/315/404
f 432/313/403 434/315/404 438/319/259
f 438/319/259 439/320/408 432/313/403
f 432/313/403 439/320/408 428/309/400
f 210/65/195 440/66/409 212/67/197
f 440/66/409 210/65/195 441/64/410
f 442/63/411 441/64/410 210/65/195
f 210/65/195 209/68/194 442/63/411
f 442/63/411 209/68/194 219/73/204
f 441/64/410 443/69/412 440/66/409
f 444/70/413 443/69/412 441/64/410
f 441/64/410 445/61/56 444/70/413
f 445/61/56 441/64/410 442/63/411
f 442/63/411 446/62/57 445/61/56
f 447/71/414 446/62/57 442/63/411
f 219/73/204 448/72/415 442/63/411
f 442/63/411 448/72/415 447/71/414
f 430/311/401 449/321/224 433/314/224
f 433/314/224 450/322/416 427/308/399
f 433/314/224 449/321/224 451/323/417
f 451/323/417 450/322/416 433/314/224
f 452/324/418 451/323/417 449/321/224
f 453/325/224 449/321/224 430/311/401
f 449/321/224 453/325/224 452/324/418
f 430/311/401 454/326/419 453/325/224
f 430/311/401 429/310/266 455/327/367
f 455/327/367 454/326/419 430/311/401
f 456/268/420 457/269/421 458/273/422
f 458/273/422 459/266/423 456/268/420
f 460/259/424 459/266/423 461/267/425
f 461/267/425 459/266/423 458/273/422
f 459/266/423 460/259/424 462/257/426
f 462/257/426 456/268/420 459/266/423
f 463/265/427 456/268/420 462/257/426
f 457/269/421 456/268/420 463/265/427
f 463/265/427 464/270/428 457/269/421
f 465/271/429 464/270/428 463/265/427
f 463/265/427 466/272/430 465/271/429
f 467/254/431 466/272/430 463/265/427
f 463/265/427 468/255/426 467/254/431
f 462/257/426 468/255/426 463/265/427
f 467/254/431 468/255/426 469/252/432
f 468/255/426 462/257/426 470/256/433
f 470/256/433 469/252/432 468/255/426
f 462/257/426 460/259/424 471/258/434
f 471/258/434 470/256/433 462/257/426
f 472/260/435 471/258/434 460/259/424
f 461/267/425 473/261/436 460/259/424
f 460/259/424 473/261/436 472/260/435
f 474/262/437 472/260/435 473/261/436
f 473/261/436 475/263/438 474/262/437
f 476/264/439 474/262/437 475/263/438
f 469/252/432 477/253/440 467/254/431
f 478/283/441 479/284/442 480/285/443
f 481/274/444 479/284/442 478/283/441
f 478/283/441 482/275/445 481/274/444
f 483/286/446 482/275/445 478/283/441
f 481/274/444 482/275/445 484/276/447
f 484/276/447 482/275/445 483/286/446
f 483/286/446 485/287/448 484/276/447
f 486/279/449 484/276/447 485/287/448
f 485/287/448 487/288/450 486/279/449
f 486/279/449 487/288/450 475/263/438
f 475/263/438 487/288/450 476/264/439
f 475/263/438 488/280/451 486/279/449
f 488/280/451 475/263/438 473/261/436
f 473/261/436 461/267/425 488/280/451
f 484/276/447 489/277/452 481/274/444
f 484/276/447 486/279/449 490/278/453
f 490/278/453 489/277/452 484/276/447
f 490/278/453 486/279/449 488/280/451
f 488/280/451 491/281/454 490/278/453
f 492/282/455 491/281/454 488/280/451
f 488/280/451 461/267/425 492/282/455
f 458/273/422 492/282/455 461/267/425
f 493/315/456 494/316/457 495/317/458
f 495/317/458 496/319/459 493/315/456
f 497/313/460 493/315/456 496/319/459
f 496/319/459 498/320/461 497/313/460
f 497/313/460 498/320/461 499/309/462
f 499/309/462 500/310/463 501/311/464
f 501/311/464 502/312/465 499/309/462
f 499/309/462 502/312/465 497/313/460
f 497/313/460 502/312/465 503/314/466
f 503/314/466 502/312/465 501/311/464
f 503/314/466 504/307/466 497/313/460
f 493/315/456 497/313/460 504/307/466
f 504/307/466 505/305/467 493/315/456
f 506/303/467 494/316/457 493/315/456
f 493/315/456 505/305/467 506/303/467
f 495/317/458 494/316/457 507/302/468
f 507/302/468 494/316/457 506/303/467
f 507/302/468 508/318/469 495/317/458
f 509/293/470 508/318/469 507/302/468
f 507/302/468 510/295/471 509/293/470
f 509/293/470 510/295/471 511/292/472
f 480/285/443 511/292/472 478/283/441
f 511/292/472 480/285/443 509/293/470
f 510/295/471 507/302/468 512/297/473
f 506/303/467 512/297/473 507/302/468
f 513/298/474 512/297/473 506/303/467
f 514/304/475 506/303/467 505/305/467
f 506/303/467 514/304/475 513/298/474
f 505/305/467 515/306/476 514/304/475
f 515/306/476 505/305/467 504/307/466
f 504/307/466 516/308/477 515/306/476
f 516/308/477 504/307/466 503/314/466
f 517/294/478 511/292/472 510/295/471
f 518/291/479 478/283/441 511/292/472
f 511/292/472 517/294/478 518/291/479
f 478/283/441 518/291/479 483/286/446
f 512/297/473 519/296/480 510/295/471
f 510/295/471 519/296/480 517/294/478
f 519/296/480 512/297/473 513/298/474
f 513/298/474 520/299/481 519/296/480
f 521/300/482 517/294/478 519/296/480
f 519/296/480 520/299/481 521/300/482
f 517/294/478 521/300/482 522/301/483
f 522/301/483 518/291/479 517/294/478
f 485/287/448 483/286/446 523/290/484
f 518/291/479 522/301/483 523/290/484
f 523/290/484 483/286/446 518/291/479
f 524/289/485 476/264/439 487/288/450
f 487/288/450 485/287/448 524/289/485
f 523/290/484 524/289/485 485/287/448
f 525/209/486 526/240/487 527/241/488
f 527/241/488 526/240/487 528/242/489
f 529/244/490 530/251/491 531/211/492
f 531/211/492 532/246/493 529/244/490
f 533/213/494 532/246/493 531/211/492
f 532/246/493 533/213/494 534/247/495
f 535/215/496 534/247/495 533/213/494
f 527/241/488 534/247/495 535/215/496
f 527/241/488 536/210/497 525/209/486
f 535/215/496 536/210/497 527/241/488
f 525/209/486 536/210/497 537/208/498
f 537/208/498 538/207/499 525/209/486
f 539/198/500 540/197/501 541/201/502
f 541/201/502 542/203/503 539/198/500
f 542/203/503 541/201/502 543/204/504
f 543/204/504 544/218/505 542/203/503
f 545/217/506 544/218/505 543/204/504
f 538/207/499 537/208/498 546/206/507
f 543/204/504 546/206/507 545/217/506
f 545/217/506 546/206/507 537/208/498
f 547/216/508 537/208/498 536/210/497
f 537/208/498 547/216/508 545/217/506
f 536/210/497 535/215/496 547/216/508
f 547/216/508 535/215/496 548/214/509
f 533/213/494 548/214/509 535/215/496
f 548/214/509 549/225/510 547/216/508
f 550/224/511 545/217/506 547/216/508
f 547/216/508 549/225/510 550/224/511
f 549/225/510 548/214/509 551/226/512
f 552/212/442 551/226/512 548/214/509
f 548/214/509 533/213/494 552/212/442
f 531/211/492 552/212/442 533/213/494
f 551/226/512 553/228/452 549/225/510
f 549/225/510 553/228/452 554/227/513
f 554/227/513 550/224/511 549/225/510
f 555/223/514 544/218/505 545/217/506
f 545/217/506 550/224/511 555/223/514
f 555/223/514 550/224/511 554/227/513
f 554/227/513 556/222/515 555/223/514
f 544/218/505 555/223/514 557/219/516
f 557/219/516 555/223/514 556/222/515
f 557/219/516 542/203/503 544/218/505
f 556/222/515 558/221/455 557/219/516
f 557/219/516 558/221/455 559/220/422
f 560/179/517 539/198/500 542/203/503
f 559/220/422 560/179/517 557/219/516
f 542/203/503 557/219/516 560/179/517
f 560/179/517 559/220/422 561/182/518
f 540/197/501 539/198/500 562/181/519
f 562/181/519 539/198/500 560/179/517
f 562/181/519 563/193/520 540/197/501
f 564/205/521 546/206/507 543/204/504
f 546/206/507 564/205/521 538/207/499
f 565/202/522 543/204/504 541/201/502
f 543/204/504 565/202/522 564/205/521
f 566/200/523 541/201/502 540/197/501
f 541/201/502 566/200/523 565/202/522
f 540/197/501 567/199/524 566/200/523
f 568/196/525 567/199/524 540/197/501
f 540/197/501 563/193/520 568/196/525
f 569/192/526 563/193/520 562/181/519
f 568/196/525 563/193/520 569/192/526
f 562/181/519 570/190/527 569/192/526
f 571/183/528 570/190/527 562/181/519
f 570/190/527 571/183/528 572/185/529
f 561/182/518 573/184/530 571/183/528
f 572/185/529 571/183/528 573/184/530
f 573/184/530 574/186/429 572/185/529
f 572/185/529 574/186/429 575/178/531
f 575/178/531 576/187/532 572/185/529
f 577/175/533 576/187/532 575/178/531
f 560/179/517 578/180/534 562/181/519
f 562/181/519 578/180/534 571/183/528
f 571/183/528 578/180/534 561/182/518
f 561/182/518 578/180/534 560/179/517
f 576/187/532 577/175/533 579/173/535
f 579/173/535 577/175/533 580/172/536
f 580/172/536 581/164/537 579/173/535
f 581/164/537 580/172/536 582/163/538
f 582/163/538 583/154/539 581/164/537
f 584/155/540 583/154/539 582/163/538
f 583/154/539 584/155/540 585/153/541
f 585/153/541 584/155/540 586/160/542
f 586/160/542 587/159/543 585/153/541
f 588/166/544 579/173/535 581/164/537
f 581/164/537 589/165/545 588/166/544
f 581/164/537 583/154/539 590/156/546
f 585/153/541 590/156/546 583/154/539
f 590/156/546 589/165/545 581/164/537
f 591/191/547 569/192/526 570/190/527
f 592/195/548 569/192/526 591/191/547
f 569/192/526 592/195/548 568/196/525
f 591/191/547 593/194/549 592/195/548
f 593/194/549 591/191/547 594/174/550
f 579/173/535 588/166/544 594/174/550
f 595/168/551 594/174/550 588/166/544
f 594/174/550 595/168/551 593/194/549
f 588/166/544 596/167/552 595/168/551
f 596/167/552 588/166/544 589/165/545
f 589/165/545 597/158/553 596/167/552
f 597/158/553 589/165/545 590/156/546
f 590/156/546 598/157/554 597/158/553
f 599/152/555 598/157/554 590/156/546
f 590/156/546 585/153/541 599/152/555
f 572/185/529 600/189/556 570/190/527
f 594/174/550 591/191/547 600/189/556
f 570/190/527 600/189/556 591/191/547
f 600/189/556 572/185/529 576/187/532
f 600/189/556 601/188/557 594/174/550
f 579/173/535 601/188/557 576/187/532
f 594/174/550 601/188/557 579/173/535
f 576/187/532 601/188/557 600/189/556
f 529/244/490 532/246/493 602/245/558
f 602/245/558 603/243/559 529/244/490
f 534/247/495 602/245/558 532/246/493
f 602/245/558 534/247/495 527/241/488
f 528/242/489 604/248/560 527/241/488
f 527/241/488 604/248/560 602/245/558
f 603/243/559 602/245/558 604/248/560
f 605/250/561 587/159/543 586/160/542
f 586/160/542 603/243/559 605/250/561
f 604/248/560 605/250/561 603/243/559
f 604/248/560 528/242/489 606/249/562
f 606/249/562 605/250/561 604/248/560
f 585/153/541 587/159/543 607/151/563
f 607/151/563 587/159/543 605/250/561
f 605/250/561 606/249/562 607/151/563
f 607/151/563 599/152/555 585/153/541
f 608/161/564 529/244/490 603/243/559
f 603/243/559 586/160/542 608/161/564
f 608/161/564 586/160/542 584/155/540
f 609/170/565 530/251/491 529/244/490
f 529/244/490 608/161/564 609/170/565
f 610/171/566 582/163/538 580/172/536
f 611/169/567 609/170/565 608/161/564
f 608/161/564 612/162/568 611/169/567
f 582/163/538 612/162/568 584/155/540
f 584/155/540 612/162/568 608/161/564
f 612/162/568 582/163/538 610/171/566
f 610/171/566 611/169/567 612/162/568
f 580/172/536 613/177/569 610/171/566
f 580/172/536 577/175/533 614/176/570
f 575/178/531 614/176/570 577/175/533
f 614/176/570 613/177/569 580/172/536
f 615/132/438 616/133/438 617/134/467
f 616/133/438 618/135/571 617/134/467
f 618/135/571 619/136/572 617/134/467
f 619/136/572 620/137/573 617/134/467
f 620/137/573 621/138/574 617/134/467
f 621/138/574 622/139/478 617/134/467
f 622/139/478 623/140/575 617/134/467
f 623/140/575 624/141/576 617/134/467
f 624/141/576 625/142/577 617/134/467
f 625/142/577 626/143/577 617/134/467
f 626/143/577 627/144/578 617/134/467
f 627/144/578 628/145/579 617/134/467
f 628/145/579 629/146/580 617/134/467
f 629/146/580 630/147/580 617/134/467
f 630/147/580 631/148/581 617/134/467
f 631/148/581 632/149/582 617/134/467
f 633/150/424 615/132/438 617/134/467
f 632/149/582 633/150/424 617/134/467
f 634/151/563 635/152/583 636/153/541
f 637/154/539 638/155/584 636/153/541
f 639/156/546 636/153/541 635/152/583
f 636/153/541 639/156/546 637/154/539
f 635/152/583 640/157/554 639/156/546
f 639/156/546 640/157/554 641/158/553
f 636/153/541 642/159/543 634/151/563
f 643/160/585 642/159/543 636/153/541
f 636/153/541 638/155/584 643/160/585
f 644/161/564 643/160/585 638/155/584
f 638/155/584 645/162/586 644/161/564
f 638/155/584 637/154/539 646/163/538
f 646/163/538 645/162/586 638/155/584
f 646/163/538 637/154/539 647/164/537
f 647/164/537 637/154/539 639/156/546
f 639/156/546 648/165/587 647/164/537
f 641/158/553 648/165/587 639/156/546
f 647/164/537 648/165/587 649/166/544
f 648/165/587 641/158/553 650/167/552
f 650/167/552 649/166/544 648/165/587
f 649/166/544 650/167/552 651/168/551
f 644/161/564 645/162/586 652/169/567
f 652/169/567 653/170/565 644/161/564
f 654/171/588 652/169/567 645/162/586
f 645/162/586 646/163/538 654/171/588
f 654/171/588 646/163/538 655/172/536
f 647/164/537 655/172/536 646/163/538
f 649/166/544 656/173/535 647/164/537
f 655/172/536 647/164/537 656/173/535
f 656/173/535 649/166/544 657/174/550
f 651/168/551 657/174/550 649/166/544
f 656/173/535 658/175/589 655/172/536
f 655/172/536 658/175/589 659/176/462
f 659/176/462 660/177/569 655/172/536
f 655/172/536 660/177/569 654/171/588
f 661/178/531 659/176/462 658/175/589
f 662/179/590 663/180/534 664/181/519
f 665/182/518 663/180/534 662/179/590
f 664/181/519 663/180/534 666/183/528
f 666/183/528 663/180/534 665/182/518
f 665/182/518 667/184/591 666/183/528
f 668/185/592 666/183/528 667/184/591
f 667/184/591 669/186/429 668/185/592
f 668/185/592 669/186/429 661/178/531
f 661/178/531 670/187/532 668/185/592
f 658/175/589 670/187/532 661/178/531
f 670/187/532 658/175/589 656/173/535
f 656/173/535 671/188/557 670/187/532
f 657/174/550 671/188/557 656/173/535
f 670/187/532 671/188/557 672/189/556
f 672/189/556 668/185/592 670/187/532
f 672/189/556 671/188/557 657/174/550
f 666/183/528 673/190/593 664/181/519
f 673/190/593 666/183/528 668/185/592
f 668/185/592 672/189/556 673/190/593
f 657/174/550 674/191/547 672/189/556
f 673/190/593 672/189/556 674/191/547
f 664/181/519 673/190/593 675/192/526
f 674/191/547 675/192/526 673/190/593
f 675/192/526 676/193/520 664/181/519
f 657/174/550 651/168/551 677/194/549
f 677/194/549 674/191/547 657/174/550
f 678/195/548 675/192/526 674/191/547
f 674/191/547 677/194/549 678/195/548
f 679/196/594 676/193/520 675/192/526
f 675/192/526 678/195/548 679/196/594
f 680/197/501 676/193/520 679/196/594
f 664/181/519 676/193/520 680/197/501
f 664/181/519 681/198/500 662/179/590
f 680/197/501 681/198/500 664/181/519
f 679/196/594 682/199/595 680/197/501
f 680/197/501 682/199/595 683/200/523
f 681/198/500 680/197/501 684/201/502
f 683/200/523 684/201/502 680/197/501
f 684/201/502 683/200/523 685/202/522
f 662/179/590 681/198/500 686/203/596
f 684/201/502 686/203/596 681/198/500
f 686/203/596 684/201/502 687/204/597
f 685/202/522 687/204/597 684/201/502
f 687/204/597 685/202/522 688/205/598
f 688/205/598 689/206/599 687/204/597
f 689/206/599 688/205/598 690/207/499
f 690/207/499 691/208/498 689/206/599
f 691/208/498 690/207/499 692/209/486
f 692/209/486 693/210/497 691/208/498
f 694/211/492 695/212/442 696/213/600
f 697/214/509 696/213/600 695/212/442
f 696/213/600 697/214/509 698/215/496
f 693/210/497 698/215/496 699/216/508
f 699/216/508 698/215/496 697/214/509
f 699/216/508 691/208/498 693/210/497
f 687/204/597 689/206/599 700/217/506
f 691/208/498 699/216/508 700/217/506
f 700/217/506 689/206/599 691/208/498
f 700/217/506 701/218/505 687/204/597
f 687/204/597 701/218/505 686/203/596
f 686/203/596 702/219/601 662/179/590
f 702/219/601 686/203/596 701/218/505
f 703/220/422 662/179/590 702/219/601
f 662/179/590 703/220/422 665/182/518
f 702/219/601 704/221/455 703/220/422
f 705/222/515 704/221/455 702/219/601
f 701/218/505 706/223/514 702/219/601
f 706/223/514 701/218/505 700/217/506
f 702/219/601 706/223/514 705/222/515
f 700/217/506 707/224/602 706/223/514
f 707/224/602 700/217/506 699/216/508
f 699/216/508 708/225/510 707/224/602
f 697/214/509 708/225/510 699/216/508
f 708/225/510 697/214/509 709/226/444
f 695/212/442 709/226/444 697/214/509
f 710/227/453 705/222/515 706/223/514
f 710/227/453 707/224/602 708/225/510
f 706/223/514 707/224/602 710/227/453
f 708/225/510 711/228/452 710/227/453
f 709/226/444 711/228/452 708/225/510
f 501/311/464 712/321/466 503/314/466
f 503/314/466 713/322/603 516/308/477
f 714/323/604 713/322/603 503/314/466
f 503/314/466 712/321/466 714/323/604
f 715/324/440 714/323/604 712/321/466
f 712/321/466 716/325/431 715/324/440
f 716/325/431 712/321/466 501/311/464
f 501/311/464 717/326/605 716/325/431
f 501/311/464 500/310/463 718/327/429
f 718/327/429 717/326/605 501/311/464
f 719/268/420 720/269/606 721/273/422
f 721/273/422 722/266/607 719/268/420
f 723/267/425 722/266/607 721/273/422
f 724/259/424 722/266/607 723/267/425
f 722/266/607 724/259/424 725/257/426
f 725/257/426 719/268/420 722/266/607
f 720/269/606 719/268/420 726/265/427
f 726/265/427 719/268/420 725/257/426
f 726/265/427 727/270/428 720/269/606
f 728/271/608 727/270/428 726/265/427
f 726/265/427 729/272/609 728/271/608
f 730/254/431 729/272/609 726/265/427
f 726/265/427 731/255/426 730/254/431
f 725/257/426 731/255/426 726/265/427
f 730/254/431 731/255/426 732/252/432
f 733/256/433 732/252/432 731/255/426
f 731/255/426 725/257/426 733/256/433
f 734/258/610 733/256/433 725/257/426
f 725/257/426 724/259/424 734/258/610
f 735/260/611 734/258/610 724/259/424
f 724/259/424 736/261/612 735/260/611
f 723/267/425 736/261/612 724/259/424
f 737/262/613 735/260/611 736/261/612
f 736/261/612 738/263/438 737/262/613
f 739/264/439 737/262/613 738/263/438
f 732/252/432 740/253/440 730/254/431
f 741/283/614 742/284/615 743/285/443
f 744/274/512 742/284/615 741/283/614
f 741/283/614 745/275/616 744/274/512
f 746/286/446 745/275/616 741/283/614
f 747/276/447 745/275/616 746/286/446
f 744/274/512 745/275/616 747/276/447
f 746/286/446 748/287/448 747/276/447
f 749/279/617 747/276/447 748/287/448
f 738/263/438 750/288/450 739/264/439
f 748/287/448 750/288/450 749/279/617
f 749/279/617 750/288/450 738/263/438
f 751/280/451 738/263/438 736/261/612
f 738/263/438 751/280/451 749/279/617
f 736/261/612 723/267/425 751/280/451
f 747/276/447 752/277/452 744/274/512
f 753/278/453 752/277/452 747/276/447
f 747/276/447 749/279/617 753/278/453
f 753/278/453 749/279/617 751/280/451
f 751/280/451 754/281/618 753/278/453
f 755/282/455 754/281/618 751/280/451
f 721/273/422 755/282/455 723/267/425
f 751/280/451 723/267/425 755/282/455
f 756/315/456 757/316/457 758/317/619
f 758/317/619 759/319/588 756/315/456
f 760/313/460 756/315/456 759/319/588
f 759/319/588 761/320/620 760/313/460
f 760/313/460 761/320/620 762/309/462
f 762/309/462 763/310/531 764/311/464
f 762/309/462 765/312/465 760/313/460
f 764/311/464 765/312/465 762/309/462
f 760/313/460 765/312/465 766/314/466
f 766/314/466 765/312/465 764/311/464
f 756/315/456 760/313/460 767/307/466
f 766/314/466 767/307/466 760/313/460
f 767/307/466 768/305/466 756/315/456
f 756/315/456 768/305/466 769/303/467
f 769/303/467 757/316/457 756/315/456
f 758/317/619 757/316/457 770/302/468
f 770/302/468 757/316/457 769/303/467
f 770/302/468 771/318/621 758/317/619
f 772/293/470 771/318/621 770/302/468
f 770/302/468 773/295/471 772/293/470
f 772/293/470 773/295/471 774/292/472
f 774/292/472 743/285/443 772/293/470
f 743/285/443 774/292/472 741/283/614
f 769/303/467 775/297/473 770/302/468
f 773/295/471 770/302/468 775/297/473
f 776/298/622 775/297/473 769/303/467
f 769/303/467 777/304/475 776/298/622
f 777/304/475 769/303/467 768/305/466
f 768/305/466 778/306/476 777/304/475
f 778/306/476 768/305/466 767/307/466
f 767/307/466 779/308/477 778/306/476
f 779/308/477 767/307/466 766/314/466
f 780/294/478 774/292/472 773/295/471
f 781/291/479 741/283/614 774/292/472
f 741/283/614 781/291/479 746/286/446
f 774/292/472 780/294/478 781/291/479
f 775/297/473 782/296/480 773/295/471
f 782/296/480 775/297/473 776/298/622
f 773/295/471 782/296/480 780/294/478
f 776/298/622 783/299/481 782/296/480
f 784/300/482 780/294/478 782/296/480
f 782/296/480 783/299/481 784/300/482
f 785/301/483 781/291/479 780/294/478
f 780/294/478 784/300/482 785/301/483
f 748/287/448 746/286/446 786/290/623
f 786/290/623 746/286/446 781/291/479
f 781/291/479 785/301/483 786/290/623
f 786/290/623 787/289/485 748/287/448
f 750/288/450 748/287/448 787/289/485
f 787/289/485 739/264/439 750/288/450
f 692/209/486 788/240/624 789/241/488
f 698/215/496 693/210/497 789/241/488
f 789/241/488 693/210/497 692/209/486
f 789/241/488 788/240/624 790/242/489
f 791/243/559 643/160/585 644/161/564
f 792/244/490 644/161/564 653/170/565
f 644/161/564 792/244/490 791/243/559
f 793/245/558 791/243/559 792/244/490
f 792/244/490 794/246/493 793/245/558
f 696/213/600 794/246/493 694/211/492
f 694/211/492 794/246/493 792/244/490
f 794/246/493 696/213/600 795/247/495
f 795/247/495 793/245/558 794/246/493
f 793/245/558 795/247/495 789/241/488
f 698/215/496 795/247/495 696/213/600
f 789/241/488 795/247/495 698/215/496
f 789/241/488 796/248/560 793/245/558
f 790/242/489 796/248/560 789/241/488
f 791/243/559 793/245/558 796/248/560
f 796/248/560 790/242/489 797/249/562
f 798/250/561 642/159/543 643/160/585
f 797/249/562 798/250/561 796/248/560
f 798/250/561 797/249/562 634/151/563
f 643/160/585 791/243/559 798/250/561
f 634/151/563 642/159/543 798/250/561
f 796/248/560 798/250/561 791/243/559
f 792/244/490 799/251/491 694/211/492
f 653/170/565 799/251/491 792/244/490
f 764/311/464 800/321/466 766/314/466
f 766/314/466 801/322/603 779/308/477
f 802/323/604 801/322/603 766/314/466
f 766/314/466 800/321/466 802/323/604
f 803/324/625 802/323/604 800/321/466
f 804/325/431 800/321/466 764/311/464
f 800/321/466 804/325/431 803/324/625
f 764/311/464 805/326/609 804/325/431
f 764/311/464 763/310/531 806/327/429
f 806/327/429 805/326/609 764/311/464
f 807/311/464 808/321/466 809/314/467
f 809/314/467 810/312/465 807/311/464
f 809/314/467 808/321/466 811/323/604
f 812/324/625 811/323/604 808/321/466
f 813/325/431 808/321/466 807/311/464
f 808/321/466 813/325/431 812/324/625
f 807/311/464 814/326/609 813/325/431
f 815/327/429 814/326/609 807/311/464
f 807/311/464 816/310/531 815/327/429
f 807/311/464 810/312/465 817/309/462
f 817/309/462 816/310/531 807/311/464
f 818/313/460 810/312/465 809/314/467
f 817/309/462 810/312/465 818/313/460
f 819/315/456 820/316/626 821/317/567
f 818/313/460 819/315/456 822/319/459
f 821/317/567 822/319/459 819/315/456
f 818/313/460 823/320/620 817/309/462
f 822/319/459 823/320/620 818/313/460
f 809/314/467 824/307/466 818/313/460
f 819/315/456 818/313/460 824/307/466
f 824/307/466 825/305/467 819/315/456
f 826/303/466 820/316/626 819/315/456
f 819/315/456 825/305/467 826/303/466
f 827/302/468 820/316/626 826/303/466
f 821/317/567 820/316/626 827/302/468
f 827/302/468 828/318/621 821/317/567
f 829/293/491 828/318/621 827/302/468
f 830/298/474 831/297/627 826/303/466
f 826/303/466 831/297/627 827/302/468
f 832/304/475 826/303/466 825/305/467
f 826/303/466 832/304/475 830/298/474
f 825/305/467 833/306/476 832/304/475
f 833/306/476 825/305/467 824/307/466
f 824/307/466 834/308/477 833/306/476
f 834/308/477 824/307/466 809/314/467
f 811/323/604 835/322/603 809/314/467
f 809/314/467 835/322/603 834/308/477
f 836/292/472 837/294/478 838/291/479
f 837/294/478 836/292/472 839/295/628
f 839/295/628 827/302/468 831/297/627
f 827/302/468 839/295/628 829/293/491
f 829/293/491 839/295/628 836/292/472
f 839/295/628 840/296/480 837/294/478
f 831/297/627 840/296/480 839/295/628
f 840/296/480 831/297/627 830/298/474
f 830/298/474 841/299/481 840/296/480
f 840/296/480 841/299/481 842/300/482
f 842/300/482 837/294/478 840/296/480
f 843/301/483 838/291/479 837/294/478
f 837/294/478 842/300/482 843/301/483
f 838/291/479 843/301/483 844/290/623
f 844/290/623 845/286/446 838/291/479
f 846/287/448 845/286/446 844/290/623
f 847/283/614 838/291/479 845/286/446
f 838/291/479 847/283/614 836/292/472
f 836/292/472 848/285/629 829/293/491
f 848/285/629 836/292/472 847/283/614
f 849/282/455 850/281/515 851/280/451
f 851/280/451 850/281/515 852/278/630
f 852/278/630 853/279/617 851/280/451
f 854/276/631 853/279/617 852/278/630
f 845/286/446 846/287/448 854/276/631
f 853/279/617 854/276/631 846/287/448
f 845/286/446 855/275/616 847/283/614
f 854/276/631 855/275/616 845/286/446
f 847/283/614 855/275/616 856/274/632
f 856/274/632 855/275/616 854/276/631
f 856/274/632 857/284/633 847/283/614
f 847/283/614 857/284/633 848/285/629
f 852/278/630 858/277/452 854/276/631
f 854/276/631 858/277/452 856/274/632
f 846/287/448 859/288/450 853/279/617
f 853/279/617 859/288/450 860/263/438
f 860/263/438 851/280/451 853/279/617
f 851/280/451 861/267/425 849/282/455
f 862/273/634 849/282/455 861/267/425
f 863/261/635 861/267/425 851/280/451
f 851/280/451 860/263/438 863/261/635
f 863/261/635 860/263/438 864/262/613
f 860/263/438 859/288/450 865/264/439
f 865/264/439 864/262/613 860/263/438
f 844/290/623 866/289/485 846/287/448
f 859/288/450 846/287/448 866/289/485
f 866/289/485 865/264/439 859/288/450
f 867/256/433 868/252/432 869/255/426
f 869/255/426 870/257/426 867/256/433
f 871/258/610 867/256/433 870/257/426
f 861/267/425 863/261/635 872/259/424
f 870/257/426 872/259/424 871/258/610
f 873/260/636 871/258/610 872/259/424
f 864/262/613 873/260/636 863/261/635
f 872/259/424 863/261/635 873/260/636
f 874/266/607 872/259/424 870/257/426
f 872/259/424 874/266/607 861/267/425
f 861/267/425 874/266/607 862/273/634
f 870/257/426 875/268/637 874/266/607
f 862/273/634 874/266/607 875/268/637
f 876/265/427 875/268/637 870/257/426
f 870/257/426 869/255/426 876/265/427
f 877/269/518 875/268/637 876/265/427
f 875/268/637 877/269/518 862/273/634
f 876/265/427 878/270/638 877/269/518
f 879/271/429 878/270/638 876/265/427
f 876/265/427 880/272/430 879/271/429
f 881/254/431 869/255/426 868/252/432
f 876/265/427 869/255/426 881/254/431
f 881/254/431 880/272/430 876/265/427
f 868/252/432 882/253/440 881/254/431
f 883/132/438 884/133/438 885/134/466
f 884/133/438 886/135/571 885/134/466
f 886/135/571 887/136/448 885/134/466
f 887/136/448 888/137/639 885/134/466
f 888/137/639 889/138/478 885/134/466
f 889/138/478 890/139/478 885/134/466
f 890/139/478 891/140/575 885/134/466
f 891/140/575 892/141/360 885/134/466
f 892/141/360 893/142/577 885/134/466
f 893/142/577 894/143/577 885/134/466
f 894/143/577 895/144/578 885/134/466
f 895/144/578 896/145/579 885/134/466
f 896/145/579 897/146/580 885/134/466
f 897/146/580 898/147/580 885/134/466
f 898/147/580 899/148/640 885/134/466
f 899/148/640 900/149/641 885/134/466
f 901/150/424 883/132/438 885/134/466
f 900/149/641 901/150/424 885/134/466
f 902/192/642 903/195/548 904/196/643
f 903/195/548 902/192/642 905/191/547
f 905/191/547 906/194/644 903/195/548
f 905/191/547 902/192/642 907/190/527
f 908/165/545 909/158/553 910/167/645
f 910/167/645 911/166/544 908/165/545
f 911/166/544 910/167/645 912/168/551
f 912/168/551 913/174/550 911/166/544
f 913/174/550 912/168/551 906/194/644
f 906/194/644 905/191/547 913/174/550
f 907/190/527 914/189/556 905/191/547
f 913/174/550 905/191/547 914/189/556
f 915/185/529 914/189/556 907/190/527
f 914/189/556 915/185/529 916/187/532
f 914/189/556 917/188/557 913/174/550
f 916/187/532 917/188/557 914/189/556
f 918/173/535 911/166/544 913/174/550
f 918/173/535 917/188/557 916/187/532
f 913/174/550 917/188/557 918/173/535
f 911/166/544 918/173/535 919/164/537
f 919/164/537 908/165/545 911/166/544
f 909/158/553 908/165/545 920/156/546
f 920/156/546 908/165/545 919/164/537
f 920/156/546 921/157/554 909/158/553
f 922/152/555 921/157/554 920/156/546
f 920/156/546 923/153/541 922/152/555
f 919/164/537 924/154/539 920/156/546
f 923/153/541 920/156/546 924/154/539
f 916/187/532 925/175/533 918/173/535
f 926/172/536 919/164/537 918/173/535
f 918/173/535 925/175/533 926/172/536
f 919/164/537 926/172/536 927/163/538
f 927/163/538 924/154/539 919/164/537
f 928/155/646 924/154/539 927/163/538
f 924/154/539 928/155/646 923/153/541
f 923/153/541 928/155/646 929/160/585
f 929/160/585 930/159/647 923/153/541
f 931/161/564 929/160/585 928/155/646
f 928/155/646 932/162/586 931/161/564
f 927/163/538 932/162/586 928/155/646
f 932/162/586 927/163/538 933/171/648
f 933/171/648 927/163/538 926/172/536
f 926/172/536 934/177/649 933/171/648
f 935/176/650 934/177/649 926/172/536
f 926/172/536 925/175/533 935/176/650
f 936/178/531 916/187/532 915/185/529
f 925/175/533 916/187/532 936/178/531
f 936/178/531 935/176/650 925/175/533
f 931/161/564 932/162/586 937/169/567
f 933/171/648 937/169/567 932/162/586
f 937/169/567 938/170/565 931/161/564
f 923/153/541 930/159/647 939/151/563
f 939/151/563 922/152/555 923/153/541
f 939/151/563 930/159/647 940/250/561
f 940/250/561 930/159/647 929/160/585
f 929/160/585 941/243/559 940/250/561
f 941/243/559 929/160/585 931/161/564
f 931/161/564 942/244/490 941/243/559
f 942/244/490 931/161/564 938/170/565
f 938/170/565 943/251/491 942/244/490
f 942/244/490 943/251/491 944/211/492
f 945/245/558 941/243/559 942/244/490
f 945/245/558 946/247/495 947/241/488
f 944/211/492 948/246/493 942/244/490
f 942/244/490 948/246/493 945/245/558
f 946/247/495 945/245/558 948/246/493
f 941/243/559 945/245/558 949/248/651
f 949/248/651 940/250/561 941/243/559
f 947/241/488 949/248/651 945/245/558
f 950/209/486 951/240/624 947/241/488
f 947/241/488 951/240/624 952/242/489
f 952/242/489 949/248/651 947/241/488
f 949/248/651 952/242/489 953/249/562
f 940/250/561 953/249/562 939/151/563
f 953/249/562 940/250/561 949/248/651
f 948/246/493 954/213/600 946/247/495
f 954/213/600 948/246/493 944/211/492
f 955/215/496 946/247/495 954/213/600
f 947/241/488 946/247/495 955/215/496
f 947/241/488 956/210/497 950/209/486
f 955/215/496 956/210/497 947/241/488
f 950/209/486 956/210/497 957/208/498
f 957/208/498 958/207/499 950/209/486
f 958/207/499 957/208/498 959/206/599
f 960/198/500 961/197/501 962/201/502
f 962/201/502 963/203/596 960/198/500
f 963/203/596 962/201/502 964/204/504
f 964/204/504 965/218/505 963/203/596
f 964/204/504 959/206/599 966/217/506
f 966/217/506 959/206/599 957/208/498
f 966/217/506 965/218/505 964/204/504
f 956/210/497 955/215/496 967/216/652
f 967/216/652 957/208/498 956/210/497
f 957/208/498 967/216/652 966/217/506
f 954/213/600 968/214/509 955/215/496
f 967/216/652 955/215/496 968/214/509
f 968/214/509 969/225/510 967/216/652
f 967/216/652 969/225/510 970/224/602
f 970/224/602 966/217/506 967/216/652
f 969/225/510 968/214/509 971/226/653
f 968/214/509 954/213/600 972/212/633
f 972/212/633 971/226/653 968/214/509
f 944/211/492 972/212/633 954/213/600
f 971/226/653 973/228/654 969/225/510
f 974/227/453 970/224/602 969/225/510
f 969/225/510 973/228/654 974/227/453
f 975/223/655 970/224/602 974/227/453
f 975/223/655 965/218/505 966/217/506
f 966/217/506 970/224/602 975/223/655
f 974/227/453 976/222/515 975/223/655
f 965/218/505 975/223/655 977/219/601
f 977/219/601 963/203/596 965/218/505
f 977/219/601 975/223/655 976/222/515
f 976/222/515 978/221/656 977/219/601
f 977/219/601 978/221/656 979/220/657
f 979/220/657 980/179/590 977/219/601
f 963/203/596 977/219/601 980/179/590
f 980/179/590 960/198/500 963/203/596
f 980/179/590 979/220/657 981/182/518
f 981/182/518 982/180/534 980/179/590
f 980/179/590 982/180/534 983/181/658
f 983/181/658 907/190/527 902/192/642
f 961/197/501 960/198/500 983/181/658
f 983/181/658 960/198/500 980/179/590
f 984/183/528 907/190/527 983/181/658
f 983/181/658 982/180/534 984/183/528
f 984/183/528 982/180/534 981/182/518
f 907/190/527 984/183/528 915/185/529
f 981/182/518 985/184/638 984/183/528
f 915/185/529 984/183/528 985/184/638
f 983/181/658 986/193/520 961/197/501
f 961/197/501 986/193/520 904/196/643
f 902/192/642 986/193/520 983/181/658
f 904/196/643 986/193/520 902/192/642
f 959/206/599 987/205/598 958/207/499
f 987/205/598 959/206/599 964/204/504
f 964/204/504 988/202/522 987/205/598
f 988/202/522 964/204/504 962/201/502
f 989/200/523 962/201/502 961/197/501
f 962/201/502 989/200/523 988/202/522
f 904/196/643 990/199/524 961/197/501
f 961/197/501 990/199/524 989/200/523
f 915/185/529 991/186/429 936/178/531
f 985/184/638 991/186/429 915/185/529
f 992/328/659 993/329/660 994/330/661
f 994/330/661 995/331/662 992/328/659
f 995/331/662 994/330/661 996/332/663
f 996/332/663 997/333/664 995/331/662
f 997/333/664 996/332/663 998/334/665
f 998/334/665 999/335/666 997/333/664
f 1000/336/667 999/335/666 998/334/665
f 999/335/666 1000/336/667 1001/337/668
f 1001/337/668 1002/338/669 999/335/666
f 1002/338/669 1001/337/668 1003/339/670
f 998/334/665 1004/340/671 1000/336/667
f 995/331/662 997/333/664 1005/341/672
f 1005/341/672 997/333/664 999/335/666
f 999/335/666 1002/338/669 1005/341/672
f 1005/341/672 1006/342/673 995/331/662
f 992/328/659 995/331/662 1006/342/673
f 1003/339/670 1007/343/674 1008/344/675
f 1003/339/670 1009/345/676 1002/338/669
f 1008/344/675 1009/345/676 1003/339/670
f 1002/338/669 1009/345/676 1010/346/677
f 1010/346/677 1005/341/672 1002/338/669
f 1011/347/678 1006/342/673 1005/341/672
f 1005/341/672 1010/346/677 1011/347/678
f 1012/348/679 1006/342/673 1011/347/678
f 1006/342/673 1012/348/679 992/328/659
f 1013/349/680 1014/350/681 1011/347/678
f 1011/347/678 1014/350/681 1012/348/679
f 1008/344/675 1015/351/682 1016/352/683
f 1009/345/676 1008/344/675 1017/353/684
f 1011/347/678 1010/346/677 1017/353/684
f 1017/353/684 1010/346/677 1009/345/676
f 1016/352/683 1017/353/684 1008/344/675
f 1018/354/685 1017/353/684 1016/352/683
f 1011/347/678 1018/354/685 1013/349/680
f 1017/353/684 1018/354/685 1011/347/678
f 1013/349/680 1018/354/685 1019/355/686
f 1016/352/683 1019/355/686 1018/354/685
f 1019/355/686 1020/356/687 1013/349/680
f 1021/357/688 1019/355/686 1016/352/683
f 1020/356/687 1019/355/686 1021/357/688
f 1021/357/688 1022/358/689 1020/356/687
f 1022/358/689 1021/357/688 1023/359/690
f 1023/359/690 1024/360/691 1022/358/689
f 1025/361/692 1023/359/690 1021/357/688
f 1016/352/683 1026/362/693 1021/357/688
f 1021/357/688 1026/362/693 1025/361/692
f 1016/352/683 1015/351/682 1027/363/694
f 1027/363/694 1026/362/693 1016/352/683
f 1008/344/675 1007/343/674 1028/364/695
f 1028/364/695 1015/351/682 1008/344/675
f 1027/363/694 1015/351/682 1028/364/695
f 1028/364/695 1029/365/696 1027/363/694
f 1030/366/697 1025/361/692 1026/362/693
f 1026/362/693 1027/363/694 1030/366/697
f 1030/366/697 1027/363/694 1029/365/696
f 1029/365/696 1031/367/698 1030/366/697
f 1032/368/699 1033/369/700 1034/370/701
f 1034/370/701 1033/369/700 1035/371/702
f 1035/371/702 1033/369/700 1036/372/703
f 1036/372/703 1033/369/700 1037/373/704
f 1037/373/704 1033/369/700 1038/374/705
f 1038/374/705 1033/369/700 1039/375/706
f 1040/376/707 1041/377/708 1042/378/709
f 1042/378/709 1041/377/708 1039/375/706
f 1043/379/710 1041/377/708 1040/376/707
f 1039/375/706 1041/377/708 1043/379/710
f 1043/379/710 1038/374/705 1039/375/706
f 1044/380/711 1037/373/704 1038/374/705
f 1038/374/705 1043/379/710 1044/380/711
f 1037/373/704 1044/380/711 1045/381/712
f 1045/381/712 1036/372/703 1037/373/704
f 1046/382/713 1035/371/702 1036/372/703
f 1036/372/703 1045/381/712 1046/382/713
f 1047/383/714 1048/384/715 1049/385/716
f 1050/386/717 1046/382/713 1045/381/712
f 1049/385/716 1048/384/715 1050/386/717
f 1045/381/712 1051/387/718 1050/386/717
f 1050/386/717 1051/387/718 1049/385/716
f 1045/381/712 1044/380/711 1052/388/719
f 1052/388/719 1051/387/718 1045/381/712
f 1049/385/716 1051/387/718 1052/388/719
f 1040/376/707 1053/389/720 1043/379/710
f 1044/380/711 1043/379/710 1053/389/720
f 1053/389/720 1052/388/719 1044/380/711
f 1053/389/720 1040/376/707 1054/390/721
f 1054/390/721 1040/376/707 1055/391/722
f 1042/378/709 1055/391/722 1040/376/707
f 1052/388/719 1053/389/720 1056/392/723
f 1054/390/721 1056/392/723 1053/389/720
f 1056/392/723 1057/393/724 1052/388/719
f 1052/388/719 1057/393/724 1049/385/716
f 1049/385/716 1057/393/724 1058/394/725
f 1058/394/725 1057/393/724 1056/392/723
f 1049/385/716 1059/395/726 1047/383/714
f 1058/394/725 1059/395/726 1049/385/716
f 1047/383/714 1059/395/726 1060/396/727
f 1060/396/727 1059/395/726 1058/394/725
f 1056/392/723 1061/397/728 1058/394/725
f 1061/397/728 1056/392/723 1054/390/721
f 1054/390/721 1062/398/729 1061/397/728
f 1061/397/728 1062/398/729 1063/399/721
f 1063/399/721 1064/400/730 1061/397/728
f 1058/394/725 1061/397/728 1064/400/730
f 1064/400/730 1065/401/724 1058/394/725
f 1058/394/725 1065/401/724 1060/396/727
f 1060/396/727 1065/401/724 1066/402/731
f 1066/402/731 1067/403/732 1060/396/727
f 1065/401/724 1064/400/730 1068/404/733
f 1068/404/733 1066/402/731 1065/401/724
f 1064/400/730 1063/399/721 1069/405/734
f 1069/405/734 1068/404/733 1064/400/730
f 1070/406/735 1069/405/734 1063/399/721
f 1063/399/721 1071/407/736 1070/406/735
f 1072/408/737 1070/406/735 1071/407/736
f 1071/407/736 1073/409/738 1072/408/737
f 1074/410/739 1073/409/738 1075/411/740
f 1075/411/740 1073/409/738 1071/407/736
f 1071/407/736 1076/412/741 1075/411/740
f 1076/412/741 1071/407/736 1063/399/721
f 1063/399/721 1062/398/729 1076/412/741
f 1076/412/741 1062/398/729 1054/390/721
f 1075/411/740 1076/412/741 1077/413/742
f 1055/391/722 1077/413/742 1054/390/721
f 1054/390/721 1077/413/742 1076/412/741
f 1077/413/742 1078/414/743 1075/411/740
f 1075/411/740 1078/414/743 1079/415/744
f 1079/415/744 1080/416/745 1075/411/740
f 1075/411/740 1080/416/745 1074/410/739
f 1077/413/742 1055/391/722 1081/417/746
f 1079/415/744 1078/414/743 1081/417/746
f 1081/417/746 1078/414/743 1077/413/742
f 1082/418/747 1083/419/748 1084/420/749
f 1083/419/748 1082/418/747 1085/421/750
f 1086/422/751 1085/421/750 1079/415/744
f 1085/421/750 1086/422/751 1083/419/748
f 1081/417/746 1087/423/752 1079/415/744
f 1079/415/744 1087/423/752 1086/422/751
f 1087/423/752 1081/417/746 1088/424/753
f 1088/424/753 1081/417/746 1055/391/722
f 1055/391/722 1042/378/709 1088/424/753
f 1088/424/753 1089/425/754 1087/423/752
f 1086/422/751 1087/423/752 1089/425/754
f 1090/426/755 1088/424/753 1042/378/709
f 1089/425/754 1088/424/753 1090/426/755
f 1091/427/756 1033/369/700 1090/426/755
f 1042/378/709 1091/427/756 1090/426/755
f 1039/375/706 1091/427/756 1042/378/709
f 1039/375/706 1033/369/700 1091/427/756
f 1090/426/755 1033/369/700 1092/428/757
f 1090/426/755 1092/428/757 1089/425/754
f 1089/425/754 1093/429/758 1086/422/751
f 1093/429/758 1089/425/754 1092/428/757
f 1094/430/759 1083/419/748 1086/422/751
f 1086/422/751 1093/429/758 1094/430/759
f 1095/431/760 1084/420/749 1083/419/748
f 1083/419/748 1094/430/759 1095/431/760
f 1096/432/761 1095/431/760 1097/433/762
f 1097/433/762 1095/431/760 1094/430/759
f 1094/430/759 1098/434/763 1097/433/762
f 1098/434/763 1094/430/759 1093/429/758
f 1098/434/763 1033/369/700 1097/433/762
f 1099/435/764 1033/369/700 1098/434/763
f 1092/428/757 1033/369/700 1099/435/764
f 1093/429/758 1099/435/764 1098/434/763
f 1092/428/757 1099/435/764 1093/429/758
f 1097/433/762 1100/436/765 1096/432/761
f 1097/433/762 1033/369/700 1100/436/765
f 1101/437/766 1096/432/761 1100/436/765
f 1100/436/765 1102/438/767 1101/437/766
f 1100/436/765 1033/369/700 1102/438/767
f 1101/437/766 1102/438/767 1103/439/768
f 1102/438/767 1033/369/700 1103/439/768
f 1103/439/768 1033/369/700 1104/440/769
f 1104/440/769 1033/369/700 1105/441/770
f 1105/441/770 1033/369/700 1106/442/771
f 1107/443/772 1033/369/700 1108/444/773
f 1106/442/771 1033/369/700 1109/445/774
f 1109/445/774 1033/369/700 1107/443/772
f 1110/446/775 1109/445/774 1107/443/772
f 1106/442/771 1109/445/774 1110/446/775
f 1110/446/775 1111/447/776 1106/442/771
f 1105/441/770 1106/442/771 1111/447/776
f 1111/447/776 1112/448/777 1105/441/770
f 1104/440/769 1105/441/770 1112/448/777
f 1103/439/768 1104/440/769 1113/449/778
f 1112/448/777 1113/449/778 1104/440/769
f 1107/443/772 1114/450/779 1110/446/775
f 1115/451/780 1112/448/777 1111/447/776
f 1116/452/781 1117/453/782 1115/451/780
f 1113/449/778 1112/448/777 1115/451/780
f 1115/451/780 1118/454/783 1116/452/781
f 1111/447/776 1118/454/783 1115/451/780
f 1116/452/781 1118/454/783 1119/455/784
f 1119/455/784 1118/454/783 1111/447/776
f 1111/447/776 1110/446/775 1119/455/784
f 1110/446/775 1114/450/779 1120/456/785
f 1120/456/785 1119/455/784 1110/446/775
f 1121/457/786 1114/450/779 1107/443/772
f 1107/443/772 1108/444/773 1121/457/786
f 1120/456/785 1114/450/779 1121/457/786
f 1122/458/787 1119/455/784 1120/456/785
f 1119/455/784 1122/458/787 1116/452/781
f 1121/457/786 1123/459/788 1120/456/785
f 1123/459/788 1121/457/786 1124/460/789
f 1124/460/789 1121/457/786 1108/444/773
f 1120/456/785 1123/459/788 1125/461/790
f 1120/456/785 1126/462/791 1122/458/787
f 1125/461/790 1126/462/791 1120/456/785
f 1116/452/781 1122/458/787 1127/463/792
f 1127/463/792 1122/458/787 1126/462/791
f 1127/463/792 1128/464/793 1116/452/781
f 1116/452/781 1128/464/793 1129/465/794
f 1129/465/794 1117/453/782 1116/452/781
f 1130/466/795 1128/464/793 1127/463/792
f 1129/465/794 1128/464/793 1130/466/795
f 1124/460/789 1131/467/796 1123/459/788
f 1123/459/788 1131/467/796 1132/468/797
f 1132/468/797 1125/461/790 1123/459/788
f 1133/469/798 1134/470/799 1135/471/800
f 1135/471/800 1136/472/801 1133/469/798
f 1130/466/795 1136/472/801 1129/465/794
f 1137/473/802 1133/469/798 1136/472/801
f 1136/472/801 1130/466/795 1137/473/802
f 1127/463/792 1138/474/803 1130/466/795
f 1137/473/802 1130/466/795 1138/474/803
f 1138/474/803 1127/463/792 1139/475/804
f 1126/462/791 1139/475/804 1127/463/792
f 1126/462/791 1125/461/790 1140/476/805
f 1140/476/805 1139/475/804 1126/462/791
f 1125/461/790 1132/468/797 1141/477/806
f 1142/478/807 1140/476/805 1141/477/806
f 1141/477/806 1140/476/805 1125/461/790
f 1140/476/805 1142/478/807 1143/479/791
f 1143/479/791 1139/475/804 1140/476/805
f 1139/475/804 1143/479/791 1138/474/803
f 1144/480/808 1138/474/803 1143/479/791
f 1138/474/803 1144/480/808 1137/473/802
f 1141/477/806 1145/481/809 1142/478/807
f 1142/478/807 1145/481/809 1146/482/810
f 1146/482/810 1147/483/811 1142/478/807
f 1143/479/791 1142/478/807 1147/483/811
f 1147/483/811 1148/484/812 1143/479/791
f 1143/479/791 1148/484/812 1144/480/808
f 1149/485/813 1060/396/727 1067/403/732
f 1060/396/727 1149/485/813 1047/383/714
f 1150/486/814 1047/383/714 1149/485/813
f 1149/485/813 1151/487/815 1150/486/814
f 1152/488/816 1150/486/814 1151/487/815
f 1151/487/815 1153/489/817 1152/488/816
f 1152/488/816 1153/489/817 1154/490/818
f 1145/481/809 1141/477/806 1155/491/819
f 1155/491/819 1154/490/818 1145/481/809
f 1155/491/819 1141/477/806 1132/468/797
f 1154/490/818 1155/491/819 1152/488/816
f 1152/488/816 1155/491/819 1156/492/820
f 1132/468/797 1156/492/820 1155/491/819
f 1156/492/820 1157/493/817 1152/488/816
f 1150/486/814 1152/488/816 1157/493/817
f 1157/493/817 1158/494/821 1150/486/814
f 1047/383/714 1150/486/814 1158/494/821
f 1158/494/821 1048/384/715 1047/383/714
f 1132/468/797 1131/467/796 1159/495/822
f 1159/495/822 1156/492/820 1132/468/797
f 1160/496/823 1157/493/817 1156/492/820
f 1158/494/821 1157/493/817 1160/496/823
f 1156/492/820 1159/495/822 1160/496/823
f 1160/496/823 1161/497/824 1158/494/821
f 1048/384/715 1158/494/821 1161/497/824
f 1161/497/824 1050/386/717 1048/384/715
f 1050/386/717 1161/497/824 1162/498/825
f 1035/371/702 1046/382/713 1162/498/825
f 1162/498/825 1046/382/713 1050/386/717
f 1162/498/825 1034/370/701 1035/371/702
f 1163/499/826 1160/496/823 1159/495/822
f 1163/499/826 1032/368/699 1034/370/701
f 1034/370/701 1162/498/825 1163/499/826
f 1163/499/826 1162/498/825 1161/497/824
f 1161/497/824 1160/496/823 1163/499/826
f 1159/495/822 1164/500/827 1163/499/826
f 1164/500/827 1159/495/822 1131/467/796
f 1131/467/796 1124/460/789 1164/500/827
f 1108/444/773 1033/369/700 1165/501/828
f 1108/444/773 1165/501/828 1124/460/789
f 1164/500/827 1124/460/789 1165/501/828
f 1165/501/828 1166/502/829 1164/500/827
f 1165/501/828 1033/369/700 1166/502/829
f 1166/502/829 1033/369/700 1032/368/699
f 1166/502/829 1032/368/699 1163/499/826
f 1163/499/826 1164/500/827 1166/502/829
f 1167/503/830 1168/504/831 1169/505/832
f 1169/505/832 1168/504/831 1170/506/833
f 1170/506/833 1168/504/831 1171/507/834
f 1171/507/834 1168/504/831 1172/508/835
f 1173/509/836 1168/504/831 1174/510/837
f 1174/510/837 1168/504/831 1175/511/838
f 1175/511/838 1168/504/831 1176/512/839
f 1176/512/839 1168/504/831 1177/513/840
f 1177/513/840 1168/504/831 1178/514/737
f 1178/514/737 1168/504/831 1179/515/841
f 1179/515/841 1168/504/831 1180/516/734
f 1180/516/734 1168/504/831 1181/517/733
f 1182/518/842 1168/504/831 1167/503/830
f 1181/517/733 1168/504/831 1182/518/842
f 1172/508/835 1168/504/831 1183/519/843
f 1183/519/843 1168/504/831 1184/520/844
f 1184/520/844 1168/504/831 1185/521/845
f 1185/521/845 1168/504/831 1186/522/846
f 1186/522/846 1168/504/831 1187/523/847
f 1187/523/847 1168/504/831 1188/524/848
f 1188/524/848 1168/504/831 1189/525/849
f 1189/525/849 1168/504/831 1190/526/850
f 1191/527/851 1168/504/831 1173/509/836
f 1190/526/850 1168/504/831 1191/527/851
f 1113/449/778 1192/528/852 1103/439/768
f 1103/439/768 1192/528/852 1101/437/766
f 1115/451/780 1193/529/853 1113/449/778
f 1193/529/853 1115/451/780 1117/453/782
f 1192/528/852 1113/449/778 1193/529/853
f 1101/437/766 1192/528/852 1194/530/854
f 1193/529/853 1194/530/854 1192/528/852
f 1194/530/854 1193/529/853 1195/531/800
f 1117/453/782 1195/531/800 1193/529/853
f 1195/531/800 1117/453/782 1129/465/794
f 1096/432/761 1101/437/766 1196/532/855
f 1194/530/854 1196/532/855 1101/437/766
f 1195/531/800 1197/533/856 1194/530/854
f 1196/532/855 1194/530/854 1197/533/856
f 1129/465/794 1198/534/857 1195/531/800
f 1197/533/856 1195/531/800 1198/534/857
f 1198/534/857 1129/465/794 1136/472/801
f 1136/472/801 1135/471/800 1198/534/857
f 1199/535/858 1198/534/857 1135/471/800
f 1198/534/857 1199/535/858 1197/533/856
f 1197/533/856 1200/536/859 1196/532/855
f 1200/536/859 1197/533/856 1199/535/858
f 1196/532/855 1201/537/860 1096/432/761
f 1201/537/860 1084/420/749 1095/431/760
f 1095/431/760 1096/432/761 1201/537/860
f 1201/537/860 1196/532/855 1200/536/859
f 1084/420/749 1201/537/860 1202/538/861
f 1200/536/859 1202/538/861 1201/537/860
f 1199/535/858 1203/539/862 1200/536/859
f 1202/538/861 1200/536/859 1203/539/862
f 1135/471/800 1204/540/863 1199/535/858
f 1203/539/862 1199/535/858 1204/540/863
f 1135/471/800 1134/470/799 1205/541/864
f 1205/541/864 1204/540/863 1135/471/800
f 1202/538/861 1206/542/865 1084/420/749
f 1084/420/749 1206/542/865 1082/418/747
f 1204/540/863 1205/541/864 1207/543/866
f 1207/543/866 1208/544/836 1209/545/867
f 1209/545/867 1210/546/868 1207/543/866
f 1204/540/863 1210/546/868 1203/539/862
f 1207/543/866 1210/546/868 1204/540/863
f 1210/546/868 1209/545/867 1211/547/869
f 1203/539/862 1211/547/869 1202/538/861
f 1211/547/869 1203/539/862 1210/546/868
f 1212/548/870 1206/542/865 1202/538/861
f 1082/418/747 1206/542/865 1212/548/870
f 1202/538/861 1211/547/869 1212/548/870
f 1212/548/870 1211/547/869 1209/545/867
f 1213/549/865 1209/545/867 1208/544/836
f 1209/545/867 1213/549/865 1212/548/870
f 1212/548/870 1213/549/865 1214/550/871
f 1085/421/750 1082/418/747 1215/551/872
f 1214/550/871 1215/551/872 1212/548/870
f 1212/548/870 1215/551/872 1082/418/747
f 1215/551/872 1214/550/871 1216/552/873
f 1216/552/873 1217/553/874 1215/551/872
f 1079/415/744 1085/421/750 1217/553/874
f 1215/551/872 1217/553/874 1085/421/750
f 1217/553/874 1216/552/873 1074/410/739
f 1217/553/874 1080/416/745 1079/415/744
f 1074/410/739 1080/416/745 1217/553/874
f 1218/554/840 1072/408/737 1073/409/738
f 1073/409/738 1074/410/739 1218/554/840
f 1219/555/875 1218/554/840 1074/410/739
f 1074/410/739 1216/552/873 1219/555/875
f 1216/552/873 1214/550/871 1220/556/876
f 1220/556/876 1219/555/875 1216/552/873
f 1221/557/877 1220/556/876 1214/550/871
f 1214/550/871 1213/549/865 1221/557/877
f 1208/544/836 1221/557/877 1213/549/865
f 1222/373/878 1223/372/879 1224/381/880
f 1223/372/879 1222/373/878 1225/369/831
f 1226/502/881 1227/368/882 1225/369/831
f 1228/499/883 1227/368/882 1226/502/881
f 1229/370/884 1227/368/882 1228/499/883
f 1227/368/882 1229/370/884 1225/369/831
f 1230/371/885 1223/372/879 1225/369/831
f 1229/370/884 1230/371/885 1225/369/831
f 1223/372/879 1230/371/885 1231/382/886
f 1231/382/886 1224/381/880 1223/372/879
f 1224/381/880 1231/382/886 1232/386/887
f 1232/386/887 1233/387/888 1224/381/880
f 1234/385/889 1233/387/888 1232/386/887
f 1228/499/883 1235/498/890 1229/370/884
f 1232/386/887 1231/382/886 1235/498/890
f 1235/498/890 1231/382/886 1230/371/885
f 1230/371/885 1229/370/884 1235/498/890
f 1235/498/890 1236/497/891 1232/386/887
f 1236/497/891 1235/498/890 1228/499/883
f 1232/386/887 1237/384/892 1234/385/889
f 1237/384/892 1232/386/887 1236/497/891
f 1234/385/889 1237/384/892 1238/383/893
f 1238/383/893 1239/395/894 1234/385/889
f 1238/383/893 1237/384/892 1240/494/895
f 1236/497/891 1240/494/895 1237/384/892
f 1240/494/895 1236/497/891 1241/496/896
f 1228/499/883 1241/496/896 1236/497/891
f 1240/494/895 1242/486/897 1238/383/893
f 1241/496/896 1243/493/898 1240/494/895
f 1242/486/897 1240/494/895 1243/493/898
f 1243/493/898 1244/488/899 1242/486/897
f 1244/488/899 1243/493/898 1245/492/900
f 1245/492/900 1243/493/898 1241/496/896
f 1241/496/896 1246/495/901 1245/492/900
f 1246/495/901 1241/496/896 1228/499/883
f 1226/502/881 1247/500/902 1228/499/883
f 1228/499/883 1247/500/902 1246/495/901
f 1247/500/902 1226/502/881 1248/501/903
f 1248/501/903 1226/502/881 1225/369/831
f 1249/444/904 1248/501/903 1225/369/831
f 1245/492/900 1250/491/905 1244/488/899
f 1244/488/899 1250/491/905 1251/490/906
f 1252/468/907 1245/492/900 1246/495/901
f 1250/491/905 1245/492/900 1252/468/907
f 1246/495/901 1253/467/908 1252/468/907
f 1253/467/908 1246/495/901 1247/500/902
f 1254/460/909 1248/501/903 1249/444/904
f 1248/501/903 1254/460/909 1247/500/902
f 1247/500/902 1254/460/909 1253/467/908
f 1249/444/904 1255/457/910 1254/460/909
f 1256/459/911 1253/467/908 1254/460/909
f 1252/468/907 1253/467/908 1256/459/911
f 1254/460/909 1255/457/910 1256/459/911
f 1256/459/911 1257/461/912 1252/468/907
f 1252/468/907 1258/477/913 1250/491/905
f 1258/477/913 1252/468/907 1257/461/912
f 1250/491/905 1258/477/913 1259/481/914
f 1259/481/914 1251/490/906 1250/491/905
f 1260/478/915 1259/481/914 1258/477/913
f 1258/477/913 1261/476/916 1260/478/915
f 1257/461/912 1261/476/916 1258/477/913
f 1262/479/917 1260/478/915 1261/476/916
f 1263/558/918 1251/490/906 1259/481/914
f 1251/490/906 1263/558/918 1264/559/919
f 1259/481/914 1265/482/920 1263/558/918
f 1265/482/920 1259/481/914 1260/478/915
f 1266/483/921 1260/478/915 1262/479/917
f 1260/478/915 1266/483/921 1265/482/920
f 1262/479/917 1267/484/922 1266/483/921
f 1268/480/923 1267/484/922 1262/479/917
f 1262/479/917 1269/474/924 1268/480/923
f 1270/473/925 1268/480/923 1269/474/924
f 1271/456/926 1256/459/911 1255/457/910
f 1257/461/912 1256/459/911 1271/456/926
f 1261/476/916 1257/461/912 1272/462/917
f 1271/456/926 1272/462/917 1257/461/912
f 1272/462/917 1273/475/927 1261/476/916
f 1269/474/924 1262/479/917 1273/475/927
f 1261/476/916 1273/475/927 1262/479/917
f 1273/475/927 1274/463/928 1269/474/924
f 1274/463/928 1273/475/927 1272/462/917
f 1269/474/924 1275/466/929 1270/473/925
f 1275/466/929 1269/474/924 1274/463/928
f 1274/463/928 1276/464/930 1275/466/929
f 1275/466/929 1276/464/930 1277/465/931
f 1277/465/931 1276/464/930 1278/452/929
f 1278/452/929 1276/464/930 1274/463/928
f 1274/463/928 1279/458/932 1278/452/929
f 1272/462/917 1279/458/932 1274/463/928
f 1279/458/932 1272/462/917 1271/456/926
f 1278/452/929 1279/458/932 1280/455/933
f 1271/456/926 1280/455/933 1279/458/932
f 1280/455/933 1281/454/934 1278/452/929
f 1255/457/910 1249/444/904 1282/443/935
f 1282/443/935 1249/444/904 1225/369/831
f 1282/443/935 1283/450/936 1255/457/910
f 1255/457/910 1283/450/936 1271/456/926
f 1284/446/937 1283/450/936 1282/443/935
f 1271/456/926 1283/450/936 1284/446/937
f 1284/446/937 1280/455/933 1271/456/926
f 1280/455/933 1284/446/937 1285/447/938
f 1285/447/938 1281/454/934 1280/455/933
f 1278/452/929 1281/454/934 1286/451/939
f 1286/451/939 1281/454/934 1285/447/938
f 1282/443/935 1287/445/940 1284/446/937
f 1287/445/940 1282/443/935 1225/369/831
f 1288/442/941 1285/447/938 1284/446/937
f 1284/446/937 1287/445/940 1288/442/941
f 1288/442/941 1287/445/940 1225/369/831
f 1285/447/938 1288/442/941 1289/441/942
f 1289/441/942 1288/442/941 1225/369/831
f 1285/447/938 1290/448/943 1286/451/939
f 1289/441/942 1290/448/943 1285/447/938
f 1291/440/944 1289/441/942 1225/369/831
f 1290/448/943 1289/441/942 1291/440/944
f 1286/451/939 1290/448/943 1292/449/945
f 1291/440/944 1292/449/945 1290/448/943
f 1292/449/945 1293/529/946 1286/451/939
f 1294/453/947 1286/451/939 1293/529/946
f 1286/451/939 1294/453/947 1278/452/929
f 1278/452/929 1294/453/947 1277/465/931
f 1293/529/946 1295/531/948 1294/453/947
f 1277/465/931 1294/453/947 1295/531/948
f 1295/531/948 1293/529/946 1296/530/949
f 1296/530/949 1297/533/950 1295/531/948
f 1297/533/950 1296/530/949 1298/532/951
f 1299/437/952 1298/532/951 1296/530/949
f 1298/532/951 1299/437/952 1300/432/953
f 1300/432/953 1301/537/954 1298/532/951
f 1302/536/955 1298/532/951 1301/537/954
f 1298/532/951 1302/536/955 1297/533/950
f 1301/537/954 1303/538/956 1302/536/955
f 1304/534/957 1295/531/948 1297/533/950
f 1295/531/948 1304/534/957 1277/465/931
f 1305/535/958 1297/533/950 1302/536/955
f 1297/533/950 1305/535/958 1304/534/957
f 1302/536/955 1306/539/959 1305/535/958
f 1306/539/959 1302/536/955 1303/538/956
f 1303/538/956 1307/547/960 1306/539/959
f 1277/465/931 1308/472/961 1275/466/929
f 1270/473/925 1275/466/929 1308/472/961
f 1308/472/961 1277/465/931 1304/534/957
f 1309/471/962 1304/534/957 1305/535/958
f 1304/534/957 1309/471/962 1308/472/961
f 1305/535/958 1310/540/963 1309/471/962
f 1310/540/963 1305/535/958 1306/539/959
f 1311/546/964 1306/539/959 1307/547/960
f 1306/539/959 1311/546/964 1310/540/963
f 1307/547/960 1312/545/965 1311/546/964
f 1313/543/966 1311/546/964 1312/545/965
f 1310/540/963 1311/546/964 1313/543/966
f 1312/545/965 1314/544/967 1313/543/966
f 1315/469/968 1308/472/961 1309/471/962
f 1308/472/961 1315/469/968 1270/473/925
f 1309/471/962 1316/470/969 1315/469/968
f 1317/541/970 1316/470/969 1309/471/962
f 1313/543/966 1317/541/970 1310/540/963
f 1309/471/962 1310/540/963 1317/541/970
f 1312/545/965 1307/547/960 1318/548/971
f 1318/548/971 1307/547/960 1303/538/956
f 1314/544/967 1312/545/965 1319/549/972
f 1318/548/971 1319/549/972 1312/545/965
f 1319/549/972 1320/557/973 1314/544/967
f 1320/557/973 1319/549/972 1321/550/974
f 1321/550/974 1319/549/972 1318/548/971
f 1321/550/974 1322/556/975 1320/557/973
f 1322/556/975 1321/550/974 1323/552/976
f 1323/552/976 1324/555/977 1322/556/975
f 1324/555/977 1323/552/976 1325/410/978
f 1318/548/971 1326/551/979 1321/550/974
f 1323/552/976 1321/550/974 1326/551/979
f 1325/410/978 1323/552/976 1327/553/980
f 1326/551/979 1327/553/980 1323/552/976
f 1327/553/980 1328/416/981 1325/410/978
f 1325/410/978 1328/416/981 1329/411/982
f 1330/415/983 1328/416/981 1327/553/980
f 1329/411/982 1328/416/981 1330/415/983
f 1330/415/983 1331/414/984 1329/411/982
f 1332/417/985 1331/414/984 1330/415/983
f 1329/411/982 1331/414/984 1333/413/986
f 1333/413/986 1331/414/984 1332/417/985
f 1333/413/986 1334/412/987 1329/411/982
f 1329/411/982 1334/412/987 1335/407/988
f 1336/399/989 1335/407/988 1334/412/987
f 1335/407/988 1337/409/984 1329/411/982
f 1329/411/982 1337/409/984 1325/410/978
f 1332/417/985 1338/391/990 1333/413/986
f 1334/412/987 1333/413/986 1339/390/991
f 1339/390/991 1333/413/986 1338/391/990
f 1334/412/987 1340/398/992 1336/399/989
f 1339/390/991 1340/398/992 1334/412/987
f 1341/397/993 1340/398/992 1339/390/991
f 1336/399/989 1340/398/992 1341/397/993
f 1341/397/993 1342/400/994 1336/399/989
f 1342/400/994 1341/397/993 1343/394/995
f 1234/385/889 1239/395/894 1343/394/995
f 1343/394/995 1344/401/996 1342/400/994
f 1345/396/997 1344/401/996 1343/394/995
f 1343/394/995 1239/395/894 1345/396/997
f 1345/396/997 1239/395/894 1238/383/893
f 1343/394/995 1341/397/993 1346/392/998
f 1339/390/991 1346/392/998 1341/397/993
f 1343/394/995 1347/393/999 1234/385/889
f 1346/392/998 1347/393/999 1343/394/995
f 1338/391/990 1332/417/985 1348/424/1000
f 1349/426/1001 1348/424/1000 1350/425/1002
f 1348/424/1000 1351/378/1003 1338/391/990
f 1351/378/1003 1348/424/1000 1349/426/1001
f 1352/376/1004 1338/391/990 1351/378/1003
f 1338/391/990 1352/376/1004 1339/390/991
f 1353/389/1005 1346/392/998 1339/390/991
f 1339/390/991 1352/376/1004 1353/389/1005
f 1346/392/998 1353/389/1005 1354/388/1006
f 1354/388/1006 1233/387/888 1234/385/889
f 1354/388/1006 1347/393/999 1346/392/998
f 1234/385/889 1347/393/999 1354/388/1006
f 1224/381/880 1233/387/888 1354/388/1006
f 1351/378/1003 1355/377/1007 1352/376/1004
f 1356/379/1008 1353/389/1005 1352/376/1004
f 1352/376/1004 1355/377/1007 1356/379/1008
f 1356/379/1008 1355/377/1007 1357/375/1009
f 1357/375/1009 1355/377/1007 1351/378/1003
f 1222/373/878 1358/374/1010 1225/369/831
f 1358/374/1010 1357/375/1009 1225/369/831
f 1357/375/1009 1358/374/1010 1356/379/1008
f 1359/380/1011 1354/388/1006 1353/389/1005
f 1358/374/1010 1222/373/878 1359/380/1011
f 1353/389/1005 1356/379/1008 1359/380/1011
f 1359/380/1011 1356/379/1008 1358/374/1010
f 1224/381/880 1359/380/1011 1222/373/878
f 1354/388/1006 1359/380/1011 1224/381/880
f 1360/427/1012 1349/426/1001 1225/369/831
f 1349/426/1001 1360/427/1012 1351/378/1003
f 1357/375/1009 1360/427/1012 1225/369/831
f 1351/378/1003 1360/427/1012 1357/375/1009
f 1349/426/1001 1361/428/1013 1225/369/831
f 1350/425/1002 1361/428/1013 1349/426/1001
f 1361/428/1013 1362/435/1014 1225/369/831
f 1363/436/1015 1300/432/953 1299/437/952
f 1300/432/953 1363/436/1015 1364/433/1016
f 1364/433/1016 1363/436/1015 1225/369/831
f 1365/434/1017 1364/433/1016 1225/369/831
f 1362/435/1014 1365/434/1017 1225/369/831
f 1366/429/1018 1362/435/1014 1361/428/1013
f 1361/428/1013 1350/425/1002 1366/429/1018
f 1365/434/1017 1362/435/1014 1366/429/1018
f 1363/436/1015 1367/438/1019 1225/369/831
f 1299/437/952 1367/438/1019 1363/436/1015
f 1301/537/954 1300/432/953 1368/431/1020
f 1364/433/1016 1368/431/1020 1300/432/953
f 1364/433/1016 1365/434/1017 1369/430/1021
f 1369/430/1021 1368/431/1020 1364/433/1016
f 1366/429/1018 1369/430/1021 1365/434/1017
f 1369/430/1021 1366/429/1018 1370/422/1022
f 1370/422/1022 1366/429/1018 1350/425/1002
f 1371/423/1023 1350/425/1002 1348/424/1000
f 1330/415/983 1371/423/1023 1332/417/985
f 1370/422/1022 1371/423/1023 1330/415/983
f 1350/425/1002 1371/423/1023 1370/422/1022
f 1348/424/1000 1332/417/985 1371/423/1023
f 1327/553/980 1372/421/1024 1330/415/983
f 1330/415/983 1372/421/1024 1370/422/1022
f 1372/421/1024 1327/553/980 1326/551/979
f 1373/419/1025 1370/422/1022 1372/421/1024
f 1368/431/1020 1369/430/1021 1373/419/1025
f 1370/422/1022 1373/419/1025 1369/430/1021
f 1303/538/956 1301/537/954 1374/420/1026
f 1373/419/1025 1374/420/1026 1368/431/1020
f 1368/431/1020 1374/420/1026 1301/537/954
f 1375/418/1027 1326/551/979 1318/548/971
f 1372/421/1024 1375/418/1027 1373/419/1025
f 1374/420/1026 1373/419/1025 1375/418/1027
f 1326/551/979 1375/418/1027 1372/421/1024
f 1374/420/1026 1376/542/972 1303/538/956
f 1375/418/1027 1376/542/972 1374/420/1026
f 1303/538/956 1376/542/972 1318/548/971
f 1318/548/971 1376/542/972 1375/418/1027
f 1377/268/1028 1378/269/1029 1379/273/1030
f 1379/273/1030 1380/266/1031 1377/268/1028
f 1381/259/1032 1380/266/1031 1382/267/1033
f 1382/267/1033 1380/266/1031 1379/273/1030
f 1380/266/1031 1381/259/1032 1383/257/1034
f 1383/257/1034 1377/268/1028 1380/266/1031
f 1384/265/1035 1377/268/1028 1383/257/1034
f 1378/269/1029 1377/268/1028 1384/265/1035
f 1384/265/1035 1385/270/1036 1378/269/1029
f 1386/271/1037 1385/270/1036 1384/265/1035
f 1384/265/1035 1387/272/1038 1386/271/1037
f 1388/254/1039 1387/272/1038 1384/265/1035
f 1384/265/1035 1389/255/1034 1388/254/1039
f 1383/257/1034 1389/255/1034 1384/265/1035
f 1388/254/1039 1389/255/1034 1390/252/1040
f 1389/255/1034 1383/257/1034 1391/256/1041
f 1391/256/1041 1390/252/1040 1389/255/1034
f 1392/258/1042 1391/256/1041 1383/257/1034
f 1383/257/1034 1381/259/1032 1392/258/1042
f 1393/260/1043 1392/258/1042 1381/259/1032
f 1381/259/1032 1394/261/1044 1393/260/1043
f 1382/267/1033 1394/261/1044 1381/259/1032
f 1395/262/1045 1393/260/1043 1394/261/1044
f 1394/261/1044 1396/263/1046 1395/262/1045
f 1397/264/1047 1395/262/1045 1396/263/1046
f 1390/252/1040 1398/253/1048 1388/254/1039
f 1399/283/1049 1400/284/1050 1401/285/1051
f 1402/274/1052 1400/284/1050 1399/283/1049
f 1399/283/1049 1403/275/1053 1402/274/1052
f 1404/286/1054 1403/275/1053 1399/283/1049
f 1405/276/1055 1403/275/1053 1404/286/1054
f 1402/274/1052 1403/275/1053 1405/276/1055
f 1404/286/1054 1406/287/1056 1405/276/1055
f 1407/279/1057 1405/276/1055 1406/287/1056
f 1406/287/1056 1408/288/1058 1407/279/1057
f 1407/279/1057 1408/288/1058 1396/263/1046
f 1396/263/1046 1408/288/1058 1397/264/1047
f 1409/280/1059 1396/263/1046 1394/261/1044
f 1394/261/1044 1382/267/1033 1409/280/1059
f 1396/263/1046 1409/280/1059 1407/279/1057
f 1405/276/1055 1410/277/1060 1402/274/1052
f 1411/278/1061 1407/279/1057 1409/280/1059
f 1405/276/1055 1407/279/1057 1411/278/1061
f 1411/278/1061 1410/277/1060 1405/276/1055
f 1409/280/1059 1412/281/1062 1411/278/1061
f 1409/280/1059 1382/267/1033 1413/282/1063
f 1379/273/1030 1413/282/1063 1382/267/1033
f 1413/282/1063 1412/281/1062 1409/280/1059
f 1414/315/1064 1415/316/1065 1416/317/1066
f 1416/317/1066 1417/319/1067 1414/315/1064
f 1418/313/1068 1414/315/1064 1417/319/1067
f 1417/319/1067 1419/320/1069 1418/313/1068
f 1418/313/1068 1419/320/1069 1420/309/1070
f 1420/309/1070 1421/310/1071 1422/311/1072
f 1420/309/1070 1423/312/1073 1418/313/1068
f 1422/311/1072 1423/312/1073 1420/309/1070
f 1418/313/1068 1423/312/1073 1424/314/1039
f 1424/314/1039 1423/312/1073 1422/311/1072
f 1424/314/1039 1425/307/1039 1418/313/1068
f 1414/315/1064 1418/313/1068 1425/307/1039
f 1425/307/1039 1426/305/1074 1414/315/1064
f 1414/315/1064 1426/305/1074 1427/303/1075
f 1427/303/1075 1415/316/1065 1414/315/1064
f 1416/317/1066 1415/316/1065 1428/302/1076
f 1428/302/1076 1415/316/1065 1427/303/1075
f 1428/302/1076 1429/318/1077 1416/317/1066
f 1430/293/1078 1429/318/1077 1428/302/1076
f 1428/302/1076 1431/295/1079 1430/293/1078
f 1401/285/1051 1432/292/1080 1399/283/1049
f 1432/292/1080 1401/285/1051 1430/293/1078
f 1430/293/1078 1431/295/1079 1432/292/1080
f 1431/295/1079 1428/302/1076 1433/297/1075
f 1427/303/1075 1433/297/1075 1428/302/1076
f 1434/298/1081 1433/297/1075 1427/303/1075
f 1427/303/1075 1435/304/1082 1434/298/1081
f 1435/304/1082 1427/303/1075 1426/305/1074
f 1436/306/1083 1426/305/1074 1425/307/1039
f 1426/305/1074 1436/306/1083 1435/304/1082
f 1425/307/1039 1437/308/1084 1436/306/1083
f 1437/308/1084 1425/307/1039 1424/314/1039
f 1438/294/1085 1432/292/1080 1431/295/1079
f 1432/292/1080 1438/294/1085 1439/291/1086
f 1439/291/1086 1399/283/1049 1432/292/1080
f 1399/283/1049 1439/291/1086 1404/286/1054
f 1433/297/1075 1440/296/1087 1431/295/1079
f 1440/296/1087 1433/297/1075 1434/298/1081
f 1431/295/1079 1440/296/1087 1438/294/1085
f 1434/298/1081 1441/299/1088 1440/296/1087
f 1440/296/1087 1441/299/1088 1442/300/1089
f 1442/300/1089 1438/294/1085 1440/296/1087
f 1443/301/1090 1439/291/1086 1438/294/1085
f 1438/294/1085 1442/300/1089 1443/301/1090
f 1406/287/1056 1404/286/1054 1444/290/1091
f 1444/290/1091 1404/286/1054 1439/291/1086
f 1439/291/1086 1443/301/1090 1444/290/1091
f 1445/289/1092 1397/264/1047 1408/288/1058
f 1408/288/1058 1406/287/1056 1445/289/1092
f 1444/290/1091 1445/289/1092 1406/287/1056
f 1446/132/1093 1447/133/1094 1448/134/1095
f 1447/133/1094 1449/135/1094 1448/134/1095
f 1449/135/1094 1450/136/1096 1448/134/1095
f 1450/136/1096 1451/137/1054 1448/134/1095
f 1451/137/1054 1452/138/1086 1448/134/1095
f 1452/138/1086 1453/139/1085 1448/134/1095
f 1453/139/1085 1454/140/1097 1448/134/1095
f 1454/140/1097 1455/141/1098 1448/134/1095
f 1455/141/1098 1456/142/1099 1448/134/1095
f 1456/142/1099 1457/143/1100 1448/134/1095
f 1457/143/1100 1458/144/1101 1448/134/1095
f 1458/144/1101 1459/145/1102 1448/134/1095
f 1459/145/1102 1460/146/1103 1448/134/1095
f 1460/146/1103 1461/147/1103 1448/134/1095
f 1461/147/1103 1462/148/1104 1448/134/1095
f 1462/148/1104 1463/149/1032 1448/134/1095
f 1464/150/1105 1446/132/1093 1448/134/1095
f 1463/149/1032 1464/150/1105 1448/134/1095
f 1465/151/1106 1466/152/1107 1467/153/1108
f 1468/154/1109 1469/155/1110 1467/153/1108
f 1470/156/1111 1467/153/1108 1466/152/1107
f 1467/153/1108 1470/156/1111 1468/154/1109
f 1466/152/1107 1471/157/1112 1470/156/1111
f 1470/156/1111 1471/157/1112 1472/158/1113
f 1467/153/1108 1473/159/1114 1465/151/1106
f 1474/160/1115 1473/159/1114 1467/153/1108
f 1467/153/1108 1469/155/1110 1474/160/1115
f 1475/161/1116 1474/160/1115 1469/155/1110
f 1469/155/1110 1476/162/1117 1475/161/1116
f 1477/163/1118 1476/162/1117 1469/155/1110
f 1469/155/1110 1468/154/1109 1477/163/1118
f 1477/163/1118 1468/154/1109 1478/164/1119
f 1478/164/1119 1468/154/1109 1470/156/1111
f 1472/158/1113 1479/165/1120 1470/156/1111
f 1470/156/1111 1479/165/1120 1478/164/1119
f 1478/164/1119 1479/165/1120 1480/166/1121
f 1481/167/1122 1480/166/1121 1479/165/1120
f 1479/165/1120 1472/158/1113 1481/167/1122
f 1480/166/1121 1481/167/1122 1482/168/1123
f 1475/161/1116 1476/162/1117 1483/169/1124
f 1483/169/1124 1484/170/1125 1475/161/1116
f 1485/171/1067 1483/169/1124 1476/162/1117
f 1476/162/1117 1477/163/1118 1485/171/1067
f 1485/171/1067 1477/163/1118 1486/172/1126
f 1478/164/1119 1486/172/1126 1477/163/1118
f 1486/172/1126 1478/164/1119 1487/173/1127
f 1480/166/1121 1487/173/1127 1478/164/1119
f 1482/168/1123 1488/174/1128 1480/166/1121
f 1487/173/1127 1480/166/1121 1488/174/1128
f 1487/173/1127 1489/175/1129 1486/172/1126
f 1486/172/1126 1489/175/1129 1490/176/1130
f 1490/176/1130 1491/177/1131 1486/172/1126
f 1486/172/1126 1491/177/1131 1485/171/1067
f 1492/178/1132 1490/176/1130 1489/175/1129
f 1493/179/1133 1494/180/1134 1495/181/1135
f 1496/182/1029 1494/180/1134 1493/179/1133
f 1497/183/1136 1494/180/1134 1496/182/1029
f 1495/181/1135 1494/180/1134 1497/183/1136
f 1496/182/1029 1498/184/1036 1497/183/1136
f 1499/185/1137 1497/183/1136 1498/184/1036
f 1499/185/1137 1500/186/1138 1492/178/1132
f 1498/184/1036 1500/186/1138 1499/185/1137
f 1489/175/1129 1501/187/1139 1492/178/1132
f 1492/178/1132 1501/187/1139 1499/185/1137
f 1501/187/1139 1489/175/1129 1487/173/1127
f 1487/173/1127 1502/188/1140 1501/187/1139
f 1488/174/1128 1502/188/1140 1487/173/1127
f 1501/187/1139 1502/188/1140 1503/189/1141
f 1503/189/1141 1499/185/1137 1501/187/1139
f 1503/189/1141 1502/188/1140 1488/174/1128
f 1497/183/1136 1504/190/1142 1495/181/1135
f 1499/185/1137 1503/189/1141 1504/190/1142
f 1504/190/1142 1497/183/1136 1499/185/1137
f 1504/190/1142 1503/189/1141 1505/191/1143
f 1488/174/1128 1505/191/1143 1503/189/1141
f 1495/181/1135 1504/190/1142 1506/192/1144
f 1505/191/1143 1506/192/1144 1504/190/1142
f 1506/192/1144 1507/193/1145 1495/181/1135
f 1508/194/1146 1505/191/1143 1488/174/1128
f 1488/174/1128 1482/168/1123 1508/194/1146
f 1509/195/1147 1506/192/1144 1505/191/1143
f 1505/191/1143 1508/194/1146 1509/195/1147
f 1506/192/1144 1509/195/1147 1510/196/1148
f 1510/196/1148 1507/193/1145 1506/192/1144
f 1495/181/1135 1507/193/1145 1511/197/1149
f 1511/197/1149 1507/193/1145 1510/196/1148
f 1511/197/1149 1512/198/1150 1495/181/1135
f 1495/181/1135 1512/198/1150 1493/179/1133
f 1510/196/1148 1513/199/1151 1511/197/1149
f 1511/197/1149 1513/199/1151 1514/200/1152
f 1514/200/1152 1515/201/1153 1511/197/1149
f 1512/198/1150 1511/197/1149 1515/201/1153
f 1515/201/1153 1514/200/1152 1516/202/1154
f 1493/179/1133 1512/198/1150 1517/203/1155
f 1515/201/1153 1517/203/1155 1512/198/1150
f 1517/203/1155 1515/201/1153 1518/204/1156
f 1516/202/1154 1518/204/1156 1515/201/1153
f 1518/204/1156 1516/202/1154 1519/205/1157
f 1519/205/1157 1520/206/1158 1518/204/1156
f 1520/206/1158 1519/205/1157 1521/207/1159
f 1521/207/1159 1522/208/1160 1520/206/1158
f 1522/208/1160 1521/207/1159 1523/209/1161
f 1523/209/1161 1524/210/1162 1522/208/1160
f 1525/211/1051 1526/212/1163 1527/213/1164
f 1528/214/1165 1527/213/1164 1526/212/1163
f 1527/213/1164 1528/214/1165 1529/215/1166
f 1530/216/1167 1522/208/1160 1524/210/1162
f 1524/210/1162 1529/215/1166 1530/216/1167
f 1530/216/1167 1529/215/1166 1528/214/1165
f 1531/217/1168 1520/206/1158 1522/208/1160
f 1522/208/1160 1530/216/1167 1531/217/1168
f 1518/204/1156 1520/206/1158 1531/217/1168
f 1518/204/1156 1532/218/1169 1517/203/1155
f 1531/217/1168 1532/218/1169 1518/204/1156
f 1533/219/1170 1517/203/1155 1532/218/1169
f 1517/203/1155 1533/219/1170 1493/179/1133
f 1534/220/1030 1493/179/1133 1533/219/1170
f 1493/179/1133 1534/220/1030 1496/182/1029
f 1533/219/1170 1535/221/1063 1534/220/1030
f 1536/222/1171 1535/221/1063 1533/219/1170
f 1532/218/1169 1537/223/1172 1533/219/1170
f 1533/219/1170 1537/223/1172 1536/222/1171
f 1537/223/1172 1532/218/1169 1531/217/1168
f 1538/224/1173 1531/217/1168 1530/216/1167
f 1531/217/1168 1538/224/1173 1537/223/1172
f 1528/214/1165 1539/225/1174 1530/216/1167
f 1530/216/1167 1539/225/1174 1538/224/1173
f 1539/225/1174 1528/214/1165 1540/226/1052
f 1526/212/1163 1540/226/1052 1528/214/1165
f 1537/223/1172 1538/224/1173 1541/227/1175
f 1541/227/1175 1538/224/1173 1539/225/1174
f 1541/227/1175 1536/222/1171 1537/223/1172
f 1540/226/1052 1542/228/1176 1539/225/1174
f 1539/225/1174 1542/228/1176 1541/227/1175
f 1543/243/1177 1474/160/1115 1475/161/1116
f 1543/243/1177 1544/245/1178 1545/248/1179
f 1545/248/1179 1546/250/1180 1543/243/1177
f 1546/250/1180 1473/159/1114 1474/160/1115
f 1474/160/1115 1543/243/1177 1546/250/1180
f 1465/151/1106 1473/159/1114 1546/250/1180
f 1544/245/1178 1543/243/1177 1547/244/1181
f 1475/161/1116 1547/244/1181 1543/243/1177
f 1547/244/1181 1475/161/1116 1484/170/1125
f 1525/211/1051 1548/246/1182 1547/244/1181
f 1527/213/1164 1548/246/1182 1525/211/1051
f 1547/244/1181 1548/246/1182 1544/245/1178
f 1549/247/1183 1544/245/1178 1548/246/1182
f 1529/215/1166 1549/247/1183 1527/213/1164
f 1548/246/1182 1527/213/1164 1549/247/1183
f 1550/241/1184 1545/248/1179 1544/245/1178
f 1544/245/1178 1549/247/1183 1550/241/1184
f 1550/241/1184 1549/247/1183 1529/215/1166
f 1529/215/1166 1524/210/1162 1550/241/1184
f 1550/241/1184 1524/210/1162 1523/209/1161
f 1551/242/1185 1545/248/1179 1550/241/1184
f 1546/250/1180 1552/249/1186 1465/151/1106
f 1552/249/1186 1546/250/1180 1545/248/1179
f 1545/248/1179 1551/242/1185 1552/249/1186
f 1550/241/1184 1553/240/1187 1551/242/1185
f 1523/209/1161 1553/240/1187 1550/241/1184
f 1547/244/1181 1554/251/1078 1525/211/1051
f 1484/170/1125 1554/251/1078 1547/244/1181
f 1422/311/1072 1555/321/1039 1424/314/1039
f 1424/314/1039 1556/322/1188 1437/308/1084
f 1424/314/1039 1555/321/1039 1557/323/1189
f 1557/323/1189 1556/322/1188 1424/314/1039
f 1558/324/1190 1557/323/1189 1555/321/1039
f 1559/325/1039 1555/321/1039 1422/311/1072
f 1555/321/1039 1559/325/1039 1558/324/1190
f 1422/311/1072 1560/326/1191 1559/325/1039
f 1422/311/1072 1421/310/1071 1561/327/1192
f 1561/327/1192 1560/326/1191 1422/311/1072
f 1562/560/1193 1563/561/1194 1564/562/1195
f 1564/562/1195 1565/563/1196 1562/560/1193
f 1564/562/1195 1563/561/1194 1566/564/1197
f 1567/565/1198 1563/561/1194 1562/560/1193
f 1566/564/1197 1563/561/1194 1567/565/1198
f 1562/560/1193 1568/566/1199 1567/565/1198
f 1568/566/1199 1562/560/1193 1565/563/1196
f 1565/563/1196 1569/567/1200 1568/566/1199
f 1565/563/1196 1570/568/1201 1569/567/1200
f 1565/563/1196 1564/562/1195 1571/569/1202
f 1571/569/1202 1570/568/1201 1565/563/1196
f 1566/564/1197 1572/570/1203 1564/562/1195
f 1571/569/1202 1564/562/1195 1572/570/1203
f 1567/565/1198 1573/571/1204 1566/564/1197
f 1572/570/1203 1566/564/1197 1573/571/1204
f 1574/572/1205 1567/565/1198 1568/566/1199
f 1573/571/1204 1567/565/1198 1574/572/1205
f 1568/566/1199 1575/573/1206 1574/572/1205
f 1568/566/1199 1569/567/1200 1576/574/1207
f 1576/574/1207 1575/573/1206 1568/566/1199
f 1572/570/1203 1577/575/1208 1571/569/1202
f 1573/571/1204 1578/576/1209 1572/570/1203
f 1572/570/1203 1578/576/1209 1577/575/1208
f 1574/572/1205 1579/577/1210 1573/571/1204
f 1578/576/1209 1573/571/1204 1579/577/1210
f 1580/578/329 1574/572/1205 1575/573/1206
f 1579/577/1210 1574/572/1205 1580/578/329
f 1575/573/1206 1581/579/1211 1580/578/329
f 1580/578/329 1582/580/1212 1579/577/1210
f 1579/577/1210 1583/581/1213 1578/576/1209
f 1584/582/1214 1576/574/1207 1569/567/1200
f 1569/567/1200 1585/583/1215 1584/582/1214
f 1586/584/1216 1584/582/1214 1585/583/1215
f 1585/583/1215 1587/585/1217 1586/584/1216
f 1586/584/1216 1587/585/1217 1588/586/1218
f 1589/587/1219 1588/586/1218 1587/585/1217
f 1588/586/1218 1589/587/1219 1590/588/1220
f 1591/589/1221 1590/588/1220 1589/587/1219
f 1590/588/1220 1591/589/1221 1592/590/1222
f 1592/590/1222 1593/591/1223 1590/588/1220
f 1590/588/1220 1593/591/1223 1594/592/1224
f 1590/588/1220 1594/592/1224 1588/586/1218
f 1592/590/1222 1591/589/1221 1595/593/1225
f 1585/583/1215 1569/567/1200 1595/593/1225
f 1595/593/1225 1569/567/1200 1596/594/1201
f 1595/593/1225 1596/594/1201 1592/590/1222
f 1597/595/1226 1595/593/1225 1591/589/1221
f 1595/593/1225 1597/595/1226 1585/583/1215
f 1587/585/1217 1585/583/1215 1597/595/1226
f 1589/587/1219 1598/596/1227 1591/589/1221
f 1597/595/1226 1598/596/1227 1587/585/1217
f 1587/585/1217 1598/596/1227 1589/587/1219
f 1591/589/1221 1598/596/1227 1597/595/1226
f 1584/582/1214 1586/584/1216 1599/597/329
f 1599/597/329 1600/598/1211 1584/582/1214
f 1601/599/1228 1588/586/1218 1594/592/1224
f 1599/597/329 1586/584/1216 1601/599/1228
f 1588/586/1218 1601/599/1228 1586/584/1216
f 1594/592/1224 1602/600/1229 1601/599/1228
f 1603/601/1230 1602/600/1229 1594/592/1224
f 1594/592/1224 1604/602/1231 1603/601/1230
f 1605/603/1232 1603/601/1230 1604/602/1231
f 1604/602/1231 1606/604/1233 1605/603/1232
f 1607/605/1234 1608/606/1235 1609/607/1236
f 1603/601/1230 1605/603/1232 1609/607/1236
f 1609/607/1236 1605/603/1232 1607/605/1234
f 1609/607/1236 1610/608/1237 1603/601/1230
f 1605/603/1232 1606/604/1233 1611/609/1238
f 1611/609/1238 1607/605/1234 1605/603/1232
f 1612/610/1239 1611/609/1238 1606/604/1233
f 1611/609/1238 1612/610/1239 1613/611/1240
f 1614/612/1195 1613/611/1240 1612/610/1239
f 1613/611/1240 1614/612/1195 1615/613/1241
f 1615/613/1241 1614/612/1195 1616/614/1242
f 1604/602/1231 1594/592/1224 1616/614/1242
f 1616/614/1242 1594/592/1224 1617/615/1243
f 1616/614/1242 1617/615/1243 1615/613/1241
f 1616/614/1242 1618/616/1244 1604/602/1231
f 1606/604/1233 1604/602/1231 1618/616/1244
f 1618/616/1244 1616/614/1242 1614/612/1195
f 1606/604/1233 1619/617/1245 1612/610/1239
f 1612/610/1239 1619/617/1245 1614/612/1195
f 1618/616/1244 1619/617/1245 1606/604/1233
f 1614/612/1195 1619/617/1245 1618/616/1244
f 1615/613/1241 1620/618/1246 1613/611/1240
f 1613/611/1240 1621/619/1247 1611/609/1238
f 1607/605/1234 1611/609/1238 1621/619/1247
f 1620/618/1246 1621/619/1247 1613/611/1240
f 1621/619/1247 1622/620/1248 1607/605/1234
f 1622/620/1248 1621/619/1247 1623/621/1249
f 1623/621/1249 1624/622/1250 1622/620/1248
f 1625/623/1251 1624/622/1250 1623/621/1249
f 1624/622/1250 1625/623/1251 1626/624/329
f 1626/624/329 1625/623/1251 1627/625/1252
f 1627/625/1252 1628/626/1253 1626/624/329
f 1626/624/329 1629/627/1235 1624/622/1250
f 1630/628/1254 1631/629/1255 1627/625/1252
f 1632/630/1256 1627/625/1252 1625/623/1251
f 1627/625/1252 1632/630/1256 1630/628/1254
f 1632/630/1256 1633/631/1257 1634/632/1258
f 1634/632/1258 1630/628/1254 1632/630/1256
f 1633/631/1257 1632/630/1256 1635/633/1259
f 1625/623/1251 1635/633/1259 1632/630/1256
f 1623/621/1249 1635/633/1259 1625/623/1251
f 1630/628/1254 1634/632/1258 1636/634/1260
f 1637/635/1261 1636/634/1260 1634/632/1258
f 1634/632/1258 1638/636/1195 1637/635/1261
f 1638/636/1195 1634/632/1258 1633/631/1257
f 1633/631/1257 1639/637/1262 1638/636/1195
f 1635/633/1259 1639/637/1262 1633/631/1257
f 1640/638/1263 1639/637/1262 1635/633/1259
f 1638/636/1195 1639/637/1262 1640/638/1263
f 1635/633/1259 1623/621/1249 1640/638/1263
f 1623/621/1249 1621/619/1247 1641/639/1264
f 1637/635/1261 1638/636/1195 1641/639/1264
f 1640/638/1263 1641/639/1264 1638/636/1195
f 1641/639/1264 1640/638/1263 1623/621/1249
f 1641/639/1264 1621/619/1247 1642/640/1265
f 1641/639/1264 1642/640/1265 1637/635/1261
f 1643/641/1213 1644/642/329 1645/643/1266
f 1645/643/1266 1646/644/329 1643/641/1213
f 1646/644/329 1645/643/1266 1647/645/329
f 1647/645/329 1648/646/1267 1646/644/329
f 1649/647/1266 1648/646/1267 1647/645/329
f 1647/645/329 1650/648/1266 1649/647/1266
f 1651/649/1268 1649/647/1266 1650/648/1266
f 1650/648/1266 1652/650/329 1651/649/1268
f 1653/651/329 1651/649/1268 1652/650/329
f 1652/650/329 1654/652/329 1653/651/329
f 1655/653/1269 1653/651/329 1654/652/329
f 1654/652/329 1656/654/1270 1655/653/1269
f 1655/653/1269 1656/654/1270 1657/655/1270
f 1657/655/1270 1658/656/329 1655/653/1269
f 1658/656/329 1657/655/1270 1659/657/1271
f 1659/657/1271 1660/658/1272 1658/656/329
f 1661/659/1273 1662/660/1274 1663/661/1195
f 1663/661/1195 1662/660/1274 1664/662/1275
f 1665/663/1276 1662/660/1274 1661/659/1273
f 1664/662/1275 1662/660/1274 1665/663/1276
f 1664/662/1275 1666/664/1277 1663/661/1195
f 1666/664/1277 1667/665/1278 1668/666/1279
f 1668/666/1279 1663/661/1195 1666/664/1277
f 1669/628/1280 1667/665/1278 1666/664/1277
f 1665/663/1276 1670/667/1281 1664/662/1275
f 1670/667/1281 1669/628/1280 1666/664/1277
f 1666/664/1277 1664/662/1275 1670/667/1281
f 1669/628/1280 1670/667/1281 1671/668/1282
f 1672/669/1283 1671/668/1282 1670/667/1281
f 1670/667/1281 1665/663/1276 1672/669/1283
f 1661/659/1273 1673/670/1284 1665/663/1276
f 1672/669/1283 1665/663/1276 1673/670/1284
f 1674/671/1285 1663/661/1195 1668/666/1279
f 1673/670/1284 1661/659/1273 1674/671/1285
f 1663/661/1195 1674/671/1285 1661/659/1273
f 1671/668/1282 1675/629/1286 1669/628/1280
f 1668/666/1279 1676/672/1287 1674/671/1285
f 1674/671/1285 1677/673/1288 1673/670/1284
f 1674/671/1285 1676/672/1287 1677/673/1288
f 1678/674/1289 1673/670/1284 1677/673/1288
f 1673/670/1284 1678/674/1289 1672/669/1283
f 1679/675/329 1672/669/1283 1678/674/1289
f 1671/668/1282 1672/669/1283 1679/675/329
f 1679/675/329 1680/676/1272 1671/668/1282
f 1677/673/1288 1681/677/1269 1678/674/1289
f 1678/674/1289 1682/678/1269 1679/675/329
f 1683/632/1290 1684/634/1291 1685/635/1292
f 1686/628/1293 1684/634/1291 1683/632/1290
f 1687/625/1294 1688/629/1269 1686/628/1293
f 1686/628/1293 1689/630/1295 1687/625/1294
f 1689/630/1295 1686/628/1293 1683/632/1290
f 1683/632/1290 1690/631/1296 1689/630/1295
f 1690/631/1296 1683/632/1290 1691/636/1195
f 1685/635/1292 1691/636/1195 1683/632/1290
f 1692/639/1297 1691/636/1195 1685/635/1292
f 1685/635/1292 1693/640/1298 1692/639/1297
f 1692/639/1297 1693/640/1298 1694/619/1299
f 1695/605/1300 1696/620/1301 1694/619/1299
f 1697/621/1302 1694/619/1299 1696/620/1301
f 1692/639/1297 1694/619/1299 1697/621/1302
f 1691/636/1195 1692/639/1297 1698/638/1303
f 1697/621/1302 1698/638/1303 1692/639/1297
f 1698/638/1303 1699/637/1304 1691/636/1195
f 1691/636/1195 1699/637/1304 1690/631/1296
f 1700/633/1305 1689/630/1295 1690/631/1296
f 1698/638/1303 1697/621/1302 1700/633/1305
f 1700/633/1305 1699/637/1304 1698/638/1303
f 1690/631/1296 1699/637/1304 1700/633/1305
f 1701/623/1306 1700/633/1305 1697/621/1302
f 1689/630/1295 1700/633/1305 1701/623/1306
f 1701/623/1306 1687/625/1294 1689/630/1295
f 1687/625/1294 1701/623/1306 1702/624/329
f 1702/624/329 1703/626/1269 1687/625/1294
f 1696/620/1301 1704/622/1307 1697/621/1302
f 1697/621/1302 1704/622/1307 1701/623/1306
f 1702/624/329 1701/623/1306 1704/622/1307
f 1704/622/1307 1705/627/1268 1702/624/329
f 1706/636/1195 1707/632/1308 1708/631/1309
f 1708/631/1309 1709/637/1310 1706/636/1195
f 1710/633/1311 1709/637/1310 1708/631/1309
f 1706/636/1195 1709/637/1310 1711/638/1312
f 1711/638/1312 1709/637/1310 1710/633/1311
f 1710/633/1311 1712/621/1313 1711/638/1312
f 1711/638/1312 1713/639/1314 1706/636/1195
f 1713/639/1314 1711/638/1312 1712/621/1313
f 1712/621/1313 1714/619/1315 1713/639/1314
f 1713/639/1314 1714/619/1315 1715/640/1316
f 1707/632/1308 1706/636/1195 1716/635/1317
f 1716/635/1317 1706/636/1195 1713/639/1314
f 1713/639/1314 1715/640/1316 1716/635/1317
f 1717/620/1318 1714/619/1315 1712/621/1313
f 1714/619/1315 1717/620/1318 1718/605/1319
f 1712/621/1313 1719/622/1320 1717/620/1318
f 1720/623/1321 1719/622/1320 1712/621/1313
f 1712/621/1313 1710/633/1311 1720/623/1321
f 1721/630/1322 1669/628/1280 1675/629/1286
f 1720/623/1321 1710/633/1311 1721/630/1322
f 1708/631/1309 1721/630/1322 1710/633/1311
f 1721/630/1322 1708/631/1309 1707/632/1308
f 1707/632/1308 1669/628/1280 1721/630/1322
f 1719/622/1320 1720/623/1321 1722/624/329
f 1722/624/329 1723/627/1318 1719/622/1320
f 1675/629/1286 1724/625/1323 1721/630/1322
f 1721/630/1322 1724/625/1323 1720/623/1321
f 1722/624/329 1720/623/1321 1724/625/1323
f 1716/635/1317 1725/634/1278 1707/632/1308
f 1669/628/1280 1707/632/1308 1725/634/1278
f 1724/625/1323 1726/626/1272 1722/624/329
f 1727/600/1324 1728/599/1325 1729/586/1326
f 1729/586/1326 1728/599/1325 1730/584/1327
f 1731/597/329 1730/584/1327 1728/599/1325
f 1732/582/1328 1730/584/1327 1731/597/329
f 1731/597/329 1733/598/1329 1732/582/1328
f 1728/599/1325 1734/679/1330 1731/597/329
f 1735/587/1331 1729/586/1326 1736/585/1332
f 1730/584/1327 1736/585/1332 1729/586/1326
f 1737/583/1333 1736/585/1332 1730/584/1327
f 1730/584/1327 1732/582/1328 1737/583/1333
f 1737/583/1333 1732/582/1328 1738/574/236
f 1738/574/236 1739/567/1334 1737/583/1333
f 1737/583/1333 1739/567/1334 1740/593/1335
f 1739/567/1334 1741/594/1336 1740/593/1335
f 1740/593/1335 1741/594/1336 1742/590/1337
f 1742/590/1337 1743/589/1195 1740/593/1335
f 1735/587/1331 1744/596/1338 1743/589/1195
f 1736/585/1332 1744/596/1338 1735/587/1331
f 1745/595/1339 1740/593/1335 1743/589/1195
f 1740/593/1335 1745/595/1339 1737/583/1333
f 1743/589/1195 1744/596/1338 1745/595/1339
f 1736/585/1332 1737/583/1333 1745/595/1339
f 1745/595/1339 1744/596/1338 1736/585/1332
f 1742/590/1337 1746/591/1340 1747/588/1341
f 1743/589/1195 1747/588/1341 1735/587/1331
f 1747/588/1341 1743/589/1195 1742/590/1337
f 1729/586/1326 1735/587/1331 1747/588/1341
f 1747/588/1341 1746/591/1340 1748/592/1342
f 1729/586/1326 1748/592/1342 1727/600/1324
f 1747/588/1341 1748/592/1342 1729/586/1326
f 1749/601/1343 1727/600/1324 1748/592/1342
f 1748/592/1342 1750/602/1344 1749/601/1343
f 1751/603/1345 1749/601/1343 1750/602/1344
f 1750/602/1344 1752/604/1346 1751/603/1345
f 1751/603/1345 1752/604/1346 1753/609/1347
f 1718/605/1319 1753/609/1347 1714/619/1315
f 1753/609/1347 1718/605/1319 1751/603/1345
f 1754/613/1348 1755/618/1349 1756/611/1350
f 1756/611/1350 1714/619/1315 1753/609/1347
f 1755/618/1349 1714/619/1315 1756/611/1350
f 1749/601/1343 1751/603/1345 1757/607/1266
f 1757/607/1266 1751/603/1345 1718/605/1319
f 1757/607/1266 1758/608/1324 1749/601/1343
f 1718/605/1319 1759/606/1318 1757/607/1266
f 1760/610/1351 1753/609/1347 1752/604/1346
f 1753/609/1347 1760/610/1351 1756/611/1350
f 1756/611/1350 1761/612/1195 1754/613/1348
f 1761/612/1195 1756/611/1350 1760/610/1351
f 1754/613/1348 1761/612/1195 1762/614/1352
f 1750/602/1344 1748/592/1342 1762/614/1352
f 1762/614/1352 1763/615/1353 1754/613/1348
f 1748/592/1342 1763/615/1353 1762/614/1352
f 1764/616/1354 1762/614/1352 1761/612/1195
f 1762/614/1352 1764/616/1354 1750/602/1344
f 1752/604/1346 1750/602/1344 1764/616/1354
f 1764/616/1354 1765/617/1355 1752/604/1346
f 1752/604/1346 1765/617/1355 1760/610/1351
f 1760/610/1351 1765/617/1355 1761/612/1195
f 1761/612/1195 1765/617/1355 1764/616/1354
f 1766/618/1356 1767/611/1357 1694/619/1299
f 1767/611/1357 1766/618/1356 1768/613/1358
f 1694/619/1299 1769/609/1359 1695/605/1300
f 1769/609/1359 1694/619/1299 1767/611/1357
f 1770/603/1360 1695/605/1300 1769/609/1359
f 1695/605/1300 1770/603/1360 1771/607/1266
f 1771/607/1266 1770/603/1360 1772/601/1361
f 1772/601/1361 1773/608/1267 1771/607/1266
f 1771/607/1266 1774/606/1268 1695/605/1300
f 1769/609/1359 1775/604/1362 1770/603/1360
f 1767/611/1357 1776/610/1363 1769/609/1359
f 1775/604/1362 1769/609/1359 1776/610/1363
f 1768/613/1358 1777/612/1195 1767/611/1357
f 1776/610/1363 1767/611/1357 1777/612/1195
f 1778/614/1364 1777/612/1195 1768/613/1358
f 1768/613/1358 1779/615/1365 1778/614/1364
f 1778/614/1364 1779/615/1365 1780/592/1366
f 1778/614/1364 1780/592/1366 1781/602/1367
f 1770/603/1360 1775/604/1362 1781/602/1367
f 1772/601/1361 1781/602/1367 1780/592/1366
f 1781/602/1367 1772/601/1361 1770/603/1360
f 1782/616/1368 1781/602/1367 1775/604/1362
f 1781/602/1367 1782/616/1368 1778/614/1364
f 1777/612/1195 1778/614/1364 1782/616/1368
f 1777/612/1195 1783/617/1369 1776/610/1363
f 1775/604/1362 1783/617/1369 1782/616/1368
f 1782/616/1368 1783/617/1369 1777/612/1195
f 1776/610/1363 1783/617/1369 1775/604/1362
f 1784/595/1370 1785/583/1371 1786/585/1372
f 1787/584/1373 1786/585/1372 1785/583/1371
f 1788/586/1374 1786/585/1372 1787/584/1373
f 1780/592/1366 1788/586/1374 1789/599/1375
f 1787/584/1373 1789/599/1375 1788/586/1374
f 1789/599/1375 1790/600/1376 1780/592/1366
f 1780/592/1366 1790/600/1376 1772/601/1361
f 1786/585/1372 1788/586/1374 1791/587/1377
f 1791/587/1377 1792/596/1378 1786/585/1372
f 1786/585/1372 1792/596/1378 1784/595/1370
f 1793/588/1379 1791/587/1377 1788/586/1374
f 1788/586/1374 1780/592/1366 1793/588/1379
f 1793/588/1379 1780/592/1366 1794/591/1365
f 1793/588/1379 1794/591/1365 1795/590/1380
f 1791/587/1377 1793/588/1379 1796/589/1195
f 1795/590/1380 1796/589/1195 1793/588/1379
f 1784/595/1370 1792/596/1378 1796/589/1195
f 1796/589/1195 1792/596/1378 1791/587/1377
f 1796/589/1195 1797/593/1381 1784/595/1370
f 1797/593/1381 1796/589/1195 1795/590/1380
f 1785/583/1371 1784/595/1370 1797/593/1381
f 1795/590/1380 1798/594/1382 1797/593/1381
f 1797/593/1381 1798/594/1382 1799/567/1383
f 1797/593/1381 1799/567/1383 1785/583/1371
f 1800/582/1384 1785/583/1371 1799/567/1383
f 1785/583/1371 1800/582/1384 1787/584/1373
f 1789/599/1375 1787/584/1373 1801/597/329
f 1801/597/329 1787/584/1373 1800/582/1384
f 1801/597/329 1802/679/1267 1789/599/1375
f 1799/567/1383 1803/574/1213 1800/582/1384
f 1800/582/1384 1804/598/1213 1801/597/329
f 1805/577/1385 1806/580/1329 1807/578/329
f 1808/569/1386 1809/575/1336 1810/570/1387
f 1810/570/1387 1809/575/1336 1811/576/1388
f 1810/570/1387 1811/576/1388 1812/571/1389
f 1813/581/1329 1805/577/1385 1812/571/1389
f 1812/571/1389 1811/576/1388 1813/581/1329
f 1812/571/1389 1805/577/1385 1814/572/1390
f 1807/578/329 1814/572/1390 1805/577/1385
f 1815/573/1391 1814/572/1390 1807/578/329
f 1807/578/329 1816/579/580 1815/573/1391
f 1814/572/1390 1815/573/1391 1817/566/1392
f 1814/572/1390 1818/565/1393 1812/571/1389
f 1817/566/1392 1818/565/1393 1814/572/1390
f 1819/567/1394 1817/566/1392 1815/573/1391
f 1815/573/1391 1820/574/1395 1819/567/1394
f 1817/566/1392 1819/567/1394 1821/563/1396
f 1818/565/1393 1817/566/1392 1822/560/1397
f 1821/563/1396 1822/560/1397 1817/566/1392
f 1821/563/1396 1819/567/1394 1823/568/1398
f 1821/563/1396 1823/568/1398 1808/569/1386
f 1808/569/1386 1824/562/1195 1821/563/1396
f 1810/570/1387 1824/562/1195 1808/569/1386
f 1822/560/1397 1821/563/1396 1824/562/1195
f 1824/562/1195 1810/570/1387 1825/680/1399
f 1825/680/1399 1812/571/1389 1818/565/1393
f 1812/571/1389 1825/680/1399 1810/570/1387
f 1818/565/1393 1826/561/1400 1825/680/1399
f 1825/680/1399 1826/561/1400 1824/562/1195
f 1824/562/1195 1826/561/1400 1822/560/1397
f 1822/560/1397 1826/561/1400 1818/565/1393
f 1827/620/1401 1828/622/1402 1829/621/1403
f 1830/638/1404 1829/621/1403 1831/633/1405
f 1831/633/1405 1832/637/1406 1830/638/1404
f 1829/621/1403 1828/622/1402 1833/623/1407
f 1833/623/1407 1831/633/1405 1829/621/1403
f 1834/624/329 1833/623/1407 1828/622/1402
f 1828/622/1402 1835/627/1408 1834/624/329
f 1834/624/329 1836/626/1409 1837/625/1410
f 1837/625/1410 1833/623/1407 1834/624/329
f 1838/630/1411 1831/633/1405 1833/623/1407
f 1833/623/1407 1837/625/1410 1838/630/1411
f 1839/631/1412 1832/637/1406 1831/633/1405
f 1831/633/1405 1838/630/1411 1839/631/1412
f 1830/638/1404 1832/637/1406 1840/636/1195
f 1840/636/1195 1832/637/1406 1839/631/1412
f 1840/636/1195 1841/639/1413 1830/638/1404
f 1829/621/1403 1830/638/1404 1841/639/1413
f 1841/639/1413 1842/619/1414 1829/621/1403
f 1829/621/1403 1842/619/1414 1827/620/1401
f 1843/605/1415 1827/620/1401 1842/619/1414
f 1838/630/1411 1837/625/1410 1844/629/1416
f 1841/639/1413 1845/640/1417 1842/619/1414
f 1841/639/1413 1840/636/1195 1846/635/1418
f 1846/635/1418 1845/640/1417 1841/639/1413
f 1839/631/1412 1847/632/1419 1840/636/1195
f 1847/632/1419 1839/631/1412 1838/630/1411
f 1846/635/1418 1840/636/1195 1847/632/1419
f 1844/629/1416 1848/628/1420 1838/630/1411
f 1838/630/1411 1848/628/1420 1847/632/1419
f 1848/628/1420 1844/629/1416 1849/668/1421
f 1847/632/1419 1850/634/1422 1846/635/1418
f 1848/628/1420 1850/634/1422 1847/632/1419
f 1849/668/1421 1851/676/1409 1852/675/329
f 1852/675/329 1853/678/1253 1854/674/1423
f 1852/675/329 1855/669/1424 1849/668/1421
f 1854/674/1423 1855/669/1424 1852/675/329
f 1849/668/1421 1856/667/1425 1848/628/1420
f 1856/667/1425 1849/668/1421 1855/669/1424
f 1857/664/1426 1848/628/1420 1856/667/1425
f 1848/628/1420 1857/664/1426 1858/665/1427
f 1859/666/1428 1858/665/1427 1857/664/1426
f 1857/664/1426 1860/661/1221 1859/666/1428
f 1860/661/1221 1857/664/1426 1861/662/1429
f 1856/667/1425 1861/662/1429 1857/664/1426
f 1861/662/1429 1856/667/1425 1862/663/1430
f 1855/669/1424 1862/663/1430 1856/667/1425
f 1863/670/1431 1862/663/1430 1855/669/1424
f 1855/669/1424 1854/674/1423 1863/670/1431
f 1864/673/1432 1863/670/1431 1854/674/1423
f 1854/674/1423 1865/677/1253 1864/673/1432
f 1861/662/1429 1866/660/1433 1860/661/1221
f 1862/663/1430 1866/660/1433 1861/662/1429
f 1867/659/1434 1866/660/1433 1862/663/1430
f 1862/663/1430 1863/670/1431 1867/659/1434
f 1860/661/1221 1866/660/1433 1867/659/1434
f 1868/671/1435 1867/659/1434 1863/670/1431
f 1863/670/1431 1864/673/1432 1868/671/1435
f 1859/666/1428 1860/661/1221 1868/671/1435
f 1867/659/1434 1868/671/1435 1860/661/1221
f 1868/671/1435 1869/672/1260 1859/666/1428
f 1868/671/1435 1864/673/1432 1869/672/1260
f 1870/601/1436 1871/608/1437 1872/607/1236
f 1872/607/1236 1873/603/1438 1870/601/1436
f 1843/605/1415 1873/603/1438 1872/607/1236
f 1842/619/1414 1874/609/1439 1843/605/1415
f 1873/603/1438 1843/605/1415 1874/609/1439
f 1874/609/1439 1842/619/1414 1875/611/1440
f 1876/618/1441 1875/611/1440 1842/619/1414
f 1875/611/1440 1876/618/1441 1877/613/1442
f 1872/607/1236 1878/606/1408 1843/605/1415
f 1874/609/1439 1879/604/1443 1873/603/1438
f 1879/604/1443 1874/609/1439 1880/610/1444
f 1875/611/1440 1880/610/1444 1874/609/1439
f 1877/613/1442 1881/612/1195 1875/611/1440
f 1880/610/1444 1875/611/1440 1881/612/1195
f 1882/614/1445 1881/612/1195 1877/613/1442
f 1877/613/1442 1883/615/1446 1882/614/1445
f 1884/592/1447 1882/614/1445 1883/615/1446
f 1873/603/1438 1879/604/1443 1885/602/1448
f 1882/614/1445 1884/592/1447 1885/602/1448
f 1885/602/1448 1870/601/1436 1873/603/1438
f 1870/601/1436 1885/602/1448 1884/592/1447
f 1886/616/1449 1885/602/1448 1879/604/1443
f 1881/612/1195 1882/614/1445 1886/616/1449
f 1885/602/1448 1886/616/1449 1882/614/1445
f 1886/616/1449 1887/617/1450 1881/612/1195
f 1881/612/1195 1887/617/1450 1880/610/1444
f 1880/610/1444 1887/617/1450 1879/604/1443
f 1879/604/1443 1887/617/1450 1886/616/1449
f 1888/595/1451 1889/583/1452 1890/585/1453
f 1891/584/1454 1890/585/1453 1889/583/1452
f 1892/586/1455 1890/585/1453 1891/584/1454
f 1891/584/1454 1893/599/1456 1892/586/1455
f 1884/592/1447 1894/600/1437 1870/601/1436
f 1894/600/1437 1884/592/1447 1892/586/1455
f 1892/586/1455 1893/599/1456 1894/600/1437
f 1890/585/1453 1892/586/1455 1895/587/1457
f 1890/585/1453 1896/596/1458 1888/595/1451
f 1895/587/1457 1896/596/1458 1890/585/1453
f 1892/586/1455 1884/592/1447 1897/588/1459
f 1897/588/1459 1895/587/1457 1892/586/1455
f 1897/588/1459 1884/592/1447 1898/591/1446
f 1897/588/1459 1898/591/1446 1899/590/1460
f 1888/595/1451 1896/596/1458 1900/589/1195
f 1900/589/1195 1896/596/1458 1895/587/1457
f 1895/587/1457 1897/588/1459 1900/589/1195
f 1899/590/1460 1900/589/1195 1897/588/1459
f 1900/589/1195 1901/593/1461 1888/595/1451
f 1889/583/1452 1888/595/1451 1901/593/1461
f 1901/593/1461 1900/589/1195 1899/590/1460
f 1899/590/1460 1902/594/1398 1901/593/1461
f 1903/567/1394 1901/593/1461 1902/594/1398
f 1901/593/1461 1903/567/1394 1889/583/1452
f 1889/583/1452 1903/567/1394 1904/574/1462
f 1889/583/1452 1905/582/1463 1891/584/1454
f 1904/574/1462 1905/582/1463 1889/583/1452
f 1893/599/1456 1891/584/1454 1906/597/329
f 1906/597/329 1891/584/1454 1905/582/1463
f 1906/597/329 1907/679/1437 1893/599/1456
f 1905/582/1463 1908/598/1395 1906/597/329
f 1909/681/1464 1910/682/1465 1911/683/1466
f 1911/683/1466 1912/684/1467 1909/681/1464
f 1912/684/1467 1911/683/1466 1913/685/1468
f 1913/685/1468 1914/686/1469 1912/684/1467
f 1915/687/1470 1914/686/1469 1916/688/1471
f 1914/686/1469 1913/685/1468 1917/689/1472
f 1917/689/1472 1916/688/1471 1914/686/1469
f 1918/690/1473 1917/689/1472 1913/685/1468
f 1913/685/1468 1919/691/1474 1918/690/1473
f 1919/691/1474 1913/685/1468 1911/683/1466
f 1920/692/1475 1911/683/1466 1910/682/1465
f 1911/683/1466 1920/692/1475 1919/691/1474
f 1910/682/1465 1921/693/1476 1920/692/1475
f 1910/682/1465 1922/694/1477 1921/693/1476
f 1917/689/1472 1918/690/1473 1923/695/1478
f 1916/688/1471 1917/689/1472 1924/696/1479
f 1923/695/1478 1924/696/1479 1917/689/1472
f 1924/696/1479 1925/697/1480 1916/688/1471
f 1926/698/1481 1916/688/1471 1925/697/1480
f 1916/688/1471 1926/698/1481 1915/687/1470
f 1925/697/1480 1927/699/1482 1926/698/1481
f 1926/698/1481 1927/699/1482 1928/700/1483
f 1929/701/1484 1930/702/1485 1931/703/1486
f 1932/704/1487 1930/702/1485 1929/701/1484
f 1930/702/1485 1932/704/1487 1933/705/1488
f 1934/706/1489 1933/705/1488 1932/704/1487
f 1932/704/1487 1935/707/1490 1934/706/1489
f 1928/700/1483 1934/706/1489 1935/707/1490
f 1915/687/1470 1926/698/1481 1936/708/1491
f 1935/707/1490 1936/708/1491 1928/700/1483
f 1928/700/1483 1936/708/1491 1926/698/1481
f 1937/709/1492 1935/707/1490 1932/704/1487
f 1935/707/1490 1937/709/1492 1938/710/1493
f 1938/710/1493 1936/708/1491 1935/707/1490
f 1936/708/1491 1938/710/1493 1915/687/1470
f 1932/704/1487 1939/711/1494 1937/709/1492
f 1929/701/1484 1939/711/1494 1932/704/1487
f 1910/682/1465 1909/681/1464 1940/712/1495
f 1940/712/1495 1922/694/1477 1910/682/1465
f 1941/713/1496 1909/681/1464 1912/684/1467
f 1909/681/1464 1941/713/1496 1940/712/1495
f 1912/684/1467 1942/714/1497 1941/713/1496
f 1942/714/1497 1912/684/1467 1914/686/1469
f 1914/686/1469 1915/687/1470 1942/714/1497
f 1915/687/1470 1938/710/1493 1942/714/1497
f 1931/703/1486 1930/702/1485 1943/715/1498
f 1943/715/1498 1944/716/1499 1931/703/1486
f 1933/705/1488 1945/717/1500 1930/702/1485
f 1943/715/1498 1930/702/1485 1945/717/1500
f 1945/717/1500 1933/705/1488 1946/718/1501
f 1946/718/1501 1947/719/1502 1945/717/1500
f 1947/719/1502 1946/718/1501 1948/720/1503
f 1948/720/1503 1949/721/1504 1947/719/1502
f 1950/722/1505 1947/719/1502 1949/721/1504
f 1949/721/1504 1951/723/1506 1950/722/1505
f 1945/717/1500 1952/724/1507 1943/715/1498
f 1947/719/1502 1950/722/1505 1952/724/1507
f 1944/716/1499 1943/715/1498 1952/724/1507
f 1952/724/1507 1945/717/1500 1947/719/1502
f 1952/724/1507 1953/725/1508 1944/716/1499
f 1953/725/1508 1952/724/1507 1950/722/1505
f 1950/722/1505 1954/726/1509 1953/725/1508
f 1954/726/1509 1950/722/1505 1951/723/1506
f 1953/725/1508 1954/726/1509 1955/727/1510
f 1955/727/1510 1956/728/1511 1953/725/1508
f 1955/727/1510 1954/726/1509 1957/729/1512
f 1951/723/1506 1957/729/1512 1954/726/1509
f 1957/729/1512 1958/730/1513 1955/727/1510
f 1955/727/1510 1958/730/1513 1959/731/1514
f 1959/731/1514 1956/728/1511 1955/727/1510
f 1960/732/1515 1956/728/1511 1959/731/1514
f 1960/732/1515 1944/716/1499 1953/725/1508
f 1953/725/1508 1956/728/1511 1960/732/1515
f 1961/733/1516 1962/734/1517 1963/735/1518
f 1964/736/1519 1962/734/1517 1961/733/1516
f 1964/736/1519 1961/733/1516 1965/737/1520
f 1966/738/1521 1967/739/1522 1963/735/1518
f 1968/740/1523 1967/739/1522 1966/738/1521
f 1969/741/1524 1963/735/1518 1967/739/1522
f 1963/735/1518 1969/741/1524 1961/733/1516
f 1961/733/1516 1970/742/1525 1965/737/1520
f 1970/742/1525 1961/733/1516 1969/741/1524
f 1965/737/1520 1970/742/1525 1971/743/1526
f 1972/744/1527 1965/737/1520 1971/743/1526
f 1971/743/1526 1973/745/1528 1972/744/1527
f 1972/744/1527 1973/745/1528 1974/746/1529
f 1975/747/1530 1976/748/1531 1974/746/1529
f 1974/746/1529 1977/749/1532 1972/744/1527
f 1977/749/1532 1974/746/1529 1976/748/1531
f 1976/748/1531 1978/750/1533 1977/749/1532
f 1979/751/1534 1978/750/1533 1980/752/1535
f 1981/753/1536 1982/754/1537 1979/751/1534
f 1980/752/1535 1983/755/1538 1979/751/1534
f 1979/751/1534 1983/755/1538 1981/753/1536
f 1984/756/1539 1980/752/1535 1978/750/1533
f 1983/755/1538 1980/752/1535 1984/756/1539
f 1978/750/1533 1985/757/1540 1984/756/1539
f 1985/757/1540 1978/750/1533 1986/758/1541
f 1987/759/1542 1986/758/1541 1978/750/1533
f 1978/750/1533 1976/748/1531 1987/759/1542
f 1988/760/1543 1987/759/1542 1976/748/1531
f 1976/748/1531 1975/747/1530 1988/760/1543
f 1987/759/1542 1988/760/1543 1989/761/1544
f 1990/762/1545 1989/761/1544 1988/760/1543
f 1991/763/1546 1988/760/1543 1975/747/1530
f 1988/760/1543 1991/763/1546 1990/762/1545
f 1992/764/1547 1990/762/1545 1991/763/1546
f 1986/758/1541 1993/765/1548 1985/757/1540
f 1985/757/1540 1993/765/1548 1994/766/1549
f 1986/758/1541 1995/767/1550 1993/765/1548
f 1995/767/1550 1986/758/1541 1987/759/1542
f 1989/761/1544 1996/768/1551 1987/759/1542
f 1987/759/1542 1996/768/1551 1995/767/1550
f 1996/768/1551 1989/761/1544 1997/769/1552
f 1997/769/1552 1989/761/1544 1990/762/1545
f 1990/762/1545 1998/770/1553 1997/769/1552
f 1998/770/1553 1990/762/1545 1992/764/1547
f 1999/771/1554 2000/772/1555 1994/766/1549
f 1994/766/1549 2001/773/1556 1999/771/1554
f 1994/766/1549 1993/765/1548 2002/774/1557
f 1995/767/1550 2002/774/1557 1993/765/1548
f 2002/774/1557 2001/773/1556 1994/766/1549
f 2001/773/1556 2002/774/1557 2003/775/1558
f 1995/767/1550 2003/775/1558 2002/774/1557
f 2003/775/1558 1995/767/1550 2004/776/1559
f 2004/776/1559 1995/767/1550 1996/768/1551
f 1997/769/1552 2004/776/1559 1996/768/1551
f 1999/771/1554 2001/773/1556 2005/777/1560
f 2003/775/1558 2005/777/1560 2001/773/1556
f 2005/777/1560 2006/778/1561 1999/771/1554
f 2007/779/1562 1999/771/1554 2006/778/1561
f 2008/780/1563 2000/772/1555 1999/771/1554
f 1999/771/1554 2007/779/1562 2008/780/1563
f 2000/772/1555 2009/781/1564 1994/766/1549
f 2009/781/1564 2000/772/1555 2008/780/1563
f 1994/766/1549 2009/781/1564 1985/757/1540
f 2010/782/1565 2011/783/1566 2012/784/1567
f 2011/783/1566 2010/782/1565 2013/785/1568
f 2014/786/1569 2013/785/1568 2010/782/1565
f 2013/785/1568 2014/786/1569 2015/787/1570
f 2016/788/1571 2008/780/1563 2007/779/1562
f 2016/788/1571 2015/787/1570 2014/786/1569
f 2015/787/1570 2016/788/1571 2017/789/1572
f 2007/779/1562 2017/789/1572 2016/788/1571
f 2008/780/1563 2018/790/1573 2009/781/1564
f 2018/790/1573 2008/780/1563 2016/788/1571
f 2017/789/1572 2019/791/1574 2015/787/1570
f 2015/787/1570 2020/792/1575 2013/785/1568
f 2020/792/1575 2015/787/1570 2019/791/1574
f 2013/785/1568 2021/793/1576 2011/783/1566
f 2021/793/1576 2013/785/1568 2020/792/1575
f 2022/794/1577 2011/783/1566 2021/793/1576
f 2011/783/1566 2022/794/1577 2023/795/1578
f 2023/795/1578 2012/784/1567 2011/783/1566
f 2020/792/1575 2024/796/1579 2021/793/1576
f 2021/793/1576 2025/797/1580 2022/794/1577
f 2026/798/1581 2021/793/1576 2024/796/1579
f 2021/793/1576 2026/798/1581 2025/797/1580
f 2026/798/1581 2024/796/1579 2027/799/1582
f 2024/796/1579 2020/792/1575 2028/800/1583
f 2019/791/1574 2028/800/1583 2020/792/1575
f 2028/800/1583 2027/799/1582 2024/796/1579
f 2029/801/1584 2026/798/1581 2027/799/1582
f 2025/797/1580 2026/798/1581 2029/801/1584
f 2029/801/1584 2030/802/1585 2031/803/1586
f 2031/803/1586 2025/797/1580 2029/801/1584
f 2025/797/1580 2031/803/1586 2032/804/1587
f 2032/804/1587 2022/794/1577 2025/797/1580
f 2022/794/1577 2032/804/1587 2033/805/1588
f 2033/805/1588 2023/795/1578 2022/794/1577
f 2023/795/1578 2033/805/1588 2034/806/1589
f 2034/806/1589 2035/807/1590 2023/795/1578
f 2012/784/1567 2023/795/1578 2035/807/1590
f 2036/808/1591 2009/781/1564 2018/790/1573
f 2037/809/1592 1984/756/1539 1985/757/1540
f 2037/809/1592 2009/781/1564 2036/808/1591
f 1985/757/1540 2009/781/1564 2037/809/1592
f 2036/808/1591 2038/810/1593 2037/809/1592
f 1984/756/1539 2039/811/1594 1983/755/1538
f 2037/809/1592 2038/810/1593 2039/811/1594
f 2039/811/1594 1984/756/1539 2037/809/1592
f 2039/811/1594 2038/810/1593 2040/812/1595
f 2040/812/1595 2041/813/1596 2039/811/1594
f 1983/755/1538 2039/811/1594 2041/813/1596
f 2041/813/1596 1981/753/1536 1983/755/1538
f 2040/812/1595 2042/814/1597 2041/813/1596
f 2012/784/1567 2042/814/1597 2010/782/1565
f 2042/814/1597 2012/784/1567 2043/815/1598
f 2035/807/1590 2043/815/1598 2012/784/1567
f 2043/815/1598 2041/813/1596 2042/814/1597
f 2044/816/1599 2043/815/1598 2035/807/1590
f 2035/807/1590 2045/817/1600 2044/816/1599
f 2043/815/1598 2044/816/1599 2046/818/1601
f 1982/754/1537 1981/753/1536 2047/819/1602
f 2047/819/1602 1981/753/1536 2041/813/1596
f 2041/813/1596 2048/820/1603 2047/819/1602
f 2041/813/1596 2043/815/1598 2049/821/1604
f 2046/818/1601 2049/821/1604 2043/815/1598
f 2049/821/1604 2048/820/1603 2041/813/1596
f 2048/820/1603 2049/821/1604 2050/822/1605
f 2050/822/1605 2049/821/1604 2046/818/1601
f 2051/823/1606 2052/824/1607 2053/825/1608
f 2054/826/1609 2052/824/1607 2051/823/1606
f 2050/822/1605 2053/825/1608 2054/826/1609
f 2054/826/1609 2053/825/1608 2052/824/1607
f 2050/822/1605 2055/827/1610 2048/820/1603
f 2054/826/1609 2055/827/1610 2050/822/1605
f 2056/828/1611 2047/819/1602 2048/820/1603
f 2048/820/1603 2055/827/1610 2056/828/1611
f 2047/819/1602 2056/828/1611 2057/829/1612
f 2047/819/1602 2057/829/1612 1982/754/1537
f 2058/830/1613 2057/829/1612 2056/828/1611
f 2056/828/1611 2059/831/1614 2058/830/1613
f 2056/828/1611 2055/827/1610 2060/832/1615
f 2060/832/1615 2059/831/1614 2056/828/1611
f 2060/832/1615 2061/833/1616 2062/834/1617
f 2058/830/1613 2059/831/1614 2062/834/1617
f 2062/834/1617 2059/831/1614 2060/832/1615
f 2061/833/1616 2060/832/1615 2063/835/1618
f 2060/832/1615 2055/827/1610 2064/836/1619
f 2064/836/1619 2063/835/1618 2060/832/1615
f 2065/837/1620 2064/836/1619 2055/827/1610
f 2065/837/1620 2055/827/1610 2066/838/1621
f 2066/838/1621 2055/827/1610 2054/826/1609
f 2054/826/1609 2067/839/1622 2066/838/1621
f 2051/823/1606 2067/839/1622 2054/826/1609
f 2062/834/1617 2061/833/1616 2068/840/1623
f 2068/840/1623 2069/841/1624 2062/834/1617
f 2070/842/1625 2062/834/1617 2069/841/1624
f 2062/834/1617 2070/842/1625 2058/830/1613
f 2061/833/1616 2071/843/1626 2068/840/1623
f 2063/835/1618 2071/843/1626 2061/833/1616
f 2071/843/1626 2070/842/1625 2069/841/1624
f 2069/841/1624 2068/840/1623 2071/843/1626
f 2072/844/1627 2073/845/1628 2074/846/1629
f 2073/845/1628 2072/844/1627 2075/847/1630
f 2076/848/1631 2077/849/1632 2078/850/1633
f 2078/850/1633 2079/851/1634 2074/846/1629
f 2078/850/1633 2077/849/1632 2079/851/1634
f 2074/846/1629 2080/852/1635 2072/844/1627
f 2080/852/1635 2074/846/1629 2079/851/1634
f 2072/844/1627 2080/852/1635 2081/853/1636
f 2075/847/1630 2072/844/1627 2082/854/1637
f 2081/853/1636 2082/854/1637 2072/844/1627
f 2082/854/1637 2083/855/1638 2075/847/1630
f 2079/851/1634 2084/856/1639 2080/852/1635
f 2081/853/1636 2080/852/1635 2084/856/1639
f 2084/856/1639 2085/857/1640 2081/853/1636
f 2086/858/1641 2084/856/1639 2079/851/1634
f 2085/857/1640 2084/856/1639 2086/858/1641
f 2079/851/1634 2087/859/1642 2086/858/1641
f 2087/859/1642 2079/851/1634 2077/849/1632
f 2077/849/1632 2088/860/1643 2087/859/1642
f 2077/849/1632 2076/848/1631 2089/861/1644
f 2089/861/1644 2088/860/1643 2077/849/1632
f 2090/862/1645 2089/861/1644 2076/848/1631
f 2076/848/1631 2091/863/1646 2090/862/1645
f 2086/858/1641 2092/864/1647 2085/857/1640
f 2093/865/1648 2085/857/1640 2092/864/1647
f 2085/857/1640 2093/865/1648 2094/866/1649
f 2094/866/1649 2081/853/1636 2085/857/1640
f 2082/854/1637 2081/853/1636 2094/866/1649
f 2092/864/1647 2095/867/1650 2093/865/1648
f 2090/862/1645 2091/863/1646 2096/868/1651
f 2096/868/1651 2091/863/1646 2076/848/1631
f 2096/868/1651 2097/869/1652 2090/862/1645
f 2098/870/1653 2076/848/1631 2078/850/1633
f 2076/848/1631 2098/870/1653 2096/868/1651
f 2096/868/1651 2098/870/1653 2099/871/1654
f 2100/872/1655 2101/873/101 2097/869/1652
f 2097/869/1652 2102/874/1656 2100/872/1655
f 2102/874/1656 2097/869/1652 2096/868/1651
f 2099/871/1654 2103/875/1657 2096/868/1651
f 2096/868/1651 2103/875/1657 2102/874/1656
f 2104/876/1658 2103/875/1657 2099/871/1654
f 2102/874/1656 2103/875/1657 2104/876/1658
f 2099/871/1654 2105/877/1659 2104/876/1658
f 2104/876/1658 2105/877/1659 2106/878/1660
f 2107/879/1661 2106/878/1660 2105/877/1659
f 2106/878/1660 2107/879/1661 2108/880/1662
f 2078/850/1633 2109/881/1663 2098/870/1653
f 2074/846/1629 2109/881/1663 2078/850/1633
f 2110/882/1664 2109/881/1663 2074/846/1629
f 2110/882/1664 2099/871/1654 2098/870/1653
f 2074/846/1629 2073/845/1628 2110/882/1664
f 2105/877/1659 2099/871/1654 2110/882/1664
f 2098/870/1653 2109/881/1663 2110/882/1664
f 2110/882/1664 2111/883/1665 2105/877/1659
f 2105/877/1659 2111/883/1665 2107/879/1661
f 2112/884/1666 2107/879/1661 2111/883/1665
f 2113/885/1667 2108/880/1662 2107/879/1661
f 2107/879/1661 2112/884/1666 2113/885/1667
f 2114/886/1668 2113/885/1667 2112/884/1666
f 2113/885/1667 2114/886/1668 2115/887/1669
f 2110/882/1664 2073/845/1628 2116/888/1670
f 2116/888/1670 2111/883/1665 2110/882/1664
f 2111/883/1665 2116/888/1670 2112/884/1666
f 2075/847/1630 2116/888/1670 2073/845/1628
f 2117/889/1671 2075/847/1630 2083/855/1638
f 2117/889/1671 2112/884/1666 2116/888/1670
f 2112/884/1666 2117/889/1671 2114/886/1668
f 2116/888/1670 2075/847/1630 2117/889/1671
f 2083/855/1638 2118/890/1672 2117/889/1671
f 2119/891/1673 2114/886/1668 2117/889/1671
f 2117/889/1671 2118/890/1672 2119/891/1673
f 2114/886/1668 2119/891/1673 2120/892/1011
f 2120/892/1011 2115/887/1669 2114/886/1668
f 2121/893/1674 2115/887/1669 2120/892/1011
f 2115/887/1669 2121/893/1674 2122/894/1675
f 2123/895/1676 2122/894/1675 2121/893/1674
f 2006/778/1561 2124/896/1677 2007/779/1562
f 2007/779/1562 2124/896/1677 2125/897/1678
f 2125/897/1678 2122/894/1675 2123/895/1676
f 2123/895/1676 2126/898/1679 2125/897/1678
f 2125/897/1678 2126/898/1679 2007/779/1562
f 2121/893/1674 2127/899/1680 2123/895/1676
f 2126/898/1679 2123/895/1676 2127/899/1680
f 2120/892/1011 2128/900/1681 2121/893/1674
f 2127/899/1680 2121/893/1674 2128/900/1681
f 2128/900/1681 2120/892/1011 2129/901/688
f 2120/892/1011 2119/891/1673 2130/902/1682
f 2130/902/1682 2129/901/688 2120/892/1011
f 2127/899/1680 2131/903/1683 2126/898/1679
f 2128/900/1681 2131/903/1683 2127/899/1680
f 2027/799/1582 2132/904/1684 2029/801/1584
f 2132/904/1684 2027/799/1582 2131/903/1683
f 2133/905/1685 2131/903/1683 2128/900/1681
f 2131/903/1683 2133/905/1685 2132/904/1684
f 2129/901/688 2134/906/1686 2128/900/1681
f 2128/900/1681 2134/906/1686 2133/905/1685
f 1601/599/1228 2135/679/1687 1599/597/329
f 2053/825/1608 2050/822/1605 2136/907/1688
f 2046/818/1601 2136/907/1688 2050/822/1605
f 2136/907/1688 2137/908/1689 2053/825/1608
f 2053/825/1608 2137/908/1689 2051/823/1606
f 2138/894/1690 2139/893/1691 2140/887/1692
f 2139/893/1691 2138/894/1690 2141/895/1693
f 2141/895/1693 2138/894/1690 2142/897/1694
f 2139/893/1691 2143/900/1695 2144/892/711
f 2144/892/711 2140/887/1692 2139/893/1691
f 2143/900/1695 2139/893/1691 2145/899/1696
f 2141/895/1693 2145/899/1696 2139/893/1691
f 2145/899/1696 2141/895/1693 2146/898/1697
f 2142/897/1694 2146/898/1697 2141/895/1693
f 2147/779/1698 2146/898/1697 2142/897/1694
f 2142/897/1694 2148/896/1699 2147/779/1698
f 2147/779/1698 2148/896/1699 2149/778/1700
f 2149/778/1700 2150/771/1701 2147/779/1698
f 2145/899/1696 2151/903/1702 2143/900/1695
f 2146/898/1697 2151/903/1702 2145/899/1696
f 2152/909/1703 2142/897/1694 2138/894/1690
f 2153/910/1704 2148/896/1699 2142/897/1694
f 2142/897/1694 2152/909/1703 2153/910/1704
f 2154/911/1705 2149/778/1700 2148/896/1699
f 2148/896/1699 2153/910/1704 2154/911/1705
f 2155/777/1706 2149/778/1700 2154/911/1705
f 2150/771/1701 2149/778/1700 2155/777/1706
f 2155/777/1706 2156/773/1707 2150/771/1701
f 2150/771/1701 2156/773/1707 2157/766/1708
f 2157/766/1708 2156/773/1707 2158/774/1709
f 2158/774/1709 2159/765/1710 2157/766/1708
f 2160/767/1711 2159/765/1710 2158/774/1709
f 2161/775/1712 2158/774/1709 2156/773/1707
f 2160/767/1711 2158/774/1709 2161/775/1712
f 2156/773/1707 2155/777/1706 2161/775/1712
f 2160/767/1711 2162/768/1713 2163/759/1714
f 2164/776/1715 2160/767/1711 2161/775/1712
f 2164/776/1715 2162/768/1713 2160/767/1711
f 2165/912/1716 2161/775/1712 2155/777/1706
f 2161/775/1712 2165/912/1716 2164/776/1715
f 2154/911/1705 2166/913/1717 2155/777/1706
f 2155/777/1706 2166/913/1717 2165/912/1716
f 2167/914/1718 2165/912/1716 2166/913/1717
f 2165/912/1716 2167/914/1718 2168/915/1719
f 2168/915/1719 2164/776/1715 2165/912/1716
f 2162/768/1713 2164/776/1715 2169/769/1720
f 2169/769/1720 2164/776/1715 2168/915/1719
f 2163/759/1714 2162/768/1713 2170/761/1721
f 2169/769/1720 2170/761/1721 2162/768/1713
f 2170/761/1721 2171/760/1722 2163/759/1714
f 2172/748/1723 2163/759/1714 2171/760/1722
f 2171/760/1722 2173/747/1724 2172/748/1723
f 2174/916/1725 2175/917/1726 2176/918/1727
f 2175/917/1726 2174/916/1725 2177/919/1728
f 2177/919/1728 2178/920/1729 2175/917/1726
f 2168/915/1719 2178/920/1729 2169/769/1720
f 2179/770/1730 2169/769/1720 2178/920/1729
f 2178/920/1729 2177/919/1728 2179/770/1730
f 2180/762/1731 2170/761/1721 2169/769/1720
f 2169/769/1720 2179/770/1730 2180/762/1731
f 2171/760/1722 2170/761/1721 2180/762/1731
f 2181/921/1732 2175/917/1726 2178/920/1729
f 2176/918/1727 2175/917/1726 2181/921/1732
f 2181/921/1732 2168/915/1719 2167/914/1718
f 2178/920/1729 2168/915/1719 2181/921/1732
f 2181/921/1732 2182/922/1733 2176/918/1727
f 2176/918/1727 2182/922/1733 2183/923/1734
f 2182/922/1733 2181/921/1732 2184/924/1735
f 2167/914/1718 2184/924/1735 2181/921/1732
f 2185/925/1736 2183/923/1734 2182/922/1733
f 2184/924/1735 2185/925/1736 2182/922/1733
f 2185/925/1736 2186/926/1737 2183/923/1734
f 2183/923/1734 2187/927/1738 2176/918/1727
f 2187/927/1738 2183/923/1734 2186/926/1737
f 2176/918/1727 2188/928/1739 2174/916/1725
f 2188/928/1739 2176/918/1727 2187/927/1738
f 2184/924/1735 2167/914/1718 2189/929/1740
f 2189/929/1740 2166/913/1717 2154/911/1705
f 2166/913/1717 2189/929/1740 2167/914/1718
f 2185/925/1736 2184/924/1735 2190/930/1741
f 2189/929/1740 2190/930/1741 2184/924/1735
f 2190/930/1741 2191/931/1742 2185/925/1736
f 2190/930/1741 2189/929/1740 2192/932/1743
f 2154/911/1705 2192/932/1743 2189/929/1740
f 2192/932/1743 2154/911/1705 2153/910/1704
f 2186/926/1737 2185/925/1736 2193/872/1744
f 2193/872/1744 2194/933/1745 2186/926/1737
f 2186/926/1737 2195/934/1746 2187/927/1738
f 2195/934/1746 2186/926/1737 2194/933/1745
f 2196/935/1747 2187/927/1738 2195/934/1746
f 2187/927/1738 2196/935/1747 2188/928/1739
f 2188/928/1739 2196/935/1747 2197/936/1748
f 2197/936/1748 2174/916/1725 2188/928/1739
f 2198/937/1749 2177/919/1728 2174/916/1725
f 2174/916/1725 2197/936/1748 2198/937/1749
f 2199/938/1750 2179/770/1730 2177/919/1728
f 2177/919/1728 2198/937/1749 2199/938/1750
f 2200/939/1751 2198/937/1749 2197/936/1748
f 2201/764/1752 2180/762/1731 2179/770/1730
f 2179/770/1730 2199/938/1750 2201/764/1752
f 2201/764/1752 2199/938/1750 2202/940/1753
f 2202/940/1753 2199/938/1750 2198/937/1749
f 2198/937/1749 2200/939/1751 2202/940/1753
f 2203/941/1754 2202/940/1753 2200/939/1751
f 2200/939/1751 2204/942/1755 2203/941/1754
f 2204/942/1755 2200/939/1751 2197/936/1748
f 2205/943/1756 2197/936/1748 2196/935/1747
f 2197/936/1748 2205/943/1756 2204/942/1755
f 2196/935/1747 2206/944/1757 2205/943/1756
f 2195/934/1746 2206/944/1757 2196/935/1747
f 2194/933/1745 2207/945/1758 2195/934/1746
f 2206/944/1757 2195/934/1746 2207/945/1758
f 2204/942/1755 2205/943/1756 2208/946/1759
f 2205/943/1756 2206/944/1757 2209/947/1760
f 2209/947/1760 2208/946/1759 2205/943/1756
f 2209/947/1760 2206/944/1757 2210/948/1761
f 2207/945/1758 2210/948/1761 2206/944/1757
f 2210/948/1761 2207/945/1758 2211/949/1762
f 2211/949/1762 2207/945/1758 2194/933/1745
f 2194/933/1745 2212/950/1763 2211/949/1762
f 2212/950/1763 2194/933/1745 2193/872/1744
f 2193/872/1744 2213/873/101 2212/950/1763
f 2212/950/1763 2213/873/101 2214/951/141
f 2215/952/1764 2216/953/1765 2217/954/1766
f 2217/954/1766 2208/946/1759 2215/952/1764
f 2208/946/1759 2217/954/1766 2204/942/1755
f 2208/946/1759 2209/947/1760 2218/955/1767
f 2218/955/1767 2215/952/1764 2208/946/1759
f 2218/955/1767 2209/947/1760 2219/956/1768
f 2210/948/1761 2219/956/1768 2209/947/1760
f 2219/956/1768 2210/948/1761 2220/957/1769
f 2221/958/1770 2220/957/1769 2210/948/1761
f 2210/948/1761 2211/949/1762 2221/958/1770
f 2222/959/1771 2211/949/1762 2212/950/1763
f 2221/958/1770 2211/949/1762 2222/959/1771
f 2220/957/1769 2223/960/1772 2219/956/1768
f 2219/956/1768 2223/960/1772 2224/961/1773
f 2219/956/1768 2225/962/1774 2218/955/1767
f 2224/961/1773 2225/962/1774 2219/956/1768
f 2212/950/1763 2226/963/1775 2222/959/1771
f 2222/959/1771 2226/963/1775 2214/951/141
f 2214/951/141 2226/963/1775 2212/950/1763
f 2222/959/1771 2227/964/1776 2221/958/1770
f 2214/951/141 2227/964/1776 2222/959/1771
f 2150/771/1701 2228/780/1777 2147/779/1698
f 2147/779/1698 2228/780/1777 2229/788/1778
f 2229/788/1778 2228/780/1777 2230/790/1779
f 2231/781/1780 2230/790/1779 2228/780/1777
f 2157/766/1708 2232/772/1781 2150/771/1701
f 2232/772/1781 2157/766/1708 2231/781/1780
f 2228/780/1777 2232/772/1781 2231/781/1780
f 2228/780/1777 2150/771/1701 2232/772/1781
f 2157/766/1708 2159/765/1710 2233/757/1782
f 2233/757/1782 2231/781/1780 2157/766/1708
f 2163/759/1714 2234/758/1783 2160/767/1711
f 2234/758/1783 2159/765/1710 2160/767/1711
f 2233/757/1782 2159/765/1710 2234/758/1783
f 2234/758/1783 2235/750/1784 2233/757/1782
f 2235/750/1784 2234/758/1783 2163/759/1714
f 2163/759/1714 2172/748/1723 2235/750/1784
f 2230/790/1779 2231/781/1780 2236/808/1785
f 2230/790/1779 2237/965/1786 2229/788/1778
f 2236/808/1785 2237/965/1786 2230/790/1779
f 2238/809/1787 2231/781/1780 2233/757/1782
f 2236/808/1785 2231/781/1780 2238/809/1787
f 2239/756/1788 2233/757/1782 2235/750/1784
f 2233/757/1782 2239/756/1788 2238/809/1787
f 2235/750/1784 2240/752/1789 2239/756/1788
f 2240/752/1789 2235/750/1784 2241/751/1790
f 2241/751/1790 2242/755/1791 2240/752/1789
f 2239/756/1788 2240/752/1789 2242/755/1791
f 2243/753/1792 2242/755/1791 2241/751/1790
f 2238/809/1787 2244/810/1793 2236/808/1785
f 2238/809/1787 2239/756/1788 2245/811/1794
f 2245/811/1794 2244/810/1793 2238/809/1787
f 2242/755/1791 2245/811/1794 2239/756/1788
f 2246/812/1795 2244/810/1793 2245/811/1794
f 2237/965/1786 2236/808/1785 2247/966/1796
f 2244/810/1793 2246/812/1795 2247/966/1796
f 2247/966/1796 2236/808/1785 2244/810/1793
f 2247/966/1796 2246/812/1795 2248/814/1797
f 2245/811/1794 2249/813/1798 2246/812/1795
f 2249/813/1798 2245/811/1794 2242/755/1791
f 2242/755/1791 2243/753/1792 2249/813/1798
f 2246/812/1795 2249/813/1798 2248/814/1797
f 2249/813/1798 2250/820/1799 2251/821/1800
f 2251/821/1800 2252/815/1801 2249/813/1798
f 2248/814/1797 2249/813/1798 2252/815/1801
f 2252/815/1801 2253/784/1802 2248/814/1797
f 2254/782/1803 2248/814/1797 2253/784/1802
f 2248/814/1797 2254/782/1803 2247/966/1796
f 2255/786/1804 2247/966/1796 2254/782/1803
f 2247/966/1796 2255/786/1804 2237/965/1786
f 2229/788/1778 2237/965/1786 2255/786/1804
f 2254/782/1803 2256/785/1805 2255/786/1804
f 2256/785/1805 2254/782/1803 2257/783/1806
f 2253/784/1802 2257/783/1806 2254/782/1803
f 2257/783/1806 2258/793/1807 2256/785/1805
f 2259/796/1808 2260/799/1809 2261/800/1810
f 2262/798/1811 2259/796/1808 2258/793/1807
f 2262/798/1811 2260/799/1809 2259/796/1808
f 2258/793/1807 2259/796/1808 2263/792/1812
f 2263/792/1812 2256/785/1805 2258/793/1807
f 2261/800/1810 2263/792/1812 2259/796/1808
f 2256/785/1805 2263/792/1812 2264/787/1813
f 2264/787/1813 2255/786/1804 2256/785/1805
f 2255/786/1804 2264/787/1813 2229/788/1778
f 2265/789/1814 2229/788/1778 2264/787/1813
f 2229/788/1778 2265/789/1814 2147/779/1698
f 2263/792/1812 2261/800/1810 2266/791/1815
f 2266/791/1815 2264/787/1813 2263/792/1812
f 2264/787/1813 2266/791/1815 2265/789/1814
f 2257/783/1806 2253/784/1802 2267/795/1816
f 2253/784/1802 2252/815/1801 2268/807/1817
f 2268/807/1817 2267/795/1816 2253/784/1802
f 2267/795/1816 2268/807/1817 2269/806/1818
f 2269/806/1818 2270/805/1819 2267/795/1816
f 2267/795/1816 2271/794/1820 2257/783/1806
f 2271/794/1820 2267/795/1816 2270/805/1819
f 2258/793/1807 2257/783/1806 2271/794/1820
f 2270/805/1819 2272/804/1821 2271/794/1820
f 2258/793/1807 2273/797/1822 2262/798/1811
f 2271/794/1820 2273/797/1822 2258/793/1807
f 2273/797/1822 2271/794/1820 2272/804/1821
f 2272/804/1821 2274/803/1823 2273/797/1822
f 2273/797/1822 2275/801/1824 2262/798/1811
f 2260/799/1809 2262/798/1811 2275/801/1824
f 2275/801/1824 2273/797/1822 2274/803/1823
f 2274/803/1823 2276/802/1825 2275/801/1824
f 2275/801/1824 2277/904/1826 2260/799/1809
f 2151/903/1702 2260/799/1809 2277/904/1826
f 2268/807/1817 2252/815/1801 2278/816/1827
f 2278/816/1827 2279/817/1828 2268/807/1817
f 2252/815/1801 2251/821/1800 2280/818/1829
f 2280/818/1829 2278/816/1827 2252/815/1801
f 2281/822/1830 2251/821/1800 2250/820/1799
f 2280/818/1829 2251/821/1800 2281/822/1830
f 2250/820/1799 2282/827/1831 2281/822/1830
f 2283/828/1832 2282/827/1831 2250/820/1799
f 2284/832/1833 2282/827/1831 2283/828/1832
f 2283/828/1832 2285/831/1834 2284/832/1833
f 2284/832/1833 2285/831/1834 2286/834/1835
f 2287/819/1836 2250/820/1799 2249/813/1798
f 2250/820/1799 2287/819/1836 2283/828/1832
f 2249/813/1798 2243/753/1792 2287/819/1836
f 2287/819/1836 2288/829/1837 2283/828/1832
f 2283/828/1832 2288/829/1837 2289/830/1838
f 2289/830/1838 2285/831/1834 2283/828/1832
f 2286/834/1835 2285/831/1834 2289/830/1838
f 2287/819/1836 2243/753/1792 2290/754/1839
f 2290/754/1839 2288/829/1837 2287/819/1836
f 2241/751/1790 2290/754/1839 2243/753/1792
f 2286/834/1835 2291/841/1840 2292/840/1841
f 2289/830/1838 2293/842/1842 2286/834/1835
f 2293/842/1842 2291/841/1840 2286/834/1835
f 2291/841/1840 2293/842/1842 2294/843/1843
f 2294/843/1843 2292/840/1841 2291/841/1840
f 2292/840/1841 2295/833/1844 2286/834/1835
f 2295/833/1844 2292/840/1841 2294/843/1843
f 2286/834/1835 2295/833/1844 2284/832/1833
f 2295/833/1844 2294/843/1843 2296/835/1845
f 2296/835/1845 2284/832/1833 2295/833/1844
f 2284/832/1833 2296/835/1845 2297/836/1846
f 2297/836/1846 2282/827/1831 2284/832/1833
f 2298/837/1847 2282/827/1831 2297/836/1846
f 2298/837/1847 2299/838/1848 2282/827/1831
f 2300/826/1849 2282/827/1831 2299/838/1848
f 2281/822/1830 2282/827/1831 2300/826/1849
f 2299/838/1848 2301/839/1850 2300/826/1849
f 2300/826/1849 2301/839/1850 2302/823/1851
f 2302/823/1851 2303/824/1852 2300/826/1849
f 2300/826/1849 2303/824/1852 2304/825/1853
f 2304/825/1853 2303/824/1852 2302/823/1851
f 2300/826/1849 2304/825/1853 2281/822/1830
f 2302/823/1851 2305/908/1854 2304/825/1853
f 2281/822/1830 2306/907/1855 2280/818/1829
f 2304/825/1853 2305/908/1854 2306/907/1855
f 2306/907/1855 2281/822/1830 2304/825/1853
f 2307/849/1856 2308/860/1857 2309/861/1858
f 2310/859/1642 2308/860/1857 2307/849/1856
f 2307/849/1856 2311/851/1859 2310/859/1642
f 2312/858/1641 2310/859/1642 2311/851/1859
f 2313/850/1860 2311/851/1859 2307/849/1856
f 2314/846/1861 2311/851/1859 2313/850/1860
f 2313/850/1860 2315/881/1862 2314/846/1861
f 2316/884/1863 2317/888/1864 2318/883/1865
f 2314/846/1861 2315/881/1862 2319/882/1866
f 2319/882/1866 2318/883/1865 2317/888/1864
f 2319/882/1866 2320/845/1867 2314/846/1861
f 2317/888/1864 2320/845/1867 2319/882/1866
f 2319/882/1866 2315/881/1862 2321/870/1868
f 2321/870/1868 2315/881/1862 2313/850/1860
f 2313/850/1860 2322/848/1869 2321/870/1868
f 2322/848/1869 2313/850/1860 2307/849/1856
f 2309/861/1858 2322/848/1869 2307/849/1856
f 2322/848/1869 2309/861/1858 2323/862/1645
f 2324/869/1652 2213/873/101 2193/872/1744
f 2323/862/1645 2324/869/1652 2325/868/1870
f 2325/868/1870 2321/870/1868 2322/848/1869
f 2322/848/1869 2326/863/1871 2325/868/1870
f 2323/862/1645 2326/863/1871 2322/848/1869
f 2325/868/1870 2326/863/1871 2323/862/1645
f 2321/870/1868 2327/871/1872 2319/882/1866
f 2327/871/1872 2321/870/1868 2325/868/1870
f 2328/877/1873 2318/883/1865 2319/882/1866
f 2319/882/1866 2327/871/1872 2328/877/1873
f 2318/883/1865 2329/879/1874 2316/884/1863
f 2329/879/1874 2318/883/1865 2328/877/1873
f 2330/885/1875 2316/884/1863 2329/879/1874
f 2193/872/1744 2331/874/1876 2324/869/1652
f 2325/868/1870 2324/869/1652 2331/874/1876
f 2331/874/1876 2193/872/1744 2185/925/1736
f 2185/925/1736 2191/931/1742 2331/874/1876
f 2331/874/1876 2332/875/1877 2325/868/1870
f 2325/868/1870 2332/875/1877 2327/871/1872
f 2331/874/1876 2191/931/1742 2333/876/1878
f 2327/871/1872 2332/875/1877 2333/876/1878
f 2333/876/1878 2328/877/1873 2327/871/1872
f 2333/876/1878 2191/931/1742 2190/930/1741
f 2333/876/1878 2332/875/1877 2331/874/1876
f 2328/877/1873 2334/878/1879 2329/879/1874
f 2334/878/1879 2328/877/1873 2333/876/1878
f 2335/880/1880 2329/879/1874 2334/878/1879
f 2329/879/1874 2335/880/1880 2330/885/1875
f 2333/876/1878 2336/967/1881 2334/878/1879
f 2190/930/1741 2336/967/1881 2333/876/1878
f 2192/932/1743 2336/967/1881 2190/930/1741
f 2334/878/1879 2337/968/1882 2335/880/1880
f 2337/968/1882 2153/910/1704 2152/909/1703
f 2152/909/1703 2335/880/1880 2337/968/1882
f 2336/967/1881 2192/932/1743 2337/968/1882
f 2337/968/1882 2334/878/1879 2336/967/1881
f 2153/910/1704 2337/968/1882 2192/932/1743
f 2338/969/1883 2330/885/1875 2335/880/1880
f 2335/880/1880 2152/909/1703 2338/969/1883
f 2140/887/1692 2338/969/1883 2138/894/1690
f 2138/894/1690 2338/969/1883 2152/909/1703
f 2330/885/1875 2338/969/1883 2140/887/1692
f 2320/845/1867 2317/888/1864 2339/847/1884
f 2340/889/1885 2339/847/1884 2317/888/1864
f 2317/888/1864 2316/884/1863 2340/889/1885
f 2140/887/1692 2341/886/1886 2330/885/1875
f 2341/886/1886 2340/889/1885 2316/884/1863
f 2316/884/1863 2330/885/1875 2341/886/1886
f 2341/886/1886 2140/887/1692 2144/892/711
f 2314/846/1861 2320/845/1867 2342/844/1887
f 2339/847/1884 2342/844/1887 2320/845/1867
f 2343/854/1888 2342/844/1887 2339/847/1884
f 2342/844/1887 2343/854/1888 2344/853/1889
f 2339/847/1884 2345/855/1890 2343/854/1888
f 2345/855/1890 2339/847/1884 2340/889/1885
f 2340/889/1885 2346/890/1891 2345/855/1890
f 2340/889/1885 2341/886/1886 2347/891/1892
f 2347/891/1892 2346/890/1891 2340/889/1885
f 2144/892/711 2347/891/1892 2341/886/1886
f 2344/853/1889 2348/852/1893 2342/844/1887
f 2311/851/1859 2314/846/1861 2348/852/1893
f 2342/844/1887 2348/852/1893 2314/846/1861
f 2311/851/1859 2349/856/1894 2312/858/1641
f 2348/852/1893 2349/856/1894 2311/851/1859
f 2349/856/1894 2348/852/1893 2344/853/1889
f 2344/853/1889 2350/857/1895 2349/856/1894
f 2312/858/1641 2349/856/1894 2350/857/1895
f 2351/866/1896 2344/853/1889 2343/854/1888
f 2350/857/1895 2344/853/1889 2351/866/1896
f 2343/854/1888 2352/970/1897 2351/866/1896
f 2352/970/1897 2343/854/1888 2345/855/1890
f 2353/971/1898 2345/855/1890 2346/890/1891
f 2345/855/1890 2353/971/1898 2352/970/1897
f 2354/972/1899 2346/890/1891 2347/891/1892
f 2346/890/1891 2354/972/1899 2353/971/1898
f 2351/866/1896 2355/865/1900 2350/857/1895
f 2350/857/1895 2356/864/1901 2312/858/1641
f 2356/864/1901 2350/857/1895 2355/865/1900
f 2355/865/1900 2357/867/1650 2356/864/1901
f 2358/687/1902 2359/714/1903 2360/710/1904
f 2359/714/1903 2358/687/1902 2361/686/1905
f 2361/686/1905 2362/684/1906 2359/714/1903
f 2363/688/1907 2361/686/1905 2358/687/1902
f 2361/686/1905 2363/688/1907 2364/689/1908
f 2364/689/1908 2365/685/1909 2361/686/1905
f 2362/684/1906 2361/686/1905 2365/685/1909
f 2365/685/1909 2366/683/1910 2362/684/1906
f 2367/681/1911 2362/684/1906 2366/683/1910
f 2366/683/1910 2368/682/1912 2367/681/1911
f 2366/683/1910 2365/685/1909 2369/691/1913
f 2369/691/1913 2370/692/1914 2366/683/1910
f 2368/682/1912 2366/683/1910 2370/692/1914
f 2370/692/1914 2371/693/1915 2368/682/1912
f 2368/682/1912 2371/693/1915 2372/694/1916
f 2373/712/1917 2367/681/1911 2368/682/1912
f 2368/682/1912 2372/694/1916 2373/712/1917
f 2362/684/1906 2367/681/1911 2374/713/1918
f 2374/713/1918 2359/714/1903 2362/684/1906
f 2367/681/1911 2373/712/1917 2374/713/1918
f 2358/687/1902 2360/710/1904 2375/708/1919
f 2358/687/1902 2376/698/1920 2363/688/1907
f 2375/708/1919 2376/698/1920 2358/687/1902
f 2377/697/1921 2363/688/1907 2376/698/1920
f 2378/696/1922 2364/689/1908 2363/688/1907
f 2363/688/1907 2377/697/1921 2378/696/1922
f 2364/689/1908 2378/696/1922 2379/695/1923
f 2380/690/1924 2369/691/1913 2365/685/1909
f 2365/685/1909 2364/689/1908 2380/690/1924
f 2379/695/1923 2380/690/1924 2364/689/1908
f 2376/698/1920 2381/699/1925 2377/697/1921
f 2382/700/1926 2381/699/1925 2376/698/1920
f 2376/698/1920 2375/708/1919 2382/700/1926
f 2383/707/1927 2375/708/1919 2360/710/1904
f 2382/700/1926 2375/708/1919 2383/707/1927
f 2383/707/1927 2384/706/1928 2382/700/1926
f 2384/706/1928 2383/707/1927 2385/704/1929
f 2385/704/1929 2386/705/1930 2384/706/1928
f 2386/705/1930 2385/704/1929 2387/702/1931
f 2387/702/1931 2388/717/1932 2386/705/1930
f 2388/717/1932 2387/702/1931 2389/715/1933
f 2389/715/1933 2390/724/1934 2388/717/1932
f 2390/724/1934 2389/715/1933 2391/716/1935
f 2392/703/1936 2391/716/1935 2389/715/1933
f 2389/715/1933 2387/702/1931 2392/703/1936
f 2393/701/1937 2387/702/1931 2385/704/1929
f 2393/701/1937 2392/703/1936 2387/702/1931
f 2385/704/1929 2394/711/1938 2393/701/1937
f 2385/704/1929 2383/707/1927 2395/709/1939
f 2360/710/1904 2395/709/1939 2383/707/1927
f 2395/709/1939 2394/711/1938 2385/704/1929
f 2396/719/1940 2388/717/1932 2390/724/1934
f 2390/724/1934 2397/722/1941 2396/719/1940
f 2398/721/1942 2396/719/1940 2397/722/1941
f 2397/722/1941 2399/723/1943 2398/721/1942
f 2396/719/1940 2398/721/1942 2400/720/1944
f 2388/717/1932 2396/719/1940 2401/718/1945
f 2401/718/1945 2386/705/1930 2388/717/1932
f 2400/720/1944 2401/718/1945 2396/719/1940
f 2402/732/1946 2403/731/1947 2404/728/1948
f 2405/727/1949 2404/728/1948 2403/731/1947
f 2403/731/1947 2406/730/1950 2405/727/1949
f 2405/727/1949 2406/730/1950 2407/729/1951
f 2408/726/1952 2407/729/1951 2399/723/1943
f 2407/729/1951 2408/726/1952 2405/727/1949
f 2399/723/1943 2397/722/1941 2408/726/1952
f 2409/725/1953 2391/716/1935 2402/732/1946
f 2391/716/1935 2409/725/1953 2390/724/1934
f 2397/722/1941 2390/724/1934 2409/725/1953
f 2409/725/1953 2408/726/1952 2397/722/1941
f 2402/732/1946 2404/728/1948 2409/725/1953
f 2409/725/1953 2404/728/1948 2405/727/1949
f 2405/727/1949 2408/726/1952 2409/725/1953
f 2410/973/1954 2411/974/97 2412/975/1955
f 2412/975/1955 2413/976/1956 2410/973/1954
f 2414/977/1957 2410/973/1954 2413/976/1956
f 2413/976/1956 2415/978/1958 2414/977/1957
f 2416/979/1959 2414/977/1957 2415/978/1958
f 2415/978/1958 2417/980/1960 2416/979/1959
f 2418/981/1961 2419/982/1962 2420/983/1963
f 2420/983/1963 2421/984/1964 2418/981/1961
f 2422/985/1965 2418/981/1961 2421/984/1964
f 2421/984/1964 2423/986/1966 2422/985/1965
f 2424/987/1967 2422/985/1965 2423/986/1966
f 2423/986/1966 2425/988/1968 2424/987/1967
f 2426/989/1969 2424/987/1967 2425/988/1968
f 2425/988/1968 2427/990/1970 2426/989/1969
f 2411/974/97 2426/989/1969 2427/990/1970
f 2427/990/1970 2412/975/1955 2411/974/97
f 2428/991/1971 2429/992/1972 2430/961/1973
f 2430/961/1973 2431/962/1974 2428/991/1971
f 2432/993/1975 2428/991/1971 2431/962/1974
f 2431/962/1974 2433/955/1976 2432/993/1975
f 2434/994/69 2432/993/1975 2433/955/1976
f 2433/955/1976 2435/952/1977 2434/994/69
f 2436/995/1978 2434/994/69 2435/952/1977
f 2435/952/1977 2437/953/1979 2436/995/1978
f 2419/982/1962 2436/995/1978 2437/953/1979
f 2437/953/1979 2420/983/1963 2419/982/1962
f 2438/966/1980 2040/812/1595 2038/810/1593
f 2038/810/1593 2036/808/1591 2438/966/1980
f 2010/782/1565 2438/966/1980 2014/786/1569
f 2438/966/1980 2010/782/1565 2042/814/1597
f 2042/814/1597 2040/812/1595 2438/966/1980
f 2438/966/1980 2036/808/1591 2439/965/1981
f 2018/790/1573 2439/965/1981 2036/808/1591
f 2014/786/1569 2439/965/1981 2016/788/1571
f 2439/965/1981 2014/786/1569 2438/966/1980
f 2016/788/1571 2439/965/1981 2018/790/1573
f 2440/996/1982 2441/978/1983 2442/980/1984
f 2442/980/1984 2443/997/1985 2440/996/1982
f 2440/996/1982 2443/997/1985 2444/998/1986
f 2441/978/1983 2440/996/1982 2445/999/1987
f 2445/999/1987 2446/976/1988 2441/978/1983
f 2444/998/1986 2447/1000/1989 2440/996/1982
f 2445/999/1987 2440/996/1982 2447/1000/1989
f 2447/1000/1989 2444/998/1986 2448/1001/1990
f 2448/1001/1990 2449/1002/1991 2447/1000/1989
f 2449/1002/1991 2448/1001/1990 2450/1003/1992
f 2450/1003/1992 2451/1004/1993 2449/1002/1991
f 2452/1005/1994 2449/1002/1991 2451/1004/1993
f 2451/1004/1993 2453/1006/1995 2452/1005/1994
f 2446/976/1988 2445/999/1987 2454/1007/1996
f 2454/1007/1996 2455/975/1997 2446/976/1988
f 2456/734/1998 2455/975/1997 2454/1007/1996
f 2457/1008/1999 2452/1005/1994 2453/1006/1995
f 2453/1006/1995 2458/736/2000 2457/1008/1999
f 2457/1008/1999 2458/736/2000 2456/734/1998
f 2454/1007/1996 2459/1009/2001 2456/734/1998
f 2452/1005/1994 2457/1008/1999 2459/1009/2001
f 2456/734/1998 2459/1009/2001 2457/1008/1999
f 2459/1009/2001 2460/1010/2002 2452/1005/1994
f 2447/1000/1989 2460/1010/2002 2445/999/1987
f 2449/1002/1991 2452/1005/1994 2460/1010/2002
f 2460/1010/2002 2459/1009/2001 2454/1007/1996
f 2454/1007/1996 2445/999/1987 2460/1010/2002
f 2460/1010/2002 2447/1000/1989 2449/1002/1991
f 2461/738/2003 2462/739/2004 2463/740/2005
f 2463/740/2005 2464/1011/2006 2461/738/2003
f 2461/738/2003 2464/1011/2006 2465/1012/2007
f 2466/1013/2008 2465/1012/2007 2464/1011/2006
f 2463/740/2005 2462/739/2004 2467/1014/2009
f 2467/1014/2009 2462/739/2004 2468/1015/2010
f 2469/1016/2011 2467/1014/2009 2201/764/1752
f 2464/1011/2006 2463/740/2005 2469/1016/2011
f 2202/940/1753 2469/1016/2011 2201/764/1752
f 2467/1014/2009 2469/1016/2011 2463/740/2005
f 2202/940/1753 2203/941/1754 2470/1017/2012
f 2469/1016/2011 2470/1017/2012 2464/1011/2006
f 2470/1017/2012 2469/1016/2011 2202/940/1753
f 2464/1011/2006 2470/1017/2012 2466/1013/2008
f 2471/1018/2013 2217/954/1766 2216/953/1765
f 2471/1018/2013 2466/1013/2008 2470/1017/2012
f 2470/1017/2012 2203/941/1754 2471/1018/2013
f 2471/1018/2013 2203/941/1754 2204/942/1755
f 2204/942/1755 2217/954/1766 2471/1018/2013
f 2201/764/1752 2467/1014/2009 2472/763/2014
f 2180/762/1731 2472/763/2014 2171/760/1722
f 2468/1015/2010 2472/763/2014 2467/1014/2009
f 2173/747/1724 2171/760/1722 2472/763/2014
f 2472/763/2014 2468/1015/2010 2173/747/1724
f 2472/763/2014 2180/762/1731 2201/764/1752
f 2473/1019/2015 2173/747/1724 2468/1015/2010
f 2468/1015/2010 2462/739/2004 2474/1020/2016
f 2468/1015/2010 2474/1020/2016 2473/1019/2015
f 2173/747/1724 2473/1019/2015 2475/746/2017
f 2475/746/2017 2172/748/1723 2173/747/1724
f 2476/745/2018 2475/746/2017 2473/1019/2015
f 2477/1021/2019 2473/1019/2015 2474/1020/2016
f 2473/1019/2015 2477/1021/2019 2476/745/2018
f 2478/741/2020 2474/1020/2016 2462/739/2004
f 2474/1020/2016 2478/741/2020 2477/1021/2019
f 2479/735/2021 2462/739/2004 2461/738/2003
f 2462/739/2004 2479/735/2021 2478/741/2020
f 2461/738/2003 2480/1022/2022 2479/735/2021
f 2479/735/2021 2480/1022/2022 2481/1023/2023
f 2482/743/2024 2476/745/2018 2477/1021/2019
f 2483/742/2025 2477/1021/2019 2478/741/2020
f 2477/1021/2019 2483/742/2025 2482/743/2024
f 2478/741/2020 2484/733/2026 2483/742/2025
f 2484/733/2026 2478/741/2020 2479/735/2021
f 2479/735/2021 2485/734/2027 2484/733/2026
f 2481/1023/2023 2485/734/2027 2479/735/2021
f 2485/734/2027 2481/1023/2023 2486/1024/2028
f 2486/1024/2028 2481/1023/2023 2480/1022/2022
f 2480/1022/2022 2487/1025/2029 2486/1024/2028
f 2487/1025/2029 2480/1022/2022 2461/738/2003
f 2488/736/2030 2484/733/2026 2485/734/2027
f 2488/736/2030 2489/737/2031 2484/733/2026
f 2489/737/2031 2483/742/2025 2484/733/2026
f 2489/737/2031 2482/743/2024 2483/742/2025
f 2475/746/2017 2476/745/2018 2490/744/2032
f 2490/744/2032 2476/745/2018 2482/743/2024
f 2482/743/2024 2489/737/2031 2490/744/2032
f 2486/1024/2028 2491/975/2033 2485/734/2027
f 2486/1024/2028 2487/1025/2029 2492/990/2034
f 2492/990/2034 2491/975/2033 2486/1024/2028
f 2493/988/2035 2492/990/2034 2487/1025/2029
f 2487/1025/2029 2494/1026/2036 2493/988/2035
f 2461/738/2003 2494/1026/2036 2487/1025/2029
f 2465/1012/2007 2494/1026/2036 2461/738/2003
f 2494/1026/2036 2465/1012/2007 2495/986/2037
f 2495/986/2037 2493/988/2035 2494/1026/2036
f 2496/984/2038 2495/986/2037 2465/1012/2007
f 2465/1012/2007 2466/1013/2008 2496/984/2038
f 2466/1013/2008 2471/1018/2013 2497/983/2039
f 2497/983/2039 2496/984/2038 2466/1013/2008
f 2216/953/1765 2497/983/2039 2471/1018/2013
f 2498/1027/2040 2499/1028/2041 2500/1029/2042
f 2501/1030/2043 2502/1031/2044 2503/1032/2045
f 2498/1027/2040 2501/1030/2043 2504/1033/2046
f 2504/1033/2046 2499/1028/2041 2498/1027/2040
f 2503/1032/2045 2504/1033/2046 2501/1030/2043
f 2500/1029/2042 2499/1028/2041 2505/1034/2047
f 2505/1034/2047 2499/1028/2041 2504/1033/2046
f 2505/1034/2047 2506/1035/2048 2500/1029/2042
f 2500/1029/2042 2506/1035/2048 2507/1036/2049
f 2508/1037/2050 2507/1036/2049 2506/1035/2048
f 2507/1036/2049 2508/1037/2050 2509/1038/2051
f 2506/1035/2048 2510/1039/2052 2508/1037/2050
f 2509/1038/2051 2511/1040/2053 2507/1036/2049
f 2507/1036/2049 2512/1041/2054 2500/1029/2042
f 2512/1041/2054 2507/1036/2049 2511/1040/2053
f 2511/1040/2053 2513/1042/2055 2512/1041/2054
f 2514/1043/2056 2509/1038/2051 2508/1037/2050
f 2515/1044/2057 2509/1038/2051 2514/1043/2056
f 2516/1045/2058 2511/1040/2053 2509/1038/2051
f 2509/1038/2051 2515/1044/2057 2516/1045/2058
f 2517/1046/2059 2513/1042/2055 2511/1040/2053
f 2511/1040/2053 2516/1045/2058 2517/1046/2059
f 2512/1041/2054 2513/1042/2055 2518/1047/2060
f 2518/1047/2060 2513/1042/2055 2517/1046/2059
f 2518/1047/2060 2519/1048/2061 2512/1041/2054
f 2500/1029/2042 2512/1041/2054 2519/1048/2061
f 2519/1048/2061 2518/1047/2060 2520/1049/2062
f 2521/1050/2063 2522/1051/2064 2523/1052/2065
f 2523/1052/2065 2522/1051/2064 2524/1053/2066
f 2525/1054/2067 2524/1053/2066 2522/1051/2064
f 2526/1055/2068 2524/1053/2066 2525/1054/2067
f 2525/1054/2067 2527/1056/2069 2526/1055/2068
f 2528/1057/2070 2526/1055/2068 2527/1056/2069
f 2527/1056/2069 2529/1058/2071 2528/1057/2070
f 2528/1057/2070 2529/1058/2071 2530/1059/2072
f 2531/1060/2073 2530/1059/2072 2529/1058/2071
f 2529/1058/2071 2520/1049/2062 2531/1060/2073
f 2520/1049/2062 2518/1047/2060 2532/1061/2074
f 2532/1061/2074 2531/1060/2073 2520/1049/2062
f 2517/1046/2059 2532/1061/2074 2518/1047/2060
f 2526/1055/2068 2528/1057/2070 2533/1062/2075
f 2530/1059/2072 2533/1062/2075 2528/1057/2070
f 2533/1062/2075 2524/1053/2066 2526/1055/2068
f 2524/1053/2066 2534/1063/2076 2523/1052/2065
f 2535/1064/2077 2523/1052/2065 2534/1063/2076
f 2523/1052/2065 2535/1064/2077 2521/1050/2063
f 2534/1063/2076 2536/1065/2078 2535/1064/2077
f 2537/1066/2079 2538/1067/2080 2539/1068/2081
f 2540/1069/2082 2539/1068/2081 2538/1067/2080
f 2539/1068/2081 2540/1069/2082 2541/1070/2083
f 2541/1070/2083 2540/1069/2082 2542/1071/2084
f 2542/1071/2084 2543/1072/2085 2541/1070/2083
f 2536/1065/2078 2543/1072/2085 2542/1071/2084
f 2535/1064/2077 2536/1065/2078 2544/1073/2086
f 2542/1071/2084 2544/1073/2086 2536/1065/2078
f 2544/1073/2086 2521/1050/2063 2535/1064/2077
f 2545/1074/2087 2542/1071/2084 2540/1069/2082
f 2542/1071/2084 2545/1074/2087 2544/1073/2086
f 2521/1050/2063 2544/1073/2086 2546/1075/2088
f 2545/1074/2087 2546/1075/2088 2544/1073/2086
f 2538/1067/2080 2547/1076/2089 2540/1069/2082
f 2540/1069/2082 2547/1076/2089 2545/1074/2087
f 2547/1076/2089 2546/1075/2088 2545/1074/2087
f 2548/1077/2090 2547/1076/2089 2538/1067/2080
f 2546/1075/2088 2547/1076/2089 2548/1077/2090
f 2549/1078/2091 2538/1067/2080 2537/1066/2079
f 2538/1067/2080 2549/1078/2091 2548/1077/2090
f 2550/1079/2092 2551/1080/849 2552/1081/2093
f 2552/1081/2093 2553/1082/2094 2550/1079/2092
f 2553/1082/2094 2552/1081/2093 2546/1075/2088
f 2548/1077/2090 2554/1083/2095 2546/1075/2088
f 2546/1075/2088 2554/1083/2095 2553/1082/2094
f 2548/1077/2090 2549/1078/2091 2555/1084/2096
f 2554/1083/2095 2548/1077/2090 2555/1084/2096
f 2555/1084/2096 2549/1078/2091 2556/1085/2097
f 2537/1066/2079 2556/1085/2097 2549/1078/2091
f 2552/1081/2093 2551/1080/849 2557/1086/2098
f 2557/1086/2098 2546/1075/2088 2552/1081/2093
f 2555/1084/2096 2558/1087/2099 2554/1083/2095
f 2553/1082/2094 2554/1083/2095 2558/1087/2099
f 2556/1085/2097 2558/1087/2099 2555/1084/2096
f 2550/1079/2092 2553/1082/2094 2559/1088/2100
f 2558/1087/2099 2559/1088/2100 2553/1082/2094
f 2559/1088/2100 2558/1087/2099 2560/1089/2101
f 2560/1089/2101 2561/1090/2102 2559/1088/2100
f 2559/1088/2100 2561/1090/2102 2550/1079/2092
f 2561/1090/2102 2560/1089/2101 2562/1091/2103
f 2562/1091/2103 2563/1092/2104 2561/1090/2102
f 2561/1090/2102 2563/1092/2104 2564/1093/2105
f 2564/1093/2105 2550/1079/2092 2561/1090/2102
f 2565/1094/2106 2564/1093/2105 2563/1092/2104
f 2550/1079/2092 2564/1093/2105 2566/1095/2107
f 2566/1095/2107 2502/1031/2044 2557/1086/2098
f 2566/1095/2107 2551/1080/849 2550/1079/2092
f 2557/1086/2098 2551/1080/849 2566/1095/2107
f 2566/1095/2107 2564/1093/2105 2565/1094/2106
f 2563/1092/2104 2562/1091/2103 2567/1096/2108
f 2563/1092/2104 2568/1097/2109 2565/1094/2106
f 2567/1096/2108 2568/1097/2109 2563/1092/2104
f 2565/1094/2106 2568/1097/2109 2569/1098/2110
f 2570/1099/2111 2569/1098/2110 2568/1097/2109
f 2568/1097/2109 2567/1096/2108 2570/1099/2111
f 2569/1098/2110 2570/1099/2111 2571/1100/2112
f 2571/1100/2112 2572/1101/2113 2569/1098/2110
f 2573/1102/2114 2572/1101/2113 2571/1100/2112
f 2569/1098/2110 2574/1103/2115 2565/1094/2106
f 2574/1103/2115 2569/1098/2110 2572/1101/2113
f 2565/1094/2106 2574/1103/2115 2575/1104/2116
f 2575/1104/2116 2576/1105/2117 2565/1094/2106
f 2565/1094/2106 2576/1105/2117 2566/1095/2107
f 2502/1031/2044 2566/1095/2107 2576/1105/2117
f 2576/1105/2117 2503/1032/2045 2502/1031/2044
f 2504/1033/2046 2503/1032/2045 2577/1106/2118
f 2576/1105/2117 2575/1104/2116 2577/1106/2118
f 2577/1106/2118 2503/1032/2045 2576/1105/2117
f 2577/1106/2118 2575/1104/2116 2578/1107/2119
f 2579/1108/2120 2578/1107/2119 2575/1104/2116
f 2579/1108/2120 2572/1101/2113 2573/1102/2114
f 2572/1101/2113 2579/1108/2120 2574/1103/2115
f 2575/1104/2116 2574/1103/2115 2579/1108/2120
f 2578/1107/2119 2579/1108/2120 2580/1109/2121
f 2573/1102/2114 2580/1109/2121 2579/1108/2120
f 2504/1033/2046 2581/1110/2122 2505/1034/2047
f 2577/1106/2118 2581/1110/2122 2504/1033/2046
f 2582/1111/1308 2581/1110/2122 2577/1106/2118
f 2506/1035/2048 2505/1034/2047 2583/1112/2123
f 2581/1110/2122 2582/1111/1308 2583/1112/2123
f 2583/1112/2123 2505/1034/2047 2581/1110/2122
f 2583/1112/2123 2510/1039/2052 2506/1035/2048
f 2577/1106/2118 2584/1113/2124 2582/1111/1308
f 2578/1107/2119 2584/1113/2124 2577/1106/2118
f 2580/1109/2121 2585/1114/2125 2578/1107/2119
f 2584/1113/2124 2578/1107/2119 2585/1114/2125
f 2573/1102/2114 2586/1115/2126 2580/1109/2121
f 2585/1114/2125 2580/1109/2121 2586/1115/2126
f 2571/1100/2112 2587/1116/2127 2573/1102/2114
f 2586/1115/2126 2573/1102/2114 2587/1116/2127
f 2510/1039/2052 2583/1112/2123 2588/1117/2128
f 2588/1117/2128 2583/1112/2123 2582/1111/1308
f 2582/1111/1308 2589/1118/2129 2588/1117/2128
f 2589/1118/2129 2582/1111/1308 2584/1113/2124
f 2585/1114/2125 2590/1119/2130 2584/1113/2124
f 2584/1113/2124 2590/1119/2130 2589/1118/2129
f 2590/1119/2130 2585/1114/2125 2591/1120/2131
f 2586/1115/2126 2591/1120/2131 2585/1114/2125
f 2591/1120/2131 2586/1115/2126 2592/1121/2132
f 2587/1116/2127 2592/1121/2132 2586/1115/2126
f 2591/1120/2131 2593/1122/2133 2590/1119/2130
f 2592/1121/2132 2593/1122/2133 2591/1120/2131
f 2590/1119/2130 2593/1122/2133 2594/1123/2134
f 2594/1123/2134 2589/1118/2129 2590/1119/2130
f 2589/1118/2129 2594/1123/2134 2595/1124/2135
f 2595/1124/2135 2588/1117/2128 2589/1118/2129
f 2588/1117/2128 2596/1125/2136 2510/1039/2052
f 2596/1125/2136 2588/1117/2128 2595/1124/2135
f 2510/1039/2052 2596/1125/2136 2597/1126/2137
f 2597/1126/2137 2508/1037/2050 2510/1039/2052
f 2508/1037/2050 2597/1126/2137 2514/1043/2056
f 2598/1127/2138 2595/1124/2135 2594/1123/2134
f 2594/1123/2134 2599/1128/2139 2598/1127/2138
f 2600/1129/2140 2598/1127/2138 2599/1128/2139
f 2599/1128/2139 2601/1130/2141 2600/1129/2140
f 2601/1130/2141 2599/1128/2139 2602/1131/2142
f 2594/1123/2134 2593/1122/2133 2602/1131/2142
f 2602/1131/2142 2599/1128/2139 2594/1123/2134
f 2603/1132/2143 2600/1129/2140 2601/1130/2141
f 2604/1133/2144 2598/1127/2138 2600/1129/2140
f 2600/1129/2140 2603/1132/2143 2604/1133/2144
f 2602/1131/2142 2605/1134/2145 2601/1130/2141
f 2601/1130/2141 2605/1134/2145 2603/1132/2143
f 2606/1135/2146 2605/1134/2145 2602/1131/2142
f 2602/1131/2142 2593/1122/2133 2606/1135/2146
f 2607/1136/2147 2593/1122/2133 2592/1121/2132
f 2606/1135/2146 2593/1122/2133 2607/1136/2147
f 2607/1136/2147 2608/1137/2148 2606/1135/2146
f 2608/1137/2148 2607/1136/2147 2609/1138/2149
f 2609/1138/2149 2610/1139/2150 2608/1137/2148
f 2606/1135/2146 2608/1137/2148 2610/1139/2150
f 2610/1139/2150 2609/1138/2149 2611/1140/2151
f 2610/1139/2150 2612/1141/2152 2606/1135/2146
f 2611/1140/2151 2612/1141/2152 2610/1139/2150
f 2613/1142/2153 2611/1140/2151 2609/1138/2149
f 2614/1143/2154 2587/1116/2127 2613/1142/2153
f 2592/1121/2132 2587/1116/2127 2614/1143/2154
f 2613/1142/2153 2615/1144/2155 2614/1143/2154
f 2609/1138/2149 2615/1144/2155 2613/1142/2153
f 2609/1138/2149 2607/1136/2147 2616/1145/2156
f 2592/1121/2132 2616/1145/2156 2607/1136/2147
f 2616/1145/2156 2614/1143/2154 2615/1144/2155
f 2614/1143/2154 2616/1145/2156 2592/1121/2132
f 2616/1145/2156 2615/1144/2155 2609/1138/2149
f 2539/1068/2081 2617/1146/2157 2537/1066/2079
f 2617/1146/2157 2539/1068/2081 2618/1147/2158
f 2541/1070/2083 2618/1147/2158 2539/1068/2081
f 2618/1147/2158 2541/1070/2083 2543/1072/2085
f 2618/1147/2158 2619/1148/2159 2617/1146/2157
f 2543/1072/2085 2619/1148/2159 2618/1147/2158
f 2620/1149/2160 2520/1049/2062 2529/1058/2071
f 2529/1058/2071 2527/1056/2069 2620/1149/2160
f 2620/1149/2160 2527/1056/2069 2525/1054/2067
f 2520/1049/2062 2620/1149/2160 2519/1048/2061
f 2525/1054/2067 2621/1150/2161 2620/1149/2160
f 2519/1048/2061 2620/1149/2160 2621/1150/2161
f 2522/1051/2064 2622/1151/2162 2525/1054/2067
f 2621/1150/2161 2525/1054/2067 2622/1151/2162
f 2623/1152/2163 2546/1075/2088 2557/1086/2098
f 2546/1075/2088 2623/1152/2163 2521/1050/2063
f 2522/1051/2064 2521/1050/2063 2623/1152/2163
f 2623/1152/2163 2622/1151/2162 2522/1051/2064
f 2502/1031/2044 2501/1030/2043 2624/1153/2164
f 2557/1086/2098 2624/1153/2164 2623/1152/2163
f 2622/1151/2162 2623/1152/2163 2624/1153/2164
f 2624/1153/2164 2557/1086/2098 2502/1031/2044
f 2625/1154/2165 2624/1153/2164 2501/1030/2043
f 2501/1030/2043 2498/1027/2040 2625/1154/2165
f 2622/1151/2162 2625/1154/2165 2621/1150/2161
f 2624/1153/2164 2625/1154/2165 2622/1151/2162
f 2626/1155/2166 2621/1150/2161 2625/1154/2165
f 2519/1048/2061 2626/1155/2166 2500/1029/2042
f 2621/1150/2161 2626/1155/2166 2519/1048/2061
f 2625/1154/2165 2498/1027/2040 2626/1155/2166
f 2500/1029/2042 2626/1155/2166 2498/1027/2040
f 2627/1075/2167 2628/1073/2168 2629/1050/2169
f 2630/1070/2170 2631/1069/2171 2632/1068/2172
f 2633/1071/2173 2631/1069/2171 2630/1070/2170
f 2630/1070/2170 2634/1072/2174 2633/1071/2173
f 2635/1065/2175 2628/1073/2168 2633/1071/2173
f 2633/1071/2173 2634/1072/2174 2635/1065/2175
f 2636/1064/1056 2629/1050/2169 2628/1073/2168
f 2628/1073/2168 2635/1065/2175 2636/1064/1056
f 2629/1050/2169 2636/1064/1056 2637/1052/2176
f 2637/1052/2176 2638/1051/2177 2629/1050/2169
f 2639/1053/2178 2638/1051/2177 2637/1052/2176
f 2640/1063/2179 2637/1052/2176 2636/1064/1056
f 2637/1052/2176 2640/1063/2179 2639/1053/2178
f 2636/1064/1056 2635/1065/2175 2640/1063/2179
f 2641/1066/2180 2642/1146/2181 2632/1068/2172
f 2634/1072/2174 2630/1070/2170 2643/1147/2182
f 2632/1068/2172 2643/1147/2182 2630/1070/2170
f 2643/1147/2182 2632/1068/2172 2642/1146/2181
f 2643/1147/2182 2644/1148/2183 2634/1072/2174
f 2642/1146/2181 2644/1148/2183 2643/1147/2182
f 2627/1075/2167 2645/1081/2184 2646/1082/2185
f 2646/1082/2185 2647/1083/2186 2627/1075/2167
f 2627/1075/2167 2647/1083/2186 2648/1077/2187
f 2649/1084/2188 2648/1077/2187 2647/1083/2186
f 2648/1077/2187 2649/1084/2188 2650/1078/2189
f 2651/1085/2190 2650/1078/2189 2649/1084/2188
f 2650/1078/2189 2651/1085/2190 2641/1066/2180
f 2648/1077/2187 2650/1078/2189 2652/1067/2191
f 2641/1066/2180 2652/1067/2191 2650/1078/2189
f 2652/1067/2191 2632/1068/2172 2631/1069/2171
f 2632/1068/2172 2652/1067/2191 2641/1066/2180
f 2653/1093/2192 2654/1092/2193 2655/1090/2194
f 2655/1090/2194 2656/1079/2195 2653/1093/2192
f 2656/1079/2195 2646/1082/2185 2645/1081/2184
f 2656/1079/2195 2655/1090/2194 2657/1088/2196
f 2657/1088/2196 2646/1082/2185 2656/1079/2195
f 2646/1082/2185 2657/1088/2196 2658/1087/2197
f 2649/1084/2188 2658/1087/2197 2651/1085/2190
f 2647/1083/2186 2658/1087/2197 2649/1084/2188
f 2658/1087/2197 2647/1083/2186 2646/1082/2185
f 2654/1092/2193 2653/1093/2192 2659/1094/2198
f 2660/1095/2199 2653/1093/2192 2656/1079/2195
f 2659/1094/2198 2653/1093/2192 2660/1095/2199
f 2661/1032/2200 2662/1031/2201 2663/1030/2202
f 2664/1105/2203 2660/1095/2199 2662/1031/2201
f 2660/1095/2199 2664/1105/2203 2659/1094/2198
f 2662/1031/2201 2661/1032/2200 2664/1105/2203
f 2659/1094/2198 2664/1105/2203 2665/1104/2204
f 2665/1104/2204 2666/1103/2205 2659/1094/2198
f 2659/1094/2198 2666/1103/2205 2667/1098/2206
f 2659/1094/2198 2668/1097/2207 2654/1092/2193
f 2667/1098/2206 2668/1097/2207 2659/1094/2198
f 2669/1089/2208 2658/1087/2197 2657/1088/2196
f 2657/1088/2196 2655/1090/2194 2669/1089/2208
f 2670/1091/2209 2669/1089/2208 2655/1090/2194
f 2655/1090/2194 2654/1092/2193 2670/1091/2209
f 2671/1096/2210 2670/1091/2209 2654/1092/2193
f 2654/1092/2193 2668/1097/2207 2671/1096/2210
f 2672/1099/2211 2671/1096/2210 2668/1097/2207
f 2668/1097/2207 2667/1098/2206 2672/1099/2211
f 2673/1100/2112 2672/1099/2211 2667/1098/2206
f 2674/1101/2212 2667/1098/2206 2666/1103/2205
f 2667/1098/2206 2674/1101/2212 2673/1100/2112
f 2675/1120/2213 2676/1122/2214 2677/1121/2215
f 2677/1121/2215 2678/1115/2216 2675/1120/2213
f 2678/1115/2216 2677/1121/2215 2679/1116/2217
f 2679/1116/2217 2680/1102/2218 2678/1115/2216
f 2680/1102/2218 2679/1116/2217 2673/1100/2112
f 2673/1100/2112 2674/1101/2212 2680/1102/2218
f 2666/1103/2205 2681/1108/2219 2674/1101/2212
f 2681/1108/2219 2666/1103/2205 2665/1104/2204
f 2680/1102/2218 2674/1101/2212 2681/1108/2219
f 2681/1108/2219 2682/1109/2220 2680/1102/2218
f 2680/1102/2218 2682/1109/2220 2678/1115/2216
f 2682/1109/2220 2681/1108/2219 2683/1107/2221
f 2665/1104/2204 2683/1107/2221 2681/1108/2219
f 2683/1107/2221 2684/1114/2222 2682/1109/2220
f 2684/1114/2222 2675/1120/2213 2678/1115/2216
f 2678/1115/2216 2682/1109/2220 2684/1114/2222
f 2685/1142/2223 2679/1116/2217 2686/1143/2224
f 2686/1143/2224 2679/1116/2217 2677/1121/2215
f 2687/1119/2225 2676/1122/2214 2675/1120/2213
f 2675/1120/2213 2684/1114/2222 2687/1119/2225
f 2688/1123/2226 2676/1122/2214 2687/1119/2225
f 2689/1131/2227 2676/1122/2214 2688/1123/2226
f 2688/1123/2226 2690/1128/2228 2689/1131/2227
f 2689/1131/2227 2690/1128/2228 2691/1130/2229
f 2692/1129/2230 2691/1130/2229 2690/1128/2228
f 2691/1130/2229 2692/1129/2230 2693/1132/2231
f 2694/1133/2232 2693/1132/2231 2692/1129/2230
f 2695/1127/2233 2690/1128/2228 2688/1123/2226
f 2690/1128/2228 2695/1127/2233 2692/1129/2230
f 2692/1129/2230 2695/1127/2233 2694/1133/2232
f 2696/1113/2234 2687/1119/2225 2684/1114/2222
f 2684/1114/2222 2683/1107/2221 2696/1113/2234
f 2697/1118/2235 2687/1119/2225 2696/1113/2234
f 2687/1119/2225 2697/1118/2235 2688/1123/2226
f 2688/1123/2226 2698/1124/2236 2695/1127/2233
f 2698/1124/2236 2688/1123/2226 2697/1118/2235
f 2695/1127/2233 2698/1124/2236 2699/1156/2237
f 2699/1156/2237 2694/1133/2232 2695/1127/2233
f 2700/1157/2238 2694/1133/2232 2699/1156/2237
f 2701/1158/2239 2694/1133/2232 2700/1157/2238
f 2697/1118/2235 2702/1117/2240 2698/1124/2236
f 2703/1125/2241 2699/1156/2237 2698/1124/2236
f 2698/1124/2236 2702/1117/2240 2703/1125/2241
f 2704/1159/2155 2699/1156/2237 2703/1125/2241
f 2699/1156/2237 2704/1159/2155 2700/1157/2238
f 2700/1157/2238 2705/1160/1924 2701/1158/2239
f 2705/1160/1924 2700/1157/2238 2704/1159/2155
f 2706/1161/2242 2701/1158/2239 2705/1160/1924
f 2705/1160/1924 2707/1043/2243 2706/1161/2242
f 2708/1044/2244 2706/1161/2242 2707/1043/2243
f 2707/1043/2243 2709/1038/2245 2708/1044/2244
f 2710/1041/2246 2711/1042/2247 2712/1040/2248
f 2713/1036/2249 2712/1040/2248 2709/1038/2245
f 2712/1040/2248 2713/1036/2249 2710/1041/2246
f 2709/1038/2245 2714/1037/2250 2713/1036/2249
f 2714/1037/2250 2709/1038/2245 2707/1043/2243
f 2705/1160/1924 2704/1159/2155 2715/1126/2251
f 2703/1125/2241 2715/1126/2251 2704/1159/2155
f 2707/1043/2243 2715/1126/2251 2714/1037/2250
f 2715/1126/2251 2707/1043/2243 2705/1160/1924
f 2716/1039/2252 2703/1125/2241 2702/1117/2240
f 2716/1039/2252 2714/1037/2250 2715/1126/2251
f 2715/1126/2251 2703/1125/2241 2716/1039/2252
f 2717/1029/2253 2710/1041/2246 2713/1036/2249
f 2718/1035/2254 2713/1036/2249 2714/1037/2250
f 2713/1036/2249 2718/1035/2254 2717/1029/2253
f 2714/1037/2250 2716/1039/2252 2718/1035/2254
f 2702/1117/2240 2719/1112/2255 2716/1039/2252
f 2718/1035/2254 2716/1039/2252 2719/1112/2255
f 2719/1112/2255 2720/1034/2256 2718/1035/2254
f 2717/1029/2253 2718/1035/2254 2720/1034/2256
f 2720/1034/2256 2721/1028/2257 2717/1029/2253
f 2717/1029/2253 2721/1028/2257 2722/1027/2258
f 2663/1030/2202 2723/1033/2259 2661/1032/2200
f 2722/1027/2258 2721/1028/2257 2723/1033/2259
f 2723/1033/2259 2721/1028/2257 2720/1034/2256
f 2723/1033/2259 2663/1030/2202 2722/1027/2258
f 2724/1106/2260 2661/1032/2200 2723/1033/2259
f 2683/1107/2221 2665/1104/2204 2724/1106/2260
f 2724/1106/2260 2696/1113/2234 2683/1107/2221
f 2664/1105/2203 2661/1032/2200 2724/1106/2260
f 2724/1106/2260 2665/1104/2204 2664/1105/2203
f 2723/1033/2259 2725/1110/2261 2724/1106/2260
f 2720/1034/2256 2725/1110/2261 2723/1033/2259
f 2725/1110/2261 2720/1034/2256 2719/1112/2255
f 2702/1117/2240 2697/1118/2235 2726/1111/2262
f 2696/1113/2234 2726/1111/2262 2697/1118/2235
f 2726/1111/2262 2696/1113/2234 2724/1106/2260
f 2719/1112/2255 2726/1111/2262 2725/1110/2261
f 2726/1111/2262 2719/1112/2255 2702/1117/2240
f 2724/1106/2260 2725/1110/2261 2726/1111/2262
f 2727/1058/2263 2728/1049/2264 2729/1149/2265
f 2729/1149/2265 2730/1056/2266 2727/1058/2263
f 2638/1051/2177 2639/1053/2178 2731/1054/2267
f 2731/1054/2267 2730/1056/2266 2729/1149/2265
f 2731/1054/2267 2639/1053/2178 2732/1055/2268
f 2732/1055/2268 2730/1056/2266 2731/1054/2267
f 2733/1057/2269 2727/1058/2263 2730/1056/2266
f 2730/1056/2266 2732/1055/2268 2733/1057/2269
f 2734/1059/2270 2727/1058/2263 2733/1057/2269
f 2727/1058/2263 2734/1059/2270 2735/1060/2271
f 2735/1060/2271 2728/1049/2264 2727/1058/2263
f 2728/1049/2264 2735/1060/2271 2736/1061/2272
f 2737/1047/2273 2711/1042/2247 2710/1041/2246
f 2736/1061/2272 2737/1047/2273 2728/1049/2264
f 2737/1047/2273 2736/1061/2272 2738/1046/2274
f 2738/1046/2274 2711/1042/2247 2737/1047/2273
f 2712/1040/2248 2711/1042/2247 2738/1046/2274
f 2739/1062/2275 2733/1057/2269 2732/1055/2268
f 2733/1057/2269 2739/1062/2275 2734/1059/2270
f 2732/1055/2268 2639/1053/2178 2739/1062/2275
f 2740/1045/2276 2708/1044/2244 2709/1038/2245
f 2709/1038/2245 2712/1040/2248 2740/1045/2276
f 2738/1046/2274 2740/1045/2276 2712/1040/2248
f 2741/1048/2277 2729/1149/2265 2728/1049/2264
f 2710/1041/2246 2741/1048/2277 2737/1047/2273
f 2741/1048/2277 2710/1041/2246 2717/1029/2253
f 2728/1049/2264 2737/1047/2273 2741/1048/2277
f 2722/1027/2258 2742/1155/2278 2717/1029/2253
f 2717/1029/2253 2742/1155/2278 2741/1048/2277
f 2743/1150/2279 2729/1149/2265 2741/1048/2277
f 2729/1149/2265 2743/1150/2279 2731/1054/2267
f 2741/1048/2277 2742/1155/2278 2743/1150/2279
f 2744/1154/2280 2722/1027/2258 2663/1030/2202
f 2744/1154/2280 2743/1150/2279 2742/1155/2278
f 2742/1155/2278 2722/1027/2258 2744/1154/2280
f 2745/1151/2281 2731/1054/2267 2743/1150/2279
f 2731/1054/2267 2745/1151/2281 2638/1051/2177
f 2743/1150/2279 2744/1154/2280 2745/1151/2281
f 2746/1153/2282 2663/1030/2202 2662/1031/2201
f 2745/1151/2281 2744/1154/2280 2746/1153/2282
f 2663/1030/2202 2746/1153/2282 2744/1154/2280
f 2638/1051/2177 2745/1151/2281 2747/1152/2283
f 2746/1153/2282 2747/1152/2283 2745/1151/2281
f 2629/1050/2169 2747/1152/2283 2627/1075/2167
f 2747/1152/2283 2629/1050/2169 2638/1051/2177
f 2645/1081/2184 2627/1075/2167 2748/1086/2284
f 2747/1152/2283 2746/1153/2282 2748/1086/2284
f 2662/1031/2201 2748/1086/2284 2746/1153/2282
f 2748/1086/2284 2627/1075/2167 2747/1152/2283
f 2748/1086/2284 2662/1031/2201 2660/1095/2199
f 2645/1081/2184 2749/1080/969 2656/1079/2195
f 2656/1079/2195 2749/1080/969 2660/1095/2199
f 2660/1095/2199 2749/1080/969 2748/1086/2284
f 2748/1086/2284 2749/1080/969 2645/1081/2184
f 2631/1069/2171 2750/1076/2285 2652/1067/2191
f 2652/1067/2191 2750/1076/2285 2648/1077/2187
f 2648/1077/2187 2750/1076/2285 2627/1075/2167
f 2751/1074/2286 2750/1076/2285 2631/1069/2171
f 2631/1069/2171 2633/1071/2173 2751/1074/2286
f 2750/1076/2285 2751/1074/2286 2627/1075/2167
f 2751/1074/2286 2628/1073/2168 2627/1075/2167
f 2633/1071/2173 2628/1073/2168 2751/1074/2286
f 2752/1137/2287 2753/1139/2288 2754/1138/2289
f 2686/1143/2224 2755/1144/2290 2685/1142/2223
f 2685/1142/2223 2755/1144/2290 2754/1138/2289
f 2756/1140/2291 2754/1138/2289 2753/1139/2288
f 2754/1138/2289 2756/1140/2291 2685/1142/2223
f 2753/1139/2288 2757/1141/2292 2756/1140/2291
f 2758/1135/2293 2757/1141/2292 2753/1139/2288
f 2689/1131/2227 2758/1135/2293 2676/1122/2214
f 2753/1139/2288 2752/1137/2287 2758/1135/2293
f 2677/1121/2215 2676/1122/2214 2759/1136/2294
f 2758/1135/2293 2752/1137/2287 2759/1136/2294
f 2754/1138/2289 2759/1136/2294 2752/1137/2287
f 2759/1136/2294 2676/1122/2214 2758/1135/2293
f 2754/1138/2289 2755/1144/2290 2760/1145/2295
f 2759/1136/2294 2760/1145/2295 2677/1121/2215
f 2760/1145/2295 2759/1136/2294 2754/1138/2289
f 2760/1145/2295 2755/1144/2290 2686/1143/2224
f 2677/1121/2215 2760/1145/2295 2686/1143/2224
f 2691/1130/2229 2761/1134/2296 2689/1131/2227
f 2693/1132/2231 2761/1134/2296 2691/1130/2229
f 2758/1135/2293 2689/1131/2227 2761/1134/2296
f 2762/1162/2297 2763/1163/2298 2764/1164/2299
f 2765/1165/2300 2766/1166/2301 2767/1167/2302
f 2767/1167/2302 2768/1168/2303 2765/1165/2300
f 2765/1165/2300 2768/1168/2303 2769/1169/2304
f 2770/1170/2305 2769/1169/2304 2762/1162/2297
f 2769/1169/2304 2770/1170/2305 2765/1165/2300
f 2762/1162/2297 2771/1171/2306 2770/1170/2305
f 2764/1164/2299 2771/1171/2306 2762/1162/2297
f 2772/1172/2307 2771/1171/2306 2764/1164/2299
f 2764/1164/2299 2773/1173/2308 2772/1172/2307
f 2772/1172/2307 2773/1173/2308 2774/1174/2309
f 2775/1175/2310 2767/1167/2302 2766/1166/2301
f 2776/1176/2311 2777/1177/2312 2775/1175/2310
f 2768/1168/2303 2767/1167/2302 2778/1178/2313
f 2775/1175/2310 2777/1177/2312 2778/1178/2313
f 2778/1178/2313 2767/1167/2302 2775/1175/2310
f 2779/1179/2314 2780/1180/2315 2781/1181/2316
f 2781/1181/2316 2782/1182/2317 2779/1179/2314
f 2783/1183/2318 2782/1182/2317 2781/1181/2316
f 2782/1182/2317 2783/1183/2318 2784/1184/2319
f 2784/1184/2319 2785/1185/2320 2782/1182/2317
f 2785/1185/2320 2784/1184/2319 2776/1176/2311
f 2766/1166/2301 2786/1186/2321 2775/1175/2310
f 2775/1175/2310 2786/1186/2321 2776/1176/2311
f 2776/1176/2311 2786/1186/2321 2785/1185/2320
f 2787/1187/2322 2788/1188/2323 2780/1180/2315
f 2780/1180/2315 2788/1188/2323 2789/1189/2324
f 2789/1189/2324 2781/1181/2316 2780/1180/2315
f 2781/1181/2316 2789/1189/2324 2790/1190/2325
f 2781/1181/2316 2791/1191/2326 2783/1183/2318
f 2790/1190/2325 2791/1191/2326 2781/1181/2316
f 2774/1174/2309 2792/1192/2327 2772/1172/2307
f 2793/1193/2328 2792/1192/2327 2774/1174/2309
f 2792/1192/2327 2793/1193/2328 2794/1194/2329
f 2794/1194/2329 2793/1193/2328 2795/1195/2330
f 2795/1195/2330 2796/1196/2322 2794/1194/2329
f 2794/1194/2329 2796/1196/2322 2787/1187/2322
f 2780/1180/2315 2797/1197/2331 2787/1187/2322
f 2787/1187/2322 2797/1197/2331 2794/1194/2329
f 2780/1180/2315 2779/1179/2314 2798/1198/2332
f 2794/1194/2329 2797/1197/2331 2798/1198/2332
f 2798/1198/2332 2797/1197/2331 2780/1180/2315
f 2774/1174/2309 2799/1199/2333 2793/1193/2328
f 2793/1193/2328 2799/1199/2333 2800/1200/2334
f 2800/1200/2334 2795/1195/2330 2793/1193/2328
f 2782/1182/2317 2785/1185/2320 2801/1201/2335
f 2786/1186/2321 2766/1166/2301 2801/1201/2335
f 2798/1198/2332 2779/1179/2314 2801/1201/2335
f 2801/1201/2335 2785/1185/2320 2786/1186/2321
f 2801/1201/2335 2779/1179/2314 2782/1182/2317
f 2802/1202/2336 2765/1165/2300 2770/1170/2305
f 2802/1202/2336 2801/1201/2335 2766/1166/2301
f 2766/1166/2301 2765/1165/2300 2802/1202/2336
f 2801/1201/2335 2802/1202/2336 2798/1198/2332
f 2794/1194/2329 2803/1203/2337 2792/1192/2327
f 2798/1198/2332 2803/1203/2337 2794/1194/2329
f 2772/1172/2307 2792/1192/2327 2803/1203/2337
f 2803/1203/2337 2798/1198/2332 2802/1202/2336
f 2802/1202/2336 2804/1204/2338 2803/1203/2337
f 2770/1170/2305 2804/1204/2338 2802/1202/2336
f 2804/1204/2338 2770/1170/2305 2771/1171/2306
f 2771/1171/2306 2772/1172/2307 2804/1204/2338
f 2803/1203/2337 2804/1204/2338 2772/1172/2307
f 2805/354/2339 2806/353/2340 2807/352/2341
f 2807/352/2341 2808/355/2342 2805/354/2339
f 2809/357/2343 2808/355/2342 2807/352/2341
f 2807/352/2341 2806/353/2340 2810/344/2344
f 2810/344/2344 2811/351/2345 2807/352/2341
f 2812/345/2346 2810/344/2344 2806/353/2340
f 2806/353/2340 2813/346/616 2812/345/2346
f 2814/347/2347 2813/346/616 2806/353/2340
f 2806/353/2340 2805/354/2339 2814/347/2347
f 2815/349/2348 2805/354/2339 2808/355/2342
f 2814/347/2347 2805/354/2339 2815/349/2348
f 2808/355/2342 2816/356/2349 2815/349/2348
f 2816/356/2349 2808/355/2342 2809/357/2343
f 2809/357/2343 2817/358/2350 2816/356/2349
f 2815/349/2348 2818/350/2351 2814/347/2347
f 2814/347/2347 2818/350/2351 2819/348/2352
f 2810/344/2344 2812/345/2346 2820/339/2353
f 2820/339/2353 2821/343/2354 2810/344/2344
f 2820/339/2353 2812/345/2346 2822/338/2355
f 2822/338/2355 2812/345/2346 2813/346/616
f 2813/346/616 2823/341/2356 2822/338/2355
f 2823/341/2356 2813/346/616 2814/347/2347
f 2814/347/2347 2824/342/2357 2823/341/2356
f 2819/348/2352 2824/342/2357 2814/347/2347
f 2824/342/2357 2819/348/2352 2825/328/2358
f 2825/328/2358 2826/331/2359 2824/342/2357
f 2823/341/2356 2824/342/2357 2826/331/2359
f 2827/335/2360 2822/338/2355 2823/341/2356
f 2826/331/2359 2828/333/2361 2823/341/2356
f 2823/341/2356 2828/333/2361 2827/335/2360
f 2829/330/2362 2826/331/2359 2825/328/2358
f 2830/332/2363 2828/333/2361 2826/331/2359
f 2826/331/2359 2829/330/2362 2830/332/2363
f 2831/334/2364 2827/335/2360 2828/333/2361
f 2828/333/2361 2830/332/2363 2831/334/2364
f 2832/336/2365 2827/335/2360 2831/334/2364
f 2833/337/2366 2822/338/2355 2827/335/2360
f 2822/338/2355 2833/337/2366 2820/339/2353
f 2827/335/2360 2832/336/2365 2833/337/2366
f 2831/334/2364 2834/340/2367 2832/336/2365
f 2825/328/2358 2835/329/2368 2829/330/2362
f 2836/1205/2369 2837/1206/2370 2838/1207/2371
f 2839/1208/2372 2840/1209/2373 2841/1210/2374
f 2841/1210/2374 2840/1209/2373 2842/1211/2375
f 2842/1211/2375 2843/1212/2376 2841/1210/2374
f 2844/1213/2377 2843/1212/2376 2842/1211/2375
f 2845/1214/2378 2843/1212/2376 2844/1213/2377
f 2844/1213/2377 2846/1215/2379 2845/1214/2378
f 2844/1213/2377 2836/1205/2369 2847/1216/2380
f 2847/1216/2380 2846/1215/2379 2844/1213/2377
f 2836/1205/2369 2844/1213/2377 2848/1217/2381
f 2848/1217/2381 2837/1206/2370 2836/1205/2369
f 2842/1211/2375 2848/1217/2381 2844/1213/2377
f 2843/1212/2376 2845/1214/2378 2849/1218/2382
f 2849/1218/2382 2841/1210/2374 2843/1212/2376
f 2841/1210/2374 2850/1219/2383 2839/1208/2372
f 2850/1219/2383 2841/1210/2374 2849/1218/2382
f 2849/1218/2382 2851/1220/2384 2850/1219/2383
f 2852/1221/2385 2853/1222/2386 2854/1223/2387
f 2854/1223/2387 2840/1209/2373 2839/1208/2372
f 2839/1208/2372 2855/1224/2388 2854/1223/2387
f 2854/1223/2387 2855/1224/2388 2852/1221/2385
f 2856/1225/2389 2842/1211/2375 2840/1209/2373
f 2848/1217/2381 2842/1211/2375 2856/1225/2389
f 2856/1225/2389 2854/1223/2387 2853/1222/2386
f 2840/1209/2373 2854/1223/2387 2856/1225/2389
f 2853/1222/2386 2857/1226/2390 2856/1225/2389
f 2856/1225/2389 2858/1227/2391 2848/1217/2381
f 2858/1227/2391 2856/1225/2389 2857/1226/2390
f 2859/1228/2392 2837/1206/2370 2848/1217/2381
f 2848/1217/2381 2858/1227/2391 2859/1228/2392
f 2857/1226/2390 2860/1229/2393 2858/1227/2391
f 2859/1228/2392 2858/1227/2391 2860/1229/2393
f 2861/1230/2394 2860/1229/2393 2857/1226/2390
f 2857/1226/2390 2862/1231/2395 2861/1230/2394
f 2857/1226/2390 2853/1222/2386 2863/1232/2396
f 2863/1232/2396 2862/1231/2395 2857/1226/2390
f 2864/1233/2397 2863/1232/2396 2853/1222/2386
f 2853/1222/2386 2852/1221/2385 2864/1233/2397
f 2865/365/2398 2866/367/2399 2867/366/2400
f 2810/344/2344 2821/343/2354 2868/364/2401
f 2868/364/2401 2811/351/2345 2810/344/2344
f 2807/352/2341 2811/351/2345 2869/363/2402
f 2867/366/2400 2869/363/2402 2865/365/2398
f 2869/363/2402 2811/351/2345 2868/364/2401
f 2868/364/2401 2865/365/2398 2869/363/2402
f 2870/362/2403 2869/363/2402 2867/366/2400
f 2869/363/2402 2870/362/2403 2807/352/2341
f 2807/352/2341 2870/362/2403 2809/357/2343
f 2809/357/2343 2870/362/2403 2871/361/2404
f 2867/366/2400 2871/361/2404 2870/362/2403
f 2871/361/2404 2872/359/2405 2809/357/2343
f 2817/358/2350 2809/357/2343 2872/359/2405
f 2872/359/2405 2873/360/2406 2817/358/2350
f 2874/1234/1727 2875/1235/2407 2876/1236/2408
f 2876/1236/2408 2877/1237/2409 2874/1234/1727
f 2877/1237/2409 2876/1236/2408 2878/1238/2410
f 2874/1234/1727 2877/1237/2409 2879/1239/2411
f 2879/1239/2411 2880/1240/2412 2874/1234/1727
f 2878/1238/2410 2881/1241/2413 2882/1242/2414
f 2883/1243/2415 2882/1242/2414 2881/1241/2413
f 2878/1238/2410 2884/1244/2416 2877/1237/2409
f 2882/1242/2414 2884/1244/2416 2878/1238/2410
f 2877/1237/2409 2884/1244/2416 2885/1245/2417
f 2885/1245/2417 2879/1239/2411 2877/1237/2409
f 2885/1245/2417 2884/1244/2416 2882/1242/2414
f 2880/1240/2412 2879/1239/2411 2886/1246/2418
f 2879/1239/2411 2885/1245/2417 2886/1246/2418
f 2874/1234/1727 2880/1240/2412 2887/1247/2419
f 2887/1247/2419 2880/1240/2412 2886/1246/2418
f 2888/1248/2420 2882/1242/2414 2883/1243/2415
f 2885/1245/2417 2888/1248/2420 2886/1246/2418
f 2882/1242/2414 2888/1248/2420 2885/1245/2417
f 2888/1248/2420 2889/1249/2421 2886/1246/2418
f 2883/1243/2415 2889/1249/2421 2888/1248/2420
f 2890/1250/2422 2891/1251/2423 2892/1252/2424
f 2891/1251/2423 2890/1250/2422 2893/1253/2425
f 2893/1253/2425 2890/1250/2422 2886/1246/2418
f 2889/1249/2421 2894/1254/2426 2886/1246/2418
f 2894/1254/2426 2893/1253/2425 2886/1246/2418
f 2895/1255/2427 2894/1254/2426 2889/1249/2421
f 2889/1249/2421 2883/1243/2415 2895/1255/2427
f 2896/1256/2428 2895/1255/2427 2883/1243/2415
f 2881/1241/2413 2897/1257/2429 2883/1243/2415
f 2883/1243/2415 2897/1257/2429 2896/1256/2428
f 2895/1255/2427 2896/1256/2428 2898/1258/2430
f 2893/1253/2425 2899/1259/2431 2891/1251/2423
f 2899/1259/2431 2893/1253/2425 2894/1254/2426
f 2894/1254/2426 2895/1255/2427 2899/1259/2431
f 2898/1258/2430 2899/1259/2431 2895/1255/2427
f 2900/1260/2432 2891/1251/2423 2899/1259/2431
f 2899/1259/2431 2898/1258/2430 2900/1260/2432
f 2901/1261/2433 2892/1252/2424 2891/1251/2423
f 2891/1251/2423 2900/1260/2432 2901/1261/2433
f 2902/1262/2434 2901/1261/2433 2900/1260/2432
f 2901/1261/2433 2902/1262/2434 2903/1263/2435
f 2900/1260/2432 2904/1264/2436 2902/1262/2434
f 2904/1264/2436 2900/1260/2432 2898/1258/2430
f 2905/1265/2437 2898/1258/2430 2896/1256/2428
f 2898/1258/2430 2905/1265/2437 2904/1264/2436
f 2906/1266/2438 2896/1256/2428 2897/1257/2429
f 2896/1256/2428 2906/1266/2438 2905/1265/2437
f 2897/1257/2429 2907/1267/2439 2906/1266/2438
f 2907/1267/2439 2897/1257/2429 2881/1241/2413
f 2881/1241/2413 2908/1268/2440 2907/1267/2439
f 2908/1268/2440 2881/1241/2413 2878/1238/2410
f 2909/1269/2441 2910/1270/2442 2911/1271/2443
f 2912/1272/2444 2911/1271/2443 2910/1270/2442
f 2910/1270/2442 2913/1273/2445 2912/1272/2444
f 2914/1274/2446 2912/1272/2444 2913/1273/2445
f 2913/1273/2445 2915/1275/2447 2914/1274/2446
f 2903/1263/2435 2914/1274/2446 2915/1275/2447
f 2903/1263/2435 2916/1276/2448 2901/1261/2433
f 2892/1252/2424 2901/1261/2433 2916/1276/2448
f 2915/1275/2447 2916/1276/2448 2903/1263/2435
f 2917/1277/2449 2918/1278/2450 2886/1246/2418
f 2918/1278/2450 2917/1277/2449 2919/1279/2451
f 2916/1276/2448 2915/1275/2447 2919/1279/2451
f 2919/1279/2451 2917/1277/2449 2920/1280/2452
f 2920/1280/2452 2917/1277/2449 2886/1246/2418
f 2890/1250/2422 2921/1281/2453 2886/1246/2418
f 2892/1252/2424 2921/1281/2453 2890/1250/2422
f 2921/1281/2453 2920/1280/2452 2886/1246/2418
f 2921/1281/2453 2892/1252/2424 2922/1282/2454
f 2919/1279/2451 2922/1282/2454 2916/1276/2448
f 2920/1280/2452 2922/1282/2454 2919/1279/2451
f 2916/1276/2448 2922/1282/2454 2892/1252/2424
f 2922/1282/2454 2920/1280/2452 2921/1281/2453
f 2923/1283/2455 2887/1247/2419 2886/1246/2418
f 2924/1284/1135 2923/1283/2455 2925/1285/2456
f 2925/1285/2456 2923/1283/2455 2886/1246/2418
f 2923/1283/2455 2924/1284/1135 2926/1286/2457
f 2887/1247/2419 2926/1286/2457 2874/1234/1727
f 2875/1235/2407 2874/1234/1727 2926/1286/2457
f 2926/1286/2457 2887/1247/2419 2923/1283/2455
f 2927/1287/2458 2925/1285/2456 2886/1246/2418
f 2928/1288/2459 2927/1287/2458 2886/1246/2418
f 2929/1289/2460 2928/1288/2459 2886/1246/2418
f 2930/1290/2461 2929/1289/2460 2886/1246/2418
f 2918/1278/2450 2931/1291/2462 2886/1246/2418
f 2931/1291/2462 2930/1290/2461 2886/1246/2418
f 2927/1287/2458 2928/1288/2459 2932/1292/2463
f 2933/1293/2464 2932/1292/2463 2928/1288/2459
f 2928/1288/2459 2929/1289/2460 2933/1293/2464
f 2929/1289/2460 2930/1290/2461 2934/1294/2465
f 2910/1270/2442 2909/1269/2441 2934/1294/2465
f 2934/1294/2465 2933/1293/2464 2929/1289/2460
f 2933/1293/2464 2934/1294/2465 2909/1269/2441
f 2930/1290/2461 2931/1291/2462 2935/1295/2466
f 2934/1294/2465 2935/1295/2466 2910/1270/2442
f 2935/1295/2466 2934/1294/2465 2930/1290/2461
f 2919/1279/2451 2936/1296/2467 2918/1278/2450
f 2910/1270/2442 2935/1295/2466 2936/1296/2467
f 2936/1296/2467 2913/1273/2445 2910/1270/2442
f 2931/1291/2462 2918/1278/2450 2936/1296/2467
f 2936/1296/2467 2919/1279/2451 2915/1275/2447
f 2936/1296/2467 2935/1295/2466 2931/1291/2462
f 2915/1275/2447 2913/1273/2445 2936/1296/2467
f 2932/1292/2463 2933/1293/2464 2937/1297/2468
f 2909/1269/2441 2937/1297/2468 2933/1293/2464
f 2937/1297/2468 2938/1298/2469 2932/1292/2463
f 2926/1286/2457 2924/1284/1135 2939/1299/2470
f 2939/1299/2470 2940/1300/2471 2941/1301/2472
f 2942/1302/2473 2941/1301/2472 2940/1300/2471
f 2940/1300/2471 2943/1303/2474 2942/1302/2473
f 2943/1303/2474 2938/1298/2469 2944/1304/2475
f 2944/1304/2475 2942/1302/2473 2943/1303/2474
f 2945/1305/2476 2944/1304/2475 2938/1298/2469
f 2938/1298/2469 2937/1297/2468 2945/1305/2476
f 2937/1297/2468 2909/1269/2441 2946/1306/2477
f 2946/1306/2477 2945/1305/2476 2937/1297/2468
f 2911/1271/2443 2946/1306/2477 2909/1269/2441
f 2947/1307/2478 2943/1303/2474 2940/1300/2471
f 2925/1285/2456 2927/1287/2458 2947/1307/2478
f 2947/1307/2478 2932/1292/2463 2938/1298/2469
f 2938/1298/2469 2943/1303/2474 2947/1307/2478
f 2932/1292/2463 2947/1307/2478 2927/1287/2458
f 2948/1308/2479 2940/1300/2471 2939/1299/2470
f 2947/1307/2478 2948/1308/2479 2925/1285/2456
f 2925/1285/2456 2948/1308/2479 2924/1284/1135
f 2939/1299/2470 2924/1284/1135 2948/1308/2479
f 2940/1300/2471 2948/1308/2479 2947/1307/2478
f 2939/1299/2470 2949/1309/2480 2926/1286/2457
f 2926/1286/2457 2949/1309/2480 2875/1235/2407
f 2950/1310/2481 2878/1238/2410 2876/1236/2408
f 2878/1238/2410 2950/1310/2481 2908/1268/2440
f 2876/1236/2408 2951/1311/2482 2950/1310/2481
f 2951/1311/2482 2876/1236/2408 2875/1235/2407
f 2875/1235/2407 2952/1312/2483 2951/1311/2482
f 2875/1235/2407 2949/1309/2480 2953/1313/2484
f 2953/1313/2484 2952/1312/2483 2875/1235/2407
f 2941/1301/2472 2954/1314/2485 2939/1299/2470
f 2954/1314/2485 2953/1313/2484 2949/1309/2480
f 2949/1309/2480 2939/1299/2470 2954/1314/2485
f 2955/1315/2486 2956/1316/2487 2957/1317/2488
f 2958/1318/2489 2957/1317/2488 2956/1316/2487
f 2956/1316/2487 2959/1319/2490 2958/1318/2489
f 2956/1316/2487 2955/1315/2486 2960/1320/2491
f 2960/1320/2491 2961/1321/2492 2956/1316/2487
f 2959/1319/2490 2956/1316/2487 2961/1321/2492
f 2961/1321/2492 2962/1322/2493 2959/1319/2490
f 2959/1319/2490 2962/1322/2493 2963/1323/2494
f 2958/1318/2489 2959/1319/2490 2964/1324/2495
f 2963/1323/2494 2964/1324/2495 2959/1319/2490
f 2964/1324/2495 2965/1325/2496 2958/1318/2489
f 2957/1317/2488 2958/1318/2489 2966/1326/2497
f 2958/1318/2489 2965/1325/2496 2966/1326/2497
f 2965/1325/2496 2967/1327/2498 2966/1326/2497
f 2965/1325/2496 2964/1324/2495 2968/1328/2499
f 2968/1328/2499 2967/1327/2498 2965/1325/2496
f 2964/1324/2495 2963/1323/2494 2969/1329/2500
f 2969/1329/2500 2968/1328/2499 2964/1324/2495
f 2970/1330/2501 2969/1329/2500 2963/1323/2494
f 2971/1331/2502 2963/1323/2494 2962/1322/2493
f 2963/1323/2494 2971/1331/2502 2970/1330/2501
f 2962/1322/2493 2972/1332/2503 2971/1331/2502
f 2973/1333/2504 2972/1332/2503 2962/1322/2493
f 2962/1322/2493 2961/1321/2492 2973/1333/2504
f 2974/1334/2505 2975/1335/2506 2966/1326/2497
f 2976/1336/2507 2975/1335/2506 2974/1334/2505
f 2977/1337/2508 2975/1335/2506 2976/1336/2507
f 2975/1335/2506 2977/1337/2508 2966/1326/2497
f 2977/1337/2508 2978/1338/2509 2966/1326/2497
f 2978/1338/2509 2979/1339/2510 2966/1326/2497
f 2979/1339/2510 2980/1340/2511 2966/1326/2497
f 2980/1340/2511 2981/1341/2512 2966/1326/2497
f 2978/1338/2509 2977/1337/2508 2982/1342/2513
f 2976/1336/2507 2982/1342/2513 2977/1337/2508
f 2979/1339/2510 2978/1338/2509 2983/1343/2514
f 2982/1342/2513 2983/1343/2514 2978/1338/2509
f 2983/1343/2514 2984/1344/2515 2979/1339/2510
f 2980/1340/2511 2979/1339/2510 2984/1344/2515
f 2984/1344/2515 2985/1345/2516 2980/1340/2511
f 2981/1341/2512 2980/1340/2511 2985/1345/2516
f 2985/1345/2516 2986/1346/2517 2981/1341/2512
f 2981/1341/2512 2986/1346/2517 2987/1347/2518
f 2988/1348/2519 2987/1347/2518 2986/1346/2517
f 2989/1349/2520 2990/1350/2521 2991/1351/2522
f 2992/1352/2523 2990/1350/2521 2989/1349/2520
f 2988/1348/2519 2990/1350/2521 2992/1352/2523
f 2993/1353/2524 2991/1351/2522 2990/1350/2521
f 2986/1346/2517 2993/1353/2524 2988/1348/2519
f 2990/1350/2521 2988/1348/2519 2993/1353/2524
f 2994/1354/2525 2993/1353/2524 2986/1346/2517
f 2986/1346/2517 2985/1345/2516 2994/1354/2525
f 2995/1355/2526 2994/1354/2525 2985/1345/2516
f 2985/1345/2516 2984/1344/2515 2995/1355/2526
f 2984/1344/2515 2983/1343/2514 2996/1356/2527
f 2996/1356/2527 2995/1355/2526 2984/1344/2515
f 2989/1349/2520 2997/1357/2528 2992/1352/2523
f 2995/1355/2526 2996/1356/2527 2998/1358/2529
f 2994/1354/2525 2995/1355/2526 2999/1359/2530
f 2998/1358/2529 2999/1359/2530 2995/1355/2526
f 2999/1359/2530 3000/1360/2531 2994/1354/2525
f 2993/1353/2524 2994/1354/2525 3000/1360/2531
f 3000/1360/2531 2991/1351/2522 2993/1353/2524
f 3001/1361/2532 2998/1358/2529 2996/1356/2527
f 3002/1362/2533 3001/1361/2532 3003/1363/2534
f 3001/1361/2532 3002/1362/2533 3004/1364/2535
f 3004/1364/2535 2998/1358/2529 3001/1361/2532
f 2998/1358/2529 3004/1364/2535 3005/1365/2536
f 3005/1365/2536 2999/1359/2530 2998/1358/2529
f 2999/1359/2530 3005/1365/2536 3006/1366/2537
f 3006/1366/2537 3000/1360/2531 2999/1359/2530
f 3000/1360/2531 3006/1366/2537 3007/1367/2538
f 2991/1351/2522 3007/1367/2538 2989/1349/2520
f 3007/1367/2538 2991/1351/2522 3000/1360/2531
f 2969/1329/2500 2970/1330/2501 3008/1368/2539
f 3008/1368/2539 3009/1369/2540 2969/1329/2500
f 2968/1328/2499 2969/1329/2500 3009/1369/2540
f 3009/1369/2540 3008/1368/2539 3010/1370/2541
f 3010/1370/2541 3011/1371/2542 3009/1369/2540
f 3011/1371/2542 3010/1370/2541 3003/1363/2534
f 3003/1363/2534 3012/1372/2543 3011/1371/2542
f 2982/1342/2513 2976/1336/2507 3012/1372/2543
f 3013/1373/2544 2996/1356/2527 2983/1343/2514
f 2983/1343/2514 2982/1342/2513 3013/1373/2544
f 3013/1373/2544 3012/1372/2543 3003/1363/2534
f 3003/1363/2534 3001/1361/2532 3013/1373/2544
f 2996/1356/2527 3013/1373/2544 3001/1361/2532
f 3012/1372/2543 3013/1373/2544 2982/1342/2513
f 3009/1369/2540 3014/1374/2545 2968/1328/2499
f 3014/1374/2545 3009/1369/2540 3011/1371/2542
f 2967/1327/2498 2968/1328/2499 3014/1374/2545
f 3015/1375/2546 3011/1371/2542 3012/1372/2543
f 3012/1372/2543 2976/1336/2507 3015/1375/2546
f 2974/1334/2505 3015/1375/2546 2976/1336/2507
f 3011/1371/2542 3015/1375/2546 3014/1374/2545
f 3016/1376/2547 3014/1374/2545 3015/1375/2546
f 3015/1375/2546 2974/1334/2505 3016/1376/2547
f 3016/1376/2547 2974/1334/2505 2966/1326/2497
f 2967/1327/2498 3016/1376/2547 2966/1326/2497
f 3014/1374/2545 3016/1376/2547 2967/1327/2498
f 2957/1317/2488 3017/1377/2548 2955/1315/2486
f 3017/1377/2548 2957/1317/2488 2966/1326/2497
f 3018/1378/2549 2955/1315/2486 3017/1377/2548
f 3017/1377/2548 3019/1379/2550 3018/1378/2549
f 3019/1379/2550 3017/1377/2548 2966/1326/2497
f 3020/1380/2551 3018/1378/2549 3019/1379/2550
f 3019/1379/2550 3021/1381/2552 3020/1380/2551
f 3021/1381/2552 3019/1379/2550 2966/1326/2497
f 3022/1382/2553 3020/1380/2551 3021/1381/2552
f 3021/1381/2552 3023/1383/2554 3022/1382/2553
f 3023/1383/2554 3021/1381/2552 2966/1326/2497
f 3022/1382/2553 3023/1383/2554 3024/1384/2555
f 3024/1384/2555 3023/1383/2554 2966/1326/2497
f 3025/1385/2556 3024/1384/2555 2966/1326/2497
f 3026/1386/2557 3024/1384/2555 3025/1385/2556
f 3024/1384/2555 3026/1386/2557 3022/1382/2553
f 3027/1387/2558 3022/1382/2553 3026/1386/2557
f 3020/1380/2551 3022/1382/2553 3027/1387/2558
f 3027/1387/2558 3028/1388/2559 3020/1380/2551
f 3018/1378/2549 3020/1380/2551 3028/1388/2559
f 3029/1389/2560 2960/1320/2491 2955/1315/2486
f 2955/1315/2486 3018/1378/2549 3029/1389/2560
f 3028/1388/2559 3029/1389/2560 3018/1378/2549
f 2961/1321/2492 2960/1320/2491 3030/1390/2150
f 3030/1390/2150 2973/1333/2504 2961/1321/2492
f 2960/1320/2491 3029/1389/2560 3031/1391/2561
f 3031/1391/2561 3030/1390/2150 2960/1320/2491
f 3032/1392/2562 3031/1391/2561 3029/1389/2560
f 3029/1389/2560 3028/1388/2559 3032/1392/2562
f 3028/1388/2559 3027/1387/2558 3033/1393/2563
f 3033/1393/2563 3032/1392/2562 3028/1388/2559
f 3026/1386/2557 3034/1394/2564 3027/1387/2558
f 3033/1393/2563 3027/1387/2558 3034/1394/2564
f 3032/1392/2562 3033/1393/2563 3035/1395/2565
f 3031/1391/2561 3032/1392/2562 3036/1396/2566
f 3035/1395/2565 3036/1396/2566 3032/1392/2562
f 3030/1390/2150 3031/1391/2561 3037/1397/2567
f 3036/1396/2566 3037/1397/2567 3031/1391/2561
f 2973/1333/2504 3030/1390/2150 3038/1398/2568
f 3037/1397/2567 3038/1398/2568 3030/1390/2150
f 3038/1398/2568 3039/1399/2569 2973/1333/2504
f 2972/1332/2503 2973/1333/2504 3039/1399/2569
f 3039/1399/2569 3040/1400/2570 2972/1332/2503
f 2971/1331/2502 2972/1332/2503 3040/1400/2570
f 3040/1400/2570 3041/1401/2571 2971/1331/2502
f 2971/1331/2502 3041/1401/2571 3042/1402/2572
f 3042/1402/2572 2970/1330/2501 2971/1331/2502
f 2970/1330/2501 3042/1402/2572 3043/1403/2573
f 3043/1403/2573 3008/1368/2539 2970/1330/2501
f 3008/1368/2539 3043/1403/2573 3044/1404/2574
f 3044/1404/2574 3010/1370/2541 3008/1368/2539
f 3045/1405/2575 3003/1363/2534 3010/1370/2541
f 3003/1363/2534 3045/1405/2575 3002/1362/2533
f 3010/1370/2541 3044/1404/2574 3045/1405/2575
f 3046/1336/2576 3047/1335/2577 3048/1337/2578
f 3048/1337/2578 3049/1342/2579 3046/1336/2576
f 3049/1342/2579 3048/1337/2578 3050/1338/2580
f 3048/1337/2578 3051/1326/2581 3050/1338/2580
f 3047/1335/2577 3051/1326/2581 3048/1337/2578
f 3052/1334/2582 3047/1335/2577 3046/1336/2576
f 3052/1334/2582 3051/1326/2581 3047/1335/2577
f 3046/1336/2576 3053/1375/2583 3052/1334/2582
f 3054/1376/2584 3052/1334/2582 3053/1375/2583
f 3054/1376/2584 3051/1326/2581 3052/1334/2582
f 3053/1375/2583 3055/1374/2585 3054/1376/2584
f 3056/1327/2586 3054/1376/2584 3055/1374/2585
f 3056/1327/2586 3051/1326/2581 3054/1376/2584
f 3057/1377/2587 3051/1326/2581 3058/1317/2588
f 3058/1317/2588 3051/1326/2581 3059/1318/2589
f 3060/1325/2590 3051/1326/2581 3056/1327/2586
f 3059/1318/2589 3051/1326/2581 3060/1325/2590
f 3055/1374/2585 3061/1328/2591 3056/1327/2586
f 3060/1325/2590 3056/1327/2586 3061/1328/2591
f 3059/1318/2589 3060/1325/2590 3062/1324/2592
f 3061/1328/2591 3062/1324/2592 3060/1325/2590
f 3062/1324/2592 3063/1319/2593 3059/1318/2589
f 3064/1316/2594 3058/1317/2588 3059/1318/2589
f 3059/1318/2589 3063/1319/2593 3064/1316/2594
f 3065/1315/2595 3057/1377/2587 3058/1317/2588
f 3058/1317/2588 3064/1316/2594 3065/1315/2595
f 3057/1377/2587 3065/1315/2595 3066/1378/2596
f 3063/1319/2593 3062/1324/2592 3067/1323/2597
f 3062/1324/2592 3061/1328/2591 3068/1329/2598
f 3068/1329/2598 3067/1323/2597 3062/1324/2592
f 3061/1328/2591 3055/1374/2585 3069/1369/2599
f 3069/1369/2599 3068/1329/2598 3061/1328/2591
f 3070/1371/2600 3069/1369/2599 3055/1374/2585
f 3055/1374/2585 3053/1375/2583 3070/1371/2600
f 3053/1375/2583 3046/1336/2576 3071/1372/2601
f 3071/1372/2601 3046/1336/2576 3049/1342/2579
f 3071/1372/2601 3070/1371/2600 3053/1375/2583
f 3072/1321/2602 3064/1316/2594 3063/1319/2593
f 3063/1319/2593 3073/1322/2603 3072/1321/2602
f 3067/1323/2597 3073/1322/2603 3063/1319/2593
f 3073/1322/2603 3067/1323/2597 3074/1331/2604
f 3067/1323/2597 3068/1329/2598 3075/1330/2605
f 3075/1330/2605 3074/1331/2604 3067/1323/2597
f 3068/1329/2598 3069/1369/2599 3076/1368/2606
f 3076/1368/2606 3075/1330/2605 3068/1329/2598
f 3069/1369/2599 3070/1371/2600 3077/1370/2607
f 3077/1370/2607 3076/1368/2606 3069/1369/2599
f 3074/1331/2604 3075/1330/2605 3078/1402/2608
f 3079/1403/2609 3078/1402/2608 3075/1330/2605
f 3075/1330/2605 3076/1368/2606 3079/1403/2609
f 3080/1404/2610 3079/1403/2609 3076/1368/2606
f 3076/1368/2606 3077/1370/2607 3080/1404/2610
f 3081/1405/2611 3080/1404/2610 3077/1370/2607
f 3070/1371/2600 3071/1372/2601 3082/1363/2612
f 3077/1370/2607 3082/1363/2612 3081/1405/2611
f 3082/1363/2612 3077/1370/2607 3070/1371/2600
f 3083/1362/249 3081/1405/2611 3082/1363/2612
f 3082/1363/2612 3084/1361/2613 3083/1362/249
f 3085/1364/2614 3083/1362/249 3084/1361/2613
f 3082/1363/2612 3071/1372/2601 3086/1373/2615
f 3049/1342/2579 3086/1373/2615 3071/1372/2601
f 3086/1373/2615 3084/1361/2613 3082/1363/2612
f 3050/1338/2580 3087/1343/2616 3049/1342/2579
f 3086/1373/2615 3049/1342/2579 3087/1343/2616
f 3087/1343/2616 3050/1338/2580 3088/1339/2617
f 3050/1338/2580 3051/1326/2581 3088/1339/2617
f 3088/1339/2617 3051/1326/2581 3089/1340/2618
f 3089/1340/2618 3051/1326/2581 3090/1341/2619
f 3091/1354/2620 3092/1360/2621 3093/1359/2622
f 3093/1359/2622 3094/1355/2623 3091/1354/2620
f 3095/1345/2516 3091/1354/2620 3094/1355/2623
f 3095/1345/2516 3089/1340/2618 3090/1341/2619
f 3096/1344/2624 3088/1339/2617 3089/1340/2618
f 3094/1355/2623 3096/1344/2624 3095/1345/2516
f 3089/1340/2618 3095/1345/2516 3096/1344/2624
f 3088/1339/2617 3096/1344/2624 3087/1343/2616
f 3097/1356/2625 3087/1343/2616 3096/1344/2624
f 3087/1343/2616 3097/1356/2625 3086/1373/2615
f 3084/1361/2613 3086/1373/2615 3097/1356/2625
f 3096/1344/2624 3094/1355/2623 3097/1356/2625
f 3097/1356/2625 3098/1358/2626 3084/1361/2613
f 3094/1355/2623 3093/1359/2622 3098/1358/2626
f 3098/1358/2626 3097/1356/2625 3094/1355/2623
f 3084/1361/2613 3098/1358/2626 3085/1364/2614
f 3099/1365/2627 3085/1364/2614 3098/1358/2626
f 3098/1358/2626 3093/1359/2622 3099/1365/2627
f 3093/1359/2622 3092/1360/2621 3100/1366/2628
f 3100/1366/2628 3099/1365/2627 3093/1359/2622
f 3101/1367/2629 3100/1366/2628 3092/1360/2621
f 3092/1360/2621 3102/1351/2630 3101/1367/2629
f 3103/1349/2631 3101/1367/2629 3102/1351/2630
f 3102/1351/2630 3104/1350/2632 3103/1349/2631
f 3103/1349/2631 3104/1350/2632 3105/1352/2633
f 3090/1341/2619 3106/1346/2634 3095/1345/2516
f 3091/1354/2620 3095/1345/2516 3106/1346/2634
f 3106/1346/2634 3107/1353/2635 3091/1354/2620
f 3092/1360/2621 3091/1354/2620 3107/1353/2635
f 3107/1353/2635 3102/1351/2630 3092/1360/2621
f 3104/1350/2632 3102/1351/2630 3107/1353/2635
f 3105/1352/2633 3104/1350/2632 3108/1348/2636
f 3108/1348/2636 3107/1353/2635 3106/1346/2634
f 3107/1353/2635 3108/1348/2636 3104/1350/2632
f 3109/1347/2518 3106/1346/2634 3090/1341/2619
f 3106/1346/2634 3109/1347/2518 3108/1348/2636
f 3090/1341/2619 3051/1326/2581 3110/1406/2637
f 3090/1341/2619 3110/1406/2637 3109/1347/2518
f 3111/1407/2638 3108/1348/2636 3109/1347/2518
f 3108/1348/2636 3111/1407/2638 3105/1352/2633
f 3109/1347/2518 3112/1408/2639 3111/1407/2638
f 3112/1408/2639 3109/1347/2518 3110/1406/2637
f 3110/1406/2637 3113/1409/2640 3112/1408/2639
f 3110/1406/2637 3051/1326/2581 3113/1409/2640
f 3113/1409/2640 3051/1326/2581 3114/1385/2641
f 3114/1385/2641 3051/1326/2581 3115/1384/2642
f 3114/1385/2641 3115/1384/2642 3116/1386/2643
f 3117/1410/2644 3105/1352/2633 3111/1407/2638
f 3111/1407/2638 3118/1411/2645 3117/1410/2644
f 3118/1411/2645 3111/1407/2638 3112/1408/2639
f 3119/1412/2646 3112/1408/2639 3113/1409/2640
f 3116/1386/2643 3119/1412/2646 3114/1385/2641
f 3112/1408/2639 3119/1412/2646 3118/1411/2645
f 3113/1409/2640 3114/1385/2641 3119/1412/2646
f 3120/1394/2647 3118/1411/2645 3119/1412/2646
f 3119/1412/2646 3116/1386/2643 3120/1394/2647
f 3121/1387/2648 3120/1394/2647 3116/1386/2643
f 3120/1394/2647 3121/1387/2648 3122/1393/2649
f 3118/1411/2645 3120/1394/2647 3123/1413/2650
f 3122/1393/2649 3123/1413/2650 3120/1394/2647
f 3123/1413/2650 3117/1410/2644 3118/1411/2645
f 3124/1357/2651 3105/1352/2633 3117/1410/2644
f 3105/1352/2633 3124/1357/2651 3103/1349/2631
f 3117/1410/2644 3125/1414/2652 3124/1357/2651
f 3125/1414/2652 3117/1410/2644 3123/1413/2650
f 3123/1413/2650 3126/1415/2653 3125/1414/2652
f 3126/1415/2653 3123/1413/2650 3122/1393/2649
f 3122/1393/2649 3127/1395/2654 3126/1415/2653
f 3127/1395/2654 3122/1393/2649 3128/1392/2655
f 3128/1392/2655 3129/1396/2656 3127/1395/2654
f 3129/1396/2656 3128/1392/2655 3130/1391/2657
f 3122/1393/2649 3121/1387/2648 3131/1388/2658
f 3131/1388/2658 3128/1392/2655 3122/1393/2649
f 3128/1392/2655 3131/1388/2658 3132/1389/2659
f 3132/1389/2659 3066/1378/2596 3065/1315/2595
f 3066/1378/2596 3132/1389/2659 3131/1388/2658
f 3132/1389/2659 3130/1391/2657 3128/1392/2655
f 3133/1320/2660 3065/1315/2595 3064/1316/2594
f 3064/1316/2594 3072/1321/2602 3133/1320/2660
f 3065/1315/2595 3133/1320/2660 3132/1389/2659
f 3130/1391/2657 3132/1389/2659 3133/1320/2660
f 3134/1390/2661 3133/1320/2660 3072/1321/2602
f 3133/1320/2660 3134/1390/2661 3130/1391/2657
f 3135/1333/2662 3072/1321/2602 3073/1322/2603
f 3072/1321/2602 3135/1333/2662 3134/1390/2661
f 3074/1331/2604 3136/1332/2663 3073/1322/2603
f 3073/1322/2603 3136/1332/2663 3135/1333/2662
f 3116/1386/2643 3137/1382/2664 3121/1387/2648
f 3137/1382/2664 3116/1386/2643 3115/1384/2642
f 3121/1387/2648 3137/1382/2664 3138/1380/2665
f 3138/1380/2665 3131/1388/2658 3121/1387/2648
f 3131/1388/2658 3138/1380/2665 3066/1378/2596
f 3139/1379/2666 3051/1326/2581 3057/1377/2587
f 3139/1379/2666 3066/1378/2596 3138/1380/2665
f 3066/1378/2596 3139/1379/2666 3057/1377/2587
f 3138/1380/2665 3140/1381/2667 3139/1379/2666
f 3140/1381/2667 3138/1380/2665 3137/1382/2664
f 3140/1381/2667 3051/1326/2581 3139/1379/2666
f 3137/1382/2664 3141/1383/2668 3140/1381/2667
f 3115/1384/2642 3141/1383/2668 3137/1382/2664
f 3115/1384/2642 3051/1326/2581 3141/1383/2668
f 3141/1383/2668 3051/1326/2581 3140/1381/2667
f 3034/1394/2564 3026/1386/2557 3142/1412/2669
f 3025/1385/2556 3142/1412/2669 3026/1386/2557
f 3142/1412/2669 3143/1411/2670 3034/1394/2564
f 3143/1411/2670 3142/1412/2669 3144/1408/2671
f 3142/1412/2669 3025/1385/2556 3145/1409/2672
f 3145/1409/2672 3025/1385/2556 2966/1326/2497
f 3145/1409/2672 3144/1408/2671 3142/1412/2669
f 3144/1408/2671 3145/1409/2672 3146/1406/2673
f 3146/1406/2673 2987/1347/2518 3144/1408/2671
f 2987/1347/2518 3146/1406/2673 2981/1341/2512
f 3146/1406/2673 3145/1409/2672 2966/1326/2497
f 2981/1341/2512 3146/1406/2673 2966/1326/2497
f 3144/1408/2671 3147/1407/2674 3143/1411/2670
f 3147/1407/2674 3144/1408/2671 2987/1347/2518
f 2987/1347/2518 2988/1348/2519 3147/1407/2674
f 2992/1352/2523 3147/1407/2674 2988/1348/2519
f 3147/1407/2674 2992/1352/2523 3148/1410/2675
f 3148/1410/2675 2992/1352/2523 2997/1357/2528
f 3148/1410/2675 3143/1411/2670 3147/1407/2674
f 3149/1413/2676 3034/1394/2564 3143/1411/2670
f 3143/1411/2670 3148/1410/2675 3149/1413/2676
f 3034/1394/2564 3149/1413/2676 3033/1393/2563
f 3149/1413/2676 3148/1410/2675 3150/1414/2677
f 2997/1357/2528 3150/1414/2677 3148/1410/2675
f 3151/1415/2678 3035/1395/2565 3033/1393/2563
f 3033/1393/2563 3149/1413/2676 3151/1415/2678
f 3150/1414/2677 3151/1415/2678 3149/1413/2676
f 3152/1416/1198 3153/1417/2679 3154/1418/2680
f 3154/1418/2680 3155/1419/2681 3152/1416/1198
f 3155/1419/2681 3154/1418/2680 3156/1420/2682
f 3156/1420/2682 3157/1421/2683 3155/1419/2681
f 3157/1421/2683 3156/1420/2682 3158/1422/2684
f 3158/1422/2684 3159/1423/2685 3157/1421/2683
f 3159/1423/2685 3158/1422/2684 3160/1424/2686
f 3161/1425/2687 3160/1424/2686 3158/1422/2684
f 3160/1424/2686 3161/1425/2687 3162/1426/2688
f 3162/1426/2688 3163/1427/2689 3160/1424/2686
f 3160/1424/2686 3163/1427/2689 3159/1423/2685
f 3164/1428/2690 3165/1429/2691 3166/1430/2692
f 3167/1431/2693 3166/1430/2692 3165/1429/2691
f 3166/1430/2692 3168/1432/2694 3164/1428/2690
f 3164/1428/2690 3168/1432/2694 3161/1425/2687
f 3168/1432/2694 3166/1430/2692 3167/1431/2693
f 3161/1425/2687 3169/1433/2695 3164/1428/2690
f 3158/1422/2684 3169/1433/2695 3161/1425/2687
f 3170/1434/2696 3169/1433/2695 3158/1422/2684
f 3158/1422/2684 3156/1420/2682 3170/1434/2696
f 3171/1435/2697 3170/1434/2696 3156/1420/2682
f 3156/1420/2682 3154/1418/2680 3171/1435/2697
f 3165/1429/2691 3172/1436/2698 3167/1431/2693
f 3172/1436/2698 3165/1429/2691 3164/1428/2690
f 3162/1426/2688 3161/1425/2687 3173/1437/2699
f 3173/1437/2699 3174/1438/2699 3162/1426/2688
f 3161/1425/2687 3168/1432/2694 3175/1439/2699
f 3175/1439/2699 3173/1437/2699 3161/1425/2687
f 3175/1439/2699 3168/1432/2694 3176/1440/2700
f 3167/1431/2693 3176/1440/2700 3168/1432/2694
f 3177/1441/2701 3176/1440/2700 3167/1431/2693
f 3167/1431/2693 3172/1436/2698 3177/1441/2701
f 3164/1428/2690 3177/1441/2701 3172/1436/2698
f 3178/1442/2702 3176/1440/2700 3177/1441/2701
f 3179/1443/2703 3178/1442/2702 3180/1444/2704
f 3181/1445/2699 3179/1443/2703 3182/1446/2705
f 3179/1443/2703 3181/1445/2699 3183/1447/2699
f 3183/1447/2699 3178/1442/2702 3179/1443/2703
f 3178/1442/2702 3183/1447/2699 3184/1448/2699
f 3176/1440/2700 3184/1448/2699 3175/1439/2699
f 3184/1448/2699 3176/1440/2700 3178/1442/2702
f 3185/1449/2706 3186/1450/2707 3187/1451/2708
f 3182/1446/2705 3185/1449/2706 3187/1451/2708
f 3182/1446/2705 3188/1452/2699 3181/1445/2699
f 3187/1451/2708 3188/1452/2699 3182/1446/2705
f 3189/1453/2709 3190/1454/2710 3191/1455/2711
f 3190/1454/2710 3189/1453/2709 3192/1456/2712
f 3192/1456/2712 3193/1457/2713 3190/1454/2710
f 3191/1455/2711 3190/1454/2710 3193/1457/2713
f 3194/1458/2714 3193/1457/2713 3192/1456/2712
f 3177/1441/2701 3195/1459/2715 3178/1442/2702
f 3193/1457/2713 3194/1458/2714 3195/1459/2715
f 3195/1459/2715 3177/1441/2701 3193/1457/2713
f 3195/1459/2715 3194/1458/2714 3196/1460/2716
f 3182/1446/2705 3179/1443/2703 3197/1461/2717
f 3196/1460/2716 3197/1461/2717 3195/1459/2715
f 3197/1461/2717 3198/1462/2718 3182/1446/2705
f 3196/1460/2716 3198/1462/2718 3197/1461/2717
f 3199/1463/2719 3198/1462/2718 3196/1460/2716
f 3196/1460/2716 3200/1464/2720 3199/1463/2719
f 3200/1464/2720 3196/1460/2716 3201/1465/2721
f 3180/1444/2704 3202/1466/2722 3179/1443/2703
f 3179/1443/2703 3202/1466/2722 3203/1467/2723
f 3203/1467/2723 3197/1461/2717 3179/1443/2703
f 3178/1442/2702 3195/1459/2715 3204/1468/2724
f 3204/1468/2724 3180/1444/2704 3178/1442/2702
f 3202/1466/2722 3180/1444/2704 3204/1468/2724
f 3204/1468/2724 3203/1467/2723 3202/1466/2722
f 3204/1468/2724 3195/1459/2715 3197/1461/2717
f 3197/1461/2717 3203/1467/2723 3204/1468/2724
f 3205/1469/2725 3193/1457/2713 3177/1441/2701
f 3169/1433/2695 3170/1434/2696 3205/1469/2725
f 3177/1441/2701 3164/1428/2690 3205/1469/2725
f 3205/1469/2725 3164/1428/2690 3169/1433/2695
f 3193/1457/2713 3205/1469/2725 3191/1455/2711
f 3206/1470/2726 3205/1469/2725 3170/1434/2696
f 3191/1455/2711 3205/1469/2725 3206/1470/2726
f 3170/1434/2696 3171/1435/2697 3206/1470/2726
f 3206/1470/2726 3171/1435/2697 3207/1471/2727
f 3207/1471/2727 3171/1435/2697 3154/1418/2680
f 3154/1418/2680 3153/1417/2679 3207/1471/2727
f 3208/1472/2728 3209/1473/2729 3210/1474/2730
f 3210/1474/2730 3211/1475/2731 3208/1472/2728
f 3211/1475/2731 3210/1474/2730 3212/1476/2732
f 3212/1476/2732 3213/1477/2733 3211/1475/2731
f 3207/1471/2727 3153/1417/2679 3213/1477/2733
f 3213/1477/2733 3153/1417/2679 3152/1416/1198
f 3213/1477/2733 3212/1476/2732 3207/1471/2727
f 3207/1471/2727 3214/1478/2734 3206/1470/2726
f 3214/1478/2734 3207/1471/2727 3212/1476/2732
f 3215/1479/2735 3206/1470/2726 3214/1478/2734
f 3191/1455/2711 3215/1479/2735 3189/1453/2709
f 3206/1470/2726 3215/1479/2735 3191/1455/2711
f 3212/1476/2732 3216/1480/2736 3214/1478/2734
f 3216/1480/2736 3212/1476/2732 3210/1474/2730
f 3217/1481/2737 3210/1474/2730 3209/1473/2729
f 3210/1474/2730 3217/1481/2737 3216/1480/2736
f 3209/1473/2729 3218/1482/2738 3217/1481/2737
f 3217/1481/2737 3218/1482/2738 3219/1483/2739
f 3192/1456/2712 3220/1484/2740 3194/1458/2714
f 3220/1484/2740 3192/1456/2712 3221/1485/2741
f 3221/1485/2741 3192/1456/2712 3189/1453/2709
f 3222/1486/2742 3189/1453/2709 3215/1479/2735
f 3189/1453/2709 3222/1486/2742 3221/1485/2741
f 3215/1479/2735 3223/1487/2743 3222/1486/2742
f 3214/1478/2734 3223/1487/2743 3215/1479/2735
f 3224/1488/2744 3223/1487/2743 3214/1478/2734
f 3214/1478/2734 3216/1480/2736 3224/1488/2744
f 3222/1486/2742 3223/1487/2743 3224/1488/2744
f 3225/1489/2745 3224/1488/2744 3216/1480/2736
f 3216/1480/2736 3217/1481/2737 3225/1489/2745
f 3221/1485/2741 3222/1486/2742 3226/1490/2746
f 3224/1488/2744 3226/1490/2746 3222/1486/2742
f 3226/1490/2746 3224/1488/2744 3225/1489/2745
f 3225/1489/2745 3227/1491/2747 3226/1490/2746
f 3225/1489/2745 3217/1481/2737 3228/1492/2748
f 3228/1492/2748 3227/1491/2747 3225/1489/2745
f 3219/1483/2739 3228/1492/2748 3217/1481/2737
f 3227/1491/2747 3228/1492/2748 3229/1493/2749
f 3229/1493/2749 3226/1490/2746 3227/1491/2747
f 3226/1490/2746 3229/1493/2749 3221/1485/2741
f 3228/1492/2748 3219/1483/2739 3230/1494/2750
f 3230/1494/2750 3231/1495/2751 3228/1492/2748
f 3229/1493/2749 3228/1492/2748 3231/1495/2751
f 3231/1495/2751 3232/1496/2752 3229/1493/2749
f 3221/1485/2741 3229/1493/2749 3232/1496/2752
f 3221/1485/2741 3233/1497/2753 3220/1484/2740
f 3232/1496/2752 3233/1497/2753 3221/1485/2741
f 3234/1498/2754 3220/1484/2740 3233/1497/2753
f 3196/1460/2716 3194/1458/2714 3235/1499/2755
f 3235/1499/2755 3194/1458/2714 3220/1484/2740
f 3235/1499/2755 3201/1465/2721 3196/1460/2716
f 3220/1484/2740 3234/1498/2754 3235/1499/2755
f 3235/1499/2755 3234/1498/2754 3236/1500/2756
f 3236/1500/2756 3201/1465/2721 3235/1499/2755
f 3201/1465/2721 3236/1500/2756 3200/1464/2720
f 3237/1501/2757 3230/1494/2750 3238/1502/2758
f 3238/1502/2758 3239/1503/2759 3237/1501/2757
f 3230/1494/2750 3237/1501/2757 3240/1504/2760
f 3240/1504/2760 3231/1495/2751 3230/1494/2750
f 3241/1505/2761 3231/1495/2751 3240/1504/2760
f 3232/1496/2752 3231/1495/2751 3241/1505/2761
f 3233/1497/2753 3232/1496/2752 3242/1506/2762
f 3241/1505/2761 3242/1506/2762 3232/1496/2752
f 3233/1497/2753 3243/1507/2763 3234/1498/2754
f 3242/1506/2762 3243/1507/2763 3233/1497/2753
f 3244/1508/2764 3236/1500/2756 3234/1498/2754
f 3234/1498/2754 3243/1507/2763 3244/1508/2764
f 3244/1508/2764 3243/1507/2763 3242/1506/2762
f 3199/1463/2719 3200/1464/2720 3245/1509/2765
f 3245/1509/2765 3200/1464/2720 3236/1500/2756
f 3236/1500/2756 3244/1508/2764 3245/1509/2765
f 3246/1510/2766 3242/1506/2762 3241/1505/2761
f 3245/1509/2765 3244/1508/2764 3246/1510/2766
f 3242/1506/2762 3246/1510/2766 3244/1508/2764
f 3246/1510/2766 3247/1511/2767 3245/1509/2765
f 3240/1504/2760 3248/1512/2768 3241/1505/2761
f 3241/1505/2761 3248/1512/2768 3246/1510/2766
f 3248/1512/2768 3240/1504/2760 3247/1511/2767
f 3247/1511/2767 3246/1510/2766 3248/1512/2768
f 3249/1513/2769 3247/1511/2767 3240/1504/2760
f 3245/1509/2765 3247/1511/2767 3249/1513/2769
f 3245/1509/2765 3250/1514/2770 3199/1463/2719
f 3249/1513/2769 3250/1514/2770 3245/1509/2765
f 3251/1515/2771 3252/1516/2771 3253/1517/2772
f 3254/1518/2773 3230/1494/2750 3219/1483/2739
f 3219/1483/2739 3253/1517/2772 3254/1518/2773
f 3238/1502/2758 3230/1494/2750 3254/1518/2773
f 3254/1518/2773 3253/1517/2772 3252/1516/2771
f 3252/1516/2771 3255/1519/2771 3254/1518/2773
f 3256/1520/2774 3254/1518/2773 3255/1519/2771
f 3256/1520/2774 3237/1501/2757 3239/1503/2759
f 3255/1519/2771 3257/1521/2771 3256/1520/2774
f 3237/1501/2757 3256/1520/2774 3258/1522/2775
f 3258/1522/2775 3256/1520/2774 3257/1521/2771
f 3240/1504/2760 3237/1501/2757 3259/1523/2776
f 3240/1504/2760 3259/1523/2776 3249/1513/2769
f 3258/1522/2775 3259/1523/2776 3237/1501/2757
f 3257/1521/2771 3260/1524/2771 3258/1522/2775
f 3258/1522/2775 3260/1524/2771 3261/1525/2777
f 3261/1525/2777 3262/1526/2778 3258/1522/2775
f 3262/1526/2778 3261/1525/2777 3263/1527/2779
f 3264/1528/2780 3254/1518/2773 3256/1520/2774
f 3254/1518/2773 3264/1528/2780 3238/1502/2758
f 3256/1520/2774 3265/1529/2781 3264/1528/2780
f 3265/1529/2781 3239/1503/2759 3238/1502/2758
f 3238/1502/2758 3264/1528/2780 3265/1529/2781
f 3239/1503/2759 3265/1529/2781 3256/1520/2774
f 3266/1530/2782 3208/1472/2728 3267/1531/2783
f 3267/1531/2783 3268/1532/2784 3266/1530/2782
f 3266/1530/2782 3268/1532/2784 3269/1533/2785
f 3208/1472/2728 3266/1530/2782 3270/1534/2786
f 3269/1533/2785 3270/1534/2786 3266/1530/2782
f 3270/1534/2786 3209/1473/2729 3208/1472/2728
f 3218/1482/2738 3209/1473/2729 3270/1534/2786
f 3270/1534/2786 3271/1535/2771 3251/1515/2771
f 3271/1535/2771 3270/1534/2786 3269/1533/2785
f 3270/1534/2786 3272/1536/2787 3218/1482/2738
f 3251/1515/2771 3272/1536/2787 3270/1534/2786
f 3253/1517/2772 3272/1536/2787 3251/1515/2771
f 3273/1537/2788 3253/1517/2772 3219/1483/2739
f 3272/1536/2787 3253/1517/2772 3273/1537/2788
f 3269/1533/2785 3274/1538/2771 3271/1535/2771
f 3275/1539/2789 3219/1483/2739 3218/1482/2738
f 3219/1483/2739 3275/1539/2789 3273/1537/2788
f 3218/1482/2738 3276/1540/2790 3275/1539/2789
f 3273/1537/2788 3275/1539/2789 3276/1540/2790
f 3276/1540/2790 3277/1541/2791 3273/1537/2788
f 3218/1482/2738 3272/1536/2787 3277/1541/2791
f 3273/1537/2788 3277/1541/2791 3272/1536/2787
f 3277/1541/2791 3276/1540/2790 3218/1482/2738
f 3152/1416/1198 3278/1542/2792 3213/1477/2733
f 3211/1475/2731 3213/1477/2733 3278/1542/2792
f 3208/1472/2728 3211/1475/2731 3279/1543/2793
f 3279/1543/2793 3267/1531/2783 3208/1472/2728
f 3278/1542/2792 3279/1543/2793 3211/1475/2731
f 3280/1544/2794 3281/1545/2795 3282/1546/2796
f 3282/1546/2796 3283/1547/2797 3280/1544/2794
f 3283/1547/2797 3282/1546/2796 3284/1548/2798
f 3284/1548/2798 3285/1549/2799 3283/1547/2797
f 3286/1550/2800 3284/1548/2798 3282/1546/2796
f 3287/1551/2801 3282/1546/2796 3281/1545/2795
f 3282/1546/2796 3287/1551/2801 3286/1550/2800
f 3281/1545/2795 3288/1552/2802 3287/1551/2801
f 3289/1553/2803 3288/1552/2802 3281/1545/2795
f 3289/1553/2803 3281/1545/2795 3290/1554/2804
f 3291/1555/2805 3290/1554/2804 3281/1545/2795
f 3281/1545/2795 3280/1544/2794 3291/1555/2805
f 3280/1544/2794 3292/1556/2806 3291/1555/2805
f 3293/1557/2807 3292/1556/2806 3280/1544/2794
f 3290/1554/2804 3294/1558/2808 3289/1553/2803
f 3294/1558/2808 3290/1554/2804 3295/1559/2809
f 3296/1560/2810 3290/1554/2804 3291/1555/2805
f 3296/1560/2810 3295/1559/2809 3290/1554/2804
f 3291/1555/2805 3297/1561/2811 3296/1560/2810
f 3295/1559/2809 3298/1562/2812 3294/1558/2808
f 3295/1559/2809 3299/1563/2813 3298/1562/2812
f 3298/1562/2812 3299/1563/2813 3300/1564/2814
f 3301/1565/2815 3294/1558/2808 3298/1562/2812
f 3298/1562/2812 3300/1564/2814 3301/1565/2815
f 3302/1566/2816 3289/1553/2803 3294/1558/2808
f 3294/1558/2808 3301/1565/2815 3302/1566/2816
f 3301/1565/2815 3300/1564/2814 3303/1567/2817
f 3286/1550/2800 3304/1568/1198 3305/1569/2818
f 3306/1570/2819 3304/1568/1198 3286/1550/2800
f 3286/1550/2800 3287/1551/2801 3306/1570/2819
f 3287/1551/2801 3288/1552/2802 3307/1571/2820
f 3307/1571/2820 3306/1570/2819 3287/1551/2801
f 3288/1552/2802 3289/1553/2803 3308/1572/2821
f 3308/1572/2821 3307/1571/2820 3288/1552/2802
f 3309/1573/2816 3308/1572/2821 3289/1553/2803
f 3289/1553/2803 3302/1566/2816 3309/1573/2816
f 3310/1574/2822 3311/1575/2823 3285/1549/2799
f 3285/1549/2799 3312/1576/2824 3310/1574/2822
f 3312/1576/2824 3285/1549/2799 3284/1548/2798
f 3313/1577/2825 3284/1548/2798 3286/1550/2800
f 3284/1548/2798 3313/1577/2825 3312/1576/2824
f 3286/1550/2800 3314/1578/2826 3313/1577/2825
f 3305/1569/2818 3314/1578/2826 3286/1550/2800
f 3314/1578/2826 3305/1569/2818 3315/1579/2827
f 3315/1579/2827 3316/1580/2828 3314/1578/2826
f 3316/1580/2828 3315/1579/2827 3317/1581/2829
f 3318/1582/2830 3319/1583/2831 3320/1584/2832
f 3321/1585/2833 3320/1584/2832 3319/1583/2831
f 3317/1581/2829 3321/1585/2833 3316/1580/2828
f 3319/1583/2831 3322/1586/2834 3321/1585/2833
f 3322/1586/2834 3313/1577/2825 3314/1578/2826
f 3314/1578/2826 3316/1580/2828 3322/1586/2834
f 3321/1585/2833 3322/1586/2834 3316/1580/2828
f 3323/1587/2835 3312/1576/2824 3313/1577/2825
f 3313/1577/2825 3322/1586/2834 3323/1587/2835
f 3312/1576/2824 3323/1587/2835 3324/1588/2836
f 3324/1588/2836 3310/1574/2822 3312/1576/2824
f 3325/1589/2837 3319/1583/2831 3318/1582/2830
f 3322/1586/2834 3319/1583/2831 3326/1590/2838
f 3326/1590/2838 3323/1587/2835 3322/1586/2834
f 3326/1590/2838 3319/1583/2831 3325/1589/2837
f 3323/1587/2835 3326/1590/2838 3327/1591/2839
f 3323/1587/2835 3327/1591/2839 3328/1592/2840
f 3328/1592/2840 3329/1593/2841 3323/1587/2835
f 3329/1593/2841 3324/1588/2836 3323/1587/2835
f 3330/1594/2842 3324/1588/2836 3329/1593/2841
f 3324/1588/2836 3330/1594/2842 3331/1595/2843
f 3310/1574/2822 3324/1588/2836 3331/1595/2843
f 3325/1589/2837 3332/1596/2844 3326/1590/2838
f 3330/1594/2842 3333/1597/2845 3334/1598/2846
f 3335/1599/2847 3334/1598/2846 3333/1597/2845
f 3329/1593/2841 3333/1597/2845 3330/1594/2842
f 3333/1597/2845 3329/1593/2841 3336/1600/2848
f 3336/1600/2848 3337/1601/2849 3333/1597/2845
f 3333/1597/2845 3337/1601/2849 3335/1599/2847
f 3337/1601/2849 3336/1600/2848 3338/1602/2850
f 3339/1603/2851 3338/1602/2850 3336/1600/2848
f 3336/1600/2848 3340/1604/2841 3339/1603/2851
f 3338/1602/2850 3341/1605/2852 3337/1601/2849
f 3335/1599/2847 3337/1601/2849 3341/1605/2852
f 3341/1605/2852 3342/1606/2853 3335/1599/2847
f 3343/1607/2854 3334/1598/2846 3335/1599/2847
f 3335/1599/2847 3342/1606/2853 3343/1607/2854
f 3342/1606/2853 3341/1605/2852 3344/1608/2855
f 3341/1605/2852 3338/1602/2850 3345/1609/2856
f 3345/1609/2856 3344/1608/2855 3341/1605/2852
f 3344/1608/2855 3345/1609/2856 3346/1610/2857
f 3346/1610/2857 3345/1609/2856 3347/1611/2858
f 3345/1609/2856 3338/1602/2850 3348/1612/2859
f 3348/1612/2859 3347/1611/2858 3345/1609/2856
f 3334/1598/2846 3349/1613/2860 3330/1594/2842
f 3331/1595/2843 3330/1594/2842 3349/1613/2860
f 3350/1614/2861 3349/1613/2860 3334/1598/2846
f 3334/1598/2846 3343/1607/2854 3350/1614/2861
f 3350/1614/2861 3343/1607/2854 3351/1615/2862
f 3351/1615/2862 3343/1607/2854 3342/1606/2853
f 3342/1606/2853 3352/1616/2863 3351/1615/2862
f 3344/1608/2855 3352/1616/2863 3342/1606/2853
f 3352/1616/2863 3344/1608/2855 3353/1617/2864
f 3346/1610/2857 3353/1617/2864 3344/1608/2855
f 3354/1618/2865 3349/1613/2860 3350/1614/2861
f 3349/1613/2860 3354/1618/2865 3331/1595/2843
f 3350/1614/2861 3355/1619/2866 3354/1618/2865
f 3331/1595/2843 3356/1620/2867 3310/1574/2822
f 3356/1620/2867 3331/1595/2843 3354/1618/2865
f 3354/1618/2865 3357/1621/2868 3356/1620/2867
f 3357/1621/2868 3354/1618/2865 3355/1619/2866
f 3355/1619/2866 3358/1622/2869 3357/1621/2868
f 3359/1623/2870 3358/1622/2869 3355/1619/2866
f 3358/1622/2869 3359/1623/2870 3360/1624/2871
f 3361/1625/2872 3360/1624/2871 3359/1623/2870
f 3360/1624/2871 3361/1625/2872 3362/1626/2873
f 3363/1627/2874 3356/1620/2867 3357/1621/2868
f 3311/1575/2823 3310/1574/2822 3363/1627/2874
f 3310/1574/2822 3356/1620/2867 3363/1627/2874
f 3357/1621/2868 3364/1628/2875 3363/1627/2874
f 3364/1628/2875 3357/1621/2868 3358/1622/2869
f 3360/1624/2871 3365/1629/2876 3358/1622/2869
f 3358/1622/2869 3365/1629/2876 3364/1628/2875
f 3362/1626/2873 3366/1630/2877 3360/1624/2871
f 3367/1631/2878 3366/1630/2877 3362/1626/2873
f 3360/1624/2871 3366/1630/2877 3368/1632/1198
f 3368/1632/1198 3365/1629/2876 3360/1624/2871
f 3368/1632/1198 3366/1630/2877 3367/1631/2878
f 3369/1633/2879 3364/1628/2875 3365/1629/2876
f 3365/1629/2876 3368/1632/1198 3369/1633/2879
f 3370/1634/2880 3363/1627/2874 3364/1628/2875
f 3363/1627/2874 3370/1634/2880 3311/1575/2823
f 3364/1628/2875 3369/1633/2879 3370/1634/2880
f 3369/1633/2879 3368/1632/1198 3371/1635/2881
f 3367/1631/2878 3371/1635/2881 3368/1632/1198
f 3371/1635/2881 3372/1636/2882 3369/1633/2879
f 3370/1634/2880 3369/1633/2879 3372/1636/2882
f 3373/1637/2883 3311/1575/2823 3370/1634/2880
f 3285/1549/2799 3311/1575/2823 3373/1637/2883
f 3373/1637/2883 3283/1547/2797 3285/1549/2799
f 3373/1637/2883 3374/1638/2884 3375/1639/2885
f 3370/1634/2880 3376/1640/2886 3373/1637/2883
f 3372/1636/2882 3376/1640/2886 3370/1634/2880
f 3376/1640/2886 3374/1638/2884 3373/1637/2883
f 3376/1640/2886 3372/1636/2882 3377/1641/2887
f 3377/1641/2887 3374/1638/2884 3376/1640/2886
f 3372/1636/2882 3371/1635/2881 3378/1642/2888
f 3378/1642/2888 3377/1641/2887 3372/1636/2882
f 3379/1643/2889 3378/1642/2888 3371/1635/2881
f 3371/1635/2881 3367/1631/2878 3379/1643/2889
f 3362/1626/2873 3380/1644/2890 3367/1631/2878
f 3379/1643/2889 3367/1631/2878 3380/1644/2890
f 3380/1644/2890 3381/1645/2891 3379/1643/2889
f 3378/1642/2888 3379/1643/2889 3382/1646/2892
f 3382/1646/2892 3379/1643/2889 3381/1645/2891
f 3381/1645/2891 3383/1647/2892 3382/1646/2892
f 3384/1648/2893 3382/1646/2892 3383/1647/2892
f 3383/1647/2892 3385/1649/2894 3384/1648/2893
f 3386/1650/2895 3377/1641/2887 3378/1642/2888
f 3386/1650/2895 3375/1639/2885 3374/1638/2884
f 3374/1638/2884 3377/1641/2887 3386/1650/2895
f 3378/1642/2888 3387/1651/2896 3386/1650/2895
f 3382/1646/2892 3387/1651/2896 3378/1642/2888
f 3388/1652/2897 3387/1651/2896 3382/1646/2892
f 3382/1646/2892 3384/1648/2893 3388/1652/2897
f 3389/1653/2898 3384/1648/2893 3385/1649/2894
f 3388/1652/2897 3384/1648/2893 3389/1653/2898
f 3385/1649/2894 3390/1654/2899 3389/1653/2898
f 3391/1655/2900 3389/1653/2898 3390/1654/2899
f 3390/1654/2899 3392/1656/2901 3391/1655/2900
f 3389/1653/2898 3393/1657/2902 3388/1652/2897
f 3394/1658/2903 3393/1657/2902 3389/1653/2898
f 3389/1653/2898 3391/1655/2900 3394/1658/2903
f 3395/1659/2904 3394/1658/2903 3391/1655/2900
f 3393/1657/2902 3394/1658/2903 3396/1660/2905
f 3396/1660/2905 3394/1658/2903 3395/1659/2904
f 3388/1652/2897 3393/1657/2902 3397/1661/2906
f 3396/1660/2905 3397/1661/2906 3393/1657/2902
f 3387/1651/2896 3388/1652/2897 3398/1662/2907
f 3398/1662/2907 3386/1650/2895 3387/1651/2896
f 3375/1639/2885 3386/1650/2895 3398/1662/2907
f 3397/1661/2906 3398/1662/2907 3388/1652/2897
f 3395/1659/2904 3399/1663/2908 3396/1660/2905
f 3400/1664/2909 3397/1661/2906 3396/1660/2905
f 3396/1660/2905 3399/1663/2908 3400/1664/2909
f 3397/1661/2906 3400/1664/2909 3401/1665/2910
f 3398/1662/2907 3401/1665/2910 3375/1639/2885
f 3401/1665/2910 3398/1662/2907 3397/1661/2906
f 3391/1655/2900 3402/1666/2911 3395/1659/2904
f 3403/1667/2912 3395/1659/2904 3402/1666/2911
f 3399/1663/2908 3395/1659/2904 3403/1667/2912
f 3403/1667/2912 3404/1668/2913 3399/1663/2908
f 3400/1664/2909 3399/1663/2908 3404/1668/2913
f 3401/1665/2910 3400/1664/2909 3405/1669/2914
f 3404/1668/2913 3405/1669/2914 3400/1664/2909
f 3280/1544/2794 3405/1669/2914 3293/1557/2807
f 3405/1669/2914 3406/1670/2915 3401/1665/2910
f 3406/1670/2915 3375/1639/2885 3401/1665/2910
f 3375/1639/2885 3406/1670/2915 3373/1637/2883
f 3406/1670/2915 3280/1544/2794 3283/1547/2797
f 3405/1669/2914 3280/1544/2794 3406/1670/2915
f 3283/1547/2797 3373/1637/2883 3406/1670/2915
f 3404/1668/2913 3403/1667/2912 3407/1671/2807
f 3407/1671/2807 3408/1672/2916 3404/1668/2913
f 3130/1391/2657 3409/1397/2917 3129/1396/2656
f 3409/1397/2917 3130/1391/2657 3134/1390/2661
f 3410/1398/2918 3134/1390/2661 3135/1333/2662
f 3134/1390/2661 3410/1398/2918 3409/1397/2917
f 3135/1333/2662 3411/1399/2919 3410/1398/2918
f 3411/1399/2919 3135/1333/2662 3136/1332/2663
f 3136/1332/2663 3412/1400/2920 3411/1399/2919
f 3412/1400/2920 3136/1332/2663 3074/1331/2604
f 3074/1331/2604 3413/1401/2921 3412/1400/2920
f 3078/1402/2608 3413/1401/2921 3074/1331/2604
f 3414/1673/2922 3415/1674/2923 3416/1675/2924
f 3416/1675/2924 3417/1676/2925 3414/1673/2922
f 3417/1676/2925 3416/1675/2924 3418/1677/2926
f 3417/1676/2925 3418/1677/2926 3419/1678/2927
f 3420/1679/2928 3421/1680/2929 3422/1681/2930
f 3422/1681/2930 3423/1682/2931 3420/1679/2928
f 3424/1683/2932 3420/1679/2928 3423/1682/2931
f 3423/1682/2931 3425/1684/2926 3424/1683/2932
f 3426/1685/2933 3423/1682/2931 3422/1681/2930
f 3425/1684/2926 3423/1682/2931 3426/1685/2933
f 3426/1685/2933 3419/1678/2927 3425/1684/2926
f 3417/1676/2925 3419/1678/2927 3427/1686/2934
f 3427/1686/2934 3419/1678/2927 3426/1685/2933
f 3428/1687/2935 3417/1676/2925 3427/1686/2934
f 3414/1673/2922 3417/1676/2925 3428/1687/2935
f 3426/1685/2933 3429/1688/2936 3427/1686/2934
f 3422/1681/2930 3429/1688/2936 3426/1685/2933
f 3427/1686/2934 3430/1689/2937 3428/1687/2935
f 3430/1689/2937 3427/1686/2934 3429/1688/2936
f 3431/1690/2938 3429/1688/2936 3422/1681/2930
f 3429/1688/2936 3431/1690/2938 3430/1689/2937
f 3428/1687/2935 3430/1689/2937 3432/1691/2939
f 3432/1691/2939 3430/1689/2937 3431/1690/2938
f 3433/1692/2940 3428/1687/2935 3432/1691/2939
f 3434/1693/2941 3435/1694/2942 3433/1692/2940
f 3435/1694/2942 3434/1693/2941 3436/1695/2943
f 3432/1691/2939 3437/1696/2944 3433/1692/2940
f 3433/1692/2940 3437/1696/2944 3434/1693/2941
f 3431/1690/2938 3438/1697/2945 3432/1691/2939
f 3437/1696/2944 3432/1691/2939 3438/1697/2945
f 3439/1698/2946 3438/1697/2945 3431/1690/2938
f 3431/1690/2938 3440/1699/2947 3439/1698/2946
f 3422/1681/2930 3440/1699/2947 3431/1690/2938
f 3421/1680/2929 3440/1699/2947 3422/1681/2930
f 3438/1697/2945 3439/1698/2946 3441/1700/2948
f 3441/1700/2948 3439/1698/2946 3442/1701/2949
f 3442/1701/2949 3439/1698/2946 3440/1699/2947
f 3442/1701/2949 3380/1644/2890 3362/1626/2873
f 3380/1644/2890 3442/1701/2949 3443/1702/2950
f 3440/1699/2947 3443/1702/2950 3442/1701/2949
f 3443/1702/2950 3440/1699/2947 3421/1680/2929
f 3443/1702/2950 3381/1645/2891 3380/1644/2890
f 3421/1680/2929 3444/1703/2951 3443/1702/2950
f 3381/1645/2891 3443/1702/2950 3444/1703/2951
f 3444/1703/2951 3383/1647/2892 3381/1645/2891
f 3445/1704/2952 3385/1649/2894 3383/1647/2892
f 3421/1680/2929 3420/1679/2928 3445/1704/2952
f 3445/1704/2952 3444/1703/2951 3421/1680/2929
f 3383/1647/2892 3444/1703/2951 3445/1704/2952
f 3385/1649/2894 3445/1704/2952 3446/1705/2953
f 3446/1705/2953 3390/1654/2899 3385/1649/2894
f 3446/1705/2953 3445/1704/2952 3420/1679/2928
f 3420/1679/2928 3447/1706/2954 3446/1705/2953
f 3420/1679/2928 3424/1683/2932 3447/1706/2954
f 3362/1626/2873 3448/1707/2955 3442/1701/2949
f 3442/1701/2949 3448/1707/2955 3441/1700/2948
f 3449/1708/2956 3436/1695/2943 3434/1693/2941
f 3450/1709/2957 3434/1693/2941 3437/1696/2944
f 3434/1693/2941 3450/1709/2957 3449/1708/2956
f 3441/1700/2948 3451/1710/2958 3450/1709/2957
f 3449/1708/2956 3450/1709/2957 3451/1710/2958
f 3452/1711/2959 3448/1707/2955 3362/1626/2873
f 3452/1711/2959 3451/1710/2958 3441/1700/2948
f 3441/1700/2948 3448/1707/2955 3452/1711/2959
f 3362/1626/2873 3361/1625/2872 3452/1711/2959
f 3437/1696/2944 3453/1712/2960 3450/1709/2957
f 3438/1697/2945 3453/1712/2960 3437/1696/2944
f 3441/1700/2948 3453/1712/2960 3438/1697/2945
f 3450/1709/2957 3453/1712/2960 3441/1700/2948
f 3451/1710/2958 3454/1713/2961 3449/1708/2956
f 3454/1713/2961 3451/1710/2958 3452/1711/2959
f 3449/1708/2956 3454/1713/2961 3455/1714/2962
f 3455/1714/2962 3456/1715/2963 3449/1708/2956
f 3436/1695/2943 3449/1708/2956 3456/1715/2963
f 3457/1716/2964 3456/1715/2963 3455/1714/2962
f 3455/1714/2962 3458/1717/2965 3457/1716/2964
f 3459/1718/2966 3452/1711/2959 3361/1625/2872
f 3452/1711/2959 3459/1718/2966 3454/1713/2961
f 3455/1714/2962 3454/1713/2961 3460/1719/2967
f 3460/1719/2967 3454/1713/2961 3459/1718/2966
f 3455/1714/2962 3460/1719/2967 3461/1720/2968
f 3461/1720/2968 3458/1717/2965 3455/1714/2962
f 3462/1721/2969 3458/1717/2965 3461/1720/2968
f 3458/1717/2965 3462/1721/2969 3463/1722/2970
f 3463/1722/2970 3457/1716/2964 3458/1717/2965
f 3461/1720/2968 3464/1723/2971 3465/1724/2972
f 3461/1720/2968 3465/1724/2972 3462/1721/2969
f 3466/1725/2973 3353/1617/2864 3346/1610/2857
f 3346/1610/2857 3467/1726/2974 3466/1725/2973
f 3466/1725/2973 3467/1726/2974 3465/1724/2972
f 3465/1724/2972 3464/1723/2971 3468/1727/2975
f 3465/1724/2972 3468/1727/2975 3466/1725/2973
f 3469/1728/2976 3464/1723/2971 3461/1720/2968
f 3468/1727/2975 3464/1723/2971 3469/1728/2976
f 3461/1720/2968 3470/1729/2977 3469/1728/2976
f 3470/1729/2977 3461/1720/2968 3460/1719/2967
f 3459/1718/2966 3471/1730/2978 3460/1719/2967
f 3460/1719/2967 3471/1730/2978 3470/1729/2977
f 3469/1728/2976 3470/1729/2977 3472/1731/2979
f 3468/1727/2975 3469/1728/2976 3473/1732/2980
f 3473/1732/2980 3351/1615/2862 3352/1616/2863
f 3351/1615/2862 3473/1732/2980 3472/1731/2979
f 3472/1731/2979 3473/1732/2980 3469/1728/2976
f 3473/1732/2980 3474/1733/2981 3468/1727/2975
f 3466/1725/2973 3468/1727/2975 3474/1733/2981
f 3474/1733/2981 3353/1617/2864 3466/1725/2973
f 3353/1617/2864 3474/1733/2981 3352/1616/2863
f 3352/1616/2863 3474/1733/2981 3473/1732/2980
f 3355/1619/2866 3350/1614/2861 3475/1734/2982
f 3351/1615/2862 3475/1734/2982 3350/1614/2861
f 3472/1731/2979 3475/1734/2982 3351/1615/2862
f 3476/1735/2983 3472/1731/2979 3470/1729/2977
f 3475/1734/2982 3472/1731/2979 3476/1735/2983
f 3470/1729/2977 3471/1730/2978 3476/1735/2983
f 3476/1735/2983 3477/1736/2984 3475/1734/2982
f 3475/1734/2982 3477/1736/2984 3355/1619/2866
f 3355/1619/2866 3477/1736/2984 3359/1623/2870
f 3478/1737/2985 3359/1623/2870 3477/1736/2984
f 3477/1736/2984 3476/1735/2983 3478/1737/2985
f 3478/1737/2985 3476/1735/2983 3471/1730/2978
f 3471/1730/2978 3459/1718/2966 3478/1737/2985
f 3361/1625/2872 3478/1737/2985 3459/1718/2966
f 3359/1623/2870 3478/1737/2985 3361/1625/2872
f 3479/1738/2986 3480/1739/2987 3481/1740/2988
f 3481/1740/2988 3482/1741/2989 3479/1738/2986
f 3483/1742/2990 3484/1743/2991 3485/1744/2992
f 3485/1744/2992 3486/1745/2993 3483/1742/2990
f 3486/1745/2993 3485/1744/2992 3487/1746/2994
f 3488/1747/2995 3487/1746/2994 3479/1738/2986
f 3487/1746/2994 3488/1747/2995 3486/1745/2993
f 3479/1738/2986 3489/1748/2996 3488/1747/2995
f 3482/1741/2989 3489/1748/2996 3479/1738/2986
f 3490/1749/2997 3489/1748/2996 3482/1741/2989
f 3482/1741/2989 3491/1750/2998 3490/1749/2997
f 3491/1750/2998 3482/1741/2989 3481/1740/2988
f 3481/1740/2988 3492/1751/2999 3491/1750/2998
f 3493/1752/3000 3486/1745/2993 3488/1747/2995
f 3494/1753/3001 3495/1754/3002 3496/1755/3003
f 3496/1755/3003 3497/1756/3004 3494/1753/3001
f 3498/1757/3005 3494/1753/3001 3497/1756/3004
f 3490/1749/2997 3498/1757/3005 3499/1758/3006
f 3499/1758/3006 3489/1748/2996 3490/1749/2997
f 3488/1747/2995 3489/1748/2996 3499/1758/3006
f 3497/1756/3004 3499/1758/3006 3498/1757/3005
f 3499/1758/3006 3500/1759/3007 3488/1747/2995
f 3488/1747/2995 3500/1759/3007 3493/1752/3000
f 3493/1752/3000 3500/1759/3007 3501/1760/3008
f 3496/1755/3003 3502/1761/3009 3503/1762/3010
f 3504/1763/3011 3497/1756/3004 3496/1755/3003
f 3496/1755/3003 3503/1762/3010 3504/1763/3011
f 3499/1758/3006 3497/1756/3004 3504/1763/3011
f 3504/1763/3011 3500/1759/3007 3499/1758/3006
f 3500/1759/3007 3504/1763/3011 3505/1764/3012
f 3505/1764/3012 3504/1763/3011 3503/1762/3010
f 3505/1764/3012 3501/1760/3008 3500/1759/3007
f 3506/1765/3013 3503/1762/3010 3502/1761/3009
f 3503/1762/3010 3506/1765/3013 3505/1764/3012
f 3505/1764/3012 3506/1765/3013 3507/1766/3014
f 3508/1767/3015 3507/1766/3014 3506/1765/3013
f 3507/1766/3014 3509/1768/3016 3505/1764/3012
f 3509/1768/3016 3507/1766/3014 3508/1767/3015
f 3510/1769/3017 3501/1760/3008 3505/1764/3012
f 3505/1764/3012 3509/1768/3016 3510/1769/3017
f 3508/1767/3015 3511/1770/3018 3509/1768/3016
f 3510/1769/3017 3509/1768/3016 3511/1770/3018
f 3511/1770/3018 3508/1767/3015 3512/1771/3019
f 3508/1767/3015 3513/1772/3020 3512/1771/3019
f 3506/1765/3013 3513/1772/3020 3508/1767/3015
f 3502/1761/3009 3513/1772/3020 3506/1765/3013
f 3511/1770/3018 3514/1773/3021 3510/1769/3017
f 3512/1771/3019 3515/1774/3022 3511/1770/3018
f 3515/1774/3022 3514/1773/3021 3511/1770/3018
f 3516/1775/3023 3515/1774/3022 3512/1771/3019
f 3512/1771/3019 3517/1776/3024 3516/1775/3023
f 3517/1776/3024 3512/1771/3019 3513/1772/3020
f 3518/1777/3025 3513/1772/3020 3502/1761/3009
f 3513/1772/3020 3518/1777/3025 3517/1776/3024
f 3519/1778/3026 3502/1761/3009 3496/1755/3003
f 3496/1755/3003 3495/1754/3002 3519/1778/3026
f 3502/1761/3009 3519/1778/3026 3518/1777/3025
f 3520/1779/3027 3483/1742/2990 3486/1745/2993
f 3486/1745/2993 3493/1752/3000 3520/1779/3027
f 3520/1779/3027 3493/1752/3000 3521/1780/3028
f 3522/1781/3029 3521/1780/3028 3493/1752/3000
f 3493/1752/3000 3501/1760/3008 3522/1781/3029
f 3501/1760/3008 3510/1769/3017 3523/1782/3030
f 3523/1782/3030 3522/1781/3029 3501/1760/3008
f 3510/1769/3017 3514/1773/3021 3524/1783/3031
f 3524/1783/3031 3523/1782/3030 3510/1769/3017
f 3525/1784/3032 3524/1783/3031 3514/1773/3021
f 3514/1773/3021 3526/1785/3033 3525/1784/3032
f 3525/1784/3032 3526/1785/3033 3527/1786/3034
f 3521/1780/3028 3522/1781/3029 3528/1787/3035
f 3522/1781/3029 3523/1782/3030 3529/1788/3036
f 3529/1788/3036 3528/1787/3035 3522/1781/3029
f 3530/1789/3037 3524/1783/3031 3525/1784/3032
f 3523/1782/3030 3524/1783/3031 3530/1789/3037
f 3530/1789/3037 3529/1788/3036 3523/1782/3030
f 3525/1784/3032 3531/1790/3038 3530/1789/3037
f 3527/1786/3034 3532/1791/3039 3525/1784/3032
f 3533/1792/3040 3531/1790/3038 3525/1784/3032
f 3525/1784/3032 3532/1791/3039 3533/1792/3040
f 3531/1790/3038 3533/1792/3040 3534/1793/3041
f 3534/1793/3041 3535/1794/3042 3531/1790/3038
f 3536/1795/3043 3530/1789/3037 3531/1790/3038
f 3531/1790/3038 3535/1794/3042 3536/1795/3043
f 3537/1796/3044 3529/1788/3036 3530/1789/3037
f 3530/1789/3037 3536/1795/3043 3537/1796/3044
f 3529/1788/3036 3537/1796/3044 3538/1797/3045
f 3538/1797/3045 3528/1787/3035 3529/1788/3036
f 3539/1798/3046 3534/1793/3041 3533/1792/3040
f 3540/1799/3047 3541/1800/3048 3542/1801/3049
f 3542/1801/3049 3543/1802/3050 3540/1799/3047
f 3543/1802/3050 3544/1803/3051 3527/1786/3034
f 3544/1803/3051 3543/1802/3050 3542/1801/3049
f 3532/1791/3039 3527/1786/3034 3545/1804/3052
f 3545/1804/3052 3527/1786/3034 3544/1803/3051
f 3545/1804/3052 3546/1805/3053 3532/1791/3039
f 3533/1792/3040 3532/1791/3039 3546/1805/3053
f 3533/1792/3040 3547/1806/3054 3539/1798/3046
f 3546/1805/3053 3547/1806/3054 3533/1792/3040
f 3548/1807/3055 3549/1808/3056 3550/1809/3057
f 3551/1810/3058 3546/1805/3053 3545/1804/3052
f 3547/1806/3054 3546/1805/3053 3551/1810/3058
f 3549/1808/3056 3548/1807/3055 3551/1810/3058
f 3551/1810/3058 3552/1811/3059 3547/1806/3054
f 3552/1811/3059 3551/1810/3058 3548/1807/3055
f 3551/1810/3058 3553/1812/3060 3549/1808/3056
f 3545/1804/3052 3553/1812/3060 3551/1810/3058
f 3547/1806/3054 3552/1811/3059 3554/1813/3061
f 3554/1813/3061 3539/1798/3046 3547/1806/3054
f 3555/1814/3062 3554/1813/3061 3552/1811/3059
f 3552/1811/3059 3556/1815/3063 3555/1814/3062
f 3548/1807/3055 3556/1815/3063 3552/1811/3059
f 3550/1809/3057 3557/1816/3064 3548/1807/3055
f 3556/1815/3063 3548/1807/3055 3557/1816/3064
f 3557/1816/3064 3558/1817/3065 3556/1815/3063
f 3558/1817/3065 3557/1816/3064 3550/1809/3057
f 3550/1809/3057 3559/1818/3066 3558/1817/3065
f 3559/1818/3066 3550/1809/3057 3560/1819/3067
f 3544/1803/3051 3561/1820/3068 3545/1804/3052
f 3562/1821/3069 3553/1812/3060 3545/1804/3052
f 3545/1804/3052 3561/1820/3068 3562/1821/3069
f 3549/1808/3056 3553/1812/3060 3563/1822/3070
f 3563/1822/3070 3553/1812/3060 3562/1821/3069
f 3549/1808/3056 3563/1822/3070 3564/1823/3071
f 3564/1823/3071 3565/1824/3072 3549/1808/3056
f 3550/1809/3057 3549/1808/3056 3565/1824/3072
f 3565/1824/3072 3560/1819/3067 3550/1809/3057
f 3562/1821/3069 3561/1820/3068 3566/1825/3073
f 3561/1820/3068 3544/1803/3051 3567/1826/3074
f 3542/1801/3049 3567/1826/3074 3544/1803/3051
f 3567/1826/3074 3566/1825/3073 3561/1820/3068
f 3566/1825/3073 3568/1827/3075 3562/1821/3069
f 3568/1827/3075 3566/1825/3073 3567/1826/3074
f 3562/1821/3069 3568/1827/3075 3569/1828/3076
f 3569/1828/3076 3570/1829/3077 3562/1821/3069
f 3562/1821/3069 3570/1829/3077 3563/1822/3070
f 3571/1830/3078 3563/1822/3070 3570/1829/3077
f 3564/1823/3071 3563/1822/3070 3571/1830/3078
f 3571/1830/3078 3572/1831/3079 3564/1823/3071
f 3573/1832/3080 3572/1831/3079 3571/1830/3078
f 3571/1830/3078 3574/1833/3081 3573/1832/3080
f 3574/1833/3081 3571/1830/3078 3575/1834/3082
f 3570/1829/3077 3575/1834/3082 3571/1830/3078
f 3570/1829/3077 3569/1828/3076 3576/1835/3083
f 3576/1835/3083 3575/1834/3082 3570/1829/3077
f 3576/1835/3083 3569/1828/3076 3577/1836/3084
f 3577/1836/3084 3569/1828/3076 3568/1827/3075
f 3568/1827/3075 3578/1837/3085 3577/1836/3084
f 3567/1826/3074 3578/1837/3085 3568/1827/3075
f 3567/1826/3074 3542/1801/3049 3578/1837/3085
f 3578/1837/3085 3542/1801/3049 3541/1800/3048
f 3575/1834/3082 3579/1838/3086 3574/1833/3081
f 3579/1838/3086 3575/1834/3082 3576/1835/3083
f 3576/1835/3083 3580/1839/3087 3579/1838/3086
f 3576/1835/3083 3577/1836/3084 3581/1840/3088
f 3581/1840/3088 3580/1839/3087 3576/1835/3083
f 3577/1836/3084 3578/1837/3085 3582/1841/3089
f 3541/1800/3048 3582/1841/3089 3578/1837/3085
f 3582/1841/3089 3581/1840/3088 3577/1836/3084
f 3583/1842/3090 3584/1843/3091 3585/1844/3092
f 3585/1844/3092 3586/1845/3093 3583/1842/3090
f 3587/1846/3094 3586/1845/3093 3585/1844/3092
f 3586/1845/3093 3587/1846/3094 3588/1847/3095
f 3588/1847/3095 3587/1846/3094 3589/1848/3096
f 3589/1848/3096 3590/1849/3097 3588/1847/3095
f 3588/1847/3095 3591/1850/3098 3586/1845/3093
f 3592/1851/3099 3585/1844/3092 3584/1843/3091
f 3584/1843/3091 3593/1852/3100 3592/1851/3099
f 3594/1853/3101 3585/1844/3092 3592/1851/3099
f 3585/1844/3092 3594/1853/3101 3587/1846/3094
f 3595/1854/3102 3589/1848/3096 3587/1846/3094
f 3587/1846/3094 3594/1853/3101 3595/1854/3102
f 3596/1855/3103 3589/1848/3096 3595/1854/3102
f 3595/1854/3102 3597/1856/3104 3596/1855/3103
f 3597/1856/3104 3595/1854/3102 3598/1857/3105
f 3598/1857/3105 3595/1854/3102 3594/1853/3101
f 3598/1857/3105 3599/1858/3106 3597/1856/3104
f 3592/1851/3099 3593/1852/3100 3600/1859/3107
f 3600/1859/3107 3599/1858/3106 3598/1857/3105
f 3598/1857/3105 3601/1860/3108 3600/1859/3107
f 3600/1859/3107 3601/1860/3108 3592/1851/3099
f 3592/1851/3099 3601/1860/3108 3594/1853/3101
f 3594/1853/3101 3601/1860/3108 3598/1857/3105
f 3564/1823/3071 3572/1831/3079 3602/1861/3109
f 3603/1862/3110 3604/1863/3111 3602/1861/3109
f 3602/1861/3109 3605/1864/3112 3603/1862/3110
f 3605/1864/3112 3572/1831/3079 3573/1832/3080
f 3605/1864/3112 3602/1861/3109 3572/1831/3079
f 3560/1819/3067 3606/1865/3113 3559/1818/3066
f 3607/1866/3114 3606/1865/3113 3560/1819/3067
f 3560/1819/3067 3565/1824/3072 3607/1866/3114
f 3602/1861/3109 3608/1867/3115 3564/1823/3071
f 3565/1824/3072 3564/1823/3071 3608/1867/3115
f 3608/1867/3115 3607/1866/3114 3565/1824/3072
f 3603/1862/3110 3605/1864/3112 3609/1868/3116
f 3573/1832/3080 3609/1868/3116 3605/1864/3112
f 3609/1868/3116 3610/1869/3117 3603/1862/3110
f 3611/925/3118 2100/872/1655 2102/874/1656
f 2104/876/1658 3612/931/3119 2102/874/1656
f 2102/874/1656 3612/931/3119 3611/925/3118
f 3611/925/3118 3612/931/3119 3613/930/3120
f 3613/930/3120 3612/931/3119 2104/876/1658
f 3613/930/3120 3614/924/3121 3611/925/3118
f 3614/924/3121 3613/930/3120 3615/929/3122
f 3616/932/3123 3615/929/3122 3613/930/3120
f 2125/897/1678 2124/896/1677 3617/910/3124
f 3615/929/3122 3616/932/3123 3618/911/3125
f 3618/911/3125 3617/910/3124 2124/896/1677
f 2124/896/1677 2006/778/1561 3618/911/3125
f 3618/911/3125 2006/778/1561 2005/777/1560
f 3617/910/3124 3618/911/3125 3616/932/3123
f 2005/777/1560 3619/913/3126 3618/911/3125
f 3618/911/3125 3619/913/3126 3615/929/3122
f 3615/929/3122 3620/914/3127 3614/924/3121
f 3620/914/3127 3615/929/3122 3619/913/3126
f 3621/921/3128 3614/924/3121 3620/914/3127
f 3614/924/3121 3621/921/3128 3622/922/3129
f 3622/922/3129 3611/925/3118 3614/924/3121
f 3623/920/3130 3624/917/3131 3621/921/3128
f 3623/920/3130 1997/769/1552 1998/770/1553
f 3624/917/3131 3623/920/3130 3625/919/3132
f 1998/770/1553 3625/919/3132 3623/920/3130
f 3620/914/3127 3626/915/3133 3621/921/3128
f 3626/915/3133 2004/776/1559 1997/769/1552
f 1997/769/1552 3623/920/3130 3626/915/3133
f 3621/921/3128 3626/915/3133 3623/920/3130
f 3619/913/3126 3627/912/3134 3620/914/3127
f 3626/915/3133 3620/914/3127 3627/912/3134
f 3627/912/3134 2004/776/1559 3626/915/3133
f 2005/777/1560 2003/775/1558 3627/912/3134
f 2004/776/1559 3627/912/3134 2003/775/1558
f 3627/912/3134 3619/913/3126 2005/777/1560
f 3625/919/3132 1998/770/1553 3628/938/3135
f 1992/764/1547 3628/938/3135 1998/770/1553
f 3628/938/3135 3629/937/3136 3625/919/3132
f 3630/1013/3137 3631/1017/3138 3632/1011/3139
f 1966/738/1521 3632/1011/3139 1968/740/1523
f 3631/1017/3138 3630/1013/3137 3633/1018/3140
f 3633/1018/3140 3634/941/3141 3631/1017/3138
f 3635/942/3142 3634/941/3141 3633/1018/3140
f 3634/941/3141 3635/942/3142 3636/939/3143
f 3636/939/3143 3637/936/3144 3629/937/3136
f 3637/936/3144 3636/939/3143 3635/942/3142
f 3625/919/3132 3638/916/3145 3624/917/3131
f 3638/916/3145 3625/919/3132 3629/937/3136
f 3629/937/3136 3637/936/3144 3638/916/3145
f 3639/928/3146 3638/916/3145 3637/936/3144
f 3640/918/3147 3622/922/3129 3621/921/3128
f 3621/921/3128 3624/917/3131 3640/918/3147
f 3638/916/3145 3639/928/3146 3640/918/3147
f 3640/918/3147 3624/917/3131 3638/916/3145
f 3611/925/3118 3622/922/3129 3641/923/3148
f 3641/923/3148 3622/922/3129 3640/918/3147
f 3642/927/3149 3640/918/3147 3639/928/3146
f 3640/918/3147 3642/927/3149 3641/923/3148
f 3639/928/3146 3643/935/3150 3642/927/3149
f 3637/936/3144 3643/935/3150 3639/928/3146
f 3644/926/3151 3641/923/3148 3642/927/3149
f 2100/872/1655 3611/925/3118 3644/926/3151
f 3611/925/3118 3641/923/3148 3644/926/3151
f 3645/934/3152 3642/927/3149 3643/935/3150
f 3642/927/3149 3645/934/3152 3644/926/3151
f 3643/935/3150 3646/944/3153 3645/934/3152
f 3635/942/3142 3647/943/3154 3637/936/3144
f 3647/943/3154 3646/944/3153 3643/935/3150
f 3643/935/3150 3637/936/3144 3647/943/3154
f 3644/926/3151 3648/933/3155 2100/872/1655
f 3648/933/3155 3644/926/3151 3645/934/3152
f 3649/945/3156 3645/934/3152 3646/944/3153
f 3645/934/3152 3649/945/3156 3648/933/3155
f 3646/944/3153 3650/948/3157 3649/945/3156
f 3651/947/3158 3646/944/3153 3647/943/3154
f 3650/948/3157 3646/944/3153 3651/947/3158
f 3652/946/3159 3647/943/3154 3635/942/3142
f 3647/943/3154 3652/946/3159 3651/947/3158
f 3635/942/3142 3653/954/3160 3652/946/3159
f 3633/1018/3140 3653/954/3160 3635/942/3142
f 3650/948/3157 3654/957/1769 3655/958/1770
f 3654/957/1769 3650/948/3157 3656/956/3161
f 3651/947/3158 3656/956/3161 3650/948/3157
f 3657/955/3162 3651/947/3158 3652/946/3159
f 3656/956/3161 3651/947/3158 3657/955/3162
f 3652/946/3159 3658/952/3163 3657/955/3162
f 3658/952/3163 3652/946/3159 3653/954/3160
f 3653/954/3160 3659/953/3164 3658/952/3163
f 3659/953/3164 3653/954/3160 3633/1018/3140
f 3633/1018/3140 3660/983/3165 3659/953/3164
f 3660/983/3165 3633/1018/3140 3630/1013/3137
f 3657/955/3162 3661/962/3166 3656/956/3161
f 3656/956/3161 3661/962/3166 3662/961/3167
f 3662/961/3167 3663/960/3168 3656/956/3161
f 3656/956/3161 3663/960/3168 3654/957/1769
f 3664/951/141 3665/963/3169 3666/959/3170
f 3666/959/3170 3667/964/1776 3664/951/141
f 3655/958/1770 3667/964/1776 3666/959/3170
f 3650/948/3157 3668/949/3171 3649/945/3156
f 3666/959/3170 3668/949/3171 3655/958/1770
f 3655/958/1770 3668/949/3171 3650/948/3157
f 3648/933/3155 3649/945/3156 3668/949/3171
f 3668/949/3171 3669/950/3172 3648/933/3155
f 3669/950/3172 3665/963/3169 3664/951/141
f 2100/872/1655 3648/933/3155 3669/950/3172
f 3669/950/3172 2101/873/101 2100/872/1655
f 3669/950/3172 3668/949/3171 3666/959/3170
f 3666/959/3170 3665/963/3169 3669/950/3172
f 3664/951/141 2101/873/101 3669/950/3172
f 3670/1016/3173 1968/740/1523 3632/1011/3139
f 3632/1011/3139 3631/1017/3138 3670/1016/3173
f 3671/1014/3174 1967/739/1522 1968/740/1523
f 1968/740/1523 3670/1016/3173 3671/1014/3174
f 3670/1016/3173 1992/764/1547 3671/1014/3174
f 1991/763/1546 3671/1014/3174 1992/764/1547
f 3672/1015/3175 1967/739/1522 3671/1014/3174
f 1975/747/1530 3672/1015/3175 1991/763/1546
f 3671/1014/3174 1991/763/1546 3672/1015/3175
f 1967/739/1522 3673/1020/3176 1969/741/1524
f 3672/1015/3175 3673/1020/3176 1967/739/1522
f 3672/1015/3175 1975/747/1530 3674/1019/3177
f 3674/1019/3177 3673/1020/3176 3672/1015/3175
f 3674/1019/3177 1974/746/1529 1973/745/1528
f 1974/746/1529 3674/1019/3177 1975/747/1530
f 1969/741/1524 3675/1021/3178 1970/742/1525
f 1971/743/1526 1970/742/1525 3675/1021/3178
f 3675/1021/3178 1973/745/1528 1971/743/1526
f 1973/745/1528 3675/1021/3178 3674/1019/3177
f 3673/1020/3176 3674/1019/3177 3675/1021/3178
f 3675/1021/3178 1969/741/1524 3673/1020/3176
f 3676/940/3179 3636/939/3143 3629/937/3136
f 1992/764/1547 3670/1016/3173 3676/940/3179
f 3676/940/3179 3628/938/3135 1992/764/1547
f 3676/940/3179 3670/1016/3173 3631/1017/3138
f 3629/937/3136 3628/938/3135 3676/940/3179
f 3636/939/3143 3676/940/3179 3634/941/3141
f 3631/1017/3138 3634/941/3141 3676/940/3179
f 1962/734/1517 3677/975/3180 3678/1024/3181
f 3678/1024/3181 3679/1023/3182 1962/734/1517
f 1963/735/1518 1962/734/1517 3679/1023/3182
f 1963/735/1518 3680/1022/3183 1966/738/1521
f 3679/1023/3182 3680/1022/3183 1963/735/1518
f 3680/1022/3183 3679/1023/3182 3678/1024/3181
f 3678/1024/3181 3681/1025/3184 3680/1022/3183
f 1966/738/1521 3680/1022/3183 3681/1025/3184
f 3681/1025/3184 3682/1026/3185 1966/738/1521
f 1966/738/1521 3682/1026/3185 3683/1012/3186
f 3632/1011/3139 3683/1012/3186 3630/1013/3137
f 3683/1012/3186 3632/1011/3139 1966/738/1521
f 3630/1013/3137 3684/984/3187 3660/983/3165
f 3684/984/3187 3630/1013/3137 3683/1012/3186
f 3685/986/3188 3683/1012/3186 3682/1026/3185
f 3683/1012/3186 3685/986/3188 3684/984/3187
f 3682/1026/3185 3686/988/3189 3685/986/3188
f 3686/988/3189 3682/1026/3185 3681/1025/3184
f 3681/1025/3184 3687/990/3190 3686/988/3189
f 3678/1024/3181 3677/975/3180 3687/990/3190
f 3687/990/3190 3681/1025/3184 3678/1024/3181
f 3688/1160/1473 2514/1043/2056 2597/1126/2137
f 2514/1043/2056 3689/1161/3191 2515/1044/2057
f 3688/1160/1473 3690/1158/3192 3689/1161/3191
f 3689/1161/3191 2514/1043/2056 3688/1160/1473
f 3691/1157/3193 2604/1133/2144 3690/1158/3192
f 3690/1158/3192 3688/1160/1473 3691/1157/3193
f 3688/1160/1473 3692/1159/3194 3691/1157/3193
f 3692/1159/3194 2597/1126/2137 2596/1125/2136
f 2597/1126/2137 3692/1159/3194 3688/1160/1473
f 3693/1156/3195 2604/1133/2144 3691/1157/3193
f 2596/1125/2136 3693/1156/3195 3692/1159/3194
f 3691/1157/3193 3692/1159/3194 3693/1156/3195
f 3693/1156/3195 2595/1124/2135 2598/1127/2138
f 2598/1127/2138 2604/1133/2144 3693/1156/3195
f 2595/1124/2135 3693/1156/3195 2596/1125/2136
f 3694/1870/3196 3695/1871/3197 3696/1872/3198
f 3697/1873/3199 3428/1687/2935 3433/1692/2940
f 3428/1687/2935 3697/1873/3199 3414/1673/2922
f 3433/1692/2940 3698/1874/2770 3697/1873/3199
f 3433/1692/2940 3435/1694/2942 3699/1875/3200
f 3699/1875/3200 3698/1874/2770 3433/1692/2940
f 3696/1872/3198 3699/1875/3200 3435/1694/2942
f 3435/1694/2942 3700/1876/3201 3696/1872/3198
f 3696/1872/3198 3700/1876/3201 3694/1870/3196
f 3700/1876/3201 3701/1877/2969 3694/1870/3196
f 3700/1876/3201 3463/1722/2970 3701/1877/2969
f 3702/1878/3202 3700/1876/3201 3435/1694/2942
f 3456/1715/2963 3702/1878/3202 3436/1695/2943
f 3702/1878/3202 3463/1722/2970 3700/1876/3201
f 3457/1716/2964 3463/1722/2970 3702/1878/3202
f 3435/1694/2942 3436/1695/2943 3702/1878/3202
f 3702/1878/3202 3456/1715/2963 3457/1716/2964
f 3703/1879/3203 3704/1880/3204 3705/1881/3205
f 3321/1585/2833 3317/1581/2829 3706/1882/3206
f 3706/1882/3206 3707/1883/3207 3321/1585/2833
f 3320/1584/2832 3321/1585/2833 3707/1883/3207
f 3707/1883/3207 3703/1879/3203 3320/1584/2832
f 3703/1879/3203 3708/1884/3208 3320/1584/2832
f 3320/1584/2832 3708/1884/3208 3318/1582/2830
f 3705/1881/3205 3708/1884/3208 3703/1879/3203
f 3705/1881/3205 3709/1885/3209 3708/1884/3208
f 3318/1582/2830 3708/1884/3208 3709/1885/3209
f 3424/1683/2932 3710/1886/3210 3447/1706/2954
f 3710/1886/3210 3392/1656/2901 3390/1654/2899
f 3710/1886/3210 3446/1705/2953 3447/1706/2954
f 3390/1654/2899 3446/1705/2953 3710/1886/3210
f 3711/1887/3211 3710/1886/3210 3424/1683/2932
f 3712/1888/3212 3402/1666/2911 3391/1655/2900
f 3710/1886/3210 3711/1887/3211 3712/1888/3212
f 3391/1655/2900 3392/1656/2901 3712/1888/3212
f 3712/1888/3212 3392/1656/2901 3710/1886/3210
f 3424/1683/2932 3713/1889/2775 3711/1887/3211
f 3402/1666/2911 3712/1888/3212 3714/1890/2778
f 3714/1890/2778 3712/1888/3212 3711/1887/3211
f 3711/1887/3211 3713/1889/2775 3714/1890/2778
f 3714/1890/2778 3715/1891/3213 3402/1666/2911
f 3402/1666/2911 3715/1891/3213 3403/1667/2912
f 3716/1892/3214 3403/1667/2912 3715/1891/3213
f 3715/1891/3213 3717/1893/3215 3716/1892/3214
f 3714/1890/2778 3717/1893/3215 3715/1891/3213
f 3718/234/3216 3719/233/3217 3720/231/3218
f 3720/231/3218 3721/232/3219 3718/234/3216
f 3721/232/3219 3720/231/3218 3722/230/3220
f 3722/230/3220 3723/229/3221 3721/232/3219
f 3724/121/3222 3725/120/3223 3726/119/3224
f 3726/119/3224 3727/116/3225 3724/121/3222
f 3728/117/54 3727/116/3225 3726/119/3224
f 3726/119/3224 3729/118/108 3728/117/54
f 3730/237/3226 3728/117/54 3729/118/108
f 3729/118/108 3731/238/3227 3730/237/3226
f 3732/236/3228 3730/237/3226 3731/238/3227
f 3731/238/3227 3733/235/3229 3732/236/3228
f 3734/234/3230 3732/236/3228 3733/235/3229
f 3733/235/3229 3735/233/3231 3734/234/3230
f 3528/1787/3035 3736/1894/3232 3521/1780/3028
f 3737/1895/3233 3521/1780/3028 3736/1894/3232
f 3736/1894/3232 3738/1896/3234 3737/1895/3233
f 3520/1779/3027 3737/1895/3233 3738/1896/3234
f 3521/1780/3028 3737/1895/3233 3520/1779/3027
f 3739/1897/3235 3736/1894/3232 3528/1787/3035
f 3528/1787/3035 3538/1797/3045 3739/1897/3235
f 3738/1896/3234 3740/1898/3236 3520/1779/3027
f 3740/1898/3236 3484/1743/2991 3483/1742/2990
f 3483/1742/2990 3520/1779/3027 3740/1898/3236
f 3741/129/3237 3742/131/179 3743/130/178
f 3743/130/178 3744/128/3238 3741/129/3237
f 3741/129/3237 3744/128/3238 3745/127/3239
f 3745/127/3239 3746/126/3240 3741/129/3237
f 3747/125/3241 3746/126/3240 3745/127/3239
f 3745/127/3239 3748/124/3242 3747/125/3241
f 3747/125/3241 3748/124/3242 3749/123/3243
f 3749/123/3243 3725/120/3223 3724/121/3222
f 3724/121/3222 3750/122/3244 3749/123/3243
f 3749/123/3243 3750/122/3244 3747/125/3241
f 3751/734/3245 3752/736/3246 3753/1008/3247
f 3753/1008/3247 3752/736/3246 3754/1006/3248
f 3755/978/3249 3756/976/3250 3757/999/3251
f 3758/1007/3252 3757/999/3251 3756/976/3250
f 3758/1007/3252 3759/975/3253 3751/734/3245
f 3756/976/3250 3759/975/3253 3758/1007/3252
f 3753/1008/3247 3760/1009/3254 3751/734/3245
f 3751/734/3245 3760/1009/3254 3758/1007/3252
f 3760/1009/3254 3753/1008/3247 3761/1005/3255
f 3754/1006/3248 3761/1005/3255 3753/1008/3247
f 3761/1005/3255 3754/1006/3248 3762/1004/3256
f 3762/1004/3256 3763/1002/3257 3761/1005/3255
f 3761/1005/3255 3764/1010/3258 3760/1009/3254
f 3764/1010/3258 3757/999/3251 3758/1007/3252
f 3758/1007/3252 3760/1009/3254 3764/1010/3258
f 3764/1010/3258 3761/1005/3255 3763/1002/3257
f 3763/1002/3257 3765/1000/3259 3764/1010/3258
f 3757/999/3251 3764/1010/3258 3765/1000/3259
f 3763/1002/3257 3762/1004/3256 3766/1003/3260
f 3765/1000/3259 3763/1002/3257 3767/1001/1990
f 3766/1003/3260 3767/1001/1990 3763/1002/3257
f 3767/1001/1990 3768/998/1986 3765/1000/3259
f 3757/999/3251 3769/996/3261 3755/978/3249
f 3765/1000/3259 3769/996/3261 3757/999/3251
f 3769/996/3261 3765/1000/3259 3768/998/1986
f 3768/998/1986 3770/997/3262 3769/996/3261
f 3769/996/3261 3770/997/3262 3771/980/1984
f 3771/980/1984 3755/978/3249 3769/996/3261
f 3772/130/3263 3773/239/329 3774/128/3238
f 3774/128/3238 3773/239/329 3775/127/3264
f 3775/127/3264 3773/239/329 3776/124/3265
f 3776/124/3265 3773/239/329 3777/123/3266
f 3777/123/3266 3773/239/329 3778/120/3267
f 3778/120/3267 3773/239/329 3779/119/3268
f 3779/119/3268 3773/239/329 3780/118/3269
f 3780/118/3269 3773/239/329 3781/238/3270
f 3781/238/3270 3773/239/329 3782/235/3271
f 3782/235/3271 3773/239/329 3783/233/3272
f 3783/233/3272 3773/239/329 3784/231/3273
f 3784/231/3273 3773/239/329 3785/230/3220
f 1145/481/809 1154/490/818 3786/558/3274
f 3786/558/3274 1146/482/810 1145/481/809
f 1154/490/818 1153/489/817 3787/559/3275
f 3787/559/3275 3786/558/3274 1154/490/818
f 1153/489/817 1151/487/815 3788/1899/833
f 3788/1899/833 3787/559/3275 1153/489/817
f 1151/487/815 1149/485/813 3789/1900/3276
f 1067/403/732 3789/1900/3276 1149/485/813
f 3789/1900/3276 3788/1899/833 1151/487/815
f 3790/503/3277 3791/505/3278 3792/504/700
f 3791/505/3278 3793/506/3279 3792/504/700
f 3793/506/3279 3794/507/3280 3792/504/700
f 3794/507/3280 3795/508/3281 3792/504/700
f 3796/509/3282 3797/510/3283 3792/504/700
f 3797/510/3283 3798/511/3284 3792/504/700
f 3798/511/3284 3799/512/977 3792/504/700
f 3799/512/977 3800/513/3285 3792/504/700
f 3800/513/3285 3801/514/3286 3792/504/700
f 3801/514/3286 3802/515/3287 3792/504/700
f 3802/515/3287 3803/516/3288 3792/504/700
f 3803/516/3288 3804/517/3289 3792/504/700
f 3805/518/3290 3790/503/3277 3792/504/700
f 3804/517/3289 3805/518/3290 3792/504/700
f 3795/508/3281 3806/519/3291 3792/504/700
f 3806/519/3291 3807/520/3292 3792/504/700
f 3807/520/3292 3808/521/3293 3792/504/700
f 3808/521/3293 3809/522/3294 3792/504/700
f 3809/522/3294 3810/523/3295 3792/504/700
f 3810/523/3295 3811/524/3296 3792/504/700
f 3811/524/3296 3812/525/3297 3792/504/700
f 3812/525/3297 3813/526/3298 3792/504/700
f 3814/527/3299 3796/509/3282 3792/504/700
f 3813/526/3298 3814/527/3299 3792/504/700
f 2122/894/1675 3815/969/3300 2115/887/1669
f 2115/887/1669 3815/969/3300 2113/885/1667
f 2108/880/1662 2113/885/1667 3815/969/3300
f 2122/894/1675 2125/897/1678 3816/909/3301
f 3617/910/3124 3816/909/3301 2125/897/1678
f 3815/969/3300 3816/909/3301 2108/880/1662
f 3816/909/3301 3815/969/3300 2122/894/1675
f 3616/932/3123 3817/968/3302 3617/910/3124
f 3816/909/3301 3617/910/3124 3817/968/3302
f 3817/968/3302 2108/880/1662 3816/909/3301
f 2108/880/1662 3817/968/3302 2106/878/1660
f 3818/967/1671 2106/878/1660 3817/968/3302
f 2104/876/1658 3818/967/1671 3613/930/3120
f 3613/930/3120 3818/967/1671 3616/932/3123
f 2106/878/1660 3818/967/1671 2104/876/1658
f 3817/968/3302 3616/932/3123 3818/967/1671
f 3819/972/3303 2130/902/1682 2119/891/1673
f 2119/891/1673 2118/890/1672 3819/972/3303
f 3820/971/3304 3819/972/3303 2118/890/1672
f 2118/890/1672 2083/855/1638 3820/971/3304
f 2083/855/1638 2082/854/1637 3821/970/3305
f 2094/866/1649 3821/970/3305 2082/854/1637
f 3821/970/3305 3820/971/3304 2083/855/1638
f 3822/439/3306 1291/440/944 1225/369/831
f 1292/449/945 1291/440/944 3822/439/3306
f 1367/438/1019 3822/439/3306 1225/369/831
f 3822/439/3306 1367/438/1019 1299/437/952
f 1296/530/949 3823/528/3307 1299/437/952
f 3823/528/3307 1296/530/949 1293/529/946
f 1293/529/946 1292/449/945 3823/528/3307
f 3822/439/3306 3823/528/3307 1292/449/945
f 1299/437/952 3823/528/3307 3822/439/3306
f 3824/647/1236 3825/648/1236 3826/645/329
f 3826/645/329 3827/646/1687 3824/647/1236
f 3828/644/329 3827/646/1687 3826/645/329
f 3826/645/329 3829/643/1236 3828/644/329
f 3830/641/1211 3828/644/329 3829/643/1236
f 3829/643/1236 3831/642/3308 3830/641/1211
f 3830/641/1211 3831/642/3308 3832/1901/329
f 3832/1901/329 3833/1902/329 3830/641/1211
f 3834/1903/1213 3833/1902/329 3832/1901/329
f 3832/1901/329 3835/1904/329 3834/1903/1213
f 3836/656/329 3837/658/1409 3838/657/3309
f 3838/657/3309 3839/655/1270 3836/656/329
f 3840/653/1253 3836/656/329 3839/655/1270
f 3839/655/1270 3841/654/1270 3840/653/1253
f 3840/653/1253 3841/654/1270 3842/652/329
f 3842/652/329 3843/651/329 3840/653/1253
f 3843/651/329 3842/652/329 3844/650/329
f 3844/650/329 3845/649/1235 3843/651/329
f 3845/649/1235 3844/650/329 3825/648/1236
f 3825/648/1236 3824/647/1236 3845/649/1235
f 3846/902/3310 2347/891/1892 2144/892/711
f 2347/891/1892 3846/902/3310 2354/972/1899
f 3847/901/3311 2144/892/711 2143/900/1695
f 2144/892/711 3847/901/3311 3846/902/3310
f 2143/900/1695 3848/906/3312 3847/901/3311
f 2143/900/1695 2151/903/1702 3849/905/1803
f 2277/904/1826 3849/905/1803 2151/903/1702
f 3849/905/1803 3848/906/3312 2143/900/1695
f 3850/749/3313 2235/750/1784 2172/748/1723
f 2172/748/1723 2475/746/2017 3850/749/3313
f 2490/744/2032 3850/749/3313 2475/746/2017
f 3851/975/3314 3852/974/3315 3853/973/211
f 3853/973/211 3854/976/3316 3851/975/3314
f 3854/976/3316 3853/973/211 3855/977/3317
f 3855/977/3317 3856/978/3318 3854/976/3316
f 3856/978/3318 3855/977/3317 3857/979/3319
f 3857/979/3319 3858/980/3320 3856/978/3318
f 3859/983/3321 3860/982/3322 3861/981/3323
f 3861/981/3323 3862/984/3324 3859/983/3321
f 3862/984/3324 3861/981/3323 3863/985/3325
f 3863/985/3325 3864/986/3326 3862/984/3324
f 3864/986/3326 3863/985/3325 3865/987/3327
f 3865/987/3327 3866/988/3328 3864/986/3326
f 3866/988/3328 3865/987/3327 3867/989/3329
f 3852/974/3315 3851/975/3314 3868/990/3330
f 3868/990/3330 3867/989/3329 3852/974/3315
f 3867/989/3329 3868/990/3330 3866/988/3328
f 3869/961/1973 3870/992/1972 3871/991/3331
f 3871/991/3331 3872/962/3332 3869/961/1973
f 3872/962/3332 3871/991/3331 3873/993/3333
f 3873/993/3333 3874/955/3334 3872/962/3332
f 3874/955/3334 3873/993/3333 3875/994/3335
f 3875/994/3335 3876/952/3336 3874/955/3334
f 3876/952/3336 3875/994/3335 3877/995/3337
f 3860/982/3322 3859/983/3321 3878/953/3338
f 3877/995/3337 3878/953/3338 3876/952/3336
f 3878/953/3338 3877/995/3337 3860/982/3322
f 3879/554/3339 1325/410/978 1337/409/984
f 1325/410/978 3879/554/3339 1324/555/977
f 1337/409/984 3880/408/3286 3879/554/3339
f 3880/408/3286 1337/409/984 1335/407/988
f 3881/406/3340 1335/407/988 1336/399/989
f 1335/407/988 3881/406/3340 3880/408/3286
f 3882/405/3341 1336/399/989 1342/400/994
f 1336/399/989 3882/405/3341 3881/406/3340
f 1342/400/994 3883/404/3342 3882/405/3341
f 3883/404/3342 1342/400/994 1344/401/996
f 3884/402/3290 1344/401/996 1345/396/997
f 1344/401/996 3884/402/3290 3883/404/3342
f 1345/396/997 3885/403/3343 3884/402/3290
f 3886/485/3344 1238/383/893 1242/486/897
f 1238/383/893 3886/485/3344 1345/396/997
f 3885/403/3343 1345/396/997 3886/485/3344
f 3886/485/3344 3887/1900/3345 3885/403/3343
f 3887/1900/3345 3886/485/3344 3888/487/3346
f 1242/486/897 3888/487/3346 3886/485/3344
f 3888/487/3346 1242/486/897 1244/488/899
f 3888/487/3346 3889/1899/3279 3887/1900/3345
f 3889/1899/3279 3888/487/3346 3890/489/898
f 3890/489/898 1264/559/919 3889/1899/3279
f 1244/488/899 3890/489/898 3888/487/3346
f 1251/490/906 3890/489/898 1244/488/899
f 1264/559/919 3890/489/898 1251/490/906
f 3891/132/438 3892/133/438 3893/134/467
f 3892/133/438 3894/135/3347 3893/134/467
f 3894/135/3347 3895/136/572 3893/134/467
f 3895/136/572 3896/137/639 3893/134/467
f 3896/137/639 3897/138/478 3893/134/467
f 3897/138/478 3898/139/478 3893/134/467
f 3898/139/478 3899/140/575 3893/134/467
f 3899/140/575 3900/141/576 3893/134/467
f 3900/141/576 3901/142/577 3893/134/467
f 3901/142/577 3902/143/577 3893/134/467
f 3902/143/577 3903/144/578 3893/134/467
f 3903/144/578 3904/145/579 3893/134/467
f 3904/145/579 3905/146/580 3893/134/467
f 3905/146/580 3906/147/580 3893/134/467
f 3906/147/580 3907/148/581 3893/134/467
f 3907/148/581 3908/149/3348 3893/134/467
f 3909/150/424 3891/132/438 3893/134/467
f 3908/149/3348 3909/150/424 3893/134/467
