# Blender 4.4.1
# www.blender.org
mtllib left leg.mtl
o DPROP_GEN_SentinelLeg_03_STAT.002
v -0.070651 -4.613141 1.726046
v 0.004966 -4.625080 1.626178
v 0.036953 -4.651544 1.563339
v 1.551058 -1.934348 -1.039221
v 1.817749 -1.784530 -1.152124
v 1.748510 -1.538763 -1.479819
v 1.479090 -1.730804 -1.299115
v 1.613200 -1.331249 -1.779890
v 0.136800 -1.131593 -2.132479
v 0.750792 -1.186558 -2.075111
v 0.897271 -0.921204 -2.362640
v 1.380818 -1.124049 -2.080560
v 1.186281 -1.369240 -1.821059
v 1.369374 -1.546465 -1.563138
v 0.020374 -2.587084 -0.347161
v 1.549815 -2.137393 -0.753758
v -0.539211 -1.142153 -2.029816
v -0.998857 -1.292589 -1.759868
v -1.268811 -1.545907 -1.401465
v 1.528275 -2.368605 -0.463016
v 1.457579 -2.641379 -0.145479
v 1.839817 -2.007961 -0.847690
v 1.814519 -2.293159 -0.488849
v 1.735748 -2.605282 -0.124279
v 1.338578 -2.965926 0.210131
v 1.147306 -3.366618 0.611903
v 0.913967 -3.775981 0.978592
v 1.362197 -3.487231 0.799286
v 0.483768 -4.179044 1.251239
v 1.599921 -2.987391 0.297089
v -1.508731 -2.322384 -0.441415
v -1.436331 -2.651033 -0.089907
v -1.364691 -2.876261 0.136981
v -1.157506 -3.377895 0.612006
v -0.869512 -3.906014 1.082844
v 1.089156 -3.966267 1.228368
v 0.583262 -4.440241 1.548992
v 0.019262 -4.348825 1.302389
v -0.407237 -4.268131 1.306956
v -0.464521 -4.544984 1.614508
v -1.008137 -4.119175 1.350968
v -1.346805 -3.498124 0.797279
v -1.543939 -3.044356 0.373451
v 0.085059 -4.631872 1.637406
v 0.036953 -4.651544 1.563339
v -0.012040 -4.641376 1.643391
v -1.663219 -2.681918 -0.007548
v -1.758637 -2.314864 -0.386615
v -1.514254 -2.107681 -0.686044
v -1.432219 -1.789654 -1.077765
v -1.674426 -1.622030 -1.194324
v -1.753543 -1.961621 -0.788468
v -1.478288 -1.344417 -1.569593
v -1.166692 -1.048007 -1.988149
v -0.619716 -0.868988 -2.309392
v 0.126839 -0.825000 -2.450958
v 0.170904 -0.861754 -2.397583
v 0.223759 -0.826082 -2.454717
v -1.814775 -2.181010 -0.350965
v -1.814326 -1.813322 -0.751340
v -1.820538 -1.288739 -0.600872
v -1.781912 -0.787161 -0.443880
v -1.703671 -0.483182 -0.801918
v -1.640399 -0.088909 -0.599414
v -1.745459 -0.960043 -0.993289
v -1.764757 -1.469631 -1.165071
v -1.753543 -1.961621 -0.788468
v -1.758637 -2.314864 -0.386615
v -1.663219 -2.681918 -0.007548
v -1.734792 -2.518758 0.041318
v -1.674426 -1.622030 -1.194324
v -1.606385 -1.144793 -1.555351
v -1.478288 -1.344417 -1.569593
v -1.166692 -1.048007 -1.988149
v -1.741471 -1.902976 0.183708
v -1.599478 -2.927993 0.429390
v -1.611693 -2.238759 0.600163
v -1.391255 -2.631020 1.020163
v -1.369057 -1.816249 1.094816
v -1.038439 -3.047069 1.428259
v -1.064397 -4.079191 1.421725
v -0.507781 -4.527833 1.694695
v -1.401003 -3.415273 0.885403
v -1.816208 -1.602667 -0.209080
v -1.776280 -1.041965 -0.078408
v -1.704175 -1.262925 0.295796
v -1.570705 -1.484623 0.693967
v -1.495717 -0.649811 0.774114
v -1.628534 -0.626163 0.361372
v -1.699467 -0.522747 0.021140
v -1.704004 -0.347749 -0.298783
v -1.371137 0.076788 0.830653
v -1.337469 -0.146771 1.056550
v -1.458984 -0.016140 0.591778
v -1.529744 -0.086058 0.331651
v -1.565573 -0.092110 0.080845
v -1.573394 -0.019344 -0.184906
v -1.155349 -0.063509 1.094080
v -1.170163 0.206750 0.863168
v -1.263796 0.113551 0.595569
v -1.324075 0.046098 0.361154
v -1.361857 0.016465 0.112653
v -1.370005 0.079356 -0.140916
v -1.536815 0.173183 -0.427647
v -1.345724 0.227334 -0.317918
v -1.246709 0.466282 -0.462797
v -1.514777 0.280379 -0.880197
v -1.537251 -0.118253 -1.155344
v -1.579334 -0.609036 -1.386268
v -1.274021 -0.794875 -2.018854
v -0.683801 -0.527734 -2.378423
v -0.656065 0.039883 -2.093606
v 0.144695 -0.462280 -2.489404
v -1.238524 -0.250477 -1.776972
v -0.619716 -0.868988 -2.309392
v 0.126839 -0.825000 -2.450958
v 0.170904 -0.861754 -2.397583
v 0.187166 -0.523774 -2.432995
v 0.185569 0.040998 -2.145770
v 0.143108 0.102514 -2.202085
v 0.128289 0.615072 -1.834589
v -0.590739 0.580674 -1.753302
v -1.441997 0.375368 -0.580230
v -1.337102 0.682448 -0.707573
v -1.202672 0.881005 -1.154458
v -1.192780 0.291708 -1.491193
v -0.519447 0.988692 -1.410860
v 0.120272 1.010037 -1.477580
v -0.500671 1.069656 -1.113895
v -1.014284 0.968398 -0.909512
v -1.148510 0.777766 -0.575119
v 0.100860 1.089347 -1.167540
v 0.170996 0.552045 -1.777166
v 0.152584 0.947371 -1.422077
v 0.133251 1.026672 -1.111276
v 0.641377 -0.811762 1.180453
v 0.289537 -0.864809 1.266616
v -0.076269 -0.406321 0.249473
v 0.804161 -0.656593 1.045070
v -1.123620 -0.465384 0.375202
v -1.149110 -0.352585 -0.029229
v -1.095830 -0.635343 0.693700
v -1.006134 -0.718745 0.901600
v -0.878963 -0.806463 0.990652
v -0.709453 -0.830078 1.145309
v -1.324075 0.046098 0.361154
v -1.361857 0.016465 0.112653
v -1.263796 0.113551 0.595569
v -1.170163 0.206750 0.863168
v -1.155349 -0.063509 1.094080
v -1.023849 -0.333851 1.279883
v -0.815870 -0.594808 1.415210
v -0.348348 -0.872150 1.218627
v -0.011442 -0.882951 1.299774
v 0.008290 -0.970523 1.581243
v 0.372681 -0.851627 1.589780
v 0.841710 -0.510411 1.454502
v 1.061322 -0.192443 1.261770
v -0.041444 -0.987764 1.496993
v -0.089706 -0.975292 1.575023
v -0.413324 -0.888992 1.539751
v 0.885464 -0.554042 0.889227
v 0.930142 -0.492149 0.675874
v 0.986504 -0.507568 0.518308
v 1.281467 0.007908 0.674689
v 1.345106 -0.043819 0.450229
v 1.029960 -0.486397 0.316394
v 1.051174 -0.460275 0.179416
v 1.054408 -0.388063 -0.007546
v 1.363250 -0.017615 0.200111
v 1.379331 0.084104 -0.042256
v 0.457948 0.144545 -0.794062
v 0.795033 0.043971 -0.700818
v 0.883601 -0.043500 -0.447177
v 0.956315 -0.171265 -0.333743
v 0.983828 -0.213946 -0.280527
v 1.041481 -0.303377 -0.169009
v 1.373921 0.195858 -0.224638
v 1.355112 0.326305 -0.306675
v 1.324230 0.523252 -0.418123
v 1.260074 0.774714 -0.488684
v 1.158077 0.952443 -0.904418
v 0.684434 1.066468 -1.112919
v 0.022675 0.146728 -0.819872
v -0.498191 0.163591 -0.803229
v -0.846161 0.121416 -0.720476
v -0.947816 0.005570 -0.463598
v -1.088378 -0.200789 -0.285371
v -1.014284 0.968398 -0.909512
v -1.148510 0.777766 -0.575119
v -1.246709 0.466282 -0.462797
v -1.345724 0.227334 -0.317918
v -1.370005 0.079356 -0.140916
v -0.500671 1.069656 -1.113895
v 0.100860 1.089347 -1.167540
v 0.133251 1.026672 -1.111276
v 0.181844 1.098598 -1.177835
v 1.694997 -0.056591 -1.270759
v 1.737835 -0.528439 -1.565739
v 1.903611 -0.797951 -1.258236
v 1.726395 -1.058712 -1.788149
v 1.474143 -0.241492 -1.877191
v 1.873754 -1.269836 -1.501998
v 1.966161 -1.504343 -1.192306
v 1.988630 -1.058068 -0.939035
v 2.004688 -1.318932 -0.601734
v 1.952642 -0.855494 -0.380527
v 1.910435 -1.073959 -0.043033
v 1.827621 -0.430812 -0.205449
v 1.790576 -0.578699 0.088553
v 1.962305 -1.593106 -0.235367
v 1.712185 -0.684323 0.414042
v 1.810858 -1.284984 0.322402
v 1.856188 -1.882527 0.151616
v 1.955319 -2.098078 -0.456975
v 1.985083 -1.771267 -0.855174
v 1.863625 -2.438747 -0.060709
v 1.710679 -2.834655 0.336082
v 1.735748 -2.605282 -0.124279
v 1.814519 -2.293159 -0.488849
v 1.839817 -2.007961 -0.847690
v 1.817749 -1.784530 -1.152124
v 1.748510 -1.538763 -1.479819
v 1.599921 -2.987391 0.297089
v 1.455911 -3.375290 0.845240
v 1.362197 -3.487231 0.799286
v 1.147105 -3.924724 1.337183
v 1.089156 -3.966267 1.228368
v 0.583262 -4.440241 1.548992
v 1.134048 -2.974812 1.339441
v 0.565250 -4.454444 1.626279
v 0.080572 -4.610898 1.706588
v 0.085059 -4.631872 1.637406
v 0.036953 -4.651544 1.563339
v 0.036953 -4.651544 1.563339
v 0.004966 -4.625080 1.626178
v 0.004456 -3.473903 1.640617
v -0.070651 -4.613141 1.726046
v -0.067750 -3.463609 1.715132
v -0.011517 -2.535439 1.636438
v -0.070764 -2.525572 1.714481
v 0.065101 -3.463267 1.722558
v 0.580237 -3.357754 1.667008
v 1.090963 -2.121234 1.407730
v 1.430238 -2.613121 0.956409
v 1.393400 -1.820128 1.079350
v -0.068079 -1.747358 1.733193
v 0.055910 -2.525785 1.719404
v 0.562508 -2.421191 1.684435
v 1.019281 -1.370678 1.486369
v 1.328367 -1.046539 1.189825
v 1.247671 -0.305342 1.280382
v 0.926090 -0.707245 1.557791
v 0.841710 -0.510411 1.454502
v 1.061322 -0.192443 1.261770
v 0.505937 -1.659486 1.716341
v 0.387995 -1.085741 1.726559
v 0.372681 -0.851627 1.589780
v 0.016487 -1.169166 1.739573
v 0.033011 -1.744289 1.734646
v -0.018541 -1.754193 1.653700
v -0.034601 -1.181407 1.658416
v -0.083298 -1.172295 1.733965
v 0.008290 -0.970523 1.581243
v -0.041444 -0.987764 1.496993
v -0.089706 -0.975292 1.575023
v -0.413324 -0.888992 1.539751
v -0.448722 -1.102260 1.674944
v -1.191996 -0.446052 1.299272
v -1.023849 -0.333851 1.279883
v -0.815870 -0.594808 1.415210
v -0.924058 -0.806167 1.529078
v -0.505707 -1.686114 1.700352
v -0.513157 -2.442144 1.692821
v -0.514417 -3.387229 1.689947
v -1.017616 -2.157399 1.447803
v -0.979704 -1.409128 1.490816
v -1.375073 -0.986653 1.132487
v -1.543939 -3.044356 0.373451
v -1.346805 -3.498124 0.797279
v -1.008137 -4.119175 1.350968
v -0.464521 -4.544984 1.614508
v -0.012040 -4.641376 1.643391
v 1.160711 0.180661 0.956593
v 1.143730 0.011163 1.115849
v 1.400090 0.285360 -1.553319
v 0.875071 0.540487 -1.802239
v 0.897570 0.026861 -2.163767
v 0.216009 0.615045 -1.837865
v 0.229404 0.104904 -2.207595
v 0.170996 0.552045 -1.777166
v 0.152584 0.947371 -1.422077
v 0.200595 1.027522 -1.479776
v 0.777036 0.968956 -1.412498
v 1.356150 0.771664 -1.132650
v 0.181844 1.098598 -1.177835
v 0.133251 1.026672 -1.111276
v 0.684434 1.066468 -1.112919
v 1.158077 0.952443 -0.904418
v 1.260074 0.774714 -0.488684
v 1.438121 0.655165 -0.581091
v 1.324230 0.523252 -0.418123
v 1.517762 0.441591 -0.534229
v 1.512401 -0.819209 -2.117425
v 0.914866 -0.550588 -2.444144
v 1.613200 -1.331249 -1.779890
v 1.380818 -1.124049 -2.080560
v 0.897271 -0.921204 -2.362640
v 0.231322 -0.458845 -2.493590
v 0.185569 0.040998 -2.145770
v 0.187166 -0.523774 -2.432995
v 0.170904 -0.861754 -2.397583
v 0.223759 -0.826082 -2.454717
v 1.938806 -0.622113 -0.691230
v 1.819372 -0.237967 -0.468417
v 1.860727 -0.358890 -0.984572
v 1.759001 0.001969 -0.702802
v 1.629477 0.317499 -0.923624
v 1.355112 0.326305 -0.306675
v 1.587665 0.224365 -0.458393
v 1.625404 0.033368 -0.309866
v 1.627446 -0.087806 -0.095206
v 1.591918 -0.162477 0.155477
v 1.571293 -0.193638 0.431516
v 1.281467 0.007908 0.674689
v 1.345106 -0.043819 0.450229
v 1.363250 -0.017615 0.200111
v 1.379331 0.084104 -0.042256
v 1.373921 0.195858 -0.224638
v 1.493782 -0.124523 0.677965
v 1.366563 0.050440 0.946296
v 1.531536 -0.696608 0.838504
v 1.326120 -0.123138 1.124950
v 1.635855 -1.500965 0.712799
v 1.143730 0.011163 1.115849
v 1.160711 0.180661 0.956593
v 1.681546 -2.208343 0.549083
v -0.043428 -4.365211 1.610449
v 0.028524 -4.452011 1.580709
v 0.040090 -4.611027 1.623408
v -1.338535 -3.288420 0.766985
v -0.988225 -3.898783 1.325301
v -1.257824 -3.917910 1.217012
v -0.922687 -4.313428 1.530999
v -0.416331 -4.283780 1.576260
v -0.466330 -4.591932 1.697138
v -0.027987 -4.653638 1.760606
v 0.063635 -4.938800 1.591622
v -0.025136 -4.936109 1.722737
v 0.078765 -5.307987 1.614044
v -0.981072 -4.764939 1.428756
v -0.443846 -4.928142 1.683725
v -0.425577 -5.296625 1.701750
v -0.009970 -5.305168 1.744452
v -0.406449 -5.733178 1.744095
v 0.006054 -5.742298 1.790493
v -0.399052 -6.116227 1.851562
v 0.008475 -6.123382 1.866674
v -1.024534 -5.675808 1.431844
v -1.003231 -5.186327 1.418136
v 0.094754 -5.745224 1.660785
v 0.097291 -6.125966 1.731167
v 0.102815 -6.516320 1.840503
v 0.013973 -6.515295 1.974984
v 0.087765 -6.917375 1.957457
v 0.000332 -6.907229 2.103406
v 0.059844 -6.992579 1.891356
v -0.400925 -6.516427 1.954431
v -0.399940 -6.931578 2.059520
v -0.911412 -7.020923 1.933057
v -0.984972 -6.569311 1.747316
v -1.021796 -6.135856 1.589805
v -0.337521 -7.050205 1.844061
v -0.800184 -7.137884 1.730169
v -1.361541 -7.220072 1.567898
v -1.470285 -6.697913 1.341159
v -1.535243 -6.233017 1.110351
v -1.581015 -5.621449 0.832377
v -1.858253 -6.307922 0.490977
v -1.806404 -6.844477 0.760611
v -1.734276 -7.482038 1.024123
v -1.207996 -7.316614 1.398642
v -1.520472 -7.556773 0.917216
v -1.656976 -7.302923 0.770184
v -1.702938 -6.842618 0.544113
v -1.721742 -6.428620 0.305852
v -1.762508 -5.960542 0.005796
v -1.934482 -5.695308 0.119840
v -1.683905 -5.599022 -0.217960
v -1.966282 -5.405832 -0.167958
v -1.876335 -5.018745 0.152239
v -2.026746 -5.138163 -0.574636
v -2.040617 -4.592894 -0.423793
v -1.697457 -5.400214 -0.629124
v -1.503645 -5.011548 0.892075
v -1.802137 -4.484455 0.329300
v -2.012647 -4.006985 -0.269104
v -1.919091 -4.571406 -0.468824
v -1.921046 -5.146130 -0.624853
v -2.065137 -5.063983 -0.662356
v -1.589606 -5.270972 -0.943780
v -1.698536 -3.932566 0.500615
v -1.420948 -4.489666 0.994283
v -1.503965 -3.385586 0.750842
v -1.931050 -3.403172 -0.095305
v -2.024277 -4.802380 -1.119051
v -2.073157 -4.157497 -1.025247
v -1.836529 -4.514826 -1.618119
v -2.069652 -4.514699 -0.509513
v -2.039959 -3.903322 -0.344975
v -1.893448 -3.984393 -0.312545
v -1.837340 -3.377993 -0.143811
v -1.769272 -2.721745 0.073162
v -1.980079 -3.300246 -0.188016
v -1.675001 -2.694664 0.026212
v -1.635254 -2.610121 0.111222
v -1.826450 -2.626803 -0.021053
v -1.668770 -2.540054 0.043291
v -1.492931 -2.584893 0.048696
v -1.804860 -1.932737 -0.619072
v -1.930279 -2.000171 -0.662830
v -2.043575 -2.777624 -0.797371
v -2.071196 -3.480570 -0.920104
v -1.901148 -3.772966 -1.616889
v -1.494612 -4.265451 -2.076844
v -1.550810 -3.441470 -2.114549
v -1.911315 -3.015396 -1.584634
v -1.581722 -2.627712 -2.123451
v -1.435271 -2.673037 -2.060398
v -1.453292 -1.941905 -2.042488
v -1.464960 -2.467839 -2.282096
v -1.467141 -1.810130 -2.266055
v -1.429374 -2.568407 -2.155767
v -1.411924 -3.492204 -2.035795
v -1.416535 -3.337748 -2.246961
v -1.454219 -2.597991 -2.281156
v -0.695137 -2.342944 -2.465931
v -0.731983 -2.242580 -2.602051
v -0.743741 -1.485997 -2.645922
v 0.051150 -2.157601 -2.731977
v 0.080602 -2.257774 -2.580949
v -0.721641 -2.373042 -2.585754
v 0.051397 -2.288034 -2.702010
v 0.135633 -2.259198 -2.599040
v 0.163426 -2.248466 -2.477764
v 0.136510 -2.064462 -2.612068
v 0.058135 -1.424864 -2.746650
v -0.746468 -0.710917 -2.474795
v 0.031868 -0.612329 -2.644661
v -0.655319 -0.650015 -2.341772
v -1.145026 -0.822987 -2.056457
v 0.030341 -0.575274 -2.495833
v 0.147620 -0.713405 -2.468110
v 0.150215 -0.813638 -2.542994
v 0.141546 -1.418349 -2.641629
v -1.374172 -0.932152 -2.146514
v -1.248260 -0.859449 -1.996310
v -1.362846 -1.053985 -1.920661
v -1.320275 -0.939077 -1.888151
v -1.518113 -1.019202 -1.934724
v -1.711913 -1.372125 -1.299919
v -1.831682 -1.458154 -1.282238
v -1.590057 -1.900369 -2.088578
v -1.894811 -2.262073 -1.494649
v -0.254015 -5.501262 -2.166674
v -0.304001 -5.431868 -2.056287
v -0.315814 -5.933949 -2.064316
v -0.262607 -5.888690 -2.172312
v 0.334077 -5.477575 -2.014941
v 0.308511 -5.531699 -2.112034
v 0.276408 -5.928674 -2.135360
v 0.308564 -5.969149 -2.012794
v 0.389540 -6.001615 -1.955111
v 0.425363 -5.425844 -1.964576
v 0.314880 -6.041854 -2.001745
v 0.285531 -6.668266 -2.043408
v -0.318014 -6.000247 -2.065568
v -0.582915 -5.951571 -2.128610
v -0.525740 -5.353011 -2.143032
v -0.333519 -5.347436 -2.059032
v -0.311188 -4.812547 -2.093957
v -0.245901 -4.923058 -2.203539
v -0.606995 -6.577512 -2.105707
v -0.498670 -4.345773 -2.267679
v -0.995557 -4.529201 -2.005517
v -1.005999 -5.318196 -1.929136
v -1.042715 -5.912334 -1.899639
v -1.065561 -6.627193 -1.848772
v -0.590128 -6.754321 -2.044461
v -1.040552 -6.805731 -1.802521
v -1.051927 -6.880381 -1.633509
v -1.094320 -6.370161 -1.729151
v -1.071981 -5.862889 -1.762958
v -1.031935 -5.180047 -1.797779
v -1.106258 -4.596311 -1.847564
v -1.326303 -4.726044 -1.712012
v -1.174298 -5.234128 -1.773552
v -1.246530 -6.772903 -1.703952
v -1.203921 -6.360870 -1.777941
v -1.181116 -5.841295 -1.807346
v -1.466308 -5.930596 -1.580551
v -1.516537 -6.336542 -1.568095
v -1.429479 -5.810239 -1.068595
v -1.299177 -5.894457 -0.926211
v -1.332149 -6.033588 -0.999711
v -1.422138 -6.115713 -1.111071
v -1.503978 -5.982306 -1.260940
v -1.530425 -5.623627 -1.224166
v -1.456938 -5.406301 -1.570023
v -1.553505 -6.319284 -1.210505
v -1.466918 -6.340985 -1.067619
v -1.366539 -6.206339 -1.009258
v -1.433887 -6.167423 -0.919733
v -1.407678 -6.036002 -0.917326
v -1.386641 -5.918165 -0.857066
v -1.452269 -6.118320 -0.618667
v -1.460079 -6.286370 -0.863813
v -1.394348 -6.359182 -0.947875
v -1.606872 -6.616044 -0.814084
v -1.538656 -6.918527 -1.316104
v -1.611954 -6.952980 -0.879489
v -1.416740 -6.500984 -0.727439
v -1.481060 -6.369307 -0.760639
v -1.492677 -6.399786 -0.630648
v -1.530986 -6.949882 -1.472286
v -1.144736 -6.841763 -1.601449
v -1.039193 -6.978652 -1.489478
v -1.430655 -7.120368 -1.169892
v -1.571504 -7.213642 -0.897400
v -1.676694 -6.993796 -0.498761
v -1.651224 -6.676746 -0.456039
v -1.426899 -6.473389 -0.454563
v -1.673249 -5.986428 -0.142162
v -1.762467 -6.272851 -0.116321
v -1.406405 -6.254524 -0.254365
v -1.416360 -6.390580 -0.328587
v -1.480930 -6.290835 -0.393406
v -1.492630 -6.371784 -0.499583
v -1.814649 -6.646908 -0.139301
v -1.745316 -7.033118 -0.153153
v -1.665073 -7.328489 -0.496217
v -1.699098 -7.357046 -0.170310
v -1.329801 -5.893881 -0.321908
v -1.609000 -5.733199 -0.283959
v -1.381742 -5.627194 -0.492565
v -1.683905 -5.599022 -0.217960
v -1.762508 -5.960542 0.005796
v -1.721742 -6.428620 0.305852
v -1.772286 -6.764359 0.259565
v -1.785913 -7.127481 0.195070
v -1.702938 -6.842618 0.544113
v -1.682498 -7.229000 0.601643
v -1.656976 -7.302923 0.770184
v -1.706934 -7.378063 0.178784
v -1.655146 -7.390622 0.536768
v -1.520472 -7.556773 0.917216
v 1.536765 -5.695820 -0.435833
v 1.714840 -5.565126 -0.384034
v 1.673820 -5.601436 -0.711384
v 1.554324 -5.717607 -0.279735
v 1.612770 -5.801953 -0.337406
v 1.626820 -5.873697 -0.228032
v 1.565155 -5.814319 -0.154767
v 1.731613 -5.713869 -0.074673
v 1.797704 -5.666922 -0.007424
v 1.810711 -5.384153 -0.338593
v 1.768028 -5.095423 -0.856782
v 1.611166 -5.640330 -1.091325
v 1.648474 -4.993798 -1.060983
v 1.429129 -5.441031 -1.315070
v 1.576016 -5.839053 -0.903199
v 1.753339 -7.539087 0.186253
v 1.573703 -7.764851 0.770722
v 1.731021 -6.975855 0.642625
v 1.856972 -6.968977 0.116972
v 1.800375 -6.488980 0.515164
v 1.710190 -6.458907 -0.049547
v 1.811986 -6.003088 0.248465
v 1.732734 -6.084764 0.076654
v 1.572808 -5.963297 -0.069955
v 1.631248 -5.987304 -0.157069
v 1.624349 -6.120220 -0.141389
v 1.560411 -6.136581 -0.051260
v 1.548309 -6.300809 -0.092962
v 1.521959 -6.399103 -0.214339
v 1.622499 -6.545197 -0.403979
v 1.506734 -6.467258 -0.353613
v 1.459653 -6.453696 -0.512523
v 1.558564 -6.383489 -0.400961
v 1.584013 -6.340088 -0.276738
v 1.585147 -6.077482 -0.436030
v 1.607492 -6.246131 -0.184101
v 1.595643 -5.783605 -0.451611
v 1.530560 -5.749645 -0.618998
v 1.541517 -5.856759 -0.734261
v 1.563374 -5.818484 -0.594134
v 1.540026 -5.913660 -0.686420
v 1.440496 -6.027032 -0.800313
v 1.523781 -6.049416 -0.730989
v 1.516882 -6.182353 -0.715312
v 1.536186 -6.367748 -0.532160
v 1.521310 -6.295961 -0.644349
v 1.409417 -6.208753 -0.769766
v 1.537369 -6.144996 -0.941166
v 1.553831 -6.102172 -1.117896
v 1.588096 -6.500258 -0.727181
v 1.408375 -6.365890 -0.666891
v 1.744283 -6.874828 -0.380589
v 1.673686 -6.758529 -0.784322
v 1.564732 -6.564783 -1.097671
v 1.392892 -6.571147 -1.350803
v 1.424973 -6.080001 -1.325694
v 1.471845 -7.103239 -1.216661
v 1.376979 -7.042366 -1.358104
v 1.633828 -7.235086 -0.885230
v 1.739014 -7.397222 -0.437551
v 1.026522 -5.291284 -1.710097
v 0.997775 -6.122463 -1.701338
v 1.123544 -6.108216 -1.709834
v 1.103163 -6.857804 -1.718724
v 0.858731 -6.947554 -1.586897
v 1.376204 -6.981536 -1.451591
v 1.404669 -6.198543 -1.437625
v 1.460655 -5.417771 -1.438412
v 1.159882 -5.304013 -1.712818
v 1.707386 -4.917483 -1.191312
v 1.499321 -4.792086 -1.480560
v 1.386341 -4.745865 -1.476102
v 1.006064 -5.475568 -1.836851
v 0.552390 -5.474713 -2.074171
v 0.604478 -4.864022 -2.109203
v 1.052951 -4.880340 -1.873671
v 1.062372 -4.896252 -1.738053
v 1.207888 -4.591334 -1.719138
v 1.192409 -4.571705 -1.846413
v 0.461388 -4.812932 -2.033909
v 0.349927 -5.375758 -2.010568
v 0.372036 -4.843752 -2.070619
v 0.326817 -4.948987 -2.176819
v 0.310945 -5.348739 -2.138764
v -0.274293 -5.330114 -2.167614
v 0.725398 -4.305546 -2.200848
v 0.596227 -4.296684 -2.188053
v 0.443500 -4.725254 -2.180450
v -0.321205 -4.687192 -2.219152
v -0.316564 -4.354214 -2.195743
v -0.300895 -4.291509 -2.305890
v 0.010074 -4.231880 -2.345425
v 0.114761 -4.236200 -2.340342
v 0.515999 -4.275229 -2.258217
v 0.947009 -0.680562 -2.491006
v 0.300424 -0.609606 -2.604678
v 0.246416 -1.430496 -2.755023
v 0.973338 -1.512578 -2.607177
v 1.605553 -1.824069 -2.206315
v 0.935565 -2.279236 -2.561470
v 1.587456 -2.551805 -2.185960
v 0.224910 -2.167698 -2.716791
v 0.136510 -2.064462 -2.612068
v 0.141546 -1.418349 -2.641629
v 0.150215 -0.813638 -2.542994
v 0.147620 -0.713405 -2.468110
v 0.291024 -0.577565 -2.467618
v 1.580014 -1.910440 -2.012419
v 0.862898 -0.662546 -2.382610
v 1.548282 -0.907621 -2.155115
v 1.556663 -0.980417 -1.962375
v 1.678195 -1.022963 -2.024643
v 1.707768 -1.906706 -2.066325
v 1.949449 -1.375660 -1.441967
v 1.793261 -1.315022 -1.394408
v 1.864843 -1.756926 -0.783289
v 2.014901 -1.914588 -0.743147
v 1.696123 -2.440431 0.009505
v 1.882075 -2.585328 0.047989
v 1.727407 -2.628631 0.078370
v 1.532559 -2.491972 0.034580
v 1.660627 -2.550246 0.130969
v 1.816004 -2.679049 0.151940
v 2.028543 -2.229620 -1.493494
v 2.082404 -2.713361 -0.809191
v 1.986787 -3.310537 -0.071204
v 1.863181 -3.354583 -0.032839
v 1.953764 -3.420764 0.050107
v 1.563931 -3.259233 0.760411
v 1.930265 -4.002083 -0.125670
v 2.050953 -3.959965 -0.153503
v 2.097500 -3.465224 -0.818677
v 2.018045 -3.018929 -1.472377
v 1.699190 -2.646394 -2.061410
v 2.117923 -4.305117 -0.785650
v 2.091334 -4.682301 -0.265193
v 1.977218 -4.723332 -0.222817
v 2.034246 -4.066554 -0.037039
v 2.076547 -4.767010 -0.147420
v 1.855274 -4.539582 0.475490
v 2.012872 -3.896275 -1.408749
v 1.836980 -4.638644 -1.346999
v 2.007659 -4.950845 -0.828675
v 2.039879 -5.220864 -0.355659
v 1.938275 -5.246665 -0.315765
v 1.528892 -5.130709 0.998293
v 1.954142 -5.192094 0.395034
v 2.052012 -5.286457 -0.241026
v 1.810711 -5.384153 -0.338593
v 1.768028 -5.095423 -0.856782
v 1.648474 -4.993798 -1.060983
v 1.707386 -4.917483 -1.191312
v 1.645908 -5.845290 0.920373
v 1.936216 -5.990957 0.379576
v 1.869777 -6.485178 0.601125
v 2.003957 -5.611923 0.104123
v 1.797704 -5.666922 -0.007424
v 1.811986 -6.003088 0.248465
v 1.800375 -6.488980 0.515164
v 1.549608 -6.320802 1.129591
v 1.803408 -6.928310 0.751183
v 1.508580 -6.787406 1.289455
v 1.447188 -7.304397 1.503112
v 1.757444 -7.608867 0.928585
v 1.283661 -7.377273 1.355616
v 1.573703 -7.764851 0.770722
v 1.731021 -6.975855 0.642625
v 0.988336 -7.224878 1.583470
v 1.096895 -7.109946 1.811717
v 0.510112 -7.082543 1.820350
v 1.136727 -6.652354 1.629398
v 1.166469 -6.218130 1.495829
v 1.180491 -5.760197 1.370290
v 0.725546 -5.737876 1.635195
v 1.127771 -5.184982 1.382706
v 1.075916 -4.677838 1.419448
v 1.417200 -4.504169 1.118726
v 1.761735 -3.975109 0.598453
v 1.234836 -3.844604 1.293551
v 0.937680 -4.157992 1.531448
v 0.526136 -4.438640 1.691154
v 0.622282 -4.838456 1.642964
v 0.137349 -4.594026 1.755431
v 0.135240 -4.931324 1.713435
v 0.040090 -4.611027 1.623408
v 0.673482 -5.254142 1.626917
v 0.150262 -5.309760 1.729813
v 1.451210 -3.055673 0.657652
v 1.105267 -3.691218 1.219186
v 0.609379 -4.177394 1.537167
v 0.092212 -4.365439 1.609935
v 0.028524 -4.452011 1.580709
v 0.063635 -4.938800 1.591622
v 0.078765 -5.307987 1.614044
v 0.094754 -5.745224 1.660785
v 0.166149 -5.756266 1.770514
v 0.097291 -6.125966 1.731167
v 0.169704 -6.143310 1.846957
v 0.102815 -6.516320 1.840503
v 0.175337 -6.536846 1.958282
v 0.087765 -6.917375 1.957457
v 0.632985 -6.970473 2.023757
v 0.175758 -6.894969 2.089444
v 0.676658 -6.558589 1.869925
v 0.707122 -6.153455 1.744525
v 0.059844 -6.992579 1.891356
v -1.804860 -1.932737 -0.619072
v -1.711913 -1.372125 -1.299919
v -1.541416 -1.485653 -1.212262
v -1.624622 -1.987520 -0.602764
v -1.355156 -1.851838 -0.580295
v -1.240058 -2.331584 -0.060089
v -1.492931 -2.584893 0.048696
v -1.668770 -2.540054 0.043291
v -0.399020 -4.115165 1.378881
v -0.416331 -4.283780 1.576260
v -0.988225 -3.898783 1.325301
v -0.893562 -3.747545 1.137860
v -1.338535 -3.288420 0.766985
v -1.207163 -3.201146 0.638051
v -1.635254 -2.610121 0.111222
v -1.006403 -2.865714 0.456298
v -0.031565 -2.154044 -0.400319
v -0.003357 -4.178843 1.400680
v 0.536631 -3.996963 1.327526
v -0.009341 -3.679370 1.091791
v -0.331272 -3.629297 1.075197
v -0.744418 -3.322182 0.873846
v 0.450384 -3.530548 1.032296
v 0.821244 -3.166953 0.794487
v 0.980558 -3.561733 1.042867
v 1.105267 -3.691218 1.219186
v 0.609379 -4.177394 1.537167
v 0.092212 -4.365439 1.609935
v 0.028524 -4.452011 1.580709
v -0.043428 -4.365211 1.610449
v 1.290248 -2.992786 0.540174
v 1.079966 -2.691646 0.374530
v 1.532559 -2.491972 0.034580
v 1.660627 -2.550246 0.130969
v 1.451210 -3.055673 0.657652
v 1.864843 -1.756926 -0.783289
v 1.660537 -1.830131 -0.749773
v 1.596456 -1.434536 -1.296853
v 1.696123 -2.440431 0.009505
v 1.270531 -2.223663 -0.115481
v 1.106367 -1.083388 -1.624372
v 1.321854 -1.067674 -1.852540
v 1.335774 -1.389868 -1.160144
v 1.389308 -1.720353 -0.703108
v 0.639985 -0.901897 -1.899198
v -1.285642 -1.432570 -1.089478
v -0.928484 -1.063547 -1.594286
v -0.495446 -0.892527 -1.868651
v -0.007367 -0.818256 -1.962260
v 0.128527 -0.815134 -1.970278
v 0.231228 -0.832558 -1.956004
v 0.249073 -0.763148 -2.253026
v 0.763586 -0.850429 -2.181517
v -1.115942 -1.041091 -1.819679
v -0.595542 -0.839213 -2.144944
v 0.004723 -0.747872 -2.260074
v 0.146869 -0.745809 -2.267208
v 0.147620 -0.713405 -2.468110
v 0.030341 -0.575274 -2.495833
v -0.655319 -0.650015 -2.341772
v -1.145026 -0.822987 -2.056457
v -1.248260 -0.859449 -1.996310
v -1.320275 -0.939077 -1.888151
v 0.291024 -0.577565 -2.467618
v 0.862898 -0.662546 -2.382610
v 1.556663 -0.980417 -1.962375
v 1.793261 -1.315022 -1.394408
v 0.300142 -6.097665 -2.127724
v -0.286017 -6.056933 -2.160074
v -0.312688 -6.605471 -2.155548
v -0.347840 -6.625612 -2.059222
v -0.348301 -6.794881 -1.989426
v 0.264138 -6.640286 -2.165841
v -0.396173 -6.877860 -1.760963
v 0.296107 -6.870342 -1.865417
v 0.520194 -6.042218 -2.083802
v 0.490622 -6.734948 -2.093477
v 0.952746 -6.825488 -1.844495
v 0.980765 -6.073914 -1.844871
v 0.135160 -3.008704 -2.530350
v 0.052918 -3.020802 -2.631697
v -0.696681 -3.130010 -2.502391
v 0.005804 -3.882116 -2.490196
v -0.667541 -3.965674 -2.364648
v -0.300895 -4.291509 -2.305890
v -0.316564 -4.354214 -2.195743
v -0.498670 -4.345773 -2.267679
v -0.995557 -4.529201 -2.005517
v 0.010074 -4.231880 -2.345425
v 0.068094 -3.866216 -2.394636
v -1.326303 -4.726044 -1.712012
v -1.106258 -4.596311 -1.847564
v -1.360998 -4.315076 -1.994724
v -1.361617 -4.160257 -2.193906
v 0.725398 -4.305546 -2.200848
v 1.192409 -4.571705 -1.846413
v 1.425530 -4.201654 -2.022311
v 1.377609 -4.351741 -1.806096
v 1.207888 -4.591334 -1.719138
v 1.386341 -4.745865 -1.476102
v 1.499321 -4.792086 -1.480560
v 1.523992 -4.329885 -1.872453
v 1.529441 -3.459581 -1.972993
v 1.670204 -3.467362 -2.015126
v 1.556020 -2.647733 -2.007449
v 1.566607 -3.392102 -2.137217
v 1.619866 -2.648808 -2.053356
v 1.587563 -2.683300 -2.177801
v 0.906622 -3.169477 -2.459610
v 0.773731 -4.001591 -2.330944
v 0.149088 -3.888393 -2.500533
v 0.596227 -4.296684 -2.188053
v 0.515999 -4.275229 -2.258217
v 0.114761 -4.236200 -2.340342
v 0.965053 -2.375966 -2.425158
v 0.932391 -2.410055 -2.544852
v 0.217034 -3.028752 -2.624158
v 0.068094 -3.866216 -2.394636
v 0.010074 -4.231880 -2.345425
v 0.256801 -2.264564 -2.581376
v 0.226006 -2.298759 -2.701583
v 0.135160 -3.008704 -2.530350
v 0.163426 -2.248466 -2.477764
v 0.135633 -2.259198 -2.599040
v -1.459894 -6.172976 -0.333145
v -1.374866 -6.051295 -0.243905
v -1.433684 -6.041577 -0.330737
v -1.407494 -5.922630 -0.386659
v -1.386511 -5.839694 -0.489831
v -1.265022 -5.793153 -0.449477
v -1.277946 -5.758188 -0.616281
v -1.274610 -5.792512 -0.795503
v -1.419004 -5.527555 -0.814530
v -1.374939 -5.837216 -0.750889
v -1.374896 -5.809215 -0.619823
v -1.697457 -5.400214 -0.629124
v -1.589606 -5.270972 -0.943780
v -1.532298 -4.957936 -1.422479
v -1.532298 -4.957936 -1.422479
v -1.183844 -7.426228 1.372454
v -0.789478 -7.346944 1.679109
v -0.103277 -7.318771 -0.020058
v -0.345768 -7.299762 1.786270
v 0.005102 -7.284618 1.844977
v 0.520879 -7.362130 1.770193
v 0.940824 -7.446048 1.533427
v 1.233376 -7.492718 1.314163
v -1.699098 -7.357046 -0.170310
v -1.706934 -7.378063 0.178784
v -1.655146 -7.390622 0.536768
v -1.520472 -7.556773 0.917216
v -1.207996 -7.316614 1.398642
v -0.800184 -7.137884 1.730169
v -0.337521 -7.050205 1.844061
v 1.753339 -7.539087 0.186253
v 1.739014 -7.397222 -0.437551
v 1.633828 -7.235086 -0.885230
v 1.471845 -7.103239 -1.216661
v 1.376979 -7.042366 -1.358104
v 0.858731 -6.947554 -1.586897
v 0.296107 -6.870342 -1.865417
v -0.396173 -6.877860 -1.760963
v -1.039193 -6.978652 -1.489478
v -1.430655 -7.120368 -1.169892
v -1.571504 -7.213642 -0.897400
v -1.665073 -7.328489 -0.496217
v 0.059844 -6.992579 1.891356
v 0.510112 -7.082543 1.820350
v 0.988336 -7.224878 1.583470
v 1.283661 -7.377273 1.355616
v 1.573703 -7.764851 0.770722
vn 0.2580 -0.5784 0.7739
vn 0.3046 -0.6167 0.7259
vn 0.0389 -0.8875 -0.4592
vn 0.1317 -0.7911 -0.5973
vn 0.5097 -0.6565 -0.5561
vn 0.4887 -0.6208 -0.6130
vn 0.1085 -0.7830 -0.6125
vn 0.4650 -0.5736 -0.6744
vn -0.0388 -0.7443 -0.6667
vn 0.0310 -0.7589 -0.6505
vn 0.1711 -0.4746 -0.8634
vn 0.3568 -0.5430 -0.7602
vn 0.0852 -0.7742 -0.6271
vn 0.1168 -0.7860 -0.6070
vn -0.0078 -0.7448 -0.6672
vn 0.1242 -0.7919 -0.5978
vn -0.1009 -0.7449 -0.6595
vn -0.1320 -0.7532 -0.6445
vn -0.1396 -0.7524 -0.6438
vn 0.1158 -0.7718 -0.6252
vn 0.1160 -0.7579 -0.6419
vn 0.5181 -0.6805 -0.5182
vn 0.5187 -0.6967 -0.4955
vn 0.5329 -0.7028 -0.4712
vn 0.1238 -0.7429 -0.6578
vn 0.1468 -0.7185 -0.6799
vn 0.1853 -0.6949 -0.6949
vn 0.5338 -0.7118 -0.4565
vn 0.1938 -0.6898 -0.6976
vn 0.5423 -0.7050 -0.4571
vn -0.1162 -0.7436 -0.6584
vn -0.1087 -0.7296 -0.6752
vn -0.1246 -0.7246 -0.6778
vn -0.1476 -0.7071 -0.6915
vn -0.1788 -0.6996 -0.6918
vn 0.5270 -0.7440 -0.4108
vn 0.4340 -0.8370 -0.3333
vn 0.0233 -0.7146 -0.6991
vn -0.1628 -0.6977 -0.6977
vn -0.2887 -0.9051 -0.3122
vn -0.5071 -0.7645 -0.3979
vn -0.6030 -0.6813 -0.4150
vn -0.6419 -0.6498 -0.4071
vn 0.2950 -0.9550 -0.0310
vn 0.0389 -0.8874 -0.4593
vn 0.6972 -0.7127 0.0774
vn -0.6173 -0.6485 -0.4454
vn -0.6325 -0.6169 -0.4684
vn -0.1245 -0.7467 -0.6534
vn -0.1472 -0.7515 -0.6431
vn -0.5237 -0.5785 -0.6254
vn -0.6078 -0.5844 -0.5377
vn -0.4355 -0.5756 -0.6921
vn -0.3748 -0.5233 -0.7653
vn -0.2099 -0.4743 -0.8550
vn 0.2559 -0.3724 -0.8921
vn -0.0310 -0.5898 -0.8069
vn -0.2726 -0.3506 -0.8960
vn -0.9793 -0.1895 -0.0711
vn -0.9704 -0.1499 -0.1894
vn -0.9977 0.0475 -0.0475
vn -0.9928 0.1192 -0.0079
vn -0.9708 0.1736 -0.1657
vn -0.9648 0.2610 -0.0316
vn -0.9730 0.1187 -0.1978
vn -0.9147 -0.1419 -0.3785
vn -0.6078 -0.5844 -0.5376
vn -0.6325 -0.6169 -0.4685
vn -0.9718 -0.2291 0.0553
vn -0.5239 -0.5784 -0.6253
vn -0.8301 -0.1018 -0.5482
vn -0.4356 -0.5754 -0.6922
vn -0.3749 -0.5232 -0.7653
vn -0.9746 -0.0317 0.2218
vn -0.9570 -0.2610 0.1265
vn -0.9381 -0.0556 0.3419
vn -0.8590 -0.0557 0.5090
vn -0.8220 -0.0237 0.5690
vn -0.6101 -0.0079 0.7923
vn -0.7919 -0.4435 0.4197
vn -0.4414 -0.6384 0.6305
vn -0.9369 -0.2992 0.1811
vn -0.9947 -0.0000 0.1026
vn -0.9873 0.0711 0.1422
vn -0.9599 0.0397 0.2776
vn -0.9182 0.0158 0.3958
vn -0.9304 0.0795 0.3579
vn -0.9568 0.1107 0.2689
vn -0.9721 0.1660 0.1660
vn -0.9718 0.2291 0.0553
vn -0.7453 0.6026 0.2854
vn -0.7291 0.3249 0.6023
vn -0.8414 0.5319 0.0952
vn -0.8258 0.5558 0.0953
vn -0.7918 0.5939 0.1426
vn -0.7855 0.5713 0.2381
vn -0.3884 0.5311 0.7530
vn -0.5472 0.7534 0.3648
vn -0.5397 0.8334 -0.1190
vn -0.5386 0.8396 -0.0713
vn -0.4978 0.8612 0.1027
vn -0.4758 0.7930 0.3806
vn -0.7974 0.5263 0.2951
vn -0.5085 0.6436 0.5720
vn -0.6026 0.5232 0.6026
vn -0.9314 0.3315 -0.1500
vn -0.8992 0.2445 -0.3628
vn -0.9019 0.2057 -0.3798
vn -0.6668 -0.0000 -0.7452
vn -0.3447 0.1097 -0.9323
vn -0.3759 0.4698 -0.7987
vn 0.3960 0.1786 -0.9007
vn -0.7089 0.3465 -0.6144
vn -0.2099 -0.4740 -0.8551
vn 0.2560 -0.3723 -0.8921
vn -0.0310 -0.5897 -0.8070
vn -0.0390 0.0466 -0.9982
vn -0.0078 0.4995 -0.8663
vn 0.4522 0.4600 -0.7641
vn 0.4687 0.5547 -0.6875
vn -0.3382 0.5821 -0.7394
vn -0.7949 0.5167 0.3180
vn -0.7778 0.5714 0.2619
vn -0.6177 0.6969 -0.3643
vn -0.6637 0.3872 -0.6400
vn -0.2203 0.8104 -0.5429
vn 0.4908 0.7401 -0.4597
vn -0.1741 0.9495 -0.2611
vn -0.4345 0.9006 -0.0079
vn -0.6353 0.6671 0.3891
vn 0.5636 0.8062 -0.1800
vn 0.0157 0.6112 -0.7914
vn 0.0396 0.8671 -0.4966
vn 0.0790 0.9642 -0.2530
vn -0.4051 0.9134 -0.0397
vn -0.1907 0.9613 0.1986
vn -0.0000 0.9037 0.4281
vn -0.6264 0.7691 0.1269
vn 0.6183 0.7592 0.2035
vn 0.4813 0.8049 0.3472
vn 0.6581 0.7364 0.1567
vn 0.6417 0.7669 -0.0000
vn 0.4023 0.9150 0.0316
vn 0.2131 0.9629 -0.1657
vn 0.9041 0.3352 -0.2650
vn 0.9035 0.4284 -0.0156
vn 0.9274 0.2182 -0.3039
vn 0.9723 0.1167 -0.2023
vn 0.9833 0.1561 -0.0936
vn 0.8801 0.3583 -0.3115
vn 0.6454 0.6768 -0.3541
vn 0.1498 0.9619 0.2286
vn -0.0317 0.9339 0.3562
vn -0.3337 0.9215 0.1986
vn -0.4524 0.8889 0.0714
vn -0.7300 0.6744 -0.1111
vn -0.8877 0.4597 -0.0238
vn 0.1189 0.8717 0.4755
vn 0.2834 0.9209 0.2676
vn 0.4091 0.9048 0.1180
vn -0.6351 0.7542 0.1667
vn -0.4922 0.8653 -0.0953
vn -0.4046 0.9045 -0.1349
vn -0.7172 0.5044 -0.4808
vn -0.8018 0.5716 -0.1746
vn -0.4276 0.9027 0.0475
vn -0.4345 0.8769 0.2054
vn -0.4053 0.8344 0.3735
vn -0.8153 0.5699 0.1029
vn -0.7778 0.5556 0.2938
vn -0.0238 0.6187 0.7853
vn -0.3648 0.6662 0.6504
vn -0.3491 0.6822 0.6425
vn -0.2063 0.6427 0.7378
vn -0.2382 0.6907 0.6828
vn -0.3494 0.7543 0.5558
vn -0.6196 0.4607 0.6355
vn -0.5164 0.3734 0.7706
vn -0.3661 0.2388 0.8994
vn -0.7306 0.3732 0.5718
vn -0.5630 0.3885 0.7294
vn -0.1751 0.3422 0.9232
vn 0.0079 0.6579 0.7530
vn 0.1032 0.6194 0.7782
vn 0.4423 0.5765 0.6871
vn 0.3781 0.6223 0.6854
vn 0.3174 0.6666 0.6745
vn 0.5217 0.3004 0.7985
vn 0.7505 0.2893 0.5942
vn 0.2283 0.2913 0.9290
vn 0.5527 0.3790 0.7422
vn 0.7869 0.4879 0.3777
vn 0.1815 0.3157 0.9313
vn -0.1351 0.3418 0.9300
vn 0.0949 0.3005 0.9490
vn 0.1111 0.3333 0.9363
vn 0.8890 0.3353 -0.3119
vn 0.8864 0.2255 -0.4043
vn 0.9553 0.1476 -0.2563
vn 0.8247 -0.0778 -0.5602
vn 0.7180 0.3512 -0.6009
vn 0.8768 -0.1474 -0.4578
vn 0.9190 -0.2240 -0.3244
vn 0.9932 0.0698 -0.0931
vn 0.9992 0.0078 0.0391
vn 0.9843 0.1250 0.1250
vn 0.9707 0.0783 0.2270
vn 0.9317 0.2897 0.2192
vn 0.9375 0.2422 0.2500
vn 0.9861 -0.0311 0.1631
vn 0.9278 0.1637 0.3353
vn 0.9411 0.0235 0.3372
vn 0.9583 -0.0545 0.2805
vn 0.9446 -0.3097 -0.1084
vn 0.9357 -0.2784 -0.2165
vn 0.9479 -0.3185 -0.0078
vn 0.9382 -0.3334 0.0931
vn 0.5330 -0.7028 -0.4712
vn 0.5182 -0.6805 -0.5181
vn 0.5098 -0.6564 -0.5561
vn 0.4889 -0.6207 -0.6130
vn 0.9229 -0.3413 0.1784
vn 0.5339 -0.7118 -0.4565
vn 0.7975 -0.4066 0.4457
vn 0.5271 -0.7440 -0.4107
vn 0.4340 -0.8370 -0.3332
vn 0.6907 -0.0392 0.7221
vn 0.4765 -0.6484 0.5937
vn -0.1412 -0.5724 0.8077
vn 0.3044 -0.6167 0.7260
vn -0.0555 -0.0158 0.9983
vn 0.2579 -0.5784 0.7739
vn 0.3768 -0.0000 0.9263
vn 0.0238 -0.0238 0.9994
vn 0.4314 -0.0157 0.9020
vn -0.3890 -0.0238 0.9209
vn 0.3302 -0.0314 0.9434
vn 0.6451 -0.0393 0.7631
vn 0.8507 -0.0546 0.5229
vn 0.8041 -0.0390 0.5933
vn 0.4566 -0.0000 0.8897
vn 0.2829 -0.0236 0.9589
vn 0.5707 -0.0234 0.8208
vn 0.7914 -0.0078 0.6112
vn 0.5830 0.2757 0.7642
vn 0.3226 0.2203 0.9206
vn 0.0635 0.4684 0.8812
vn 0.2376 0.4751 0.8473
vn 0.2444 -0.0079 0.9697
vn 0.1025 0.2208 0.9699
vn -0.0952 0.5075 0.8564
vn -0.4675 0.2219 0.8557
vn -0.4532 -0.0398 0.8905
vn 0.0159 -0.0317 0.9994
vn -0.0159 0.3727 0.9278
vn 0.4096 0.2600 0.8744
vn -0.5872 0.4920 0.6428
vn -0.0237 0.6322 0.7744
vn 0.5190 0.5426 0.6605
vn 0.0475 0.5301 0.8466
vn -0.1029 0.2691 0.9576
vn -0.5492 0.2547 0.7959
vn -0.1748 0.4211 0.8900
vn -0.0238 0.4597 0.8877
vn -0.3238 0.2369 0.9160
vn -0.2295 0.0079 0.9733
vn -0.2463 -0.0159 0.9691
vn -0.2537 -0.0079 0.9673
vn -0.5871 -0.0238 0.8092
vn -0.5546 -0.0158 0.8320
vn -0.8416 0.0160 0.5399
vn -0.6420 -0.6498 -0.4071
vn -0.5071 -0.7646 -0.3977
vn -0.2887 -0.9051 -0.3121
vn -0.8857 0.4271 -0.1819
vn -0.9232 0.3422 0.1751
vn 0.7079 0.4590 -0.5368
vn 0.3509 0.5926 -0.7251
vn 0.3519 0.4770 -0.8054
vn -0.4573 0.5361 -0.7096
vn -0.4476 0.4555 -0.7695
vn 0.0156 0.6112 -0.7914
vn 0.0394 0.8671 -0.4966
vn -0.4256 0.7566 -0.4964
vn 0.3054 0.8144 -0.4934
vn 0.7037 0.6490 -0.2893
vn -0.5388 0.8082 -0.2377
vn 0.0790 0.9643 -0.2529
vn 0.2204 0.9444 -0.2440
vn 0.5944 0.7977 -0.1016
vn 0.6829 0.6437 0.3454
vn 0.7618 0.5576 0.3299
vn 0.6069 0.4019 0.6857
vn 0.8032 0.4173 0.4252
vn 0.6834 -0.0000 -0.7300
vn 0.3117 0.1169 -0.9430
vn 0.4651 -0.5735 -0.6744
vn 0.3568 -0.5429 -0.7602
vn 0.1712 -0.4743 -0.8635
vn -0.3988 0.1798 -0.8992
vn -0.0079 0.4995 -0.8663
vn -0.0390 0.0468 -0.9981
vn -0.0309 -0.5897 -0.8070
vn -0.2727 -0.3506 -0.8960
vn 0.9823 0.1871 0.0078
vn 0.9301 0.3361 0.1485
vn 0.9582 0.2493 -0.1401
vn 0.9304 0.3597 0.0704
vn 0.9085 0.4072 -0.0940
vn 0.6213 0.4562 0.6371
vn 0.7866 0.4405 0.4326
vn 0.7633 0.5351 0.3620
vn 0.7539 0.5812 0.3063
vn 0.7616 0.6124 0.2120
vn 0.8232 0.5409 0.1725
vn 0.5313 0.8205 -0.2110
vn 0.5654 0.8245 0.0236
vn 0.5751 0.7878 0.2206
vn 0.5908 0.7168 0.3702
vn 0.6076 0.5997 0.5208
vn 0.8510 0.5153 0.1015
vn 0.7327 0.6382 0.2364
vn 0.8988 0.0860 0.4298
vn 0.6886 0.3521 0.6339
vn 0.8880 -0.0156 0.4596
vn 0.3807 0.5472 0.7454
vn 0.5262 0.7933 0.3063
vn 0.9116 -0.0701 0.4052
vn 0.3877 0.5222 0.7596
vn -0.0557 0.3885 0.9198
vn 0.0318 0.1669 0.9855
vn -0.1189 0.6572 0.7443
vn -0.0958 0.5740 0.8132
vn -0.6287 0.2388 0.7401
vn -0.4203 0.1428 0.8961
vn 0.0317 0.5543 0.8317
vn -0.2143 0.1270 0.9685
vn 0.4327 0.1495 0.8891
vn -0.0159 -0.0475 0.9987
vn 0.4407 -0.0315 0.8971
vn -0.0158 0.0712 0.9973
vn -0.5863 -0.0555 0.8082
vn -0.2778 -0.0238 0.9603
vn -0.2702 0.0477 0.9616
vn 0.4332 0.0788 0.8979
vn -0.2611 0.1741 0.9495
vn 0.4485 0.1495 0.8812
vn -0.2053 0.2448 0.9476
vn 0.4659 0.2053 0.8607
vn -0.5873 0.1587 0.7937
vn -0.5871 0.0238 0.8092
vn -0.0079 0.1270 0.9919
vn 0.0079 0.2219 0.9750
vn -0.0079 0.2685 0.9633
vn 0.4658 0.2369 0.8526
vn -0.1108 -0.2928 0.9497
vn 0.3842 -0.3293 0.8625
vn 0.0392 -0.6194 0.7841
vn -0.1908 0.2623 0.9459
vn -0.1108 -0.3800 0.9183
vn -0.3332 -0.3570 0.8727
vn -0.5182 0.2392 0.8211
vn -0.5457 0.2531 0.7988
vn -0.0549 -0.6190 0.7835
vn -0.1575 -0.6536 0.7402
vn -0.5141 -0.4666 0.7197
vn -0.7773 0.1507 0.6108
vn -0.8006 0.1823 0.5707
vn -0.8306 0.1107 0.5458
vn -0.9946 -0.1026 0.0158
vn -0.9942 -0.1026 0.0316
vn -0.7557 -0.6376 0.1496
vn -0.3297 -0.6832 0.6516
vn -0.2111 -0.9772 -0.0234
vn -0.9111 -0.3535 -0.2121
vn -0.9812 -0.1582 -0.1108
vn -0.9793 -0.1264 -0.1580
vn -0.8790 -0.1649 -0.4474
vn -0.9831 -0.1652 -0.0787
vn -0.7490 -0.4838 -0.4526
vn -0.9239 -0.3553 -0.1421
vn -0.9429 0.0159 0.3328
vn -0.8360 -0.1735 -0.5205
vn -0.8986 0.1340 -0.4178
vn -0.5644 -0.7133 -0.4155
vn -0.8131 0.0159 0.5819
vn -0.9141 0.0080 0.4054
vn -0.9062 0.1891 -0.3782
vn -0.9999 -0.0000 0.0159
vn -0.8552 -0.5178 0.0235
vn -0.8280 -0.4968 0.2602
vn -0.7754 -0.5483 -0.3133
vn -0.8902 0.0477 0.4531
vn -0.7990 -0.0079 0.6012
vn -0.6746 0.3333 0.6587
vn -0.9354 0.2378 -0.2616
vn -0.8466 -0.3763 -0.3763
vn -0.9872 -0.0237 -0.1579
vn -0.7227 -0.3614 -0.5892
vn -0.8263 -0.1589 0.5403
vn -0.8009 -0.1189 0.5868
vn -0.9969 0.0633 0.0475
vn -0.9854 0.1351 0.1033
vn -0.8449 0.5291 -0.0789
vn -0.7914 -0.0475 0.6094
vn -0.7801 0.5015 0.3741
vn -0.3744 0.9001 0.2230
vn -0.6981 0.1586 0.6982
vn -0.1830 0.3977 0.8991
vn -0.1190 0.6820 0.7216
vn -0.2151 0.7330 0.6453
vn -0.8553 0.4039 0.3247
vn -0.9961 0.0869 0.0158
vn -0.9966 0.0237 -0.0791
vn -0.8922 -0.0395 -0.4500
vn -0.1715 -0.2572 -0.9510
vn -0.2184 -0.0390 -0.9751
vn -0.9223 0.0158 -0.3862
vn -0.3115 0.0156 -0.9501
vn -0.5654 -0.0236 -0.8245
vn -0.5868 0.0782 -0.8059
vn -0.7063 -0.4159 -0.5729
vn -0.8664 0.0551 -0.4962
vn -0.3585 -0.3507 -0.8651
vn -0.4771 -0.0704 -0.8760
vn -0.7917 -0.0941 -0.6036
vn -0.7816 0.3868 -0.4894
vn -0.2898 0.1332 -0.9478
vn -0.1782 -0.4493 -0.8754
vn -0.3058 0.0784 -0.9489
vn 0.3862 -0.4094 -0.8266
vn 0.4294 0.5153 -0.7417
vn -0.3152 0.5516 -0.7723
vn 0.2502 0.5005 -0.8288
vn -0.0078 0.2644 -0.9644
vn 0.0856 -0.3269 -0.9412
vn 0.3642 0.0542 -0.9297
vn -0.3764 0.6352 -0.6744
vn 0.3132 0.6187 -0.7205
vn -0.1264 0.9721 0.1976
vn -0.1426 0.9429 0.3011
vn 0.3535 0.9270 0.1255
vn 0.0633 0.9972 -0.0396
vn 0.1172 0.2976 -0.9475
vn 0.0467 0.0546 -0.9974
vn -0.8026 0.5115 -0.3069
vn -0.3248 0.8793 0.3485
vn -0.6060 0.3620 -0.7083
vn -0.3484 0.9107 0.2217
vn -0.5029 0.6601 -0.5580
vn -0.2141 0.8247 0.5234
vn -0.8486 0.5155 0.1190
vn -0.3969 0.1167 -0.9104
vn -0.9527 0.0866 -0.2913
vn -0.3766 0.4080 -0.8317
vn 0.0546 0.1793 -0.9823
vn -0.0389 -0.1945 -0.9801
vn -0.4121 -0.4199 -0.8086
vn 0.4757 0.1560 -0.8657
vn 0.5842 0.3661 -0.7244
vn 0.4873 -0.4950 -0.7193
vn 0.5111 -0.2788 -0.8131
vn -0.0701 -0.0000 -0.9975
vn -0.0778 -0.0467 -0.9959
vn 0.5298 0.1558 -0.8337
vn 0.7096 -0.5245 -0.4705
vn -0.0000 0.1946 -0.9809
vn -0.1010 -0.0233 -0.9946
vn 0.0078 -0.0546 -0.9985
vn 0.0543 -0.2018 -0.9779
vn 0.0311 -0.1479 -0.9885
vn -0.3607 0.2666 -0.8938
vn -0.1557 -0.1712 -0.9729
vn 0.0621 -0.2017 -0.9775
vn -0.4458 -0.3909 -0.8053
vn -0.7707 -0.0157 -0.6370
vn -0.7817 -0.0000 -0.6237
vn -0.8094 -0.1572 -0.5658
vn -0.1243 -0.6367 -0.7610
vn -0.6254 -0.5784 -0.5237
vn -0.3259 -0.7683 -0.5510
vn -0.4437 -0.1246 -0.8875
vn -0.4690 0.0078 -0.8832
vn -0.7070 -0.0157 -0.7070
vn -0.4682 -0.4291 -0.7724
vn -0.4276 -0.4196 -0.8007
vn -0.3835 0.0079 -0.9235
vn -0.1560 -0.4134 -0.8971
vn -0.0858 -0.1092 -0.9903
vn -0.1250 -0.0000 -0.9922
vn -0.8531 0.0237 -0.5213
vn -0.8497 0.0079 -0.5272
vn -0.8609 -0.2211 0.4581
vn -0.9899 0.1267 0.0634
vn -0.9867 0.1421 0.0789
vn -0.8089 0.1031 0.5789
vn -0.9859 0.0079 0.1670
vn -0.9925 -0.1181 0.0315
vn -0.8280 0.0315 -0.5599
vn -0.9715 0.1896 0.1422
vn -0.6930 0.5098 0.5098
vn -0.9798 0.1897 0.0632
vn -0.9034 0.1021 -0.4164
vn -0.8582 0.2756 -0.4331
vn -0.8046 0.4575 -0.3786
vn -0.9807 0.1898 -0.0474
vn -0.9394 -0.0474 -0.3395
vn -0.9486 0.3083 0.0711
vn -0.9107 0.4118 0.0317
vn -0.8259 -0.4876 -0.2831
vn -0.9672 -0.0944 -0.2359
vn -0.9560 0.2924 0.0237
vn -0.9502 -0.2042 -0.2356
vn -0.9605 -0.2755 -0.0394
vn -0.5411 -0.7921 -0.2823
vn -0.2800 -0.8633 -0.4200
vn -0.1015 -0.8818 -0.4606
vn -0.3583 -0.8255 -0.4361
vn -0.5864 -0.6960 -0.4144
vn -0.9818 0.0079 -0.1900
vn -0.8772 0.4031 -0.2608
vn -0.9674 0.2379 -0.0872
vn -0.6440 -0.0707 -0.7618
vn -0.8571 0.1101 -0.5032
vn -0.9033 0.1728 -0.3927
vn -0.9434 0.1965 -0.2673
vn -0.9643 -0.0791 0.2529
vn -0.9715 -0.2054 0.1185
vn -0.9570 0.0870 -0.2768
vn -0.9822 -0.0871 -0.1663
vn -0.6248 -0.7342 -0.2657
vn -0.6273 -0.7686 -0.1255
vn -0.9261 0.0633 -0.3720
vn -0.6114 -0.4390 -0.6584
vn -0.5691 -0.7016 -0.4288
vn -0.7491 -0.4838 -0.4526
vn -0.8791 -0.1648 -0.4473
vn -0.9793 -0.1263 -0.1579
vn -0.9882 0.0316 0.1502
vn -0.9911 -0.1268 0.0396
vn -0.9812 -0.1582 -0.1107
vn -0.9827 -0.1268 0.1347
vn -0.9111 -0.3534 -0.2120
vn -0.5886 -0.8084 -0.0000
vn -0.6740 -0.7367 -0.0549
vn -0.2111 -0.9772 -0.0235
vn 0.9722 -0.2178 -0.0855
vn 0.7680 -0.6128 -0.1862
vn 0.9075 -0.4189 -0.0310
vn 0.9440 -0.2553 -0.2089
vn 0.9593 0.2808 -0.0312
vn 0.9700 0.2034 0.1330
vn 0.9626 -0.1242 -0.2407
vn 0.6898 -0.4883 -0.5345
vn 0.6734 -0.5031 -0.5418
vn 0.7372 -0.5586 -0.3802
vn 0.7348 -0.4718 -0.4873
vn 0.9118 -0.1159 -0.3940
vn 0.7602 -0.5429 -0.3568
vn 0.9664 -0.1778 -0.1855
vn 0.9477 -0.3029 0.1010
vn 0.6752 -0.7296 -0.1087
vn 0.3415 -0.9391 0.0388
vn 0.9702 -0.1863 -0.1552
vn 0.9998 -0.0078 -0.0156
vn 0.9166 -0.1942 -0.3495
vn 0.8787 0.2877 -0.3810
vn 0.8208 -0.3096 -0.4800
vn 0.7868 -0.0468 -0.6154
vn 0.9523 -0.1239 -0.2787
vn 0.9713 0.0705 0.2272
vn 0.9592 -0.1170 0.2574
vn 0.9630 -0.0544 -0.2640
vn 0.9260 0.0545 -0.3735
vn 0.9753 0.1482 -0.1638
vn 0.7753 0.6030 -0.1879
vn 0.9031 0.3114 -0.2958
vn 0.9476 0.2408 -0.2097
vn 0.9031 -0.3971 -0.1635
vn 0.9264 -0.3737 0.0467
vn 0.9794 -0.0777 -0.1865
vn 0.9533 -0.2635 0.1473
vn 0.9442 0.2809 -0.1717
vn 0.9834 -0.1639 0.0781
vn 0.9311 -0.3647 0.0078
vn 0.9617 0.1319 -0.2404
vn 0.9442 -0.1316 -0.3018
vn 0.9751 -0.2167 -0.0464
vn 0.8328 -0.0311 -0.5526
vn 0.7765 -0.2407 -0.5824
vn 0.8289 -0.4493 -0.3331
vn 0.7715 -0.4012 -0.4938
vn 0.9992 -0.0000 -0.0390
vn 0.9523 0.0234 0.3044
vn 0.9625 -0.0621 -0.2639
vn 0.8857 0.4546 0.0941
vn 0.9967 0.0779 -0.0234
vn 0.9720 0.1322 -0.1944
vn 0.9699 0.1241 -0.2095
vn 0.9307 0.0310 -0.3645
vn 0.9525 -0.0387 -0.3020
vn 0.9404 -0.0622 -0.3342
vn 0.5339 -0.6425 -0.5496
vn 0.5045 -0.7063 -0.4967
vn 0.6199 -0.6432 -0.4495
vn 0.6381 -0.7007 -0.3191
vn 0.7374 0.0155 -0.6753
vn 0.6290 -0.0388 -0.7765
vn 0.3416 -0.0233 -0.9395
vn 0.1471 -0.3793 -0.9135
vn 0.0854 -0.9002 -0.4269
vn 0.7399 -0.4518 -0.4984
vn 0.8947 -0.0544 -0.4434
vn 0.9007 -0.1786 -0.3960
vn 0.3029 0.1010 -0.9476
vn 0.6905 -0.5663 -0.4500
vn 0.4105 -0.3253 -0.8519
vn 0.1937 -0.2634 -0.9450
vn 0.8316 -0.0621 -0.5518
vn -0.1164 -0.0233 -0.9929
vn -0.0156 -0.1403 -0.9900
vn 0.7748 -0.2092 -0.5966
vn 0.8774 -0.2330 -0.4193
vn 0.7285 -0.4958 -0.4727
vn 0.6872 -0.4940 -0.5327
vn 0.1009 -0.3493 -0.9316
vn 0.4803 -0.2634 -0.8366
vn 0.4034 -0.2867 -0.8689
vn 0.5223 0.2105 -0.8264
vn 0.4795 -0.5724 -0.6652
vn -0.4061 -0.5545 -0.7264
vn 0.1470 -0.3405 -0.9287
vn 0.2550 -0.3631 -0.8962
vn 0.4864 -0.4864 -0.7258
vn -0.6744 -0.3764 -0.6352
vn -0.5221 -0.2883 -0.8027
vn -0.3742 -0.4208 -0.8264
vn 0.0468 -0.2806 -0.9587
vn 0.0467 -0.2877 -0.9566
vn 0.3328 -0.3714 -0.8668
vn 0.3844 0.6981 -0.6040
vn -0.2206 0.6697 -0.7091
vn -0.2878 0.0467 -0.9566
vn 0.3806 0.0233 -0.9244
vn 0.8959 -0.0078 -0.4441
vn 0.2321 -0.4565 -0.8589
vn 0.7251 -0.4551 -0.5168
vn -0.4052 -0.4519 -0.7947
vn 0.0856 -0.3267 -0.9412
vn 0.0468 0.0545 -0.9974
vn 0.1175 0.2974 -0.9475
vn -0.2688 0.9488 0.1660
vn 0.6037 -0.0000 -0.7972
vn 0.1111 0.9444 0.3095
vn 0.7499 0.6093 -0.2578
vn 0.4331 0.8740 0.2204
vn 0.3830 0.6253 -0.6800
vn 0.3577 0.0389 -0.9330
vn 0.8537 0.5169 0.0626
vn 0.1739 0.8451 0.5055
vn 0.2292 0.7662 0.6004
vn 0.8533 0.3914 0.3445
vn 0.1111 0.6189 0.7776
vn 0.6225 0.2285 0.7485
vn 0.6593 0.6043 0.4474
vn 0.1346 0.7046 0.6967
vn 0.3796 0.8777 0.2926
vn 0.8592 0.5078 0.0625
vn 0.9619 0.0310 -0.2715
vn 0.9981 0.0390 0.0468
vn 0.7739 -0.0156 0.6332
vn 0.9569 0.1011 0.2723
vn 0.9764 0.1640 -0.1406
vn 0.6373 0.3541 0.6845
vn 0.9659 0.0311 0.2570
vn 0.7731 -0.0468 0.6326
vn 0.9998 0.0156 -0.0156
vn 0.9475 -0.0310 -0.3184
vn 0.3415 -0.0388 -0.9391
vn 0.9885 -0.0856 -0.1245
vn 0.8457 -0.1331 0.5168
vn 0.9917 -0.0312 0.1249
vn 0.9732 0.1090 -0.2024
vn 0.9531 0.0697 -0.2945
vn 0.8953 0.0389 0.4438
vn 0.9087 -0.1320 -0.3961
vn 0.7368 -0.4032 -0.5428
vn 0.8077 -0.4504 -0.3805
vn 0.8011 -0.5444 0.2489
vn 0.8765 -0.4809 -0.0233
vn 0.7666 0.0313 0.6414
vn 0.9300 0.0156 0.3673
vn 0.8470 -0.2409 -0.4740
vn 0.7371 -0.5587 -0.3802
vn 0.7347 -0.4719 -0.4873
vn 0.7602 -0.5430 -0.3568
vn 0.6904 -0.5664 -0.4500
vn 0.8136 0.0548 0.5789
vn 0.9671 -0.2398 -0.0851
vn 0.9843 -0.1705 -0.0465
vn 0.9061 -0.3485 -0.2401
vn 0.6733 -0.5031 -0.5418
vn 0.8207 -0.3097 -0.4801
vn 0.9165 -0.1942 -0.3497
vn 0.7971 0.1094 0.5939
vn 0.9956 -0.0933 -0.0000
vn 0.8094 0.1257 0.5736
vn 0.5407 -0.4702 0.6975
vn 0.8227 -0.5510 0.1397
vn 0.2436 -0.7386 0.6286
vn 0.3416 -0.9390 0.0388
vn 0.9701 -0.1863 -0.1554
vn 0.2119 -0.6671 0.7142
vn 0.4016 -0.3937 0.8269
vn 0.0942 -0.6123 0.7850
vn 0.6124 0.2120 0.7616
vn 0.6116 0.1882 0.7684
vn 0.6205 0.1021 0.7776
vn 0.3789 0.1342 0.9157
vn 0.5973 0.0236 0.8017
vn 0.5744 -0.0236 0.8183
vn 0.7525 0.0078 0.6585
vn 0.8713 0.0628 0.4867
vn 0.5197 0.2914 0.8031
vn 0.3319 0.2529 0.9088
vn 0.1654 0.2206 0.9612
vn 0.3232 -0.0315 0.9458
vn -0.3495 0.1191 0.9293
vn -0.4270 -0.0712 0.9014
vn 0.3397 0.0237 0.9402
vn -0.3956 0.0316 0.9179
vn 0.1033 0.6750 0.7306
vn -0.0000 0.6362 0.7715
vn -0.0874 0.6116 0.7863
vn -0.4125 0.4998 0.7616
vn -0.0555 0.3885 0.9198
vn -0.0159 -0.0476 0.9987
vn -0.3725 0.1268 0.9193
vn -0.3893 0.2066 0.8976
vn -0.3880 0.2772 0.8790
vn 0.2042 -0.3377 0.9188
vn -0.3308 -0.2363 0.9136
vn 0.3461 0.2754 0.8969
vn 0.3547 0.2286 0.9066
vn -0.0717 0.8046 0.5895
vn -0.0874 0.7467 0.6594
vn -0.1746 0.7459 0.6428
vn -0.1353 0.6926 0.7085
vn -0.1189 0.6820 0.7216
vn -0.1830 0.3978 0.8990
vn 0.1110 0.6578 0.7450
vn 0.0317 0.5545 0.8316
vn -0.0956 0.5741 0.8132
vn 0.0873 0.6509 0.7541
vn -0.1187 0.6572 0.7443
vn -0.0317 0.6660 0.7453
vn -0.0874 0.6594 0.7467
vn -0.0000 0.7457 0.6663
vn -0.0080 0.6362 0.7714
vn -0.1270 0.6350 0.7620
vn -0.0079 0.6012 0.7990
vn 0.0553 0.6003 0.7978
vn -0.0318 0.6273 0.7781
vn -0.0632 0.6001 0.7975
vn 0.0079 0.6276 0.7785
vn -0.0872 0.6424 0.7614
vn -0.0002 0.6364 0.7714
vn -0.0555 0.3886 0.9197
vn 0.3877 0.5223 0.7595
vn 0.0236 0.6787 0.7340
vn 0.0791 0.6725 0.7358
vn 0.1032 0.6750 0.7306
vn 0.2291 0.7662 0.6004
vn 0.0954 0.7789 0.6199
vn 0.0793 0.8331 0.5475
vn 0.1110 0.6189 0.7776
vn 0.1267 0.7286 0.6731
vn 0.1422 0.8773 0.4584
vn 0.0950 0.8706 0.4828
vn 0.1662 0.8313 0.5304
vn 0.1738 0.7743 0.6084
vn 0.1032 0.8974 0.4289
vn -0.1740 0.8145 0.5535
vn -0.1111 0.8725 0.4759
vn -0.0633 0.9019 0.4272
vn -0.0159 0.8990 0.4376
vn 0.0552 0.8993 0.4339
vn 0.0950 0.8872 0.4515
vn 0.0317 0.9275 0.3726
vn 0.0634 0.8640 0.4994
vn -0.0317 0.8471 0.5304
vn -0.0159 0.8657 0.5004
vn 0.0633 0.9261 0.3720
vn 0.0789 0.9787 0.1894
vn 0.3534 0.9270 0.1257
vn -0.3248 0.8792 0.3485
vn -0.3485 0.9107 0.2216
vn -0.2689 0.9488 0.1660
vn 0.4330 0.8740 0.2204
vn 0.1737 0.8451 0.5055
vn 0.6085 0.3979 -0.6866
vn -0.4147 0.4225 -0.8059
vn -0.4772 -0.4929 -0.7276
vn -0.1403 -0.4208 -0.8962
vn 0.0155 -0.7374 -0.6753
vn 0.4869 -0.5179 -0.7034
vn -0.0233 -0.9476 -0.3185
vn 0.0078 -0.8449 -0.5349
vn -0.1403 0.0156 -0.9900
vn -0.1481 -0.3820 -0.9122
vn 0.7511 -0.5110 -0.4181
vn 0.8168 -0.0389 -0.5756
vn 0.0077 -0.1316 -0.9913
vn 0.3731 -0.1399 -0.9172
vn -0.2255 -0.1399 -0.9641
vn 0.4021 -0.2474 -0.8815
vn -0.1783 -0.2713 -0.9458
vn -0.3742 -0.4210 -0.8263
vn -0.4456 -0.3910 -0.8053
vn 0.0544 -0.2329 -0.9710
vn -0.4275 -0.4198 -0.8006
vn -0.4680 -0.4292 -0.7725
vn 0.0467 -0.3345 -0.9412
vn -0.6736 -0.3368 -0.6579
vn 0.6871 -0.4941 -0.5327
vn 0.7809 -0.3711 -0.5025
vn 0.3792 -0.6347 -0.6733
vn 0.7284 -0.4960 -0.4727
vn 0.4104 -0.3253 -0.8519
vn 0.1940 -0.3724 -0.9076
vn 0.6489 -0.1699 -0.7416
vn 0.3581 -0.1167 -0.9264
vn 0.6818 -0.0697 -0.7282
vn 0.8746 -0.1393 -0.4644
vn 0.9311 -0.1408 0.3365
vn 0.8485 0.2335 -0.4749
vn 0.3174 -0.1471 -0.9368
vn 0.2704 -0.3091 -0.9118
vn -0.3354 -0.2340 -0.9126
vn 0.3328 -0.3716 -0.8667
vn 0.0466 -0.2878 -0.9566
vn 0.3963 -0.0466 -0.9169
vn 0.3916 0.4700 -0.7910
vn -0.3047 -0.1172 -0.9452
vn 0.0544 -0.2330 -0.9709
vn -0.2575 0.3589 -0.8972
vn -0.1876 0.4610 -0.8673
vn 0.0080 -0.1317 -0.9913
vn -0.0075 0.2644 -0.9644
vn 0.0393 0.8671 -0.4966
vn -0.9378 0.0954 0.3338
vn -0.8997 0.0947 -0.4262
vn -0.9002 0.2788 0.3346
vn -0.8458 0.4389 0.3032
vn -0.7641 0.6208 0.1751
vn -0.9690 0.1260 -0.2127
vn -0.9859 0.1656 -0.0237
vn -0.9884 0.1502 0.0237
vn -0.8013 -0.5970 0.0393
vn -0.7662 0.6004 -0.2291
vn -0.7527 0.6576 -0.0317
vn -0.7754 -0.5482 -0.3133
vn -0.6939 -0.3976 -0.6003
vn -0.6939 -0.3977 -0.6003
vn -0.3140 -0.8007 0.5102
vn -0.1962 -0.7533 0.6277
vn -0.0156 -0.9889 -0.1480
vn -0.0627 -0.7763 0.6273
vn -0.0314 -0.7146 0.6989
vn 0.1098 -0.7372 0.6667
vn 0.2031 -0.8123 0.5467
vn 0.2419 -0.8272 0.5072
vn -0.6275 -0.7685 -0.1254
vn -0.5887 -0.8083 -0.0000
vn -0.6740 -0.7367 -0.0548
vn -0.3298 -0.6831 0.6517
vn 0.6753 -0.7295 -0.1087
vn 0.6383 -0.7005 -0.3192
vn 0.6200 -0.6430 -0.4495
vn 0.5341 -0.6424 -0.5496
vn 0.5045 -0.7062 -0.4967
vn 0.0853 -0.9003 -0.4268
vn 0.0077 -0.8450 -0.5347
vn -0.1014 -0.8819 -0.4604
vn -0.3582 -0.8255 -0.4361
vn -0.5866 -0.6959 -0.4143
vn -0.6249 -0.7342 -0.2656
vt 0.312500 0.356445
vt 0.310303 0.358398
vt 0.312256 0.359375
vt 0.437744 0.655762
vt 0.424316 0.656494
vt 0.416504 0.641113
vt 0.431885 0.643066
vt 0.412109 0.625732
vt 0.450928 0.575928
vt 0.432617 0.593750
vt 0.418213 0.584473
vt 0.410889 0.607910
vt 0.426025 0.614746
vt 0.427734 0.629639
vt 0.511719 0.649170
vt 0.446533 0.667480
vt 0.475342 0.562256
vt 0.498047 0.560791
vt 0.517578 0.568359
vt 0.456543 0.679199
vt 0.469238 0.691162
vt 0.433105 0.669678
vt 0.445312 0.684082
vt 0.459961 0.697998
vt 0.485352 0.704102
vt 0.505859 0.717773
vt 0.527344 0.729492
vt 0.504395 0.730225
vt 0.553711 0.733887
vt 0.478760 0.713135
vt 0.555664 0.602783
vt 0.565430 0.620117
vt 0.570801 0.632080
vt 0.581543 0.659424
vt 0.590332 0.689209
vt 0.529297 0.744141
vt 0.560547 0.749512
vt 0.573242 0.727295
vt 0.585449 0.714600
vt 0.598145 0.726074
vt 0.603516 0.696533
vt 0.593262 0.661377
vt 0.583984 0.636719
vt 0.581543 0.743652
vt 0.583008 0.740723
vt 0.586426 0.740479
vt 0.574707 0.616943
vt 0.564941 0.597412
vt 0.547852 0.592041
vt 0.532715 0.577637
vt 0.536133 0.564941
vt 0.551758 0.580322
vt 0.518066 0.554688
vt 0.495605 0.545410
vt 0.468506 0.547119
vt 0.440430 0.561035
vt 0.440918 0.564941
vt 0.437012 0.563477
vt 0.450195 0.432129
vt 0.471191 0.439941
vt 0.473389 0.463379
vt 0.474854 0.486816
vt 0.494873 0.491699
vt 0.493896 0.511719
vt 0.494385 0.469238
vt 0.492920 0.445801
vt 0.470703 0.433105
vt 0.449707 0.425781
vt 0.429688 0.416504
vt 0.430176 0.424805
vt 0.492676 0.437988
vt 0.514648 0.451172
vt 0.514648 0.440918
vt 0.541992 0.444336
vt 0.432617 0.451660
vt 0.409424 0.413086
vt 0.410645 0.443848
vt 0.386719 0.432617
vt 0.391113 0.467773
vt 0.361084 0.419434
vt 0.355225 0.375000
vt 0.327881 0.358887
vt 0.385254 0.397949
vt 0.452881 0.457520
vt 0.455566 0.482910
vt 0.436035 0.479492
vt 0.414795 0.476074
vt 0.420654 0.511719
vt 0.441406 0.506836
vt 0.458984 0.505615
vt 0.476074 0.507080
vt 0.426025 0.541748
vt 0.412109 0.536133
vt 0.437012 0.535400
vt 0.449707 0.529053
vt 0.462891 0.525146
vt 0.477295 0.523682
vt 0.407959 0.543701
vt 0.424316 0.551758
vt 0.438232 0.545410
vt 0.450439 0.539795
vt 0.463379 0.535645
vt 0.477539 0.533936
vt 0.492676 0.526367
vt 0.490234 0.535889
vt 0.503906 0.542236
vt 0.513672 0.519775
vt 0.517090 0.499023
vt 0.517090 0.475586
vt 0.542480 0.456055
vt 0.573730 0.460449
vt 0.573730 0.487793
vt 0.609375 0.462402
vt 0.542969 0.481934
vt 0.573242 0.445801
vt 0.607910 0.446777
vt 0.610840 0.443848
vt 0.612793 0.460449
vt 0.612305 0.489258
vt 0.608398 0.490234
vt 0.604492 0.517578
vt 0.573242 0.514893
vt 0.504883 0.531494
vt 0.519043 0.539307
vt 0.540527 0.536377
vt 0.542969 0.508057
vt 0.572266 0.537842
vt 0.600098 0.540039
vt 0.568848 0.551025
vt 0.540527 0.549316
vt 0.519043 0.550049
vt 0.596680 0.553467
vt 0.608887 0.517578
vt 0.603516 0.541260
vt 0.600098 0.555664
vt 0.178101 0.600098
vt 0.184814 0.615234
vt 0.134644 0.636475
vt 0.169312 0.592041
vt 0.147217 0.683838
vt 0.128418 0.686279
vt 0.162598 0.679199
vt 0.171509 0.674805
vt 0.175903 0.669189
vt 0.182495 0.662109
vt 0.142456 0.709717
vt 0.129517 0.707275
vt 0.154785 0.713379
vt 0.169678 0.718262
vt 0.182251 0.705322
vt 0.191528 0.689697
vt 0.196411 0.671875
vt 0.185425 0.645752
vt 0.187988 0.629395
vt 0.201416 0.626465
vt 0.198486 0.608887
vt 0.188110 0.582764
vt 0.175415 0.566406
vt 0.198486 0.629883
vt 0.201660 0.632568
vt 0.200195 0.647949
vt 0.160278 0.587891
vt 0.149414 0.586426
vt 0.141357 0.585693
vt 0.142212 0.557373
vt 0.130371 0.559570
vt 0.131958 0.585205
vt 0.125732 0.584961
vt 0.117004 0.585938
vt 0.117188 0.561768
vt 0.103210 0.563232
vt 0.077454 0.618164
vt 0.082092 0.602539
vt 0.092651 0.595459
vt 0.100159 0.591797
vt 0.102966 0.590088
vt 0.109070 0.587158
vt 0.091797 0.565674
vt 0.083435 0.566895
vt 0.071960 0.568359
vt 0.058624 0.570068
vt 0.040436 0.584473
vt 0.031891 0.609375
vt 0.078491 0.638184
vt 0.082520 0.661865
vt 0.088989 0.676758
vt 0.101868 0.681396
vt 0.115662 0.685547
vt 0.052887 0.695557
vt 0.071106 0.705078
vt 0.088013 0.704590
vt 0.102905 0.706055
vt 0.115479 0.706299
vt 0.038940 0.671631
vt 0.031891 0.642822
vt 0.035217 0.638428
vt 0.030838 0.634521
vt 0.106750 0.504395
vt 0.103394 0.480469
vt 0.120605 0.475586
vt 0.101929 0.455566
vt 0.083862 0.486816
vt 0.117554 0.452148
vt 0.133545 0.449219
vt 0.137207 0.471191
vt 0.154053 0.466797
vt 0.156494 0.489258
vt 0.173584 0.486328
vt 0.157593 0.510254
vt 0.173096 0.509277
vt 0.172363 0.462402
vt 0.189697 0.509766
vt 0.192261 0.483398
vt 0.192017 0.456543
vt 0.170288 0.438477
vt 0.150391 0.444824
vt 0.190186 0.430664
vt 0.210571 0.419922
vt 0.190186 0.421387
vt 0.171997 0.428223
vt 0.153931 0.433105
vt 0.138428 0.436035
vt 0.120789 0.439941
vt 0.211304 0.411621
vt 0.237427 0.402832
vt 0.237183 0.395996
vt 0.262939 0.383301
vt 0.259766 0.378418
vt 0.286621 0.360352
vt 0.258789 0.424316
vt 0.289307 0.362793
vt 0.308105 0.356934
vt 0.309814 0.355469
vt 0.312256 0.407715
vt 0.315918 0.407715
vt 0.313721 0.448730
vt 0.318848 0.448730
vt 0.308838 0.407715
vt 0.287109 0.411133
vt 0.257568 0.461426
vt 0.236450 0.436035
vt 0.235596 0.470703
vt 0.321289 0.482910
vt 0.308594 0.449219
vt 0.285645 0.452148
vt 0.257568 0.494629
vt 0.234375 0.504150
vt 0.233276 0.536377
vt 0.258057 0.523682
vt 0.257812 0.534180
vt 0.237427 0.544678
vt 0.285645 0.485840
vt 0.288330 0.511475
vt 0.287109 0.523682
vt 0.308105 0.508789
vt 0.308594 0.483398
vt 0.314941 0.483398
vt 0.316162 0.509033
vt 0.323975 0.508057
vt 0.308594 0.519775
vt 0.317139 0.520752
vt 0.325195 0.518799
vt 0.345215 0.520996
vt 0.343994 0.509521
vt 0.393799 0.527832
vt 0.390381 0.536133
vt 0.371582 0.528809
vt 0.371582 0.517334
vt 0.342529 0.483398
vt 0.339111 0.450195
vt 0.334473 0.408691
vt 0.365967 0.458008
vt 0.368896 0.490723
vt 0.398193 0.502686
vt 0.410156 0.407227
vt 0.387695 0.393066
vt 0.357666 0.369629
vt 0.329102 0.355957
vt 0.309814 0.354980
vt 0.157471 0.551270
vt 0.166382 0.557617
vt 0.086060 0.512939
vt 0.060150 0.520508
vt 0.055511 0.494629
vt 0.032562 0.528076
vt 0.027283 0.500488
vt 0.028290 0.528320
vt 0.034790 0.552246
vt 0.038940 0.551025
vt 0.063477 0.545166
vt 0.092102 0.539795
vt 0.042511 0.563721
vt 0.038666 0.566650
vt 0.065796 0.559082
vt 0.091553 0.554688
vt 0.114380 0.557617
vt 0.115540 0.547607
vt 0.126099 0.550781
vt 0.123779 0.540527
vt 0.083374 0.459961
vt 0.053436 0.467285
vt 0.103333 0.442383
vt 0.082947 0.445801
vt 0.054810 0.451172
vt 0.024490 0.473145
vt 0.023056 0.500244
vt 0.020966 0.471191
vt 0.020386 0.454590
vt 0.023849 0.457031
vt 0.140381 0.493164
vt 0.143066 0.513184
vt 0.124329 0.498047
vt 0.128662 0.518066
vt 0.112610 0.525879
vt 0.137085 0.546143
vt 0.133179 0.533691
vt 0.144653 0.529297
vt 0.157349 0.528320
vt 0.171143 0.529541
vt 0.185547 0.531494
vt 0.197021 0.548340
vt 0.184937 0.543457
vt 0.171265 0.541504
vt 0.157227 0.541748
vt 0.145386 0.542969
vt 0.197998 0.537354
vt 0.211060 0.546875
vt 0.211182 0.514648
vt 0.221802 0.541992
vt 0.213135 0.479492
vt 0.223999 0.551270
vt 0.212524 0.556885
vt 0.213257 0.448242
vt 0.360840 0.339844
vt 0.354004 0.334961
vt 0.354004 0.324707
vt 0.459961 0.380371
vt 0.421875 0.357422
vt 0.434570 0.352051
vt 0.410156 0.336914
vt 0.384277 0.343750
vt 0.384521 0.325684
vt 0.361572 0.321777
vt 0.354004 0.307129
vt 0.361816 0.307617
vt 0.354248 0.290039
vt 0.412842 0.314453
vt 0.383057 0.308105
vt 0.381836 0.290527
vt 0.361572 0.289551
vt 0.380371 0.270020
vt 0.361572 0.269531
vt 0.378906 0.252930
vt 0.361816 0.252930
vt 0.412109 0.271973
vt 0.412598 0.294434
vt 0.354492 0.270020
vt 0.354980 0.253906
vt 0.355957 0.237793
vt 0.361816 0.236816
vt 0.357178 0.221680
vt 0.361328 0.223145
vt 0.358643 0.215820
vt 0.377686 0.236328
vt 0.375977 0.220215
vt 0.395996 0.214355
vt 0.402588 0.232910
vt 0.407715 0.251465
vt 0.373047 0.209473
vt 0.393555 0.203613
vt 0.418457 0.204590
vt 0.428467 0.227539
vt 0.437744 0.246582
vt 0.448730 0.272949
vt 0.467041 0.243164
vt 0.456787 0.219727
vt 0.445068 0.193848
vt 0.417236 0.193848
vt 0.446533 0.185547
vt 0.455078 0.198730
vt 0.466797 0.218262
vt 0.476562 0.235352
vt 0.490479 0.252930
vt 0.482178 0.268555
vt 0.498779 0.263672
vt 0.495361 0.278320
vt 0.482178 0.296387
vt 0.513672 0.286133
vt 0.510254 0.310059
vt 0.517090 0.267578
vt 0.446533 0.300293
vt 0.476562 0.320312
vt 0.507812 0.335449
vt 0.514648 0.310059
vt 0.517090 0.283691
vt 0.520996 0.288086
vt 0.534180 0.265137
vt 0.472656 0.345215
vt 0.443115 0.324219
vt 0.464355 0.372559
vt 0.505371 0.362305
vt 0.542480 0.292480
vt 0.545898 0.319824
vt 0.567383 0.296387
vt 0.520996 0.312012
vt 0.520020 0.338867
vt 0.513184 0.336426
vt 0.510254 0.363770
vt 0.503418 0.392578
vt 0.518066 0.365234
vt 0.507812 0.395508
vt 0.500977 0.399414
vt 0.517090 0.396484
vt 0.512695 0.403809
vt 0.506836 0.405762
vt 0.556152 0.421387
vt 0.558105 0.414551
vt 0.552246 0.378906
vt 0.549316 0.349121
vt 0.575684 0.327148
vt 0.593750 0.298340
vt 0.604980 0.332031
vt 0.583984 0.358398
vt 0.615234 0.365723
vt 0.621582 0.361328
vt 0.628418 0.393066
vt 0.632324 0.368164
vt 0.638672 0.395020
vt 0.628906 0.363281
vt 0.609863 0.327148
vt 0.619629 0.330566
vt 0.631348 0.359375
vt 0.666504 0.360352
vt 0.667969 0.367676
vt 0.676270 0.398926
vt 0.701660 0.361328
vt 0.701660 0.352539
vt 0.666016 0.355957
vt 0.697754 0.347656
vt 0.703125 0.347168
vt 0.707520 0.351074
vt 0.708496 0.361816
vt 0.710449 0.392090
vt 0.681152 0.432617
vt 0.714844 0.427246
vt 0.683594 0.439453
vt 0.653320 0.441406
vt 0.716797 0.432617
vt 0.723145 0.425293
vt 0.721680 0.419434
vt 0.716309 0.391113
vt 0.648926 0.431641
vt 0.644531 0.439941
vt 0.638184 0.432129
vt 0.635742 0.439453
vt 0.631348 0.432617
vt 0.596680 0.431641
vt 0.594238 0.426270
vt 0.622559 0.395508
vt 0.590332 0.390137
vt 0.318359 0.101074
vt 0.315430 0.104980
vt 0.314941 0.082520
vt 0.318115 0.085449
vt 0.344727 0.102539
vt 0.342285 0.099609
vt 0.340576 0.083496
vt 0.343750 0.080078
vt 0.348389 0.079102
vt 0.349854 0.104492
vt 0.345215 0.077148
vt 0.341309 0.048828
vt 0.314209 0.079590
vt 0.302490 0.082031
vt 0.304443 0.108398
vt 0.314209 0.108398
vt 0.314941 0.132812
vt 0.318848 0.127930
vt 0.301758 0.055176
vt 0.304443 0.153320
vt 0.280518 0.144043
vt 0.280273 0.109375
vt 0.279785 0.083008
vt 0.279297 0.052246
vt 0.301758 0.047363
vt 0.279785 0.044434
vt 0.274658 0.038574
vt 0.272705 0.062500
vt 0.273193 0.084961
vt 0.273682 0.115234
vt 0.271973 0.141113
vt 0.260254 0.135742
vt 0.267090 0.112305
vt 0.265869 0.045410
vt 0.267822 0.063477
vt 0.267822 0.085938
vt 0.251709 0.081543
vt 0.251465 0.063965
vt 0.228394 0.086914
vt 0.221191 0.082520
vt 0.224854 0.076660
vt 0.230469 0.072754
vt 0.237549 0.078613
vt 0.234985 0.095215
vt 0.250977 0.104980
vt 0.236084 0.062500
vt 0.229126 0.062012
vt 0.225952 0.068848
vt 0.221436 0.069824
vt 0.220825 0.075195
vt 0.217896 0.079590
vt 0.209106 0.070312
vt 0.219482 0.064453
vt 0.223511 0.061523
vt 0.219482 0.046387
vt 0.245483 0.036133
vt 0.223755 0.031738
vt 0.214355 0.054688
vt 0.215210 0.060547
vt 0.209961 0.059082
vt 0.250244 0.038086
vt 0.268311 0.039062
vt 0.271484 0.030762
vt 0.244507 0.024414
vt 0.225708 0.020508
vt 0.203979 0.028320
vt 0.201172 0.042969
vt 0.202637 0.055664
vt 0.180542 0.075684
vt 0.179688 0.061035
vt 0.194458 0.065430
vt 0.197510 0.059570
vt 0.200195 0.063477
vt 0.204590 0.060059
vt 0.184082 0.043457
vt 0.188965 0.025879
vt 0.205078 0.014648
vt 0.189697 0.012695
vt 0.196167 0.080078
vt 0.187012 0.089355
vt 0.201782 0.092285
vt 0.182495 0.094727
vt 0.173218 0.075195
vt 0.163086 0.052246
vt 0.167358 0.037109
vt 0.172119 0.021973
vt 0.154907 0.032715
vt 0.154175 0.015625
vt 0.147461 0.011719
vt 0.173828 0.010742
vt 0.157593 0.008301
vt 0.143799 0.001953
vt 0.463867 0.095215
vt 0.467285 0.104004
vt 0.451660 0.101074
vt 0.470703 0.094727
vt 0.468506 0.090820
vt 0.473145 0.087891
vt 0.476074 0.090820
vt 0.481689 0.096680
vt 0.485107 0.099121
vt 0.469238 0.112305
vt 0.444092 0.122559
vt 0.433838 0.097168
vt 0.432617 0.125977
vt 0.420166 0.104980
vt 0.442627 0.088867
vt 0.494141 0.015625
vt 0.515625 0.012695
vt 0.512207 0.036133
vt 0.489990 0.038086
vt 0.509277 0.058105
vt 0.483398 0.061035
vt 0.496826 0.083496
vt 0.489258 0.079590
vt 0.479980 0.084473
vt 0.476074 0.083008
vt 0.476562 0.077637
vt 0.480713 0.076660
vt 0.478516 0.069824
vt 0.473389 0.065430
vt 0.465576 0.056641
vt 0.467285 0.062500
vt 0.459961 0.063477
vt 0.465820 0.066895
vt 0.470947 0.068848
vt 0.464355 0.079590
vt 0.474854 0.072754
vt 0.463623 0.091309
vt 0.456055 0.092773
vt 0.450439 0.088379
vt 0.457031 0.089844
vt 0.452881 0.085938
vt 0.447266 0.080078
vt 0.451660 0.080078
vt 0.452881 0.075195
vt 0.460449 0.067871
vt 0.455811 0.070801
vt 0.448730 0.072754
vt 0.439697 0.074707
vt 0.431396 0.076660
vt 0.449707 0.058105
vt 0.453369 0.066895
vt 0.467285 0.041992
vt 0.447754 0.046387
vt 0.432129 0.055664
vt 0.417480 0.055664
vt 0.419678 0.077148
vt 0.424072 0.032227
vt 0.413574 0.034668
vt 0.442627 0.024414
vt 0.465576 0.018066
vt 0.388428 0.110840
vt 0.387695 0.074219
vt 0.394775 0.075684
vt 0.393799 0.043945
vt 0.382568 0.035645
vt 0.409668 0.038086
vt 0.413574 0.072266
vt 0.413818 0.106445
vt 0.395020 0.110352
vt 0.426758 0.130371
vt 0.410645 0.134277
vt 0.405518 0.135742
vt 0.381592 0.103027
vt 0.358154 0.103027
vt 0.359375 0.129883
vt 0.381836 0.129395
vt 0.387695 0.127930
vt 0.392090 0.142090
vt 0.386963 0.143555
vt 0.351807 0.131348
vt 0.345459 0.106445
vt 0.346680 0.130859
vt 0.343018 0.126465
vt 0.342285 0.110352
vt 0.317627 0.111328
vt 0.362061 0.155273
vt 0.356689 0.155273
vt 0.348877 0.137695
vt 0.316406 0.140137
vt 0.312744 0.153320
vt 0.316895 0.157715
vt 0.330322 0.160645
vt 0.334961 0.160645
vt 0.352783 0.157227
vt 0.042572 0.428223
vt 0.014694 0.425781
vt 0.016388 0.389648
vt 0.048279 0.392578
vt 0.082153 0.387207
vt 0.054474 0.360352
vt 0.088989 0.356934
vt 0.023087 0.357910
vt 0.016388 0.359375
vt 0.009796 0.389160
vt 0.007599 0.417480
vt 0.006199 0.423340
vt 0.012993 0.430664
vt 0.090454 0.385742
vt 0.040985 0.433594
vt 0.073486 0.424805
vt 0.082092 0.427246
vt 0.085876 0.423828
vt 0.095459 0.387207
vt 0.116882 0.417480
vt 0.117188 0.424805
vt 0.151489 0.413574
vt 0.153687 0.404297
vt 0.197388 0.395996
vt 0.196655 0.386230
vt 0.205078 0.387207
vt 0.206055 0.398438
vt 0.211182 0.391602
vt 0.210571 0.383301
vt 0.126221 0.381836
vt 0.160645 0.370117
vt 0.199707 0.353027
vt 0.206055 0.352539
vt 0.211914 0.350098
vt 0.246460 0.366211
vt 0.207642 0.324219
vt 0.201904 0.324707
vt 0.168579 0.338379
vt 0.135742 0.349121
vt 0.103394 0.356445
vt 0.178345 0.303223
vt 0.203613 0.293945
vt 0.208984 0.292969
vt 0.213867 0.322266
vt 0.214478 0.292480
vt 0.241699 0.308594
vt 0.147827 0.313477
vt 0.155640 0.280762
vt 0.182617 0.275391
vt 0.205566 0.270996
vt 0.208984 0.269043
vt 0.272949 0.288086
vt 0.241455 0.279785
vt 0.214600 0.270020
vt 0.207886 0.259766
vt 0.180908 0.263184
vt 0.168579 0.262695
vt 0.161987 0.267578
vt 0.271240 0.256348
vt 0.246094 0.246582
vt 0.257324 0.227051
vt 0.231689 0.259766
vt 0.224731 0.251953
vt 0.239136 0.243164
vt 0.252930 0.225098
vt 0.282715 0.237793
vt 0.264893 0.208496
vt 0.290283 0.217773
vt 0.301025 0.196289
vt 0.275635 0.180664
vt 0.303955 0.186523
vt 0.272217 0.169922
vt 0.259766 0.205078
vt 0.321045 0.194824
vt 0.318359 0.206543
vt 0.342773 0.206543
vt 0.310547 0.226562
vt 0.304932 0.244629
vt 0.299072 0.263672
vt 0.322510 0.267090
vt 0.298340 0.289062
vt 0.297852 0.312500
vt 0.275635 0.316406
vt 0.243286 0.333496
vt 0.280762 0.347656
vt 0.301758 0.337891
vt 0.324951 0.328613
vt 0.322754 0.309082
vt 0.345459 0.323730
vt 0.347168 0.307129
vt 0.322510 0.289062
vt 0.347656 0.289062
vt 0.243896 0.376953
vt 0.281982 0.356934
vt 0.316895 0.342285
vt 0.347168 0.338867
vt 0.348633 0.268555
vt 0.349854 0.251953
vt 0.351074 0.235352
vt 0.337158 0.215820
vt 0.353271 0.222656
vt 0.331299 0.232422
vt 0.326660 0.249023
vt 0.249023 0.573975
vt 0.275879 0.547607
vt 0.277832 0.556641
vt 0.253662 0.580322
vt 0.265137 0.585938
vt 0.250000 0.612061
vt 0.234131 0.613037
vt 0.229248 0.607178
vt 0.215576 0.709473
vt 0.207642 0.717285
vt 0.201294 0.686768
vt 0.211060 0.681641
vt 0.212036 0.650391
vt 0.220581 0.648926
vt 0.227661 0.611328
vt 0.237549 0.642334
vt 0.299316 0.632812
vt 0.226685 0.722412
vt 0.249756 0.730957
vt 0.242554 0.703125
vt 0.233276 0.692871
vt 0.229492 0.669678
vt 0.261719 0.710938
vt 0.285645 0.707031
vt 0.278564 0.726318
vt 0.276855 0.736816
vt 0.244995 0.742188
vt 0.222900 0.734619
vt 0.218994 0.734131
vt 0.217041 0.730225
vt 0.309326 0.710205
vt 0.311279 0.693359
vt 0.336670 0.693359
vt 0.337891 0.700439
vt 0.311279 0.718750
vt 0.377441 0.666016
vt 0.368652 0.662842
vt 0.384766 0.638672
vt 0.343750 0.695801
vt 0.335449 0.676270
vt 0.380127 0.609863
vt 0.393311 0.609131
vt 0.373047 0.634033
vt 0.359863 0.654053
vt 0.373779 0.586670
vt 0.284912 0.566406
vt 0.313232 0.555664
vt 0.335938 0.556885
vt 0.355225 0.565918
vt 0.359863 0.569336
vt 0.362793 0.572510
vt 0.371826 0.563232
vt 0.385742 0.581055
vt 0.312256 0.543457
vt 0.339600 0.544922
vt 0.363770 0.555908
vt 0.368896 0.559570
vt 0.374023 0.553223
vt 0.371826 0.546631
vt 0.344727 0.534180
vt 0.319824 0.531982
vt 0.314453 0.531494
vt 0.308594 0.533936
vt 0.381104 0.555664
vt 0.396484 0.574951
vt 0.404785 0.610840
vt 0.395264 0.639160
vt 0.340820 0.074219
vt 0.317383 0.076660
vt 0.315186 0.053711
vt 0.312500 0.051758
vt 0.308594 0.042480
vt 0.338623 0.051758
vt 0.307373 0.032715
vt 0.344482 0.039062
vt 0.356934 0.078125
vt 0.354980 0.049316
vt 0.376221 0.045410
vt 0.380615 0.076660
vt 0.690918 0.314941
vt 0.686035 0.317383
vt 0.653320 0.325195
vt 0.667480 0.283691
vt 0.638184 0.291504
vt 0.646484 0.271484
vt 0.642090 0.267578
vt 0.634766 0.272461
vt 0.607422 0.274902
vt 0.660645 0.268555
vt 0.671875 0.281250
vt 0.581055 0.274902
vt 0.594238 0.276367
vt 0.597656 0.292480
vt 0.606445 0.297852
vt 0.085144 0.270020
vt 0.114685 0.268066
vt 0.111572 0.287598
vt 0.121155 0.280762
vt 0.121765 0.267090
vt 0.137451 0.264648
vt 0.143799 0.267578
vt 0.125977 0.286133
vt 0.108582 0.319824
vt 0.114075 0.322754
vt 0.097290 0.354004
vt 0.101257 0.321289
vt 0.093994 0.353516
vt 0.090698 0.349609
vt 0.068176 0.319336
vt 0.078979 0.283203
vt 0.050476 0.277832
vt 0.079468 0.267090
vt 0.074097 0.267578
vt 0.059784 0.258301
vt 0.058472 0.354492
vt 0.056274 0.350098
vt 0.037292 0.313965
vt 0.041870 0.279785
vt 0.052490 0.256348
vt 0.025085 0.350098
vt 0.025986 0.344238
vt 0.031891 0.312012
vt 0.018097 0.349121
vt 0.020493 0.344238
vt 0.197632 0.068359
vt 0.193481 0.073730
vt 0.197388 0.073242
vt 0.199341 0.078125
vt 0.203491 0.081055
vt 0.201294 0.084961
vt 0.207764 0.086914
vt 0.215332 0.086426
vt 0.215454 0.098633
vt 0.213379 0.082520
vt 0.208252 0.083008
vt 0.200439 0.108398
vt 0.220703 0.111816
vt 0.243774 0.124512
vt 0.560059 0.272461
vt 0.816895 0.962830
vt 0.799805 0.975815
vt 0.768555 0.901794
vt 0.780762 0.980911
vt 0.765625 0.983704
vt 0.743652 0.980515
vt 0.725586 0.971207
vt 0.712402 0.962341
vt 0.838867 0.893188
vt 0.839355 0.908630
vt 0.837891 0.924561
vt 0.832031 0.943024
vt 0.819336 0.967102
vt 0.802246 0.984703
vt 0.781738 0.992203
vt 0.687500 0.910522
vt 0.688477 0.882812
vt 0.693848 0.862305
vt 0.701660 0.847046
vt 0.706055 0.840576
vt 0.728516 0.830566
vt 0.753418 0.818604
vt 0.782715 0.823486
vt 0.810059 0.835815
vt 0.826660 0.850220
vt 0.832520 0.862183
vt 0.836914 0.879517
vt 0.764160 0.996700
vt 0.743164 0.992603
vt 0.721680 0.980408
vt 0.709473 0.967377
vt 0.693848 0.938171
s 1
usemtl DPROP_GEN_SentinelLeg_MATINST.009
f 1/1/1 3/3/3 2/2/2
f 4/4/4 6/6/6 5/5/5
f 6/6/6 4/4/4 7/7/7
f 7/7/7 8/8/8 6/6/6
f 9/9/9 11/11/11 10/10/10
f 12/12/12 10/10/10 11/11/11
f 8/8/8 13/13/13 12/12/12
f 10/10/10 12/12/12 13/13/13
f 8/8/8 7/7/7 14/14/14
f 13/13/13 8/8/8 14/14/14
f 15/15/15 14/14/14 7/7/7
f 4/4/4 15/15/15 7/7/7
f 10/10/10 15/15/15 9/9/9
f 15/15/15 10/10/10 13/13/13
f 15/15/15 13/13/13 14/14/14
f 4/4/4 16/16/16 15/15/15
f 5/5/5 16/16/16 4/4/4
f 15/15/15 17/17/17 9/9/9
f 17/17/17 15/15/15 18/18/18
f 15/15/15 19/19/19 18/18/18
f 15/15/15 16/16/16 20/20/20
f 15/15/15 20/20/20 21/21/21
f 22/22/22 20/20/20 16/16/16
f 16/16/16 5/5/5 22/22/22
f 20/20/20 22/22/22 23/23/23
f 20/20/20 24/24/24 21/21/21
f 24/24/24 20/20/20 23/23/23
f 15/15/15 21/21/21 25/25/25
f 24/24/24 25/25/25 21/21/21
f 15/15/15 25/25/25 26/26/26
f 27/27/27 15/15/15 26/26/26
f 28/28/28 27/27/27 26/26/26
f 29/29/29 15/15/15 27/27/27
f 26/26/26 30/30/30 28/28/28
f 30/30/30 26/26/26 25/25/25
f 25/25/25 24/24/24 30/30/30
f 15/15/15 32/32/32 31/31/31
f 33/33/33 32/32/32 15/15/15
f 15/15/15 34/34/34 33/33/33
f 34/34/34 15/15/15 35/35/35
f 27/27/27 28/28/28 36/36/36
f 27/27/27 37/37/37 29/29/29
f 37/37/37 27/27/27 36/36/36
f 15/15/15 29/29/29 38/38/38
f 37/37/37 38/38/38 29/29/29
f 39/39/39 15/15/15 38/38/38
f 35/35/35 15/15/15 39/39/39
f 38/38/38 40/40/40 39/39/39
f 40/40/40 35/35/35 39/39/39
f 35/35/35 40/40/40 41/41/41
f 35/35/35 42/42/42 34/34/34
f 42/42/42 35/35/35 41/41/41
f 34/34/34 43/43/43 33/33/33
f 43/43/43 34/34/34 42/42/42
f 38/38/38 37/37/37 44/44/44
f 45/45/45 38/38/38 44/44/44
f 40/40/40 38/38/38 46/46/46
f 38/38/38 45/45/45 46/46/46
f 33/33/33 47/47/47 32/32/32
f 47/47/47 33/33/33 43/43/43
f 48/48/48 32/32/32 47/47/47
f 32/32/32 48/48/48 31/31/31
f 31/31/31 49/49/49 15/15/15
f 48/48/48 49/49/49 31/31/31
f 15/15/15 50/50/50 19/19/19
f 15/15/15 49/49/49 50/50/50
f 51/51/51 19/19/19 50/50/50
f 49/49/49 51/51/51 50/50/50
f 49/49/49 48/48/48 52/52/52
f 51/51/51 49/49/49 52/52/52
f 19/19/19 51/51/51 53/53/53
f 19/19/19 54/54/54 18/18/18
f 54/54/54 19/19/19 53/53/53
f 18/18/18 55/55/55 17/17/17
f 55/55/55 18/18/18 54/54/54
f 56/56/56 17/17/17 55/55/55
f 17/17/17 56/56/56 9/9/9
f 57/57/57 9/9/9 56/56/56
f 11/11/11 9/9/9 58/58/58
f 9/9/9 57/57/57 58/58/58
f 59/59/59 61/61/61 60/60/60
f 62/62/62 64/64/64 63/63/63
f 62/62/62 65/65/65 61/61/61
f 65/65/65 62/62/62 63/63/63
f 66/66/66 61/61/61 65/65/65
f 61/61/61 66/66/66 60/60/60
f 66/66/66 67/67/67 60/60/60
f 60/60/60 68/68/68 59/59/59
f 68/68/68 60/60/60 67/67/67
f 69/69/47 59/59/59 68/68/68
f 59/59/59 69/69/47 70/70/69
f 67/67/67 66/66/66 71/71/70
f 65/65/65 72/72/71 66/66/66
f 72/72/71 71/71/70 66/66/66
f 71/71/70 72/72/71 73/73/72
f 72/72/71 74/74/73 73/73/72
f 75/75/74 59/59/59 70/70/69
f 76/76/75 75/75/74 70/70/69
f 75/75/74 76/76/75 77/77/76
f 76/76/75 78/78/77 77/77/76
f 79/79/78 77/77/76 78/78/77
f 80/80/79 79/79/78 78/78/77
f 78/78/77 81/81/80 80/80/79
f 82/82/81 80/80/79 81/81/80
f 78/78/77 76/76/75 83/83/82
f 81/81/80 78/78/77 83/83/82
f 61/61/61 59/59/59 84/84/83
f 84/84/83 62/62/62 61/61/61
f 59/59/59 75/75/74 84/84/83
f 62/62/62 84/84/83 85/85/84
f 77/77/76 86/86/85 75/75/74
f 84/84/83 86/86/85 85/85/84
f 86/86/85 84/84/83 75/75/74
f 77/77/76 79/79/78 87/87/86
f 86/86/85 77/77/76 87/87/86
f 79/79/78 88/88/87 87/87/86
f 89/89/88 87/87/86 88/88/87
f 87/87/86 89/89/88 86/86/85
f 90/90/89 86/86/85 89/89/88
f 86/86/85 90/90/89 85/85/84
f 85/85/84 91/91/90 62/62/62
f 91/91/90 85/85/84 90/90/89
f 64/64/64 62/62/62 91/91/90
f 92/92/91 88/88/87 93/93/92
f 88/88/87 92/92/91 94/94/93
f 94/94/93 89/89/88 88/88/87
f 95/95/94 90/90/89 89/89/88
f 89/89/88 94/94/93 95/95/94
f 90/90/89 95/95/94 96/96/95
f 96/96/95 91/91/90 90/90/89
f 97/97/96 64/64/64 91/91/90
f 91/91/90 96/96/95 97/97/96
f 98/98/97 92/92/91 93/93/92
f 92/92/91 98/98/97 99/99/98
f 92/92/91 100/100/99 94/94/93
f 100/100/99 92/92/91 99/99/98
f 94/94/93 101/101/100 95/95/94
f 101/101/100 94/94/93 100/100/99
f 95/95/94 102/102/101 96/96/95
f 102/102/101 95/95/94 101/101/100
f 103/103/102 96/96/95 102/102/101
f 96/96/95 103/103/102 97/97/96
f 104/104/103 103/103/102 105/105/104
f 103/103/102 104/104/103 97/97/96
f 64/64/64 97/97/96 104/104/103
f 106/106/105 104/104/103 105/105/104
f 107/107/106 63/63/63 64/64/64
f 104/104/103 107/107/106 64/64/64
f 63/63/63 107/107/106 108/108/107
f 108/108/107 65/65/65 63/63/63
f 72/72/71 65/65/65 109/109/108
f 65/65/65 108/108/107 109/109/108
f 74/74/73 72/72/71 110/110/109
f 109/109/108 110/110/109 72/72/71
f 111/111/110 74/74/73 110/110/109
f 112/112/111 113/113/112 111/111/110
f 110/110/109 109/109/108 114/114/113
f 108/108/107 114/114/113 109/109/108
f 111/111/110 114/114/113 112/112/111
f 114/114/113 111/111/110 110/110/109
f 113/113/112 115/115/114 111/111/110
f 74/74/73 111/111/110 115/115/114
f 115/115/114 113/113/112 116/116/115
f 113/113/112 117/117/116 116/116/115
f 117/117/116 113/113/112 118/118/117
f 113/113/112 119/119/118 118/118/117
f 113/113/112 112/112/111 120/120/119
f 119/119/118 113/113/112 120/120/119
f 121/121/120 119/119/118 120/120/119
f 114/114/113 122/122/121 112/112/111
f 122/122/121 120/120/119 112/112/111
f 120/120/119 122/122/121 121/121/120
f 107/107/106 104/104/103 123/123/122
f 104/104/103 106/106/105 123/123/122
f 124/124/123 107/107/106 123/123/122
f 106/106/105 124/124/123 123/123/122
f 125/125/124 108/108/107 107/107/106
f 107/107/106 124/124/123 125/125/124
f 108/108/107 125/125/124 126/126/125
f 114/114/113 108/108/107 126/126/125
f 122/122/121 114/114/113 126/126/125
f 126/126/125 127/127/126 122/122/121
f 127/127/126 126/126/125 125/125/124
f 128/128/127 122/122/121 127/127/126
f 122/122/121 128/128/127 121/121/120
f 129/129/128 128/128/127 127/127/126
f 127/127/126 130/130/129 129/129/128
f 130/130/129 127/127/126 125/125/124
f 124/124/123 106/106/105 131/131/130
f 131/131/130 125/125/124 124/124/123
f 125/125/124 131/131/130 130/130/129
f 128/128/127 129/129/128 132/132/131
f 128/128/127 133/133/132 121/121/120
f 119/119/118 121/121/120 133/133/132
f 132/132/131 134/134/133 128/128/127
f 133/133/132 128/128/127 134/134/133
f 134/134/133 132/132/131 135/135/134
f 136/136/135 138/138/137 137/137/136
f 139/139/138 138/138/137 136/136/135
f 138/138/137 141/141/140 140/140/139
f 142/142/141 138/138/137 140/140/139
f 143/143/142 138/138/137 142/142/141
f 144/144/143 138/138/137 143/143/142
f 145/145/144 138/138/137 144/144/143
f 140/140/139 147/147/146 146/146/145
f 147/147/146 140/140/139 141/141/140
f 148/148/147 142/142/141 140/140/139
f 148/148/147 140/140/139 146/146/145
f 142/142/141 148/148/147 149/149/148
f 142/142/141 150/150/149 143/143/142
f 150/150/149 142/142/141 149/149/148
f 151/151/150 143/143/142 150/150/149
f 143/143/142 151/151/150 144/144/143
f 144/144/143 152/152/151 145/145/144
f 152/152/151 144/144/143 151/151/150
f 153/153/152 138/138/137 145/145/144
f 152/152/151 153/153/152 145/145/144
f 137/137/136 138/138/137 154/154/153
f 154/154/153 138/138/137 153/153/152
f 155/155/154 137/137/136 154/154/153
f 137/137/136 155/155/154 156/156/155
f 137/137/136 157/157/156 136/136/135
f 157/157/156 137/137/136 156/156/155
f 158/158/157 136/136/135 157/157/156
f 136/136/135 158/158/157 139/139/138
f 155/155/154 154/154/153 159/159/158
f 159/159/158 154/154/153 160/160/159
f 153/153/152 160/160/159 154/154/153
f 160/160/159 153/153/152 161/161/160
f 153/153/152 152/152/151 161/161/160
f 162/162/161 138/138/137 139/139/138
f 158/158/157 162/162/161 139/139/138
f 138/138/137 162/162/161 163/163/162
f 138/138/137 163/163/162 164/164/163
f 163/163/162 165/165/164 164/164/163
f 166/166/165 164/164/163 165/165/164
f 164/164/163 166/166/165 167/167/166
f 138/138/137 164/164/163 167/167/166
f 138/138/137 167/167/166 168/168/167
f 166/166/165 168/168/167 167/167/166
f 138/138/137 168/168/167 169/169/168
f 168/168/167 166/166/165 170/170/169
f 169/169/168 170/170/169 171/171/170
f 170/170/169 169/169/168 168/168/167
f 172/172/171 138/138/137 173/173/172
f 173/173/172 138/138/137 174/174/173
f 138/138/137 175/175/174 174/174/173
f 138/138/137 176/176/175 175/175/174
f 138/138/137 177/177/176 176/176/175
f 171/171/170 177/177/176 169/169/168
f 138/138/137 169/169/168 177/177/176
f 177/177/176 171/171/170 178/178/177
f 178/178/177 176/176/175 177/177/176
f 176/176/175 178/178/177 179/179/178
f 179/179/178 175/175/174 176/176/175
f 180/180/179 174/174/173 175/175/174
f 175/175/174 179/179/178 180/180/179
f 174/174/173 180/180/179 181/181/180
f 181/181/180 173/173/172 174/174/173
f 173/173/172 181/181/180 182/182/181
f 173/173/172 183/183/182 172/172/171
f 183/183/182 173/173/172 182/182/181
f 184/184/183 138/138/137 172/172/171
f 183/183/182 184/184/183 172/172/171
f 185/185/184 138/138/137 184/184/183
f 186/186/185 138/138/137 185/185/184
f 187/187/186 138/138/137 186/186/185
f 141/141/140 138/138/137 188/188/187
f 138/138/137 187/187/186 188/188/187
f 189/189/188 187/187/186 186/186/185
f 185/185/184 189/189/188 186/186/185
f 190/190/189 188/188/187 187/187/186
f 187/187/186 189/189/188 190/190/189
f 188/188/187 190/190/189 191/191/190
f 192/192/191 141/141/140 188/188/187
f 192/192/191 188/188/187 191/191/190
f 141/141/140 192/192/191 193/193/192
f 147/147/146 141/141/140 193/193/192
f 189/189/188 185/185/184 194/194/193
f 195/195/194 185/185/184 184/184/183
f 185/185/184 195/195/194 194/194/193
f 195/195/194 184/184/183 196/196/195
f 184/184/183 183/183/182 197/197/196
f 196/196/195 184/184/183 197/197/196
f 198/198/197 200/200/199 199/199/198
f 200/200/199 201/201/200 199/199/198
f 201/201/200 202/202/201 199/199/198
f 202/202/201 198/198/197 199/199/198
f 201/201/200 200/200/199 203/203/202
f 200/200/199 204/204/203 203/203/202
f 204/204/203 200/200/199 205/205/204
f 206/206/205 204/204/203 205/205/204
f 205/205/204 207/207/206 206/206/205
f 208/208/207 206/206/205 207/207/206
f 209/209/208 208/208/207 207/207/206
f 208/208/207 209/209/208 210/210/209
f 206/206/205 208/208/207 211/211/210
f 212/212/211 208/208/207 210/210/209
f 213/213/212 211/211/210 208/208/207
f 208/208/207 212/212/211 213/213/212
f 211/211/210 213/213/212 214/214/213
f 215/215/214 206/206/205 211/211/210
f 214/214/213 215/215/214 211/211/210
f 204/204/203 206/206/205 216/216/215
f 206/206/205 215/215/214 216/216/215
f 215/215/214 214/214/213 217/217/216
f 214/214/213 218/218/217 217/217/216
f 218/218/217 219/219/218 217/217/216
f 219/219/218 215/215/214 217/217/216
f 215/215/214 219/219/218 220/220/23
f 215/215/214 221/221/219 216/216/215
f 221/221/219 215/215/214 220/220/23
f 216/216/215 222/222/220 204/204/203
f 222/222/220 216/216/215 221/221/219
f 204/204/203 223/223/221 203/203/202
f 223/223/221 204/204/203 222/222/220
f 219/219/218 218/218/217 224/224/30
f 225/225/222 224/224/30 218/218/217
f 224/224/30 225/225/222 226/226/223
f 227/227/224 226/226/223 225/225/222
f 226/226/223 227/227/224 228/228/225
f 227/227/224 229/229/226 228/228/225
f 225/225/222 230/230/227 227/227/224
f 229/229/226 227/227/224 231/231/228
f 230/230/227 231/231/228 227/227/224
f 232/232/229 229/229/226 231/231/228
f 229/229/226 232/232/229 233/233/44
f 232/232/229 235/3/45 233/233/44
f 235/3/45 232/232/229 236/2/230
f 232/232/229 237/234/231 236/2/230
f 237/234/231 238/1/232 236/2/230
f 238/1/232 237/234/231 239/235/233
f 239/235/233 82/82/81 238/1/232
f 240/236/234 239/235/233 237/234/231
f 239/235/233 240/236/234 241/237/235
f 231/231/228 242/238/236 232/232/229
f 242/238/236 240/236/234 237/234/231
f 237/234/231 232/232/229 242/238/236
f 242/238/236 231/231/228 243/239/237
f 231/231/228 230/230/227 243/239/237
f 244/240/238 243/239/237 230/230/227
f 218/218/217 245/241/239 225/225/222
f 245/241/239 244/240/238 230/230/227
f 230/230/227 225/225/222 245/241/239
f 244/240/238 245/241/239 246/242/240
f 240/236/234 247/243/241 241/237/235
f 240/236/234 242/238/236 248/244/236
f 243/239/237 248/244/236 242/238/236
f 248/244/236 243/239/237 249/245/242
f 243/239/237 244/240/238 249/245/242
f 250/246/243 249/245/242 244/240/238
f 246/242/240 250/246/243 244/240/238
f 250/246/243 246/242/240 251/247/244
f 252/248/245 250/246/243 251/247/244
f 250/246/243 252/248/245 253/249/246
f 252/248/245 254/250/247 253/249/246
f 254/250/247 252/248/245 255/251/248
f 249/245/242 250/246/243 256/252/249
f 250/246/243 257/253/250 256/252/249
f 257/253/250 250/246/243 253/249/246
f 253/249/246 258/254/251 257/253/250
f 258/254/251 253/249/246 254/250/247
f 258/254/251 259/255/252 257/253/250
f 259/255/252 256/252/249 257/253/250
f 256/252/249 259/255/252 260/256/253
f 249/245/242 260/256/253 248/244/236
f 260/256/253 249/245/242 256/252/249
f 261/257/254 248/244/236 260/256/253
f 248/244/236 261/257/254 240/236/234
f 247/243/241 240/236/234 261/257/254
f 259/255/252 261/257/254 260/256/253
f 261/257/254 259/255/252 262/258/255
f 263/259/256 261/257/254 262/258/255
f 261/257/254 263/259/256 247/243/241
f 259/255/252 258/254/251 264/260/257
f 264/260/257 262/258/255 259/255/252
f 262/258/255 264/260/257 265/261/258
f 265/261/258 263/259/256 262/258/255
f 263/259/256 265/261/258 266/262/259
f 267/263/260 263/259/256 266/262/259
f 263/259/256 267/263/260 268/264/261
f 268/264/261 247/243/241 263/259/256
f 88/88/87 269/265/262 93/93/92
f 269/265/262 98/98/97 93/93/92
f 98/98/97 269/265/262 270/266/263
f 269/265/262 271/267/264 270/266/263
f 272/268/265 267/263/260 271/267/264
f 271/267/264 269/265/262 272/268/265
f 267/263/260 272/268/265 268/264/261
f 272/268/265 273/269/266 268/264/261
f 247/243/241 268/264/261 273/269/266
f 247/243/241 274/270/267 241/237/235
f 274/270/267 239/235/233 241/237/235
f 274/270/267 247/243/241 273/269/266
f 82/82/81 239/235/233 275/271/268
f 239/235/233 274/270/267 275/271/268
f 80/80/79 82/82/81 275/271/268
f 276/272/269 275/271/268 274/270/267
f 275/271/268 276/272/269 80/80/79
f 79/79/78 80/80/79 276/272/269
f 273/269/266 272/268/265 277/273/270
f 274/270/267 277/273/270 276/272/269
f 277/273/270 274/270/267 273/269/266
f 276/272/269 278/274/271 79/79/78
f 278/274/271 276/272/269 277/273/270
f 88/88/87 79/79/78 278/274/271
f 269/265/262 88/88/87 278/274/271
f 272/268/265 278/274/271 277/273/270
f 278/274/271 272/268/265 269/265/262
f 70/70/69 279/275/272 76/76/75
f 279/275/272 70/70/69 69/69/47
f 280/276/42 76/76/75 279/275/272
f 76/76/75 280/276/42 83/83/82
f 83/83/82 281/277/273 81/81/80
f 281/277/273 83/83/82 280/276/42
f 282/278/274 81/81/80 281/277/273
f 282/278/274 238/1/232 82/82/81
f 81/81/80 282/278/274 82/82/81
f 234/3/3 238/1/232 283/279/46
f 238/1/232 282/278/274 283/279/46
f 165/165/164 163/163/162 284/280/275
f 162/162/161 284/280/275 163/163/162
f 284/280/275 162/162/161 285/281/276
f 162/162/161 158/158/157 285/281/276
f 198/198/197 202/202/201 286/282/277
f 202/202/201 287/283/278 286/282/277
f 287/283/278 202/202/201 288/284/279
f 288/284/279 289/285/280 287/283/278
f 289/285/280 288/284/279 290/286/281
f 290/286/281 291/287/282 289/285/280
f 292/288/283 289/285/280 291/287/282
f 293/289/284 287/283/278 289/285/280
f 289/285/280 292/288/283 293/289/284
f 287/283/278 293/289/284 294/290/285
f 295/291/286 287/283/278 294/290/285
f 295/291/286 198/198/197 286/282/277
f 287/283/278 295/291/286 286/282/277
f 292/288/283 296/292/287 293/289/284
f 296/292/287 292/288/283 297/293/288
f 298/294/289 293/289/284 296/292/287
f 293/289/284 298/294/289 294/290/285
f 294/290/285 299/295/290 295/291/286
f 299/295/290 294/290/285 298/294/289
f 300/296/291 295/291/286 299/295/290
f 295/291/286 300/296/291 301/297/292
f 302/298/293 301/297/292 300/296/291
f 301/297/292 302/298/293 303/299/294
f 304/300/295 288/284/279 202/202/201
f 202/202/201 201/201/200 304/300/295
f 288/284/279 304/300/295 305/301/296
f 306/302/297 203/203/202 223/223/221
f 203/203/202 306/302/297 201/201/200
f 201/201/200 307/303/298 304/300/295
f 307/303/298 201/201/200 306/302/297
f 308/304/299 304/300/295 307/303/298
f 304/300/295 308/304/299 305/301/296
f 308/304/299 309/305/300 305/301/296
f 288/284/279 309/305/300 290/286/281
f 309/305/300 288/284/279 305/301/296
f 291/287/282 290/286/281 310/306/301
f 290/286/281 311/307/302 310/306/301
f 311/307/302 290/286/281 309/305/300
f 309/305/300 312/308/303 311/307/302
f 309/305/300 308/304/299 313/309/304
f 312/308/303 309/305/300 313/309/304
f 314/310/305 209/209/208 207/207/206
f 207/207/206 205/205/204 314/310/305
f 209/209/208 314/310/305 315/311/306
f 316/312/307 205/205/204 200/200/199
f 205/205/204 316/312/307 314/310/305
f 316/312/307 315/311/306 314/310/305
f 200/200/199 198/198/197 316/312/307
f 315/311/306 316/312/307 317/313/308
f 301/297/292 318/314/309 295/291/286
f 318/314/309 301/297/292 303/299/294
f 303/299/294 317/313/308 318/314/309
f 316/312/307 318/314/309 317/313/308
f 318/314/309 316/312/307 198/198/197
f 198/198/197 295/291/286 318/314/309
f 319/315/310 303/299/294 302/298/293
f 303/299/294 319/315/310 320/316/311
f 317/313/308 303/299/294 320/316/311
f 321/317/312 317/313/308 320/316/311
f 317/313/308 321/317/312 315/311/306
f 315/311/306 322/318/313 209/209/208
f 322/318/313 315/311/306 321/317/312
f 209/209/208 323/319/314 210/210/209
f 323/319/314 209/209/208 322/318/313
f 324/320/315 210/210/209 323/319/314
f 210/210/209 324/320/315 212/212/211
f 325/321/316 324/320/315 326/322/317
f 324/320/315 327/323/318 326/322/317
f 327/323/318 324/320/315 323/319/314
f 322/318/313 327/323/318 323/319/314
f 327/323/318 322/318/313 328/324/319
f 321/317/312 328/324/319 322/318/313
f 320/316/311 329/325/320 321/317/312
f 328/324/319 321/317/312 329/325/320
f 329/325/320 320/316/311 319/315/310
f 324/320/315 325/321/316 330/326/321
f 325/321/316 331/327/322 330/326/321
f 332/328/323 213/213/212 212/212/211
f 331/327/322 332/328/323 330/326/321
f 332/328/323 324/320/315 330/326/321
f 332/328/323 252/248/245 251/247/244
f 324/320/315 332/328/323 212/212/211
f 333/329/324 255/251/248 252/248/245
f 332/328/323 331/327/322 333/329/324
f 252/248/245 332/328/323 333/329/324
f 251/247/244 334/330/325 332/328/323
f 245/241/239 334/330/325 246/242/240
f 213/213/212 332/328/323 334/330/325
f 334/330/325 214/214/213 213/213/212
f 334/330/325 251/247/244 246/242/240
f 331/327/322 335/331/326 333/329/324
f 255/251/248 333/329/324 335/331/326
f 335/331/326 331/327/322 336/332/327
f 331/327/322 325/321/316 336/332/327
f 245/241/239 218/218/217 337/333/328
f 218/218/217 214/214/213 337/333/328
f 214/214/213 334/330/325 337/333/328
f 334/330/325 245/241/239 337/333/328
f 338/334/329 340/336/331 339/335/330
f 341/337/332 343/339/334 342/338/333
f 344/340/335 342/338/333 343/339/334
f 344/340/335 345/341/336 342/338/333
f 345/341/336 344/340/335 346/342/337
f 346/342/337 338/334/329 345/341/336
f 340/336/331 338/334/329 347/343/338
f 338/334/329 346/342/337 347/343/338
f 347/343/338 348/344/339 340/336/331
f 348/344/339 347/343/338 349/345/340
f 349/345/340 350/346/341 348/344/339
f 351/347/342 346/342/337 344/340/335
f 346/342/337 351/347/342 352/348/343
f 352/348/343 347/343/338 346/342/337
f 347/343/338 352/348/343 349/345/340
f 353/349/344 349/345/340 352/348/343
f 350/346/341 349/345/340 354/350/345
f 349/345/340 353/349/344 354/350/345
f 355/351/346 354/350/345 353/349/344
f 354/350/345 355/351/346 356/352/347
f 357/353/348 356/352/347 355/351/346
f 356/352/347 357/353/348 358/354/349
f 353/349/344 359/355/350 355/351/346
f 360/356/351 352/348/343 351/347/342
f 352/348/343 360/356/351 353/349/344
f 359/355/350 353/349/344 360/356/351
f 354/350/345 361/357/352 350/346/341
f 361/357/352 354/350/345 356/352/347
f 362/358/353 356/352/347 358/354/349
f 356/352/347 362/358/353 361/357/352
f 358/354/349 363/359/354 362/358/353
f 363/359/354 358/354/349 364/360/355
f 364/360/355 365/361/356 363/359/354
f 365/361/356 364/360/355 366/362/357
f 367/363/358 365/361/356 366/362/357
f 368/364/359 358/354/349 357/353/348
f 358/354/349 368/364/359 364/360/355
f 368/364/359 366/362/357 364/360/355
f 366/362/357 368/364/359 369/365/360
f 368/364/359 370/366/361 369/365/360
f 357/353/348 371/367/362 368/364/359
f 370/366/361 368/364/359 371/367/362
f 355/351/346 372/368/363 357/353/348
f 372/368/363 355/351/346 359/355/350
f 371/367/362 357/353/348 372/368/363
f 366/362/357 373/369/364 367/363/358
f 373/369/364 366/362/357 369/365/360
f 374/370/365 369/365/360 370/366/361
f 369/365/360 374/370/365 373/369/364
f 371/367/362 375/371/366 370/366/361
f 375/371/366 374/370/365 370/366/361
f 372/368/363 376/372/367 371/367/362
f 375/371/366 371/367/362 376/372/367
f 376/372/367 372/368/363 377/373/368
f 359/355/350 377/373/368 372/368/363
f 360/356/351 378/374/369 359/355/350
f 377/373/368 359/355/350 378/374/369
f 378/374/369 379/375/370 377/373/368
f 377/373/368 380/376/371 376/372/367
f 380/376/371 377/373/368 379/375/370
f 376/372/367 381/377/372 375/371/366
f 381/377/372 376/372/367 380/376/371
f 381/377/372 382/378/373 375/371/366
f 374/370/365 375/371/366 382/378/373
f 382/378/373 381/377/372 383/379/374
f 384/380/375 381/377/372 380/376/371
f 381/377/372 384/380/375 383/379/374
f 380/376/371 385/381/376 384/380/375
f 379/375/370 385/381/376 380/376/371
f 385/381/376 379/375/370 386/382/377
f 379/375/370 387/383/378 386/382/377
f 387/383/378 379/375/370 388/384/379
f 379/375/370 378/374/369 388/384/379
f 388/384/379 389/385/380 387/383/378
f 389/385/380 388/384/379 390/386/381
f 391/387/382 388/384/379 378/374/369
f 388/384/379 391/387/382 390/386/381
f 391/387/382 392/388/383 390/386/381
f 392/388/383 391/387/382 393/389/384
f 394/390/385 390/386/381 392/388/383
f 390/386/381 394/390/385 389/385/380
f 378/374/369 360/356/351 395/391/386
f 395/391/386 391/387/382 378/374/369
f 351/347/342 395/391/386 360/356/351
f 391/387/382 395/391/386 396/392/387
f 396/392/387 393/389/384 391/387/382
f 393/389/384 396/392/387 397/393/388
f 398/394/389 392/388/383 393/389/384
f 397/393/388 398/394/389 393/389/384
f 392/388/383 399/395/390 394/390/385
f 392/388/383 398/394/389 399/395/390
f 398/394/389 400/396/391 399/395/390
f 394/390/385 399/395/390 400/396/391
f 400/396/391 401/397/392 394/390/385
f 402/398/393 397/393/388 396/392/387
f 396/392/387 403/399/394 402/398/393
f 403/399/394 396/392/387 395/391/386
f 395/391/386 351/347/342 403/399/394
f 344/340/335 403/399/394 351/347/342
f 403/399/394 344/340/335 343/339/334
f 343/339/334 402/398/393 403/399/394
f 343/339/334 341/337/332 404/400/395
f 402/398/393 343/339/334 404/400/395
f 397/393/388 402/398/393 405/401/396
f 404/400/395 405/401/396 402/398/393
f 401/397/392 400/396/391 406/402/397
f 407/403/398 408/404/399 406/402/397
f 409/405/400 406/402/397 400/396/391
f 406/402/397 409/405/400 407/403/398
f 400/396/391 398/394/389 409/405/400
f 410/406/401 407/403/398 409/405/400
f 405/401/396 411/407/402 397/393/388
f 411/407/402 409/405/400 398/394/389
f 409/405/400 411/407/402 410/406/401
f 398/394/389 397/393/388 411/407/402
f 412/408/403 410/406/401 411/407/402
f 411/407/402 405/401/396 412/408/403
f 405/401/396 404/400/395 413/409/404
f 413/409/404 412/408/403 405/401/396
f 341/337/332 413/409/404 404/400/395
f 410/406/401 412/408/403 414/410/405
f 412/408/403 413/409/404 415/411/406
f 415/411/406 414/410/405 412/408/403
f 413/409/404 341/337/332 416/412/407
f 416/412/407 415/411/406 413/409/404
f 414/410/405 415/411/406 417/413/408
f 415/411/406 418/414/409 417/413/408
f 415/411/406 416/412/407 419/415/410
f 418/414/409 415/411/406 419/415/410
f 420/416/411 417/413/408 418/414/409
f 417/413/408 420/416/411 421/417/412
f 417/413/408 422/418/413 414/410/405
f 422/418/413 417/413/408 421/417/412
f 423/419/414 414/410/405 422/418/413
f 414/410/405 423/419/414 410/406/401
f 407/403/398 410/406/401 423/419/414
f 423/419/414 424/420/415 407/403/398
f 408/404/399 407/403/398 424/420/415
f 424/420/415 425/421/416 408/404/399
f 425/421/416 424/420/415 426/422/417
f 422/418/413 427/423/418 423/419/414
f 427/423/418 426/422/417 424/420/415
f 424/420/415 423/419/414 427/423/418
f 426/422/417 427/423/418 428/424/419
f 429/425/420 426/422/417 428/424/419
f 428/424/419 430/426/421 429/425/420
f 430/426/421 431/427/422 429/425/420
f 431/427/422 430/426/421 432/428/423
f 433/429/424 429/425/420 431/427/422
f 434/430/425 425/421/416 426/422/417
f 426/422/417 429/425/420 434/430/425
f 429/425/420 435/431/426 434/430/425
f 435/431/426 429/425/420 436/432/427
f 429/425/420 433/429/424 436/432/427
f 437/433/428 436/432/427 433/429/424
f 431/427/422 437/433/428 433/429/424
f 432/428/423 438/434/429 431/427/422
f 437/433/428 431/427/422 438/434/429
f 438/434/429 432/428/423 439/435/430
f 439/435/430 440/436/431 438/434/429
f 441/437/432 438/434/429 440/436/431
f 438/434/429 441/437/432 437/433/428
f 436/432/427 437/433/428 442/438/433
f 437/433/428 443/439/434 442/438/433
f 443/439/434 437/433/428 441/437/432
f 441/437/432 444/440/283 443/439/434
f 444/440/283 441/437/432 445/441/435
f 441/437/432 446/442/436 445/441/435
f 446/442/436 441/437/432 440/436/431
f 440/436/431 439/435/430 447/443/437
f 447/443/437 446/442/436 440/436/431
f 448/444/438 447/443/437 439/435/430
f 447/443/437 448/444/438 449/445/439
f 450/446/440 449/445/439 448/444/438
f 448/444/438 451/447/441 450/446/440
f 449/445/439 450/446/440 452/448/442
f 453/449/443 449/445/439 452/448/442
f 454/450/444 447/443/437 449/445/439
f 449/445/439 453/449/443 454/450/444
f 447/443/437 454/450/444 455/451/445
f 446/442/436 447/443/437 455/451/445
f 439/435/430 456/452/446 448/444/438
f 451/447/441 448/444/438 456/452/446
f 456/452/446 439/435/430 432/428/423
f 456/452/446 457/453/447 451/447/441
f 432/428/423 458/454/448 456/452/446
f 458/454/448 432/428/423 430/426/421
f 457/453/447 456/452/446 458/454/448
f 458/454/448 459/455/449 457/453/447
f 459/455/449 458/454/448 460/456/450
f 460/456/450 461/457/451 459/455/449
f 461/457/451 460/456/450 462/458/452
f 420/416/411 462/458/452 421/417/412
f 462/458/452 420/416/411 461/457/451
f 463/459/453 462/458/452 460/456/450
f 430/426/421 428/424/419 463/459/453
f 463/459/453 458/454/448 430/426/421
f 458/454/448 463/459/453 460/456/450
f 464/460/454 421/417/412 462/458/452
f 462/458/452 463/459/453 464/460/454
f 421/417/412 464/460/454 422/418/413
f 464/460/454 428/424/419 427/423/418
f 427/423/418 422/418/413 464/460/454
f 428/424/419 464/460/454 463/459/453
f 465/461/455 467/463/457 466/462/456
f 467/463/457 465/461/455 468/464/458
f 469/465/459 465/461/455 466/462/456
f 465/461/455 469/465/459 470/466/460
f 470/466/460 468/464/458 465/461/455
f 471/467/461 467/463/457 468/464/458
f 468/464/458 470/466/460 471/467/461
f 470/466/460 472/468/462 471/467/461
f 472/468/462 470/466/460 469/465/459
f 467/463/457 471/467/461 472/468/462
f 469/465/459 473/469/463 472/468/462
f 473/469/463 469/465/459 474/470/464
f 472/468/462 473/469/463 475/471/465
f 473/469/463 476/472/466 475/471/465
f 477/473/467 472/468/462 475/471/465
f 472/468/462 477/473/467 467/463/457
f 478/474/468 466/462/456 467/463/457
f 477/473/467 478/474/468 467/463/457
f 466/462/456 478/474/468 479/475/469
f 466/462/456 479/475/469 480/476/470
f 479/475/469 481/477/471 480/476/470
f 482/478/472 480/476/470 481/477/471
f 477/473/467 483/479/473 478/474/468
f 481/477/471 479/475/469 484/480/474
f 479/475/469 485/481/475 484/480/474
f 485/481/475 479/475/469 486/482/476
f 478/474/468 486/482/476 479/475/469
f 486/482/476 478/474/468 487/483/477
f 483/479/473 487/483/477 478/474/468
f 487/483/477 483/479/473 488/484/478
f 489/485/479 488/484/478 483/479/473
f 488/484/478 489/485/479 490/486/480
f 489/485/479 491/487/481 490/486/480
f 491/487/481 488/484/478 490/486/480
f 488/484/478 491/487/481 492/488/482
f 492/488/482 487/483/477 488/484/478
f 487/483/477 492/488/482 493/489/483
f 493/489/483 486/482/476 487/483/477
f 494/490/484 485/481/475 486/482/476
f 486/482/476 493/489/483 494/490/484
f 485/481/475 494/490/484 495/491/485
f 494/490/484 496/492/486 495/491/485
f 496/492/486 494/490/484 497/493/487
f 493/489/483 497/493/487 494/490/484
f 498/494/488 492/488/482 491/487/481
f 492/488/482 498/494/488 499/495/489
f 499/495/489 493/489/483 492/488/482
f 493/489/483 499/495/489 500/496/490
f 497/493/487 493/489/483 500/496/490
f 499/495/489 501/497/491 500/496/490
f 501/497/491 499/495/489 502/498/492
f 498/494/488 502/498/492 499/495/489
f 503/499/493 505/501/495 504/500/494
f 506/502/496 505/501/495 503/499/493
f 503/499/493 507/503/497 506/502/496
f 502/498/492 507/503/497 501/497/491
f 507/503/497 503/499/493 508/504/498
f 508/504/498 501/497/491 507/503/497
f 509/505/499 500/496/490 501/497/491
f 501/497/491 508/504/498 509/505/499
f 500/496/490 509/505/499 497/493/487
f 510/506/500 506/502/496 507/503/497
f 507/503/497 502/498/492 510/506/500
f 506/502/496 510/506/500 511/507/501
f 511/507/501 512/508/502 506/502/496
f 505/501/495 506/502/496 512/508/502
f 513/509/503 505/501/495 512/508/502
f 505/501/495 513/509/503 514/510/504
f 514/510/504 504/500/494 505/501/495
f 504/500/494 514/510/504 515/511/505
f 514/510/504 516/512/506 515/511/505
f 513/509/503 516/512/506 514/510/504
f 517/513/507 516/512/506 513/509/503
f 512/508/502 517/513/507 513/509/503
f 517/513/507 512/508/502 518/514/508
f 512/508/502 511/507/501 518/514/508
f 510/506/500 519/515/509 511/507/501
f 519/515/509 518/514/508 511/507/501
f 520/516/510 519/515/509 510/506/500
f 502/498/492 520/516/510 510/506/500
f 519/515/509 520/516/510 521/517/511
f 518/514/508 519/515/509 522/518/512
f 523/519/513 518/514/508 522/518/512
f 518/514/508 523/519/513 517/513/507
f 523/519/513 516/512/506 517/513/507
f 522/518/512 524/520/514 523/519/513
f 524/520/514 516/512/506 523/519/513
f 502/498/492 498/494/488 525/521/515
f 520/516/510 502/498/492 525/521/515
f 498/494/488 491/487/481 526/522/516
f 525/521/515 526/522/516 520/516/510
f 525/521/515 498/494/488 526/522/516
f 527/523/517 526/522/516 491/487/481
f 527/523/517 520/516/510 526/522/516
f 520/516/510 527/523/517 528/524/518
f 528/524/518 521/517/511 520/516/510
f 521/517/511 528/524/518 529/525/519
f 530/526/520 519/515/509 521/517/511
f 529/525/519 530/526/520 521/517/511
f 519/515/509 530/526/520 531/527/521
f 531/527/521 522/518/512 519/515/509
f 522/518/512 531/527/521 532/528/522
f 532/528/522 524/520/514 522/518/512
f 533/529/523 535/531/525 534/530/524
f 531/527/521 536/532/526 532/528/522
f 536/532/526 534/530/524 535/531/525
f 535/531/525 537/533/527 536/532/526
f 536/532/526 538/534/528 532/528/522
f 538/534/528 536/532/526 537/533/527
f 516/512/506 538/534/528 537/533/527
f 524/520/514 532/528/522 538/534/528
f 538/534/528 516/512/506 524/520/514
f 536/532/526 531/527/521 539/535/529
f 534/530/524 536/532/526 539/535/529
f 531/527/521 540/536/530 539/535/529
f 540/536/530 531/527/521 530/526/520
f 530/526/520 529/525/519 541/537/531
f 541/537/531 540/536/530 530/526/520
f 540/536/530 541/537/531 542/538/532
f 543/539/533 533/529/523 544/540/534
f 544/540/534 545/541/535 543/539/533
f 533/529/523 546/542/536 544/540/534
f 534/530/524 547/543/537 533/529/523
f 546/542/536 533/529/523 547/543/537
f 539/535/529 548/544/538 534/530/524
f 547/543/537 534/530/524 548/544/538
f 548/544/538 539/535/529 549/545/539
f 540/536/530 549/545/539 539/535/529
f 542/538/532 550/546/540 540/536/530
f 549/545/539 540/536/530 550/546/540
f 550/546/540 551/547/541 549/545/539
f 549/545/539 551/547/541 548/544/538
f 551/547/541 550/546/540 552/548/542
f 552/548/542 553/549/543 551/547/541
f 550/546/540 542/538/532 554/550/544
f 554/550/544 552/548/542 550/546/540
f 552/548/542 554/550/544 555/551/545
f 555/551/545 553/549/543 552/548/542
f 553/549/543 555/551/545 556/552/546
f 557/553/547 559/555/549 558/554/548
f 558/554/548 560/556/550 557/553/547
f 561/557/551 557/553/547 560/556/550
f 560/556/550 562/558/552 561/557/551
f 562/558/552 560/556/550 563/559/553
f 564/560/554 560/556/550 558/554/548
f 560/556/550 564/560/554 563/559/553
f 558/554/548 565/561/555 564/560/554
f 565/561/555 558/554/548 566/562/556
f 559/555/549 566/562/556 558/554/548
f 566/562/556 559/555/549 567/563/557
f 559/555/549 568/564/558 567/563/557
f 568/564/558 569/565/559 567/563/557
f 569/565/559 568/564/558 570/566/560
f 568/564/558 559/555/549 571/567/561
f 572/568/562 574/570/564 573/569/563
f 574/570/564 572/568/562 575/571/565
f 575/571/565 576/572/566 574/570/564
f 576/572/566 575/571/565 577/573/567
f 577/573/567 578/574/568 576/572/566
f 565/561/555 579/575/569 564/560/554
f 579/575/569 565/561/555 578/574/568
f 578/574/568 577/573/567 579/575/569
f 564/560/554 580/576/570 563/559/553
f 580/576/570 564/560/554 579/575/569
f 581/577/571 563/559/553 580/576/570
f 563/559/553 581/577/571 562/558/552
f 580/576/570 582/578/572 581/577/571
f 579/575/569 583/579/573 580/576/570
f 582/578/572 580/576/570 583/579/573
f 579/575/569 584/580/574 583/579/573
f 584/580/574 579/575/569 577/573/567
f 577/573/567 585/581/575 584/580/574
f 586/582/576 585/581/575 577/573/567
f 585/581/575 586/582/576 587/583/577
f 588/584/578 587/583/577 586/582/576
f 588/584/578 589/585/579 587/583/577
f 587/583/577 590/586/580 585/581/575
f 590/586/580 587/583/577 589/585/579
f 581/577/571 591/587/581 562/558/552
f 582/578/572 591/587/581 581/577/571
f 589/585/579 591/587/581 590/586/580
f 562/558/552 591/587/581 561/557/551
f 585/581/575 592/588/582 584/580/574
f 592/588/582 591/587/581 582/578/572
f 592/588/582 585/581/575 590/586/580
f 592/588/582 583/579/573 584/580/574
f 583/579/573 592/588/582 582/578/572
f 591/587/581 592/588/582 590/586/580
f 557/553/547 561/557/551 593/589/583
f 561/557/551 591/587/581 593/589/583
f 593/589/583 594/590/584 557/553/547
f 559/555/549 557/553/547 594/590/584
f 595/591/585 559/555/549 594/590/584
f 559/555/549 595/591/585 571/567/561
f 594/590/584 593/589/583 596/592/586
f 593/589/583 591/587/581 596/592/586
f 596/592/586 595/591/585 594/590/584
f 595/591/585 596/592/586 597/593/587
f 596/592/586 591/587/581 597/593/587
f 598/594/588 571/567/561 595/591/585
f 597/593/587 598/594/588 595/591/585
f 597/593/587 591/587/581 599/595/589
f 598/594/588 597/593/587 599/595/589
f 600/596/590 598/594/588 599/595/589
f 599/595/589 591/587/581 600/596/590
f 589/585/579 588/584/578 601/597/591
f 601/597/591 591/587/581 589/585/579
f 602/598/592 591/587/581 601/597/591
f 600/596/590 591/587/581 602/598/592
f 598/594/588 600/596/590 603/599/593
f 602/598/592 603/599/593 600/596/590
f 571/567/561 598/594/588 604/600/594
f 598/594/588 603/599/593 604/600/594
f 571/567/561 605/601/595 568/564/558
f 605/601/595 571/567/561 604/600/594
f 603/599/593 606/602/596 604/600/594
f 606/602/596 588/584/578 586/582/576
f 601/597/591 607/603/597 602/598/592
f 603/599/593 602/598/592 607/603/597
f 607/603/597 601/597/591 588/584/578
f 588/584/578 606/602/596 607/603/597
f 606/602/596 603/599/593 607/603/597
f 577/573/567 608/604/598 586/582/576
f 608/604/598 577/573/567 575/571/565
f 586/582/576 609/605/599 606/602/596
f 609/605/599 586/582/576 608/604/598
f 610/606/600 606/602/596 609/605/599
f 606/602/596 610/606/600 604/600/594
f 605/601/595 604/600/594 610/606/600
f 611/607/601 605/601/595 610/606/600
f 612/608/602 568/564/558 605/601/595
f 568/564/558 612/608/602 570/566/560
f 605/601/595 611/607/601 612/608/602
f 609/605/599 613/609/603 610/606/600
f 613/609/603 611/607/601 610/606/600
f 611/607/601 613/609/603 614/610/604
f 613/609/603 609/605/599 615/611/605
f 608/604/598 615/611/605 609/605/599
f 575/571/565 616/612/606 608/604/598
f 615/611/605 608/604/598 616/612/606
f 616/612/606 575/571/565 572/568/562
f 617/613/607 619/615/609 618/614/608
f 620/616/610 618/614/608 619/615/609
f 620/616/610 614/610/604 621/617/611
f 618/614/608 620/616/610 621/617/611
f 614/610/604 620/616/610 622/618/612
f 622/618/612 611/607/601 614/610/604
f 611/607/601 622/618/612 623/619/613
f 612/608/602 611/607/601 623/619/613
f 623/619/613 620/616/610 619/615/609
f 620/616/610 623/619/613 622/618/612
f 612/608/602 624/620/614 570/566/560
f 624/620/614 612/608/602 623/619/613
f 619/615/609 624/620/614 623/619/613
f 624/620/614 569/565/559 570/566/560
f 624/620/614 619/615/609 625/621/615
f 619/615/609 617/613/607 625/621/615
f 569/565/559 624/620/614 626/622/616
f 627/623/617 624/620/614 625/621/615
f 624/620/614 627/623/617 626/622/616
f 625/621/615 628/624/618 627/623/617
f 628/624/618 625/621/615 617/613/607
f 618/614/608 629/625/619 617/613/607
f 630/626/620 473/469/463 474/470/464
f 631/627/621 629/625/619 630/626/620
f 474/470/464 631/627/621 630/626/620
f 629/625/619 631/627/621 632/628/622
f 632/628/622 617/613/607 629/625/619
f 633/629/623 628/624/618 617/613/607
f 617/613/607 632/628/622 633/629/623
f 628/624/618 633/629/623 634/630/624
f 632/628/622 634/630/624 633/629/623
f 631/627/621 635/631/625 632/628/622
f 634/630/624 632/628/622 635/631/625
f 631/627/621 474/470/464 636/632/626
f 637/633/627 636/632/626 474/470/464
f 474/470/464 469/465/459 637/633/627
f 466/462/456 637/633/627 469/465/459
f 637/633/627 466/462/456 480/476/470
f 636/632/626 637/633/627 638/634/628
f 638/634/628 482/478/472 481/477/471
f 637/633/627 639/635/629 638/634/628
f 482/478/472 638/634/628 639/635/629
f 640/636/630 482/478/472 639/635/629
f 639/635/629 637/633/627 640/636/630
f 637/633/627 641/637/631 640/636/630
f 482/478/472 640/636/630 641/637/631
f 641/637/631 637/633/627 480/476/470
f 480/476/470 482/478/472 641/637/631
f 635/631/625 631/627/621 642/638/632
f 643/639/633 631/627/621 636/632/626
f 631/627/621 643/639/633 642/638/632
f 644/640/634 643/639/633 636/632/626
f 636/632/626 638/634/628 644/640/634
f 638/634/628 645/641/635 644/640/634
f 645/641/635 638/634/628 481/477/471
f 646/642/636 645/641/635 481/477/471
f 481/477/471 484/480/474 646/642/636
f 645/641/635 646/642/636 647/643/637
f 645/641/635 647/643/637 648/644/638
f 645/641/635 649/645/639 644/640/634
f 649/645/639 645/641/635 648/644/638
f 643/639/633 644/640/634 650/646/640
f 649/645/639 650/646/640 644/640/634
f 651/647/641 653/649/643 652/648/642
f 653/649/643 651/647/641 654/650/644
f 655/651/645 656/652/646 654/650/644
f 656/652/646 655/651/645 657/653/647
f 658/654/648 654/650/644 656/652/646
f 654/650/644 658/654/648 653/649/643
f 659/655/649 653/649/643 658/654/648
f 653/649/643 659/655/649 660/656/650
f 653/649/643 661/657/651 652/648/642
f 661/657/651 653/649/643 660/656/650
f 662/658/443 652/648/642 661/657/651
f 652/648/642 662/658/443 663/659/652
f 664/660/653 657/653/647 655/651/645
f 665/661/654 652/648/642 663/659/652
f 652/648/642 665/661/654 651/647/641
f 665/661/654 666/662/655 651/647/641
f 666/662/655 654/650/644 651/647/641
f 654/650/644 666/662/655 655/651/645
f 655/651/645 667/663/656 664/660/653
f 666/662/655 665/661/654 667/663/656
f 667/663/656 655/651/645 666/662/655
f 668/664/657 664/660/653 667/663/656
f 664/660/653 668/664/657 669/665/658
f 670/666/659 669/665/658 668/664/657
f 668/664/657 671/667/660 670/666/659
f 671/667/660 668/664/657 667/663/656
f 672/668/661 670/666/659 671/667/660
f 670/666/659 672/668/661 673/669/662
f 674/670/663 673/669/662 672/668/661
f 673/669/662 674/670/663 675/671/664
f 674/670/663 676/672/665 675/671/664
f 676/672/665 674/670/663 677/673/666
f 678/674/667 676/672/665 677/673/666
f 676/672/665 678/674/667 679/675/668
f 673/669/662 680/676/669 670/666/659
f 669/665/658 670/666/659 680/676/669
f 680/676/669 673/669/662 681/677/670
f 675/671/664 681/677/670 673/669/662
f 676/672/665 682/678/671 675/671/664
f 681/677/670 675/671/664 682/678/671
f 679/675/668 683/679/672 676/672/665
f 682/678/671 676/672/665 683/679/672
f 683/679/672 679/675/668 684/680/673
f 685/681/674 684/680/673 679/675/668
f 684/680/673 686/682/675 683/679/672
f 683/679/672 687/683/676 682/678/671
f 687/683/676 683/679/672 686/682/675
f 682/678/671 688/684/677 681/677/670
f 688/684/677 682/678/671 687/683/676
f 681/677/670 689/685/678 680/676/669
f 689/685/678 681/677/670 688/684/677
f 680/676/669 690/686/679 669/665/658
f 690/686/679 664/660/653 669/665/658
f 690/686/679 680/676/669 689/685/678
f 687/683/676 691/687/680 688/684/677
f 691/687/680 687/683/676 692/688/681
f 686/682/675 692/688/681 687/683/676
f 692/688/681 686/682/675 693/689/682
f 686/682/675 684/680/673 694/690/683
f 694/690/683 693/689/682 686/682/675
f 693/689/682 694/690/683 695/691/684
f 696/692/685 695/691/684 694/690/683
f 697/693/686 688/684/677 691/687/680
f 688/684/677 697/693/686 689/685/678
f 691/687/680 698/694/687 697/693/686
f 698/694/687 691/687/680 699/695/688
f 692/688/681 699/695/688 691/687/680
f 693/689/682 700/696/689 692/688/681
f 699/695/688 692/688/681 700/696/689
f 700/696/689 693/689/682 701/697/690
f 695/691/684 701/697/690 693/689/682
f 702/698/691 703/699/692 696/692/685
f 695/691/684 696/692/685 703/699/692
f 703/699/692 704/700/693 695/691/684
f 701/697/690 695/691/684 704/700/693
f 705/701/694 701/697/690 704/700/693
f 700/696/689 701/697/690 705/701/694
f 706/702/695 700/696/689 705/701/694
f 700/696/689 706/702/695 699/695/688
f 707/703/696 699/695/688 706/702/695
f 699/695/688 708/704/697 698/694/687
f 708/704/697 699/695/688 707/703/696
f 703/699/692 702/698/691 709/705/698
f 710/706/699 703/699/692 709/705/698
f 709/705/698 711/707/700 710/706/699
f 703/699/692 710/706/699 712/708/701
f 704/700/693 703/699/692 712/708/701
f 713/709/702 704/700/693 712/708/701
f 704/700/693 713/709/702 705/701/694
f 714/710/703 712/708/701 710/706/699
f 712/708/701 714/710/703 713/709/702
f 710/706/699 715/711/704 714/710/703
f 715/711/704 710/706/699 711/707/700
f 711/707/700 709/705/698 716/712/705
f 716/712/705 717/713/706 711/707/700
f 717/713/706 715/711/704 711/707/700
f 717/713/706 716/712/705 718/714/707
f 719/715/708 717/713/706 718/714/707
f 717/713/706 719/715/708 720/716/709
f 721/717/710 720/716/709 719/715/708
f 720/716/709 721/717/710 722/718/711
f 723/719/712 720/716/709 722/718/711
f 720/716/709 723/719/712 717/713/706
f 715/711/704 717/713/706 723/719/712
f 719/715/708 724/720/713 721/717/710
f 724/720/713 719/715/708 725/721/714
f 725/721/714 726/722/715 724/720/713
f 727/723/716 719/715/708 718/714/707
f 719/715/708 727/723/716 725/721/714
f 718/714/707 728/724/717 727/723/716
f 728/724/717 718/714/707 716/712/705
f 716/712/705 729/725/718 728/724/717
f 729/725/718 716/712/705 709/705/698
f 702/698/691 729/725/718 709/705/698
f 730/726/719 728/724/717 729/725/718
f 731/727/720 730/726/719 729/725/718
f 729/725/718 702/698/691 731/727/720
f 702/698/691 732/728/721 731/727/720
f 696/692/685 733/729/722 702/698/691
f 732/728/721 702/698/691 733/729/722
f 694/690/683 734/730/723 696/692/685
f 734/730/723 694/690/683 684/680/673
f 684/680/673 685/681/674 734/730/723
f 733/729/722 696/692/685 734/730/723
f 735/731/724 734/730/723 685/681/674
f 734/730/723 735/731/724 733/729/722
f 736/732/725 733/729/722 735/731/724
f 733/729/722 736/732/725 732/728/721
f 737/733/726 732/728/721 736/732/725
f 732/728/721 737/733/726 738/734/727
f 738/734/727 731/727/720 732/728/721
f 739/735/728 738/734/727 737/733/726
f 738/734/727 739/735/728 740/736/729
f 741/336/331 740/736/729 739/735/728
f 730/726/719 731/727/720 742/737/730
f 731/727/720 738/734/727 742/737/730
f 740/736/729 742/737/730 738/734/727
f 743/738/731 730/726/719 742/737/730
f 742/737/730 740/736/729 743/738/731
f 679/675/668 744/739/732 685/681/674
f 744/739/732 679/675/668 678/674/667
f 685/681/674 745/740/733 735/731/724
f 745/740/733 685/681/674 744/739/732
f 745/740/733 736/732/725 735/731/724
f 736/732/725 745/740/733 746/741/734
f 737/733/726 736/732/725 746/741/734
f 747/742/735 737/733/726 746/741/734
f 737/733/726 747/742/735 739/735/728
f 748/335/736 739/735/728 747/742/735
f 739/735/728 748/335/736 741/336/331
f 740/736/729 741/336/331 749/344/737
f 750/346/341 740/736/729 749/344/737
f 740/736/729 750/346/341 743/738/731
f 751/357/352 743/738/731 750/346/341
f 730/726/719 743/738/731 752/743/738
f 743/738/731 751/357/352 752/743/738
f 753/358/353 752/743/738 751/357/352
f 752/743/738 753/358/353 754/744/739
f 755/359/354 754/744/739 753/358/353
f 754/744/739 755/359/354 756/745/740
f 757/361/356 756/745/740 755/359/354
f 726/722/715 725/721/714 758/746/741
f 758/746/741 756/745/740 759/747/742
f 756/745/740 757/361/356 759/747/742
f 759/747/742 726/722/715 758/746/741
f 725/721/714 760/748/743 758/746/741
f 760/748/743 754/744/739 756/745/740
f 760/748/743 725/721/714 727/723/716
f 756/745/740 758/746/741 760/748/743
f 727/723/716 761/749/744 760/748/743
f 754/744/739 760/748/743 761/749/744
f 761/749/744 752/743/738 754/744/739
f 761/749/744 727/723/716 728/724/717
f 728/724/717 730/726/719 761/749/744
f 752/743/738 761/749/744 730/726/719
f 726/722/715 759/747/742 762/363/358
f 762/363/358 759/747/742 757/361/356
f 763/750/411 765/752/745 764/751/451
f 765/752/745 763/750/411 766/753/746
f 767/754/747 765/752/745 766/753/746
f 766/753/746 768/755/748 767/754/747
f 768/755/748 766/753/746 769/756/749
f 770/757/750 766/753/746 763/750/411
f 766/753/746 770/757/750 769/756/749
f 771/758/751 773/760/753 772/759/752
f 773/760/753 771/758/751 774/761/754
f 774/761/754 775/762/755 773/760/753
f 775/762/755 774/761/754 776/763/756
f 776/763/756 777/764/407 775/762/755
f 777/764/407 776/763/756 769/756/749
f 778/765/757 769/756/749 776/763/756
f 769/756/749 778/765/757 768/755/748
f 768/755/748 779/766/758 767/754/747
f 778/765/757 779/766/758 768/755/748
f 772/759/752 780/767/759 771/758/751
f 781/768/760 782/769/761 780/767/759
f 782/769/761 771/758/751 780/767/759
f 771/758/751 782/769/761 783/770/762
f 783/770/762 774/761/754 771/758/751
f 782/769/761 779/766/758 783/770/762
f 774/761/754 783/770/762 784/771/763
f 784/771/763 776/763/756 774/761/754
f 776/763/756 784/771/763 778/765/757
f 783/770/762 779/766/758 784/771/763
f 784/771/763 779/766/758 778/765/757
f 782/769/761 781/768/760 785/772/764
f 785/772/764 779/766/758 782/769/761
f 786/773/765 779/766/758 785/772/764
f 787/774/766 785/772/764 781/768/760
f 785/772/764 787/774/766 786/773/765
f 781/768/760 788/775/767 787/774/766
f 788/775/767 781/768/760 789/776/734
f 780/767/759 789/776/734 781/768/760
f 789/776/734 780/767/759 790/777/735
f 790/777/735 780/767/759 791/778/768
f 791/778/768 780/767/759 792/779/769
f 780/767/759 772/759/752 792/779/769
f 793/780/770 786/773/765 787/774/766
f 794/781/771 779/766/758 786/773/765
f 786/773/765 793/780/770 794/781/771
f 795/782/666 794/781/771 793/780/770
f 793/780/770 796/783/667 795/782/666
f 797/784/772 787/774/766 788/775/767
f 787/774/766 797/784/772 793/780/770
f 796/783/667 793/780/770 797/784/772
f 798/785/773 800/787/775 799/786/774
f 799/786/774 801/788/776 798/785/773
f 801/788/776 799/786/774 795/782/666
f 799/786/774 802/789/777 795/782/666
f 794/781/771 795/782/666 802/789/777
f 802/789/777 779/766/758 794/781/771
f 803/790/778 800/787/775 804/791/779
f 800/787/775 803/790/778 805/792/780
f 803/790/778 779/766/758 805/792/780
f 805/792/780 799/786/774 800/787/775
f 806/793/781 779/766/758 802/789/777
f 799/786/774 805/792/780 806/793/781
f 802/789/777 799/786/774 806/793/781
f 805/792/780 779/766/758 806/793/781
f 807/794/782 779/766/758 803/790/778
f 767/754/747 779/766/758 808/795/783
f 765/752/745 767/754/747 808/795/783
f 808/795/783 779/766/758 809/796/784
f 809/796/784 765/752/745 808/795/783
f 809/796/784 779/766/758 810/797/785
f 779/766/758 811/798/786 810/797/785
f 779/766/758 812/799/787 811/798/786
f 779/766/758 807/794/782 813/800/788
f 779/766/758 813/800/788 812/799/787
f 814/801/789 812/799/787 813/800/788
f 807/794/782 814/801/789 813/800/788
f 803/790/778 815/802/790 807/794/782
f 815/802/790 803/790/778 804/791/779
f 814/801/789 807/794/782 815/802/790
f 816/803/791 764/751/451 765/752/745
f 810/797/785 816/803/791 809/796/784
f 765/752/745 809/796/784 816/803/791
f 816/803/791 810/797/785 817/804/792
f 811/798/786 817/804/792 810/797/785
f 812/799/787 818/805/793 811/798/786
f 817/804/792 811/798/786 818/805/793
f 818/805/793 812/799/787 819/806/794
f 812/799/787 814/801/789 819/806/794
f 820/807/443 818/805/793 819/806/794
f 814/801/789 820/807/443 819/806/794
f 818/805/793 820/807/443 821/808/795
f 818/805/793 822/809/440 817/804/792
f 822/809/440 818/805/793 821/808/795
f 817/804/792 823/810/441 816/803/791
f 823/810/441 817/804/792 822/809/440
f 824/811/796 816/803/791 823/810/441
f 764/751/451 816/803/791 825/812/797
f 825/812/797 816/803/791 824/811/796
f 820/807/443 814/801/789 826/813/798
f 815/802/790 826/813/798 814/801/789
f 804/791/779 827/814/654 815/802/790
f 826/813/798 815/802/790 827/814/654
f 827/814/654 804/791/779 828/815/799
f 829/816/800 804/791/779 800/787/775
f 804/791/779 829/816/800 828/815/799
f 800/787/775 798/785/773 829/816/800
f 476/472/466 830/817/801 475/471/465
f 831/818/802 475/471/465 830/817/801
f 475/471/465 831/818/802 477/473/467
f 830/817/801 832/819/803 831/818/802
f 831/818/802 833/820/804 477/473/467
f 483/479/473 477/473/467 833/820/804
f 833/820/804 831/818/802 832/819/803
f 832/819/803 476/472/466 833/820/804
f 833/820/804 489/485/479 483/479/473
f 489/485/479 833/820/804 834/821/805
f 476/472/466 834/821/805 833/820/804
f 491/487/481 489/485/479 834/821/805
f 832/819/803 830/817/801 835/822/806
f 830/817/801 476/472/466 835/822/806
f 476/472/466 832/819/803 835/822/806
f 491/487/481 836/823/807 527/523/517
f 836/823/807 491/487/481 834/821/805
f 476/472/466 473/469/463 837/824/808
f 836/823/807 834/821/805 837/824/808
f 834/821/805 476/472/466 837/824/808
f 473/469/463 630/626/620 838/825/809
f 839/826/810 473/469/463 838/825/809
f 473/469/463 839/826/810 837/824/808
f 840/827/811 618/614/608 621/617/611
f 837/824/808 840/827/811 621/617/611
f 840/827/811 837/824/808 839/826/810
f 629/625/619 618/614/608 841/828/812
f 841/828/812 839/826/810 838/825/809
f 630/626/620 841/828/812 838/825/809
f 841/828/812 630/626/620 629/625/619
f 839/826/810 841/828/812 840/827/811
f 618/614/608 840/827/811 841/828/812
f 842/829/813 443/439/434 444/440/283
f 443/439/434 842/829/813 843/830/814
f 843/830/814 442/438/433 443/439/434
f 442/438/433 843/830/814 844/831/815
f 436/432/427 844/831/815 435/431/426
f 844/831/815 436/432/427 442/438/433
f 845/832/816 844/831/815 843/830/814
f 844/831/815 845/832/816 846/833/817
f 846/833/817 435/431/426 844/831/815
f 845/832/816 847/834/818 846/833/817
f 847/834/818 848/835/636 846/833/817
f 848/835/636 849/836/474 846/833/817
f 850/837/819 846/833/817 849/836/474
f 847/834/818 845/832/816 851/838/638
f 852/839/820 851/838/638 845/832/816
f 852/839/820 843/830/814 842/829/813
f 843/830/814 852/839/820 845/832/816
f 853/840/821 408/404/399 425/421/416
f 853/840/821 425/421/416 854/841/822
f 425/421/416 434/430/425 855/842/823
f 425/421/416 855/842/823 854/841/822
f 855/842/823 850/837/819 854/841/822
f 435/431/426 846/833/817 856/843/824
f 434/430/425 856/843/824 855/842/823
f 846/833/817 850/837/819 856/843/824
f 850/837/819 855/842/823 856/843/824
f 856/843/824 434/430/425 435/431/426
f 857/844/632 859/846/826 858/845/825
f 860/847/827 858/845/825 859/846/826
f 858/845/825 860/847/827 861/848/828
f 861/848/828 860/847/827 862/849/618
f 863/850/829 698/694/687 708/704/697
f 860/847/827 863/850/829 862/849/618
f 698/694/687 863/850/829 864/851/830
f 863/850/829 860/847/827 864/851/830
f 864/851/830 697/693/686 698/694/687
f 859/846/826 865/852/831 860/847/827
f 865/852/831 864/851/830 860/847/827
f 866/853/832 689/685/678 697/693/686
f 689/685/678 866/853/832 690/686/679
f 864/851/830 865/852/831 866/853/832
f 697/693/686 864/851/830 866/853/832
f 866/853/832 867/854/833 690/686/679
f 867/854/833 866/853/832 865/852/831
f 664/660/653 690/686/679 867/854/833
f 657/653/647 664/660/653 867/854/833
f 868/855/834 867/854/833 865/852/831
f 865/852/831 859/846/826 868/855/834
f 867/854/833 869/856/835 657/653/647
f 867/854/833 868/855/834 870/857/836
f 867/854/833 870/857/836 869/856/835
f 871/858/837 870/857/836 868/855/834
f 868/855/834 872/859/838 871/858/837
f 872/859/838 868/855/834 859/846/826
f 859/846/826 857/844/632 872/859/838
f 873/860/839 871/858/837 872/859/838
f 872/859/838 857/844/632 874/861/633
f 875/862/840 873/860/839 872/859/838
f 872/859/838 874/861/633 875/862/840
f 873/860/839 875/862/840 876/863/841
f 657/653/647 877/864/842 656/652/646
f 870/857/836 877/864/842 869/856/835
f 877/864/842 657/653/647 869/856/835
f 870/857/836 871/858/837 878/865/843
f 877/864/842 870/857/836 878/865/843
f 871/858/837 873/860/839 879/866/844
f 879/866/844 878/865/843 871/858/837
f 880/867/845 879/866/844 873/860/839
f 880/867/845 873/860/839 876/863/841
f 881/868/638 880/867/845 876/863/841
f 882/869/846 659/655/649 658/654/648
f 656/652/646 882/869/846 658/654/648
f 882/869/846 656/652/646 877/864/842
f 878/865/843 882/869/846 877/864/842
f 882/869/846 878/865/843 883/870/847
f 878/865/843 879/866/844 883/870/847
f 884/871/848 883/870/847 879/866/844
f 879/866/844 880/867/845 884/871/848
f 659/655/649 882/869/846 885/872/849
f 886/873/850 882/869/846 883/870/847
f 882/869/846 886/873/850 885/872/849
f 883/870/847 884/871/848 886/873/850
f 537/533/527 535/531/525 887/874/851
f 887/874/851 516/512/506 537/533/527
f 533/529/523 543/539/533 888/875/852
f 888/875/852 887/874/851 535/531/525
f 535/531/525 533/529/523 888/875/852
f 543/539/533 889/876/853 888/875/852
f 887/874/851 888/875/852 889/876/853
f 889/876/853 516/512/506 887/874/851
f 890/877/854 516/512/506 889/876/853
f 889/876/853 543/539/533 890/877/854
f 891/878/855 516/512/506 890/877/854
f 543/539/533 891/878/855 890/877/854
f 543/539/533 545/541/535 892/879/856
f 891/878/855 543/539/533 892/879/856
f 545/541/535 893/880/857 892/879/856
f 893/880/857 891/878/855 892/879/856
f 515/511/505 894/881/858 504/500/494
f 894/881/858 503/499/493 504/500/494
f 895/882/859 508/504/498 503/499/493
f 893/880/857 545/541/535 895/882/859
f 893/880/857 895/882/859 894/881/858
f 503/499/493 894/881/858 895/882/859
f 515/511/505 516/512/506 896/883/860
f 894/881/858 515/511/505 896/883/860
f 896/883/860 893/880/857 894/881/858
f 896/883/860 516/512/506 897/884/861
f 891/878/855 893/880/857 897/884/861
f 893/880/857 896/883/860 897/884/861
f 516/512/506 891/878/855 897/884/861
f 898/885/385 895/882/859 545/541/535
f 545/541/535 544/540/534 898/885/385
f 898/885/385 544/540/534 546/542/536
f 899/886/862 509/505/499 508/504/498
f 895/882/859 898/885/385 899/886/862
f 508/504/498 895/882/859 899/886/862
f 497/493/487 900/887/863 496/492/486
f 900/887/863 497/493/487 509/505/499
f 509/505/499 899/886/862 900/887/863
f 406/402/397 901/888/864 401/397/392
f 901/888/864 406/402/397 408/404/399
f 408/404/399 853/840/821 901/888/864
f 902/889/865 904/891/867 903/890/866
f 903/890/866 904/891/867 905/892/868
f 904/891/867 906/893/869 905/892/868
f 906/893/869 904/891/867 907/894/870
f 907/894/870 904/891/867 908/895/871
f 908/895/871 904/891/867 909/896/872
f 904/891/867 911/898/874 910/897/873
f 911/898/874 904/891/867 912/899/875
f 904/891/867 913/900/546 912/899/875
f 913/900/546 904/891/867 902/889/865
f 903/890/866 914/901/876 902/889/865
f 913/900/546 902/889/865 914/901/876
f 905/892/868 915/902/365 903/890/866
f 914/901/876 903/890/866 915/902/365
f 915/902/365 905/892/868 916/903/364
f 906/893/869 916/903/364 905/892/868
f 917/904/877 904/891/867 918/905/878
f 918/905/878 904/891/867 919/906/879
f 919/906/879 904/891/867 920/907/880
f 904/891/867 921/908/881 920/907/880
f 921/908/881 904/891/867 922/909/882
f 904/891/867 923/910/883 922/909/882
f 923/910/883 904/891/867 924/911/807
f 924/911/807 904/891/867 925/912/884
f 904/891/867 926/913/885 925/912/884
f 926/913/885 904/891/867 927/914/886
f 928/915/887 904/891/867 910/897/873
f 927/914/886 904/891/867 928/915/887
f 916/903/364 906/893/869 929/916/358
f 906/893/869 930/917/715 929/916/358
f 930/917/715 906/893/869 907/894/870
f 931/918/713 907/894/870 908/895/871
f 907/894/870 931/918/713 930/917/715
f 932/919/710 908/895/871 909/896/872
f 908/895/871 932/919/710 931/918/713
f 909/896/872 904/891/867 933/920/563
f 904/891/867 917/904/877 933/920/563
f 932/919/710 909/896/872 933/920/563
