# Blender 4.4.1
# www.blender.org
mtllib left shoulder.mtl
o DPROP_GEN_SentinelArm_01_STAT.001
v 1.479470 -2.328284 -0.124285
v 1.266203 -2.452776 -0.095227
v 1.220353 -2.505408 -0.407515
v 0.603711 -2.475746 -1.311866
v 0.512961 -2.578858 -1.025026
v 0.185824 -2.626368 -1.156475
v 0.939748 -2.442484 -1.090210
v 0.808902 -2.550458 -0.849494
v 1.225703 -2.427527 -0.831450
v 1.059348 -2.544557 -0.655929
v 1.398349 -2.383474 -0.500681
v 1.506205 -2.119362 -0.552376
v 1.618435 -2.079172 -0.137295
v 1.545389 -1.782206 -0.568752
v 1.307473 -2.141828 -0.930698
v 1.685149 -1.752111 -0.138200
v 1.580818 -1.398799 -0.573453
v 1.683579 -1.372960 -0.118591
v 1.319422 -1.792119 -0.969227
v 1.000860 -2.161713 -1.237625
v 0.224733 -2.515098 -1.470896
v -0.182586 -2.552656 -1.479106
v 0.635317 -2.206074 -1.491103
v 0.999714 -1.816633 -1.311748
v 1.342973 -1.403825 -1.016565
v 1.581366 -0.946705 -0.578324
v 1.294323 0.165925 -0.580435
v 1.503297 -0.415042 -0.582092
v 1.255796 -0.453937 -1.089962
v 1.342502 -0.958428 -1.065230
v 0.991042 -1.440018 -1.384470
v 0.608007 -1.871932 -1.570769
v 0.218358 -2.260060 -1.653807
v -0.223249 -2.315849 -1.655530
v -0.633453 -2.354431 -1.519341
v -0.693221 -2.096464 -1.631448
v -0.269617 -2.038285 -1.770155
v 0.179643 -1.953990 -1.742971
v 0.568867 -1.517729 -1.651770
v 0.954324 -1.017543 -1.455654
v 0.510873 -1.131259 -1.739115
v 0.130634 -1.624250 -1.841165
v -0.322751 -1.732697 -1.899606
v 0.065104 -1.268937 -1.937337
v -0.034998 -0.889479 -1.957216
v 0.397335 -0.713862 -1.765135
v -0.198950 -0.519826 -1.936456
v -0.448196 -0.179440 -1.906330
v -0.067643 0.080991 -1.711136
v -0.568876 -0.729338 -2.031549
v -0.451599 -1.048024 -2.033261
v -0.381820 -1.397499 -2.004277
v -0.754292 0.123073 -1.848162
v -0.410365 0.420645 -1.647036
v -0.797426 -0.466427 -2.006946
v -0.828054 -0.888698 -2.013271
v -0.835930 -1.148470 -1.973317
v -0.820555 -1.484677 -1.899009
v -0.767125 -1.811575 -1.781722
v -1.809803 -1.719647 -0.711527
v -1.650684 -1.547717 -1.300813
v -1.512666 -1.924897 -1.131917
v -1.189316 -1.879703 -1.526367
v -1.248419 -1.538633 -1.678814
v -1.199226 -1.152549 -1.831609
v -1.061886 -0.787215 -1.967111
v -1.519670 -1.082218 -1.656881
v -1.345991 -0.649211 -1.869577
v -1.742365 -0.927695 -1.524441
v -1.866304 -1.277903 -1.192400
v -1.924414 -1.478561 -0.717540
v -1.957982 -1.564251 -0.217787
v -1.083452 -0.234941 -1.943125
v -1.591427 -0.497846 -1.748748
v -1.867543 -0.748145 -1.366278
v -1.955726 -1.047612 -1.086585
v -1.993353 -1.244848 -0.683261
v -2.002066 -1.338030 -0.234820
v -1.989159 -1.323312 0.181874
v -1.758635 -0.362713 -1.545848
v -1.925106 -0.860452 -0.915941
v -1.877538 -0.612338 -1.113579
v -1.954827 -1.012813 -0.600116
v -1.967693 -1.093020 -0.225642
v -1.931621 -1.105527 0.136765
v -1.888884 -1.029261 0.459503
v -1.930409 -1.218021 0.553789
v -1.840186 -0.876303 0.719457
v -1.883208 -1.050076 0.877878
v -1.820251 -0.672101 0.929689
v -1.839680 -0.839788 1.153939
v -1.764796 -0.441883 1.099161
v -1.770584 -0.600525 1.382977
v -1.698933 -0.164117 1.238003
v -1.662076 -0.306908 1.565106
v -1.621169 0.175441 1.354238
v -1.524315 0.070995 1.712887
v -1.490905 0.543930 1.402017
v -1.537247 -0.812930 1.566909
v -1.325915 -0.515986 1.754311
v -1.696787 -1.049967 1.293584
v -1.792447 -1.250985 0.973629
v -1.862100 -1.417369 0.618687
v -1.946397 -1.539661 0.230253
v -1.862355 -1.744198 0.272940
v -1.254807 -1.054002 1.630304
v -0.856968 -0.789034 1.833152
v -1.496950 -1.272367 1.343700
v -0.276157 -0.864202 1.864758
v -0.688726 -1.208579 1.798160
v -1.053483 -1.347799 1.614721
v -1.649512 -1.457554 1.015006
v -1.312412 -1.516662 1.338498
v -0.894559 -1.637986 1.566353
v -0.562130 -1.540811 1.746239
v -0.223916 -1.194420 1.833047
v 0.221578 -0.933779 1.777259
v -1.755127 -1.615174 0.657325
v -1.638426 -1.835004 0.676434
v -1.496364 -1.680320 1.020161
v -1.149647 -1.770090 1.304860
v -0.761814 -1.925190 1.506442
v -0.456518 -1.848419 1.675919
v -1.348214 -1.915451 1.005070
v -1.007681 -2.027973 1.261609
v -1.212690 -2.156857 0.982034
v -1.514929 -2.068577 0.681204
v -1.382306 -2.296476 0.667558
v -0.871915 -2.273056 1.187059
v -0.637228 -2.198194 1.408966
v -0.354046 -2.127131 1.555738
v -0.083063 -1.810399 1.707223
v -0.149478 -1.511292 1.785417
v 0.285731 -1.525098 1.687580
v 0.253296 -1.229027 1.740726
v 0.695703 -1.269961 1.536128
v 0.663625 -0.963416 1.579503
v 0.702264 -1.563359 1.485049
v 1.082141 -1.305459 1.226289
v 0.307349 -1.800918 1.607535
v -0.019295 -2.079929 1.575540
v -0.246971 -2.310838 1.318396
v -0.501327 -2.367006 1.194917
v 0.038544 -2.258789 1.339384
v 0.319250 -2.037953 1.474918
v 0.682515 -1.819414 1.395054
v 1.077165 -1.611568 1.179022
v 1.027287 -1.863266 1.091088
v 1.378883 -1.655533 0.763575
v 1.341638 -1.937243 0.723486
v 0.953229 -2.062644 0.987951
v 0.604517 -2.178052 1.113299
v 0.860759 -2.209416 0.883809
v 0.645538 -2.024791 1.266596
v 0.325021 -2.203608 1.269246
v 1.239083 -2.161935 0.662808
v 1.075927 -2.299641 0.592028
v 1.216673 -2.393486 0.252620
v 1.630037 -1.707097 0.324684
v 1.581879 -2.023798 0.309776
v 1.439765 -2.267653 0.282553
v 1.266203 -2.452776 -0.095227
v 1.479470 -2.328284 -0.124285
v 1.618435 -2.079172 -0.137295
v 1.685149 -1.752111 -0.138200
v 1.591320 -1.346777 0.337535
v 1.365098 -1.328913 0.789743
v 1.500041 -0.942430 0.357827
v 1.306487 -0.954120 0.824402
v 1.424991 -0.465767 0.410081
v 1.683579 -1.372960 -0.118591
v 1.633738 -0.934502 -0.093834
v 1.579858 -0.407989 -0.068547
v 1.356976 0.158184 -0.037538
v 0.991418 0.722205 -0.014223
v 0.490641 1.221081 0.007203
v 0.477761 1.124997 0.548691
v 0.911852 0.604911 0.513444
v 1.235840 0.060328 0.467847
v 1.194306 -0.525805 0.878932
v 1.031136 -0.964191 1.259908
v 0.914612 -0.590434 1.298238
v 0.996917 -0.057755 0.938559
v 0.714250 0.439414 1.008139
v 0.306756 0.927306 1.054877
v 0.423810 0.223284 1.397618
v 0.590155 -0.643456 1.620228
v 0.719864 -0.189662 1.345406
v 0.202877 -0.639635 1.810360
v 0.433842 -0.309016 1.650896
v 0.141933 0.017408 1.684982
v 0.187943 -0.392020 1.801006
v -0.225838 -0.530382 1.918980
v -0.689141 -0.354155 1.962777
v -0.091153 -0.213995 1.878220
v 0.026206 0.634719 1.428887
v -0.242328 0.342270 1.711693
v -0.486214 0.031231 1.939853
v -1.154817 -0.139372 1.928280
v -0.677235 0.657732 1.708073
v -0.928477 0.292828 1.940805
v -1.315587 0.484703 1.741136
v -1.106742 0.879411 1.590993
v -0.437808 1.021243 1.443567
v -0.217266 1.327141 1.043824
v -0.101859 1.494086 0.534622
v -0.922204 1.263405 1.354827
v -0.104191 1.591062 0.004773
v -0.653952 1.718694 0.503588
v -0.746530 1.580653 0.994435
v -1.186753 1.211040 1.122175
v -1.332183 0.899472 1.315690
v -0.679836 1.742401 0.000149
v -1.020329 1.556812 0.418610
v -1.017346 1.585497 0.009281
v -1.072025 1.430733 0.808486
v -0.730479 0.791624 -1.713998
v -0.660402 0.857811 -1.715842
v -0.487356 0.603025 -1.719453
v -0.776677 0.707001 -1.712754
v -0.794475 0.612241 -1.712240
v -0.782125 0.516607 -1.712507
v -0.740828 0.429484 -1.713522
v -0.496556 0.295181 -1.719932
v -0.590222 0.313162 -1.717375
v -0.674647 0.359379 -1.715193
v -0.677505 0.357538 -1.793221
v -0.744166 0.428144 -1.791534
v -0.785750 0.515912 -1.790511
v -0.798194 0.612236 -1.790243
v -0.821300 0.612901 -1.809955
v -0.802050 0.715354 -1.810506
v -0.807943 0.509510 -1.810238
v -0.763301 0.415317 -1.811337
v -0.691745 0.339537 -1.813139
v -0.592496 0.311003 -1.795418
v -0.676322 0.878376 -1.813839
v -0.752092 0.806833 -1.811849
v -0.791443 0.837209 -1.809173
v -0.848836 0.732075 -1.807638
v -0.870933 0.614355 -1.807002
v -0.855590 0.495560 -1.807329
v -0.804299 0.387325 -1.808590
v -0.722086 0.300242 -1.810660
v -0.600486 0.289606 -1.815487
v -0.617199 0.242804 -1.813362
v -0.739700 0.276607 -1.787037
v -0.828300 0.370494 -1.784802
v -0.883573 0.487160 -1.783440
v -0.900113 0.615214 -1.783085
v -0.876288 0.742103 -1.783770
v -0.626667 0.214656 -1.789949
v -0.321308 0.344224 -1.803507
v -0.309481 0.325179 -1.824157
v -0.399089 0.282677 -1.821220
v -0.404802 0.304521 -1.800790
v -0.320710 0.346209 -1.725398
v -0.403668 0.306729 -1.722704
v -0.498236 0.292915 -1.797999
v -0.499334 0.270216 -1.818242
v -0.500889 0.220343 -1.816530
v -0.385571 0.234511 -1.819968
v -0.501305 0.190385 -1.793370
v -0.377006 0.205572 -1.797086
v -0.266086 0.258376 -1.800722
v -0.282642 0.283515 -1.823328
v -0.178047 0.344214 -1.803763
v -0.200871 0.363103 -1.826146
v -0.119856 0.455634 -1.805777
v -0.146737 0.466439 -1.828013
v -0.096175 0.582392 -1.806482
v -0.237853 0.394058 -1.826669
v -0.289426 0.865629 -1.824443
v -0.259785 0.904710 -1.823623
v -0.182833 0.815286 -1.826237
v -0.158680 0.831570 -1.803862
v -0.109153 0.712147 -1.805788
v -0.136750 0.704505 -1.828024
v -0.124664 0.584086 -1.828668
v -0.189916 0.483799 -1.828384
v -0.254723 0.408536 -1.805791
v -0.241486 0.928061 -1.801027
v -0.239889 0.775279 -1.805885
v -0.202055 0.685495 -1.807341
v -0.202558 0.684750 -1.729188
v -0.180908 0.691759 -1.828436
v -0.170140 0.586501 -1.829017
v -0.210344 0.492177 -1.807319
v -0.254657 0.410113 -1.727663
v -0.210731 0.493106 -1.729166
v -0.192712 0.587768 -1.729700
v -0.192111 0.587671 -1.807858
v -0.663141 0.859603 -1.793879
v -0.573308 0.899098 -1.718116
v -0.477904 0.911328 -1.720615
v -0.384261 0.893063 -1.723177
v -0.479366 0.913499 -1.798685
v -0.385127 0.895138 -1.801269
v -0.377945 0.916534 -1.821746
v -0.221808 0.788186 -1.826802
v -0.302690 0.847578 -1.803754
v -0.302344 0.845739 -1.725643
v -0.240030 0.773859 -1.727754
v -0.346017 0.290645 1.848179
v -0.267735 0.326836 1.844728
v -0.423772 0.586325 1.850017
v -0.501874 0.886460 1.854226
v -0.584351 0.848531 1.857181
v -0.412659 0.894830 1.850829
v -0.325350 0.872751 1.847279
v -0.248093 0.822171 1.843927
v -0.188147 0.747920 1.841169
v -0.151521 0.657632 1.839405
v -0.142194 0.561024 1.838901
v -0.500557 0.888260 1.908852
v -0.583650 0.850119 1.911833
v -0.410676 0.896725 1.905434
v -0.322657 0.874595 1.901856
v -0.244705 0.823800 1.898470
v -0.184166 0.749083 1.895682
v -0.147198 0.658126 1.893896
v -0.121054 0.664640 1.915966
v -0.137819 0.560809 1.893393
v -0.161648 0.763816 1.917843
v -0.228027 0.844900 1.920728
v -0.313125 0.899707 1.924264
v -0.408865 0.923396 1.928060
v -0.506499 0.914117 1.931753
v -0.596828 0.872822 1.935034
v -0.084213 0.674126 1.913198
v -0.110919 0.558428 1.915383
v -0.128939 0.786022 1.915363
v -0.202242 0.879127 1.918751
v -0.297752 0.943566 1.922907
v -0.406803 0.972230 1.927349
v -0.288882 0.970621 1.892578
v -0.406282 1.000834 1.897353
v -0.185650 0.901984 1.888086
v -0.106094 0.802072 1.884415
v -0.057520 0.681393 1.882059
v -0.044850 0.552624 1.881373
v -0.072382 0.554898 1.912559
v -0.156423 0.467232 1.894248
v -0.131571 0.456491 1.916203
v -0.094061 0.439709 1.913555
v -0.179747 0.368679 1.918317
v -0.200279 0.386360 1.896313
v -0.203999 0.387676 1.841785
v -0.160572 0.468081 1.839741
v -0.146777 0.339112 1.916049
v -0.068695 0.428415 1.882466
v -0.126070 0.320341 1.885174
v -0.264559 0.325208 1.899282
v -0.343459 0.288805 1.902755
v -0.249923 0.302480 1.921438
v -0.335764 0.263071 1.925173
v -0.225423 0.262289 1.919696
v -0.323148 0.216519 1.924017
v -0.431216 0.206341 1.928483
v -0.430270 0.253677 1.929117
v -0.539726 0.232909 1.932642
v -0.525722 0.275611 1.932871
v -0.211125 0.238086 1.889118
v -0.316363 0.189102 1.893767
v -0.432584 0.177982 1.898578
v -0.549454 0.206090 1.903059
v -0.656144 0.271262 1.906826
v -0.638553 0.293841 1.936135
v -0.741096 0.367401 1.909623
v -0.717147 0.383261 1.938725
v -0.766642 0.492641 1.940263
v -0.683519 0.406451 1.938483
v -0.727486 0.503310 1.939867
v -0.702948 0.510139 1.915944
v -0.794502 0.485286 1.911279
v -0.714801 0.606984 1.916275
v -0.740246 0.608819 1.940167
v -0.781670 0.611737 1.940676
v -0.810508 0.613654 1.911717
v -0.760532 0.729173 1.939952
v -0.787362 0.740051 1.910927
v -0.720547 0.712301 1.939404
v -0.696972 0.702104 1.915661
v -0.696750 0.701350 1.860982
v -0.714378 0.606833 1.861588
v -0.702570 0.510641 1.861263
v -0.651742 0.784706 1.859477
v -0.651567 0.785950 1.914147
v -0.670855 0.803314 1.937643
v -0.518663 0.961913 1.931599
v -0.621746 0.913876 1.935287
v -0.705323 0.833430 1.938125
v -0.727531 0.851986 1.908943
v -0.637361 0.938147 1.905882
v -0.526489 0.989556 1.901916
v -0.767454 1.700397 -0.481019
v -0.189740 1.549173 -0.517756
v -0.345863 1.322620 -0.963656
v -0.881853 1.525424 -0.894396
v -0.552958 1.033078 -1.318230
v -1.035587 1.261374 -1.215114
v -0.806480 0.729525 -1.590610
v -1.220457 0.941519 -1.463661
v -1.413344 0.552046 -1.610506
v -1.095327 0.397900 -1.811210
v -1.392313 0.862286 -1.119171
v -1.542480 0.509827 -1.243454
v -1.606614 0.096884 -1.639399
v -1.369397 0.004147 -1.859515
v -1.671076 0.105899 -1.274414
v -1.785641 -0.284456 -1.228697
v -0.064026 0.723570 -1.408825
v 0.217004 1.010105 -1.024869
v 0.412344 1.207345 -0.532178
v 0.690331 0.585303 -1.072650
v 0.928031 0.731052 -0.563525
v 1.061191 0.091616 -1.111352
v 0.849623 -0.550139 -1.500810
v 0.666533 -0.069954 -1.525013
v 0.343640 0.355950 -1.481525
v 0.212728 -0.298745 -1.756077
v -1.527493 0.374443 0.517344
v -1.497003 0.479692 0.113560
v -1.579558 0.183619 0.033748
v -1.464371 0.589012 -0.290691
v -1.356190 0.870484 -0.190526
v -1.401607 0.764672 0.192940
v -1.442023 0.671880 0.580816
v -1.478392 0.592841 0.980724
v -1.568310 0.288619 -0.375311
v -1.439477 0.716714 -0.703014
v -1.571102 0.398936 -0.798891
v -1.324228 1.002912 -0.566418
v -1.228447 1.237638 -0.408572
v -1.260791 1.126746 -0.084119
v -1.146033 1.385807 -0.276010
v -1.369357 0.889114 0.974985
v -1.337930 0.952461 0.628231
v -1.298991 1.037094 0.269846
v -1.158066 1.356465 -0.010866
v -1.017346 1.585497 0.009281
v -1.070167 1.538162 -0.368329
v -1.177604 1.294636 0.339637
v -1.020329 1.556812 0.418610
v -1.214337 1.200489 0.682525
v -1.249130 1.095294 0.934117
v -1.568049 0.271845 0.932783
v -1.490905 0.543930 1.402017
v -1.332183 0.899472 1.315690
v -1.186753 1.211040 1.122175
v -1.072025 1.430733 0.808486
v -1.641390 -0.040199 0.845297
v -1.698933 -0.164117 1.238003
v -1.764796 -0.441883 1.099161
v -1.621169 0.175441 1.354238
v -1.608505 0.078432 0.438418
v -1.705392 -0.317475 0.738756
v -1.684810 -0.199492 0.351516
v -1.770996 -0.554457 0.618235
v -1.744233 -0.458337 0.262085
v -1.830066 -0.752679 0.483871
v -1.809064 -0.682685 0.178409
v -1.856477 -0.895254 0.362310
v -1.866551 -0.893467 0.121556
v -1.931621 -1.105527 0.136765
v -1.967693 -1.093020 -0.225642
v -1.888884 -1.029261 0.459503
v -1.840186 -0.876303 0.719457
v -1.820251 -0.672101 0.929689
v -1.675933 0.056540 -0.847878
v -1.785641 -0.284456 -1.228697
v -1.772731 -0.270721 -0.854241
v -1.877538 -0.612338 -1.113579
v -1.854106 -0.549062 -0.822480
v -1.925106 -0.860452 -0.915941
v -1.907979 -0.737400 -0.768093
v -1.954827 -1.012813 -0.600116
v -1.894234 -0.800551 -0.525506
v -1.884467 -0.859093 -0.199567
v -1.815067 -0.625611 -0.159332
v -1.842359 -0.569083 -0.499676
v -1.750712 -0.310470 -0.477400
v -1.663034 -0.017852 -0.437390
v -1.661449 -0.106099 -0.040169
v -1.735606 -0.375885 -0.104309
v 0.169188 1.774395 0.832959
v -0.172507 1.799939 0.930548
v -0.064986 1.615240 1.212817
v 0.079193 1.903269 0.467701
v 0.545851 1.805385 0.374956
v 0.954589 1.608722 0.267457
v 0.613656 1.668602 0.706485
v 0.270499 1.594054 1.119423
v 0.061212 1.378698 1.448452
v -0.072284 1.305548 1.425672
v -0.189134 1.539569 1.200949
v -0.287316 1.721739 0.929598
v -0.277219 1.939320 0.546228
v -0.392414 1.858176 0.549922
v -0.341877 1.986297 0.146193
v -0.029086 0.847605 1.457281
v 0.107304 0.575291 1.564594
v 0.180302 0.762628 1.706838
v 0.049051 1.049907 1.594588
v -0.144925 1.096054 1.295045
v -0.252879 1.309728 1.097149
v -0.342154 1.471575 0.852618
v -0.435968 1.597456 0.507895
v 0.377020 1.335955 1.369892
v 0.172998 1.123275 1.608434
v 0.308221 0.854954 1.725886
v 0.429482 0.577538 1.785450
v 0.299789 0.485614 1.763980
v 0.570548 0.319855 1.789033
v 0.439070 0.228334 1.765130
v 0.738596 0.045245 1.712271
v 0.596231 -0.033555 1.690421
v 1.203428 0.371403 1.429894
v 0.903260 -0.197999 1.595130
v 0.750018 -0.264044 1.575339
v 0.475045 -0.103548 1.562530
v 0.326832 0.141118 1.624353
v 0.209333 0.357125 1.618331
v 1.296574 -1.185549 1.021264
v 1.146155 -1.171016 0.935865
v 1.270204 -1.666222 0.595213
v 1.061972 -0.747243 1.302752
v 0.930173 -0.772151 1.191399
v 0.623222 -0.312711 1.452231
v 1.760992 -2.328529 -0.045412
v 1.602090 -2.358812 -0.043653
v 1.599951 -2.371262 -0.289427
v 1.688727 -2.287194 0.152681
v 1.538315 -2.302258 0.142998
v 1.643337 -1.989040 0.400118
v 1.486152 -2.003118 0.402322
v 1.597945 -1.690876 0.647557
v 1.433991 -1.703998 0.661646
v 1.467297 -1.148848 1.016252
v 1.219459 -0.675637 1.325598
v 1.772487 -2.228409 0.138152
v 1.808272 -1.924014 0.301777
v 1.844056 -1.619617 0.465403
v 1.818307 -1.031224 0.800868
v 1.626455 -0.459711 1.127701
v 1.362427 0.087643 1.363524
v 1.987724 -1.897732 0.040059
v 2.061173 -1.562536 0.123967
v 2.120026 -0.836457 0.377178
v 1.895044 -0.246645 0.823758
v 1.639812 0.291404 1.048839
v 2.041823 -0.185954 0.150693
v 1.864342 0.263484 0.611385
v 1.772534 0.453217 0.676665
v 1.039637 0.639682 1.486329
v 1.467477 0.636847 1.088815
v 1.671257 0.653066 0.671458
v 1.654639 0.406069 0.597805
v 1.735284 0.233363 0.537047
v 1.549039 0.353538 0.607485
v 1.627717 0.178202 0.544329
v 1.562784 0.583706 0.595031
v 1.469210 0.760149 0.539268
v 1.566394 0.850422 0.610600
v 1.256913 0.967056 1.089588
v 0.809113 0.875103 1.517765
v 0.789694 1.242042 1.248780
v 1.139024 1.277282 0.819173
v 0.435552 1.050060 1.570126
v 1.477014 1.016719 0.498078
v 1.390277 1.171191 0.319934
v 1.390991 0.907843 0.437355
v 1.311821 1.040802 0.274461
v 1.255504 1.123079 0.099970
v 1.328991 1.261999 0.124619
v 1.025174 1.479167 0.552685
v 0.702185 1.471530 0.986712
v 1.148834 1.060455 0.107156
v 1.214289 1.156961 -0.100828
v 1.283657 1.301647 -0.098500
v 1.363207 0.704837 0.549814
v 1.456136 0.529193 0.606821
v 1.442452 0.398220 -0.171692
v 1.287233 0.850735 0.446900
v 1.206586 0.977331 0.280703
v 1.107061 1.092427 -0.094190
v 1.905645 -0.163649 0.122288
v 1.867677 -0.065920 0.297619
v 2.008597 -0.072644 0.345711
v 1.947685 0.075480 0.516149
v 1.816865 0.068033 0.449872
v 1.716835 0.016721 0.455289
v 1.763286 -0.118330 0.303875
v 1.810334 -0.211602 0.128265
v 1.811076 -0.268589 -0.074211
v 1.834826 -0.005456 -0.859911
v 1.711349 -0.004944 -0.784458
v 1.799629 -0.122522 -0.642344
v 1.699581 -0.170712 -0.635155
v 1.754771 -0.244545 -0.464145
v 1.809396 -0.277761 -0.277403
v 1.914092 -0.219633 -0.080527
v 1.412931 0.254674 -0.931282
v 1.317660 0.433143 -0.933517
v 1.520069 0.090379 -0.876689
v 1.624550 0.139901 -0.883044
v 1.517205 0.307273 -0.938176
v 1.606601 -0.056595 -0.777900
v 1.331562 0.660513 -0.894988
v 1.262283 0.828033 -0.795770
v 1.157547 0.769971 -0.787681
v 1.104215 0.909658 -0.646459
v 1.226888 0.604156 -0.887252
v 1.421158 0.488076 -0.943769
v 1.737892 0.153747 -0.969522
v 1.618147 0.343266 -1.031474
v 1.510320 0.546974 -1.041066
v 1.411754 0.740481 -0.984210
v 1.210424 0.969190 -0.654586
v 1.334617 0.928795 -0.874044
v 1.153464 0.696762 -1.395023
v 1.333432 0.373804 -1.423585
v 1.634655 -0.126778 -1.325614
v 0.839629 0.456165 -1.687704
v 0.629964 0.717638 -1.690315
v 0.329205 0.395637 -1.834098
v 0.157461 0.637700 -1.786366
v 0.942518 1.044005 -1.322936
v -0.150799 1.135944 -1.539826
v -0.267449 1.038262 -1.495809
v -0.384793 1.287658 -1.292199
v 0.004751 0.875155 -1.697114
v -0.110997 0.773517 -1.649373
v 0.039140 0.542886 -1.735342
v 0.208320 0.307645 -1.779796
v 0.478068 0.172774 -1.820411
v 1.000708 0.162526 -1.665777
v 0.349085 0.094304 -1.764975
v -0.140397 0.563619 -1.509659
v -0.297507 0.819911 -1.365810
v -0.010711 0.371754 -1.586752
v 0.138016 0.175272 -1.622330
v 0.248112 0.015425 -1.616280
v 0.491801 -0.110314 -1.719594
v 0.392371 -0.180034 -1.565686
v 0.790582 -0.611790 -1.557801
v 1.504289 -2.338692 -0.656289
v 1.368984 -2.261997 -0.856501
v 1.461959 -2.261560 -0.914911
v 1.262574 -1.922634 -1.024186
v 1.396190 -1.920978 -1.083657
v 1.330421 -1.580399 -1.252410
v 1.156167 -1.583270 -1.191866
v 1.157209 -1.017203 -1.461035
v 1.001764 -1.057135 -1.382547
v 0.926286 -0.526440 -1.631921
v 0.628888 -0.041376 -1.776163
v 1.267381 -0.344581 -1.580102
v 1.488588 -0.919003 -1.391189
v 1.593453 -1.535277 -1.169400
v 1.925020 -0.774054 -1.031276
v 1.912106 -1.523246 -0.878425
v 1.616882 -1.863259 -1.059294
v 1.857307 -1.868632 -0.819489
v 1.595179 -2.180360 -0.923991
v 1.644787 -2.321213 -0.704445
v 1.581738 -2.367711 -0.406499
v 1.767862 -2.200914 -0.750369
v 1.746770 -2.344396 -0.438469
v 1.767270 -2.345588 -0.319562
v 1.913107 -2.206800 -0.325721
v 1.876678 -2.223843 -0.042158
v 2.049512 -1.886144 -0.297263
v 2.125046 -1.503823 -0.264220
v 1.295566 -2.199905 -0.577410
v 1.350893 -2.222512 -0.363606
v 1.367091 -2.225664 -0.245714
v 1.371000 -2.216228 -0.054254
v 1.346363 -2.181110 0.127231
v 1.308287 -1.923662 0.361220
v 0.046187 1.357255 -1.355476
v 0.000305 1.594910 -1.063563
v 0.438111 1.514126 -1.059310
v 0.465053 1.264408 -1.398138
v 0.380885 0.951748 -1.640860
v 0.049634 1.083991 -1.580097
v 0.889321 1.346607 -0.969544
v 0.848050 1.531041 -0.656980
v 0.412386 1.710517 -0.699381
v -0.049013 1.787499 -0.720045
v -0.356403 1.630173 -1.046920
v -0.391009 1.813102 -0.719071
v 1.259914 1.277012 -0.315458
v 1.253878 1.208223 -0.534305
v 0.865802 1.640260 -0.349168
v 0.432390 1.824776 -0.339722
v -0.038766 1.915475 -0.314630
v -0.389503 1.949743 -0.279500
v -0.457440 1.902232 0.154525
v 0.004036 1.953825 0.082388
v 0.466707 1.857055 0.023144
v 0.890133 1.666358 -0.035859
v 1.190014 1.133917 -0.293947
v 1.079498 1.068376 -0.285462
v 1.082745 1.011434 -0.479948
v 1.278301 1.087464 -0.716817
v 1.188708 1.074439 -0.489479
v -0.266086 0.258376 -1.800722
v -0.211125 0.238086 1.889118
v -0.316363 0.189102 1.893767
v -0.377006 0.205572 -1.797086
v -0.432584 0.177982 1.898578
v -0.501305 0.190385 -1.793370
v -0.626667 0.214656 -1.789949
v -0.549454 0.206090 1.903059
v -0.739700 0.276607 -1.787037
v -0.656144 0.271262 1.906826
v -0.828300 0.370494 -1.784802
v -0.741096 0.367401 1.909623
v 1.146155 -1.171016 0.935865
v 0.930173 -0.772151 1.191399
v 1.057344 -0.559423 0.908290
v 0.777258 -0.143097 1.153633
v 0.623222 -0.312711 1.452231
v 0.475045 -0.103548 1.562530
v 1.068542 -0.425908 -0.133450
v 0.548565 0.205119 1.305507
v 0.326832 0.141118 1.624353
v 0.209333 0.357125 1.618331
v 0.373250 0.570664 1.261922
v 0.107304 0.575291 1.564594
v -0.029086 0.847605 1.457281
v 0.171735 1.020903 1.039533
v -0.144925 1.096054 1.295045
v 0.162780 0.564077 -1.240622
v 0.386692 0.254372 -1.329704
v -0.058768 0.997854 -0.969356
v -0.131684 1.328283 -0.554179
v -0.096261 1.462954 0.095065
v 0.020369 1.334056 0.689923
v -0.497499 1.297632 -0.921388
v -0.415518 1.060836 -1.171918
v -0.297507 0.819911 -1.365810
v -0.140397 0.563619 -1.509659
v -0.010711 0.371754 -1.586752
v 0.138016 0.175272 -1.622330
v 0.248112 0.015425 -1.616280
v 0.606119 -0.043068 -1.281424
v 0.392371 -0.180034 -1.565686
v 0.686066 -0.652049 -1.412298
v 0.882046 -0.477956 -1.143799
v 0.880380 -1.059107 -1.251862
v 1.067533 -0.864576 -0.992593
v 1.195849 -1.294557 -0.868093
v 1.015316 -1.556172 -1.072353
v 1.263168 -0.935326 0.658704
v 1.406407 -1.380922 0.353960
v 1.447749 -1.603113 0.174999
v 1.489091 -1.825323 -0.003960
v 1.519974 -1.865118 -0.169006
v 1.516832 -1.866776 -0.328118
v 1.371000 -2.216228 -0.054254
v 1.346363 -2.181110 0.127231
v 1.308287 -1.923662 0.361220
v 1.270204 -1.666222 0.595213
v 1.275482 -1.541355 -0.768586
v 1.103724 -1.852424 -0.927470
v 1.355113 -1.788157 -0.669076
v 1.462884 -1.845606 -0.490242
v 1.350893 -2.222512 -0.363606
v 1.367091 -2.225664 -0.245714
v 1.295566 -2.199905 -0.577410
v 1.192135 -2.148666 -0.782584
v -0.109153 0.712147 -1.805788
v -0.158680 0.831570 -1.803862
v -0.106094 0.802072 1.884415
v -0.057520 0.681393 1.882059
v -0.096175 0.582392 -1.806482
v -0.044850 0.552624 1.881373
v -0.068695 0.428415 1.882466
v -0.119856 0.455634 -1.805777
v -0.126070 0.320341 1.885174
v -0.178047 0.344214 -1.803763
v -0.604047 0.999317 -1.790956
v -0.720633 0.944033 -1.787912
v -0.637361 0.938147 1.905882
v -0.526489 0.989556 1.901916
v -0.476271 1.015783 -1.794300
v -0.406282 1.000834 1.897353
v -0.350892 0.991468 -1.797719
v -0.288882 0.970621 1.892578
v -0.241486 0.928061 -1.801027
v -0.185650 0.901984 1.888086
v -0.883573 0.487160 -1.783440
v -0.828300 0.370494 -1.784802
v -0.741096 0.367401 1.909623
v -0.794502 0.485286 1.911279
v -0.900113 0.615214 -1.783085
v -0.810508 0.613654 1.911717
v -0.876288 0.742103 -1.783770
v -0.787362 0.740051 1.910927
v -0.814448 0.855404 -1.785436
v -0.727531 0.851986 1.908943
v -0.780272 0.707686 -1.790764
v -0.733732 0.792925 -1.792019
v -0.575419 0.901168 -1.796166
v -0.582170 0.922986 -1.816293
v -0.814448 0.855404 -1.785436
v -0.704389 0.919442 -1.811469
v -0.596190 0.970749 -1.814290
v -0.479068 0.936203 -1.818985
v -0.477644 0.986023 -1.817384
v -0.361329 0.963472 -1.820554
v -0.350892 0.991468 -1.797719
v -0.476271 1.015783 -1.794300
v -0.604047 0.999317 -1.790956
v -0.720633 0.944033 -1.787912
v -1.611505 -2.251401 -0.591813
v -1.696192 -2.256080 -0.128375
v -1.795872 -2.018375 -0.156679
v -1.648090 -2.189832 0.305898
v -1.766003 -1.962756 0.294831
v -1.314785 -2.463054 -0.964273
v -1.513809 -2.501012 -0.555783
v -1.567603 -2.491745 -0.110524
v -1.507636 -2.411094 0.301701
v -1.350064 -2.706505 -0.513374
v -1.379542 -2.683812 -0.101210
v -1.334796 -2.588951 0.278067
v -1.227961 -2.482304 0.621819
v -1.071814 -2.373780 0.925993
v -0.722163 -2.427381 1.016778
v -0.913480 -2.504209 0.798906
v -1.056270 -2.589417 0.538159
v -1.131833 -2.676129 0.235454
v -1.146439 -2.748405 -0.098516
v -1.121166 -2.778854 -0.450909
v -1.009107 -2.772649 -0.767645
v -1.194350 -2.677958 -0.894179
v -0.786100 -2.735647 -0.988011
v -0.913538 -2.621848 -1.179021
v -0.492874 -2.698447 -1.124981
v -0.568595 -2.573210 -1.372479
v -0.159521 -2.668929 -1.183868
v -1.005393 -2.411032 -1.290952
v -1.881581 -1.785475 -0.187418
v -1.702067 -1.988017 -0.649541
v -1.399667 -2.207511 -1.022694
v -1.084393 -2.158837 -1.383749
v -0.430415 0.280239 1.906353
v -0.518111 0.300691 1.909713
v -0.432283 0.282178 1.851740
v -0.519261 0.302570 1.855076
v -0.598944 0.350677 1.857908
v -0.598487 0.349069 1.912565
v -0.613424 0.327985 1.936094
v -0.662644 0.421231 1.914687
v -0.662562 0.422351 1.860011
v -0.267890 1.381685 -1.332558
v -0.489716 1.630922 0.147457
v -0.502758 1.861999 -0.262084
v -0.501956 1.721701 -0.692564
v -0.470330 1.537459 -1.013486
v -0.530707 1.599925 -0.233659
v -0.525570 1.468860 -0.628641
v -0.497499 1.297632 -0.921388
v -0.415518 1.060836 -1.171918
v 2.168809 -0.856990 -0.193823
v 2.058932 -0.247318 -0.075562
v 1.907835 -0.232018 -0.286265
v 1.858044 -0.195146 -0.472404
v 2.128175 -0.842574 -0.500623
v 2.081456 -1.474538 -0.528209
v 2.047372 -0.264336 -0.307279
v 1.996808 -0.219591 -0.514004
v 1.928483 -0.139903 -0.702235
v 2.014944 -1.876967 -0.521667
v 1.890551 -2.202030 -0.476480
v 0.686066 -0.652049 -1.412298
v 0.880380 -1.059107 -1.251862
v 1.015316 -1.556172 -1.072353
v 1.103724 -1.852424 -0.927470
v 1.192135 -2.148666 -0.782584
v 1.633738 -0.934502 -0.093834
v 1.579858 -0.407989 -0.068547
v 1.356976 0.158184 -0.037538
v 0.991418 0.722205 -0.014223
v 0.490641 1.221081 0.007203
v -0.104191 1.591062 0.004773
v -0.679836 1.742401 0.000149
v -1.017346 1.585497 0.009281
v -1.070167 1.538162 -0.368329
v -1.158530 1.403365 -0.676728
v -1.267814 1.164879 -0.923576
v -0.252879 1.309728 1.097149
v -0.342154 1.471575 0.852618
v -0.435968 1.597456 0.507895
v -0.489716 1.630922 0.147457
v -0.530707 1.599925 -0.233659
v -0.525570 1.468860 -0.628641
v -1.158530 1.403365 -0.676728
v -1.267814 1.164879 -0.923576
v -1.392313 0.862286 -1.119171
v -1.542480 0.509827 -1.243454
v -1.671076 0.105899 -1.274414
v 0.820786 -2.422792 -0.296337
v 1.039525 -2.429440 -0.247735
v 0.977292 -2.372028 0.065238
v 1.059378 -2.464562 -0.471376
v 0.910573 -2.476157 -0.585024
v 1.220353 -2.459682 -0.561025
v 1.266203 -2.407050 -0.248737
v 1.216674 -2.347760 0.099110
v 1.075927 -2.253915 0.438519
v 0.878104 -2.301652 0.385233
v 0.739460 -2.364275 0.040988
v 0.581602 -2.425757 -0.363177
v 0.055582 -2.485447 -0.503189
v -0.011777 -2.427429 -0.081492
v -0.262256 -2.473748 -0.135146
v 0.323728 -2.447696 -0.436257
v 0.243615 -2.391367 -0.030531
v 0.495639 -2.369007 0.011240
v 0.657669 -2.300473 0.392011
v 0.778610 -2.237031 0.622184
v 0.417323 -2.307528 0.401127
v 0.167703 -2.333041 0.387305
v -0.082366 -2.371015 0.346231
v -0.322758 -2.418992 0.281212
v -0.545375 -2.478060 0.203236
v -0.499467 -2.529520 -0.184433
v -0.212008 -2.533050 -0.551485
v -0.465965 -2.588142 -0.576104
v -0.454044 -2.650933 -0.953700
v -0.696507 -2.698968 -0.888263
v -0.692738 -2.651855 -0.573209
v -0.717663 -2.598288 -0.222665
v -0.744900 -2.552786 0.123569
v -0.792581 -2.514410 0.429546
v -0.609099 -2.437538 0.576485
v -0.396909 -2.374077 0.700212
v -0.928570 -2.625527 0.066785
v -0.923811 -2.567118 0.297940
v -0.501327 -2.321280 1.041407
v -0.159482 -2.321760 0.789522
v -0.722163 -2.381655 0.863268
v -0.913480 -2.458483 0.645396
v -1.056270 -2.543691 0.384649
v -1.131833 -2.630404 0.081945
v -0.922378 -2.674098 -0.244826
v -1.146439 -2.702678 -0.252025
v -0.897014 -2.710539 -0.563400
v -1.121166 -2.733128 -0.604419
v -0.865501 -2.725132 -0.798391
v -1.009107 -2.726923 -0.921154
v -0.786100 -2.689920 -1.141521
v -0.492874 -2.652721 -1.278491
v -0.173185 -2.597777 -0.967015
v -0.159521 -2.623202 -1.337378
v 0.185824 -2.580642 -1.309985
v 0.122917 -2.545705 -0.925795
v 0.512961 -2.533132 -1.178535
v 0.413174 -2.501596 -0.831140
v 0.808902 -2.504732 -1.003003
v 0.682067 -2.478384 -0.710154
v 1.059348 -2.498831 -0.809439
v 0.095187 -2.278839 0.822893
v 0.351256 -2.244447 0.799920
v 0.595368 -2.233291 0.723023
v 0.860759 -2.163690 0.730300
v 0.604517 -2.132326 0.959789
v 0.325021 -2.157882 1.115736
v 0.038544 -2.213063 1.185874
v -0.246971 -2.265111 1.164886
v -0.509596 -2.193653 0.241624
v -0.370133 -2.205661 0.379192
v -0.218174 -2.258339 0.175950
v -0.181937 -2.249440 0.473926
v -0.102272 -2.268285 0.254250
v 0.017962 -2.269784 0.511591
v -0.725726 -2.052235 -0.127756
v -0.692760 -2.084690 0.146581
v -0.614873 -2.180078 0.093899
v -0.558400 -2.098133 0.339276
v -0.387622 -2.113650 0.506338
v -0.190357 -2.130568 0.639600
v 0.042694 -2.177193 0.692232
v 0.209935 -2.315317 0.501516
v 0.333672 -2.342394 0.481335
v 0.253046 -2.342410 0.255458
v 0.504661 -2.388254 0.389031
v 0.171023 -2.328086 0.277602
v 0.028325 -2.304321 0.281145
v 0.083744 -2.313608 -0.262339
v -0.317808 -2.244069 0.077704
v -0.403762 -2.234319 -0.043516
v 0.372868 -2.374429 0.190406
v 0.509619 -2.402536 0.054925
v 0.242116 -2.304390 -0.795195
v 0.097600 -2.286002 -0.798285
v -0.051146 -2.260051 -0.787723
v -0.156801 -2.278351 -0.748638
v -0.215301 -2.244291 -0.692453
v -0.321923 -2.242119 -0.566902
v -0.388082 -2.237643 -0.439953
v -0.483025 -2.234665 -0.684717
v -0.324100 -2.244111 -0.839321
v -0.260934 -2.237937 -0.966666
v -0.109931 -2.234141 -1.036403
v 0.099073 -2.264847 -1.069607
v 0.315368 -2.292716 -1.018482
v 0.403319 -2.182243 -1.142046
v 0.536489 -2.340208 -0.928840
v 0.112444 -2.200242 -1.178798
v -0.105933 -2.171495 -1.135018
v -0.283165 -2.147708 -1.067312
v -0.391234 -2.100250 -0.975567
v -0.581608 -2.107556 -0.765957
v 0.397002 -2.339221 -0.732564
v 0.511079 -2.372191 -0.615991
v 0.700109 -2.387722 -0.762167
v 0.589452 -2.402032 -0.466943
v 0.838836 -2.429621 -0.554261
v 0.614941 -2.413208 -0.331909
v 0.871968 -2.458088 -0.365467
v 1.020196 -2.404045 -0.363443
v 1.030168 -2.406976 -0.600718
v 0.862638 -2.295659 -0.836050
v 0.667303 -2.238933 -1.035021
v 0.845954 -2.377638 0.301098
v 1.031883 -2.427563 0.050052
v 0.841351 -2.487406 -0.020462
v 1.071672 -2.402359 -0.173900
v 0.875221 -2.477104 -0.207510
v 0.274792 -2.232355 0.679351
v 0.425174 -2.241541 0.648442
v 0.629304 -2.296289 0.538260
v 0.686142 -2.456388 0.190381
v 0.619504 -2.427226 -0.091423
v 0.639732 -2.425496 -0.223420
v -0.609486 -2.172854 -0.477767
v -0.459666 -2.225301 -0.290620
v -0.456629 -2.223461 -0.154193
v -0.630403 -2.183817 -0.168857
v -0.700765 -2.039148 -0.496534
v -0.683256 -2.149053 -0.303564
v -0.788829 -2.010733 -0.288569
v 1.106417 -5.722597 1.143381
v 1.169732 -5.940869 0.904321
v 1.210923 -5.044262 0.812154
v 1.165090 -4.529694 1.037225
v 1.039078 -5.501487 1.384120
v 1.241415 -4.249003 0.763021
v 0.957545 -5.276818 1.654326
v 1.107535 -4.415252 1.285382
v 1.133224 -3.374500 1.024742
v 1.176857 -3.439081 0.792454
v 1.134531 -3.118697 0.828799
v 0.418277 -5.042181 1.916537
v 0.627163 -5.059952 1.896435
v 0.324769 -4.115831 1.822446
v 0.849452 -4.159161 1.751657
v 0.834173 -5.145944 1.828277
v 0.981383 -4.273309 1.539625
v 1.044421 -3.017586 1.245588
v 1.087835 -3.095977 1.042833
v 1.075391 -2.798688 0.878950
v 0.929470 -2.895492 1.370381
v 1.043920 -2.818499 1.060307
v 0.980165 -2.553954 0.931546
v 0.918510 -2.650105 1.125448
v 0.797437 -2.496406 1.174700
v 0.821068 -2.796040 1.468914
v 0.602837 -2.437478 1.207923
v 0.337816 -2.764975 1.519774
v -0.142906 -2.845481 1.484150
v -0.017363 -2.464363 1.255779
v -0.200284 -2.586530 1.263455
v -0.242447 -4.194358 1.695287
v 0.297611 -2.404364 1.240120
v 0.140600 -2.288074 1.076256
v -0.077470 -2.364595 1.080786
v -0.276576 -2.533358 1.099412
v -0.353132 -2.765921 1.227001
v -0.328801 -2.967340 1.387994
v -0.482636 -4.323801 1.479362
v -0.528571 -3.313028 1.229887
v -0.626195 -4.412337 1.294241
v -0.756909 -4.105692 1.082571
v -0.782599 -4.896059 1.135654
v -0.422663 -2.738954 1.077306
v -0.440852 -3.039477 1.228446
v -0.537841 -3.053459 1.065134
v -0.653022 -3.367959 1.052968
v -0.751897 -5.837945 1.205674
v -0.623713 -5.662327 1.393417
v -0.495533 -5.486737 1.581159
v -0.304091 -5.260506 1.814535
v -0.067227 -5.090192 1.935849
v 0.162961 -5.037970 1.939902
v -0.905183 -5.778343 1.236661
v -0.751897 -5.837945 1.205674
v -0.782599 -4.896059 1.135654
v -0.623713 -5.662327 1.393417
v -0.751897 -5.837945 1.205674
v -0.756909 -4.105692 1.082571
v -0.653022 -3.367959 1.052968
v -0.839040 -3.342481 1.111910
v -0.941644 -4.117789 1.143585
v -0.943714 -4.916697 1.186483
v -0.769309 -5.584519 1.439742
v -0.495533 -5.486737 1.581159
v -0.629211 -5.392202 1.638900
v -0.304091 -5.260506 1.814535
v -0.571444 -2.658280 1.125148
v -0.513230 -2.705437 1.285334
v -0.625822 -2.995141 1.303386
v -0.726811 -2.989253 1.121676
v -0.711877 -3.294318 1.308058
v -0.790053 -4.035003 1.341889
v -0.800402 -4.802533 1.387642
v 0.243591 -3.029712 1.910622
v -0.020489 -3.041226 1.894886
v -0.042263 -2.702446 1.784623
v -0.311991 -2.840689 1.663290
v -0.335259 -3.137735 1.727724
v -0.497048 -2.951923 1.478525
v -0.552692 -3.238630 1.517979
v -0.602844 -3.931002 1.565395
v -0.638601 -4.686972 1.603008
v 0.428518 -2.218086 1.331480
v 0.464116 -2.361784 1.580752
v 0.206272 -2.355360 1.607157
v 0.237351 -2.659095 1.793738
v -0.031997 -2.400814 1.598493
v -0.272153 -2.567362 1.544186
v -0.446688 -2.757695 1.445008
v 0.115657 -2.128374 1.118073
v 0.140600 -2.288074 1.076256
v 0.368128 -2.266673 1.043220
v -0.141511 -2.230592 1.133313
v -0.077470 -2.364595 1.080786
v -0.377418 -2.405192 1.136388
v -0.309766 -2.450456 1.340034
v -0.083587 -2.300354 1.365819
v 0.183528 -2.226425 1.354999
v -0.276576 -2.533358 1.099412
v 0.391289 -2.118330 1.098483
v 0.609966 -2.295416 1.026643
v 0.665883 -2.157734 1.076740
v 0.811114 -2.387686 0.988988
v 1.075391 -2.798688 0.878950
v 1.134531 -3.118697 0.828799
v 1.292676 -3.077461 0.852559
v 1.211548 -2.735146 0.908418
v 0.980165 -2.553954 0.931546
v 1.092581 -2.458672 0.968737
v 0.899798 -2.260655 1.033897
v 0.688985 -2.256140 1.314386
v 1.100614 -2.533754 1.173941
v 0.928234 -2.337593 1.265108
v 0.705506 -2.385209 1.555035
v 0.486440 -2.671072 1.774599
v -0.360514 -3.811411 1.832871
v -0.045210 -3.713071 2.022352
v 0.228401 -3.708037 2.035114
v 0.487693 -3.716172 2.003605
v 0.492321 -3.034315 1.885070
v 0.733597 -2.683350 1.737686
v 0.937206 -2.467287 1.491855
v 0.738414 -3.051739 1.852652
v 0.981143 -2.754097 1.673110
v 1.099941 -2.625086 1.390848
v 1.190295 -2.817786 1.253650
v 1.150357 -2.889741 1.487280
v 0.994244 -3.101206 1.776782
v 0.741590 -3.738760 1.974924
v 0.466018 -4.391600 2.050014
v 0.720199 -4.414745 2.013696
v 0.992931 -3.793032 1.889918
v 1.173213 -3.190065 1.574886
v 1.221338 -3.010280 1.262503
v 1.200730 -2.776114 1.081572
v 0.966208 -4.485657 1.929352
v 1.205057 -3.904567 1.637667
v 1.263054 -3.314580 1.283269
v 1.263467 -3.065900 1.064087
v 1.310736 -3.372398 1.047720
v 1.321511 -4.066444 1.284299
v 1.167938 -4.620587 1.674775
v 0.923835 -5.023896 1.921333
v 0.687963 -4.950509 1.987206
v 0.437443 -4.930970 2.015696
v 0.834173 -5.145944 1.828277
v 1.084500 -5.214805 1.700334
v 1.278754 -4.807766 1.323316
v 1.380416 -4.173862 1.034128
v 1.351708 -3.441690 0.812574
v 0.957545 -5.276818 1.654326
v 1.176857 -3.439081 0.792454
v 1.241415 -4.249003 0.763021
v 1.419667 -4.276288 0.788804
v 1.340976 -4.944815 1.078762
v 1.182582 -5.464672 1.401036
v 1.039078 -5.501487 1.384120
v 1.210923 -5.044262 0.812154
v 1.383240 -5.076650 0.839189
v 1.271662 -5.678120 1.156242
v 1.332867 -5.890885 0.917827
v 1.169732 -5.940869 0.904321
v 1.106417 -5.722597 1.143381
v 1.169732 -5.940869 0.904321
v 1.616745 -5.222328 -0.434535
v 1.554856 -5.164444 -0.445600
v 1.547144 -5.240938 -0.632715
v 1.609740 -5.291787 -0.604482
v 1.540650 -5.371512 -0.787062
v 1.603843 -5.410391 -0.744667
v 1.536010 -5.543467 -0.893522
v 1.599629 -5.566548 -0.841359
v 1.533679 -5.739921 -0.941683
v 1.597515 -5.744985 -0.885101
v 1.533894 -5.941637 -0.926826
v 1.597705 -5.928223 -0.871606
v 1.602909 -5.896569 -0.736951
v 1.602766 -5.756546 -0.747265
v 1.604383 -5.620176 -0.713837
v 1.607599 -5.500829 -0.639934
v 1.612110 -5.410161 -0.532796
v 1.604807 -6.026573 -0.683906
v 1.600183 -6.098307 -0.802199
v 1.608259 -6.133818 -0.593320
v 1.604706 -6.238616 -0.683675
v 1.612943 -6.207771 -0.474059
v 1.610832 -6.335399 -0.527634
v 1.618390 -6.241249 -0.337801
v 1.617954 -6.379195 -0.349347
v 1.624068 -6.230928 -0.197879
v 1.625386 -6.365699 -0.166272
v 1.564368 -6.423337 -0.150233
v 1.556188 -6.438190 -0.351806
v 1.548345 -6.389980 -0.548105
v 1.541598 -6.283420 -0.719907
v 1.536619 -6.128929 -0.850405
v 1.629424 -6.177865 -0.067992
v 1.632394 -6.296240 0.003675
v 1.633933 -6.087196 0.039145
v 1.638297 -6.177635 0.143857
v 1.637153 -5.967849 0.113049
v 1.642508 -6.021479 0.240552
v 1.638771 -5.831479 0.146479
v 1.644626 -5.843041 0.284291
v 1.638625 -5.691456 0.136169
v 1.585553 -5.847888 0.345846
v 1.583220 -6.044314 0.297684
v 1.578586 -6.216271 0.191223
v 1.572087 -6.346871 0.036882
v 1.644437 -5.659832 0.270797
v 1.636730 -5.561452 0.083121
v 1.585344 -5.646145 0.330989
v 1.623147 -5.346776 -0.262987
v 1.621815 -5.596768 -0.283895
v 1.624218 -5.611523 -0.223802
v 1.628591 -5.380254 -0.126725
v 1.626281 -5.644152 -0.171205
v 1.633267 -5.454208 -0.007468
v 1.627809 -5.691451 -0.131253
v 1.628643 -5.748792 -0.107856
v 1.628708 -5.810539 -0.103309
v 1.616949 -5.624714 -0.402892
v 1.619313 -5.601306 -0.345608
v 1.620767 -5.794013 -0.300394
v 1.627995 -5.870679 -0.118054
v 1.626575 -5.923320 -0.150648
v 1.624585 -5.963311 -0.197897
v 1.622224 -5.986719 -0.255180
v 1.619719 -5.991257 -0.316892
v 1.617316 -5.976502 -0.376984
v 1.615251 -5.943874 -0.429583
v 1.613729 -5.896576 -0.469535
v 1.612892 -5.839234 -0.492930
v 1.612826 -5.777485 -0.497476
v 1.613539 -5.717347 -0.482735
v 1.614959 -5.664706 -0.450142
v 1.612943 -6.207771 -0.474059
v 1.608259 -6.133818 -0.593320
v 1.604807 -6.026573 -0.683906
v 1.602909 -5.896569 -0.736951
v 1.602766 -5.756546 -0.747265
v 1.604383 -5.620176 -0.713837
v 1.607599 -5.500829 -0.639934
v 1.617466 -5.357097 -0.402907
v 1.624177 -5.208832 -0.251461
v 1.631307 -5.252627 -0.073176
v 1.637428 -5.349411 0.082865
v 1.641957 -5.489720 0.201390
v 1.582613 -5.458880 0.254571
v 1.577629 -5.304389 0.124073
v 1.570890 -5.197829 -0.047732
v 1.563039 -5.149619 -0.244027
v -1.312875 -6.225060 -0.079127
v -1.307515 -6.172003 0.050702
v -1.304576 -6.291293 0.122921
v -1.298669 -6.172529 0.263315
v -1.303011 -6.081394 0.157794
v -1.294453 -6.016138 0.360152
v -1.299797 -5.962106 0.231663
v -1.292336 -5.837446 0.403959
v -1.298180 -5.825793 0.265077
v -1.292524 -5.653933 0.390443
v -1.298320 -5.685825 0.254768
v -1.306014 -5.640353 0.062445
v -1.300217 -5.555874 0.201748
v -1.295001 -5.483582 0.320936
v -1.229393 -5.640580 0.445336
v -1.229184 -5.842488 0.460204
v -1.231513 -6.039083 0.412004
v -1.236156 -6.211158 0.305462
v -1.312804 -5.202290 -0.132592
v -1.251705 -5.143655 -0.130137
v -1.243855 -5.191906 0.066313
v -1.305668 -5.246142 0.045956
v -1.308348 -5.374750 -0.008010
v -1.303671 -5.448681 0.111199
v -1.311191 -5.525037 -0.071090
v -1.308212 -5.572102 0.004800
v -1.299533 -5.343070 0.202232
v -1.232126 -5.453155 0.368861
v -1.237105 -5.298563 0.238257
v -1.320246 -5.215811 -0.315936
v -1.259897 -5.158523 -0.331863
v -1.313798 -5.341294 -0.144208
v -1.314659 -5.503746 -0.157795
v -1.316171 -5.788335 -0.181596
v -1.304809 -5.723068 0.096197
v -1.304719 -5.812189 0.102761
v -1.305746 -5.898957 0.081488
v -1.307792 -5.974902 0.034464
v -1.310661 -6.032580 -0.033713
v -1.314072 -6.066364 -0.116362
v -1.317686 -6.072924 -0.205397
v -1.321151 -6.051633 -0.292103
v -1.324128 -6.004540 -0.367993
v -1.326332 -5.936316 -0.425634
v -1.327534 -5.853602 -0.459386
v -1.327629 -5.764481 -0.465952
v -1.326602 -5.677712 -0.444678
v -1.324551 -5.601768 -0.397651
v -1.324825 -5.404666 -0.413895
v -1.321681 -5.544089 -0.329478
v -1.329332 -5.495275 -0.520984
v -1.332554 -5.614563 -0.594853
v -1.334168 -5.750876 -0.628268
v -1.334019 -5.890845 -0.617959
v -1.332131 -6.020796 -0.564938
v -1.319471 -5.351609 -0.284069
v -1.318273 -5.510305 -0.246830
v -1.333173 -5.404142 -0.626528
v -1.327266 -5.285350 -0.486138
v -1.278149 -6.123731 -0.736992
v -1.280882 -5.936306 -0.813468
v -1.339321 -5.922738 -0.753655
v -1.281091 -5.734424 -0.828336
v -1.339509 -5.739225 -0.767172
v -1.278764 -5.537829 -0.780135
v -1.337398 -5.560534 -0.723365
v -1.274121 -5.365755 -0.673591
v -1.267623 -5.235058 -0.519123
v -1.332306 -6.233601 -0.565446
v -1.273164 -6.278350 -0.606388
v -1.336835 -6.093061 -0.684147
v -1.334019 -5.890845 -0.617959
v -1.334168 -5.750876 -0.628268
v -1.332554 -5.614563 -0.594853
v -1.332131 -6.020796 -0.564938
v -1.328669 -6.127988 -0.474393
v -1.326175 -6.330501 -0.409175
v -1.323992 -6.201920 -0.355181
v -1.319038 -6.374382 -0.230624
v -1.318550 -6.235376 -0.218986
v -1.311599 -6.360858 -0.047276
v -1.242657 -6.341854 0.150998
v -1.250375 -6.418389 -0.036265
v -1.258561 -6.433230 -0.237998
v -1.266420 -6.384980 -0.434447
v -1.133474 -6.419458 -0.040795
v -1.125747 -6.342842 0.146727
v 1.449407 -6.347802 0.042562
v 1.441674 -6.424445 -0.144953
v 1.572087 -6.346871 0.036882
v 1.564368 -6.423337 -0.150233
v -1.112255 -5.842773 0.456352
v -1.112467 -5.640617 0.441466
v 1.462695 -5.645577 0.337301
v 1.462904 -5.847758 0.352193
v -1.114587 -6.039650 0.408091
v 1.460567 -6.044637 0.303931
v -1.119236 -6.211961 0.301400
v 1.455918 -6.216948 0.197239
v 1.578586 -6.216271 0.191223
v 1.585344 -5.646145 0.330989
v 1.585553 -5.847888 0.345846
v 1.583220 -6.044314 0.297684
v -1.229184 -5.842488 0.460204
v -1.229393 -5.640580 0.445336
v -1.231513 -6.039083 0.412004
v -1.236156 -6.211158 0.305462
v -1.242657 -6.341854 0.150998
v -1.250375 -6.418389 -0.036265
v -1.134806 -5.142995 -0.134792
v -1.143010 -5.157889 -0.336793
v 1.432139 -5.162876 -0.440952
v 1.440342 -5.147981 -0.238950
v -1.126944 -5.191329 0.061927
v 1.448211 -5.196316 -0.042232
v -1.120186 -5.298130 0.234106
v 1.454968 -5.303090 0.129941
v -1.115200 -5.452925 0.364887
v 1.459959 -5.457912 0.260723
v 1.554856 -5.164444 -0.445600
v 1.563039 -5.149619 -0.244027
v 1.570890 -5.197829 -0.047732
v 1.577629 -5.304389 0.124073
v 1.582613 -5.458880 0.254571
v -1.089849 -1.848222 -1.713505
v -1.083397 -1.691666 -1.592010
v -1.224332 -1.941830 -1.351870
v -1.188174 -2.137345 -1.591502
v -1.324240 -2.321127 -1.159733
v -1.268419 -2.521936 -1.426172
v -1.059111 -1.510629 -1.371515
v -0.893059 -1.349387 -1.616068
v -0.813910 -1.519502 -1.937049
v -0.857042 -1.777259 -2.000057
v -0.873863 -2.191195 -1.972999
v -0.892007 -2.586763 -1.903681
v -0.907298 -3.169712 -1.777577
v -0.505777 -3.189298 -2.036859
v -0.247925 -3.207624 -2.098377
v -0.249486 -2.628750 -2.205778
v -0.520817 -2.611718 -2.138833
v -0.523113 -2.205969 -2.199768
v -0.508301 -1.758083 -2.218142
v -0.222355 -2.221586 -2.264742
v 0.186810 -2.276713 -2.225535
v 0.201169 -2.662467 -2.173804
v 0.689890 -2.303060 -1.973444
v 0.759183 -2.670900 -1.894841
v 0.983421 -2.501985 -1.707711
v 1.031606 -2.645347 -1.678519
v 1.180998 -2.353150 -1.542824
v 0.878245 -2.154028 -1.825717
v 0.543994 -1.993680 -2.083071
v 0.181379 -1.846916 -2.244295
v -0.174573 -1.789541 -2.294054
v -0.476025 -1.482876 -2.170797
v 0.610127 -1.792142 -1.999548
v 1.003758 -2.018259 -1.684608
v -0.042317 -1.351605 -1.938562
v -0.051028 -1.266829 -2.104337
v 0.252313 -1.373907 -2.061541
v -0.372738 -1.308588 -1.868883
v -0.419476 -1.221626 -2.026057
v -0.693476 -1.261135 -1.845055
v -0.123923 -1.524118 -2.236991
v 0.207263 -1.604374 -2.181691
v 0.644590 -1.618380 -1.898081
v 1.285333 -2.639187 -1.446738
v 1.135977 -2.603856 -1.315861
v 1.337151 -3.303628 -1.254089
v 1.023407 -2.332923 -1.426606
v 0.861093 -2.023446 -1.560932
v 0.537950 -1.652632 -1.761436
v 0.198948 -1.440351 -1.905805
v 1.096277 -3.281193 -1.523253
v 0.809079 -3.282919 -1.756046
v 0.816310 -3.973372 -1.569800
v 0.216737 -3.852977 -1.904666
v 0.191019 -4.543878 -1.717761
v -0.221316 -4.466842 -1.739869
v -0.246413 -3.796303 -1.952599
v -0.473036 -4.460394 -1.674356
v -0.496706 -3.780171 -1.884097
v -0.870109 -3.781637 -1.630453
v 0.212837 -3.245024 -2.056166
v -1.290738 -3.148232 -1.258502
v -1.353214 -2.522219 -1.081129
v -1.321308 -2.130366 -0.886480
v -1.207134 -1.792464 -1.105742
v -1.148568 -2.154976 -0.857291
v -1.397097 -2.548400 -0.724540
v -1.388434 -3.143811 -0.925139
v -1.243566 -3.843134 -1.090694
v -0.793084 -4.483146 -1.449413
v -0.679554 -4.538896 -1.299524
v -1.340700 -3.882478 -0.769731
v -1.201494 -4.744719 -0.616352
v -1.396198 -3.927781 -0.423283
v -1.104380 -4.631693 -0.935027
v -0.944910 -4.648242 -0.857944
v -1.429159 -3.164983 -0.574444
v -1.218875 -2.562644 -0.698900
v -1.242949 -3.169093 -0.552246
v -1.200200 -3.917802 -0.403612
v -1.266419 -4.854016 -0.288915
v -1.089191 -4.832119 -0.264096
v -1.033147 -4.742047 -0.565407
v -1.089191 -4.832119 -0.264096
v -0.591776 -1.345094 -1.721821
v -0.762543 -1.422513 -1.522375
v -0.903454 -1.568631 -1.308945
v -1.043949 -1.831967 -1.059062
v -0.067207 -5.996379 -0.445324
v -0.108052 -6.057696 -0.565345
v -0.230630 -6.056703 -0.485260
v -0.175522 -6.010796 -0.384931
v -0.330760 -6.068769 -0.396543
v -0.290298 -6.006095 -0.318045
v -0.442250 -6.017460 -0.239118
v -0.381406 -6.002140 -0.206051
v -0.433785 -6.025259 -0.043290
v -0.395608 -5.999011 -0.897560
v -0.177554 -5.938149 -1.006950
v -0.284456 -5.790528 -1.237604
v -0.563407 -6.026998 -0.710299
v -0.683626 -6.037125 -0.463894
v -0.772498 -6.062472 -0.185730
v -0.494703 -6.065790 -0.058925
v -0.571877 -5.875980 -1.142431
v -0.766961 -5.881934 -0.900411
v -0.898447 -5.891670 -0.606825
v -1.005061 -5.919925 -0.279476
v -1.012363 -5.897901 0.077501
v -0.809672 -6.043377 0.106932
v -1.000764 -5.903534 0.433224
v -0.682807 -5.624228 -1.289726
v -0.884746 -5.630236 -1.001220
v -0.982178 -5.625476 -0.666084
v -1.073588 -5.634361 -0.319226
v -1.085663 -5.625707 0.054756
v -1.098957 -5.629220 0.437007
v -1.055743 -5.320086 -0.342212
v -1.086176 -5.310218 0.030368
v -1.131921 -5.289264 0.410853
v -1.013959 -5.282454 0.773525
v -1.011750 -5.623006 0.794091
v -0.829908 -5.287732 1.124737
v -0.833897 -5.629844 1.110584
v -0.653416 -5.302661 1.474950
v -0.636352 -5.670529 1.420198
v -0.799502 -5.937970 1.055671
v -0.609009 -5.999844 1.333474
v -0.478738 -6.169424 1.146948
v -0.283017 -6.220275 1.326693
v -0.967819 -5.926229 0.774652
v -0.648085 -6.130379 0.918687
v -0.229071 -6.118841 0.851335
v -0.128823 -6.168633 1.067551
v -0.036149 -6.217108 1.361459
v -0.062480 -6.117559 1.662038
v -0.754390 -6.080791 0.670033
v -0.346834 -6.091265 0.667450
v -0.793755 -6.032808 0.394874
v -0.462691 -6.076037 0.506705
v -0.404110 -6.034764 0.481079
v -0.296712 -6.048880 0.630098
v -0.187536 -6.074458 0.800562
v -0.094607 -6.120597 1.000999
v -0.517470 -6.063190 0.169330
v -0.501575 -6.050196 0.363034
v -0.454897 -6.022865 0.168311
v -0.440163 -6.010803 0.347884
v 1.410919 -5.739563 -0.938102
v 1.411134 -5.941718 -0.923214
v 1.533894 -5.941637 -0.926826
v 1.533679 -5.739921 -0.941683
v 1.413251 -5.542685 -0.889839
v 1.536010 -5.543467 -0.893522
v 1.417906 -5.370374 -0.783148
v 1.540650 -5.371512 -0.787062
v 1.424409 -5.239492 -0.628472
v 1.547144 -5.240938 -0.632715
v -1.164232 -5.734576 -0.833944
v -1.164023 -5.936758 -0.819052
v -1.161903 -5.537697 -0.785677
v -1.157251 -5.365387 -0.678987
v -1.150746 -5.234531 -0.524308
v -1.281091 -5.734424 -0.828336
v -1.280882 -5.936306 -0.813468
v -1.278764 -5.537829 -0.780135
v -1.274121 -5.365755 -0.673591
v -1.267623 -5.235058 -0.519123
v -1.259897 -5.158523 -0.331863
v -1.251705 -5.143655 -0.130137
v -1.243855 -5.191906 0.066313
v -1.237105 -5.298563 0.238257
v -1.232126 -5.453155 0.368861
v 1.433473 -6.439340 -0.346957
v 1.441674 -6.424445 -0.144953
v 1.564368 -6.423337 -0.150233
v 1.556188 -6.438190 -0.351806
v 1.425613 -6.391005 -0.543680
v 1.548345 -6.389980 -0.548105
v 1.418853 -6.284231 -0.715850
v 1.541598 -6.283420 -0.719907
v 1.413865 -6.129409 -0.846630
v 1.536619 -6.128929 -0.850405
v -1.141673 -6.434353 -0.242799
v -1.133474 -6.419458 -0.040795
v -1.149541 -6.386018 -0.439516
v -1.156293 -6.279245 -0.611692
v -1.161287 -6.124422 -0.742471
v -1.258561 -6.433230 -0.237998
v -1.250375 -6.418389 -0.036265
v -1.266420 -6.384980 -0.434447
v -1.273164 -6.278350 -0.606388
v -1.278149 -6.123731 -0.736992
v 1.184505 -5.023067 -0.659029
v 1.025215 -4.973567 -0.550881
v 1.158046 -4.070914 -0.874447
v 0.591192 -4.749725 -1.189581
v 0.820311 -4.864282 -0.879483
v 0.967106 -4.894839 -0.996148
v 1.025215 -4.973567 -0.550881
v 1.322641 -4.087134 -1.002705
v 1.193051 -3.294267 -1.109024
v 0.131737 -4.582882 -1.536997
v 0.729691 -4.773720 -1.324316
v 1.093117 -4.017279 -1.304244
v -0.327606 -4.501063 -1.532772
v 0.368128 -2.266673 1.043220
v 0.609966 -2.295416 1.026643
v 0.811114 -2.387686 0.988988
v 1.278457 -3.048007 0.842306
v 1.299521 -2.685453 0.850958
v 1.504728 -2.740706 0.515267
v 1.429689 -2.420925 0.466636
v 1.262898 -2.338423 0.803209
v 1.028808 -2.241076 0.586657
v 1.186199 -2.338866 0.325731
v 1.461038 -2.573619 0.111518
v 1.281611 -2.451322 0.055428
v 1.033206 -3.014111 1.142069
v 1.050510 -3.380071 1.185078
v 1.035772 -2.649573 1.135536
v 1.013665 -2.294933 1.100431
v 0.807704 -2.196520 0.833166
v 0.667303 -2.238933 0.657519
v 0.862638 -2.295659 0.458548
v 1.030168 -2.406976 0.223216
v 1.020196 -2.404045 -0.014059
v 1.071672 -2.402359 -0.203602
v 1.346172 -2.419188 -0.237171
v 1.031883 -2.427563 -0.427554
v 1.553829 -2.595624 -0.188234
v 1.548445 -2.833958 0.125540
v 1.488806 -3.097605 0.510426
v 1.287858 -3.415684 0.868155
v 1.252402 -2.423189 -0.544229
v 1.058163 -2.366836 -0.835434
v 1.478971 -2.568754 -0.641983
v 1.653085 -2.877912 -0.202364
v 1.573962 -3.166099 0.120589
v 1.495506 -3.465438 0.521990
v 1.596108 -3.533035 0.125053
v 1.645514 -3.237164 -0.212435
v 1.537003 -2.900108 -0.704122
v 1.260662 -2.521684 -1.017721
v 0.941755 -2.426580 -1.337042
v 0.790733 -2.288590 -1.094688
v 0.533095 -2.363813 -1.514037
v 0.490771 -2.207648 -1.270854
v 0.202997 -2.150473 -1.347512
v 0.148024 -2.304077 -1.615872
v 0.120037 -2.708193 -1.700544
v 0.527342 -2.761357 -1.576667
v 0.967362 -2.809914 -1.435284
v 1.321594 -2.870384 -1.121919
v 0.944819 -3.233582 -1.447845
v 0.510329 -3.189610 -1.577373
v 0.100690 -3.154704 -1.720769
v -0.292078 -3.127018 -1.751642
v -0.262953 -2.664313 -1.713018
v -0.204958 -2.228337 -1.642247
v -0.072698 -2.101530 -1.333412
v 0.485451 -3.608997 -1.542831
v 0.916280 -3.651442 -1.440309
v 1.323630 -3.271951 -1.164718
v 1.289330 -3.678763 -1.162485
v 1.541099 -3.659603 -0.755581
v 1.497611 -4.052231 -0.741223
v 0.081013 -3.587532 -1.677677
v 0.060274 -3.992077 -1.568187
v 0.450155 -4.006089 -1.459698
v 0.857329 -4.045101 -1.356730
v 1.227827 -4.073376 -1.117192
v 1.382213 -4.404507 -0.672178
v 1.074698 -4.695725 -0.909871
v 1.268132 -4.786964 -0.638632
v 1.051023 -5.064346 -0.805381
v 1.127581 -4.426137 -1.014104
v 0.803955 -4.405706 -1.258127
v 0.413721 -4.376014 -1.364903
v 0.043173 -4.367465 -1.461918
v 0.920947 -5.072771 -0.982201
v 1.115719 -5.093518 -0.837248
v 1.046784 -5.398454 -0.924081
v 0.877864 -5.057053 -0.934677
v 0.763197 -4.725065 -1.141870
v 0.383273 -4.871365 -1.268499
v 0.025653 -4.861127 -1.348059
v -0.317848 -4.381178 -1.518811
v -0.322263 -4.869610 -1.363060
v -0.314551 -3.997582 -1.637273
v -0.310678 -3.576913 -1.738231
v 0.017828 -5.285715 -1.308411
v -0.332954 -5.291648 -1.296411
v 0.021596 -5.530747 -1.311386
v -0.328618 -5.546119 -1.306310
v -0.284456 -5.790528 -1.237604
v 0.039444 -5.769210 -1.275765
v -0.177554 -5.938149 -1.006950
v 0.076689 -5.922149 -1.059609
v 0.386393 -5.784287 -1.227059
v 0.743298 -5.069361 -1.011123
v 0.676603 -5.069829 -0.950755
v 0.367902 -5.311184 -1.227843
v 0.374593 -5.556546 -1.242521
v 0.734495 -5.607621 -1.092441
v 0.662580 -5.392105 -1.043146
v 0.824858 -5.406126 -0.978312
v 0.738955 -5.371793 -1.105489
v 0.881847 -5.369092 -1.050637
v 0.347571 -5.923020 -1.017893
v 0.744165 -5.843361 -1.067919
v 0.903343 -5.637798 -0.960672
v 0.939608 -5.433458 -0.880908
v 0.984451 -5.664083 -0.766001
v 0.920695 -5.864815 -0.962336
v 1.009865 -5.531126 -0.742493
v 1.098829 -5.509592 -0.765742
v 1.206398 -5.203284 -0.656079
v 1.137634 -5.156152 -0.619469
v 0.969553 -5.590115 -0.663894
v 0.950382 -5.718409 -0.705547
v 1.063986 -5.599315 -0.656667
v 1.182956 -5.302679 -0.542025
v 1.128546 -5.249110 -0.518517
v 1.304818 -4.965179 -0.424446
v 1.130697 -5.359722 -0.477063
v 1.000720 -5.642374 -0.605240
v 1.096543 -5.453704 -0.456762
v 1.349499 -5.357468 -0.235015
v 1.438803 -4.897121 -0.085366
v 1.401507 -4.612070 -0.306033
v 1.467532 -4.789092 0.243603
v 1.527190 -4.142288 -0.206302
v 1.551360 -4.307490 0.230883
v 1.597764 -3.918280 0.171734
v 1.638515 -3.594176 -0.214325
v 1.552252 -3.269965 -0.742209
v 1.520175 -3.838255 0.555856
v 1.481797 -4.214831 0.598133
v 1.457364 -4.784892 0.683706
v 1.465523 -5.377269 0.322724
v 1.383403 -5.647603 0.774973
v 1.388367 -5.323986 0.746492
v 1.265879 -4.740975 1.094847
v 1.281245 -4.165543 0.972416
v 1.299349 -3.786875 0.913705
v 1.080882 -3.748312 1.258326
v 1.114146 -4.123102 1.360880
v 1.068983 -4.716181 1.464946
v 1.211792 -5.305853 1.130690
v 0.992774 -5.314437 1.471248
v 1.175861 -5.653616 1.132378
v 1.064305 -6.059432 0.600486
v 0.951315 -6.086052 0.534302
v 0.836630 -6.092886 0.759029
v 0.905509 -6.073546 0.850376
v 1.300961 -5.939467 0.740071
v 1.100783 -5.958466 1.056195
v 0.889789 -6.012981 0.507948
v 0.808239 -6.014208 0.714089
v 0.954903 -6.034082 0.261283
v 1.019727 -6.112957 0.274533
v 1.158539 -6.109863 0.317559
v 1.419819 -5.994479 0.375164
v 1.455448 -5.711739 0.377067
v 1.435639 -5.742500 0.201777
v 1.417470 -6.025234 0.238040
v 1.155144 -6.139784 0.002435
v 0.965130 -6.110219 0.004992
v 0.876905 -6.071736 0.016974
v 0.855537 -6.055861 -0.084464
v 1.410721 -6.041370 -0.028531
v 1.432571 -5.355426 0.089745
v 1.371230 -5.748303 -0.089463
v 1.320518 -6.025955 -0.260629
v 1.091501 -6.133460 -0.176597
v 0.953163 -6.132265 -0.146207
v 1.228555 -5.731203 -0.352511
v 1.151440 -5.705300 -0.368296
v 1.216116 -5.990332 -0.282898
v 1.045290 -6.066443 -0.233925
v 0.953069 -6.074956 -0.211213
v 0.791408 -5.984549 -0.546157
v 0.941280 -5.891068 -0.680060
v 1.166879 -5.887130 -0.407140
v 1.037923 -5.656150 -0.550495
v 0.990768 -5.742877 -0.653021
v 0.995859 -5.811832 -0.651029
v 0.844308 -6.057886 -0.170507
v 0.681978 -6.026729 -0.490007
v 0.777042 -6.025275 -0.589090
v 0.983243 -5.911495 -0.770317
v 0.587577 -6.008504 -0.451618
v 0.596135 -6.051253 -0.575784
v 0.459947 -6.016458 -0.480558
v 0.732636 -6.020103 -0.744740
v 0.491697 -6.099667 -0.618543
v 0.254074 -6.025987 -0.522040
v 0.059301 -6.077394 -0.613617
v 0.069081 -6.010913 -0.484036
v 0.260562 -6.081022 -0.653078
v 0.604601 -5.979049 -0.880254
v -0.108052 -6.057696 -0.565345
v -0.067207 -5.996379 -0.445324
v 0.014398 -6.131812 1.026221
v 0.214718 -6.137829 1.054371
v 0.200469 -6.079673 0.812885
v 0.427389 -6.104259 1.020176
v 0.358893 -6.064098 0.788236
v 0.603428 -6.060156 0.908115
v 0.068619 -6.085391 0.779712
v -0.006430 -6.080568 0.761804
v 0.201298 -6.023056 0.195438
v 0.478628 -6.043182 0.696364
v 0.808239 -6.014208 0.714089
v 0.618092 -6.026458 0.560703
v 0.889789 -6.012981 0.507948
v 0.694614 -6.030065 0.413584
v -0.070972 -6.060657 0.620169
v 0.738845 -6.037004 0.244701
v 0.703513 -6.043456 0.068024
v 0.610756 -6.048546 -0.067753
v 0.512452 -6.037817 -0.205393
v 0.354787 -6.045531 -0.271730
v 0.238837 -6.039649 -0.286265
v 0.141960 -6.043049 -0.278847
v 0.954903 -6.034082 0.261283
v 0.876905 -6.071736 0.016974
v 0.855537 -6.055861 -0.084464
v 0.844308 -6.057886 -0.170507
v 0.587577 -6.008504 -0.451618
v 0.459947 -6.016458 -0.480558
v 0.254074 -6.025987 -0.522040
v 0.069081 -6.010913 -0.484036
v 0.014320 -6.025926 -0.250084
v -0.059465 -6.025408 -0.208744
v -0.135736 -6.022766 -0.160295
v -0.175522 -6.010796 -0.384931
v -0.067207 -5.996379 -0.445324
v -0.290298 -6.006095 -0.318045
v -0.209986 -6.025503 -0.090145
v -0.381406 -6.002140 -0.206051
v -0.433785 -6.025259 -0.043290
v -0.244122 -6.032601 0.027743
v -0.454897 -6.022865 0.168311
v -0.258931 -6.030918 0.176162
v -0.250244 -6.042936 0.300429
v -0.440163 -6.010803 0.347884
v -0.223938 -6.047668 0.394654
v -0.147975 -6.049181 0.500062
v -0.296712 -6.048880 0.630098
v -0.187536 -6.074458 0.800562
v -0.094607 -6.120597 1.000999
v -0.404110 -6.034764 0.481079
v 0.625402 -6.127790 0.964927
v 0.603428 -6.060156 0.908115
v 0.427389 -6.104259 1.020176
v 0.444009 -6.164756 1.105005
v 0.214718 -6.137829 1.054371
v 0.703575 -6.125427 1.061249
v 0.483642 -6.199347 1.234893
v 0.868147 -6.034905 1.335284
v 0.198896 -6.182989 1.123162
v 0.014398 -6.131812 1.026221
v -0.018332 -6.186007 1.101640
v 0.224212 -6.225219 1.327755
v 0.599022 -6.127078 1.557845
v 0.637665 -5.731032 1.651719
v 0.937289 -5.697283 1.440340
v 0.689522 -5.319789 1.700313
v 0.992774 -5.314437 1.471248
v 0.277117 -6.156230 1.675235
v 0.313270 -5.754583 1.791243
v 0.356023 -5.327819 1.852296
v 0.430100 -4.691473 1.927202
v -0.041223 -5.739042 1.771051
v -0.015735 -5.321980 1.847530
v 0.024233 -4.695558 1.964635
v 0.018591 -4.090325 1.911506
v 0.453732 -4.087010 1.863031
v 0.011152 -3.715399 1.771896
v -0.373335 -4.713060 1.832340
v -0.397374 -4.121650 1.749279
v -0.399675 -3.738741 1.619593
v -0.004460 -3.348198 1.609717
v -0.394626 -3.364233 1.457569
v -0.032101 -2.982836 1.467213
v -0.419043 -2.982593 1.342771
v -0.078247 -2.602969 1.414022
v 0.431849 -3.717291 1.721484
v 0.401294 -3.352759 1.589543
v 0.369561 -2.989541 1.491823
v 0.327867 -2.617309 1.438003
v 0.286469 -2.260976 1.363697
v -0.112396 -2.245564 1.349842
v 0.205424 -2.205071 1.080087
v 0.529063 -2.172441 0.986846
v 0.668649 -2.266737 1.277198
v 0.723486 -2.617611 1.376050
v 0.748340 -2.990808 1.400404
v 1.035772 -2.649573 1.135536
v 1.013665 -2.294933 1.100431
v 0.807704 -2.196520 0.833166
v 0.667303 -2.238933 0.657519
v 0.403319 -2.182243 0.764543
v 0.112444 -2.200241 0.801295
v -0.101948 -2.183942 1.061419
v 0.765379 -4.698232 1.722835
v 0.814663 -4.099260 1.650396
v 0.787090 -3.727098 1.532935
v 0.760753 -3.358984 1.444158
v 1.033206 -3.014111 1.142069
v 1.068983 -4.716181 1.464946
v 1.114146 -4.123102 1.360880
v 1.080882 -3.748312 1.258326
v 1.050510 -3.380071 1.185078
v -1.113989 -3.107182 -1.198950
v -1.067112 -2.143780 -1.378428
v -0.778072 -2.029785 -1.829455
v -0.262079 -3.166652 -1.902710
v -0.301472 -2.070564 -2.080061
v 0.144834 -2.135984 -2.044752
v 0.668499 -3.152433 -1.636302
v 0.564978 -2.234931 -1.835461
v -0.591776 -1.345094 -1.721821
v -0.762543 -1.422513 -1.522375
v -0.372738 -1.308588 -1.868883
v -0.042317 -1.351605 -1.938562
v 0.198948 -1.440351 -1.905805
v 0.537950 -1.652632 -1.761436
v 0.861093 -2.023446 -1.560932
v 1.023407 -2.332923 -1.426606
v 1.135977 -2.603856 -1.315861
v 1.193051 -3.294267 -1.109024
v 1.158046 -4.070914 -0.874447
v 0.820311 -4.864282 -0.879483
v 1.025215 -4.973567 -0.550881
v 0.591192 -4.749725 -1.189581
v 0.131737 -4.582882 -1.536997
v -0.327606 -4.501063 -1.532772
v -0.679554 -4.538896 -1.299524
v -0.944910 -4.648242 -0.857944
v -1.033147 -4.742047 -0.565407
v -1.200200 -3.917802 -0.403612
v -1.089191 -4.832119 -0.264096
v -1.242949 -3.169093 -0.552246
v -1.218875 -2.562644 -0.698900
v -1.148568 -2.154976 -0.857291
v -1.043949 -1.831967 -1.059062
v -0.903454 -1.568631 -1.308945
v -0.072698 -2.101530 -1.333412
v 0.042694 -2.177193 -1.069735
v -0.190357 -2.130568 -1.017103
v -0.204958 -2.228337 -1.642247
v -0.329327 -2.062970 -1.252208
v -0.387622 -2.113650 -0.883841
v -0.536073 -2.157235 -1.573352
v -0.557968 -2.051672 -1.107803
v -0.613094 -2.623529 -1.630584
v -0.262953 -2.664313 -1.713018
v -0.652970 -3.106609 -1.644638
v -0.292078 -3.127018 -1.751642
v -0.310678 -3.576913 -1.738231
v -0.675867 -3.567808 -1.618465
v -0.314551 -3.997582 -1.637273
v -0.675080 -3.997872 -1.549082
v -0.813276 -2.116874 -1.399525
v -0.920785 -2.588916 -1.453079
v -0.976339 -3.093429 -1.452258
v -1.003819 -3.560798 -1.412871
v -0.955365 -3.976836 -1.300694
v -0.666457 -4.387679 -1.446209
v -0.926026 -4.359944 -1.200776
v -1.268636 -2.591797 0.010601
v -1.243705 -2.150056 -0.062347
v -1.190503 -2.171359 0.337525
v -1.286190 -2.586385 -0.393265
v -1.235230 -2.146919 -0.450663
v -1.251499 -2.579523 -0.787349
v -1.177559 -2.118035 -0.817355
v -1.126036 -2.580424 -1.147241
v -1.041753 -2.093306 -1.149900
v -0.926682 -2.034418 0.230883
v -0.969680 -1.983254 -0.097506
v -0.948172 -2.032051 -0.388716
v -0.873085 -2.048235 -0.660037
v -0.742272 -2.046503 -0.904407
v -0.700765 -2.039148 0.119031
v -0.788829 -2.010734 -0.088934
v -0.725726 -2.052235 -0.249747
v -0.692759 -2.084690 -0.524084
v -0.558400 -2.098134 -0.716779
v -0.105933 -2.171495 0.757516
v -0.382686 -2.160040 1.001959
v -0.283165 -2.147708 0.689810
v -0.627186 -2.105888 0.812581
v -0.391234 -2.100250 0.598064
v -0.793094 -2.097107 0.539813
v -0.581608 -2.107556 0.388454
v -0.481533 -2.249608 1.208277
v -0.816944 -2.209035 1.021333
v -1.014793 -2.223277 0.692983
v -0.461207 -2.597449 1.274355
v -0.791430 -2.600054 1.065957
v -1.060651 -2.603133 0.782398
v -1.239373 -2.594245 0.418975
v -1.236040 -3.029522 0.501851
v -1.038944 -3.017717 0.851834
v -0.762115 -2.997715 1.138386
v -0.736358 -3.388438 1.231483
v -0.723429 -3.772900 1.341539
v -1.218042 -3.440687 0.578939
v -0.990221 -3.420747 0.914383
v -0.967570 -3.806415 1.001141
v -0.928423 -4.188456 1.068272
v -0.706569 -4.159961 1.434248
v -0.869723 -4.749587 1.121658
v -0.681435 -4.735769 1.503798
v -0.396847 -5.320341 1.776391
v -0.392333 -5.730714 1.701343
v -0.398993 -6.117206 1.606750
v -0.886764 -5.332125 -1.020879
v -0.879336 -4.865765 -1.070913
v -1.013831 -4.845937 -0.761461
v -0.983280 -5.324938 -0.692085
v -1.080401 -4.821039 -0.403357
v -1.121862 -4.798752 -0.022990
v -1.102730 -4.331093 -0.882916
v -1.163803 -4.292532 -0.502807
v -1.182227 -4.257853 -0.105140
v -1.182482 -4.234871 0.297854
v -1.202938 -4.763187 0.369051
v -1.091522 -4.212624 0.690422
v -1.073570 -4.752599 0.748556
v -1.154421 -3.949397 -0.974111
v -1.225249 -3.913055 -0.582097
v -1.229138 -3.876857 -0.172788
v -1.231977 -3.853956 0.238463
v -1.155588 -3.833324 0.637841
v -1.191584 -3.535184 -1.061353
v -1.265110 -3.505931 -0.659235
v -1.260146 -3.475055 -0.244524
v -1.263112 -3.456744 0.170065
v -1.160640 -3.078622 -1.110677
v -1.244177 -3.062764 -0.723055
v -1.263570 -3.046330 -0.317618
v -1.263794 -3.037736 0.091942
v 0.204255 -4.385716 2.087970
v -0.074687 -4.400413 2.074784
v -0.392920 -4.517653 1.890637
v -0.404518 -5.143728 1.887458
v -0.074973 -4.957991 2.044608
v 0.178619 -4.933469 2.038937
v -0.067227 -5.090192 1.935849
v 0.162961 -5.037970 1.939902
v 0.418277 -5.042181 1.916537
v 0.627163 -5.059952 1.896435
v -0.422663 -2.738954 1.077306
v -0.537841 -3.053459 1.065134
v 0.937289 -5.697283 1.440340
v 0.868147 -6.034905 1.335284
v 0.703575 -6.125427 1.061249
v 0.625402 -6.127790 0.964927
v 0.603428 -6.060156 0.908115
v -0.644330 -4.877120 -1.288790
v -0.674729 -5.325788 -1.271195
v -0.317848 -4.381178 -1.518811
v -0.322263 -4.869610 -1.363060
v -0.332954 -5.291648 -1.296411
v -0.328618 -5.546119 -1.306310
v 0.042694 -2.177193 -1.069735
v 0.274792 -2.232355 -1.056854
v 0.425174 -2.241541 -1.025945
v 0.629304 -2.296289 -0.915763
v 0.845954 -2.377638 -0.678601
v -1.328669 -6.127988 -0.474393
v -1.323992 -6.201920 -0.355181
vn 0.7309 -0.6803 0.0547
vn 0.3160 -0.9358 0.1562
vn 0.3248 -0.9457 0.0155
vn 0.3659 -0.7691 -0.5239
vn 0.1655 -0.9831 -0.0779
vn 0.1417 -0.9829 -0.1173
vn 0.4486 -0.7400 -0.5012
vn 0.1421 -0.9847 -0.1010
vn 0.5988 -0.6897 -0.4072
vn 0.2112 -0.9737 -0.0856
vn 0.7338 -0.6553 -0.1795
vn 0.9047 -0.2874 -0.3144
vn 0.9361 -0.3484 -0.0475
vn 0.9180 -0.1184 -0.3786
vn 0.7780 -0.2646 -0.5698
vn 0.9909 -0.1142 -0.0711
vn 0.9332 -0.0446 -0.3566
vn 0.9988 0.0482 -0.0000
vn 0.8014 -0.1163 -0.5867
vn 0.6258 -0.3223 -0.7102
vn 0.2009 -0.7801 -0.5926
vn -0.0182 -0.7978 -0.6026
vn 0.4719 -0.3644 -0.8028
vn 0.6478 -0.1519 -0.7465
vn 0.8151 -0.0903 -0.5723
vn 0.9540 0.0636 -0.2931
vn 0.8678 0.4271 -0.2540
vn 0.9331 0.2289 -0.2773
vn 0.7959 0.1806 -0.5778
vn 0.8164 0.0155 -0.5773
vn 0.6394 -0.1126 -0.7606
vn 0.4732 -0.1741 -0.8636
vn 0.2347 -0.4230 -0.8752
vn -0.0856 -0.5096 -0.8562
vn -0.3134 -0.5247 -0.7915
vn -0.3220 -0.4793 -0.8165
vn -0.0571 -0.4020 -0.9138
vn 0.2689 -0.2562 -0.9285
vn 0.4840 -0.1477 -0.8625
vn 0.6209 -0.0111 -0.7838
vn 0.4735 -0.0372 -0.8800
vn 0.3121 -0.2253 -0.9230
vn -0.0032 -0.3450 -0.9386
vn 0.3058 -0.0983 -0.9470
vn 0.2680 0.0795 -0.9601
vn 0.4129 0.1210 -0.9027
vn 0.2319 0.1941 -0.9532
vn 0.1685 0.2797 -0.9452
vn 0.2447 0.3493 -0.9045
vn 0.0436 0.0719 -0.9965
vn 0.0317 -0.0426 -0.9986
vn 0.0046 -0.2074 -0.9782
vn 0.1068 0.3091 -0.9450
vn 0.2076 0.4238 -0.8817
vn -0.0467 0.1286 -0.9906
vn -0.1623 -0.0765 -0.9838
vn -0.2446 -0.1945 -0.9499
vn -0.2970 -0.3077 -0.9039
vn -0.2961 -0.4422 -0.8466
vn -0.8689 -0.4227 -0.2576
vn -0.7312 -0.4296 -0.5298
vn -0.7378 -0.4865 -0.4679
vn -0.5332 -0.4913 -0.6887
vn -0.5231 -0.3706 -0.7675
vn -0.4425 -0.2452 -0.8626
vn -0.3057 -0.0860 -0.9482
vn -0.5977 -0.2729 -0.7538
vn -0.4422 -0.0860 -0.8928
vn -0.7431 -0.2106 -0.6351
vn -0.8444 -0.3311 -0.4212
vn -0.9134 -0.3579 -0.1939
vn -0.9594 -0.2794 -0.0388
vn -0.1771 0.1377 -0.9745
vn -0.6202 -0.0458 -0.7831
vn -0.9328 0.0183 -0.3599
vn -0.9764 -0.0451 -0.2111
vn -0.9943 -0.0723 -0.0781
vn -0.9991 -0.0414 0.0078
vn -0.9953 0.0227 0.0937
vn -0.8978 0.1205 -0.4237
vn -0.9844 0.1759 -0.0078
vn -0.9766 0.2100 -0.0471
vn -0.9815 0.1903 0.0233
vn -0.9752 0.2096 0.0705
vn -0.9637 0.2576 0.0702
vn -0.9707 0.2340 0.0548
vn -0.9838 -0.0155 0.1788
vn -0.9798 0.2002 -0.0000
vn -0.9838 -0.0552 0.1708
vn -0.9797 0.2002 -0.0078
vn -0.9584 -0.0587 0.2792
vn -0.9758 0.2172 0.0235
vn -0.9066 -0.0251 0.4213
vn -0.9764 0.2069 0.0623
vn -0.8236 0.0204 0.5668
vn -0.9574 0.2520 0.1408
vn -0.7326 0.1385 0.6664
vn -0.8800 0.3933 0.2662
vn -0.5804 -0.2752 0.7664
vn -0.4198 -0.2077 0.8835
vn -0.7385 -0.3664 0.5660
vn -0.8339 -0.3678 0.4115
vn -0.8890 -0.3141 0.3332
vn -0.9489 -0.2701 0.1635
vn -0.8995 -0.3704 0.2318
vn -0.4289 -0.3267 0.8422
vn -0.2219 -0.2119 0.9518
vn -0.6107 -0.4444 0.6554
vn 0.0424 -0.1504 0.9877
vn -0.2147 -0.2111 0.9536
vn -0.4315 -0.3588 0.8277
vn -0.7369 -0.4518 0.5028
vn -0.5805 -0.4565 0.6742
vn -0.4444 -0.3770 0.8127
vn -0.2348 -0.2687 0.9342
vn 0.0384 -0.1279 0.9910
vn 0.2852 -0.0848 0.9547
vn -0.8176 -0.4037 0.4105
vn -0.7865 -0.4063 0.4652
vn -0.6872 -0.4666 0.5568
vn -0.5804 -0.4477 0.6802
vn -0.4414 -0.4305 0.7873
vn -0.2176 -0.3679 0.9040
vn -0.6702 -0.4410 0.5970
vn -0.5622 -0.4686 0.6814
vn -0.6266 -0.4862 0.6090
vn -0.7522 -0.4324 0.4973
vn -0.6796 -0.5427 0.4936
vn -0.4057 -0.6745 0.6168
vn -0.3074 -0.6581 0.6874
vn -0.1099 -0.6242 0.7735
vn 0.0899 -0.3310 0.9393
vn 0.0581 -0.1950 0.9791
vn 0.3095 -0.1898 0.9318
vn 0.2892 -0.1151 0.9503
vn 0.5222 -0.0973 0.8472
vn 0.5441 -0.0156 0.8389
vn 0.5093 -0.2281 0.8298
vn 0.7386 -0.0445 0.6727
vn 0.3363 -0.3427 0.8772
vn 0.1529 -0.5980 0.7868
vn 0.0567 -0.8998 0.4326
vn -0.0347 -0.9181 0.3949
vn 0.1937 -0.8764 0.4408
vn 0.3568 -0.5919 0.7227
vn 0.5017 -0.4186 0.7570
vn 0.6976 -0.2329 0.6776
vn 0.6158 -0.4378 0.6551
vn 0.8199 -0.1091 0.5621
vn 0.7279 -0.3407 0.5950
vn 0.4940 -0.6076 0.6219
vn 0.3253 -0.8129 0.4831
vn 0.3291 -0.7932 0.5123
vn 0.4553 -0.6139 0.6448
vn 0.2911 -0.8431 0.4521
vn 0.5531 -0.6228 0.5534
vn 0.2950 -0.8654 0.4050
vn 0.2648 -0.9178 0.2959
vn 0.9390 -0.0585 0.3390
vn 0.8767 -0.3446 0.3355
vn 0.6444 -0.6871 0.3357
vn 0.7308 -0.6803 0.0547
vn 0.9361 -0.3485 -0.0474
vn 0.9909 -0.1141 -0.0709
vn 0.9318 0.1084 0.3463
vn 0.8632 0.0404 0.5032
vn 0.9262 0.1314 0.3535
vn 0.8720 0.1060 0.4778
vn 0.9008 0.1988 0.3860
vn 0.9907 0.1105 0.0790
vn 0.9693 0.2270 0.0949
vn 0.8963 0.4313 0.1029
vn 0.7856 0.6136 0.0793
vn 0.6182 0.7851 0.0397
vn 0.6204 0.7107 0.3317
vn 0.7743 0.5129 0.3706
vn 0.8455 0.3582 0.3960
vn 0.8277 0.2100 0.5204
vn 0.7413 0.0830 0.6660
vn 0.7253 0.1920 0.6612
vn 0.7756 0.3208 0.5437
vn 0.6991 0.4266 0.5738
vn 0.5544 0.5779 0.5989
vn 0.5573 0.3870 0.7346
vn 0.5635 0.0915 0.8210
vn 0.6725 0.3021 0.6756
vn 0.3229 -0.0304 0.9459
vn 0.5319 0.2456 0.8104
vn 0.4306 0.3543 0.8301
vn 0.3899 0.1242 0.9124
vn 0.1388 -0.0703 0.9878
vn -0.0603 -0.1052 0.9926
vn 0.2867 0.1693 0.9429
vn 0.4323 0.4522 0.7801
vn 0.3435 0.4035 0.8481
vn 0.1800 0.1898 0.9652
vn -0.3096 -0.0783 0.9476
vn 0.1401 0.4709 0.8710
vn -0.0824 0.2873 0.9543
vn -0.5173 0.4096 0.7514
vn -0.3313 0.5288 0.7814
vn 0.2873 0.5461 0.7869
vn 0.4076 0.7278 0.5515
vn 0.4445 0.8493 0.2847
vn -0.2009 0.6883 0.6970
vn 0.4018 0.9157 0.0080
vn -0.0364 0.9796 0.1974
vn -0.0845 0.8862 0.4555
vn -0.7384 0.6121 0.2830
vn -0.8000 0.4860 0.3518
vn -0.0795 0.9968 -0.0079
vn -0.6663 0.7387 0.1024
vn -0.6661 0.7448 0.0393
vn -0.7026 0.6884 0.1804
vn 0.5590 -0.4591 -0.6905
vn 0.3883 -0.6178 -0.6838
vn -0.0391 -0.0069 -0.9992
vn 0.6710 -0.2585 -0.6949
vn 0.7146 -0.0272 -0.6990
vn 0.6882 0.2018 -0.6969
vn 0.5879 0.4096 -0.6976
vn 0.0011 0.7284 -0.6852
vn 0.2262 0.6858 -0.6917
vn 0.4319 0.5775 -0.6928
vn 0.5363 0.7168 -0.4457
vn 0.7325 0.5083 -0.4528
vn 0.8572 0.2477 -0.4515
vn 0.8914 -0.0359 -0.4517
vn 0.2769 -0.0157 -0.9608
vn 0.2615 -0.1147 -0.9584
vn 0.2277 0.1689 -0.9590
vn 0.1592 0.2371 -0.9583
vn 0.2927 0.8472 -0.4435
vn 0.1426 -0.2631 -0.9542
vn 0.2123 -0.2032 -0.9558
vn -0.3256 0.2143 -0.9209
vn -0.3818 0.1173 -0.9168
vn -0.4012 0.0015 -0.9160
vn -0.3811 -0.1154 -0.9173
vn -0.3354 -0.2183 -0.9164
vn -0.2578 -0.3004 -0.9183
vn 0.0701 0.2851 -0.9559
vn -0.1535 -0.3552 -0.9221
vn -0.5705 -0.7185 -0.3979
vn -0.7615 -0.5129 -0.3962
vn -0.8812 -0.2664 -0.3906
vn -0.9196 0.0211 -0.3922
vn -0.8721 0.2924 -0.3923
vn -0.3235 -0.8553 -0.4048
vn -0.5381 0.7315 -0.4188
vn -0.2111 0.2431 -0.9467
vn -0.1225 0.2841 -0.9509
vn -0.2727 0.8616 -0.4281
vn -0.4483 0.5925 -0.6693
vn -0.2362 0.6995 -0.6744
vn 0.0112 0.8990 -0.4377
vn -0.0211 0.3028 -0.9528
vn -0.0455 -0.3746 -0.9261
vn 0.0643 -0.3644 -0.9290
vn -0.0453 -0.9097 -0.4128
vn 0.2336 -0.8765 -0.4208
vn 0.4978 -0.7533 -0.4298
vn 0.1758 -0.3142 -0.9329
vn 0.7122 -0.5530 -0.4324
vn 0.2666 -0.2346 -0.9348
vn 0.8499 -0.3082 -0.4274
vn 0.3293 -0.1350 -0.9345
vn 0.9023 -0.0502 -0.4281
vn -0.2806 0.1759 -0.9436
vn -0.2274 -0.2473 -0.9419
vn 0.2090 0.2788 -0.9373
vn 0.2881 0.1960 -0.9373
vn 0.7696 0.4737 -0.4280
vn 0.8772 0.2189 -0.4272
vn 0.3399 0.0841 -0.9367
vn 0.3511 -0.0266 -0.9360
vn -0.3293 0.0943 -0.9395
vn -0.7410 0.5324 -0.4091
vn 0.5678 0.7033 -0.4278
vn -0.7791 -0.4779 -0.4056
vn -0.8883 -0.2280 -0.3986
vn -0.7305 -0.1845 -0.6575
vn -0.3373 -0.0834 -0.9377
vn -0.3450 0.0033 -0.9386
vn -0.8683 0.2839 -0.4068
vn -0.6129 0.4292 -0.6634
vn -0.7127 0.2341 -0.6613
vn -0.7524 0.0264 -0.6581
vn -0.9168 0.0287 -0.3982
vn 0.4916 -0.7513 -0.4402
vn 0.1807 -0.7086 -0.6821
vn -0.0445 -0.7386 -0.6727
vn -0.2825 -0.6923 -0.6640
vn -0.0466 -0.9023 -0.4286
vn -0.3345 -0.8431 -0.4212
vn -0.1395 -0.2964 -0.9448
vn -0.2980 -0.1727 -0.9388
vn -0.5880 -0.6960 -0.4122
vn -0.4886 -0.5720 -0.6589
vn -0.6450 -0.3915 -0.6563
vn -0.1704 0.6951 0.6984
vn -0.3839 0.5942 0.7068
vn 0.0334 -0.0099 0.9994
vn 0.2037 -0.7071 0.6772
vn 0.4235 -0.6117 0.6682
vn -0.0364 -0.7304 0.6820
vn -0.2669 -0.6671 0.6956
vn -0.4603 -0.5433 0.7021
vn -0.5949 -0.3721 0.7125
vn -0.6688 -0.1809 0.7211
vn -0.6910 0.0280 0.7223
vn 0.2383 -0.8613 0.4487
vn 0.5043 -0.7444 0.4377
vn -0.0569 -0.8867 0.4589
vn -0.3438 -0.8159 0.4648
vn -0.5793 -0.6658 0.4703
vn -0.7509 -0.4622 0.4717
vn -0.8492 -0.2205 0.4799
vn -0.2605 -0.0853 0.9617
vn -0.8752 0.0354 0.4824
vn -0.2298 -0.1661 0.9589
vn -0.1700 -0.2428 0.9551
vn -0.0827 -0.2901 0.9534
vn 0.0081 -0.3146 0.9492
vn 0.1076 -0.2969 0.9488
vn 0.1959 -0.2641 0.9444
vn 0.4499 0.0952 0.8880
vn -0.2694 0.0077 0.9630
vn 0.4073 0.2066 0.8896
vn 0.3285 0.3048 0.8940
vn 0.2114 0.3793 0.9008
vn 0.0602 0.4224 0.9044
vn 0.3882 0.8468 0.3635
vn 0.0768 0.9257 0.3704
vn 0.6403 0.6812 0.3549
vn 0.8128 0.4628 0.3539
vn 0.9144 0.2093 0.3464
vn 0.9366 -0.0507 0.3466
vn 0.4660 -0.0290 0.8843
vn -0.8264 0.2894 0.4831
vn -0.2536 0.0972 0.9624
vn 0.4367 -0.1445 0.8879
vn -0.2062 0.1781 0.9622
vn -0.6947 0.5335 0.4825
vn -0.5527 0.4343 0.7112
vn -0.6578 0.2320 0.7166
vn 0.3785 -0.2650 0.8869
vn 0.8824 -0.3208 0.3441
vn 0.7498 -0.5655 0.3436
vn -0.4881 0.7289 0.4800
vn -0.2223 0.8537 0.4710
vn -0.1382 0.2450 0.9596
vn -0.0423 0.2850 0.9576
vn 0.2760 -0.3605 0.8910
vn 0.1458 -0.4241 0.8938
vn -0.0010 -0.4402 0.8979
vn 0.0513 0.2950 0.9541
vn -0.1422 -0.4046 0.9034
vn 0.1408 0.2779 0.9502
vn 0.5322 -0.7702 0.3513
vn 0.2530 -0.8994 0.3564
vn -0.0562 -0.9297 0.3639
vn -0.3432 -0.8625 0.3718
vn -0.5891 -0.7174 0.3718
vn -0.2554 -0.3361 0.9065
vn -0.7687 -0.5140 0.3805
vn -0.3433 -0.2417 0.9076
vn -0.3963 -0.1251 0.9096
vn 0.2813 0.1608 0.9461
vn 0.3202 0.0723 0.9446
vn 0.8735 0.2342 0.4267
vn -0.8845 -0.2584 0.3883
vn 0.9039 -0.0408 0.4258
vn 0.3355 -0.0199 0.9418
vn -0.4111 -0.0013 0.9116
vn -0.9208 0.0195 0.3896
vn -0.3873 0.1298 0.9128
vn -0.8753 0.2967 0.3819
vn 0.3125 -0.1111 0.9434
vn 0.8496 -0.3039 0.4311
vn 0.7000 -0.2482 0.6696
vn 0.7452 -0.0278 0.6663
vn 0.7143 0.1896 0.6737
vn 0.5926 -0.4485 0.6691
vn 0.7165 -0.5490 0.4304
vn 0.2647 -0.1989 0.9436
vn -0.0876 0.4065 0.9094
vn -0.2196 0.3488 0.9111
vn -0.3217 0.2522 0.9126
vn -0.7364 0.5563 0.3851
vn -0.5197 0.7658 0.3788
vn -0.2378 0.8946 0.3784
vn -0.1300 0.9646 -0.2293
vn 0.3378 0.8855 -0.3190
vn 0.2695 0.7569 -0.5954
vn -0.1846 0.8636 -0.4691
vn 0.1969 0.6245 -0.7558
vn -0.3080 0.7427 -0.5946
vn 0.1109 0.5091 -0.8536
vn -0.4585 0.6004 -0.6551
vn -0.6223 0.4834 -0.6157
vn -0.0860 0.3964 -0.9140
vn -0.8763 0.4581 -0.1489
vn -0.9179 0.3791 -0.1175
vn -0.8225 0.2631 -0.5043
vn -0.3891 0.1635 -0.9066
vn -0.9561 0.2844 -0.0705
vn -0.9665 0.2509 -0.0548
vn 0.2688 0.5410 -0.7969
vn 0.4201 0.6783 -0.6029
vn 0.5574 0.7764 -0.2941
vn 0.5714 0.5704 -0.5900
vn 0.7288 0.6291 -0.2704
vn 0.7228 0.3772 -0.5790
vn 0.5806 0.1185 -0.8055
vn 0.4906 0.2799 -0.8252
vn 0.3719 0.4528 -0.8103
vn 0.3205 0.2333 -0.9181
vn -0.9642 0.2650 -0.0078
vn -0.9585 0.2851 -0.0000
vn -0.9640 0.2650 0.0234
vn -0.9472 0.3183 0.0392
vn -0.9419 0.3350 0.0235
vn -0.9457 0.3250 -0.0078
vn -0.9512 0.3085 -0.0078
vn -0.9511 0.3084 0.0156
vn -0.9541 0.2911 0.0702
vn -0.9348 0.3510 0.0547
vn -0.9460 0.3179 0.0626
vn -0.9355 0.3512 0.0391
vn -0.9185 0.3935 0.0391
vn -0.9298 0.3677 0.0156
vn -0.8896 0.4543 0.0469
vn -0.9142 0.4035 0.0391
vn -0.9192 0.3938 0.0078
vn -0.9259 0.3778 0.0078
vn -0.8902 0.4545 0.0313
vn -0.6663 0.7447 0.0393
vn -0.7151 0.6979 -0.0394
vn -0.8900 0.4544 0.0391
vn -0.6663 0.7386 0.1024
vn -0.8871 0.4583 0.0550
vn -0.8802 0.4740 0.0235
vn -0.9658 0.2581 -0.0235
vn -0.8801 0.3933 0.2661
vn -0.8001 0.4860 0.3517
vn -0.7385 0.6120 0.2829
vn -0.7028 0.6882 0.1803
vn -0.9717 0.2342 -0.0314
vn -0.9764 0.2070 0.0622
vn -0.9758 0.2173 0.0235
vn -0.9574 0.2520 0.1407
vn -0.9687 0.2482 0.0078
vn -0.9686 0.2482 -0.0156
vn -0.9703 0.2413 0.0156
vn -0.9705 0.2413 -0.0000
vn -0.9740 0.2242 0.0312
vn -0.9680 0.2480 0.0389
vn -0.9728 0.2313 0.0155
vn -0.9610 0.2676 0.0704
vn -0.9752 0.2098 0.0705
vn -0.9707 0.2340 0.0547
vn -0.9797 0.2003 -0.0000
vn -0.9600 0.2747 0.0546
vn -0.9664 0.2510 -0.0548
vn -0.9595 0.2745 0.0624
vn -0.9766 0.2100 -0.0470
vn -0.9635 0.2648 0.0389
vn -0.9844 0.1760 -0.0078
vn -0.9760 0.2173 0.0156
vn -0.9814 0.1904 0.0233
vn -0.9672 0.2331 0.1013
vn -0.9523 0.2905 0.0934
vn -0.9609 0.2603 0.0940
vn -0.9549 0.2841 0.0860
vn -0.9604 0.2675 0.0782
vn -0.9668 0.2510 0.0470
vn -0.9631 0.2575 0.0779
vn 0.2264 0.8974 0.3788
vn -0.1748 0.8555 0.4875
vn -0.1294 0.7339 0.6668
vn 0.1832 0.9630 0.1975
vn 0.3506 0.9188 0.1814
vn 0.5820 0.8020 0.1346
vn 0.4042 0.8397 0.3626
vn 0.2830 0.7914 0.5418
vn -0.0728 0.5936 0.8015
vn -0.6655 0.2379 0.7074
vn -0.7118 0.3501 0.6089
vn -0.7593 0.4441 0.4756
vn -0.2285 0.9338 0.2752
vn -0.8156 0.4971 0.2961
vn -0.2657 0.9620 0.0631
vn -0.9079 -0.4132 0.0700
vn -0.9021 -0.4270 0.0621
vn -0.5441 -0.0012 0.8390
vn -0.5927 0.1327 0.7944
vn -0.9028 -0.4275 0.0466
vn -0.9057 -0.4205 0.0543
vn -0.8908 -0.4489 0.0699
vn -0.8918 -0.4411 0.1009
vn 0.3068 0.6613 0.6845
vn -0.0340 0.4634 0.8855
vn 0.0651 0.3041 0.9504
vn 0.0984 0.1598 0.9822
vn -0.4636 -0.1368 0.8754
vn 0.1922 -0.0135 0.9813
vn -0.3309 -0.3102 0.8912
vn 0.2774 -0.1807 0.9436
vn -0.2100 -0.4625 0.8614
vn 0.5637 0.1391 0.8142
vn 0.2919 -0.2648 0.9190
vn -0.1701 -0.5479 0.8191
vn -0.8056 -0.5758 0.1398
vn -0.8439 -0.5181 0.1392
vn -0.8834 -0.4559 0.1089
vn -0.1392 -0.5894 0.7958
vn -0.8689 -0.4676 0.1626
vn -0.9039 -0.3639 0.2247
vn -0.1725 -0.5799 0.7962
vn -0.8213 -0.5615 0.1007
vn -0.7983 -0.5963 0.0851
vn 0.4387 -0.8774 0.1943
vn -0.1573 -0.9777 0.1391
vn -0.1804 -0.9828 0.0387
vn 0.2785 -0.7765 0.5653
vn -0.2592 -0.8470 0.4642
vn 0.3292 -0.5667 0.7553
vn -0.1894 -0.6609 0.7262
vn 0.3684 -0.5199 0.7707
vn -0.1495 -0.6242 0.7669
vn 0.3589 -0.4195 0.8338
vn 0.3131 -0.3465 0.8843
vn 0.6368 -0.5602 0.5298
vn 0.6900 -0.4022 0.6018
vn 0.7246 -0.3584 0.5886
vn 0.7114 -0.2481 0.6575
vn 0.6404 -0.1175 0.7590
vn 0.5817 0.0312 0.8128
vn 0.8848 -0.3217 0.3371
vn 0.9193 -0.2368 0.3143
vn 0.9483 -0.0478 0.3138
vn 0.8619 0.0560 0.5040
vn 0.7773 0.2170 0.5905
vn 0.7832 0.6118 -0.1107
vn 0.8400 0.4949 -0.2223
vn 0.8681 0.4586 -0.1901
vn 0.5324 0.2771 0.7999
vn 0.7327 0.3770 0.5666
vn 0.8880 0.3981 -0.2300
vn 0.1533 0.2287 -0.9614
vn 0.0548 0.4210 -0.9054
vn 0.4837 0.3676 -0.7943
vn 0.4541 0.5406 -0.7082
vn 0.2616 -0.0262 -0.9648
vn 0.3894 -0.2452 -0.8878
vn 0.9082 0.3543 -0.2230
vn 0.6606 0.5251 0.5365
vn 0.4285 0.4184 0.8008
vn 0.4450 0.6452 0.6210
vn 0.6267 0.6806 0.3795
vn 0.3101 0.5009 0.8081
vn 0.9324 0.3018 -0.1989
vn 0.9440 0.2796 -0.1750
vn 0.5197 -0.4181 -0.7451
vn 0.6220 -0.5308 -0.5756
vn 0.6867 -0.6303 -0.3621
vn 0.9566 0.2493 -0.1510
vn 0.5974 0.7556 0.2688
vn 0.4267 0.7652 0.4820
vn 0.8952 -0.3067 -0.3234
vn 0.7326 -0.6689 -0.1258
vn 0.9639 0.2343 -0.1267
vn 0.6930 -0.0066 -0.7209
vn 0.5907 0.1769 -0.7873
vn 0.8818 0.4604 -0.1027
vn 0.7728 -0.1524 -0.6161
vn 0.8541 -0.2173 -0.4726
vn 0.9279 -0.3382 -0.1569
vn -0.1053 0.9182 -0.3818
vn -0.0844 0.7991 -0.5953
vn 0.8423 0.5101 -0.1741
vn 0.8471 0.5045 -0.1669
vn 0.0034 0.6202 -0.7845
vn 0.3325 0.6808 -0.6526
vn 0.3245 0.8166 -0.4774
vn 0.2416 0.9115 -0.3328
vn 0.2856 0.9476 -0.1433
vn 0.8245 0.5631 0.0554
vn 0.0620 0.6887 0.7224
vn -0.0054 0.8487 0.5289
vn 0.3374 0.8617 0.3791
vn 0.3270 0.9257 0.1900
vn 0.2403 0.9699 0.0397
vn -0.1324 0.9785 -0.1579
vn 0.5974 0.4562 0.6596
vn 0.6929 0.2736 0.6671
vn 0.5021 0.6005 0.6223
vn 0.1718 0.5161 0.8391
vn 0.2630 0.3082 0.9142
vn 0.4385 0.7431 0.5055
vn 0.4986 -0.1411 0.8553
vn 0.5994 -0.3317 0.7285
vn 0.8538 -0.0565 0.5175
vn 0.9110 -0.1829 0.3697
vn 0.7778 0.1053 0.6196
vn 0.4036 0.0870 0.9108
vn 0.8267 0.5559 0.0871
vn 0.8523 0.5129 0.1031
vn 0.8944 0.4388 0.0870
vn 0.9182 0.3864 0.0869
vn 0.6726 -0.4911 0.5536
vn 0.9486 0.3118 0.0553
vn 0.6019 0.4464 -0.6622
vn 0.6344 0.3062 -0.7098
vn 0.7299 0.1529 -0.6662
vn 0.3808 0.2205 -0.8980
vn 0.3071 0.3603 -0.8808
vn -0.0600 0.0216 -0.9980
vn -0.1578 0.1651 -0.9736
vn 0.5339 0.5770 -0.6181
vn -0.2973 0.4544 -0.8397
vn -0.7545 0.0666 -0.6529
vn -0.8165 0.1989 -0.5419
vn -0.2443 0.2937 -0.9241
vn -0.6733 -0.0630 -0.7367
vn -0.5882 -0.1752 -0.7895
vn -0.4919 -0.2947 -0.8192
vn 0.0141 -0.1255 -0.9920
vn 0.3964 0.0699 -0.9154
vn -0.4222 -0.4094 -0.8088
vn -0.8311 -0.5561 0.0078
vn -0.8616 -0.5055 0.0464
vn -0.8109 -0.5843 -0.0310
vn -0.8048 -0.5928 -0.0310
vn -0.8112 -0.5844 -0.0233
vn -0.3923 -0.4735 -0.7886
vn -0.8268 -0.5616 0.0309
vn -0.4272 -0.5041 -0.7506
vn -0.2470 -0.9645 -0.0930
vn -0.4671 -0.8014 -0.3735
vn -0.0433 -0.7498 -0.6602
vn -0.4839 -0.4982 -0.7195
vn -0.0737 -0.4458 -0.8921
vn 0.0168 -0.4118 -0.9111
vn -0.4672 -0.4734 -0.7467
vn -0.0096 -0.3529 -0.9356
vn -0.4897 -0.4679 -0.7357
vn 0.0196 -0.2934 -0.9558
vn 0.0537 -0.2141 -0.9753
vn 0.3945 -0.0508 -0.9175
vn 0.4736 -0.1814 -0.8619
vn 0.5009 -0.2555 -0.8269
vn 0.8338 -0.0051 -0.5521
vn 0.8059 -0.1698 -0.5672
vn 0.4512 -0.3228 -0.8320
vn 0.7724 -0.2814 -0.5694
vn 0.4276 -0.5172 -0.7414
vn 0.3232 -0.8876 -0.3283
vn -0.2044 -0.9788 -0.0155
vn 0.6784 -0.5428 -0.4952
vn 0.4115 -0.8993 -0.1479
vn 0.4433 -0.8963 -0.0078
vn 0.8251 -0.5641 -0.0314
vn 0.7835 -0.5688 0.2503
vn 0.9554 -0.2952 0.0079
vn 0.9892 -0.1466 -0.0000
vn -0.8769 -0.3910 0.2796
vn -0.9273 -0.3289 0.1786
vn -0.9430 -0.3235 0.0776
vn -0.9321 -0.3619 -0.0155
vn -0.8972 -0.4104 0.1630
vn -0.9309 -0.3140 0.1864
vn 0.0509 0.7199 -0.6922
vn 0.0954 0.8311 -0.5479
vn 0.2660 0.8196 -0.5074
vn 0.2517 0.6832 -0.6855
vn 0.1645 0.4789 -0.8623
vn 0.0143 0.5567 -0.8306
vn 0.5341 0.7236 -0.4371
vn 0.5157 0.7855 -0.3421
vn 0.2643 0.8887 -0.3747
vn 0.1129 0.9143 -0.3889
vn -0.3177 0.7503 -0.5797
vn -0.3217 0.8673 -0.3798
vn 0.9718 0.2037 -0.1191
vn 0.9660 0.2506 -0.0632
vn 0.5238 0.8264 -0.2065
vn 0.2761 0.9405 -0.1979
vn 0.1189 0.9728 -0.1986
vn -0.3019 0.9402 -0.1578
vn -0.8518 0.5087 0.1251
vn 0.1393 0.9903 -0.0000
vn 0.2986 0.9542 -0.0159
vn 0.5359 0.8437 -0.0317
vn 0.7361 -0.6703 0.0936
vn 0.9533 -0.3019 0.0078
vn 0.9372 -0.2824 0.2047
vn 0.9659 0.2587 0.0079
vn 0.7326 -0.6006 0.3203
vn 0.4979 -0.7533 -0.4297
vn 0.5322 -0.7703 0.3513
vn 0.2530 -0.8995 0.3563
vn 0.2337 -0.8766 -0.4207
vn -0.0562 -0.9298 0.3637
vn -0.0452 -0.9097 -0.4128
vn -0.3234 -0.8553 -0.4048
vn -0.3434 -0.8625 0.3717
vn -0.5705 -0.7186 -0.3978
vn -0.5892 -0.7174 0.3717
vn -0.7687 -0.5141 0.3805
vn -0.8687 -0.4678 0.1626
vn -0.8212 -0.5616 0.1009
vn -0.8843 -0.3613 -0.2957
vn -0.8565 -0.4048 -0.3202
vn -0.7981 -0.5964 0.0853
vn -0.8055 -0.5758 0.1401
vn -0.8973 -0.4331 0.0851
vn -0.8322 -0.4085 -0.3750
vn -0.8439 -0.5181 0.1393
vn -0.8834 -0.4558 0.1091
vn -0.7923 -0.4879 -0.3663
vn -0.9080 -0.4130 0.0701
vn -0.7417 -0.5979 -0.3041
vn -0.9029 -0.4273 0.0466
vn -0.6775 -0.6058 0.4171
vn -0.7211 -0.5521 0.4185
vn -0.6388 -0.6369 0.4315
vn -0.6190 -0.7219 0.3094
vn -0.6370 -0.7662 0.0853
vn -0.6776 -0.7188 -0.1554
vn -0.8900 -0.4318 0.1469
vn -0.8730 -0.4756 0.1081
vn -0.8616 -0.5055 0.0462
vn -0.8312 -0.5560 0.0076
vn -0.8109 -0.5843 -0.0311
vn -0.8048 -0.5928 -0.0314
vn -0.8111 -0.5845 -0.0233
vn -0.7877 -0.4376 0.4336
vn -0.8268 -0.5617 0.0307
vn -0.8775 -0.4779 0.0388
vn -0.8385 -0.3206 0.4407
vn -0.9347 -0.3547 0.0233
vn -0.8904 -0.2120 0.4027
vn -0.8980 -0.1347 0.4189
vn -0.9556 -0.2946 -0.0000
vn -0.9407 -0.2452 -0.2344
vn -0.9807 -0.1173 -0.1565
vn -0.9886 -0.0719 -0.1320
vn -0.9774 0.0178 -0.2106
vn -0.9965 0.0457 -0.0701
vn -0.9829 0.0409 0.1797
vn -0.9321 -0.3620 -0.0155
vn -0.8971 -0.4106 0.1630
vn -0.9309 -0.3142 0.1865
vn -0.9038 -0.3640 0.2249
vn -0.8969 -0.3710 -0.2408
vn -0.9549 -0.2943 0.0386
vn -0.8445 -0.0308 0.5347
vn -0.9147 -0.0035 0.4041
vn -0.9272 -0.3292 0.1785
vn -0.9429 -0.3238 0.0775
vn -0.8769 -0.3911 0.2795
vn -0.9004 -0.4345 0.0231
vn 0.8772 0.2190 -0.4272
vn 0.7697 0.4738 -0.4280
vn 0.8128 0.4628 0.3538
vn 0.9145 0.2092 0.3463
vn 0.9367 -0.0508 0.3465
vn 0.8825 -0.3208 0.3440
vn 0.7498 -0.5655 0.3435
vn -0.2740 0.8690 -0.4120
vn -0.5334 0.7431 -0.4042
vn -0.2377 0.8946 0.3784
vn 0.0098 0.9067 -0.4217
vn 0.0768 0.9257 0.3703
vn 0.3025 0.8545 -0.4223
vn 0.3884 0.8468 0.3634
vn 0.5677 0.7034 -0.4277
vn 0.6404 0.6813 0.3547
vn -0.8812 -0.2665 -0.3906
vn -0.7688 -0.5140 0.3805
vn -0.8847 -0.2584 0.3880
vn -0.9197 0.0210 -0.3922
vn -0.9209 0.0196 0.3894
vn -0.8753 0.2967 0.3818
vn -0.7343 0.5481 -0.4004
vn -0.7364 0.5564 0.3849
vn 0.8343 -0.3182 -0.4503
vn 0.6961 -0.5618 -0.4469
vn 0.2332 -0.8722 -0.4301
vn 0.0533 -0.3021 -0.9518
vn -0.2368 0.2956 -0.9255
vn -0.1337 0.3471 -0.9283
vn -0.0398 -0.3195 -0.9468
vn -0.0228 0.3576 -0.9336
vn 0.1010 0.3397 -0.9351
vn 0.3026 0.8544 -0.4224
vn -0.2739 0.8690 -0.4121
vn -0.5334 0.7430 -0.4043
vn -0.8746 -0.3838 -0.2963
vn -0.9004 -0.4345 0.0233
vn -0.9233 -0.3829 -0.0310
vn -0.8319 -0.4700 0.2951
vn -0.8728 -0.4057 0.2713
vn -0.7058 -0.4667 -0.5330
vn -0.8191 -0.5165 -0.2495
vn -0.8058 -0.5847 0.0934
vn -0.7381 -0.5950 0.3181
vn -0.5550 -0.8214 -0.1317
vn -0.5221 -0.8414 0.1398
vn -0.5108 -0.7961 0.3245
vn -0.4897 -0.7472 0.4493
vn -0.4495 -0.6989 0.5563
vn -0.0741 -0.9159 0.3944
vn -0.1153 -0.9110 0.3959
vn -0.1685 -0.9190 0.3565
vn -0.1465 -0.9535 0.2633
vn -0.0865 -0.9841 0.1551
vn -0.1248 -0.9921 0.0155
vn -0.1275 -0.9770 -0.1709
vn -0.4978 -0.7589 -0.4199
vn -0.0435 -0.9653 -0.2573
vn -0.3344 -0.7462 -0.5757
vn 0.0219 -0.9723 -0.2326
vn -0.1906 -0.7634 -0.6172
vn 0.0783 -0.9821 -0.1715
vn -0.5085 -0.5039 -0.6982
vn -0.9335 -0.3543 -0.0545
vn -0.8677 -0.4055 -0.2876
vn -0.7403 -0.4318 -0.5152
vn 0.0683 0.8863 0.4581
vn 0.3510 0.8217 0.4490
vn 0.0718 0.7207 0.6895
vn 0.2904 0.6675 0.6857
vn 0.4873 0.5503 0.6780
vn 0.5871 0.6824 0.4354
vn 0.2219 0.2299 0.9476
vn 0.7636 0.4787 0.4333
vn 0.6256 0.3896 0.6759
vn -0.3161 0.6099 -0.7267
vn -0.8710 -0.4772 0.1166
vn -0.8742 0.4834 -0.0471
vn -0.8828 0.4157 -0.2188
vn -0.8607 0.3254 -0.3916
vn -0.8833 -0.4476 0.1398
vn -0.8722 -0.4612 0.1629
vn -0.8898 -0.4319 0.1470
vn 0.9995 0.0316 -0.0079
vn 0.7518 0.6546 -0.0791
vn -0.0871 0.9924 0.0866
vn -0.0786 0.9434 0.3221
vn 0.9706 0.0429 -0.2369
vn 0.9475 -0.1128 -0.2993
vn 0.7575 0.6504 -0.0557
vn 0.7469 0.6647 -0.0159
vn 0.7838 0.6210 -0.0079
vn 0.9147 -0.2794 -0.2920
vn 0.7929 -0.5619 -0.2356
vn -0.9347 -0.3548 0.0234
vn -0.9557 -0.2944 -0.0000
vn -0.9550 -0.2942 0.0388
vn -0.9003 -0.4345 0.0233
vn 0.9907 0.1105 0.0789
vn 0.9693 0.2270 0.0944
vn 0.8963 0.4313 0.1026
vn 0.7856 0.6137 0.0791
vn 0.6182 0.7851 0.0396
vn 0.4018 0.9157 0.0079
vn -0.7151 0.6980 -0.0394
vn -0.7662 0.6250 -0.1497
vn -0.8333 0.5226 -0.1805
vn -0.9057 -0.4204 0.0545
vn -0.8909 -0.4487 0.0699
vn -0.8919 -0.4409 0.1009
vn -0.8833 -0.4476 0.1397
vn -0.8723 -0.4610 0.1628
vn -0.7663 0.6248 -0.1497
vn -0.8334 0.5224 -0.1805
vn -0.8764 0.4581 -0.1488
vn -0.9179 0.3789 -0.1174
vn -0.9561 0.2844 -0.0704
vn -0.0544 -0.9839 0.1702
vn 0.0080 -0.9852 0.1710
vn 0.0066 -0.9761 0.2173
vn 0.0247 -0.9919 0.1246
vn -0.0304 -0.9918 0.1244
vn 0.3246 -0.9457 0.0156
vn 0.3157 -0.9359 0.1562
vn 0.2646 -0.9179 0.2958
vn 0.2949 -0.8655 0.4050
vn 0.0677 -0.9643 0.2559
vn -0.0316 -0.9834 0.1786
vn 0.0003 -0.9866 0.1632
vn 0.1176 -0.9796 0.1629
vn 0.1636 -0.9729 0.1631
vn 0.0630 -0.9858 0.1558
vn 0.0785 -0.9834 0.1637
vn 0.0246 -0.9851 0.1701
vn 0.0156 -0.9779 0.2086
vn 0.1475 -0.9256 0.3485
vn 0.0628 -0.9819 0.1785
vn 0.1023 -0.9814 0.1627
vn 0.1331 -0.9788 0.1554
vn 0.1716 -0.9728 0.1555
vn 0.2320 -0.9590 0.1628
vn 0.2246 -0.9607 0.1629
vn 0.1635 -0.9717 0.1707
vn 0.2167 -0.9612 0.1705
vn 0.1809 -0.9810 0.0702
vn 0.1736 -0.9843 0.0312
vn 0.2623 -0.9525 0.1549
vn 0.2853 -0.9457 0.1557
vn 0.2846 -0.9433 0.1708
vn 0.1685 -0.9559 0.2407
vn 0.1774 -0.9616 0.2095
vn 0.1480 -0.9728 0.1782
vn 0.1703 -0.9660 0.1946
vn 0.1139 -0.9597 0.2568
vn -0.0346 -0.9181 0.3947
vn 0.1405 -0.9753 0.1706
vn -0.0739 -0.9160 0.3942
vn -0.1152 -0.9110 0.3959
vn -0.1683 -0.9190 0.3565
vn -0.1463 -0.9536 0.2632
vn 0.2097 -0.9653 0.1554
vn -0.0863 -0.9841 0.1551
vn 0.1801 -0.9767 0.1164
vn -0.1247 -0.9921 0.0155
vn 0.1273 -0.9916 0.0234
vn -0.1274 -0.9770 -0.1709
vn -0.0434 -0.9654 -0.2571
vn 0.0219 -0.9723 -0.2325
vn 0.1495 -0.9819 0.1163
vn 0.0783 -0.9821 -0.1710
vn 0.1415 -0.9830 -0.1172
vn 0.1180 -0.9831 0.1401
vn 0.1654 -0.9831 -0.0778
vn 0.0641 -0.9881 0.1395
vn 0.1420 -0.9847 -0.1010
vn -0.0136 -0.9922 0.1238
vn 0.2111 -0.9737 -0.0855
vn 0.1473 -0.9698 0.1946
vn 0.1456 -0.9596 0.2406
vn 0.1426 -0.9425 0.3022
vn 0.3290 -0.7933 0.5123
vn 0.3253 -0.8130 0.4830
vn 0.2911 -0.8432 0.4520
vn 0.1938 -0.8765 0.4407
vn 0.0567 -0.8999 0.4325
vn 0.4065 0.8764 -0.2583
vn 0.3699 0.8763 -0.3088
vn 0.1621 0.9859 -0.0421
vn 0.2506 0.9149 -0.3164
vn 0.1698 0.9846 -0.0418
vn 0.1950 0.9308 -0.3092
vn 0.5393 0.8418 0.0214
vn 0.4184 0.9039 -0.0891
vn 0.5279 0.8393 -0.1301
vn 0.3682 0.8951 -0.2513
vn 0.3138 0.8982 -0.3078
vn 0.2518 0.9111 -0.3264
vn 0.2113 0.9244 -0.3176
vn 0.1779 0.9422 -0.2839
vn 0.0920 0.9482 -0.3041
vn 0.1928 0.9804 -0.0408
vn 0.0519 0.9515 -0.3032
vn 0.1622 0.9855 -0.0499
vn 0.2172 0.9740 -0.0642
vn 0.1673 0.9854 0.0300
vn 0.1774 0.9836 -0.0336
vn 0.1849 0.9826 -0.0176
vn 0.2246 0.9739 -0.0326
vn 0.2296 0.9728 0.0313
vn 0.1488 0.9845 0.0931
vn 0.1416 0.9869 0.0771
vn 0.0370 0.9919 0.1217
vn 0.1037 0.9939 0.0365
vn 0.2112 0.9747 -0.0737
vn 0.0794 0.9962 0.0362
vn 0.1831 0.9831 0.0069
vn 0.3989 0.8973 0.1890
vn 0.3429 0.9112 0.2284
vn 0.3357 0.8681 0.3658
vn 0.1784 0.9168 0.3572
vn 0.1158 0.9331 0.3405
vn 0.0115 0.9203 0.3911
vn -0.0416 0.9436 0.3285
vn -0.0280 0.9205 0.3897
vn 0.0479 0.9659 0.2544
vn 0.1751 0.9543 0.2422
vn 0.3125 0.9308 0.1894
vn 0.3615 0.9189 0.1581
vn 0.3616 0.9188 0.1581
vn 0.1729 0.9797 0.1014
vn 0.1803 0.9775 0.1094
vn -0.0877 0.9491 0.3024
vn 0.1735 0.9811 0.0856
vn -0.0371 0.9781 0.2048
vn 0.1819 0.9814 0.0621
vn -0.1061 0.9834 0.1474
vn -0.0948 0.9944 0.0458
vn -0.0481 0.9559 0.2898
vn -0.1390 0.8994 0.4145
vn -0.0907 0.9207 0.3796
vn -0.0518 0.9607 -0.2728
vn -0.0987 0.9924 -0.0740
vn -0.0598 0.9970 -0.0481
vn -0.1097 0.9935 0.0294
vn -0.0959 0.9924 0.0773
vn 0.1010 0.9360 -0.3372
vn 0.0286 0.9489 -0.3143
vn 0.0444 0.9485 -0.3136
vn 0.0163 0.9815 -0.1906
vn 0.2143 0.9757 0.0467
vn 0.1893 0.9794 0.0701
vn 0.5755 0.8085 0.1229
vn 0.2222 0.9747 0.0232
vn 0.1923 0.9813 -0.0015
vn 0.5180 0.8552 -0.0181
vn 0.4904 0.8703 0.0464
vn 0.6438 0.7617 0.0729
vn 0.4209 0.9049 0.0629
vn 0.3963 -0.6313 0.6666
vn 0.4854 -0.8705 -0.0814
vn 0.8865 -0.0856 -0.4547
vn 0.9704 -0.0168 0.2409
vn 0.3953 -0.6429 0.6561
vn 0.8793 0.0007 -0.4763
vn 0.1749 -0.7323 0.6581
vn 0.9475 0.0085 0.3196
vn 0.9731 0.0718 0.2188
vn 0.7969 0.1229 -0.5914
vn 0.8079 0.1973 -0.5553
vn 0.0075 -0.8584 0.5128
vn -0.1406 -0.9134 0.3820
vn -0.0402 0.1703 0.9846
vn 0.5563 0.1133 0.8232
vn -0.3098 -0.8482 0.4297
vn 0.8802 0.0444 0.4725
vn 0.9011 0.1770 0.3959
vn 0.9754 0.1421 0.1683
vn 0.7270 0.3082 -0.6135
vn 0.8020 0.2822 0.5265
vn 0.9117 0.2957 0.2852
vn 0.6810 0.5804 -0.4465
vn 0.7838 0.4404 0.4378
vn 0.5417 0.6566 0.5248
vn 0.4769 0.4133 0.7757
vn 0.2288 0.7111 0.6648
vn -0.0023 0.4258 0.9048
vn -0.3832 0.3594 0.8508
vn -0.2871 0.6753 0.6794
vn -0.5467 0.5790 0.6048
vn -0.5019 0.1486 0.8521
vn 0.0243 0.7123 0.7015
vn -0.2284 0.9715 -0.0637
vn -0.4820 0.8475 -0.2222
vn -0.7051 0.6591 -0.2617
vn -0.7648 0.3812 0.5195
vn -0.7082 0.2578 0.6573
vn -0.7650 0.0964 0.6368
vn -0.8059 0.1769 0.5650
vn -0.8079 0.0676 0.5854
vn -0.9972 0.0743 0.0087
vn -0.9998 -0.0012 0.0220
vn -0.8307 0.4361 -0.3460
vn -0.8468 0.2685 0.4591
vn -0.9257 0.3301 -0.1848
vn -0.9560 0.2134 -0.2011
vn -0.4711 -0.8767 0.0970
vn -0.1390 -0.6830 0.7170
vn -0.1113 -0.6882 0.7170
vn 0.1898 -0.7608 0.6206
vn 0.2807 -0.8937 0.3501
vn 0.0836 -0.8810 0.4656
vn 0.7672 0.6261 0.1394
vn 0.4253 -0.8274 0.3667
vn 0.7615 0.0233 0.6478
vn 0.8182 -0.0194 -0.5746
vn 0.3217 -0.4785 -0.8170
vn 0.7722 -0.0458 0.6338
vn 0.7432 -0.1792 0.6447
vn 0.9160 -0.1895 0.3535
vn 0.9520 -0.0504 0.3021
vn 0.9476 0.0321 0.3179
vn 0.5476 0.3781 -0.7465
vn 0.8073 -0.0331 -0.5892
vn 0.5392 0.3492 -0.7664
vn 0.6910 -0.0754 -0.7189
vn 0.7749 -0.4890 0.4005
vn 0.7805 -0.4376 -0.4465
vn 0.8137 -0.2992 -0.4984
vn 0.8600 -0.3510 0.3705
vn 0.8179 -0.1858 -0.5446
vn 0.7945 -0.0977 -0.5993
vn 0.8069 -0.0368 -0.5895
vn -0.0237 -0.2473 -0.9687
vn 0.2786 -0.2387 -0.9303
vn 0.3035 -0.3928 -0.8681
vn 0.6297 -0.2966 -0.7180
vn 0.6177 -0.1923 -0.7625
vn 0.7732 -0.2717 -0.5730
vn 0.7630 -0.1816 -0.6203
vn 0.7659 -0.0986 -0.6354
vn 0.7793 -0.0467 -0.6250
vn -0.0956 -0.8997 -0.4258
vn -0.1214 -0.7243 -0.6787
vn 0.0345 -0.7290 -0.6837
vn -0.0034 -0.4290 -0.9033
vn 0.3306 -0.6879 -0.6462
vn 0.6235 -0.5213 -0.5827
vn 0.7729 -0.3766 -0.5106
vn 0.2163 -0.8943 0.3917
vn 0.2144 -0.7198 0.6603
vn 0.0110 -0.7804 0.6252
vn 0.4448 -0.8037 0.3952
vn 0.3688 -0.6613 0.6532
vn 0.6499 -0.6352 0.4172
vn 0.6377 -0.6416 -0.4262
vn 0.3963 -0.8182 -0.4166
vn 0.0879 -0.8963 -0.4347
vn 0.5520 -0.5323 0.6418
vn -0.0243 -0.9256 0.3778
vn -0.1478 -0.7846 0.6022
vn -0.2061 -0.9011 0.3815
vn -0.3236 -0.7231 0.6103
vn -0.7022 -0.3173 0.6374
vn -0.7351 -0.2187 0.6417
vn -0.7684 -0.2349 0.5954
vn -0.7428 -0.3495 0.5711
vn -0.5098 -0.5332 0.6751
vn -0.6367 -0.5651 0.5246
vn -0.4087 -0.7926 0.4524
vn -0.2773 -0.8771 -0.3920
vn -0.8634 -0.4730 -0.1756
vn -0.5821 -0.7593 -0.2910
vn -0.2706 -0.7136 -0.6462
vn -0.1323 -0.4159 -0.8997
vn 0.6421 -0.1133 -0.7582
vn 0.2901 -0.1437 -0.9461
vn -0.0481 -0.1352 -0.9897
vn -0.1305 -0.1282 -0.9831
vn -0.1348 -0.2350 -0.9626
vn -0.2576 -0.4257 -0.8674
vn -0.5736 -0.6181 -0.5376
vn -0.2342 -0.2364 -0.9430
vn -0.5782 -0.3723 -0.7260
vn -0.8445 -0.4211 -0.3309
vn -0.9557 -0.2419 -0.1677
vn -0.8877 -0.2322 -0.3976
vn -0.5686 -0.2085 -0.7958
vn -0.2372 -0.1184 -0.9642
vn -0.1479 -0.0091 -0.9890
vn -0.2360 -0.0022 -0.9718
vn -0.5746 -0.0807 -0.8144
vn -0.8835 -0.1418 -0.4465
vn -0.9673 -0.1672 -0.1909
vn -0.9546 -0.2680 -0.1297
vn -0.5674 0.0175 -0.8233
vn -0.8801 -0.0397 -0.4730
vn -0.9692 -0.1116 -0.2197
vn -0.9724 -0.1795 -0.1493
vn -0.9793 -0.1204 -0.1627
vn -0.9648 -0.0292 -0.2614
vn -0.8692 0.0459 -0.4923
vn -0.4178 0.3317 -0.8458
vn -0.1300 0.3307 -0.9347
vn -0.0881 0.3721 -0.9240
vn -0.6336 0.0410 -0.7726
vn -0.6124 0.4514 -0.6490
vn -0.9486 0.0619 -0.3105
vn -0.9806 -0.0267 -0.1944
vn -0.7859 -0.1405 0.6021
vn -0.8283 0.1802 -0.5304
vn -0.7409 -0.1313 0.6587
vn -0.7121 -0.0173 0.7019
vn -0.8101 0.0057 0.5862
vn -0.9670 0.0469 -0.2506
vn -0.6255 0.4744 -0.6194
vn -0.8691 0.2176 -0.4443
vn -0.7465 0.0768 0.6610
vn -0.8188 0.0970 0.5659
vn -0.6702 0.4440 -0.5947
vn -0.6893 0.6827 0.2423
vn -0.4845 -0.7761 0.4038
vn -0.8744 0.2108 -0.4371
vn -0.5001 -0.4103 -0.7626
vn -0.9008 -0.4155 0.1262
vn -0.8982 -0.4206 0.1281
vn -0.8927 -0.3747 0.2504
vn -0.8993 -0.3604 0.2476
vn -0.8911 -0.2838 0.3541
vn -0.8954 -0.2784 0.3473
vn -0.8882 -0.1754 0.4246
vn -0.8933 -0.1649 0.4180
vn -0.8867 -0.0443 0.4602
vn -0.8933 -0.0381 0.4478
vn -0.8866 0.0921 0.4532
vn -0.8930 0.0925 0.4404
vn -0.9994 -0.0075 0.0343
vn -0.9994 -0.0061 0.0342
vn -0.9994 -0.0048 0.0345
vn -0.9994 -0.0037 0.0352
vn -0.9996 -0.0052 0.0294
vn -0.9994 -0.0087 0.0348
vn -0.8948 0.2149 0.3913
vn -0.9993 -0.0098 0.0357
vn -0.8994 0.3145 0.3037
vn -0.9995 -0.0113 0.0289
vn -0.9023 0.3847 0.1947
vn -0.9995 -0.0097 0.0304
vn -0.9068 0.4160 0.0683
vn -0.9995 -0.0096 0.0312
vn -0.9109 0.4078 -0.0624
vn -0.9070 0.4159 -0.0661
vn -0.9014 0.4284 0.0637
vn -0.8952 0.4001 0.1961
vn -0.8932 0.3217 0.3140
vn -0.8903 0.2196 0.3989
vn -0.9994 -0.0093 0.0318
vn -0.9151 0.3583 -0.1849
vn -0.9994 -0.0088 0.0324
vn -0.9199 0.2702 -0.2843
vn -0.9994 -0.0082 0.0328
vn -0.9221 0.1557 -0.3543
vn -0.9994 -0.0075 0.0330
vn -0.9213 0.0281 -0.3878
vn -0.9994 -0.0067 0.0330
vn -0.9194 0.0308 -0.3922
vn -0.9184 0.1602 -0.3619
vn -0.9163 0.2736 -0.2925
vn -0.9119 0.3619 -0.1938
vn -0.9215 -0.1014 -0.3750
vn -0.9994 -0.0061 0.0327
vn -0.9191 -0.1010 -0.3809
vn -0.9995 -0.0049 0.0308
vn -0.9995 -0.0073 0.0306
vn -0.9995 -0.0072 0.0306
vn -0.9995 -0.0050 0.0315
vn -0.9995 -0.0055 0.0322
vn -0.9995 -0.0073 0.0307
vn -0.9995 -0.0050 0.0301
vn -0.9062 -0.4228 -0.0040
vn -0.9102 -0.3932 -0.1303
vn -0.9145 -0.3229 -0.2438
vn -0.9186 -0.2236 -0.3260
vn -0.9172 -0.2270 -0.3276
vn -0.9138 -0.3254 -0.2431
vn -0.9082 -0.3969 -0.1330
vn -0.9035 -0.4286 -0.0062
vn 0.9989 -0.0080 -0.0453
vn 0.9989 -0.0082 -0.0459
vn 0.8984 0.3530 -0.2611
vn 0.8926 0.2694 -0.3616
vn 0.9989 -0.0086 -0.0463
vn 0.8885 0.1540 -0.4323
vn 0.9989 -0.0091 -0.0466
vn 0.8868 0.0259 -0.4614
vn 0.9989 -0.0097 -0.0468
vn 0.8852 -0.1056 -0.4531
vn 0.9989 -0.0104 -0.0467
vn 0.9989 -0.0099 -0.0448
vn 0.9989 -0.0109 -0.0465
vn 0.8860 -0.2287 -0.4034
vn 0.8808 -0.1065 -0.4613
vn 0.8807 0.0288 -0.4728
vn 0.8830 0.1612 -0.4407
vn 0.8866 0.2736 -0.3729
vn 0.8988 -0.4312 -0.0785
vn 0.8946 -0.4404 -0.0759
vn 0.8910 -0.4054 -0.2045
vn 0.8933 -0.3995 -0.2058
vn 0.9989 -0.0117 -0.0456
vn 0.9989 -0.0114 -0.0461
vn 0.9989 -0.0099 -0.0449
vn 0.8902 -0.3288 -0.3152
vn 0.8820 -0.2338 -0.4091
vn 0.8859 -0.3330 -0.3229
vn 0.9043 -0.4235 0.0532
vn 0.9009 -0.4308 0.0534
vn 0.9989 -0.0119 -0.0450
vn 0.9989 -0.0098 -0.0448
vn 0.9990 -0.0116 -0.0438
vn 0.9990 -0.0112 -0.0433
vn 0.9989 -0.0118 -0.0443
vn 0.9170 -0.2860 0.2780
vn 0.9122 -0.3695 0.1770
vn 0.9161 0.2227 0.3335
vn 0.9191 0.0891 0.3838
vn 0.9238 0.0907 0.3719
vn 0.9176 -0.0475 0.3947
vn 0.9223 -0.0413 0.3843
vn 0.9155 -0.1801 0.3598
vn 0.9213 -0.1705 0.3495
vn 0.9122 -0.2940 0.2854
vn 0.9065 -0.3804 0.1831
vn 0.9181 0.3165 0.2386
vn 0.9133 0.3259 0.2441
vn 0.9219 0.2151 0.3223
vn 0.9987 -0.0098 -0.0491
vn 0.9987 -0.0110 -0.0490
vn 0.9987 -0.0121 -0.0493
vn 0.9987 -0.0089 -0.0495
vn 0.9987 -0.0079 -0.0503
vn 0.9135 0.3878 0.1229
vn 0.9990 -0.0067 -0.0434
vn 0.9085 0.4180 -0.0058
vn 0.9990 -0.0079 -0.0446
vn 0.9027 0.4076 -0.1377
vn 0.8924 0.3642 -0.2663
vn 0.8958 0.4204 -0.1443
vn 0.9020 0.4317 -0.0052
vn 0.9074 0.4002 0.1281
vn -0.0210 0.8513 -0.5243
vn -0.0217 0.8495 -0.5271
vn -0.0325 0.8495 -0.5265
vn -0.0314 0.8513 -0.5237
vn 0.2733 0.8120 -0.5157
vn 0.3180 0.8023 -0.5052
vn -0.0449 0.0738 -0.9963
vn -0.0444 -0.2341 -0.9712
vn -0.0551 -0.2341 -0.9706
vn -0.0556 0.0738 -0.9957
vn -0.0408 0.3750 -0.9261
vn -0.0517 0.3750 -0.9256
vn -0.0329 0.6465 -0.7622
vn -0.0438 0.6465 -0.7617
vn 0.2627 0.6177 -0.7413
vn 0.2565 -0.2232 -0.9404
vn 0.2557 0.0726 -0.9640
vn 0.2577 0.3623 -0.8957
vn -0.3510 0.0741 -0.9334
vn -0.3509 -0.2209 -0.9100
vn -0.3461 0.3630 -0.8651
vn -0.3381 0.6132 -0.7139
vn -0.3260 0.8108 -0.4861
vn -0.3768 0.7945 -0.4763
vn -0.0060 -0.9961 -0.0877
vn 0.0009 -0.9754 0.2205
vn -0.0027 -0.9753 0.2207
vn -0.0169 -0.9960 -0.0873
vn -0.0195 -0.9222 -0.3863
vn -0.0301 -0.9222 -0.3856
vn -0.0311 -0.7565 -0.6532
vn -0.0419 -0.7565 -0.6527
vn -0.0396 -0.5224 -0.8518
vn -0.0504 -0.5223 -0.8513
vn 0.3035 -0.9317 0.1994
vn 0.2910 -0.9517 -0.0980
vn 0.2807 -0.8800 -0.3831
vn 0.2680 -0.7252 -0.6343
vn 0.2605 -0.5012 -0.8252
vn 0.8450 -0.2134 0.4904
vn 0.8696 -0.3671 0.3303
vn 0.9495 -0.2466 0.1939
vn 0.8875 -0.0520 0.4578
vn 0.9788 -0.1245 0.1623
vn 0.9057 0.0284 0.4229
vn 0.5712 -0.7679 -0.2900
vn 0.4673 -0.8804 -0.0809
vn 0.6813 -0.3908 0.6189
vn 0.6757 -0.1535 0.7210
vn 0.6630 0.0522 0.7468
vn 0.6680 0.1171 0.7349
vn 0.6825 0.1710 0.7106
vn 0.3902 0.1952 0.8998
vn 0.0826 0.2102 0.9742
vn 0.0885 0.1548 0.9840
vn 0.3903 0.1481 0.9087
vn 0.3815 0.0725 0.9215
vn 0.3817 -0.1052 0.9183
vn 0.0585 0.0877 0.9944
vn -0.2594 0.0822 0.9623
vn -0.2646 0.1473 0.9530
vn -0.5575 0.0526 0.8285
vn -0.5537 0.0945 0.8273
vn -0.6476 -0.0100 0.7619
vn -0.6523 0.0326 0.7572
vn -0.9187 -0.3911 0.0555
vn -0.6683 -0.0503 0.7422
vn -0.5196 -0.0562 0.8525
vn -0.2906 -0.0898 0.9526
vn 0.0169 -0.0826 0.9964
vn 0.3483 -0.3769 0.8583
vn -0.5935 -0.2375 0.7690
vn -0.8422 -0.5354 0.0644
vn -0.2285 -0.9649 0.1294
vn -0.2003 -0.9095 0.3642
vn -0.4730 -0.8311 0.2926
vn 0.0236 -0.9970 0.0740
vn 0.1172 -0.9471 0.2987
vn 0.3378 -0.9331 0.1235
vn -0.0496 -0.3348 0.9410
vn -0.3634 -0.2877 0.8861
vn -0.6714 -0.7247 0.1548
vn -0.9786 -0.2032 0.0313
vn -0.9483 -0.2724 -0.1631
vn -0.9991 -0.0416 -0.0127
vn -0.8922 -0.4453 -0.0756
vn -0.8142 -0.5791 -0.0427
vn -0.6523 -0.7563 0.0509
vn -0.4559 -0.8816 0.1220
vn -0.6842 0.1570 0.7122
vn -0.5406 0.1689 0.8241
vn -0.5587 0.2472 0.7917
vn -0.2606 0.2475 0.9332
vn -0.0950 0.6656 0.7402
vn 0.1371 0.6823 0.7181
vn 0.0962 0.2657 0.9593
vn 0.2946 0.6905 0.6606
vn 0.4066 0.2487 0.8791
vn 0.6792 0.2227 0.6993
vn -0.2652 0.2006 0.9431
vn 0.8967 0.1117 0.4284
vn 0.9841 -0.0594 0.1672
vn 0.7089 -0.4492 -0.5437
vn 0.6475 -0.6196 -0.4436
vn 0.6805 -0.4569 -0.5729
vn 0.7637 -0.2703 -0.5862
vn 0.9793 0.0427 0.1979
vn 0.8814 0.1905 0.4322
vn 0.4924 0.6509 0.5778
vn 0.6337 0.3822 0.6725
vn 0.9605 0.1474 0.2359
vn 0.5626 0.7417 0.3652
vn 0.8035 -0.0169 -0.5950
vn 0.5545 0.7041 0.4436
vn 0.7096 0.5431 0.4489
vn 0.7870 -0.1297 -0.6031
vn 0.6976 -0.2743 -0.6619
vn 0.7220 -0.1417 -0.6772
vn 0.7030 -0.0612 -0.7085
vn 0.5552 0.7020 -0.4461
vn 0.4065 0.2566 0.8769
vn 0.6391 0.6835 0.3527
vn 0.6645 -0.6981 -0.2667
vn 0.2587 -0.9659 0.0036
vn 0.3999 -0.9002 -0.1726
vn 0.5205 -0.7911 -0.3213
vn 0.6742 -0.6103 -0.4159
vn -0.4446 0.7465 -0.4951
vn -0.1503 0.9878 -0.0409
vn -0.1334 0.9876 -0.0831
vn -0.4221 0.7631 -0.4895
vn -0.1179 0.9705 -0.2101
vn -0.4225 0.6208 -0.6604
vn -0.1500 0.9861 -0.0714
vn -0.3532 0.9255 -0.1365
vn -0.7338 0.6782 -0.0396
vn 0.0418 0.9448 0.3251
vn -0.0822 0.9013 0.4252
vn -0.0065 0.6703 0.7421
vn 0.2066 0.9540 0.2172
vn 0.2345 0.9639 0.1266
vn 0.2505 0.9659 0.0656
vn -0.2804 0.9590 0.0409
vn 0.2817 0.7630 0.5817
vn 0.5989 0.7113 0.3679
vn 0.7150 0.6323 0.2985
vn 0.7871 0.5998 0.1440
vn 0.8202 0.5721 -0.0065
vn 0.3368 0.9413 -0.0239
vn 0.8037 0.5922 -0.0576
vn 0.4632 0.2574 0.8481
vn 0.8612 0.2819 0.4229
vn 0.9422 0.1905 0.2755
vn 0.9799 0.1188 0.1600
vn 0.9896 0.1386 0.0384
vn 0.9738 0.1876 -0.1287
vn 0.9893 0.0093 0.1455
vn 0.9950 0.0420 0.0904
vn 0.9890 0.0879 -0.1190
vn 0.9214 0.0336 -0.3871
vn 0.9312 0.0910 -0.3530
vn 0.8847 0.0220 -0.4656
vn 0.8591 0.0962 -0.5027
vn 0.8178 0.0780 -0.5701
vn 0.7955 0.1593 -0.5847
vn 0.7701 0.4608 -0.4412
vn 0.7453 0.5057 -0.4346
vn 0.3395 0.9364 -0.0885
vn 0.1884 0.9787 -0.0818
vn 0.8374 0.4931 -0.2357
vn 0.3494 0.9341 -0.0739
vn -0.2251 0.9303 0.2898
vn -0.0511 0.9494 0.3098
vn 0.0290 0.9954 -0.0915
vn 0.1124 0.6604 -0.7425
vn 0.3338 0.9409 0.0576
vn -0.2233 0.9374 0.2671
vn 0.3145 0.9490 0.0217
vn -0.1851 0.9583 0.2179
vn -0.6625 0.6356 0.3963
vn -0.6181 0.6111 0.4945
vn -0.6256 0.6288 0.4618
vn -0.4035 0.7223 0.5617
vn -0.2381 0.9703 -0.0419
vn -0.2303 0.9685 0.0950
vn -0.7788 0.6254 -0.0496
vn -0.7992 0.5803 0.1567
vn 0.0270 -0.0903 0.9956
vn 0.0266 0.2223 0.9746
vn 0.3274 0.2113 0.9209
vn 0.3289 -0.0905 0.9400
vn 0.0228 -0.3927 0.9194
vn 0.3255 -0.3825 0.8647
vn 0.0147 -0.6615 0.7498
vn 0.3193 -0.6317 0.7064
vn 0.0034 -0.8593 0.5115
vn 0.3150 -0.8231 0.4726
vn 0.0379 -0.0904 0.9952
vn 0.0376 0.2223 0.9742
vn 0.0338 -0.3928 0.9190
vn 0.0255 -0.6617 0.7493
vn 0.0142 -0.8594 0.5112
vn -0.2707 -0.0881 0.9586
vn -0.2698 0.2109 0.9395
vn -0.2750 -0.3773 0.8843
vn -0.2820 -0.6284 0.7250
vn -0.2946 -0.8159 0.4975
vn -0.3069 -0.9261 0.2197
vn -0.3207 -0.9447 -0.0691
vn -0.3292 -0.8755 -0.3539
vn -0.3397 -0.7179 -0.6076
vn -0.3482 -0.4954 -0.7958
vn -0.0051 0.9970 0.0768
vn -0.0069 0.9972 0.0746
vn 0.3409 0.9383 0.0578
vn 0.2964 0.9532 0.0598
vn 0.0015 0.9244 0.3815
vn 0.3102 0.8832 0.3518
vn 0.0134 0.7562 0.6542
vn 0.3147 0.7237 0.6141
vn 0.0220 0.5166 0.8559
vn 0.3236 0.4941 0.8070
vn -0.0012 0.9971 0.0766
vn 0.0035 0.9972 0.0746
vn 0.0123 0.9244 0.3812
vn 0.0243 0.7563 0.6537
vn 0.0329 0.5167 0.8555
vn -0.3044 0.9486 0.0870
vn -0.3541 0.9316 0.0821
vn -0.2930 0.8786 0.3770
vn -0.2800 0.7220 0.6326
vn -0.2727 0.4938 0.8257
vn -0.6257 0.7405 -0.2452
vn -0.7639 -0.6152 0.1949
vn -0.9697 -0.0163 -0.2437
vn -0.3235 0.7470 0.5807
vn -0.3689 0.7611 0.5335
vn -0.2865 0.8249 0.4873
vn 0.0123 0.2998 0.9539
vn -0.9937 0.0579 -0.0957
vn -0.9943 -0.0518 -0.0932
vn -0.1998 0.4897 0.8487
vn -0.2567 0.7839 0.5653
vn -0.7081 0.2501 0.6603
vn 0.3020 0.3266 0.8956
vn 0.0356 0.9972 -0.0657
vn 0.2430 0.9622 -0.1227
vn 0.4577 0.8285 -0.3227
vn -0.8163 -0.0125 -0.5774
vn -0.8129 -0.0814 -0.5766
vn -0.9456 -0.1193 -0.3027
vn -0.7800 -0.6238 -0.0504
vn -0.6952 -0.6273 -0.3511
vn -0.1796 -0.9738 0.1393
vn -0.2105 -0.9284 0.3063
vn -0.8013 -0.5966 -0.0442
vn -0.3681 -0.9298 0.0053
vn -0.8085 -0.0358 -0.5875
vn -0.8653 -0.0926 -0.4926
vn -0.7926 -0.0788 -0.6047
vn -0.7036 -0.5945 -0.3892
vn -0.1844 -0.9815 0.0517
vn -0.0027 -0.9924 0.1232
vn -0.0340 -0.9487 0.3144
vn -0.0110 -0.9243 0.3816
vn -0.4261 -0.8982 -0.1080
vn -0.2662 -0.9637 -0.0185
vn -0.3815 -0.9236 -0.0379
vn -0.1814 -0.9834 -0.0054
vn -0.8284 -0.5555 -0.0717
vn -0.9628 -0.1857 -0.1965
vn -0.9320 -0.0195 -0.3618
vn -0.8316 -0.0829 -0.5492
vn -0.2889 -0.9558 0.0552
vn -0.3059 -0.9520 0.0126
vn -0.7838 -0.5653 0.2570
vn -0.9876 -0.1546 -0.0291
vn -0.9722 -0.0558 -0.2272
vn -0.9255 -0.0748 -0.3712
vn -0.9817 -0.0486 -0.1843
vn -1.0000 -0.0063 -0.0030
vn -0.9337 -0.1500 0.3251
vn -0.6927 -0.5901 0.4147
vn -0.5193 -0.5974 0.6111
vn -0.2975 -0.9524 0.0659
vn -0.3771 -0.5341 0.7567
vn -0.2851 -0.9459 0.1550
vn -0.2088 -0.9600 0.1868
vn -0.2177 -0.5470 0.8084
vn -0.1803 -0.1206 0.9762
vn -0.3312 -0.0939 0.9389
vn -0.5157 -0.1353 0.8460
vn -0.7794 -0.1794 0.6003
vn -0.4598 0.0147 0.8879
vn -0.3150 0.0432 0.9481
vn -0.2120 0.0223 0.9770
vn -0.2417 -0.0066 0.9703
vn -0.2103 -0.1386 0.9678
vn -0.2620 -0.4814 0.8364
vn -0.2207 -0.9370 0.2709
vn -0.2701 0.1486 0.9513
vn -0.4189 0.1394 0.8973
vn -0.7542 -0.0170 0.6565
vn -0.7229 0.1196 0.6805
vn -0.9392 0.0690 0.3362
vn -0.9108 0.2379 0.3373
vn -0.2349 0.1725 0.9566
vn -0.2268 0.2619 0.9381
vn -0.2367 0.2394 0.9416
vn -0.3865 0.2523 0.8871
vn -0.6719 0.2674 0.6907
vn -0.8793 0.3124 0.3594
vn -0.6767 0.3019 0.6715
vn -0.8561 0.2542 0.4499
vn -0.7537 -0.4316 0.4957
vn -0.6679 0.3696 0.6460
vn -0.3907 0.3308 0.8590
vn -0.2574 0.2497 0.9335
vn -0.2105 0.2444 0.9466
vn -0.3495 -0.6372 0.6869
vn -0.7337 -0.5704 0.3692
vn -0.5906 0.4345 0.6800
vn -0.4950 -0.5025 0.7088
vn -0.4467 0.3502 0.8233
vn -0.3813 0.2026 0.9020
vn -0.1521 0.1619 0.9750
vn -0.3155 0.2439 0.9171
vn -0.1650 0.1906 0.9677
vn -0.3750 0.2629 0.8889
vn -0.3312 0.1446 0.9324
vn -0.1138 0.0466 0.9924
vn -0.0235 0.0758 0.9968
vn -0.0831 0.0637 0.9945
vn -0.0062 0.1125 0.9936
vn 0.0340 0.4971 0.8670
vn -0.0256 0.4944 0.8689
vn 0.0615 0.8964 0.4390
vn -0.0064 0.8803 0.4743
vn -0.2134 0.4669 0.8582
vn 0.2081 -0.0363 0.9774
vn -0.0129 0.0749 0.9971
vn -0.4266 -0.0181 0.9043
vn -0.3204 -0.0329 0.9467
vn -0.4989 -0.1070 0.8600
vn -0.2413 -0.1062 0.9646
vn -0.4402 0.5035 0.7435
vn 0.1211 0.3634 0.9237
vn -0.3885 0.4196 0.8204
vn -0.0753 0.8778 0.4730
vn -0.3700 0.4983 0.7841
vn -0.7741 -0.0660 0.6297
vn -0.5077 0.5707 0.6454
vn -0.9963 0.0802 0.0301
vn -0.6658 0.4299 0.6099
vn -0.5177 0.6500 0.5563
vn -0.6525 0.6124 0.4463
vn -0.9585 -0.2812 -0.0469
vn -0.9823 -0.1804 0.0508
vn -0.7405 0.5626 0.3675
vn -0.9997 0.0157 0.0186
vn -0.5865 0.7899 0.1789
vn -0.9139 0.0014 -0.4060
vn -0.9990 -0.0360 0.0279
vn -0.8976 0.1985 0.3936
vn -0.9256 0.2769 0.2580
vn -0.8681 0.1789 0.4630
vn -0.7064 0.2928 0.6444
vn -0.8921 0.0930 0.4422
vn -0.9811 0.0362 0.1901
vn -0.9609 0.1795 0.2109
vn -0.9964 0.0728 0.0438
vn -0.9743 0.1977 0.1076
vn -0.9934 0.1101 -0.0322
vn -0.9938 0.0697 -0.0869
vn -0.9973 0.0658 0.0338
vn -0.9464 -0.0313 0.3216
vn -0.9281 -0.0245 -0.3716
vn -0.9373 0.0064 -0.3485
vn -0.9624 0.0329 -0.2695
vn -0.9997 0.0243 -0.0089
vn -0.9295 0.1359 -0.3430
vn -0.9505 0.0259 -0.3097
vn -0.8982 -0.0001 -0.4396
vn -0.8939 -0.0715 -0.4424
vn -0.8484 -0.0767 -0.5238
vn -0.9325 -0.1037 -0.3459
vn -0.9694 -0.0780 -0.2327
vn -0.9422 0.0355 -0.3333
vn -0.8732 0.0564 -0.4841
vn -0.9060 0.0941 -0.4126
vn -0.8228 0.2004 -0.5318
vn -0.2699 0.9436 -0.1919
vn 0.3194 0.9469 0.0370
vn 0.2095 0.9401 0.2691
vn -0.2976 0.9487 -0.1067
vn -0.7115 0.6188 -0.3330
vn -0.6567 0.6524 -0.3785
vn 0.9198 0.2719 0.2828
vn 0.8220 0.0371 0.5682
vn 0.9532 0.3015 0.0234
vn 0.3863 0.9207 -0.0564
vn -0.2031 0.9651 -0.1655
vn -0.8062 0.5532 -0.2099
vn -0.9929 0.0854 -0.0824
vn -0.9920 0.0345 0.1218
vn -0.7949 0.6023 -0.0735
vn -0.1458 0.9892 0.0124
vn 0.3048 0.9459 -0.1113
vn 0.4901 0.8612 -0.1343
vn 0.7192 0.6816 -0.1347
vn -0.8250 0.5371 0.1758
vn -0.9830 0.0431 0.1782
vn -0.9454 -0.0160 0.3256
vn -0.5904 0.4811 0.6481
vn -0.0659 0.9132 0.4022
vn 0.2752 0.9373 0.2140
vn -0.5386 0.1589 0.8274
vn -0.5728 0.0987 0.8137
vn -0.2612 0.5270 0.8088
vn -0.0620 0.8188 0.5708
vn 0.1135 0.8945 0.4323
vn -0.4512 0.8923 -0.0135
vn -0.8540 0.5202 0.0101
vn -0.8747 0.0697 0.4797
vn -0.8469 -0.0847 0.5249
vn -0.8450 -0.0979 0.5257
vn -0.7676 0.0919 0.6343
vn 0.4714 0.8753 0.1078
vn -0.0538 0.9961 -0.0693
vn -0.4463 0.8748 -0.1883
vn -0.8649 0.5018 0.0130
vn 0.1250 0.9185 -0.3751
vn -0.1834 0.9523 -0.2439
vn 0.0278 0.7098 -0.7038
vn -0.2536 0.9332 0.2547
vn -0.0874 0.9923 -0.0876
vn 0.0204 0.7811 -0.6240
vn 0.0355 0.9964 -0.0773
vn -0.0982 0.7225 -0.6844
vn 0.0258 0.9992 0.0318
vn -0.1133 0.8871 0.4475
vn 0.1339 0.9783 -0.1581
vn -0.0094 0.7088 -0.7054
vn 0.0361 0.9993 -0.0009
vn -0.0792 0.9954 0.0536
vn -0.0810 0.9851 0.1517
vn -0.2351 0.9716 -0.0259
vn -0.0920 0.9862 0.1379
vn -0.3645 0.9161 -0.1673
vn -0.0313 0.9904 0.1347
vn 0.0389 0.9891 0.1423
vn -0.0060 0.9999 0.0123
vn -0.0929 0.9918 0.0876
vn -0.5162 0.8099 -0.2785
vn -0.0600 0.9982 0.0024
vn -0.4771 0.8548 -0.2041
vn -0.0231 0.9985 -0.0487
vn 0.0359 0.9944 0.0996
vn 0.0217 0.9975 -0.0667
vn 0.0642 0.9969 -0.0456
vn 0.0387 0.9992 -0.0117
vn -0.0035 0.9992 0.0397
vn -0.0280 0.9994 0.0191
vn 0.0140 0.9997 0.0222
vn 0.0395 0.9984 0.0401
vn -0.4934 0.8601 -0.1297
vn 0.0109 0.9994 0.0328
vn -0.1737 0.9832 0.0556
vn -0.1435 0.9896 -0.0053
vn -0.1089 0.9459 0.3057
vn -0.1119 0.9209 0.3734
vn 0.0202 0.9402 0.3400
vn 0.1513 0.9210 0.3589
vn 0.0632 0.9974 0.0350
vn 0.0220 0.9997 0.0113
vn 0.0177 0.9995 0.0259
vn 0.1657 0.9467 0.2764
vn 0.1465 0.8997 0.4113
vn 0.2535 0.9097 0.3289
vn 0.0028 0.9983 0.0590
vn 0.2301 0.9569 0.1773
vn 0.3153 0.9450 0.0872
vn -0.0067 0.9998 0.0196
vn 0.3874 0.9219 0.0007
vn 0.0044 0.9994 0.0347
vn 0.0462 0.9984 0.0328
vn 0.4990 0.8643 -0.0629
vn 0.0325 0.9988 0.0366
vn 0.0030 0.9991 0.0425
vn 0.2820 0.9518 -0.1210
vn 0.2907 0.9568 0.0025
vn 0.2535 0.9670 -0.0247
vn 0.3970 0.9155 -0.0654
vn 0.0745 0.8880 0.4538
vn 0.3343 0.3869 0.8594
vn 0.2307 0.6602 0.7148
vn -0.0167 0.9227 0.3851
vn -0.0332 0.7463 0.6648
vn -0.2470 0.9675 0.0537
vn -0.1899 0.9805 0.0502
vn -0.5490 0.6646 -0.5069
vn -0.0428 0.9259 0.3753
vn -0.0944 0.6990 0.7089
vn 0.0024 0.9390 0.3440
vn -0.0506 0.9985 -0.0210
vn -0.4570 0.6897 -0.5618
vn -0.5096 0.2133 -0.8336
vn -0.4805 0.2350 -0.8449
vn -0.5178 0.1315 -0.8453
vn -0.4842 0.1048 -0.8686
vn -0.1106 0.7133 -0.6921
vn -0.1771 0.2156 -0.9603
vn -0.2131 0.1508 -0.9653
vn -0.3108 0.0124 -0.9504
vn 0.1182 0.2106 -0.9704
vn 0.1115 0.1421 -0.9835
vn 0.1107 0.0272 -0.9935
vn 0.1207 -0.2299 -0.9657
vn -0.3170 -0.2252 -0.9213
vn 0.1198 -0.3674 -0.9223
vn 0.5154 -0.0042 -0.8569
vn 0.5401 -0.1863 -0.8207
vn 0.5037 -0.3015 -0.8096
vn 0.1583 -0.3661 -0.9170
vn 0.4488 -0.2958 -0.8433
vn 0.1805 -0.2271 -0.9570
vn 0.4072 -0.1703 -0.8973
vn 0.1786 -0.1516 -0.9722
vn -0.2997 -0.3504 -0.8874
vn -0.2232 -0.2937 -0.9295
vn -0.0969 -0.2219 -0.9702
vn -0.0654 -0.1919 -0.9792
vn -0.0663 -0.6799 -0.7303
vn 0.1327 -0.6681 -0.7321
vn -0.0023 -0.9923 -0.1235
vn -0.0654 -0.9937 -0.0905
vn -0.2663 -0.6972 -0.6656
vn -0.3838 -0.1891 -0.9038
vn -0.4822 -0.1211 -0.8677
vn -0.5665 -0.0904 -0.8191
vn -0.3768 -0.6391 -0.6706
vn -0.0736 -0.9959 -0.0522
vn -0.1933 -0.9799 -0.0493
vn -0.0763 -0.9735 -0.2154
vn -0.0194 -0.9459 -0.3237
vn -0.0437 -0.9879 -0.1485
vn -0.5822 0.0114 -0.8130
vn -0.5921 -0.1841 -0.7846
vn -0.5609 -0.2776 -0.7800
vn -0.5322 -0.1803 -0.8272
vn -0.6180 -0.0804 -0.7820
vn -0.5273 -0.0089 -0.8496
vn -0.5491 -0.1987 -0.8118
vn -0.5416 -0.2732 -0.7950
vn -0.5767 -0.1862 -0.7955
vn -0.8657 -0.1217 -0.4856
vn -0.9218 0.1080 -0.3724
vn -0.6844 0.0519 -0.7273
vn -0.2080 -0.2272 -0.9514
vn -0.2138 0.0034 -0.9769
vn 0.2492 -0.0188 -0.9683
vn 0.4986 -0.1977 -0.8440
vn 0.5326 -0.0169 -0.8462
vn -0.4062 0.8927 -0.1952
vn -0.5539 0.8318 0.0355
vn -0.1681 0.9095 -0.3802
vn 0.1798 0.8496 -0.4958
vn 0.4648 0.7664 -0.4434
vn 0.6814 0.6748 -0.2833
vn 0.8430 0.5218 -0.1304
vn 0.9203 0.3502 -0.1746
vn 0.9795 0.1869 -0.0750
vn 0.9981 -0.0035 -0.0610
vn 0.9897 -0.1110 -0.0908
vn 0.1427 -0.8907 -0.4315
vn 0.5570 -0.8011 0.2191
vn 0.0594 -0.9046 -0.4222
vn -0.3062 -0.9519 0.0046
vn -0.0060 -0.9986 0.0522
vn 0.0543 -0.9841 -0.1692
vn -0.2008 -0.9130 -0.3552
vn -0.3971 -0.8477 -0.3518
vn -0.8803 -0.0158 0.4742
vn -0.5490 -0.7478 0.3732
vn -0.8390 0.0990 0.5351
vn -0.7972 0.2397 0.5542
vn -0.6757 0.4452 0.5876
vn -0.5709 0.6351 0.5204
vn -0.6174 0.7510 0.2340
vn -0.1091 -0.9931 0.0422
vn -0.2451 -0.9691 -0.0261
vn -0.1530 -0.9882 -0.0033
vn 0.1223 -0.6603 0.7410
vn -0.0860 -0.9925 0.0869
vn -0.0246 -0.9988 0.0430
vn 0.1855 -0.6594 0.7285
vn -0.0482 -0.9986 0.0217
vn 0.3461 -0.1290 0.9293
vn 0.3474 -0.1306 0.9286
vn 0.3928 -0.0305 0.9191
vn 0.4351 -0.0569 0.8986
vn 0.4847 0.0912 0.8699
vn 0.4091 0.0972 0.9073
vn 0.4336 0.1930 0.8802
vn 0.4328 0.2088 0.8770
vn 0.3947 -0.7108 0.5822
vn 0.6636 -0.1429 0.7344
vn 0.7153 -0.0267 0.6983
vn 0.7417 0.1103 0.6616
vn 0.7634 0.2155 0.6089
vn 0.4450 0.2638 0.8558
vn 0.7786 0.2212 0.5872
vn 0.9970 -0.0437 -0.0644
vn 0.8294 -0.5551 -0.0621
vn 0.7619 -0.5861 -0.2756
vn 0.9992 -0.0333 0.0217
vn 0.7841 -0.6183 0.0533
vn 0.9770 -0.0679 0.2023
vn 0.7191 -0.6762 0.1602
vn 0.8928 -0.1056 0.4380
vn 0.6034 -0.7107 0.3617
vn 0.1619 -0.9657 -0.2031
vn 0.2059 -0.9785 0.0141
vn 0.1233 -0.9872 0.1015
vn 0.0332 -0.9994 0.0103
vn -0.0241 -0.9995 -0.0221
vn 0.2709 -0.9066 -0.3235
vn 0.1005 -0.9940 0.0439
vn 0.2546 -0.9386 0.2330
vn 0.1026 -0.9888 0.1086
vn 0.0340 -0.9952 0.0915
vn -0.0254 -0.9411 -0.3372
vn -0.0268 -0.9666 -0.2549
vn 0.0518 -0.8893 -0.4543
vn 0.0810 -0.9769 -0.1979
vn 0.1179 -0.9252 -0.3607
vn 0.1349 -0.9743 -0.1805
vn 0.2549 -0.9219 -0.2917
vn 0.3021 -0.6049 -0.7368
vn 0.5240 -0.5935 -0.6109
vn 0.6744 -0.6144 -0.4095
vn 0.4261 -0.1363 -0.8943
vn 0.6191 -0.0863 -0.7805
vn 0.8208 -0.1220 -0.5581
vn 0.9570 -0.1109 -0.2679
vn 0.9564 -0.0364 -0.2899
vn 0.7897 -0.0449 -0.6119
vn 0.6299 -0.1097 -0.7689
vn 0.6674 -0.1617 -0.7269
vn 0.7275 -0.1633 -0.6664
vn 0.9342 0.0276 -0.3556
vn 0.8004 -0.0460 -0.5977
vn 0.8493 -0.0395 -0.5264
vn 0.8749 -0.0013 -0.4843
vn 0.7824 -0.0825 -0.6173
vn 0.8788 0.0423 -0.4753
vn 0.8155 0.0020 -0.5788
vn 0.4900 0.1085 -0.8650
vn 0.5021 0.1876 -0.8442
vn 0.4746 0.6190 -0.6258
vn 0.8828 0.0306 0.4688
vn 0.8195 0.1204 0.5603
vn 0.9568 0.1377 0.2562
vn 0.9711 0.0494 0.2335
vn 0.9862 0.1097 0.1243
vn 0.9904 0.0734 0.1170
vn 0.9339 0.2033 0.2940
vn 0.9838 0.1620 0.0772
vn 0.9928 0.1189 0.0127
vn 0.9936 0.0506 -0.1010
vn 0.9967 0.0355 -0.0730
vn 0.9394 0.0234 -0.3420
vn 0.9147 0.0401 -0.4021
vn 0.9277 0.1672 0.3338
vn 0.9889 0.1323 0.0675
vn 0.9950 0.0994 0.0026
vn 0.9909 0.0952 -0.0950
vn 0.9298 0.0741 -0.3606
vn 0.9416 0.0671 0.3301
vn 0.9957 0.0364 0.0850
vn 0.9992 0.0377 -0.0130
vn 0.9981 0.0294 -0.0548
vn 0.9349 -0.0248 0.3542
vn 0.9919 -0.0077 0.1272
vn 1.0000 0.0068 0.0044
vn 0.9993 -0.0056 -0.0380
vn -0.0536 -0.0096 -0.9985
vn 0.2800 -0.0261 -0.9597
vn 0.6326 -0.0445 -0.7732
vn 0.4332 0.2862 -0.8547
vn 0.1210 0.3109 -0.9427
vn -0.0672 0.3872 -0.9196
vn 0.3631 -0.2242 -0.9044
vn 0.0088 -0.4024 -0.9154
vn -0.1079 -0.4238 -0.8993
vn -0.2848 -0.3978 -0.8722
vn 0.6586 -0.3921 0.6422
vn 0.7513 -0.3041 0.5858
vn -0.8598 0.2360 -0.4528
vn -0.6816 0.6590 -0.3179
vn -0.3084 0.9504 -0.0400
vn 0.1217 0.9538 0.2748
vn 0.6883 0.2957 0.6625
vn 0.4499 0.1645 0.8778
vn 0.4479 -0.0222 0.8938
vn 0.3590 0.2681 0.8940
vn 0.3276 0.2305 0.9163
vn 0.1400 -0.0017 0.9902
vn 0.0351 0.0875 0.9955
vn -0.1852 -0.9780 -0.0958
vn -0.1610 -0.9856 -0.0513
vn -0.1621 -0.9866 -0.0187
vn -0.2705 -0.9612 -0.0530
vn -0.2360 -0.9697 -0.0623
vn 0.9989 -0.0100 -0.0448
vt 0.999023 0.488281
vt 0.999023 0.500244
vt 0.972656 0.503662
vt 0.894043 0.478516
vt 0.891602 0.494629
vt 0.864746 0.485840
vt 0.919922 0.485840
vt 0.918457 0.500977
vt 0.945801 0.490723
vt 0.945801 0.503906
vt 0.971680 0.492188
vt 0.972168 0.479004
vt 0.999023 0.478027
vt 0.973633 0.463379
vt 0.946777 0.475586
vt 0.999023 0.465332
vt 0.975586 0.445801
vt 0.999023 0.448242
vt 0.948730 0.458496
vt 0.921875 0.469238
vt 0.869141 0.469238
vt 0.844727 0.461426
vt 0.896973 0.461914
vt 0.923828 0.451660
vt 0.950684 0.439453
vt 0.977539 0.424316
vt 0.978516 0.366211
vt 0.978516 0.397461
vt 0.954590 0.392578
vt 0.952637 0.417969
vt 0.925781 0.432617
vt 0.899414 0.444824
vt 0.872559 0.453613
vt 0.848633 0.446289
vt 0.825195 0.439453
vt 0.828613 0.424316
vt 0.851562 0.430664
vt 0.875000 0.437500
vt 0.901367 0.426270
vt 0.927734 0.411133
vt 0.902832 0.405762
vt 0.877441 0.419922
vt 0.854980 0.413574
vt 0.879883 0.400391
vt 0.882324 0.380371
vt 0.904785 0.382812
vt 0.883301 0.358398
vt 0.881348 0.335938
vt 0.903809 0.333984
vt 0.863770 0.358887
vt 0.861816 0.376953
vt 0.858398 0.395508
vt 0.876953 0.313477
vt 0.900391 0.308105
vt 0.860352 0.340332
vt 0.850098 0.359863
vt 0.843750 0.372070
vt 0.837402 0.389160
vt 0.832520 0.407227
vt 0.760254 0.377441
vt 0.790527 0.372070
vt 0.783691 0.395020
vt 0.808594 0.400391
vt 0.815430 0.381348
vt 0.827148 0.363281
vt 0.842285 0.348633
vt 0.812988 0.351074
vt 0.833008 0.334473
vt 0.804688 0.337402
vt 0.784668 0.352539
vt 0.760742 0.362305
vt 0.735352 0.367188
vt 0.854004 0.321777
vt 0.825195 0.320312
vt 0.798340 0.323730
vt 0.780273 0.337891
vt 0.759277 0.348633
vt 0.736328 0.354492
vt 0.715332 0.354492
vt 0.816895 0.306641
vt 0.772949 0.326660
vt 0.788574 0.312500
vt 0.754883 0.335938
vt 0.735840 0.341309
vt 0.717285 0.342285
vt 0.700684 0.338379
vt 0.695801 0.349121
vt 0.687012 0.329590
vt 0.679199 0.339844
vt 0.674316 0.318359
vt 0.664062 0.329590
vt 0.661133 0.305664
vt 0.649414 0.318359
vt 0.645508 0.291016
vt 0.633789 0.305664
vt 0.625488 0.274902
vt 0.614746 0.291016
vt 0.601074 0.259766
vt 0.639160 0.335449
vt 0.621094 0.325684
vt 0.656738 0.343750
vt 0.673828 0.352539
vt 0.692383 0.360352
vt 0.712891 0.366211
vt 0.710449 0.377930
vt 0.631348 0.354492
vt 0.606934 0.351562
vt 0.651367 0.359863
vt 0.583496 0.370605
vt 0.607910 0.376465
vt 0.628906 0.374512
vt 0.670410 0.366211
vt 0.648926 0.376953
vt 0.628418 0.393555
vt 0.609375 0.396484
vt 0.587402 0.387695
vt 0.563965 0.387207
vt 0.689941 0.373047
vt 0.688477 0.386719
vt 0.668457 0.381348
vt 0.648438 0.394043
vt 0.629395 0.411133
vt 0.610840 0.414062
vt 0.667969 0.396973
vt 0.648438 0.410645
vt 0.667480 0.412598
vt 0.687500 0.401367
vt 0.687500 0.416016
vt 0.649902 0.426758
vt 0.631348 0.428223
vt 0.613281 0.431152
vt 0.592285 0.421875
vt 0.589844 0.405273
vt 0.569824 0.417480
vt 0.566895 0.401855
vt 0.546387 0.415527
vt 0.543457 0.399902
vt 0.549316 0.430664
vt 0.523926 0.427246
vt 0.572754 0.432617
vt 0.594727 0.437988
vt 0.616699 0.447754
vt 0.635254 0.443848
vt 0.597656 0.453613
vt 0.575684 0.447266
vt 0.552246 0.444824
vt 0.526855 0.442871
vt 0.528809 0.457031
vt 0.501465 0.452637
vt 0.503418 0.466797
vt 0.530762 0.469238
vt 0.556152 0.469727
vt 0.533203 0.479980
vt 0.554199 0.458008
vt 0.577637 0.460938
vt 0.504883 0.479492
vt 0.507812 0.490723
vt 0.480469 0.499023
vt 0.476074 0.459961
vt 0.477295 0.474121
vt 0.478271 0.486816
vt 0.452148 0.500244
vt 0.452148 0.488281
vt 0.452148 0.479004
vt 0.452148 0.465332
vt 0.475098 0.442871
vt 0.499512 0.436523
vt 0.474365 0.422852
vt 0.498047 0.416992
vt 0.474121 0.397949
vt 0.452148 0.448242
vt 0.452148 0.427246
vt 0.452148 0.400879
vt 0.452148 0.368164
vt 0.452148 0.332031
vt 0.452148 0.294434
vt 0.477295 0.300781
vt 0.475830 0.335449
vt 0.474854 0.368652
vt 0.498047 0.394043
vt 0.521973 0.409668
vt 0.520996 0.389160
vt 0.499023 0.367676
vt 0.500977 0.337402
vt 0.503906 0.305176
vt 0.524902 0.339355
vt 0.541504 0.382812
vt 0.521973 0.365723
vt 0.559570 0.372559
vt 0.541504 0.363770
vt 0.545410 0.340820
vt 0.554688 0.360840
vt 0.575195 0.355957
vt 0.589355 0.334961
vt 0.562500 0.345215
vt 0.529297 0.309570
vt 0.551758 0.314941
vt 0.572266 0.323242
vt 0.602539 0.312500
vt 0.559570 0.288086
vt 0.582031 0.299316
vt 0.591797 0.277344
vt 0.568359 0.263184
vt 0.535156 0.278809
vt 0.507812 0.271973
vt 0.479980 0.266602
vt 0.541992 0.250977
vt 0.452148 0.260254
vt 0.483154 0.237305
vt 0.513184 0.242676
vt 0.547363 0.233398
vt 0.575195 0.245605
vt 0.452148 0.233887
vt 0.484375 0.216797
vt 0.452148 0.218750
vt 0.517090 0.223145
vt 0.685059 0.980301
vt 0.680176 0.980988
vt 0.680664 0.963989
vt 0.689941 0.978012
vt 0.693848 0.974365
vt 0.696289 0.969696
vt 0.697266 0.964478
vt 0.690918 0.950562
vt 0.694336 0.954407
vt 0.696777 0.959198
vt 0.700684 0.958099
vt 0.701172 0.964569
vt 0.700195 0.970963
vt 0.696777 0.976700
vt 0.697754 0.977448
vt 0.692871 0.982193
vt 0.701172 0.971375
vt 0.702637 0.964600
vt 0.701660 0.957764
vt 0.697754 0.952240
vt 0.679688 0.986038
vt 0.686523 0.985153
vt 0.687500 0.987640
vt 0.694336 0.984329
vt 0.700195 0.979034
vt 0.703613 0.972260
vt 0.705078 0.964691
vt 0.704102 0.957031
vt 0.698730 0.951508
vt 0.700684 0.950043
vt 0.706055 0.956421
vt 0.707031 0.964722
vt 0.705566 0.972961
vt 0.701660 0.980316
vt 0.695801 0.986061
vt 0.702637 0.948883
vt 0.681641 0.943329
vt 0.681641 0.942078
vt 0.687988 0.943298
vt 0.687500 0.944458
vt 0.681641 0.947144
vt 0.686523 0.948090
vt 0.693359 0.947540
vt 0.693848 0.946533
vt 0.695801 0.944489
vt 0.688965 0.940857
vt 0.696777 0.942810
vt 0.689941 0.938904
vt 0.681641 0.937439
vt 0.681641 0.939514
vt 0.673828 0.938538
vt 0.674316 0.940521
vt 0.666504 0.942108
vt 0.667480 0.943817
vt 0.660645 0.947845
vt 0.674805 0.942963
vt 0.659668 0.970230
vt 0.657227 0.970993
vt 0.656250 0.963409
vt 0.654297 0.963379
vt 0.656250 0.955170
vt 0.658203 0.955872
vt 0.662109 0.949097
vt 0.668945 0.945862
vt 0.675293 0.944153
vt 0.655273 0.971588
vt 0.660156 0.963470
vt 0.661621 0.957092
vt 0.665039 0.958496
vt 0.660156 0.956665
vt 0.664062 0.950592
vt 0.669434 0.946930
vt 0.676270 0.947815
vt 0.671875 0.950104
vt 0.667969 0.953766
vt 0.665039 0.951385
vt 0.679688 0.984810
vt 0.674805 0.980026
vt 0.669922 0.977493
vt 0.666504 0.973679
vt 0.667969 0.980484
vt 0.663574 0.975739
vt 0.662598 0.976425
vt 0.658691 0.963440
vt 0.660645 0.969879
vt 0.664551 0.968933
vt 0.664062 0.963715
vt 0.894531 0.728271
vt 0.889648 0.725586
vt 0.901367 0.708740
vt 0.908203 0.688965
vt 0.913574 0.691895
vt 0.902344 0.687988
vt 0.896484 0.688965
vt 0.891113 0.691895
vt 0.886719 0.696533
vt 0.883789 0.702637
vt 0.882324 0.708984
vt 0.909668 0.686035
vt 0.915527 0.689453
vt 0.902344 0.684814
vt 0.895508 0.686035
vt 0.889160 0.689453
vt 0.883789 0.694824
vt 0.880371 0.701416
vt 0.878906 0.700928
vt 0.879395 0.708984
vt 0.882324 0.693604
vt 0.888184 0.687744
vt 0.895020 0.684082
vt 0.902832 0.682861
vt 0.910156 0.684082
vt 0.916992 0.687744
vt 0.876465 0.700195
vt 0.877441 0.708984
vt 0.880371 0.691895
vt 0.886719 0.685303
vt 0.894531 0.681152
vt 0.902832 0.679688
vt 0.893555 0.678467
vt 0.902832 0.676758
vt 0.885254 0.683105
vt 0.878418 0.690186
vt 0.874023 0.699219
vt 0.872070 0.708984
vt 0.875000 0.708984
vt 0.880371 0.716309
vt 0.878418 0.717041
vt 0.875977 0.717773
vt 0.881348 0.724121
vt 0.883301 0.722900
vt 0.885742 0.721191
vt 0.883301 0.715576
vt 0.879395 0.725830
vt 0.873047 0.718750
vt 0.876953 0.727295
vt 0.887695 0.728027
vt 0.893555 0.731201
vt 0.886719 0.729492
vt 0.893066 0.733154
vt 0.884766 0.731934
vt 0.892090 0.736084
vt 0.900391 0.737549
vt 0.900391 0.734375
vt 0.908691 0.736084
vt 0.907715 0.733398
vt 0.883301 0.734375
vt 0.891113 0.738770
vt 0.899902 0.740234
vt 0.909180 0.738770
vt 0.917969 0.734375
vt 0.916504 0.732178
vt 0.924805 0.727539
vt 0.922852 0.725830
vt 0.927246 0.718018
vt 0.920898 0.724365
vt 0.924805 0.717041
vt 0.922852 0.716309
vt 0.929688 0.718750
vt 0.924316 0.708984
vt 0.926270 0.708984
vt 0.929199 0.708984
vt 0.931641 0.708984
vt 0.928223 0.699951
vt 0.930664 0.699219
vt 0.925293 0.700928
vt 0.923340 0.701660
vt 0.920410 0.702393
vt 0.921387 0.708740
vt 0.919922 0.715332
vt 0.917969 0.696533
vt 0.920410 0.694824
vt 0.922363 0.693604
vt 0.911133 0.681152
vt 0.918457 0.685303
vt 0.924316 0.691895
vt 0.926758 0.690186
vt 0.920410 0.683105
vt 0.912109 0.678467
vt 0.967285 0.232910
vt 0.971191 0.261719
vt 0.944336 0.267090
vt 0.938477 0.238281
vt 0.918945 0.274414
vt 0.912109 0.247070
vt 0.894531 0.282227
vt 0.887207 0.258789
vt 0.863281 0.272461
vt 0.870605 0.291504
vt 0.878906 0.240234
vt 0.852051 0.255371
vt 0.838867 0.288574
vt 0.848633 0.302734
vt 0.826660 0.273926
vt 0.805176 0.293945
vt 0.924805 0.304199
vt 0.950195 0.299316
vt 0.975586 0.295898
vt 0.953125 0.332031
vt 0.977539 0.331543
vt 0.954590 0.363281
vt 0.929199 0.386719
vt 0.929688 0.360352
vt 0.927734 0.333008
vt 0.905762 0.358887
vt 0.792969 0.205078
vt 0.802734 0.187500
vt 0.815918 0.195312
vt 0.812500 0.170410
vt 0.799316 0.163574
vt 0.790039 0.180176
vt 0.780273 0.196289
vt 0.770020 0.212891
vt 0.826172 0.178223
vt 0.822266 0.152344
vt 0.836914 0.160645
vt 0.807129 0.146484
vt 0.793457 0.143066
vt 0.786133 0.157715
vt 0.783203 0.141602
vt 0.759277 0.201660
vt 0.768555 0.187988
vt 0.777832 0.172852
vt 0.775391 0.151855
vt 0.765625 0.143555
vt 0.780762 0.132812
vt 0.765625 0.165527
vt 0.752930 0.158203
vt 0.757812 0.180176
vt 0.752930 0.192383
vt 0.782715 0.222168
vt 0.757324 0.228516
vt 0.747070 0.212402
vt 0.742188 0.194336
vt 0.744141 0.175781
vt 0.796387 0.230469
vt 0.787598 0.248047
vt 0.802246 0.252930
vt 0.771973 0.240234
vt 0.806152 0.212402
vt 0.809570 0.236328
vt 0.818848 0.219727
vt 0.822266 0.240723
vt 0.830566 0.225586
vt 0.833496 0.243164
vt 0.841309 0.230469
vt 0.842773 0.244141
vt 0.850586 0.236328
vt 0.857910 0.244141
vt 0.870117 0.231934
vt 0.843750 0.251953
vt 0.829590 0.255371
vt 0.815918 0.255371
vt 0.850586 0.170898
vt 0.875488 0.170410
vt 0.862305 0.182129
vt 0.883301 0.185547
vt 0.871094 0.193359
vt 0.885254 0.200684
vt 0.875977 0.201660
vt 0.879883 0.216309
vt 0.869629 0.211426
vt 0.860840 0.224609
vt 0.851074 0.217773
vt 0.860840 0.204590
vt 0.851074 0.196289
vt 0.839355 0.187012
vt 0.828613 0.203125
vt 0.840332 0.210449
vt 0.784180 0.959778
vt 0.780273 0.974487
vt 0.762695 0.966522
vt 0.803711 0.964050
vt 0.804688 0.943237
vt 0.805664 0.923523
vt 0.787598 0.939636
vt 0.767578 0.952271
vt 0.747070 0.955200
vt 0.743652 0.960541
vt 0.760742 0.971725
vt 0.779297 0.979446
vt 0.802734 0.979462
vt 0.802246 0.984581
vt 0.824707 0.979568
vt 0.719238 0.952057
vt 0.706055 0.933533
vt 0.717285 0.931580
vt 0.729492 0.947083
vt 0.734863 0.968140
vt 0.753418 0.981003
vt 0.774414 0.990379
vt 0.800781 0.996252
vt 0.751465 0.941498
vt 0.733887 0.943085
vt 0.723633 0.929016
vt 0.714844 0.914124
vt 0.708008 0.915344
vt 0.709473 0.897583
vt 0.703125 0.897766
vt 0.707520 0.878296
vt 0.701172 0.878113
vt 0.735840 0.878296
vt 0.709473 0.859375
vt 0.703125 0.858643
vt 0.692871 0.876526
vt 0.693848 0.897766
vt 0.698730 0.916321
vt 0.725586 0.794312
vt 0.717773 0.791504
vt 0.735352 0.759399
vt 0.712402 0.824219
vt 0.705078 0.821045
vt 0.695312 0.856079
vt 0.788574 0.731201
vt 0.786133 0.725342
vt 0.800781 0.721191
vt 0.777344 0.734375
vt 0.773926 0.729736
vt 0.762695 0.748291
vt 0.756836 0.744385
vt 0.750000 0.765137
vt 0.742676 0.763062
vt 0.732910 0.795898
vt 0.719238 0.826416
vt 0.779297 0.737305
vt 0.770996 0.751831
vt 0.764160 0.767456
vt 0.752441 0.797974
vt 0.740723 0.829468
vt 0.735352 0.861206
vt 0.786133 0.752319
vt 0.784180 0.767212
vt 0.777344 0.800537
vt 0.759766 0.831665
vt 0.755371 0.861694
vt 0.791992 0.826172
vt 0.773438 0.852051
vt 0.772949 0.862427
vt 0.737793 0.894592
vt 0.757812 0.880188
vt 0.775391 0.872803
vt 0.777832 0.862061
vt 0.778809 0.852783
vt 0.781250 0.861816
vt 0.782227 0.853394
vt 0.779785 0.871216
vt 0.784180 0.879944
vt 0.780762 0.882568
vt 0.761719 0.898315
vt 0.739258 0.911011
vt 0.757812 0.923035
vt 0.777344 0.911011
vt 0.736816 0.930664
vt 0.787598 0.890503
vt 0.797363 0.897278
vt 0.790527 0.886841
vt 0.799316 0.892578
vt 0.808594 0.895752
vt 0.807129 0.900818
vt 0.791504 0.919434
vt 0.772461 0.932434
vt 0.809082 0.892273
vt 0.818359 0.896423
vt 0.818359 0.901611
vt 0.787109 0.877747
vt 0.783203 0.869873
vt 0.815918 0.859253
vt 0.792969 0.884033
vt 0.800781 0.889282
vt 0.818359 0.892761
vt 0.794434 0.829590
vt 0.787109 0.835815
vt 0.783203 0.832642
vt 0.775879 0.841553
vt 0.780762 0.843506
vt 0.784180 0.844971
vt 0.789551 0.838013
vt 0.796387 0.832153
vt 0.805176 0.828491
vt 0.844727 0.828491
vt 0.841797 0.832275
vt 0.833008 0.826904
vt 0.832031 0.829956
vt 0.823730 0.827515
vt 0.814453 0.826416
vt 0.804199 0.825317
vt 0.848633 0.849121
vt 0.850098 0.857544
vt 0.845215 0.841309
vt 0.848145 0.838989
vt 0.852051 0.847778
vt 0.839355 0.835083
vt 0.852539 0.866821
vt 0.849121 0.876038
vt 0.845703 0.874023
vt 0.840820 0.881348
vt 0.849121 0.865845
vt 0.853516 0.857300
vt 0.851562 0.835938
vt 0.856445 0.846191
vt 0.858398 0.857178
vt 0.856934 0.867920
vt 0.843262 0.884216
vt 0.852539 0.878418
vt 0.877930 0.867920
vt 0.876465 0.850098
vt 0.867188 0.823608
vt 0.898438 0.861938
vt 0.900879 0.878967
vt 0.920898 0.872070
vt 0.919922 0.889526
vt 0.876465 0.887634
vt 0.909668 0.922668
vt 0.915527 0.925720
vt 0.904785 0.942596
vt 0.916016 0.905640
vt 0.922852 0.907104
vt 0.926758 0.889771
vt 0.927246 0.871338
vt 0.918945 0.855835
vt 0.895996 0.844604
vt 0.925781 0.854370
vt 0.934082 0.905823
vt 0.926758 0.927307
vt 0.937012 0.887390
vt 0.936523 0.868286
vt 0.934082 0.851685
vt 0.921387 0.837524
vt 0.929199 0.833130
vt 0.908691 0.805786
vt 0.825684 0.721436
vt 0.840332 0.724365
vt 0.839355 0.727539
vt 0.859375 0.736084
vt 0.854980 0.740234
vt 0.868164 0.756226
vt 0.875000 0.752441
vt 0.887207 0.783081
vt 0.894043 0.779175
vt 0.902344 0.810181
vt 0.914551 0.839844
vt 0.887207 0.816772
vt 0.872070 0.788330
vt 0.855957 0.760376
vt 0.846191 0.794678
vt 0.834961 0.762695
vt 0.846680 0.746338
vt 0.830566 0.748291
vt 0.837402 0.732666
vt 0.824707 0.726807
vt 0.809570 0.720215
vt 0.825684 0.733887
vt 0.809570 0.727051
vt 0.802734 0.727783
vt 0.803223 0.736084
vt 0.789062 0.737061
vt 0.803223 0.750732
vt 0.803223 0.766724
vt 0.829102 0.710449
vt 0.810547 0.708008
vt 0.796875 0.709229
vt 0.780762 0.714600
vt 0.766113 0.723633
vt 0.748535 0.740234
vt 0.894043 0.926147
vt 0.879883 0.939880
vt 0.872070 0.922424
vt 0.887207 0.908325
vt 0.902344 0.896362
vt 0.906738 0.913269
vt 0.861816 0.904297
vt 0.848145 0.915466
vt 0.855957 0.934143
vt 0.864258 0.952454
vt 0.886230 0.954071
vt 0.869629 0.965790
vt 0.828613 0.899414
vt 0.838379 0.894836
vt 0.834473 0.921570
vt 0.839355 0.940918
vt 0.844238 0.960876
vt 0.847168 0.975388
vt 0.825195 0.984802
vt 0.824219 0.964752
vt 0.822266 0.944458
vt 0.820312 0.924683
vt 0.827148 0.894348
vt 0.826660 0.890686
vt 0.834473 0.887024
vt 0.846191 0.887695
vt 0.836426 0.890381
vt 0.813965 0.096191
vt 0.814941 0.003906
vt 0.817871 0.003906
vt 0.816895 0.096191
vt 0.820801 0.003906
vt 0.820312 0.096191
vt 0.823242 0.096191
vt 0.823730 0.003906
vt 0.826660 0.096191
vt 0.826660 0.003906
vt 0.830078 0.096191
vt 0.830078 0.003906
vt 0.894531 0.173340
vt 0.875488 0.156250
vt 0.888672 0.144043
vt 0.870117 0.125000
vt 0.854980 0.134766
vt 0.845703 0.124512
vt 0.934082 0.123535
vt 0.856934 0.108398
vt 0.838867 0.111816
vt 0.835449 0.100098
vt 0.853516 0.088867
vt 0.834473 0.087891
vt 0.834961 0.071777
vt 0.856934 0.063477
vt 0.838867 0.056641
vt 0.966797 0.048340
vt 0.976074 0.064453
vt 0.947266 0.029785
vt 0.923340 0.021973
vt 0.892578 0.026855
vt 0.868164 0.042969
vt 0.940918 0.005371
vt 0.957031 0.012695
vt 0.969727 0.022461
vt 0.980469 0.034668
vt 0.987305 0.044434
vt 0.992188 0.056152
vt 0.995117 0.065430
vt 0.979004 0.082031
vt 0.996582 0.078125
vt 0.997070 0.106445
vt 0.979492 0.107422
vt 0.996582 0.129883
vt 0.979004 0.128906
vt 0.980957 0.151367
vt 0.997559 0.156738
vt 0.906250 0.159668
vt 0.926758 0.176758
vt 0.937988 0.184082
vt 0.949707 0.191406
vt 0.958008 0.190918
vt 0.964844 0.188477
vt 0.958496 0.209473
vt 0.948242 0.210449
vt 0.932617 0.202148
vt 0.917969 0.192871
vt 0.979980 0.164551
vt 0.996582 0.173340
vt 0.979492 0.177734
vt 0.971680 0.184570
vt 0.974609 0.204102
vt 0.968262 0.207031
vt 0.984863 0.198242
vt 0.994629 0.190430
vt 0.800781 0.096191
vt 0.797852 0.096191
vt 0.798828 0.003906
vt 0.802246 0.003906
vt 0.804199 0.096191
vt 0.805176 0.003906
vt 0.808594 0.003906
vt 0.807617 0.096191
vt 0.811523 0.003906
vt 0.810547 0.096191
vt 0.785645 0.096191
vt 0.782227 0.096191
vt 0.782227 0.003906
vt 0.785645 0.003906
vt 0.788574 0.096191
vt 0.788574 0.003906
vt 0.791992 0.096191
vt 0.791992 0.003906
vt 0.794922 0.096191
vt 0.794922 0.003906
vt 0.769531 0.096191
vt 0.766113 0.096191
vt 0.766113 0.003906
vt 0.769531 0.003906
vt 0.772461 0.096191
vt 0.772461 0.003906
vt 0.775879 0.096191
vt 0.775879 0.003906
vt 0.779297 0.096191
vt 0.779297 0.003906
vt 0.692383 0.981171
vt 0.686523 0.983978
vt 0.673340 0.983612
vt 0.672852 0.984764
vt 0.687988 0.989655
vt 0.679688 0.988632
vt 0.672363 0.987206
vt 0.666992 0.981445
vt 0.665527 0.983490
vt 0.660156 0.977890
vt 0.658691 0.979080
vt 0.664062 0.985153
vt 0.671387 0.989182
vt 0.679688 0.990730
vt 0.755371 0.409668
vt 0.730957 0.407227
vt 0.732422 0.393555
vt 0.708496 0.404785
vt 0.709473 0.390625
vt 0.777832 0.427734
vt 0.753906 0.424316
vt 0.730469 0.421875
vt 0.708496 0.418945
vt 0.752930 0.438477
vt 0.729980 0.436035
vt 0.708496 0.432129
vt 0.687988 0.429199
vt 0.668457 0.427246
vt 0.652832 0.440918
vt 0.670898 0.439941
vt 0.688965 0.440918
vt 0.708008 0.444336
vt 0.728516 0.448730
vt 0.750977 0.451660
vt 0.772949 0.454590
vt 0.775879 0.441895
vt 0.793945 0.459961
vt 0.798340 0.447266
vt 0.815918 0.467773
vt 0.821289 0.453613
vt 0.839355 0.477051
vt 0.801758 0.433105
vt 0.733887 0.379883
vt 0.757812 0.394043
vt 0.779785 0.412598
vt 0.804688 0.417969
vt 0.900391 0.732422
vt 0.907227 0.731445
vt 0.900391 0.729248
vt 0.906250 0.728516
vt 0.912109 0.725586
vt 0.914062 0.728271
vt 0.915039 0.729980
vt 0.919434 0.722900
vt 0.916504 0.721191
vt 0.900391 0.938568
vt 0.826660 0.996794
vt 0.848633 0.980408
vt 0.872070 0.970535
vt 0.889648 0.958466
vt 0.853027 0.991165
vt 0.879395 0.979675
vt 0.898926 0.965271
vt 0.915527 0.947144
vt 0.803711 0.794189
vt 0.802734 0.821289
vt 0.813965 0.823242
vt 0.824219 0.824097
vt 0.818848 0.793091
vt 0.816406 0.766479
vt 0.813965 0.819336
vt 0.824707 0.819946
vt 0.834961 0.822998
vt 0.814453 0.749756
vt 0.811035 0.735352
vt 0.915527 0.801025
vt 0.900879 0.774780
vt 0.882324 0.747803
vt 0.866699 0.730957
vt 0.847168 0.717773
vt 0.999023 0.427246
vt 0.999023 0.400879
vt 0.999023 0.368164
vt 0.999023 0.332031
vt 0.999023 0.294434
vt 0.999023 0.260254
vt 0.999023 0.233887
vt 0.999023 0.218750
vt 0.966797 0.215332
vt 0.936035 0.219727
vt 0.906738 0.228027
vt 0.844727 0.041992
vt 0.854004 0.029297
vt 0.868164 0.016113
vt 0.884766 0.008301
vt 0.903320 0.002441
vt 0.924316 0.001953
vt 0.796387 0.127930
vt 0.813477 0.128906
vt 0.831055 0.133301
vt 0.848145 0.142090
vt 0.863281 0.155273
vt 0.593750 0.526123
vt 0.604004 0.525391
vt 0.604980 0.540039
vt 0.602051 0.515137
vt 0.594238 0.512207
vt 0.607910 0.509521
vt 0.613770 0.522705
vt 0.616211 0.538818
vt 0.614258 0.556152
vt 0.604492 0.555664
vt 0.594238 0.541992
vt 0.582520 0.525879
vt 0.557617 0.525879
vt 0.559570 0.545410
vt 0.547852 0.545654
vt 0.570312 0.525879
vt 0.571777 0.544678
vt 0.583008 0.543701
vt 0.594727 0.558594
vt 0.603027 0.567627
vt 0.584473 0.562012
vt 0.573242 0.564209
vt 0.561523 0.565186
vt 0.550293 0.564941
vt 0.539062 0.563965
vt 0.536621 0.546143
vt 0.544922 0.526611
vt 0.533203 0.528320
vt 0.528809 0.511475
vt 0.518555 0.516846
vt 0.522461 0.530762
vt 0.525879 0.546631
vt 0.528809 0.562256
vt 0.530273 0.576416
vt 0.540527 0.581055
vt 0.551758 0.584229
vt 0.519531 0.561768
vt 0.522949 0.572021
vt 0.551270 0.600830
vt 0.563477 0.585693
vt 0.539551 0.595459
vt 0.527832 0.587646
vt 0.518066 0.577637
vt 0.510742 0.564941
vt 0.516113 0.547852
vt 0.505859 0.550049
vt 0.513184 0.533447
vt 0.502930 0.534180
vt 0.512207 0.522705
vt 0.504395 0.518799
vt 0.512207 0.506592
vt 0.523926 0.497559
vt 0.541504 0.507812
vt 0.538086 0.491211
vt 0.553711 0.488770
vt 0.555176 0.506348
vt 0.569824 0.490723
vt 0.569336 0.507080
vt 0.584473 0.495117
vt 0.582520 0.509277
vt 0.598145 0.500488
vt 0.575195 0.584229
vt 0.586426 0.580322
vt 0.596191 0.574219
vt 0.608398 0.572266
vt 0.600098 0.585449
vt 0.589355 0.595215
vt 0.577148 0.601318
vt 0.564453 0.603271
vt 0.266357 0.417969
vt 0.257324 0.420898
vt 0.254883 0.404785
vt 0.246582 0.419922
vt 0.248291 0.405762
vt 0.237549 0.416016
vt 0.287354 0.404297
vt 0.278564 0.418457
vt 0.274170 0.413086
vt 0.268555 0.424805
vt 0.257568 0.428223
vt 0.246582 0.429199
vt 0.234985 0.424805
vt 0.229126 0.409180
vt 0.224121 0.404297
vt 0.232666 0.394531
vt 0.218506 0.393555
vt 0.235596 0.397949
vt 0.241577 0.402832
vt 0.252197 0.371582
vt 0.261475 0.402832
vt 0.267822 0.398926
vt 0.228638 0.386719
vt 0.225952 0.375000
vt 0.259033 0.336914
vt 0.265381 0.341309
vt 0.271484 0.346680
vt 0.273926 0.352539
vt 0.275879 0.357422
vt 0.276855 0.367676
vt 0.276611 0.376465
vt 0.286133 0.366211
vt 0.283447 0.353027
vt 0.284424 0.343750
vt 0.280518 0.334961
vt 0.272461 0.326660
vt 0.262207 0.322754
vt 0.264893 0.312500
vt 0.250244 0.320312
vt 0.276367 0.319824
vt 0.284424 0.329590
vt 0.290283 0.338867
vt 0.293701 0.347168
vt 0.295654 0.364746
vt 0.250732 0.335449
vt 0.242676 0.338379
vt 0.238647 0.324219
vt 0.235352 0.344238
vt 0.227051 0.331543
vt 0.230713 0.350586
vt 0.220581 0.340820
vt 0.216431 0.335938
vt 0.221680 0.322754
vt 0.236938 0.314941
vt 0.250732 0.310059
vt 0.208008 0.377930
vt 0.205444 0.358398
vt 0.212524 0.360840
vt 0.209961 0.344727
vt 0.216064 0.349121
vt 0.224854 0.416504
vt 0.219727 0.410156
vt 0.212891 0.397949
vt 0.214233 0.376953
vt 0.224487 0.363770
vt 0.226929 0.355957
vt 0.287842 0.381836
vt 0.276123 0.387207
vt 0.272705 0.394531
vt 0.281006 0.399414
vt 0.295654 0.383301
vt 0.287109 0.393555
vt 0.294922 0.397461
vt 0.750977 0.466309
vt 0.763184 0.460449
vt 0.758301 0.499512
vt 0.743652 0.517822
vt 0.738770 0.472168
vt 0.751465 0.533447
vt 0.724609 0.477539
vt 0.732422 0.519043
vt 0.731445 0.565918
vt 0.742188 0.566650
vt 0.735840 0.580078
vt 0.692871 0.482910
vt 0.703125 0.482910
vt 0.686035 0.522461
vt 0.708496 0.522949
vt 0.713379 0.480957
vt 0.719727 0.521240
vt 0.717773 0.577637
vt 0.726562 0.577637
vt 0.727539 0.593018
vt 0.709961 0.580322
vt 0.720703 0.588867
vt 0.718262 0.602539
vt 0.712891 0.594971
vt 0.704590 0.599609
vt 0.703613 0.582275
vt 0.695801 0.601562
vt 0.683594 0.582275
vt 0.664062 0.578857
vt 0.667480 0.598145
vt 0.659668 0.592773
vt 0.660645 0.519775
vt 0.681641 0.601562
vt 0.674316 0.609863
vt 0.663574 0.606201
vt 0.653809 0.598145
vt 0.651855 0.585693
vt 0.654785 0.574951
vt 0.646484 0.516113
vt 0.642090 0.561768
vt 0.635742 0.513916
vt 0.626953 0.528564
vt 0.623535 0.494141
vt 0.645508 0.589111
vt 0.646484 0.573975
vt 0.638184 0.575195
vt 0.632812 0.561035
vt 0.622070 0.453125
vt 0.632812 0.459473
vt 0.643555 0.465332
vt 0.658203 0.473633
vt 0.670410 0.479492
vt 0.681152 0.481934
vt 0.976562 0.518799
vt 0.984375 0.518555
vt 0.970703 0.562012
vt 0.960938 0.513672
vt 0.974121 0.510986
vt 0.958008 0.599121
vt 0.939941 0.633545
vt 0.933105 0.627686
vt 0.950195 0.593994
vt 0.963867 0.557861
vt 0.961914 0.521973
vt 0.946777 0.516602
vt 0.947266 0.524902
vt 0.927734 0.520752
vt 0.907715 0.654785
vt 0.903809 0.648193
vt 0.914062 0.636719
vt 0.921387 0.642334
vt 0.922852 0.624512
vt 0.938477 0.592041
vt 0.951172 0.557617
vt 0.870605 0.613525
vt 0.881836 0.616211
vt 0.878418 0.631836
vt 0.892578 0.631592
vt 0.897949 0.618652
vt 0.904785 0.633057
vt 0.911621 0.620850
vt 0.924805 0.590332
vt 0.937012 0.556641
vt 0.851074 0.656738
vt 0.853516 0.644043
vt 0.864258 0.646240
vt 0.866699 0.630615
vt 0.874512 0.646973
vt 0.887207 0.644287
vt 0.899414 0.641113
vt 0.863770 0.669922
vt 0.863770 0.677002
vt 0.847656 0.674805
vt 0.878418 0.668457
vt 0.880371 0.675049
vt 0.893555 0.663330
vt 0.889160 0.654785
vt 0.875977 0.657715
vt 0.862793 0.658447
vt 0.896973 0.669678
vt 0.849121 0.667725
vt 0.832031 0.668457
vt 0.834961 0.662109
vt 0.818848 0.659424
vt 0.797363 0.632568
vt 0.789551 0.614746
vt 0.796875 0.613281
vt 0.803711 0.630127
vt 0.807129 0.647217
vt 0.812500 0.643799
vt 0.823242 0.654297
vt 0.839355 0.651855
vt 0.818848 0.636719
vt 0.829102 0.645508
vt 0.844238 0.640869
vt 0.856934 0.627930
vt 0.907715 0.588135
vt 0.890625 0.585938
vt 0.878906 0.582520
vt 0.867676 0.579834
vt 0.860840 0.611084
vt 0.847168 0.625488
vt 0.834961 0.635986
vt 0.851074 0.608643
vt 0.837402 0.621094
vt 0.826172 0.629150
vt 0.817383 0.621826
vt 0.826660 0.616211
vt 0.839844 0.605469
vt 0.856934 0.576904
vt 0.875000 0.548828
vt 0.862793 0.545898
vt 0.845703 0.573730
vt 0.828125 0.602051
vt 0.815430 0.612549
vt 0.810547 0.625977
vt 0.851074 0.541992
vt 0.831543 0.569336
vt 0.814453 0.597900
vt 0.806152 0.611816
vt 0.803711 0.596924
vt 0.814941 0.563232
vt 0.836426 0.535889
vt 0.854492 0.516846
vt 0.867188 0.520752
vt 0.880859 0.523682
vt 0.856934 0.509033
vt 0.841309 0.508057
vt 0.819824 0.528076
vt 0.803711 0.559570
vt 0.792969 0.595215
vt 0.844727 0.501709
vt 0.785645 0.596680
vt 0.784180 0.556885
vt 0.792480 0.555664
vt 0.808105 0.522705
vt 0.826660 0.497070
vt 0.830078 0.491211
vt 0.788574 0.517822
vt 0.796875 0.517090
vt 0.813965 0.488281
vt 0.802246 0.478516
vt 0.794922 0.475098
vt 0.818359 0.481445
vt 0.806641 0.471680
vt 0.286133 0.189453
vt 0.286377 0.192871
vt 0.277588 0.192383
vt 0.278320 0.188965
vt 0.269531 0.188965
vt 0.271240 0.186035
vt 0.262695 0.183594
vt 0.265381 0.181152
vt 0.258057 0.176270
vt 0.261230 0.174805
vt 0.255859 0.167480
vt 0.259521 0.166992
vt 0.265137 0.166504
vt 0.266602 0.172363
vt 0.269775 0.177246
vt 0.274170 0.181152
vt 0.279785 0.183105
vt 0.265625 0.160645
vt 0.260010 0.159668
vt 0.267822 0.155273
vt 0.262695 0.152344
vt 0.271484 0.150879
vt 0.267822 0.146484
vt 0.276611 0.147949
vt 0.274170 0.142578
vt 0.282227 0.146484
vt 0.281738 0.140625
vt 0.281494 0.137207
vt 0.272949 0.139160
vt 0.265381 0.143555
vt 0.259766 0.150391
vt 0.256592 0.158691
vt 0.288086 0.146484
vt 0.289307 0.141113
vt 0.293457 0.148926
vt 0.296387 0.144043
vt 0.298096 0.152832
vt 0.302490 0.148926
vt 0.301270 0.157715
vt 0.306396 0.155273
vt 0.302490 0.163086
vt 0.309814 0.153809
vt 0.305176 0.146484
vt 0.298340 0.140625
vt 0.290039 0.137695
vt 0.308350 0.162598
vt 0.302246 0.168945
vt 0.312012 0.162598
vt 0.291260 0.182129
vt 0.287109 0.172363
vt 0.289307 0.171387
vt 0.296143 0.179199
vt 0.291016 0.169434
vt 0.300049 0.174805
vt 0.291992 0.166992
vt 0.292236 0.164062
vt 0.291504 0.161621
vt 0.281982 0.172852
vt 0.284668 0.173340
vt 0.283936 0.165039
vt 0.290039 0.159668
vt 0.288086 0.157715
vt 0.285645 0.156738
vt 0.283203 0.156738
vt 0.280518 0.157227
vt 0.278564 0.158691
vt 0.276855 0.160645
vt 0.275879 0.163086
vt 0.275635 0.165527
vt 0.276367 0.168457
vt 0.277588 0.170410
vt 0.279541 0.171875
vt 0.285645 0.183594
vt 0.293457 0.187500
vt 0.300049 0.183594
vt 0.304932 0.177734
vt 0.307861 0.170410
vt 0.311279 0.171387
vt 0.308105 0.179199
vt 0.302490 0.186035
vt 0.294922 0.190918
vt 0.017563 0.354980
vt 0.017288 0.361328
vt 0.010941 0.362305
vt 0.013191 0.370117
vt 0.019012 0.367676
vt 0.017853 0.377441
vt 0.022568 0.373047
vt 0.024460 0.382812
vt 0.027618 0.376953
vt 0.032379 0.385742
vt 0.033630 0.379395
vt 0.039246 0.372070
vt 0.040100 0.379395
vt 0.040802 0.385742
vt 0.031586 0.389160
vt 0.022552 0.386230
vt 0.014992 0.379883
vt 0.009659 0.372070
vt 0.061249 0.372559
vt 0.064636 0.374512
vt 0.058624 0.381836
vt 0.056000 0.378906
vt 0.051666 0.374512
vt 0.046295 0.377930
vt 0.046631 0.368652
vt 0.043182 0.371094
vt 0.048950 0.383789
vt 0.041260 0.389648
vt 0.050568 0.387207
vt 0.064209 0.364258
vt 0.067993 0.365234
vt 0.055695 0.369141
vt 0.049164 0.365723
vt 0.037750 0.358887
vt 0.035126 0.372070
vt 0.031281 0.370605
vt 0.028091 0.368164
vt 0.025818 0.364746
vt 0.024719 0.360352
vt 0.024902 0.356445
vt 0.026337 0.352539
vt 0.028900 0.349609
vt 0.032318 0.347168
vt 0.036255 0.346191
vt 0.040375 0.346191
vt 0.044220 0.347656
vt 0.047424 0.350098
vt 0.049683 0.353516
vt 0.058228 0.356934
vt 0.050781 0.357422
vt 0.056519 0.350586
vt 0.052948 0.345215
vt 0.047913 0.341309
vt 0.041870 0.338867
vt 0.035431 0.338867
vt 0.057953 0.363281
vt 0.050629 0.361816
vt 0.062317 0.348145
vt 0.064575 0.355957
vt 0.034271 0.328613
vt 0.043915 0.328613
vt 0.043152 0.332520
vt 0.052948 0.332031
vt 0.051056 0.335449
vt 0.060516 0.338379
vt 0.057648 0.340820
vt 0.065857 0.346191
vt 0.068420 0.355469
vt 0.026566 0.334473
vt 0.024948 0.331055
vt 0.034698 0.332520
vt 0.029221 0.340332
vt 0.019516 0.339355
vt 0.023834 0.343750
vt 0.014267 0.345703
vt 0.019821 0.349121
vt 0.011307 0.353516
vt 0.007084 0.362793
vt 0.007504 0.353027
vt 0.010887 0.343750
vt 0.016891 0.336426
vt 0.343506 0.343750
vt 0.346924 0.343750
vt 0.346924 0.387207
vt 0.343506 0.387207
vt 0.346924 0.389160
vt 0.343506 0.389160
vt 0.357178 0.343750
vt 0.360596 0.343750
vt 0.360596 0.387207
vt 0.357178 0.387207
vt 0.353760 0.343750
vt 0.353760 0.387207
vt 0.350342 0.343750
vt 0.350342 0.387207
vt 0.350342 0.389160
vt 0.360596 0.389160
vt 0.357178 0.389160
vt 0.353760 0.389160
vt 0.357178 0.341797
vt 0.360596 0.341797
vt 0.353760 0.341797
vt 0.350342 0.341797
vt 0.346924 0.341797
vt 0.343506 0.341797
vt 0.374268 0.343750
vt 0.377686 0.343750
vt 0.377686 0.387207
vt 0.374268 0.387207
vt 0.370850 0.343750
vt 0.370850 0.387207
vt 0.367432 0.343750
vt 0.367432 0.387207
vt 0.364014 0.343750
vt 0.364014 0.387207
vt 0.377686 0.389160
vt 0.374268 0.389160
vt 0.370850 0.389160
vt 0.367432 0.389160
vt 0.364014 0.389160
vt 0.352539 0.683838
vt 0.348145 0.691650
vt 0.335205 0.679688
vt 0.345703 0.670410
vt 0.325684 0.661377
vt 0.338379 0.652344
vt 0.340088 0.701416
vt 0.355225 0.708984
vt 0.368896 0.699463
vt 0.369141 0.687500
vt 0.368164 0.668945
vt 0.366455 0.650879
vt 0.363770 0.623535
vt 0.385742 0.623535
vt 0.397705 0.622803
vt 0.398438 0.649902
vt 0.386230 0.650391
vt 0.386719 0.668945
vt 0.387207 0.688965
vt 0.399902 0.668457
vt 0.418213 0.665771
vt 0.418701 0.647949
vt 0.443848 0.663574
vt 0.447266 0.645996
vt 0.461182 0.653320
vt 0.463135 0.645996
vt 0.473389 0.659668
vt 0.454834 0.670166
vt 0.435791 0.678223
vt 0.417969 0.685303
vt 0.402100 0.687744
vt 0.387695 0.700928
vt 0.440186 0.687744
vt 0.463135 0.676514
vt 0.408691 0.720215
vt 0.406494 0.712646
vt 0.422363 0.708252
vt 0.386963 0.722168
vt 0.387695 0.714355
vt 0.370850 0.712891
vt 0.404053 0.699707
vt 0.419434 0.696533
vt 0.443359 0.696289
vt 0.478760 0.645020
vt 0.487061 0.648438
vt 0.483154 0.612061
vt 0.480469 0.665283
vt 0.468750 0.682861
vt 0.447510 0.703125
vt 0.425781 0.715088
vt 0.466553 0.614990
vt 0.449463 0.616699
vt 0.449707 0.583008
vt 0.418213 0.591309
vt 0.416016 0.557373
vt 0.395752 0.561279
vt 0.396484 0.594482
vt 0.382812 0.561523
vt 0.384277 0.595215
vt 0.363037 0.594238
vt 0.418701 0.620605
vt 0.333984 0.622559
vt 0.322266 0.651367
vt 0.313232 0.670410
vt 0.324707 0.687744
vt 0.306396 0.674316
vt 0.305908 0.649414
vt 0.317871 0.621338
vt 0.332520 0.588867
vt 0.363525 0.559570
vt 0.364014 0.550293
vt 0.317139 0.585449
vt 0.319580 0.543701
vt 0.301270 0.581299
vt 0.335205 0.550293
vt 0.338135 0.542480
vt 0.301758 0.618652
vt 0.297852 0.651367
vt 0.292969 0.619385
vt 0.291992 0.581055
vt 0.304443 0.536621
vt 0.309082 0.529297
vt 0.322998 0.535889
vt 0.295654 0.536133
vt 0.368896 0.720703
vt 0.351807 0.716064
vt 0.335449 0.707764
vt 0.318604 0.692627
vt 0.240723 0.736816
vt 0.240845 0.744141
vt 0.226562 0.742676
vt 0.226440 0.736328
vt 0.212646 0.741699
vt 0.211426 0.736572
vt 0.195557 0.740234
vt 0.195801 0.736572
vt 0.179199 0.735352
vt 0.228149 0.765259
vt 0.243408 0.768066
vt 0.242432 0.783203
vt 0.212891 0.761597
vt 0.196655 0.757690
vt 0.179077 0.754761
vt 0.178833 0.739014
vt 0.226929 0.780762
vt 0.211914 0.777344
vt 0.196167 0.773315
vt 0.178955 0.769775
vt 0.160645 0.767334
vt 0.161011 0.753418
vt 0.141968 0.765747
vt 0.226318 0.794922
vt 0.210938 0.791870
vt 0.195190 0.788574
vt 0.178223 0.785400
vt 0.160278 0.783203
vt 0.141846 0.781982
vt 0.177734 0.802124
vt 0.160278 0.800659
vt 0.142334 0.800659
vt 0.124573 0.800293
vt 0.124146 0.781982
vt 0.106323 0.799561
vt 0.106873 0.781372
vt 0.088623 0.799316
vt 0.089478 0.780396
vt 0.107605 0.764648
vt 0.090088 0.762817
vt 0.091248 0.748535
vt 0.074280 0.747314
vt 0.124329 0.765747
vt 0.108826 0.750244
vt 0.093689 0.729492
vt 0.074097 0.732178
vt 0.058411 0.743896
vt 0.056763 0.759033
vt 0.125732 0.751099
vt 0.112305 0.730713
vt 0.143188 0.751831
vt 0.129272 0.734131
vt 0.129883 0.730225
vt 0.113037 0.727295
vt 0.094910 0.726318
vt 0.074829 0.727783
vt 0.160400 0.737549
vt 0.143677 0.735840
vt 0.160767 0.733887
vt 0.144409 0.731934
vt 0.391357 0.387207
vt 0.394775 0.387207
vt 0.394775 0.389160
vt 0.391357 0.389160
vt 0.387939 0.387207
vt 0.387939 0.389160
vt 0.384521 0.387207
vt 0.384521 0.389160
vt 0.381104 0.387207
vt 0.381104 0.389160
vt 0.391357 0.343750
vt 0.394775 0.343750
vt 0.387939 0.343750
vt 0.384521 0.343750
vt 0.381104 0.343750
vt 0.391357 0.341797
vt 0.394775 0.341797
vt 0.387939 0.341797
vt 0.384521 0.341797
vt 0.381104 0.341797
vt 0.377686 0.341797
vt 0.374268 0.341797
vt 0.370850 0.341797
vt 0.367432 0.341797
vt 0.364014 0.341797
vt 0.408447 0.387207
vt 0.411865 0.387207
vt 0.411865 0.389160
vt 0.408447 0.389160
vt 0.405029 0.387207
vt 0.405029 0.389160
vt 0.401611 0.387207
vt 0.401611 0.389160
vt 0.398193 0.387207
vt 0.398193 0.389160
vt 0.408203 0.343750
vt 0.411621 0.343750
vt 0.404785 0.343750
vt 0.401367 0.343750
vt 0.397949 0.343750
vt 0.408203 0.341797
vt 0.411621 0.341797
vt 0.404785 0.341797
vt 0.401367 0.341797
vt 0.397949 0.341797
vt 0.482178 0.524902
vt 0.491699 0.524414
vt 0.493896 0.571045
vt 0.441895 0.535889
vt 0.460205 0.526367
vt 0.464600 0.534424
vt 0.477051 0.516846
vt 0.484131 0.572754
vt 0.492676 0.611572
vt 0.413574 0.548584
vt 0.446777 0.543701
vt 0.467285 0.578857
vt 0.387695 0.552246
vt 0.685059 0.612061
vt 0.696777 0.611328
vt 0.708008 0.608398
vt 0.418213 0.921631
vt 0.419189 0.941772
vt 0.401855 0.943665
vt 0.403076 0.963379
vt 0.419678 0.961639
vt 0.418213 0.981247
vt 0.400391 0.981842
vt 0.385254 0.962646
vt 0.383789 0.978867
vt 0.436279 0.919922
vt 0.436279 0.900269
vt 0.436279 0.939209
vt 0.436279 0.957764
vt 0.436279 0.980316
vt 0.436279 0.996147
vt 0.416260 0.996147
vt 0.396240 0.996147
vt 0.381104 0.996147
vt 0.367676 0.996147
vt 0.367188 0.978165
vt 0.351807 0.996147
vt 0.370850 0.961060
vt 0.384277 0.943878
vt 0.400391 0.922974
vt 0.417480 0.901306
vt 0.349854 0.979614
vt 0.330078 0.981033
vt 0.348877 0.962006
vt 0.369873 0.942627
vt 0.382568 0.923157
vt 0.398926 0.901917
vt 0.380615 0.901550
vt 0.368408 0.921387
vt 0.346680 0.942078
vt 0.328369 0.963257
vt 0.306641 0.965485
vt 0.308594 0.982559
vt 0.285400 0.967072
vt 0.288574 0.982712
vt 0.270996 0.982224
vt 0.266357 0.966736
vt 0.265625 0.945404
vt 0.284424 0.945435
vt 0.304932 0.944427
vt 0.325928 0.942749
vt 0.303223 0.921875
vt 0.283691 0.922485
vt 0.265137 0.922424
vt 0.248779 0.921692
vt 0.249023 0.944611
vt 0.249634 0.966461
vt 0.254639 0.982971
vt 0.282715 0.899902
vt 0.301514 0.899475
vt 0.323486 0.920776
vt 0.321289 0.898743
vt 0.341797 0.899231
vt 0.339111 0.877441
vt 0.264648 0.899963
vt 0.264160 0.878235
vt 0.281738 0.878113
vt 0.300049 0.877686
vt 0.319092 0.877075
vt 0.338135 0.856689
vt 0.319336 0.840698
vt 0.335205 0.835083
vt 0.321289 0.820679
vt 0.318115 0.856567
vt 0.299316 0.857422
vt 0.280762 0.857666
vt 0.263184 0.858032
vt 0.310059 0.819214
vt 0.321045 0.817017
vt 0.314697 0.801514
vt 0.309814 0.821289
vt 0.299805 0.839355
vt 0.279297 0.830933
vt 0.261475 0.831665
vt 0.246460 0.857666
vt 0.244507 0.831665
vt 0.247559 0.877869
vt 0.248291 0.899414
vt 0.260254 0.809326
vt 0.243286 0.809814
vt 0.259277 0.796265
vt 0.242676 0.796753
vt 0.258545 0.783325
vt 0.259033 0.769409
vt 0.276123 0.781616
vt 0.302002 0.819824
vt 0.299072 0.818848
vt 0.278076 0.807129
vt 0.276855 0.793823
vt 0.295898 0.789673
vt 0.294922 0.801880
vt 0.303711 0.799194
vt 0.298340 0.803711
vt 0.305176 0.803833
vt 0.275146 0.768188
vt 0.295410 0.777222
vt 0.306152 0.786865
vt 0.311279 0.796631
vt 0.316650 0.783447
vt 0.305176 0.775879
vt 0.318848 0.790405
vt 0.321289 0.794800
vt 0.329102 0.810669
vt 0.331543 0.814331
vt 0.321777 0.785889
vt 0.319092 0.779541
vt 0.325195 0.788818
vt 0.332520 0.804688
vt 0.334961 0.807739
vt 0.343750 0.824097
vt 0.334961 0.800415
vt 0.325684 0.784058
vt 0.334229 0.794189
vt 0.351318 0.801514
vt 0.361572 0.826538
vt 0.353516 0.843506
vt 0.376709 0.831055
vt 0.361816 0.869629
vt 0.378662 0.857666
vt 0.379639 0.879456
vt 0.366455 0.900635
vt 0.344238 0.920898
vt 0.397461 0.880920
vt 0.396729 0.859985
vt 0.396973 0.828857
vt 0.377930 0.798828
vt 0.399414 0.781494
vt 0.398682 0.799316
vt 0.417969 0.828003
vt 0.416748 0.859619
vt 0.416992 0.880615
vt 0.436279 0.879822
vt 0.436279 0.858032
vt 0.436279 0.826050
vt 0.418213 0.797607
vt 0.436279 0.794922
vt 0.418701 0.778931
vt 0.397461 0.748779
vt 0.396729 0.741455
vt 0.415283 0.740967
vt 0.416504 0.746338
vt 0.399170 0.764771
vt 0.418213 0.761719
vt 0.396729 0.736328
vt 0.414551 0.736328
vt 0.377197 0.737061
vt 0.377441 0.742432
vt 0.378906 0.750000
vt 0.379639 0.765259
vt 0.380127 0.780518
vt 0.372070 0.779663
vt 0.373535 0.764526
vt 0.359863 0.751221
vt 0.358154 0.741699
vt 0.357422 0.736816
vt 0.345703 0.737793
vt 0.360840 0.764893
vt 0.367432 0.800781
vt 0.357422 0.780029
vt 0.348633 0.764893
vt 0.347412 0.751587
vt 0.345947 0.744873
vt 0.342285 0.780273
vt 0.338623 0.780396
vt 0.343506 0.763916
vt 0.339844 0.752563
vt 0.337402 0.746826
vt 0.316650 0.755615
vt 0.318359 0.769165
vt 0.337158 0.770142
vt 0.328369 0.783325
vt 0.322266 0.778198
vt 0.322021 0.774536
vt 0.335205 0.740723
vt 0.312744 0.748047
vt 0.311768 0.755615
vt 0.313721 0.770874
vt 0.307129 0.742188
vt 0.301758 0.748535
vt 0.291504 0.739990
vt 0.302734 0.759644
vt 0.290771 0.748047
vt 0.272949 0.739746
vt 0.256348 0.745117
vt 0.255615 0.737549
vt 0.272949 0.747070
vt 0.291748 0.763672
vt 0.657715 0.625977
vt 0.666992 0.624023
vt 0.666992 0.635742
vt 0.677246 0.625244
vt 0.674805 0.636719
vt 0.686035 0.630371
vt 0.660645 0.637695
vt 0.657227 0.638916
vt 0.668945 0.665283
vt 0.680664 0.640625
vt 0.696289 0.638916
vt 0.687500 0.646729
vt 0.700684 0.648438
vt 0.691406 0.653564
vt 0.654785 0.645752
vt 0.694336 0.661377
vt 0.692871 0.669922
vt 0.688965 0.676514
vt 0.684570 0.683350
vt 0.677246 0.686768
vt 0.671875 0.687744
vt 0.667480 0.687744
vt 0.704102 0.659912
vt 0.701172 0.671875
vt 0.700684 0.676758
vt 0.700195 0.680664
vt 0.688965 0.694824
vt 0.682617 0.696533
vt 0.673340 0.698975
vt 0.664551 0.697754
vt 0.661133 0.686768
vt 0.657715 0.685059
vt 0.653809 0.682861
vt 0.652344 0.693604
vt 0.657715 0.696289
vt 0.646973 0.690918
vt 0.649902 0.679688
vt 0.642090 0.685791
vt 0.639648 0.678223
vt 0.647949 0.674316
vt 0.637695 0.668213
vt 0.646973 0.667236
vt 0.646973 0.661377
vt 0.637695 0.659668
vt 0.647949 0.656982
vt 0.651367 0.651611
vt 0.644043 0.645996
vt 0.648438 0.637451
vt 0.652344 0.627686
vt 0.639160 0.653320
vt 0.003548 0.740723
vt 0.003548 0.737793
vt 0.020615 0.732178
vt 0.022110 0.736572
vt 0.040436 0.728760
vt 0.003548 0.745117
vt 0.022781 0.741943
vt 0.003548 0.757324
vt 0.041565 0.732422
vt 0.059845 0.727051
vt 0.060425 0.731689
vt 0.041321 0.741699
vt 0.023453 0.757446
vt 0.021683 0.776123
vt 0.003548 0.774536
vt 0.020538 0.796265
vt 0.003548 0.794922
vt 0.040375 0.757812
vt 0.038605 0.776978
vt 0.036957 0.797363
vt 0.035217 0.829224
vt 0.055115 0.778076
vt 0.053589 0.798218
vt 0.051422 0.829712
vt 0.052704 0.860107
vt 0.035431 0.859985
vt 0.053741 0.880127
vt 0.068481 0.829224
vt 0.070862 0.859375
vt 0.072510 0.879944
vt 0.055115 0.900940
vt 0.073975 0.901245
vt 0.056885 0.921936
vt 0.075684 0.922546
vt 0.058716 0.942993
vt 0.035919 0.880310
vt 0.037018 0.900818
vt 0.038330 0.921082
vt 0.039917 0.941742
vt 0.040833 0.962189
vt 0.059937 0.963074
vt 0.042633 0.979233
vt 0.022385 0.979660
vt 0.022217 0.960693
vt 0.021637 0.940826
vt 0.020721 0.920776
vt 0.003548 0.939209
vt 0.003548 0.957764
vt 0.003548 0.980316
vt 0.003548 0.996147
vt 0.024490 0.996147
vt 0.045898 0.996147
vt 0.061157 0.979431
vt 0.019730 0.828003
vt 0.019363 0.859497
vt 0.019501 0.880371
vt 0.020157 0.900818
vt 0.003548 0.919922
vt 0.003548 0.826050
vt 0.003548 0.858032
vt 0.003548 0.879822
vt 0.003548 0.900269
vt 0.418701 0.458984
vt 0.416016 0.500488
vt 0.394775 0.507568
vt 0.371826 0.459961
vt 0.372803 0.506836
vt 0.354492 0.504150
vt 0.331055 0.458496
vt 0.335205 0.498535
vt 0.392578 0.537842
vt 0.405762 0.533936
vt 0.379395 0.539795
vt 0.363037 0.538330
vt 0.350830 0.534180
vt 0.333740 0.524170
vt 0.317871 0.506592
vt 0.309814 0.492188
vt 0.304199 0.479004
vt 0.300781 0.447754
vt 0.300781 0.412598
vt 0.317871 0.379395
vt 0.302734 0.371094
vt 0.333252 0.387695
vt 0.356689 0.397461
vt 0.377197 0.401367
vt 0.395752 0.398438
vt 0.416992 0.391113
vt 0.429443 0.384766
vt 0.445312 0.418457
vt 0.441650 0.378418
vt 0.445801 0.451660
vt 0.443359 0.479004
vt 0.438232 0.498047
vt 0.429688 0.513428
vt 0.417480 0.526367
vt 0.259521 0.996147
vt 0.240845 0.996147
vt 0.238281 0.983871
vt 0.221802 0.996147
vt 0.234375 0.966461
vt 0.221558 0.984238
vt 0.233643 0.944061
vt 0.233154 0.920776
vt 0.232300 0.898254
vt 0.231445 0.876892
vt 0.220215 0.966766
vt 0.218384 0.944031
vt 0.217285 0.919983
vt 0.216187 0.897522
vt 0.214966 0.876526
vt 0.230103 0.857056
vt 0.213623 0.856934
vt 0.150757 0.945587
vt 0.153442 0.969040
vt 0.134155 0.967316
vt 0.168701 0.945679
vt 0.172119 0.968750
vt 0.186157 0.945129
vt 0.189575 0.968292
vt 0.202637 0.944275
vt 0.205688 0.967468
vt 0.134155 0.983536
vt 0.153198 0.986069
vt 0.170410 0.984764
vt 0.187500 0.985214
vt 0.204468 0.984879
vt 0.134399 0.996147
vt 0.151611 0.996147
vt 0.165405 0.996147
vt 0.184814 0.996147
vt 0.202881 0.996147
vt 0.063477 0.996147
vt 0.078125 0.978058
vt 0.079590 0.996147
vt 0.096191 0.979614
vt 0.093506 0.996147
vt 0.114502 0.981873
vt 0.113892 0.996147
vt 0.078857 0.963776
vt 0.097046 0.964233
vt 0.115051 0.965393
vt 0.077637 0.943848
vt 0.095764 0.943787
vt 0.113708 0.944122
vt 0.132080 0.944916
vt 0.129883 0.921814
vt 0.112000 0.921814
vt 0.093994 0.922180
vt 0.092346 0.900757
vt 0.090881 0.879578
vt 0.128052 0.899780
vt 0.110413 0.900024
vt 0.108948 0.878967
vt 0.107666 0.858154
vt 0.089417 0.858765
vt 0.106201 0.828125
vt 0.087708 0.828613
vt 0.070923 0.798950
vt 0.071777 0.779053
vt 0.072632 0.760986
vt 0.210571 0.806763
vt 0.211914 0.830444
vt 0.195435 0.829468
vt 0.194580 0.804443
vt 0.178223 0.828613
vt 0.160645 0.828125
vt 0.196899 0.856812
vt 0.179321 0.856934
vt 0.161255 0.857178
vt 0.143188 0.857300
vt 0.142578 0.829102
vt 0.125366 0.857788
vt 0.124939 0.828735
vt 0.198120 0.876526
vt 0.180420 0.876892
vt 0.162354 0.877563
vt 0.144287 0.878052
vt 0.126709 0.878479
vt 0.199341 0.897522
vt 0.181763 0.898071
vt 0.163818 0.898926
vt 0.145874 0.899414
vt 0.200684 0.920044
vt 0.183472 0.920715
vt 0.165894 0.921570
vt 0.147949 0.921814
vt 0.887207 0.551758
vt 0.899902 0.555176
vt 0.917969 0.556396
vt 0.927734 0.528809
vt 0.907715 0.530029
vt 0.894531 0.526855
vt 0.910645 0.522461
vt 0.896973 0.520264
vt 0.882324 0.516846
vt 0.870117 0.513916
vt 0.912109 0.661621
vt 0.927734 0.649170
vt 0.436279 0.774536
vt 0.436279 0.757324
vt 0.436279 0.745117
vt 0.436279 0.740723
vt 0.436279 0.737793
vt 0.227905 0.831055
vt 0.226440 0.808594
vt 0.278076 0.996147
vt 0.291748 0.996147
vt 0.309570 0.996147
vt 0.331543 0.996147
s 1
usemtl Material.003
f 1/1/1 2/2/2 3/3/3
f 4/4/4 5/5/5 6/6/6
f 5/5/5 4/4/4 7/7/7
f 7/7/7 8/8/8 5/5/5
f 8/8/8 7/7/7 9/9/9
f 9/9/9 10/10/10 8/8/8
f 10/10/10 9/9/9 11/11/11
f 11/11/11 3/3/3 10/10/10
f 3/3/3 11/11/11 1/1/1
f 12/12/12 11/11/11 9/9/9
f 1/1/1 11/11/11 12/12/12
f 12/12/12 13/13/13 1/1/1
f 13/13/13 12/12/12 14/14/14
f 15/15/15 9/9/9 7/7/7
f 9/9/9 15/15/15 12/12/12
f 14/14/14 12/12/12 15/15/15
f 14/14/14 16/16/16 13/13/13
f 16/16/16 14/14/14 17/17/17
f 17/17/17 18/18/18 16/16/16
f 15/15/15 19/19/19 14/14/14
f 17/17/17 14/14/14 19/19/19
f 7/7/7 20/20/20 15/15/15
f 20/20/20 7/7/7 4/4/4
f 19/19/19 15/15/15 20/20/20
f 6/6/6 21/21/21 4/4/4
f 22/22/22 21/21/21 6/6/6
f 23/23/23 4/4/4 21/21/21
f 4/4/4 23/23/23 20/20/20
f 20/20/20 24/24/24 19/19/19
f 24/24/24 20/20/20 23/23/23
f 19/19/19 25/25/25 17/17/17
f 25/25/25 19/19/19 24/24/24
f 18/18/18 17/17/17 26/26/26
f 26/26/26 17/17/17 25/25/25
f 27/27/27 28/28/28 29/29/29
f 30/30/30 29/29/29 28/28/28
f 28/28/28 26/26/26 30/30/30
f 25/25/25 30/30/30 26/26/26
f 24/24/24 31/31/31 25/25/25
f 30/30/30 25/25/25 31/31/31
f 23/23/23 32/32/32 24/24/24
f 31/31/31 24/24/24 32/32/32
f 21/21/21 33/33/33 23/23/23
f 32/32/32 23/23/23 33/33/33
f 21/21/21 22/22/22 34/34/34
f 34/34/34 33/33/33 21/21/21
f 35/35/35 34/34/34 22/22/22
f 34/34/34 35/35/35 36/36/36
f 36/36/36 37/37/37 34/34/34
f 33/33/33 34/34/34 37/37/37
f 37/37/37 38/38/38 33/33/33
f 33/33/33 38/38/38 32/32/32
f 39/39/39 32/32/32 38/38/38
f 32/32/32 39/39/39 31/31/31
f 31/31/31 40/40/40 30/30/30
f 29/29/29 30/30/30 40/40/40
f 40/40/40 31/31/31 39/39/39
f 39/39/39 41/41/41 40/40/40
f 38/38/38 42/42/42 39/39/39
f 41/41/41 39/39/39 42/42/42
f 43/43/43 42/42/42 38/38/38
f 38/38/38 37/37/37 43/43/43
f 42/42/42 44/44/44 41/41/41
f 41/41/41 44/44/44 45/45/45
f 40/40/40 41/41/41 46/46/46
f 45/45/45 46/46/46 41/41/41
f 46/46/46 45/45/45 47/47/47
f 47/47/47 48/48/48 49/49/49
f 48/48/48 47/47/47 50/50/50
f 50/50/50 47/47/47 45/45/45
f 51/51/51 45/45/45 44/44/44
f 45/45/45 51/51/51 50/50/50
f 44/44/44 52/52/52 51/51/51
f 42/42/42 43/43/43 52/52/52
f 52/52/52 44/44/44 42/42/42
f 48/48/48 53/53/53 54/54/54
f 54/54/54 49/49/49 48/48/48
f 50/50/50 55/55/55 48/48/48
f 53/53/53 48/48/48 55/55/55
f 55/55/55 50/50/50 56/56/56
f 56/56/56 50/50/50 51/51/51
f 57/57/57 51/51/51 52/52/52
f 51/51/51 57/57/57 56/56/56
f 58/58/58 52/52/52 43/43/43
f 52/52/52 58/58/58 57/57/57
f 43/43/43 59/59/59 58/58/58
f 37/37/37 36/36/36 59/59/59
f 59/59/59 43/43/43 37/37/37
f 60/60/60 61/61/61 62/62/62
f 63/63/63 62/62/62 61/61/61
f 63/63/63 59/59/59 36/36/36
f 61/61/61 64/64/64 63/63/63
f 59/59/59 63/63/63 64/64/64
f 64/64/64 58/58/58 59/59/59
f 65/65/65 57/57/57 58/58/58
f 58/58/58 64/64/64 65/65/65
f 57/57/57 65/65/65 66/66/66
f 66/66/66 56/56/56 57/57/57
f 56/56/56 66/66/66 55/55/55
f 64/64/64 61/61/61 67/67/67
f 67/67/67 65/65/65 64/64/64
f 68/68/68 66/66/66 65/65/65
f 65/65/65 67/67/67 68/68/68
f 68/68/68 67/67/67 69/69/69
f 70/70/70 69/69/69 67/67/67
f 67/67/67 61/61/61 70/70/70
f 71/71/71 70/70/70 61/61/61
f 61/61/61 60/60/60 71/71/71
f 72/72/72 71/71/71 60/60/60
f 73/73/73 55/55/55 66/66/66
f 55/55/55 73/73/73 53/53/53
f 66/66/66 68/68/68 73/73/73
f 73/73/73 68/68/68 74/74/74
f 69/69/69 74/74/74 68/68/68
f 74/74/74 69/69/69 75/75/75
f 76/76/76 75/75/75 69/69/69
f 69/69/69 70/70/70 76/76/76
f 77/77/77 76/76/76 70/70/70
f 70/70/70 71/71/71 77/77/77
f 71/71/71 72/72/72 78/78/78
f 78/78/78 77/77/77 71/71/71
f 79/79/79 78/78/78 72/72/72
f 75/75/75 80/80/80 74/74/74
f 81/81/81 76/76/76 77/77/77
f 82/82/82 75/75/75 76/76/76
f 76/76/76 81/81/81 82/82/82
f 77/77/77 83/83/83 81/81/81
f 77/77/77 78/78/78 84/84/84
f 84/84/84 83/83/83 77/77/77
f 85/85/85 84/84/84 78/78/78
f 78/78/78 79/79/79 85/85/85
f 86/86/86 85/85/85 79/79/79
f 79/79/79 87/87/87 86/86/86
f 88/88/88 86/86/86 87/87/87
f 87/87/87 89/89/89 88/88/88
f 90/90/90 88/88/88 89/89/89
f 89/89/89 91/91/91 90/90/90
f 92/92/92 90/90/90 91/91/91
f 91/91/91 93/93/93 92/92/92
f 94/94/94 92/92/92 93/93/93
f 93/93/93 95/95/95 94/94/94
f 96/96/96 94/94/94 95/95/95
f 95/95/95 97/97/97 96/96/96
f 98/98/98 96/96/96 97/97/97
f 95/95/95 93/93/93 99/99/99
f 99/99/99 100/100/100 95/95/95
f 97/97/97 95/95/95 100/100/100
f 93/93/93 91/91/91 101/101/101
f 101/101/101 99/99/99 93/93/93
f 91/91/91 89/89/89 102/102/102
f 102/102/102 89/89/89 87/87/87
f 102/102/102 101/101/101 91/91/91
f 87/87/87 103/103/103 102/102/102
f 104/104/104 103/103/103 87/87/87
f 87/87/87 79/79/79 104/104/104
f 72/72/72 104/104/104 79/79/79
f 103/103/103 104/104/104 105/105/105
f 100/100/100 99/99/99 106/106/106
f 106/106/106 107/107/107 100/100/100
f 108/108/108 106/106/106 99/99/99
f 99/99/99 101/101/101 108/108/108
f 108/108/108 101/101/101 102/102/102
f 109/109/109 107/107/107 110/110/110
f 110/110/110 107/107/107 106/106/106
f 111/111/111 106/106/106 108/108/108
f 106/106/106 111/111/111 110/110/110
f 112/112/112 102/102/102 103/103/103
f 102/102/102 112/112/112 108/108/108
f 113/113/113 108/108/108 112/112/112
f 108/108/108 113/113/113 111/111/111
f 110/110/110 111/111/111 114/114/114
f 114/114/114 111/111/111 113/113/113
f 114/114/114 115/115/115 110/110/110
f 110/110/110 116/116/116 109/109/109
f 116/116/116 110/110/110 115/115/115
f 117/117/117 109/109/109 116/116/116
f 105/105/105 118/118/118 103/103/103
f 119/119/119 118/118/118 105/105/105
f 103/103/103 118/118/118 112/112/112
f 112/112/112 120/120/120 113/113/113
f 118/118/118 119/119/119 120/120/120
f 120/120/120 112/112/112 118/118/118
f 113/113/113 121/121/121 114/114/114
f 121/121/121 113/113/113 120/120/120
f 122/122/122 114/114/114 121/121/121
f 115/115/115 114/114/114 122/122/122
f 122/122/122 123/123/123 115/115/115
f 124/124/124 120/120/120 119/119/119
f 120/120/120 124/124/124 121/121/121
f 125/125/125 121/121/121 124/124/124
f 121/121/121 125/125/125 122/122/122
f 124/124/124 126/126/126 125/125/125
f 119/119/119 127/127/127 124/124/124
f 126/126/126 124/124/124 127/127/127
f 127/127/127 128/128/128 126/126/126
f 129/129/129 125/125/125 126/126/126
f 125/125/125 129/129/129 130/130/130
f 130/130/130 122/122/122 125/125/125
f 131/131/131 123/123/123 122/122/122
f 122/122/122 130/130/130 131/131/131
f 132/132/132 123/123/123 131/131/131
f 123/123/123 132/132/132 133/133/133
f 115/115/115 133/133/133 116/116/116
f 133/133/133 115/115/115 123/123/123
f 134/134/134 133/133/133 132/132/132
f 135/135/135 116/116/116 133/133/133
f 116/116/116 135/135/135 117/117/117
f 133/133/133 134/134/134 135/135/135
f 136/136/136 135/135/135 134/134/134
f 135/135/135 136/136/136 137/137/137
f 137/137/137 117/117/117 135/135/135
f 134/134/134 138/138/138 136/136/136
f 139/139/139 136/136/136 138/138/138
f 138/138/138 134/134/134 140/140/140
f 132/132/132 140/140/140 134/134/134
f 131/131/131 141/141/141 132/132/132
f 140/140/140 132/132/132 141/141/141
f 142/142/142 131/131/131 130/130/130
f 141/141/141 131/131/131 142/142/142
f 130/130/130 143/143/143 142/142/142
f 143/143/143 130/130/130 129/129/129
f 142/142/142 144/144/144 141/141/141
f 141/141/141 145/145/145 140/140/140
f 145/145/145 141/141/141 144/144/144
f 146/146/146 140/140/140 145/145/145
f 140/140/140 146/146/146 138/138/138
f 147/147/147 138/138/138 146/146/146
f 138/138/138 147/147/147 139/139/139
f 146/146/146 148/148/148 147/147/147
f 149/149/149 147/147/147 148/148/148
f 148/148/148 150/150/150 149/149/149
f 150/150/150 148/148/148 151/151/151
f 152/152/152 153/153/153 151/151/151
f 154/154/154 151/151/151 148/148/148
f 145/145/145 154/154/154 146/146/146
f 151/151/151 154/154/154 152/152/152
f 148/148/148 146/146/146 154/154/154
f 155/155/155 152/152/152 154/154/154
f 154/154/154 145/145/145 155/155/155
f 144/144/144 155/155/155 145/145/145
f 156/156/156 151/151/151 153/153/153
f 151/151/151 156/156/156 150/150/150
f 153/153/153 157/157/157 156/156/156
f 156/156/156 157/157/157 158/158/158
f 159/159/159 149/149/149 150/150/150
f 160/160/160 150/150/150 156/156/156
f 150/150/150 160/160/160 159/159/159
f 158/158/158 161/161/161 156/156/156
f 156/156/156 161/161/161 160/160/160
f 161/161/161 158/158/158 162/162/2
f 162/162/2 163/163/162 161/161/161
f 164/164/163 160/160/160 161/161/161
f 161/161/161 163/163/162 164/164/163
f 160/160/160 164/164/163 165/165/164
f 165/165/164 159/159/159 160/160/160
f 149/149/149 159/159/159 166/166/165
f 147/147/147 149/149/149 167/167/166
f 167/167/166 139/139/139 147/147/147
f 166/166/165 167/167/166 149/149/149
f 167/167/166 166/166/165 168/168/167
f 168/168/167 169/169/168 167/167/166
f 139/139/139 167/167/166 169/169/168
f 169/169/168 168/168/167 170/170/169
f 171/171/18 166/166/165 159/159/159
f 159/159/159 165/165/164 171/171/18
f 166/166/165 171/171/18 172/172/170
f 172/172/170 168/168/167 166/166/165
f 173/173/171 170/170/169 168/168/167
f 168/168/167 172/172/170 173/173/171
f 170/170/169 173/173/171 174/174/172
f 175/175/173 176/176/174 177/177/175
f 177/177/175 178/178/176 175/175/173
f 174/174/172 175/175/173 178/178/176
f 178/178/176 179/179/177 174/174/172
f 174/174/172 179/179/177 170/170/169
f 170/170/169 180/180/178 169/169/168
f 180/180/178 170/170/169 179/179/177
f 181/181/179 169/169/168 180/180/178
f 169/169/168 181/181/179 139/139/139
f 136/136/136 139/139/139 181/181/179
f 181/181/179 137/137/137 136/136/136
f 137/137/137 181/181/179 182/182/180
f 180/180/178 182/182/180 181/181/179
f 183/183/181 179/179/177 178/178/176
f 179/179/177 183/183/181 180/180/178
f 182/182/180 180/180/178 183/183/181
f 178/178/176 184/184/182 183/183/181
f 184/184/182 178/178/176 177/177/175
f 177/177/175 185/185/183 184/184/182
f 186/186/184 184/184/182 185/185/183
f 117/117/117 137/137/137 187/187/185
f 182/182/180 187/187/185 137/137/137
f 188/188/186 183/183/181 184/184/182
f 183/183/181 188/188/186 182/182/180
f 187/187/185 182/182/180 188/188/186
f 184/184/182 186/186/184 188/188/186
f 187/187/185 189/189/187 117/117/117
f 109/109/109 117/117/117 189/189/187
f 188/188/186 190/190/188 187/187/185
f 190/190/188 188/188/186 186/186/184
f 189/189/187 187/187/185 190/190/188
f 186/186/184 191/191/189 190/190/188
f 192/192/190 190/190/188 191/191/189
f 190/190/188 192/192/190 189/189/187
f 193/193/191 189/189/187 192/192/190
f 189/189/187 193/193/191 109/109/109
f 109/109/109 193/193/191 194/194/192
f 194/194/192 107/107/107 109/109/109
f 100/100/100 107/107/107 194/194/192
f 192/192/190 195/195/193 193/193/191
f 194/194/192 193/193/191 195/195/193
f 191/191/189 195/195/193 192/192/190
f 191/191/189 186/186/184 196/196/194
f 185/185/183 196/196/194 186/186/184
f 195/195/193 191/191/189 197/197/195
f 196/196/194 197/197/195 191/191/189
f 197/197/195 198/198/196 195/195/193
f 195/195/193 198/198/196 194/194/192
f 100/100/100 199/199/197 97/97/97
f 194/194/192 199/199/197 100/100/100
f 199/199/197 194/194/192 198/198/196
f 200/200/198 197/197/195 196/196/194
f 198/198/196 197/197/195 200/200/198
f 198/198/196 201/201/199 199/199/197
f 200/200/198 201/201/199 198/198/196
f 97/97/97 202/202/200 98/98/98
f 199/199/197 201/201/199 202/202/200
f 202/202/200 97/97/97 199/199/197
f 202/202/200 201/201/199 200/200/198
f 98/98/98 202/202/200 203/203/201
f 200/200/198 203/203/201 202/202/200
f 203/203/201 200/200/198 204/204/202
f 196/196/194 204/204/202 200/200/198
f 196/196/194 185/185/183 205/205/203
f 205/205/203 204/204/202 196/196/194
f 206/206/204 205/205/203 185/185/183
f 185/185/183 177/177/175 206/206/204
f 206/206/204 177/177/175 176/176/174
f 207/207/205 204/204/202 205/205/203
f 204/204/202 207/207/205 203/203/201
f 176/176/174 208/208/206 206/206/204
f 205/205/203 206/206/204 209/209/207
f 209/209/207 206/206/204 208/208/206
f 209/209/207 210/210/208 205/205/203
f 205/205/203 210/210/208 207/207/205
f 211/211/209 207/207/205 210/210/208
f 212/212/210 203/203/201 207/207/205
f 203/203/201 212/212/210 98/98/98
f 207/207/205 211/211/209 212/212/210
f 208/208/206 213/213/211 209/209/207
f 214/214/212 209/209/207 213/213/211
f 213/213/211 215/215/213 214/214/212
f 210/210/208 216/216/214 211/211/209
f 216/216/214 210/210/208 209/209/207
f 209/209/207 214/214/212 216/216/214
f 217/217/215 218/218/216 219/219/217
f 220/220/218 217/217/215 219/219/217
f 221/221/219 220/220/218 219/219/217
f 222/222/220 221/221/219 219/219/217
f 223/223/221 222/222/220 219/219/217
f 224/224/222 225/225/223 219/219/217
f 225/225/223 226/226/224 219/219/217
f 226/226/224 223/223/221 219/219/217
f 223/223/221 226/226/224 227/227/225
f 227/227/225 226/226/224 225/225/223
f 222/222/220 223/223/221 228/228/226
f 227/227/225 228/228/226 223/223/221
f 221/221/219 222/222/220 229/229/227
f 228/228/226 229/229/227 222/222/220
f 229/229/227 230/230/228 221/221/219
f 220/220/218 221/221/219 230/230/228
f 231/231/229 230/230/228 229/229/227
f 230/230/228 231/231/229 232/232/230
f 229/229/227 233/233/45 231/231/229
f 233/233/45 229/229/227 228/228/226
f 234/234/231 228/228/226 227/227/225
f 228/228/226 234/234/231 233/233/45
f 227/227/225 235/235/232 234/234/231
f 225/225/223 236/236/233 227/227/225
f 236/236/233 225/225/223 224/224/222
f 235/235/232 227/227/225 236/236/233
f 237/237/234 238/238/235 239/239/236
f 240/240/237 239/239/236 238/238/235
f 238/238/235 232/232/230 240/240/237
f 232/232/230 231/231/229 241/241/238
f 241/241/238 240/240/237 232/232/230
f 242/242/239 241/241/238 231/231/229
f 231/231/229 233/233/45 242/242/239
f 233/233/45 234/234/231 243/243/240
f 243/243/240 242/242/239 233/233/45
f 244/244/241 243/243/240 234/234/231
f 234/234/231 235/235/232 244/244/241
f 236/236/233 245/245/242 235/235/232
f 235/235/232 245/245/242 246/246/243
f 246/246/243 244/244/241 235/235/232
f 247/247/244 244/244/241 246/246/243
f 244/244/241 247/247/244 248/248/245
f 248/248/245 243/243/240 244/244/241
f 243/243/240 248/248/245 249/249/246
f 249/249/246 242/242/239 243/243/240
f 242/242/239 249/249/246 250/250/247
f 250/250/247 241/241/238 242/242/239
f 241/241/238 250/250/247 251/251/248
f 251/251/248 240/240/237 241/241/238
f 246/246/243 252/252/249 247/247/244
f 253/253/250 254/254/251 255/255/252
f 255/255/252 256/256/253 253/253/250
f 257/257/254 253/253/250 256/256/253
f 256/256/253 258/258/255 257/257/254
f 258/258/255 224/224/222 219/219/217
f 257/257/254 258/258/255 219/219/217
f 224/224/222 259/259/256 236/236/233
f 258/258/255 256/256/253 259/259/256
f 259/259/256 224/224/222 258/258/255
f 245/245/242 236/236/233 259/259/256
f 256/256/253 255/255/252 260/260/257
f 246/246/243 245/245/242 260/260/257
f 260/260/257 259/259/256 256/256/253
f 259/259/256 260/260/257 245/245/242
f 260/260/257 261/261/258 246/246/243
f 252/252/249 246/246/243 261/261/258
f 262/262/259 261/261/258 260/260/257
f 260/260/257 255/255/252 262/262/259
f 263/263/260 261/261/258 262/262/259
f 261/261/258 263/263/260 252/252/249
f 262/262/259 264/264/261 263/263/260
f 265/265/262 264/264/261 262/262/259
f 255/255/252 254/254/251 266/266/263
f 266/266/263 262/262/259 255/255/252
f 262/262/259 266/266/263 265/265/262
f 267/267/264 265/265/262 266/266/263
f 268/268/265 266/266/263 254/254/251
f 266/266/263 268/268/265 267/267/264
f 269/269/266 267/267/264 268/268/265
f 268/268/265 270/270/267 269/269/266
f 271/271/268 269/269/266 270/270/267
f 272/272/269 254/254/251 253/253/250
f 270/270/267 268/268/265 272/272/269
f 254/254/251 272/272/269 268/268/265
f 273/273/270 274/274/271 275/275/272
f 276/276/273 275/275/272 274/274/271
f 275/275/272 276/276/273 277/277/274
f 278/278/275 277/277/274 271/271/268
f 277/277/274 278/278/275 275/275/272
f 270/270/267 279/279/276 271/271/268
f 271/271/268 279/279/276 278/278/275
f 279/279/276 270/270/267 280/280/277
f 272/272/269 280/280/277 270/270/267
f 280/280/277 272/272/269 281/281/278
f 253/253/250 281/281/278 272/272/269
f 274/274/271 282/282/279 276/276/273
f 283/283/280 284/284/281 285/285/282
f 286/286/283 284/284/281 283/283/280
f 286/286/283 278/278/275 279/279/276
f 279/279/276 287/287/284 286/286/283
f 284/284/281 286/286/283 287/287/284
f 280/280/277 287/287/284 279/279/276
f 287/287/284 280/280/277 288/288/285
f 281/281/278 288/288/285 280/280/277
f 288/288/285 281/281/278 289/289/286
f 289/289/286 281/281/278 253/253/250
f 253/253/250 257/257/254 289/289/286
f 289/289/286 257/257/254 219/219/217
f 289/289/286 290/290/287 288/288/285
f 290/290/287 289/289/286 219/219/217
f 285/285/282 291/291/288 219/219/217
f 291/291/288 285/285/282 284/284/281
f 291/291/288 290/290/287 219/219/217
f 292/292/289 288/288/285 290/290/287
f 284/284/281 292/292/289 291/291/288
f 287/287/284 292/292/289 284/284/281
f 288/288/285 292/292/289 287/287/284
f 290/290/287 291/291/288 292/292/289
f 293/293/290 218/218/216 217/217/215
f 294/294/291 218/218/216 293/293/290
f 218/218/216 294/294/291 219/219/217
f 294/294/291 295/295/292 219/219/217
f 295/295/292 296/296/293 219/219/217
f 296/296/293 295/295/292 297/297/294
f 297/297/294 298/298/295 296/296/293
f 298/298/295 299/299/296 273/273/270
f 274/274/271 273/273/270 299/299/296
f 299/299/296 298/298/295 297/297/294
f 300/300/297 275/275/272 278/278/275
f 278/278/275 286/286/283 300/300/297
f 283/283/280 300/300/297 286/286/283
f 275/275/272 300/300/297 273/273/270
f 300/300/297 283/283/280 301/301/298
f 273/273/270 301/301/298 298/298/295
f 301/301/298 273/273/270 300/300/297
f 302/302/299 296/296/293 298/298/295
f 298/298/295 301/301/298 302/302/299
f 296/296/293 302/302/299 219/219/217
f 301/301/298 283/283/280 303/303/300
f 303/303/300 285/285/282 219/219/217
f 302/302/299 303/303/300 219/219/217
f 285/285/282 303/303/300 283/283/280
f 303/303/300 302/302/299 301/301/298
f 304/304/301 305/305/302 306/306/303
f 307/307/304 308/308/305 306/306/303
f 309/309/306 307/307/304 306/306/303
f 310/310/307 309/309/306 306/306/303
f 311/311/308 310/310/307 306/306/303
f 312/312/309 311/311/308 306/306/303
f 313/313/310 312/312/309 306/306/303
f 314/314/311 313/313/310 306/306/303
f 308/308/305 307/307/304 315/315/312
f 315/315/312 316/316/313 308/308/305
f 317/317/314 315/315/312 307/307/304
f 307/307/304 309/309/306 317/317/314
f 309/309/306 310/310/307 318/318/315
f 318/318/315 317/317/314 309/309/306
f 319/319/316 318/318/315 310/310/307
f 310/310/307 311/311/308 319/319/316
f 320/320/317 319/319/316 311/311/308
f 311/311/308 312/312/309 320/320/317
f 320/320/317 321/321/318 322/322/319
f 321/321/318 320/320/317 312/312/309
f 312/312/309 313/313/310 321/321/318
f 313/313/310 314/314/311 323/323/320
f 322/322/319 321/321/318 323/323/320
f 323/323/320 321/321/318 313/313/310
f 319/319/316 320/320/317 324/324/321
f 322/322/319 324/324/321 320/320/317
f 318/318/315 319/319/316 325/325/322
f 324/324/321 325/325/322 319/319/316
f 317/317/314 318/318/315 326/326/323
f 325/325/322 326/326/323 318/318/315
f 315/315/312 317/317/314 327/327/324
f 326/326/323 327/327/324 317/317/314
f 327/327/324 328/328/325 315/315/312
f 329/329/326 316/316/313 315/315/312
f 315/315/312 328/328/325 329/329/326
f 324/324/321 322/322/319 330/330/327
f 323/323/320 331/331/328 322/322/319
f 330/330/327 322/322/319 331/331/328
f 330/330/327 332/332/329 324/324/321
f 325/325/322 324/324/321 332/332/329
f 332/332/329 333/333/330 325/325/322
f 326/326/323 325/325/322 333/333/330
f 327/327/324 326/326/323 334/334/331
f 333/333/330 334/334/331 326/326/323
f 328/328/325 327/327/324 335/335/332
f 334/334/331 335/335/332 327/327/324
f 335/335/332 334/334/331 336/336/333
f 336/336/333 337/337/334 335/335/332
f 334/334/331 333/333/330 338/338/335
f 338/338/335 336/336/333 334/334/331
f 333/333/330 332/332/329 339/339/336
f 339/339/336 338/338/335 333/333/330
f 340/340/337 339/339/336 332/332/329
f 332/332/329 330/330/327 340/340/337
f 341/341/338 340/340/337 330/330/327
f 330/330/327 342/342/339 341/341/338
f 331/331/328 342/342/339 330/330/327
f 331/331/328 323/323/320 343/343/340
f 343/343/340 344/344/341 331/331/328
f 342/342/339 331/331/328 344/344/341
f 341/341/338 342/342/339 345/345/342
f 344/344/341 345/345/342 342/342/339
f 345/345/342 344/344/341 346/346/343
f 347/347/344 346/346/343 344/344/341
f 344/344/341 343/343/340 347/347/344
f 305/305/302 348/348/345 306/306/303
f 347/347/344 348/348/345 305/305/302
f 348/348/345 347/347/344 343/343/340
f 323/323/320 314/314/311 349/349/346
f 349/349/346 343/343/340 323/323/320
f 348/348/345 349/349/346 306/306/303
f 349/349/346 314/314/311 306/306/303
f 343/343/340 349/349/346 348/348/345
f 346/346/343 350/350/347 345/345/342
f 351/351/348 345/345/342 350/350/347
f 345/345/342 351/351/348 341/341/338
f 350/350/347 352/352/349 351/351/348
f 346/346/343 347/347/344 353/353/350
f 353/353/350 305/305/302 304/304/301
f 305/305/302 353/353/350 347/347/344
f 304/304/301 354/354/351 353/353/350
f 350/350/347 346/346/343 355/355/352
f 353/353/350 355/355/352 346/346/343
f 355/355/352 353/353/350 354/354/351
f 354/354/351 356/356/353 355/355/352
f 357/357/354 355/355/352 356/356/353
f 352/352/349 350/350/347 357/357/354
f 355/355/352 357/357/354 350/350/347
f 356/356/353 358/358/355 357/357/354
f 359/359/356 358/358/355 356/356/353
f 356/356/353 360/360/357 359/359/356
f 360/360/357 356/356/353 354/354/351
f 361/361/358 359/359/356 360/360/357
f 360/360/357 362/362/359 361/361/358
f 363/363/360 357/357/354 358/358/355
f 357/357/354 363/363/360 352/352/349
f 358/358/355 364/364/361 363/363/360
f 358/358/355 359/359/356 365/365/362
f 365/365/362 364/364/361 358/358/355
f 359/359/356 361/361/358 366/366/363
f 366/366/363 365/365/362 359/359/356
f 367/367/364 366/366/363 361/361/358
f 361/361/358 368/368/365 367/367/364
f 368/368/365 361/361/358 362/362/359
f 369/369/366 367/367/364 368/368/365
f 368/368/365 370/370/367 369/369/366
f 369/369/366 370/370/367 371/371/368
f 371/371/368 370/370/367 372/372/369
f 372/372/369 373/373/370 371/371/368
f 374/374/371 373/373/370 372/372/369
f 371/371/368 375/375/372 369/369/366
f 373/373/370 374/374/371 376/376/373
f 371/371/368 373/373/370 377/377/374
f 376/376/373 377/377/374 373/373/370
f 377/377/374 378/378/375 371/371/368
f 375/375/372 371/371/368 378/378/375
f 378/378/375 379/379/376 375/375/372
f 379/379/376 378/378/375 380/380/377
f 380/380/377 381/381/378 379/379/376
f 378/378/375 377/377/374 382/382/379
f 382/382/379 380/380/377 378/378/375
f 383/383/380 382/382/379 377/377/374
f 377/377/374 376/376/373 383/383/380
f 384/384/381 383/383/380 376/376/373
f 376/376/373 385/385/382 384/384/381
f 384/384/381 385/385/382 306/306/303
f 386/386/383 385/385/382 376/376/373
f 376/376/373 374/374/371 386/386/383
f 385/385/382 386/386/383 306/306/303
f 387/387/384 384/384/381 306/306/303
f 308/308/305 387/387/384 306/306/303
f 383/383/380 384/384/381 387/387/384
f 387/387/384 388/388/385 383/383/380
f 382/382/379 383/383/380 388/388/385
f 388/388/385 387/387/384 308/308/305
f 308/308/305 316/316/313 388/388/385
f 388/388/385 389/389/386 382/382/379
f 380/380/377 382/382/379 389/389/386
f 316/316/313 329/329/326 389/389/386
f 389/389/386 388/388/385 316/316/313
f 335/335/332 390/390/387 328/328/325
f 391/391/388 329/329/326 328/328/325
f 328/328/325 390/390/387 391/391/388
f 329/329/326 391/391/388 392/392/389
f 389/389/386 392/392/389 380/380/377
f 381/381/378 380/380/377 392/392/389
f 392/392/389 389/389/386 329/329/326
f 393/393/390 392/392/389 391/391/388
f 392/392/389 393/393/390 381/381/378
f 394/394/391 391/391/388 390/390/387
f 391/391/388 394/394/391 393/393/390
f 390/390/387 395/395/392 394/394/391
f 395/395/392 390/390/387 335/335/332
f 335/335/332 337/337/334 395/395/392
f 396/396/393 397/397/394 398/398/395
f 398/398/395 399/399/396 396/396/393
f 399/399/396 398/398/395 400/400/397
f 400/400/397 401/401/398 399/399/396
f 401/401/398 400/400/397 402/402/399
f 402/402/399 54/54/54 53/53/53
f 54/54/54 402/402/399 400/400/397
f 402/402/399 403/403/400 401/401/398
f 404/404/401 403/403/400 402/402/399
f 53/53/53 405/405/402 402/402/399
f 402/402/399 405/405/402 404/404/401
f 401/401/398 403/403/400 406/406/403
f 407/407/404 406/406/403 403/403/400
f 403/403/400 404/404/401 407/407/404
f 407/407/404 404/404/401 408/408/405
f 74/74/74 80/80/80 408/408/405
f 409/409/406 405/405/402 53/53/53
f 53/53/53 73/73/73 409/409/406
f 409/409/406 408/408/405 404/404/401
f 404/404/401 405/405/402 409/409/406
f 74/74/74 409/409/406 73/73/73
f 408/408/405 409/409/406 74/74/74
f 408/408/405 410/410/407 407/407/404
f 410/410/407 408/408/405 80/80/80
f 411/411/408 80/80/80 75/75/75
f 75/75/75 82/82/82 411/411/408
f 80/80/80 411/411/408 410/410/407
f 400/400/397 412/412/409 54/54/54
f 412/412/409 400/400/397 398/398/395
f 49/49/49 54/54/54 412/412/409
f 413/413/410 398/398/395 397/397/394
f 398/398/395 413/413/410 412/412/409
f 397/397/394 414/414/411 413/413/410
f 415/415/412 413/413/410 414/414/411
f 414/414/411 416/416/413 415/415/412
f 29/29/29 417/417/414 27/27/27
f 416/416/413 27/27/27 417/417/414
f 417/417/414 415/415/412 416/416/413
f 46/46/46 418/418/415 40/40/40
f 40/40/40 418/418/415 29/29/29
f 417/417/414 29/29/29 418/418/415
f 418/418/415 419/419/416 417/417/414
f 415/415/412 417/417/414 419/419/416
f 419/419/416 420/420/417 415/415/412
f 420/420/417 412/412/409 413/413/410
f 412/412/409 420/420/417 49/49/49
f 413/413/410 415/415/412 420/420/417
f 47/47/47 421/421/418 46/46/46
f 420/420/417 419/419/416 421/421/418
f 421/421/418 49/49/49 420/420/417
f 49/49/49 421/421/418 47/47/47
f 421/421/418 419/419/416 418/418/415
f 418/418/415 46/46/46 421/421/418
f 422/422/419 423/423/420 424/424/421
f 424/424/421 423/423/420 425/425/422
f 426/426/423 425/425/422 423/423/420
f 423/423/420 427/427/424 426/426/423
f 428/428/425 427/427/424 423/423/420
f 423/423/420 422/422/419 428/428/425
f 429/429/426 428/428/425 422/422/419
f 430/430/427 425/425/422 431/431/428
f 431/431/428 432/432/429 430/430/427
f 425/425/422 430/430/427 424/424/421
f 433/433/430 431/431/428 425/425/422
f 425/425/422 426/426/423 433/433/430
f 434/434/431 433/433/430 426/426/423
f 426/426/423 435/435/432 434/434/431
f 435/435/432 426/426/423 427/427/424
f 436/436/433 434/434/431 435/435/432
f 428/428/425 429/429/426 437/437/434
f 427/427/424 428/428/425 438/438/435
f 437/437/434 438/438/435 428/428/425
f 427/427/424 439/439/436 435/435/432
f 438/438/435 439/439/436 427/427/424
f 435/435/432 440/440/437 436/436/433
f 440/440/437 435/435/432 439/439/436
f 436/436/433 440/440/437 441/441/438
f 441/441/438 442/442/439 436/436/433
f 434/434/431 436/436/433 442/442/439
f 439/439/436 443/443/440 440/440/437
f 441/441/438 440/440/437 443/443/440
f 443/443/440 444/444/441 441/441/438
f 445/445/442 443/443/440 439/439/436
f 439/439/436 438/438/435 445/445/442
f 444/444/441 443/443/440 445/445/442
f 438/438/435 437/437/434 446/446/443
f 446/446/443 445/445/442 438/438/435
f 422/422/419 447/447/444 429/429/426
f 448/448/445 429/429/426 447/447/444
f 429/429/426 448/448/445 449/449/446
f 449/449/446 437/437/434 429/429/426
f 450/450/447 446/446/443 437/437/434
f 437/437/434 449/449/446 450/450/447
f 446/446/443 450/450/447 451/451/448
f 451/451/448 445/445/442 446/446/443
f 445/445/442 451/451/448 444/444/441
f 447/447/444 452/452/449 453/453/450
f 454/454/451 453/453/450 452/452/449
f 453/453/450 455/455/452 447/447/444
f 447/447/444 455/455/452 448/448/445
f 447/447/444 422/422/419 456/456/453
f 456/456/453 452/452/449 447/447/444
f 424/424/421 456/456/453 422/422/419
f 457/457/454 452/452/449 456/456/453
f 452/452/449 457/457/454 454/454/451
f 456/456/453 458/458/455 457/457/454
f 458/458/455 456/456/453 424/424/421
f 459/459/456 457/457/454 458/458/455
f 458/458/455 460/460/455 459/459/456
f 461/461/457 459/459/456 460/460/455
f 460/460/455 462/462/458 461/461/457
f 463/463/459 461/461/457 462/462/458
f 462/462/458 464/464/460 463/463/459
f 463/463/459 464/464/460 465/465/85
f 466/466/461 465/465/85 464/464/460
f 461/461/457 463/463/459 467/467/462
f 465/465/85 467/467/462 463/463/459
f 467/467/462 468/468/463 461/461/457
f 459/459/456 461/461/457 468/468/463
f 457/457/454 459/459/456 469/469/90
f 469/469/90 454/454/451 457/457/454
f 468/468/463 469/469/90 459/459/456
f 430/430/427 432/432/429 470/470/464
f 471/471/465 472/472/466 470/470/464
f 472/472/466 471/471/465 473/473/467
f 473/473/467 474/474/468 472/472/466
f 474/474/468 473/473/467 475/475/469
f 475/475/469 476/476/470 474/474/468
f 476/476/470 475/475/469 477/477/471
f 478/478/472 477/477/471 466/466/461
f 477/477/471 478/478/472 476/476/470
f 466/466/461 479/479/473 478/478/472
f 464/464/460 479/479/473 466/466/461
f 480/480/474 479/479/473 464/464/460
f 478/478/472 479/479/473 480/480/474
f 464/464/460 462/462/458 480/480/474
f 481/481/474 474/474/468 476/476/470
f 480/480/474 481/481/474 478/478/472
f 476/476/470 478/478/472 481/481/474
f 474/474/468 481/481/474 482/482/475
f 482/482/475 472/472/466 474/474/468
f 424/424/421 430/430/427 483/483/476
f 483/483/476 470/470/464 472/472/466
f 472/472/466 482/482/475 483/483/476
f 470/470/464 483/483/476 430/430/427
f 484/484/477 483/483/476 482/482/475
f 460/460/455 458/458/455 484/484/477
f 424/424/421 484/484/477 458/458/455
f 483/483/476 484/484/477 424/424/421
f 482/482/475 485/485/478 484/484/477
f 484/484/477 485/485/478 460/460/455
f 462/462/458 460/460/455 485/485/478
f 485/485/478 480/480/474 462/462/458
f 481/481/474 480/480/474 485/485/478
f 485/485/478 482/482/475 481/481/474
f 486/486/479 487/487/480 488/488/481
f 487/487/480 486/486/479 489/489/482
f 490/490/483 489/489/482 486/486/479
f 491/491/484 490/490/483 492/492/485
f 486/486/479 492/492/485 490/490/483
f 488/488/481 493/493/486 486/486/479
f 492/492/485 486/486/479 493/493/486
f 493/493/486 488/488/481 494/494/487
f 495/495/488 494/494/487 488/488/481
f 488/488/481 496/496/489 495/495/488
f 488/488/481 487/487/480 497/497/490
f 497/497/490 496/496/489 488/488/481
f 497/497/490 487/487/480 498/498/491
f 489/489/482 498/498/491 487/487/480
f 498/498/491 499/499/492 497/497/490
f 500/500/493 498/498/491 489/489/482
f 499/499/492 498/498/491 500/500/493
f 501/501/494 502/502/495 503/503/496
f 503/503/496 504/504/497 501/501/494
f 505/505/498 501/501/494 504/504/497
f 504/504/497 495/495/488 505/505/498
f 495/495/488 496/496/489 506/506/499
f 506/506/499 505/505/498 495/495/488
f 507/507/500 506/506/499 496/496/489
f 496/496/489 497/497/490 507/507/500
f 508/508/501 507/507/500 497/497/490
f 497/497/490 499/499/492 508/508/501
f 494/494/487 509/509/502 493/493/486
f 509/509/502 494/494/487 510/510/503
f 510/510/503 494/494/487 495/495/488
f 495/495/488 504/504/497 510/510/503
f 511/511/504 510/510/503 504/504/497
f 504/504/497 503/503/496 511/511/504
f 512/512/505 511/511/504 503/503/496
f 503/503/496 513/513/506 512/512/505
f 513/513/506 503/503/496 502/502/495
f 514/514/507 512/512/505 513/513/506
f 513/513/506 515/515/508 514/514/507
f 516/516/509 514/514/507 515/515/508
f 515/515/508 517/517/510 516/516/509
f 518/518/511 516/516/509 519/519/512
f 516/516/509 517/517/510 520/520/513
f 520/520/513 519/519/512 516/516/509
f 520/520/513 517/517/510 521/521/514
f 522/522/515 521/521/514 517/517/510
f 517/517/510 515/515/508 522/522/515
f 523/523/516 522/522/515 515/515/508
f 502/502/495 523/523/516 513/513/506
f 515/515/508 513/513/506 523/523/516
f 524/524/517 525/525/518 526/526/519
f 519/519/512 520/520/513 527/527/520
f 525/525/518 524/524/517 527/527/520
f 527/527/520 528/528/521 525/525/518
f 529/529/522 528/528/521 527/527/520
f 527/527/520 520/520/513 529/529/522
f 521/521/514 529/529/522 520/520/513
f 530/530/523 531/531/524 532/532/525
f 531/531/524 530/530/523 533/533/526
f 533/533/526 534/534/527 531/531/524
f 534/534/527 533/533/526 535/535/528
f 535/535/528 536/536/529 534/534/527
f 536/536/529 535/535/528 537/537/530
f 537/537/530 538/538/531 536/536/529
f 526/526/519 538/538/531 524/524/517
f 538/538/531 537/537/530 539/539/532
f 539/539/532 524/524/517 538/538/531
f 527/527/520 540/540/533 519/519/512
f 524/524/517 539/539/532 540/540/533
f 540/540/533 527/527/520 524/524/517
f 541/541/534 533/533/526 530/530/523
f 535/535/528 533/533/526 541/541/534
f 541/541/534 542/542/535 535/535/528
f 535/535/528 542/542/535 543/543/536
f 543/543/536 537/537/530 535/535/528
f 544/544/537 539/539/532 537/537/530
f 537/537/530 543/543/536 544/544/537
f 539/539/532 544/544/537 545/545/538
f 545/545/538 540/540/533 539/539/532
f 540/540/533 545/545/538 546/546/539
f 519/519/512 546/546/539 518/518/511
f 546/546/539 519/519/512 540/540/533
f 547/547/540 542/542/535 541/541/534
f 542/542/535 547/547/540 548/548/541
f 548/548/541 543/543/536 542/542/535
f 543/543/536 548/548/541 549/549/542
f 549/549/542 544/544/537 543/543/536
f 544/544/537 549/549/542 550/550/543
f 550/550/543 545/545/538 544/544/537
f 551/551/544 546/546/539 545/545/538
f 518/518/511 546/546/539 551/551/544
f 545/545/538 550/550/543 551/551/544
f 550/550/543 549/549/542 552/552/545
f 551/551/544 550/550/543 553/553/546
f 553/553/546 554/554/547 551/551/544
f 516/516/509 518/518/511 555/555/548
f 555/555/548 514/514/507 516/516/509
f 555/555/548 518/518/511 556/556/549
f 551/551/544 556/556/549 518/518/511
f 551/551/544 554/554/547 557/557/550
f 557/557/550 556/556/549 551/551/544
f 558/558/551 554/554/547 553/553/546
f 557/557/550 554/554/547 558/558/551
f 553/553/546 559/559/552 558/558/551
f 560/560/553 558/558/551 559/559/552
f 559/559/552 561/561/554 560/560/553
f 558/558/551 562/562/555 557/557/550
f 562/562/555 558/558/551 560/560/553
f 557/557/550 562/562/555 563/563/556
f 556/556/549 557/557/550 564/564/557
f 563/563/556 564/564/557 557/557/550
f 564/564/557 565/565/558 556/556/549
f 556/556/549 565/565/558 555/555/548
f 566/566/559 555/555/548 565/565/558
f 514/514/507 555/555/548 566/566/559
f 566/566/559 512/512/505 514/514/507
f 565/565/558 567/567/560 566/566/559
f 567/567/560 565/565/558 568/568/561
f 569/569/562 510/510/503 511/511/504
f 567/567/560 509/509/502 569/569/562
f 569/569/562 511/511/504 512/512/505
f 569/569/562 566/566/559 567/567/560
f 510/510/503 569/569/562 509/509/502
f 512/512/505 566/566/559 569/569/562
f 570/570/563 568/568/561 565/565/558
f 565/565/558 564/564/557 570/570/563
f 568/568/561 570/570/563 571/571/564
f 564/564/557 563/563/556 572/572/565
f 572/572/565 570/570/563 564/564/557
f 573/573/566 571/571/564 570/570/563
f 570/570/563 572/572/565 573/573/566
f 571/571/564 573/573/566 574/574/567
f 574/574/567 575/575/568 571/571/564
f 575/575/568 491/491/484 576/576/569
f 492/492/485 576/576/569 491/491/484
f 571/571/564 576/576/569 568/568/561
f 576/576/569 571/571/564 575/575/568
f 493/493/486 577/577/570 492/492/485
f 568/568/561 577/577/570 567/567/560
f 577/577/570 568/568/561 576/576/569
f 509/509/502 567/567/560 577/577/570
f 577/577/570 493/493/486 509/509/502
f 576/576/569 492/492/485 577/577/570
f 578/578/571 574/574/567 573/573/566
f 579/579/572 574/574/567 578/578/571
f 580/580/573 575/575/568 574/574/567
f 491/491/484 575/575/568 580/580/573
f 574/574/567 579/579/572 580/580/573
f 581/581/574 563/563/556 562/562/555
f 562/562/555 582/582/575 581/581/574
f 560/560/553 582/582/575 562/562/555
f 581/581/574 582/582/575 583/583/576
f 582/582/575 560/560/553 583/583/576
f 560/560/553 561/561/554 583/583/576
f 563/563/556 581/581/574 584/584/577
f 584/584/577 581/581/574 583/583/576
f 584/584/577 572/572/565 563/563/556
f 578/578/571 585/585/578 583/583/576
f 585/585/578 584/584/577 583/583/576
f 573/573/566 585/585/578 578/578/571
f 585/585/578 573/573/566 572/572/565
f 572/572/565 584/584/577 585/585/578
f 586/586/579 578/578/571 583/583/576
f 578/578/571 586/586/579 579/579/572
f 552/552/545 587/587/580 588/588/581
f 588/588/581 589/589/582 552/552/545
f 552/552/545 589/589/582 550/550/543
f 550/550/543 589/589/582 590/590/583
f 550/550/543 590/590/583 553/553/546
f 553/553/546 590/590/583 591/591/584
f 591/591/584 559/559/552 553/553/546
f 589/589/582 588/588/581 591/591/584
f 591/591/584 590/590/583 589/589/582
f 561/561/554 592/592/585 583/583/576
f 592/592/585 591/591/584 588/588/581
f 592/592/585 561/561/554 559/559/552
f 559/559/552 591/591/584 592/592/585
f 588/588/581 593/593/586 592/592/585
f 592/592/585 593/593/586 583/583/576
f 593/593/586 594/594/587 583/583/576
f 594/594/587 593/593/586 588/588/581
f 588/588/581 587/587/580 594/594/587
f 594/594/587 595/595/588 583/583/576
f 596/596/589 597/597/590 598/598/591
f 599/599/592 598/598/591 597/597/590
f 598/598/591 599/599/592 600/600/593
f 600/600/593 599/599/592 583/583/576
f 601/601/594 600/600/593 583/583/576
f 595/595/588 601/601/594 583/583/576
f 602/602/595 595/595/588 594/594/587
f 601/601/594 595/595/588 602/602/595
f 594/594/587 587/587/580 602/602/595
f 603/603/596 604/604/597 583/583/576
f 605/605/598 603/603/596 583/583/576
f 605/605/598 606/606/599 607/607/600
f 607/607/600 603/603/596 605/605/598
f 597/597/590 608/608/601 599/599/592
f 608/608/601 597/597/590 606/606/599
f 608/608/601 605/605/598 583/583/576
f 606/606/599 605/605/598 608/608/601
f 599/599/592 608/608/601 583/583/576
f 609/609/602 610/610/603 611/611/604
f 612/612/605 611/611/604 610/610/603
f 611/611/604 612/612/605 583/583/576
f 611/611/604 613/613/606 609/609/602
f 604/604/597 613/613/606 583/583/576
f 609/609/602 613/613/606 604/604/597
f 613/613/606 611/611/604 583/583/576
f 603/603/596 607/607/600 614/614/607
f 614/614/607 604/604/597 603/603/596
f 604/604/597 614/614/607 609/609/602
f 597/597/590 596/596/589 615/615/608
f 615/615/608 606/606/599 597/597/590
f 616/616/609 607/607/600 606/606/599
f 606/606/599 615/615/608 616/616/609
f 607/607/600 616/616/609 617/617/610
f 617/617/610 614/614/607 607/607/600
f 614/614/607 617/617/610 618/618/611
f 618/618/611 609/609/602 614/614/607
f 610/610/603 609/609/602 618/618/611
f 610/610/603 619/619/612 612/612/605
f 619/619/612 610/610/603 620/620/613
f 618/618/611 620/620/613 610/610/603
f 621/621/614 618/618/611 617/617/610
f 620/620/613 618/618/611 621/621/614
f 622/622/615 617/617/610 616/616/609
f 617/617/610 622/622/615 621/621/614
f 615/615/608 623/623/616 616/616/609
f 623/623/616 615/615/608 596/596/589
f 616/616/609 623/623/616 622/622/615
f 624/624/617 621/621/614 622/622/615
f 621/621/614 624/624/617 625/625/618
f 626/626/619 625/625/618 624/624/617
f 625/625/618 626/626/619 627/627/620
f 625/625/618 628/628/621 621/621/614
f 621/621/614 628/628/621 620/620/613
f 629/629/622 630/630/623 631/631/624
f 630/630/623 629/629/622 632/632/625
f 633/633/626 632/632/625 627/627/620
f 632/632/625 633/633/626 630/630/623
f 627/627/620 634/634/627 633/633/626
f 627/627/620 626/626/619 635/635/628
f 635/635/628 634/634/627 627/627/620
f 624/624/617 636/636/629 626/626/619
f 635/635/628 626/626/619 636/636/629
f 636/636/629 624/624/617 637/637/630
f 622/622/615 637/637/630 624/624/617
f 636/636/629 638/638/631 635/635/628
f 639/639/632 633/633/626 634/634/627
f 640/640/633 630/630/623 633/633/626
f 633/633/626 639/639/632 640/640/633
f 634/634/627 641/641/634 639/639/632
f 641/641/634 634/634/627 635/635/628
f 642/642/635 635/635/628 638/638/631
f 635/635/628 642/642/635 641/641/634
f 638/638/631 643/643/636 642/642/635
f 643/643/636 638/638/631 644/644/637
f 644/644/637 638/638/631 636/636/629
f 644/644/637 645/645/638 643/643/636
f 645/645/638 644/644/637 646/646/639
f 647/647/640 648/648/641 649/649/642
f 649/649/642 648/648/641 650/650/643
f 650/650/643 651/651/644 649/649/642
f 652/652/645 651/651/644 650/650/643
f 650/650/643 653/653/646 652/652/645
f 654/654/647 652/652/645 653/653/646
f 654/654/647 655/655/648 646/646/639
f 653/653/646 655/655/648 654/654/647
f 646/646/639 656/656/649 654/654/647
f 656/656/649 646/646/639 644/644/637
f 637/637/630 657/657/650 636/636/629
f 656/656/649 657/657/650 637/637/630
f 644/644/637 657/657/650 656/656/649
f 636/636/629 657/657/650 644/644/637
f 637/637/630 658/658/651 656/656/649
f 654/654/647 656/656/649 658/658/651
f 622/622/615 623/623/616 658/658/651
f 658/658/651 637/637/630 622/622/615
f 659/659/652 658/658/651 623/623/616
f 652/652/645 654/654/647 659/659/652
f 658/658/651 659/659/652 654/654/647
f 651/651/644 652/652/645 660/660/653
f 659/659/652 660/660/653 652/652/645
f 660/660/653 659/659/652 661/661/654
f 623/623/616 661/661/654 659/659/652
f 661/661/654 662/662/655 660/660/653
f 663/663/656 660/660/653 662/662/655
f 660/660/653 663/663/656 651/651/644
f 662/662/655 664/664/657 663/663/656
f 665/665/658 663/663/656 664/664/657
f 651/651/644 663/663/656 665/665/658
f 665/665/658 649/649/642 651/651/644
f 666/666/659 649/649/642 665/665/658
f 649/649/642 666/666/659 647/647/640
f 667/667/660 647/647/640 666/666/659
f 664/664/657 668/668/661 665/665/658
f 665/665/658 668/668/661 666/666/659
f 669/669/662 666/666/659 668/668/661
f 666/666/659 669/669/662 667/667/660
f 670/670/663 532/532/525 667/667/660
f 667/667/660 669/669/662 670/670/663
f 532/532/525 670/670/663 530/530/523
f 671/671/664 670/670/663 669/669/662
f 530/530/523 672/672/665 541/541/534
f 672/672/665 530/530/523 670/670/663
f 670/670/663 671/671/664 672/672/665
f 541/541/534 672/672/665 547/547/540
f 673/673/666 547/547/540 672/672/665
f 672/672/665 671/671/664 673/673/666
f 547/547/540 673/673/666 674/674/667
f 674/674/667 548/548/541 547/547/540
f 648/648/641 647/647/640 675/675/668
f 676/676/669 675/675/668 647/647/640
f 647/647/640 667/667/660 676/676/669
f 676/676/669 667/667/660 532/532/525
f 677/677/670 532/532/525 531/531/524
f 532/532/525 677/677/670 676/676/669
f 531/531/524 678/678/671 677/677/670
f 678/678/671 531/531/524 534/534/527
f 534/534/527 679/679/672 678/678/671
f 679/679/672 534/534/527 536/536/529
f 680/680/673 536/536/529 538/538/531
f 536/536/529 680/680/673 679/679/672
f 538/538/531 526/526/519 680/680/673
f 681/681/674 682/682/675 683/683/676
f 684/684/677 628/628/621 625/625/618
f 683/683/676 684/684/677 681/681/674
f 625/625/618 685/685/678 684/684/677
f 685/685/678 627/627/620 632/632/625
f 627/627/620 685/685/678 625/625/618
f 632/632/625 629/629/622 686/686/679
f 632/632/625 686/686/679 685/685/678
f 684/684/677 685/685/678 686/686/679
f 681/681/674 686/686/679 629/629/622
f 686/686/679 681/681/674 684/684/677
f 684/684/677 683/683/676 687/687/680
f 687/687/680 628/628/621 684/684/677
f 620/620/613 628/628/621 687/687/680
f 688/688/681 687/687/680 683/683/676
f 689/689/682 683/683/676 682/682/675
f 683/683/676 689/689/682 688/688/681
f 682/682/675 690/690/683 689/689/682
f 690/690/683 682/682/675 691/691/684
f 691/691/684 692/692/685 690/690/683
f 693/693/686 580/580/573 579/579/572
f 693/693/686 694/694/687 688/688/681
f 687/687/680 688/688/681 694/694/687
f 688/688/681 695/695/688 693/693/686
f 695/695/688 688/688/681 689/689/682
f 580/580/573 693/693/686 695/695/688
f 696/696/689 689/689/682 690/690/683
f 689/689/682 696/696/689 695/695/688
f 690/690/683 697/697/690 696/696/689
f 697/697/690 690/690/683 692/692/685
f 692/692/685 698/698/691 697/697/690
f 699/699/692 500/500/493 698/698/691
f 500/500/493 699/699/692 499/499/492
f 508/508/501 499/499/492 699/699/692
f 700/700/693 697/697/690 698/698/691
f 489/489/482 700/700/693 500/500/493
f 698/698/691 500/500/493 700/700/693
f 701/701/694 696/696/689 697/697/690
f 701/701/694 700/700/693 489/489/482
f 489/489/482 490/490/483 701/701/694
f 697/697/690 700/700/693 701/701/694
f 702/702/695 701/701/694 490/490/483
f 702/702/695 695/695/688 696/696/689
f 580/580/573 702/702/695 491/491/484
f 695/695/688 702/702/695 580/580/573
f 696/696/689 701/701/694 702/702/695
f 490/490/483 491/491/484 702/702/695
f 694/694/687 693/693/686 703/703/696
f 703/703/696 579/579/572 586/586/579
f 579/579/572 703/703/696 693/693/686
f 586/586/579 704/704/697 703/703/696
f 704/704/697 586/586/579 583/583/576
f 705/705/698 612/612/605 619/619/612
f 612/612/605 705/705/698 583/583/576
f 705/705/698 704/704/697 583/583/576
f 694/694/687 706/706/699 687/687/680
f 687/687/680 706/706/699 620/620/613
f 620/620/613 706/706/699 619/619/612
f 707/707/700 703/703/696 704/704/697
f 704/704/697 705/705/698 707/707/700
f 703/703/696 707/707/700 694/694/687
f 706/706/699 694/694/687 707/707/700
f 707/707/700 619/619/612 706/706/699
f 619/619/612 707/707/700 705/705/698
f 708/708/701 709/709/702 710/710/703
f 710/710/703 711/711/704 708/708/701
f 711/711/704 710/710/703 712/712/705
f 712/712/705 713/713/706 711/711/704
f 714/714/707 713/713/706 712/712/705
f 712/712/705 715/715/708 714/714/707
f 716/716/709 714/714/707 715/715/708
f 715/715/708 717/717/710 716/716/709
f 718/718/245 716/716/709 717/717/710
f 717/717/710 719/719/711 718/718/245
f 720/720/712 721/721/713 722/722/714
f 723/723/715 722/722/714 721/721/713
f 721/721/713 724/724/716 723/723/715
f 723/723/715 724/724/716 725/725/717
f 723/723/715 726/726/718 722/722/714
f 727/727/719 723/723/715 725/725/717
f 723/723/715 727/727/719 726/726/718
f 727/727/719 725/725/717 728/728/720
f 727/727/719 728/728/720 729/729/721
f 730/730/722 727/727/719 729/729/721
f 730/730/722 726/726/718 727/727/719
f 730/730/722 729/729/721 731/731/495
f 730/730/722 731/731/495 732/732/723
f 733/733/724 730/730/722 732/732/723
f 733/733/724 726/726/718 730/730/722
f 733/733/724 732/732/723 734/734/725
f 726/726/718 735/735/726 736/736/727
f 726/726/718 737/737/728 735/735/726
f 738/738/729 737/737/728 726/726/718
f 739/739/730 738/738/729 726/726/718
f 733/733/724 740/740/731 726/726/718
f 740/740/731 739/739/730 726/726/718
f 738/738/729 741/741/732 737/737/728
f 741/741/732 742/742/733 737/737/728
f 735/735/726 737/737/728 743/743/734
f 737/737/728 742/742/733 743/743/734
f 744/744/735 735/735/726 743/743/734
f 736/736/727 735/735/726 745/745/736
f 735/735/726 744/744/735 745/745/736
f 746/746/737 736/736/727 745/745/736
f 736/736/727 746/746/737 747/747/738
f 736/736/727 748/748/739 726/726/718
f 748/748/739 736/736/727 747/747/738
f 749/749/740 748/748/739 747/747/738
f 748/748/739 749/749/740 750/750/741
f 750/750/741 751/751/742 748/748/739
f 726/726/718 748/748/739 751/751/742
f 751/751/742 750/750/741 752/752/743
f 752/752/743 753/753/744 751/751/742
f 726/726/718 751/751/742 753/753/744
f 754/754/745 753/753/744 752/752/743
f 753/753/744 754/754/745 726/726/718
f 752/752/743 755/755/746 754/754/745
f 720/720/712 756/756/747 757/757/748
f 722/722/714 726/726/718 756/756/747
f 722/722/714 756/756/747 720/720/712
f 757/757/748 756/756/747 726/726/718
f 758/758/749 757/757/748 726/726/718
f 726/726/718 759/759/750 758/758/749
f 760/760/751 759/759/750 726/726/718
f 761/761/752 760/760/751 726/726/718
f 759/759/750 760/760/751 762/762/753
f 762/762/753 763/763/754 759/759/750
f 764/764/755 758/758/749 759/759/750
f 759/759/750 763/763/754 764/764/755
f 765/765/756 757/757/748 758/758/749
f 757/757/748 765/765/756 720/720/712
f 758/758/749 764/764/755 765/765/756
f 766/766/757 754/754/745 755/755/746
f 755/755/746 767/767/758 766/766/757
f 754/754/745 766/766/757 768/768/759
f 768/768/759 766/766/757 767/767/758
f 768/768/759 726/726/718 754/754/745
f 768/768/759 769/769/760 726/726/718
f 726/726/718 769/769/760 761/761/752
f 770/770/761 761/761/752 769/769/760
f 760/760/751 761/761/752 771/771/762
f 771/771/762 762/762/753 760/760/751
f 770/770/761 771/771/762 761/761/752
f 772/772/763 769/769/760 768/768/759
f 769/769/760 772/772/763 770/770/761
f 768/768/759 773/773/764 772/772/763
f 767/767/758 773/773/764 768/768/759
f 774/774/765 775/775/766 776/776/767
f 776/776/767 777/777/768 774/774/765
f 778/778/268 774/774/765 777/777/768
f 777/777/768 779/779/769 778/778/268
f 778/778/268 779/779/769 780/780/770
f 780/780/770 781/781/266 778/778/268
f 781/781/266 780/780/770 782/782/771
f 783/783/264 782/782/771 709/709/702
f 782/782/771 783/783/264 781/781/266
f 709/709/702 708/708/701 783/783/264
f 784/784/772 785/785/773 786/786/391
f 786/786/391 787/787/774 784/784/772
f 788/788/775 784/784/772 787/787/774
f 787/787/774 789/789/776 788/788/775
f 790/790/777 788/788/775 789/789/776
f 789/789/776 791/791/778 790/790/777
f 792/792/779 790/790/777 791/791/778
f 775/775/766 792/792/779 793/793/780
f 793/793/780 776/776/767 775/775/766
f 791/791/778 793/793/780 792/792/779
f 794/794/781 795/795/245 796/796/782
f 796/796/782 797/797/783 794/794/781
f 798/798/784 794/794/781 797/797/783
f 797/797/783 799/799/785 798/798/784
f 800/800/248 798/798/784 799/799/785
f 799/799/785 801/801/786 800/800/248
f 802/802/787 800/800/248 801/801/786
f 785/785/773 802/802/787 803/803/788
f 801/801/786 803/803/788 802/802/787
f 803/803/788 786/786/391 785/785/773
f 232/232/230 804/804/789 230/230/228
f 230/230/228 804/804/789 220/220/218
f 804/804/789 232/232/230 238/238/235
f 217/217/215 220/220/218 804/804/789
f 217/217/215 805/805/790 293/293/290
f 805/805/790 238/238/235 237/237/234
f 238/238/235 805/805/790 804/804/789
f 804/804/789 805/805/790 217/217/215
f 237/237/234 293/293/290 805/805/790
f 806/806/791 297/297/294 295/295/292
f 295/295/292 294/294/291 806/806/791
f 293/293/290 806/806/791 294/294/291
f 807/807/792 806/806/791 293/293/290
f 293/293/290 237/237/234 807/807/792
f 240/240/237 251/251/248 808/808/787
f 808/808/787 239/239/236 240/240/237
f 239/239/236 809/809/793 237/237/234
f 809/809/793 239/239/236 808/808/787
f 237/237/234 809/809/793 810/810/794
f 810/810/794 807/807/792 237/237/234
f 806/806/791 807/807/792 811/811/795
f 811/811/795 807/807/792 810/810/794
f 297/297/294 811/811/795 299/299/296
f 811/811/795 297/297/294 806/806/791
f 810/810/794 812/812/796 811/811/795
f 811/811/795 812/812/796 813/813/797
f 299/299/296 813/813/797 274/274/271
f 813/813/797 299/299/296 811/811/795
f 282/282/279 274/274/271 813/813/797
f 814/814/798 813/813/797 812/812/796
f 813/813/797 814/814/798 282/282/279
f 812/812/796 815/815/775 814/814/798
f 816/816/799 815/815/775 812/812/796
f 812/812/796 810/810/794 816/816/799
f 816/816/799 810/810/794 809/809/793
f 808/808/787 817/817/800 809/809/793
f 809/809/793 817/817/800 816/816/799
f 818/818/801 819/819/802 820/820/803
f 128/128/128 127/127/127 821/821/804
f 820/820/803 819/819/802 821/821/804
f 822/822/805 821/821/804 127/127/127
f 821/821/804 822/822/805 820/820/803
f 820/820/803 822/822/805 105/105/105
f 105/105/105 822/822/805 119/119/119
f 127/127/127 119/119/119 822/822/805
f 823/823/806 824/824/807 818/818/801
f 819/819/802 818/818/801 824/824/807
f 824/824/807 825/825/808 819/819/802
f 821/821/804 826/826/809 128/128/128
f 826/826/809 821/821/804 819/819/802
f 819/819/802 825/825/808 826/826/809
f 825/825/808 824/824/807 827/827/810
f 827/827/810 828/828/811 825/825/808
f 825/825/808 828/828/811 829/829/812
f 829/829/812 826/826/809 825/825/808
f 826/826/809 829/829/812 830/830/813
f 830/830/813 128/128/128 826/826/809
f 128/128/128 830/830/813 831/831/814
f 831/831/814 126/126/126 128/128/128
f 126/126/126 831/831/814 129/129/129
f 129/129/129 832/832/815 143/143/143
f 832/832/815 129/129/129 831/831/814
f 831/831/814 833/833/816 832/832/815
f 833/833/816 831/831/814 830/830/813
f 834/834/817 830/830/813 829/829/812
f 830/830/813 834/834/817 833/833/816
f 829/829/812 835/835/818 834/834/817
f 835/835/818 829/829/812 828/828/811
f 828/828/811 836/836/819 835/835/818
f 828/828/811 827/827/810 837/837/820
f 837/837/820 836/836/819 828/828/811
f 838/838/821 837/837/820 827/827/810
f 824/824/807 823/823/806 839/839/822
f 827/827/810 839/839/822 838/838/821
f 839/839/822 827/827/810 824/824/807
f 840/840/823 838/838/821 839/839/822
f 839/839/822 841/841/824 840/840/823
f 841/841/824 839/839/822 823/823/806
f 842/842/825 840/840/823 841/841/824
f 22/22/22 843/843/826 35/35/35
f 841/841/824 843/843/826 842/842/825
f 843/843/826 22/22/22 844/844/827
f 844/844/827 842/842/825 843/843/826
f 6/6/6 844/844/827 22/22/22
f 843/843/826 841/841/824 845/845/828
f 845/845/828 35/35/35 843/843/826
f 823/823/806 845/845/828 841/841/824
f 60/60/60 846/846/829 72/72/72
f 105/105/105 846/846/829 820/820/803
f 846/846/829 105/105/105 104/104/104
f 104/104/104 72/72/72 846/846/829
f 820/820/803 847/847/830 818/818/801
f 62/62/62 847/847/830 60/60/60
f 846/846/829 60/60/60 847/847/830
f 847/847/830 820/820/803 846/846/829
f 848/848/831 818/818/801 847/847/830
f 847/847/830 62/62/62 848/848/831
f 818/818/801 848/848/831 823/823/806
f 845/845/828 823/823/806 848/848/831
f 35/35/35 845/845/828 849/849/63
f 849/849/63 36/36/36 35/35/35
f 36/36/36 849/849/63 63/63/63
f 62/62/62 63/63/63 849/849/63
f 849/849/63 848/848/831 62/62/62
f 848/848/831 849/849/63 845/845/828
f 354/354/351 850/850/832 360/360/357
f 850/850/832 354/354/351 304/304/301
f 362/362/359 360/360/357 850/850/832
f 850/850/832 851/851/833 362/362/359
f 852/852/834 304/304/301 306/306/303
f 851/851/833 850/850/832 852/852/834
f 304/304/301 852/852/834 850/850/832
f 852/852/834 853/853/835 851/851/833
f 853/853/835 852/852/834 306/306/303
f 854/854/836 853/853/835 306/306/303
f 853/853/835 854/854/836 855/855/837
f 855/855/837 851/851/833 853/853/835
f 372/372/369 856/856/838 855/855/837
f 856/856/838 372/372/369 370/370/367
f 362/362/359 856/856/838 368/368/365
f 370/370/367 368/368/365 856/856/838
f 851/851/833 855/855/837 856/856/838
f 856/856/838 362/362/359 851/851/833
f 857/857/839 855/855/837 854/854/836
f 855/855/837 857/857/839 372/372/369
f 372/372/369 857/857/839 374/374/371
f 374/374/371 857/857/839 858/858/840
f 854/854/836 858/858/840 857/857/839
f 858/858/840 854/854/836 306/306/303
f 386/386/383 858/858/840 306/306/303
f 858/858/840 386/386/383 374/374/371
f 629/629/622 859/859/841 681/681/674
f 682/682/675 681/681/674 859/859/841
f 631/631/624 859/859/841 629/629/622
f 859/859/841 691/691/684 682/682/675
f 699/699/692 860/860/842 508/508/501
f 698/698/691 861/861/843 699/699/692
f 861/861/843 698/698/691 692/692/685
f 860/860/842 699/699/692 861/861/843
f 862/862/844 692/692/685 691/691/684
f 692/692/685 862/862/844 861/861/843
f 859/859/841 631/631/624 863/863/845
f 863/863/845 691/691/684 859/859/841
f 691/691/684 863/863/845 862/862/844
f 861/861/843 864/864/846 860/860/842
f 864/864/846 861/861/843 862/862/844
f 862/862/844 865/865/847 864/864/846
f 865/865/847 862/862/844 863/863/845
f 866/866/848 863/863/845 631/631/624
f 863/863/845 866/866/848 865/865/847
f 867/867/733 631/631/624 630/630/623
f 631/631/624 867/867/733 866/866/848
f 630/630/623 640/640/633 867/867/733
f 548/548/541 674/674/667 868/868/849
f 868/868/849 549/549/542 548/548/541
f 869/869/850 602/602/595 587/587/580
f 549/549/542 868/868/849 869/869/850
f 869/869/850 552/552/545 549/549/542
f 587/587/580 552/552/545 869/869/850
f 870/870/851 602/602/595 869/869/850
f 602/602/595 870/870/851 601/601/594
f 600/600/593 871/871/852 598/598/591
f 871/871/852 600/600/593 601/601/594
f 601/601/594 870/870/851 871/871/852
f 872/872/853 868/868/849 674/674/667
f 872/872/853 873/873/854 662/662/655
f 662/662/655 661/661/654 872/872/853
f 674/674/667 873/873/854 872/872/853
f 872/872/853 874/874/855 868/868/849
f 874/874/855 869/869/850 868/868/849
f 869/869/850 874/874/855 870/870/851
f 872/872/853 875/875/856 874/874/855
f 870/870/851 874/874/855 875/875/856
f 875/875/856 871/871/852 870/870/851
f 876/876/857 598/598/591 871/871/852
f 876/876/857 661/661/654 623/623/616
f 872/872/853 661/661/654 876/876/857
f 623/623/616 596/596/589 876/876/857
f 598/598/591 876/876/857 596/596/589
f 876/876/857 875/875/856 872/872/853
f 871/871/852 875/875/856 876/876/857
f 877/877/858 673/673/666 671/671/664
f 674/674/667 673/673/666 877/877/858
f 877/877/858 873/873/854 674/674/667
f 662/662/655 873/873/854 877/877/858
f 668/668/661 664/664/657 877/877/858
f 877/877/858 664/664/657 662/662/655
f 671/671/664 878/878/859 877/877/858
f 668/668/661 878/878/859 669/669/662
f 877/877/858 878/878/859 668/668/661
f 669/669/662 878/878/859 671/671/664
f 646/646/639 879/879/741 645/645/638
f 879/879/741 646/646/639 655/655/648
f 655/655/648 880/880/860 879/879/741
f 655/655/648 653/653/646 881/881/861
f 881/881/861 880/880/860 655/655/648
f 882/882/862 881/881/861 653/653/646
f 653/653/646 650/650/643 882/882/862
f 675/675/668 883/883/863 648/648/641
f 883/883/863 882/882/862 650/650/643
f 650/650/643 648/648/641 883/883/863
f 26/26/26 884/884/864 18/18/18
f 884/884/864 26/26/26 28/28/28
f 28/28/28 885/885/865 884/884/864
f 28/28/28 27/27/27 886/886/866
f 886/886/866 885/885/865 28/28/28
f 27/27/27 416/416/413 887/887/867
f 887/887/867 886/886/866 27/27/27
f 888/888/868 887/887/867 416/416/413
f 416/416/413 414/414/411 888/888/868
f 414/414/411 397/397/394 889/889/869
f 889/889/869 888/888/868 414/414/411
f 890/890/211 889/889/869 397/397/394
f 397/397/394 396/396/393 890/890/211
f 891/891/213 890/890/211 396/396/393
f 396/396/393 892/892/870 891/891/213
f 893/893/871 892/892/870 396/396/393
f 396/396/393 399/399/396 893/893/871
f 406/406/403 894/894/872 401/401/398
f 399/399/396 401/401/398 894/894/872
f 894/894/872 893/893/871 399/399/396
f 740/740/731 733/733/724 895/895/873
f 733/733/724 734/734/725 895/895/873
f 740/740/731 895/895/873 896/896/874
f 739/739/730 740/740/731 897/897/875
f 740/740/731 896/896/874 897/897/875
f 739/739/730 897/897/875 898/898/842
f 739/739/730 899/899/876 738/738/729
f 739/739/730 898/898/842 899/899/876
f 738/738/729 900/900/877 741/741/732
f 899/899/876 900/900/877 738/738/729
f 442/442/439 901/901/878 434/434/431
f 433/433/430 434/434/431 901/901/878
f 431/431/428 433/433/430 902/902/879
f 901/901/878 902/902/879 433/433/430
f 902/902/879 903/903/880 431/431/428
f 904/904/881 432/432/429 431/431/428
f 431/431/428 903/903/880 904/904/881
f 905/905/882 470/470/464 432/432/429
f 470/470/464 905/905/882 471/471/465
f 432/432/429 904/904/881 905/905/882
f 906/906/883 907/907/884 908/908/885
f 909/909/886 907/907/884 906/906/883
f 906/906/883 910/910/887 909/909/886
f 911/911/888 909/909/886 910/910/887
f 912/912/889 907/907/884 909/909/886
f 909/909/886 911/911/888 912/912/889
f 913/913/890 908/908/885 907/907/884
f 907/907/884 912/912/889 913/913/890
f 908/908/885 913/913/890 914/914/891
f 914/914/891 915/915/892 908/908/885
f 908/908/885 916/916/893 906/906/883
f 916/916/893 908/908/885 915/915/892
f 917/917/894 906/906/883 916/916/893
f 910/910/887 906/906/883 917/917/894
f 918/918/895 919/919/895 920/920/896
f 919/919/895 918/918/895 921/921/897
f 922/922/898 921/921/897 917/917/894
f 921/921/897 922/922/898 919/919/895
f 916/916/893 923/923/899 917/917/894
f 917/917/894 923/923/899 922/922/898
f 915/915/892 924/924/900 916/916/893
f 923/923/899 916/916/893 924/924/900
f 925/925/901 915/915/892 914/914/891
f 924/924/900 915/915/892 925/925/901
f 922/922/898 923/923/899 926/926/902
f 924/924/900 926/926/902 923/923/899
f 926/926/902 927/927/903 922/922/898
f 922/922/898 927/927/903 928/928/904
f 928/928/904 919/919/895 922/922/898
f 919/919/895 928/928/904 929/929/905
f 929/929/905 920/920/896 919/919/895
f 920/920/896 929/929/905 930/930/906
f 930/930/906 931/931/907 920/920/896
f 932/932/908 920/920/896 931/931/907
f 920/920/896 932/932/908 918/918/895
f 931/931/907 933/933/909 932/932/908
f 932/932/908 933/933/909 934/934/910
f 935/935/911 934/934/910 933/933/909
f 933/933/909 936/936/912 935/935/911
f 933/933/909 931/931/907 937/937/913
f 937/937/913 936/936/912 933/933/909
f 938/938/914 937/937/913 931/931/907
f 931/931/907 930/930/906 938/938/914
f 939/939/915 938/938/914 930/930/906
f 940/940/916 930/930/906 929/929/905
f 930/930/906 940/940/916 939/939/915
f 929/929/905 941/941/917 940/940/916
f 941/941/917 929/929/905 928/928/904
f 937/937/913 938/938/914 942/942/918
f 943/943/919 942/942/918 938/938/914
f 938/938/914 939/939/915 943/943/919
f 944/944/920 941/941/917 945/945/921
f 928/928/904 945/945/921 941/941/917
f 941/941/917 944/944/920 946/946/922
f 946/946/922 940/940/916 941/941/917
f 940/940/916 946/946/922 947/947/923
f 947/947/923 939/939/915 940/940/916
f 948/948/924 943/943/919 939/939/915
f 939/939/915 947/947/923 948/948/924
f 949/949/925 942/942/918 943/943/919
f 943/943/919 948/948/924 949/949/925
f 942/942/918 950/950/926 937/937/913
f 950/950/926 942/942/918 949/949/925
f 949/949/925 951/951/927 950/950/926
f 952/952/928 950/950/926 951/951/927
f 937/937/913 950/950/926 952/952/928
f 952/952/928 936/936/912 937/937/913
f 951/951/927 953/953/929 952/952/928
f 954/954/930 935/935/911 936/936/912
f 954/954/930 952/952/928 953/953/929
f 936/936/912 952/952/928 954/954/930
f 953/953/929 955/955/931 954/954/930
f 935/935/911 954/954/930 955/955/931
f 955/955/931 956/956/932 935/935/911
f 934/934/910 935/935/911 956/956/932
f 956/956/932 957/957/933 934/934/910
f 958/958/934 934/934/910 957/957/933
f 934/934/910 958/958/934 932/932/908
f 957/957/933 959/959/935 958/958/934
f 958/958/934 959/959/935 960/960/936
f 961/961/937 918/918/895 932/932/908
f 960/960/936 961/961/937 958/958/934
f 932/932/908 958/958/934 961/961/937
f 961/961/937 960/960/936 962/962/938
f 962/962/938 963/963/939 961/961/937
f 918/918/895 961/961/937 963/963/939
f 963/963/939 921/921/897 918/918/895
f 963/963/939 962/962/938 964/964/940
f 964/964/940 965/965/941 963/963/939
f 965/965/941 917/917/894 921/921/897
f 917/917/894 965/965/941 910/910/887
f 921/921/897 963/963/939 965/965/941
f 910/910/887 966/966/942 911/911/888
f 965/965/941 964/964/940 966/966/942
f 966/966/942 910/910/887 965/965/941
f 967/967/943 945/945/921 928/928/904
f 928/928/904 927/927/903 967/967/943
f 927/927/903 926/926/902 968/968/944
f 968/968/944 967/967/943 927/927/903
f 926/926/902 924/924/900 969/969/945
f 925/925/901 969/969/945 924/924/900
f 969/969/945 968/968/944 926/926/902
f 969/969/945 925/925/901 970/970/946
f 914/914/891 970/970/946 925/925/901
f 970/970/946 971/971/947 969/969/945
f 968/968/944 969/969/945 971/971/947
f 967/967/943 968/968/944 972/972/948
f 971/971/947 972/972/948 968/968/944
f 945/945/921 967/967/943 973/973/949
f 972/972/948 973/973/949 967/967/943
f 945/945/921 974/974/950 944/944/920
f 973/973/949 974/974/950 945/945/921
f 975/975/951 976/976/952 977/977/953
f 977/977/953 976/976/952 978/978/954
f 978/978/954 979/979/955 977/977/953
f 979/979/955 978/978/954 980/980/956
f 981/981/957 982/982/958 983/983/959
f 975/975/951 983/983/959 982/982/958
f 976/976/952 975/975/951 984/984/960
f 982/982/958 984/984/960 975/975/951
f 978/978/954 976/976/952 985/985/961
f 984/984/960 985/985/961 976/976/952
f 985/985/961 986/986/962 978/978/954
f 980/980/956 978/978/954 986/986/962
f 986/986/962 987/987/963 980/980/956
f 988/988/964 980/980/956 987/987/963
f 988/988/964 989/989/965 990/990/966
f 990/990/966 989/989/965 991/991/967
f 980/980/956 988/988/964 992/992/968
f 990/990/966 992/992/968 988/988/964
f 992/992/968 993/993/969 980/980/956
f 980/980/956 993/993/969 979/979/955
f 979/979/955 993/993/969 994/994/970
f 977/977/953 979/979/955 994/994/970
f 993/993/969 992/992/968 994/994/970
f 992/992/968 990/990/966 994/994/970
f 995/995/971 977/977/953 994/994/970
f 983/983/959 975/975/951 995/995/971
f 977/977/953 995/995/971 975/975/951
f 995/995/971 996/996/972 983/983/959
f 996/996/972 995/995/971 994/994/970
f 990/990/966 997/997/973 994/994/970
f 991/991/967 997/997/973 990/990/966
f 997/997/973 998/998/974 994/994/970
f 999/999/975 1000/1000/976 994/994/970
f 1000/1000/976 1001/1001/977 994/994/970
f 1001/1001/977 1002/1002/978 994/994/970
f 1002/1002/978 1003/1003/979 994/994/970
f 1003/1003/979 1004/1004/980 994/994/970
f 1004/1004/980 1005/1005/981 994/994/970
f 1006/1006/982 1004/1004/980 1003/1003/979
f 1005/1005/981 1004/1004/980 1006/1006/982
f 1007/1007/983 1003/1003/979 1002/1002/978
f 1003/1003/979 1007/1007/983 1006/1006/982
f 1008/1008/984 1002/1002/978 1001/1001/977
f 1002/1002/978 1008/1008/984 1007/1007/983
f 1001/1001/977 1009/1009/985 1008/1008/984
f 1010/1010/986 1009/1009/985 1001/1001/977
f 1001/1001/977 1000/1000/976 1010/1010/986
f 1011/1011/987 1010/1010/986 1000/1000/976
f 1000/1000/976 999/999/975 1011/1011/987
f 1012/1012/988 1011/1011/987 1013/1013/989
f 1011/1011/987 1012/1012/988 1014/1014/990
f 1014/1014/990 1010/1010/986 1011/1011/987
f 1010/1010/986 1014/1014/990 1015/1015/991
f 1015/1015/991 1009/1009/985 1010/1010/986
f 1016/1016/992 1008/1008/984 1009/1009/985
f 1009/1009/985 1015/1015/991 1016/1016/992
f 1017/1017/993 1007/1007/983 1008/1008/984
f 1008/1008/984 1016/1016/992 1017/1017/993
f 1018/1018/994 1006/1006/982 1007/1007/983
f 1007/1007/983 1017/1017/993 1018/1018/994
f 1019/1019/995 999/999/975 994/994/970
f 1011/1011/987 999/999/975 1019/1019/995
f 1019/1019/995 1013/1013/989 1011/1011/987
f 1020/1020/996 1019/1019/995 994/994/970
f 1021/1021/997 1013/1013/989 1019/1019/995
f 1019/1019/995 1020/1020/996 1021/1021/997
f 1021/1021/997 1020/1020/996 1022/1022/998
f 1022/1022/998 1020/1020/996 994/994/970
f 1022/1022/998 1023/1023/999 1021/1021/997
f 1024/1024/1000 1022/1022/998 994/994/970
f 1022/1022/998 1024/1024/1000 1025/1025/1001
f 1025/1025/1001 1023/1023/999 1022/1022/998
f 1023/1023/999 1025/1025/1001 1026/1026/1002
f 1026/1026/1002 1027/1027/1003 1023/1023/999
f 1028/1028/1004 1021/1021/997 1023/1023/999
f 1023/1023/999 1027/1027/1003 1028/1028/1004
f 1021/1021/997 1028/1028/1004 1029/1029/1005
f 1013/1013/989 1029/1029/1005 1012/1012/988
f 1029/1029/1005 1013/1013/989 1021/1021/997
f 1030/1030/1006 1031/1031/1007 1032/1032/1008
f 1032/1032/1008 1031/1031/1007 1033/1033/1009
f 1033/1033/1009 1034/1034/1010 1032/1032/1008
f 1026/1026/1002 1025/1025/1001 1034/1034/1010
f 1034/1034/1010 1033/1033/1009 1026/1026/1002
f 987/987/963 1035/1035/1011 988/988/964
f 989/989/965 988/988/964 1035/1035/1011
f 1035/1035/1011 1036/1036/1012 989/989/965
f 991/991/967 1037/1037/1013 1030/1030/1006
f 989/989/965 1036/1036/1012 1037/1037/1013
f 1037/1037/1013 991/991/967 989/989/965
f 1030/1030/1006 1038/1038/1014 991/991/967
f 1032/1032/1008 1038/1038/1014 1030/1030/1006
f 1038/1038/1014 998/998/974 997/997/973
f 997/997/973 991/991/967 1038/1038/1014
f 1039/1039/1015 1032/1032/1008 1034/1034/1010
f 1038/1038/1014 1032/1032/1008 1039/1039/1015
f 1039/1039/1015 998/998/974 1038/1038/1014
f 998/998/974 1039/1039/1015 994/994/970
f 1034/1034/1010 1040/1040/1016 1039/1039/1015
f 1040/1040/1016 1024/1024/1000 994/994/970
f 1040/1040/1016 1034/1034/1010 1025/1025/1001
f 1025/1025/1001 1024/1024/1000 1040/1040/1016
f 1039/1039/1015 1040/1040/1016 994/994/970
f 1041/1041/1017 1006/1006/982 1018/1018/994
f 1006/1006/982 1041/1041/1017 1005/1005/981
f 1042/1042/1018 1005/1005/981 1041/1041/1017
f 1005/1005/981 1042/1042/1018 994/994/970
f 1042/1042/1018 1043/1043/1019 994/994/970
f 1043/1043/1019 996/996/972 994/994/970
f 983/983/959 1044/1044/1020 981/981/957
f 996/996/972 1043/1043/1019 1044/1044/1020
f 1044/1044/1020 983/983/959 996/996/972
f 1044/1044/1020 1043/1043/1019 1042/1042/1018
f 1018/1018/994 1045/1045/1021 1041/1041/1017
f 1041/1041/1017 1046/1046/1022 1042/1042/1018
f 1042/1042/1018 1046/1046/1022 1044/1044/1020
f 981/981/957 1044/1044/1020 1046/1046/1022
f 1046/1046/1022 1041/1041/1017 1045/1045/1021
f 1046/1046/1022 1047/1047/1023 981/981/957
f 1045/1045/1021 1047/1047/1023 1046/1046/1022
f 1048/1048/1024 1049/1049/1025 1050/1050/1026
f 1050/1050/1026 1051/1051/1027 1048/1048/1024
f 1052/1052/1028 1048/1048/1024 1051/1051/1027
f 1051/1051/1027 1050/1050/1026 1053/1053/1029
f 1054/1054/1030 1052/1052/1028 1055/1055/1031
f 1051/1051/1027 1055/1055/1031 1052/1052/1028
f 1056/1056/1032 1051/1051/1027 1053/1053/1029
f 1055/1055/1031 1051/1051/1027 1056/1056/1032
f 1053/1053/1029 1057/1057/1033 1056/1056/1032
f 1056/1056/1032 1057/1057/1033 1058/1058/1034
f 1059/1059/1035 1060/1060/1036 1061/1061/1037
f 1062/1062/1038 1061/1061/1037 1060/1060/1036
f 1060/1060/1036 1063/1063/1039 1062/1062/1038
f 1063/1063/1039 1054/1054/1030 1064/1064/1040
f 1055/1055/1031 1064/1064/1040 1054/1054/1030
f 1064/1064/1040 1062/1062/1038 1063/1063/1039
f 1064/1064/1040 1055/1055/1031 1065/1065/1041
f 1056/1056/1032 1065/1065/1041 1055/1055/1031
f 1058/1058/1034 1066/1066/1042 1056/1056/1032
f 1065/1065/1041 1056/1056/1032 1066/1066/1042
f 1066/1066/1042 1058/1058/1034 1067/1067/1043
f 1062/1062/1038 1064/1064/1040 1068/1068/1044
f 1065/1065/1041 1068/1068/1044 1064/1064/1040
f 1066/1066/1042 1069/1069/1045 1065/1065/1041
f 1067/1067/1043 1069/1069/1045 1066/1066/1042
f 1068/1068/1044 1065/1065/1041 1069/1069/1045
f 1069/1069/1045 1067/1067/1043 1070/1070/1046
f 1070/1070/1046 1071/1071/1047 1069/1069/1045
f 1069/1069/1045 1071/1071/1047 1068/1068/1044
f 1072/1072/1048 1071/1071/1047 1070/1070/1046
f 1061/1061/1037 1062/1062/1038 1073/1073/1049
f 1071/1071/1047 1072/1072/1048 1073/1073/1049
f 1073/1073/1049 1068/1068/1044 1071/1071/1047
f 1068/1068/1044 1073/1073/1049 1062/1062/1038
f 1073/1073/1049 1072/1072/1048 1074/1074/1050
f 1074/1074/1050 1075/1075/1051 1073/1073/1049
f 1073/1073/1049 1075/1075/1051 1061/1061/1037
f 1061/1061/1037 1075/1075/1051 1076/1076/1052
f 1076/1076/1052 1075/1075/1051 1077/1077/1053
f 1077/1077/1053 1078/1078/1054 1076/1076/1052
f 1076/1076/1052 1079/1079/1055 1061/1061/1037
f 1077/1077/1053 1075/1075/1051 1080/1080/1056
f 1080/1080/1056 1075/1075/1051 1074/1074/1050
f 1077/1077/1053 1080/1080/1056 1081/1081/1057
f 1081/1081/1057 1082/1082/1058 1077/1077/1053
f 1083/1083/1059 1078/1078/1054 1077/1077/1053
f 1077/1077/1053 1082/1082/1058 1083/1083/1059
f 1076/1076/1052 1078/1078/1054 1084/1084/1060
f 1084/1084/1060 1078/1078/1054 1083/1083/1059
f 1084/1084/1060 1085/1085/1061 1076/1076/1052
f 1079/1079/1055 1076/1076/1052 1085/1085/1061
f 1085/1085/1061 1086/1086/1062 1079/1079/1055
f 1086/1086/1062 1085/1085/1061 1087/1087/1063
f 1087/1087/1063 1088/1088/1064 1086/1086/1062
f 1089/1089/1065 1088/1088/1064 1087/1087/1063
f 1089/1089/1065 1090/1090/1066 1088/1088/1064
f 1083/1083/1059 1091/1091/1067 1084/1084/1060
f 1092/1092/1068 1084/1084/1060 1091/1091/1067
f 1085/1085/1061 1084/1084/1060 1092/1092/1068
f 1087/1087/1063 1085/1085/1061 1092/1092/1068
f 1091/1091/1067 1093/1093/1069 1092/1092/1068
f 1087/1087/1063 1092/1092/1068 1093/1093/1069
f 1087/1087/1063 1094/1094/1070 1089/1089/1065
f 1093/1093/1069 1094/1094/1070 1087/1087/1063
f 1090/1090/1066 1095/1095/1071 1096/1096/1072
f 1096/1096/1072 1088/1088/1064 1090/1090/1066
f 1097/1097/1073 1086/1086/1062 1088/1088/1064
f 1088/1088/1064 1096/1096/1072 1097/1097/1073
f 1098/1098/1074 1079/1079/1055 1086/1086/1062
f 1086/1086/1062 1097/1097/1073 1098/1098/1074
f 1079/1079/1055 1098/1098/1074 1099/1099/1075
f 1099/1099/1075 1061/1061/1037 1079/1079/1055
f 1059/1059/1035 1061/1061/1037 1100/1100/1076
f 1061/1061/1037 1099/1099/1075 1100/1100/1076
f 1101/1101/1077 1102/1102/1078 1103/1103/1079
f 1104/1104/1080 1105/1105/1081 1101/1101/1077
f 1106/1106/1082 1107/1107/1083 1108/1108/1084
f 1103/1103/1079 1106/1106/1082 1109/1109/1085
f 1108/1108/1084 1109/1109/1085 1106/1106/1082
f 1103/1103/1079 1110/1110/1086 1101/1101/1077
f 1109/1109/1085 1110/1110/1086 1103/1103/1079
f 1111/1111/1087 1101/1101/1077 1110/1110/1086
f 1101/1101/1077 1111/1111/1087 1104/1104/1080
f 1112/1112/1088 1104/1104/1080 1111/1111/1087
f 1111/1111/1087 1113/1113/1089 1112/1112/1088
f 1114/1114/1090 1112/1112/1088 1113/1113/1089
f 1115/1115/1091 1116/1116/1092 1117/1117/1093
f 1117/1117/1093 1118/1118/1094 1115/1115/1091
f 1118/1118/1094 1108/1108/1084 1107/1107/1083
f 1118/1118/1094 1117/1117/1093 1119/1119/1095
f 1119/1119/1095 1108/1108/1084 1118/1118/1094
f 1120/1120/1096 1109/1109/1085 1108/1108/1084
f 1108/1108/1084 1119/1119/1095 1120/1120/1096
f 1121/1121/1097 1110/1110/1086 1109/1109/1085
f 1110/1110/1086 1121/1121/1097 1111/1111/1087
f 1113/1113/1089 1111/1111/1087 1121/1121/1097
f 1109/1109/1085 1120/1120/1096 1121/1121/1097
f 1122/1122/1098 1123/1123/1099 1124/1124/1100
f 1125/1125/1101 1124/1124/1100 1123/1123/1099
f 1123/1123/1099 1126/1126/1102 1125/1125/1101
f 1127/1127/1103 1125/1125/1101 1126/1126/1102
f 1127/1127/1103 1117/1117/1093 1116/1116/1092
f 1126/1126/1102 1128/1128/1104 1127/1127/1103
f 1117/1117/1093 1127/1127/1103 1128/1128/1104
f 1128/1128/1104 1119/1119/1095 1117/1117/1093
f 1129/1129/1105 1120/1120/1096 1119/1119/1095
f 1119/1119/1095 1128/1128/1104 1129/1129/1105
f 1120/1120/1096 1129/1129/1105 1130/1130/1106
f 1130/1130/1106 1121/1121/1097 1120/1120/1096
f 1121/1121/1097 1130/1130/1106 1113/1113/1089
f 1131/1131/1107 1132/1132/1108 1133/1133/1109
f 1124/1124/1100 1134/1134/1110 1122/1122/1098
f 1134/1134/1110 1133/1133/1109 1132/1132/1108
f 1135/1135/1111 1133/1133/1109 1134/1134/1110
f 1134/1134/1110 1124/1124/1100 1135/1135/1111
f 1124/1124/1100 1125/1125/1101 1136/1136/1112
f 1136/1136/1112 1135/1135/1111 1124/1124/1100
f 1116/1116/1092 1137/1137/1113 1127/1127/1103
f 1125/1125/1101 1127/1127/1103 1137/1137/1113
f 1137/1137/1113 1136/1136/1112 1125/1125/1101
f 1138/1138/1114 1139/1139/1115 1140/1140/1116
f 1139/1139/1115 1138/1138/1114 1141/1141/1117
f 1141/1141/1117 1142/1142/1118 1139/1139/1115
f 1116/1116/1092 1115/1115/1091 1143/1143/1119
f 1142/1142/1118 1141/1141/1117 1143/1143/1119
f 1143/1143/1119 1144/1144/1120 1116/1116/1092
f 1137/1137/1113 1116/1116/1092 1144/1144/1120
f 1144/1144/1120 1136/1136/1112 1137/1137/1113
f 1144/1144/1120 1143/1143/1119 1141/1141/1117
f 1141/1141/1117 1145/1145/1121 1144/1144/1120
f 1136/1136/1112 1144/1144/1120 1145/1145/1121
f 1145/1145/1121 1135/1135/1111 1136/1136/1112
f 1145/1145/1121 1141/1141/1117 1138/1138/1114
f 1133/1133/1109 1146/1146/1122 1131/1131/1107
f 1135/1135/1111 1145/1145/1121 1146/1146/1122
f 1146/1146/1122 1133/1133/1109 1135/1135/1111
f 1138/1138/1114 1146/1146/1122 1145/1145/1121
f 1147/1147/1123 1143/1143/1119 1115/1115/1091
f 1143/1143/1119 1147/1147/1123 1142/1142/1118
f 1148/1148/1124 1131/1131/1107 1146/1146/1122
f 1140/1140/1116 1148/1148/1124 1138/1138/1114
f 1146/1146/1122 1138/1138/1114 1148/1148/1124
f 1148/1148/1124 1140/1140/1116 1149/1149/1125
f 1149/1149/1125 1150/1150/1126 1148/1148/1124
f 1131/1131/1107 1148/1148/1124 1150/1150/1126
f 1150/1150/1126 1149/1149/1125 1151/1151/1127
f 1152/1152/1128 1153/1153/1129 1154/1154/1130
f 1154/1154/1130 1155/1155/1131 1152/1152/1128
f 1156/1156/1132 1152/1152/1128 1155/1155/1131
f 1151/1151/1127 1156/1156/1132 1157/1157/1133
f 1155/1155/1131 1157/1157/1133 1156/1156/1132
f 1157/1157/1133 1158/1158/1134 1151/1151/1127
f 1151/1151/1127 1158/1158/1134 1150/1150/1126
f 1132/1132/1108 1131/1131/1107 1159/1159/1135
f 1150/1150/1126 1159/1159/1135 1131/1131/1107
f 1159/1159/1135 1150/1150/1126 1158/1158/1134
f 1160/1160/1136 1157/1157/1133 1155/1155/1131
f 1161/1161/1137 1158/1158/1134 1157/1157/1133
f 1158/1158/1134 1161/1161/1137 1159/1159/1135
f 1157/1157/1133 1160/1160/1136 1161/1161/1137
f 1162/1162/1138 1159/1159/1135 1161/1161/1137
f 1159/1159/1135 1162/1162/1138 1132/1132/1108
f 1132/1132/1108 1163/1163/1139 1134/1134/1110
f 1163/1163/1139 1132/1132/1108 1162/1162/1138
f 1122/1122/1098 1134/1134/1110 1163/1163/1139
f 1128/1128/1104 1126/1126/1102 1164/1164/1140
f 1164/1164/1140 1129/1129/1105 1128/1128/1104
f 1165/1165/1141 1164/1164/1140 1126/1126/1102
f 1126/1126/1102 1123/1123/1099 1165/1165/1141
f 1123/1123/1099 1122/1122/1098 1166/1166/1142
f 1166/1166/1142 1165/1165/1141 1123/1123/1099
f 1167/1167/1143 1166/1166/1142 1122/1122/1098
f 1163/1163/1139 1168/1168/1144 1122/1122/1098
f 1122/1122/1098 1168/1168/1144 1167/1167/1143
f 1168/1168/1144 1163/1163/1139 1169/1169/1145
f 1162/1162/1138 1169/1169/1145 1163/1163/1139
f 1169/1169/1145 1162/1162/1138 1170/1170/1146
f 1161/1161/1137 1170/1170/1146 1162/1162/1138
f 1167/1167/1143 1168/1168/1144 1171/1171/1147
f 1169/1169/1145 1171/1171/1147 1168/1168/1144
f 1170/1170/1146 1172/1172/1148 1169/1169/1145
f 1171/1171/1147 1169/1169/1145 1172/1172/1148
f 1172/1172/1148 1170/1170/1146 1173/1173/1149
f 1173/1173/1149 1170/1170/1146 1161/1161/1137
f 1161/1161/1137 1160/1160/1136 1173/1173/1149
f 1174/1174/1150 1173/1173/1149 1160/1160/1136
f 1173/1173/1149 1175/1175/1151 1172/1172/1148
f 1175/1175/1151 1173/1173/1149 1174/1174/1150
f 1176/1176/1152 1172/1172/1148 1175/1175/1151
f 1172/1172/1148 1176/1176/1152 1171/1171/1147
f 1171/1171/1147 1177/1177/1153 1167/1167/1143
f 1177/1177/1153 1171/1171/1147 1176/1176/1152
f 1178/1178/1154 1167/1167/1143 1177/1177/1153
f 1177/1177/1153 1179/1179/1155 1178/1178/1154
f 1166/1166/1142 1167/1167/1143 1178/1178/1154
f 1176/1176/1152 1180/1180/1156 1177/1177/1153
f 1179/1179/1155 1177/1177/1153 1180/1180/1156
f 1180/1180/1156 1176/1176/1152 1181/1181/1157
f 1175/1175/1151 1181/1181/1157 1176/1176/1152
f 1174/1174/1150 1182/1182/1158 1175/1175/1151
f 1181/1181/1157 1175/1175/1151 1182/1182/1158
f 1160/1160/1136 1183/1183/1159 1174/1174/1150
f 1155/1155/1131 1183/1183/1159 1160/1160/1136
f 1182/1182/1158 1174/1174/1150 1183/1183/1159
f 1180/1180/1156 1184/1184/1160 1179/1179/1155
f 1184/1184/1160 1180/1180/1156 1185/1185/1161
f 1181/1181/1157 1185/1185/1161 1180/1180/1156
f 1182/1182/1158 1186/1186/1162 1181/1181/1157
f 1185/1185/1161 1181/1181/1157 1186/1186/1162
f 1186/1186/1162 1182/1182/1158 1187/1187/1163
f 1183/1183/1159 1187/1187/1163 1182/1182/1158
f 1155/1155/1131 1154/1154/1130 1187/1187/1163
f 1187/1187/1163 1183/1183/1159 1155/1155/1131
f 1187/1187/1163 1188/1188/1164 1186/1186/1162
f 1188/1188/1164 1187/1187/1163 1154/1154/1130
f 1186/1186/1162 1189/1189/1165 1185/1185/1161
f 1189/1189/1165 1186/1186/1162 1188/1188/1164
f 1190/1190/1166 1185/1185/1161 1189/1189/1165
f 1185/1185/1161 1190/1190/1166 1184/1184/1160
f 1191/1191/1167 1184/1184/1160 1190/1190/1166
f 1184/1184/1160 1191/1191/1167 1192/1192/1168
f 1192/1192/1168 1179/1179/1155 1184/1184/1160
f 1193/1193/1169 1178/1178/1154 1179/1179/1155
f 1179/1179/1155 1192/1192/1168 1193/1193/1169
f 1192/1192/1168 1191/1191/1167 1194/1194/1170
f 1190/1190/1166 1195/1195/1171 1191/1191/1167
f 1194/1194/1170 1191/1191/1167 1195/1195/1171
f 1195/1195/1171 1190/1190/1166 1196/1196/1172
f 1189/1189/1165 1196/1196/1172 1190/1190/1166
f 1196/1196/1172 1189/1189/1165 1197/1197/1173
f 1188/1188/1164 1197/1197/1173 1189/1189/1165
f 1154/1154/1130 1198/1198/1174 1188/1188/1164
f 1198/1198/1174 1154/1154/1130 1153/1153/1129
f 1197/1197/1173 1188/1188/1164 1198/1198/1174
f 1195/1195/1171 1199/1199/1175 1194/1194/1170
f 1153/1153/1129 1200/1200/1176 1198/1198/1174
f 1198/1198/1174 1200/1200/1176 1201/1201/1177
f 1198/1198/1174 1202/1202/1178 1197/1197/1173
f 1201/1201/1177 1202/1202/1178 1198/1198/1174
f 1197/1197/1173 1203/1203/1179 1196/1196/1172
f 1203/1203/1179 1197/1197/1173 1202/1202/1178
f 1204/1204/1180 1196/1196/1172 1203/1203/1179
f 1196/1196/1172 1204/1204/1180 1195/1195/1171
f 1199/1199/1175 1195/1195/1171 1204/1204/1180
f 1204/1204/1180 1205/1205/1181 1199/1199/1175
f 1202/1202/1178 1201/1201/1177 1206/1206/1182
f 1202/1202/1178 1207/1207/1183 1203/1203/1179
f 1206/1206/1182 1207/1207/1183 1202/1202/1178
f 1205/1205/1181 1204/1204/1180 1208/1208/1184
f 1208/1208/1184 1203/1203/1179 1207/1207/1183
f 1203/1203/1179 1208/1208/1184 1204/1204/1180
f 1209/1209/1185 1207/1207/1183 1206/1206/1182
f 1207/1207/1183 1209/1209/1185 1208/1208/1184
f 1206/1206/1182 1210/1210/1186 1209/1209/1185
f 1208/1208/1184 1211/1211/1187 1205/1205/1181
f 1211/1211/1187 1208/1208/1184 1209/1209/1185
f 1209/1209/1185 1212/1212/1188 1211/1211/1187
f 1213/1213/1189 1214/1214/1190 1215/1215/1191
f 1215/1215/1191 1216/1216/1192 1213/1213/1189
f 1216/1216/1192 1215/1215/1191 1217/1217/1193
f 1217/1217/1193 1218/1218/1194 1216/1216/1192
f 1218/1218/1194 1217/1217/1193 1219/1219/1195
f 1219/1219/1195 1220/1220/1196 1218/1218/1194
f 1220/1220/1196 1219/1219/1195 1221/1221/1197
f 1221/1221/1197 1222/1222/1198 1220/1220/1196
f 1222/1222/1198 1221/1221/1197 1223/1223/1199
f 1223/1223/1199 1224/1224/1200 1222/1222/1198
f 1222/1222/1198 1224/1224/1200 1225/1225/1201
f 1225/1225/1201 1226/1226/1202 1222/1222/1198
f 1220/1220/1196 1222/1222/1198 1226/1226/1202
f 1218/1218/1194 1220/1220/1196 1227/1227/1203
f 1226/1226/1202 1227/1227/1203 1220/1220/1196
f 1227/1227/1203 1228/1228/1204 1218/1218/1194
f 1216/1216/1192 1218/1218/1194 1228/1228/1204
f 1213/1213/1189 1216/1216/1192 1229/1229/1205
f 1228/1228/1204 1229/1229/1205 1216/1216/1192
f 1230/1230/1206 1225/1225/1201 1224/1224/1200
f 1224/1224/1200 1231/1231/1207 1230/1230/1206
f 1231/1231/1207 1224/1224/1200 1223/1223/1199
f 1232/1232/1208 1230/1230/1206 1231/1231/1207
f 1231/1231/1207 1233/1233/1209 1232/1232/1208
f 1234/1234/1210 1232/1232/1208 1233/1233/1209
f 1233/1233/1209 1235/1235/1211 1234/1234/1210
f 1236/1236/1212 1234/1234/1210 1235/1235/1211
f 1235/1235/1211 1237/1237/1213 1236/1236/1212
f 1238/1238/1214 1236/1236/1212 1237/1237/1213
f 1237/1237/1213 1239/1239/1215 1238/1238/1214
f 1240/1240/1216 1239/1239/1215 1237/1237/1213
f 1237/1237/1213 1241/1241/1217 1240/1240/1216
f 1241/1241/1217 1237/1237/1213 1235/1235/1211
f 1235/1235/1211 1242/1242/1218 1241/1241/1217
f 1242/1242/1218 1235/1235/1211 1233/1233/1209
f 1243/1243/1219 1233/1233/1209 1231/1231/1207
f 1233/1233/1209 1243/1243/1219 1242/1242/1218
f 1231/1231/1207 1244/1244/1220 1243/1243/1219
f 1223/1223/1199 1244/1244/1220 1231/1231/1207
f 1245/1245/1221 1238/1238/1214 1239/1239/1215
f 1239/1239/1215 1246/1246/1222 1245/1245/1221
f 1247/1247/1223 1245/1245/1221 1246/1246/1222
f 1246/1246/1222 1248/1248/1224 1247/1247/1223
f 1249/1249/1225 1247/1247/1223 1248/1248/1224
f 1248/1248/1224 1250/1250/1226 1249/1249/1225
f 1251/1251/1227 1249/1249/1225 1250/1250/1226
f 1250/1250/1226 1252/1252/1228 1251/1251/1227
f 1253/1253/1229 1251/1251/1227 1252/1252/1228
f 1254/1254/1230 1252/1252/1228 1250/1250/1226
f 1255/1255/1231 1250/1250/1226 1248/1248/1224
f 1250/1250/1226 1255/1255/1231 1254/1254/1230
f 1256/1256/1232 1248/1248/1224 1246/1246/1222
f 1248/1248/1224 1256/1256/1232 1255/1255/1231
f 1257/1257/1233 1246/1246/1222 1239/1239/1215
f 1239/1239/1215 1240/1240/1216 1257/1257/1233
f 1246/1246/1222 1257/1257/1233 1256/1256/1232
f 1252/1252/1228 1258/1258/1234 1253/1253/1229
f 1259/1259/1235 1253/1253/1229 1258/1258/1234
f 1260/1260/1236 1258/1258/1234 1252/1252/1228
f 1252/1252/1228 1254/1254/1230 1260/1260/1236
f 1261/1261/1237 1262/1262/1238 1263/1263/1239
f 1263/1263/1239 1264/1264/1240 1261/1261/1237
f 1264/1264/1240 1263/1263/1239 1265/1265/1238
f 1265/1265/1238 1266/1266/1241 1264/1264/1240
f 1266/1266/1241 1265/1265/1238 1267/1267/1242
f 1267/1267/1242 1259/1259/1235 1266/1266/1241
f 1268/1268/1238 1253/1253/1229 1259/1259/1235
f 1259/1259/1235 1267/1267/1242 1268/1268/1238
f 1269/1269/1242 1251/1251/1227 1253/1253/1229
f 1253/1253/1229 1268/1268/1238 1269/1269/1242
f 1229/1229/1205 1270/1270/1242 1271/1271/1238
f 1271/1271/1238 1270/1270/1242 1272/1272/1238
f 1262/1262/1238 1271/1271/1238 1272/1272/1238
f 1263/1263/1239 1262/1262/1238 1272/1272/1238
f 1268/1268/1238 1267/1267/1242 1272/1272/1238
f 1269/1269/1242 1268/1268/1238 1272/1272/1238
f 1265/1265/1238 1263/1263/1239 1272/1272/1238
f 1267/1267/1242 1265/1265/1238 1272/1272/1238
f 1251/1251/1227 1269/1269/1242 1273/1273/1238
f 1273/1273/1238 1269/1269/1242 1272/1272/1238
f 1273/1273/1238 1249/1249/1225 1251/1251/1227
f 1274/1274/1238 1247/1247/1223 1249/1249/1225
f 1274/1274/1238 1273/1273/1238 1272/1272/1238
f 1249/1249/1225 1273/1273/1238 1274/1274/1238
f 1275/1275/1238 1245/1245/1221 1247/1247/1223
f 1247/1247/1223 1274/1274/1238 1275/1275/1238
f 1275/1275/1238 1274/1274/1238 1272/1272/1238
f 1245/1245/1221 1275/1275/1238 1276/1276/1238
f 1276/1276/1238 1238/1238/1214 1245/1245/1221
f 1276/1276/1238 1275/1275/1238 1272/1272/1238
f 1277/1277/1242 1236/1236/1212 1238/1238/1214
f 1277/1277/1242 1276/1276/1238 1272/1272/1238
f 1238/1238/1214 1276/1276/1238 1277/1277/1242
f 1278/1278/1242 1277/1277/1242 1272/1272/1238
f 1236/1236/1212 1277/1277/1242 1278/1278/1242
f 1279/1279/1239 1278/1278/1242 1272/1272/1238
f 1280/1280/1238 1279/1279/1239 1272/1272/1238
f 1281/1281/1238 1280/1280/1238 1272/1272/1238
f 1282/1282/1238 1281/1281/1238 1272/1272/1238
f 1283/1283/1239 1282/1282/1238 1272/1272/1238
f 1270/1270/1242 1284/1284/1238 1272/1272/1238
f 1284/1284/1238 1283/1283/1239 1272/1272/1238
f 1278/1278/1242 1285/1234/1242 1236/1236/1212
f 1285/1234/1242 1278/1278/1242 1279/1279/1239
f 1286/1232/1238 1279/1279/1239 1280/1280/1238
f 1279/1279/1239 1286/1232/1238 1285/1234/1242
f 1287/1230/1238 1280/1280/1238 1281/1281/1238
f 1280/1280/1238 1287/1230/1238 1286/1232/1238
f 1281/1281/1238 1288/1225/1242 1287/1230/1238
f 1288/1225/1242 1281/1281/1238 1282/1282/1238
f 1289/1226/1239 1282/1282/1238 1283/1283/1239
f 1282/1282/1238 1289/1226/1239 1288/1225/1242
f 1283/1283/1239 1290/1227/1238 1289/1226/1239
f 1290/1227/1238 1283/1283/1239 1284/1284/1238
f 1270/1270/1242 1229/1229/1205 1291/1228/1238
f 1284/1284/1238 1291/1228/1238 1290/1227/1238
f 1291/1228/1238 1284/1284/1238 1270/1270/1242
f 1229/1229/1205 1292/1285/1243 1213/1213/1189
f 1292/1285/1243 1271/1271/1238 1262/1262/1238
f 1262/1262/1238 1261/1261/1237 1292/1285/1243
f 1271/1271/1238 1292/1285/1243 1229/1229/1205
f 1293/1286/1244 1213/1213/1189 1292/1285/1243
f 1292/1285/1243 1261/1261/1237 1293/1286/1244
f 1214/1214/1190 1213/1213/1189 1293/1286/1244
f 1294/1287/1245 1293/1286/1244 1261/1261/1237
f 1261/1261/1237 1264/1264/1240 1294/1287/1245
f 1264/1264/1240 1266/1266/1241 1295/1288/1246
f 1295/1288/1246 1294/1287/1245 1264/1264/1240
f 1296/1289/1247 1295/1288/1246 1266/1266/1241
f 1266/1266/1241 1259/1259/1235 1296/1289/1247
f 1258/1258/1234 1296/1289/1247 1259/1259/1235
f 1297/1290/1248 1296/1289/1247 1258/1258/1234
f 1258/1258/1234 1260/1260/1236 1297/1290/1248
f 1298/1291/1249 1295/1288/1246 1296/1289/1247
f 1296/1289/1247 1297/1290/1248 1298/1291/1249
f 1299/1292/1250 1294/1287/1245 1295/1288/1246
f 1295/1288/1246 1298/1291/1249 1299/1292/1250
f 1293/1286/1244 1300/1293/1251 1214/1214/1190
f 1300/1293/1251 1293/1286/1244 1294/1287/1245
f 1294/1287/1245 1299/1292/1250 1300/1293/1251
f 1301/1294/1252 1302/1295/1253 1303/1296/1254
f 1304/1297/1255 1303/1296/1254 1302/1295/1253
f 1302/1295/1253 1305/1298/1256 1304/1297/1255
f 1306/1299/1257 1304/1297/1255 1305/1298/1256
f 1305/1298/1256 1307/1300/1258 1306/1299/1257
f 1308/1301/1259 1306/1299/1257 1307/1300/1258
f 1307/1300/1258 1309/1302/1260 1308/1301/1259
f 1310/1303/1261 1308/1301/1259 1309/1302/1260
f 1309/1302/1260 1311/1304/1262 1310/1303/1261
f 1312/1305/1263 1313/1306/1264 1311/1304/1262
f 1314/1307/1265 1310/1303/1261 1311/1304/1262
f 1311/1304/1262 1313/1306/1264 1314/1307/1265
f 1315/1308/1266 1310/1303/1261 1314/1307/1265
f 1316/1309/1267 1308/1301/1259 1310/1303/1261
f 1310/1303/1261 1315/1308/1266 1316/1309/1267
f 1317/1310/1268 1306/1299/1257 1308/1301/1259
f 1308/1301/1259 1316/1309/1267 1317/1310/1268
f 1306/1299/1257 1317/1310/1268 1318/1311/1269
f 1318/1311/1269 1304/1297/1255 1306/1299/1257
f 1319/1312/1270 1320/1313/1271 1321/1314/1272
f 1321/1314/1272 1322/1315/1273 1319/1312/1270
f 1319/1312/1270 1322/1315/1273 1323/1316/1274
f 1324/1317/1275 1323/1316/1274 1322/1315/1273
f 1325/1318/1276 1323/1316/1274 1324/1317/1275
f 1324/1317/1275 1326/1319/1263 1325/1318/1276
f 1326/1319/1263 1324/1317/1275 1313/1306/1264
f 1313/1306/1264 1312/1305/1263 1326/1319/1263
f 1313/1306/1264 1324/1317/1275 1327/1320/1277
f 1327/1320/1277 1314/1307/1265 1313/1306/1264
f 1322/1315/1273 1327/1320/1277 1324/1317/1275
f 1314/1307/1265 1328/1321/1278 1315/1308/1266
f 1328/1321/1278 1314/1307/1265 1327/1320/1277
f 1329/1322/1279 1327/1320/1277 1322/1315/1273
f 1322/1315/1273 1321/1314/1272 1329/1322/1279
f 1327/1320/1277 1329/1322/1279 1328/1321/1278
f 1320/1313/1271 1319/1312/1270 1330/1323/1280
f 1330/1323/1280 1331/1324/1281 1320/1313/1271
f 1330/1323/1280 1319/1312/1270 1332/1325/1282
f 1323/1316/1274 1332/1325/1282 1319/1312/1270
f 1333/1326/1276 1332/1325/1282 1323/1316/1274
f 1323/1316/1274 1325/1318/1276 1333/1326/1276
f 1325/1318/1276 1326/1319/1263 1334/1327/1263
f 1333/1326/1276 1325/1318/1276 1334/1327/1263
f 1326/1319/1263 1312/1305/1263 1334/1327/1263
f 1311/1304/1262 1335/1328/1263 1312/1305/1263
f 1335/1328/1263 1311/1304/1262 1309/1302/1260
f 1312/1305/1263 1335/1328/1263 1334/1327/1263
f 1336/1329/1263 1309/1302/1260 1307/1300/1258
f 1309/1302/1260 1336/1329/1263 1335/1328/1263
f 1335/1328/1263 1336/1329/1263 1334/1327/1263
f 1307/1300/1258 1337/1330/1283 1336/1329/1263
f 1336/1329/1263 1337/1330/1283 1334/1327/1263
f 1337/1330/1283 1307/1300/1258 1305/1298/1256
f 1305/1298/1256 1338/1331/1283 1337/1330/1283
f 1338/1331/1283 1305/1298/1256 1302/1295/1253
f 1337/1330/1283 1338/1331/1283 1334/1327/1263
f 1302/1295/1253 1339/1332/1276 1338/1331/1283
f 1339/1332/1276 1302/1295/1253 1301/1294/1252
f 1338/1331/1283 1339/1332/1276 1334/1327/1263
f 1301/1294/1252 1340/1333/1263 1339/1332/1276
f 1339/1332/1276 1340/1333/1263 1334/1327/1263
f 1340/1333/1263 1341/1334/1263 1334/1327/1263
f 1341/1334/1263 1342/1335/1263 1334/1327/1263
f 1342/1335/1263 1343/1336/1263 1334/1327/1263
f 1343/1336/1263 1344/1337/1276 1334/1327/1263
f 1344/1337/1276 1345/1338/1263 1334/1327/1263
f 1345/1338/1263 1346/1339/1263 1334/1327/1263
f 1346/1339/1263 1347/1340/1263 1334/1327/1263
f 1347/1340/1263 1348/1341/1263 1334/1327/1263
f 1349/1342/1284 1350/1343/1263 1348/1341/1263
f 1348/1341/1263 1350/1343/1263 1334/1327/1263
f 1348/1341/1263 1351/1344/1285 1349/1342/1284
f 1351/1344/1285 1348/1341/1263 1347/1340/1263
f 1352/1345/1263 1347/1340/1263 1346/1339/1263
f 1347/1340/1263 1352/1345/1263 1351/1344/1285
f 1346/1339/1263 1353/1346/1283 1352/1345/1263
f 1353/1346/1283 1346/1339/1263 1345/1338/1263
f 1354/1347/1263 1345/1338/1263 1344/1337/1276
f 1345/1338/1263 1354/1347/1263 1353/1346/1283
f 1344/1337/1276 1355/1348/1276 1354/1347/1263
f 1355/1348/1276 1344/1337/1276 1343/1336/1263
f 1332/1325/1282 1356/1349/1286 1330/1323/1280
f 1350/1343/1263 1349/1342/1284 1356/1349/1286
f 1356/1349/1286 1357/1350/1263 1350/1343/1263
f 1332/1325/1282 1333/1326/1276 1357/1350/1263
f 1357/1350/1263 1356/1349/1286 1332/1325/1282
f 1357/1350/1263 1333/1326/1276 1334/1327/1263
f 1350/1343/1263 1357/1350/1263 1334/1327/1263
f 1349/1342/1284 1351/1344/1285 1358/1351/1287
f 1356/1349/1286 1349/1342/1284 1359/1352/1288
f 1359/1352/1288 1330/1323/1280 1356/1349/1286
f 1331/1324/1281 1330/1323/1280 1359/1352/1288
f 1358/1351/1287 1359/1352/1288 1349/1342/1284
f 1360/1353/1289 1361/1354/1290 1362/1355/1291
f 1362/1355/1291 1361/1354/1290 1363/1356/1292
f 1363/1356/1292 1364/1357/1293 1362/1355/1291
f 1364/1357/1293 1363/1356/1292 1365/1358/1294
f 1366/1359/1295 1358/1351/1287 1351/1344/1285
f 1365/1358/1294 1366/1359/1295 1364/1357/1293
f 1367/1360/1296 1358/1351/1287 1366/1359/1295
f 1366/1359/1295 1365/1358/1294 1367/1360/1296
f 1368/1361/1297 1359/1352/1288 1358/1351/1287
f 1358/1351/1287 1367/1360/1296 1368/1361/1297
f 1359/1352/1288 1368/1361/1297 1331/1324/1281
f 1369/1362/1298 1370/1363/1299 1360/1353/1289
f 1362/1355/1291 1371/1364/1300 1360/1353/1289
f 1360/1353/1289 1371/1364/1300 1369/1362/1298
f 1371/1364/1300 1362/1355/1291 1372/1347/1301
f 1373/1346/1302 1372/1347/1301 1362/1355/1291
f 1362/1355/1291 1364/1357/1293 1373/1346/1302
f 1364/1357/1293 1366/1359/1295 1374/1345/1303
f 1351/1344/1285 1374/1345/1303 1366/1359/1295
f 1374/1345/1303 1373/1346/1302 1364/1357/1293
f 1372/1347/1301 1375/1348/1304 1371/1364/1300
f 1369/1362/1298 1371/1364/1300 1375/1348/1304
f 1375/1348/1304 1376/1365/1305 1369/1362/1298
f 1377/1366/1306 1369/1362/1298 1376/1365/1305
f 1370/1363/1299 1369/1362/1298 1377/1366/1306
f 1376/1365/1305 1378/1367/1307 1377/1366/1306
f 1379/1368/1308 1377/1366/1306 1378/1367/1307
f 1340/1333/1263 1301/1294/1252 1380/1369/1309
f 1380/1369/1309 1341/1334/1263 1340/1333/1263
f 1378/1367/1307 1380/1369/1309 1379/1368/1308
f 1380/1369/1309 1301/1294/1252 1381/1370/1310
f 1303/1296/1254 1381/1370/1310 1301/1294/1252
f 1381/1370/1310 1379/1368/1308 1380/1369/1309
f 1304/1297/1255 1318/1311/1269 1382/1371/1311
f 1382/1371/1311 1303/1296/1254 1304/1297/1255
f 1383/1372/1312 1381/1370/1310 1303/1296/1254
f 1303/1296/1254 1382/1371/1311 1383/1372/1312
f 1381/1370/1310 1383/1372/1312 1384/1373/1313
f 1384/1373/1313 1379/1368/1308 1381/1370/1310
f 1385/1374/1314 1377/1366/1306 1379/1368/1308
f 1377/1366/1306 1385/1374/1314 1370/1363/1299
f 1379/1368/1308 1384/1373/1313 1385/1374/1314
f 1386/1375/1315 1387/1376/1316 1388/1377/1317
f 1388/1377/1317 1389/1378/1318 1386/1375/1315
f 1389/1378/1318 1388/1377/1317 1390/1379/1319
f 1390/1379/1319 1391/1380/1320 1389/1378/1318
f 1392/1381/1321 1393/1382/1322 1394/1383/1323
f 1394/1383/1323 1395/1384/1324 1392/1381/1321
f 1396/1385/1325 1392/1381/1321 1395/1384/1324
f 1395/1384/1324 1397/1386/1326 1396/1385/1325
f 1398/1387/1327 1396/1385/1325 1397/1386/1326
f 1387/1376/1316 1398/1387/1327 1399/1388/1328
f 1399/1388/1328 1388/1377/1317 1387/1376/1316
f 1397/1386/1326 1399/1388/1328 1398/1387/1327
f 1388/1377/1317 1399/1388/1328 1400/1389/1329
f 1400/1389/1329 1390/1379/1319 1388/1377/1317
f 1395/1384/1324 1394/1383/1323 1401/1390/1330
f 1397/1386/1326 1395/1384/1324 1402/1391/1331
f 1401/1390/1330 1402/1391/1331 1395/1384/1324
f 1399/1388/1328 1397/1386/1326 1403/1392/1332
f 1403/1392/1332 1400/1389/1329 1399/1388/1328
f 1402/1391/1331 1403/1392/1332 1397/1386/1326
f 1393/1382/1322 1392/1381/1321 1404/1393/1333
f 1404/1393/1333 1405/1394/1334 1393/1382/1322
f 1406/1395/1335 1404/1393/1333 1392/1381/1321
f 1392/1381/1321 1396/1385/1325 1406/1395/1335
f 1396/1385/1325 1398/1387/1327 1407/1396/1336
f 1407/1396/1336 1406/1395/1335 1396/1385/1325
f 1398/1387/1327 1387/1376/1316 1408/1397/1337
f 1408/1397/1337 1407/1396/1336 1398/1387/1327
f 1387/1376/1316 1386/1375/1315 1409/1398/1338
f 1409/1398/1338 1408/1397/1337 1387/1376/1316
f 1410/1399/1339 1411/1400/1340 1412/1401/1341
f 1412/1401/1341 1413/1402/1342 1410/1399/1339
f 1414/1403/1343 1410/1399/1339 1413/1402/1342
f 1413/1402/1342 1415/1404/1344 1414/1403/1343
f 1416/1405/1345 1414/1403/1343 1415/1404/1344
f 1415/1404/1344 1417/1406/1346 1416/1405/1345
f 1418/1407/1347 1393/1382/1322 1405/1394/1334
f 1418/1407/1347 1416/1405/1345 1417/1406/1346
f 1419/1408/1348 1394/1383/1323 1393/1382/1322
f 1417/1406/1346 1419/1408/1348 1418/1407/1347
f 1393/1382/1322 1418/1407/1347 1419/1408/1348
f 1413/1402/1342 1412/1401/1341 1420/1409/1349
f 1420/1409/1349 1421/1410/1350 1413/1402/1342
f 1415/1404/1344 1413/1402/1342 1421/1410/1350
f 1421/1410/1350 1422/1411/1351 1415/1404/1344
f 1417/1406/1346 1415/1404/1344 1422/1411/1351
f 1422/1411/1351 1423/1412/1352 1417/1406/1346
f 1419/1408/1348 1417/1406/1346 1423/1412/1352
f 1424/1413/1353 1401/1390/1330 1394/1383/1323
f 1423/1412/1352 1424/1413/1353 1419/1408/1348
f 1394/1383/1323 1419/1408/1348 1424/1413/1353
f 1425/1414/1354 1426/1415/1355 1427/1416/1356
f 1427/1416/1356 1428/1417/1357 1425/1414/1354
f 1428/1417/1357 1427/1416/1356 1429/1418/1358
f 1429/1418/1358 1430/1419/1359 1428/1417/1357
f 1427/1416/1356 1426/1415/1355 1431/1420/1360
f 1432/1421/1361 1431/1420/1360 1426/1415/1355
f 1426/1415/1355 1433/1422/1362 1432/1421/1361
f 1426/1415/1355 1425/1414/1354 1434/1423/1363
f 1434/1423/1363 1433/1422/1362 1426/1415/1355
f 1435/1424/1364 1434/1423/1363 1425/1414/1354
f 1425/1414/1354 1428/1417/1357 1435/1424/1364
f 1428/1417/1357 1430/1419/1359 1436/1425/1365
f 1436/1425/1365 1435/1424/1364 1428/1417/1357
f 1437/1426/1366 1436/1425/1365 1430/1419/1359
f 1436/1425/1365 1437/1426/1366 1438/1427/1367
f 1438/1427/1367 1439/1428/1368 1440/1429/1369
f 1435/1424/1364 1436/1425/1365 1441/1430/1370
f 1440/1429/1369 1441/1430/1370 1438/1427/1367
f 1438/1427/1367 1441/1430/1370 1436/1425/1365
f 1434/1423/1363 1435/1424/1364 1442/1431/1371
f 1442/1431/1371 1441/1430/1370 1440/1429/1369
f 1441/1430/1370 1442/1431/1371 1435/1424/1364
f 1442/1431/1371 1443/1432/1372 1434/1423/1363
f 1433/1422/1362 1434/1423/1363 1443/1432/1372
f 1440/1429/1369 1444/1433/1373 1442/1431/1371
f 1443/1432/1372 1442/1431/1371 1444/1433/1373
f 1445/1434/1374 1444/1433/1373 1440/1429/1369
f 1440/1429/1369 1446/1435/1375 1445/1434/1374
f 1446/1435/1375 1440/1429/1369 1439/1428/1368
f 1447/1436/1376 1445/1434/1374 1446/1435/1375
f 1446/1435/1375 1448/1437/1377 1447/1436/1376
f 1447/1436/1376 1448/1437/1377 1449/1438/1378
f 1449/1438/1378 1448/1437/1377 1450/1439/1379
f 1451/1440/1380 1449/1438/1378 1450/1439/1379
f 1449/1438/1378 1452/1441/1381 1447/1436/1376
f 1452/1441/1381 1449/1438/1378 1451/1440/1380
f 1453/1442/1382 1447/1436/1376 1452/1441/1381
f 1445/1434/1374 1447/1436/1376 1453/1442/1382
f 1444/1433/1373 1445/1434/1374 1454/1443/1383
f 1453/1442/1382 1454/1443/1383 1445/1434/1374
f 1454/1443/1383 1455/1444/1384 1444/1433/1373
f 1444/1433/1373 1455/1444/1384 1443/1432/1372
f 1456/1445/1385 1443/1432/1372 1455/1444/1384
f 1443/1432/1372 1456/1445/1385 1433/1422/1362
f 1452/1441/1381 1457/1446/1386 1453/1442/1382
f 1454/1443/1383 1453/1442/1382 1457/1446/1386
f 1457/1446/1386 1452/1441/1381 1458/1447/1387
f 1451/1440/1380 1458/1447/1387 1452/1441/1381
f 1459/1448/1388 1460/1449/1389 1461/1450/1390
f 1460/1449/1389 1459/1448/1388 1462/1451/1391
f 1462/1451/1391 1463/1452/1392 1460/1449/1389
f 1433/1422/1362 1464/1453/1393 1432/1421/1361
f 1464/1453/1393 1433/1422/1362 1456/1445/1385
f 1464/1453/1393 1463/1452/1392 1462/1451/1391
f 1456/1445/1385 1463/1452/1392 1464/1453/1393
f 1455/1444/1384 1465/1454/1394 1456/1445/1385
f 1465/1454/1394 1460/1449/1389 1463/1452/1392
f 1463/1452/1392 1456/1445/1385 1465/1454/1394
f 1466/1455/1395 1461/1450/1390 1460/1449/1389
f 1460/1449/1389 1465/1454/1394 1466/1455/1395
f 1455/1444/1384 1454/1443/1383 1466/1455/1395
f 1466/1455/1395 1465/1454/1394 1455/1444/1384
f 1457/1446/1386 1466/1455/1395 1454/1443/1383
f 1467/1456/1396 1461/1450/1390 1466/1455/1395
f 1458/1447/1387 1467/1456/1396 1457/1446/1386
f 1466/1455/1395 1457/1446/1386 1467/1456/1396
f 1451/1440/1380 1468/1457/1397 1469/1458/1398
f 1450/1439/1379 1468/1457/1397 1451/1440/1380
f 1469/1458/1398 1468/1457/1397 1470/1459/1399
f 1469/1458/1398 1471/1460/1400 1451/1440/1380
f 1458/1447/1387 1451/1440/1380 1471/1460/1400
f 1471/1460/1400 1472/1461/1401 1458/1447/1387
f 1467/1456/1396 1458/1447/1387 1472/1461/1401
f 1472/1461/1401 1473/1462/1402 1467/1456/1396
f 1474/1463/1403 1461/1450/1390 1467/1456/1396
f 1461/1450/1390 1474/1463/1403 1459/1448/1388
f 1467/1456/1396 1473/1462/1402 1474/1463/1403
f 1468/1457/1397 1450/1439/1379 1475/1464/1404
f 1475/1464/1404 1470/1459/1399 1468/1457/1397
f 1476/1465/1405 1475/1464/1404 1450/1439/1379
f 1450/1439/1379 1448/1437/1377 1476/1465/1405
f 1475/1464/1404 1476/1465/1405 1477/1466/1406
f 1478/1467/1407 1477/1466/1406 1476/1465/1405
f 1477/1466/1406 1478/1467/1407 1479/1468/1408
f 1480/1469/1409 1479/1468/1408 1478/1467/1407
f 1478/1467/1407 1481/1470/1410 1480/1469/1409
f 1482/1471/1411 1480/1469/1409 1481/1470/1410
f 1481/1470/1410 1483/1472/1412 1482/1471/1411
f 1439/1428/1368 1438/1427/1367 1483/1472/1412
f 1483/1472/1412 1438/1427/1367 1437/1426/1366
f 1483/1472/1412 1481/1470/1410 1439/1428/1368
f 1482/1471/1411 1483/1472/1412 1484/1473/1413
f 1437/1426/1366 1484/1473/1413 1483/1472/1412
f 1481/1470/1410 1478/1467/1407 1485/1474/1414
f 1476/1465/1405 1485/1474/1414 1478/1467/1407
f 1485/1474/1414 1476/1465/1405 1448/1437/1377
f 1439/1428/1368 1485/1474/1414 1446/1435/1375
f 1485/1474/1414 1439/1428/1368 1481/1470/1410
f 1448/1437/1377 1446/1435/1375 1485/1474/1414
f 1430/1419/1359 1486/1475/1415 1437/1426/1366
f 1484/1473/1413 1437/1426/1366 1486/1475/1415
f 1487/1476/1416 1430/1419/1359 1429/1418/1358
f 1486/1475/1415 1430/1419/1359 1487/1476/1416
f 1487/1476/1416 1429/1418/1358 1488/1477/1417
f 1488/1477/1417 1429/1418/1358 1427/1416/1356
f 1431/1420/1360 1489/1478/1418 1427/1416/1356
f 1427/1416/1356 1489/1478/1418 1488/1477/1417
f 1490/1479/1419 1488/1477/1417 1489/1478/1418
f 1488/1477/1417 1491/1480/1420 1487/1476/1416
f 1491/1480/1420 1488/1477/1417 1490/1479/1419
f 1487/1476/1416 1492/1481/1421 1486/1475/1415
f 1492/1481/1421 1487/1476/1416 1491/1480/1420
f 1486/1475/1415 1493/1482/1422 1484/1473/1413
f 1493/1482/1422 1486/1475/1415 1492/1481/1421
f 1484/1473/1413 1494/1483/1423 1482/1471/1411
f 1494/1483/1423 1484/1473/1413 1493/1482/1422
f 1482/1471/1411 1494/1483/1423 1495/1484/1424
f 1492/1481/1421 1496/1485/1425 1493/1482/1422
f 1497/1486/1426 1496/1485/1425 1498/1487/1427
f 1496/1485/1425 1497/1486/1426 1499/1488/1428
f 1499/1488/1428 1493/1482/1422 1496/1485/1425
f 1495/1484/1424 1494/1483/1423 1499/1488/1428
f 1493/1482/1422 1499/1488/1428 1494/1483/1423
f 1500/1489/1429 1499/1488/1428 1497/1486/1426
f 1499/1488/1428 1500/1489/1429 1495/1484/1424
f 1491/1480/1420 1501/1490/1430 1492/1481/1421
f 1501/1490/1430 1498/1487/1427 1496/1485/1425
f 1496/1485/1425 1492/1481/1421 1501/1490/1430
f 1490/1479/1419 1502/1491/1431 1491/1480/1420
f 1501/1490/1430 1491/1480/1420 1502/1491/1431
f 1498/1487/1427 1501/1490/1430 1503/1492/1432
f 1502/1491/1431 1503/1492/1432 1501/1490/1430
f 1503/1492/1432 1504/1493/1433 1498/1487/1427
f 1505/1494/1434 1498/1487/1427 1504/1493/1433
f 1498/1487/1427 1505/1494/1434 1497/1486/1426
f 1497/1486/1426 1505/1494/1434 1506/1495/1435
f 1506/1495/1435 1507/1496/1436 1497/1486/1426
f 1497/1486/1426 1507/1496/1436 1500/1489/1429
f 1504/1493/1433 1508/1497/1437 1505/1494/1434
f 1462/1451/1391 1509/1498/1438 1464/1453/1393
f 1432/1421/1361 1464/1453/1393 1509/1498/1438
f 1431/1420/1360 1432/1421/1361 1510/1499/1439
f 1509/1498/1438 1510/1499/1439 1432/1421/1361
f 1489/1478/1418 1431/1420/1360 1511/1500/1440
f 1510/1499/1439 1511/1500/1440 1431/1420/1360
f 1489/1478/1418 1512/1501/1441 1490/1479/1419
f 1511/1500/1440 1512/1501/1441 1489/1478/1418
f 1513/1502/1442 1514/1503/1443 1515/1504/1444
f 1515/1504/1444 1516/1505/1445 1513/1502/1442
f 1516/1505/1445 1515/1504/1444 1517/1506/1446
f 1517/1506/1446 1518/1507/1447 1516/1505/1445
f 1518/1507/1447 1517/1506/1446 1519/1508/1448
f 1519/1508/1448 1520/1509/1449 1518/1507/1447
f 1521/1510/1450 1520/1509/1449 1519/1508/1448
f 1522/1511/1451 1515/1504/1444 1514/1503/1443
f 1514/1503/1443 1523/1512/1452 1522/1511/1451
f 1522/1511/1451 1523/1512/1452 1524/1513/1453
f 1525/1514/1454 1517/1506/1446 1515/1504/1444
f 1515/1504/1444 1522/1511/1451 1525/1514/1454
f 1526/1515/1455 1519/1508/1448 1517/1506/1446
f 1517/1506/1446 1525/1514/1454 1526/1515/1455
f 1519/1508/1448 1526/1515/1455 1527/1516/1456
f 1527/1516/1456 1528/1517/1457 1519/1508/1448
f 1519/1508/1448 1528/1517/1457 1521/1510/1450
f 1524/1513/1453 1529/1518/1458 1522/1511/1451
f 1530/1519/1459 1525/1514/1454 1522/1511/1451
f 1522/1511/1451 1529/1518/1458 1530/1519/1459
f 1525/1514/1454 1530/1519/1459 1531/1520/1460
f 1531/1520/1460 1526/1515/1455 1525/1514/1454
f 1526/1515/1455 1531/1520/1460 1532/1521/1461
f 1532/1521/1461 1527/1516/1456 1526/1515/1455
f 1527/1516/1456 1532/1521/1461 1533/1522/1462
f 1533/1522/1462 1534/1523/1463 1527/1516/1456
f 1528/1517/1457 1527/1516/1456 1534/1523/1463
f 1534/1523/1463 1533/1522/1462 1535/1524/1464
f 1536/1525/1465 1529/1518/1458 1524/1513/1453
f 1537/1526/1466 1530/1519/1459 1529/1518/1458
f 1529/1518/1458 1536/1525/1465 1537/1526/1466
f 1530/1519/1459 1537/1526/1466 1538/1527/1467
f 1538/1527/1467 1531/1520/1460 1530/1519/1459
f 1539/1528/1468 1532/1521/1461 1531/1520/1460
f 1531/1520/1460 1538/1527/1467 1539/1528/1468
f 1540/1529/1469 1533/1522/1462 1532/1521/1461
f 1532/1521/1461 1539/1528/1468 1540/1529/1469
f 1541/1530/1470 1535/1524/1464 1533/1522/1462
f 1533/1522/1462 1540/1529/1469 1541/1530/1470
f 1542/1531/1471 1539/1528/1468 1538/1527/1467
f 1543/1532/1472 1540/1529/1469 1539/1528/1468
f 1539/1528/1468 1542/1531/1471 1543/1532/1472
f 1540/1529/1469 1543/1532/1472 1544/1533/1473
f 1544/1533/1473 1541/1530/1470 1540/1529/1469
f 1541/1530/1470 1544/1533/1473 1545/1534/1474
f 1545/1534/1474 1546/1535/1475 1541/1530/1470
f 1535/1524/1464 1541/1530/1470 1546/1535/1475
f 1546/1535/1475 1545/1534/1474 1547/1536/1476
f 1547/1536/1476 1548/1537/1477 1546/1535/1475
f 1548/1537/1477 1547/1536/1476 1549/1538/1478
f 1549/1538/1478 1550/1539/1479 1548/1537/1477
f 1546/1535/1475 1548/1537/1477 1551/1540/1480
f 1551/1540/1480 1548/1537/1477 1550/1539/1479
f 1550/1539/1479 1552/1541/1481 1551/1540/1480
f 1551/1540/1480 1552/1541/1481 1553/1542/1482
f 1554/1543/1483 1553/1542/1482 1552/1541/1481
f 1551/1540/1480 1555/1544/1484 1546/1535/1475
f 1546/1535/1475 1555/1544/1484 1535/1524/1464
f 1555/1544/1484 1551/1540/1480 1556/1545/1485
f 1553/1542/1482 1556/1545/1485 1551/1540/1480
f 1556/1545/1485 1553/1542/1482 1557/1546/1486
f 1553/1542/1482 1554/1543/1483 1558/1547/1487
f 1558/1547/1487 1557/1546/1486 1553/1542/1482
f 1558/1547/1487 1554/1543/1483 1559/1548/1488
f 1560/1549/1489 1559/1548/1488 1554/1543/1483
f 1535/1524/1464 1555/1544/1484 1561/1550/1490
f 1556/1545/1485 1561/1550/1490 1555/1544/1484
f 1557/1546/1486 1562/1551/1491 1556/1545/1485
f 1561/1550/1490 1556/1545/1485 1562/1551/1491
f 1561/1550/1490 1563/1552/1492 1535/1524/1464
f 1535/1524/1464 1563/1552/1492 1534/1523/1463
f 1563/1552/1492 1561/1550/1490 1564/1553/1493
f 1562/1551/1491 1564/1553/1493 1561/1550/1490
f 1565/1554/1494 1564/1553/1493 1562/1551/1491
f 1562/1551/1491 1566/1555/1495 1565/1554/1494
f 1567/1556/1496 1566/1555/1495 1562/1551/1491
f 1562/1551/1491 1557/1546/1486 1567/1556/1496
f 1568/1557/1497 1567/1556/1496 1557/1546/1486
f 1557/1546/1486 1558/1547/1487 1568/1557/1497
f 1534/1523/1463 1569/1558/1498 1528/1517/1457
f 1569/1558/1498 1534/1523/1463 1563/1552/1492
f 1521/1510/1450 1528/1517/1457 1569/1558/1498
f 1564/1553/1493 1570/1559/1499 1563/1552/1492
f 1570/1559/1499 1564/1553/1493 1565/1554/1494
f 1563/1552/1492 1570/1559/1499 1569/1558/1498
f 1569/1558/1498 1571/1560/1500 1521/1510/1450
f 1572/1561/1501 1571/1560/1500 1569/1558/1498
f 1569/1558/1498 1570/1559/1499 1572/1561/1501
f 1565/1554/1494 1572/1561/1501 1570/1559/1499
f 1573/1562/1502 1574/1563/1503 1575/1564/1504
f 1575/1564/1504 1576/1565/1505 1573/1562/1502
f 1577/1566/1506 1573/1562/1502 1576/1565/1505
f 1576/1565/1505 1578/1567/1507 1577/1566/1506
f 1579/1568/1508 1577/1566/1506 1578/1567/1507
f 1578/1567/1507 1580/1569/1509 1579/1568/1508
f 1581/1570/1510 1579/1568/1508 1580/1569/1509
f 1581/1570/1510 1412/1401/1341 1411/1400/1340
f 1412/1401/1341 1581/1570/1510 1582/1571/1511
f 1580/1569/1509 1582/1571/1511 1581/1570/1510
f 1582/1571/1511 1420/1409/1349 1412/1401/1341
f 1574/1563/1503 1573/1562/1502 1583/1572/1512
f 1583/1572/1512 1584/1573/1513 1574/1563/1503
f 1585/1574/1514 1583/1572/1512 1573/1562/1502
f 1573/1562/1502 1577/1566/1506 1585/1574/1514
f 1577/1566/1506 1579/1568/1508 1586/1575/1515
f 1586/1575/1515 1585/1574/1514 1577/1566/1506
f 1579/1568/1508 1581/1570/1510 1587/1576/1516
f 1587/1576/1516 1586/1575/1515 1579/1568/1508
f 1411/1400/1340 1587/1576/1516 1581/1570/1510
f 1584/1573/1513 1583/1572/1512 1588/1577/1517
f 1588/1577/1517 1589/1578/1518 1584/1573/1513
f 1590/1579/1519 1588/1577/1517 1583/1572/1512
f 1583/1572/1512 1585/1574/1514 1590/1579/1519
f 1591/1580/1520 1590/1579/1519 1585/1574/1514
f 1585/1574/1514 1586/1575/1515 1591/1580/1520
f 1586/1575/1515 1587/1576/1516 1592/1581/1521
f 1592/1581/1521 1591/1580/1520 1586/1575/1515
f 1587/1576/1516 1411/1400/1340 1593/1582/1522
f 1593/1582/1522 1592/1581/1521 1587/1576/1516
f 1411/1400/1340 1410/1399/1339 1594/1583/1523
f 1594/1583/1523 1593/1582/1522 1411/1400/1340
f 1595/1584/1524 1594/1583/1523 1410/1399/1339
f 1410/1399/1339 1414/1403/1343 1595/1584/1524
f 1414/1403/1343 1416/1405/1345 1596/1585/1525
f 1596/1585/1525 1595/1584/1524 1414/1403/1343
f 1416/1405/1345 1418/1407/1347 1597/1586/1526
f 1405/1394/1334 1597/1586/1526 1418/1407/1347
f 1597/1586/1526 1596/1585/1525 1416/1405/1345
f 1598/1587/1527 1599/1588/1528 1600/1589/1529
f 1600/1589/1529 1601/1590/1530 1598/1587/1527
f 1602/1591/1531 1598/1587/1527 1601/1590/1530
f 1601/1590/1530 1603/1592/1532 1602/1591/1531
f 1604/1593/1533 1602/1591/1531 1603/1592/1532
f 1603/1592/1532 1605/1594/1534 1604/1593/1533
f 1606/1595/1535 1604/1593/1533 1605/1594/1534
f 1606/1595/1535 1574/1563/1503 1584/1573/1513
f 1605/1594/1534 1607/1596/1536 1606/1595/1535
f 1574/1563/1503 1606/1595/1535 1607/1596/1536
f 1607/1596/1536 1575/1564/1504 1574/1563/1503
f 1599/1588/1528 1598/1587/1527 1608/1597/1537
f 1608/1597/1537 1609/1598/1538 1599/1588/1528
f 1610/1599/1539 1608/1597/1537 1598/1587/1527
f 1598/1587/1527 1602/1591/1531 1610/1599/1539
f 1602/1591/1531 1604/1593/1533 1611/1600/1540
f 1611/1600/1540 1610/1599/1539 1602/1591/1531
f 1612/1601/1541 1611/1600/1540 1604/1593/1533
f 1604/1593/1533 1606/1595/1535 1612/1601/1541
f 1584/1573/1513 1612/1601/1541 1606/1595/1535
f 1612/1601/1541 1584/1573/1513 1589/1578/1518
f 1609/1598/1538 1608/1597/1537 1613/1602/1542
f 1613/1602/1542 1614/1603/1543 1609/1598/1538
f 1615/1604/1544 1613/1602/1542 1608/1597/1537
f 1608/1597/1537 1610/1599/1539 1615/1604/1544
f 1610/1599/1539 1611/1600/1540 1616/1605/1545
f 1616/1605/1545 1615/1604/1544 1610/1599/1539
f 1617/1606/1546 1616/1605/1545 1611/1600/1540
f 1589/1578/1518 1617/1606/1546 1612/1601/1541
f 1611/1600/1540 1612/1601/1541 1617/1606/1546
f 1618/1607/1547 1619/1608/1548 1620/1609/1549
f 1621/1610/1550 1622/1611/1551 1623/1612/1552
f 1623/1612/1552 1622/1611/1551 1624/1613/1553
f 1624/1613/1553 1618/1607/1547 1623/1612/1552
f 1623/1612/1552 1618/1607/1547 1625/1614/1554
f 1620/1609/1549 1625/1614/1554 1618/1607/1547
f 1625/1614/1554 1620/1609/1549 1626/1615/1555
f 1470/1459/1399 1626/1615/1555 1469/1458/1398
f 1626/1615/1555 1470/1459/1399 1625/1614/1554
f 1627/1616/1556 1479/1468/1408 1480/1469/1409
f 1479/1468/1408 1628/1617/1557 1477/1466/1406
f 1628/1617/1557 1479/1468/1408 1627/1616/1556
f 1627/1616/1556 1621/1610/1550 1628/1617/1557
f 1623/1612/1552 1628/1617/1557 1621/1610/1550
f 1470/1459/1399 1475/1464/1404 1629/1618/1558
f 1628/1617/1557 1623/1612/1552 1629/1618/1558
f 1629/1618/1558 1477/1466/1406 1628/1617/1557
f 1477/1466/1406 1629/1618/1558 1475/1464/1404
f 1625/1614/1554 1629/1618/1558 1623/1612/1552
f 1629/1618/1558 1625/1614/1554 1470/1459/1399
f 1495/1484/1424 1630/1619/1559 1482/1471/1411
f 1480/1469/1409 1482/1471/1411 1630/1619/1559
f 1480/1469/1409 1630/1619/1559 1627/1616/1556
f 1631/1620/1560 1080/1080/1056 1074/1074/1050
f 1631/1620/1560 1081/1081/1057 1080/1080/1056
f 1074/1074/1050 1632/1621/1561 1631/1620/1560
f 1074/1074/1050 1072/1072/1048 1633/1622/1562
f 1633/1622/1562 1632/1621/1561 1074/1074/1050
f 1070/1070/1046 1633/1622/1562 1072/1072/1048
f 1634/1623/1563 1635/1624/1564 1636/1625/1565
f 1637/1626/1566 1636/1625/1565 1635/1624/1564
f 1635/1624/1564 1638/1627/1567 1637/1626/1566
f 1637/1626/1566 1638/1627/1567 1639/1628/1568
f 1639/1628/1568 1640/1629/1569 1637/1626/1566
f 1636/1625/1565 1637/1626/1566 1641/1630/1570
f 1641/1630/1570 1637/1626/1566 1640/1629/1569
f 1640/1629/1569 1642/1631/1571 1641/1630/1570
f 1635/1624/1564 1634/1623/1563 1643/1632/1572
f 1644/1633/1573 1643/1632/1572 1634/1623/1563
f 1638/1627/1567 1635/1624/1564 1645/1634/1574
f 1643/1632/1572 1645/1634/1574 1635/1624/1564
f 1645/1634/1574 1646/1635/1575 1638/1627/1567
f 1647/1636/1576 1639/1628/1568 1638/1627/1567
f 1638/1627/1567 1646/1635/1575 1647/1636/1576
f 1639/1628/1568 1647/1636/1576 1648/1637/1577
f 1648/1637/1577 1649/1638/1578 1639/1628/1568
f 1640/1629/1569 1639/1628/1568 1649/1638/1578
f 1642/1631/1571 1640/1629/1569 1650/1639/1579
f 1649/1638/1578 1650/1639/1579 1640/1629/1569
f 1650/1639/1579 1651/1640/1580 1642/1631/1571
f 1642/1631/1571 1651/1640/1580 1652/1641/1581
f 1652/1641/1581 1653/1642/1582 1642/1631/1571
f 1653/1642/1582 1652/1641/1581 1654/1643/1583
f 1655/1644/1584 1641/1630/1570 1642/1631/1571
f 1642/1631/1571 1653/1642/1582 1655/1644/1584
f 1656/1645/1585 1641/1630/1570 1655/1644/1584
f 1641/1630/1570 1656/1645/1585 1636/1625/1565
f 1636/1625/1565 1657/1646/1586 1634/1623/1563
f 1657/1646/1586 1636/1625/1565 1656/1645/1585
f 1634/1623/1563 1658/1647/1587 1644/1633/1573
f 1658/1647/1587 1634/1623/1563 1657/1646/1586
f 1654/1643/1583 1659/1648/1588 1653/1642/1582
f 1660/1649/1589 1659/1648/1588 1654/1643/1583
f 1653/1642/1582 1659/1648/1588 1661/1650/1590
f 1661/1650/1590 1655/1644/1584 1653/1642/1582
f 1655/1644/1584 1662/1651/1591 1656/1645/1585
f 1662/1651/1591 1655/1644/1584 1661/1650/1590
f 1663/1652/1592 1656/1645/1585 1662/1651/1591
f 1656/1645/1585 1663/1652/1592 1657/1646/1586
f 1664/1653/1593 1657/1646/1586 1663/1652/1592
f 1657/1646/1586 1664/1653/1593 1658/1647/1587
f 1663/1652/1592 1665/1654/1594 1664/1653/1593
f 1665/1654/1594 1663/1652/1592 1666/1655/1595
f 1662/1651/1591 1666/1655/1595 1663/1652/1592
f 1666/1655/1595 1662/1651/1591 1667/1656/1596
f 1661/1650/1590 1667/1656/1596 1662/1651/1591
f 1668/1657/1597 1661/1650/1590 1659/1648/1588
f 1659/1648/1588 1660/1649/1589 1668/1657/1597
f 1667/1656/1596 1661/1650/1590 1668/1657/1597
f 1669/1658/1598 1668/1657/1597 1660/1649/1589
f 1660/1649/1589 1670/1659/1599 1669/1658/1598
f 1671/1660/1600 1669/1658/1598 1670/1659/1599
f 1670/1659/1599 1672/1661/1601 1671/1660/1600
f 1671/1660/1600 1672/1661/1601 1673/1662/1602
f 1673/1662/1602 1674/1663/1603 1671/1660/1600
f 1671/1660/1600 1674/1663/1603 1675/1664/1604
f 1669/1658/1598 1671/1660/1600 1676/1665/1605
f 1675/1664/1604 1676/1665/1605 1671/1660/1600
f 1668/1657/1597 1669/1658/1598 1677/1666/1606
f 1676/1665/1605 1677/1666/1606 1669/1658/1598
f 1668/1657/1597 1678/1667/1607 1667/1656/1596
f 1677/1666/1606 1678/1667/1607 1668/1657/1597
f 1678/1667/1607 1677/1666/1606 1679/1668/1608
f 1680/1669/1609 1679/1668/1608 1677/1666/1606
f 1677/1666/1606 1676/1665/1605 1680/1669/1609
f 1676/1665/1605 1675/1664/1604 1681/1670/1610
f 1681/1670/1610 1680/1669/1609 1676/1665/1605
f 1682/1671/1611 1681/1670/1610 1675/1664/1604
f 1675/1664/1604 1683/1672/1612 1682/1671/1611
f 1683/1672/1612 1675/1664/1604 1674/1663/1603
f 1674/1663/1603 1684/1673/1613 1683/1672/1612
f 1674/1663/1603 1673/1662/1602 1685/1674/1614
f 1685/1674/1614 1684/1673/1613 1674/1663/1603
f 1679/1668/1608 1680/1669/1609 1686/1675/1615
f 1686/1675/1615 1687/1676/1616 1679/1668/1608
f 1679/1668/1608 1688/1677/1617 1678/1667/1607
f 1688/1677/1617 1679/1668/1608 1687/1676/1616
f 1687/1676/1616 1689/1678/1618 1688/1677/1617
f 1688/1677/1617 1689/1678/1618 1690/1679/1619
f 1691/1680/1620 1690/1679/1619 1689/1678/1618
f 1692/1681/1621 1686/1675/1615 1680/1669/1609
f 1680/1669/1609 1681/1670/1610 1692/1681/1621
f 1686/1675/1615 1692/1681/1621 1693/1682/1622
f 1693/1682/1622 1694/1683/1623 1686/1675/1615
f 1687/1676/1616 1686/1675/1615 1694/1683/1623
f 1694/1683/1623 1695/1684/1624 1687/1676/1616
f 1689/1678/1618 1687/1676/1616 1695/1684/1624
f 1689/1678/1618 1696/1685/1625 1691/1680/1620
f 1695/1684/1624 1696/1685/1625 1689/1678/1618
f 1697/1686/1626 1691/1680/1620 1696/1685/1625
f 1698/1687/1627 1699/1688/1628 1697/1686/1626
f 1699/1688/1628 1698/1687/1627 1700/1689/1629
f 1696/1685/1625 1701/1690/1630 1697/1686/1626
f 1697/1686/1626 1701/1690/1630 1698/1687/1627
f 1702/1691/1631 1701/1690/1630 1696/1685/1625
f 1696/1685/1625 1695/1684/1624 1702/1691/1631
f 1703/1692/1632 1702/1691/1631 1695/1684/1624
f 1695/1684/1624 1694/1683/1623 1703/1692/1632
f 1704/1693/1633 1703/1692/1632 1694/1683/1623
f 1694/1683/1623 1693/1682/1622 1704/1693/1633
f 1705/1694/1634 1706/1695/1635 1700/1689/1629
f 1707/1696/1636 1706/1695/1635 1705/1694/1634
f 1700/1689/1629 1708/1697/1637 1705/1694/1634
f 1708/1697/1637 1700/1689/1629 1698/1687/1627
f 1701/1690/1630 1702/1691/1631 1709/1698/1638
f 1698/1687/1627 1709/1698/1638 1708/1697/1637
f 1709/1698/1638 1702/1691/1631 1703/1692/1632
f 1709/1698/1638 1698/1687/1627 1701/1690/1630
f 1703/1692/1632 1710/1699/1639 1709/1698/1638
f 1703/1692/1632 1704/1693/1633 1711/1700/1640
f 1711/1700/1640 1710/1699/1639 1703/1692/1632
f 1712/1701/1641 1704/1693/1633 1693/1682/1622
f 1711/1700/1640 1704/1693/1633 1712/1701/1641
f 1712/1701/1641 1713/1702/1642 1711/1700/1640
f 1693/1682/1622 1714/1703/1643 1712/1701/1641
f 1714/1703/1643 1693/1682/1622 1692/1681/1621
f 1715/1704/1644 1692/1681/1621 1681/1670/1610
f 1692/1681/1621 1715/1704/1644 1714/1703/1643
f 1681/1670/1610 1682/1671/1611 1715/1704/1644
f 1710/1699/1639 1711/1700/1640 1716/1705/1645
f 1716/1705/1645 1711/1700/1640 1713/1702/1642
f 1713/1702/1642 1717/1706/1646 1716/1705/1645
f 1718/1707/1647 1716/1705/1645 1717/1706/1646
f 1717/1706/1646 1719/1708/1648 1718/1707/1647
f 1718/1707/1647 1719/1708/1648 1720/1513/1649
f 1720/1513/1649 1721/1709/1650 1718/1707/1647
f 1721/1709/1650 1720/1513/1649 1722/1512/1651
f 1722/1512/1651 1723/1710/1652 1721/1709/1650
f 1724/1711/1653 1721/1709/1650 1723/1710/1652
f 1708/1697/1637 1709/1698/1638 1725/1712/1654
f 1725/1712/1654 1705/1694/1634 1708/1697/1637
f 1709/1698/1638 1726/1713/1655 1725/1712/1654
f 1709/1698/1638 1710/1699/1639 1726/1713/1655
f 1727/1714/1656 1716/1705/1645 1718/1707/1647
f 1716/1705/1645 1727/1714/1656 1710/1699/1639
f 1726/1713/1655 1710/1699/1639 1727/1714/1656
f 1718/1707/1647 1728/1715/1657 1727/1714/1656
f 1728/1715/1657 1718/1707/1647 1721/1709/1650
f 1721/1709/1650 1724/1711/1653 1728/1715/1657
f 1729/1716/1658 1728/1715/1657 1724/1711/1653
f 1730/1717/1659 1727/1714/1656 1728/1715/1657
f 1728/1715/1657 1729/1716/1658 1730/1717/1659
f 1727/1714/1656 1730/1717/1659 1726/1713/1655
f 1725/1712/1654 1726/1713/1655 1730/1717/1659
f 1731/1718/1660 1730/1717/1659 1729/1716/1658
f 1730/1717/1659 1732/1719/1661 1725/1712/1654
f 1732/1719/1661 1730/1717/1659 1731/1718/1660
f 1725/1712/1654 1732/1719/1661 1733/1720/1662
f 1731/1718/1660 1733/1720/1662 1732/1719/1661
f 1733/1720/1662 1705/1694/1634 1725/1712/1654
f 1705/1694/1634 1733/1720/1662 1707/1696/1636
f 1723/1710/1652 1734/1721/1663 1724/1711/1653
f 1724/1711/1653 1735/1722/1664 1729/1716/1658
f 1735/1722/1664 1724/1711/1653 1734/1721/1663
f 1729/1716/1658 1736/1723/1665 1731/1718/1660
f 1736/1723/1665 1729/1716/1658 1735/1722/1664
f 1733/1720/1662 1731/1718/1660 1737/1724/1666
f 1737/1724/1666 1707/1696/1636 1733/1720/1662
f 1737/1724/1666 1731/1718/1660 1736/1723/1665
f 1737/1724/1666 1736/1723/1665 1738/1725/1667
f 1735/1722/1664 1739/1726/1668 1736/1723/1665
f 1738/1725/1667 1736/1723/1665 1739/1726/1668
f 1738/1725/1667 1740/1727/1669 1737/1724/1666
f 1741/1728/1670 1707/1696/1636 1737/1724/1666
f 1737/1724/1666 1740/1727/1669 1741/1728/1670
f 1707/1696/1636 1741/1728/1670 1742/1729/1671
f 1742/1729/1671 1706/1695/1635 1707/1696/1636
f 1700/1689/1629 1743/1730/1672 1699/1688/1628
f 1743/1730/1672 1700/1689/1629 1706/1695/1635
f 1706/1695/1635 1742/1729/1671 1743/1730/1672
f 1744/1731/1673 1740/1727/1669 1738/1725/1667
f 1738/1725/1667 1745/1732/1674 1744/1731/1673
f 1746/1733/1675 1741/1728/1670 1740/1727/1669
f 1740/1727/1669 1744/1731/1673 1746/1733/1675
f 1747/1734/1676 1742/1729/1671 1741/1728/1670
f 1741/1728/1670 1746/1733/1675 1747/1734/1676
f 1742/1729/1671 1747/1734/1676 1748/1735/1677
f 1748/1735/1677 1743/1730/1672 1742/1729/1671
f 1749/1736/1678 1699/1688/1628 1743/1730/1672
f 1743/1730/1672 1748/1735/1677 1749/1736/1678
f 1750/1737/1679 1748/1735/1677 1747/1734/1676
f 1750/1737/1679 1747/1734/1676 1746/1733/1675
f 1751/1738/1680 1744/1731/1673 1745/1732/1674
f 1752/1739/1681 1750/1737/1679 1751/1738/1680
f 1746/1733/1675 1751/1738/1680 1750/1737/1679
f 1751/1738/1680 1746/1733/1675 1744/1731/1673
f 1748/1735/1677 1750/1737/1679 1753/1740/1682
f 1753/1740/1682 1749/1736/1678 1748/1735/1677
f 1754/1741/1683 1749/1736/1678 1753/1740/1682
f 1699/1688/1628 1749/1736/1678 1755/1742/1684
f 1755/1742/1684 1697/1686/1626 1699/1688/1628
f 1755/1742/1684 1749/1736/1678 1754/1741/1683
f 1755/1742/1684 1754/1741/1683 1756/1743/1685
f 1757/1744/1686 1691/1680/1620 1697/1686/1626
f 1756/1743/1685 1757/1744/1686 1755/1742/1684
f 1697/1686/1626 1755/1742/1684 1757/1744/1686
f 1757/1744/1686 1756/1743/1685 1758/1745/1687
f 1758/1745/1687 1759/1746/1688 1757/1744/1686
f 1760/1747/1689 1757/1744/1686 1759/1746/1688
f 1691/1680/1620 1757/1744/1686 1760/1747/1689
f 1760/1747/1689 1690/1679/1619 1691/1680/1620
f 1666/1655/1595 1760/1747/1689 1665/1654/1594
f 1759/1746/1688 1665/1654/1594 1760/1747/1689
f 1760/1747/1689 1666/1655/1595 1761/1748/1690
f 1667/1656/1596 1761/1748/1690 1666/1655/1595
f 1690/1679/1619 1761/1748/1690 1688/1677/1617
f 1678/1667/1607 1688/1677/1617 1761/1748/1690
f 1761/1748/1690 1667/1656/1596 1678/1667/1607
f 1761/1748/1690 1690/1679/1619 1760/1747/1689
f 1762/1749/1691 1664/1653/1593 1665/1654/1594
f 1665/1654/1594 1759/1746/1688 1762/1749/1691
f 1759/1746/1688 1758/1745/1687 1763/1750/1692
f 1763/1750/1692 1762/1749/1691 1759/1746/1688
f 1764/1751/1693 1763/1750/1692 1758/1745/1687
f 1758/1745/1687 1756/1743/1685 1764/1751/1693
f 1764/1751/1693 1756/1743/1685 1765/1752/1694
f 1766/1753/1695 1767/1754/1696 1765/1752/1694
f 1765/1752/1694 1767/1754/1696 1764/1751/1693
f 1768/1755/1697 1764/1751/1693 1767/1754/1696
f 1769/1756/1698 1763/1750/1692 1764/1751/1693
f 1764/1751/1693 1768/1755/1697 1769/1756/1698
f 1770/1757/1699 1762/1749/1691 1763/1750/1692
f 1763/1750/1692 1769/1756/1698 1770/1757/1699
f 1770/1757/1699 1658/1647/1587 1664/1653/1593
f 1644/1633/1573 1658/1647/1587 1770/1757/1699
f 1664/1653/1593 1762/1749/1691 1770/1757/1699
f 1770/1757/1699 1771/1758/1700 1644/1633/1573
f 1771/1758/1700 1770/1757/1699 1769/1756/1698
f 1769/1756/1698 1772/1759/1701 1771/1758/1700
f 1772/1759/1701 1769/1756/1698 1768/1755/1697
f 1768/1755/1697 1773/1760/1702 1772/1759/1701
f 1767/1754/1696 1774/1761/1703 1768/1755/1697
f 1773/1760/1702 1768/1755/1697 1774/1761/1703
f 1774/1761/1703 1767/1754/1696 1766/1753/1695
f 1774/1761/1703 1775/1762/1704 1773/1760/1702
f 1766/1753/1695 1776/1763/1705 1774/1761/1703
f 1775/1762/1704 1774/1761/1703 1776/1763/1705
f 1777/1764/1706 1778/1765/1707 1779/1766/1708
f 1779/1766/1708 1780/1767/1709 1777/1764/1706
f 1781/1768/1710 1777/1764/1706 1780/1767/1709
f 1776/1763/1705 1766/1753/1695 1781/1768/1710
f 1780/1767/1709 1782/1769/1711 1781/1768/1710
f 1781/1768/1710 1782/1769/1711 1776/1763/1705
f 1778/1765/1707 1783/1770/1712 1784/1771/1713
f 1784/1771/1713 1779/1766/1708 1778/1765/1707
f 1785/1772/1714 1783/1770/1712 1778/1765/1707
f 1778/1765/1707 1786/1773/1715 1785/1772/1714
f 1778/1765/1707 1777/1764/1706 1787/1774/1716
f 1787/1774/1716 1786/1773/1715 1778/1765/1707
f 1788/1775/1717 1787/1774/1716 1777/1764/1706
f 1777/1764/1706 1781/1768/1710 1788/1775/1717
f 1765/1752/1694 1789/1776/1718 1766/1753/1695
f 1781/1768/1710 1766/1753/1695 1789/1776/1718
f 1789/1776/1718 1788/1775/1717 1781/1768/1710
f 1790/1777/1719 1789/1776/1718 1765/1752/1694
f 1788/1775/1717 1789/1776/1718 1790/1777/1719
f 1787/1774/1716 1788/1775/1717 1791/1778/1720
f 1790/1777/1719 1791/1778/1720 1788/1775/1717
f 1786/1773/1715 1787/1774/1716 1792/1779/1721
f 1792/1779/1721 1787/1774/1716 1791/1778/1720
f 1792/1779/1721 1793/1780/1722 1786/1773/1715
f 1785/1772/1714 1786/1773/1715 1793/1780/1722
f 1793/1780/1722 1794/1781/1723 1785/1772/1714
f 1795/1782/1724 1794/1781/1723 1793/1780/1722
f 1796/1783/1725 1791/1778/1720 1790/1777/1719
f 1791/1778/1720 1796/1783/1725 1792/1779/1721
f 1753/1740/1682 1797/1784/1726 1754/1741/1683
f 1765/1752/1694 1797/1784/1726 1790/1777/1719
f 1797/1784/1726 1765/1752/1694 1756/1743/1685
f 1756/1743/1685 1754/1741/1683 1797/1784/1726
f 1790/1777/1719 1798/1785/1727 1796/1783/1725
f 1798/1785/1727 1790/1777/1719 1797/1784/1726
f 1797/1784/1726 1753/1740/1682 1798/1785/1727
f 1792/1779/1721 1796/1783/1725 1799/1786/1728
f 1799/1786/1728 1796/1783/1725 1798/1785/1727
f 1793/1780/1722 1792/1779/1721 1800/1787/1729
f 1799/1786/1728 1800/1787/1729 1792/1779/1721
f 1793/1780/1722 1801/1788/1730 1795/1782/1724
f 1800/1787/1729 1801/1788/1730 1793/1780/1722
f 1798/1785/1727 1802/1789/1731 1799/1786/1728
f 1802/1789/1731 1750/1737/1679 1752/1739/1681
f 1802/1789/1731 1798/1785/1727 1753/1740/1682
f 1753/1740/1682 1750/1737/1679 1802/1789/1731
f 1752/1739/1681 1803/1790/1732 1802/1789/1731
f 1800/1787/1729 1799/1786/1728 1804/1791/1733
f 1802/1789/1731 1803/1790/1732 1804/1791/1733
f 1804/1791/1733 1799/1786/1728 1802/1789/1731
f 1801/1788/1730 1800/1787/1729 1805/1792/1734
f 1804/1791/1733 1805/1792/1734 1800/1787/1729
f 1805/1792/1734 1806/1793/1735 1801/1788/1730
f 1806/1793/1735 1805/1792/1734 1807/1794/1736
f 1805/1792/1734 1804/1791/1733 1808/1795/1737
f 1808/1795/1737 1807/1794/1736 1805/1792/1734
f 1803/1790/1732 1809/1796/1738 1804/1791/1733
f 1808/1795/1737 1804/1791/1733 1809/1796/1738
f 1809/1796/1738 1803/1790/1732 1810/1797/1739
f 1810/1797/1739 1803/1790/1732 1752/1739/1681
f 1751/1738/1680 1810/1797/1739 1752/1739/1681
f 1810/1797/1739 1751/1738/1680 1811/1798/1740
f 1745/1732/1674 1811/1798/1740 1751/1738/1680
f 1809/1796/1738 1812/1799/1741 1808/1795/1737
f 1745/1732/1674 1808/1795/1737 1812/1799/1741
f 1812/1799/1741 1811/1798/1740 1745/1732/1674
f 1811/1798/1740 1812/1799/1741 1810/1797/1739
f 1810/1797/1739 1812/1799/1741 1809/1796/1738
f 1813/1800/1742 1795/1782/1724 1801/1788/1730
f 1801/1788/1730 1806/1793/1735 1813/1800/1742
f 1813/1800/1742 1806/1793/1735 1814/1801/1743
f 1807/1794/1736 1814/1801/1743 1806/1793/1735
f 1815/1802/1744 1814/1801/1743 1807/1794/1736
f 1815/1802/1744 1807/1794/1736 1808/1795/1737
f 1739/1726/1668 1816/1803/1745 1738/1725/1667
f 1816/1803/1745 1808/1795/1737 1745/1732/1674
f 1745/1732/1674 1738/1725/1667 1816/1803/1745
f 1808/1795/1737 1816/1803/1745 1815/1802/1744
f 1814/1801/1743 1817/1804/1746 1813/1800/1742
f 1818/1805/1747 1814/1801/1743 1815/1802/1744
f 1814/1801/1743 1818/1805/1747 1817/1804/1746
f 1819/1806/1748 1817/1804/1746 1818/1805/1747
f 1820/1807/1749 1815/1802/1744 1816/1803/1745
f 1815/1802/1744 1820/1807/1749 1818/1805/1747
f 1816/1803/1745 1739/1726/1668 1820/1807/1749
f 1821/1808/1750 1818/1805/1747 1820/1807/1749
f 1818/1805/1747 1821/1808/1750 1819/1806/1748
f 1822/1809/1751 1819/1806/1748 1821/1808/1750
f 1823/1810/1752 1723/1710/1652 1722/1512/1651
f 1823/1810/1752 1824/1811/1753 1822/1809/1751
f 1825/1812/1754 1734/1721/1663 1723/1710/1652
f 1822/1809/1751 1825/1812/1754 1823/1810/1752
f 1821/1808/1750 1825/1812/1754 1822/1809/1751
f 1723/1710/1652 1823/1810/1752 1825/1812/1754
f 1825/1812/1754 1821/1808/1750 1826/1813/1755
f 1820/1807/1749 1826/1813/1755 1821/1808/1750
f 1826/1813/1755 1820/1807/1749 1739/1726/1668
f 1739/1726/1668 1735/1722/1664 1826/1813/1755
f 1826/1813/1755 1734/1721/1663 1825/1812/1754
f 1734/1721/1663 1826/1813/1755 1735/1722/1664
f 1722/1512/1651 1827/1503/1756 1823/1810/1752
f 1824/1811/1753 1823/1810/1752 1827/1503/1756
f 1827/1503/1756 1828/1502/1757 1824/1811/1753
f 1829/1814/1758 1830/1815/1759 1831/1816/1760
f 1831/1816/1760 1830/1815/1759 1832/1817/1761
f 1832/1817/1761 1833/1818/1762 1831/1816/1760
f 1833/1818/1762 1832/1817/1761 1834/1819/1763
f 1831/1816/1760 1835/1820/1764 1829/1814/1758
f 1829/1814/1758 1835/1820/1764 1836/1821/1765
f 1831/1816/1760 1833/1818/1762 1837/1822/1766
f 1835/1820/1764 1831/1816/1760 1837/1822/1766
f 1836/1821/1765 1835/1820/1764 1837/1822/1766
f 1833/1818/1762 1838/1823/1767 1837/1822/1766
f 1834/1819/1763 1838/1823/1767 1833/1818/1762
f 1838/1823/1767 1834/1819/1763 1839/1824/1768
f 1838/1823/1767 1840/1825/1769 1837/1822/1766
f 1839/1824/1768 1840/1825/1769 1838/1823/1767
f 1840/1825/1769 1839/1824/1768 1841/1826/1770
f 1841/1826/1770 1842/1827/1771 1840/1825/1769
f 1840/1825/1769 1842/1827/1771 1837/1822/1766
f 1843/1828/1772 1836/1821/1765 1837/1822/1766
f 1842/1827/1771 1844/1829/1773 1837/1822/1766
f 1844/1829/1773 1845/1830/1774 1837/1822/1766
f 1845/1830/1774 1846/1831/1775 1837/1822/1766
f 1846/1831/1775 1847/1832/1776 1837/1822/1766
f 1847/1832/1776 1848/1833/1777 1837/1822/1766
f 1848/1833/1777 1849/1834/1778 1837/1822/1766
f 1849/1834/1778 1850/1835/1779 1837/1822/1766
f 1842/1827/1771 1841/1826/1770 1851/1836/1780
f 1851/1836/1780 1844/1829/1773 1842/1827/1771
f 1844/1829/1773 1851/1836/1780 1852/1837/1781
f 1852/1837/1781 1845/1830/1774 1844/1829/1773
f 1846/1831/1775 1845/1830/1774 1853/1838/1782
f 1852/1837/1781 1853/1838/1782 1845/1830/1774
f 1853/1838/1782 1854/1839/1783 1846/1831/1775
f 1847/1832/1776 1846/1831/1775 1854/1839/1783
f 1854/1839/1783 1855/1840/1784 1847/1832/1776
f 1847/1832/1776 1855/1840/1784 1856/1841/1785
f 1856/1841/1785 1848/1833/1777 1847/1832/1776
f 1848/1833/1777 1856/1841/1785 1857/1842/1786
f 1857/1842/1786 1849/1834/1778 1848/1833/1777
f 1849/1834/1778 1857/1842/1786 1858/1843/1787
f 1858/1843/1787 1850/1835/1779 1849/1834/1778
f 1850/1835/1779 1859/1844/1788 1837/1822/1766
f 1859/1844/1788 1850/1835/1779 1858/1843/1787
f 1859/1844/1788 1860/1845/1789 1837/1822/1766
f 1860/1845/1789 1861/1846/1790 1837/1822/1766
f 1861/1846/1790 1860/1845/1789 1862/1847/1791
f 1862/1847/1791 1860/1845/1789 1859/1844/1788
f 1859/1844/1788 1863/1848/1792 1862/1847/1791
f 1858/1843/1787 1863/1848/1792 1859/1844/1788
f 1862/1847/1791 1864/1849/1793 1861/1846/1790
f 1861/1846/1790 1865/1850/1794 1837/1822/1766
f 1865/1850/1794 1861/1846/1790 1864/1849/1793
f 1864/1849/1793 1866/1851/1795 1865/1850/1794
f 1865/1850/1794 1866/1851/1795 1867/1852/1796
f 1865/1850/1794 1868/1853/1797 1837/1822/1766
f 1867/1852/1796 1868/1853/1797 1865/1850/1794
f 1868/1853/1797 1867/1852/1796 1869/1854/1798
f 1869/1854/1798 1870/1855/1799 1868/1853/1797
f 1868/1853/1797 1870/1855/1799 1837/1822/1766
f 1871/1856/1800 1870/1855/1799 1869/1854/1798
f 1870/1855/1799 1871/1856/1800 1837/1822/1766
f 1869/1854/1798 1872/1857/1801 1871/1856/1800
f 1871/1856/1800 1873/1858/1802 1837/1822/1766
f 1873/1858/1802 1871/1856/1800 1872/1857/1801
f 1873/1858/1802 1874/1859/1803 1837/1822/1766
f 1874/1859/1803 1843/1828/1772 1837/1822/1766
f 1843/1828/1772 1874/1859/1803 1875/1860/1804
f 1875/1860/1804 1874/1859/1803 1873/1858/1802
f 1836/1821/1765 1843/1828/1772 1876/1861/1805
f 1875/1860/1804 1876/1861/1805 1843/1828/1772
f 1836/1821/1765 1877/1862/1806 1829/1814/1758
f 1876/1861/1805 1877/1862/1806 1836/1821/1765
f 1872/1857/1801 1878/1863/1807 1873/1858/1802
f 1873/1858/1802 1878/1863/1807 1875/1860/1804
f 1879/1864/1808 1880/1865/1809 1881/1866/1810
f 1881/1866/1810 1882/1867/1811 1879/1864/1808
f 1882/1867/1811 1881/1866/1810 1883/1868/1812
f 1884/1869/1813 1879/1864/1808 1882/1867/1811
f 1882/1867/1811 1885/1870/1814 1884/1869/1813
f 1886/1871/1815 1884/1869/1813 1885/1870/1814
f 1883/1868/1812 1887/1872/1816 1882/1867/1811
f 1885/1870/1814 1882/1867/1811 1887/1872/1816
f 1887/1872/1816 1883/1868/1812 1888/1873/1817
f 1888/1873/1817 1889/1874/1818 1887/1872/1816
f 1559/1548/1488 1889/1874/1818 1558/1547/1487
f 1568/1557/1497 1558/1547/1487 1889/1874/1818
f 1889/1874/1818 1888/1873/1817 1568/1557/1497
f 1887/1872/1816 1890/1875/1819 1885/1870/1814
f 1889/1874/1818 1559/1548/1488 1890/1875/1819
f 1890/1875/1819 1887/1872/1816 1889/1874/1818
f 1891/1876/1820 1885/1870/1814 1890/1875/1819
f 1885/1870/1814 1891/1876/1820 1886/1871/1815
f 1886/1871/1815 1891/1876/1820 1892/1877/1821
f 1892/1877/1821 1893/1878/1822 1886/1871/1815
f 1893/1878/1822 1892/1877/1821 1894/1879/1823
f 1894/1879/1823 1895/1880/1824 1893/1878/1822
f 1559/1548/1488 1560/1549/1489 1896/1881/1825
f 1896/1881/1825 1890/1875/1819 1559/1548/1488
f 1890/1875/1819 1896/1881/1825 1891/1876/1820
f 1897/1882/1826 1892/1877/1821 1891/1876/1820
f 1891/1876/1820 1896/1881/1825 1897/1882/1826
f 1898/1883/1827 1894/1879/1823 1892/1877/1821
f 1892/1877/1821 1897/1882/1826 1898/1883/1827
f 1894/1879/1823 1898/1883/1827 1899/1884/1828
f 1896/1881/1825 1560/1549/1489 1900/1885/1829
f 1900/1885/1829 1897/1882/1826 1896/1881/1825
f 1901/1886/1830 1898/1883/1827 1897/1882/1826
f 1897/1882/1826 1900/1885/1829 1901/1886/1830
f 1898/1883/1827 1901/1886/1830 1902/1887/1831
f 1902/1887/1831 1899/1884/1828 1898/1883/1827
f 1899/1884/1828 1902/1887/1831 1903/1888/1832
f 1903/1888/1832 1904/1889/1833 1899/1884/1828
f 1904/1889/1833 1903/1888/1832 1905/1890/1834
f 1903/1888/1832 1902/1887/1831 1906/1891/1835
f 1906/1891/1835 1902/1887/1831 1901/1886/1830
f 1906/1891/1835 1907/1892/1836 1903/1888/1832
f 1905/1890/1834 1903/1888/1832 1907/1892/1836
f 1907/1892/1836 1908/1893/1837 1905/1890/1834
f 1909/1894/1838 1905/1890/1834 1908/1893/1837
f 1908/1893/1837 1910/1895/1839 1909/1894/1838
f 1911/1896/1840 1909/1894/1838 1910/1895/1839
f 1910/1895/1839 1912/1897/1841 1911/1896/1840
f 1913/1898/1842 1911/1896/1840 1912/1897/1841
f 1905/1890/1834 1914/1899/1843 1904/1889/1833
f 1905/1890/1834 1909/1894/1838 1915/1900/1844
f 1915/1900/1844 1914/1899/1843 1905/1890/1834
f 1916/1901/1845 1915/1900/1844 1909/1894/1838
f 1909/1894/1838 1911/1896/1840 1916/1901/1845
f 1917/1902/1846 1916/1901/1845 1911/1896/1840
f 1911/1896/1840 1913/1898/1842 1917/1902/1846
f 1918/1903/1847 1917/1902/1846 1913/1898/1842
f 1913/1898/1842 1919/1904/1848 1918/1903/1847
f 1920/1905/1849 1918/1903/1847 1919/1904/1848
f 1918/1903/1847 1920/1905/1849 1921/1906/1850
f 1917/1902/1846 1918/1903/1847 1922/1907/1851
f 1921/1906/1850 1922/1907/1851 1918/1903/1847
f 1916/1901/1845 1917/1902/1846 1923/1908/1852
f 1922/1907/1851 1923/1908/1852 1917/1902/1846
f 1915/1900/1844 1916/1901/1845 1924/1909/1853
f 1923/1908/1852 1924/1909/1853 1916/1901/1845
f 1924/1909/1853 1923/1908/1852 1925/1910/1854
f 1926/1911/1855 1925/1910/1854 1923/1908/1852
f 1923/1908/1852 1922/1907/1851 1926/1911/1855
f 1927/1912/1856 1926/1911/1855 1922/1907/1851
f 1922/1907/1851 1921/1906/1850 1927/1912/1856
f 1928/1913/1857 1927/1912/1856 1921/1906/1850
f 1929/1914/1858 1921/1906/1850 1920/1905/1849
f 1921/1906/1850 1929/1914/1858 1928/1913/1857
f 1920/1905/1849 1930/1915/1859 1929/1914/1858
f 1919/1904/1848 1931/1916/1860 1920/1905/1849
f 1930/1915/1859 1920/1905/1849 1931/1916/1860
f 1932/1917/1861 1899/1884/1828 1904/1889/1833
f 1895/1880/1824 1894/1879/1823 1932/1917/1861
f 1899/1884/1828 1932/1917/1861 1894/1879/1823
f 1933/1918/1862 1904/1889/1833 1914/1899/1843
f 1904/1889/1833 1933/1918/1862 1932/1917/1861
f 1934/1919/1863 1914/1899/1843 1915/1900/1844
f 1914/1899/1843 1934/1919/1863 1933/1918/1862
f 1915/1900/1844 1935/1920/1864 1934/1919/1863
f 1924/1909/1853 1935/1920/1864 1915/1900/1844
f 1925/1910/1854 1936/1921/1865 1924/1909/1853
f 1935/1920/1864 1924/1909/1853 1936/1921/1865
f 1937/1922/1866 1932/1917/1861 1933/1918/1862
f 1932/1917/1861 1937/1922/1866 1895/1880/1824
f 1938/1923/1867 1933/1918/1862 1934/1919/1863
f 1933/1918/1862 1938/1923/1867 1937/1922/1866
f 1939/1924/1868 1934/1919/1863 1935/1920/1864
f 1934/1919/1863 1939/1924/1868 1938/1923/1867
f 1936/1921/1865 1940/1925/1869 1935/1920/1864
f 1935/1920/1864 1940/1925/1869 1939/1924/1868
f 1941/1926/1870 1942/1927/1871 1943/1928/1872
f 1943/1928/1872 1944/1929/1873 1941/1926/1870
f 1943/1928/1872 1945/1930/1874 1944/1929/1873
f 1944/1929/1873 1945/1930/1874 1946/1931/1875
f 1947/1932/1876 1944/1929/1873 1946/1931/1875
f 1946/1931/1875 1948/1933/1877 1947/1932/1876
f 1949/1934/1878 1943/1928/1872 1950/1935/1879
f 1943/1928/1872 1949/1934/1878 1951/1936/1880
f 1951/1936/1880 1945/1930/1874 1943/1928/1872
f 1945/1930/1874 1951/1936/1880 1952/1937/1881
f 1946/1931/1875 1945/1930/1874 1952/1937/1881
f 1952/1937/1881 1953/1938/1882 1946/1931/1875
f 1946/1931/1875 1953/1938/1882 1954/1939/1883
f 1948/1933/1877 1946/1931/1875 1954/1939/1883
f 1948/1933/1877 1954/1939/1883 1955/1940/1884
f 1955/1940/1884 1956/1941/1885 1948/1933/1877
f 1957/1942/1886 1947/1932/1876 1948/1933/1877
f 1948/1933/1877 1956/1941/1885 1957/1942/1886
f 1957/1942/1886 1958/1943/1887 1947/1932/1876
f 1947/1932/1876 1958/1943/1887 1959/1944/1888
f 1960/1945/1889 1947/1932/1876 1959/1944/1888
f 1959/1944/1888 1961/1946/1890 1960/1945/1889
f 1962/1947/1891 1947/1932/1876 1960/1945/1889
f 1963/1948/1892 1944/1929/1873 1947/1932/1876
f 1947/1932/1876 1962/1947/1891 1963/1948/1892
f 1964/1949/1893 1944/1929/1873 1963/1948/1892
f 1941/1926/1870 1944/1929/1873 1965/1950/1894
f 1944/1929/1873 1964/1949/1893 1965/1950/1894
f 1965/1950/1894 1966/1951/1895 1941/1926/1870
f 1941/1926/1870 1966/1951/1895 1967/1952/1896
f 1968/1953/1897 1941/1926/1870 1967/1952/1896
f 1967/1952/1896 1969/1954/1898 1968/1953/1897
f 1970/1955/1899 1941/1926/1870 1968/1953/1897
f 1941/1926/1870 1970/1955/1899 1971/1956/1900
f 1942/1927/1871 1941/1926/1870 1971/1956/1900
f 1971/1956/1900 1972/1957/1901 1942/1927/1871
f 1942/1927/1871 1972/1957/1901 1973/1958/1902
f 1973/1958/1902 1974/1959/1903 1942/1927/1871
f 1974/1959/1903 1950/1935/1879 1943/1928/1872
f 1943/1928/1872 1942/1927/1871 1974/1959/1903
f 1975/1674/1904 1976/1960/1905 1977/1961/1906
f 1978/1673/1907 1975/1674/1904 1979/1962/1908
f 1977/1961/1906 1979/1962/1908 1975/1674/1904
f 1979/1962/1908 1977/1961/1906 1980/1963/1909
f 1979/1962/1908 1981/1964/1910 1978/1673/1907
f 1981/1964/1910 1979/1962/1908 1982/1965/1911
f 1980/1963/1909 1982/1965/1911 1979/1962/1908
f 1978/1673/1907 1981/1964/1910 1983/1966/1912
f 1983/1966/1912 1984/1672/1913 1978/1673/1907
f 1984/1672/1913 1983/1966/1912 1985/1967/1914
f 1985/1967/1914 1986/1671/1915 1984/1672/1913
f 1987/1704/1916 1986/1671/1915 1985/1967/1914
f 1985/1967/1914 1988/1968/1917 1987/1704/1916
f 1989/1703/1918 1987/1704/1916 1988/1968/1917
f 1988/1968/1917 1990/1969/1919 1989/1703/1918
f 1982/1965/1911 1991/1970/1920 1981/1964/1910
f 1992/1971/1921 1983/1966/1912 1981/1964/1910
f 1985/1967/1914 1983/1966/1912 1992/1971/1921
f 1981/1964/1910 1991/1970/1920 1992/1971/1921
f 1988/1968/1917 1985/1967/1914 1993/1972/1922
f 1992/1971/1921 1993/1972/1922 1985/1967/1914
f 1990/1969/1919 1988/1968/1917 1994/1973/1923
f 1993/1972/1922 1994/1973/1923 1988/1968/1917
f 1994/1973/1923 1995/1974/1924 1990/1969/1919
f 1996/1975/1925 1990/1969/1919 1995/1974/1924
f 1995/1974/1924 1997/1976/1926 1996/1975/1925
f 1998/1977/1927 1999/1978/1928 2000/1979/1929
f 1999/1978/1928 1998/1977/1927 2001/1980/1930
f 2001/1980/1930 2002/1981/1931 1999/1978/1928
f 2002/1981/1931 2001/1980/1930 2003/1982/1932
f 2003/1982/1932 2004/1983/1933 2002/1981/1931
f 2004/1983/1933 2003/1982/1932 2005/1984/1934
f 1993/1972/1922 1992/1971/1921 2005/1984/1934
f 1992/1971/1921 1991/1970/1920 2006/1985/1935
f 2005/1984/1934 2006/1985/1935 2004/1983/1933
f 2006/1985/1935 2005/1984/1934 1992/1971/1921
f 2006/1985/1935 1991/1970/1920 1982/1965/1911
f 2007/1986/1936 2000/1979/1929 1999/1978/1928
f 1999/1978/1928 2008/1987/1937 2007/1986/1936
f 2009/1988/1938 2008/1987/1937 1999/1978/1928
f 1999/1978/1928 2002/1981/1931 2009/1988/1938
f 2002/1981/1931 2004/1983/1933 2010/1989/1939
f 2010/1989/1939 2009/1988/1938 2002/1981/1931
f 2011/1990/1940 2010/1989/1939 2004/1983/1933
f 2004/1983/1933 2006/1985/1935 2011/1990/1940
f 1982/1965/1911 2011/1990/1940 2006/1985/1935
f 2011/1990/1940 1982/1965/1911 1980/1963/1909
f 2012/1991/1941 2007/1986/1936 2008/1987/1937
f 2008/1987/1937 2013/1992/1942 2012/1991/1941
f 2008/1987/1937 2009/1988/1938 2014/1993/1943
f 2014/1993/1943 2013/1992/1942 2008/1987/1937
f 2009/1988/1938 2010/1989/1939 2015/1994/1944
f 2015/1994/1944 2014/1993/1943 2009/1988/1938
f 2016/1995/1945 2015/1994/1944 2010/1989/1939
f 2010/1989/1939 2011/1990/1940 2016/1995/1945
f 1980/1963/1909 2016/1995/1945 2011/1990/1940
f 1931/1916/1860 2017/1996/1946 1930/1915/1859
f 2017/1996/1946 1931/1916/1860 2018/1997/1947
f 2018/1997/1947 2019/1998/1948 2017/1996/1946
f 2019/1998/1948 2018/1997/1947 2020/1999/1949
f 2020/1999/1949 2021/2000/1950 2019/1998/1948
f 2000/1979/1929 2007/1986/1936 2022/2001/1951
f 2021/2000/1950 2020/1999/1949 2022/2001/1951
f 2007/1986/1936 2012/1991/1941 2023/2002/1952
f 2022/2001/1951 2023/2002/1952 2021/2000/1950
f 2023/2002/1952 2022/2001/1951 2007/1986/1936
f 1931/1916/1860 1919/1904/1848 2024/2003/1953
f 2024/2003/1953 2018/1997/1947 1931/1916/1860
f 2025/2004/1954 2020/1999/1949 2018/1997/1947
f 2018/1997/1947 2024/2003/1953 2025/2004/1954
f 2026/2005/1955 2022/2001/1951 2020/1999/1949
f 2022/2001/1951 2026/2005/1955 2000/1979/1929
f 2020/1999/1949 2025/2004/1954 2026/2005/1955
f 1919/1904/1848 1913/1898/1842 2027/2006/1956
f 1912/1897/1841 2027/2006/1956 1913/1898/1842
f 2027/2006/1956 2024/2003/1953 1919/1904/1848
f 2024/2003/1953 2027/2006/1956 2028/2007/1957
f 2028/2007/1957 2025/2004/1954 2024/2003/1953
f 2025/2004/1954 2028/2007/1957 2029/2008/1958
f 2029/2008/1958 2026/2005/1955 2025/2004/1954
f 2030/2009/1959 2000/1979/1929 2026/2005/1955
f 2026/2005/1955 2029/2008/1958 2030/2009/1959
f 2000/1979/1929 2030/2009/1959 1998/1977/1927
f 2031/2010/1960 2030/2009/1959 2029/2008/1958
f 2032/2011/1961 2029/2008/1958 2028/2007/1957
f 2029/2008/1958 2032/2011/1961 2031/2010/1960
f 2028/2007/1957 2033/2012/1962 2032/2011/1961
f 2033/2012/1962 2028/2007/1957 2027/2006/1956
f 2027/2006/1956 1912/1897/1841 2033/2012/1962
f 2034/2013/1963 2033/2012/1962 1912/1897/1841
f 1912/1897/1841 1910/1895/1839 2034/2013/1963
f 2035/2014/1964 2034/2013/1963 1910/1895/1839
f 1910/1895/1839 1908/1893/1837 2035/2014/1964
f 2036/2015/1965 2031/2010/1960 2032/2011/1961
f 2032/2011/1961 2037/2016/1966 2036/2015/1965
f 2037/2016/1966 2032/2011/1961 2033/2012/1962
f 2033/2012/1962 2034/2013/1963 2037/2016/1966
f 2034/2013/1963 2035/2014/1964 2038/2017/1967
f 2038/2017/1967 2037/2016/1966 2034/2013/1963
f 2039/2018/1968 2038/2017/1967 2035/2014/1964
f 1908/1893/1837 1907/1892/1836 2040/2019/1969
f 2040/2019/1969 2035/2014/1964 1908/1893/1837
f 2035/2014/1964 2040/2019/1969 2039/2018/1968
f 2041/2020/1970 2039/2018/1968 2040/2019/1969
f 2041/2020/1970 1547/1536/1476 1545/1534/1474
f 2042/2021/1971 1549/1538/1478 1547/1536/1476
f 2042/2021/1971 2040/2019/1969 1907/1892/1836
f 2040/2019/1969 2042/2021/1971 2041/2020/1970
f 1907/1892/1836 1906/1891/1835 2042/2021/1971
f 1547/1536/1476 2041/2020/1970 2042/2021/1971
f 1901/1886/1830 2043/2022/1972 1906/1891/1835
f 2043/2022/1972 1549/1538/1478 2042/2021/1971
f 2042/2021/1971 1906/1891/1835 2043/2022/1972
f 2043/2022/1972 1901/1886/1830 1900/1885/1829
f 1900/1885/1829 2044/2023/1973 2043/2022/1972
f 1552/1541/1481 1550/1539/1479 2044/2023/1973
f 2044/2023/1973 1550/1539/1479 1549/1538/1478
f 1549/1538/1478 2043/2022/1972 2044/2023/1973
f 2044/2023/1973 1900/1885/1829 1560/1549/1489
f 1552/1541/1481 2045/2024/1974 1554/1543/1483
f 1554/1543/1483 2045/2024/1974 1560/1549/1489
f 1560/1549/1489 2045/2024/1974 2044/2023/1973
f 2044/2023/1973 2045/2024/1974 1552/1541/1481
f 2046/2025/1975 1537/1526/1466 1536/1525/1465
f 2046/2025/1975 2047/2026/1976 2048/2027/1977
f 1537/1526/1466 2046/2025/1975 2049/2028/1978
f 2049/2028/1978 1538/1527/1467 1537/1526/1466
f 2048/2027/1977 2049/2028/1978 2046/2025/1975
f 1538/1527/1467 2049/2028/1978 1542/1531/1471
f 2049/2028/1978 2048/2027/1977 2050/2029/1979
f 2050/2029/1979 1542/1531/1471 2049/2028/1978
f 2051/2030/1980 1543/1532/1472 1542/1531/1471
f 1542/1531/1471 2050/2029/1979 2051/2030/1980
f 2047/2026/1976 1997/1976/1926 2052/2031/1981
f 2052/2031/1981 2048/2027/1977 2047/2026/1976
f 2048/2027/1977 2052/2031/1981 2053/2032/1982
f 2053/2032/1982 2050/2029/1979 2048/2027/1977
f 2054/2033/1983 2051/2030/1980 2050/2029/1979
f 2050/2029/1979 2053/2032/1982 2054/2033/1983
f 2051/2030/1980 2054/2033/1983 2055/2034/1984
f 2056/2035/1985 1544/1533/1473 1543/1532/1472
f 1543/1532/1472 2051/2030/1980 2056/2035/1985
f 2055/2034/1984 2056/2035/1985 2051/2030/1980
f 2056/2035/1985 2055/2034/1984 2057/2036/1986
f 2038/2017/1967 2039/2018/1968 2057/2036/1986
f 2039/2018/1968 2041/2020/1970 2058/2037/1987
f 2057/2036/1986 2058/2037/1987 2056/2035/1985
f 1544/1533/1473 2056/2035/1985 2058/2037/1987
f 2058/2037/1987 1545/1534/1474 1544/1533/1473
f 1545/1534/1474 2058/2037/1987 2041/2020/1970
f 2058/2037/1987 2057/2036/1986 2039/2018/1968
f 1997/1976/1926 1995/1974/1924 2059/2038/1988
f 2059/2038/1988 2052/2031/1981 1997/1976/1926
f 2060/2039/1989 2053/2032/1982 2052/2031/1981
f 2052/2031/1981 2059/2038/1988 2060/2039/1989
f 2061/2040/1990 2054/2033/1983 2053/2032/1982
f 2053/2032/1982 2060/2039/1989 2061/2040/1990
f 2054/2033/1983 2061/2040/1990 2062/2041/1991
f 2062/2041/1991 2055/2034/1984 2054/2033/1983
f 2055/2034/1984 2062/2041/1991 2063/2042/1992
f 2063/2042/1992 2057/2036/1986 2055/2034/1984
f 2063/2042/1992 2036/2015/1965 2037/2016/1966
f 2037/2016/1966 2038/2017/1967 2063/2042/1992
f 2057/2036/1986 2063/2042/1992 2038/2017/1967
f 2036/2015/1965 2063/2042/1992 2062/2041/1991
f 2064/2043/1993 2059/2038/1988 1995/1974/1924
f 1995/1974/1924 1994/1973/1923 2064/2043/1993
f 2065/2044/1994 2060/2039/1989 2059/2038/1988
f 2059/2038/1988 2064/2043/1993 2065/2044/1994
f 2060/2039/1989 2065/2044/1994 2066/2045/1995
f 2066/2045/1995 2061/2040/1990 2060/2039/1989
f 2061/2040/1990 2066/2045/1995 2067/2046/1996
f 2062/2041/1991 2067/2046/1996 2036/2015/1965
f 2031/2010/1960 2036/2015/1965 2067/2046/1996
f 2067/2046/1996 2062/2041/1991 2061/2040/1990
f 2005/1984/1934 2068/2047/1997 1993/1972/1922
f 2068/2047/1997 2005/1984/1934 2003/1982/1932
f 1994/1973/1923 1993/1972/1922 2068/2047/1997
f 2068/2047/1997 2064/2043/1993 1994/1973/1923
f 2069/2048/1998 2003/1982/1932 2001/1980/1930
f 2064/2043/1993 2068/2047/1997 2069/2048/1998
f 2069/2048/1998 2065/2044/1994 2064/2043/1993
f 2003/1982/1932 2069/2048/1998 2068/2047/1997
f 2001/1980/1930 2070/2049/1999 2069/2048/1998
f 2070/2049/1999 2001/1980/1930 1998/1977/1927
f 2065/2044/1994 2069/2048/1998 2070/2049/1999
f 2070/2049/1999 2066/2045/1995 2065/2044/1994
f 2030/2009/1959 2031/2010/1960 2071/2050/2000
f 2067/2046/1996 2071/2050/2000 2031/2010/1960
f 2071/2050/2000 2067/2046/1996 2066/2045/1995
f 2071/2050/2000 1998/1977/1927 2030/2009/1959
f 2066/2045/1995 2070/2049/1999 2071/2050/2000
f 1998/1977/1927 2071/2050/2000 2070/2049/1999
f 1165/1165/1141 1166/1166/1142 2072/2051/2001
f 2072/2051/2001 1178/1178/1154 1193/1193/1169
f 1178/1178/1154 2072/2051/2001 1166/1166/1142
f 2072/2051/2001 2073/2052/2002 1165/1165/1141
f 1164/1164/1140 1165/1165/1141 2073/2052/2002
f 2073/2052/2002 2074/2053/2003 1164/1164/1140
f 1129/1129/1105 1164/1164/1140 2074/2053/2003
f 2074/2053/2003 1130/1130/1106 1129/1129/1105
f 1113/1113/1089 2075/2054/2004 1114/1114/1090
f 1130/1130/1106 2074/2053/2003 2075/2054/2004
f 2075/2054/2004 1113/1113/1089 1130/1130/1106
f 2076/2055/2005 2075/2054/2004 2074/2053/2003
f 2074/2053/2003 2073/2052/2002 2076/2055/2005
f 2077/2056/2006 2076/2055/2005 2073/2052/2002
f 1193/1193/1169 2077/2056/2006 2072/2051/2001
f 2073/2052/2002 2072/2051/2001 2077/2056/2006
f 2078/2057/2007 1114/1114/1090 2075/2054/2004
f 2075/2054/2004 2076/2055/2005 2078/2057/2007
f 2079/2058/2008 2078/2057/2007 2076/2055/2005
f 2076/2055/2005 2077/2056/2006 2079/2058/2008
f 2077/2056/2006 1193/1193/1169 2080/2059/2009
f 2080/2059/2009 2079/2058/2008 2077/2056/2006
f 1193/1193/1169 1192/1192/1168 2081/2060/2010
f 1194/1194/1170 2081/2060/2010 1192/1192/1168
f 2081/2060/2010 2080/2059/2009 1193/1193/1169
f 1115/1115/1091 2082/2061/2011 1147/1147/1123
f 2082/2061/2011 1115/1115/1091 1118/1118/1094
f 1107/1107/1083 2083/2062/2012 1118/1118/1094
f 1118/1118/1094 2083/2062/2012 2082/2061/2011
f 2084/2063/2013 1776/1763/1705 1782/1769/1711
f 1776/1763/1705 2084/2063/2013 1775/1762/1704
f 1782/1769/1711 2085/2064/2014 2084/2063/2013
f 1782/1769/1711 1780/1767/1709 2086/2065/2015
f 2086/2065/2015 2085/2064/2014 1782/1769/1711
f 2087/2066/2016 2086/2065/2015 1780/1767/1709
f 1780/1767/1709 1779/1766/1708 2087/2066/2016
f 1779/1766/1708 1784/1771/1713 2088/2067/2017
f 2088/2067/2017 2087/2066/2016 1779/1766/1708
f 1997/1976/1926 2047/2026/1976 2089/2068/2018
f 2089/2068/2018 1996/1975/1925 1997/1976/1926
f 2047/2026/1976 2046/2025/1975 2090/2069/2019
f 2090/2069/2019 2089/2068/2018 2047/2026/1976
f 1536/1525/1465 2090/2069/2019 2046/2025/1975
f 2091/1701/2020 1989/1703/1918 1990/1969/1919
f 1990/1969/1919 1996/1975/1925 2091/1701/2020
f 2092/1702/2021 2091/1701/2020 1996/1975/1925
f 1996/1975/1925 2089/2068/2018 2092/1702/2021
f 2089/2068/2018 2090/2069/2019 2093/1706/2022
f 2093/1706/2022 2092/1702/2021 2089/2068/2018
f 2094/1708/2023 2093/1706/2022 2090/2069/2019
f 2090/2069/2019 1536/1525/1465 2094/1708/2023
f 1524/1513/1453 2094/1708/2023 1536/1525/1465
f 2095/1960/2024 1685/1674/1614 1673/1662/1602
f 2096/2070/2025 1673/1662/1602 1672/1661/1601
f 1673/1662/1602 2096/2070/2025 2095/1960/2024
f 2097/2071/2026 1672/1661/1601 1670/1659/1599
f 1672/1661/1601 2097/2071/2026 2096/2070/2025
f 1670/1659/1599 2098/2072/2027 2097/2071/2026
f 1654/1643/1583 2099/2073/2028 1660/1649/1589
f 1670/1659/1599 1660/1649/1589 2099/2073/2028
f 2099/2073/2028 2098/2072/2027 1670/1659/1599
f 2100/1365/1263 1343/1336/1263 1342/1335/1263
f 1343/1336/1263 2100/1365/1263 1355/1348/1276
f 2101/1367/2029 1342/1335/1263 1341/1334/1263
f 1341/1334/1263 1380/1369/1309 2101/1367/2029
f 1342/1335/1263 2101/1367/2029 2100/1365/1263
