# Blender 4.4.1
# www.blender.org
mtllib left hand.mtl
o AP_SentinelHand_SKEL.001
v -2.766181 -0.093500 2.974300
v -2.796855 -0.104164 2.978941
v -2.729300 -0.178542 2.945275
v -2.743608 -0.199497 2.946441
v -2.801884 -0.110715 3.032431
v -2.680290 -0.246351 2.890850
v -2.573241 -0.289074 2.785690
v -2.631161 -0.249557 2.899760
v -2.745084 -0.235595 3.007522
v -2.618849 -0.278163 3.141981
v -2.663696 -0.282654 2.909039
v -2.563834 -0.303794 2.727090
v -2.530295 -0.295173 2.788564
v -2.492226 -0.305338 2.657903
v -2.432585 -0.338171 2.544346
v -2.404385 -0.332527 2.555113
v -2.312798 -0.343575 2.412837
v -2.299957 -0.324722 2.415939
v -2.440505 -0.151867 2.304074
v -2.526708 -0.328608 3.025403
v -2.541141 -0.337783 2.752030
v -2.389762 -0.377983 2.539770
v -2.255222 -0.385677 2.388661
v -2.247321 -0.420673 2.727069
v -2.397053 -0.381904 2.877649
v -2.266934 -0.320468 2.992565
v -2.397097 -0.273474 3.131756
v -2.482019 -0.240599 3.226428
v -2.638361 -0.081487 3.310657
v -2.747481 -0.093573 3.248951
v -2.556170 -0.073445 3.339523
v -2.383300 -0.127683 3.277143
v -2.305876 -0.137553 3.202446
v -2.187520 -0.159726 3.087531
v -2.084982 -0.186704 2.981843
v -2.152037 -0.358713 2.874767
v -1.933347 -0.201742 2.835460
v -1.999151 -0.353694 2.736770
v -2.098153 -0.403855 2.593311
v -1.972258 -0.317370 2.679719
v -2.062388 -0.351055 2.541507
v -1.919053 -0.193755 2.758162
v -1.990948 -0.268361 2.627526
v -2.058630 -0.332302 2.486905
v -2.191484 -0.328098 2.365800
v -1.848192 -0.286410 2.501158
v -1.779305 -0.149447 2.587091
v -1.696696 -0.149440 2.519754
v -1.942873 -0.151314 2.737198
v -1.931872 -0.153601 2.751762
v -1.971188 -0.163150 2.824260
v -2.094603 -0.150468 2.952764
v -2.173702 -0.295087 2.335477
v -1.946121 -0.359736 2.371248
v -1.732688 -0.293509 2.407822
v -1.688227 -0.321588 2.409845
v -1.634276 -0.172468 2.541400
v -1.491581 -0.194976 2.452484
v -1.532278 -0.386078 2.268775
v -1.463566 -0.151402 2.349759
v -1.788327 -0.407718 2.234377
v -1.934234 -0.297179 2.091852
v -1.930308 -0.328385 2.042837
v -1.818243 -0.365345 2.261969
v -2.071290 -0.298994 2.218772
v -2.177561 -0.122195 2.115566
v -2.302878 -0.137598 2.251630
v -2.314399 0.078987 2.234023
v -1.941782 0.266565 2.052664
v -2.072158 0.249959 2.213822
v -2.008629 0.101197 1.966328
v -2.174140 0.089779 2.111665
v -2.011472 -0.093871 1.978787
v -2.200189 0.244303 2.333848
v -2.214803 0.265759 2.325020
v -1.999366 -0.182525 1.953635
v -2.024472 -0.032521 1.909073
v -2.007946 0.127079 1.911901
v -1.925067 0.299274 2.004000
v -1.820727 0.377930 2.184221
v -1.993454 -0.040929 1.879124
v -1.974132 0.168907 1.861442
v -1.824110 0.299642 1.863594
v -1.861853 0.143902 1.702809
v -1.733904 0.233717 1.653021
v -1.730345 0.106630 1.500698
v -1.646516 0.180973 1.459150
v -1.686883 0.061060 1.387135
v -2.019427 0.106228 1.799808
v -1.848280 0.049171 1.494824
v -1.758429 -0.092585 1.500371
v -1.944375 0.078577 1.655667
v -2.028518 -0.048155 1.816746
v -1.967223 -0.181613 1.921888
v -1.710385 -0.419088 2.153023
v -1.905655 -0.344654 2.027271
v -1.957540 -0.337728 1.920272
v -2.000967 -0.223361 1.862535
v -1.948792 -0.072156 1.665475
v -1.849679 -0.097721 1.505397
v -1.559780 -0.485034 1.946363
v -1.714438 -0.435804 1.989343
v -1.801681 -0.369754 1.837169
v -1.870171 -0.362373 1.756534
v -1.916578 -0.259190 1.712537
v -1.511848 -0.503248 1.703238
v -1.174612 -0.605759 1.185601
v -1.432023 -0.469916 1.195209
v -1.315136 -0.583478 1.319035
v -1.518007 -0.451603 1.346887
v -1.408651 -0.544785 1.446680
v -1.604736 -0.431372 1.491357
v -1.688353 -0.406254 1.608173
v -1.782328 -0.388789 1.595279
v -1.820907 -0.274147 1.548653
v -1.750582 -0.260669 1.534730
v -1.674475 -0.280805 1.407076
v -1.597865 -0.303721 1.268516
v -1.506679 -0.307960 1.125367
v -1.307549 -0.461209 1.030710
v -1.361860 -0.285946 0.968442
v -1.539469 -0.141018 1.110282
v -1.394301 -0.127438 0.971196
v -1.225845 -0.099565 0.828420
v -1.195634 -0.225910 0.806551
v -1.163657 -0.409598 0.851153
v -1.162719 -0.483154 0.981150
v -1.121715 -0.564771 1.254621
v -1.109005 -0.441256 1.040958
v -1.124378 -0.364081 0.906224
v -1.141905 -0.231958 0.882456
v -1.170924 -0.103682 0.900269
v -1.244579 0.017595 0.890681
v -1.595512 0.153608 1.344249
v -1.626120 0.029029 1.276476
v -1.509184 0.134462 1.221120
v -1.539315 0.013236 1.148085
v -1.429895 0.132322 1.140068
v -1.421016 0.025639 1.024585
v -1.267379 0.106429 1.005877
v -1.193275 0.001950 0.962310
v -1.374164 0.223439 1.178668
v -1.301361 0.186607 1.096866
v -1.208619 0.073629 1.060739
v -1.486195 0.202955 1.294611
v -1.335945 0.211039 1.262780
v -1.241992 0.160333 1.150604
v -1.675812 0.387525 2.032962
v -1.677120 0.326500 1.727012
v -1.616035 0.250551 1.531426
v -1.551102 0.216755 1.392230
v -1.577782 0.309711 2.201390
v -1.612846 0.321349 2.032918
v -1.608401 0.285973 1.789302
v -1.558902 0.228139 1.617745
v -1.491303 0.201243 1.482016
v -1.432853 0.190146 1.376632
v -0.265552 -0.618492 0.800559
v -0.050278 -0.585204 0.900654
v -0.058612 -0.671844 0.800770
v -0.293277 -0.683103 0.688266
v -0.065365 -0.741859 0.688499
v -0.491879 -0.556797 0.687327
v 0.136151 -0.573662 0.900258
v 0.114401 -0.474484 0.985366
v 0.154685 -0.658638 0.800317
v 0.169549 -0.727317 0.688001
v 0.201518 -0.319507 1.052937
v 0.258821 -0.417474 0.984587
v 0.309888 -0.505079 0.899321
v 0.353462 -0.580170 0.799246
v 0.388471 -0.640896 0.686820
v 0.202338 -0.161631 1.102088
v 0.293995 -0.243161 1.052047
v 0.378553 -0.318628 0.983435
v 0.453925 -0.386167 0.897936
v 0.518259 -0.444120 0.797659
v 0.569969 -0.491057 0.685074
v 0.632945 -0.263804 0.795714
v 0.696278 -0.292467 0.682932
v 0.554165 -0.228565 0.896236
v 0.461877 -0.187620 0.982023
v 0.358354 -0.141976 1.050956
v 0.246144 -0.092757 1.101345
v 0.388291 -0.025855 1.049771
v 0.500637 -0.037277 0.980487
v 0.600793 -0.047702 0.894389
v 0.686295 -0.056874 0.793600
v 0.755034 -0.064567 0.680604
v 0.673085 0.156413 0.791525
v 0.740487 0.170336 0.678319
v 0.594611 0.355182 0.789693
v 0.589249 0.138718 0.892574
v 0.491041 0.117685 0.978978
v 0.380880 0.093834 1.048605
v 0.261476 0.067752 1.099745
v 0.266522 -0.013717 1.100537
v 0.135773 0.040080 1.131138
v 0.138327 -0.001162 1.131539
v 0.120599 0.078515 1.130783
v 0.231501 0.143675 1.099044
v 0.336841 0.205376 1.047576
v 0.434026 0.262100 0.977646
v 0.520659 0.312447 0.890973
v 0.006864 0.011500 1.142007
v 0.094289 0.110379 1.130510
v 0.179531 0.206619 1.098506
v 0.260490 0.297850 1.046784
v 0.335173 0.381828 0.976620
v 0.159298 0.362207 1.046305
v 0.204158 0.465149 0.975998
v 0.110653 0.250425 1.098179
v 0.059421 0.132555 1.130344
v 0.019407 0.142871 1.130304
v -0.021837 0.140318 1.130391
v 0.031609 0.270802 1.098098
v 0.043171 0.392145 1.046188
v -0.365314 0.338460 0.978106
v -0.344906 0.163168 1.049024
v -0.448638 0.207452 0.979519
v -0.280546 0.264354 1.047932
v -0.245582 0.437306 0.976953
v -0.188069 0.340699 1.047042
v -0.101162 0.494316 0.976174
v -0.076523 0.384735 1.046441
v 0.053807 0.503910 0.975845
v 0.401739 0.456479 0.889737
v 0.244128 0.556717 0.888991
v 0.063256 0.603346 0.888807
v -0.123172 0.591805 0.889202
v -0.296909 0.523221 0.890139
v 0.071285 0.688007 0.787215
v -0.142012 0.674800 0.787668
v 0.278225 0.634655 0.787426
v 0.458552 0.519973 0.788279
v 0.654059 0.389249 0.676299
v 0.504210 0.570741 0.674743
v 0.305609 0.697047 0.673804
v 0.077696 0.755802 0.673570
v -0.157217 0.741261 0.674069
v -0.340789 0.596333 0.788740
v 0.789789 0.180144 0.555740
v 0.697537 0.413810 0.553586
v 0.537590 0.607533 0.551924
v 0.325604 0.742350 0.550920
v 0.082332 0.805069 0.550673
v -0.168414 0.789543 0.551204
v -0.376139 0.654840 0.675250
v -0.402089 0.697299 0.552464
v -0.175327 0.818469 0.422099
v 0.085078 0.834590 0.421546
v 0.337721 0.769459 0.421804
v 0.557870 0.629445 0.422846
v 0.723978 0.428260 0.424571
v 0.819787 0.185596 0.426810
v -0.418001 0.722669 0.423408
v -0.177784 0.827317 0.289932
v 0.085866 0.843639 0.289372
v 0.341658 0.777695 0.289633
v 0.564552 0.635939 0.290689
v 0.732732 0.432245 0.292435
v 0.829732 0.186555 0.294701
v 0.846059 -0.077083 0.297266
v 0.835912 -0.074797 0.429343
v 0.780115 -0.332861 0.299879
v 0.770781 -0.327428 0.431923
v 0.638356 -0.555743 0.302283
v 0.630765 -0.547563 0.434298
v 0.434655 -0.723912 0.304243
v 0.429572 -0.713661 0.436234
v 0.188954 -0.820903 0.305568
v 0.805319 -0.070590 0.558179
v 0.742601 -0.313850 0.560664
v 0.607780 -0.525823 0.562950
v 0.414050 -0.685760 0.564815
v 0.186898 -0.809461 0.437542
v 0.180375 -0.778007 0.566075
v -0.641727 -0.375306 0.685770
v -0.685576 -0.402271 0.563695
v -0.777831 -0.168604 0.561539
v -0.525629 -0.595994 0.565355
v -0.313644 -0.730814 0.566359
v -0.070371 -0.793529 0.566607
v -0.073507 -0.825582 0.438094
v -0.326150 -0.760450 0.437837
v -0.546299 -0.620437 0.436795
v -0.712408 -0.419252 0.435071
v -0.808216 -0.176587 0.432832
v -0.074695 -0.837226 0.306127
v -0.330487 -0.771281 0.305868
v -0.553381 -0.629526 0.304812
v -0.721561 -0.425831 0.303065
v -0.818561 -0.180141 0.300798
v -0.834888 0.083497 0.298234
v -0.824341 0.083805 0.430299
v -0.768945 0.339275 0.295620
v -0.759211 0.336435 0.427718
v -0.627185 0.562156 0.293216
v -0.619194 0.556571 0.425344
v -0.423484 0.730325 0.291257
v -0.793358 0.082130 0.559100
v -0.730641 0.325390 0.556615
v -0.595819 0.537363 0.554329
v -0.557638 0.505001 0.676995
v -0.683947 0.306411 0.679138
v -0.742702 0.078511 0.681465
v -0.728155 -0.156393 0.683752
v -0.505586 0.460283 0.790324
v -0.620271 0.279967 0.792271
v -0.673622 0.073037 0.794383
v -0.660412 -0.140251 0.796458
v -0.581938 -0.339019 0.798293
v -0.587815 0.065844 0.895072
v -0.576270 -0.120575 0.896887
v -0.477802 -0.097853 0.982562
v -0.541186 0.246706 0.893224
v -0.440947 0.404308 0.891524
v -0.487399 0.057109 0.981054
v -0.367431 -0.072642 1.051374
v -0.323394 -0.184183 1.052403
v -0.217900 -0.121486 1.102330
v -0.165929 -0.184431 1.102869
v -0.080594 -0.087583 1.132718
v -0.106903 -0.055718 1.132446
v -0.247874 -0.045564 1.101629
v -0.374843 0.047047 1.050210
v -0.045725 -0.109758 1.132886
v -0.122077 -0.017284 1.132090
v -0.252919 0.035905 1.100837
v -0.232542 0.114945 1.100029
v -0.124631 0.023958 1.131689
v -0.114315 0.063971 1.131282
v -0.092139 0.098837 1.130906
v -0.188736 0.183819 1.099287
v -0.125789 0.235786 1.098682
v -0.060273 0.125144 1.130599
v -0.049863 0.265759 1.098271
v 0.063465 -0.243570 1.103104
v 0.073969 -0.102349 1.132629
v 0.139391 -0.213597 1.102693
v 0.105835 -0.076041 1.132324
v 0.128011 -0.041175 1.131946
v 0.089972 -0.363543 1.053539
v -0.040568 -0.484078 0.985695
v -0.231150 -0.538574 0.900470
v -0.445878 -0.503810 0.799706
v -0.388760 -0.438337 0.899723
v -0.190919 -0.445317 0.985542
v -0.029722 -0.370951 1.053793
v -0.507680 -0.294306 0.898489
v -0.321934 -0.361995 0.984920
v -0.145849 -0.341015 1.053675
v -0.018007 -0.248613 1.103276
v 0.035533 -0.117521 1.132839
v -0.005711 -0.120075 1.132924
v -0.097051 -0.228236 1.103197
v -0.247041 -0.276656 1.053196
v -0.420787 -0.242267 0.983895
v 0.070617 -0.520279 2.383582
v 0.147727 -0.523123 2.365653
v 0.065603 -0.490625 2.347214
v 0.138292 -0.493305 2.330311
v 0.221098 -0.528714 2.336276
v 0.417924 -0.494409 2.305627
v 0.479735 -0.509748 2.235636
v 0.385419 -0.537592 2.281288
v 0.318766 -0.525859 2.336308
v 0.288845 -0.536962 2.296043
v 0.207446 -0.498586 2.302616
v -0.006293 -0.596950 1.888906
v -0.008876 -0.490644 2.352778
v -0.482075 -0.608001 1.888805
v -0.475841 -0.624911 1.816325
v -0.476659 -0.590893 1.961290
v -0.459592 -0.573974 2.032000
v -0.431440 -0.557685 2.099223
v -0.392743 -0.542438 2.161250
v -0.344586 -0.528577 2.216625
v -0.288055 -0.516473 2.263895
v -0.224622 -0.506398 2.302003
v -0.155779 -0.498630 2.329893
v -0.083287 -0.493320 2.347002
v -0.008392 -0.520297 2.389486
v -0.087331 -0.523137 2.383363
v -0.164241 -0.528765 2.365216
v -0.237272 -0.537010 2.335624
v -0.304564 -0.547698 2.295198
v -0.260414 -0.525904 2.379886
v -0.180017 -0.516832 2.412453
v -0.095345 -0.510633 2.432436
v -0.008445 -0.507502 2.439180
v 0.078529 -0.507484 2.432680
v 0.163421 -0.510613 2.412941
v -0.103676 -0.465166 2.469613
v -0.009403 -0.461766 2.476927
v 0.084966 -0.461751 2.469876
v 0.177071 -0.465150 2.448461
v 0.264696 -0.471834 2.413374
v 0.244184 -0.516780 2.380607
v 0.345611 -0.481675 2.365316
v 0.345731 -0.360806 2.340147
v 0.264295 -0.350903 2.388509
v 0.176110 -0.344169 2.423824
v 0.083415 -0.340753 2.445383
v -0.011556 -0.340774 2.452472
v 0.418505 -0.373623 2.280076
v 0.480701 -0.389060 2.209633
v 0.530940 -0.406706 2.130681
v 0.529648 -0.527292 2.157181
v 0.445478 -0.557605 2.033288
v 0.416552 -0.542349 2.100437
v 0.473608 -0.591341 2.050558
v 0.442925 -0.575153 2.121786
v 0.522168 -0.585706 2.066067
v 0.488392 -0.567890 2.144471
v 0.566298 -0.546615 2.072107
v 0.442379 -0.551728 2.216779
v 0.377160 -0.528508 2.162344
v 0.401135 -0.560465 2.187464
v 0.349383 -0.547624 2.246075
v 0.271311 -0.506359 2.264697
v 0.328378 -0.516405 2.217581
v -0.360599 -0.723711 1.549923
v -0.412341 -0.710868 1.608524
v -0.340873 -0.682388 1.561368
v -0.283806 -0.692442 1.514259
v -0.300054 -0.734373 1.499949
v -0.219950 -0.700209 1.476328
v -0.389658 -0.670282 1.616603
v -0.429057 -0.656440 1.678521
v -0.457976 -0.641189 1.745667
v -0.510382 -0.644800 1.897281
v -0.504644 -0.626642 1.974180
v -0.503775 -0.662737 1.820394
v -0.484819 -0.680002 1.745432
v -0.454139 -0.696184 1.674203
v -0.499155 -0.701140 1.651755
v -0.532928 -0.683318 1.730164
v -0.553796 -0.664316 1.812685
v -0.561076 -0.644561 1.897319
v -0.554755 -0.624568 1.981980
v -0.486542 -0.608704 2.049191
v -0.534824 -0.604831 2.064565
v -0.601084 -0.631902 1.797205
v -0.608985 -0.610477 1.889032
v -0.602120 -0.588783 1.980880
v -0.580503 -0.567363 2.070478
v -0.544819 -0.546731 2.155655
v -0.501939 -0.585802 2.143064
v -0.495793 -0.527402 2.234249
v -0.456747 -0.567993 2.215505
v -0.434780 -0.509838 2.304413
v -0.439648 -0.389148 2.278856
v -0.501057 -0.406821 2.208241
v -0.550396 -0.426270 2.129147
v -0.586304 -0.447035 2.043422
v -0.608071 -0.468604 1.953253
v -0.614968 -0.490427 1.860819
v -0.400517 -0.551805 2.280174
v -0.363145 -0.494496 2.364313
v -0.334491 -0.537667 2.335382
v -0.282776 -0.481731 2.412594
v -0.195547 -0.471892 2.447927
v -0.106441 -0.344192 2.445107
v -0.198889 -0.350959 2.423289
v -0.286678 -0.360864 2.387729
v -0.367561 -0.373710 2.339135
v 0.588933 -0.567237 1.982574
v 0.543030 -0.604715 1.983537
v 0.596831 -0.588663 1.890743
v 0.550307 -0.624467 1.898900
v 0.492561 -0.608603 1.975591
v 0.499174 -0.626538 1.898710
v 0.463346 -0.573879 1.962631
v 0.532676 -0.652417 1.624120
v 0.483640 -0.671745 1.545525
v 0.491174 -0.683217 1.653154
v 0.568354 -0.631784 1.709294
v 0.524065 -0.664203 1.731660
v 0.543989 -0.644458 1.814241
v 0.493430 -0.644698 1.821808
v 0.469575 -0.590791 1.890150
v 0.589977 -0.610359 1.798890
v 0.567820 -0.426155 2.045062
v 0.590604 -0.446920 1.954954
v 0.598550 -0.468482 1.862543
v 0.591650 -0.490306 1.770104
v 0.569888 -0.511870 1.679935
v 0.533981 -0.532636 1.594213
v 0.484637 -0.552084 1.515116
v 0.423235 -0.569763 1.444505
v 0.422629 -0.689303 1.475368
v 0.353577 -0.585429 1.384231
v 0.353434 -0.704873 1.415467
v 0.272693 -0.598279 1.335639
v 0.273057 -0.717648 1.367175
v 0.389749 -0.717224 1.516045
v 0.323726 -0.731354 1.460843
v 0.249646 -0.743129 1.416342
v 0.185829 -0.727495 1.331845
v 0.293345 -0.723644 1.500784
v 0.353323 -0.710800 1.550942
v 0.332086 -0.670218 1.562320
v 0.380240 -0.656352 1.617700
v 0.404408 -0.696099 1.609679
v 0.445985 -0.701036 1.580716
v 0.226062 -0.734329 1.460368
v 0.275559 -0.682323 1.515049
v 0.418938 -0.641105 1.679726
v 0.445458 -0.679922 1.675479
v 0.447102 -0.624819 1.746957
v 0.475326 -0.662635 1.746795
v 0.464163 -0.607908 1.817663
v -0.186783 -0.734235 1.331311
v -0.190092 -0.614974 1.299539
v -0.276845 -0.727308 1.366400
v -0.174185 -0.758411 1.383284
v -0.254950 -0.752249 1.415619
v -0.158941 -0.748212 1.430335
v -0.232308 -0.742616 1.459708
v -0.150791 -0.705489 1.448645
v -0.078100 -0.708165 1.431736
v -0.003626 -0.708149 1.426173
v 0.070784 -0.705470 1.431950
v -0.329532 -0.743172 1.459914
v -0.357764 -0.717461 1.414460
v -0.430070 -0.704734 1.474147
v -0.434918 -0.585285 1.443287
v -0.362141 -0.598102 1.383208
v -0.280711 -0.608017 1.334849
v -0.396179 -0.731431 1.514932
v -0.491880 -0.689389 1.544148
v -0.453145 -0.717300 1.579442
v -0.541796 -0.671852 1.622597
v -0.578446 -0.652523 1.707669
v -0.607019 -0.511988 1.768404
v -0.584237 -0.532748 1.678302
v -0.547355 -0.552197 1.592685
v -0.497121 -0.569843 1.513723
v 0.104218 0.483596 3.740762
v 0.003919 0.556157 3.699819
v 0.098347 0.585884 3.351986
v 0.111543 0.450222 3.853699
v 0.117265 0.572985 3.882367
v 0.127797 0.520561 4.013142
v -0.154246 0.649395 3.911906
v -0.001142 0.590065 3.717378
v 0.121710 0.392071 3.966168
v -0.150384 0.562785 3.698164
v -0.149809 0.642702 3.737073
v -0.292592 0.578168 3.710453
v -0.407227 0.554509 3.872434
v -0.300492 0.554200 3.697486
v -0.422290 0.460568 3.865340
v -0.404978 0.467720 3.738519
v -0.416395 0.571015 3.365136
v -0.376562 0.429971 3.702270
v -0.156946 0.647653 3.376849
v -0.462546 0.661365 3.283455
v -0.427449 0.630793 3.065411
v -0.159059 0.749734 3.297776
v 0.129526 0.681601 3.269882
v -0.163177 0.769712 3.191740
v -0.474289 0.713858 2.996434
v -0.490360 0.576465 3.003413
v -0.377713 0.530889 3.338509
v -0.387244 0.595951 3.041797
v -0.433638 0.568407 3.003736
v -0.479037 0.626281 2.826633
v -0.513023 0.713053 2.964743
v -0.365524 0.802072 3.066476
v -0.179995 0.858659 3.171767
v -0.145430 0.795572 2.551060
v -0.322263 0.871477 2.600409
v -0.465103 0.612607 2.540152
v -0.500523 0.741920 2.585134
v -0.504528 0.763335 2.684467
v -0.478369 0.629533 2.686484
v -0.511396 0.761900 2.845501
v -0.358789 0.881307 2.919507
v -0.181046 0.939934 2.961681
v 0.096915 0.619810 3.068174
v 0.123353 0.726117 3.008827
v 0.196549 0.582951 3.005479
v 0.167733 0.717969 2.961356
v 0.007190 0.823616 3.064228
v -0.002031 0.885244 2.919613
v -0.181346 0.956272 2.764703
v -0.339617 0.899562 2.745790
v 0.156624 0.766561 2.865368
v 0.176677 0.646392 2.840849
v -0.018709 0.903112 2.745853
v -0.179472 0.932625 2.605556
v -0.034667 0.876332 2.590434
v 0.146690 0.777207 2.719615
v 0.148794 0.762493 2.577155
v 0.153721 0.614405 2.740873
v 0.172123 0.649131 2.528633
v -0.431190 0.769273 2.001487
v -0.152404 0.987540 2.134602
v -0.442887 0.712778 2.348545
v -0.151653 0.928323 2.493142
v 0.140070 0.699299 2.344018
v 0.222056 0.650479 2.528354
v 0.490533 0.651655 2.461212
v 0.151311 0.782009 2.282948
v 0.523516 0.827944 2.400572
v 0.479434 0.901147 2.012214
v 0.144631 0.822487 1.984633
v -0.147420 0.991995 1.791296
v -0.412648 0.797377 1.724846
v -0.589903 0.825448 1.753011
v -0.605891 0.822669 2.042157
v 0.442476 0.928437 1.723691
v 0.137268 0.830851 1.724782
v -0.150380 0.974836 1.512877
v -0.410845 0.781623 1.442584
v -0.572509 0.808232 1.342979
v 0.129219 0.832205 1.519907
v 0.414603 0.930452 1.489215
v 0.120552 0.825895 1.424703
v -0.159817 0.968678 1.385811
v -0.418602 0.759785 1.169793
v -0.558965 0.775712 1.050262
v -0.715985 0.685541 1.317010
v -0.700789 0.663463 0.958636
v -0.733911 0.799873 0.914665
v -0.871823 0.610532 0.843429
v -0.513971 0.947908 1.066878
v -0.258700 1.055514 1.296612
v 0.105781 1.083920 1.288585
v 0.398358 0.928486 1.352270
v 0.462382 1.003093 1.284051
v -0.247123 1.018032 0.146553
v -0.471731 0.919787 0.148569
v 0.420091 0.973675 0.136742
v 0.690769 0.860605 1.046424
v 0.586247 0.696219 1.162040
v 0.637137 0.712646 1.422705
v 0.647685 0.515504 0.144750
v 0.502493 0.653630 0.144356
v 0.646077 0.516467 0.311581
v 0.833854 0.668207 0.146341
v 0.639967 0.854507 0.147905
v 0.883265 0.681727 0.884921
v 0.781359 0.696060 1.030368
v 0.831934 0.707020 1.333611
v 0.875718 0.694041 1.615968
v 0.916554 0.658382 1.917768
v 1.018399 0.472663 1.875924
v 0.980449 0.489276 1.586612
v 1.175822 0.451372 1.813595
v 1.046642 0.429962 2.078002
v 0.955040 0.573142 2.238995
v 0.668624 0.711887 1.645986
v 0.701487 0.688731 1.880401
v 0.732886 0.644600 2.136615
v 0.720934 0.543683 2.215762
v 0.895660 0.394436 2.328400
v 0.774367 0.455329 2.404435
v 0.694895 0.639913 2.453061
v 0.784191 0.489046 2.416936
v 0.814585 0.500481 2.540870
v 0.765418 0.386592 2.501638
v 0.802840 0.358615 2.640279
v 0.851386 0.492083 2.657117
v 0.868368 0.437012 2.768333
v 0.845826 0.309889 2.807607
v 0.795791 0.410105 2.909983
v 0.785609 0.268764 2.894569
v 0.752517 0.341629 2.539249
v 0.840225 0.349291 2.459470
v 0.832521 0.487116 2.840838
v 0.921328 0.421588 2.614990
v 0.884528 0.444695 2.476207
v 1.056187 0.470859 2.479938
v 0.840613 0.258819 2.554723
v 0.834236 0.407915 2.373244
v 0.851000 0.440913 2.388167
v 1.009717 0.461837 2.347558
v 1.163235 0.447990 2.312155
v 1.220767 0.449713 2.450514
v 1.304272 0.325791 2.374885
v 1.348995 0.294619 2.530164
v 1.103999 0.348544 2.261916
v 1.244870 0.320243 2.247051
v 1.335538 0.193421 2.276690
v 1.381249 0.157081 2.417234
v 1.306176 0.105833 2.271945
v 1.336710 0.058330 2.392507
v 1.258861 0.404326 2.616346
v 1.360962 0.219213 2.644670
v 1.276308 0.310899 2.786135
v 1.396500 0.089827 2.516528
v 1.366349 0.148741 2.611900
v 1.248677 0.242633 2.808510
v 1.100887 0.372998 2.753299
v 1.094055 0.440415 2.632899
v 1.364992 -0.028041 2.539292
v 1.322451 0.060221 2.656323
v 1.418141 0.071796 2.837386
v 1.270010 0.201747 2.921738
v 1.060672 0.229708 2.973424
v 1.338993 -0.028711 2.889045
v 1.384640 0.004566 2.904224
v 1.389511 -0.171764 3.190189
v 1.250544 0.122231 2.980179
v 1.311194 0.054381 3.265780
v 1.398525 -0.024213 3.207776
v 1.342336 0.026898 3.402366
v 1.187777 0.057098 3.274056
v 1.289865 0.010330 3.231039
v 1.178631 0.039985 3.251893
v 1.374374 -0.044403 3.187236
v 1.431868 -0.159384 3.251490
v 1.432367 -0.251419 3.325825
v 1.498090 -0.097307 3.306076
v 1.514087 -0.166856 3.393789
v 1.350701 -0.055612 3.527910
v 1.520206 -0.262185 3.467435
v 1.346708 -0.202679 3.681449
v 1.472435 -0.286229 3.466654
v 1.318711 -0.242501 3.637292
v 1.471864 -0.380135 3.596585
v 1.321888 -0.273862 3.676201
v 1.435483 -0.338176 3.403706
v 1.416608 -0.354445 3.442728
v 1.405821 -0.508082 3.609154
v 1.094444 -0.106324 3.593832
v 1.119362 -0.162835 3.568249
v 1.129288 -0.259406 3.703059
v 1.306108 -0.355275 3.710962
v 1.436920 -0.447035 3.639249
v 1.398104 -0.644527 3.786539
v 1.152696 -0.531592 4.034659
v 1.165736 -0.486679 3.972536
v 1.339337 -0.580589 4.042392
v 1.141583 -0.508298 3.943080
v 1.321685 -0.508980 3.916055
v 1.137982 -0.341249 3.733173
v 1.119952 -0.381490 3.739709
v 1.099772 -0.248176 3.573632
v 1.074782 -0.185650 3.568211
v 1.434253 -0.631400 3.853978
v 1.454335 -0.605754 3.877641
v 1.464972 -0.659420 3.930050
v 1.460762 -0.746805 3.995444
v 1.322366 -0.726140 4.177444
v 1.439241 -0.700345 3.892621
v 1.409519 -0.734780 3.900866
v 1.433927 -0.785711 3.958834
v 1.294646 -0.762476 4.138198
v 1.127793 -0.606188 4.096333
v 1.392485 -0.758129 3.948758
v 1.100675 -0.645223 4.062589
v 1.086312 -0.626194 3.990032
v 1.097012 -0.527098 3.871270
v -0.094674 -0.737624 1.309891
v -0.086850 -0.761770 1.363535
v -0.000314 -0.737609 1.302840
v -0.079394 -0.751291 1.412395
v -0.000386 -0.751276 1.406501
v 0.000117 -0.761752 1.357038
v 0.093971 -0.734214 1.310163
v 0.078550 -0.748428 1.412623
v 0.087017 -0.758631 1.363789
v 0.171686 -0.752429 1.383770
v 0.153026 -0.742569 1.430774
v 0.143284 -0.700168 1.449056
v 0.212125 -0.692396 1.476944
v 0.184908 -0.608191 1.300068
v 0.092457 -0.614958 1.278250
v -0.002426 -0.618367 1.270886
v -0.097392 -0.618382 1.277984
v 0.149352 0.254237 3.899552
v 0.151700 0.242114 3.893731
v 0.136792 0.189590 4.033879
v 0.090847 0.006245 4.211123
v 0.013692 0.129658 4.283385
v 0.089898 0.140765 4.051984
v 0.024412 0.241872 4.144711
v 0.131876 0.333915 4.078660
v 0.121710 0.392071 3.966168
v 0.006172 -0.099834 4.567153
v 0.162698 0.061090 3.987339
v 0.093079 -0.066251 3.984689
v 0.152505 -0.066525 3.940009
v 0.105743 0.042634 4.025224
v 0.173342 0.117288 3.850409
v 0.154598 0.337023 3.690914
v 0.149482 0.254907 3.898174
v 0.053049 0.477927 3.324781
v 0.119501 0.450461 3.036727
v 0.111267 0.324360 3.383349
v 0.066480 0.392590 3.677261
v 0.098903 0.317877 3.649538
v 0.187355 0.202070 3.640875
v 0.176129 0.061419 3.588677
v 0.162660 -0.016416 3.800781
v 0.116689 0.090615 3.559871
v 0.120397 0.206093 3.604919
v 0.122254 -0.068002 3.540644
v 0.117287 -0.148078 3.748647
v 0.103629 -0.183918 3.896392
v 0.046738 -0.160615 3.949515
v 0.083810 -0.131295 4.113105
v 0.032222 -0.170583 3.502524
v 0.011631 -0.117859 3.497599
v 0.027710 -0.250121 3.710645
v 0.021947 -0.276965 3.861741
v -0.006173 -0.227710 3.924685
v 0.035872 -0.209885 4.061088
v 0.047706 -0.358348 4.301342
v 0.071248 -0.273646 4.381010
v 0.141326 -0.309597 4.384603
v 0.126555 -0.216129 4.472081
v 0.125678 -0.341855 4.606305
v 0.076428 -0.212186 4.447185
v -0.099455 -0.280840 3.904854
v -0.027230 -0.273926 4.025668
v -0.010855 -0.416494 4.246579
v 0.108742 -0.400477 4.299228
v 0.140456 -0.435353 4.518806
v 0.096986 -0.409224 4.572542
v 0.033728 -0.474964 4.228999
v 0.107859 -0.526235 4.433429
v 0.046297 -0.524907 4.477998
v -0.055951 -0.716922 4.479380
v 0.118188 -0.435676 4.594455
v -0.044605 -0.762398 4.488891
v 0.071246 -0.769147 4.922297
v -0.057080 -0.917821 4.754714
v -0.062220 -0.940909 4.869295
v 0.003913 -0.857899 5.008978
v 0.033558 -0.291008 4.738479
v -0.042638 -0.591887 5.054528
v -0.053469 -0.710448 5.085742
v -0.070747 -0.893071 5.060040
v -0.294712 -0.936693 4.877977
v -0.277843 -0.881969 5.067905
v -0.275374 -0.690639 5.097704
v -0.277348 -0.574913 5.067020
v -0.297276 -0.263918 4.878654
v -0.006409 -0.263531 4.857713
v -0.126923 -0.303762 4.930810
v 0.075650 -0.089868 4.616438
v 0.093854 -0.252404 4.762510
v 0.842519 0.353811 3.196228
v 0.853750 0.216127 3.528379
v 0.911166 0.223708 3.605733
v 0.854575 0.141082 3.709436
v 0.802807 0.589764 2.886824
v 0.652877 0.603036 3.050703
v 0.689132 0.691068 3.020994
v 0.880004 0.433225 3.109327
v 0.788912 0.276368 3.222408
v 0.822437 0.199690 3.500711
v 0.498845 0.729805 2.962664
v 0.356337 0.636638 2.956236
v 0.318413 0.691532 2.915805
v 0.405160 0.581339 3.222684
v 0.676641 0.575267 3.182457
v 0.662870 0.481286 3.261247
v 0.817718 0.342993 3.505751
v 0.942888 0.306881 3.639364
v 0.826174 0.365524 3.510770
v 0.703038 0.403538 3.541298
v 0.573771 0.421258 3.557986
v 0.430057 0.483865 3.297897
v 0.716329 0.445526 3.559459
v 0.750236 0.443691 3.716816
v 0.577845 0.446310 3.565495
v 0.464079 0.366721 3.666464
v 0.457964 0.330136 3.593097
v 0.428958 0.409725 3.276763
v 0.368096 0.504150 2.989201
v 0.503184 0.437900 3.736347
v 0.467959 0.303315 3.821149
v 0.499672 0.386452 3.854807
v 0.766908 0.380217 3.877951
v 0.485286 0.306667 3.961286
v 0.776658 0.245267 4.086396
v 0.536517 0.248825 3.978415
v 0.752492 0.184042 4.064941
v 0.537734 0.161694 4.108530
v 0.455958 0.229509 3.932410
v 0.549132 0.193888 3.963945
v 0.550887 0.068964 4.148180
v 0.731126 0.069485 4.143032
v 0.752071 0.158177 4.102813
v 0.885076 -0.012925 4.081869
v 0.921440 0.068857 4.036496
v 0.921255 0.153954 3.906703
v 0.976276 0.162865 3.853796
v 0.964015 0.244322 3.751020
v 0.885261 0.106963 3.902527
v 0.946992 0.088847 3.818599
v 0.935027 0.169369 3.712358
v 0.861646 0.076280 3.826768
v 0.840626 0.057892 3.865917
v 0.822286 -0.070247 4.044911
v 0.820139 -0.228815 4.269610
v 0.877811 -0.233193 4.354462
v 0.722175 -0.128220 4.407263
v 0.902424 -0.193437 4.390509
v 0.746115 -0.077639 4.439426
v 0.744888 -0.179086 4.564105
v 0.546307 -0.097773 4.459126
v 0.529764 -0.151460 4.527480
v 0.523603 -0.150006 4.413764
v 0.507120 -0.203502 4.482141
v 0.508494 -0.245952 4.601442
v 0.485847 -0.297992 4.556102
v 0.917705 -0.252136 4.449276
v 0.917476 -0.352092 4.519023
v 0.734215 -0.348900 4.714962
v 0.561837 -0.341923 4.618715
v 0.711047 -0.397824 4.663020
v 0.819517 -0.411996 4.574902
v 0.897373 -0.400356 4.473743
v 0.895055 -0.304182 4.403935
v 1.023599 -0.531430 2.517685
v 0.882700 -0.559836 2.554943
v 0.870940 -0.510323 2.569132
v 1.025527 -0.555045 2.504128
v 1.168467 -0.457435 2.494270
v 1.300847 -0.334757 2.490618
v 1.186000 -0.476118 2.484674
v 1.034571 -0.550173 2.354011
v 0.851616 -0.569321 2.387677
v 0.762026 -0.523404 2.611394
v 0.775993 -0.406123 2.639108
v 0.642480 -0.476101 2.693207
v 0.643463 -0.361885 2.696599
v 0.413662 -0.487787 2.370940
v 0.654192 -0.546085 2.409639
v 0.558593 -0.454365 2.709201
v 0.539248 -0.337778 2.769044
v 0.717482 -0.575879 2.182826
v 0.511607 -0.516784 2.261108
v 0.457331 -0.429981 2.201103
v 0.353305 -0.407974 2.322109
v 0.354810 -0.476582 2.405834
v 0.508987 -0.437102 2.748351
v 0.447359 -0.321023 2.765946
v 0.236669 -0.390497 2.371082
v 0.265192 -0.466728 2.462570
v 0.123909 -0.385631 2.415097
v 0.418160 -0.420505 2.750684
v 0.231851 -0.383587 2.811102
v 0.152145 -0.462288 2.503282
v 0.050409 -0.461207 2.517739
v 0.015026 -0.383402 2.431960
v 0.090980 -0.288934 2.911983
v -0.007070 -0.459981 2.521162
v 0.045565 -0.400973 2.873532
v -0.023240 -0.284484 2.894229
v -0.100438 -0.388016 2.421880
v 0.229810 -0.272683 2.833641
v 0.173328 -0.376379 2.856330
v 0.109484 -0.387452 2.865743
v 0.170823 -0.275705 2.884438
v -0.284346 -0.480644 2.461311
v -0.470560 -0.266794 2.847755
v -0.425890 -0.405308 2.835468
v -0.289508 -0.406588 2.358606
v -0.188872 -0.393746 2.404256
v -0.202622 -0.470133 2.491533
v -0.103314 -0.463126 2.513862
v -0.008925 -0.409308 2.875523
v -0.091009 -0.394807 2.843264
v -0.288692 -0.386575 2.831475
v -0.365040 -0.403596 2.852084
v -0.098848 -0.296813 2.862403
v -0.289484 -0.288155 2.851090
v -0.368121 -0.278649 2.870697
v -0.499854 -0.520431 2.299809
v -0.882266 -0.373838 2.600250
v -0.779119 -0.357295 2.593633
v -0.428524 -0.502733 2.369752
v -0.599178 -0.376787 2.725813
v -0.556354 -0.387471 2.833232
v -0.581027 -0.252848 2.731436
v -0.545648 -0.252732 2.843315
v -0.507834 -0.376178 2.844422
v -0.361577 -0.487275 2.419717
v -0.782445 -0.234068 2.590626
v -0.896595 -0.256487 2.588777
v -0.946638 -0.370959 2.554210
v -1.001924 -0.216190 2.527322
v -0.633976 -0.596233 1.993104
v -0.921575 -0.520194 1.982111
v -1.067079 -0.571645 2.054178
v -0.614920 -0.573723 2.086261
v -1.139509 -0.369938 2.352777
v -1.008587 -0.337820 2.492047
v -0.506734 -0.465668 2.121986
v -0.556190 -0.537867 2.226763
v -0.580241 -0.555853 2.173172
v -0.541256 -0.485051 2.032434
v -0.556718 -0.513708 1.921178
v -0.383438 -0.422644 2.295848
v -0.447274 -0.438479 2.233258
v -0.526867 -0.703820 1.520937
v -0.422039 -0.726995 1.411234
v -0.707838 -0.730783 1.357052
v -0.754093 -0.703510 1.572849
v -0.601673 -0.674818 1.650051
v -0.789867 -0.666118 1.774754
v -0.637945 -0.643524 1.785690
v -0.643177 -0.609750 1.920336
v -0.573747 -0.546677 1.782050
v -0.932614 -0.695263 1.500346
v -0.933351 -0.684592 1.348031
v -0.975231 -0.670818 1.726459
v -0.921072 -0.612974 1.972576
v -1.046968 -0.616909 1.924182
v -1.119066 -0.460482 1.938747
v -1.046064 -0.533121 1.752151
v -0.995504 -0.550815 1.526865
v -0.986771 -0.564757 1.373585
v -0.987035 -0.556136 1.183860
v -1.446226 -0.446210 1.772072
v -1.357094 -0.487748 1.539240
v -1.258842 -0.534178 1.414480
v -1.121715 -0.564771 1.254621
v -1.109005 -0.441256 1.040958
v -1.009818 -0.477264 0.970351
v -1.124378 -0.364081 0.906224
v -0.989690 -0.349450 0.782976
v -1.001511 -0.547851 0.929840
v -0.948970 -0.645696 1.155836
v -0.749220 -0.711350 1.137034
v -0.523967 -0.762748 1.169078
v -0.299163 -0.756159 1.326882
v -0.265206 -0.637465 1.372109
v -0.137516 -0.650147 1.324275
v -0.022142 -0.803715 0.873039
v -0.010158 -0.789661 1.072358
v 0.008284 -0.737809 0.863194
v -0.272738 -0.834933 0.860222
v -0.249939 -0.804911 1.105391
v -0.154554 -0.769365 1.277114
v -0.526297 -0.773355 0.869606
v -0.800381 -0.652901 0.854468
v -0.987086 -0.439149 0.769919
v -0.800381 -0.652901 0.854468
v -0.495960 -0.755907 0.617544
v -0.706130 -0.638955 0.630304
v -0.879445 -0.479027 0.625901
v -0.885111 -0.374784 0.648571
v -0.771996 -0.450063 0.542684
v -0.774083 -0.528783 0.535950
v -0.634266 -0.550471 0.449354
v -0.640759 -0.629773 0.471826
v -0.443025 -0.667016 0.382206
v -0.442326 -0.647504 0.327943
v -0.645003 -0.531880 0.334394
v -0.808322 -0.335013 0.327043
v -0.925929 -0.348672 0.634624
v -0.000033 -0.747456 0.626295
v -0.010521 -0.742329 0.356372
v 0.007404 -0.770267 0.357841
v 0.025765 -0.820806 0.632097
v 0.168784 -0.756866 0.345402
v 0.154624 -0.717076 0.314434
v -0.027975 -0.722236 0.319889
v -0.264328 -0.715596 0.349107
v -0.256305 -0.701939 0.324508
v -0.448033 -0.723926 0.392136
v -0.266735 -0.765840 0.362956
v -0.272341 -0.820777 0.619266
v -0.055505 -0.788090 0.361389
v -0.039197 -0.814359 0.624364
v -0.005024 -0.775468 1.256219
v 0.016153 -0.725465 1.080882
v 0.040467 -0.811482 0.865615
v 0.211466 -0.811747 0.615707
v 0.360304 -0.723722 0.344680
v 0.037466 -0.667204 1.308214
v 0.897007 -0.559117 0.955701
v 0.792674 -0.567387 0.689385
v 0.693785 -0.668597 0.937435
v 0.608301 -0.677936 0.650095
v 0.681149 -0.578773 0.393482
v 0.514720 -0.667476 0.356615
v 0.414558 -0.755360 0.630795
v 0.247393 -0.811670 0.882876
v 0.044122 -0.795471 1.094550
v 0.242383 -0.758710 1.304794
v 0.517388 -0.719471 1.253370
v 0.262330 -0.781811 1.130119
v 0.052256 -0.776320 1.258337
v 0.470673 -0.745764 0.925856
v 0.762298 -0.663802 1.221721
v 0.897007 -0.559117 0.955701
v 0.975337 -0.562742 1.217263
v 0.216122 -0.640192 1.350955
v 0.416290 -0.713754 1.413167
v 0.661946 -0.678482 1.506657
v 0.836356 -0.638791 1.477612
v 0.660241 -0.518551 1.956448
v 0.759465 -0.575352 1.998356
v 0.758975 -0.549102 1.961760
v 0.760382 -0.569003 1.927967
v 0.634943 -0.582691 1.917915
v 0.733949 -0.631103 1.725123
v 0.623539 -0.630623 1.745621
v 0.547167 -0.674738 1.563552
v 0.368324 -0.609193 1.444632
v 0.892143 -0.525394 1.966849
v 0.894942 -0.551118 1.930939
v 0.885991 -0.606766 1.711293
v 1.054915 -0.540077 1.702964
v 1.060647 -0.502792 1.936190
v 1.206946 -0.412199 1.697787
v 1.212899 -0.407747 1.939665
v 1.298020 -0.253150 1.936860
v 1.162122 -0.367071 1.976467
v 1.040952 -0.466108 1.971808
v 1.330324 -0.182154 1.851200
v 1.310469 -0.193110 1.684029
v 1.299039 -0.156788 1.857404
v 1.257135 -0.233779 1.975308
v 1.276858 -0.265416 2.032543
v 1.185576 -0.413263 2.027947
v 1.055515 -0.504317 2.016212
v 0.898748 -0.549764 2.006818
v 0.886003 -0.573672 2.189213
v 1.297802 -0.303970 2.205951
v 1.188765 -0.452695 2.188144
v 1.048875 -0.537185 2.184992
v 0.886003 -0.573672 2.189213
v 1.034571 -0.550173 2.354011
v 0.851616 -0.569321 2.387677
v 1.190568 -0.468188 2.345767
v 1.302059 -0.327852 2.374964
v 1.352040 -0.163898 2.238627
v 1.336402 -0.170612 2.143034
v 1.339361 -0.106695 2.262082
v 1.324820 -0.089534 2.127643
v 1.364944 -0.184410 2.405411
v 1.289577 0.171493 2.000218
v 1.286525 0.134308 2.170478
v 1.306176 0.105833 2.271945
v 1.336710 0.058330 2.392507
v 1.333745 -0.135990 2.412792
v 1.365626 -0.213041 2.511539
v 1.283532 -0.308867 2.506801
v 1.333997 -0.155216 2.530904
v 1.364992 -0.028041 2.539292
v -1.048456 -0.125680 2.700376
v -1.126070 0.001220 2.734219
v -1.059363 -0.134560 2.946601
v -1.140991 0.385485 3.238413
v -1.192368 0.199807 3.501218
v -1.180683 0.250604 3.229829
v -1.165920 0.294738 2.966339
v -1.171805 0.140569 2.967252
v -1.146408 0.151897 2.732042
v -1.139137 -0.004588 2.962441
v -1.080863 -0.132502 3.210284
v -0.964273 -0.211753 3.161168
v -0.973516 -0.205624 3.349685
v -1.135336 0.339378 2.712114
v -1.104270 0.477627 2.788075
v -1.135411 0.445050 2.958982
v -1.087176 0.478849 2.633579
v -1.048469 -0.160965 3.360091
v -1.071975 -0.209919 3.364463
v -0.963687 -0.256867 3.353066
v -0.971239 -0.301136 3.468163
v -0.857191 -0.307126 3.473554
v -0.879657 -0.338435 3.692695
v -1.160916 -0.127698 3.391260
v -1.084015 -0.283641 3.552679
v -0.983596 -0.333002 3.687801
v -0.896576 -0.290578 3.751782
v -0.983701 -0.285275 3.748007
v -0.910318 -0.334435 3.871121
v -0.998575 -0.327443 3.864590
v -0.927957 -0.508837 4.176354
v -1.172551 -0.201815 3.579455
v -1.081837 -0.290421 3.698185
v -1.081446 -0.233956 3.761904
v -1.162531 -0.215837 3.722535
v -1.163975 -0.131725 3.791819
v -1.215950 -0.118262 3.757955
v -1.231158 -0.094740 3.618290
v -1.219794 -0.020131 3.430268
v -1.122816 -0.087524 3.382691
v -1.173025 0.001208 3.415505
v -1.156200 -0.009501 3.202974
v -1.241545 0.099806 3.476758
v -1.196444 0.105979 3.457706
v -1.185589 0.121482 3.214845
v -1.196323 -0.035861 3.826819
v -1.199480 0.081946 3.857957
v -1.202371 -0.029171 4.037395
v -1.235686 -0.009449 3.800111
v -1.230113 0.095402 3.821039
v -1.252808 0.024655 3.664557
v -1.238077 0.149303 3.690983
v -1.223543 0.217680 3.525136
v -1.158227 0.306673 3.552471
v -1.166590 0.306119 3.585693
v -1.201748 0.252821 3.717586
v -1.199955 0.186310 3.825656
v -1.168162 0.169770 3.875132
v -1.160385 0.055816 4.077182
v -1.161255 -0.121662 4.362662
v -1.192535 -0.211972 4.298713
v -1.231504 -0.192036 4.330029
v -1.240859 -0.292250 4.266218
v -1.244123 -0.383346 4.409797
v -1.209823 -0.480071 4.349211
v -1.168874 -0.465659 4.394510
v -1.184260 -0.385468 4.445848
v -1.058046 -0.677563 4.367738
v -1.238395 -0.420074 4.477139
v -1.071538 -0.741281 4.378987
v -1.109581 -0.528273 4.352424
v -1.234774 -0.283116 4.473606
v -1.022355 -0.589554 4.306197
v -1.137078 -0.558577 4.301017
v -1.206566 -0.388961 4.205631
v -1.189304 -0.290284 4.246564
v -1.206409 -0.125172 3.977874
v -1.156413 -0.361309 4.200160
v -1.133829 -0.467482 4.157515
v -1.099013 -0.431128 4.163726
v -1.090461 -0.282687 3.886637
v -1.166014 -0.209730 3.925554
v -0.924671 -0.617690 4.268253
v -0.920413 -0.597498 4.305130
v -1.036948 -0.606912 4.272577
v -1.034664 -0.542625 4.171369
v -1.024731 -0.500811 4.179440
v -0.922392 -0.553402 4.166994
v -0.817350 -0.589275 4.288686
v -0.815100 -0.524998 4.187477
v -0.822026 -0.261338 3.768402
v -0.827633 -0.313324 3.898994
v -0.839278 -0.475226 4.195372
v -0.728175 -0.434909 4.187272
v -0.731356 -0.525990 4.330800
v -0.824758 -0.566570 4.332660
v -0.755126 -0.210793 3.793221
v -0.704082 -0.239738 3.744143
v -0.782578 -0.306029 3.712268
v -0.653635 -0.147562 3.784456
v -0.701298 -0.122656 3.831639
v -0.760314 -0.257733 3.928733
v -0.780915 -0.389918 4.188685
v -0.637305 -0.040632 3.828379
v -0.705526 0.120308 3.899877
v -0.734589 0.196404 3.906148
v -0.685874 0.140468 3.882274
v -0.649490 0.066288 3.868794
v -0.681301 0.039481 3.882675
v -0.685897 -0.051603 3.859657
v -0.713921 -0.170982 3.966950
v -0.740951 -0.309682 4.234967
v -0.695664 -0.066298 4.014139
v -0.717861 0.031878 4.063837
v -0.759820 0.191428 3.922723
v -0.743035 -0.160353 4.338614
v -0.730177 -0.234188 4.288566
v -0.667243 -0.246180 4.308322
v -0.819415 -0.652383 4.397591
v -0.767002 -0.503978 4.377564
v -0.744219 -0.354604 4.480541
v -0.741312 -0.436188 4.422161
v -0.679774 -0.437503 4.388117
v -0.670425 -0.337270 4.451925
v -0.676581 -0.346401 4.244538
v -0.782482 0.123343 4.111204
v -0.796750 -0.085337 4.393027
v -0.701532 -0.149476 4.368910
v -0.704727 -0.240546 4.512514
v -0.779894 -0.213077 4.584317
v -0.701883 -0.360346 4.516704
v -0.767502 -0.069278 4.416694
v -0.770545 -0.154947 4.561058
v -0.882182 -0.438508 4.877549
v -0.860271 -0.157215 4.648674
v -1.114649 -0.579887 4.874318
v -0.858726 -0.736645 4.902840
v -1.081324 -0.773909 4.868309
v -0.880483 -0.540855 4.913149
v -1.127888 -0.476843 4.836217
v -1.156792 -0.192614 4.604016
v -1.011820 -0.203925 4.719953
v -0.760052 -0.611016 4.783052
v -0.803140 -0.682382 4.853673
v -0.837358 -0.824953 4.754629
v -1.061603 -0.855945 4.729730
v -1.186069 -0.684769 4.732220
v -1.058052 -0.856663 4.626724
v -1.061603 -0.855945 4.729730
v -0.822676 -0.826448 4.650396
v -0.786425 -0.711202 4.414658
v -1.048456 -0.125680 2.700376
v -0.896595 -0.256487 2.588777
v -1.001924 -0.216190 2.527322
v -1.543895 0.248861 2.304867
v -1.250892 0.112506 2.352584
v -1.505652 0.146545 2.364035
v -1.322890 0.169628 2.416307
v -1.462211 0.012322 2.389872
v -1.276198 0.023081 2.429667
v -1.463566 -0.151402 2.349759
v -1.204272 -0.187924 2.334836
v -1.079148 -0.091370 2.530130
v -1.135642 0.008897 2.544396
v -1.134372 0.378394 1.780162
v -1.209853 0.353143 1.941742
v -1.428925 0.349807 1.910598
v -1.352985 0.346206 2.164737
v -1.137217 0.355415 2.207915
v -1.125664 0.279577 2.357426
v -1.146848 0.125611 2.532979
v -1.241983 0.422395 1.940167
v -1.173119 0.450555 1.796012
v -1.109944 0.485133 1.802649
v -1.111613 0.491718 1.963318
v -1.158933 0.423496 2.174941
v -1.112668 0.488622 2.176327
v -1.041942 0.435583 1.975946
v -1.032991 0.414832 1.798269
v -1.019761 0.433944 1.557016
v -0.996593 0.588315 1.652749
v -0.977322 0.536492 1.255628
v -0.878390 0.696954 1.296283
v -0.905823 0.739653 2.037562
v -1.026022 0.549597 2.252389
v -1.009999 0.597360 1.959790
v -0.895562 0.731718 1.712002
v -1.045787 0.437008 2.212207
v -1.041405 0.406547 2.345809
v -1.146408 0.151897 2.732042
v -1.135336 0.339378 2.712114
v -1.115243 0.289670 2.519012
v -1.087176 0.478849 2.633579
v -1.116135 0.451265 2.490330
v -0.922410 0.538746 2.543401
v -0.925360 0.694302 2.442281
v -0.723307 0.717783 1.696098
v -0.739779 0.707834 2.041456
v -0.752449 0.647187 2.317782
v -0.751410 0.606163 2.404333
v -0.836145 0.659904 2.540417
v -0.630099 0.756515 2.482413
v -0.449663 0.613654 2.458302
v -0.606083 0.563694 2.558160
v -0.516846 0.576909 2.547108
v -0.915183 0.616252 3.162042
v -0.743441 0.734907 3.037267
v -0.618738 0.597031 3.068593
v -0.572071 0.638233 2.965948
v -0.543411 0.524904 3.010948
v -0.547583 0.545707 2.841009
v -0.603651 0.357259 2.997365
v -0.564063 0.426386 2.769396
v -0.534215 0.562147 2.696537
v -0.552090 0.656559 2.602333
v -0.578291 0.681124 2.871886
v -0.567820 0.679705 2.710951
v -0.735495 0.753177 2.587847
v -0.738846 0.788608 2.735835
v -0.741313 0.782571 2.903932
v -0.877774 0.791433 2.583031
v -0.899661 0.826822 2.733683
v -0.921254 0.816876 2.920838
v -0.938529 0.752994 3.114877
v -1.003321 0.718663 2.557061
v -1.042073 0.749535 2.700973
v -1.078413 0.739137 2.865173
v -1.096887 0.689361 2.996626
v -1.163918 0.507881 2.975580
v -1.216036 0.569101 2.899418
v -1.196796 0.607140 2.780500
v -1.171538 0.601078 2.626076
v -1.159264 0.573305 2.541027
v -1.187366 0.442312 2.947116
v -1.161203 0.491523 2.771157
v -1.136981 0.488516 2.623095
v -1.104270 0.477627 2.788075
v -1.135411 0.445050 2.958982
v -1.183041 0.472086 3.161430
v -1.140991 0.385485 3.238413
v -0.983007 0.534578 3.530006
v -1.105038 0.456520 3.490906
v -0.962575 0.445592 3.494982
v -1.075317 0.383409 3.464361
v -1.166590 0.306119 3.585693
v -1.158227 0.306673 3.552471
v -0.931077 0.491403 3.280987
v -0.924988 0.563616 3.211503
v -0.653426 0.431850 3.037038
v -0.630591 0.561029 3.208876
v -0.657092 0.462320 3.289050
v -0.805202 0.445819 3.502047
v -0.823141 0.504715 3.525769
v -0.679953 0.346074 3.354401
v -0.699100 0.364082 3.634867
v -0.738640 0.502814 3.692844
v -1.005328 0.538320 3.693685
v -0.722253 0.449544 3.818745
v -1.016814 0.477113 3.862599
v -0.713054 0.373200 3.924543
v -0.723047 0.285914 3.758312
v -0.734589 0.196404 3.906148
v -0.697264 0.335670 3.598212
v -0.691198 0.274728 3.561667
v -1.245265 0.363747 3.751515
v -1.224763 0.418122 3.631579
v -1.201748 0.252821 3.717586
v -1.246400 0.282977 3.860721
v -1.018633 0.344429 4.081970
v -1.009328 0.283570 4.090341
v -1.190834 0.111936 4.097731
v -1.227644 0.185615 4.032380
v -1.006974 0.294303 4.066009
v -0.778103 0.269398 4.100608
v -0.763765 0.320844 3.951921
v -1.217332 0.244649 3.895701
v -1.199955 0.186310 3.825656
v -1.168162 0.169770 3.875132
v -1.160385 0.055816 4.077182
v -0.759820 0.191428 3.922723
v -0.782482 0.123343 4.111204
v -0.799513 0.182939 4.155744
v -0.816987 0.019002 4.427063
v -1.028207 0.081133 4.397044
v -0.836992 0.048717 4.459473
v -1.004272 0.196558 4.146915
v -1.219409 0.000350 4.427271
v -1.033989 0.104667 4.428961
v -1.225207 -0.033302 4.391922
v -1.032106 0.007392 4.580227
v -1.233469 -0.049572 4.494975
v -1.198564 -0.098866 4.391639
v -1.161255 -0.121662 4.362662
v -0.819453 0.006354 4.526725
v -0.815458 -0.082282 4.619157
v -1.022515 -0.138926 4.744011
v -1.219728 -0.142190 4.568917
v -1.225315 -0.207748 4.520537
v -1.156792 -0.192614 4.604016
v -1.011820 -0.203925 4.719953
v -0.860271 -0.157215 4.648674
v -0.770545 -0.154947 4.561058
v -0.767502 -0.069278 4.416694
v -0.796750 -0.085337 4.393027
v -0.779894 -0.213077 4.584317
v -0.631479 0.101166 3.492537
v -0.641246 -0.008727 3.447315
v -0.581981 0.065439 3.507906
v -0.599988 -0.052439 3.459528
v -0.681339 -0.102443 3.409515
v -0.603728 0.185382 3.554371
v -0.617779 0.109795 3.741796
v -0.596265 -0.009555 3.695554
v -0.614173 -0.126896 3.647399
v -0.669524 -0.228030 3.603123
v -0.655600 -0.154060 3.415131
v -0.758213 -0.185266 3.373664
v -0.662615 0.292940 3.593406
v -0.668684 0.232661 3.757053
v -0.750662 -0.271541 3.495009
v -0.742109 -0.227140 3.380037
v -0.849117 -0.262853 3.358482
v -0.861625 -0.220344 3.354658
v -0.837555 -0.234053 3.163453
v -0.936092 -0.227282 2.911256
v -0.716437 -0.195890 3.181919
v -0.649637 -0.101181 3.223119
v -0.610929 0.019889 3.253248
v -0.603445 0.152352 3.309896
v -0.634402 0.281849 3.321809
v -0.646489 0.181846 3.523981
v -0.577519 0.202213 2.999509
v -0.585589 0.047205 3.044391
v -0.649637 -0.101181 3.223119
v -0.612848 -0.113046 3.040403
v -0.653122 -0.226406 2.967586
v -0.809147 -0.246536 2.926244
v -0.910296 -0.246357 2.700646
v -0.765961 -0.265089 2.722912
v -0.603228 -0.243406 2.805280
v -0.612848 -0.113046 3.040403
v -0.565565 -0.094119 2.914256
v -0.545648 -0.252732 2.843315
v -0.581027 -0.252848 2.731436
v -0.782445 -0.234068 2.590626
v -0.896595 -0.256487 2.588777
v -0.691198 0.274728 3.561667
v -0.679953 0.346074 3.354401
v -0.653426 0.431850 3.037038
v -0.603651 0.357259 2.997365
v -0.558391 0.247771 2.870684
v -0.561729 0.072045 2.921852
v -0.564063 0.426386 2.769396
v 1.038922 -0.796451 3.481912
v 1.117916 -0.818119 3.462675
v 1.044547 -0.717011 3.371341
v 0.979332 -0.743732 3.516387
v 0.967624 -0.695198 3.371725
v 0.980385 -0.667644 3.403978
v 0.947748 -0.668379 3.546917
v 0.953286 -0.741687 3.647950
v 0.979332 -0.743732 3.516387
v 0.978285 -0.819807 3.628792
v 1.033303 -0.875897 3.592481
v 1.110696 -0.900136 3.573806
v 1.207020 -0.870762 3.554045
v 1.209490 -0.796561 3.449440
v 1.293337 -0.848118 3.572816
v 1.293371 -0.762544 3.461663
v 1.219465 -0.904072 3.532664
v 1.311243 -0.868667 3.568220
v 1.116731 -0.940713 3.556237
v 1.020685 -0.917184 3.574692
v 0.944902 -0.867299 3.618149
v 0.901987 -0.768441 3.647071
v 0.898279 -0.871036 3.758499
v 0.954845 -0.855075 3.808785
v 0.993410 -0.934043 3.739088
v 0.955770 -0.980667 3.776407
v 0.942287 -0.939690 3.696760
v 1.018087 -0.989587 3.653331
v 1.114133 -1.013109 3.634822
v 1.215808 -1.006696 3.644094
v 1.081868 -1.112106 3.724064
v 1.294935 -0.942631 3.730397
v 1.088136 -1.065618 3.711956
v 1.161073 -0.983133 3.695917
v 1.041620 -0.969720 3.703270
v 0.931030 -1.018258 3.795939
v 1.307657 -0.971293 3.679674
v 1.375636 -0.912339 3.736166
v 1.379186 -0.809722 3.624713
v 1.409353 -0.838817 3.804995
v 1.412985 -0.736193 3.693491
v 1.398104 -0.644527 3.786539
v 1.392470 -0.730160 3.690798
v 1.405821 -0.508082 3.609154
v 1.396496 -0.614712 3.547843
v 1.338111 -0.901058 3.773728
v 1.347349 -0.769102 3.881665
v 1.392485 -0.758129 3.948758
v 1.409519 -0.734780 3.900866
v 1.287793 -0.678450 3.196463
v 1.232323 -0.736643 3.316181
v 1.316569 -0.682196 3.326275
v 1.293399 -0.676974 3.350506
v 1.358069 -0.602989 3.370761
v 1.356758 -0.703464 3.495559
v 1.355446 -0.803942 3.620355
v 1.211963 -0.722351 3.344836
v 1.138556 -0.757965 3.321073
v 1.189387 -0.725917 3.190712
v 1.077603 -0.709824 3.137303
v 0.980004 -0.681916 3.162542
v 1.046624 -0.743568 3.340375
v 1.125140 -0.736092 3.351520
v 0.967882 -0.641609 3.061846
v 0.891372 -0.574450 3.100187
v 0.901237 -0.618608 3.200367
v 0.837037 -0.486593 3.144352
v 0.933348 -0.513313 3.079889
v 0.998611 -0.571497 3.047209
v 1.065984 -0.669792 3.036024
v 1.170810 -0.659115 3.025109
v 1.381145 -0.601192 3.350086
v 1.369205 -0.601116 3.216506
v 1.269668 -0.610887 3.030446
v 1.153814 -0.593073 3.012867
v 1.084713 -0.592404 3.023595
v 1.400523 -0.499275 3.404885
v 1.418282 -0.503429 3.384759
v 1.431889 -0.473633 3.257697
v 1.351441 -0.533158 3.050536
v 1.284792 -0.503557 3.028810
v 1.162532 -0.525086 2.750550
v 1.267701 -0.410781 2.761632
v 1.364531 -0.384963 3.077824
v 1.411777 -0.410370 3.092079
v 1.348253 -0.249071 2.773897
v 1.045254 -0.570384 2.770435
v 0.934310 -0.523490 2.811336
v 0.853670 -0.440924 2.873284
v 0.899964 -0.429847 3.116077
v 0.824328 -0.381046 3.191580
v 0.893505 -0.356882 3.149740
v 0.837585 -0.337987 2.920642
v 0.863208 -0.221255 2.956187
v 0.941330 -0.195974 3.208939
v 0.909348 -0.089301 2.965803
v 1.013905 -0.103288 3.251572
v 0.770183 -0.149868 2.710022
v 0.753178 -0.265815 2.688546
v 0.775993 -0.406123 2.639108
v 0.870940 -0.510323 2.569132
v 1.045254 -0.570384 2.770435
v 0.690418 -0.244561 2.722525
v 0.643463 -0.361885 2.696599
v 0.647459 -0.226784 2.741793
v 0.539248 -0.337778 2.769044
v 0.731551 -0.104607 2.688471
v 0.860659 0.052488 2.744398
v 0.983269 0.024791 2.991508
v 1.109495 -0.059725 3.257671
v 0.973741 -0.085097 3.289044
v 0.954992 0.127789 2.793949
v 0.693472 -0.078105 2.720724
v 0.792953 0.063822 2.666551
v 0.898214 0.259183 2.735242
v 1.032714 0.158615 2.812475
v 1.066512 0.072176 2.995813
v 0.746674 0.117453 2.632685
v 0.840613 0.258819 2.554723
v 0.752517 0.341629 2.539249
v 1.116916 0.003114 3.318095
v 1.091603 -0.106618 3.460367
v 0.993255 -0.155122 3.453841
v 1.074782 -0.185650 3.568211
v 1.003573 -0.241877 3.556264
v 1.099772 -0.248176 3.573632
v 1.026685 -0.297290 3.563495
v 1.119952 -0.381490 3.739709
v 0.994140 -0.465209 3.684791
v 1.097012 -0.527098 3.871270
v 1.014187 -0.565150 3.826393
v 0.974092 -0.365278 3.543215
v 0.951744 -0.418318 3.524797
v 0.939012 -0.322913 3.532426
v 0.912677 -0.234662 3.433007
v 0.892756 -0.164976 3.268062
v 0.899969 -0.403760 3.510477
v 0.863874 -0.338583 3.399680
v 0.844616 -0.449715 3.356920
v 0.843674 -0.269364 3.234539
v 0.907990 -0.273831 3.181674
v 0.857380 -0.554316 3.309430
v 0.894740 -0.506507 3.469110
v 0.933004 -0.509306 3.490259
v 0.957794 -0.516518 3.649713
v 0.963845 -0.614715 3.774628
v 0.998208 -0.558991 3.842945
v 0.926567 -0.720540 3.897984
v 0.994518 -0.661587 3.954450
v 0.930258 -0.617932 3.786453
v 0.946723 -0.672805 3.712547
v 0.939861 -0.591050 3.601391
v 0.942219 -0.595082 3.445860
v 0.911075 -0.618706 3.411338
v 0.896466 -0.691464 3.717676
v 0.892774 -0.794083 3.829155
v 0.954462 -0.738695 3.897714
v 0.931652 -0.753803 3.932444
v 0.959492 -1.007101 4.137531
v 0.933594 -1.151357 3.983830
v 0.990057 -1.082968 4.171003
v 0.958742 -1.174567 4.064454
v 1.100675 -0.645223 4.062589
v 1.294646 -0.762476 4.138198
v 1.181453 -0.696156 4.070730
v 1.086312 -0.626194 3.990032
v 1.130804 -0.918671 4.169885
v 1.102077 -1.005066 4.189826
v 1.032395 -1.146399 4.177776
v 1.158871 -1.218789 4.119120
v 1.103780 -1.257135 3.999629
v 1.219661 -1.221642 4.061198
v 1.244166 -1.092078 4.134156
v 1.265668 -1.193693 3.993459
v 1.287072 -1.010969 4.111303
v 1.349366 -0.979749 3.746709
v 1.032395 -1.146399 4.177776
v 1.102077 -1.005066 4.189826
v 1.130804 -0.918671 4.169885
v 1.181453 -0.696156 4.070730
v 1.294646 -0.762476 4.138198
v 1.433927 -0.785711 3.958834
v 1.086413 -1.239621 3.916742
v 0.624442 -0.829978 4.235377
v 0.780061 -0.869776 4.562590
v 0.864483 -0.562958 4.273710
v 0.627299 -0.765731 4.232965
v 0.827574 -0.518697 4.259535
v 0.879350 -0.399183 4.480151
v 0.819517 -0.411996 4.574902
v 0.746717 -0.674898 4.703201
v 0.710204 -0.784121 4.723887
v 0.719814 -0.922387 4.638076
v 0.561837 -0.341923 4.618715
v 0.711047 -0.397824 4.663020
v 0.541342 -0.608919 4.742993
v 0.524015 -0.720111 4.762450
v 0.484709 -0.895051 4.729605
v 0.646113 -0.937266 4.693401
v 0.618206 -0.976481 4.521271
v 0.423366 -0.921213 4.558080
v 0.613291 -0.951141 4.414520
v 0.381698 -0.764974 4.297504
v 0.405180 -0.713655 4.292678
v 0.513528 -0.622260 4.169865
v 0.430713 -0.586684 4.197264
v 0.397071 -0.600512 4.143093
v 0.490371 -0.641965 4.104322
v 0.497806 -0.557885 4.023408
v 0.702493 -0.492561 4.015379
v 0.614759 -0.525157 4.018040
v 0.717302 -0.522236 4.010142
v 0.616521 -0.562001 4.009875
v 0.512884 -0.521043 4.033930
v 0.402776 -0.509424 4.055442
v 0.332947 -0.535377 4.206115
v 0.366627 -0.500485 4.273295
v 0.312814 -0.461514 4.280043
v 0.434577 -0.476197 4.069297
v 0.612007 -0.400860 3.839597
v 0.518792 -0.395644 3.856809
v 0.440800 -0.362996 3.888339
v 0.369448 -0.410518 4.090590
v 0.336116 -0.419255 4.089736
v 0.315968 -0.345353 4.163538
v 0.376762 -0.306323 3.926484
v 0.519295 -0.334056 3.751038
v 0.607260 -0.342075 3.736373
v 0.443654 -0.296926 3.776837
v 0.383459 -0.230732 3.813462
v 0.351354 -0.233033 3.971484
v 0.347748 -0.339943 4.150476
v 0.356006 -0.274558 4.215516
v 0.351321 -0.142446 4.028425
v 0.355008 -0.157049 3.849384
v 0.334406 -0.240423 3.773582
v 0.403272 -0.318843 3.730847
v 0.290401 -0.213537 3.636334
v 0.359189 -0.269027 3.517356
v 0.330375 -0.380858 4.360545
v 0.333512 -0.264685 4.243938
v 0.400200 -0.211173 4.278493
v 0.386912 -0.065013 4.083388
v 0.347959 -0.048012 3.894615
v 0.297051 -0.142734 3.820820
v 0.368251 -0.413864 4.364693
v 0.387991 -0.310707 4.431629
v 0.391106 -0.194559 4.314945
v 0.524584 -0.140185 4.350685
v 0.489261 0.020943 4.125916
v 0.376060 0.053453 3.924799
v 0.515599 -0.301914 4.537831
v 0.329068 -0.437207 4.382992
v 0.561837 -0.341923 4.618715
v 0.485847 -0.297992 4.556102
v 0.507120 -0.203502 4.482141
v 0.505154 -0.137996 4.372024
v 0.541342 -0.608919 4.742993
v 0.523603 -0.150006 4.413764
v 0.550091 -0.137859 4.414465
v 0.550887 0.068964 4.148180
v 0.461513 0.147190 3.948989
v 0.407431 0.153703 3.934853
v 0.330543 0.062860 3.905726
v 0.359462 0.212881 3.810355
v 0.285898 0.121333 3.780624
v 0.267616 0.201294 3.594447
v 0.549132 0.193888 3.963945
v 0.455958 0.229509 3.932410
v 0.467959 0.303315 3.821149
v 0.341096 0.292912 3.623900
v 0.343366 0.212343 3.556682
v 0.457964 0.330136 3.593097
v 0.296749 0.295953 3.282597
v 0.464079 0.366721 3.666464
v 0.161102 0.065688 2.889445
v 0.193559 0.046474 3.023942
v 0.157123 -0.105173 2.932018
v 0.184369 0.209937 2.951457
v 0.173074 0.254836 2.788101
v 0.239771 0.378975 2.973960
v 0.244671 0.155438 3.246083
v 0.288155 0.100809 3.514691
v 0.224571 0.465403 2.723793
v 0.229364 0.090585 3.552422
v 0.282461 -0.008206 3.473283
v 0.237368 0.020641 3.236410
v 0.207386 -0.109109 3.020529
v 0.241737 -0.260161 2.982899
v 0.170823 -0.275705 2.884438
v 0.295735 -0.037405 3.866815
v 0.247595 0.010735 3.738142
v 0.230933 -0.025911 3.502883
v 0.272138 -0.134115 3.451783
v 0.313062 -0.111281 3.432397
v 0.249164 -0.105568 3.688045
v 0.348012 -0.220956 3.405242
v 0.460703 -0.323998 3.480785
v 0.449398 -0.276009 3.368851
v 0.575531 -0.340483 3.458859
v 0.373854 -0.193550 3.396283
v 0.459975 -0.242675 3.365943
v 0.564098 -0.292446 3.346897
v 0.571272 -0.252810 3.345100
v 0.678220 -0.268465 3.342075
v 0.672385 -0.217475 3.342090
v 0.778017 -0.206888 3.354966
v 0.796970 -0.286311 3.539844
v 0.261860 -0.107293 3.215486
v 0.314962 -0.216427 3.165368
v 0.411849 -0.265093 3.127017
v 0.532699 -0.271614 3.101102
v 0.644211 -0.213209 3.095083
v 0.513222 -0.310301 2.902192
v 0.369394 -0.289909 2.935667
v 0.632915 -0.206379 2.860305
v 0.229810 -0.272683 2.833641
v 0.447359 -0.321023 2.765946
v 0.539248 -0.337778 2.769044
v 0.647459 -0.226784 2.741793
v 0.690165 -0.071596 2.838298
v 0.693472 -0.078105 2.720724
v 0.754849 0.091701 2.858282
v 0.746674 0.117453 2.632685
v 0.785609 0.268764 2.894569
v 0.752517 0.341629 2.539249
v 0.726481 -0.119818 3.111569
v 0.632915 -0.206379 2.860305
v 0.802914 0.021135 3.173812
v 0.748668 -0.137194 3.355973
v 0.851436 -0.115170 3.384087
v 0.829530 -0.033856 3.395903
v 0.889654 -0.004375 3.425884
v 0.825882 0.172097 3.201335
v 0.788912 0.276368 3.222408
v 0.795791 0.410105 2.909983
v 0.869449 0.111715 3.453460
v 0.891086 0.107170 3.478940
v 0.822437 0.199690 3.500711
v 0.853750 0.216127 3.528379
v 0.840626 0.057892 3.865917
v 0.870783 -0.088178 3.810031
v 0.822286 -0.070247 4.044911
v 0.900599 -0.016718 3.796044
v 0.861646 0.076280 3.826768
v 0.907273 0.032158 3.662105
v 0.854575 0.141082 3.709436
v 0.908838 -0.084166 3.612034
v 0.895275 -0.123158 3.752836
v 0.870537 -0.194768 3.569576
v 0.860500 -0.223376 3.714074
v 0.824125 -0.202617 3.768715
v 0.793750 -0.306288 3.686708
v 0.724037 -0.295801 3.741600
v 0.826411 -0.286409 3.900952
v 0.725141 -0.379474 3.845329
v 0.799114 -0.428116 4.077303
v 0.840918 -0.342219 4.164563
v 0.874742 -0.175190 3.967155
v 0.820139 -0.228815 4.269610
v 0.870356 -0.354456 4.165325
v 0.817844 -0.452608 4.069524
v 0.604443 -0.653275 4.101648
v 0.705583 -0.638154 4.113978
v 0.818520 -0.578050 4.192381
v 0.873917 -0.482329 4.281074
v 0.895055 -0.304182 4.403935
v 0.877811 -0.233193 4.354462
v 0.897373 -0.400356 4.473743
v 0.778789 -0.572380 4.213743
v 0.643402 -0.628902 4.158573
v 0.359314 -0.748930 4.645441
v 0.524015 -0.720111 4.762450
v 0.407349 -0.831529 4.700105
v 0.484709 -0.895051 4.729605
v 0.423366 -0.921213 4.558080
v 0.400400 -0.888943 4.456922
v 1.336380 -0.486939 3.934688
v 0.898214 0.259183 2.735242
v 0.929920 0.363918 2.718865
v 1.012904 0.303779 2.762482
v 1.032714 0.158615 2.812475
v 1.074023 0.144075 3.023883
v 1.066512 0.072176 2.995813
v 1.109495 -0.059725 3.257671
v 1.116916 0.003114 3.318095
v 1.122539 0.038389 3.420264
v 1.115426 -0.022312 3.514241
v 1.085180 -0.125202 3.443262
v 0.013692 0.129658 4.283385
v 0.006172 -0.099834 4.567153
v 0.044136 0.212512 4.330845
v 0.048346 -0.029049 4.642109
v 0.075650 -0.089868 4.616438
v -0.142011 0.026684 4.666886
v -0.155685 0.249274 4.361022
v 0.068159 0.304750 4.287417
v 0.024412 0.241872 4.144711
v 0.067188 0.382827 4.163631
v -0.157703 0.345134 4.320971
v -0.357413 0.195362 4.332914
v -0.344043 -0.049118 4.638716
v -0.345689 -0.025006 4.674877
v -0.360225 -0.086205 4.747209
v -0.369890 -0.192202 4.825984
v -0.372565 -0.251233 4.770918
v -0.297276 -0.263918 4.878654
v -0.135244 -0.058674 4.822999
v -0.126979 -0.242049 4.988391
v -0.126923 -0.303762 4.930810
v -0.006409 -0.263531 4.857713
v 0.097513 -0.194732 4.808533
v 0.093854 -0.252404 4.762510
v 0.083140 -0.088615 4.730657
v 0.061628 -0.030689 4.663184
v -0.139769 0.049112 4.686269
v 0.032853 -0.600689 4.363150
v -0.072551 -0.558679 4.224022
v -0.073191 -0.647393 4.318644
v -0.193451 -0.570477 4.212121
v -0.194107 -0.659199 4.306742
v -0.199092 -0.616090 4.384071
v -0.087278 -0.604090 4.392762
v -0.318062 -0.705772 4.486466
v -0.331178 -0.749322 4.495740
v -0.004429 -0.567964 4.428226
v -0.093871 -0.489884 4.251382
v -0.188196 -0.499007 4.242075
v -0.310800 -0.545606 4.234655
v -0.406447 -0.450816 4.248631
v -0.365600 -0.410092 4.259026
v -0.466352 -0.368918 4.324875
v -0.298155 -0.464235 4.251897
v -0.444538 -0.151520 4.110756
v -0.366301 -0.265921 4.028766
v -0.366940 -0.217465 3.928252
v -0.289553 -0.303249 3.998731
v -0.192856 -0.320619 3.989826
v -0.109068 -0.314003 3.998690
v -0.196443 -0.293956 3.899929
v -0.082714 -0.334427 3.840269
v -0.085713 -0.281534 3.606215
v -0.197745 -0.349343 3.834604
v -0.211873 -0.297940 3.600022
v -0.309222 -0.319897 3.845415
v -0.293486 -0.265265 3.910498
v -0.403686 -0.249657 3.871400
v -0.469741 -0.147137 3.909404
v -0.439077 -0.220179 3.721230
v -0.334142 -0.265606 3.611837
v -0.332801 -0.217932 3.484567
v -0.209917 -0.250396 3.472677
v -0.208713 -0.201669 3.468420
v -0.083139 -0.233938 3.478918
v -0.328584 -0.186290 3.258072
v -0.324985 -0.161185 3.479358
v -0.436928 -0.140502 3.513160
v -0.511515 -0.107749 3.762926
v -0.407867 -0.086178 3.266693
v -0.418163 -0.069158 3.513295
v -0.509740 -0.027468 3.554976
v -0.456639 0.037541 3.287849
v -0.457169 0.016175 3.538439
v -0.477823 0.169800 3.310349
v -0.481449 0.154825 3.590353
v -0.542496 0.107509 3.604988
v -0.544091 0.026536 3.812690
v -0.499458 -0.024705 3.954790
v -0.444749 -0.079707 3.968515
v -0.441184 -0.316254 4.356408
v -0.489269 0.102901 4.002147
v -0.462343 0.087753 4.019833
v -0.443442 0.045511 4.200539
v -0.422453 -0.189330 4.475514
v -0.481124 -0.275445 4.412328
v -0.448530 -0.184568 4.497703
v -0.482085 -0.401186 4.546553
v -0.304654 -0.083929 4.570689
v -0.343069 0.170053 4.268108
v -0.340996 0.267185 4.104534
v -0.440403 0.220308 4.045713
v -0.532908 0.166465 3.864617
v -0.531260 0.248155 3.657187
v -0.471177 0.244053 3.621677
v -0.432333 0.361321 3.671881
v -0.477383 0.377560 3.705247
v -0.479334 0.295233 3.912429
v -0.431850 0.313136 4.078729
v -0.426411 0.397005 3.957335
v -0.422290 0.460568 3.865340
v -0.426411 0.397005 3.957335
v -0.404978 0.467720 3.738519
v -0.376562 0.429971 3.702270
v -0.377713 0.530889 3.338509
v -0.455602 0.403008 3.317865
v -0.407867 -0.086178 3.266693
v -0.413479 -0.099827 3.038018
v -0.456298 0.054563 3.046636
v -0.462926 0.271763 2.950866
v -0.455406 0.451196 3.040508
v -0.387244 0.595951 3.041797
v -0.433638 0.568407 3.003736
v -0.433544 0.510379 2.788463
v -0.488067 0.271915 2.832258
v -0.482406 0.446167 2.724481
v -0.484794 0.076911 2.901221
v -0.469629 -0.091109 2.912942
v -0.325543 -0.244168 3.021649
v -0.202239 -0.223543 3.249418
v -0.561729 0.072045 2.921852
v -0.558391 0.247771 2.870684
v -0.565565 -0.094119 2.914256
v -0.545648 -0.252732 2.843315
v -0.470560 -0.266794 2.847755
v -0.368121 -0.278649 2.870697
v -0.289484 -0.288155 2.851090
v -0.189986 -0.257802 3.028883
v -0.052046 -0.252231 3.032450
v -0.082680 -0.201927 3.248391
v -0.087521 -0.185903 3.474067
v 0.016330 -0.113282 3.262767
v 0.032706 -0.116671 3.044153
v 0.061209 -0.107318 2.935838
v 0.118471 0.068567 2.851433
v 0.173074 0.254836 2.788101
v 0.161102 0.065688 2.889445
v 0.107241 -0.106178 2.905114
v 0.082907 0.080559 2.896165
v 0.081026 0.054053 3.032814
v 0.078142 0.020453 3.279496
v 0.131141 0.256031 2.762838
v 0.108291 0.287357 2.830317
v 0.112029 0.242022 3.045887
v 0.113782 0.168000 3.315433
v 0.065960 -0.012655 3.522761
v 0.106125 0.511280 2.748144
v 0.154064 0.495185 2.645669
v 0.196549 0.582951 3.005479
v 0.096915 0.619810 3.068174
v 0.153721 0.614405 2.740873
v 0.172123 0.649131 2.528633
v 0.222056 0.650479 2.528354
v 0.248893 0.617062 2.633005
v 0.224571 0.465403 2.723793
v 0.149352 0.254237 3.899552
v 0.121710 0.392071 3.966168
v 0.111543 0.450222 3.853699
v 0.104218 0.483596 3.740762
v 0.098347 0.585884 3.351986
v -0.098848 -0.296813 2.862403
v -0.023240 -0.284484 2.894229
v 0.090980 -0.288934 2.911983
v 0.170823 -0.275705 2.884438
v 0.157123 -0.105173 2.932018
v 0.550091 -0.137859 4.414465
v 0.589997 -0.540153 2.133426
v 0.632064 -0.572837 1.991062
v 0.484532 -0.575811 1.578023
v 0.552573 -0.536553 1.740023
v 0.561506 -0.488002 1.951139
v 0.660241 -0.518551 1.956448
v 0.522872 -0.456029 2.085154
v -0.442326 -0.647504 0.327943
v -0.256305 -0.701939 0.324508
v 0.022448 0.179732 0.295990
v -0.027975 -0.722236 0.319889
v 0.154624 -0.717076 0.314434
v 0.358921 -0.667258 0.310812
v 0.566497 -0.589748 0.320868
v -0.172014 0.806067 0.318762
v -0.364183 0.719198 0.301331
v -0.524532 0.590014 0.317575
v -0.662902 0.410498 0.317023
v -0.739913 0.298286 0.318246
v -0.793390 0.147290 0.334227
v -0.810753 -0.017899 0.319946
v -0.817113 -0.194419 0.315814
v -0.808322 -0.335013 0.327043
v -0.645003 -0.531880 0.334394
v 0.801298 -0.449662 0.313147
v 0.824456 -0.276774 0.302976
v 0.856460 -0.034962 0.314147
v 0.833385 0.159204 0.318378
v 0.765191 0.335930 0.316080
v 0.646077 0.516467 0.311581
v 0.501760 0.653811 0.311205
v 0.320482 0.750983 0.310329
v 0.074582 0.824655 0.314316
v -1.110425 -0.413679 2.017926
v -1.486040 -0.419728 1.953227
v -1.481614 -0.324782 2.212091
v -1.204272 -0.187924 2.334836
v -1.463566 -0.151402 2.349759
v -0.378611 -0.622707 1.443572
v -0.472446 -0.601886 1.539393
v -0.537986 -0.575810 1.655331
v -2.530295 -0.295173 2.788564
v -2.492226 -0.305338 2.657903
v -2.647382 -0.128703 2.690603
v -2.573241 -0.289074 2.785690
v -2.680290 -0.246351 2.890850
v -2.773371 -0.103237 2.811984
v -2.729300 -0.178542 2.945275
v -2.730691 -0.109908 2.816091
v -2.631161 -0.249557 2.899760
v -2.690082 -0.122521 2.688145
v -2.656728 0.043206 2.675793
v -2.615078 -0.136191 2.556411
v -2.572304 -0.142410 2.558617
v -2.449229 -0.311449 2.660665
v -2.404385 -0.332527 2.555113
v -2.505138 -0.148688 2.440965
v -2.361405 -0.338682 2.557587
v -2.547944 -0.142462 2.438881
v -2.582346 0.045171 2.542003
v -2.625037 0.051432 2.540068
v -2.523234 0.247717 2.612371
v -2.561484 0.235383 2.745143
v -2.604107 0.241565 2.742590
v -2.480593 0.241493 2.614587
v -2.438080 0.269016 2.505806
v -2.558473 0.048278 2.422881
v -2.515656 0.042011 2.424729
v -2.440505 -0.151867 2.304074
v -2.299957 -0.324722 2.415939
v -2.395268 0.262784 2.507850
v -2.330492 0.252044 2.369559
v -2.451216 0.048761 2.287585
v -1.198564 -0.098866 4.391639
v -1.225315 -0.207748 4.520537
v -1.156792 -0.192614 4.604016
v -1.127888 -0.476843 4.836217
v -1.114649 -0.579887 4.874318
v -1.140423 -0.744504 4.809316
v -1.081324 -0.773909 4.868309
v -2.595865 0.248207 2.681855
v -2.561484 0.235383 2.745143
v -2.523234 0.247717 2.612371
v -2.604107 0.241565 2.742590
v -2.709854 0.194693 2.851026
v -2.657564 0.195749 2.862883
v -2.766737 0.158694 2.915563
v -2.812639 0.078982 3.017597
v -2.806427 0.064576 2.965782
v -2.732288 0.143225 2.916399
v -2.694125 0.244288 2.866976
v -2.577503 0.288267 2.700838
v -2.466558 0.269310 2.493788
v -2.438080 0.269016 2.505806
v -2.774305 0.049843 2.963112
v -2.796855 -0.104164 2.978941
v -2.801884 -0.110715 3.032431
v -2.766181 -0.093500 2.974300
v -2.108435 0.205873 2.952430
v -2.208977 0.197145 3.060189
v -2.310444 0.334028 2.946707
v -2.193318 0.355071 2.820466
v -2.444283 0.363500 2.820657
v -2.303388 0.388468 2.668677
v -2.428070 0.312893 2.482620
v -2.345624 0.267770 2.362726
v -2.330492 0.252044 2.369559
v -2.350854 0.075849 2.233634
v -2.292498 0.311817 2.332003
v -2.445188 0.066904 2.226958
v -2.338975 -0.147474 2.251807
v -2.433009 -0.161733 2.245589
v -2.479244 0.045489 2.274706
v -2.470054 -0.154633 2.287856
v -2.451216 0.048761 2.287585
v -1.126081 0.345836 1.103903
v -1.052641 0.415678 1.209467
v -1.113637 0.409835 1.339768
v -1.076462 0.345016 1.322319
v -1.087890 0.375378 1.518233
v -1.282824 0.305853 1.447179
v -1.383143 0.316259 1.641504
v -1.205645 0.281901 1.283076
v -1.082016 0.258576 1.097642
v -1.139005 0.250684 0.933069
v -1.046752 0.347686 0.920248
v -1.004549 0.390595 1.259400
v -1.076295 0.476283 1.536741
v -1.123130 0.450008 1.539223
v -0.995935 0.199870 0.762772
v -0.982013 0.417901 0.783146
v -1.491303 0.201243 1.482016
v -1.432853 0.190146 1.376632
v -1.558902 0.228139 1.617745
v -1.608401 0.285973 1.789302
v -1.612846 0.321349 2.032918
v -1.577782 0.309711 2.201390
v -1.043978 0.026673 0.735978
v -1.095482 0.210228 0.714947
v -1.137764 0.120345 0.808058
v -1.114148 0.152076 0.985142
v -1.241992 0.160333 1.150604
v -1.335945 0.211039 1.262780
v -1.208619 0.073629 1.060739
v -1.193275 0.001950 0.962310
v -1.106608 0.048559 0.886323
v -1.041882 -0.131632 0.737116
v -1.116971 0.040744 0.690309
v -1.113014 -0.156409 0.689146
v -1.038702 0.027410 0.157686
v -1.032486 -0.145159 0.159599
v -1.018815 -0.336402 0.154894
v -1.094568 -0.301076 0.682720
v -0.805707 -0.000086 0.158935
v -0.808829 -0.177014 0.156405
v -0.795838 -0.308027 0.158693
v -0.808322 -0.335013 0.327043
v -0.925929 -0.348672 0.634624
v -0.989690 -0.349450 0.782976
v -1.141905 -0.231958 0.882456
v -1.170924 -0.103682 0.900269
v -1.124378 -0.364081 0.906224
v -0.817113 -0.194419 0.315814
v -0.808322 -0.335013 0.327043
v -0.810753 -0.017899 0.319946
v -0.794721 0.142795 0.167502
v -1.015791 0.207342 0.160153
v -0.793390 0.147290 0.334227
v -0.739913 0.298286 0.318246
v -0.742740 0.293828 0.151532
v -0.945422 0.397794 0.154859
v -1.042734 0.423554 0.751083
v -0.683315 0.770856 0.150366
v -0.932320 0.602858 0.800014
v -0.852244 0.566131 0.153022
v -0.664508 0.410902 0.150179
v -0.525994 0.589851 0.150734
v -0.370905 0.715962 0.134268
v -0.662902 0.410498 0.317023
v -0.524532 0.590014 0.317575
v -0.364183 0.719198 0.301331
v -0.162344 0.808503 0.152217
v 0.089209 1.048484 0.139003
v -0.172014 0.806067 0.318762
v 0.074582 0.824655 0.314316
v 0.072157 0.820342 0.147541
v 0.318467 0.747994 0.143530
v 0.501760 0.653811 0.311205
v 0.320482 0.750983 0.310329
v 0.801298 -0.449662 0.313147
v 0.784220 -0.431606 0.146160
v 0.824456 -0.276774 0.302976
v 0.833583 -0.258203 0.143086
v 0.856460 -0.034962 0.314147
v 0.858937 -0.025142 0.150032
v 0.833385 0.159204 0.318378
v 0.831545 0.158333 0.151549
v 0.765191 0.335930 0.316080
v 0.765217 0.333024 0.149254
v 1.061773 0.204581 0.146251
v 0.981182 0.434727 0.147306
v 1.148196 0.214256 0.704024
v 1.048414 0.444647 0.770820
v 1.065165 0.227345 0.804855
v 1.003073 0.433300 0.830791
v 1.142432 0.287181 1.171580
v 1.071691 0.474677 1.182741
v 1.195522 0.299125 1.489723
v 1.134434 0.480769 1.538851
v 0.872091 0.439912 0.913652
v 0.930541 0.480109 1.272542
v 1.248015 0.289004 1.748898
v 1.202485 0.235928 1.490499
v 1.244761 0.218437 1.738806
v 1.266964 0.251104 1.970824
v 1.212734 0.382794 2.106762
v 1.034127 0.354427 2.154371
v 1.289577 0.171493 2.000218
v 1.185349 0.242365 2.208730
v 1.302203 0.190926 2.195484
v 1.286525 0.134308 2.170478
v -0.467311 -0.494674 4.459076
v -0.407410 -0.576532 4.382780
v -0.365824 -0.543205 4.454327
v -0.296291 -0.596056 4.407509
v -0.311477 -0.634317 4.329276
v -0.402312 -0.499488 4.498314
v -0.344043 -0.049118 4.638716
v -0.449486 -0.310293 4.631927
v -0.437731 -0.404785 4.598569
v -0.490371 -0.424995 4.624340
v -0.414545 -0.757968 4.958332
v -0.304485 -0.915056 4.764016
v -0.372565 -0.251233 4.770918
v -0.297276 -0.263918 4.878654
v -0.277348 -0.574913 5.067020
v -0.275374 -0.690639 5.097704
v -0.294712 -0.936693 4.877977
v -0.358560 -0.832939 5.027849
v -0.277843 -0.881969 5.067905
v -0.436724 0.410187 4.117073
v -0.152020 0.446829 4.324833
v -0.396524 0.379296 4.136694
v -0.158287 0.367319 4.286384
v -0.393678 0.283169 4.287923
v 0.142906 0.432357 4.126300
v -0.155960 0.586388 4.091886
v -0.422868 0.500047 4.001747
v -0.426411 0.397005 3.957335
v -0.426411 0.397005 3.957335
v 0.121710 0.392071 3.966168
v 0.131876 0.333915 4.078660
v -0.431850 0.313136 4.078729
v -0.340996 0.267185 4.104534
v -0.343069 0.170053 4.268108
v -0.304654 -0.083929 4.570689
v -1.463566 -0.151402 2.349759
v -1.491581 -0.194976 2.452484
v -1.462211 0.012322 2.389872
v -1.629134 0.378939 2.241817
v -1.543895 0.248861 2.304867
v -1.581272 0.302650 2.382927
v -1.505652 0.146545 2.364035
v -1.531109 0.173378 2.468863
v -1.496149 0.004264 2.501531
v -1.624574 0.002893 2.571045
v -1.850755 0.329000 2.216644
v -1.955183 0.298156 2.344257
v -1.757996 0.361991 2.326635
v -1.700951 0.284097 2.450913
v -1.654663 0.157310 2.537888
v -1.794644 0.306335 2.340146
v -1.746607 0.233353 2.441598
v -1.715510 0.127887 2.524470
v -1.696673 0.006799 2.552392
v -1.771973 0.023460 2.590662
v -1.795770 0.150215 2.563955
v -1.839330 0.245923 2.472045
v -2.079197 0.287596 2.493622
v -2.092045 0.321674 2.506448
v -2.004109 0.268081 2.635441
v -2.006429 0.238806 2.622517
v -1.964410 0.165650 2.703246
v -1.939740 0.213483 2.725061
v -2.035686 0.303132 2.687069
v -2.139039 0.377575 2.533515
v -1.941542 0.025435 2.726725
v -1.942873 -0.151314 2.737198
v -1.779305 -0.149447 2.587091
v -1.946540 0.014213 2.735219
v -1.958058 0.182253 2.717885
v -1.994958 0.196205 2.796722
v -1.957584 0.231753 2.803040
v -1.931872 -0.153601 2.751762
v -1.971188 -0.163150 2.824260
v -2.114208 0.178750 2.928125
v -2.094603 -0.150468 2.952764
v -2.084982 -0.186704 2.981843
v -2.187520 -0.159726 3.087531
v -2.305876 -0.137553 3.202446
v -2.324922 0.187536 3.176783
v -2.770013 0.204060 2.973133
v -2.564492 0.322802 2.973583
v -2.430671 0.302426 3.086125
v -2.512151 0.275124 3.185566
v -2.650522 0.280855 3.098313
v -2.649312 0.111759 3.295561
v -2.758560 0.101806 3.233655
v -2.401868 0.180533 3.252582
v -2.567004 0.117562 3.324600
v -2.638361 -0.081487 3.310657
v -2.747481 -0.093573 3.248951
v -2.556170 -0.073445 3.339523
v -2.383300 -0.127683 3.277143
v 1.050393 -0.190181 0.804021
v 1.140090 -0.123706 1.021770
v 1.099335 -0.091708 0.747034
v 1.218682 -0.073570 1.112816
v 1.094083 0.123602 0.766067
v 1.212779 0.130812 1.133047
v 1.061596 0.177098 0.810545
v 1.138526 0.224482 1.166658
v 1.293596 0.129704 1.452673
v 1.202485 0.235928 1.490499
v 1.304039 -0.077598 1.448200
v 1.228284 -0.106839 1.299379
v 1.178565 -0.156148 1.003537
v 1.076700 -0.232537 0.815322
v 0.952355 -0.427660 0.769075
v 1.069657 -0.407528 0.983226
v 0.975337 -0.562742 1.217263
v 1.147422 -0.390629 1.240951
v 1.276977 -0.134291 1.303722
v 1.236854 -0.147761 1.470445
v 1.341275 -0.087541 1.687001
v 1.338789 0.118628 1.711441
v 1.028372 -0.558449 1.465859
v 1.191541 -0.407658 1.470718
v 1.284602 -0.201943 1.489967
v 1.267476 -0.154248 1.689886
v 1.358023 -0.097415 1.935905
v 1.312812 -0.093471 1.984709
v 1.361893 0.095763 1.949713
v 1.244761 0.218437 1.738806
v -2.699349 0.049416 2.673466
v -2.738674 0.034642 2.803861
v -2.781291 0.040907 2.800190
v -2.657564 0.195749 2.862883
v -2.709854 0.194693 2.851026
v -2.732288 0.143225 2.916399
v -2.774305 0.049843 2.963112
v -2.766181 -0.093500 2.974300
v 1.150065 -0.257265 0.682958
v 1.050393 -0.190181 0.804021
v 1.099335 -0.091708 0.747034
v 0.952355 -0.427660 0.769075
v 1.108394 -0.433345 0.672886
v 0.801298 -0.449662 0.313147
v 1.025806 -0.459440 0.159245
v 1.068216 -0.270608 0.154298
v 1.093478 -0.030387 0.150466
v 1.170929 -0.030510 0.687084
v 1.094083 0.123602 0.766067
v 1.061596 0.177098 0.810545
v 1.138526 0.224482 1.166658
v 0.789166 0.646324 2.757452
v 0.675492 0.762014 2.828938
v 0.640797 0.783297 2.644020
v 0.499240 0.779865 2.829765
v 0.463385 0.786212 2.660640
v 0.312261 0.735729 2.800368
v 0.282219 0.737169 2.648334
v 0.274993 0.604814 2.790115
v 0.248893 0.617062 2.633005
v 0.745356 0.667397 2.594688
v 0.594044 0.761607 2.496327
v 0.418430 0.756620 2.522252
v 0.253163 0.714472 2.554714
v -2.001118 -0.375145 2.442636
v -1.956182 -0.376637 2.380746
v -2.001019 -0.380934 2.366353
v -2.045872 -0.383252 2.381122
v -2.073609 -0.382690 2.419402
v -2.073648 -0.379487 2.466573
v -2.045958 -0.374848 2.504609
v -2.001126 -0.370549 2.518995
v -1.956282 -0.368234 2.504235
v -2.097606 -0.404577 2.460199
v -2.097579 -0.406692 2.429074
v -2.087948 -0.408001 2.399443
v -2.069639 -0.408369 2.374189
v -2.044462 -0.407760 2.355791
v -2.014872 -0.406232 2.346048
v -1.983770 -0.403934 2.345919
v -2.134001 -0.406691 2.466102
v -2.120863 -0.402956 2.506612
v -2.133972 -0.409594 2.423455
v -2.120766 -0.411382 2.382849
v -2.095681 -0.411881 2.348233
v -2.061170 -0.411051 2.323015
v -2.020629 -0.408959 2.309672
v -1.977990 -0.405810 2.309484
v -1.954197 -0.401097 2.355411
v -1.937460 -0.401918 2.322493
v -1.929046 -0.398006 2.373595
v -1.902987 -0.397672 2.347409
v -1.910784 -0.394942 2.398686
v -1.877959 -0.393483 2.381816
v -1.901189 -0.392213 2.428244
v -1.928503 -0.371996 2.418786
v -1.928544 -0.368789 2.465950
v -1.901216 -0.390099 2.459357
v -1.910848 -0.388792 2.489003
v -1.864820 -0.389750 2.422312
v -1.864849 -0.386849 2.464956
v -1.878051 -0.385055 2.505573
v -1.929149 -0.388430 2.514252
v -1.903136 -0.384553 2.540184
v -1.954335 -0.389046 2.532649
v -1.937645 -0.385397 2.565404
v -1.983921 -0.390567 2.542386
v -2.015026 -0.392861 2.542521
v -2.044600 -0.395696 2.533027
v -2.069752 -0.398792 2.514848
v -2.088014 -0.401854 2.489751
v -1.978196 -0.387485 2.578749
v -2.020828 -0.390635 2.578926
v -2.061365 -0.394521 2.565927
v -2.095827 -0.398761 2.541013
v -2.130246 0.343963 2.393603
v -2.115870 0.348051 2.437929
v -2.158270 0.362361 2.408571
v -2.148305 0.365193 2.439298
v -2.129315 0.368370 2.465390
v -2.078139 0.352702 2.465202
v -2.103171 0.371592 2.484297
v -2.072425 0.374541 2.494157
v -2.031481 0.356144 2.465007
v -2.040088 0.376929 2.494015
v -2.009332 0.378517 2.483886
v -1.993708 0.357057 2.437412
v -2.190720 0.357135 2.371236
v -2.190757 0.360036 2.413888
v -2.177607 0.363763 2.454383
v -2.152580 0.367965 2.488783
v -2.118112 0.372214 2.513703
v -2.077578 0.376100 2.526711
v -2.034952 0.379241 2.526532
v -1.994392 0.381334 2.513176
v -1.983156 0.379152 2.464768
v -1.959887 0.382173 2.487957
v -1.964131 0.378774 2.438513
v -1.934806 0.381673 2.453361
v -1.954118 0.377409 2.407712
v -1.921594 0.379883 2.412738
v -1.954089 0.375210 2.375354
v -1.979260 0.355099 2.392962
v -1.993646 0.351014 2.348624
v -1.964062 0.372374 2.344631
v -1.983050 0.369200 2.318546
v -1.921569 0.376983 2.370088
v -1.934709 0.373249 2.329580
v -1.959745 0.369054 2.295193
v -2.054723 0.349037 2.393316
v -2.031375 0.346360 2.321348
v -2.009194 0.365978 2.299645
v -1.994214 0.364800 2.270270
v -2.039937 0.363028 2.289774
v -2.034743 0.360918 2.257265
v -2.072275 0.360648 2.289917
v -2.115800 0.342008 2.349147
v -2.078035 0.342922 2.321547
v -2.103038 0.359053 2.300036
v -2.129206 0.358420 2.319166
v -2.148231 0.358798 2.345418
v -2.158250 0.360159 2.376229
v -2.077372 0.357772 2.257439
v -2.117931 0.355677 2.270803
v -2.152434 0.354846 2.296010
v -2.177519 0.355350 2.330620
v -1.934806 0.381673 2.453361
v -1.903136 -0.384553 2.540184
v -1.959887 0.382173 2.487957
v -1.878051 -0.385055 2.505573
v -1.921594 0.379883 2.412738
v -1.864849 -0.386849 2.464956
v -1.921569 0.376983 2.370088
v -1.864820 -0.389750 2.422312
v -1.934709 0.373249 2.329580
v -1.877959 -0.393483 2.381816
v -1.959745 0.369054 2.295193
v -1.902987 -0.397672 2.347409
v -2.118112 0.372214 2.513703
v -2.095827 -0.398761 2.541013
v -2.152580 0.367965 2.488783
v -2.061365 -0.394521 2.565927
v -2.077578 0.376100 2.526711
v -2.020828 -0.390635 2.578926
v -2.034952 0.379241 2.526532
v -1.978196 -0.387485 2.578749
v -1.994392 0.381334 2.513176
v -1.937645 -0.385397 2.565404
v -2.177519 0.355350 2.330620
v -2.095681 -0.411881 2.348233
v -2.152434 0.354846 2.296010
v -2.120766 -0.411382 2.382849
v -2.190720 0.357135 2.371236
v -2.133972 -0.409594 2.423455
v -2.190757 0.360036 2.413888
v -2.134001 -0.406691 2.466102
v -2.177607 0.363763 2.454383
v -2.120863 -0.402956 2.506612
v -1.994214 0.364800 2.270270
v -1.902987 -0.397672 2.347409
v -1.959745 0.369054 2.295193
v -1.937460 -0.401918 2.322493
v -2.034743 0.360918 2.257265
v -1.977990 -0.405810 2.309484
v -2.077372 0.357772 2.257439
v -2.020629 -0.408959 2.309672
v -2.117931 0.355677 2.270803
v -2.061170 -0.411051 2.323015
v 0.259045 0.051977 -0.506130
v 0.334563 0.190597 -0.456903
v 0.229070 0.127899 -0.506830
v 0.133248 0.023698 -0.536592
v 0.118074 0.062131 -0.536946
v 0.004307 -0.005087 -0.546509
v 0.135802 -0.017544 -0.536190
v 0.356077 -0.156754 -0.453524
v 0.386013 -0.040633 -0.454710
v 0.243713 -0.108532 -0.504531
v 0.199906 -0.177406 -0.503788
v 0.103310 -0.092424 -0.535406
v 0.071444 -0.118731 -0.535099
v 0.125486 -0.057557 -0.535782
v 0.264090 -0.029491 -0.505338
v 0.378602 0.079055 -0.455874
v 0.431958 0.248681 -0.388395
v 0.518851 0.300718 -0.302989
v 0.399931 0.444751 -0.304224
v 0.488973 0.104267 -0.387063
v 0.276722 0.624906 -0.205060
v 0.242321 0.544988 -0.304970
v 0.069783 0.678258 -0.205270
v 0.457049 0.510224 -0.204205
v 0.593108 0.345433 -0.202793
v 0.587441 0.126989 -0.301386
v 0.498569 -0.050696 -0.385555
v 0.598986 -0.059430 -0.299573
v 0.671582 0.146664 -0.200959
v 0.652898 0.381719 -0.090271
v 0.503049 0.563211 -0.091827
v 0.304448 0.689517 -0.092767
v 0.076536 0.748273 -0.093000
v 0.324814 0.737225 0.029140
v 0.081542 0.799943 0.028893
v 0.536800 0.602407 0.030144
v 0.696747 0.408684 0.031804
v 0.739326 0.162806 -0.088252
v 0.788999 0.175018 0.033960
v 0.753873 -0.072097 -0.085966
v 0.684793 -0.066624 -0.198884
v 0.631442 -0.273553 -0.196770
v 0.804529 -0.075716 0.036400
v 0.819387 0.183001 0.162667
v 0.835512 -0.077391 0.165200
v 0.723578 0.425665 0.160429
v 0.557470 0.626851 0.158704
v 0.337321 0.766864 0.157662
v 0.084678 0.831996 0.157405
v 0.564552 0.635939 0.290689
v 0.341658 0.777695 0.289633
v 0.732732 0.432245 0.292435
v 0.829732 0.186555 0.294701
v 0.846059 -0.077083 0.297266
v 0.770381 -0.330022 0.167782
v 0.780115 -0.332861 0.299879
v 0.630365 -0.550158 0.170155
v 0.741811 -0.318976 0.038884
v 0.606990 -0.530949 0.041170
v 0.568808 -0.498588 -0.081496
v 0.413260 -0.690886 0.043035
v 0.429172 -0.716255 0.172091
v 0.387310 -0.648426 -0.079750
v 0.351960 -0.589920 -0.193239
v 0.186498 -0.812056 0.173400
v 0.179585 -0.783133 0.044295
v 0.168388 -0.734847 -0.078570
v 0.153183 -0.668386 -0.192168
v 0.134343 -0.585391 -0.293703
v -0.071161 -0.798655 0.044827
v -0.073907 -0.828177 0.173953
v -0.066526 -0.749390 -0.078071
v -0.060115 -0.681594 -0.191716
v -0.052085 -0.596932 -0.293307
v -0.042636 -0.497496 -0.380346
v -0.326550 -0.763045 0.173696
v -0.314434 -0.735940 0.044579
v -0.294438 -0.690634 -0.078303
v -0.267054 -0.628242 -0.191926
v -0.232957 -0.550303 -0.293491
v -0.192987 -0.458736 -0.380499
v -0.148127 -0.355794 -0.450806
v -0.546699 -0.623032 0.172653
v -0.526419 -0.601119 0.043575
v -0.493039 -0.564327 -0.079243
v -0.447381 -0.513560 -0.192780
v -0.390568 -0.450066 -0.294238
v -0.324002 -0.375414 -0.381120
v -0.249319 -0.291436 -0.451284
v -0.168361 -0.200206 -0.503006
v -0.686366 -0.407396 0.041915
v -0.712807 -0.421846 0.170929
v -0.642888 -0.382835 -0.080799
v -0.583440 -0.348768 -0.194193
v -0.509488 -0.306033 -0.295472
v -0.422855 -0.255686 -0.382147
v -0.325672 -0.198962 -0.452077
v -0.369709 -0.087421 -0.453106
v -0.250306 -0.061339 -0.504246
v -0.479870 -0.111272 -0.383479
v -0.578078 -0.132304 -0.297075
v -0.661914 -0.150000 -0.196026
v -0.729316 -0.163923 -0.082819
v -0.824741 0.081211 0.166157
v -0.808616 -0.179182 0.168690
v -0.794148 0.077004 0.037319
v -0.778621 -0.173730 0.039759
v -0.743863 0.070981 -0.085104
v -0.675125 0.063287 -0.198101
v -0.589623 0.054115 -0.298889
v -0.489467 0.043690 -0.384987
v -0.731431 0.320264 0.034836
v -0.685107 0.298880 -0.087432
v -0.621774 0.270217 -0.200215
v -0.542994 0.234979 -0.300736
v -0.450706 0.194033 -0.386523
v -0.347184 0.148389 -0.455457
v -0.377120 0.032267 -0.454271
v -0.191167 0.168044 -0.506589
v -0.234973 0.099170 -0.505846
v -0.094664 0.082454 -0.536824
v -0.282824 0.249575 -0.456548
v -0.367383 0.325041 -0.387934
v -0.442754 0.392580 -0.302436
v -0.507088 0.450533 -0.202160
v -0.247651 0.423888 -0.389087
v -0.190347 0.325921 -0.457438
v -0.128220 0.220011 -0.507195
v -0.062798 0.108762 -0.537131
v -0.024362 0.123935 -0.537339
v 0.016882 0.126489 -0.537426
v -0.052295 0.249983 -0.507604
v -0.143515 0.665051 -0.204818
v -0.342292 0.586584 -0.203746
v -0.124980 0.580076 -0.304759
v -0.298717 0.511492 -0.303822
v -0.103230 0.480898 -0.389866
v -0.078801 0.369956 -0.458040
v -0.158378 0.733730 -0.092501
v -0.377300 0.647310 -0.091321
v -0.558798 0.497471 -0.089574
v -0.596609 0.532237 0.032549
v -0.402879 0.692173 0.030684
v -0.169204 0.784418 0.029424
v -0.175727 0.815875 0.157957
v -0.418401 0.720074 0.159265
v -0.619594 0.553977 0.161202
v -0.759610 0.333841 0.163576
v -0.627185 0.562156 0.293216
v -0.768945 0.339275 0.295620
v -0.423484 0.730325 0.291257
v -0.177784 0.827317 0.289932
v 0.085866 0.843639 0.289372
v -0.721561 -0.425831 0.303065
v -0.818561 -0.180141 0.300798
v -0.834888 0.083497 0.298234
v 0.638356 -0.555743 0.302283
v 0.434655 -0.723912 0.304243
v 0.188954 -0.820903 0.305568
v -0.330487 -0.771281 0.305868
v -0.553381 -0.629526 0.304812
v 0.292071 0.575734 2.955789
v -0.255351 0.020130 -0.505038
v -0.116840 0.047588 -0.536448
v -0.127156 0.007575 -0.536039
v -0.124602 -0.033667 -0.535639
v -0.032000 -0.385731 -0.450688
v 0.087694 -0.378322 -0.450942
v -0.020438 -0.264389 -0.502599
v -0.099482 -0.244011 -0.502680
v -0.048250 -0.126141 -0.534845
v -0.083119 -0.103966 -0.535010
v -0.109428 -0.072101 -0.535284
v -0.220331 -0.137261 -0.503545
v 0.112333 -0.487903 -0.380675
v 0.308080 -0.516807 -0.294639
v 0.516757 -0.453869 -0.194825
v 0.695118 -0.299997 -0.083638
v 0.452117 -0.397895 -0.296025
v 0.256753 -0.430893 -0.381454
v 0.552357 -0.240293 -0.297725
v 0.376485 -0.332047 -0.382607
v 0.199240 -0.334286 -0.451542
v 0.061034 -0.259345 -0.502771
v -0.008236 -0.136458 -0.534804
v 0.459809 -0.201038 -0.384019
v 0.291717 -0.257941 -0.452433
v 0.136960 -0.229372 -0.503181
v 0.033008 -0.133904 -0.534892
v 0.040893 0.377365 -0.458294
v 0.157020 0.347428 -0.458175
v 0.108222 0.234649 -0.507696
v 0.029178 0.255027 -0.507777
v 0.056896 0.116172 -0.537385
v 0.091765 0.093996 -0.537219
v 0.177100 0.190844 -0.507370
v 0.258212 0.283070 -0.457696
v 0.333105 0.368409 -0.389421
v 0.202090 0.451731 -0.390041
v 0.061449 0.591617 -0.305155
v 0.051739 0.490491 -0.390194
v 0.428958 0.409725 3.276763
v 0.368096 0.504150 2.989201
v 0.292071 0.575734 2.955789
v 0.274993 0.604814 2.790115
v 0.248893 0.617062 2.633005
v -1.700027 -0.107194 1.372310
v -1.636445 -0.132581 1.241445
v -0.479037 0.626281 2.826633
v -0.478369 0.629533 2.686484
v -0.465103 0.612607 2.540152
v -0.516846 0.576909 2.547108
v -0.564063 0.426386 2.769396
v -1.126070 0.001220 2.734219
v -1.634276 -0.172468 2.541400
v -1.696696 -0.149440 2.519754
v 1.409412 -0.408695 3.437667
v 1.416608 -0.354445 3.442728
v 1.430237 -0.398603 3.415265
v 1.443968 -0.355132 3.292356
v 1.420661 -0.285734 3.137185
v 1.382290 -0.276382 3.125634
v 1.358428 -0.104817 2.786669
v 1.338993 -0.028711 2.889045
v 1.322451 0.060221 2.656323
v 1.389511 -0.171764 3.190189
v 1.432367 -0.251419 3.325825
v 1.435483 -0.338176 3.403706
v 1.023599 -0.531430 2.517685
v 1.168467 -0.457435 2.494270
v 1.283532 -0.308867 2.506801
v 1.333997 -0.155216 2.530904
v 1.364992 -0.028041 2.539292
v 0.495280 -0.368550 3.697537
v 0.599400 -0.383515 3.677843
v 0.697004 -0.347742 3.526418
v 0.703069 -0.361901 3.674099
v -1.481614 -0.324782 2.212091
v -1.486040 -0.419728 1.953227
v -1.446226 -0.446210 1.772072
v -1.357094 -0.487748 1.539240
v -1.258842 -0.534178 1.414480
v -0.364536 -0.560535 2.245053
v -0.415614 -0.575242 2.186305
v -0.456668 -0.591427 2.120506
v -0.697264 0.335670 3.598212
v -0.699100 0.364082 3.634867
v -0.723047 0.285914 3.758312
v 0.358921 -0.667258 0.310812
v 0.566497 -0.589748 0.320868
v 0.801298 -0.449662 0.313147
vn -0.7036 -0.0881 -0.7051
vn -0.7775 -0.1573 -0.6089
vn -0.7750 -0.1417 -0.6158
vn -0.7576 -0.1906 -0.6243
vn -0.9472 -0.3055 0.0974
vn -0.5897 -0.4078 -0.6971
vn -0.1377 0.5285 -0.8377
vn -0.5061 0.1886 -0.8416
vn -0.7612 -0.6418 0.0927
vn -0.3695 -0.8315 0.4149
vn -0.6038 -0.7837 -0.1462
vn -0.7889 0.3117 -0.5295
vn -0.5751 0.2736 -0.7710
vn -0.5402 0.3170 -0.7796
vn -0.7562 0.2454 -0.6065
vn -0.4267 0.5168 -0.7422
vn -0.9017 -0.3136 -0.2977
vn -0.9930 -0.0056 0.1182
vn -0.8746 -0.1466 0.4622
vn -0.1694 -0.9571 0.2350
vn -0.5152 -0.8446 -0.1454
vn -0.4405 -0.8509 -0.2863
vn -0.0657 -0.8477 -0.5264
vn -0.0094 -0.9974 0.0719
vn -0.1243 -0.9740 0.1893
vn 0.2871 -0.8050 0.5191
vn 0.2611 -0.8151 0.5171
vn 0.0854 -0.7561 0.6488
vn -0.3780 -0.3119 0.8717
vn -0.7313 -0.3407 0.5909
vn -0.0211 -0.2265 0.9738
vn 0.4860 -0.2993 0.8211
vn 0.6400 -0.3010 0.7070
vn 0.6565 -0.2862 0.6980
vn 0.7529 -0.2010 0.6267
vn 0.3391 -0.8236 0.4547
vn 0.8831 0.0322 0.4680
vn 0.6048 -0.7740 0.1874
vn 0.3344 -0.9268 -0.1708
vn 0.8538 -0.4621 -0.2399
vn 0.6401 -0.7008 -0.3148
vn 0.9968 0.0313 -0.0730
vn 0.8017 -0.5968 -0.0345
vn 0.2049 -0.9777 -0.0454
vn 0.2703 -0.6900 -0.6715
vn 0.3412 -0.8090 0.4786
vn 0.5698 -0.3738 0.7319
vn 0.0799 -0.4097 0.9087
vn 0.9892 -0.1113 -0.0952
vn 0.9815 0.1687 -0.0906
vn 0.7742 0.4027 0.4883
vn 0.9313 0.2404 0.2738
vn -0.2036 -0.8258 -0.5259
vn -0.0403 -0.9946 0.0953
vn -0.0496 -0.7701 0.6360
vn -0.1024 -0.7466 0.6573
vn 0.0237 -0.4226 0.9060
vn 0.7477 -0.4162 0.5175
vn 0.4936 -0.7947 0.3534
vn 0.5706 -0.4825 0.6646
vn -0.3662 -0.8917 0.2658
vn -0.6960 -0.7100 -0.1078
vn -0.7841 -0.6193 -0.0393
vn -0.3673 -0.8885 0.2750
vn -0.3980 -0.8287 -0.3936
vn -0.6270 -0.3527 -0.6946
vn -0.3557 -0.3722 -0.8573
vn -0.1574 0.2489 -0.9556
vn -0.7479 0.6523 -0.1228
vn -0.4488 0.8367 -0.3139
vn -0.9289 0.2581 -0.2656
vn -0.6605 0.3152 -0.6814
vn -0.9317 -0.2175 -0.2910
vn 0.2422 0.6401 -0.7291
vn 0.4580 0.4219 -0.7824
vn -0.8860 -0.3999 -0.2348
vn -0.9467 -0.0681 -0.3149
vn -0.9532 0.2375 -0.1874
vn -0.6856 0.7161 -0.1311
vn -0.4599 0.8812 0.1098
vn -0.9951 -0.0538 -0.0833
vn -0.7871 0.5428 -0.2930
vn -0.4911 0.8001 -0.3444
vn -0.5202 0.7292 -0.4446
vn -0.6002 0.6431 -0.4757
vn -0.6340 0.4844 -0.6028
vn -0.6142 0.6257 -0.4809
vn -0.7798 0.3102 -0.5438
vn -0.9084 0.3983 -0.1272
vn -0.4840 0.3433 -0.8049
vn -0.5251 -0.0988 -0.8453
vn -0.7422 0.4589 -0.4884
vn -0.9981 -0.0535 -0.0290
vn -0.9557 -0.2913 -0.0423
vn -0.1564 -0.9805 0.1193
vn -0.5847 -0.8107 -0.0300
vn -0.7498 -0.6539 0.1008
vn -0.9662 -0.2577 0.0118
vn -0.8711 -0.1398 -0.4708
vn -0.5288 -0.1673 -0.8321
vn 0.1336 -0.9848 0.1111
vn -0.3617 -0.9316 -0.0368
vn -0.2941 -0.9551 -0.0368
vn -0.5396 -0.8246 -0.1698
vn -0.8300 -0.3834 -0.4052
vn -0.0405 -0.9971 0.0644
vn 0.2143 -0.9448 -0.2477
vn -0.5692 -0.6792 -0.4634
vn -0.1798 -0.9830 -0.0367
vn -0.5890 -0.7096 -0.3868
vn -0.1799 -0.9831 0.0334
vn -0.5842 -0.7473 -0.3165
vn -0.4100 -0.8550 -0.3177
vn -0.3542 -0.7668 -0.5352
vn -0.5264 -0.3772 -0.7620
vn -0.4667 -0.3851 -0.7962
vn -0.7845 -0.3890 -0.4830
vn -0.7354 -0.4071 -0.5417
vn -0.7014 -0.3652 -0.6122
vn -0.5145 -0.6501 -0.5592
vn -0.6578 -0.2716 -0.7025
vn -0.7481 -0.0283 -0.6630
vn -0.6680 0.0252 -0.7438
vn 0.0468 0.3319 -0.9422
vn 0.1327 0.0009 -0.9912
vn 0.2329 -0.4900 -0.8401
vn 0.3305 -0.7770 -0.5357
vn 0.1804 -0.9812 -0.0685
vn 0.1924 -0.8540 -0.4834
vn 0.2860 -0.5111 -0.8105
vn 0.0722 -0.0559 -0.9958
vn -0.0103 0.3929 -0.9195
vn 0.0889 0.6061 -0.7904
vn -0.6141 0.6084 -0.5027
vn -0.7434 0.3231 -0.5857
vn -0.6340 0.5801 -0.5114
vn -0.7287 0.3381 -0.5956
vn -0.5736 0.5751 -0.5833
vn -0.6191 0.4046 -0.6731
vn 0.1393 0.8015 -0.5815
vn -0.0129 0.6944 -0.7195
vn -0.1634 0.9490 -0.2697
vn 0.0828 0.8695 -0.4870
vn -0.0577 0.8054 -0.5899
vn -0.3064 0.9386 -0.1586
vn -0.1916 0.9732 -0.1273
vn -0.0586 0.8757 -0.4792
vn 0.2189 0.9625 -0.1600
vn -0.0282 0.9483 -0.3162
vn -0.1397 0.9458 -0.2932
vn -0.1931 0.9559 -0.2213
vn 0.4584 0.8683 0.1895
vn 0.3437 0.9362 -0.0730
vn 0.0768 0.9719 -0.2223
vn 0.1951 0.9585 -0.2078
vn -0.0804 0.9769 -0.1981
vn -0.2072 0.9756 -0.0723
vn -0.3294 -0.7401 0.5863
vn -0.0747 -0.7040 0.7063
vn -0.0844 -0.8046 0.5878
vn -0.3598 -0.8155 0.4534
vn -0.0923 -0.8867 0.4530
vn -0.5947 -0.6655 0.4510
vn 0.1471 -0.6933 0.7055
vn 0.1200 -0.5739 0.8101
vn 0.1692 -0.7908 0.5883
vn 0.1847 -0.8712 0.4549
vn 0.2239 -0.3918 0.8924
vn 0.2921 -0.5108 0.8086
vn 0.3535 -0.6126 0.7069
vn 0.4083 -0.6975 0.5889
vn 0.4467 -0.7709 0.4540
vn 0.2278 -0.2032 0.9523
vn 0.3359 -0.3002 0.8928
vn 0.4392 -0.3909 0.8089
vn 0.5268 -0.4718 0.7070
vn 0.5988 -0.5431 0.5886
vn 0.6625 -0.5962 0.4534
vn 0.7401 -0.3271 0.5876
vn 0.8159 -0.3593 0.4530
vn 0.6485 -0.2853 0.7057
vn 0.5361 -0.2345 0.8109
vn 0.4114 -0.1811 0.8933
vn 0.2762 -0.1205 0.9535
vn 0.4490 -0.0419 0.8926
vn 0.5850 -0.0557 0.8091
vn 0.7042 -0.0682 0.7067
vn 0.8059 -0.0790 0.5868
vn 0.8887 -0.0883 0.4499
vn 0.7914 0.1777 0.5849
vn 0.8723 0.1925 0.4495
vn 0.6957 0.4189 0.5836
vn 0.6930 0.1561 0.7038
vn 0.5725 0.1293 0.8097
vn 0.4395 0.1020 0.8924
vn 0.2948 0.0692 0.9531
vn 0.3012 -0.0272 0.9532
vn 0.1470 0.0356 0.9885
vn 0.1504 -0.0124 0.9886
vn 0.1280 0.0850 0.9881
vn 0.2633 0.1600 0.9514
vn 0.3885 0.2341 0.8912
vn 0.5081 0.3026 0.8064
vn 0.6104 0.3642 0.7033
vn -0.0071 0.0027 1.0000
vn 0.0994 0.1196 0.9878
vn 0.1989 0.2379 0.9507
vn 0.2959 0.3463 0.8902
vn 0.3865 0.4498 0.8052
vn 0.1759 0.4213 0.8897
vn 0.2285 0.5459 0.8061
vn 0.1158 0.2860 0.9512
vn 0.0545 0.1477 0.9875
vn 0.0079 0.1601 0.9871
vn -0.0400 0.1566 0.9868
vn 0.0223 0.3106 0.9503
vn 0.0363 0.4579 0.8883
vn -0.4530 0.3917 0.8008
vn -0.4240 0.1836 0.8868
vn -0.5476 0.2346 0.8032
vn -0.3499 0.3031 0.8864
vn -0.3075 0.5135 0.8011
vn -0.2386 0.3957 0.8868
vn -0.1356 0.5790 0.8040
vn -0.1074 0.4474 0.8879
vn 0.0492 0.5932 0.8035
vn 0.4673 0.5376 0.7019
vn 0.2786 0.6581 0.6995
vn 0.0605 0.7116 0.7000
vn -0.1632 0.6979 0.6973
vn -0.3695 0.6138 0.6977
vn 0.0700 0.8122 0.5791
vn -0.1860 0.7946 0.5780
vn 0.3194 0.7494 0.5800
vn 0.5381 0.6098 0.5819
vn 0.7692 0.4572 0.4464
vn 0.5907 0.6734 0.4446
vn 0.3504 0.8246 0.4441
vn 0.0777 0.8939 0.4415
vn -0.2022 0.8737 0.4424
vn -0.4248 0.6967 0.5780
vn 0.9324 0.2022 0.2995
vn 0.8228 0.4846 0.2968
vn 0.6291 0.7192 0.2948
vn 0.3726 0.8803 0.2937
vn 0.0832 0.9527 0.2924
vn -0.2137 0.9320 0.2927
vn -0.4638 0.7680 0.4417
vn -0.4927 0.8195 0.2928
vn -0.2243 0.9644 0.1405
vn 0.0864 0.9863 0.1405
vn 0.3891 0.9104 0.1409
vn 0.6529 0.7439 0.1424
vn 0.8529 0.5018 0.1445
vn 0.9663 0.2112 0.1469
vn -0.5111 0.8478 0.1418
vn -0.2246 0.9743 -0.0171
vn 0.0872 0.9960 -0.0177
vn 0.3912 0.9202 -0.0175
vn 0.6615 0.7498 -0.0163
vn 0.8616 0.5075 -0.0142
vn 0.9777 0.2098 -0.0114
vn 0.9946 -0.1030 -0.0083
vn 0.9836 -0.1004 0.1498
vn 0.9143 -0.4050 -0.0053
vn 0.9032 -0.4012 0.1523
vn 0.7414 -0.6711 -0.0023
vn 0.7345 -0.6607 0.1548
vn 0.4996 -0.8663 -0.0000
vn 0.4927 -0.8560 0.1565
vn 0.2053 -0.9787 0.0015
vn 0.9487 -0.0956 0.3014
vn 0.8722 -0.3832 0.3040
vn 0.7089 -0.6358 0.3053
vn 0.4748 -0.8250 0.3065
vn 0.2055 -0.9659 0.1574
vn 0.1954 -0.9313 0.3075
vn -0.7699 -0.4534 0.4491
vn -0.8219 -0.4828 0.3025
vn -0.9311 -0.2066 0.3007
vn -0.6321 -0.7125 0.3045
vn -0.3817 -0.8720 0.3064
vn -0.0981 -0.9467 0.3069
vn -0.1016 -0.9822 0.1577
vn -0.3981 -0.9038 0.1570
vn -0.6553 -0.7391 0.1557
vn -0.8511 -0.5020 0.1537
vn -0.9641 -0.2182 0.1511
vn -0.1028 -0.9947 0.0022
vn -0.4004 -0.9163 0.0018
vn -0.6641 -0.7477 0.0007
vn -0.8598 -0.5106 -0.0014
vn -0.9755 -0.2198 -0.0041
vn -0.9962 0.0873 -0.0071
vn -0.9850 0.0877 0.1485
vn -0.9221 0.3868 -0.0102
vn -0.9109 0.3861 0.1458
vn -0.7560 0.6544 -0.0131
vn -0.7485 0.6474 0.1436
vn -0.5185 0.8549 -0.0154
vn -0.9507 0.0859 0.2980
vn -0.8800 0.3712 0.2963
vn -0.7227 0.6254 0.2941
vn -0.6762 0.5891 0.4424
vn -0.8242 0.3508 0.4445
vn -0.8919 0.0818 0.4447
vn -0.8726 -0.1944 0.4481
vn -0.6126 0.5389 0.5783
vn -0.7494 0.3218 0.5787
vn -0.8110 0.0754 0.5802
vn -0.7940 -0.1774 0.5814
vn -0.6986 -0.4142 0.5834
vn -0.7113 0.0671 0.6997
vn -0.6982 -0.1543 0.6990
vn -0.5804 -0.1262 0.8045
vn -0.6588 0.2828 0.6971
vn -0.5405 0.4703 0.6976
vn -0.5943 0.0568 0.8022
vn -0.4499 -0.0978 0.8877
vn -0.3990 -0.2284 0.8880
vn -0.2758 -0.1544 0.9487
vn -0.2118 -0.2319 0.9494
vn -0.1133 -0.1140 0.9870
vn -0.1416 -0.0796 0.9867
vn -0.3073 -0.0644 0.9494
vn -0.4601 0.0450 0.8867
vn -0.0684 -0.1420 0.9875
vn -0.1607 -0.0302 0.9865
vn -0.3141 0.0315 0.9489
vn -0.2896 0.1246 0.9490
vn -0.1642 0.0175 0.9863
vn -0.1519 0.0640 0.9863
vn -0.1238 0.1090 0.9863
vn -0.2419 0.2074 0.9479
vn -0.1644 0.2719 0.9482
vn -0.0895 0.1374 0.9865
vn -0.0741 0.3037 0.9499
vn 0.0595 -0.2983 0.9526
vn 0.0752 -0.1322 0.9884
vn 0.1499 -0.2671 0.9519
vn 0.1097 -0.1038 0.9885
vn 0.1379 -0.0589 0.9887
vn 0.0925 -0.4420 0.8922
vn -0.0635 -0.5861 0.8077
vn -0.2895 -0.6493 0.7033
vn -0.5438 -0.6016 0.5851
vn -0.4749 -0.5297 0.7028
vn -0.2405 -0.5379 0.8080
vn -0.0504 -0.4512 0.8910
vn -0.6159 -0.3589 0.7013
vn -0.3962 -0.4424 0.8046
vn -0.1886 -0.4142 0.8904
vn -0.0365 -0.3047 0.9518
vn 0.0258 -0.1512 0.9882
vn -0.0221 -0.1545 0.9877
vn -0.1294 -0.2798 0.9513
vn -0.3073 -0.3395 0.8890
vn -0.5161 -0.2971 0.8033
vn -0.0546 -0.9798 -0.1922
vn -0.1169 -0.9772 -0.1772
vn -0.0612 -0.9670 -0.2475
vn -0.1312 -0.9641 -0.2308
vn -0.1784 -0.9720 -0.1527
vn 0.6340 -0.2925 0.7159
vn 0.7250 -0.3174 0.6112
vn 0.2481 -0.8599 0.4461
vn 0.2088 -0.8541 0.4764
vn -0.2331 -0.9647 -0.1226
vn -0.2010 -0.9589 -0.2002
vn 0.0086 -0.9755 0.2197
vn 0.0086 -0.9691 -0.2464
vn 0.4687 -0.8614 0.1958
vn 0.4631 -0.8453 0.2664
vn 0.4604 -0.8788 0.1257
vn 0.4436 -0.8945 0.0553
vn 0.4148 -0.9099 -0.0073
vn 0.3752 -0.9243 -0.0697
vn 0.3342 -0.9353 -0.1162
vn 0.2784 -0.9465 -0.1630
vn 0.2144 -0.9557 -0.2018
vn 0.1503 -0.9629 -0.2243
vn 0.0799 -0.9655 -0.2479
vn 0.0079 -0.9797 -0.2005
vn 0.0706 -0.9787 -0.1929
vn 0.1333 -0.9751 -0.1772
vn 0.1972 -0.9681 -0.1545
vn 0.2536 -0.9594 -0.1238
vn -0.1518 -0.8520 0.5010
vn -0.0963 -0.8469 0.5229
vn -0.0486 -0.8433 0.5353
vn 0.0062 -0.8422 0.5392
vn 0.0616 -0.8435 0.5336
vn 0.1080 -0.8449 0.5239
vn -0.1498 -0.2458 0.9577
vn -0.0067 -0.2425 0.9701
vn 0.1365 -0.2422 0.9606
vn 0.2716 -0.2477 0.9300
vn 0.4036 -0.2595 0.8774
vn 0.1642 -0.8482 0.5036
vn 0.5224 -0.2721 0.8081
vn 0.5810 0.1595 0.7981
vn 0.4471 0.1731 0.8776
vn 0.2981 0.1885 0.9357
vn 0.1462 0.1942 0.9700
vn -0.0127 0.1941 0.9809
vn 0.7018 0.1399 0.6985
vn 0.8087 0.1120 0.5774
vn 0.8897 0.0862 0.4483
vn 0.8009 -0.3414 0.4920
vn -0.4224 -0.9047 0.0562
vn -0.4005 -0.9163 -0.0060
vn -0.3770 -0.9234 0.0719
vn -0.3549 -0.9347 0.0175
vn 0.3335 -0.8887 0.3145
vn 0.3110 -0.8788 0.3619
vn 0.8534 -0.3714 0.3657
vn 0.2860 -0.8712 0.3989
vn -0.3609 -0.9301 -0.0677
vn -0.3245 -0.9452 -0.0368
vn -0.2786 -0.9568 -0.0834
vn -0.2551 -0.9534 -0.1612
vn -0.3167 -0.9406 -0.1226
vn 0.3004 -0.8204 0.4865
vn 0.3386 -0.8321 0.4393
vn 0.3283 -0.7941 0.5115
vn 0.2721 -0.7850 0.5566
vn 0.2457 -0.8145 0.5256
vn 0.2112 -0.7734 0.5977
vn 0.3796 -0.8020 0.4612
vn 0.4185 -0.8157 0.3994
vn 0.4396 -0.8329 0.3363
vn 0.4178 -0.8855 0.2034
vn 0.4088 -0.9017 0.1411
vn 0.4128 -0.8710 0.2664
vn 0.3973 -0.8598 0.3208
vn 0.3698 -0.8454 0.3854
vn -0.2939 -0.9542 0.0564
vn -0.3160 -0.9431 0.1029
vn -0.3320 -0.9313 0.1502
vn -0.3306 -0.9214 0.2044
vn -0.3282 -0.9088 0.2576
vn 0.3981 -0.9140 0.0785
vn -0.3201 -0.8969 0.3051
vn -0.8729 -0.4862 -0.0405
vn -0.8837 -0.4591 0.0910
vn -0.8766 -0.4221 0.2312
vn -0.8442 -0.3936 0.3639
vn -0.7931 -0.3651 0.4874
vn -0.2966 -0.8872 0.3533
vn -0.7222 -0.3332 0.6061
vn -0.2710 -0.8765 0.3979
vn -0.6344 -0.3097 0.7082
vn -0.7178 0.1146 0.6868
vn -0.8165 0.0837 0.5712
vn -0.8974 0.0508 0.4384
vn -0.9545 0.0158 0.2978
vn -0.9885 -0.0215 0.1498
vn -0.9986 -0.0534 -0.0058
vn -0.2318 -0.8683 0.4386
vn -0.5317 -0.2883 0.7964
vn -0.1916 -0.8571 0.4781
vn -0.4131 -0.2685 0.8702
vn -0.2848 -0.2561 0.9237
vn -0.1718 0.1844 0.9677
vn -0.3236 0.1749 0.9299
vn -0.4691 0.1568 0.8691
vn -0.6028 0.1365 0.7861
vn 0.8874 -0.3989 0.2309
vn 0.3458 -0.9020 0.2584
vn 0.8956 -0.4339 0.0978
vn 0.3535 -0.9129 0.2042
vn -0.3926 -0.9098 0.1344
vn -0.3976 -0.8964 0.1958
vn -0.4444 -0.8869 0.1262
vn 0.7994 -0.5197 -0.3014
vn 0.7252 -0.5529 -0.4104
vn 0.3103 -0.9490 0.0559
vn 0.8530 -0.4938 -0.1694
vn 0.3357 -0.9363 0.1027
vn 0.3433 -0.9260 0.1571
vn -0.3963 -0.8811 0.2581
vn -0.4509 -0.8707 0.1962
vn 0.8855 -0.4632 -0.0360
vn 0.9506 0.0474 0.3067
vn 0.9875 0.0185 0.1566
vn 0.9999 -0.0161 -0.0013
vn 0.9869 -0.0561 -0.1511
vn 0.9493 -0.0937 -0.3001
vn 0.8884 -0.1287 -0.4407
vn 0.8051 -0.1536 -0.5728
vn 0.6998 -0.1841 -0.6902
vn 0.6339 -0.5747 -0.5175
vn 0.5852 -0.2133 -0.7823
vn 0.5243 -0.5987 -0.6055
vn 0.4473 -0.2315 -0.8639
vn 0.4036 -0.6183 -0.6744
vn 0.2532 -0.9670 -0.0300
vn 0.2119 -0.9754 -0.0608
vn 0.1651 -0.9820 -0.0922
vn 0.2763 -0.6288 -0.7269
vn -0.2347 -0.8190 0.5235
vn -0.2822 -0.8286 0.4835
vn -0.3200 -0.7986 0.5098
vn -0.3667 -0.8130 0.4524
vn -0.3233 -0.8429 0.4302
vn 0.2842 -0.9587 0.0090
vn -0.1794 -0.8113 0.5565
vn -0.2638 -0.7878 0.5566
vn -0.3993 -0.8259 0.3980
vn -0.3548 -0.8532 0.3824
vn -0.4256 -0.8429 0.3292
vn -0.3799 -0.8678 0.3205
vn -0.4422 -0.8564 0.2666
vn -0.2715 -0.6359 -0.7225
vn -0.3047 -0.2594 -0.9164
vn -0.3946 -0.6231 -0.6753
vn -0.0946 -0.9898 -0.1065
vn -0.1487 -0.9847 -0.0910
vn 0.1288 -0.8035 0.5812
vn 0.1910 -0.8085 0.5567
vn 0.1471 -0.7717 0.6188
vn 0.0771 -0.7674 0.6366
vn 0.0060 -0.7661 0.6427
vn -0.0652 -0.7688 0.6362
vn -0.1872 -0.9805 -0.0599
vn -0.5160 -0.6082 -0.6032
vn -0.6192 -0.5939 -0.5138
vn -0.7044 -0.2114 -0.6776
vn -0.5827 -0.2321 -0.7789
vn -0.4522 -0.2457 -0.8574
vn -0.2337 -0.9719 -0.0291
vn -0.7081 -0.5740 -0.4112
vn -0.2636 -0.9646 0.0099
vn -0.7851 -0.5440 -0.2962
vn -0.8360 -0.5212 -0.1718
vn -0.9844 -0.0871 -0.1531
vn -0.9461 -0.1228 -0.2996
vn -0.8857 -0.1530 -0.4383
vn -0.8016 -0.1852 -0.5685
vn 0.8413 0.5258 -0.1258
vn 0.4918 0.8377 -0.2376
vn 0.9361 0.2310 0.2653
vn 0.9529 0.2989 -0.0520
vn 0.7655 0.6310 -0.1257
vn 0.8330 0.5216 0.1845
vn -0.0559 0.9885 0.1402
vn 0.3996 0.7078 -0.5826
vn 0.9956 0.0797 -0.0499
vn -0.0085 0.9018 -0.4320
vn -0.0343 0.8812 -0.4714
vn -0.3951 0.7149 -0.5768
vn -0.7737 0.6231 -0.1145
vn -0.5113 0.8349 -0.2035
vn -0.9176 0.3923 -0.0649
vn -0.7846 0.5919 -0.1845
vn -0.9608 0.0397 0.2744
vn -0.8926 0.2140 -0.3968
vn -0.0148 0.8461 0.5328
vn -0.8705 0.3300 0.3652
vn -0.7752 -0.5808 0.2484
vn -0.0133 0.8610 0.5084
vn 0.8267 0.4445 0.3449
vn 0.0053 0.8032 0.5957
vn -0.7174 0.1939 0.6691
vn -0.6793 -0.6650 0.3104
vn -0.9939 -0.1082 -0.0207
vn -0.8402 -0.3241 0.4348
vn -0.7772 -0.4229 0.4660
vn -0.9431 -0.3309 -0.0341
vn -0.9215 0.2090 0.3275
vn -0.5962 0.4504 0.6646
vn -0.0597 0.6171 0.7846
vn -0.0220 0.9341 -0.3563
vn -0.3694 0.6660 -0.6481
vn -0.7692 0.6160 -0.1698
vn -0.7818 0.3031 -0.5448
vn -0.9239 0.3704 -0.0961
vn -0.9560 -0.2912 -0.0345
vn -0.9370 0.3481 0.0292
vn -0.5121 0.8322 0.2125
vn -0.0346 0.9691 0.2441
vn 0.9243 -0.0850 0.3721
vn 0.7283 0.4383 0.5267
vn 0.9214 -0.1322 0.3654
vn 0.8637 0.4237 0.2729
vn 0.5570 0.5881 0.5864
vn 0.4818 0.8589 0.1738
vn -0.0233 0.9992 -0.0334
vn -0.4870 0.8691 -0.0866
vn 0.8451 0.5315 0.0568
vn 0.9896 0.0069 -0.1434
vn 0.4580 0.8853 -0.0806
vn -0.0335 0.8120 -0.5827
vn 0.3184 0.6965 -0.6431
vn 0.8593 0.5055 -0.0775
vn 0.6995 0.5302 -0.4792
vn 0.9869 -0.1581 -0.0317
vn 0.4940 0.8320 0.2527
vn -0.1991 0.9763 0.0851
vn -0.0798 0.9938 0.0774
vn -0.1435 0.9075 0.3947
vn -0.0441 0.7800 0.6242
vn 0.2638 0.7601 0.5939
vn -0.3922 0.8821 0.2607
vn 0.1935 0.9475 -0.2546
vn 0.1962 0.8044 0.5607
vn 0.3058 0.6945 0.6512
vn 0.2516 0.9647 0.0775
vn 0.1341 0.9858 0.1013
vn -0.0789 0.9966 -0.0254
vn -0.2560 0.9667 -0.0012
vn -0.2462 0.9692 -0.0091
vn -0.2066 0.9754 0.0771
vn 0.2208 0.9753 -0.0020
vn 0.0951 0.9952 0.0218
vn -0.0712 0.9958 -0.0570
vn -0.2389 0.9694 -0.0563
vn -0.2481 0.9640 -0.0957
vn 0.0555 0.9976 -0.0416
vn 0.2043 0.9777 -0.0493
vn 0.0880 0.9180 0.3867
vn -0.2544 0.8330 0.4913
vn -0.4556 0.7934 0.4036
vn -0.6621 0.5475 0.5117
vn -0.3056 0.9473 -0.0956
vn -0.5735 0.7169 0.3965
vn -0.7182 0.5612 0.4113
vn -0.7617 0.4401 0.4755
vn -0.6636 0.6259 0.4098
vn -0.4628 0.7159 0.5228
vn 0.0773 0.8892 0.4510
vn 0.3929 0.7661 0.5086
vn 0.5441 0.6724 0.5019
vn -0.1848 0.7024 -0.6873
vn -0.3659 0.6268 -0.6879
vn 0.2513 0.6546 -0.7130
vn 0.7071 0.6088 0.3597
vn 0.5795 0.7288 0.3646
vn 0.4445 0.8913 -0.0889
vn -0.5166 -0.4328 -0.7388
vn -0.3876 -0.5535 -0.7371
vn -0.5520 -0.4760 -0.6847
vn 0.5401 0.4470 -0.7131
vn 0.4281 0.5793 -0.6937
vn 0.8361 0.4666 0.2886
vn 0.7313 0.5706 0.3736
vn 0.5333 0.8385 -0.1119
vn 0.5510 0.8339 -0.0328
vn 0.5555 0.8286 0.0701
vn 0.5944 0.8036 0.0308
vn 0.5415 0.8388 -0.0566
vn 0.6032 0.7970 0.0310
vn 0.6326 0.7066 0.3169
vn 0.5067 0.6133 0.6060
vn 0.4050 0.9143 -0.0096
vn 0.4354 0.8969 0.0775
vn 0.4848 0.7980 0.3580
vn 0.4364 0.6354 0.6370
vn 0.2049 0.9766 -0.0655
vn 0.8248 0.5651 0.0169
vn 0.4258 0.4894 -0.7610
vn 0.7444 0.1911 -0.6398
vn 0.9472 0.1051 -0.3030
vn 0.9797 0.0678 0.1885
vn 0.8032 -0.5220 -0.2871
vn 0.9716 0.0960 -0.2162
vn 0.9989 -0.0077 0.0460
vn 0.7851 -0.6194 0.0049
vn 0.9423 -0.3268 0.0727
vn 0.9805 -0.1968 0.0005
vn 0.9586 -0.0008 0.2847
vn -0.2644 0.7137 0.6486
vn 0.9346 0.0741 0.3480
vn -0.5621 0.7464 0.3562
vn -0.5782 0.7898 0.2048
vn -0.0161 0.9975 0.0695
vn -0.4811 0.5293 0.6988
vn 0.1369 0.8458 0.5157
vn -0.6350 0.7498 -0.1861
vn -0.1316 0.8624 -0.4888
vn 0.2342 0.8013 -0.5506
vn 0.4808 0.8750 -0.0568
vn 0.8119 0.5231 -0.2593
vn 0.8941 0.4477 0.0101
vn 0.1616 0.7043 -0.6912
vn 0.4392 0.5442 -0.7147
vn 0.9235 0.1145 -0.3660
vn 0.9708 0.0241 -0.2388
vn 0.9630 -0.0629 -0.2619
vn 0.9538 -0.1493 -0.2607
vn 0.5558 0.7965 0.2380
vn 0.9299 0.1222 0.3470
vn 0.5477 0.4364 0.7139
vn 0.9919 -0.1264 0.0157
vn 0.9551 -0.1044 0.2774
vn 0.5169 0.6429 0.5652
vn -0.0318 0.6639 0.7472
vn 0.0421 0.9370 0.3467
vn 0.9946 -0.1032 -0.0084
vn 0.9767 -0.2124 -0.0309
vn 0.9966 -0.0790 0.0231
vn 0.5050 0.6982 0.5075
vn -0.5018 0.6150 0.6083
vn 0.9322 -0.2816 -0.2275
vn 0.9966 0.0560 0.0610
vn 0.9160 -0.2020 -0.3466
vn 0.4947 0.6678 0.5562
vn 0.2376 0.9156 -0.3244
vn 0.5820 0.5331 -0.6140
vn 0.4026 0.8672 0.2931
vn -0.2433 0.9297 -0.2764
vn 0.2597 0.8977 -0.3559
vn -0.0957 0.9950 0.0300
vn 0.7390 0.6077 -0.2909
vn 0.8169 -0.2723 -0.5085
vn 0.9336 -0.1557 -0.3226
vn 0.9312 0.2584 -0.2573
vn 0.9907 0.1358 -0.0107
vn 0.4182 0.7063 0.5712
vn 0.9189 -0.3147 0.2378
vn 0.2557 -0.0704 0.9642
vn 0.6558 -0.6679 0.3519
vn 0.2786 0.0784 0.9572
vn 0.9679 0.0052 0.2511
vn 0.4113 0.5424 0.7326
vn 0.9523 -0.3047 0.0173
vn 0.9260 -0.3742 0.0496
vn 0.9606 -0.2440 -0.1334
vn -0.6266 0.2798 0.7274
vn -0.3027 -0.1119 0.9465
vn -0.4893 0.5220 0.6986
vn 0.4110 0.5283 0.7429
vn 0.9520 -0.0560 0.3008
vn 0.9587 -0.1970 -0.2053
vn -0.3899 0.7240 0.5690
vn -0.2975 0.9484 0.1094
vn 0.4656 0.6155 0.6359
vn -0.6186 0.7350 0.2775
vn 0.2953 0.9249 -0.2394
vn -0.1901 0.4946 0.8481
vn -0.7496 0.4696 0.4664
vn -0.6348 0.2806 0.7199
vn -0.4506 0.2494 0.8572
vn 0.9039 -0.0432 -0.4255
vn 0.8184 0.4411 -0.3684
vn 0.9864 0.1457 0.0765
vn 0.9105 -0.2743 0.3094
vn 0.2482 -0.1491 0.9572
vn 0.6553 -0.4001 -0.6407
vn 0.6332 -0.6843 -0.3616
vn 0.3281 -0.9113 -0.2489
vn -0.2255 -0.8848 0.4077
vn -0.5375 0.3279 0.7769
vn 0.2772 -0.9311 -0.2369
vn -0.8718 -0.3672 0.3243
vn -0.7760 0.2846 0.5629
vn -0.6653 0.6024 0.4410
vn -0.1320 -0.6426 -0.7547
vn -0.0399 -0.9916 -0.1227
vn 0.0008 -0.6388 -0.7694
vn 0.0652 -0.8016 0.5943
vn 0.0029 -0.7973 0.6035
vn 0.0065 -0.9925 -0.1223
vn 0.1418 -0.6385 -0.7564
vn -0.0603 -0.8003 0.5966
vn 0.0614 -0.9906 -0.1225
vn 0.1163 -0.9874 -0.1070
vn -0.1238 -0.8063 0.5783
vn -0.1365 -0.7744 0.6179
vn -0.1999 -0.7779 0.5957
vn 0.3049 -0.2500 -0.9190
vn 0.1543 -0.2584 -0.9536
vn -0.0026 -0.2676 -0.9635
vn -0.1581 -0.2597 -0.9527
vn 0.9901 0.1056 0.0927
vn 0.9837 0.1302 0.1240
vn 0.8733 -0.0547 0.4840
vn 0.9814 0.1224 0.1477
vn 0.9968 0.0171 0.0776
vn 0.8628 0.0823 0.4988
vn 0.8810 -0.1669 0.4427
vn 0.9137 -0.1469 0.3789
vn 0.9986 0.0317 -0.0414
vn 0.8608 0.3746 -0.3446
vn 0.8647 -0.1336 0.4842
vn 0.8336 -0.3924 0.3888
vn 0.8492 -0.3639 0.3827
vn 0.8686 -0.1418 0.4747
vn 0.9967 0.0249 0.0775
vn 0.8743 0.3572 -0.3285
vn 0.9811 0.1703 0.0920
vn 0.9995 0.0079 0.0300
vn 0.9903 -0.0856 0.1097
vn 0.9851 0.1609 0.0602
vn 0.8737 0.1972 -0.4446
vn 0.7852 0.4200 -0.4551
vn 0.8648 0.2205 -0.4511
vn 0.8632 -0.0402 -0.5033
vn 0.9754 -0.2198 -0.0150
vn 0.8223 -0.0129 -0.5689
vn 0.7304 0.2724 -0.6264
vn 0.7479 -0.2429 -0.6178
vn 0.8676 -0.4858 -0.1063
vn 0.7389 -0.5836 0.3368
vn 0.7332 -0.5961 0.3272
vn 0.9661 -0.2435 -0.0858
vn 0.5471 -0.4448 -0.7091
vn 0.6491 -0.3595 -0.6704
vn 0.6188 -0.7605 -0.1969
vn 0.5384 -0.7970 0.2736
vn 0.5631 -0.7743 0.2886
vn 0.8310 -0.5015 -0.2407
vn 0.7451 0.1350 -0.6532
vn 0.8331 0.3136 -0.4557
vn 0.8396 0.3201 -0.4388
vn 0.8049 0.5169 -0.2914
vn 0.8917 -0.2323 0.3885
vn 0.7869 0.5314 -0.3138
vn 0.2717 -0.9332 0.2352
vn 0.6264 -0.7018 -0.3393
vn 0.4922 -0.2051 -0.8460
vn 0.7579 0.0869 -0.6465
vn 0.8507 -0.4116 0.3270
vn 0.9039 -0.3376 0.2626
vn 0.4350 -0.1051 -0.8943
vn 0.7599 -0.6398 0.1151
vn 0.6598 -0.7000 0.2732
vn 0.3454 -0.3245 -0.8806
vn 0.9601 0.0959 -0.2627
vn 0.4332 -0.5331 -0.7267
vn 0.9542 -0.2240 0.1982
vn 0.4352 -0.8419 -0.3191
vn 0.3828 -0.9238 -0.0071
vn 0.7699 -0.4727 0.4288
vn 0.7660 -0.4324 0.4757
vn 0.5101 0.3186 0.7989
vn 0.4327 0.0313 0.9010
vn 0.2865 -0.6541 0.7001
vn -0.4360 -0.8994 0.0327
vn -0.2959 -0.6268 0.7208
vn -0.3406 0.0735 0.9373
vn -0.3848 0.3622 0.8490
vn -0.6103 0.0738 0.7887
vn 0.7005 -0.2980 0.6484
vn 0.0643 -0.9677 0.2437
vn 0.8175 0.4533 -0.3553
vn 0.8363 -0.4407 0.3261
vn 0.9958 -0.0788 0.0469
vn 0.8224 -0.3904 -0.4137
vn 0.7932 -0.4181 -0.4428
vn 0.7073 -0.5913 -0.3874
vn 0.8729 0.2645 0.4099
vn 0.3586 0.7510 0.5544
vn 0.4349 0.5467 0.7155
vn 0.9827 0.1301 0.1318
vn 0.9710 -0.1655 -0.1727
vn 0.8715 -0.0009 -0.4904
vn -0.1763 0.7316 0.6585
vn -0.4300 0.4514 0.7819
vn -0.6492 0.5735 0.4996
vn -0.5971 0.6156 0.5143
vn 0.3652 0.8089 0.4608
vn 0.3630 0.7857 0.5010
vn 0.6915 0.5891 -0.4181
vn 0.8883 0.3900 -0.2427
vn 0.4565 0.4717 -0.7544
vn 0.1507 0.8354 -0.5286
vn -0.3079 0.9008 -0.3063
vn -0.7301 0.5070 0.4582
vn 0.1598 0.8488 -0.5041
vn 0.3133 0.9378 0.1493
vn -0.3387 0.7527 -0.5646
vn -0.7412 0.6710 0.0181
vn -0.8498 0.5181 -0.0972
vn -0.8980 0.3785 0.2244
vn -0.7567 0.2517 0.6034
vn -0.5450 0.8276 0.1343
vn -0.7734 0.5735 0.2703
vn -0.5676 0.7354 0.3701
vn 0.3363 0.8426 0.4205
vn -0.6164 0.4301 0.6596
vn 0.2775 0.2371 0.9310
vn -0.5631 -0.0404 0.8254
vn 0.2532 0.3846 0.8877
vn -0.7261 0.4063 0.5547
vn -0.6945 0.3252 0.6419
vn -0.7120 0.1301 0.6900
vn -0.5817 0.5537 0.5958
vn 0.2772 0.5626 0.7789
vn 0.2895 0.6088 0.7386
vn 0.9723 -0.1467 0.1821
vn 0.9584 0.0307 0.2836
vn 0.7889 -0.3084 0.5316
vn 0.8917 -0.1685 0.4202
vn 0.9640 0.2659 0.0038
vn 0.7295 -0.6838 -0.0179
vn 0.5232 -0.8430 -0.1251
vn 0.6767 -0.5645 -0.4727
vn 0.8470 -0.4985 0.1848
vn 0.9405 -0.3112 0.1362
vn 0.9725 -0.2130 -0.0943
vn 0.9113 -0.0037 -0.4118
vn 0.8924 0.2922 -0.3439
vn 0.1773 0.9465 -0.2697
vn 0.7771 0.5444 -0.3159
vn 0.2274 0.9642 -0.1366
vn 0.3038 0.6716 0.6758
vn -0.4596 0.8878 -0.0237
vn -0.5859 0.6455 0.4900
vn -0.6334 0.7435 0.2144
vn -0.8450 0.4611 0.2708
vn -0.6681 0.3086 0.6771
vn -0.8117 -0.4744 0.3407
vn 0.9525 0.2623 0.1551
vn 0.9208 -0.1161 0.3724
vn 0.1825 -0.0869 0.9793
vn -0.5472 -0.0108 0.8369
vn -0.1652 -0.9120 0.3755
vn 0.6932 -0.3938 0.6036
vn 0.7147 -0.6898 0.1156
vn 0.9715 -0.0554 -0.2303
vn 0.2273 -0.8349 0.5013
vn 0.1048 -0.7975 0.5941
vn -0.1044 -0.7647 0.6359
vn 0.3363 -0.7763 0.5332
vn 0.5483 -0.6316 0.5481
vn 0.7113 -0.5230 0.4697
vn 0.5400 -0.6567 0.5265
vn 0.2604 -0.9654 -0.0143
vn -0.0947 -0.9923 0.0800
vn 0.1084 -0.7702 0.6285
vn -0.1396 -0.4751 0.8688
vn -0.2596 -0.4951 0.8292
vn 0.3056 -0.3688 0.8778
vn -0.5750 -0.8073 0.1327
vn -0.1717 -0.9779 0.1191
vn 0.4536 -0.8506 0.2660
vn 0.3597 -0.6198 0.6975
vn -0.1415 -0.9898 0.0177
vn -0.4863 -0.8573 -0.1689
vn -0.6582 -0.6745 -0.3344
vn -0.4212 -0.8204 -0.3867
vn 0.1392 -0.9050 -0.4021
vn 0.0846 -0.6873 0.7214
vn -0.0279 -0.7080 0.7057
vn -0.3288 -0.7578 -0.5636
vn -0.1933 -0.9637 -0.1839
vn -0.1829 -0.7684 -0.6132
vn -0.0293 -0.7234 0.6898
vn 0.2389 -0.7272 0.6436
vn -0.0780 -0.9782 -0.1924
vn -0.5539 -0.8275 -0.0917
vn -0.0109 -0.8452 -0.5343
vn 0.1140 -0.3018 0.9465
vn 0.4767 -0.8493 -0.2270
vn 0.5313 -0.6638 0.5264
vn 0.0413 -0.5650 0.8240
vn 0.1215 -0.7672 -0.6298
vn 0.2515 -0.7507 0.6109
vn 0.3490 -0.6507 0.6744
vn -0.3517 -0.7230 0.5946
vn 0.0371 -0.4457 0.8944
vn -0.3345 -0.8904 -0.3087
vn -0.2456 -0.4264 0.8705
vn -0.6478 -0.6456 0.4044
vn 0.3159 -0.8814 -0.3512
vn 0.2475 -0.7554 -0.6067
vn 0.1509 -0.9661 -0.2095
vn 0.0560 -0.9728 -0.2248
vn -0.1066 -0.7083 0.6978
vn -0.2487 -0.7104 0.6584
vn 0.1570 -0.6806 0.7156
vn 0.0402 -0.6622 0.7482
vn -0.1492 -0.6621 0.7344
vn 0.0042 -0.7059 0.7083
vn -0.0810 -0.6874 0.7217
vn 0.2703 -0.9628 0.0013
vn -0.2381 -0.5200 0.8203
vn -0.1686 -0.5290 0.8317
vn 0.2284 -0.9705 -0.0766
vn -0.7030 -0.5625 0.4351
vn -0.5197 -0.5818 0.6256
vn -0.6396 -0.6031 0.4767
vn -0.2015 -0.6277 0.7519
vn 0.3307 -0.5320 0.7795
vn 0.5409 -0.8367 0.0856
vn -0.2256 -0.7191 0.6572
vn -0.4107 -0.6853 0.6014
vn -0.7899 -0.5792 0.2014
vn -0.6107 -0.5495 0.5702
vn 0.3118 -0.9081 -0.2795
vn -0.2687 -0.9380 0.2189
vn -0.5252 -0.8408 -0.1308
vn 0.3838 -0.9148 0.1256
vn -0.7300 -0.5277 0.4342
vn -0.1867 -0.4712 0.8620
vn 0.6183 -0.7844 -0.0481
vn -0.1276 -0.9261 -0.3551
vn 0.5073 -0.7225 0.4698
vn 0.7402 -0.6705 -0.0494
vn 0.6517 -0.7537 0.0847
vn 0.5187 -0.7289 -0.4468
vn 0.6159 -0.7151 -0.3306
vn 0.3524 -0.8390 0.4146
vn 0.2450 -0.8331 0.4960
vn -0.1182 -0.9914 0.0567
vn 0.0309 -0.9882 0.1500
vn 0.4479 -0.8253 0.3438
vn 0.1118 -0.9654 0.2357
vn 0.5158 -0.8140 0.2671
vn 0.4204 -0.6413 0.6419
vn 0.7914 -0.5715 0.2169
vn -0.5903 -0.8070 -0.0144
vn -0.6575 -0.7503 -0.0693
vn -0.5183 -0.8548 0.0247
vn -0.0975 -0.6138 0.7834
vn -0.6417 -0.6408 0.4214
vn -0.4058 -0.7975 0.4465
vn -0.6574 -0.7503 -0.0693
vn -0.6423 -0.7655 -0.0381
vn -0.6346 -0.7728 0.0086
vn -0.6451 -0.7529 -0.1304
vn 0.2141 -0.9599 0.1809
vn 0.1031 -0.9718 0.2122
vn 0.0325 -0.9695 0.2428
vn 0.1802 -0.9812 -0.0686
vn 0.1925 -0.8540 -0.4834
vn -0.7857 -0.5514 -0.2805
vn 0.2860 -0.5110 -0.8106
vn -0.8257 -0.4295 -0.3657
vn -0.8315 -0.5043 -0.2331
vn -0.7382 -0.6670 -0.1003
vn -0.2932 -0.9524 -0.0831
vn -0.1408 -0.9847 0.1031
vn 0.1338 -0.8255 0.5484
vn 0.3641 -0.4314 0.8254
vn 0.1661 -0.4180 0.8931
vn 0.5657 -0.8245 -0.0084
vn 0.3921 -0.9172 0.0710
vn -0.0405 -0.9986 0.0333
vn -0.0406 -0.9989 0.0255
vn -0.0395 -0.9890 0.1423
vn 0.0833 -0.8608 0.5020
vn -0.3306 -0.9401 -0.0831
vn -0.4205 -0.8899 -0.1769
vn -0.8808 -0.2546 -0.3992
vn -0.5321 -0.7686 -0.3551
vn -0.3830 -0.9082 -0.1689
vn -0.5421 -0.8035 -0.2460
vn -0.7450 -0.3079 -0.5918
vn -0.7566 -0.5076 -0.4122
vn -0.7264 -0.3781 -0.5739
vn -0.6654 -0.3222 -0.6733
vn -0.6236 -0.5763 -0.5282
vn -0.5670 -0.5586 -0.6054
vn -0.4480 -0.5392 -0.7131
vn -0.3033 -0.5626 -0.7691
vn -0.4450 -0.5660 -0.6939
vn 0.0005 -0.8118 -0.5840
vn -0.4344 -0.8848 -0.1686
vn -0.0951 -0.9950 -0.0291
vn -0.0807 -0.6780 -0.7306
vn -0.4153 -0.6880 -0.5952
vn -0.5327 -0.8455 -0.0374
vn 0.0606 -0.8281 -0.5573
vn -0.0121 -0.3677 -0.9299
vn -0.0521 -0.5408 -0.8396
vn -0.1731 -0.5838 -0.7932
vn -0.1120 -0.5137 -0.8507
vn -0.3939 -0.6152 -0.6829
vn -0.1771 -0.7077 -0.6840
vn -0.1253 -0.9846 -0.1217
vn 0.3238 -0.7787 -0.5374
vn 0.4823 -0.8718 -0.0860
vn 0.4198 -0.7992 0.4302
vn -0.0325 -0.9941 0.1030
vn -0.5416 -0.8393 0.0480
vn 0.1331 -0.9853 -0.1075
vn 0.2219 -0.7961 -0.5629
vn -0.0578 -0.6093 0.7908
vn 0.6208 -0.7545 -0.2131
vn 0.5959 -0.7764 -0.2052
vn 0.3908 -0.9165 -0.0853
vn 0.4420 -0.8846 -0.1485
vn 0.5354 -0.7906 -0.2973
vn 0.3641 -0.7759 -0.5151
vn 0.3184 -0.9426 -0.1007
vn 0.1081 -0.9933 0.0407
vn -0.4453 -0.8885 0.1108
vn -0.0874 -0.8364 0.5412
vn 0.1881 -0.9805 0.0562
vn 0.1016 -0.9886 0.1111
vn -0.3403 -0.8511 0.3998
vn 0.2842 -0.9588 0.0012
vn 0.3333 -0.9417 -0.0459
vn 0.4398 -0.8894 -0.1245
vn 0.5143 -0.8496 -0.1173
vn -0.3081 -0.4200 0.8536
vn -0.2000 -0.8588 0.4716
vn 0.1486 -0.9827 0.1106
vn 0.3009 -0.9534 0.0245
vn -0.1261 -0.9920 0.0021
vn 0.0044 -0.9343 -0.3566
vn 0.0377 -0.9993 -0.0059
vn 0.0498 -0.8810 0.4705
vn -0.2840 -0.7592 0.5856
vn 0.1111 -0.9741 0.1969
vn -0.3668 -0.8811 0.2986
vn -0.3173 -0.8601 0.3995
vn -0.5153 -0.4552 0.7262
vn 0.2366 -0.9716 0.0092
vn 0.1894 -0.9034 0.3846
vn 0.2638 -0.9540 0.1424
vn 0.4990 -0.8644 0.0625
vn 0.3886 -0.8057 0.4470
vn 0.7735 -0.6329 -0.0342
vn 0.6404 -0.6124 0.4635
vn 0.8787 -0.1514 0.4527
vn 0.7360 -0.6625 0.1393
vn 0.4839 -0.8729 0.0628
vn 0.9499 0.2618 0.1706
vn 0.9720 0.1841 -0.1458
vn 0.9908 -0.1097 0.0787
vn 0.9408 -0.3030 0.1518
vn 0.8474 -0.3686 -0.3822
vn 0.6577 -0.6103 -0.4416
vn 0.3937 -0.8121 -0.4307
vn 0.1941 -0.9136 -0.3572
vn 0.0849 -0.9946 -0.0605
vn 0.8709 -0.4715 -0.1382
vn 0.6719 -0.7282 -0.1352
vn 0.3578 -0.9284 -0.1006
vn 0.1080 -0.9937 -0.0292
vn 0.3170 -0.9477 -0.0380
vn 0.0456 -0.9986 0.0253
vn 0.6353 -0.7702 -0.0561
vn 0.8530 -0.5175 -0.0671
vn 0.9942 -0.0483 -0.0957
vn 0.9650 -0.0710 -0.2525
vn 0.9792 0.1917 -0.0666
vn 0.9876 0.0391 -0.1520
vn 0.9980 0.0635 0.0058
vn 0.9263 0.3439 0.1541
vn 0.9391 0.2890 -0.1857
vn 0.9631 -0.0627 -0.2618
vn 0.9538 -0.1492 -0.2607
vn 0.9740 0.2248 0.0279
vn 0.8517 -0.1242 0.5092
vn 0.7229 -0.4842 0.4929
vn 0.9824 -0.1002 0.1575
vn 0.9946 -0.1030 -0.0085
vn -0.7421 -0.6692 0.0387
vn -0.9433 -0.3310 -0.0263
vn -0.7484 -0.6610 -0.0544
vn -0.8669 0.4377 0.2387
vn -0.7873 0.3597 -0.5008
vn -0.9872 0.1567 -0.0311
vn -0.9897 0.1252 -0.0698
vn -0.9928 -0.0857 -0.0831
vn -0.9966 -0.0307 -0.0761
vn -0.9284 -0.3629 -0.0801
vn -0.7191 -0.6934 -0.0462
vn -0.3778 -0.9259 0.0019
vn -0.2892 -0.6517 -0.7012
vn -0.9809 0.1553 -0.1170
vn -0.8084 -0.5555 -0.1949
vn -0.9140 -0.3970 0.0832
vn -0.8392 -0.5434 0.0221
vn -0.5377 -0.5064 -0.6742
vn -0.4581 -0.4700 -0.7545
vn -0.1589 -0.5998 -0.7842
vn -0.2067 -0.9357 -0.2858
vn 0.1516 -0.9587 -0.2408
vn 0.0888 -0.9656 0.2443
vn -0.6639 -0.2849 -0.6914
vn -0.5226 -0.8306 -0.1922
vn -0.2005 -0.9508 0.2360
vn 0.1108 -0.9710 0.2119
vn -0.2546 -0.9500 0.1807
vn 0.1478 -0.8997 -0.4107
vn -0.2848 -0.8633 -0.4167
vn 0.1136 -0.3552 -0.9278
vn -0.7967 -0.5878 -0.1404
vn -0.4859 -0.8274 0.2816
vn -0.5894 -0.7839 0.1949
vn -0.6959 -0.6433 0.3193
vn -0.8087 -0.5299 0.2554
vn -0.8290 -0.4321 0.3551
vn -0.9433 -0.3239 -0.0730
vn -0.7907 -0.0625 -0.6090
vn -0.7117 -0.2954 -0.6374
vn -0.7944 -0.0627 -0.6041
vn -0.9190 -0.3889 -0.0647
vn -0.8335 0.1837 -0.5211
vn -0.8213 0.1670 -0.5455
vn -0.9933 -0.0934 -0.0676
vn -0.9164 -0.2461 0.3157
vn -0.9104 0.1067 0.3998
vn -0.9783 0.1807 0.1011
vn -0.8883 -0.1932 0.4168
vn -0.9065 0.1142 0.4064
vn -0.9985 -0.0531 0.0098
vn -0.9765 0.2038 0.0698
vn -0.7854 0.4373 -0.4380
vn -0.8025 0.5787 -0.1455
vn -0.9127 0.2240 -0.3417
vn -0.9942 -0.0000 -0.1076
vn -0.9655 -0.1089 0.2364
vn -0.9623 -0.1948 0.1897
vn -0.9974 -0.0688 -0.0211
vn -0.8423 0.1849 -0.5062
vn -0.8050 0.4003 -0.4378
vn -0.7963 0.4318 -0.4237
vn -0.8274 0.2138 -0.5194
vn -0.8760 -0.3350 0.3470
vn -0.7811 -0.6009 0.1698
vn -0.6275 -0.5852 0.5136
vn -0.9696 -0.2277 0.0895
vn -0.3000 -0.2838 -0.9107
vn -0.9266 0.0928 -0.3643
vn -0.3911 -0.5783 -0.7160
vn -0.6967 -0.7170 -0.0228
vn -0.8971 -0.2005 0.3936
vn -0.3240 -0.9334 -0.1539
vn -0.5699 -0.8192 0.0633
vn -0.7375 -0.0376 -0.6743
vn -0.7946 0.1715 -0.5824
vn -0.9839 -0.1494 -0.0982
vn -0.7109 -0.0400 -0.7021
vn -0.4143 -0.2643 -0.8709
vn -0.4517 -0.3160 -0.8344
vn -0.6264 -0.6975 -0.3481
vn -0.8479 -0.4673 -0.2503
vn 0.0695 -0.9952 -0.0683
vn 0.1329 -0.9844 -0.1151
vn -0.2793 -0.9592 -0.0447
vn -0.1778 -0.4679 -0.8657
vn -0.0769 -0.3077 -0.9484
vn 0.0913 -0.4222 -0.9019
vn 0.4147 -0.9097 -0.0229
vn 0.3582 -0.4263 -0.8306
vn 0.4047 -0.8793 0.2511
vn 0.5218 -0.7836 -0.3371
vn 0.2845 -0.2862 -0.9150
vn 0.5543 -0.1865 -0.8111
vn 0.6818 -0.7195 0.1318
vn 0.5502 -0.8326 -0.0632
vn 0.6177 -0.7183 0.3201
vn 0.5814 -0.6905 0.4302
vn 0.3653 -0.8737 0.3214
vn 0.7387 -0.4692 0.4839
vn 0.7888 -0.4681 0.3984
vn 0.7959 -0.5743 -0.1917
vn 0.6553 -0.2274 -0.7203
vn 0.8160 -0.2241 0.5328
vn 0.7516 0.2538 0.6088
vn 0.7453 0.1111 0.6574
vn 0.7380 0.2944 0.6072
vn 0.7856 0.0427 0.6173
vn 0.8213 -0.0490 0.5684
vn 0.8583 -0.2687 0.4372
vn 0.9459 -0.3211 -0.0457
vn 0.8126 0.0979 -0.5746
vn 0.9940 -0.0381 0.1022
vn 0.9197 0.2967 0.2571
vn 0.8404 0.1164 0.5293
vn 0.7741 0.5495 -0.3145
vn 0.8255 0.3220 -0.4635
vn 0.8427 0.3519 -0.4076
vn 0.4689 -0.2653 -0.8425
vn 0.7326 -0.6128 0.2963
vn 0.9706 -0.1944 0.1420
vn 0.6128 -0.4892 0.6206
vn 0.8178 -0.4790 0.3189
vn 0.8487 -0.2117 0.4847
vn 0.8132 0.0824 -0.5761
vn 0.9418 0.2323 0.2431
vn 0.7868 0.5165 -0.3379
vn 0.7631 0.5916 -0.2600
vn 0.8321 0.0375 0.5533
vn 0.7699 0.1884 0.6098
vn 0.9423 0.2406 -0.2326
vn 0.7693 0.5600 -0.3075
vn 0.8243 0.2542 0.5058
vn 0.3161 0.4579 0.8309
vn 0.5337 0.1567 0.8311
vn -0.5795 0.0635 0.8125
vn 0.3468 -0.4455 0.8254
vn -0.3830 -0.5475 0.7440
vn 0.2952 0.1721 0.9398
vn -0.6463 0.3288 0.6886
vn -0.7195 -0.1214 0.6838
vn 0.0233 -0.8306 0.5564
vn 0.9427 -0.0390 0.3314
vn 0.8372 -0.1786 0.5169
vn 0.5331 -0.8001 0.2750
vn -0.3603 -0.9153 0.1803
vn -0.9551 -0.2668 0.1286
vn -0.3747 -0.9018 -0.2156
vn -0.3603 -0.9152 0.1803
vn 0.6017 -0.7910 -0.1107
vn 0.6303 -0.4835 -0.6074
vn -0.7421 -0.6692 0.0388
vn -0.4107 -0.6853 0.6015
vn -0.6107 -0.5496 0.5700
vn 0.5676 0.7489 0.3421
vn -0.2685 0.7531 0.6006
vn 0.4475 0.4997 0.7417
vn -0.4228 0.2943 0.8571
vn 0.3995 0.0186 0.9165
vn -0.4752 -0.1981 0.8573
vn 0.5706 -0.4826 0.6645
vn -0.5570 -0.4900 0.6705
vn -0.7687 -0.4306 0.4729
vn -0.9292 -0.1044 0.3544
vn -0.6913 0.6865 -0.2254
vn -0.8086 0.5882 -0.0123
vn -0.1510 0.9873 -0.0489
vn -0.2273 0.8708 0.4360
vn -0.7744 0.5010 0.3863
vn -0.7694 0.5347 0.3494
vn -0.9066 0.3712 0.2009
vn -0.9734 0.2258 -0.0397
vn -0.9000 0.3501 -0.2597
vn -0.0398 0.9929 -0.1122
vn -0.0711 0.9963 -0.0490
vn -0.7744 0.3162 0.5480
vn -0.2251 0.8835 0.4108
vn -0.4008 0.9105 -0.1023
vn -0.3457 0.9335 -0.0952
vn -0.3559 0.9304 -0.0876
vn -0.9106 0.4081 -0.0651
vn -0.8981 0.4291 -0.0964
vn -0.4355 0.8924 -0.1181
vn -0.3628 0.9307 0.0466
vn -0.9377 0.3330 0.0994
vn -0.9161 0.4002 -0.0259
vn -0.4118 0.9096 -0.0556
vn -0.7836 0.5430 0.3020
vn -0.8399 0.5420 0.0271
vn -0.9809 0.1552 -0.1171
vn -0.9832 0.1715 -0.0624
vn -0.9193 -0.0171 -0.3931
vn -0.5136 0.6152 -0.5981
vn -0.3143 0.7917 0.5238
vn -0.3065 0.9506 -0.0484
vn -0.2814 0.9557 0.0857
vn -0.2352 0.9466 0.2205
vn -0.1822 0.9079 0.3776
vn -0.0765 0.4383 -0.8956
vn -0.2291 0.7695 0.5961
vn -0.1054 0.8871 0.4495
vn -0.0651 0.9809 -0.1833
vn 0.1789 0.8655 0.4679
vn -0.1809 0.6079 0.7731
vn 0.3880 0.7309 0.5615
vn 0.7051 0.4115 0.5775
vn 0.8089 0.5170 0.2801
vn 0.8847 -0.0799 0.4594
vn 0.9989 -0.0076 0.0460
vn 0.9594 0.0868 0.2682
vn 0.8342 0.2432 0.4949
vn 0.9936 0.0497 0.1012
vn 0.6655 0.6034 -0.4393
vn 0.7929 0.5973 0.1203
vn 0.7853 0.6191 -0.0073
vn 0.3185 0.6964 -0.6431
vn 0.3737 0.9233 -0.0886
vn 0.3747 0.9092 0.1815
vn -0.0442 0.7778 -0.6270
vn -0.1277 0.9855 -0.1120
vn -0.1540 0.9728 0.1731
vn -0.1988 0.6625 0.7222
vn -0.3400 0.5505 -0.7624
vn -0.5725 0.7962 -0.1959
vn -0.6267 0.7772 0.0560
vn -0.7051 0.5205 0.4815
vn -0.8616 0.0873 0.5000
vn -0.9750 0.1497 0.1642
vn -0.9535 0.2700 -0.1338
vn -0.9361 0.2750 -0.2193
vn -0.7489 0.1983 -0.6323
vn -0.6012 -0.7291 0.3272
vn -0.6836 -0.7015 -0.2018
vn -0.6970 -0.7171 -0.0074
vn -0.8085 -0.5554 -0.1948
vn -0.9141 -0.3968 0.0832
vn -0.9271 0.2486 0.2807
vn -0.8668 0.4378 0.2388
vn -0.1078 0.8575 -0.5031
vn -0.5083 0.4951 -0.7047
vn -0.1287 0.8036 -0.5811
vn -0.6305 0.7080 -0.3182
vn -0.9128 0.2238 -0.3417
vn -0.8024 0.5788 -0.1455
vn -0.2129 0.8535 0.4757
vn -0.1883 0.6839 0.7048
vn 0.8579 -0.0134 0.5136
vn 0.7262 0.5090 0.4621
vn 0.8450 0.3869 0.3691
vn 0.4019 0.8939 -0.1985
vn 0.3793 0.7292 -0.5696
vn 0.9758 0.1621 0.1471
vn 0.9435 0.3304 0.0269
vn 0.6227 0.7824 -0.0007
vn -0.2002 0.9707 0.1327
vn 0.7167 0.6237 0.3119
vn -0.2259 0.8757 0.4267
vn 0.7740 0.3382 0.5352
vn 0.9319 0.2892 0.2188
vn 0.7454 0.1109 0.6573
vn 0.9341 0.2826 -0.2181
vn 0.8626 0.3907 -0.3213
vn -0.9464 0.3117 0.0846
vn -0.8856 0.3952 -0.2440
vn -0.9563 0.0785 0.2816
vn -0.1841 0.3039 0.9348
vn -0.2373 0.7505 0.6167
vn -0.9554 0.1097 0.2741
vn -0.9473 0.1794 0.2652
vn -0.1975 0.5036 0.8410
vn 0.6304 0.5618 0.5356
vn 0.6578 0.1044 0.7459
vn -0.9230 -0.1512 0.3538
vn -0.9655 -0.1091 0.2365
vn 0.8404 0.1161 0.5293
vn 0.9418 0.2322 0.2430
vn 0.6594 0.4767 0.5813
vn 0.7910 0.6099 0.0484
vn -0.1507 0.9839 -0.0958
vn 0.4967 0.8678 0.0145
vn -0.2326 0.7294 0.6433
vn -0.7129 0.6971 -0.0763
vn -0.1281 0.9896 -0.0649
vn -0.9650 0.1055 -0.2403
vn -0.1722 0.7683 0.6165
vn -0.8868 0.3553 0.2956
vn -0.8817 -0.0142 -0.4715
vn -0.8423 0.1850 -0.5063
vn 0.6002 0.6743 0.4301
vn 0.6295 0.3719 0.6822
vn -0.1419 0.1659 0.9759
vn -0.8178 0.0681 0.5714
vn -0.9316 -0.1509 0.3307
vn -0.7194 -0.1213 0.6839
vn 0.0232 -0.8306 0.5563
vn 0.5337 0.1566 0.8311
vn 0.7694 0.5598 -0.3077
vn 0.7869 0.5164 -0.3379
vn 0.7698 0.1884 0.6098
vn 0.8850 0.2128 -0.4141
vn 0.8843 -0.0257 -0.4662
vn 0.8899 0.1729 -0.4221
vn 0.8452 -0.0860 -0.5275
vn 0.8071 -0.2870 -0.5159
vn 0.8507 0.4090 -0.3301
vn 0.9474 0.2078 0.2434
vn 0.9839 -0.0685 0.1648
vn 0.9289 -0.3646 0.0651
vn 0.7406 -0.6707 -0.0416
vn 0.7111 -0.3189 -0.6266
vn 0.5565 -0.5854 -0.5895
vn 0.7911 0.5419 -0.2836
vn 0.7969 0.5082 0.3266
vn 0.4905 -0.8475 -0.2028
vn 0.4756 -0.5236 -0.7068
vn 0.1682 -0.6110 -0.7736
vn 0.1187 -0.7122 -0.6918
vn 0.0301 -0.9964 0.0798
vn -0.4005 -0.9163 0.0018
vn 0.5204 -0.8379 0.1647
vn 0.8329 -0.5360 0.1376
vn 0.9712 -0.2106 0.1111
vn 0.9909 0.0497 0.1247
vn 0.9174 0.3521 0.1854
vn 0.8337 0.4246 -0.3529
vn 0.9873 0.0745 0.1406
vn 0.9745 -0.1311 0.1820
vn 0.8874 -0.4155 0.1999
vn 0.8873 -0.4155 0.1999
vn 0.4743 -0.8336 0.2831
vn -0.0248 -0.9965 0.0798
vn -0.2796 -0.9597 -0.0292
vn -0.0095 -0.9998 0.0176
vn -0.0714 -0.9936 0.0878
vn 0.8994 -0.3297 0.2870
vn 0.7086 -0.2521 0.6590
vn -0.2015 -0.6276 0.7520
vn -0.6397 -0.6029 0.4768
vn -0.2258 -0.7191 0.6572
vn -0.4107 -0.6851 0.6016
vn 0.9757 0.1623 0.1471
vn 0.8580 -0.0133 0.5134
vn 0.9594 0.0869 0.2682
vn 0.7600 0.2683 0.5919
vn 0.7458 0.0782 0.6616
vn 0.8344 0.2432 0.4947
vn -0.5523 -0.6655 -0.5020
vn -0.1233 -0.7979 -0.5901
vn -0.4069 -0.9058 0.1185
vn -0.8238 -0.4624 -0.3279
vn -0.5355 -0.7817 0.3196
vn -0.6829 -0.6973 0.2176
vn -0.9707 -0.2122 -0.1127
vn -0.7673 0.1531 -0.6228
vn -0.8579 -0.4194 -0.2969
vn -0.6298 -0.0644 -0.7741
vn -0.4534 -0.1607 -0.8767
vn -0.2190 -0.1605 -0.9624
vn 0.0382 -0.2473 -0.9682
vn 0.2363 -0.7839 -0.5742
vn 0.4679 -0.1163 -0.8761
vn 0.5562 -0.6623 -0.5020
vn 0.1034 -0.1367 -0.9852
vn 0.5446 -0.1310 -0.8284
vn -0.1630 -0.3133 -0.9356
vn -0.3972 -0.1728 -0.9013
vn -0.6421 -0.1250 -0.7563
vn -0.7243 0.1716 -0.6678
vn -0.8352 -0.5026 0.2234
vn -0.8392 -0.4106 0.3567
vn -0.7884 -0.6024 -0.1245
vn -0.7234 0.0232 -0.6901
vn -0.6926 -0.7212 0.0159
vn -0.4275 -0.8935 -0.1376
vn -0.1014 -0.9789 -0.1773
vn 0.2363 -0.9617 -0.1387
vn -0.1437 -0.6070 -0.7816
vn 0.4703 -0.8161 -0.3359
vn -0.1338 -0.2536 -0.9580
vn 0.1837 -0.9447 -0.2717
vn -0.4774 -0.8499 -0.2229
vn -0.8607 -0.1953 -0.4701
vn 0.4990 -0.8657 -0.0391
vn 0.7228 -0.6826 0.1076
vn 0.7323 0.0732 -0.6770
vn 0.7976 -0.4781 0.3677
vn 0.8225 0.3208 -0.4697
vn 0.9587 -0.1969 -0.2052
vn 0.7808 0.3153 -0.5394
vn 0.9606 -0.2438 -0.1334
vn 0.9728 -0.1894 -0.1337
vn 0.9183 -0.3958 0.0104
vn 0.8994 -0.4332 0.0580
vn 0.2792 -0.9296 -0.2407
vn 0.6332 -0.6844 -0.3616
vn 0.5610 -0.7782 -0.2822
vn 0.3708 -0.9093 0.1890
vn 0.6140 -0.7585 0.2185
vn 0.6176 -0.7819 0.0851
vn 0.8127 -0.5521 0.1860
vn 0.8393 -0.4294 -0.3336
vn 0.6726 0.1022 -0.7329
vn 0.3241 -0.9460 0.0088
vn 0.0396 -0.9812 0.1890
vn 0.2154 -0.9287 -0.3019
vn -0.1599 -0.9377 -0.3084
vn -0.5141 -0.8303 -0.2152
vn -0.2690 -0.9339 0.2354
vn -0.0327 -0.9986 0.0411
vn -0.5232 -0.5226 -0.6732
vn -0.7403 -0.3320 -0.5845
vn -0.7688 -0.6287 -0.1167
vn -0.8816 -0.0918 -0.4631
vn -0.7918 -0.3179 -0.5215
vn -0.5255 -0.5386 -0.6586
vn -0.2004 -0.6267 -0.7530
vn 0.1354 -0.6219 -0.7713
vn 0.7880 -0.5480 0.2804
vn 0.8057 -0.5518 -0.2154
vn 0.4219 -0.4854 -0.7657
vn 0.2612 -0.6100 -0.7481
vn -0.2375 -0.6918 -0.6819
vn 0.9003 -0.3053 0.3101
vn 0.8657 -0.3413 0.3661
vn 0.9627 -0.2509 -0.1011
vn 0.6570 -0.2741 -0.7023
vn 0.5930 -0.3540 -0.7232
vn 0.5083 -0.8349 -0.2112
vn 0.8071 -0.5526 -0.2079
vn 0.7484 -0.0306 -0.6625
vn 0.7816 -0.0176 -0.6235
vn 0.9499 -0.2747 -0.1488
vn -0.0788 -0.9883 -0.1305
vn -0.5095 -0.8604 0.0015
vn -0.8555 -0.4921 0.1609
vn -0.9220 -0.0326 -0.3858
vn -0.9224 0.1628 -0.3503
vn -0.9192 0.1938 -0.3427
vn -0.9614 -0.0930 0.2589
vn -0.9316 0.1863 0.3121
vn -0.8035 0.5454 -0.2386
vn -0.8613 0.3609 0.3577
vn -0.5680 0.7893 -0.2333
vn -0.6019 0.1683 0.7806
vn -0.3809 -0.2708 0.8841
vn -0.1395 -0.4751 0.8688
vn -0.1042 -0.7647 0.6359
vn 0.0458 -0.9883 -0.1455
vn 0.3335 -0.1735 0.9266
vn 0.3057 -0.3687 0.8778
vn 0.6955 -0.3534 0.6256
vn 0.3598 -0.6197 0.6975
vn 0.1003 0.0480 0.9938
vn -0.7455 0.2984 0.5960
vn -0.6430 0.6352 0.4278
vn -0.7639 0.6377 -0.0989
vn -0.5839 0.7919 -0.1788
vn -0.5483 0.4626 0.6967
vn 0.8654 -0.2207 0.4499
vn -0.4838 0.3774 0.7897
vn -0.6879 0.2927 0.6642
vn -0.7394 0.3446 0.5785
vn -0.8220 0.4438 0.3568
vn 0.7142 0.2588 0.6504
vn -0.4808 0.5293 0.6990
vn 0.9586 -0.0006 0.2849
vn -0.7700 0.6379 -0.0129
vn -0.4655 0.7618 0.4505
vn -0.5793 0.6809 0.4481
vn -0.4506 0.2495 0.8571
vn -0.4986 0.3000 0.8133
vn -0.6346 0.2806 0.7201
vn -0.4855 0.2918 0.8241
vn -0.7494 0.4698 0.4666
vn -0.7669 0.4637 0.4436
vn -0.6652 0.6024 0.4411
vn -0.5326 0.8446 -0.0545
vn -0.6531 0.1484 0.7426
vn -0.7277 -0.0105 0.6858
vn -0.6393 0.1554 0.7531
vn -0.8082 0.4354 0.3966
vn -0.7678 0.6059 -0.2083
vn -0.7208 -0.0502 0.6913
vn -0.9369 0.1864 0.2957
vn -0.9737 -0.0840 0.2117
vn -0.8870 0.3713 -0.2746
vn -0.8824 0.3635 -0.2987
vn -0.9203 -0.3805 0.0908
vn -0.7520 -0.3074 0.5831
vn -0.8315 -0.2044 0.5165
vn -0.9383 0.2486 0.2404
vn -0.7114 0.6688 -0.2160
vn -0.5179 0.8545 0.0395
vn -0.7546 -0.0634 0.6531
vn -0.5235 0.0585 0.8500
vn -0.7277 0.6718 -0.1382
vn -0.8100 0.4492 -0.3770
vn -0.9979 0.0102 0.0636
vn -0.8141 -0.4336 0.3863
vn -0.7058 -0.5574 0.4372
vn -0.8237 0.4500 -0.3451
vn -0.8446 -0.2768 0.4583
vn -0.7722 -0.0454 0.6337
vn -0.8364 0.5288 0.1446
vn -0.7807 0.1981 0.5926
vn -0.8827 -0.4602 -0.0947
vn -0.6049 -0.0913 0.7911
vn -0.7311 -0.6225 0.2794
vn -0.8718 -0.3671 0.3242
vn -0.2255 -0.8849 0.4075
vn -0.5525 -0.5365 0.6379
vn -0.7759 0.2844 0.5630
vn 0.0101 0.3497 0.9368
vn 0.0174 0.0957 0.9953
vn -0.2597 -0.4951 0.8291
vn 0.1666 -0.7455 0.6453
vn -0.0951 -0.9953 0.0177
vn 0.5490 -0.7839 0.2899
vn 0.6026 -0.2645 0.7529
vn 0.7395 -0.6700 -0.0651
vn 0.7728 -0.0596 0.6318
vn 0.7498 -0.2515 -0.6120
vn -0.2597 -0.4950 0.8292
vn 0.0176 0.0955 0.9953
vn 0.0101 0.3496 0.9368
vn -0.5522 -0.5367 0.6380
vn -0.2255 -0.8849 0.4076
vn 0.3282 -0.9112 -0.2489
vn -0.1338 -0.9095 -0.3937
vn 0.1351 -0.5450 -0.8275
vn 0.8637 -0.5022 0.0431
vn 0.8358 -0.0852 -0.5424
vn 0.0158 -0.2380 -0.9711
vn 0.7846 -0.6194 -0.0265
vn 0.3042 -0.9419 0.1422
vn 0.6932 -0.3937 0.6037
vn 0.6498 0.0646 0.7573
vn 0.5259 -0.1694 0.8335
vn 0.6531 -0.6826 0.3278
vn -0.5474 -0.0107 0.8368
vn -0.1652 -0.9120 0.3756
vn -0.2285 0.3400 0.9123
vn -0.1997 0.0605 0.9780
vn -0.3013 -0.6085 0.7342
vn 0.2038 -0.7528 0.6259
vn 0.1168 -0.9908 -0.0684
vn -0.6151 -0.7859 0.0632
vn 0.1491 -0.8952 -0.4200
vn -0.7052 -0.3114 -0.6370
vn -0.5103 -0.1004 -0.8541
vn -0.2984 -0.9177 -0.2622
vn -0.6220 -0.7784 -0.0848
vn -0.6057 -0.7861 -0.1234
vn -0.2990 -0.9196 -0.2550
vn -0.2667 -0.2496 -0.9309
vn 0.3439 -0.3314 -0.8786
vn -0.0544 -0.3172 -0.9468
vn 0.3466 -0.2224 -0.9113
vn -0.0085 -0.3286 -0.9444
vn -0.2923 -0.2067 -0.9337
vn -0.4957 -0.1249 -0.8595
vn -0.7976 -0.5935 0.1081
vn -0.7564 -0.5427 0.3651
vn -0.8674 -0.3767 0.3252
vn -0.4304 -0.1001 -0.8971
vn 0.0762 -0.8312 -0.5507
vn -0.3472 -0.7872 -0.5097
vn -0.6297 -0.6442 -0.4341
vn -0.6193 0.0513 -0.7835
vn -0.6758 0.1356 -0.7245
vn -0.8480 0.3500 -0.3981
vn -0.8631 -0.4029 -0.3045
vn -0.2632 -0.9631 0.0564
vn 0.1346 -0.9782 0.1580
vn -0.5458 -0.8260 0.1406
vn -0.7632 -0.5994 0.2414
vn -0.9874 -0.1176 -0.1062
vn -0.8177 0.3548 -0.4533
vn -0.7928 0.5506 -0.2613
vn -0.9858 0.1341 0.1012
vn -0.8510 -0.3625 0.3801
vn -0.6750 -0.6179 0.4031
vn -0.4920 -0.8241 0.2808
vn -0.8334 -0.5527 -0.0011
vn -0.6478 -0.7426 -0.1701
vn -0.8425 -0.1182 0.5256
vn -0.8086 0.5614 -0.1759
vn -0.6613 0.7482 -0.0535
vn -0.8356 0.4228 0.3508
vn -0.8311 -0.0953 0.5479
vn -0.7670 -0.3850 0.5133
vn -0.9470 -0.0235 0.3205
vn -0.7756 0.0882 0.6250
vn -0.6409 0.7676 0.0012
vn -0.4778 0.8683 0.1337
vn -0.6693 0.5726 0.4735
vn -0.6534 0.1722 0.7372
vn -0.7206 -0.5846 0.3729
vn -0.8961 0.3893 -0.2133
vn -0.5472 -0.0107 0.8369
vn -0.8449 0.4612 0.2710
vn -0.3458 0.9357 0.0701
vn -0.2285 0.3400 0.9122
vn -0.6333 0.7436 0.2144
vn -0.3137 0.9376 -0.1503
vn -0.5817 0.5537 0.5959
vn -0.5004 0.3710 0.7822
vn -0.5286 0.2563 0.8092
vn -0.6926 0.1287 0.7097
vn -0.7136 0.5713 0.4055
vn -0.8729 0.3469 0.3432
vn -0.8102 0.5286 -0.2532
vn -0.7120 0.1300 0.6900
vn -0.6943 0.3252 0.6420
vn -0.7733 0.5736 0.2704
vn -0.6365 0.7707 -0.0302
vn -0.7320 0.6149 -0.2933
vn -0.8167 0.5137 0.2627
vn -0.7411 0.6711 0.0181
vn -0.8580 0.1963 0.4748
vn -0.9585 -0.0386 0.2823
vn -0.7954 -0.1066 0.5966
vn -0.9713 0.1650 0.1715
vn -0.7805 0.3403 0.5245
vn -0.8773 0.3782 0.2955
vn -0.9676 0.1495 0.2034
vn -0.8690 0.3462 -0.3534
vn -0.8349 0.3741 0.4037
vn -0.9026 0.2701 -0.3352
vn -0.9059 0.0668 -0.4183
vn -0.9769 -0.0999 0.1889
vn -0.8948 -0.2484 0.3710
vn -0.5511 -0.7602 0.3442
vn 0.0371 -0.4456 0.8945
vn -0.7805 -0.1310 0.6113
vn -0.9706 0.0478 0.2359
vn -0.9013 0.0195 -0.4328
vn -0.8082 -0.2167 -0.5475
vn -0.8576 -0.1947 -0.4761
vn -0.9606 -0.2505 0.1205
vn -0.6307 -0.4056 -0.6616
vn -0.3651 -0.8981 -0.2453
vn -0.3806 -0.5420 -0.7492
vn -0.0358 -0.9474 -0.3180
vn -0.6995 -0.4613 -0.5457
vn -0.3833 -0.6701 -0.6357
vn -0.0805 -0.5929 -0.8013
vn 0.0275 -0.6892 -0.7240
vn 0.2310 -0.5320 -0.8146
vn 0.3901 -0.5075 -0.7683
vn 0.4984 -0.3780 -0.7802
vn 0.6642 -0.7115 -0.2292
vn -0.9045 -0.3584 0.2313
vn -0.6107 -0.7516 0.2494
vn -0.1867 -0.9696 0.1583
vn 0.2196 -0.9740 0.0560
vn 0.6515 -0.7552 -0.0719
vn 0.2871 -0.9461 0.1498
vn -0.1485 -0.9807 0.1270
vn 0.7507 -0.6460 0.1387
vn 0.2517 -0.7506 0.6109
vn -0.0277 -0.7080 0.7057
vn 0.3596 -0.6198 0.6975
vn 0.6956 -0.3533 0.6255
vn 0.9105 -0.4119 -0.0367
vn 0.8654 -0.2206 0.4499
vn 0.9615 -0.2519 -0.1098
vn 0.7141 0.2587 0.6504
vn 0.9805 -0.1967 0.0004
vn 0.9586 -0.0009 0.2847
vn 0.8415 -0.5157 -0.1610
vn 0.8381 -0.5256 -0.1461
vn 0.9349 -0.2966 -0.1950
vn 0.6227 -0.3105 -0.7182
vn 0.6854 -0.1512 -0.7123
vn 0.6970 -0.0500 -0.7153
vn 0.7930 0.0755 -0.6045
vn 0.9880 0.0954 -0.1213
vn 0.9710 -0.1655 -0.1728
vn 0.9424 -0.3266 0.0727
vn 0.8614 0.3252 -0.3903
vn 0.8956 0.3163 -0.3128
vn 0.8714 -0.0009 -0.4905
vn 0.9235 -0.1887 0.3340
vn 0.9183 0.0040 0.3958
vn 0.8468 -0.4988 0.1849
vn 0.9835 0.1705 0.0605
vn 0.7074 -0.5913 -0.3873
vn 0.9854 -0.1582 -0.0631
vn 0.8978 -0.3208 0.3019
vn 0.8744 -0.4572 -0.1623
vn 0.7860 -0.5552 0.2721
vn 0.7901 -0.5791 0.2011
vn 0.5905 -0.7646 0.2582
vn 0.5267 -0.8464 0.0782
vn 0.8444 -0.4562 -0.2810
vn 0.4693 -0.7384 -0.4843
vn 0.7131 0.0432 -0.6998
vn 0.7803 0.3948 -0.4850
vn 0.9112 -0.0040 -0.4119
vn 0.7890 0.3072 -0.5321
vn 0.6805 0.0146 -0.7326
vn 0.0164 -0.9744 -0.2241
vn 0.3685 -0.9089 -0.1949
vn 0.6444 -0.7623 0.0614
vn 0.8573 -0.5104 0.0670
vn 0.9716 -0.0554 -0.2302
vn 0.8925 0.2922 -0.3437
vn 0.7145 -0.6900 0.1156
vn 0.5028 -0.8419 0.1958
vn 0.1980 -0.9505 -0.2397
vn -0.9126 0.0046 0.4089
vn -0.1998 0.0606 0.9780
vn -0.7473 -0.2754 0.6048
vn -0.3014 -0.6084 0.7342
vn -0.7139 -0.6552 -0.2471
vn 0.3357 0.9361 -0.1046
vn -0.5606 0.5472 0.6216
vn -0.3164 0.4108 0.8551
vn -0.7394 0.3444 0.5785
vn -0.6483 0.5114 0.5641
vn -0.7701 0.6378 -0.0129
vn -0.5662 0.7938 0.2220
vn -0.5615 0.6770 0.4758
vn -0.9720 0.2340 0.0226
vn 0.9968 0.0169 0.0775
vn 0.8608 0.3745 -0.3446
vn 0.8952 0.1741 0.4103
vn 0.7084 0.6701 -0.2216
vn 0.8175 0.4532 -0.3554
vn -0.0729 0.9804 -0.1831
vn -0.0290 0.6073 0.7939
vn 0.8294 0.3092 0.4653
vn 0.8810 -0.1670 0.4426
vn 0.7108 -0.1406 0.6892
vn -0.0325 0.6555 0.7545
vn -0.8909 0.1209 0.4378
vn -0.8540 0.5125 -0.0897
vn -0.6864 0.7266 -0.0296
vn -0.8080 0.4677 0.3583
vn -0.8270 0.1552 0.5404
vn -0.9284 0.0530 0.3679
vn -0.6103 0.0739 0.7887
vn 0.0216 0.7223 0.6912
vn 0.0686 -0.0363 0.9970
vn 0.0645 -0.9678 0.2435
vn 0.7005 -0.2981 0.6484
vn 0.8540 0.0753 0.5148
vn 0.8365 -0.4405 0.3259
vn 0.8070 0.4792 0.3450
vn 0.6895 0.7222 0.0552
vn -0.0154 0.9987 -0.0492
vn 0.5473 -0.8366 -0.0238
vn 0.2063 -0.2952 -0.9329
vn 0.2604 -0.9566 -0.1311
vn -0.0636 -0.2525 -0.9655
vn -0.0706 -0.9832 -0.1683
vn -0.0709 -0.9879 -0.1381
vn 0.2628 -0.9547 -0.1398
vn -0.4323 -0.2789 -0.8575
vn -0.5135 -0.5007 -0.6968
vn 0.5609 -0.8277 0.0152
vn 0.1076 -0.1762 -0.9785
vn -0.0539 -0.2315 -0.9714
vn -0.3415 -0.3038 -0.8894
vn -0.5492 -0.0491 -0.8343
vn -0.5756 -0.1403 -0.8056
vn -0.7918 0.1866 -0.5816
vn -0.2219 -0.2835 -0.9330
vn -0.9660 -0.2363 -0.1049
vn -0.7345 -0.5950 -0.3264
vn -0.6615 -0.7152 0.2257
vn -0.3912 -0.8192 -0.4195
vn -0.0471 -0.8993 -0.4349
vn 0.3103 -0.8485 -0.4287
vn -0.0613 -0.9717 0.2282
vn 0.2558 -0.9414 0.2200
vn 0.3043 -0.9082 -0.2875
vn -0.0620 -0.9770 0.2042
vn -0.0835 -0.9547 -0.2857
vn -0.3657 -0.8967 0.2496
vn -0.4044 -0.8935 0.1954
vn -0.6145 -0.7182 0.3264
vn -0.7580 -0.4938 0.4261
vn -0.7257 -0.6782 -0.1160
vn -0.4411 -0.8581 -0.2628
vn -0.0606 -0.6304 -0.7739
vn -0.0936 -0.7310 -0.6759
vn 0.2707 -0.5956 -0.7563
vn -0.5394 -0.8358 0.1021
vn -0.5283 -0.5623 -0.6361
vn -0.6400 -0.3498 -0.6841
vn -0.9184 -0.3956 -0.0102
vn -0.8453 -0.5343 0.0066
vn -0.7464 -0.3011 -0.5935
vn -0.7926 -0.1329 -0.5950
vn -0.9694 -0.2439 -0.0272
vn -0.8236 -0.0593 -0.5641
vn -0.9990 -0.0380 -0.0215
vn -0.8301 0.1829 -0.5268
vn -0.8564 0.1081 -0.5049
vn -0.9877 -0.1233 0.0960
vn -0.8147 -0.2612 0.5177
vn -0.7991 -0.3980 0.4505
vn -0.7671 0.3340 -0.5478
vn -0.8194 -0.0260 0.5726
vn -0.8368 0.0149 0.5472
vn -0.9542 0.2269 0.1951
vn -0.7346 0.6346 -0.2402
vn -0.8267 0.4187 -0.3759
vn -0.7740 0.6057 -0.1845
vn -0.9101 -0.2776 0.3077
vn -0.8937 0.3718 -0.2510
vn -0.9978 -0.0528 0.0409
vn -0.7748 -0.1626 0.6109
vn -0.7468 -0.0316 0.6643
vn -0.9676 0.1494 0.2033
vn -0.8434 0.3504 -0.4073
vn -0.8274 0.3322 -0.4528
vn -0.7240 0.5598 -0.4030
vn -0.7790 0.5414 -0.3162
vn -0.9338 0.2789 0.2242
vn -0.8381 -0.1425 0.5266
vn -0.9909 0.1034 0.0861
vn -0.9176 0.3923 -0.0646
vn -0.9786 0.1963 0.0622
vn -0.7846 0.5919 -0.1847
vn -0.8926 0.2139 -0.3968
vn -0.9939 -0.1083 -0.0208
vn -0.9514 0.3032 0.0532
vn -0.8912 -0.4514 0.0445
vn -0.8986 -0.4050 0.1688
vn -0.9847 -0.1399 0.1043
vn -0.9954 0.0722 0.0632
vn -0.9782 0.2038 0.0386
vn -0.8401 -0.3242 0.4348
vn -0.7772 -0.4230 0.4658
vn -0.9920 -0.0055 0.1259
vn -0.4811 0.4340 0.7617
vn -0.4729 0.6329 0.6130
vn -0.5536 0.1319 0.8223
vn -0.5817 -0.3155 0.7497
vn -0.5280 -0.7899 0.3120
vn -0.0630 -0.9889 0.1347
vn 0.7458 0.0782 0.6615
vn 0.7600 0.2683 0.5920
vn -0.2013 -0.6275 0.7521
vn -0.2459 -0.4266 0.8704
vn 0.0042 -0.7058 0.7084
vn -0.0464 -0.9779 0.2041
vn 0.4695 -0.8532 0.2271
vn 0.4197 -0.8999 0.1183
vn 0.3597 -0.6689 -0.6505
vn 0.8221 -0.5676 0.0436
vn 0.8965 -0.4260 0.1214
vn 0.6754 -0.1848 0.7139
vn 0.1514 0.3293 0.9320
vn -0.7804 0.3404 0.5245
vn -0.8579 0.1963 0.4749
vn 0.0989 0.0322 0.9946
vn 0.9513 -0.0242 0.3073
vn 0.9803 -0.1969 -0.0154
vn 0.9446 -0.3283 -0.0061
vn 0.3633 0.3728 0.8538
vn 0.9921 0.0095 0.1247
vn 0.9946 -0.0954 -0.0402
vn 0.9871 -0.1581 -0.0237
vn 0.7923 -0.1917 -0.5792
vn 0.9648 -0.2097 0.1587
vn 0.4297 0.4125 0.8032
vn 0.9214 -0.1323 0.3654
vn 0.9243 -0.0846 0.3723
vn 0.9869 -0.1584 -0.0315
vn 0.4940 0.8319 0.2528
vn -0.3923 0.8821 0.2609
vn -0.9278 0.2789 0.2480
vn 0.9852 0.1533 0.0762
vn 0.9529 0.2989 -0.0519
vn 0.8413 0.5257 -0.1257
vn 0.9360 0.2311 0.2654
vn -0.1493 -0.6621 0.7344
vn 0.0413 -0.5651 0.8240
vn 0.1140 -0.3015 0.9466
vn 0.0370 -0.4456 0.8945
vn -0.3136 0.9375 -0.1505
vn -0.5261 -0.8483 -0.0609
vn -0.3201 -0.8165 -0.4805
vn -0.6739 -0.5090 0.5354
vn -0.7582 -0.5735 0.3103
vn -0.6344 -0.7720 0.0395
vn -0.3015 -0.9535 0.0020
vn -0.7251 -0.6710 -0.1549
vn -0.3033 -0.5627 -0.7690
vn -0.1120 -0.5136 -0.8507
vn -0.0171 -0.0083 -0.9998
vn -0.0122 -0.3675 -0.9299
vn 0.0973 -0.2843 -0.9538
vn 0.2292 -0.3744 -0.8985
vn 0.1923 -0.6919 -0.6959
vn 0.3765 -0.6455 -0.6646
vn 0.4840 -0.5163 -0.7065
vn 0.5564 -0.4216 -0.7160
vn 0.6325 -0.3739 -0.6784
vn 0.6684 -0.1574 -0.7270
vn 0.7071 -0.0193 -0.7068
vn 0.7419 -0.0142 -0.6703
vn 0.0003 -0.8118 -0.5840
vn -0.4451 -0.5662 -0.6938
vn -0.0960 -0.8391 -0.5354
vn -0.7161 0.1004 -0.6907
vn -0.7164 0.0146 -0.6975
vn -0.7040 -0.1739 -0.6886
vn -0.6413 -0.3432 -0.6863
vn -0.5522 -0.4760 -0.6845
vn -0.4307 -0.5891 -0.6838
vn -0.2828 -0.6733 -0.6832
vn -0.1020 -0.7375 -0.6676
vn -0.3603 -0.9152 0.1804
vn 0.3555 -0.8980 0.2592
vn 0.5448 -0.7335 0.4064
vn -0.5571 -0.4902 0.6704
vn 0.5142 -0.4473 0.7318
vn 0.6528 -0.4685 0.5952
vn 0.7500 -0.5102 0.4210
vn -0.5400 0.3172 -0.7796
vn -0.5291 -0.4644 -0.7102
vn -0.5896 -0.4079 -0.6971
vn -0.6676 -0.3303 -0.6672
vn -0.7749 -0.1417 -0.6160
vn -0.4947 -0.4434 -0.7474
vn -0.5061 0.1885 -0.8416
vn -0.5702 -0.3638 -0.7366
vn -0.5485 0.2157 -0.8078
vn -0.5945 -0.3695 -0.7142
vn -0.5280 -0.4844 -0.6976
vn -0.5511 0.2789 -0.7864
vn -0.4268 0.5170 -0.7420
vn -0.4501 -0.4636 -0.7632
vn -0.5310 0.4102 -0.7415
vn -0.6113 -0.3687 -0.7002
vn -0.5542 0.2317 -0.7995
vn -0.6129 0.2071 -0.7626
vn -0.4684 -0.5776 -0.6686
vn -0.6015 -0.2909 -0.7441
vn -0.0807 -0.7581 -0.6471
vn -0.5832 -0.2249 -0.7806
vn -0.3365 -0.7393 -0.5832
vn -0.6259 0.2078 -0.7518
vn -0.4560 0.2145 -0.8637
vn -0.8745 -0.1466 0.4624
vn -0.9930 -0.0055 0.1183
vn -0.5540 -0.3576 -0.7518
vn -0.9830 -0.1242 0.1353
vn -0.8592 0.1104 0.4996
vn -0.8817 -0.0140 -0.4716
vn -0.9316 -0.1508 0.3307
vn -0.7195 -0.1212 0.6838
vn -0.6464 0.3288 0.6886
vn -0.5796 0.0635 0.8124
vn -0.8345 -0.4081 0.3703
vn -0.3832 -0.5475 0.7439
vn -0.7762 -0.3969 -0.4899
vn -0.6014 -0.2909 -0.7441
vn -0.4685 -0.5775 -0.6686
vn -0.0808 -0.7581 -0.6471
vn -0.6234 0.1530 -0.7668
vn -0.4916 -0.2496 -0.8343
vn -0.7450 -0.0370 -0.6661
vn -0.9786 0.1962 0.0620
vn -0.7915 -0.1478 -0.5930
vn -0.6824 0.6845 -0.2564
vn -0.6055 0.7477 -0.2728
vn -0.7089 -0.4415 -0.5500
vn -0.3366 -0.7392 -0.5833
vn -0.6997 -0.0802 -0.7099
vn -0.9473 -0.3053 0.0973
vn -0.7036 -0.0881 -0.7052
vn 0.7655 0.3160 0.5605
vn 0.6288 0.4513 0.6331
vn 0.2298 0.8993 0.3720
vn 0.3034 0.9164 0.2610
vn -0.2146 0.9762 0.0300
vn -0.0634 0.9968 -0.0491
vn -0.5269 0.7467 -0.4060
vn -0.9397 0.1572 -0.3038
vn -0.9830 -0.1240 0.1352
vn 0.0149 0.1615 -0.9868
vn -0.1491 0.7464 -0.6485
vn -0.4996 0.2584 -0.8268
vn 0.0579 -0.2890 -0.9556
vn -0.3967 -0.4056 -0.8235
vn -0.9735 0.1418 0.1795
vn -0.9482 -0.2904 0.1286
vn -0.8592 0.1106 0.4995
vn -0.9362 0.3384 -0.0952
vn 0.0221 0.9765 -0.2143
vn -0.9253 0.3602 -0.1186
vn -0.9235 0.3618 -0.1273
vn -0.8753 0.4591 -0.1518
vn -0.4220 0.8753 -0.2360
vn -0.2996 0.9298 -0.2138
vn -0.4347 0.8282 -0.3536
vn -0.9730 0.1772 -0.1477
vn -0.9306 0.2666 -0.2508
vn -0.7958 0.5023 -0.3381
vn -0.4033 0.9063 -0.1262
vn 0.0308 0.9891 -0.1443
vn -0.8981 0.4040 -0.1735
vn -0.9426 0.2873 0.1700
vn -0.8612 0.2128 0.4616
vn -0.0805 0.9769 -0.1981
vn 0.1949 0.9585 -0.2078
vn 0.0768 0.9719 -0.2224
vn 0.3438 0.9362 -0.0730
vn -0.9636 -0.0624 0.2600
vn -0.8927 0.1053 0.4381
vn -0.8782 0.0014 -0.4783
vn -0.9712 0.1927 -0.1400
vn -0.0584 0.8757 -0.4793
vn -0.0575 0.8054 -0.5899
vn -0.0127 0.6943 -0.7196
vn -0.9220 -0.0017 -0.3873
vn -0.9774 -0.0768 0.1969
vn -0.9261 0.0137 0.3770
vn -0.9130 -0.0882 0.3983
vn -0.6679 0.0253 -0.7438
vn -0.6670 -0.0373 -0.7441
vn -0.4940 -0.6185 -0.6111
vn -0.8083 -0.5445 0.2240
vn 0.6987 -0.0265 -0.7150
vn 0.7008 0.0203 -0.7131
vn 0.6593 -0.4680 -0.5885
vn 0.0004 -0.8118 -0.5840
vn -0.4341 -0.8850 -0.1686
vn -0.8256 -0.4298 -0.3655
vn 0.0724 -0.0561 -0.9958
vn -0.0100 0.3927 -0.9196
vn 0.7418 -0.0142 -0.6705
vn 0.0004 -0.8117 -0.5840
vn 0.7069 -0.0193 -0.7071
vn 0.6738 -0.1736 -0.7183
vn -0.6667 0.1424 -0.7316
vn 0.6681 -0.1576 -0.7272
vn 0.6323 -0.3738 -0.6785
vn 0.5739 -0.3298 -0.7496
vn -0.6234 0.2550 -0.7392
vn -0.8693 0.2598 0.4205
vn -0.4919 0.5098 -0.7058
vn -0.8072 0.4510 0.3809
vn -0.5663 0.3750 -0.7340
vn 0.5471 -0.4116 -0.7289
vn 0.4548 -0.5071 -0.7321
vn 0.3224 -0.5552 -0.7667
vn 0.5563 -0.4215 -0.7162
vn 0.4839 -0.5163 -0.7066
vn 0.3764 -0.6454 -0.6647
vn 0.1699 -0.6619 -0.7301
vn 0.0278 0.7080 -0.7057
vn 0.1923 -0.6918 -0.6961
vn -0.1020 -0.7374 -0.6678
vn -0.1046 -0.6832 -0.7227
vn -0.2644 -0.6500 -0.7124
vn -0.4306 -0.5889 -0.6839
vn -0.2827 -0.6732 -0.6833
vn -0.0961 -0.8391 -0.5355
vn -0.6817 -0.4398 -0.5847
vn -0.7160 0.1005 -0.6909
vn -0.6373 0.1158 -0.7618
vn -0.7162 0.0147 -0.6977
vn -0.6665 -0.0219 -0.7452
vn -0.7038 -0.1738 -0.6888
vn -0.6722 -0.1768 -0.7190
vn -0.6412 -0.3431 -0.6864
vn -0.6080 -0.3232 -0.7251
vn 0.6419 0.1433 -0.7533
vn 0.6113 0.2968 -0.7337
vn 0.9525 0.1832 0.2434
vn 0.8679 0.3987 0.2965
vn 0.9602 0.1024 0.2599
vn 0.6018 0.7621 0.2388
vn 0.9651 0.1591 -0.2079
vn 0.5412 0.8240 -0.1677
vn 0.9582 0.2243 -0.1776
vn 0.5701 0.8177 -0.0800
vn 0.6489 0.7053 0.2854
vn 0.5252 0.8388 -0.1435
vn 0.9731 0.2002 -0.1142
vn 0.9034 0.3964 -0.1634
vn 0.9252 0.3637 -0.1079
vn 0.9537 0.2994 -0.0282
vn 0.6202 0.6399 0.4538
vn 0.5682 0.6980 0.4359
vn 0.9263 0.3438 0.1540
vn 0.5756 0.7249 -0.3783
vn 0.6611 0.2449 -0.7092
vn 0.9391 0.2890 -0.1858
vn -0.8176 -0.5451 0.1855
vn -0.6560 -0.7547 0.0084
vn -0.6994 -0.7121 0.0624
vn -0.4513 -0.8803 -0.1463
vn -0.3900 -0.9116 -0.1297
vn -0.7293 -0.6283 0.2708
vn -0.8539 0.5126 -0.0898
vn -0.9135 0.0209 0.4063
vn -0.9238 0.2418 -0.2970
vn -0.9437 -0.1720 0.2824
vn -0.5059 -0.8111 -0.2936
vn -0.9283 0.0532 0.3680
vn -0.6104 0.0741 0.7886
vn -0.3408 0.0735 0.9373
vn -0.4360 -0.8993 0.0327
vn -0.7650 -0.3915 0.5114
vn -0.2961 -0.6267 0.7208
vn -0.7847 0.0184 0.6196
vn -0.0225 0.2589 0.9656
vn -0.7106 -0.1929 0.6767
vn -0.0673 0.3744 0.9248
vn -0.8675 0.2210 0.4456
vn 0.7990 0.0253 0.6008
vn -0.0566 0.8961 0.4403
vn -0.8936 0.4245 0.1458
vn -0.9909 0.1033 0.0861
vn -0.9786 0.1961 0.0621
vn 0.9986 0.0317 -0.0416
vn -0.8381 -0.1427 0.5266
vn -0.7748 -0.1627 0.6109
vn -0.9978 -0.0530 0.0409
vn -0.8937 0.3719 -0.2510
vn 0.5705 -0.4825 0.6646
vn 0.7478 -0.4160 0.5175
vn 0.3994 0.0186 0.9166
vn 0.5676 0.7489 0.3420
vn 0.5979 0.7165 0.3594
vn 0.4472 0.4997 0.7418
vn 0.7291 0.4463 0.5189
vn 0.7894 0.0507 0.6117
vn 0.1371 0.0128 0.9905
vn -0.5538 0.8126 0.1815
vn -0.1200 0.9897 0.0775
vn -0.3242 0.8363 0.4422
vn -0.1832 0.6515 0.7362
vn 0.0241 0.4141 0.9099
vn -0.3830 0.7842 0.4883
vn -0.1843 0.6553 0.7326
vn 0.0558 0.4110 0.9099
vn 0.1160 0.0387 0.9925
vn 0.5830 0.0957 0.8068
vn 0.5276 0.5141 0.6763
vn 0.2663 0.8590 0.4372
vn 0.4754 0.8377 -0.2687
vn 0.6746 0.6039 -0.4245
vn 0.8112 0.4926 -0.3152
vn 0.7980 0.5925 -0.1102
vn 0.9984 0.0395 -0.0415
vn 0.5478 0.8363 0.0225
vn 0.3267 0.9220 -0.2077
vn 0.6896 0.1476 0.7090
vn 0.5698 -0.3735 0.7320
vn 0.8904 0.0706 0.4496
vn 0.9179 -0.3163 0.2396
vn 0.7932 -0.3572 0.4932
vn 0.8907 0.1346 0.4342
vn 0.9815 0.1686 -0.0904
vn 0.7743 0.4025 0.4883
vn 0.9398 -0.1745 0.2938
vn 0.9313 0.2403 0.2737
vn 0.7531 -0.2009 0.6265
vn 0.6401 -0.3007 0.7070
vn 0.6036 0.4675 0.6459
vn -0.8286 0.5597 0.0114
vn -0.2816 0.9564 0.0780
vn 0.1750 0.9117 0.3717
vn -0.0138 0.8484 0.5292
vn -0.4750 0.8328 0.2844
vn -0.4224 0.3897 0.8183
vn -0.7733 0.3319 0.5402
vn 0.4446 0.4614 0.7677
vn -0.0530 0.3570 0.9326
vn -0.3781 -0.3118 0.8717
vn -0.7313 -0.3405 0.5910
vn -0.0211 -0.2263 0.9738
vn 0.4860 -0.2992 0.8211
vn 0.9832 -0.1738 -0.0551
vn 0.9242 0.0114 -0.3818
vn 0.9178 -0.1558 0.3652
vn 0.8913 -0.3729 -0.2580
vn 0.9410 0.1276 0.3135
vn 0.8899 0.3714 -0.2649
vn 0.9639 0.2437 0.1073
vn 0.9215 0.3157 -0.2263
vn 0.9050 0.3818 -0.1876
vn 0.9034 0.3965 -0.1634
vn 0.9066 -0.3657 -0.2105
vn 0.9765 0.0156 -0.2147
vn 0.8677 0.2858 -0.4067
vn 0.7334 -0.0768 -0.6754
vn 0.6606 -0.7486 -0.0565
vn 0.7837 -0.5512 -0.2865
vn 0.6768 -0.7093 -0.1970
vn 0.8009 -0.5613 -0.2084
vn 0.9227 0.3625 -0.1313
vn 0.9989 0.0238 -0.0415
vn 0.9137 -0.3817 -0.1396
vn 0.9193 0.3805 -0.1001
vn 0.5318 -0.8445 -0.0629
vn 0.7965 -0.5907 -0.1291
vn 0.9922 0.0869 -0.0893
vn 0.9816 -0.0085 -0.1907
vn 0.9167 -0.3076 0.2549
vn 0.9125 -0.1708 0.3716
vn 0.9018 0.2601 0.3452
vn 0.9252 0.3638 -0.1079
vn -0.5875 0.2039 -0.7831
vn -0.5106 0.1959 -0.8372
vn -0.6852 0.1754 -0.7069
vn -0.4917 -0.2496 -0.8342
vn -0.7915 -0.1479 -0.5930
vn -0.6996 -0.0801 -0.7100
vn -0.7035 -0.0881 -0.7052
vn 0.9204 -0.2041 0.3335
vn 0.6607 -0.7485 -0.0564
vn 0.6450 -0.6901 0.3281
vn 0.4429 -0.6729 -0.5925
vn 0.6564 -0.1252 -0.7439
vn 0.6712 -0.0082 -0.7412
vn 0.9410 0.1275 0.3135
vn 0.9639 0.2437 0.1072
vn 0.9215 0.3156 -0.2263
vn 0.8347 0.5508 0.0013
vn 0.4421 0.8817 0.1648
vn 0.3816 0.9164 -0.1204
vn -0.0896 0.9714 0.2198
vn -0.1358 0.9895 -0.0490
vn -0.6636 0.7192 0.2056
vn -0.6890 0.7219 0.0647
vn -0.9539 0.2572 0.1548
vn -0.9278 0.2789 0.2479
vn 0.7664 0.5868 -0.2612
vn 0.1829 0.7637 -0.6191
vn -0.2165 0.7756 -0.5929
vn -0.6934 0.6536 -0.3032
vn 0.0622 -0.9965 0.0567
vn -0.1875 -0.9012 0.3907
vn 0.0576 -0.8808 0.4700
vn 0.3035 -0.8683 0.3925
vn 0.4509 -0.8742 0.1800
vn 0.4519 -0.8886 -0.0784
vn 0.3050 -0.9102 -0.2803
vn 0.0594 -0.9322 -0.3569
vn -0.1836 -0.9431 -0.2772
vn 0.3828 -0.9237 0.0163
vn 0.3850 -0.9180 0.0947
vn 0.3463 -0.9137 0.2125
vn 0.2975 -0.9121 0.2819
vn 0.2041 -0.9130 0.3533
vn 0.1243 -0.9183 0.3759
vn -0.0015 -0.9259 0.3778
vn -0.6839 -0.7128 0.1555
vn -0.6134 -0.6958 0.3735
vn -0.6780 -0.7310 -0.0772
vn -0.6074 -0.7381 -0.2937
vn -0.4754 -0.7373 -0.4800
vn -0.2890 -0.7349 -0.6135
vn -0.0698 -0.7258 -0.6843
vn 0.1585 -0.7100 -0.6861
vn -0.0810 -0.9319 0.3535
vn 0.3724 -0.6923 -0.6181
vn -0.1760 -0.9431 0.2822
vn 0.5623 -0.6694 -0.4855
vn -0.2243 -0.9509 0.2131
vn 0.6985 -0.6500 -0.2992
vn -0.2638 -0.9598 0.0955
vn -0.3374 -0.9240 0.1801
vn -0.3325 -0.9400 -0.0760
vn -0.2636 -0.9645 0.0177
vn -0.2251 -0.9693 -0.0987
vn 0.7725 -0.6297 -0.0818
vn 0.7712 -0.6176 0.1544
vn 0.7002 -0.6079 0.3743
vn -0.1787 -0.9693 -0.1691
vn 0.5694 -0.6039 0.5577
vn -0.0770 -0.9681 -0.2384
vn 0.3779 -0.6071 0.6991
vn 0.0015 -0.9648 -0.2630
vn 0.1206 -0.9568 -0.2645
vn 0.3014 -0.9381 -0.1704
vn 0.3513 -0.9308 -0.1010
vn 0.1554 -0.6173 0.7712
vn -0.0760 -0.6335 0.7700
vn -0.2977 -0.6552 0.6943
vn -0.4788 -0.6759 0.5602
vn 0.2518 0.9650 -0.0735
vn 0.1928 0.9436 -0.2692
vn 0.1730 0.9775 -0.1208
vn 0.1563 0.9704 -0.1841
vn 0.0995 0.9601 -0.2614
vn 0.0244 0.9214 -0.3879
vn 0.0432 0.9525 -0.3015
vn -0.0446 0.9422 -0.3320
vn -0.1819 0.9046 -0.3854
vn -0.1154 0.9368 -0.3303
vn -0.2032 0.9321 -0.2997
vn -0.3482 0.8985 -0.2674
vn -0.7828 0.5990 -0.1688
vn -0.7898 0.6099 0.0655
vn -0.7206 0.6318 0.2855
vn -0.5835 0.6599 0.4733
vn -0.3947 0.6868 0.6104
vn -0.1788 0.7084 0.6828
vn 0.0618 0.7270 0.6838
vn 0.2788 0.7390 0.6133
vn -0.2587 0.9302 -0.2602
vn 0.4705 0.7424 0.4770
vn -0.3151 0.9314 -0.1822
vn 0.6057 0.7426 0.2857
vn -0.3316 0.9358 -0.1194
vn 0.6811 0.7295 0.0631
vn -0.3303 0.9436 -0.0246
vn -0.4115 0.9086 -0.0713
vn -0.3468 0.9295 0.1255
vn -0.3132 0.9489 0.0385
vn -0.2565 0.9594 0.1170
vn 0.6801 0.7122 -0.1741
vn 0.6052 0.6915 -0.3945
vn 0.4659 0.6676 -0.5807
vn -0.0802 0.9941 -0.0730
vn -0.1800 0.9527 0.2449
vn -0.2016 0.9668 0.1570
vn 0.2817 0.6430 -0.7122
vn -0.1137 0.9769 0.1810
vn 0.0586 0.6179 -0.7840
vn -0.0489 0.9824 0.1800
vn 0.1883 0.9742 0.1244
vn 0.0213 0.9696 0.2436
vn 0.0469 0.9867 0.1558
vn 0.0945 0.9886 0.1172
vn 0.1501 0.9880 0.0376
vn 0.1735 0.9845 -0.0257
vn -0.1715 0.5992 -0.7820
vn -0.3916 0.5874 -0.7083
vn -0.5780 0.5810 -0.5731
vn -0.7106 0.5880 -0.3863
vn 0.6055 0.7429 0.2855
vn 0.5692 -0.6041 0.5578
vn 0.4704 0.7425 0.4769
vn 0.7001 -0.6081 0.3743
vn 0.6810 0.7296 0.0629
vn 0.7711 -0.6177 0.1544
vn 0.6799 0.7123 -0.1742
vn 0.7724 -0.6298 -0.0817
vn 0.6050 0.6918 -0.3943
vn 0.6984 -0.6502 -0.2991
vn 0.4658 0.6678 -0.5806
vn 0.5621 -0.6695 -0.4855
vn -0.3945 0.6870 0.6102
vn -0.4785 -0.6761 0.5603
vn -0.5834 0.6600 0.4733
vn -0.2975 -0.6554 0.6942
vn -0.1786 0.7086 0.6827
vn -0.0759 -0.6336 0.7699
vn 0.0618 0.7271 0.6838
vn 0.1553 -0.6176 0.7710
vn 0.2788 0.7392 0.6131
vn 0.3779 -0.6072 0.6989
vn -0.7105 0.5882 -0.3863
vn -0.4753 -0.7375 -0.4798
vn -0.5780 0.5812 -0.5729
vn -0.6072 -0.7383 -0.2937
vn -0.7827 0.5991 -0.1688
vn -0.6778 -0.7312 -0.0771
vn -0.7896 0.6101 0.0656
vn -0.6839 -0.7128 0.1556
vn -0.7205 0.6320 0.2854
vn -0.6133 -0.6960 0.3734
vn 0.2814 0.6433 -0.7121
vn 0.5623 -0.6695 -0.4854
vn 0.3724 -0.6924 -0.6180
vn 0.0585 0.6181 -0.7839
vn 0.1585 -0.7101 -0.6860
vn -0.1716 0.5994 -0.7818
vn -0.0697 -0.7260 -0.6842
vn -0.3915 0.5875 -0.7082
vn -0.2889 -0.7351 -0.6134
vn 0.2875 0.0496 -0.9565
vn 0.3804 0.2134 -0.8999
vn 0.2565 0.1390 -0.9565
vn 0.1418 0.0157 -0.9898
vn 0.1231 0.0645 -0.9903
vn -0.0100 -0.0168 -0.9998
vn 0.1450 -0.0315 -0.9889
vn 0.4031 -0.1960 -0.8939
vn 0.4400 -0.0588 -0.8961
vn 0.2692 -0.1374 -0.9532
vn 0.2216 -0.2188 -0.9503
vn 0.1051 -0.1214 -0.9870
vn 0.0712 -0.1494 -0.9862
vn 0.1328 -0.0773 -0.9881
vn 0.2939 -0.0454 -0.9548
vn 0.4306 0.0831 -0.8987
vn 0.4992 0.2829 -0.8190
vn 0.6015 0.3463 -0.7199
vn 0.4599 0.5177 -0.7215
vn 0.5627 0.1118 -0.8191
vn 0.3146 0.7308 -0.6058
vn 0.2733 0.6369 -0.7209
vn 0.0675 0.7931 -0.6053
vn 0.5313 0.5925 -0.6056
vn 0.6874 0.4034 -0.6039
vn 0.6831 0.1405 -0.7166
vn 0.5751 -0.0709 -0.8150
vn 0.6942 -0.0813 -0.7152
vn 0.7822 0.1644 -0.6009
vn 0.7623 0.4448 -0.4702
vn 0.5850 0.6595 -0.4721
vn 0.3464 0.8097 -0.4737
vn 0.0758 0.8786 -0.4716
vn 0.3698 0.8699 -0.3264
vn 0.0819 0.9420 -0.3256
vn 0.6251 0.7096 -0.3250
vn 0.8178 0.4762 -0.3230
vn 0.8646 0.1821 -0.4683
vn 0.9269 0.1952 -0.3206
vn 0.8810 -0.0966 -0.4632
vn 0.7966 -0.0900 -0.5977
vn 0.7315 -0.3357 -0.5935
vn 0.9431 -0.1012 -0.3166
vn 0.9634 0.2077 -0.1693
vn 0.9807 -0.1033 -0.1662
vn 0.8503 0.4973 -0.1724
vn 0.6507 0.7390 -0.1744
vn 0.3877 0.9050 -0.1753
vn 0.0857 0.9808 -0.1755
vn 0.3912 0.9201 -0.0176
vn 0.9777 0.2098 -0.0115
vn 0.9946 -0.1030 -0.0084
vn 0.9005 -0.4033 -0.1624
vn 0.7322 -0.6622 -0.1592
vn 0.8671 -0.3873 -0.3133
vn 0.7046 -0.6388 -0.3091
vn 0.6565 -0.6009 -0.4560
vn 0.4716 -0.8271 -0.3059
vn 0.4911 -0.8570 -0.1564
vn 0.4421 -0.7744 -0.4526
vn 0.4028 -0.7026 -0.5866
vn 0.2045 -0.9666 -0.1542
vn 0.1935 -0.9328 -0.3040
vn 0.1820 -0.8739 -0.4508
vn 0.1659 -0.7950 -0.5835
vn 0.1434 -0.6995 -0.7001
vn -0.0986 -0.9481 -0.3022
vn -0.1018 -0.9829 -0.1533
vn -0.0929 -0.8894 -0.4476
vn -0.0854 -0.8087 -0.5819
vn -0.0759 -0.7101 -0.7000
vn -0.0650 -0.5945 -0.8015
vn -0.3976 -0.9047 -0.1531
vn -0.1028 -0.9947 0.0021
vn -0.3808 -0.8739 -0.3022
vn -0.3586 -0.8186 -0.4486
vn -0.3283 -0.7448 -0.5809
vn -0.2885 -0.6559 -0.6976
vn -0.2399 -0.5469 -0.8021
vn -0.1887 -0.4259 -0.8849
vn -0.6543 -0.7403 -0.1544
vn -0.6301 -0.7151 -0.3026
vn -0.5919 -0.6698 -0.4484
vn -0.5407 -0.6077 -0.5817
vn -0.4719 -0.5377 -0.6987
vn -0.3937 -0.4522 -0.8003
vn -0.3058 -0.3522 -0.8846
vn -0.2115 -0.2469 -0.9457
vn -0.8189 -0.4865 -0.3046
vn -0.8495 -0.5039 -0.1564
vn -0.7659 -0.4591 -0.4502
vn -0.6941 -0.4218 -0.5833
vn -0.6115 -0.3687 -0.7001
vn -0.5118 -0.3092 -0.8015
vn -0.3962 -0.2426 -0.8855
vn -0.4465 -0.1138 -0.8875
vn -0.3056 -0.0819 -0.9486
vn -0.6928 -0.1663 -0.7017
vn -0.7886 -0.1873 -0.5857
vn -0.8679 -0.2018 -0.4538
vn -0.9831 0.0845 -0.1624
vn -0.9623 -0.2208 -0.1590
vn -0.9471 0.0796 -0.3109
vn -0.9276 -0.2116 -0.3079
vn -0.8871 0.0724 -0.4558
vn -0.8054 0.0632 -0.5894
vn -0.7057 0.0525 -0.7066
vn -0.5893 0.0404 -0.8069
vn -0.8767 0.3634 -0.3151
vn -0.8198 0.3394 -0.4612
vn -0.7443 0.3074 -0.5929
vn -0.6538 0.2661 -0.7084
vn -0.5432 0.2159 -0.8114
vn -0.4209 0.1637 -0.8922
vn -0.4565 0.0270 -0.8893
vn -0.2412 0.1858 -0.9525
vn -0.2883 0.1043 -0.9519
vn -0.1250 0.0881 -0.9882
vn -0.3477 0.2815 -0.8943
vn -0.4497 0.3711 -0.8124
vn -0.5367 0.4513 -0.7129
vn -0.6087 0.5225 -0.5971
vn -0.3061 0.4912 -0.8155
vn -0.2380 0.3728 -0.8968
vn -0.1649 0.2493 -0.9543
vn -0.0910 0.1161 -0.9891
vn -0.0424 0.1350 -0.9899
vn 0.0048 0.1383 -0.9904
vn -0.0759 0.2806 -0.9568
vn -0.1861 0.7757 -0.6031
vn -0.4227 0.6787 -0.6005
vn -0.1637 0.6764 -0.7182
vn -0.3676 0.5932 -0.7163
vn -0.1362 0.5558 -0.8201
vn -0.1086 0.4237 -0.8993
vn -0.2022 0.8585 -0.4714
vn -0.4619 0.7536 -0.4676
vn -0.6729 0.5760 -0.4642
vn -0.7202 0.6165 -0.3183
vn -0.4912 0.8095 -0.3215
vn -0.2135 0.9214 -0.3246
vn -0.2241 0.9589 -0.1741
vn -0.5103 0.8426 -0.1721
vn -0.7472 0.6427 -0.1693
vn -0.9091 0.3822 -0.1658
vn -0.7560 0.6545 -0.0132
vn -0.5185 0.8549 -0.0155
vn 0.0872 0.9960 -0.0178
vn -0.8598 -0.5106 -0.0015
vn -0.9755 -0.2198 -0.0042
vn -0.9962 0.0873 -0.0072
vn 0.7414 -0.6711 -0.0025
vn 0.4996 -0.8663 -0.0002
vn -0.6641 -0.7477 0.0005
vn -0.7008 0.2873 0.6529
vn -0.3123 0.0125 -0.9499
vn -0.1525 0.0438 -0.9873
vn -0.1646 -0.0018 -0.9864
vn -0.1613 -0.0490 -0.9857
vn -0.0524 -0.4624 -0.8851
vn 0.0886 -0.4533 -0.8869
vn -0.0387 -0.3188 -0.9470
vn -0.1303 -0.2943 -0.9468
vn -0.0704 -0.1591 -0.9847
vn -0.1145 -0.1315 -0.9847
vn -0.1425 -0.0976 -0.9850
vn -0.2746 -0.1707 -0.9463
vn 0.1160 -0.5825 -0.8045
vn 0.3475 -0.6196 -0.7038
vn 0.5915 -0.5496 -0.5900
vn 0.8086 -0.3657 -0.4609
vn 0.5189 -0.4804 -0.7071
vn 0.2861 -0.5201 -0.8048
vn 0.6392 -0.2960 -0.7098
vn 0.4312 -0.4019 -0.8078
vn 0.2181 -0.4038 -0.8885
vn 0.0558 -0.3124 -0.9483
vn -0.0247 -0.1713 -0.9849
vn 0.5268 -0.2473 -0.8132
vn 0.3286 -0.3134 -0.8910
vn 0.1448 -0.2817 -0.9485
vn 0.0225 -0.1681 -0.9855
vn 0.0331 0.4340 -0.9003
vn 0.1707 0.3980 -0.9014
vn 0.1112 0.2631 -0.9583
vn 0.0191 0.2874 -0.9576
vn 0.0506 0.1261 -0.9907
vn 0.0950 0.0985 -0.9906
vn 0.1931 0.2158 -0.9572
vn 0.2891 0.3239 -0.9008
vn 0.3792 0.4283 -0.8202
vn 0.2232 0.5230 -0.8226
vn 0.0576 0.6897 -0.7218
vn 0.0461 0.5698 -0.8205
vn -0.8980 0.3786 0.2244
vn -0.7566 0.2519 0.6034
vn -0.7010 0.2874 0.6527
vn -0.9539 0.2570 0.1548
vn -0.8507 -0.0481 -0.5234
vn -0.8011 -0.0388 -0.5973
vn -0.9430 -0.3310 -0.0340
vn -0.9560 -0.2913 -0.0345
vn -0.7693 0.6160 -0.1698
vn 0.1787 0.8655 0.4679
vn 0.8343 0.2430 0.4949
vn 0.0238 -0.4224 0.9061
vn 0.0799 -0.4095 0.9088
vn 0.9454 -0.1830 0.2697
vn 0.9261 -0.3741 0.0498
vn 0.9152 -0.1552 0.3719
vn 0.9994 -0.0085 -0.0330
vn 0.7804 0.2848 -0.5567
vn 0.7932 0.2182 -0.5685
vn 0.9965 0.0800 -0.0261
vn 0.9322 -0.2816 -0.2274
vn 0.9160 -0.2019 -0.3467
vn 0.9337 -0.1556 -0.3225
vn 0.9524 -0.3044 0.0174
vn 0.5483 -0.6315 0.5482
vn 0.7228 -0.4842 0.4930
vn 0.9824 -0.1002 0.1574
vn -0.2622 -0.9431 0.2044
vn 0.0319 -0.9828 0.1816
vn 0.3200 -0.9098 -0.2642
vn 0.3452 -0.9105 0.2275
vn 0.3556 -0.8980 0.2592
vn 0.2143 -0.9599 0.1809
vn 0.1033 -0.9717 0.2123
vn 0.0326 -0.9695 0.2429
vn 0.2994 -0.9504 -0.0843
vn 0.3403 -0.9398 -0.0302
vn 0.3731 -0.9277 0.0163
vn 0.9434 0.3305 0.0270
vn 0.9319 0.2894 0.2188
vn 0.0973 -0.2845 -0.9537
vn 0.2292 -0.3746 -0.8984
vn -0.0962 -0.8391 -0.5354
vt 0.326904 0.329590
vt 0.325195 0.330566
vt 0.326172 0.324219
vt 0.324707 0.324219
vt 0.322021 0.331543
vt 0.325684 0.318359
vt 0.329590 0.310547
vt 0.328613 0.317871
vt 0.321045 0.324219
vt 0.311523 0.321777
vt 0.323486 0.317383
vt 0.329102 0.307129
vt 0.332031 0.309570
vt 0.331787 0.302246
vt 0.332764 0.294434
vt 0.334473 0.294434
vt 0.333252 0.284180
vt 0.333740 0.284668
vt 0.346924 0.286133
vt 0.313965 0.313965
vt 0.326904 0.306152
vt 0.330811 0.291992
vt 0.331299 0.280762
vt 0.318115 0.292480
vt 0.316406 0.303711
vt 0.306396 0.302734
vt 0.304199 0.312988
vt 0.303223 0.319824
vt 0.302490 0.332520
vt 0.309814 0.334961
vt 0.298340 0.330078
vt 0.294922 0.319336
vt 0.294434 0.312988
vt 0.295166 0.303223
vt 0.296875 0.294434
vt 0.308594 0.293945
vt 0.299805 0.283691
vt 0.309814 0.283203
vt 0.318604 0.281738
vt 0.310303 0.279785
vt 0.319336 0.276855
vt 0.301758 0.280273
vt 0.311279 0.276367
vt 0.321289 0.273926
vt 0.331787 0.275391
vt 0.311768 0.266602
vt 0.302246 0.268555
vt 0.301270 0.264160
vt 0.301758 0.277832
vt 0.300293 0.278809
vt 0.297363 0.283203
vt 0.294678 0.292969
vt 0.333008 0.272461
vt 0.321777 0.264648
vt 0.310303 0.259277
vt 0.308594 0.256836
vt 0.298828 0.262695
vt 0.295654 0.255371
vt 0.306396 0.246094
vt 0.292969 0.250000
vt 0.319336 0.251465
vt 0.332764 0.251465
vt 0.332520 0.247559
vt 0.320312 0.254883
vt 0.333740 0.262695
vt 0.347168 0.262207
vt 0.346680 0.273926
vt 0.359863 0.272949
vt 0.371582 0.249023
vt 0.373047 0.261230
vt 0.359619 0.248535
vt 0.359863 0.261719
vt 0.347412 0.249512
vt 0.373779 0.271484
vt 0.373779 0.273438
vt 0.342773 0.246582
vt 0.351318 0.245117
vt 0.360107 0.244141
vt 0.371826 0.245117
vt 0.383301 0.248535
vt 0.350830 0.242676
vt 0.362305 0.239746
vt 0.371582 0.234863
vt 0.362549 0.228027
vt 0.368408 0.221191
vt 0.360596 0.213867
vt 0.365723 0.208984
vt 0.357910 0.207031
vt 0.358154 0.237305
vt 0.355957 0.218750
vt 0.349121 0.214355
vt 0.357178 0.228516
vt 0.350586 0.238770
vt 0.342529 0.243652
vt 0.317627 0.245117
vt 0.330811 0.245117
vt 0.334717 0.240234
vt 0.341553 0.239746
vt 0.349854 0.229004
vt 0.348877 0.218750
vt 0.314453 0.229980
vt 0.321289 0.236816
vt 0.329590 0.231934
vt 0.334229 0.229980
vt 0.339844 0.229492
vt 0.317627 0.216309
vt 0.316650 0.182617
vt 0.328613 0.190918
vt 0.317871 0.192383
vt 0.328613 0.200195
vt 0.318848 0.201172
vt 0.328857 0.209473
vt 0.330078 0.217285
vt 0.333740 0.220215
vt 0.339844 0.219727
vt 0.339600 0.215820
vt 0.338867 0.208008
vt 0.338379 0.198730
vt 0.338623 0.189941
vt 0.329346 0.180176
vt 0.339600 0.179199
vt 0.347900 0.189453
vt 0.347656 0.179199
vt 0.347412 0.166992
vt 0.340576 0.166504
vt 0.331055 0.168945
vt 0.325439 0.173340
vt 0.312012 0.182129
vt 0.321289 0.170410
vt 0.329834 0.165527
vt 0.339111 0.162109
vt 0.348633 0.162598
vt 0.354248 0.168945
vt 0.364502 0.201172
vt 0.356934 0.199219
vt 0.363525 0.191895
vt 0.355957 0.190430
vt 0.363037 0.185547
vt 0.355957 0.181152
vt 0.361084 0.173340
vt 0.357178 0.165527
vt 0.368652 0.184082
vt 0.366211 0.178223
vt 0.364258 0.169922
vt 0.368896 0.193848
vt 0.373535 0.185547
vt 0.370117 0.175781
vt 0.383789 0.237305
vt 0.375000 0.222656
vt 0.370850 0.210938
vt 0.369385 0.201172
vt 0.394775 0.239258
vt 0.387451 0.233887
vt 0.380371 0.222168
vt 0.376953 0.211914
vt 0.375244 0.202637
vt 0.374268 0.195312
vt 0.833984 0.168945
vt 0.824219 0.171387
vt 0.824219 0.167480
vt 0.834961 0.166016
vt 0.824219 0.164062
vt 0.845215 0.170898
vt 0.815430 0.172852
vt 0.816895 0.177246
vt 0.814453 0.168945
vt 0.813477 0.166016
vt 0.813477 0.185059
vt 0.810547 0.180664
vt 0.807617 0.176758
vt 0.805176 0.173340
vt 0.803223 0.170898
vt 0.814453 0.192383
vt 0.809570 0.188965
vt 0.805176 0.185547
vt 0.801270 0.183105
vt 0.798340 0.180664
vt 0.795410 0.178711
vt 0.793457 0.189453
vt 0.790527 0.188477
vt 0.797363 0.190918
vt 0.801758 0.192383
vt 0.807129 0.193848
vt 0.812500 0.195801
vt 0.806152 0.199707
vt 0.800781 0.199707
vt 0.795898 0.199707
vt 0.791992 0.199707
vt 0.788574 0.199707
vt 0.793457 0.209473
vt 0.790527 0.210449
vt 0.798340 0.218262
vt 0.797363 0.208008
vt 0.801758 0.206543
vt 0.807129 0.205078
vt 0.812500 0.203125
vt 0.812012 0.199707
vt 0.818359 0.201172
vt 0.817871 0.199707
vt 0.819336 0.203125
vt 0.814453 0.206543
vt 0.809570 0.209961
vt 0.805176 0.213379
vt 0.801270 0.215820
vt 0.824219 0.199707
vt 0.820312 0.204590
vt 0.816895 0.209473
vt 0.813477 0.213867
vt 0.810547 0.218262
vt 0.818359 0.216797
vt 0.816895 0.221680
vt 0.820312 0.210938
vt 0.822266 0.205566
vt 0.824219 0.205566
vt 0.826172 0.205566
vt 0.824219 0.211914
vt 0.824219 0.217285
vt 0.843262 0.213379
vt 0.841309 0.205078
vt 0.846191 0.206543
vt 0.838867 0.209961
vt 0.837891 0.218262
vt 0.834961 0.213867
vt 0.831543 0.221680
vt 0.829590 0.216797
vt 0.824219 0.222656
vt 0.807617 0.222168
vt 0.815430 0.226074
vt 0.824219 0.227539
vt 0.833008 0.226074
vt 0.840820 0.222168
vt 0.824219 0.231445
vt 0.833984 0.229980
vt 0.814453 0.229980
vt 0.805176 0.225586
vt 0.795410 0.220215
vt 0.803223 0.228027
vt 0.813477 0.232910
vt 0.824219 0.234863
vt 0.834961 0.232910
vt 0.843262 0.225586
vt 0.788086 0.210938
vt 0.793457 0.221680
vt 0.801758 0.229980
vt 0.812500 0.235352
vt 0.824219 0.237305
vt 0.835938 0.235352
vt 0.845215 0.228027
vt 0.846191 0.229980
vt 0.836426 0.236816
vt 0.824219 0.238770
vt 0.812012 0.236816
vt 0.801270 0.231445
vt 0.792480 0.222656
vt 0.786621 0.211426
vt 0.847168 0.231445
vt 0.836426 0.237305
vt 0.824219 0.239258
vt 0.812012 0.237305
vt 0.800781 0.231445
vt 0.791992 0.222656
vt 0.786621 0.211914
vt 0.784668 0.199707
vt 0.785156 0.199707
vt 0.786621 0.187012
vt 0.786621 0.187500
vt 0.791992 0.176270
vt 0.792480 0.176270
vt 0.800781 0.167480
vt 0.801270 0.167480
vt 0.812012 0.161621
vt 0.786621 0.199707
vt 0.788086 0.187988
vt 0.793457 0.177246
vt 0.801758 0.168945
vt 0.812012 0.162109
vt 0.812500 0.163574
vt 0.853027 0.178711
vt 0.854980 0.177246
vt 0.860352 0.187988
vt 0.846191 0.168945
vt 0.835938 0.163574
vt 0.824219 0.161621
vt 0.824219 0.160156
vt 0.836426 0.162109
vt 0.847168 0.167480
vt 0.855957 0.176270
vt 0.861328 0.187500
vt 0.824219 0.159668
vt 0.836426 0.161621
vt 0.847656 0.167480
vt 0.856445 0.176270
vt 0.861816 0.187012
vt 0.863770 0.199707
vt 0.863281 0.199707
vt 0.861816 0.211914
vt 0.861328 0.211426
vt 0.856445 0.222656
vt 0.855957 0.222656
vt 0.847656 0.231445
vt 0.861816 0.199707
vt 0.860352 0.210938
vt 0.854980 0.221680
vt 0.853027 0.220215
vt 0.857910 0.210449
vt 0.859375 0.199707
vt 0.857910 0.188477
vt 0.850098 0.218262
vt 0.854980 0.209473
vt 0.856445 0.199707
vt 0.854980 0.189453
vt 0.850098 0.180664
vt 0.852051 0.199707
vt 0.851074 0.190918
vt 0.846191 0.192383
vt 0.851074 0.208008
vt 0.846680 0.215820
vt 0.847656 0.199707
vt 0.841309 0.193848
vt 0.838867 0.188965
vt 0.833984 0.192383
vt 0.831543 0.189453
vt 0.827637 0.194336
vt 0.829102 0.195801
vt 0.835938 0.195801
vt 0.842285 0.199707
vt 0.826172 0.193359
vt 0.830078 0.197754
vt 0.836426 0.199707
vt 0.835938 0.203125
vt 0.830566 0.199707
vt 0.830078 0.201172
vt 0.829102 0.203125
vt 0.833984 0.206543
vt 0.831543 0.209473
vt 0.827637 0.204590
vt 0.828125 0.210938
vt 0.820312 0.187988
vt 0.820312 0.194336
vt 0.816895 0.189453
vt 0.819336 0.195801
vt 0.818359 0.197754
vt 0.818359 0.182129
vt 0.824219 0.176270
vt 0.833008 0.172852
vt 0.843262 0.173340
vt 0.840820 0.176758
vt 0.831543 0.177246
vt 0.824219 0.181641
vt 0.846680 0.183105
vt 0.837891 0.180664
vt 0.829590 0.182129
vt 0.824219 0.187012
vt 0.822266 0.193359
vt 0.824219 0.193359
vt 0.828125 0.187988
vt 0.834961 0.185059
vt 0.843262 0.185547
vt 0.577148 0.175781
vt 0.581055 0.175293
vt 0.577637 0.178223
vt 0.581543 0.177246
vt 0.585449 0.174805
vt 0.595703 0.171387
vt 0.600098 0.173828
vt 0.594238 0.174316
vt 0.589844 0.172852
vt 0.589355 0.175293
vt 0.585449 0.177246
vt 0.583984 0.201660
vt 0.574219 0.179199
vt 0.562012 0.211426
vt 0.563965 0.214844
vt 0.560547 0.208008
vt 0.560059 0.204102
vt 0.560059 0.200195
vt 0.560547 0.196777
vt 0.561523 0.192871
vt 0.562988 0.189453
vt 0.565430 0.186523
vt 0.567871 0.183594
vt 0.570801 0.181152
vt 0.573242 0.177246
vt 0.569824 0.179199
vt 0.566406 0.182129
vt 0.563477 0.185059
vt 0.561035 0.188477
vt 0.561523 0.183594
vt 0.564453 0.180176
vt 0.568359 0.177246
vt 0.572266 0.174805
vt 0.576660 0.173340
vt 0.581055 0.172852
vt 0.566406 0.174805
vt 0.570801 0.172363
vt 0.575684 0.170410
vt 0.580566 0.169922
vt 0.585449 0.169434
vt 0.585449 0.172363
vt 0.590820 0.170410
vt 0.591797 0.164062
vt 0.585938 0.163086
vt 0.580078 0.163574
vt 0.574219 0.164551
vt 0.568359 0.166504
vt 0.597656 0.165527
vt 0.603027 0.168457
vt 0.607910 0.171387
vt 0.604004 0.176270
vt 0.602051 0.185059
vt 0.599121 0.182617
vt 0.604004 0.183594
vt 0.600586 0.180664
vt 0.605469 0.182129
vt 0.602539 0.178711
vt 0.607910 0.180176
vt 0.598633 0.176270
vt 0.596191 0.180664
vt 0.597168 0.178223
vt 0.593750 0.176758
vt 0.588867 0.177734
vt 0.592773 0.178711
vt 0.574707 0.226562
vt 0.571289 0.224609
vt 0.575684 0.224121
vt 0.579102 0.225098
vt 0.578613 0.227539
vt 0.583008 0.225586
vt 0.572266 0.222656
vt 0.568848 0.220703
vt 0.566406 0.217773
vt 0.560059 0.212402
vt 0.558594 0.208496
vt 0.562012 0.216309
vt 0.564453 0.219238
vt 0.567383 0.222168
vt 0.565918 0.224121
vt 0.562500 0.221191
vt 0.560059 0.217285
vt 0.557617 0.213379
vt 0.556152 0.208984
vt 0.557617 0.204590
vt 0.555176 0.204590
vt 0.557617 0.219238
vt 0.555176 0.214844
vt 0.553223 0.209961
vt 0.552246 0.205078
vt 0.552246 0.200195
vt 0.555176 0.200195
vt 0.552734 0.194824
vt 0.555664 0.195801
vt 0.554199 0.190430
vt 0.548340 0.187988
vt 0.546875 0.193848
vt 0.545898 0.199707
vt 0.546387 0.205566
vt 0.547363 0.211426
vt 0.549316 0.217285
vt 0.557129 0.191406
vt 0.556152 0.185547
vt 0.559082 0.187012
vt 0.559082 0.181641
vt 0.562500 0.177734
vt 0.562988 0.169434
vt 0.558594 0.173340
vt 0.554199 0.177734
vt 0.550781 0.182617
vt 0.610840 0.184082
vt 0.608398 0.185547
vt 0.613281 0.188477
vt 0.610840 0.189453
vt 0.606445 0.187012
vt 0.608398 0.190430
vt 0.604492 0.187988
vt 0.616211 0.203125
vt 0.615723 0.208008
vt 0.613281 0.202637
vt 0.616211 0.197754
vt 0.613281 0.198242
vt 0.612305 0.193848
vt 0.609863 0.194336
vt 0.606445 0.191406
vt 0.615234 0.192871
vt 0.612305 0.175781
vt 0.616211 0.180664
vt 0.619141 0.185547
vt 0.621094 0.191406
vt 0.622070 0.197266
vt 0.622559 0.203125
vt 0.621582 0.208984
vt 0.620117 0.214844
vt 0.614258 0.212891
vt 0.617676 0.220215
vt 0.611816 0.217285
vt 0.614258 0.225586
vt 0.609375 0.221680
vt 0.611328 0.211914
vt 0.609375 0.215820
vt 0.606934 0.219727
vt 0.605957 0.225098
vt 0.607422 0.214844
vt 0.608887 0.210938
vt 0.606934 0.209961
vt 0.607910 0.206543
vt 0.610352 0.207031
vt 0.612793 0.207520
vt 0.604980 0.218262
vt 0.605469 0.213379
vt 0.608398 0.202637
vt 0.610840 0.202637
vt 0.608398 0.198730
vt 0.610352 0.198730
vt 0.607422 0.195312
vt 0.587891 0.233398
vt 0.588379 0.239746
vt 0.582520 0.233398
vt 0.587402 0.230469
vt 0.583008 0.230469
vt 0.586914 0.228027
vt 0.583008 0.228027
vt 0.586914 0.225586
vt 0.590820 0.225098
vt 0.594238 0.223633
vt 0.597656 0.221680
vt 0.578125 0.229980
vt 0.577637 0.232910
vt 0.572754 0.231445
vt 0.570801 0.237305
vt 0.576660 0.238770
vt 0.582520 0.239746
vt 0.573730 0.228516
vt 0.568359 0.229492
vt 0.569824 0.226562
vt 0.563965 0.226562
vt 0.560547 0.223145
vt 0.552246 0.222656
vt 0.555664 0.227051
vt 0.560059 0.231445
vt 0.565430 0.234863
vt 0.152100 0.250000
vt 0.144531 0.248047
vt 0.148682 0.228027
vt 0.155396 0.256836
vt 0.149536 0.258789
vt 0.150879 0.265625
vt 0.135132 0.260254
vt 0.143433 0.250000
vt 0.156616 0.265137
vt 0.134644 0.247559
vt 0.134888 0.251465
vt 0.126221 0.250488
vt 0.121155 0.260254
vt 0.125122 0.249512
vt 0.116333 0.260254
vt 0.117676 0.252441
vt 0.116577 0.230957
vt 0.114624 0.251465
vt 0.132812 0.229492
vt 0.116028 0.224121
vt 0.108337 0.214844
vt 0.132324 0.222168
vt 0.147705 0.221191
vt 0.131592 0.216309
vt 0.111694 0.208984
vt 0.104248 0.209961
vt 0.113037 0.230957
vt 0.105042 0.215820
vt 0.102539 0.211426
vt 0.102478 0.199219
vt 0.109924 0.206055
vt 0.119934 0.208984
vt 0.130737 0.212402
vt 0.128540 0.174316
vt 0.120544 0.183105
vt 0.105286 0.177246
vt 0.109253 0.183594
vt 0.109192 0.188965
vt 0.102112 0.188477
vt 0.109924 0.198242
vt 0.120361 0.200684
vt 0.129761 0.201172
vt 0.153931 0.210938
vt 0.148926 0.206055
vt 0.158447 0.204102
vt 0.151123 0.202148
vt 0.140381 0.207031
vt 0.138794 0.198730
vt 0.128784 0.191406
vt 0.120667 0.191406
vt 0.148804 0.196289
vt 0.155273 0.194336
vt 0.136963 0.189453
vt 0.128052 0.182617
vt 0.135132 0.180664
vt 0.147583 0.187988
vt 0.146362 0.180176
vt 0.156494 0.187988
vt 0.150757 0.175293
vt 0.107605 0.141113
vt 0.127808 0.147461
vt 0.107117 0.162598
vt 0.128174 0.166992
vt 0.149536 0.165039
vt 0.156128 0.175293
vt 0.172485 0.168457
vt 0.148438 0.158203
vt 0.169922 0.159668
vt 0.165894 0.139160
vt 0.146851 0.140137
vt 0.127319 0.128418
vt 0.108826 0.125000
vt 0.098450 0.125977
vt 0.096985 0.142090
vt 0.163330 0.123535
vt 0.145630 0.125000
vt 0.126953 0.112793
vt 0.108582 0.109375
vt 0.099243 0.103516
vt 0.144775 0.113770
vt 0.161377 0.110352
vt 0.144287 0.109863
vt 0.126709 0.104492
vt 0.106506 0.094727
vt 0.099915 0.086914
vt 0.089050 0.100586
vt 0.089844 0.080566
vt 0.094910 0.074707
vt 0.080627 0.072754
vt 0.109314 0.083008
vt 0.123718 0.096191
vt 0.142090 0.095215
vt 0.160156 0.102051
vt 0.160767 0.095215
vt 0.124451 0.032715
vt 0.112488 0.032715
vt 0.158203 0.032227
vt 0.174438 0.081543
vt 0.177490 0.092285
vt 0.178711 0.106445
vt 0.182251 0.018555
vt 0.169800 0.019531
vt 0.181396 0.002930
vt 0.183838 0.032227
vt 0.170410 0.032715
vt 0.189331 0.072754
vt 0.186157 0.083008
vt 0.189087 0.100586
vt 0.192017 0.116211
vt 0.195557 0.132812
vt 0.207275 0.129883
vt 0.204590 0.113770
vt 0.215698 0.125488
vt 0.210327 0.142090
vt 0.200317 0.149414
vt 0.180542 0.118652
vt 0.183228 0.131836
vt 0.186646 0.147461
vt 0.189697 0.155273
vt 0.204468 0.159668
vt 0.194702 0.166504
vt 0.184814 0.171875
vt 0.193726 0.167969
vt 0.196045 0.175293
vt 0.200073 0.171875
vt 0.205078 0.179199
vt 0.198242 0.182129
vt 0.201782 0.188477
vt 0.206543 0.189941
vt 0.204956 0.197266
vt 0.211182 0.193359
vt 0.205688 0.178223
vt 0.203613 0.170410
vt 0.199463 0.193848
vt 0.211304 0.178223
vt 0.206543 0.170898
vt 0.215576 0.168945
vt 0.206665 0.177734
vt 0.201050 0.165039
vt 0.203369 0.166016
vt 0.211670 0.162598
vt 0.219727 0.159668
vt 0.223755 0.166016
vt 0.230347 0.160645
vt 0.234741 0.168457
vt 0.217163 0.154297
vt 0.226440 0.154297
vt 0.235718 0.153809
vt 0.240723 0.161621
vt 0.239868 0.150879
vt 0.245605 0.158203
vt 0.228271 0.173828
vt 0.239380 0.174805
vt 0.233276 0.182617
vt 0.245361 0.166992
vt 0.243408 0.173828
vt 0.234985 0.185547
vt 0.223267 0.183105
vt 0.220093 0.176270
vt 0.251953 0.166504
vt 0.249390 0.175781
vt 0.248291 0.186523
vt 0.238403 0.191406
vt 0.229126 0.197754
vt 0.254395 0.188965
vt 0.251465 0.190918
vt 0.265381 0.204590
vt 0.241333 0.196777
vt 0.249878 0.212402
vt 0.255859 0.208496
vt 0.253174 0.219238
vt 0.243530 0.214844
vt 0.248901 0.209961
vt 0.242310 0.213379
vt 0.255371 0.206543
vt 0.264404 0.208496
vt 0.271240 0.212891
vt 0.262695 0.213379
vt 0.266357 0.217773
vt 0.256836 0.225586
vt 0.270020 0.223145
vt 0.262207 0.235352
vt 0.271729 0.225586
vt 0.263184 0.236816
vt 0.274170 0.234375
vt 0.264648 0.238770
vt 0.276123 0.220703
vt 0.277100 0.224609
vt 0.281006 0.237793
vt 0.247559 0.235352
vt 0.249756 0.238281
vt 0.255859 0.244629
vt 0.267334 0.243164
vt 0.276611 0.238770
vt 0.286377 0.249023
vt 0.268555 0.266113
vt 0.267334 0.262695
vt 0.278076 0.263184
vt 0.265381 0.262207
vt 0.274170 0.255859
vt 0.258545 0.249023
vt 0.257812 0.251465
vt 0.248413 0.243164
vt 0.245728 0.238770
vt 0.284180 0.252930
vt 0.283447 0.254395
vt 0.285645 0.257324
vt 0.288574 0.262207
vt 0.282715 0.272461
vt 0.288330 0.255859
vt 0.290527 0.256348
vt 0.291504 0.261719
vt 0.283691 0.273926
vt 0.270264 0.270996
vt 0.292725 0.258789
vt 0.268311 0.273438
vt 0.263672 0.270020
vt 0.260742 0.261719
vt 0.592773 0.232422
vt 0.591797 0.229492
vt 0.597168 0.230469
vt 0.591309 0.227051
vt 0.595215 0.225586
vt 0.596191 0.228027
vt 0.601562 0.228027
vt 0.598633 0.223633
vt 0.600098 0.225586
vt 0.604004 0.223145
vt 0.602051 0.221191
vt 0.600586 0.219238
vt 0.603027 0.216797
vt 0.609863 0.229980
vt 0.605469 0.233398
vt 0.600098 0.236328
vt 0.594238 0.238281
vt 0.461670 0.084473
vt 0.462402 0.084473
vt 0.463379 0.092773
vt 0.469971 0.106934
vt 0.460938 0.108398
vt 0.465576 0.096191
vt 0.458008 0.100098
vt 0.455078 0.092773
vt 0.453369 0.085938
vt 0.464355 0.128906
vt 0.470947 0.091797
vt 0.478516 0.095703
vt 0.478027 0.090820
vt 0.471436 0.096191
vt 0.469482 0.083496
vt 0.459717 0.072266
vt 0.452637 0.050293
vt 0.454590 0.034668
vt 0.461670 0.054199
vt 0.456055 0.069824
vt 0.460205 0.068848
vt 0.467529 0.071289
vt 0.475098 0.069824
vt 0.477051 0.082520
vt 0.474121 0.065430
vt 0.467041 0.066895
vt 0.482666 0.068359
vt 0.484375 0.081055
vt 0.485107 0.089844
vt 0.485107 0.095215
vt 0.479492 0.104492
vt 0.489990 0.066895
vt 0.488525 0.063477
vt 0.491699 0.080078
vt 0.491699 0.089355
vt 0.490967 0.094727
vt 0.485840 0.103027
vt 0.485596 0.119141
vt 0.478760 0.122070
vt 0.480469 0.126465
vt 0.474365 0.129395
vt 0.477051 0.140137
vt 0.473877 0.125000
vt 0.498047 0.094238
vt 0.492188 0.101562
vt 0.491943 0.117188
vt 0.486328 0.123535
vt 0.482910 0.136230
vt 0.480957 0.140625
vt 0.492432 0.121582
vt 0.488770 0.133789
vt 0.489746 0.137695
vt 0.500000 0.142578
vt 0.481201 0.143066
vt 0.500488 0.144043
vt 0.492920 0.165527
vt 0.503418 0.160156
vt 0.503906 0.166016
vt 0.496582 0.170410
vt 0.472900 0.150391
vt 0.484131 0.172852
vt 0.489258 0.174805
vt 0.498047 0.173828
vt 0.512207 0.176758
vt 0.501953 0.183594
vt 0.489502 0.186523
vt 0.480225 0.184570
vt 0.462158 0.173340
vt 0.470215 0.158203
vt 0.463379 0.163086
vt 0.464600 0.134766
vt 0.469727 0.147949
vt 0.204834 0.214844
vt 0.215820 0.231934
vt 0.214478 0.237305
vt 0.222290 0.242676
vt 0.193359 0.195312
vt 0.186646 0.205566
vt 0.185669 0.201660
vt 0.201904 0.208984
vt 0.210327 0.215332
vt 0.216919 0.229980
vt 0.175537 0.199707
vt 0.167969 0.204590
vt 0.165527 0.199707
vt 0.175903 0.217773
vt 0.189087 0.212891
vt 0.191406 0.219238
vt 0.204590 0.232422
vt 0.211060 0.240234
vt 0.203979 0.233398
vt 0.196289 0.234375
vt 0.188477 0.237305
vt 0.177734 0.224121
vt 0.196777 0.236816
vt 0.199219 0.244629
vt 0.189209 0.238281
vt 0.182495 0.245117
vt 0.178711 0.242676
vt 0.173828 0.225586
vt 0.164673 0.211426
vt 0.187012 0.248047
vt 0.183228 0.256348
vt 0.187866 0.254883
vt 0.201904 0.252930
vt 0.189575 0.261719
vt 0.206299 0.264648
vt 0.192993 0.265625
vt 0.207153 0.266602
vt 0.197632 0.272949
vt 0.186157 0.264648
vt 0.191406 0.268555
vt 0.199829 0.277832
vt 0.209839 0.273926
vt 0.208130 0.268555
vt 0.220337 0.269531
vt 0.218140 0.264648
vt 0.216431 0.256348
vt 0.217041 0.251953
vt 0.214111 0.245605
vt 0.220215 0.257324
vt 0.220703 0.250977
vt 0.218140 0.244141
vt 0.224365 0.251953
vt 0.224487 0.256348
vt 0.225464 0.268555
vt 0.229736 0.283203
vt 0.227173 0.288086
vt 0.215698 0.291016
vt 0.226562 0.291016
vt 0.216553 0.293457
vt 0.219727 0.300781
vt 0.207764 0.298340
vt 0.208252 0.303223
vt 0.204224 0.297852
vt 0.204590 0.304199
vt 0.210205 0.309082
vt 0.207520 0.311523
vt 0.229126 0.294434
vt 0.232300 0.299805
vt 0.224243 0.311523
vt 0.214111 0.313477
vt 0.225220 0.313965
vt 0.232056 0.307129
vt 0.235718 0.299805
vt 0.232422 0.292480
vt 0.304199 0.132324
vt 0.312500 0.133789
vt 0.312744 0.136719
vt 0.304688 0.131348
vt 0.294678 0.131348
vt 0.284668 0.129395
vt 0.294922 0.129883
vt 0.304199 0.122559
vt 0.314209 0.124512
vt 0.319336 0.136719
vt 0.319092 0.143555
vt 0.325928 0.140625
vt 0.328613 0.145508
vt 0.338623 0.124023
vt 0.324951 0.125488
vt 0.335205 0.145020
vt 0.333740 0.151367
vt 0.321533 0.113281
vt 0.333496 0.117676
vt 0.339111 0.114258
vt 0.344238 0.123047
vt 0.345215 0.128418
vt 0.337158 0.146973
vt 0.339355 0.153320
vt 0.351807 0.124512
vt 0.350098 0.131348
vt 0.358643 0.126953
vt 0.341797 0.147461
vt 0.351807 0.151367
vt 0.355713 0.133301
vt 0.360596 0.134277
vt 0.364990 0.129883
vt 0.361084 0.157715
vt 0.368652 0.134766
vt 0.365967 0.153809
vt 0.367676 0.160645
vt 0.371826 0.127441
vt 0.351318 0.157715
vt 0.355225 0.153320
vt 0.357910 0.152832
vt 0.355713 0.158691
vt 0.381836 0.131836
vt 0.395020 0.154785
vt 0.388184 0.152344
vt 0.384033 0.125977
vt 0.377197 0.126465
vt 0.377930 0.133301
vt 0.373047 0.134277
vt 0.368164 0.153809
vt 0.372314 0.153320
vt 0.382812 0.152832
vt 0.386230 0.153320
vt 0.372803 0.159180
vt 0.383545 0.158691
vt 0.389160 0.158691
vt 0.396484 0.121094
vt 0.418701 0.137695
vt 0.413818 0.139160
vt 0.393311 0.124512
vt 0.403320 0.145996
vt 0.400146 0.150391
vt 0.406982 0.152344
vt 0.400635 0.156738
vt 0.398682 0.150879
vt 0.390381 0.127441
vt 0.418213 0.145020
vt 0.423584 0.140625
vt 0.421387 0.135254
vt 0.428223 0.134277
vt 0.405518 0.101074
vt 0.420166 0.097168
vt 0.426514 0.101562
vt 0.404541 0.105469
vt 0.432373 0.119629
vt 0.427490 0.127930
vt 0.397705 0.110840
vt 0.398926 0.117676
vt 0.403809 0.109863
vt 0.397705 0.104004
vt 0.399902 0.096680
vt 0.388184 0.120605
vt 0.391846 0.116211
vt 0.397217 0.071777
vt 0.391113 0.065918
vt 0.405518 0.061035
vt 0.408936 0.072754
vt 0.401611 0.078613
vt 0.411621 0.083496
vt 0.404297 0.086426
vt 0.405762 0.093262
vt 0.398438 0.088867
vt 0.417236 0.066406
vt 0.417480 0.058594
vt 0.420166 0.078613
vt 0.418945 0.092773
vt 0.424316 0.089355
vt 0.429932 0.091309
vt 0.426025 0.078613
vt 0.424561 0.066406
vt 0.424072 0.058594
vt 0.424561 0.047852
vt 0.447998 0.081055
vt 0.444092 0.067871
vt 0.438965 0.060547
vt 0.431641 0.051758
vt 0.432373 0.038086
vt 0.426758 0.036133
vt 0.434814 0.030273
vt 0.427734 0.022949
vt 0.422363 0.036133
vt 0.419189 0.048340
vt 0.407715 0.049316
vt 0.395996 0.052734
vt 0.383789 0.062012
vt 0.380859 0.067871
vt 0.373535 0.065430
vt 0.367432 0.038574
vt 0.367676 0.048828
vt 0.363037 0.038086
vt 0.380615 0.037598
vt 0.380615 0.050293
vt 0.375732 0.059570
vt 0.394775 0.036621
vt 0.410156 0.034180
vt 0.422852 0.025879
vt 0.392090 0.023438
vt 0.404541 0.021973
vt 0.416260 0.019043
vt 0.420898 0.015625
vt 0.412354 0.011719
vt 0.409424 0.015137
vt 0.401855 0.008789
vt 0.400146 0.013672
vt 0.388916 0.007812
vt 0.388672 0.002930
vt 0.401611 0.002930
vt 0.414062 0.002930
vt 0.423340 0.014160
vt 0.362793 0.025391
vt 0.362549 0.010254
vt 0.360596 0.011230
vt 0.358643 0.026367
vt 0.351318 0.010254
vt 0.352051 0.002930
vt 0.363770 0.002930
vt 0.377441 0.007812
vt 0.376953 0.002930
vt 0.388428 0.011230
vt 0.377930 0.010742
vt 0.379395 0.024902
vt 0.366211 0.011719
vt 0.366943 0.025391
vt 0.368164 0.057617
vt 0.363525 0.049316
vt 0.358398 0.038574
vt 0.348633 0.025391
vt 0.340088 0.010254
vt 0.363281 0.062500
vt 0.311523 0.042969
vt 0.315430 0.028320
vt 0.323486 0.041992
vt 0.326660 0.026855
vt 0.320801 0.012695
vt 0.330811 0.010742
vt 0.337646 0.025879
vt 0.347412 0.039551
vt 0.359131 0.050293
vt 0.349854 0.062012
vt 0.334473 0.059570
vt 0.347656 0.052734
vt 0.359131 0.058105
vt 0.335693 0.041992
vt 0.321045 0.057617
vt 0.308350 0.057617
vt 0.353271 0.067383
vt 0.340576 0.067871
vt 0.326904 0.073730
vt 0.317139 0.071777
vt 0.325439 0.100098
vt 0.319336 0.103027
vt 0.319580 0.100098
vt 0.319580 0.097656
vt 0.326416 0.096680
vt 0.322266 0.085938
vt 0.328125 0.086914
vt 0.333008 0.076660
vt 0.344971 0.072754
vt 0.311523 0.100098
vt 0.312012 0.097656
vt 0.313721 0.084961
vt 0.304199 0.084473
vt 0.302246 0.097168
vt 0.293457 0.083984
vt 0.292725 0.097168
vt 0.283203 0.096680
vt 0.292480 0.100586
vt 0.302002 0.100586
vt 0.279297 0.091797
vt 0.280518 0.083008
vt 0.277588 0.092285
vt 0.282227 0.100098
vt 0.283447 0.104004
vt 0.293213 0.104492
vt 0.302246 0.104004
vt 0.311523 0.103027
vt 0.312500 0.113281
vt 0.284180 0.113770
vt 0.294434 0.113281
vt 0.303223 0.113281
vt 0.294678 0.122070
vt 0.284912 0.123047
vt 0.275879 0.114746
vt 0.276855 0.109375
vt 0.272461 0.115723
vt 0.272461 0.107910
vt 0.276123 0.124023
vt 0.258057 0.099609
vt 0.259766 0.109375
vt 0.260742 0.115234
vt 0.262939 0.122559
vt 0.273193 0.124512
vt 0.277344 0.129883
vt 0.283936 0.131348
vt 0.274170 0.131348
vt 0.266846 0.131348
vt 0.623047 0.010254
vt 0.630859 0.012207
vt 0.622559 0.023926
vt 0.653320 0.037598
vt 0.644043 0.052734
vt 0.645508 0.038086
vt 0.647461 0.023438
vt 0.638672 0.024414
vt 0.638672 0.011230
vt 0.630859 0.024414
vt 0.622070 0.038574
vt 0.614258 0.035645
vt 0.613770 0.046387
vt 0.648926 0.009277
vt 0.656738 0.012695
vt 0.655762 0.022461
vt 0.656250 0.004395
vt 0.619629 0.046875
vt 0.618652 0.049805
vt 0.612305 0.049316
vt 0.611816 0.056152
vt 0.606445 0.056152
vt 0.606445 0.068848
vt 0.625000 0.050781
vt 0.617188 0.061035
vt 0.611816 0.068848
vt 0.606934 0.073730
vt 0.612793 0.073730
vt 0.607422 0.081543
vt 0.612793 0.081055
vt 0.607422 0.101074
vt 0.623047 0.062012
vt 0.617188 0.069336
vt 0.619629 0.073730
vt 0.623047 0.069824
vt 0.627441 0.073730
vt 0.629395 0.070801
vt 0.629395 0.062988
vt 0.631348 0.051758
vt 0.625977 0.047852
vt 0.631836 0.049316
vt 0.630371 0.037598
vt 0.638184 0.053223
vt 0.638672 0.050781
vt 0.638184 0.037598
vt 0.634277 0.073730
vt 0.641113 0.073242
vt 0.638672 0.083984
vt 0.635742 0.071289
vt 0.641113 0.070801
vt 0.636230 0.063965
vt 0.643066 0.063965
vt 0.645020 0.054688
vt 0.650879 0.055176
vt 0.650879 0.056641
vt 0.648926 0.063965
vt 0.646484 0.070312
vt 0.646484 0.072754
vt 0.644531 0.084473
vt 0.643066 0.101562
vt 0.636719 0.101074
vt 0.638672 0.103516
vt 0.632324 0.103027
vt 0.632324 0.111816
vt 0.625977 0.111328
vt 0.626953 0.114746
vt 0.632812 0.115723
vt 0.615234 0.120117
vt 0.633301 0.119141
vt 0.615234 0.123047
vt 0.621094 0.114258
vt 0.638672 0.112793
vt 0.613770 0.113770
vt 0.620117 0.111328
vt 0.625977 0.102539
vt 0.631348 0.100098
vt 0.632324 0.083008
vt 0.625488 0.099121
vt 0.619629 0.102051
vt 0.619629 0.099121
vt 0.619629 0.081543
vt 0.626465 0.082031
vt 0.607910 0.111328
vt 0.607422 0.113770
vt 0.613770 0.111328
vt 0.613770 0.104004
vt 0.613770 0.101562
vt 0.607910 0.104492
vt 0.602051 0.111328
vt 0.601562 0.104492
vt 0.601562 0.074219
vt 0.601562 0.082031
vt 0.601562 0.101074
vt 0.595703 0.102539
vt 0.596191 0.111816
vt 0.601074 0.114258
vt 0.595703 0.074219
vt 0.595703 0.069824
vt 0.601074 0.069336
vt 0.589844 0.070312
vt 0.588867 0.074219
vt 0.595703 0.082520
vt 0.595703 0.098633
vt 0.583496 0.071289
vt 0.573730 0.073730
vt 0.569336 0.073242
vt 0.573242 0.072266
vt 0.577637 0.072266
vt 0.578613 0.074219
vt 0.584473 0.074707
vt 0.588867 0.082520
vt 0.589355 0.099121
vt 0.582031 0.083008
vt 0.575684 0.083496
vt 0.568848 0.074219
vt 0.578125 0.101562
vt 0.583496 0.100586
vt 0.583496 0.104004
vt 0.601562 0.120117
vt 0.595215 0.114746
vt 0.583496 0.116699
vt 0.589844 0.115723
vt 0.589844 0.112305
vt 0.583984 0.112793
vt 0.589844 0.103027
vt 0.568848 0.084473
vt 0.571777 0.103027
vt 0.577637 0.104492
vt 0.577637 0.113770
vt 0.573242 0.119141
vt 0.583008 0.119141
vt 0.571289 0.104980
vt 0.571777 0.115234
vt 0.578125 0.139648
vt 0.566895 0.124023
vt 0.577148 0.154785
vt 0.591797 0.146484
vt 0.589844 0.157715
vt 0.582031 0.143066
vt 0.569824 0.150879
vt 0.554199 0.136230
vt 0.557129 0.125977
vt 0.589355 0.137695
vt 0.591309 0.142578
vt 0.601074 0.144531
vt 0.600098 0.158691
vt 0.627441 0.138184
vt 0.614746 0.138184
vt 0.616211 0.143555
vt 0.602539 0.138184
vt 0.601562 0.123535
vt 0.020737 0.180664
vt 0.008972 0.181152
vt 0.011063 0.175781
vt 0.019684 0.148438
vt 0.029846 0.155762
vt 0.017456 0.152344
vt 0.021454 0.160645
vt 0.011673 0.155273
vt 0.012817 0.163086
vt 0.003069 0.153320
vt 0.001632 0.164062
vt 0.018082 0.171875
vt 0.025253 0.168945
vt 0.043549 0.123535
vt 0.040588 0.132812
vt 0.027527 0.130371
vt 0.030838 0.145020
vt 0.045959 0.147949
vt 0.043457 0.157227
vt 0.033203 0.166504
vt 0.045044 0.132324
vt 0.049164 0.125000
vt 0.053833 0.125000
vt 0.053864 0.133789
vt 0.048645 0.144531
vt 0.053009 0.144531
vt 0.058228 0.134277
vt 0.058746 0.124512
vt 0.060059 0.112305
vt 0.069519 0.117676
vt 0.069275 0.095703
vt 0.080078 0.098633
vt 0.077026 0.139648
vt 0.062012 0.150391
vt 0.067444 0.134277
vt 0.078918 0.122070
vt 0.055206 0.147949
vt 0.053864 0.157227
vt 0.034729 0.177246
vt 0.042847 0.177246
vt 0.043274 0.166016
vt 0.049133 0.176758
vt 0.052887 0.167969
vt 0.067383 0.167480
vt 0.071838 0.160156
vt 0.088745 0.122070
vt 0.086670 0.141602
vt 0.083496 0.158691
vt 0.081970 0.164551
vt 0.076172 0.172363
vt 0.094666 0.165527
vt 0.105652 0.172363
vt 0.091370 0.174316
vt 0.098633 0.177246
vt 0.067261 0.211426
vt 0.078064 0.203125
vt 0.085693 0.208496
vt 0.088562 0.201660
vt 0.092407 0.205566
vt 0.095947 0.196289
vt 0.100403 0.209961
vt 0.101318 0.194336
vt 0.097534 0.187500
vt 0.092834 0.180664
vt 0.088867 0.195312
vt 0.091125 0.187012
vt 0.081299 0.180176
vt 0.080505 0.187500
vt 0.079224 0.195801
vt 0.073608 0.179199
vt 0.072510 0.187012
vt 0.070557 0.195801
vt 0.068176 0.205566
vt 0.066711 0.177246
vt 0.064880 0.184570
vt 0.062500 0.192871
vt 0.060455 0.199707
vt 0.050537 0.201172
vt 0.052246 0.194824
vt 0.054108 0.187988
vt 0.055573 0.179688
vt 0.056091 0.174805
vt 0.046936 0.197754
vt 0.048248 0.187012
vt 0.050629 0.177246
vt 0.045288 0.187012
vt 0.045807 0.199707
vt 0.051483 0.211426
vt 0.050201 0.218262
vt 0.061493 0.237793
vt 0.053894 0.235840
vt 0.061859 0.232910
vt 0.052704 0.231934
vt 0.043762 0.238770
vt 0.045563 0.236328
vt 0.064636 0.220703
vt 0.066162 0.214844
vt 0.093567 0.213379
vt 0.082153 0.215820
vt 0.081238 0.222656
vt 0.072266 0.234863
vt 0.070007 0.237305
vt 0.085449 0.229004
vt 0.080505 0.243164
vt 0.073914 0.246582
vt 0.060455 0.246094
vt 0.074951 0.253418
vt 0.059448 0.255371
vt 0.075073 0.260254
vt 0.083984 0.253906
vt 0.082825 0.265137
vt 0.082458 0.242188
vt 0.086182 0.241211
vt 0.045776 0.250488
vt 0.047852 0.243652
vt 0.039490 0.249512
vt 0.044647 0.258301
vt 0.058624 0.268555
vt 0.058655 0.271484
vt 0.045471 0.276367
vt 0.045746 0.270508
vt 0.058746 0.270020
vt 0.070923 0.272949
vt 0.073730 0.264648
vt 0.044800 0.261719
vt 0.038818 0.258789
vt 0.039459 0.263184
vt 0.041138 0.276855
vt 0.080811 0.268066
vt 0.075195 0.278809
vt 0.070312 0.278809
vt 0.068970 0.296387
vt 0.056580 0.292480
vt 0.066833 0.297852
vt 0.058075 0.277344
vt 0.045441 0.296387
vt 0.056488 0.293945
vt 0.043579 0.294922
vt 0.055939 0.303711
vt 0.044586 0.300781
vt 0.039612 0.296875
vt 0.037415 0.294922
vt 0.067200 0.302246
vt 0.066895 0.309082
vt 0.055328 0.314941
vt 0.043762 0.307129
vt 0.039551 0.307617
vt 0.045105 0.311523
vt 0.055023 0.317871
vt 0.065430 0.313965
vt 0.072266 0.310059
vt 0.074280 0.299805
vt 0.075195 0.297852
vt 0.072449 0.313965
vt 0.579102 0.050293
vt 0.585938 0.048828
vt 0.581055 0.052734
vt 0.587891 0.051270
vt 0.592285 0.047363
vt 0.574707 0.054199
vt 0.576660 0.064941
vt 0.583496 0.063477
vt 0.589844 0.062500
vt 0.595703 0.061523
vt 0.594238 0.050293
vt 0.599609 0.046387
vt 0.567871 0.055664
vt 0.569336 0.064941
vt 0.601074 0.056641
vt 0.600586 0.049316
vt 0.606445 0.048828
vt 0.606934 0.045898
vt 0.606934 0.034668
vt 0.614258 0.021484
vt 0.599121 0.035156
vt 0.592285 0.037109
vt 0.584961 0.038086
vt 0.577148 0.040039
vt 0.569824 0.040527
vt 0.574219 0.051758
vt 0.575195 0.023438
vt 0.583496 0.026367
vt 0.592285 0.026367
vt 0.598145 0.021973
vt 0.606934 0.021484
vt 0.614258 0.009277
vt 0.606445 0.009766
vt 0.597656 0.012695
vt 0.589844 0.019531
vt 0.594727 0.013672
vt 0.596680 0.008301
vt 0.608398 0.002441
vt 0.614258 0.002930
vt 0.567871 0.053223
vt 0.565430 0.041992
vt 0.561523 0.024414
vt 0.566406 0.022461
vt 0.573242 0.015625
vt 0.582031 0.019531
vt 0.563965 0.009277
vt 0.674805 0.234863
vt 0.669434 0.234863
vt 0.674805 0.227539
vt 0.680176 0.235352
vt 0.679199 0.225098
vt 0.680664 0.227539
vt 0.685547 0.234863
vt 0.685059 0.241699
vt 0.680176 0.242676
vt 0.674805 0.242676
vt 0.669922 0.242676
vt 0.664062 0.240723
vt 0.664062 0.233887
vt 0.658203 0.241699
vt 0.658203 0.233887
vt 0.663574 0.242676
vt 0.658203 0.243164
vt 0.668945 0.245117
vt 0.674316 0.245117
vt 0.679199 0.245605
vt 0.684570 0.244629
vt 0.683594 0.252441
vt 0.685059 0.256348
vt 0.678223 0.254883
vt 0.679199 0.258301
vt 0.678711 0.251465
vt 0.673828 0.250977
vt 0.668457 0.250977
vt 0.663574 0.250977
vt 0.669922 0.259766
vt 0.657227 0.254395
vt 0.669922 0.258301
vt 0.666016 0.254395
vt 0.673340 0.254395
vt 0.679199 0.260254
vt 0.658203 0.251465
vt 0.652832 0.252441
vt 0.652344 0.244141
vt 0.647461 0.253418
vt 0.646484 0.245605
vt 0.639648 0.247070
vt 0.646973 0.244629
vt 0.639160 0.234375
vt 0.645996 0.234375
vt 0.652344 0.255371
vt 0.643555 0.258789
vt 0.640137 0.262207
vt 0.640137 0.256348
vt 0.659668 0.217285
vt 0.663086 0.224609
vt 0.657227 0.224121
vt 0.657715 0.226074
vt 0.651367 0.225586
vt 0.652832 0.234375
vt 0.653320 0.242676
vt 0.663574 0.226562
vt 0.668457 0.224609
vt 0.665039 0.217285
vt 0.670410 0.213867
vt 0.675781 0.213867
vt 0.673828 0.225098
vt 0.668945 0.227051
vt 0.675781 0.207520
vt 0.681641 0.207520
vt 0.681152 0.213867
vt 0.687500 0.208008
vt 0.682617 0.203125
vt 0.676270 0.203125
vt 0.670410 0.207520
vt 0.665039 0.207031
vt 0.651367 0.223633
vt 0.653809 0.216797
vt 0.659668 0.207031
vt 0.665039 0.203125
vt 0.669922 0.202637
vt 0.644531 0.224609
vt 0.645020 0.223145
vt 0.645996 0.216309
vt 0.653809 0.207031
vt 0.655273 0.203125
vt 0.662598 0.187988
vt 0.653809 0.187500
vt 0.646484 0.204102
vt 0.646484 0.206543
vt 0.644043 0.185547
vt 0.669922 0.188477
vt 0.676758 0.189453
vt 0.684570 0.190430
vt 0.688965 0.203125
vt 0.693359 0.208008
vt 0.693848 0.203125
vt 0.690918 0.190430
vt 0.698242 0.190918
vt 0.705078 0.204102
vt 0.706543 0.189453
vt 0.712402 0.205566
vt 0.698242 0.175293
vt 0.691406 0.175781
vt 0.683105 0.176758
vt 0.675781 0.175293
vt 0.691895 0.171875
vt 0.685059 0.169434
vt 0.692383 0.169434
vt 0.687012 0.162598
vt 0.699707 0.172852
vt 0.710938 0.174805
vt 0.714355 0.189453
vt 0.718262 0.205566
vt 0.711426 0.208496
vt 0.717285 0.177734
vt 0.699707 0.169922
vt 0.708984 0.169434
vt 0.721191 0.169922
vt 0.721680 0.179688
vt 0.719727 0.190430
vt 0.709473 0.165527
vt 0.718262 0.160645
vt 0.716797 0.154297
vt 0.720703 0.209473
vt 0.717285 0.218750
vt 0.711426 0.218262
vt 0.713867 0.225098
vt 0.708984 0.225098
vt 0.712891 0.228516
vt 0.707520 0.228027
vt 0.709961 0.239258
vt 0.701172 0.237305
vt 0.706055 0.249023
vt 0.700684 0.247070
vt 0.702637 0.228027
vt 0.698730 0.228027
vt 0.703125 0.225098
vt 0.705566 0.217773
vt 0.705566 0.208496
vt 0.698242 0.225098
vt 0.699219 0.218262
vt 0.692871 0.218262
vt 0.699707 0.208008
vt 0.699707 0.203613
vt 0.687012 0.217773
vt 0.692383 0.225586
vt 0.692383 0.228027
vt 0.696777 0.236328
vt 0.695801 0.245117
vt 0.700684 0.248535
vt 0.693848 0.255371
vt 0.699219 0.256348
vt 0.695312 0.247070
vt 0.690918 0.243164
vt 0.691406 0.235840
vt 0.686523 0.227539
vt 0.685059 0.225098
vt 0.689941 0.245605
vt 0.688965 0.253418
vt 0.693848 0.257324
vt 0.693848 0.259277
vt 0.687500 0.276367
vt 0.678223 0.271973
vt 0.684082 0.280273
vt 0.678223 0.276367
vt 0.708008 0.261719
vt 0.709473 0.274902
vt 0.707031 0.267578
vt 0.704590 0.258789
vt 0.697266 0.279785
vt 0.690918 0.283203
vt 0.679688 0.283203
vt 0.665527 0.282227
vt 0.669434 0.275391
vt 0.663086 0.277832
vt 0.655762 0.279785
vt 0.661133 0.273926
vt 0.651367 0.276855
vt 0.655273 0.256836
vt 0.660645 0.290527
vt 0.651367 0.287598
vt 0.645020 0.284668
vt 0.633301 0.274902
vt 0.629395 0.267578
vt 0.639160 0.259766
vt 0.669922 0.271484
vt 0.705566 0.127441
vt 0.694824 0.141113
vt 0.689453 0.119141
vt 0.705566 0.124512
vt 0.689453 0.116211
vt 0.676270 0.123047
vt 0.673340 0.128418
vt 0.682129 0.142578
vt 0.687012 0.146484
vt 0.695312 0.145996
vt 0.662109 0.139160
vt 0.666016 0.130371
vt 0.674805 0.151367
vt 0.681641 0.155762
vt 0.693848 0.158203
vt 0.694824 0.149902
vt 0.704590 0.146484
vt 0.705078 0.158691
vt 0.706055 0.139648
vt 0.718262 0.128418
vt 0.718262 0.125000
vt 0.712402 0.116211
vt 0.718262 0.116211
vt 0.718262 0.112305
vt 0.712402 0.111816
vt 0.712402 0.104980
vt 0.700195 0.101562
vt 0.706055 0.102051
vt 0.700195 0.103516
vt 0.706055 0.104492
vt 0.712402 0.102539
vt 0.718262 0.104980
vt 0.723633 0.112793
vt 0.726562 0.116211
vt 0.729004 0.113770
vt 0.718262 0.102539
vt 0.706055 0.089844
vt 0.711914 0.089844
vt 0.717773 0.090332
vt 0.723633 0.101562
vt 0.724121 0.103516
vt 0.729980 0.104980
vt 0.723633 0.090820
vt 0.711914 0.082520
vt 0.706055 0.082520
vt 0.717773 0.082520
vt 0.724121 0.082520
vt 0.729004 0.090820
vt 0.729492 0.102539
vt 0.734863 0.104004
vt 0.735840 0.091797
vt 0.729492 0.083008
vt 0.724121 0.078613
vt 0.718262 0.078125
vt 0.724121 0.069824
vt 0.718262 0.064941
vt 0.734375 0.115234
vt 0.735840 0.106445
vt 0.740723 0.105957
vt 0.741699 0.092773
vt 0.736816 0.082520
vt 0.730469 0.079102
vt 0.733887 0.117676
vt 0.740723 0.116699
vt 0.741699 0.107910
vt 0.749512 0.108398
vt 0.749512 0.093262
vt 0.743652 0.082031
vt 0.747559 0.123047
vt 0.733398 0.119629
vt 0.750000 0.128418
vt 0.748047 0.122070
vt 0.749512 0.116211
vt 0.749023 0.109375
vt 0.742676 0.143555
vt 0.750488 0.111328
vt 0.751465 0.111328
vt 0.753906 0.093750
vt 0.751465 0.082031
vt 0.749512 0.080078
vt 0.742676 0.080078
vt 0.749512 0.072754
vt 0.743164 0.072266
vt 0.744629 0.061523
vt 0.756836 0.083008
vt 0.754395 0.079102
vt 0.757324 0.072754
vt 0.750977 0.062500
vt 0.747070 0.058105
vt 0.756348 0.060059
vt 0.749512 0.042969
vt 0.758301 0.063965
vt 0.734375 0.022949
vt 0.733887 0.030762
vt 0.726074 0.026367
vt 0.742188 0.025391
vt 0.743164 0.016113
vt 0.751953 0.024902
vt 0.740723 0.041992
vt 0.739746 0.057129
vt 0.753906 0.010254
vt 0.738281 0.060547
vt 0.732422 0.056152
vt 0.732910 0.042480
vt 0.725586 0.031738
vt 0.717773 0.029785
vt 0.718750 0.022949
vt 0.736816 0.079590
vt 0.736816 0.071777
vt 0.731934 0.059570
vt 0.725098 0.058594
vt 0.725586 0.055176
vt 0.730469 0.070801
vt 0.718750 0.057617
vt 0.711914 0.064941
vt 0.711914 0.057129
vt 0.706055 0.064453
vt 0.718750 0.054688
vt 0.711914 0.054688
vt 0.705566 0.057129
vt 0.704590 0.054688
vt 0.699219 0.057617
vt 0.697754 0.055176
vt 0.693359 0.059082
vt 0.694824 0.069824
vt 0.725098 0.042969
vt 0.717773 0.041016
vt 0.710938 0.040527
vt 0.703613 0.040527
vt 0.696777 0.041016
vt 0.703125 0.028809
vt 0.710449 0.029297
vt 0.694336 0.027832
vt 0.716309 0.021973
vt 0.704590 0.020996
vt 0.700684 0.021484
vt 0.693359 0.021484
vt 0.686035 0.027344
vt 0.686035 0.020996
vt 0.676758 0.028320
vt 0.675293 0.016113
vt 0.666992 0.029785
vt 0.663086 0.010254
vt 0.689453 0.042480
vt 0.680664 0.045898
vt 0.690918 0.055664
vt 0.687012 0.060059
vt 0.683105 0.058105
vt 0.680664 0.061035
vt 0.671875 0.046875
vt 0.666016 0.047363
vt 0.659180 0.030273
vt 0.674316 0.061035
vt 0.674316 0.062500
vt 0.667969 0.062500
vt 0.667969 0.064453
vt 0.672852 0.082520
vt 0.681641 0.082520
vt 0.674805 0.093262
vt 0.677734 0.080078
vt 0.672363 0.081055
vt 0.676270 0.072754
vt 0.669434 0.074707
vt 0.683105 0.071777
vt 0.684082 0.079590
vt 0.688965 0.070801
vt 0.689453 0.078613
vt 0.689453 0.082520
vt 0.695312 0.078125
vt 0.697754 0.082520
vt 0.690430 0.090820
vt 0.699219 0.089844
vt 0.692383 0.103027
vt 0.685059 0.104980
vt 0.682617 0.091309
vt 0.676270 0.106934
vt 0.685059 0.106445
vt 0.692871 0.104980
vt 0.707031 0.112305
vt 0.701660 0.112305
vt 0.694336 0.114258
vt 0.686523 0.115723
vt 0.674805 0.115723
vt 0.673828 0.111328
vt 0.676270 0.121582
vt 0.694824 0.116211
vt 0.704102 0.115723
vt 0.729492 0.141602
vt 0.737793 0.148438
vt 0.728027 0.146973
vt 0.727539 0.152344
vt 0.718750 0.145508
vt 0.717773 0.139160
vt 0.274658 0.256836
vt 0.212036 0.189453
vt 0.214233 0.184570
vt 0.220337 0.188477
vt 0.220215 0.196777
vt 0.231689 0.202637
vt 0.228149 0.205078
vt 0.234741 0.219727
vt 0.239380 0.219238
vt 0.243164 0.223633
vt 0.245239 0.229004
vt 0.239258 0.231934
vt 0.155884 0.293945
vt 0.157471 0.313477
vt 0.149902 0.292969
vt 0.151245 0.314941
vt 0.156006 0.317383
vt 0.139404 0.314453
vt 0.137573 0.293945
vt 0.149414 0.286621
vt 0.157593 0.283691
vt 0.150635 0.278320
vt 0.137329 0.288086
vt 0.125000 0.294922
vt 0.126587 0.316895
vt 0.128418 0.317871
vt 0.127930 0.323242
vt 0.127563 0.330078
vt 0.123657 0.331055
vt 0.130737 0.335449
vt 0.140381 0.324707
vt 0.140991 0.337891
vt 0.141235 0.340820
vt 0.149780 0.335449
vt 0.153442 0.329102
vt 0.156860 0.330566
vt 0.152466 0.321777
vt 0.151611 0.316895
vt 0.139771 0.315430
vt 0.494385 0.131348
vt 0.499023 0.122559
vt 0.500000 0.129883
vt 0.504883 0.121582
vt 0.505371 0.128906
vt 0.506836 0.133789
vt 0.500000 0.134766
vt 0.513672 0.141113
vt 0.514160 0.143066
vt 0.494385 0.135742
vt 0.498779 0.118164
vt 0.504883 0.117188
vt 0.511230 0.121582
vt 0.517578 0.119141
vt 0.517578 0.115723
vt 0.523926 0.120605
vt 0.511719 0.116699
vt 0.526855 0.101562
vt 0.517090 0.100586
vt 0.517090 0.093262
vt 0.511230 0.099609
vt 0.504395 0.099609
vt 0.498535 0.100586
vt 0.504395 0.093750
vt 0.498047 0.088379
vt 0.497803 0.074219
vt 0.503906 0.088379
vt 0.504395 0.074219
vt 0.510254 0.088379
vt 0.511230 0.093750
vt 0.516602 0.088379
vt 0.523438 0.088379
vt 0.517090 0.079102
vt 0.510742 0.074219
vt 0.510742 0.065918
vt 0.503906 0.065430
vt 0.503906 0.062012
vt 0.497070 0.065918
vt 0.511230 0.049316
vt 0.512207 0.062012
vt 0.518066 0.066406
vt 0.523926 0.079590
vt 0.518555 0.048828
vt 0.520508 0.062500
vt 0.525391 0.066895
vt 0.526855 0.048828
vt 0.526367 0.062988
vt 0.534180 0.048828
vt 0.535156 0.064453
vt 0.532715 0.067871
vt 0.531250 0.080078
vt 0.530762 0.088867
vt 0.526855 0.092285
vt 0.526855 0.118652
vt 0.538086 0.089355
vt 0.537598 0.091309
vt 0.539062 0.101562
vt 0.537109 0.121094
vt 0.530762 0.122070
vt 0.537598 0.123535
vt 0.529785 0.131836
vt 0.547363 0.123047
vt 0.548340 0.102539
vt 0.550293 0.093750
vt 0.545410 0.089844
vt 0.539062 0.081055
vt 0.540527 0.068848
vt 0.541016 0.065430
vt 0.548340 0.066895
vt 0.548340 0.069824
vt 0.546875 0.081543
vt 0.550781 0.089355
vt 0.553711 0.082031
vt 0.555664 0.076660
vt 0.554688 0.070312
vt 0.553711 0.067871
vt 0.555664 0.047852
vt 0.547363 0.047363
vt 0.518066 0.035645
vt 0.527344 0.035645
vt 0.538574 0.028320
vt 0.548828 0.032227
vt 0.557617 0.031738
vt 0.555176 0.029297
vt 0.551270 0.018066
vt 0.538574 0.021973
vt 0.547363 0.014648
vt 0.528320 0.027344
vt 0.519043 0.027832
vt 0.509277 0.035645
vt 0.503418 0.049316
vt 0.527344 0.023438
vt 0.534668 0.019531
vt 0.520020 0.022949
vt 0.512207 0.020020
vt 0.510742 0.023438
vt 0.508301 0.026855
vt 0.505371 0.026367
vt 0.502441 0.037109
vt 0.495361 0.036621
vt 0.495850 0.049316
vt 0.496338 0.062500
vt 0.488037 0.049805
vt 0.486816 0.037109
vt 0.485840 0.030762
vt 0.475830 0.024902
vt 0.467285 0.018066
vt 0.477295 0.022461
vt 0.485352 0.027832
vt 0.475586 0.028320
vt 0.477051 0.036133
vt 0.479248 0.050293
vt 0.465820 0.020020
vt 0.464111 0.023926
vt 0.466553 0.036133
vt 0.470703 0.051270
vt 0.480957 0.063965
vt 0.452637 0.018066
vt 0.453369 0.011719
vt 0.446533 0.031250
vt 0.445312 0.036621
vt 0.446777 0.017090
vt 0.444580 0.005859
vt 0.445557 0.003418
vt 0.451660 0.002930
vt 0.458984 0.009277
vt 0.451660 0.079590
vt 0.450928 0.073242
vt 0.446289 0.051758
vt 0.497559 0.027832
vt 0.495850 0.028809
vt 0.494629 0.023926
vt 0.492676 0.020020
vt 0.485352 0.024902
vt 0.206177 0.295410
vt 0.329102 0.110840
vt 0.326172 0.103516
vt 0.338623 0.080078
vt 0.334229 0.088867
vt 0.331299 0.100586
vt 0.334961 0.107910
vt 0.791992 0.297363
vt 0.785645 0.305664
vt 0.748047 0.281738
vt 0.776367 0.314453
vt 0.768555 0.320801
vt 0.758789 0.325684
vt 0.748535 0.330566
vt 0.736328 0.250000
vt 0.747559 0.247070
vt 0.758789 0.246582
vt 0.770996 0.249512
vt 0.777832 0.251465
vt 0.785645 0.256348
vt 0.791016 0.261719
vt 0.796387 0.268066
vt 0.799805 0.273926
vt 0.797852 0.286621
vt 0.735840 0.334473
vt 0.729980 0.328613
vt 0.721680 0.320312
vt 0.716309 0.311523
vt 0.712891 0.301758
vt 0.711914 0.290039
vt 0.713379 0.279297
vt 0.717773 0.269043
vt 0.725586 0.257324
vt 0.430176 0.097656
vt 0.449463 0.090820
vt 0.449219 0.105957
vt 0.437012 0.119629
vt 0.447754 0.117676
vt 0.387207 0.071289
vt 0.392334 0.075684
vt 0.395996 0.082031
vt 0.348633 0.104980
vt 0.348145 0.097168
vt 0.361084 0.102539
vt 0.350342 0.106445
vt 0.353760 0.116211
vt 0.363281 0.113770
vt 0.357422 0.120117
vt 0.362061 0.112305
vt 0.351807 0.114258
vt 0.362061 0.104492
vt 0.371338 0.102051
vt 0.361328 0.094727
vt 0.360596 0.092773
vt 0.349121 0.095703
vt 0.347168 0.089355
vt 0.360840 0.083984
vt 0.348145 0.088379
vt 0.361328 0.085938
vt 0.371338 0.092285
vt 0.371338 0.094727
vt 0.384521 0.096191
vt 0.384033 0.104004
vt 0.383057 0.105957
vt 0.383057 0.094727
vt 0.385498 0.088379
vt 0.371094 0.085449
vt 0.371094 0.083496
vt 0.360107 0.075195
vt 0.347168 0.079590
vt 0.384277 0.086914
vt 0.385254 0.078125
vt 0.371582 0.074707
vt 0.644531 0.104004
vt 0.643555 0.112793
vt 0.647461 0.118652
vt 0.640137 0.138672
vt 0.635254 0.143555
vt 0.625488 0.143555
vt 0.625000 0.147949
vt 0.375732 0.305176
vt 0.373047 0.308105
vt 0.373047 0.299805
vt 0.375488 0.308594
vt 0.379883 0.316895
vt 0.376709 0.316406
vt 0.382568 0.322754
vt 0.387939 0.329102
vt 0.384766 0.329102
vt 0.380615 0.322754
vt 0.382324 0.314941
vt 0.378174 0.304199
vt 0.372070 0.292480
vt 0.370361 0.292480
vt 0.382812 0.329590
vt 0.385742 0.338379
vt 0.389160 0.339355
vt 0.384033 0.337891
vt 0.407715 0.291016
vt 0.409180 0.298828
vt 0.398193 0.298828
vt 0.396240 0.290527
vt 0.388184 0.300781
vt 0.386475 0.290039
vt 0.374023 0.289551
vt 0.371826 0.281738
vt 0.371582 0.282227
vt 0.359619 0.274902
vt 0.373535 0.278320
vt 0.358398 0.280273
vt 0.346436 0.275879
vt 0.347412 0.281250
vt 0.357666 0.283691
vt 0.347656 0.284180
vt 0.358398 0.285156
vt 0.053375 0.085449
vt 0.057587 0.092285
vt 0.053223 0.099609
vt 0.048645 0.098145
vt 0.047089 0.109375
vt 0.035706 0.104980
vt 0.029251 0.115723
vt 0.040588 0.095215
vt 0.048096 0.084473
vt 0.052185 0.074707
vt 0.060303 0.074707
vt 0.060822 0.095215
vt 0.055939 0.111328
vt 0.052734 0.110840
vt 0.056000 0.062988
vt 0.067749 0.067383
vt 0.021667 0.105469
vt 0.025818 0.099609
vt 0.018021 0.113281
vt 0.016556 0.123535
vt 0.017212 0.136230
vt 0.019272 0.144043
vt 0.046448 0.058105
vt 0.057648 0.057129
vt 0.047821 0.065918
vt 0.045441 0.075195
vt 0.037018 0.085449
vt 0.032349 0.093750
vt 0.037140 0.078125
vt 0.036469 0.071289
vt 0.042450 0.067383
vt 0.037689 0.054199
vt 0.048889 0.053711
vt 0.039124 0.049316
vt 0.058990 0.025391
vt 0.052094 0.022949
vt 0.045532 0.020996
vt 0.032654 0.044922
vt 0.060516 0.012695
vt 0.051117 0.010742
vt 0.043091 0.010254
vt 0.031433 0.018066
vt 0.025345 0.038086
vt 0.026077 0.048828
vt 0.028198 0.060547
vt 0.033508 0.064941
vt 0.021286 0.057617
vt 0.052795 0.002930
vt 0.045929 0.002930
vt 0.062317 0.002930
vt 0.068970 0.015137
vt 0.067139 0.027832
vt 0.070923 0.002930
vt 0.079834 0.002930
vt 0.078369 0.017090
vt 0.076782 0.030273
vt 0.068420 0.062988
vt 0.099426 0.032715
vt 0.079407 0.067871
vt 0.086060 0.031738
vt 0.086853 0.018066
vt 0.100281 0.019531
vt 0.112427 0.020508
vt 0.087891 0.002930
vt 0.101013 0.002930
vt 0.113281 0.002930
vt 0.126465 0.020508
vt 0.141235 0.032227
vt 0.126221 0.002930
vt 0.140869 0.002930
vt 0.141113 0.020020
vt 0.156982 0.019043
vt 0.169312 0.002930
vt 0.156738 0.002930
vt 0.235718 0.002930
vt 0.239868 0.007812
vt 0.227417 0.002930
vt 0.229492 0.009277
vt 0.214844 0.002930
vt 0.216919 0.012695
vt 0.204346 0.002930
vt 0.206177 0.015625
vt 0.193726 0.002930
vt 0.195068 0.017578
vt 0.209595 0.028320
vt 0.197632 0.030762
vt 0.218628 0.058594
vt 0.205322 0.065430
vt 0.218262 0.066895
vt 0.206299 0.070312
vt 0.220581 0.088379
vt 0.209961 0.090820
vt 0.223267 0.106445
vt 0.212891 0.110352
vt 0.200928 0.076660
vt 0.202148 0.095703
vt 0.225586 0.121582
vt 0.226685 0.105957
vt 0.229370 0.120605
vt 0.227539 0.134277
vt 0.219727 0.141113
vt 0.212891 0.148438
vt 0.231934 0.136230
vt 0.224854 0.148926
vt 0.233032 0.149414
vt 0.234009 0.146484
vt 0.523438 0.130371
vt 0.517090 0.129395
vt 0.518555 0.133789
vt 0.512695 0.133789
vt 0.511230 0.128906
vt 0.523438 0.134277
vt 0.549316 0.126953
vt 0.536621 0.133789
vt 0.531738 0.135742
vt 0.532227 0.138672
vt 0.527344 0.164062
vt 0.514648 0.159668
vt 0.544922 0.139160
vt 0.549805 0.146973
vt 0.540527 0.166504
vt 0.534668 0.171875
vt 0.515625 0.166016
vt 0.525391 0.169434
vt 0.523438 0.174316
vt 0.120361 0.275879
vt 0.137085 0.283203
vt 0.121765 0.279297
vt 0.137085 0.286133
vt 0.124451 0.289062
vt 0.152466 0.272949
vt 0.135742 0.269531
vt 0.120544 0.267578
vt 0.115845 0.267578
vt 0.157715 0.273438
vt 0.115234 0.276855
vt 0.115662 0.283691
vt 0.120483 0.293945
vt 0.122192 0.315430
vt 0.425781 0.242676
vt 0.427246 0.249023
vt 0.416260 0.243164
vt 0.392334 0.244141
vt 0.400879 0.242188
vt 0.399658 0.247559
vt 0.407959 0.243164
vt 0.407715 0.249023
vt 0.416504 0.249512
vt 0.415039 0.256348
vt 0.383057 0.252441
vt 0.384521 0.261719
vt 0.391113 0.251953
vt 0.398926 0.253906
vt 0.406738 0.255859
vt 0.390869 0.254883
vt 0.398438 0.257324
vt 0.406250 0.259277
vt 0.413818 0.259766
vt 0.412354 0.263672
vt 0.404541 0.263672
vt 0.395752 0.262207
vt 0.386475 0.272461
vt 0.386719 0.274414
vt 0.396240 0.275391
vt 0.396484 0.273438
vt 0.404053 0.274414
vt 0.402832 0.277344
vt 0.396484 0.279297
vt 0.386230 0.278809
vt 0.412842 0.274414
vt 0.422607 0.274414
vt 0.422119 0.264160
vt 0.413818 0.274902
vt 0.404541 0.275879
vt 0.406006 0.280762
vt 0.404297 0.280762
vt 0.423096 0.274902
vt 0.425293 0.278809
vt 0.408936 0.290039
vt 0.426514 0.288574
vt 0.429443 0.291016
vt 0.428711 0.299805
vt 0.427002 0.310547
vt 0.409912 0.307617
vt 0.386230 0.321777
vt 0.391357 0.310547
vt 0.400146 0.308105
vt 0.401855 0.313965
vt 0.394775 0.317383
vt 0.405273 0.325684
vt 0.399658 0.328613
vt 0.409668 0.312988
vt 0.408203 0.322754
vt 0.411621 0.333984
vt 0.403076 0.338379
vt 0.416748 0.328613
vt 0.425049 0.318848
vt 0.288086 0.032715
vt 0.281006 0.044922
vt 0.281006 0.029785
vt 0.276123 0.050293
vt 0.268311 0.029297
vt 0.264648 0.050293
vt 0.264160 0.030762
vt 0.257812 0.049805
vt 0.262207 0.068359
vt 0.254150 0.068848
vt 0.273193 0.069336
vt 0.277100 0.060547
vt 0.283936 0.044922
vt 0.290527 0.034668
vt 0.303467 0.031250
vt 0.299072 0.044434
vt 0.295166 0.059082
vt 0.279541 0.061523
vt 0.278320 0.070312
vt 0.272705 0.082520
vt 0.261719 0.083008
vt 0.305908 0.071289
vt 0.294189 0.071777
vt 0.281982 0.071777
vt 0.277832 0.082520
vt 0.273193 0.096191
vt 0.273193 0.100098
vt 0.262695 0.096191
vt 0.254150 0.083984
vt 0.371094 0.104492
vt 0.370605 0.111816
vt 0.370361 0.113770
vt 0.381104 0.113770
vt 0.379395 0.116211
vt 0.376465 0.120117
vt 0.370605 0.123047
vt 0.362549 0.122559
vt 0.242310 0.047852
vt 0.245483 0.056152
vt 0.236694 0.056641
vt 0.257812 0.044922
vt 0.249390 0.042480
vt 0.250732 0.016602
vt 0.237549 0.019043
vt 0.230713 0.021484
vt 0.220459 0.025391
vt 0.231323 0.053711
vt 0.224731 0.062012
vt 0.221558 0.066406
vt 0.223877 0.087402
vt 0.190430 0.187988
vt 0.182739 0.191895
vt 0.179932 0.183105
vt 0.173950 0.192383
vt 0.171021 0.183594
vt 0.163940 0.192383
vt 0.161377 0.183594
vt 0.158447 0.193848
vt 0.156494 0.183105
vt 0.187256 0.179688
vt 0.177612 0.175293
vt 0.168579 0.176270
vt 0.159546 0.178223
vt 0.030167 0.694824
vt 0.042877 0.687744
vt 0.044525 0.696777
vt 0.040833 0.705078
vt 0.033020 0.709229
vt 0.024002 0.708008
vt 0.017426 0.701904
vt 0.015381 0.693115
vt 0.019485 0.685059
vt 0.024414 0.714844
vt 0.030563 0.715820
vt 0.037140 0.714600
vt 0.042877 0.711182
vt 0.047424 0.706787
vt 0.050293 0.700928
vt 0.051117 0.694336
vt 0.022354 0.721924
vt 0.014145 0.718262
vt 0.030991 0.723145
vt 0.039612 0.721191
vt 0.046997 0.717041
vt 0.053162 0.710938
vt 0.056854 0.703125
vt 0.058075 0.694092
vt 0.049866 0.687744
vt 0.056458 0.685791
vt 0.046600 0.682129
vt 0.052338 0.677979
vt 0.042084 0.677490
vt 0.045776 0.671875
vt 0.035919 0.675049
vt 0.036316 0.681641
vt 0.027283 0.680420
vt 0.029343 0.674316
vt 0.023178 0.675049
vt 0.037964 0.668213
vt 0.029343 0.666748
vt 0.020721 0.668457
vt 0.017426 0.678467
vt 0.012909 0.672607
vt 0.012909 0.683350
vt 0.007160 0.679199
vt 0.010033 0.688965
vt 0.009621 0.695557
vt 0.010445 0.701904
vt 0.013733 0.707520
vt 0.018250 0.712158
vt 0.003471 0.687012
vt 0.002232 0.695557
vt 0.003876 0.704346
vt 0.007988 0.712158
vt 0.032806 0.440430
vt 0.040527 0.437012
vt 0.036285 0.446289
vt 0.042053 0.443359
vt 0.046692 0.438965
vt 0.044373 0.429688
vt 0.049377 0.433594
vt 0.050537 0.427734
vt 0.043213 0.420898
vt 0.049774 0.421387
vt 0.047058 0.416016
vt 0.037415 0.415039
vt 0.030106 0.453125
vt 0.038208 0.451660
vt 0.045532 0.448242
vt 0.051300 0.442871
vt 0.055145 0.435547
vt 0.056702 0.427734
vt 0.055542 0.419922
vt 0.052063 0.412598
vt 0.042816 0.411621
vt 0.046692 0.406250
vt 0.037415 0.408203
vt 0.039368 0.402832
vt 0.031647 0.407227
vt 0.031647 0.401367
vt 0.025101 0.407715
vt 0.028961 0.413086
vt 0.021637 0.416992
vt 0.019714 0.410645
vt 0.015083 0.415039
vt 0.023560 0.402344
vt 0.016235 0.405762
vt 0.010460 0.411621
vt 0.030884 0.427246
vt 0.017395 0.424316
vt 0.012001 0.420410
vt 0.006603 0.418457
vt 0.010841 0.426270
vt 0.005066 0.426270
vt 0.012001 0.432617
vt 0.024338 0.438965
vt 0.018555 0.433105
vt 0.014313 0.438477
vt 0.018555 0.442383
vt 0.023941 0.445801
vt 0.030487 0.446777
vt 0.006226 0.434570
vt 0.009689 0.441406
vt 0.015083 0.447754
vt 0.022018 0.451660
vt 0.511719 0.935242
vt 0.507324 0.995022
vt 0.507324 0.935242
vt 0.511719 0.995018
vt 0.515625 0.935242
vt 0.515625 0.995022
vt 0.520020 0.935242
vt 0.520020 0.995022
vt 0.524414 0.935242
vt 0.524414 0.995026
vt 0.528809 0.935242
vt 0.528320 0.995026
vt 0.490234 0.935242
vt 0.486084 0.995037
vt 0.486084 0.935242
vt 0.490234 0.995033
vt 0.494629 0.935242
vt 0.494629 0.995029
vt 0.498779 0.935242
vt 0.498779 0.995026
vt 0.502930 0.935242
vt 0.502930 0.995022
vt 0.468994 0.935242
vt 0.464600 0.995060
vt 0.464844 0.935242
vt 0.468994 0.995056
vt 0.473145 0.935242
vt 0.473145 0.995052
vt 0.477539 0.935242
vt 0.477539 0.995049
vt 0.481689 0.935242
vt 0.481689 0.995045
vt 0.447754 0.935242
vt 0.443359 0.995060
vt 0.443359 0.935242
vt 0.447510 0.995064
vt 0.451904 0.935242
vt 0.451904 0.995064
vt 0.456299 0.935242
vt 0.456055 0.995064
vt 0.460449 0.935242
vt 0.460449 0.995064
vt 0.813965 0.206543
vt 0.824219 0.199219
vt 0.817871 0.199219
vt 0.806152 0.199219
vt 0.812500 0.195312
vt 0.813965 0.191895
vt 0.818359 0.197266
vt 0.812012 0.199219
vt 0.805176 0.212891
vt 0.813965 0.229980
vt 0.797852 0.218262
vt 0.800781 0.199219
vt 0.795898 0.199219
vt 0.812988 0.232910
vt 0.788574 0.199219
vt 0.791992 0.199219
vt 0.786133 0.199219
vt 0.784668 0.199219
vt 0.786133 0.211914
vt 0.784180 0.199219
vt 0.786133 0.187012
vt 0.788086 0.187500
vt 0.801758 0.168457
vt 0.803223 0.170410
vt 0.812500 0.163086
vt 0.812988 0.165527
vt 0.813965 0.168457
vt 0.815430 0.172363
vt 0.824219 0.166992
vt 0.824219 0.175781
vt 0.835938 0.163086
vt 0.834961 0.165527
vt 0.833984 0.168457
vt 0.833008 0.172363
vt 0.846191 0.168457
vt 0.845215 0.170410
vt 0.837891 0.180176
vt 0.834961 0.184570
vt 0.850098 0.180176
vt 0.847168 0.182617
vt 0.835938 0.195312
vt 0.846191 0.191895
vt 0.851074 0.190430
vt 0.863281 0.199219
vt 0.861816 0.199219
vt 0.860352 0.187500
vt 0.859863 0.199219
vt 0.856445 0.199219
vt 0.852539 0.199219
vt 0.847656 0.199219
vt 0.842285 0.199219
vt 0.843262 0.212891
vt 0.847168 0.215820
vt 0.826172 0.205078
vt 0.861816 0.211426
vt 0.856445 0.175781
vt 0.863770 0.199219
vt 0.791992 0.175781
vt 0.800781 0.166992
vt 0.847656 0.166992
vt 0.161499 0.205078
vt 0.836426 0.199219
vt 0.830566 0.199219
vt 0.830078 0.197266
vt 0.824219 0.181152
vt 0.828125 0.187500
vt 0.833984 0.191895
vt 0.797852 0.180176
vt 0.801270 0.182617
vt 0.810547 0.180176
vt 0.797363 0.190430
vt 0.813477 0.184570
vt 0.820312 0.187500
vt 0.801758 0.191895
vt 0.822266 0.205078
vt 0.758789 0.042969
vt 0.761719 0.026855
vt 0.762695 0.021484
vt 0.762695 0.012695
vt 0.761230 0.003906
vt 0.348877 0.206543
vt 0.348145 0.198730
vt 0.558105 0.019531
vt 0.558105 0.012207
vt 0.556152 0.003906
vt 0.552734 0.003418
vt 0.542969 0.012207
vt 0.028259 0.179199
vt 0.424561 0.256836
vt 0.422852 0.259766
vt 0.639160 0.224121
vt 0.636230 0.222656
vt 0.639160 0.222656
vt 0.639648 0.215332
vt 0.639648 0.206543
vt 0.639648 0.204590
vt 0.636230 0.184082
vt 0.630371 0.187988
vt 0.629395 0.174316
vt 0.632812 0.206055
vt 0.633301 0.214844
vt 0.636230 0.220703
vt 0.668457 0.174805
vt 0.660645 0.173340
vt 0.651367 0.172363
vt 0.642578 0.171387
vt 0.635742 0.169922
vt 0.711914 0.078125
vt 0.706543 0.077637
vt 0.700684 0.069336
vt 0.700684 0.077637
vt 0.302490 0.242188
vt 0.309326 0.228516
vt 0.311768 0.218262
vt 0.312744 0.204102
vt 0.312012 0.194336
vt 0.559570 0.192383
vt 0.558105 0.196289
vt 0.557617 0.200195
vt 0.564941 0.055176
vt 0.562988 0.057129
vt 0.565430 0.064941
vt 0.339600 0.002930
vt 0.327148 0.002930
vt 0.313232 0.002930
s 1
usemtl DAP_SentinelHand_MATINST.003
f 1/1/1 3/3/3 2/2/2
f 3/3/3 4/4/4 2/2/2
f 2/2/2 4/4/4 5/5/5
f 4/4/4 3/3/3 6/6/6
f 6/6/6 8/8/8 7/7/7
f 4/4/4 9/9/9 5/5/5
f 5/5/5 9/9/9 10/10/10
f 9/9/9 4/4/4 11/11/11
f 4/4/4 6/6/6 11/11/11
f 9/9/9 11/11/11 10/10/10
f 12/12/12 6/6/6 7/7/7
f 6/6/6 12/12/12 11/11/11
f 12/12/12 7/7/7 13/13/13
f 14/14/14 12/12/12 13/13/13
f 15/15/15 12/12/12 14/14/14
f 16/16/16 15/15/15 14/14/14
f 16/16/16 17/17/17 15/15/15
f 17/17/17 16/16/16 18/18/18
f 18/18/18 19/19/19 17/17/17
f 11/11/11 20/20/20 10/10/10
f 12/12/12 21/21/21 11/11/11
f 12/12/12 15/15/15 21/21/21
f 20/20/20 11/11/11 21/21/21
f 15/15/15 22/22/22 21/21/21
f 22/22/22 15/15/15 17/17/17
f 23/23/23 22/22/22 17/17/17
f 22/22/22 24/24/24 21/21/21
f 25/25/25 20/20/20 21/21/21
f 24/24/24 25/25/25 21/21/21
f 25/25/25 26/26/26 20/20/20
f 26/26/26 27/27/27 20/20/20
f 10/10/10 20/20/20 27/27/27
f 28/28/28 10/10/10 27/27/27
f 10/10/10 28/28/28 29/29/29
f 30/30/30 5/5/5 10/10/10
f 30/30/30 10/10/10 29/29/29
f 29/29/29 28/28/28 31/31/31
f 28/28/28 32/32/32 31/31/31
f 28/28/28 27/27/27 33/33/33
f 28/28/28 33/33/33 32/32/32
f 34/34/34 27/27/27 26/26/26
f 27/27/27 34/34/34 33/33/33
f 35/35/35 34/34/34 26/26/26
f 35/35/35 26/26/26 36/36/36
f 25/25/25 24/24/24 36/36/36
f 26/26/26 25/25/25 36/36/36
f 35/35/35 36/36/36 37/37/37
f 36/36/36 24/24/24 38/38/38
f 36/36/36 38/38/38 37/37/37
f 24/24/24 39/39/39 38/38/38
f 22/22/22 23/23/23 39/39/39
f 24/24/24 22/22/22 39/39/39
f 38/38/38 39/39/39 40/40/40
f 39/39/39 41/41/41 40/40/40
f 39/39/39 23/23/23 41/41/41
f 40/40/40 42/42/42 38/38/38
f 42/42/42 37/37/37 38/38/38
f 42/42/42 40/40/40 43/43/43
f 40/40/40 41/41/41 43/43/43
f 43/43/43 41/41/41 44/44/44
f 41/41/41 45/45/45 44/44/44
f 23/23/23 45/45/45 41/41/41
f 46/46/46 43/43/43 44/44/44
f 46/46/46 47/47/47 43/43/43
f 47/47/47 46/46/46 48/48/48
f 49/49/49 42/42/42 43/43/43
f 47/47/47 49/49/49 43/43/43
f 50/50/50 42/42/42 49/49/49
f 51/51/51 37/37/37 42/42/42
f 37/37/37 51/51/51 35/35/35
f 50/50/50 51/51/51 42/42/42
f 51/51/51 52/52/52 35/35/35
f 45/45/45 53/53/53 44/44/44
f 54/54/54 46/46/46 44/44/44
f 54/54/54 44/44/44 53/53/53
f 46/46/46 55/55/55 48/48/48
f 46/46/46 54/54/54 55/55/55
f 48/48/48 55/55/55 56/56/56
f 57/57/57 48/48/48 56/56/56
f 58/58/58 57/57/57 56/56/56
f 59/59/59 58/58/58 56/56/56
f 58/58/58 59/59/59 60/60/60
f 59/59/59 56/56/56 61/61/61
f 62/62/62 63/63/63 61/61/61
f 56/56/56 55/55/55 64/64/64
f 61/61/61 56/56/56 64/64/64
f 54/54/54 64/64/64 55/55/55
f 64/64/64 62/62/62 61/61/61
f 65/65/65 62/62/62 64/64/64
f 65/65/65 54/54/54 53/53/53
f 54/54/54 65/65/65 64/64/64
f 62/62/62 65/65/65 66/66/66
f 65/65/65 53/53/53 66/66/66
f 53/53/53 67/67/67 66/66/66
f 66/66/66 67/67/67 68/68/68
f 69/69/69 71/71/71 70/70/70
f 72/72/72 66/66/66 68/68/68
f 71/71/71 72/72/72 70/70/70
f 73/73/73 62/62/62 66/66/66
f 73/73/73 66/66/66 72/72/72
f 71/71/71 73/73/73 72/72/72
f 72/72/72 68/68/68 74/74/74
f 70/70/70 72/72/72 74/74/74
f 68/68/68 75/75/75 74/74/74
f 62/62/62 73/73/73 76/76/76
f 63/63/63 62/62/62 76/76/76
f 76/76/76 73/73/73 77/77/77
f 73/73/73 71/71/71 77/77/77
f 71/71/71 69/69/69 78/78/78
f 71/71/71 78/78/78 77/77/77
f 69/69/69 79/79/79 78/78/78
f 79/79/79 69/69/69 80/80/80
f 77/77/77 81/81/81 76/76/76
f 77/77/77 78/78/78 81/81/81
f 78/78/78 79/79/79 82/82/82
f 78/78/78 82/82/82 81/81/81
f 79/79/79 83/83/83 82/82/82
f 84/84/84 82/82/82 83/83/83
f 85/85/85 84/84/84 83/83/83
f 85/85/85 86/86/86 84/84/84
f 85/85/85 87/87/87 86/86/86
f 87/87/87 88/88/88 86/86/86
f 82/82/82 89/89/89 81/81/81
f 89/89/89 82/82/82 84/84/84
f 86/86/86 90/90/90 84/84/84
f 90/90/90 86/86/86 91/91/91
f 91/91/91 86/86/86 88/88/88
f 90/90/90 92/92/92 84/84/84
f 92/92/92 89/89/89 84/84/84
f 89/89/89 93/93/93 81/81/81
f 89/89/89 92/92/92 93/93/93
f 81/81/81 94/94/94 76/76/76
f 94/94/94 81/81/81 93/93/93
f 63/63/63 76/76/76 94/94/94
f 95/95/95 59/59/59 61/61/61
f 96/96/96 63/63/63 94/94/94
f 96/96/96 61/61/61 63/63/63
f 61/61/61 96/96/96 95/95/95
f 97/97/97 96/96/96 94/94/94
f 98/98/98 94/94/94 93/93/93
f 98/98/98 97/97/97 94/94/94
f 92/92/92 90/90/90 99/99/99
f 92/92/92 99/99/99 93/93/93
f 98/98/98 93/93/93 99/99/99
f 90/90/90 100/100/100 99/99/99
f 100/100/100 90/90/90 91/91/91
f 101/101/101 59/59/59 95/95/95
f 96/96/96 102/102/102 95/95/95
f 102/102/102 101/101/101 95/95/95
f 101/101/101 102/102/102 103/103/103
f 102/102/102 96/96/96 103/103/103
f 96/96/96 97/97/97 103/103/103
f 104/104/104 97/97/97 98/98/98
f 97/97/97 104/104/104 103/103/103
f 105/105/105 98/98/98 99/99/99
f 105/105/105 104/104/104 98/98/98
f 101/101/101 103/103/103 106/106/106
f 107/107/107 109/109/109 108/108/108
f 108/108/108 109/109/109 110/110/110
f 110/110/110 109/109/109 111/111/111
f 112/112/112 111/111/111 106/106/106
f 112/112/112 110/110/110 111/111/111
f 113/113/113 112/112/112 106/106/106
f 103/103/103 113/113/113 106/106/106
f 103/103/103 104/104/104 113/113/113
f 114/114/114 104/104/104 105/105/105
f 104/104/104 114/114/114 113/113/113
f 115/115/115 105/105/105 99/99/99
f 115/115/115 114/114/114 105/105/105
f 100/100/100 115/115/115 99/99/99
f 112/112/112 113/113/113 116/116/116
f 116/116/116 115/115/115 100/100/100
f 113/113/113 114/114/114 116/116/116
f 91/91/91 116/116/116 100/100/100
f 114/114/114 115/115/115 116/116/116
f 117/117/117 116/116/116 91/91/91
f 117/117/117 112/112/112 116/116/116
f 110/110/110 112/112/112 117/117/117
f 118/118/118 108/108/108 110/110/110
f 118/118/118 110/110/110 117/117/117
f 108/108/108 118/118/118 119/119/119
f 120/120/120 107/107/107 108/108/108
f 120/120/120 108/108/108 119/119/119
f 120/120/120 119/119/119 121/121/121
f 119/119/119 118/118/118 122/122/122
f 123/123/123 121/121/121 119/119/119
f 122/122/122 123/123/123 119/119/119
f 123/123/123 124/124/124 121/121/121
f 124/124/124 125/125/125 121/121/121
f 126/126/126 120/120/120 121/121/121
f 126/126/126 121/121/121 125/125/125
f 107/107/107 120/120/120 127/127/127
f 120/120/120 126/126/126 127/127/127
f 128/128/128 109/109/109 107/107/107
f 127/127/127 129/129/129 107/107/107
f 129/129/129 128/128/128 107/107/107
f 129/129/129 127/127/127 130/130/130
f 127/127/127 126/126/126 130/130/130
f 125/125/125 131/131/131 126/126/126
f 131/131/131 130/130/130 126/126/126
f 125/125/125 124/124/124 132/132/132
f 131/131/131 125/125/125 132/132/132
f 133/133/133 124/124/124 123/123/123
f 124/124/124 133/133/133 132/132/132
f 134/134/134 88/88/88 87/87/87
f 88/88/88 134/134/134 135/135/135
f 134/134/134 136/136/136 135/135/135
f 135/135/135 136/136/136 137/137/137
f 137/137/137 136/136/136 138/138/138
f 137/137/137 139/139/139 122/122/122
f 139/139/139 137/137/137 138/138/138
f 139/139/139 133/133/133 123/123/123
f 139/139/139 123/123/123 122/122/122
f 133/133/133 139/139/139 140/140/140
f 139/139/139 138/138/138 140/140/140
f 141/141/141 133/133/133 140/140/140
f 133/133/133 141/141/141 132/132/132
f 138/138/138 136/136/136 142/142/142
f 143/143/143 140/140/140 138/138/138
f 142/142/142 143/143/143 138/138/138
f 140/140/140 143/143/143 144/144/144
f 144/144/144 141/141/141 140/140/140
f 136/136/136 134/134/134 145/145/145
f 136/136/136 145/145/145 142/142/142
f 142/142/142 145/145/145 146/146/146
f 143/143/143 142/142/142 147/147/147
f 143/143/143 147/147/147 144/144/144
f 142/142/142 146/146/146 147/147/147
f 83/83/83 79/79/79 148/148/148
f 79/79/79 80/80/80 148/148/148
f 83/83/83 148/148/148 149/149/149
f 85/85/85 83/83/83 149/149/149
f 150/150/150 87/87/87 85/85/85
f 149/149/149 150/150/150 85/85/85
f 134/134/134 151/151/151 145/145/145
f 134/134/134 87/87/87 151/151/151
f 87/87/87 150/150/150 151/151/151
f 152/152/152 153/153/153 148/148/148
f 149/149/149 148/148/148 154/154/154
f 148/148/148 153/153/153 154/154/154
f 154/154/154 155/155/155 149/149/149
f 155/155/155 150/150/150 149/149/149
f 156/156/156 151/151/151 150/150/150
f 155/155/155 156/156/156 150/150/150
f 157/157/157 145/145/145 151/151/151
f 145/145/145 157/157/157 146/146/146
f 156/156/156 157/157/157 151/151/151
f 158/158/158 160/160/160 159/159/159
f 158/158/158 161/161/161 160/160/160
f 161/161/161 162/162/162 160/160/160
f 163/163/163 161/161/161 158/158/158
f 159/159/159 160/160/160 164/164/164
f 159/159/159 164/164/164 165/165/165
f 160/160/160 162/162/162 166/166/166
f 160/160/160 166/166/166 164/164/164
f 162/162/162 167/167/167 166/166/166
f 165/165/165 169/169/169 168/168/168
f 165/165/165 164/164/164 169/169/169
f 164/164/164 170/170/170 169/169/169
f 164/164/164 166/166/166 170/170/170
f 166/166/166 167/167/167 171/171/171
f 166/166/166 171/171/171 170/170/170
f 167/167/167 172/172/172 171/171/171
f 168/168/168 174/174/174 173/173/173
f 168/168/168 169/169/169 174/174/174
f 169/169/169 175/175/175 174/174/174
f 169/169/169 170/170/170 175/175/175
f 170/170/170 171/171/171 176/176/176
f 170/170/170 176/176/176 175/175/175
f 171/171/171 172/172/172 177/177/177
f 171/171/171 177/177/177 176/176/176
f 172/172/172 178/178/178 177/177/177
f 177/177/177 178/178/178 179/179/179
f 178/178/178 180/180/180 179/179/179
f 176/176/176 177/177/177 181/181/181
f 177/177/177 179/179/179 181/181/181
f 175/175/175 176/176/176 182/182/182
f 176/176/176 181/181/181 182/182/182
f 175/175/175 182/182/182 183/183/183
f 174/174/174 175/175/175 183/183/183
f 174/174/174 183/183/183 184/184/184
f 173/173/173 174/174/174 184/184/184
f 183/183/183 182/182/182 185/185/185
f 182/182/182 186/186/186 185/185/185
f 182/182/182 181/181/181 186/186/186
f 181/181/181 187/187/187 186/186/186
f 181/181/181 179/179/179 187/187/187
f 179/179/179 188/188/188 187/187/187
f 179/179/179 180/180/180 188/188/188
f 180/180/180 189/189/189 188/188/188
f 188/188/188 189/189/189 190/190/190
f 189/189/189 191/191/191 190/190/190
f 190/190/190 191/191/191 192/192/192
f 187/187/187 188/188/188 193/193/193
f 188/188/188 190/190/190 193/193/193
f 187/187/187 193/193/193 194/194/194
f 186/186/186 187/187/187 194/194/194
f 186/186/186 194/194/194 195/195/195
f 185/185/185 186/186/186 195/195/195
f 185/185/185 195/195/195 196/196/196
f 183/183/183 185/185/185 197/197/197
f 184/184/184 183/183/183 197/197/197
f 197/197/197 185/185/185 196/196/196
f 197/197/197 196/196/196 198/198/198
f 184/184/184 197/197/197 199/199/199
f 199/199/199 197/197/197 198/198/198
f 198/198/198 196/196/196 200/200/200
f 196/196/196 201/201/201 200/200/200
f 196/196/196 195/195/195 201/201/201
f 195/195/195 194/194/194 202/202/202
f 195/195/195 202/202/202 201/201/201
f 194/194/194 203/203/203 202/202/202
f 194/194/194 193/193/193 203/203/203
f 193/193/193 190/190/190 204/204/204
f 190/190/190 192/192/192 204/204/204
f 193/193/193 204/204/204 203/203/203
f 198/198/198 205/205/205 199/199/199
f 200/200/200 205/205/205 198/198/198
f 200/200/200 201/201/201 206/206/206
f 206/206/206 205/205/205 200/200/200
f 201/201/201 207/207/207 206/206/206
f 201/201/201 202/202/202 207/207/207
f 202/202/202 208/208/208 207/207/207
f 202/202/202 203/203/203 208/208/208
f 203/203/203 204/204/204 209/209/209
f 203/203/203 209/209/209 208/208/208
f 208/208/208 209/209/209 210/210/210
f 209/209/209 211/211/211 210/210/210
f 208/208/208 210/210/210 212/212/212
f 207/207/207 208/208/208 212/212/212
f 207/207/207 212/212/212 213/213/213
f 206/206/206 207/207/207 213/213/213
f 213/213/213 205/205/205 206/206/206
f 213/213/213 212/212/212 214/214/214
f 214/214/214 205/205/205 213/213/213
f 215/215/215 205/205/205 214/214/214
f 212/212/212 210/210/210 216/216/216
f 212/212/212 216/216/216 214/214/214
f 214/214/214 216/216/216 215/215/215
f 210/210/210 217/217/217 216/216/216
f 210/210/210 211/211/211 217/217/217
f 218/218/218 220/220/220 219/219/219
f 221/221/221 218/218/218 219/219/219
f 222/222/222 218/218/218 221/221/221
f 223/223/223 222/222/222 221/221/221
f 224/224/224 222/222/222 223/223/223
f 225/225/225 224/224/224 223/223/223
f 226/226/226 224/224/224 225/225/225
f 217/217/217 226/226/226 225/225/225
f 211/211/211 226/226/226 217/217/217
f 204/204/204 227/227/227 209/209/209
f 209/209/209 227/227/227 211/211/211
f 204/204/204 192/192/192 227/227/227
f 227/227/227 228/228/228 211/211/211
f 211/211/211 228/228/228 226/226/226
f 228/228/228 229/229/229 226/226/226
f 226/226/226 229/229/229 224/224/224
f 224/224/224 230/230/230 222/222/222
f 229/229/229 230/230/230 224/224/224
f 222/222/222 231/231/231 218/218/218
f 230/230/230 231/231/231 222/222/222
f 229/229/229 232/232/232 230/230/230
f 232/232/232 233/233/233 230/230/230
f 230/230/230 233/233/233 231/231/231
f 234/234/234 232/232/232 229/229/229
f 228/228/228 234/234/234 229/229/229
f 192/192/192 235/235/235 227/227/227
f 227/227/227 235/235/235 228/228/228
f 235/235/235 234/234/234 228/228/228
f 191/191/191 236/236/236 192/192/192
f 192/192/192 236/236/236 235/235/235
f 235/235/235 237/237/237 234/234/234
f 236/236/236 237/237/237 235/235/235
f 234/234/234 238/238/238 232/232/232
f 237/237/237 238/238/238 234/234/234
f 238/238/238 239/239/239 232/232/232
f 232/232/232 239/239/239 233/233/233
f 239/239/239 240/240/240 233/233/233
f 233/233/233 240/240/240 241/241/241
f 233/233/233 241/241/241 231/231/231
f 191/191/191 242/242/242 236/236/236
f 236/236/236 243/243/243 237/237/237
f 242/242/242 243/243/243 236/236/236
f 237/237/237 244/244/244 238/238/238
f 243/243/243 244/244/244 237/237/237
f 238/238/238 245/245/245 239/239/239
f 244/244/244 245/245/245 238/238/238
f 245/245/245 246/246/246 239/239/239
f 239/239/239 246/246/246 240/240/240
f 246/246/246 247/247/247 240/240/240
f 240/240/240 247/247/247 248/248/248
f 240/240/240 248/248/248 241/241/241
f 247/247/247 249/249/249 248/248/248
f 247/247/247 250/250/250 249/249/249
f 246/246/246 251/251/251 247/247/247
f 251/251/251 250/250/250 247/247/247
f 245/245/245 252/252/252 246/246/246
f 252/252/252 251/251/251 246/246/246
f 253/253/253 252/252/252 245/245/245
f 244/244/244 253/253/253 245/245/245
f 243/243/243 254/254/254 244/244/244
f 254/254/254 253/253/253 244/244/244
f 255/255/255 254/254/254 243/243/243
f 242/242/242 255/255/255 243/243/243
f 250/250/250 256/256/256 249/249/249
f 250/250/250 257/257/257 256/256/256
f 258/258/258 257/257/257 250/250/250
f 251/251/251 258/258/258 250/250/250
f 259/259/259 258/258/258 251/251/251
f 252/252/252 259/259/259 251/251/251
f 260/260/260 259/259/259 252/252/252
f 253/253/253 260/260/260 252/252/252
f 261/261/261 260/260/260 253/253/253
f 254/254/254 261/261/261 253/253/253
f 262/262/262 261/261/261 254/254/254
f 255/255/255 262/262/262 254/254/254
f 263/263/263 262/262/262 255/255/255
f 264/264/264 263/263/263 255/255/255
f 264/264/264 255/255/255 242/242/242
f 265/265/265 263/263/263 264/264/264
f 266/266/266 265/265/265 264/264/264
f 267/267/267 265/265/265 266/266/266
f 268/268/268 267/267/267 266/266/266
f 269/269/269 267/267/267 268/268/268
f 270/270/270 269/269/269 268/268/268
f 271/271/271 269/269/269 270/270/270
f 189/189/189 272/272/272 191/191/191
f 272/272/272 264/264/264 242/242/242
f 272/272/272 242/242/242 191/191/191
f 266/266/266 264/264/264 272/272/272
f 273/273/273 266/266/266 272/272/272
f 180/180/180 273/273/273 189/189/189
f 268/268/268 266/266/266 273/273/273
f 273/273/273 272/272/272 189/189/189
f 274/274/274 268/268/268 273/273/273
f 270/270/270 268/268/268 274/274/274
f 178/178/178 274/274/274 180/180/180
f 274/274/274 273/273/273 180/180/180
f 172/172/172 275/275/275 178/178/178
f 275/275/275 274/274/274 178/178/178
f 275/275/275 270/270/270 274/274/274
f 276/276/276 271/271/271 270/270/270
f 276/276/276 270/270/270 275/275/275
f 277/277/277 276/276/276 275/275/275
f 277/277/277 275/275/275 172/172/172
f 167/167/167 277/277/277 172/172/172
f 278/278/278 279/279/279 163/163/163
f 280/280/280 279/279/279 278/278/278
f 163/163/163 281/281/281 161/161/161
f 279/279/279 281/281/281 163/163/163
f 281/281/281 282/282/282 161/161/161
f 161/161/161 282/282/282 162/162/162
f 283/283/283 277/277/277 167/167/167
f 162/162/162 283/283/283 167/167/167
f 282/282/282 283/283/283 162/162/162
f 284/284/284 276/276/276 277/277/277
f 283/283/283 284/284/284 277/277/277
f 282/282/282 285/285/285 283/283/283
f 285/285/285 284/284/284 283/283/283
f 286/286/286 285/285/285 282/282/282
f 281/281/281 286/286/286 282/282/282
f 287/287/287 286/286/286 281/281/281
f 279/279/279 287/287/287 281/281/281
f 288/288/288 287/287/287 279/279/279
f 280/280/280 288/288/288 279/279/279
f 284/284/284 289/289/289 276/276/276
f 289/289/289 271/271/271 276/276/276
f 290/290/290 289/289/289 284/284/284
f 285/285/285 290/290/290 284/284/284
f 286/286/286 291/291/291 285/285/285
f 291/291/291 290/290/290 285/285/285
f 292/292/292 291/291/291 286/286/286
f 287/287/287 292/292/292 286/286/286
f 293/293/293 292/292/292 287/287/287
f 288/288/288 293/293/293 287/287/287
f 294/294/294 293/293/293 288/288/288
f 295/295/295 294/294/294 288/288/288
f 295/295/295 288/288/288 280/280/280
f 296/296/296 294/294/294 295/295/295
f 297/297/297 296/296/296 295/295/295
f 298/298/298 296/296/296 297/297/297
f 299/299/299 298/298/298 297/297/297
f 256/256/256 300/300/300 299/299/299
f 300/300/300 298/298/298 299/299/299
f 257/257/257 300/300/300 256/256/256
f 297/297/297 295/295/295 301/301/301
f 301/301/301 295/295/295 280/280/280
f 299/299/299 297/297/297 302/302/302
f 302/302/302 297/297/297 301/301/301
f 256/256/256 299/299/299 303/303/303
f 303/303/303 299/299/299 302/302/302
f 249/249/249 256/256/256 303/303/303
f 248/248/248 249/249/249 304/304/304
f 249/249/249 303/303/303 304/304/304
f 304/304/304 303/303/303 305/305/305
f 303/303/303 302/302/302 305/305/305
f 305/305/305 302/302/302 306/306/306
f 302/302/302 301/301/301 306/306/306
f 301/301/301 280/280/280 307/307/307
f 307/307/307 280/280/280 278/278/278
f 306/306/306 301/301/301 307/307/307
f 241/241/241 248/248/248 308/308/308
f 248/248/248 304/304/304 308/308/308
f 304/304/304 305/305/305 309/309/309
f 308/308/308 304/304/304 309/309/309
f 305/305/305 306/306/306 310/310/310
f 309/309/309 305/305/305 310/310/310
f 310/310/310 306/306/306 311/311/311
f 306/306/306 307/307/307 311/311/311
f 307/307/307 278/278/278 312/312/312
f 311/311/311 307/307/307 312/312/312
f 309/309/309 310/310/310 313/313/313
f 313/313/313 310/310/310 314/314/314
f 313/313/313 314/314/314 315/315/315
f 310/310/310 311/311/311 314/314/314
f 308/308/308 309/309/309 316/316/316
f 316/316/316 309/309/309 313/313/313
f 241/241/241 308/308/308 317/317/317
f 317/317/317 308/308/308 316/316/316
f 317/317/317 316/316/316 220/220/220
f 231/231/231 317/317/317 218/218/218
f 231/231/231 241/241/241 317/317/317
f 218/218/218 317/317/317 220/220/220
f 318/318/318 313/313/313 315/315/315
f 316/316/316 313/313/313 318/318/318
f 220/220/220 316/316/316 318/318/318
f 318/318/318 315/315/315 319/319/319
f 319/319/319 315/315/315 320/320/320
f 319/319/319 320/320/320 321/321/321
f 321/321/321 320/320/320 322/322/322
f 323/323/323 205/205/205 324/324/324
f 324/324/324 321/321/321 323/323/323
f 321/321/321 322/322/322 323/323/323
f 325/325/325 319/319/319 321/321/321
f 325/325/325 321/321/321 324/324/324
f 326/326/326 318/318/318 319/319/319
f 220/220/220 318/318/318 326/326/326
f 219/219/219 220/220/220 326/326/326
f 326/326/326 319/319/319 325/325/325
f 327/327/327 205/205/205 323/323/323
f 323/323/323 322/322/322 327/327/327
f 324/324/324 205/205/205 328/328/328
f 328/328/328 325/325/325 324/324/324
f 329/329/329 325/325/325 328/328/328
f 329/329/329 326/326/326 325/325/325
f 219/219/219 326/326/326 329/329/329
f 221/221/221 219/219/219 330/330/330
f 330/330/330 219/219/219 329/329/329
f 328/328/328 205/205/205 331/331/331
f 330/330/330 329/329/329 331/331/331
f 331/331/331 329/329/329 328/328/328
f 332/332/332 330/330/330 331/331/331
f 331/331/331 205/205/205 332/332/332
f 332/332/332 205/205/205 333/333/333
f 334/334/334 330/330/330 332/332/332
f 334/334/334 221/221/221 330/330/330
f 333/333/333 334/334/334 332/332/332
f 223/223/223 221/221/221 334/334/334
f 225/225/225 223/223/223 335/335/335
f 335/335/335 223/223/223 334/334/334
f 335/335/335 334/334/334 333/333/333
f 336/336/336 335/335/335 333/333/333
f 336/336/336 205/205/205 215/215/215
f 333/333/333 205/205/205 336/336/336
f 216/216/216 217/217/217 337/337/337
f 216/216/216 337/337/337 215/215/215
f 337/337/337 335/335/335 336/336/336
f 215/215/215 337/337/337 336/336/336
f 337/337/337 225/225/225 335/335/335
f 217/217/217 225/225/225 337/337/337
f 338/338/338 340/340/340 339/339/339
f 340/340/340 168/168/168 173/173/173
f 339/339/339 340/340/340 341/341/341
f 341/341/341 205/205/205 339/339/339
f 340/340/340 173/173/173 341/341/341
f 199/199/199 205/205/205 342/342/342
f 342/342/342 184/184/184 199/199/199
f 342/342/342 205/205/205 341/341/341
f 341/341/341 173/173/173 342/342/342
f 173/173/173 184/184/184 342/342/342
f 343/343/343 165/165/165 168/168/168
f 343/343/343 168/168/168 340/340/340
f 338/338/338 343/343/343 340/340/340
f 344/344/344 159/159/159 165/165/165
f 344/344/344 165/165/165 343/343/343
f 345/345/345 158/158/158 159/159/159
f 345/345/345 159/159/159 344/344/344
f 346/346/346 158/158/158 345/345/345
f 312/312/312 278/278/278 346/346/346
f 278/278/278 163/163/163 346/346/346
f 346/346/346 163/163/163 158/158/158
f 347/347/347 346/346/346 345/345/345
f 312/312/312 346/346/346 347/347/347
f 348/348/348 345/345/345 344/344/344
f 347/347/347 345/345/345 348/348/348
f 349/349/349 344/344/344 343/343/343
f 349/349/349 343/343/343 338/338/338
f 348/348/348 344/344/344 349/349/349
f 350/350/350 312/312/312 347/347/347
f 311/311/311 312/312/312 350/350/350
f 314/314/314 311/311/311 350/350/350
f 351/351/351 347/347/347 348/348/348
f 350/350/350 347/347/347 351/351/351
f 352/352/352 348/348/348 349/349/349
f 351/351/351 348/348/348 352/352/352
f 353/353/353 349/349/349 338/338/338
f 352/352/352 349/349/349 353/353/353
f 354/354/354 338/338/338 339/339/339
f 353/353/353 338/338/338 354/354/354
f 339/339/339 205/205/205 354/354/354
f 355/355/355 353/353/353 354/354/354
f 354/354/354 205/205/205 355/355/355
f 355/355/355 205/205/205 327/327/327
f 322/322/322 356/356/356 327/327/327
f 356/356/356 352/352/352 353/353/353
f 327/327/327 356/356/356 355/355/355
f 356/356/356 353/353/353 355/355/355
f 322/322/322 357/357/357 356/356/356
f 357/357/357 351/351/351 352/352/352
f 320/320/320 357/357/357 322/322/322
f 357/357/357 352/352/352 356/356/356
f 315/315/315 314/314/314 358/358/358
f 314/314/314 350/350/350 358/358/358
f 358/358/358 350/350/350 351/351/351
f 358/358/358 351/351/351 357/357/357
f 320/320/320 358/358/358 357/357/357
f 315/315/315 358/358/358 320/320/320
f 359/359/359 361/361/361 360/360/360
f 361/361/361 362/362/362 360/360/360
f 360/360/360 362/362/362 363/363/363
f 364/364/364 366/366/366 365/365/365
f 367/367/367 366/366/366 364/364/364
f 368/368/368 367/367/367 363/363/363
f 366/366/366 367/367/367 368/368/368
f 362/362/362 369/369/369 363/363/363
f 363/363/363 369/369/369 368/368/368
f 362/362/362 361/361/361 370/370/370
f 369/369/369 362/362/362 370/370/370
f 371/371/371 361/361/361 359/359/359
f 361/361/361 371/371/371 370/370/370
f 372/372/372 373/373/373 370/370/370
f 374/374/374 372/372/372 370/370/370
f 375/375/375 374/374/374 370/370/370
f 376/376/376 375/375/375 370/370/370
f 377/377/377 376/376/376 370/370/370
f 378/378/378 377/377/377 370/370/370
f 379/379/379 378/378/378 370/370/370
f 380/380/380 379/379/379 370/370/370
f 381/381/381 380/380/380 370/370/370
f 371/371/371 382/382/382 370/370/370
f 382/382/382 381/381/381 370/370/370
f 383/383/383 371/371/371 359/359/359
f 382/382/382 371/371/371 383/383/383
f 384/384/384 382/382/382 383/383/383
f 381/381/381 382/382/382 384/384/384
f 380/380/380 381/381/381 385/385/385
f 385/385/385 381/381/381 384/384/384
f 386/386/386 380/380/380 385/385/385
f 379/379/379 380/380/380 386/386/386
f 378/378/378 379/379/379 387/387/387
f 387/387/387 379/379/379 386/386/386
f 386/386/386 385/385/385 388/388/388
f 385/385/385 389/389/389 388/388/388
f 385/385/385 384/384/384 389/389/389
f 384/384/384 383/383/383 390/390/390
f 384/384/384 390/390/390 389/389/389
f 383/383/383 359/359/359 391/391/391
f 383/383/383 391/391/391 390/390/390
f 359/359/359 392/392/392 391/391/391
f 359/359/359 360/360/360 392/392/392
f 360/360/360 393/393/393 392/392/392
f 360/360/360 363/363/363 393/393/393
f 389/389/389 390/390/390 394/394/394
f 394/394/394 390/390/390 395/395/395
f 390/390/390 391/391/391 395/395/395
f 395/395/395 391/391/391 396/396/396
f 391/391/391 392/392/392 396/396/396
f 392/392/392 393/393/393 397/397/397
f 396/396/396 392/392/392 397/397/397
f 397/397/397 393/393/393 398/398/398
f 393/393/393 399/399/399 398/398/398
f 367/367/367 399/399/399 363/363/363
f 363/363/363 399/399/399 393/393/393
f 399/399/399 367/367/367 400/400/400
f 398/398/398 399/399/399 400/400/400
f 400/400/400 367/367/367 364/364/364
f 400/400/400 401/401/401 398/398/398
f 398/398/398 402/402/402 397/397/397
f 401/401/401 402/402/402 398/398/398
f 402/402/402 403/403/403 397/397/397
f 397/397/397 403/403/403 396/396/396
f 396/396/396 404/404/404 395/395/395
f 403/403/403 404/404/404 396/396/396
f 404/404/404 405/405/405 395/395/395
f 395/395/395 405/405/405 394/394/394
f 364/364/364 406/406/406 400/400/400
f 406/406/406 401/401/401 400/400/400
f 365/365/365 407/407/407 364/364/364
f 407/407/407 406/406/406 364/364/364
f 408/408/408 407/407/407 365/365/365
f 409/409/409 408/408/408 365/365/365
f 410/410/410 411/411/411 370/370/370
f 411/411/411 410/410/410 412/412/412
f 413/413/413 411/411/411 412/412/412
f 412/412/412 414/414/414 413/413/413
f 414/414/414 415/415/415 413/413/413
f 409/409/409 415/415/415 416/416/416
f 415/415/415 414/414/414 416/416/416
f 417/417/417 415/415/415 409/409/409
f 365/365/365 417/417/417 409/409/409
f 366/366/366 417/417/417 365/365/365
f 418/418/418 411/411/411 413/413/413
f 411/411/411 418/418/418 370/370/370
f 419/419/419 418/418/418 413/413/413
f 415/415/415 417/417/417 419/419/419
f 413/413/413 415/415/415 419/419/419
f 417/417/417 366/366/366 420/420/420
f 420/420/420 366/366/366 368/368/368
f 419/419/419 417/417/417 420/420/420
f 421/421/421 369/369/369 370/370/370
f 369/369/369 421/421/421 368/368/368
f 368/368/368 421/421/421 420/420/420
f 418/418/418 422/422/422 370/370/370
f 422/422/422 418/418/418 419/419/419
f 420/420/420 422/422/422 419/419/419
f 422/422/422 421/421/421 370/370/370
f 421/421/421 422/422/422 420/420/420
f 423/423/423 425/425/425 424/424/424
f 425/425/425 426/426/426 370/370/370
f 426/426/426 425/425/425 423/423/423
f 427/427/427 426/426/426 423/423/423
f 428/428/428 426/426/426 427/427/427
f 426/426/426 428/428/428 370/370/370
f 425/425/425 429/429/429 424/424/424
f 429/429/429 425/425/425 370/370/370
f 430/430/430 429/429/429 370/370/370
f 431/431/431 430/430/430 370/370/370
f 373/373/373 431/431/431 370/370/370
f 373/373/373 372/372/372 432/432/432
f 432/432/432 372/372/372 433/433/433
f 372/372/372 374/374/374 433/433/433
f 434/434/434 373/373/373 432/432/432
f 431/431/431 373/373/373 434/434/434
f 430/430/430 431/431/431 435/435/435
f 435/435/435 431/431/431 434/434/434
f 436/436/436 430/430/430 435/435/435
f 429/429/429 430/430/430 436/436/436
f 424/424/424 429/429/429 436/436/436
f 436/436/436 435/435/435 437/437/437
f 435/435/435 434/434/434 438/438/438
f 435/435/435 438/438/438 437/437/437
f 434/434/434 439/439/439 438/438/438
f 434/434/434 432/432/432 439/439/439
f 432/432/432 440/440/440 439/439/439
f 432/432/432 433/433/433 440/440/440
f 433/433/433 441/441/441 440/440/440
f 433/433/433 442/442/442 441/441/441
f 433/433/433 374/374/374 442/442/442
f 374/374/374 375/375/375 442/442/442
f 442/442/442 443/443/443 441/441/441
f 438/438/438 439/439/439 444/444/444
f 444/444/444 439/439/439 445/445/445
f 439/439/439 440/440/440 445/445/445
f 445/445/445 440/440/440 446/446/446
f 440/440/440 441/441/441 446/446/446
f 446/446/446 441/441/441 447/447/447
f 441/441/441 443/443/443 447/447/447
f 447/447/447 443/443/443 448/448/448
f 443/443/443 449/449/449 448/448/448
f 448/448/448 449/449/449 450/450/450
f 449/449/449 451/451/451 450/450/450
f 450/450/450 451/451/451 452/452/452
f 452/452/452 453/453/453 450/450/450
f 453/453/453 454/454/454 450/450/450
f 450/450/450 454/454/454 448/448/448
f 448/448/448 455/455/455 447/447/447
f 454/454/454 455/455/455 448/448/448
f 455/455/455 456/456/456 447/447/447
f 447/447/447 456/456/456 446/446/446
f 456/456/456 457/457/457 446/446/446
f 446/446/446 457/457/457 445/445/445
f 445/445/445 458/458/458 444/444/444
f 457/457/457 458/458/458 445/445/445
f 451/451/451 459/459/459 452/452/452
f 452/452/452 459/459/459 460/460/460
f 386/386/386 388/388/388 461/461/461
f 387/387/387 386/386/386 461/461/461
f 387/387/387 461/461/461 459/459/459
f 459/459/459 461/461/461 460/460/460
f 460/460/460 461/461/461 462/462/462
f 461/461/461 388/388/388 462/462/462
f 388/388/388 389/389/389 463/463/463
f 462/462/462 388/388/388 463/463/463
f 463/463/463 389/389/389 394/394/394
f 394/394/394 464/464/464 463/463/463
f 405/405/405 464/464/464 394/394/394
f 463/463/463 465/465/465 462/462/462
f 464/464/464 465/465/465 463/463/463
f 465/465/465 466/466/466 462/462/462
f 462/462/462 466/466/466 460/460/460
f 460/460/460 467/467/467 452/452/452
f 467/467/467 453/453/453 452/452/452
f 466/466/466 467/467/467 460/460/460
f 416/416/416 414/414/414 468/468/468
f 414/414/414 469/469/469 468/468/468
f 414/414/414 412/412/412 469/469/469
f 468/468/468 469/469/469 470/470/470
f 469/469/469 471/471/471 470/470/470
f 412/412/412 472/472/472 469/469/469
f 412/412/412 410/410/410 472/472/472
f 469/469/469 472/472/472 471/471/471
f 472/472/472 473/473/473 471/471/471
f 472/472/472 474/474/474 473/473/473
f 410/410/410 474/474/474 472/472/472
f 474/474/474 410/410/410 370/370/370
f 475/475/475 477/477/477 476/476/476
f 475/475/475 478/478/478 477/477/477
f 478/478/478 479/479/479 477/477/477
f 470/470/470 471/471/471 480/480/480
f 471/471/471 473/473/473 480/480/480
f 480/480/480 479/479/479 478/478/478
f 480/480/480 481/481/481 479/479/479
f 473/473/473 481/481/481 480/480/480
f 474/474/474 482/482/482 473/473/473
f 482/482/482 474/474/474 370/370/370
f 473/473/473 482/482/482 481/481/481
f 483/483/483 470/470/470 480/480/480
f 483/483/483 480/480/480 478/478/478
f 484/484/484 408/408/408 409/409/409
f 416/416/416 484/484/484 409/409/409
f 485/485/485 484/484/484 416/416/416
f 468/468/468 485/485/485 416/416/416
f 470/470/470 486/486/486 468/468/468
f 486/486/486 485/485/485 468/468/468
f 487/487/487 486/486/486 470/470/470
f 483/483/483 487/487/487 470/470/470
f 488/488/488 487/487/487 483/483/483
f 478/478/478 488/488/488 483/483/483
f 475/475/475 489/489/489 478/478/478
f 489/489/489 488/488/488 478/478/478
f 490/490/490 489/489/489 475/475/475
f 476/476/476 490/490/490 475/475/475
f 491/491/491 490/490/490 476/476/476
f 492/492/492 491/491/491 476/476/476
f 493/493/493 491/491/491 492/492/492
f 494/494/494 493/493/493 492/492/492
f 495/495/495 493/493/493 494/494/494
f 496/496/496 495/495/495 494/494/494
f 492/492/492 476/476/476 497/497/497
f 492/492/492 497/497/497 494/494/494
f 497/497/497 498/498/498 494/494/494
f 494/494/494 498/498/498 496/496/496
f 498/498/498 499/499/499 496/496/496
f 496/496/496 499/499/499 500/500/500
f 498/498/498 501/501/501 499/499/499
f 497/497/497 502/502/502 498/498/498
f 502/502/502 501/501/501 498/498/498
f 502/502/502 503/503/503 501/501/501
f 504/504/504 503/503/503 502/502/502
f 503/503/503 504/504/504 370/370/370
f 505/505/505 504/504/504 502/502/502
f 505/505/505 502/502/502 497/497/497
f 476/476/476 506/506/506 497/497/497
f 506/506/506 505/505/505 497/497/497
f 477/477/477 506/506/506 476/476/476
f 501/501/501 507/507/507 499/499/499
f 503/503/503 508/508/508 501/501/501
f 508/508/508 503/503/503 370/370/370
f 501/501/501 508/508/508 507/507/507
f 509/509/509 504/504/504 505/505/505
f 504/504/504 509/509/509 370/370/370
f 510/510/510 509/509/509 505/505/505
f 510/510/510 505/505/505 506/506/506
f 477/477/477 510/510/510 506/506/506
f 509/509/509 511/511/511 370/370/370
f 511/511/511 509/509/509 510/510/510
f 512/512/512 510/510/510 477/477/477
f 481/481/481 512/512/512 479/479/479
f 479/479/479 512/512/512 477/477/477
f 512/512/512 511/511/511 510/510/510
f 482/482/482 513/513/513 481/481/481
f 513/513/513 482/482/482 370/370/370
f 511/511/511 513/513/513 370/370/370
f 481/481/481 513/513/513 512/512/512
f 513/513/513 511/511/511 512/512/512
f 514/514/514 516/516/516 515/515/515
f 514/514/514 517/517/517 516/516/516
f 517/517/517 518/518/518 516/516/516
f 518/518/518 517/517/517 519/519/519
f 520/520/520 518/518/518 519/519/519
f 520/520/520 428/428/428 427/427/427
f 428/428/428 521/521/521 370/370/370
f 519/519/519 521/521/521 520/520/520
f 521/521/521 428/428/428 520/520/520
f 521/521/521 522/522/522 370/370/370
f 522/522/522 521/521/521 519/519/519
f 522/522/522 523/523/523 370/370/370
f 370/370/370 523/523/523 524/524/524
f 427/427/427 525/525/525 520/520/520
f 427/427/427 423/423/423 525/525/525
f 525/525/525 518/518/518 520/520/520
f 518/518/518 525/525/525 526/526/526
f 516/516/516 518/518/518 526/526/526
f 527/527/527 528/528/528 526/526/526
f 526/526/526 529/529/529 516/516/516
f 528/528/528 529/529/529 526/526/526
f 529/529/529 530/530/530 516/516/516
f 516/516/516 530/530/530 515/515/515
f 423/423/423 531/531/531 525/525/525
f 526/526/526 525/525/525 531/531/531
f 527/527/527 526/526/526 531/531/531
f 423/423/423 424/424/424 531/531/531
f 527/527/527 531/531/531 532/532/532
f 424/424/424 436/436/436 533/533/533
f 436/436/436 437/437/437 533/533/533
f 532/532/532 533/533/533 437/437/437
f 531/531/531 533/533/533 532/532/532
f 424/424/424 533/533/533 531/531/531
f 534/534/534 532/532/532 437/437/437
f 437/437/437 438/438/438 535/535/535
f 535/535/535 438/438/438 444/444/444
f 534/534/534 437/437/437 535/535/535
f 444/444/444 536/536/536 535/535/535
f 458/458/458 536/536/536 444/444/444
f 536/536/536 537/537/537 535/535/535
f 535/535/535 537/537/537 534/534/534
f 537/537/537 538/538/538 534/534/534
f 534/534/534 538/538/538 532/532/532
f 538/538/538 539/539/539 532/532/532
f 532/532/532 539/539/539 527/527/527
f 539/539/539 528/528/528 527/527/527
f 540/540/540 542/542/542 541/541/541
f 541/541/541 543/543/543 540/540/540
f 544/544/544 543/543/543 541/541/541
f 543/543/543 544/544/544 545/545/545
f 544/544/544 546/546/546 545/545/545
f 546/546/546 544/544/544 547/547/547
f 547/547/547 544/544/544 541/541/541
f 548/548/548 543/543/543 545/545/545
f 547/547/547 541/541/541 549/549/549
f 550/550/550 546/546/546 547/547/547
f 550/550/550 547/547/547 549/549/549
f 546/546/546 550/550/550 551/551/551
f 550/550/550 549/549/549 551/551/551
f 552/552/552 546/546/546 551/551/551
f 552/552/552 551/551/551 553/553/553
f 549/549/549 553/553/553 551/551/551
f 554/554/554 552/552/552 553/553/553
f 555/555/555 554/554/554 553/553/553
f 556/556/556 555/555/555 553/553/553
f 555/555/555 556/556/556 557/557/557
f 558/558/558 556/556/556 553/553/553
f 549/549/549 558/558/558 553/553/553
f 542/542/542 558/558/558 541/541/541
f 558/558/558 549/549/549 541/541/541
f 559/559/559 556/556/556 558/558/558
f 556/556/556 559/559/559 560/560/560
f 561/561/561 559/559/559 558/558/558
f 561/561/561 558/558/558 562/562/562
f 558/558/558 542/542/542 562/562/562
f 561/561/561 563/563/563 559/559/559
f 561/561/561 562/562/562 563/563/563
f 559/559/559 564/564/564 560/560/560
f 563/563/563 564/564/564 559/559/559
f 560/560/560 564/564/564 565/565/565
f 566/566/566 556/556/556 560/560/560
f 556/556/556 566/566/566 557/557/557
f 567/567/567 566/566/566 560/560/560
f 565/565/565 568/568/568 560/560/560
f 568/568/568 567/567/567 560/560/560
f 565/565/565 569/569/569 568/568/568
f 564/564/564 570/570/570 565/565/565
f 565/565/565 570/570/570 569/569/569
f 571/571/571 570/570/570 564/564/564
f 571/571/571 564/564/564 563/563/563
f 572/572/572 571/571/571 563/563/563
f 573/573/573 575/575/575 574/574/574
f 575/575/575 576/576/576 574/574/574
f 576/576/576 577/577/577 574/574/574
f 577/577/577 576/576/576 578/578/578
f 569/569/569 577/577/577 578/578/578
f 578/578/578 576/576/576 575/575/575
f 577/577/577 569/569/569 579/579/579
f 570/570/570 579/579/579 569/569/569
f 570/570/570 571/571/571 580/580/580
f 579/579/579 570/570/570 580/580/580
f 580/580/580 571/571/571 581/581/581
f 571/571/571 572/572/572 581/581/581
f 562/562/562 542/542/542 582/582/582
f 562/562/562 583/583/583 563/563/563
f 583/583/583 562/562/562 582/582/582
f 582/582/582 584/584/584 583/583/583
f 584/584/584 585/585/585 583/583/583
f 583/583/583 585/585/585 586/586/586
f 572/572/572 563/563/563 586/586/586
f 563/563/563 583/583/583 586/586/586
f 572/572/572 586/586/586 581/581/581
f 586/586/586 585/585/585 587/587/587
f 586/586/586 587/587/587 581/581/581
f 580/580/580 581/581/581 588/588/588
f 581/581/581 587/587/587 588/588/588
f 577/577/577 589/589/589 574/574/574
f 589/589/589 580/580/580 588/588/588
f 579/579/579 580/580/580 589/589/589
f 577/577/577 579/579/579 589/589/589
f 585/585/585 590/590/590 587/587/587
f 585/585/585 584/584/584 591/591/591
f 590/590/590 585/585/585 591/591/591
f 587/587/587 592/592/592 588/588/588
f 587/587/587 590/590/590 592/592/592
f 588/588/588 592/592/592 593/593/593
f 589/589/589 588/588/588 593/593/593
f 573/573/573 574/574/574 593/593/593
f 574/574/574 589/589/589 593/593/593
f 594/594/594 573/573/573 593/593/593
f 592/592/592 594/594/594 593/593/593
f 592/592/592 595/595/595 594/594/594
f 590/590/590 595/595/595 592/592/592
f 595/595/595 590/590/590 591/591/591
f 595/595/595 596/596/596 594/594/594
f 594/594/594 596/596/596 573/573/573
f 596/596/596 595/595/595 597/597/597
f 597/597/597 595/595/595 591/591/591
f 597/597/597 591/591/591 584/584/584
f 598/598/598 596/596/596 597/597/597
f 596/596/596 598/598/598 573/573/573
f 599/599/599 601/601/601 600/600/600
f 573/573/573 602/602/602 601/601/601
f 601/601/601 602/602/602 600/600/600
f 573/573/573 603/603/603 602/602/602
f 573/573/573 598/598/598 603/603/603
f 603/603/603 598/598/598 604/604/604
f 605/605/605 603/603/603 604/604/604
f 603/603/603 606/606/606 602/602/602
f 603/603/603 605/605/605 606/606/606
f 600/600/600 602/602/602 606/606/606
f 605/605/605 607/607/607 606/606/606
f 607/607/607 608/608/608 606/606/606
f 608/608/608 609/609/609 606/606/606
f 609/609/609 600/600/600 606/606/606
f 599/599/599 600/600/600 610/610/610
f 610/610/610 600/600/600 609/609/609
f 611/611/611 599/599/599 610/610/610
f 611/611/611 612/612/612 599/599/599
f 599/599/599 613/613/613 601/601/601
f 612/612/612 613/613/613 599/599/599
f 608/608/608 614/614/614 609/609/609
f 614/614/614 615/615/615 609/609/609
f 615/615/615 610/610/610 609/609/609
f 611/611/611 610/610/610 616/616/616
f 616/616/616 610/610/610 615/615/615
f 617/617/617 611/611/611 616/616/616
f 612/612/612 611/611/611 617/617/617
f 618/618/618 612/612/612 617/617/617
f 619/619/619 616/616/616 615/615/615
f 615/615/615 614/614/614 620/620/620
f 619/619/619 615/615/615 620/620/620
f 616/616/616 619/619/619 621/621/621
f 621/621/621 619/619/619 620/620/620
f 616/616/616 622/622/622 617/617/617
f 622/622/622 616/616/616 621/621/621
f 622/622/622 623/623/623 617/617/617
f 617/617/617 623/623/623 618/618/618
f 623/623/623 624/624/624 618/618/618
f 625/625/625 618/618/618 624/624/624
f 626/626/626 625/625/625 624/624/624
f 626/626/626 624/624/624 627/627/627
f 626/626/626 627/627/627 628/628/628
f 623/623/623 629/629/629 624/624/624
f 624/624/624 629/629/629 627/627/627
f 629/629/629 623/623/623 630/630/630
f 623/623/623 622/622/622 630/630/630
f 622/622/622 631/631/631 630/630/630
f 622/622/622 621/621/621 631/631/631
f 621/621/621 632/632/632 631/631/631
f 632/632/632 621/621/621 620/620/620
f 631/631/631 632/632/632 633/633/633
f 629/629/629 630/630/630 634/634/634
f 630/630/630 631/631/631 634/634/634
f 627/627/627 629/629/629 635/635/635
f 635/635/635 629/629/629 634/634/634
f 631/631/631 633/633/633 636/636/636
f 633/633/633 637/637/637 636/636/636
f 637/637/637 633/633/633 638/638/638
f 633/633/633 632/632/632 638/638/638
f 639/639/639 632/632/632 620/620/620
f 632/632/632 639/639/639 638/638/638
f 640/640/640 642/642/642 641/641/641
f 643/643/643 640/640/640 641/641/641
f 637/637/637 644/644/644 636/636/636
f 644/644/644 643/643/643 641/641/641
f 641/641/641 636/636/636 644/644/644
f 643/643/643 644/644/644 645/645/645
f 644/644/644 637/637/637 645/645/645
f 637/637/637 638/638/638 646/646/646
f 645/645/645 637/637/637 646/646/646
f 638/638/638 639/639/639 647/647/647
f 646/646/646 638/638/638 647/647/647
f 648/648/648 647/647/647 639/639/639
f 649/649/649 650/650/650 648/648/648
f 648/648/648 651/651/651 647/647/647
f 650/650/650 651/651/651 648/648/648
f 650/650/650 652/652/652 651/651/651
f 650/650/650 649/649/649 653/653/653
f 650/650/650 653/653/653 652/652/652
f 649/649/649 654/654/654 653/653/653
f 655/655/655 639/639/639 620/620/620
f 655/655/655 648/648/648 639/639/639
f 614/614/614 655/655/655 620/620/620
f 655/655/655 614/614/614 656/656/656
f 648/648/648 655/655/655 656/656/656
f 614/614/614 608/608/608 656/656/656
f 649/649/649 648/648/648 656/656/656
f 656/656/656 608/608/608 657/657/657
f 608/608/608 607/607/607 657/657/657
f 657/657/657 654/654/654 649/649/649
f 656/656/656 657/657/657 649/649/649
f 658/658/658 657/657/657 607/607/607
f 605/605/605 658/658/658 607/607/607
f 657/657/657 658/658/658 654/654/654
f 658/658/658 659/659/659 654/654/654
f 660/660/660 659/659/659 658/658/658
f 605/605/605 660/660/660 658/658/658
f 661/661/661 660/660/660 605/605/605
f 660/660/660 661/661/661 662/662/662
f 662/662/662 661/661/661 663/663/663
f 664/664/664 660/660/660 662/662/662
f 663/663/663 664/664/664 662/662/662
f 665/665/665 664/664/664 663/663/663
f 666/666/666 665/665/665 663/663/663
f 665/665/665 666/666/666 667/667/667
f 668/668/668 665/665/665 667/667/667
f 669/669/669 668/668/668 667/667/667
f 670/670/670 665/665/665 668/668/668
f 668/668/668 669/669/669 670/670/670
f 670/670/670 671/671/671 665/665/665
f 671/671/671 664/664/664 665/665/665
f 664/664/664 671/671/671 672/672/672
f 664/664/664 672/672/672 660/660/660
f 673/673/673 669/669/669 667/667/667
f 674/674/674 675/675/675 672/672/672
f 676/676/676 675/675/675 674/674/674
f 677/677/677 674/674/674 672/672/672
f 671/671/671 677/677/677 672/672/672
f 659/659/659 660/660/660 678/678/678
f 672/672/672 678/678/678 660/660/660
f 675/675/675 679/679/679 672/672/672
f 679/679/679 678/678/678 672/672/672
f 678/678/678 679/679/679 659/659/659
f 680/680/680 679/679/679 675/675/675
f 676/676/676 680/680/680 675/675/675
f 679/679/679 680/680/680 659/659/659
f 681/681/681 680/680/680 676/676/676
f 682/682/682 681/681/681 676/676/676
f 682/682/682 683/683/683 681/681/681
f 683/683/683 682/682/682 684/684/684
f 659/659/659 680/680/680 685/685/685
f 680/680/680 681/681/681 685/685/685
f 681/681/681 686/686/686 685/685/685
f 683/683/683 686/686/686 681/681/681
f 683/683/683 687/687/687 686/686/686
f 687/687/687 683/683/683 688/688/688
f 683/683/683 684/684/684 688/688/688
f 687/687/687 688/688/688 689/689/689
f 689/689/689 688/688/688 690/690/690
f 682/682/682 691/691/691 684/684/684
f 692/692/692 684/684/684 691/691/691
f 693/693/693 692/692/692 691/691/691
f 688/688/688 684/684/684 694/694/694
f 684/684/684 692/692/692 694/694/694
f 688/688/688 694/694/694 690/690/690
f 695/695/695 694/694/694 692/692/692
f 692/692/692 693/693/693 696/696/696
f 695/695/695 692/692/692 696/696/696
f 693/693/693 697/697/697 696/696/696
f 693/693/693 691/691/691 697/697/697
f 698/698/698 676/676/676 674/674/674
f 691/691/691 682/682/682 698/698/698
f 691/691/691 698/698/698 697/697/697
f 682/682/682 676/676/676 698/698/698
f 690/690/690 694/694/694 699/699/699
f 694/694/694 695/695/695 700/700/700
f 699/699/699 694/694/694 700/700/700
f 701/701/701 695/695/695 696/696/696
f 701/701/701 700/700/700 695/695/695
f 702/702/702 701/701/701 696/696/696
f 702/702/702 696/696/696 703/703/703
f 704/704/704 700/700/700 701/701/701
f 705/705/705 704/704/704 701/701/701
f 704/704/704 705/705/705 706/706/706
f 707/707/707 702/702/702 703/703/703
f 701/701/701 702/702/702 707/707/707
f 705/705/705 701/701/701 707/707/707
f 708/708/708 710/710/710 709/709/709
f 710/710/710 708/708/708 711/711/711
f 711/711/711 708/708/708 712/712/712
f 712/712/712 708/708/708 709/709/709
f 712/712/712 707/707/707 713/713/713
f 713/713/713 711/711/711 712/712/712
f 714/714/714 712/712/712 709/709/709
f 705/705/705 707/707/707 714/714/714
f 707/707/707 712/712/712 714/714/714
f 705/705/705 715/715/715 706/706/706
f 715/715/715 705/705/705 714/714/714
f 714/714/714 709/709/709 715/715/715
f 716/716/716 706/706/706 715/715/715
f 710/710/710 717/717/717 709/709/709
f 709/709/709 717/717/717 715/715/715
f 718/718/718 716/716/716 715/715/715
f 718/718/718 715/715/715 717/717/717
f 717/717/717 710/710/710 718/718/718
f 710/710/710 719/719/719 718/718/718
f 718/718/718 719/719/719 720/720/720
f 718/718/718 720/720/720 716/716/716
f 719/719/719 721/721/721 720/720/720
f 722/722/722 720/720/720 721/721/721
f 723/723/723 722/722/722 721/721/721
f 724/724/724 722/722/722 723/723/723
f 725/725/725 724/724/724 723/723/723
f 726/726/726 720/720/720 722/722/722
f 720/720/720 726/726/726 716/716/716
f 727/727/727 722/722/722 724/724/724
f 727/727/727 726/726/726 722/722/722
f 728/728/728 727/727/727 724/724/724
f 721/721/721 719/719/719 729/729/729
f 730/730/730 723/723/723 721/721/721
f 729/729/729 730/730/730 721/721/721
f 731/731/731 725/725/725 723/723/723
f 730/730/730 731/731/731 723/723/723
f 725/725/725 731/731/731 732/732/732
f 725/725/725 732/732/732 724/724/724
f 724/724/724 733/733/733 728/728/728
f 732/732/732 733/733/733 724/724/724
f 733/733/733 734/734/734 728/728/728
f 735/735/735 737/737/737 736/736/736
f 738/738/738 735/735/735 736/736/736
f 738/738/738 736/736/736 739/739/739
f 732/732/732 739/739/739 733/733/733
f 738/738/738 739/739/739 740/740/740
f 731/731/731 740/740/740 732/732/732
f 739/739/739 732/732/732 740/740/740
f 741/741/741 740/740/740 731/731/731
f 730/730/730 742/742/742 731/731/731
f 742/742/742 741/741/741 731/731/731
f 742/742/742 730/730/730 743/743/743
f 730/730/730 729/729/729 743/743/743
f 733/733/733 744/744/744 734/734/734
f 739/739/739 744/744/744 733/733/733
f 744/744/744 739/739/739 745/745/745
f 737/737/737 746/746/746 745/745/745
f 745/745/745 746/746/746 744/744/744
f 746/746/746 737/737/737 747/747/747
f 737/737/737 748/748/748 747/747/747
f 746/746/746 747/747/747 749/749/749
f 746/746/746 749/749/749 744/744/744
f 750/750/750 744/744/744 749/749/749
f 744/744/744 750/750/750 734/734/734
f 747/747/747 751/751/751 749/749/749
f 751/751/751 750/750/750 749/749/749
f 747/747/747 748/748/748 752/752/752
f 751/751/751 747/747/747 752/752/752
f 748/748/748 753/753/753 752/752/752
f 748/748/748 737/737/737 753/753/753
f 737/737/737 735/735/735 753/753/753
f 750/750/750 751/751/751 754/754/754
f 753/753/753 755/755/755 752/752/752
f 756/756/756 753/753/753 735/735/735
f 738/738/738 756/756/756 735/735/735
f 753/753/753 756/756/756 755/755/755
f 757/757/757 756/756/756 738/738/738
f 738/738/738 740/740/740 757/757/757
f 740/740/740 741/741/741 757/757/757
f 514/514/514 515/515/515 758/758/758
f 758/758/758 759/759/759 514/514/514
f 759/759/759 517/517/517 514/514/514
f 519/519/519 517/517/517 759/759/759
f 758/758/758 760/760/760 759/759/759
f 761/761/761 519/519/519 759/759/759
f 761/761/761 522/522/522 519/519/519
f 523/523/523 522/522/522 761/761/761
f 762/762/762 523/523/523 761/761/761
f 524/524/524 523/523/523 762/762/762
f 761/761/761 759/759/759 762/762/762
f 759/759/759 763/763/763 762/762/762
f 760/760/760 763/763/763 759/759/759
f 760/760/760 764/764/764 763/763/763
f 765/765/765 762/762/762 763/763/763
f 765/765/765 524/524/524 762/762/762
f 764/764/764 766/766/766 763/763/763
f 764/764/764 500/500/500 766/766/766
f 766/766/766 765/765/765 763/763/763
f 500/500/500 767/767/767 766/766/766
f 499/499/499 767/767/767 500/500/500
f 499/499/499 507/507/507 767/767/767
f 767/767/767 768/768/768 766/766/766
f 768/768/768 765/765/765 766/766/766
f 507/507/507 768/768/768 767/767/767
f 769/769/769 524/524/524 765/765/765
f 769/769/769 370/370/370 524/524/524
f 768/768/768 769/769/769 765/765/765
f 769/769/769 770/770/770 370/370/370
f 770/770/770 508/508/508 370/370/370
f 508/508/508 770/770/770 507/507/507
f 507/507/507 770/770/770 768/768/768
f 770/770/770 769/769/769 768/768/768
f 500/500/500 771/771/771 496/496/496
f 771/771/771 495/495/495 496/496/496
f 764/764/764 772/772/772 500/500/500
f 772/772/772 771/771/771 500/500/500
f 760/760/760 773/773/773 764/764/764
f 773/773/773 772/772/772 764/764/764
f 515/515/515 774/774/774 758/758/758
f 774/774/774 773/773/773 760/760/760
f 758/758/758 774/774/774 760/760/760
f 775/775/775 777/777/777 776/776/776
f 778/778/778 780/780/780 779/779/779
f 780/780/780 777/777/777 781/781/781
f 779/779/779 780/780/780 781/781/781
f 777/777/777 782/782/782 781/781/781
f 782/782/782 777/777/777 775/775/775
f 783/783/783 782/782/782 775/775/775
f 778/778/778 779/779/779 784/784/784
f 777/777/777 780/780/780 785/785/785
f 786/786/786 787/787/787 785/785/785
f 780/780/780 788/788/788 785/785/785
f 788/788/788 786/786/786 785/785/785
f 788/788/788 780/780/780 778/778/778
f 785/785/785 789/789/789 777/777/777
f 789/789/789 776/776/776 777/777/777
f 789/789/789 790/790/790 776/776/776
f 791/775/791 776/776/776 790/790/790
f 792/791/792 794/793/794 793/792/793
f 794/793/794 792/791/792 795/794/795
f 790/790/790 796/795/796 795/794/795
f 796/795/796 794/793/794 795/794/795
f 790/790/790 797/796/797 796/795/796
f 797/796/797 790/790/790 789/789/789
f 797/796/797 789/789/789 798/797/798
f 789/789/789 799/798/799 798/797/798
f 785/785/785 787/787/787 799/798/799
f 789/789/789 785/785/785 799/798/799
f 797/796/797 798/797/798 800/799/800
f 800/799/800 794/793/794 801/800/801
f 794/793/794 796/795/796 801/800/801
f 797/796/797 801/800/801 796/795/796
f 801/800/801 797/796/797 800/799/800
f 798/797/798 799/798/799 802/801/802
f 799/798/799 803/802/803 802/801/802
f 804/803/804 803/802/803 799/798/799
f 787/787/787 804/803/804 799/798/799
f 805/804/805 804/803/804 787/787/787
f 786/786/786 805/804/805 787/787/787
f 778/778/778 806/805/806 788/788/788
f 805/804/805 786/786/786 806/805/806
f 806/805/806 786/786/786 788/788/788
f 802/801/802 803/802/803 807/806/807
f 802/801/802 807/806/807 808/807/808
f 803/802/803 809/808/809 807/806/807
f 809/808/809 803/802/803 810/809/810
f 803/802/803 804/803/804 810/809/810
f 811/810/811 810/809/810 804/803/804
f 805/804/805 811/810/811 804/803/804
f 805/804/805 812/811/812 811/810/811
f 812/811/812 805/804/805 806/805/806
f 813/812/813 812/811/812 806/805/806
f 806/805/806 778/778/778 814/813/814
f 813/812/813 814/813/814 815/814/815
f 814/813/814 813/812/813 806/805/806
f 815/814/815 814/813/814 816/815/816
f 816/815/816 817/816/817 815/814/815
f 778/778/778 818/817/818 814/813/814
f 814/813/814 818/817/818 816/815/816
f 818/817/818 778/778/778 784/784/784
f 816/815/816 818/817/818 784/784/784
f 811/810/811 819/818/819 810/809/810
f 819/818/819 811/810/811 820/819/820
f 812/811/812 820/819/820 811/810/811
f 812/811/812 813/812/813 821/820/821
f 820/819/820 812/811/812 821/820/821
f 821/820/821 813/812/813 822/821/822
f 822/821/822 813/812/813 815/814/815
f 815/814/815 823/822/823 822/821/822
f 817/816/817 823/822/823 815/814/815
f 824/823/824 823/822/823 817/816/817
f 825/824/825 821/820/821 822/821/822
f 823/822/823 826/825/826 822/821/822
f 822/821/822 826/825/826 825/824/825
f 826/825/826 823/822/823 827/826/827
f 823/822/823 824/823/824 827/826/827
f 824/823/824 828/827/828 827/826/827
f 828/827/828 824/823/824 829/828/829
f 830/829/830 828/827/828 829/828/829
f 830/829/830 829/828/829 831/830/831
f 832/831/832 830/829/830 831/830/831
f 832/831/832 831/830/831 833/832/833
f 831/830/831 834/833/834 833/832/833
f 824/823/824 835/834/835 829/828/829
f 835/834/835 824/823/824 817/816/817
f 835/834/835 836/835/836 829/828/829
f 836/835/836 831/830/831 829/828/829
f 834/833/834 831/830/831 837/836/837
f 831/830/831 836/835/836 837/836/837
f 834/833/834 838/837/838 833/832/833
f 837/836/837 838/837/838 834/833/834
f 839/838/839 833/832/833 838/837/838
f 840/839/840 839/838/839 838/837/838
f 838/837/838 837/836/837 840/839/840
f 837/836/837 836/835/836 841/840/841
f 837/836/837 841/840/841 840/839/840
f 836/835/836 842/841/842 841/840/841
f 843/842/843 842/841/842 836/835/836
f 844/843/844 843/842/843 836/835/836
f 835/834/835 844/843/844 836/835/836
f 843/842/843 844/843/844 845/844/845
f 816/815/816 846/845/846 817/816/817
f 846/845/846 816/815/816 784/784/784
f 847/846/847 844/843/844 835/834/835
f 817/816/817 847/846/847 835/834/835
f 846/845/846 847/846/847 817/816/817
f 848/847/848 850/849/850 849/848/849
f 850/849/850 851/850/851 849/848/849
f 673/673/673 667/667/667 852/851/852
f 853/852/853 673/673/673 852/851/852
f 854/853/854 853/852/853 852/851/852
f 855/854/855 669/669/669 673/673/673
f 855/854/855 673/673/673 853/852/853
f 848/847/848 669/669/669 855/854/855
f 856/855/856 669/669/669 848/847/848
f 848/847/848 849/848/849 856/855/856
f 849/848/849 857/856/857 856/855/856
f 854/853/854 858/857/858 853/852/853
f 858/857/858 859/858/859 853/852/853
f 858/857/858 860/859/860 859/858/859
f 859/858/859 861/860/861 853/852/853
f 862/861/862 855/854/855 853/852/853
f 861/860/861 862/861/862 853/852/853
f 863/862/863 862/861/862 861/860/861
f 855/854/855 862/861/862 863/862/863
f 848/847/848 855/854/855 863/862/863
f 848/847/848 863/862/863 864/863/864
f 850/849/850 848/847/848 864/863/864
f 865/864/865 850/849/850 864/863/864
f 866/865/866 865/864/865 864/863/864
f 864/863/864 867/866/867 866/865/866
f 863/862/863 867/866/867 864/863/864
f 868/867/868 867/866/867 863/862/863
f 869/868/869 868/867/868 863/862/863
f 869/868/869 863/862/863 861/860/861
f 867/866/867 870/869/870 866/865/866
f 871/870/871 865/864/865 866/865/866
f 870/869/870 871/870/871 866/865/866
f 870/869/870 867/866/867 872/871/872
f 871/870/871 870/869/870 872/871/872
f 867/866/867 868/867/868 872/871/872
f 868/867/868 873/872/873 872/871/872
f 869/868/869 873/872/873 868/867/868
f 873/872/873 869/868/869 874/873/874
f 869/868/869 875/874/875 874/873/874
f 875/874/875 869/868/869 861/860/861
f 876/875/876 861/860/861 859/858/859
f 876/875/876 875/874/875 861/860/861
f 873/872/873 877/876/877 872/871/872
f 877/876/877 871/870/871 872/871/872
f 877/876/877 873/872/873 878/877/878
f 879/878/879 877/876/877 878/877/878
f 871/870/871 877/876/877 879/878/879
f 880/879/880 871/870/871 879/878/879
f 881/880/881 879/878/879 878/877/878
f 880/879/880 879/878/879 881/880/881
f 882/881/882 880/879/880 881/880/881
f 882/881/882 881/880/881 883/882/883
f 884/883/884 882/881/882 883/882/883
f 884/883/884 883/882/883 885/884/885
f 883/882/883 881/880/881 886/885/886
f 886/885/886 881/880/881 878/877/878
f 885/884/885 883/882/883 887/886/887
f 887/886/887 883/882/883 886/885/886
f 888/887/888 885/884/885 887/886/887
f 888/887/888 889/888/889 885/884/885
f 889/888/889 890/889/890 885/884/885
f 890/889/890 884/883/884 885/884/885
f 890/889/890 889/888/889 891/890/891
f 890/889/890 892/891/892 884/883/884
f 892/891/892 890/889/890 891/890/891
f 892/891/892 893/892/893 884/883/884
f 884/883/884 893/892/893 882/881/882
f 893/892/893 894/893/894 882/881/882
f 880/879/880 882/881/882 894/893/894
f 865/864/865 871/870/871 895/894/895
f 895/894/895 880/879/880 894/893/894
f 871/870/871 880/879/880 895/894/895
f 892/891/892 891/890/891 896/895/896
f 893/892/893 892/891/892 896/895/896
f 896/895/896 897/896/897 893/892/893
f 897/896/897 894/893/894 893/892/893
f 851/850/851 850/849/850 898/897/898
f 898/897/898 897/896/897 851/850/851
f 894/893/894 897/896/897 898/897/898
f 895/894/895 894/893/894 898/897/898
f 895/894/895 898/897/898 865/864/865
f 898/897/898 850/849/850 865/864/865
f 851/850/851 897/896/897 899/898/899
f 896/895/896 899/898/899 897/896/897
f 896/895/896 891/890/891 900/899/900
f 899/898/899 896/895/896 900/899/900
f 891/890/891 901/900/901 900/899/900
f 901/900/901 891/890/891 902/901/902
f 891/890/891 903/902/903 902/901/902
f 904/903/904 889/888/889 888/887/888
f 889/888/889 904/903/904 891/890/891
f 904/903/904 903/902/903 891/890/891
f 905/904/905 903/902/903 904/903/904
f 906/905/906 905/904/905 904/903/904
f 905/904/905 906/905/906 907/906/907
f 906/905/906 908/907/908 907/906/907
f 908/907/908 906/905/906 904/903/904
f 908/907/908 909/908/909 907/906/907
f 908/907/908 910/909/910 909/908/909
f 910/909/910 911/910/911 909/908/909
f 909/908/909 911/910/911 912/911/912
f 907/906/907 909/908/909 912/911/912
f 911/910/911 913/912/913 912/911/912
f 905/904/905 914/913/914 903/902/903
f 914/913/914 905/904/905 907/906/907
f 915/914/915 914/913/914 907/906/907
f 916/915/916 915/914/915 907/906/907
f 916/915/916 907/906/907 912/911/912
f 913/912/913 917/916/917 912/911/912
f 917/916/917 916/915/916 912/911/912
f 916/915/916 917/916/917 918/917/918
f 919/918/919 916/915/916 918/917/918
f 916/915/916 919/918/919 915/914/915
f 919/918/919 920/919/920 915/914/915
f 914/913/914 921/920/921 903/902/903
f 920/919/920 921/920/921 915/914/915
f 921/920/921 914/913/914 915/914/915
f 922/921/922 924/923/924 923/922/923
f 925/924/925 922/921/922 923/922/923
f 926/925/926 922/921/922 925/924/925
f 926/925/926 928/927/928 927/926/927
f 928/927/928 926/925/926 925/924/925
f 928/927/928 925/924/925 929/928/929
f 929/928/929 925/924/925 930/929/930
f 925/924/925 923/922/923 930/929/930
f 923/922/923 924/923/924 931/930/931
f 931/930/931 930/929/930 923/922/923
f 924/923/924 932/931/932 931/930/931
f 933/932/933 931/930/931 932/931/932
f 934/933/934 933/932/933 932/931/932
f 933/932/933 934/933/934 935/934/935
f 933/932/933 935/934/935 936/935/936
f 931/930/931 933/932/933 936/935/936
f 930/929/930 931/930/931 936/935/936
f 937/936/937 934/933/934 938/937/938
f 939/938/939 936/935/936 940/939/940
f 936/935/936 935/934/935 940/939/940
f 941/940/941 940/939/940 935/934/935
f 934/933/934 942/941/942 935/934/935
f 942/941/942 941/940/941 935/934/935
f 934/933/934 937/936/937 943/942/943
f 942/941/942 934/933/934 943/942/943
f 944/943/944 937/936/937 938/937/938
f 944/943/944 943/942/943 937/936/937
f 944/943/944 938/937/938 945/944/945
f 942/941/942 943/942/943 946/945/946
f 943/942/943 947/946/947 946/945/946
f 948/947/948 946/945/946 947/946/947
f 949/948/949 947/946/947 943/942/943
f 944/943/944 949/948/949 943/942/943
f 949/948/949 944/943/944 945/944/945
f 950/949/950 947/946/947 949/948/949
f 950/949/950 949/948/949 945/944/945
f 951/950/951 948/947/948 947/946/947
f 947/946/947 950/949/950 951/950/951
f 948/947/948 951/950/951 952/951/952
f 953/952/953 948/947/948 952/951/952
f 953/952/953 952/951/952 954/953/954
f 955/954/955 953/952/953 954/953/954
f 956/955/956 955/954/955 954/953/954
f 956/955/956 954/953/954 957/956/957
f 953/952/953 955/954/955 958/957/958
f 959/958/959 950/949/950 945/944/945
f 950/949/950 960/959/960 951/950/951
f 951/950/951 960/959/960 952/951/952
f 960/959/960 950/949/950 959/958/959
f 960/959/960 961/960/961 952/951/952
f 952/951/952 961/960/961 954/953/954
f 954/953/954 961/960/961 962/961/962
f 961/960/961 960/959/960 962/961/962
f 962/961/962 960/959/960 959/958/959
f 963/962/963 965/964/965 964/963/964
f 966/965/966 963/962/963 964/963/964
f 966/965/966 967/966/967 963/962/963
f 967/966/967 958/957/958 968/967/968
f 967/966/967 968/967/968 963/962/963
f 958/957/958 969/968/969 968/967/968
f 955/954/955 969/968/969 958/957/958
f 955/954/955 956/955/956 970/969/970
f 970/969/970 956/955/956 957/956/957
f 969/968/969 955/954/955 970/969/970
f 969/968/969 970/969/970 971/970/971
f 970/969/970 957/956/957 971/970/971
f 971/970/971 972/971/972 969/968/969
f 972/971/972 968/967/968 969/968/969
f 968/967/968 972/971/972 973/972/973
f 973/972/973 965/964/965 963/962/963
f 968/967/968 973/972/973 963/962/963
f 972/971/972 971/970/971 974/973/974
f 957/956/957 974/973/974 971/970/971
f 975/974/975 972/971/972 974/973/974
f 973/972/973 972/971/972 975/974/975
f 965/964/965 973/972/973 976/975/976
f 964/963/964 965/964/965 976/975/976
f 976/975/976 973/972/973 975/974/975
f 977/976/977 979/978/979 978/977/978
f 977/976/977 980/979/980 979/978/979
f 980/979/980 981/980/981 979/978/979
f 980/979/980 982/981/982 981/980/981
f 981/980/981 982/981/982 983/982/983
f 979/978/979 981/980/981 983/982/983
f 982/981/982 984/983/984 983/982/983
f 982/981/982 985/984/985 984/983/984
f 985/984/985 964/963/964 984/983/984
f 986/985/986 985/984/985 982/981/982
f 985/984/985 986/985/986 964/963/964
f 986/985/986 966/965/966 964/963/964
f 980/979/980 986/985/986 982/981/982
f 987/986/987 979/978/979 983/982/983
f 978/977/978 979/978/979 988/987/988
f 979/978/979 987/986/987 988/987/988
f 989/988/989 978/977/978 988/987/988
f 990/989/990 989/988/989 988/987/988
f 991/990/991 993/992/993 992/991/992
f 993/992/993 991/990/991 994/993/994
f 995/994/995 993/992/993 994/993/994
f 995/994/995 996/995/996 990/989/990
f 996/995/996 995/994/995 994/993/994
f 990/989/990 997/996/997 989/988/989
f 997/996/997 990/989/990 996/995/996
f 977/976/977 978/977/978 998/997/998
f 997/996/997 998/997/998 989/988/989
f 978/977/978 989/988/989 998/997/998
f 999/998/999 996/995/996 994/993/994
f 999/998/999 994/993/994 997/996/997
f 999/998/999 997/996/997 996/995/996
f 994/993/994 1000/999/1000 997/996/997
f 994/993/994 991/990/991 1000/999/1000
f 1001/1000/1001 991/990/991 992/991/992
f 991/990/991 1001/1000/1001 1000/999/1000
f 1002/1001/1002 980/979/980 977/976/977
f 1002/1001/1002 966/965/966 986/985/986
f 980/979/980 1002/1001/1002 986/985/986
f 1003/1002/1003 1002/1001/1002 977/976/977
f 997/996/997 1003/1002/1003 998/997/998
f 1003/1002/1003 977/976/977 998/997/998
f 1004/1003/1004 1006/1005/1006 1005/1004/1005
f 1006/1005/1006 1004/1003/1004 1007/1006/1007
f 1007/1006/1007 1004/1003/1004 1008/1007/1008
f 1007/1006/1007 1008/1007/1008 1009/1008/1009
f 1009/1008/1009 1008/1007/1008 1010/1009/1010
f 1001/1000/1001 992/991/992 1011/1010/1011
f 1009/1008/1009 1010/1009/1010 1011/1010/1011
f 1011/1010/1011 1010/1009/1010 1012/1011/1012
f 1001/1000/1001 1011/1010/1011 1012/1011/1012
f 1013/1012/1013 1006/1005/1006 1007/1006/1007
f 1013/1012/1013 1014/1013/1014 1006/1005/1006
f 1007/1006/1007 1015/1014/1015 1013/1012/1013
f 1015/1014/1015 1007/1006/1007 1009/1008/1009
f 1016/1015/1016 1009/1008/1009 1011/1010/1011
f 992/991/992 1016/1015/1016 1011/1010/1011
f 1009/1008/1009 1016/1015/1016 1015/1014/1015
f 1016/1015/1016 1017/1016/1017 1015/1014/1015
f 1017/1016/1017 1016/1015/1016 992/991/992
f 1018/1017/1018 1017/1016/1017 992/991/992
f 1018/1017/1018 1019/1018/1019 1017/1016/1017
f 1019/1018/1019 1015/1014/1015 1017/1016/1017
f 1019/1018/1019 1020/1019/1020 1015/1014/1015
f 1020/1019/1020 1013/1012/1013 1015/1014/1015
f 1014/1013/1014 1013/1012/1013 1021/1020/1021
f 1013/1012/1013 1020/1019/1020 1021/1020/1021
f 1021/1020/1021 1022/1021/1022 1014/1013/1014
f 1023/1022/1023 1019/1018/1019 1018/1017/1018
f 1019/1018/1019 1023/1022/1023 1024/1023/1024
f 1020/1019/1020 1019/1018/1019 1024/1023/1024
f 1020/1019/1020 1025/1024/1025 1021/1020/1021
f 1020/1019/1020 1024/1023/1024 1025/1024/1025
f 1022/1021/1022 1021/1020/1021 1026/1025/1026
f 1025/1024/1025 1026/1025/1026 1021/1020/1021
f 1026/1025/1026 1027/1026/1027 1022/1021/1022
f 1027/1026/1027 1028/1027/1028 1022/1021/1022
f 1028/1027/1028 1027/1026/1027 1029/1028/1029
f 1030/1029/1030 1028/1027/1028 1029/1028/1029
f 1028/1027/1028 1031/1030/1031 1022/1021/1022
f 1031/1030/1031 1032/1031/1032 1022/1021/1022
f 1022/1021/1022 1032/1031/1032 1014/1013/1014
f 1014/1013/1014 1033/1032/1033 1006/1005/1006
f 1033/1032/1033 1014/1013/1014 1032/1031/1032
f 1034/1033/1034 1006/1005/1006 1033/1032/1033
f 1006/1005/1006 1034/1033/1034 1005/1004/1005
f 1005/1004/1005 1034/1033/1034 1035/1034/1035
f 1005/1004/1005 1035/1034/1035 1036/1035/1036
f 1036/1035/1036 1035/1034/1035 1037/1036/1037
f 1038/1037/1038 1040/1039/1040 1039/1038/1039
f 1038/1037/1038 1039/1038/1039 1041/1040/1041
f 1034/1033/1034 1042/1041/1042 1035/1034/1035
f 1042/1041/1042 1041/1040/1041 1039/1038/1039
f 1043/1042/1043 1035/1034/1035 1042/1041/1042
f 1039/1038/1039 1043/1042/1043 1042/1041/1042
f 1035/1034/1035 1043/1042/1043 1037/1036/1037
f 1041/1040/1041 1042/1041/1042 1044/1043/1044
f 1042/1041/1042 1034/1033/1034 1044/1043/1044
f 1044/1043/1044 1034/1033/1034 1033/1032/1033
f 1045/1044/1045 1032/1031/1032 1031/1030/1031
f 1045/1044/1045 1033/1032/1033 1032/1031/1032
f 1044/1043/1044 1033/1032/1033 1045/1044/1045
f 1030/1029/1030 1046/1045/1046 1028/1027/1028
f 1031/1030/1031 1046/1045/1046 1047/1044/1047
f 1046/1045/1046 1031/1030/1031 1028/1027/1028
f 1044/1043/1044 1048/1046/1048 1041/1040/1041
f 1044/1043/1044 1049/1047/1049 1048/1046/1048
f 1047/1044/1047 1049/1047/1049 1044/1043/1044
f 1050/1048/1050 1049/1047/1049 1047/1044/1047
f 1046/1045/1046 1050/1048/1050 1047/1044/1047
f 1050/1048/1050 1046/1045/1046 1051/1049/1051
f 1046/1045/1046 1030/1029/1030 1051/1049/1051
f 1051/1049/1051 1052/1050/1052 1050/1048/1050
f 1050/1048/1050 1053/1051/1053 1049/1047/1049
f 1052/1050/1052 1053/1051/1053 1050/1048/1050
f 1053/1051/1053 1052/1050/1052 1054/1052/1054
f 1049/1047/1049 1055/1053/1055 1048/1046/1048
f 1053/1051/1053 1055/1053/1055 1049/1047/1049
f 1055/1053/1055 1053/1051/1053 1054/1052/1054
f 1054/1052/1054 1056/1054/1056 1055/1053/1055
f 1057/1055/1057 1056/1054/1056 1054/1052/1054
f 1058/1056/1058 1057/1055/1057 1054/1052/1054
f 1052/1050/1052 1058/1056/1058 1054/1052/1054
f 1059/1057/1059 1058/1056/1058 1052/1050/1052
f 1060/1058/1060 1052/1050/1052 1051/1049/1051
f 1060/1058/1060 1051/1049/1051 1030/1029/1030
f 1060/1058/1060 1059/1057/1059 1052/1050/1052
f 1061/1059/1061 1040/1039/1040 1038/1037/1038
f 1062/1060/1062 1063/1061/1063 1061/1059/1061
f 1063/1061/1063 1064/1062/1064 1061/1059/1061
f 1040/1039/1040 1061/1059/1061 1064/1062/1064
f 1063/1061/1063 1065/1063/1065 1064/1062/1064
f 1063/1061/1063 1062/1060/1062 1065/1063/1065
f 1066/1064/1066 1065/1063/1065 1062/1060/1062
f 1067/1065/1067 1066/1064/1066 1062/1060/1062
f 1068/1066/1068 1056/1054/1056 1057/1055/1057
f 1067/1065/1067 1062/1060/1062 1068/1066/1068
f 1069/1067/1069 1068/1066/1068 1057/1055/1057
f 1069/1067/1069 1067/1065/1067 1068/1066/1068
f 1070/1068/1070 1056/1054/1056 1068/1066/1068
f 1056/1054/1056 1070/1068/1070 1055/1053/1055
f 1055/1053/1055 1070/1068/1070 1048/1046/1048
f 1071/1069/1071 1070/1068/1070 1068/1066/1068
f 1048/1046/1048 1072/1070/1072 1041/1040/1041
f 1070/1068/1070 1071/1069/1071 1072/1070/1072
f 1048/1046/1048 1070/1068/1070 1072/1070/1072
f 1062/1060/1062 1073/1071/1073 1068/1066/1068
f 1073/1071/1073 1062/1060/1062 1061/1059/1061
f 1071/1069/1071 1073/1071/1073 1072/1070/1072
f 1073/1071/1073 1071/1069/1071 1068/1066/1068
f 1074/1072/1074 1038/1037/1038 1041/1040/1041
f 1074/1072/1074 1073/1071/1073 1061/1059/1061
f 1073/1071/1073 1074/1072/1074 1072/1070/1072
f 1072/1070/1072 1074/1072/1074 1041/1040/1041
f 1074/1072/1074 1061/1059/1061 1038/1037/1038
f 1043/1042/1043 1039/1038/1039 1075/1073/1075
f 1037/1036/1037 1043/1042/1043 1075/1073/1075
f 1039/1038/1039 1076/1074/1076 1075/1073/1075
f 1040/1039/1040 1076/1074/1076 1039/1038/1039
f 1077/1075/1077 1040/1039/1040 1064/1062/1064
f 1076/1074/1076 1040/1039/1040 1077/1075/1077
f 1065/1063/1065 1078/1076/1078 1064/1062/1064
f 1064/1062/1064 1078/1076/1078 1077/1075/1077
f 1079/1077/1079 1065/1063/1065 1066/1064/1066
f 1065/1063/1065 1079/1077/1079 1078/1076/1078
f 1076/1074/1076 1080/1078/1080 1075/1073/1075
f 1080/1078/1080 1037/1036/1037 1075/1073/1075
f 1081/1079/1081 1083/1081/1083 1082/1080/1082
f 1083/1081/1083 1084/1082/1084 1082/1080/1082
f 1084/1082/1084 1085/1083/1085 1082/1080/1082
f 1085/1083/1085 1084/1082/1084 1086/1084/1086
f 1079/1077/1079 1087/1085/1087 1078/1076/1078
f 1084/1082/1084 1087/1085/1087 1086/1084/1086
f 1087/1085/1087 1079/1077/1079 1086/1084/1086
f 1078/1076/1078 1088/1086/1088 1077/1075/1077
f 1078/1076/1078 1087/1085/1087 1088/1086/1088
f 1088/1086/1088 1089/1087/1089 1077/1075/1077
f 1089/1087/1089 1076/1074/1076 1077/1075/1077
f 1090/1088/1090 1092/1090/1092 1091/1089/1091
f 1089/1087/1089 1088/1086/1088 1092/1090/1092
f 1092/1090/1092 1093/1091/1093 1089/1087/1089
f 1080/1078/1080 1093/1091/1093 1090/1088/1090
f 1080/1078/1080 1076/1074/1076 1093/1091/1093
f 1076/1074/1076 1089/1087/1089 1093/1091/1093
f 1093/1091/1093 1092/1090/1092 1090/1088/1090
f 1092/1090/1092 1088/1086/1088 1094/1092/1094
f 1091/1089/1091 1092/1090/1092 1094/1092/1094
f 1094/1092/1094 1087/1085/1087 1084/1082/1084
f 1087/1085/1087 1094/1092/1094 1088/1086/1088
f 1083/1081/1083 1094/1092/1094 1084/1082/1084
f 1091/1089/1091 1094/1092/1094 1083/1081/1083
f 1095/1093/1095 1091/1089/1091 1083/1081/1083
f 1095/1093/1095 1083/1081/1083 1096/1079/1096
f 1097/1094/1097 1095/1093/1095 1096/1079/1096
f 1098/1095/1098 1080/1078/1080 1090/1088/1090
f 1098/1095/1098 1090/1088/1090 1099/1096/1099
f 1099/1096/1099 1090/1088/1090 1091/1089/1091
f 1099/1096/1099 1091/1089/1091 1100/1097/1100
f 1100/1097/1100 1091/1089/1091 1095/1093/1095
f 1095/1093/1095 1097/1094/1097 1101/1098/1101
f 1101/1098/1101 1100/1097/1100 1095/1093/1095
f 1102/1099/1102 1104/1101/1104 1103/1100/1103
f 1104/1101/1104 1102/1099/1102 1105/1102/1105
f 1102/1099/1102 1106/1103/1106 1105/1102/1105
f 1107/1104/1107 1105/1102/1105 1106/1103/1106
f 1107/1104/1107 1100/1097/1100 1101/1098/1101
f 1108/1105/1108 1107/1104/1107 1106/1103/1106
f 1107/1104/1107 1108/1105/1108 1100/1097/1100
f 1109/1106/1109 1099/1096/1099 1100/1097/1100
f 1108/1105/1108 1109/1106/1109 1100/1097/1100
f 1110/1107/1110 1099/1096/1099 1109/1106/1109
f 1110/1107/1110 1098/1095/1098 1099/1096/1099
f 1103/1100/1103 1104/1101/1104 1111/1108/1111
f 1104/1101/1104 1105/1102/1105 1112/1109/1112
f 1111/1108/1111 1104/1101/1104 1112/1109/1112
f 1107/1104/1107 1113/1110/1113 1105/1102/1105
f 1113/1110/1113 1112/1109/1112 1105/1102/1105
f 1113/1110/1113 1107/1104/1107 1101/1098/1101
f 1113/1110/1113 1114/1111/1114 1112/1109/1112
f 1114/1111/1114 1115/1112/1115 1112/1109/1112
f 1112/1109/1112 1115/1112/1115 1111/1108/1111
f 1114/1111/1114 1116/1113/1116 1115/1112/1115
f 1116/1113/1116 1117/1114/1117 1115/1112/1115
f 1117/1114/1117 1116/1113/1116 1118/1115/1118
f 1119/1116/1119 1117/1114/1117 1118/1115/1118
f 1117/1114/1117 1119/1116/1119 1115/1112/1115
f 1115/1112/1115 1120/1117/1120 1111/1108/1111
f 1119/1116/1119 1120/1117/1120 1115/1112/1115
f 1118/1115/1118 1116/1113/1116 1121/1118/1121
f 1116/1113/1116 1122/1119/1122 1121/1118/1121
f 1121/1118/1121 1123/1120/1123 1118/1115/1118
f 1123/1120/1123 1124/1121/1124 1118/1115/1118
f 1124/1121/1124 1119/1116/1119 1118/1115/1118
f 1119/1116/1119 1124/1121/1124 1125/1122/1125
f 1126/1123/1126 1119/1116/1119 1125/1122/1125
f 1120/1117/1120 1119/1116/1119 1126/1123/1126
f 1127/1124/1127 1120/1117/1120 1126/1123/1126
f 1128/1125/1128 1103/1100/1103 1111/1108/1111
f 1128/1125/1128 1111/1108/1111 1120/1117/1120
f 1127/1124/1127 1128/1125/1128 1120/1117/1120
f 1103/1100/1103 1128/1125/1128 1129/1126/1129
f 939/938/939 1103/1100/1103 1129/1126/1129
f 1126/1123/1126 1125/1122/1125 1130/1127/1130
f 1131/1128/1131 1126/1123/1126 1130/1127/1130
f 1126/1123/1126 1131/1128/1131 1127/1124/1127
f 1127/1124/1127 1132/1129/1132 1128/1125/1128
f 1131/1128/1131 1132/1129/1132 1127/1124/1127
f 1132/1129/1132 1133/1126/1133 1128/1125/1128
f 1133/1126/1133 1132/1129/1132 1134/928/1134
f 936/935/936 939/938/939 1135/929/1135
f 1135/929/1135 1133/1126/1133 1134/928/1134
f 939/938/939 1133/1126/1133 1135/929/1135
f 1134/928/1134 1132/1129/1132 1136/1130/1136
f 1131/1128/1131 1130/1127/1130 1136/1130/1136
f 1136/1130/1136 928/927/928 929/928/929
f 1132/1129/1132 1131/1128/1131 1136/1130/1136
f 1137/1131/1137 927/926/927 928/927/928
f 1130/1127/1130 1137/1131/1137 1136/1130/1136
f 1136/1130/1136 1137/1131/1137 928/927/928
f 1137/1131/1137 1130/1127/1130 1138/1132/1138
f 1138/1132/1138 1130/1127/1130 1139/1133/1139
f 1125/1122/1125 1124/1121/1124 1139/1133/1139
f 1130/1127/1130 1125/1122/1125 1139/1133/1139
f 1138/1132/1138 1139/1133/1139 1140/1134/1140
f 1139/1133/1139 1141/1135/1141 1140/1134/1140
f 1124/1121/1124 1141/1135/1141 1139/1133/1139
f 1138/1132/1138 1140/1134/1140 1142/1136/1142
f 1142/1136/1142 1137/1131/1137 1138/1132/1138
f 927/926/927 1137/1131/1137 1142/1136/1142
f 1143/1137/1143 1144/1138/1144 1141/1135/1141
f 1141/1135/1141 1145/1139/1145 1140/1134/1140
f 1145/1139/1145 1141/1135/1141 1144/1138/1144
f 1140/1134/1140 1145/1139/1145 1146/1140/1146
f 1147/1141/1147 1140/1134/1140 1146/1140/1146
f 1140/1134/1140 1147/1141/1147 1142/1136/1142
f 1148/1142/1148 927/926/927 1142/1136/1142
f 1142/1136/1142 1147/1141/1147 1148/1142/1148
f 1149/1143/1149 926/925/926 927/926/927
f 1149/1143/1149 927/926/927 1148/1142/1148
f 1150/1144/1150 1149/1143/1149 1148/1142/1148
f 1147/1141/1147 1150/1144/1150 1148/1142/1148
f 1147/1141/1147 1146/1140/1146 1151/1145/1151
f 1150/1144/1150 1147/1141/1147 1151/1145/1151
f 1152/1146/1152 1154/1148/1154 1153/1147/1153
f 1155/1149/1155 1157/1151/1157 1156/1150/1156
f 1157/1151/1157 1155/1149/1155 1158/1152/1158
f 1157/1151/1157 1158/1152/1158 1159/1153/1159
f 1159/1153/1159 1160/1154/1160 1153/1147/1153
f 1159/1153/1159 1158/1152/1158 1160/1154/1160
f 1161/1155/1161 1159/1153/1159 1153/1147/1153
f 1154/1148/1154 1161/1155/1161 1153/1147/1153
f 1154/1148/1154 1162/1156/1162 1161/1155/1161
f 1163/1157/1163 1162/1156/1162 1154/1148/1154
f 1162/1156/1162 1163/1157/1163 1164/1158/1164
f 1158/1152/1158 1165/1159/1165 1160/1154/1160
f 1158/1152/1158 1166/1160/1166 1165/1159/1165
f 1166/1160/1166 1158/1152/1158 1167/1161/1167
f 1155/1149/1155 1167/1161/1167 1158/1152/1158
f 1166/1160/1166 1168/1162/1168 1165/1159/1165
f 1169/1163/1169 1162/1156/1162 1164/1158/1164
f 1170/1164/1170 1169/1163/1169 1164/1158/1164
f 1171/1165/1171 1170/1164/1170 1164/1158/1164
f 1171/1165/1171 1172/1166/1172 1170/1164/1170
f 1172/1166/1172 1171/1165/1171 1173/1167/1173
f 1173/1167/1173 1174/1168/1174 1172/1166/1172
f 1170/1164/1170 1175/1169/1175 1169/1163/1169
f 1172/1166/1172 1176/1170/1176 1170/1164/1170
f 1175/1169/1175 1170/1164/1170 1176/1170/1176
f 1172/1166/1172 1177/1171/1177 1176/1170/1176
f 1174/1168/1174 1177/1171/1177 1172/1166/1172
f 1174/1168/1174 1178/1172/1178 1177/1171/1177
f 1178/1172/1178 1179/1173/1179 1177/1171/1177
f 1178/1172/1178 1180/1174/1180 1179/1173/1179
f 1180/1174/1180 1181/1175/1181 1179/1173/1179
f 1180/1174/1180 1182/1176/1182 1181/1175/1181
f 1183/1177/1183 1175/1169/1175 1176/1170/1176
f 1177/1171/1177 1184/1178/1184 1176/1170/1176
f 1177/1171/1177 1179/1173/1179 1184/1178/1184
f 1176/1170/1176 1184/1178/1184 1183/1177/1183
f 1185/1179/1185 1179/1173/1179 1181/1175/1181
f 1179/1173/1179 1185/1179/1185 1184/1178/1184
f 1184/1178/1184 1186/1180/1186 1183/1177/1183
f 1184/1178/1184 1185/1179/1185 1186/1180/1186
f 1186/1180/1186 1185/1179/1185 1187/1181/1187
f 1188/1182/1188 1186/1180/1186 1187/1181/1187
f 1186/1180/1186 1188/1182/1188 1189/1183/1189
f 1183/1177/1183 1186/1180/1186 1189/1183/1189
f 1189/1183/1189 1190/1184/1190 1183/1177/1183
f 1190/1184/1190 1175/1169/1175 1183/1177/1183
f 1175/1169/1175 1191/1185/1191 1169/1163/1169
f 1175/1169/1175 1190/1184/1190 1191/1185/1191
f 1162/1156/1162 1169/1163/1169 1191/1185/1191
f 1190/1184/1190 1192/1186/1192 1191/1185/1191
f 1162/1156/1162 1193/1187/1193 1161/1155/1161
f 1192/1186/1192 1193/1187/1193 1191/1185/1191
f 1193/1187/1193 1162/1156/1162 1191/1185/1191
f 1161/1155/1161 1193/1187/1193 1159/1153/1159
f 1194/1188/1194 1190/1184/1190 1189/1183/1189
f 1156/1150/1156 1157/1151/1157 1195/1189/1195
f 1195/1189/1195 1192/1186/1192 1190/1184/1190
f 1195/1189/1195 1194/1188/1194 1156/1150/1156
f 1194/1188/1194 1195/1189/1195 1190/1184/1190
f 1196/1190/1196 1157/1151/1157 1159/1153/1159
f 1193/1187/1193 1192/1186/1192 1196/1190/1196
f 1192/1186/1192 1195/1189/1195 1196/1190/1196
f 1157/1151/1157 1196/1190/1196 1195/1189/1195
f 1193/1187/1193 1196/1190/1196 1159/1153/1159
f 1188/1182/1188 1187/1181/1187 1197/1191/1197
f 1198/1192/1198 1197/1191/1197 1199/1193/1199
f 1200/1194/1200 1188/1182/1188 1197/1191/1197
f 1200/1194/1200 1197/1191/1197 1198/1192/1198
f 1201/1195/1201 1200/1194/1200 1198/1192/1198
f 1202/1196/1202 1194/1188/1194 1189/1183/1189
f 1188/1182/1188 1200/1194/1200 1202/1196/1202
f 1189/1183/1189 1188/1182/1188 1202/1196/1202
f 1200/1194/1200 1201/1195/1201 1202/1196/1202
f 1202/1196/1202 1203/1197/1203 1194/1188/1194
f 1201/1195/1201 1203/1197/1203 1202/1196/1202
f 1203/1197/1203 1204/1198/1204 1194/1188/1194
f 1194/1188/1194 1204/1198/1204 1156/1150/1156
f 1205/1199/1205 1155/1149/1155 1156/1150/1156
f 1204/1198/1204 1205/1199/1205 1156/1150/1156
f 1205/1199/1205 1204/1198/1204 1206/1200/1206
f 1207/1201/1207 1204/1198/1204 1203/1197/1203
f 1204/1198/1204 1207/1201/1207 1206/1200/1206
f 1201/1195/1201 1198/1192/1198 1208/1202/1208
f 1208/1202/1208 1207/1201/1207 1203/1197/1203
f 1201/1195/1201 1208/1202/1208 1203/1197/1203
f 1198/1192/1198 1209/1203/1209 1208/1202/1208
f 1210/1204/1210 1209/1203/1209 1198/1192/1198
f 1199/1193/1199 1210/1204/1210 1198/1192/1198
f 1210/1204/1210 1199/1193/1199 1211/1205/1211
f 1199/1193/1199 1212/1206/1212 1211/1205/1211
f 1211/1205/1211 1212/1206/1212 1213/1207/1213
f 1213/1207/1213 1212/1206/1212 1214/1208/1214
f 1214/1208/1214 1215/1209/1215 1213/1207/1213
f 1216/1210/1216 1215/1209/1215 1214/1208/1214
f 1215/1209/1215 1216/1210/1216 1217/1211/1217
f 1218/1212/1218 1215/1209/1215 1217/1211/1217
f 1217/1211/1217 1219/1213/1219 1218/1212/1218
f 1218/1212/1218 1219/1213/1219 1220/1214/1220
f 1219/1213/1219 1221/1215/1221 1220/1214/1220
f 1222/1216/1222 1219/1213/1219 1217/1211/1217
f 1217/1211/1217 1216/1210/1216 1222/1216/1222
f 1215/1209/1215 1223/1217/1223 1213/1207/1213
f 1215/1209/1215 1218/1212/1218 1223/1217/1223
f 1224/1218/1224 1219/1213/1219 1222/1216/1222
f 1222/1216/1222 1225/1219/1225 1224/1218/1224
f 1216/1210/1216 1225/1219/1225 1222/1216/1222
f 1225/1219/1225 1216/1210/1216 1226/1220/1226
f 1226/1220/1226 1216/1210/1216 1214/1208/1214
f 1212/1206/1212 1227/1221/1227 1214/1208/1214
f 1226/1220/1226 1214/1208/1214 1227/1221/1227
f 1197/1191/1197 1228/1222/1228 1199/1193/1199
f 1228/1222/1228 1227/1221/1227 1212/1206/1212
f 1197/1191/1197 1187/1181/1187 1228/1222/1228
f 1199/1193/1199 1228/1222/1228 1212/1206/1212
f 1227/1221/1227 1228/1222/1228 1229/1223/1229
f 1229/1223/1229 1226/1220/1226 1227/1221/1227
f 1230/1224/1230 1225/1219/1225 1226/1220/1226
f 1230/1224/1230 1226/1220/1226 1229/1223/1229
f 1231/1225/1231 1230/1224/1230 1229/1223/1229
f 1232/1226/1232 1185/1179/1185 1181/1175/1181
f 1232/1226/1232 1231/1225/1231 1229/1223/1229
f 1232/1226/1232 1181/1175/1181 1231/1225/1231
f 1228/1222/1228 1233/1227/1233 1229/1223/1229
f 1185/1179/1185 1232/1226/1232 1233/1227/1233
f 1187/1181/1187 1185/1179/1185 1233/1227/1233
f 1187/1181/1187 1233/1227/1233 1228/1222/1228
f 1233/1227/1233 1232/1226/1232 1229/1223/1229
f 1234/1228/1234 1235/1229/1235 1224/1218/1224
f 1224/1218/1224 1235/1229/1235 1219/1213/1219
f 1236/1230/1236 1234/1228/1234 1224/1218/1224
f 1225/1219/1225 1236/1230/1236 1224/1218/1224
f 1237/1231/1237 1236/1230/1236 1225/1219/1225
f 1230/1224/1230 1237/1231/1237 1225/1219/1225
f 1234/1228/1234 1236/1230/1236 1237/1231/1237
f 1237/1231/1237 1238/1232/1238 1182/1176/1182
f 1238/1232/1238 1237/1231/1237 1230/1224/1230
f 1231/1225/1231 1238/1232/1238 1230/1224/1230
f 1182/1176/1182 1238/1232/1238 1181/1175/1181
f 1181/1175/1181 1238/1232/1238 1231/1225/1231
f 1239/1233/1239 1237/1231/1237 1182/1176/1182
f 1239/1233/1239 1234/1228/1234 1237/1231/1237
f 1234/1228/1234 1240/1234/1240 1235/1229/1235
f 1240/1234/1240 1234/1228/1234 1239/1233/1239
f 1241/1235/1241 1240/1234/1240 1239/1233/1239
f 1239/1233/1239 1182/1176/1182 1241/1235/1241
f 1178/1172/1178 1242/1236/1242 1180/1174/1180
f 1180/1174/1180 1243/1237/1243 1182/1176/1182
f 1242/1236/1242 1243/1237/1243 1180/1174/1180
f 1182/1176/1182 1244/1238/1244 1241/1235/1241
f 1243/1237/1243 1244/1238/1244 1182/1176/1182
f 1241/1235/1241 1244/1238/1244 1245/1239/1245
f 1240/1234/1240 1241/1235/1241 1246/1240/1246
f 1241/1235/1241 1245/1239/1245 1246/1240/1246
f 1240/1234/1240 1246/1240/1246 1247/1241/1247
f 1240/1234/1240 1247/1241/1247 1235/1229/1235
f 1242/1236/1242 1248/1242/1248 1243/1237/1243
f 1248/1242/1248 1242/1236/1242 1249/1243/1249
f 1242/1236/1242 1178/1172/1178 1250/1244/1250
f 1242/1236/1242 1250/1244/1250 1249/1243/1249
f 1178/1172/1178 1174/1168/1174 1250/1244/1250
f 1248/1242/1248 1249/1243/1249 1251/1245/1251
f 1252/1246/1252 1248/1242/1248 1251/1245/1251
f 1253/1247/1253 1248/1242/1248 1252/1246/1252
f 1248/1242/1248 1253/1247/1253 1243/1237/1243
f 1244/1238/1244 1254/1248/1254 1245/1239/1245
f 1243/1237/1243 1253/1247/1253 1254/1248/1254
f 1244/1238/1244 1243/1237/1243 1254/1248/1254
f 1251/1245/1251 1255/1249/1255 1252/1246/1252
f 1256/1250/1256 1258/1252/1258 1257/1251/1257
f 1258/1252/1258 1256/1250/1256 1259/1253/1259
f 1256/1250/1256 1260/1254/1260 1259/1253/1259
f 1259/1253/1259 1260/1254/1260 1255/1249/1255
f 1260/1254/1260 1261/1255/1261 1255/1249/1255
f 1255/1249/1255 1261/1255/1261 1252/1246/1252
f 1252/1246/1252 1261/1255/1261 1262/1256/1262
f 1262/1256/1262 1253/1247/1253 1252/1246/1252
f 1263/1257/1263 1254/1248/1254 1253/1247/1253
f 1262/1256/1262 1263/1257/1263 1253/1247/1253
f 1260/1254/1260 1264/1258/1264 1261/1255/1261
f 1261/1255/1261 1264/1258/1264 1262/1256/1262
f 1265/1259/1265 1264/1258/1264 1260/1254/1260
f 1256/1250/1256 1265/1259/1265 1260/1254/1260
f 1256/1250/1256 1266/1260/1266 1265/1259/1265
f 1266/1260/1266 1256/1250/1256 1257/1251/1257
f 1264/1258/1264 1265/1259/1265 1267/1261/1267
f 1264/1258/1264 1268/1262/1268 1262/1256/1262
f 1263/1257/1263 1268/1262/1268 1269/1263/1269
f 1268/1262/1268 1264/1258/1264 1267/1261/1267
f 1269/1263/1269 1268/1262/1268 1267/1261/1267
f 1268/1262/1268 1263/1257/1263 1262/1256/1262
f 1235/1229/1235 1247/1241/1247 1270/1264/1270
f 1235/1229/1235 1270/1264/1270 1219/1213/1219
f 1219/1213/1219 1270/1264/1270 1221/1215/1221
f 1271/1265/1271 1270/1264/1270 1247/1241/1247
f 1270/1264/1270 1271/1265/1271 1272/1266/1272
f 1246/1240/1246 1271/1265/1271 1247/1241/1247
f 1271/1265/1271 1273/1267/1273 1272/1266/1272
f 1274/1268/1274 1273/1267/1273 1271/1265/1271
f 1274/1268/1274 1246/1240/1246 1245/1239/1245
f 1246/1240/1246 1274/1268/1274 1271/1265/1271
f 1275/1269/1275 1272/1266/1272 1273/1267/1273
f 1274/1268/1274 1275/1269/1275 1273/1267/1273
f 1276/1270/1276 1274/1268/1274 1245/1239/1245
f 1275/1269/1275 1274/1268/1274 1276/1270/1276
f 1269/1263/1269 1275/1269/1275 1276/1270/1276
f 1276/1270/1276 1263/1257/1263 1269/1263/1269
f 1245/1239/1245 1254/1248/1254 1276/1270/1276
f 1254/1248/1254 1263/1257/1263 1276/1270/1276
f 1266/1260/1266 1277/1271/1277 1265/1259/1265
f 1265/1259/1265 1277/1271/1277 1278/1272/1278
f 1267/1261/1267 1265/1259/1265 1278/1272/1278
f 1279/1273/1279 1269/1263/1269 1267/1261/1267
f 1279/1273/1279 1267/1261/1267 1278/1272/1278
f 1275/1269/1275 1280/1274/1280 1272/1266/1272
f 1279/1273/1279 1280/1274/1280 1269/1263/1269
f 1280/1274/1280 1275/1269/1275 1269/1263/1269
f 1280/1274/1280 1281/1275/1281 1272/1266/1272
f 1270/1264/1270 1272/1266/1272 1282/1276/1282
f 1282/1276/1282 1272/1266/1272 1281/1275/1281
f 1283/1277/1283 1279/1273/1279 1278/1272/1278
f 1280/1274/1280 1279/1273/1279 1284/1278/1284
f 1281/1275/1281 1280/1274/1280 1284/1278/1284
f 1279/1273/1279 1283/1277/1283 1284/1278/1284
f 1282/1276/1282 1281/1275/1281 1285/1279/1285
f 1281/1275/1281 1286/1280/1286 1285/1279/1285
f 1287/1281/1287 1289/1283/1289 1288/1282/1288
f 1290/1284/1290 1287/1281/1287 1288/1282/1288
f 1285/1279/1285 1286/1280/1286 1291/1285/1291
f 1290/1284/1290 1285/1279/1285 1291/1285/1291
f 1287/1281/1287 1290/1284/1290 1291/1285/1291
f 1286/1280/1286 1292/1286/1292 1291/1285/1291
f 1286/1280/1286 1293/1287/1293 1292/1286/1292
f 1294/1288/1294 1285/1279/1285 1290/1284/1290
f 1294/1288/1294 1282/1276/1282 1285/1279/1285
f 1295/1289/1295 1294/1288/1294 1290/1284/1290
f 1290/1284/1290 1288/1282/1288 1295/1289/1295
f 1288/1282/1288 1289/1283/1289 1296/1290/1296
f 1294/1288/1294 1295/1289/1295 1296/1290/1296
f 1295/1289/1295 1288/1282/1288 1296/1290/1296
f 1289/1283/1289 1297/1291/1297 1296/1290/1296
f 1220/1214/1220 1221/1215/1221 1298/1292/1298
f 1221/1215/1221 1299/1293/1299 1298/1292/1298
f 1298/1292/1298 1299/1293/1299 1300/1294/1300
f 1301/1295/1301 1296/1290/1296 1300/1294/1300
f 1301/1295/1301 1294/1288/1294 1296/1290/1296
f 1299/1293/1299 1301/1295/1301 1300/1294/1300
f 1294/1288/1294 1301/1295/1301 1302/1296/1302
f 1282/1276/1282 1294/1288/1294 1302/1296/1302
f 1302/1296/1302 1270/1264/1270 1282/1276/1282
f 1301/1295/1301 1299/1293/1299 1302/1296/1302
f 1299/1293/1299 1221/1215/1221 1302/1296/1302
f 1270/1264/1270 1302/1296/1302 1221/1215/1221
f 1303/1297/1303 1305/1299/1305 1304/1298/1304
f 1306/1300/1306 1308/1302/1308 1307/1301/1307
f 1308/1302/1308 1309/1303/1309 1307/1301/1307
f 1308/1302/1308 1310/1304/1310 1309/1303/1309
f 1310/1304/1310 1311/1305/1311 1309/1303/1309
f 1310/1304/1310 1312/1306/1312 1311/1305/1311
f 1305/1299/1305 1311/1305/1311 1313/1307/1313
f 1312/1306/1312 1313/1307/1313 1311/1305/1311
f 1309/1303/1309 1311/1305/1311 1314/1308/1314
f 1305/1299/1305 1303/1297/1303 1314/1308/1314
f 1311/1305/1311 1305/1299/1305 1314/1308/1314
f 1314/1308/1314 1303/1297/1303 1315/1309/1315
f 1309/1303/1309 1314/1308/1314 1315/1309/1315
f 1316/1310/1316 1318/1312/1318 1317/1311/1317
f 1307/1301/1307 1319/1313/1319 1306/1300/1306
f 1317/1311/1317 1318/1312/1318 1319/1313/1319
f 1320/1314/1320 1317/1311/1317 1319/1313/1319
f 1321/1315/1321 1319/1313/1319 1307/1301/1307
f 1319/1313/1319 1321/1315/1321 1320/1314/1320
f 1322/1316/1322 1307/1301/1307 1309/1303/1309
f 1315/1309/1315 1322/1316/1322 1309/1303/1309
f 1307/1301/1307 1322/1316/1322 1321/1315/1321
f 1323/1317/1323 1324/1318/1324 1317/1311/1317
f 1324/1318/1324 1316/1310/1316 1317/1311/1317
f 1325/1319/1325 1324/1318/1324 1326/1320/1326
f 1324/1318/1324 1323/1317/1323 1326/1320/1326
f 1327/1321/1327 1323/1317/1323 1317/1311/1317
f 1323/1317/1323 1327/1321/1327 1326/1320/1326
f 1320/1314/1320 1327/1321/1327 1317/1311/1317
f 1327/1321/1327 1328/1322/1328 1326/1320/1326
f 1326/1320/1326 1329/1323/1329 1325/1319/1325
f 1326/1320/1326 1328/1322/1328 1329/1323/1329
f 1329/1323/1329 1330/1324/1330 1325/1319/1325
f 1325/1319/1325 1330/1324/1330 1331/1325/1331
f 1330/1324/1330 1332/1326/1332 1331/1325/1331
f 1332/1326/1332 1333/1327/1333 1331/1325/1331
f 1334/1328/1334 625/625/625 626/626/626
f 628/628/628 1333/1327/1333 1334/1328/1334
f 1334/1328/1334 1333/1327/1333 1332/1326/1332
f 628/628/628 1334/1328/1334 626/626/626
f 1335/1329/1335 1337/1331/1337 1336/1330/1336
f 1337/1331/1337 1329/1323/1329 1336/1330/1336
f 1330/1324/1330 1329/1323/1329 1337/1331/1337
f 1332/1326/1332 1330/1324/1330 1337/1331/1337
f 1338/1332/1338 1334/1328/1334 1332/1326/1332
f 1338/1332/1338 1332/1326/1332 1337/1331/1337
f 1335/1329/1335 1338/1332/1338 1337/1331/1337
f 1320/1314/1320 1339/1333/1339 1327/1321/1327
f 1329/1323/1329 1339/1333/1339 1336/1330/1336
f 1328/1322/1328 1339/1333/1339 1329/1323/1329
f 1339/1333/1339 1328/1322/1328 1327/1321/1327
f 1320/1314/1320 1340/1334/1340 1339/1333/1339
f 1321/1315/1321 1340/1334/1340 1320/1314/1320
f 1339/1333/1339 1340/1334/1340 1336/1330/1336
f 1322/1316/1322 1315/1309/1315 1341/1335/1160
f 1342/1336/1341 1343/1337/1342 1341/1335/1160
f 1343/1337/1342 1322/1316/1322 1341/1335/1160
f 1343/1337/1342 1321/1315/1321 1322/1316/1322
f 1343/1337/1342 1340/1334/1340 1321/1315/1321
f 1344/1338/1168 1343/1337/1342 1342/1336/1341
f 1343/1337/1342 1344/1338/1168 1345/1339/1343
f 1340/1334/1340 1343/1337/1342 1345/1339/1343
f 1340/1334/1340 1346/1340/1344 1336/1330/1336
f 1346/1340/1344 1340/1334/1340 1345/1339/1343
f 1347/1341/1345 1335/1329/1335 1336/1330/1336
f 1346/1340/1344 1347/1341/1345 1336/1330/1336
f 1338/1332/1338 1348/1342/1346 1334/1328/1334
f 618/618/618 625/625/625 1348/1342/1346
f 612/612/612 618/618/618 1348/1342/1346
f 1348/1342/1346 625/625/625 1334/1328/1334
f 1348/1342/1346 1349/1343/1347 612/612/612
f 1349/1343/1347 613/613/613 612/612/612
f 1338/1332/1338 1335/1329/1335 1349/1343/1347
f 1348/1342/1346 1338/1332/1338 1349/1343/1347
f 1349/1343/1347 1335/1329/1335 1350/1344/1348
f 1335/1329/1335 1347/1341/1345 1350/1344/1348
f 1349/1343/1347 1350/1344/1348 613/613/613
f 1350/1344/1348 1347/1341/1345 1351/1345/1349
f 1347/1341/1345 1346/1340/1344 1351/1345/1349
f 1346/1340/1344 1352/1346/1350 1351/1345/1349
f 1350/1344/1348 1353/1347/1351 613/613/613
f 613/613/613 1353/1347/1351 601/601/601
f 1351/1345/1349 1353/1347/1351 1350/1344/1348
f 601/601/601 1353/1347/1351 1354/1348/1352
f 1354/1348/1352 573/573/573 601/601/601
f 1354/1348/1352 575/575/575 573/573/573
f 1352/1346/1350 1355/1349/1353 1351/1345/1349
f 1353/1347/1351 1351/1345/1349 1355/1349/1353
f 1356/1350/1354 575/575/575 1354/1348/1352
f 1353/1347/1351 1356/1350/1354 1354/1348/1352
f 1353/1347/1351 1355/1349/1353 1356/1350/1354
f 1357/1351/1355 1359/1353/1357 1358/1352/1356
f 1360/1354/1358 1358/1352/1356 1359/1353/1357
f 1361/1355/1359 1360/1354/1358 1359/1353/1357
f 1362/1356/1360 1360/1354/1358 1361/1355/1359
f 1363/1357/1361 1362/1356/1360 1361/1355/1359
f 1362/1356/1360 1363/1357/1361 1364/1358/1362
f 1365/1359/1363 1364/1358/1362 1356/1350/1354
f 1365/1359/1363 1362/1356/1360 1364/1358/1362
f 1366/1360/1364 1356/1350/1354 1355/1349/1353
f 1366/1360/1364 1365/1359/1363 1356/1350/1354
f 1360/1354/1358 1362/1356/1360 1367/1361/1365
f 1366/1360/1364 1368/1362/1366 1365/1359/1363
f 1368/1362/1366 1362/1356/1360 1365/1359/1363
f 1362/1356/1360 1368/1362/1366 1367/1361/1365
f 1352/1346/1350 1369/1363/1367 1355/1349/1353
f 1369/1363/1367 1366/1360/1364 1355/1349/1353
f 1368/1362/1366 1366/1360/1364 1369/1363/1367
f 1370/1364/1368 1368/1362/1366 1369/1363/1367
f 1367/1361/1365 1368/1362/1366 1370/1364/1368
f 1360/1354/1358 1367/1361/1365 1371/1365/1369
f 1358/1352/1356 1360/1354/1358 1371/1365/1369
f 1371/1365/1369 1367/1361/1365 1370/1364/1368
f 1369/1363/1367 1352/1346/1350 1372/1366/1370
f 1370/1364/1368 1369/1363/1367 1372/1366/1370
f 1371/1365/1369 1370/1364/1368 1373/1367/1371
f 1373/1367/1371 1370/1364/1368 1372/1366/1370
f 1358/1352/1356 1371/1365/1369 1374/1368/1372
f 1374/1368/1372 1371/1365/1369 1373/1367/1371
f 1375/1369/1373 1358/1352/1356 1374/1368/1372
f 1375/1369/1373 1357/1351/1355 1358/1352/1356
f 1376/1370/1374 1352/1346/1350 1346/1340/1344
f 1352/1346/1350 1376/1370/1374 1372/1366/1370
f 1377/1371/1375 1373/1367/1371 1372/1366/1370
f 1376/1370/1374 1377/1371/1375 1372/1366/1370
f 1378/1372/1376 1374/1368/1372 1373/1367/1371
f 1377/1371/1375 1378/1372/1376 1373/1367/1371
f 1379/1373/1377 1375/1369/1373 1374/1368/1372
f 1378/1372/1376 1379/1373/1377 1374/1368/1372
f 1375/1369/1373 1379/1373/1377 1357/1351/1355
f 1379/1373/1377 1380/1374/1378 1357/1351/1355
f 1380/1374/1378 1379/1373/1377 1381/1375/1379
f 1381/1375/1379 1379/1373/1377 1378/1372/1376
f 1382/1376/1380 1381/1375/1379 1378/1372/1376
f 1382/1376/1380 1378/1372/1376 1377/1371/1375
f 1383/1377/1381 1377/1371/1375 1376/1370/1374
f 1383/1377/1381 1382/1376/1380 1377/1371/1375
f 1384/1378/1382 1346/1340/1344 1345/1339/1343
f 1384/1378/1382 1376/1370/1374 1346/1340/1344
f 1384/1378/1382 1383/1377/1381 1376/1370/1374
f 1385/1379/1383 1380/1374/1378 1381/1375/1379
f 1386/1380/1384 1385/1379/1383 1381/1375/1379
f 1382/1376/1380 1386/1380/1384 1381/1375/1379
f 1382/1376/1380 1383/1377/1381 1386/1380/1384
f 1383/1377/1381 1387/1381/1385 1386/1380/1384
f 1383/1377/1381 1384/1378/1382 1387/1381/1385
f 1384/1378/1382 1345/1339/1343 1387/1381/1385
f 1387/1381/1385 1345/1339/1343 1344/1338/1168
f 1386/1380/1384 1387/1381/1385 1344/1338/1168
f 1386/1380/1384 1388/1382/1386 1385/1379/1383
f 1388/1382/1386 1386/1380/1384 1344/1338/1168
f 1385/1379/1383 1389/1383/1387 1380/1374/1378
f 1388/1382/1386 1389/1383/1387 1385/1379/1383
f 1390/1384/1388 1380/1374/1378 1389/1383/1387
f 1390/1384/1388 1357/1351/1355 1380/1374/1378
f 1391/1385/1389 1390/1384/1388 1389/1383/1387
f 1392/1386/1390 1394/1388/1392 1393/1387/1391
f 1394/1388/1392 1395/1389/1393 1393/1387/1391
f 1393/1387/1391 1395/1389/1393 1396/1390/1394
f 1395/1389/1393 1391/1385/1389 1397/1391/1395
f 1396/1390/1394 1395/1389/1393 1397/1391/1395
f 1391/1385/1389 1398/1392/1396 1390/1384/1388
f 1398/1392/1396 1391/1385/1389 1395/1389/1393
f 1394/1388/1392 1398/1392/1396 1395/1389/1393
f 1398/1392/1396 1399/1393/1397 1390/1384/1388
f 1357/1351/1355 1390/1384/1388 1399/1393/1397
f 1361/1355/1359 1359/1353/1357 1400/1394/1398
f 1363/1357/1361 1361/1355/1359 1400/1394/1398
f 1401/1395/1399 1357/1351/1355 1399/1393/1397
f 1359/1353/1357 1401/1395/1399 1400/1394/1398
f 1357/1351/1355 1401/1395/1399 1359/1353/1357
f 1402/1396/1400 1401/1395/1399 1399/1393/1397
f 1402/1396/1400 1399/1393/1397 1398/1392/1396
f 1401/1395/1399 1402/1396/1400 1400/1394/1398
f 1402/1396/1400 1398/1392/1396 1403/1397/1401
f 1398/1392/1396 1394/1388/1392 1403/1397/1401
f 1392/1386/1390 1404/1398/1402 1394/1388/1392
f 1404/1398/1402 1403/1397/1401 1394/1388/1392
f 1402/1396/1400 1405/1399/1403 1400/1394/1398
f 1405/1399/1403 1402/1396/1400 1406/1400/1404
f 1406/1400/1404 1402/1396/1400 1403/1397/1401
f 1404/1398/1402 1407/1401/1405 1403/1397/1401
f 1407/1401/1405 1406/1400/1404 1403/1397/1401
f 1408/1402/1406 1407/1401/1405 1404/1398/1402
f 1408/1402/1406 1392/1386/1390 1393/1387/1391
f 1392/1386/1390 1408/1402/1406 1404/1398/1402
f 1407/1401/1405 1409/1403/1407 1406/1400/1404
f 1407/1401/1405 1408/1402/1406 1409/1403/1407
f 1408/1402/1406 1410/1404/1408 1409/1403/1407
f 1409/1403/1407 1410/1404/1408 1411/1405/1409
f 1409/1403/1407 1412/1406/1410 1406/1400/1404
f 1412/1406/1410 1409/1403/1407 1411/1405/1409
f 1413/1407/1411 1412/1406/1410 1411/1405/1409
f 1414/1408/1412 1405/1399/1403 1406/1400/1404
f 1414/1408/1412 1415/1409/1413 1405/1399/1403
f 1410/1404/1408 1408/1402/1406 1416/1410/1414
f 1417/1411/1415 1408/1402/1406 1393/1387/1391
f 1408/1402/1406 1417/1411/1415 1416/1410/1414
f 1417/1411/1415 1393/1387/1391 1396/1390/1394
f 1417/1411/1415 1396/1390/1394 1418/1412/1207
f 1416/1410/1414 1417/1411/1415 1418/1412/1207
f 1419/1413/1416 1416/1410/1414 1418/1412/1207
f 1410/1404/1408 1416/1410/1414 1419/1413/1416
f 1410/1404/1408 1420/1414/1417 1411/1405/1409
f 1420/1414/1417 1410/1404/1408 1419/1413/1416
f 1421/1415/1418 1423/1417/1420 1422/1416/1419
f 1421/1415/1418 1424/1418/1421 1423/1417/1420
f 1421/1415/1418 1425/1419/1422 1424/1418/1421
f 1411/1405/1409 1426/1420/1423 1413/1407/1411
f 1424/1418/1421 1426/1420/1423 1420/1414/1417
f 1426/1420/1423 1411/1405/1409 1420/1414/1417
f 1425/1419/1422 1426/1420/1423 1424/1418/1421
f 1424/1418/1421 1420/1414/1417 1427/1421/1424
f 1420/1414/1417 1419/1413/1416 1427/1421/1424
f 1424/1418/1421 1427/1421/1424 1423/1417/1420
f 1428/1422/1425 1419/1413/1416 1418/1412/1207
f 1427/1421/1424 1419/1413/1416 1428/1422/1425
f 1427/1421/1424 1429/1423/1209 1423/1417/1420
f 1429/1423/1209 1427/1421/1424 1428/1422/1425
f 1429/1423/1209 1430/1424/1210 1423/1417/1420
f 1423/1417/1420 1430/1424/1210 1422/1416/1419
f 1426/1420/1423 1431/1425/1426 1413/1407/1411
f 1426/1420/1423 1425/1419/1422 1431/1425/1426
f 1425/1419/1422 1432/1426/1427 1431/1425/1426
f 1425/1419/1422 1433/1427/1428 1432/1426/1427
f 1433/1427/1428 1425/1419/1422 1421/1415/1418
f 1432/1426/1427 1433/1427/1428 1434/1428/1429
f 1435/1429/1430 1434/1428/1429 1433/1427/1428
f 1436/1430/1431 1434/1428/1429 1435/1429/1430
f 1437/1431/1432 1421/1415/1418 1422/1416/1419
f 1437/1431/1432 1435/1429/1430 1433/1427/1428
f 1437/1431/1432 1433/1427/1428 1421/1415/1418
f 1435/1429/1430 1437/1431/1432 1422/1416/1419
f 1438/1432/1433 1439/1433/1434 1435/1429/1430
f 1439/1433/1434 1436/1430/1431 1435/1429/1430
f 1440/1434/1435 1438/1432/1433 1435/1429/1430
f 1422/1416/1419 1430/1424/1210 1440/1434/1435
f 1440/1434/1435 1435/1429/1430 1422/1416/1419
f 1441/1435/1436 1439/1433/1434 1438/1432/1433
f 1439/1433/1434 1441/1435/1436 1436/1430/1431
f 1440/1434/1435 1442/1436/1437 1438/1432/1433
f 1442/1436/1437 1441/1435/1436 1438/1432/1433
f 1440/1434/1435 1443/1437/1438 1442/1436/1437
f 1430/1424/1210 1444/1438/1439 1440/1434/1435
f 1443/1437/1438 1440/1434/1435 1444/1438/1439
f 1441/1435/1436 1445/1439/1440 1436/1430/1431
f 1436/1430/1431 1445/1439/1440 1434/1428/1429
f 1445/1439/1440 1441/1435/1436 1446/1440/1441
f 1441/1435/1436 1447/1441/1442 1446/1440/1441
f 1447/1441/1442 1441/1435/1436 1448/1442/1443
f 1441/1435/1436 1442/1436/1437 1448/1442/1443
f 1442/1436/1437 1449/1443/1444 1448/1442/1443
f 1443/1437/1438 1449/1443/1444 1442/1436/1437
f 1447/1441/1442 1448/1442/1443 1450/1444/1445
f 1449/1443/1444 1450/1444/1445 1448/1442/1443
f 1451/1445/1446 1447/1441/1442 1450/1444/1445
f 1447/1441/1442 1451/1445/1446 1452/1446/1447
f 1446/1440/1441 1447/1441/1442 1452/1446/1447
f 1445/1439/1440 1446/1440/1441 1453/1447/1284
f 1446/1440/1441 1452/1446/1447 1453/1447/1284
f 1445/1439/1440 1454/1448/1448 1434/1428/1429
f 1454/1448/1448 1445/1439/1440 1453/1447/1284
f 1455/1449/1449 1434/1428/1429 1454/1448/1448
f 1455/1449/1449 1432/1426/1427 1434/1428/1429
f 1452/1446/1447 1456/1450/1450 1453/1447/1284
f 1457/1451/1451 1459/1453/1453 1458/1452/1452
f 1459/1453/1453 1460/1454/1454 1458/1452/1452
f 1461/1455/1455 1458/1452/1452 1460/1454/1454
f 1459/1453/1453 1457/1451/1451 1462/1456/1456
f 1258/1252/1258 1259/1253/1259 1463/1457/1457
f 1259/1253/1259 1255/1249/1255 1463/1457/1457
f 1459/1453/1453 1462/1456/1456 1463/1457/1457
f 1464/1458/1458 1459/1453/1453 1463/1457/1457
f 1255/1249/1255 1464/1458/1458 1463/1457/1457
f 1255/1249/1255 1251/1245/1251 1464/1458/1458
f 1464/1458/1458 1465/1459/1459 1459/1453/1453
f 1251/1245/1251 1465/1459/1459 1464/1458/1458
f 1251/1245/1251 1249/1243/1249 1465/1459/1459
f 1465/1459/1459 1460/1454/1454 1459/1453/1453
f 1249/1243/1249 1250/1244/1250 1466/1460/1460
f 1465/1459/1459 1466/1460/1460 1460/1454/1454
f 1249/1243/1249 1466/1460/1460 1465/1459/1459
f 1466/1460/1460 1467/1461/1461 1460/1454/1454
f 1467/1461/1461 1461/1455/1455 1460/1454/1454
f 1468/1462/1462 1461/1455/1455 1467/1461/1461
f 1469/1463/1463 1470/1464/1464 1462/1456/1456
f 1470/1464/1464 1463/1457/1457 1462/1456/1456
f 1257/1251/1257 1258/1252/1258 1470/1464/1464
f 1470/1464/1464 1258/1252/1258 1463/1457/1457
f 1174/1168/1174 1173/1167/1173 1471/1465/1465
f 1467/1461/1461 1466/1460/1460 1471/1465/1465
f 1250/1244/1250 1174/1168/1174 1471/1465/1465
f 1250/1244/1250 1471/1465/1465 1466/1460/1460
f 1472/1466/1466 1468/1462/1462 1467/1461/1461
f 1472/1466/1466 1467/1461/1461 1471/1465/1465
f 1173/1167/1173 1473/1467/1467 1471/1465/1465
f 1473/1467/1467 1472/1466/1466 1471/1465/1465
f 1472/1466/1466 1473/1467/1467 1468/1462/1462
f 1171/1165/1171 1473/1467/1467 1173/1167/1173
f 1474/1468/1468 1164/1158/1164 1163/1157/1163
f 1171/1165/1171 1164/1158/1164 1474/1468/1468
f 1473/1467/1467 1171/1165/1171 1474/1468/1468
f 1473/1467/1467 1474/1468/1468 1468/1462/1462
f 1475/1469/1469 1474/1468/1468 1163/1157/1163
f 1476/1470/1470 1154/1148/1154 1152/1146/1152
f 1476/1470/1470 1163/1157/1163 1154/1148/1154
f 1475/1469/1469 1163/1157/1163 1476/1470/1470
f 1474/1468/1468 1475/1469/1469 1477/1471/1471
f 1468/1462/1462 1474/1468/1468 1477/1471/1471
f 1478/1472/1472 1461/1455/1455 1468/1462/1462
f 1477/1471/1471 1478/1472/1472 1468/1462/1462
f 1478/1472/1472 1479/1473/1473 1461/1455/1455
f 1479/1473/1473 1458/1452/1452 1461/1455/1455
f 1480/1474/1474 1457/1451/1451 1458/1452/1452
f 1479/1473/1473 1480/1474/1474 1458/1452/1452
f 1481/1475/1475 1482/1476/1476 1480/1474/1474
f 1482/1476/1476 1457/1451/1451 1480/1474/1474
f 1457/1451/1451 1482/1476/1476 1462/1456/1456
f 1480/1474/1474 1483/1477/1477 1481/1475/1475
f 1479/1473/1473 1484/1478/1478 1480/1474/1474
f 1484/1478/1478 1483/1477/1477 1480/1474/1474
f 1479/1473/1473 1485/1472/1479 1484/1478/1478
f 1485/1472/1479 1477/1471/1471 1486/1479/1480
f 1485/1472/1479 1486/1479/1480 1484/1478/1478
f 1477/1471/1471 1475/1469/1469 1487/1480/1481
f 1477/1471/1471 1487/1480/1481 1486/1479/1480
f 1488/1481/1482 1475/1469/1469 1476/1470/1470
f 1475/1469/1469 1488/1481/1482 1487/1480/1481
f 1488/1481/1482 1476/1470/1470 1489/1482/1483
f 1489/1482/1483 1476/1470/1470 1152/1146/1152
f 1490/1483/1484 1488/1481/1482 1489/1482/1483
f 1490/1483/1484 1491/1484/1485 1488/1481/1482
f 1491/1484/1485 1487/1480/1481 1488/1481/1482
f 1492/1479/1486 1493/1485/1487 1484/1478/1478
f 1487/1480/1481 1493/1485/1487 1492/1479/1486
f 1491/1484/1485 1494/1486/1488 1487/1480/1481
f 1493/1485/1487 1487/1480/1481 1494/1486/1488
f 1490/1483/1484 1495/1487/1489 1491/1484/1485
f 1491/1484/1485 1495/1487/1489 1494/1486/1488
f 1489/1482/1483 1496/1488/1490 1490/1483/1484
f 1496/1488/1490 1495/1487/1489 1490/1483/1484
f 1152/1146/1152 1497/1489/1491 1489/1482/1483
f 1496/1488/1490 1489/1482/1483 1497/1489/1491
f 1469/1463/1463 1462/1456/1456 1498/1490/1413
f 1462/1456/1456 1482/1476/1476 1498/1490/1413
f 1498/1490/1413 1482/1476/1476 1499/1491/1492
f 1482/1476/1476 1481/1475/1475 1499/1491/1492
f 1500/1492/1493 1499/1491/1492 1481/1475/1475
f 1501/1493/1494 1500/1492/1493 1481/1475/1475
f 1483/1477/1477 1501/1493/1494 1481/1475/1475
f 1483/1477/1477 1502/1494/1495 1501/1493/1494
f 1484/1478/1478 1493/1485/1487 1503/1495/1496
f 1483/1477/1477 1503/1495/1496 1502/1494/1495
f 1483/1477/1477 1484/1478/1478 1503/1495/1496
f 1502/1494/1495 1504/1496/1497 1501/1493/1494
f 1505/1497/1498 1507/1499/1500 1506/1498/1499
f 1505/1497/1498 1508/1500/1501 1507/1499/1500
f 1507/1499/1500 1510/1502/1503 1509/1501/1502
f 1508/1500/1501 1510/1502/1503 1507/1499/1500
f 1508/1500/1501 1511/1503/1504 1510/1502/1503
f 1511/1503/1504 1513/1500/1506 1512/1504/1505
f 1513/1500/1506 1505/1497/1498 1514/1505/1507
f 1513/1500/1506 1514/1505/1507 1512/1504/1505
f 1505/1497/1498 1515/1506/1508 1514/1505/1507
f 1515/1506/1508 1505/1497/1498 1516/1507/1509
f 1505/1497/1498 1506/1498/1499 1516/1507/1509
f 1516/1507/1509 1506/1498/1499 1517/1508/1510
f 1506/1498/1499 1518/1509/1511 1517/1508/1510
f 1517/1508/1510 1518/1509/1511 1519/1510/1512
f 1518/1509/1511 1520/1511/1513 1519/1510/1512
f 1521/1512/1514 1517/1508/1510 1519/1510/1512
f 1522/1513/1515 1521/1512/1514 1519/1510/1512
f 1521/1512/1514 1523/1514/1516 1517/1508/1510
f 1523/1514/1516 1516/1507/1509 1517/1508/1510
f 1524/1515/1517 1515/1506/1508 1516/1507/1509
f 1523/1514/1516 1524/1515/1517 1516/1507/1509
f 1525/1516/1518 1514/1505/1507 1515/1506/1508
f 1524/1515/1517 1525/1516/1518 1515/1506/1508
f 1512/1504/1505 1514/1505/1507 1526/1517/1519
f 1514/1505/1507 1525/1516/1518 1526/1517/1519
f 1526/1517/1519 1525/1516/1518 1527/1518/1520
f 1528/1519/1521 1527/1518/1520 1529/1520/1522
f 1529/1520/1522 1530/1521/1523 1528/1519/1521
f 1525/1516/1518 1531/1522/1524 1527/1518/1520
f 1527/1518/1520 1531/1522/1524 1529/1520/1522
f 1524/1515/1517 1532/1523/1525 1525/1516/1518
f 1532/1523/1525 1531/1522/1524 1525/1516/1518
f 1523/1514/1516 1533/1524/1526 1524/1515/1517
f 1533/1524/1526 1532/1523/1525 1524/1515/1517
f 1523/1514/1516 1521/1512/1514 1534/1525/1527
f 1533/1524/1526 1523/1514/1516 1534/1525/1527
f 1535/1526/1528 1537/1528/1530 1536/1527/1529
f 1538/1529/1531 1534/1525/1527 1536/1527/1529
f 1537/1528/1530 1538/1529/1531 1536/1527/1529
f 1533/1524/1526 1534/1525/1527 1538/1529/1531
f 1533/1524/1526 1538/1529/1531 1539/1530/1532
f 1532/1523/1525 1533/1524/1526 1539/1530/1532
f 1531/1522/1524 1532/1523/1525 1539/1530/1532
f 1529/1520/1522 1531/1522/1524 1539/1530/1532
f 1530/1521/1523 1529/1520/1522 1539/1530/1532
f 1537/1528/1530 1530/1521/1523 1539/1530/1532
f 1538/1529/1531 1537/1528/1530 1539/1530/1532
f 1540/1531/1533 1530/1521/1523 1537/1528/1530
f 1535/1526/1528 1540/1531/1533 1537/1528/1530
f 1534/1525/1527 1541/1532/1534 1536/1527/1529
f 1522/1513/1515 1541/1532/1534 1521/1512/1514
f 1541/1532/1534 1534/1525/1527 1521/1512/1514
f 1542/1533/1535 1541/1532/1534 1522/1513/1515
f 1541/1532/1534 1542/1533/1535 1536/1527/1529
f 1543/1534/1536 1542/1533/1535 1522/1513/1515
f 1544/1535/1537 1542/1533/1535 1543/1534/1536
f 1545/1536/1538 1544/1535/1537 1543/1534/1536
f 1545/1536/1538 1546/1537/1539 1544/1535/1537
f 1545/1536/1538 1547/1538/1540 1546/1537/1539
f 1545/1536/1538 1543/1534/1536 1547/1538/1540
f 1546/1537/1539 1547/1538/1540 1548/1539/1541
f 1547/1538/1540 1549/1540/1542 1548/1539/1541
f 1550/1541/1543 1542/1533/1535 1544/1535/1537
f 1542/1533/1535 1550/1541/1543 1536/1527/1529
f 1551/1542/1544 1550/1541/1543 1544/1535/1537
f 1550/1541/1543 1551/1542/1544 1552/1543/1545
f 1546/1537/1539 1553/1544/1546 1544/1535/1537
f 1553/1544/1546 1551/1542/1544 1544/1535/1537
f 1552/1543/1545 1551/1542/1544 1553/1544/1546
f 1554/1545/1547 1556/1547/1549 1555/1546/1548
f 1556/1547/1549 1557/1548/1550 1555/1546/1548
f 1558/1549/1551 1557/1548/1550 1556/1547/1549
f 1520/1511/1513 1557/1548/1550 1559/1550/1552
f 1559/1550/1552 1558/1549/1551 1549/1540/1542
f 1559/1550/1552 1549/1540/1542 1547/1538/1540
f 1557/1548/1550 1558/1549/1551 1559/1550/1552
f 1543/1534/1536 1560/1551/1553 1547/1538/1540
f 1522/1513/1515 1519/1510/1512 1560/1551/1553
f 1560/1551/1553 1559/1550/1552 1547/1538/1540
f 1543/1534/1536 1522/1513/1515 1560/1551/1553
f 1560/1551/1553 1519/1510/1512 1520/1511/1513
f 1559/1550/1552 1560/1551/1553 1520/1511/1513
f 1557/1548/1550 1520/1511/1513 1561/1552/1554
f 1557/1548/1550 1561/1552/1554 1555/1546/1548
f 1520/1511/1513 1518/1509/1511 1561/1552/1554
f 1555/1546/1548 1561/1552/1554 1562/1553/1555
f 1563/1554/1556 1554/1545/1547 1555/1546/1548
f 1563/1554/1556 1555/1546/1548 1562/1553/1555
f 1564/1555/1557 1563/1554/1556 1562/1553/1555
f 1565/1556/1558 1566/1557/1559 1509/1501/1502
f 1566/1557/1559 1507/1499/1500 1509/1501/1502
f 1565/1556/1558 1564/1555/1557 1566/1557/1559
f 1564/1555/1557 1562/1553/1555 1566/1557/1559
f 1506/1498/1499 1567/1558/1560 1518/1509/1511
f 1561/1552/1554 1567/1558/1560 1562/1553/1555
f 1562/1553/1555 1567/1558/1560 1566/1557/1559
f 1567/1558/1560 1561/1552/1554 1518/1509/1511
f 1567/1558/1560 1507/1499/1500 1566/1557/1559
f 1507/1499/1500 1567/1558/1560 1506/1498/1499
f 1565/1556/1558 1568/1559/1561 1564/1555/1557
f 1568/1559/1561 1565/1556/1558 1569/1560/1562
f 1565/1556/1558 1570/1561/1563 1569/1560/1562
f 1570/1561/1563 1565/1556/1558 1509/1501/1502
f 1569/1560/1562 1570/1561/1563 1571/1562/1564
f 1569/1560/1562 1571/1562/1564 1572/1563/1565
f 1569/1560/1562 1572/1563/1565 1573/1564/1566
f 1568/1559/1561 1569/1560/1562 1573/1564/1566
f 1568/1559/1561 1574/1565/1567 1564/1555/1557
f 1574/1565/1567 1568/1559/1561 1573/1564/1566
f 1563/1554/1556 1575/1566/1568 1554/1545/1547
f 1575/1566/1568 1563/1554/1556 1564/1555/1557
f 1574/1565/1567 1575/1566/1568 1564/1555/1557
f 1576/1567/1569 1558/1549/1551 1556/1547/1549
f 1554/1545/1547 1577/1568/1570 1556/1547/1549
f 1577/1568/1570 1576/1567/1569 1556/1547/1549
f 1575/1566/1568 1578/1569/1571 1554/1545/1547
f 1577/1568/1570 1554/1545/1547 1578/1569/1571
f 1578/1569/1571 1575/1566/1568 1579/1570/1572
f 1580/1571/1573 1574/1565/1567 1573/1564/1566
f 1580/1571/1573 1579/1570/1572 1575/1566/1568
f 1574/1565/1567 1580/1571/1573 1575/1566/1568
f 1558/1549/1551 1581/1572/1574 1549/1540/1542
f 1549/1540/1542 1581/1572/1574 1548/1539/1541
f 1558/1549/1551 1576/1567/1569 1582/1573/1575
f 1581/1572/1574 1558/1549/1551 1582/1573/1575
f 1577/1568/1570 1583/1574/1576 1576/1567/1569
f 1583/1574/1576 1582/1573/1575 1576/1567/1569
f 1584/1575/1577 1577/1568/1570 1578/1569/1571
f 1583/1574/1576 1577/1568/1570 1584/1575/1577
f 1584/1575/1577 1578/1569/1571 1585/1576/1578
f 1585/1576/1578 1578/1569/1571 1579/1570/1572
f 1579/1570/1572 1586/1577/1579 1585/1576/1578
f 1586/1577/1579 1587/1578/1580 1585/1576/1578
f 1584/1575/1577 1585/1576/1578 1588/1579/1581
f 1585/1576/1578 1587/1578/1580 1588/1579/1581
f 1589/1580/1582 1583/1574/1576 1584/1575/1577
f 1589/1580/1582 1584/1575/1577 1588/1579/1581
f 1587/1578/1580 1590/1581/1583 1588/1579/1581
f 1591/1582/1584 1586/1577/1579 1579/1570/1572
f 1580/1571/1573 1591/1582/1584 1579/1570/1572
f 1573/1564/1566 1592/1583/1585 1580/1571/1573
f 1592/1583/1585 1591/1582/1584 1580/1571/1573
f 1573/1564/1566 1572/1563/1565 1593/1584/1586
f 1592/1583/1585 1573/1564/1566 1593/1584/1586
f 1571/1562/1564 1594/1585/1587 1572/1563/1565
f 1594/1585/1587 1593/1584/1586 1572/1563/1565
f 1594/1585/1587 1571/1562/1564 1595/1586/1588
f 1596/1587/1589 1594/1585/1587 1595/1586/1588
f 1594/1585/1587 1596/1587/1589 1597/1588/1590
f 1593/1584/1586 1594/1585/1587 1597/1588/1590
f 1597/1588/1590 1596/1587/1589 1598/1589/1591
f 1599/1590/1592 1600/1591/1593 1598/1589/1591
f 1599/1590/1592 1601/1592/1594 1600/1591/1593
f 1597/1588/1590 1598/1589/1591 1602/1593/1595
f 1602/1593/1595 1598/1589/1591 1600/1591/1593
f 1597/1588/1590 1603/1594/1596 1593/1584/1586
f 1603/1594/1596 1597/1588/1590 1602/1593/1595
f 1603/1594/1596 1604/1595/1597 1593/1584/1586
f 1593/1584/1586 1604/1595/1597 1592/1583/1585
f 1604/1595/1597 1605/1596/1598 1592/1583/1585
f 1606/1582/1599 1592/1583/1585 1605/1596/1598
f 1602/1593/1595 1607/1597/1600 1603/1594/1596
f 1604/1595/1597 1603/1594/1596 1608/1598/1601
f 1603/1594/1596 1607/1597/1600 1608/1598/1601
f 1607/1597/1600 1609/1599/1602 1608/1598/1601
f 1609/1599/1602 1610/1600/1603 1608/1598/1601
f 1611/1601/1604 1609/1599/1602 1607/1597/1600
f 1611/1601/1604 1607/1597/1600 1602/1593/1595
f 1612/1602/1605 1611/1601/1604 1602/1593/1595
f 1612/1602/1605 1602/1593/1595 1600/1591/1593
f 1612/1602/1605 1600/1591/1593 1613/1603/1606
f 1601/1592/1594 1613/1603/1606 1600/1591/1593
f 1601/1592/1594 1614/1604/1607 1613/1603/1606
f 1614/1604/1607 1601/1592/1594 1615/1605/1608
f 1616/1606/1609 1612/1602/1605 1613/1603/1606
f 1617/1607/1610 1609/1599/1602 1611/1601/1604
f 1618/1608/1611 1617/1607/1610 1611/1601/1604
f 1611/1601/1604 1612/1602/1605 1618/1608/1611
f 1612/1602/1605 1619/1609/1612 1618/1608/1611
f 1616/1606/1609 1619/1609/1612 1612/1602/1605
f 1616/1606/1609 1620/1610/1613 1619/1609/1612
f 1620/1610/1613 1616/1606/1609 1613/1603/1606
f 1614/1604/1607 1621/1611/1614 1613/1603/1606
f 1621/1611/1614 1620/1610/1613 1613/1603/1606
f 1617/1607/1610 1618/1608/1611 1622/1612/1615
f 1618/1608/1611 1623/1613/1616 1622/1612/1615
f 1618/1608/1611 1619/1609/1612 1623/1613/1616
f 1623/1613/1616 1624/1614/1617 1622/1612/1615
f 1625/1615/1618 1614/1604/1607 1615/1605/1608
f 1615/1605/1608 1626/1616/1619 1625/1615/1618
f 1626/1616/1619 1615/1605/1608 1627/1617/1620
f 1628/1618/1621 1626/1616/1619 1627/1617/1620
f 1629/1619/1622 1628/1618/1621 1627/1617/1620
f 1630/1620/1623 1628/1618/1621 1629/1619/1622
f 1631/1621/1624 1630/1620/1623 1629/1619/1622
f 1630/1620/1623 1631/1621/1624 1632/1622/1625
f 1631/1621/1624 1633/1623/1626 1632/1622/1625
f 1632/1622/1625 1633/1623/1626 1634/1624/1627
f 1633/1623/1626 1635/1625/1628 1634/1624/1627
f 1633/1623/1626 1631/1621/1624 1636/1626/1629
f 1636/1626/1629 1637/1627/1630 1633/1623/1626
f 1631/1621/1624 1629/1619/1622 1638/1628/1631
f 1636/1626/1629 1631/1621/1624 1638/1628/1631
f 1639/1629/1632 1629/1619/1622 1627/1617/1620
f 1629/1619/1622 1639/1629/1632 1638/1628/1631
f 1639/1629/1632 1627/1617/1620 1640/1630/1633
f 1627/1617/1620 1615/1605/1608 1640/1630/1633
f 1615/1605/1608 1601/1592/1594 1640/1630/1633
f 1601/1592/1594 1599/1590/1592 1640/1630/1633
f 1637/1627/1630 1636/1626/1629 1641/1631/1634
f 1636/1626/1629 1638/1628/1631 1641/1631/1634
f 1642/1632/1635 1641/1631/1634 1638/1628/1631
f 1639/1629/1632 1642/1632/1635 1638/1628/1631
f 1643/1633/1636 1642/1632/1635 1595/1586/1588
f 1641/1631/1634 1642/1632/1635 1643/1633/1636
f 1642/1632/1635 1644/1634/1637 1595/1586/1588
f 1596/1587/1589 1595/1586/1588 1644/1634/1637
f 1644/1634/1637 1640/1630/1633 1599/1590/1592
f 1639/1629/1632 1640/1630/1633 1644/1634/1637
f 1642/1632/1635 1639/1629/1632 1644/1634/1637
f 1596/1587/1589 1645/1635/1638 1598/1589/1591
f 1645/1635/1638 1644/1634/1637 1599/1590/1592
f 1645/1635/1638 1599/1590/1592 1598/1589/1591
f 1645/1635/1638 1596/1587/1589 1644/1634/1637
f 1571/1562/1564 1646/1636/1639 1595/1586/1588
f 1646/1636/1639 1643/1633/1636 1595/1586/1588
f 1570/1561/1563 1646/1636/1639 1571/1562/1564
f 1646/1636/1639 1570/1561/1563 1509/1501/1502
f 1647/1637/1640 1643/1633/1636 1646/1636/1639
f 1647/1637/1640 1641/1631/1634 1643/1633/1636
f 1641/1631/1634 1647/1637/1640 1648/1638/1641
f 1637/1627/1630 1641/1631/1634 1648/1638/1641
f 1637/1627/1630 1649/1639/1642 1633/1623/1626
f 1637/1627/1630 1648/1638/1641 1649/1639/1642
f 1635/1625/1628 1633/1623/1626 1650/1640/1643
f 1633/1623/1626 1649/1639/1642 1650/1640/1643
f 1651/1641/1644 1634/1624/1627 1635/1625/1628
f 1651/1641/1644 1635/1625/1628 1650/1640/1643
f 1652/1642/1645 1653/1643/1646 1651/1641/1644
f 1654/1644/1647 1651/1641/1644 1650/1640/1643
f 1654/1644/1647 1652/1642/1645 1651/1641/1644
f 1654/1644/1647 1650/1640/1643 1655/1645/1648
f 1650/1640/1643 1649/1639/1642 1655/1645/1648
f 1655/1645/1648 1656/1646/1649 1512/1504/1505
f 1649/1639/1642 1656/1646/1649 1655/1645/1648
f 1648/1638/1641 1656/1646/1649 1649/1639/1642
f 1656/1646/1649 1511/1503/1504 1512/1504/1505
f 1657/1647/1650 1648/1638/1641 1647/1637/1640
f 1657/1647/1650 1511/1503/1504 1656/1646/1649
f 1511/1503/1504 1657/1647/1650 1510/1502/1503
f 1648/1638/1641 1657/1647/1650 1656/1646/1649
f 1658/1648/1651 1647/1637/1640 1646/1636/1639
f 1658/1648/1651 1646/1636/1639 1509/1501/1502
f 1657/1647/1650 1658/1648/1651 1510/1502/1503
f 1658/1648/1651 1509/1501/1502 1510/1502/1503
f 1658/1648/1651 1657/1647/1650 1647/1637/1640
f 1526/1517/1519 1527/1518/1520 1659/1649/1652
f 1526/1517/1519 1659/1649/1652 1512/1504/1505
f 1659/1649/1652 1654/1644/1647 1655/1645/1648
f 1659/1649/1652 1655/1645/1648 1512/1504/1505
f 1660/1650/1653 1652/1642/1645 1654/1644/1647
f 1527/1518/1520 1660/1650/1653 1659/1649/1652
f 1660/1650/1653 1527/1518/1520 1528/1519/1521
f 1659/1649/1652 1660/1650/1653 1654/1644/1647
f 1660/1650/1653 1528/1519/1521 1661/1651/1654
f 1661/1651/1654 1528/1519/1521 1530/1521/1523
f 1652/1642/1645 1660/1650/1653 1661/1651/1654
f 1652/1642/1645 1661/1651/1654 1653/1643/1646
f 1530/1521/1523 1540/1531/1533 1662/1652/1655
f 1661/1651/1654 1530/1521/1523 1662/1652/1655
f 1662/1652/1655 1540/1531/1533 1663/1653/1656
f 1540/1531/1533 1664/1654/1657 1663/1653/1656
f 1665/1655/1658 1663/1653/1656 1666/1656/1659
f 1663/1653/1656 1664/1654/1657 1666/1656/1659
f 1667/1657/1660 1669/1659/1662 1668/1658/1661
f 1669/1659/1662 1661/1651/1654 1662/1652/1655
f 1651/1641/1644 1653/1643/1646 1670/1660/1663
f 1634/1624/1627 1651/1641/1644 1670/1660/1663
f 1670/1660/1663 1669/1659/1662 1667/1657/1660
f 1661/1651/1654 1669/1659/1662 1670/1660/1663
f 1661/1651/1654 1670/1660/1663 1653/1643/1646
f 1671/1661/1664 1669/1659/1662 1662/1652/1655
f 1663/1653/1656 1671/1661/1664 1662/1652/1655
f 1671/1661/1664 1663/1653/1656 1672/1662/1665
f 1663/1653/1656 1665/1655/1658 1672/1662/1665
f 1665/1655/1658 1673/1663/1666 1672/1662/1665
f 1666/1656/1659 1673/1663/1666 1665/1655/1658
f 1673/1663/1666 1666/1656/1659 1674/1664/1667
f 1675/1665/1668 1666/1656/1659 1664/1654/1657
f 1666/1656/1659 1675/1665/1668 1674/1664/1667
f 1676/1666/1669 1674/1664/1667 1675/1665/1668
f 1677/1667/1670 1674/1664/1667 1676/1666/1669
f 1676/1666/1669 1678/1668/1671 1677/1667/1670
f 1676/1666/1669 1675/1665/1668 1678/1668/1671
f 1678/1668/1671 1679/1669/1672 1677/1667/1670
f 1680/1670/1673 1550/1541/1543 1552/1543/1545
f 1535/1526/1528 1680/1670/1673 1678/1668/1671
f 1678/1668/1671 1680/1670/1673 1679/1669/1672
f 1550/1541/1543 1680/1670/1673 1536/1527/1529
f 1680/1670/1673 1535/1526/1528 1536/1527/1529
f 1680/1670/1673 1552/1543/1545 1679/1669/1672
f 1681/1671/1674 1674/1664/1667 1677/1667/1670
f 1682/1672/1675 1681/1671/1674 1677/1667/1670
f 1677/1667/1670 1679/1669/1672 1682/1672/1675
f 1679/1669/1672 1683/1673/1676 1682/1672/1675
f 1684/1674/1677 1683/1673/1676 1679/1669/1672
f 1552/1543/1545 1684/1674/1677 1679/1669/1672
f 1685/1675/1678 1684/1674/1677 1552/1543/1545
f 1686/1676/1679 1685/1675/1678 1552/1543/1545
f 1675/1665/1668 1687/1677/1680 1678/1668/1671
f 1687/1677/1680 1675/1665/1668 1664/1654/1657
f 1687/1677/1680 1535/1526/1528 1678/1668/1671
f 1540/1531/1533 1535/1526/1528 1687/1677/1680
f 1664/1654/1657 1540/1531/1533 1687/1677/1680
f 1688/1678/1681 1690/1680/1683 1689/1679/1682
f 1688/1678/1681 1691/1681/1684 1690/1680/1683
f 1691/1681/1684 1692/1682/1685 1690/1680/1683
f 1693/1683/1686 1690/1680/1683 1692/1682/1685
f 1690/1680/1683 1693/1683/1686 1694/1684/1687
f 1695/1685/1688 1689/1679/1682 1690/1680/1683
f 1694/1684/1687 1695/1685/1688 1690/1680/1683
f 1689/1679/1682 1695/1685/1688 1696/1686/1689
f 1697/1687/1690 1689/1679/1682 1696/1686/1689
f 1694/1684/1687 1699/1689/1692 1698/1688/1691
f 1694/1684/1687 1698/1688/1691 1700/1690/1693
f 1695/1685/1688 1694/1684/1687 1700/1690/1693
f 1696/1686/1689 1695/1685/1688 1701/1691/1694
f 1695/1685/1688 1700/1690/1693 1701/1691/1694
f 1701/1691/1694 1702/1692/1695 1696/1686/1689
f 1702/1692/1695 1703/1693/1696 1696/1686/1689
f 1696/1686/1689 1703/1693/1696 1697/1687/1690
f 1704/1694/1697 1703/1693/1696 1702/1692/1695
f 1697/1687/1690 1703/1693/1696 1704/1694/1697
f 1697/1687/1690 1704/1694/1697 1689/1679/1682
f 1705/1695/1698 1704/1694/1697 1702/1692/1695
f 1706/1696/1699 1688/1678/1681 1689/1679/1682
f 1704/1694/1697 1706/1696/1699 1689/1679/1682
f 1691/1681/1684 1688/1678/1681 1707/1697/1700
f 1688/1678/1681 1706/1696/1699 1707/1697/1700
f 1708/1698/1701 1691/1681/1684 1707/1697/1700
f 1709/1699/1702 1691/1681/1684 1708/1698/1701
f 1710/1700/1703 1709/1699/1702 1708/1698/1701
f 1709/1699/1702 1710/1700/1703 1711/1701/1704
f 1712/1702/1705 1709/1699/1702 1711/1701/1704
f 1713/1703/1706 1712/1702/1705 1711/1701/1704
f 1714/1704/1707 1716/1706/1709 1715/1705/1708
f 1716/1706/1709 1717/1707/1710 1715/1705/1708
f 1718/1708/1711 1715/1705/1708 1717/1707/1710
f 1713/1703/1706 1718/1708/1711 1717/1707/1710
f 1718/1708/1711 1713/1703/1706 1719/1709/1712
f 1719/1709/1712 1713/1703/1706 1711/1701/1704
f 1719/1709/1712 1711/1701/1704 1720/1710/1713
f 1711/1701/1704 1710/1700/1703 1720/1710/1713
f 1710/1700/1703 1721/1711/1714 1720/1710/1713
f 1710/1700/1703 1708/1698/1701 1721/1711/1714
f 1720/1710/1713 1721/1711/1714 1722/1712/1715
f 1723/1713/1716 1718/1708/1711 1719/1709/1712
f 1724/1714/1717 1714/1704/1707 1715/1705/1708
f 1718/1708/1711 1725/1715/1718 1715/1705/1708
f 1725/1715/1718 1724/1714/1717 1715/1705/1708
f 1726/1716/1719 1725/1715/1718 1718/1708/1711
f 1723/1713/1716 1726/1716/1719 1718/1708/1711
f 1726/1716/1719 1723/1713/1716 1727/1717/1720
f 1727/1717/1720 1723/1713/1716 1719/1709/1712
f 1728/1718/1721 1719/1709/1712 1720/1710/1713
f 1728/1718/1721 1727/1717/1720 1719/1709/1712
f 1729/1719/1722 1728/1718/1721 1720/1710/1713
f 1722/1712/1715 1729/1719/1722 1720/1710/1713
f 1730/1720/1723 1726/1716/1719 1727/1717/1720
f 1725/1715/1718 1731/1721/1724 1724/1714/1717
f 1731/1721/1724 1732/1722/1725 1724/1714/1717
f 1726/1716/1719 1733/1723/1726 1725/1715/1718
f 1733/1723/1726 1731/1721/1724 1725/1715/1718
f 1730/1720/1723 1734/1724/1727 1726/1716/1719
f 1734/1724/1727 1733/1723/1726 1726/1716/1719
f 1734/1724/1727 1730/1720/1723 1735/1725/1728
f 1735/1725/1728 1730/1720/1723 1727/1717/1720
f 1736/1726/1729 1735/1725/1728 1727/1717/1720
f 1727/1717/1720 1728/1718/1721 1736/1726/1729
f 1728/1718/1721 1729/1719/1722 1736/1726/1729
f 1737/1727/1730 1736/1726/1729 1729/1719/1722
f 1738/1728/1731 1735/1725/1728 1736/1726/1729
f 1737/1727/1730 1738/1728/1731 1736/1726/1729
f 1739/1729/1732 1735/1725/1728 1738/1728/1731
f 1739/1729/1732 1734/1724/1727 1735/1725/1728
f 1734/1724/1727 1739/1729/1732 1740/1730/1733
f 1734/1724/1727 1740/1730/1733 1741/1731/1734
f 1733/1723/1726 1734/1724/1727 1741/1731/1734
f 1741/1731/1734 1740/1730/1733 1742/1732/1735
f 1743/1733/1736 1741/1731/1734 1742/1732/1735
f 1729/1719/1722 1722/1712/1715 1744/1734/1737
f 1745/1735/1738 1737/1727/1730 1729/1719/1722
f 1745/1735/1738 1729/1719/1722 1744/1734/1737
f 1737/1727/1730 1745/1735/1738 1746/1736/1739
f 1747/1737/1740 1738/1728/1731 1737/1727/1730
f 1746/1736/1739 1747/1737/1740 1737/1727/1730
f 1748/1738/1741 1739/1729/1732 1738/1728/1731
f 1748/1738/1741 1738/1728/1731 1747/1737/1740
f 1739/1729/1732 1748/1738/1741 1749/1739/1742
f 1739/1729/1732 1749/1739/1742 1740/1730/1733
f 1721/1711/1714 1750/1740/1743 1722/1712/1715
f 1721/1711/1714 1708/1698/1701 1750/1740/1743
f 1722/1712/1715 1750/1740/1743 1744/1734/1737
f 1745/1735/1738 1744/1734/1737 1751/1741/1744
f 1751/1741/1744 1744/1734/1737 1750/1740/1743
f 1745/1735/1738 1752/1742/1745 1746/1736/1739
f 1752/1742/1745 1745/1735/1738 1751/1741/1744
f 1753/1743/1746 1746/1736/1739 1752/1742/1745
f 1746/1736/1739 1753/1743/1746 1754/1744/1747
f 1747/1737/1740 1746/1736/1739 1754/1744/1747
f 1755/1745/1748 1748/1738/1741 1747/1737/1740
f 1747/1737/1740 1754/1744/1747 1755/1745/1748
f 1756/1746/1749 1751/1741/1744 1750/1740/1743
f 1757/1747/1750 1756/1746/1749 1750/1740/1743
f 1708/1698/1701 1707/1697/1700 1757/1747/1750
f 1750/1740/1743 1708/1698/1701 1757/1747/1750
f 1758/1748/1751 1756/1746/1749 1757/1747/1750
f 1756/1746/1749 1758/1748/1751 1759/1749/913
f 1751/1741/1744 1756/1746/1749 1759/1749/913
f 1751/1741/1744 1759/1749/913 1760/1750/1752
f 1752/1742/1745 1751/1741/1744 1760/1750/1752
f 1752/1742/1745 1760/1750/1752 1761/1751/1753
f 1761/1751/1753 1753/1743/1746 1752/1742/1745
f 1762/1752/1754 1758/1748/1751 1757/1747/1750
f 1760/1750/1752 1763/1753/1755 1761/1751/1753
f 1761/1751/1753 1764/1754/1756 1753/1743/1746
f 1764/1754/1756 1761/1751/1753 1763/1753/1755
f 1753/1743/1746 1764/1754/1756 1765/1755/1757
f 1754/1744/1747 1753/1743/1746 1765/1755/1757
f 1754/1744/1747 1766/1756/1758 1755/1745/1748
f 1766/1756/1758 1754/1744/1747 1765/1755/1757
f 1755/1745/1748 1766/1756/1758 1767/1757/1759
f 1768/1758/1760 1755/1745/1748 1767/1757/1759
f 1748/1738/1741 1755/1745/1748 1768/1758/1760
f 1767/1757/1759 1769/1759/1761 1768/1758/1760
f 1769/1759/1761 1770/1760/1762 1768/1758/1760
f 1770/1760/1762 1769/1759/1761 1771/1761/1763
f 1772/1762/1764 1766/1756/1758 1765/1755/1757
f 1773/1763/1765 1769/1759/1761 1767/1757/1759
f 1773/1763/1765 1767/1757/1759 1766/1756/1758
f 1772/1762/1764 1773/1763/1765 1766/1756/1758
f 1769/1759/1761 1773/1763/1765 1774/1764/1766
f 1769/1759/1761 1775/1765/1767 1771/1761/1763
f 1774/1764/1766 1775/1765/1767 1769/1759/1761
f 1771/1761/1763 1775/1765/1767 1776/1766/1768
f 1775/1765/1767 1777/1767/874 1776/1766/1768
f 1778/1768/1769 1776/1766/1768 1777/1767/874
f 1775/1765/1767 1774/1764/1766 1779/1769/1770
f 1777/1767/874 1775/1765/1767 1779/1769/1770
f 1780/1770/1771 1782/1772/1773 1781/1771/1772
f 1783/1773/1774 1780/1770/1771 1781/1771/1772
f 1780/1770/1771 1783/1773/1774 1784/1774/1775
f 1784/1774/1775 1783/1773/1774 1785/1775/1776
f 1786/1776/1777 1783/1773/1774 1781/1771/1772
f 1778/1768/1769 1785/1775/1776 1786/1776/1777
f 1785/1775/1776 1783/1773/1774 1786/1776/1777
f 1786/1776/1777 1787/1777/1778 1778/1768/1769
f 1787/1777/1778 1776/1766/1768 1778/1768/1769
f 1771/1761/1763 1776/1766/1768 1787/1777/1778
f 1788/1778/1779 1784/1774/1775 1785/1775/1776
f 1789/1779/1780 1771/1761/1763 1787/1777/1778
f 1770/1760/1762 1771/1761/1763 1789/1779/1780
f 1787/1777/1778 1786/1776/1777 1790/1780/1781
f 1789/1779/1780 1787/1777/1778 1790/1780/1781
f 1786/1776/1777 1791/1781/1782 1790/1780/1781
f 1791/1781/1782 1786/1776/1777 1781/1771/1772
f 1781/1771/1772 1782/1772/1773 1792/1782/1783
f 1791/1781/1782 1781/1771/1772 1792/1782/1783
f 1792/1782/1783 1782/1772/1773 1793/1783/1784
f 1793/1783/1784 1782/1772/1773 1794/1784/1785
f 1795/1785/1786 1748/1738/1741 1768/1758/1760
f 1768/1758/1760 1770/1760/1762 1795/1785/1786
f 1748/1738/1741 1795/1785/1786 1749/1739/1742
f 1796/1786/1787 1770/1760/1762 1789/1779/1780
f 1770/1760/1762 1796/1786/1787 1795/1785/1786
f 1795/1785/1786 1796/1786/1787 1749/1739/1742
f 1797/1787/1788 1789/1779/1780 1790/1780/1781
f 1796/1786/1787 1789/1779/1780 1797/1787/1788
f 1798/1788/1789 1797/1787/1788 1790/1780/1781
f 1743/1733/1736 1742/1732/1735 1798/1788/1789
f 1797/1787/1788 1798/1788/1789 1742/1732/1735
f 1790/1780/1781 1791/1781/1782 1799/1789/1790
f 1799/1789/1790 1798/1788/1789 1790/1780/1781
f 1749/1739/1742 1800/1790/1791 1740/1730/1733
f 1800/1790/1791 1796/1786/1787 1797/1787/1788
f 1800/1790/1791 1742/1732/1735 1740/1730/1733
f 1800/1790/1791 1797/1787/1788 1742/1732/1735
f 1796/1786/1787 1800/1790/1791 1749/1739/1742
f 1801/1791/1792 1743/1733/1736 1798/1788/1789
f 1798/1788/1789 1799/1789/1790 1801/1791/1792
f 1802/1792/1793 1743/1733/1736 1801/1791/1792
f 1803/1793/1794 1802/1792/1793 1801/1791/1792
f 1804/1794/1795 1802/1792/1793 1803/1793/1794
f 1803/1793/1794 1801/1791/1792 1805/1795/1796
f 1799/1789/1790 1805/1795/1796 1801/1791/1792
f 1806/1796/1797 1803/1793/1794 1805/1795/1796
f 1807/1797/1798 1804/1794/1795 1803/1793/1794
f 1803/1793/1794 1806/1796/1797 1807/1797/1798
f 1806/1796/1797 1808/1798/1799 1807/1797/1798
f 1809/1799/1800 1807/1797/1798 1808/1798/1799
f 1804/1794/1795 1807/1797/1798 1809/1799/1800
f 1810/1800/1801 1809/1799/1800 1808/1798/1799
f 1809/1799/1800 1810/1800/1801 1811/1801/1802
f 1811/1801/1802 1812/1802/1803 1809/1799/1800
f 1791/1781/1782 1813/1803/1804 1799/1789/1790
f 1813/1803/1804 1791/1781/1782 1792/1782/1783
f 1799/1789/1790 1813/1803/1804 1805/1795/1796
f 1814/1804/1805 1813/1803/1804 1792/1782/1783
f 1813/1803/1804 1814/1804/1805 1805/1795/1796
f 1805/1795/1796 1814/1804/1805 1806/1796/1797
f 1793/1783/1784 1814/1804/1805 1792/1782/1783
f 1814/1804/1805 1815/1805/1806 1806/1796/1797
f 1814/1804/1805 1793/1783/1784 1815/1805/1806
f 1806/1796/1797 1815/1805/1806 1808/1798/1799
f 1815/1805/1806 1816/1806/1807 1808/1798/1799
f 1817/1807/1808 1810/1800/1801 1808/1798/1799
f 1816/1806/1807 1817/1807/1808 1808/1798/1799
f 1816/1806/1807 1818/1808/1809 1817/1807/1808
f 1793/1783/1784 1819/1809/1810 1815/1805/1806
f 1819/1809/1810 1818/1808/1809 1816/1806/1807
f 1815/1805/1806 1819/1809/1810 1816/1806/1807
f 1818/1808/1809 1820/1810/1811 1817/1807/1808
f 1819/1809/1810 1793/1783/1784 1821/1811/1812
f 1821/1811/1812 1793/1783/1784 1794/1784/1785
f 1822/1812/1813 1819/1809/1810 1821/1811/1812
f 1819/1809/1810 1822/1812/1813 1818/1808/1809
f 1822/1812/1813 1823/1813/1814 1818/1808/1809
f 1818/1808/1809 1823/1813/1814 1820/1810/1811
f 1823/1813/1814 1824/1814/1815 1820/1810/1811
f 1820/1810/1811 1824/1814/1815 1825/1815/1816
f 1824/1814/1815 1826/1816/1817 1825/1815/1816
f 1826/1816/1817 1827/1817/1818 1825/1815/1816
f 1827/1817/1818 1826/1816/1817 1828/1818/1819
f 1827/1817/1818 1828/1818/1819 1829/1819/1820
f 1828/1818/1819 1830/1820/1821 1829/1819/1820
f 1817/1807/1808 1832/1810/1823 1831/1821/1822
f 1831/1821/1822 1825/1815/1816 1827/1817/1818
f 1832/1810/1823 1825/1815/1816 1831/1821/1822
f 1810/1800/1801 1817/1807/1808 1831/1821/1822
f 1833/1822/1824 1831/1821/1822 1827/1817/1818
f 1834/1823/1825 1810/1800/1801 1831/1821/1822
f 1834/1823/1825 1831/1821/1822 1833/1822/1824
f 1810/1800/1801 1834/1823/1825 1811/1801/1802
f 1811/1801/1802 1834/1823/1825 1835/1824/1826
f 1836/1825/1827 1834/1823/1825 1833/1822/1824
f 1835/1824/1826 1836/1825/1827 1837/1826/1828
f 1834/1823/1825 1836/1825/1827 1835/1824/1826
f 1827/1817/1818 1829/1819/1820 1838/1827/1829
f 1833/1822/1824 1827/1817/1818 1838/1827/1829
f 1833/1822/1824 1838/1827/1829 1836/1825/1827
f 1839/1828/1830 1838/1827/1829 1829/1819/1820
f 1840/1829/1831 1839/1828/1830 1829/1819/1820
f 1838/1827/1829 1841/1830/1832 1836/1825/1827
f 1836/1825/1827 1841/1830/1832 1837/1826/1828
f 1841/1830/1832 1838/1827/1829 1839/1828/1830
f 1837/1826/1828 1841/1830/1832 1842/1831/1833
f 1842/1831/1833 1841/1830/1832 1843/1832/1834
f 1843/1832/1834 1841/1830/1832 1839/1828/1830
f 1844/1833/849 1842/1831/1833 1843/1832/1834
f 1845/1834/900 1847/1836/901 1846/1835/1835
f 1848/1837/1836 1845/1834/900 1846/1835/1835
f 1845/1834/900 1848/1837/1836 1849/1838/1837
f 1850/1839/1838 1842/1831/1833 1844/1833/849
f 1848/1837/1836 1850/1839/1838 1849/1838/1837
f 1850/1839/1838 1851/1840/1839 1849/1838/1837
f 1851/1840/1839 1850/1839/1838 1844/1833/849
f 1850/1839/1838 1852/1841/1840 1842/1831/1833
f 1852/1841/1840 1837/1826/1828 1842/1831/1833
f 1837/1826/1828 1852/1841/1840 1835/1824/1826
f 1853/1842/1841 1852/1841/1840 1850/1839/1838
f 1853/1842/1841 1848/1837/1836 1846/1835/1835
f 1848/1837/1836 1853/1842/1841 1850/1839/1838
f 1852/1841/1840 1854/1843/1842 1835/1824/1826
f 1854/1843/1842 1812/1802/1803 1811/1801/1802
f 1835/1824/1826 1854/1843/1842 1811/1801/1802
f 1854/1843/1842 1852/1841/1840 1855/1844/1843
f 1852/1841/1840 1853/1842/1841 1855/1844/1843
f 1853/1842/1841 1846/1835/1835 1856/1845/1844
f 1855/1844/1843 1853/1842/1841 1856/1845/1844
f 1812/1802/1803 1854/1843/1842 1857/1846/1845
f 1854/1843/1842 1855/1844/1843 1857/1846/1845
f 1855/1844/1843 1856/1845/1844 1857/1846/1845
f 1856/1845/1844 1858/1847/1846 1857/1846/1845
f 1858/1847/1846 1856/1845/1844 1859/1848/1847
f 1860/1849/1848 1858/1847/1846 1859/1848/1847
f 1860/1849/1848 1714/1704/1707 1724/1714/1717
f 1858/1847/1846 1860/1849/1848 1732/1722/1725
f 1860/1849/1848 1724/1714/1717 1732/1722/1725
f 1860/1849/1848 1859/1848/1847 1861/1850/1849
f 1714/1704/1707 1860/1849/1848 1861/1850/1849
f 1861/1850/1849 1859/1848/1847 1862/1851/1850
f 1859/1848/1847 1863/1852/667 1862/1851/1850
f 1862/1851/1850 1863/1852/667 1847/1836/901
f 1847/1836/901 1863/1852/667 1846/1835/1835
f 1846/1835/1835 1863/1852/667 1856/1845/1844
f 1863/1852/667 1859/1848/1847 1856/1845/1844
f 1864/1853/1851 1862/1851/1850 1847/1836/901
f 1865/1854/1852 1862/1851/1850 1864/1853/1851
f 1862/1851/1850 1865/1854/1852 1861/1850/1849
f 1861/1850/1849 1866/1855/1853 1714/1704/1707
f 1865/1854/1852 1866/1855/1853 1861/1850/1849
f 1866/1855/1853 1716/1706/1709 1714/1704/1707
f 1713/1703/1706 1717/1707/1710 1867/1856/1854
f 1712/1702/1705 1867/1856/1854 1709/1699/1702
f 1712/1702/1705 1713/1703/1706 1867/1856/1854
f 1868/1857/1855 1867/1856/1854 1717/1707/1710
f 1716/1706/1709 1868/1857/1855 1717/1707/1710
f 1869/1858/1856 1868/1857/1855 1716/1706/1709
f 1866/1855/1853 1869/1858/1856 1716/1706/1709
f 1865/1854/1852 1870/1859/1857 1866/1855/1853
f 1870/1859/1857 1692/1682/1685 1869/1858/1856
f 1870/1859/1857 1869/1858/1856 1866/1855/1853
f 1693/1683/1686 1692/1682/1685 1870/1859/1857
f 1870/1859/1857 1865/1854/1852 1871/1860/1858
f 1872/1861/1859 1865/1854/1852 1864/1853/1851
f 1871/1860/1858 1865/1854/1852 1872/1861/1859
f 1694/1684/1687 1693/1683/1686 1873/1862/1860
f 1873/1862/1860 1693/1683/1686 1870/1859/1857
f 1873/1862/1860 1870/1859/1857 1871/1860/1858
f 1692/1682/1685 1691/1681/1684 1874/1863/1861
f 1869/1858/1856 1874/1863/1861 1868/1857/1855
f 1692/1682/1685 1874/1863/1861 1869/1858/1856
f 1874/1863/1861 1691/1681/1684 1875/1864/1862
f 1868/1857/1855 1875/1864/1862 1867/1856/1854
f 1867/1856/1854 1875/1864/1862 1709/1699/1702
f 1874/1863/1861 1875/1864/1862 1868/1857/1855
f 1709/1699/1702 1875/1864/1862 1691/1681/1684
f 1762/1752/1754 1757/1747/1750 1876/1865/1863
f 1757/1747/1750 1707/1697/1700 1876/1865/1863
f 1877/1866/1864 1762/1752/1754 1876/1865/1863
f 1878/1867/1865 1877/1866/1864 1876/1865/1863
f 1878/1867/1865 1879/1868/1866 1877/1866/1864
f 1878/1867/1865 1880/1869/1698 1879/1868/1866
f 1704/1694/1697 1880/1869/1698 1706/1696/1699
f 1880/1869/1698 1878/1867/1865 1876/1865/1863
f 1706/1696/1699 1881/1870/1867 1707/1697/1700
f 1707/1697/1700 1881/1870/1867 1876/1865/1863
f 1881/1870/1867 1880/1869/1698 1876/1865/1863
f 1880/1869/1698 1881/1870/1867 1706/1696/1699
f 736/736/736 1882/1871/1868 739/739/739
f 739/739/739 1882/1871/1868 745/745/745
f 737/737/737 1882/1871/1868 736/736/736
f 1882/1871/1868 737/737/737 745/745/745
f 674/674/674 677/677/677 1883/1872/1612
f 698/698/698 674/674/674 1884/1873/1869
f 697/697/697 698/698/698 1884/1873/1869
f 1884/1873/1869 674/674/674 1883/1872/1612
f 1884/1873/1869 1885/1874/1870 697/697/697
f 697/697/697 1885/1874/1870 696/696/696
f 696/696/696 1885/1874/1870 703/703/703
f 1885/1874/1870 1884/1873/1869 1883/1872/1612
f 1886/1875/1871 1885/1874/1870 1883/1872/1612
f 703/703/703 1885/1874/1870 1886/1875/1871
f 1887/1876/1872 703/703/703 1886/1875/1871
f 707/707/707 1887/1876/1872 713/713/713
f 1887/1876/1872 707/707/707 703/703/703
f 1888/1877/1614 1887/1876/1872 1886/1875/1871
f 1887/1876/1872 1888/1877/1614 1889/1878/1607
f 1890/1879/1873 713/713/713 1887/1876/1872
f 713/713/713 1890/1879/1873 711/711/711
f 1890/1879/1873 1887/1876/1872 1889/1878/1607
f 1890/1879/1873 1891/1880/1874 711/711/711
f 1891/1880/1874 710/710/710 711/711/711
f 719/719/719 710/710/710 1892/1881/1875
f 710/710/710 1891/1880/1874 1892/1881/1875
f 719/719/719 1892/1881/1875 729/729/729
f 1891/1880/1874 1890/1879/1873 1893/1882/1876
f 743/743/743 729/729/729 1893/1882/1876
f 729/729/729 1892/1881/1875 1893/1882/1876
f 1892/1881/1875 1891/1880/1874 1893/1882/1876
f 1894/1883/1877 1896/1885/1879 1895/1884/1878
f 1896/1885/1879 1897/1886/1880 1895/1884/1878
f 1895/1884/1878 1897/1886/1880 1898/1887/1881
f 1899/1888/1882 1897/1886/1880 1896/1885/1879
f 1900/1889/1883 1899/1888/1882 1896/1885/1879
f 1901/1890/1884 1894/1883/1877 1902/1891/1885
f 1901/1890/1884 1896/1885/1879 1894/1883/1877
f 1903/1892/1886 1901/1890/1884 1902/1891/1885
f 1900/1889/1883 1896/1885/1879 1904/1893/1887
f 1896/1885/1879 1901/1890/1884 1904/1893/1887
f 1900/1889/1883 1904/1893/1887 1905/1894/1888
f 1899/1888/1882 1900/1889/1883 1905/1894/1888
f 1906/1895/1889 1899/1888/1882 1905/1894/1888
f 1906/1895/1889 1907/1896/1890 1899/1888/1882
f 1908/1897/1891 1907/1896/1890 1906/1895/1889
f 1908/1897/1891 1910/1899/1893 1909/1898/1892
f 1910/1899/1893 1908/1897/1891 1906/1895/1889
f 1909/1898/1892 1910/1899/1893 1911/1900/1894
f 1907/1896/1890 1908/1897/1891 1912/1901/1895
f 1912/1901/1895 1908/1897/1891 1909/1898/1892
f 1913/1902/1896 1912/1901/1895 1909/1898/1892
f 1913/1902/1896 1909/1898/1892 1911/1900/1894
f 1913/1902/1896 1911/1900/1894 1914/1903/1897
f 1915/1904/1898 1913/1902/1896 1914/1903/1897
f 1913/1902/1896 1915/1904/1898 1916/1905/1899
f 1912/1901/1895 1913/1902/1896 1916/1905/1899
f 1915/1904/1898 1917/1906/1900 1916/1905/1899
f 1918/1907/1901 1916/1905/1899 1917/1906/1900
f 1898/1887/1881 1918/1907/1901 1917/1906/1900
f 1918/1907/1901 1912/1901/1895 1916/1905/1899
f 1897/1886/1880 1919/1908/1902 1898/1887/1881
f 1912/1901/1895 1918/1907/1901 1919/1908/1902
f 1919/1908/1902 1918/1907/1901 1898/1887/1881
f 1920/1909/1903 1912/1901/1895 1919/1908/1902
f 1920/1909/1903 1907/1896/1890 1912/1901/1895
f 1920/1909/1903 1897/1886/1880 1899/1888/1882
f 1897/1886/1880 1920/1909/1903 1919/1908/1902
f 1907/1896/1890 1920/1909/1903 1899/1888/1882
f 826/825/826 1921/1910/1904 825/824/825
f 1922/1911/1905 825/824/825 1921/1910/1904
f 1923/1912/1906 1922/1911/1905 1921/1910/1904
f 1922/1911/1905 1923/1912/1906 1924/1913/1907
f 1923/1912/1906 1925/1914/1908 1924/1913/1907
f 1925/1914/1908 1923/1912/1906 1926/1915/1909
f 1923/1912/1906 1921/1910/1904 1927/1916/1910
f 1927/1916/1910 828/827/828 1926/1915/1909
f 1923/1912/1906 1927/1916/1910 1926/1915/1909
f 828/827/828 1928/1917/1911 1926/1915/1909
f 1929/1918/1912 1928/1917/1911 828/827/828
f 830/829/830 1929/1918/1912 828/827/828
f 1921/1910/1904 826/825/826 1930/1919/1913
f 827/826/827 828/827/828 1930/1919/1913
f 828/827/828 1927/1916/1910 1930/1919/1913
f 1921/1910/1904 1930/1919/1913 1927/1916/1910
f 826/825/826 827/826/827 1930/1919/1913
f 1931/1920/1914 821/820/821 825/824/825
f 1922/1911/1905 1931/1920/1914 825/824/825
f 1932/1921/1915 1931/1920/1914 1922/1911/1905
f 1924/1913/1907 1932/1921/1915 1922/1911/1905
f 1932/1921/1915 1924/1913/1907 1933/1922/1916
f 1924/1913/1907 1925/1914/1908 1933/1922/1916
f 1934/1923/1917 1936/1925/1919 1935/1924/1918
f 1935/1924/1918 1937/1926/1920 1934/1923/1917
f 1937/1926/1920 1933/1922/1916 1934/1923/1917
f 1937/1926/1920 1932/1921/1915 1933/1922/1916
f 1938/1927/1921 1939/1928/1922 1935/1924/1918
f 1940/1929/1923 1939/1928/1922 1938/1927/1921
f 1939/1928/1922 1940/1929/1923 1941/1930/1924
f 1939/1928/1922 1941/1930/1924 1935/1924/1918
f 1941/1930/1924 1937/1926/1920 1935/1924/1918
f 1932/1921/1915 1937/1926/1920 1942/1931/1925
f 1937/1926/1920 1941/1930/1924 1942/1931/1925
f 1931/1920/1914 1932/1921/1915 1943/1932/1926
f 1931/1920/1914 1943/1932/1926 821/820/821
f 1943/1932/1926 820/819/820 821/820/821
f 1932/1921/1915 1942/1931/1925 1943/1932/1926
f 819/818/819 1943/1932/1926 1942/1931/1925
f 1943/1932/1926 819/818/819 820/819/820
f 1944/1933/1927 819/818/819 1942/1931/1925
f 1944/1933/1927 1942/1931/1925 1941/1930/1924
f 819/818/819 1945/1934/1928 810/809/810
f 819/818/819 1944/1933/1927 1945/1934/1928
f 810/809/810 1945/1934/1928 809/808/809
f 1945/1934/1928 1946/1935/1929 809/808/809
f 807/806/807 809/808/809 1946/1935/1929
f 1944/1933/1927 1947/1936/1930 1945/1934/1928
f 1945/1934/1928 1947/1936/1930 1946/1935/1929
f 1947/1936/1930 1948/1937/1931 1946/1935/1929
f 1948/1937/1931 1947/1936/1930 1949/1938/1932
f 1947/1936/1930 1944/1933/1927 1949/1938/1932
f 1950/1939/1933 1944/1933/1927 1941/1930/1924
f 1944/1933/1927 1950/1939/1933 1949/1938/1932
f 1940/1929/1923 1950/1939/1933 1941/1930/1924
f 1949/1938/1932 1950/1939/1933 1951/1940/1934
f 1950/1939/1933 1940/1929/1923 1951/1940/1934
f 1951/1940/1934 1940/1929/1923 1952/1941/1935
f 1949/1938/1932 1951/1940/1934 1953/1942/1936
f 1951/1940/1934 1952/1941/1935 1953/1942/1936
f 1954/1943/1937 1949/1938/1932 1953/1942/1936
f 1954/1943/1937 1948/1937/1931 1949/1938/1932
f 1948/1937/1931 1954/1943/1937 1955/1944/641
f 1956/1945/1938 1948/1937/1931 1955/1944/641
f 1946/1935/1929 1948/1937/1931 1956/1945/1938
f 1956/1945/1938 1955/1944/641 1957/1946/1939
f 1958/1947/1940 807/806/807 1946/1935/1929
f 1958/1947/1940 1946/1935/1929 1956/1945/1938
f 1956/1945/1938 1957/1946/1939 1958/1947/1940
f 1957/1946/1939 1960/1949/1942 1959/1948/1941
f 1955/1944/641 1960/1949/1942 1957/1946/1939
f 1954/1943/1937 1953/1942/1936 1961/1950/1943
f 1955/1944/641 1961/1950/1943 1960/1949/1942
f 1955/1944/641 1954/1943/1937 1961/1950/1943
f 1952/1941/1935 1962/1951/1944 1953/1942/1936
f 1953/1942/1936 1962/1951/1944 1961/1950/1943
f 1963/1952/1945 1959/1948/1941 1960/1949/1942
f 1961/1950/1943 1964/1953/1946 1960/1949/1942
f 1964/1953/1946 1963/1952/1945 1960/1949/1942
f 1962/1951/1944 1965/1954/1947 1961/1950/1943
f 1961/1950/1943 1965/1954/1947 1964/1953/1946
f 1966/1955/1948 1963/1952/1945 1964/1953/1946
f 1967/1956/1949 1966/1955/1948 1964/1953/1946
f 1965/1954/1947 1967/1956/1949 1964/1953/1946
f 1968/1957/1950 1966/1955/1948 1967/1956/1949
f 1969/1958/1951 1968/1957/1950 1967/1956/1949
f 1970/1959/1952 1969/1958/1951 1967/1956/1949
f 1965/1954/1947 1970/1959/1952 1967/1956/1949
f 1971/1960/1953 1970/1959/1952 1965/1954/1947
f 1962/1951/1944 1971/1960/1953 1965/1954/1947
f 1971/1960/1953 1962/1951/1944 1972/1961/1954
f 1962/1951/1944 1952/1941/1935 1972/1961/1954
f 1972/1961/1954 1952/1941/1935 1973/1962/1955
f 1973/1962/1955 1940/1929/1923 1938/1927/1921
f 1940/1929/1923 1973/1962/1955 1952/1941/1935
f 1936/1925/1919 1974/1963/1956 1935/1924/1918
f 1974/1963/1956 1938/1927/1921 1935/1924/1918
f 1971/1960/1953 1972/1961/1954 1975/1964/1957
f 1972/1961/1954 1973/1962/1955 1976/1965/1958
f 1975/1964/1957 1972/1961/1954 1976/1965/1958
f 1973/1962/1955 1938/1927/1921 1976/1965/1958
f 1938/1927/1921 1977/1966/1959 1976/1965/1958
f 1938/1927/1921 1974/1963/1956 1978/1967/1960
f 1977/1966/1959 1938/1927/1921 1978/1967/1960
f 1978/1967/1960 1974/1963/1956 1979/1968/1961
f 1936/1925/1919 1979/1968/1961 1974/1963/1956
f 1980/1969/1962 1978/1967/1960 1979/1968/1961
f 1979/1968/1961 1981/1970/1963 1980/1969/1962
f 1977/1966/1959 1978/1967/1960 1982/1971/1964
f 1982/1971/1964 1978/1967/1960 1980/1969/1962
f 1983/1972/1965 1977/1966/1959 1982/1971/1964
f 1983/1972/1965 1984/1973/1966 1977/1966/1959
f 1984/1973/1966 1976/1965/1958 1977/1966/1959
f 1976/1965/1958 1984/1973/1966 1985/1974/1967
f 1975/1964/1957 1976/1965/1958 1985/1974/1967
f 1986/1975/1968 1971/1960/1953 1975/1964/1957
f 1971/1960/1953 1986/1975/1968 1970/1959/1952
f 1986/1975/1968 1975/1964/1957 1985/1974/1967
f 1986/1975/1968 1987/1976/1969 1970/1959/1952
f 1970/1959/1952 1987/1976/1969 1969/1958/1951
f 1987/1976/1969 1988/1977/1970 1969/1958/1951
f 1968/1957/1950 1969/1958/1951 1988/1977/1970
f 1989/1978/1971 1988/1977/1970 1987/1976/1969
f 1990/1979/1972 1989/1978/1971 1987/1976/1969
f 1991/1980/1973 1986/1975/1968 1985/1974/1967
f 1986/1975/1968 1991/1980/1973 1987/1976/1969
f 1991/1980/1973 1990/1979/1972 1987/1976/1969
f 1991/1980/1973 1985/1974/1967 1992/1981/1974
f 1992/1981/1974 1985/1974/1967 1984/1973/1966
f 1993/1982/1975 1991/1980/1973 1992/1981/1974
f 1994/1983/1976 1990/1979/1972 1991/1980/1973
f 1995/1982/1977 1994/1983/1976 1991/1980/1973
f 1990/1979/1972 1994/1983/1976 1996/1984/1978
f 1997/1985/1979 1989/1978/1971 1990/1979/1972
f 1996/1984/1978 1997/1985/1979 1990/1979/1972
f 1997/1985/1979 1998/1986/1980 1989/1978/1971
f 1998/1986/1980 1999/1987/1981 1989/1978/1971
f 1999/1987/1981 1968/1957/1950 1988/1977/1970
f 1989/1978/1971 1999/1987/1981 1988/1977/1970
f 2000/1952/1982 2001/1988/1983 1959/1948/1941
f 1966/1955/1948 1968/1957/1950 2002/1989/1984
f 2002/1989/1984 2001/1988/1983 2000/1952/1982
f 1966/1955/1948 2002/1989/1984 2000/1952/1982
f 1968/1957/1950 1999/1987/1981 2003/1990/1985
f 1968/1957/1950 2003/1990/1985 2002/1989/1984
f 2004/1991/1986 1999/1987/1981 1998/1986/1980
f 1999/1987/1981 2004/1991/1986 2003/1990/1985
f 2005/1992/1987 2004/1991/1986 1998/1986/1980
f 2005/1992/1987 2006/1993/1988 2004/1991/1986
f 2004/1991/1986 2006/1993/1988 2007/1994/1989
f 2003/1990/1985 2004/1991/1986 2007/1994/1989
f 2008/1995/1990 2003/1990/1985 2007/1994/1989
f 2009/1996/1991 2008/1995/1990 2007/1994/1989
f 2003/1990/1985 2008/1995/1990 2010/1997/1992
f 2002/1989/1984 2003/1990/1985 2010/1997/1992
f 2011/1998/1993 2001/1988/1983 2002/1989/1984
f 2010/1997/1992 2011/1998/1993 2002/1989/1984
f 2001/1988/1983 2012/1999/1994 1959/1948/1941
f 2001/1988/1983 2011/1998/1993 2012/1999/1994
f 2013/2000/1995 1957/1946/1939 1959/1948/1941
f 1959/1948/1941 2012/1999/1994 2013/2000/1995
f 2010/1997/1992 2014/2001/1996 2011/1998/1993
f 2010/1997/1992 2008/1995/1990 2015/2002/1997
f 2014/2001/1996 2010/1997/1992 2015/2002/1997
f 2014/2001/1996 2016/2003/1487 2011/1998/1993
f 2016/2003/1487 2017/2004/1998 2011/1998/1993
f 2012/1999/1994 2011/1998/1993 2018/2005/1999
f 2017/2004/1998 2018/2005/1999 2011/1998/1993
f 2018/2005/1999 2019/2006/976 2012/1999/1994
f 2012/1999/1994 2019/2006/976 2020/2007/2000
f 2021/2008/2001 2012/1999/1994 2020/2007/2000
f 2012/1999/1994 2021/2008/2001 2013/2000/1995
f 2022/2009/2002 2023/2010/2003 2021/2008/2001
f 2013/2000/1995 2023/2010/2003 1957/1946/1939
f 2023/2010/2003 2013/2000/1995 2021/2008/2001
f 1957/1946/1939 2024/2011/2004 1958/1947/1940
f 808/807/808 807/806/807 2024/2011/2004
f 2023/2010/2003 2024/2011/2004 1957/1946/1939
f 807/806/807 1958/1947/1940 2024/2011/2004
f 2025/2012/2005 808/807/808 2024/2011/2004
f 2023/2010/2003 2025/2012/2005 2024/2011/2004
f 2026/2013/2006 2025/2012/2005 2023/2010/2003
f 2022/2009/2002 2026/2013/2006 2023/2010/2003
f 2026/2013/2006 2022/2009/2002 2027/2014/2007
f 2028/2015/2008 2030/2017/2010 2029/2016/2009
f 2030/2017/2010 2028/2015/2008 2031/2018/2011
f 2031/2018/2011 2028/2015/2008 2032/2019/2012
f 2027/2014/2007 2031/2018/2011 2032/2019/2012
f 2027/2014/2007 2032/2019/2012 2033/2020/2013
f 2026/2013/2006 2027/2014/2007 2033/2020/2013
f 2033/2020/2013 2034/2021/2014 2026/2013/2006
f 2034/2021/2014 2025/2012/2005 2026/2013/2006
f 808/807/808 2025/2012/2005 2034/2021/2014
f 2035/2022/2015 2028/2015/2008 2029/2016/2009
f 2035/2022/2015 2036/2023/2016 2028/2015/2008
f 2036/2023/2016 2032/2019/2012 2028/2015/2008
f 2036/2023/2016 2037/2024/2017 2032/2019/2012
f 2037/2024/2017 793/792/793 794/793/794
f 2037/2024/2017 2033/2020/2013 2032/2019/2012
f 2037/2024/2017 2036/2023/2016 793/792/793
f 2038/2025/2018 2034/2021/2014 2033/2020/2013
f 2038/2025/2018 2033/2020/2013 2037/2024/2017
f 2038/2025/2018 794/793/794 800/799/800
f 2038/2025/2018 2037/2024/2017 794/793/794
f 2039/2026/2019 802/801/802 808/807/808
f 2039/2026/2019 808/807/808 2034/2021/2014
f 2039/2026/2019 2034/2021/2014 2038/2025/2018
f 802/801/802 2039/2026/2019 798/797/798
f 800/799/800 2039/2026/2019 2038/2025/2018
f 2039/2026/2019 800/799/800 798/797/798
f 2036/2023/2016 2035/2022/2015 2040/2027/2020
f 2036/2023/2016 2040/2027/2020 793/792/793
f 2035/2022/2015 2041/2028/2021 2040/2027/2020
f 2042/2029/2022 793/792/793 2040/2027/2020
f 2043/2030/2023 792/791/792 793/792/793
f 2042/2029/2022 2043/2030/2023 793/792/793
f 2044/2031/2024 2040/2027/2020 2041/2028/2021
f 2044/2031/2024 2042/2029/2022 2040/2027/2020
f 2045/2032/2025 2044/2031/2024 2041/2028/2021
f 2041/2028/2021 2046/2033/2026 2045/2032/2025
f 2047/2034/2027 2046/2033/2026 2041/2028/2021
f 2035/2022/2015 2029/2016/2009 2048/2035/1779
f 2048/2035/1779 2047/2034/2027 2041/2028/2021
f 2041/2028/2021 2035/2022/2015 2048/2035/1779
f 776/776/776 791/775/791 2049/775/2028
f 2049/775/2028 791/775/791 2050/783/548
f 2050/783/548 791/775/791 2051/2036/2029
f 790/790/790 2051/2036/2029 791/775/791
f 2052/2037/2030 790/790/790 795/794/795
f 2051/2036/2029 790/790/790 2052/2037/2030
f 2053/2038/2031 792/791/792 2043/2030/2023
f 2053/2038/2031 2052/2037/2030 795/794/795
f 792/791/792 2053/2038/2031 795/794/795
f 2021/2008/2001 2054/2039/2032 2022/2009/2002
f 2020/2007/2000 2054/2039/2032 2021/2008/2001
f 2054/2039/2032 2055/2040/2033 2022/2009/2002
f 2022/2009/2002 2055/2040/2033 2027/2014/2007
f 2027/2014/2007 2056/2041/2034 2031/2018/2011
f 2056/2041/2034 2027/2014/2007 2055/2040/2033
f 2056/2041/2034 2057/2042/2035 2031/2018/2011
f 2058/2043/1773 2030/2017/2010 2031/2018/2011
f 2031/2018/2011 2057/2042/2035 2058/2043/1773
f 908/907/908 2059/2044/2036 910/909/910
f 2059/2044/2036 908/907/908 904/903/904
f 2059/2044/2036 904/903/904 888/887/888
f 939/938/939 940/939/940 2060/2045/2037
f 940/939/940 941/940/941 2060/2045/2037
f 1103/1100/1103 939/938/939 2061/2046/2038
f 2061/2046/2038 1102/1099/1102 1103/1100/1103
f 939/938/939 2060/2045/2037 2061/2046/2038
f 2062/2047/2039 1110/1107/1110 1109/1106/1109
f 1108/1105/1108 2063/2048/2040 1109/1106/1109
f 2063/2048/2040 2062/2047/2039 1109/1106/1109
f 1108/1105/1108 1106/1103/1106 2063/2048/2040
f 1106/1103/1106 2064/2049/2041 2063/2048/2040
f 2065/1099/2042 2064/2049/2041 1106/1103/1106
f 2061/2046/2038 2064/2049/2041 2065/1099/2042
f 2061/2046/2038 2060/2045/2037 2066/2050/2043
f 941/940/941 2066/2050/2043 2060/2045/2037
f 2064/2049/2041 2061/2046/2038 2066/2050/2043
f 2067/2051/2044 2069/2053/2046 2068/2052/2045
f 2068/2052/2045 2069/2053/2046 2070/2054/1067
f 2069/2053/2046 2071/2055/2047 2070/2054/1067
f 2072/2056/2048 2071/2055/2047 2069/2053/2046
f 2073/2057/2049 2072/2056/2048 2069/2053/2046
f 2074/2058/2050 2069/2053/2046 2075/2059/2051
f 2076/2060/2052 2075/2059/2051 2069/2053/2046
f 2077/2061/2053 2076/2060/2052 2069/2053/2046
f 2078/2062/2054 2077/2061/2053 2069/2053/2046
f 2079/2063/2055 2078/2062/2054 2069/2053/2046
f 2080/2064/2056 2079/2063/2055 2069/2053/2046
f 2081/2065/2057 2080/2064/2056 2069/2053/2046
f 2069/2053/2046 2082/2066/2058 2081/2065/2057
f 2083/2067/2059 2069/2053/2046 2067/2051/2044
f 2083/2067/2059 2082/2066/2058 2069/2053/2046
f 2073/2057/2049 2069/2053/2046 2084/2068/2060
f 2084/2068/2060 2069/2053/2046 2085/2069/2061
f 2085/2069/2061 2069/2053/2046 2086/2070/2062
f 2069/2053/2046 2087/2071/2063 2086/2070/2062
f 2087/2071/2063 2069/2053/2046 2088/2072/2064
f 2069/2053/2046 2089/2073/2065 2088/2072/2064
f 2089/2073/2065 2069/2053/2046 2090/2074/2066
f 2090/2074/2066 2069/2053/2046 2091/2075/2067
f 2074/2058/2050 2092/2076/2068 2069/2053/2046
f 2092/2076/2068 2091/2075/2067 2069/2053/2046
f 1018/1017/1018 992/991/992 2093/2077/2069
f 993/992/993 2093/2077/2069 992/991/992
f 2093/2077/2069 993/992/993 995/994/995
f 2094/2078/2070 1023/1022/1023 1018/1017/1018
f 1018/1017/1018 2093/2077/2069 2094/2078/2070
f 2093/2077/2069 2095/2079/2071 2094/2078/2070
f 2093/2077/2069 2096/2080/2072 2095/2079/2071
f 2096/2080/2072 2093/2077/2069 995/994/995
f 2096/2080/2072 995/994/995 990/989/990
f 2096/2080/2072 2097/2081/60 2095/2079/2071
f 1004/1003/1004 1005/1004/1005 2098/2082/2073
f 2098/2082/2073 1005/1004/1005 1036/1035/1036
f 1004/1003/1004 2099/2083/2074 1008/1007/1008
f 2099/2083/2074 1004/1003/1004 2098/2082/2073
f 2100/2084/2075 1012/1011/1012 1010/1009/1010
f 1008/1007/1008 2100/2084/2075 1010/1009/1010
f 2099/2083/2074 2100/2084/2075 1008/1007/1008
f 2101/2085/13 2103/2087/2077 2102/2086/2076
f 2103/2087/2077 2101/2085/13 2104/2088/7
f 2105/2089/2078 2107/2091/2080 2106/2090/2079
f 2106/2090/2079 2108/2092/2081 2105/2089/2078
f 2109/2093/2082 2108/2092/2081 2104/2088/7
f 2108/2092/2081 2109/2093/2082 2105/2089/2078
f 2108/2092/2081 2110/2094/2083 2104/2088/7
f 2110/2094/2083 2103/2087/2077 2104/2088/7
f 2111/2095/2084 2103/2087/2077 2110/2094/2083
f 2103/2087/2077 2112/2096/2085 2102/2086/2076
f 2103/2087/2077 2111/2095/2084 2112/2096/2085
f 2112/2096/2085 2113/2097/2086 2102/2086/2076
f 2113/2097/2086 2114/2098/2087 2102/2086/2076
f 2115/2099/2088 2102/2086/2076 2114/2098/2087
f 2114/2098/2087 2113/2097/2086 2115/2099/2088
f 2116/2100/2089 2117/2101/2090 2115/2099/2088
f 2118/2102/2091 2116/2100/2089 2115/2099/2088
f 2113/2097/2086 2118/2102/2091 2115/2099/2088
f 2113/2097/2086 2119/2103/2092 2118/2102/2091
f 2119/2103/2092 2113/2097/2086 2112/2096/2085
f 2120/2104/2093 2119/2103/2092 2112/2096/2085
f 2111/2095/2084 2120/2104/2093 2112/2096/2085
f 2120/2104/2093 2111/2095/2084 2121/2105/2094
f 2119/2103/2092 2120/2104/2093 2121/2105/2094
f 2111/2095/2084 2122/2106/2095 2121/2105/2094
f 2122/2106/2095 2111/2095/2084 2123/2107/2096
f 2124/2108/2097 2119/2103/2092 2121/2105/2094
f 2119/2103/2092 2124/2108/2097 2125/2109/2098
f 2121/2105/2094 2125/2109/2098 2124/2108/2097
f 2126/2110/2099 2119/2103/2092 2125/2109/2098
f 2119/2103/2092 2126/2110/2099 2118/2102/2091
f 2127/2111/2100 2116/2100/2089 2118/2102/2091
f 2126/2110/2099 2127/2111/2100 2118/2102/2091
f 2127/2111/2100 2126/2110/2099 2125/2109/2098
f 2116/2100/2089 2127/2111/2100 2128/2112/2101
f 2117/2101/2090 2116/2100/2089 2129/2113/2102
f 2129/2113/2102 2115/2099/2088 2117/2101/2090
f 2116/2100/2089 2128/2112/2101 2129/2113/2102
f 2130/2114/2103 2127/2111/2100 2125/2109/2098
f 2125/2109/2098 2131/2115/2104 2130/2114/2103
f 2127/2111/2100 2130/2114/2103 2131/2115/2104
f 2127/2111/2100 2132/2116/2105 2128/2112/2101
f 2132/2116/2105 2127/2111/2100 2131/2115/2104
f 2133/2117/2106 1211/1205/1211 1213/1207/1213
f 1213/1207/1213 1223/1217/1223 2134/2118/2107
f 2133/2117/2106 1213/1207/1213 2134/2118/2107
f 1223/1217/1223 2135/2119/2108 2134/2118/2107
f 1218/1212/1218 2135/2119/2108 1223/1217/1223
f 1220/1214/1220 2135/2119/2108 1218/1212/1218
f 1298/1292/1298 2136/2120/2109 1220/1214/1220
f 2136/2120/2109 2135/2119/2108 1220/1214/1220
f 2137/2121/2110 2136/2120/2109 1298/1292/1298
f 2138/2122/2111 1298/1292/1298 1300/1294/1300
f 2138/2122/2111 2137/2121/2110 1298/1292/1298
f 1300/1294/1300 2139/2123/2112 2138/2122/2111
f 2138/2122/2111 2139/2123/2112 2137/2121/2110
f 2140/2124/2113 2142/2126/2115 2141/2125/2114
f 2143/2127/2116 2140/2124/2113 2141/2125/2114
f 2140/2124/2113 2143/2127/2116 2144/2128/2117
f 2143/2127/2116 2145/2129/2118 2144/2128/2117
f 2146/2130/2119 2148/2132/1192 2147/2131/2120
f 2144/2128/2117 2149/2133/2121 2146/2130/2119
f 2148/2132/1192 2146/2130/2119 2149/2133/2121
f 2144/2128/2117 2146/2130/2119 2150/2134/2122
f 2140/2124/2113 2144/2128/2117 2150/2134/2122
f 2151/2135/2123 2140/2124/2113 2150/2134/2122
f 2152/2136/2124 2140/2124/2113 2151/2135/2123
f 2140/2124/2113 2152/2136/2124 2142/2126/2115
f 2152/2136/2124 2153/2137/2125 2142/2126/2115
f 2154/2138/2126 2148/2132/1192 2149/2133/2121
f 2148/2132/1192 2154/2138/2126 2155/2139/2
f 2147/2131/2120 2148/2132/1192 2156/2140/2127
f 2148/2132/1192 2155/2139/2 2156/2140/2127
f 2154/2138/2126 2157/2141/2128 2155/2139/2
f 2158/2142/2129 2160/2144/2131 2159/2143/2130
f 2160/2144/2131 2158/2142/2129 2161/2145/2132
f 2162/2146/2133 2160/2144/2131 2161/2145/2132
f 2163/2147/2134 2162/2146/2133 2161/2145/2132
f 2162/2146/2133 2163/2147/2134 2151/2135/2123
f 2164/2148/2135 2152/2136/2124 2151/2135/2123
f 2163/2147/2134 2164/2148/2135 2151/2135/2123
f 2165/2149/2136 2153/2137/2125 2152/2136/2124
f 2152/2136/2124 2164/2148/2135 2165/2149/2136
f 2153/2137/2125 2165/2149/2136 2166/2150/2137
f 68/68/68 67/67/67 2167/2151/2138
f 75/75/75 68/68/68 2167/2151/2138
f 2164/2148/2135 2168/2152/2139 2165/2149/2136
f 2168/2152/2139 75/75/75 2167/2151/2138
f 2165/2149/2136 2168/2152/2139 2169/2153/2140
f 2169/2153/2140 2168/2152/2139 2167/2151/2138
f 45/45/45 23/23/23 2170/2154/2141
f 67/67/67 2170/2154/2141 2167/2151/2138
f 2170/2154/2141 67/67/67 53/53/53
f 45/45/45 2170/2154/2141 53/53/53
f 2167/2151/2138 2170/2154/2141 2169/2153/2140
f 2170/2154/2141 2171/2155/2142 2169/2153/2140
f 23/23/23 2171/2155/2142 2170/2154/2141
f 23/23/23 17/17/17 2171/2155/2142
f 2172/2156/2143 2169/2153/2140 2171/2155/2142
f 2172/2156/2143 2165/2149/2136 2169/2153/2140
f 17/17/17 2173/2157/2144 2171/2155/2142
f 19/19/19 2173/2157/2144 17/17/17
f 2173/2157/2144 19/19/19 2172/2156/2143
f 2173/2157/2144 2172/2156/2143 2171/2155/2142
f 2174/2158/2145 2166/2150/2137 2165/2149/2136
f 2172/2156/2143 2174/2158/2145 2165/2149/2136
f 19/19/19 2174/2158/2145 2172/2156/2143
f 2175/2159/2146 2177/2161/2148 2176/2160/2147
f 2178/2162/2149 2177/2161/2148 2175/2159/2146
f 2178/2162/2149 2179/2163/2150 2177/2161/2148
f 2179/2163/2150 2178/2162/2149 2180/2164/2151
f 2179/2163/2150 2181/2165/2152 1316/1310/1316
f 1318/1312/1318 1316/1310/1316 2181/2165/2152
f 2181/2165/2152 2179/2163/2150 2180/2164/2151
f 2180/2164/2151 2178/2162/2149 2182/2166/2153
f 2183/2167/2154 2178/2162/2149 2175/2159/2146
f 2178/2162/2149 2183/2167/2154 2182/2166/2153
f 2175/2159/2146 2184/2168/2155 2183/2167/2154
f 1333/1327/1333 628/628/628 2185/2169/2156
f 2175/2159/2146 2185/2169/2156 2184/2168/2155
f 2185/2169/2156 2175/2159/2146 2176/2160/2147
f 1333/1327/1333 2186/2170/2157 1331/1325/1331
f 2176/2160/2147 2186/2170/2157 2185/2169/2156
f 1333/1327/1333 2185/2169/2156 2186/2170/2157
f 2187/2171/2158 1331/1325/1331 2186/2170/2157
f 2176/2160/2147 2187/2171/2158 2186/2170/2157
f 2187/2171/2158 1325/1319/1325 1331/1325/1331
f 2187/2171/2158 2176/2160/2147 2177/2161/2148
f 2179/2163/2150 2188/2172/2159 2177/2161/2148
f 2188/2172/2159 2187/2171/2158 2177/2161/2148
f 2187/2171/2158 2188/2172/2159 1325/1319/1325
f 2188/2172/2159 1324/1318/1324 1325/1319/1325
f 1316/1310/1316 1324/1318/1324 2188/2172/2159
f 2179/2163/2150 1316/1310/1316 2188/2172/2159
f 2185/2169/2156 2189/2173/2160 2184/2168/2155
f 628/628/628 2190/2174/2161 2185/2169/2156
f 2189/2173/2160 2185/2169/2156 2190/2174/2161
f 2181/2165/2152 2180/2164/2151 2191/2175/2162
f 2180/2164/2151 2192/2176/157 2191/2175/2162
f 2191/2175/2162 2193/2177/2163 2181/2165/2152
f 2193/2177/2163 2194/2178/2164 2181/2165/2152
f 2181/2165/2152 2194/2178/2164 1318/1312/1318
f 2195/2179/2165 1318/1312/1318 2194/2178/2164
f 1319/1313/1319 1318/1312/1318 2195/2179/2165
f 1319/1313/1319 2196/2180/152 1306/1300/1306
f 2196/2180/152 1319/1313/1319 2195/2179/2165
f 2189/2173/2160 2198/2182/2167 2197/2181/2166
f 2189/2173/2160 2197/2181/2166 2199/2183/2168
f 2189/2173/2160 2199/2183/2168 2184/2168/2155
f 2184/2168/2155 2199/2183/2168 2200/2184/2169
f 2184/2168/2155 2200/2184/2169 2183/2167/2154
f 2182/2166/2153 2183/2167/2154 2201/2185/2170
f 2201/2185/2170 2183/2167/2154 2200/2184/2169
f 2182/2166/2153 2202/2186/146 2180/2164/2151
f 2202/2186/146 2182/2166/2153 2201/2185/2170
f 2202/2186/146 2192/2176/157 2180/2164/2151
f 2203/2187/2171 2201/2185/2170 2200/2184/2169
f 2204/2188/2172 2203/2187/2171 2200/2184/2169
f 2197/2181/2166 2205/2189/2173 2199/2183/2168
f 2205/2189/2173 2204/2188/2172 2200/2184/2169
f 2199/2183/2168 2205/2189/2173 2200/2184/2169
f 2205/2189/2173 2197/2181/2166 2206/2190/2174
f 2198/2182/2167 2207/2191/2175 2197/2181/2166
f 2197/2181/2166 2207/2191/2175 2206/2190/2174
f 2207/2191/2175 2208/2192/2176 2206/2190/2174
f 2207/2191/2175 2209/2193/2177 2208/2192/2176
f 2209/2193/2177 2210/2194/2178 2208/2192/2176
f 2211/2195/2179 2212/2196/2180 2210/2194/2178
f 2212/2196/2180 2208/2192/2176 2210/2194/2178
f 2208/2192/2176 2212/2196/2180 2206/2190/2174
f 2213/2197/2181 2210/2194/2178 2209/2193/2177
f 2211/2195/2179 2210/2194/2178 2214/2198/2182
f 2210/2194/2178 2213/2197/2181 2214/2198/2182
f 2211/2195/2179 2214/2198/2182 2215/2199/2183
f 2211/2195/2179 2215/2199/2183 2216/2200/2184
f 2212/2196/2180 2211/2195/2179 2216/2200/2184
f 2216/2200/2184 2217/2201/2185 2212/2196/2180
f 2217/2201/2185 2218/2202/2186 2212/2196/2180
f 2212/2196/2180 2218/2202/2186 2206/2190/2174
f 2219/2203/2187 2206/2190/2174 2218/2202/2186
f 2219/2203/2187 2220/2204/2188 2206/2190/2174
f 2206/2190/2174 2220/2204/2188 2205/2189/2173
f 2220/2204/2188 2204/2188/2172 2205/2189/2173
f 2221/2205/130 2219/2203/2187 2218/2202/2186
f 2214/2198/2182 2222/2206/2189 2215/2199/2183
f 2222/2206/2189 2223/2207/2190 2215/2199/2183
f 2222/2206/2189 2214/2198/2182 2224/2208/2191
f 2214/2198/2182 2213/2197/2181 2224/2208/2191
f 2224/2208/2191 2213/2197/2181 2225/2209/2192
f 2213/2197/2181 2209/2193/2177 2225/2209/2192
f 2209/2193/2177 2226/2210/2193 2225/2209/2192
f 2209/2193/2177 2207/2191/2175 2226/2210/2193
f 2207/2191/2175 2198/2182/2167 2226/2210/2193
f 2227/2211/2194 2224/2208/2191 2225/2209/2192
f 2228/2212/2195 2227/2211/2194 2225/2209/2192
f 2229/2213/2196 2228/2212/2195 2225/2209/2192
f 2225/2209/2192 2226/2210/2193 2229/2213/2196
f 2226/2210/2193 2198/2182/2167 2230/2214/2197
f 2226/2210/2193 2230/2214/2197 2229/2213/2196
f 2198/2182/2167 2231/2215/2198 2230/2214/2197
f 2231/2215/2198 2198/2182/2167 2189/2173/2160
f 2190/2174/2161 2231/2215/2198 2189/2173/2160
f 2232/2216/2199 627/627/627 635/635/635
f 2190/2174/2161 628/628/628 2233/2217/2200
f 2233/2217/2200 627/627/627 2232/2216/2199
f 627/627/627 2233/2217/2200 628/628/628
f 2231/2215/2198 2190/2174/2161 2233/2217/2200
f 2231/2215/2198 2233/2217/2200 2234/2218/2201
f 2230/2214/2197 2231/2215/2198 2234/2218/2201
f 2234/2218/2201 2233/2217/2200 2232/2216/2199
f 2230/2214/2197 2234/2218/2201 2235/2219/2202
f 2229/2213/2196 2230/2214/2197 2235/2219/2202
f 2228/2212/2195 2229/2213/2196 2235/2219/2202
f 2235/2219/2202 2234/2218/2201 2236/2220/2203
f 2234/2218/2201 2232/2216/2199 2236/2220/2203
f 2232/2216/2199 2237/2221/2204 2236/2220/2203
f 2237/2221/2204 2232/2216/2199 635/635/635
f 634/634/634 2237/2221/2204 635/635/635
f 2238/2222/2205 2228/2212/2195 2235/2219/2202
f 2238/2222/2205 2235/2219/2202 2236/2220/2203
f 2239/2223/2206 2238/2222/2205 2236/2220/2203
f 2237/2221/2204 2240/2224/2207 2236/2220/2203
f 2240/2224/2207 2239/2223/2206 2236/2220/2203
f 2240/2224/2207 2237/2221/2204 2241/2225/2208
f 2237/2221/2204 634/634/634 2241/2225/2208
f 634/634/634 2242/2226/2209 2241/2225/2208
f 631/631/631 2242/2226/2209 634/634/634
f 2242/2226/2209 631/631/631 636/636/636
f 2243/2227/2210 2240/2224/2207 2241/2225/2208
f 2244/2228/2211 2243/2227/2210 2241/2225/2208
f 2245/2229/2212 2244/2228/2211 2241/2225/2208
f 2242/2226/2209 2245/2229/2212 2241/2225/2208
f 2242/2226/2209 2246/2230/2213 2245/2229/2212
f 2242/2226/2209 636/636/636 2246/2230/2213
f 636/636/636 641/641/641 2246/2230/2213
f 642/642/642 2247/2231/2214 641/641/641
f 2248/2232/2215 2244/2228/2211 2245/2229/2212
f 2246/2230/2213 2248/2232/2215 2245/2229/2212
f 2247/2231/2214 2248/2232/2215 641/641/641
f 2248/2232/2215 2246/2230/2213 641/641/641
f 2249/2233/2216 2251/2235/2218 2250/2234/2217
f 2251/2235/2218 2252/2236/2219 2250/2234/2217
f 2251/2235/2218 2253/2237/2220 2252/2236/2219
f 2253/2237/2220 2254/2238/2221 2252/2236/2219
f 2253/2237/2220 2255/2239/2222 2254/2238/2221
f 2255/2239/2222 2256/2240/2223 2254/2238/2221
f 2255/2239/2222 2257/2241/2224 2256/2240/2223
f 2258/2242/2225 640/640/640 643/643/643
f 2257/2241/2224 642/642/642 2258/2242/2225
f 642/642/642 640/640/640 2258/2242/2225
f 2257/2241/2224 2258/2242/2225 2256/2240/2223
f 2259/2243/2226 2254/2238/2221 2256/2240/2223
f 2260/2244/2227 2256/2240/2223 2258/2242/2225
f 2260/2244/2227 2258/2242/2225 643/643/643
f 2260/2244/2227 2259/2243/2226 2256/2240/2223
f 2261/2245/2228 2259/2243/2226 2260/2244/2227
f 643/643/643 645/645/645 2262/2246/2229
f 2260/2244/2227 643/643/643 2262/2246/2229
f 2262/2246/2229 2261/2245/2228 2260/2244/2227
f 2263/2247/2230 2261/2245/2228 2262/2246/2229
f 2264/2248/2231 2263/2247/2230 2262/2246/2229
f 2263/2247/2230 2264/2248/2231 2265/2249/2232
f 2264/2248/2231 2266/2250/2233 2265/2249/2232
f 2265/2249/2232 2266/2250/2233 2267/2251/2234
f 652/652/652 2268/2252/2235 651/651/651
f 2266/2250/2233 2268/2252/2235 2267/2251/2234
f 2262/2246/2229 2269/2253/2236 2264/2248/2231
f 646/646/646 2269/2253/2236 645/645/645
f 2269/2253/2236 2262/2246/2229 645/645/645
f 2264/2248/2231 2269/2253/2236 2266/2250/2233
f 651/651/651 2270/2254/2237 647/647/647
f 647/647/647 2270/2254/2237 646/646/646
f 2270/2254/2237 651/651/651 2268/2252/2235
f 2266/2250/2233 2270/2254/2237 2268/2252/2235
f 2270/2254/2237 2269/2253/2236 646/646/646
f 2269/2253/2236 2270/2254/2237 2266/2250/2233
f 2267/2251/2234 2268/2252/2235 2271/2255/2238
f 2268/2252/2235 652/652/652 2271/2255/2238
f 2267/2251/2234 2272/2256/2239 2265/2249/2232
f 2272/2256/2239 2267/2251/2234 2273/2257/2240
f 2267/2251/2234 2271/2255/2238 2273/2257/2240
f 2273/2257/2240 2271/2255/2238 2274/2258/2241
f 2271/2255/2238 652/652/652 2274/2258/2241
f 653/653/653 2275/2259/2242 652/652/652
f 652/652/652 2275/2259/2242 2274/2258/2241
f 653/653/653 2276/2260/2243 2275/2259/2242
f 653/653/653 654/654/654 2276/2260/2243
f 685/685/685 2276/2260/2243 659/659/659
f 654/654/654 659/659/659 2276/2260/2243
f 2274/2258/2241 2275/2259/2242 2277/2261/2244
f 2277/2261/2244 2273/2257/2240 2274/2258/2241
f 685/685/685 2278/2262/2245 2276/2260/2243
f 686/686/686 2278/2262/2245 685/685/685
f 2275/2259/2242 2278/2262/2245 2277/2261/2244
f 2276/2260/2243 2278/2262/2245 2275/2259/2242
f 686/686/686 2279/2263/2246 2278/2262/2245
f 687/687/687 2279/2263/2246 686/686/686
f 2279/2263/2246 687/687/687 689/689/689
f 2278/2262/2245 2280/2264/2247 2277/2261/2244
f 2279/2263/2246 689/689/689 2280/2264/2247
f 2279/2263/2246 2280/2264/2247 2278/2262/2245
f 2281/2265/2248 1981/1970/1963 1979/1968/1961
f 1936/1925/1919 2281/2265/2248 1979/1968/1961
f 1934/1923/1917 1933/1922/1916 2282/2266/2249
f 2281/2265/2248 2282/2266/2249 2283/2267/2250
f 2282/2266/2249 2281/2265/2248 1936/1925/1919
f 1934/1923/1917 2282/2266/2249 1936/1925/1919
f 1928/1917/1911 2284/2268/2251 1926/1915/1909
f 2283/2267/2250 2282/2266/2249 2284/2268/2251
f 1928/1917/1911 2283/2267/2250 2284/2268/2251
f 2285/2269/2252 1925/1914/1908 1926/1915/1909
f 2282/2266/2249 2285/2269/2252 2284/2268/2251
f 1925/1914/1908 2285/2269/2252 1933/1922/1916
f 1933/1922/1916 2285/2269/2252 2282/2266/2249
f 2284/2268/2251 2285/2269/2252 1926/1915/1909
f 2286/2270/2253 2281/2265/2248 2283/2267/2250
f 1981/1970/1963 2281/2265/2248 2286/2270/2253
f 2286/2270/2253 2283/2267/2250 1928/1917/1911
f 2287/2271/2254 1982/1971/1964 1980/1969/1962
f 1980/1969/1962 2288/2272/2255 2287/2271/2254
f 1981/1970/1963 2288/2272/2255 1980/1969/1962
f 2286/2270/2253 1928/1917/1911 2289/2273/81
f 1981/1970/1963 2289/2273/81 2288/2272/2255
f 2289/2273/81 1981/1970/1963 2286/2270/2253
f 1929/1918/1912 2290/2274/2256 1928/1917/1911
f 2290/2274/2256 2289/2273/81 1928/1917/1911
f 2290/2274/2256 1929/1918/1912 2291/2275/2257
f 1929/1918/1912 830/829/830 2292/2276/2258
f 830/829/830 832/831/832 2292/2276/2258
f 2292/2276/2258 832/831/832 833/832/833
f 1929/1918/1912 2292/2276/2258 2291/2275/2257
f 2289/2273/81 2293/2277/2259 2288/2272/2255
f 2293/2277/2259 2289/2273/81 2290/2274/2256
f 2288/2272/2255 2293/2277/2259 2287/2271/2254
f 2294/2278/2260 2293/2277/2259 2290/2274/2256
f 2294/2278/2260 2290/2274/2256 2295/2279/842
f 2290/2274/2256 2291/2275/2257 2295/2279/842
f 2296/2280/2261 2295/2279/842 2291/2275/2257
f 2297/2281/2262 2292/2276/2258 833/832/833
f 2291/2275/2257 2292/2276/2258 2297/2281/2262
f 2298/2282/2263 2291/2275/2257 2297/2281/2262
f 2298/2282/2263 2296/2280/2261 2291/2275/2257
f 2297/2281/2262 2299/2283/2264 2298/2282/2263
f 2298/2282/2263 2299/2283/2264 2296/2280/2261
f 2300/2284/2265 2302/2286/2267 2301/2285/2266
f 2302/2286/2267 2303/2287/2268 2301/2285/2266
f 2303/2287/2268 1903/1892/1886 2301/2285/2266
f 1901/1890/1884 1903/1892/1886 2303/2287/2268
f 1904/1893/1887 1901/1890/1884 2303/2287/2268
f 2302/2286/2267 2304/2288/2269 2303/2287/2268
f 1904/1893/1887 2304/2288/2269 1905/1894/1888
f 2304/2288/2269 1904/1893/1887 2303/2287/2268
f 1903/1892/1886 2305/2289/2270 2301/2285/2266
f 546/546/546 2306/2290/2271 545/545/545
f 2301/2285/2266 2306/2290/2271 2300/2284/2265
f 545/545/545 2306/2290/2271 2305/2289/2270
f 2306/2290/2271 2301/2285/2266 2305/2289/2270
f 2306/2290/2271 546/546/546 2307/2291/2272
f 546/546/546 552/552/552 2307/2291/2272
f 2306/2290/2271 2307/2291/2272 2300/2284/2265
f 2307/2291/2272 552/552/552 554/554/554
f 2307/2291/2272 2308/2292/2273 2300/2284/2265
f 2307/2291/2272 554/554/554 2309/2292/2274
f 545/545/545 2305/2289/2270 2310/548/2275
f 1902/1891/1885 2311/2293/782 1903/1892/1886
f 2305/2289/2270 2311/2293/782 2310/548/2275
f 2311/2293/782 2305/2289/2270 1903/1892/1886
f 2308/2292/2273 2312/2294/2276 2300/2284/2265
f 2300/2284/2265 2312/2294/2276 2302/2286/2267
f 2302/2286/2267 2313/2295/2277 2304/2288/2269
f 2312/2294/2276 2313/2295/2277 2302/2286/2267
f 2313/2295/2277 2314/2296/2278 2304/2288/2269
f 2304/2288/2269 2314/2296/2278 1905/1894/1888
f 1906/1895/1889 1905/1894/1888 2315/2297/2279
f 1905/1894/1888 2314/2296/2278 2315/2297/2279
f 2316/2298/2280 2318/2300/2282 2317/2299/2281
f 148/148/148 80/80/80 2319/2301/656
f 2319/2301/656 152/152/152 148/148/148
f 2320/2302/2283 152/152/152 2319/2301/656
f 2321/2303/2284 2320/2302/2283 2319/2301/656
f 2322/2304/2285 2320/2302/2283 2321/2303/2284
f 2323/2305/2286 2322/2304/2285 2321/2303/2284
f 2318/2300/2282 2322/2304/2285 2323/2305/2286
f 2324/2306/2287 2318/2300/2282 2323/2305/2286
f 2318/2300/2282 2324/2306/2287 2317/2299/2281
f 2325/2307/2288 2324/2306/2287 2323/2305/2286
f 69/69/69 2326/2308/2289 80/80/80
f 69/69/69 70/70/70 2326/2308/2289
f 2327/2309/2290 70/70/70 74/74/74
f 70/70/70 2327/2309/2290 2326/2308/2289
f 80/80/80 2326/2308/2289 2328/2310/2291
f 80/80/80 2328/2310/2291 2319/2301/656
f 2319/2301/656 2328/2310/2291 2321/2303/2284
f 2321/2303/2284 2329/2311/2292 2323/2305/2286
f 2328/2310/2291 2329/2311/2292 2321/2303/2284
f 2330/2312/2293 2325/2307/2288 2323/2305/2286
f 2329/2311/2292 2330/2312/2293 2323/2305/2286
f 2328/2310/2291 2331/2313/2294 2329/2311/2292
f 2326/2308/2289 2327/2309/2290 2331/2313/2294
f 2326/2308/2289 2331/2313/2294 2328/2310/2291
f 2329/2311/2292 2332/2314/2295 2330/2312/2293
f 2331/2313/2294 2332/2314/2295 2329/2311/2292
f 2332/2314/2295 2333/2315/2296 2330/2312/2293
f 2333/2315/2296 2334/2316/2297 2330/2312/2293
f 2334/2316/2297 2325/2307/2288 2330/2312/2293
f 2334/2316/2297 2333/2315/2296 2335/2317/2298
f 2336/2318/2299 2333/2315/2296 2332/2314/2295
f 2333/2315/2296 2336/2318/2299 2335/2317/2298
f 2337/2319/2300 2332/2314/2295 2331/2313/2294
f 2337/2319/2300 2336/2318/2299 2332/2314/2295
f 2327/2309/2290 2337/2319/2300 2331/2313/2294
f 2338/2320/2301 74/74/74 75/75/75
f 2327/2309/2290 2338/2320/2301 2337/2319/2300
f 2338/2320/2301 2327/2309/2290 74/74/74
f 2339/2321/2302 2338/2320/2301 75/75/75
f 2338/2320/2301 2339/2321/2302 2340/2322/2303
f 2341/2323/2304 2338/2320/2301 2340/2322/2303
f 2338/2320/2301 2341/2323/2304 2337/2319/2300
f 2337/2319/2300 2341/2323/2304 2336/2318/2299
f 2341/2323/2304 2342/2324/1147 2336/2318/2299
f 2341/2323/2304 2340/2322/2303 2343/2325/2305
f 2342/2324/1147 2341/2323/2304 2343/2325/2305
f 2163/2147/2134 2161/2145/2132 2344/2326/2306
f 2340/2322/2303 2339/2321/2302 2344/2326/2306
f 2340/2322/2303 2344/2326/2306 2343/2325/2305
f 2339/2321/2302 2345/2327/2307 2344/2326/2306
f 2345/2327/2307 2339/2321/2302 75/75/75
f 2164/2148/2135 2163/2147/2134 2345/2327/2307
f 2168/2152/2139 2345/2327/2307 75/75/75
f 2168/2152/2139 2164/2148/2135 2345/2327/2307
f 2345/2327/2307 2163/2147/2134 2344/2326/2306
f 2335/2317/2298 2336/2318/2299 2346/2328/2308
f 2336/2318/2299 2342/2324/1147 2346/2328/2308
f 2347/2329/49 2348/2330/2309 2346/2328/2308
f 2334/2316/2297 2335/2317/2298 2348/2330/2309
f 2348/2330/2309 2335/2317/2298 2346/2328/2308
f 2346/2328/2308 2342/2324/1147 2349/2331/2310
f 2347/2329/49 2346/2328/2308 2349/2331/2310
f 2343/2325/2305 2350/2332/2311 2342/2324/1147
f 2349/2331/2310 2342/2324/1147 2350/2332/2311
f 2351/2333/2312 2349/2331/2310 2350/2332/2311
f 2351/2333/2312 2350/2332/2311 2343/2325/2305
f 2351/2333/2312 2352/2334/2313 2158/2142/2129
f 2352/2334/2313 2351/2333/2312 2343/2325/2305
f 2158/2142/2129 2352/2334/2313 2161/2145/2132
f 2344/2326/2306 2352/2334/2313 2343/2325/2305
f 2161/2145/2132 2352/2334/2313 2344/2326/2306
f 2347/2329/49 2349/2331/2310 2353/2335/2314
f 2353/2335/2314 2349/2331/2310 2354/2336/2315
f 2354/2336/2315 2349/2331/2310 2351/2333/2312
f 2351/2333/2312 2355/2337/2316 2354/2336/2315
f 2355/2337/2316 2351/2333/2312 2158/2142/2129
f 2355/2337/2316 2356/2338/2317 2354/2336/2315
f 2356/2338/2317 2355/2337/2316 2158/2142/2129
f 2357/2339/2318 2356/2338/2317 2158/2142/2129
f 2358/2340/34 2357/2339/2318 2158/2142/2129
f 2159/2143/2130 2358/2340/34 2158/2142/2129
f 2359/2341/2319 2358/2340/34 2159/2143/2130
f 2360/2342/2320 2359/2341/2319 2159/2143/2130
f 2361/2343/2321 2146/2130/2119 2147/2131/2120
f 2146/2130/2119 2361/2343/2321 2150/2134/2122
f 2150/2134/2122 2361/2343/2321 2362/2344/2322
f 2151/2135/2123 2150/2134/2122 2362/2344/2322
f 2162/2146/2133 2151/2135/2123 2362/2344/2322
f 2162/2146/2133 2362/2344/2322 2160/2144/2131
f 2362/2344/2322 2363/2345/2323 2160/2144/2131
f 2363/2345/2323 2360/2342/2320 2159/2143/2130
f 2160/2144/2131 2363/2345/2323 2159/2143/2130
f 2363/2345/2323 2364/2346/2324 2360/2342/2320
f 2362/2344/2322 2365/2347/2325 2363/2345/2323
f 2361/2343/2321 2147/2131/2120 2365/2347/2325
f 2361/2343/2321 2365/2347/2325 2362/2344/2322
f 2365/2347/2325 2364/2346/2324 2363/2345/2323
f 2364/2346/2324 2365/2347/2325 2366/2348/2326
f 2367/2349/2327 2147/2131/2120 2156/2140/2127
f 2147/2131/2120 2367/2349/2327 2365/2347/2325
f 2365/2347/2325 2367/2349/2327 2366/2348/2326
f 2359/2341/2319 2360/2342/2320 2368/2350/2328
f 2364/2346/2324 2368/2350/2328 2360/2342/2320
f 2364/2346/2324 2366/2348/2326 2369/2351/2329
f 2368/2350/2328 2364/2346/2324 2369/2351/2329
f 2369/2351/2329 2366/2348/2326 2370/2352/2330
f 2371/2353/2331 2367/2349/2327 2156/2140/2127
f 2370/2352/2330 2366/2348/2326 2371/2353/2331
f 2366/2348/2326 2367/2349/2327 2371/2353/2331
f 2368/2350/2328 2369/2351/2329 2372/2354/2332
f 2372/2354/2332 2369/2351/2329 2370/2352/2330
f 2373/2355/2333 2359/2341/2319 2368/2350/2328
f 2373/2355/2333 2368/2350/2328 2372/2354/2332
f 2374/2356/2334 2376/2358/2336 2375/2357/2335
f 2376/2358/2336 2377/2359/2337 2375/2357/2335
f 2377/2359/2337 2376/2358/2336 2378/2360/2338
f 2379/2361/2339 2377/2359/2337 2378/2360/2338
f 2378/2360/2338 2380/2362/2340 2379/2361/2339
f 2380/2362/2340 2381/2363/2341 2379/2361/2339
f 2382/2364/2342 2379/2361/2339 2381/2363/2341
f 2383/2365/2343 2382/2364/2342 2381/2363/2341
f 2382/2364/2342 2384/2366/2344 2379/2361/2339
f 2384/2366/2344 2377/2359/2337 2379/2361/2339
f 2375/2357/2335 2377/2359/2337 2385/2367/2345
f 2377/2359/2337 2384/2366/2344 2385/2367/2345
f 2386/2368/2346 2374/2356/2334 2375/2357/2335
f 2386/2368/2346 2375/2357/2335 2385/2367/2345
f 2374/2356/2334 2386/2368/2346 2387/2369/2347
f 2388/2370/2348 2374/2356/2334 2387/2369/2347
f 1082/1080/1082 2388/2370/2348 1081/1079/1081
f 2388/2370/2348 2389/2371/2349 1081/1079/1081
f 2386/2368/2346 2389/2371/2349 2387/2369/2347
f 2389/2371/2349 2388/2370/2348 2387/2369/2347
f 1081/1079/1081 2389/2371/2349 2390/1094/2350
f 2389/2371/2349 2391/2372/2351 2390/1094/2350
f 2389/2371/2349 2386/2368/2346 2391/2372/2351
f 2392/2373/2352 2386/2368/2346 2385/2367/2345
f 2386/2368/2346 2392/2373/2352 2391/2372/2351
f 2385/2367/2345 2393/2374/2353 2392/2373/2352
f 2393/2374/2353 2385/2367/2345 2384/2366/2344
f 2384/2366/2344 2394/2375/2354 2393/2374/2353
f 2394/2375/2354 2384/2366/2344 2382/2364/2342
f 2395/2376/2355 2382/2364/2342 2383/2365/2343
f 2395/2376/2355 2394/2375/2354 2382/2364/2342
f 1114/1111/1114 1113/1110/1113 2396/2377/2356
f 1097/1094/1097 2396/2377/2356 1101/1098/1101
f 2396/2377/2356 1097/1094/1097 2391/2372/2351
f 1113/1110/1113 1101/1098/1101 2396/2377/2356
f 2397/2378/2357 2396/2377/2356 2391/2372/2351
f 1114/1111/1114 2396/2377/2356 2397/2378/2357
f 1116/1113/1116 1114/1111/1114 2397/2378/2357
f 2397/2378/2357 2391/2372/2351 2392/2373/2352
f 1116/1113/1116 2397/2378/2357 2398/2379/2358
f 1122/1119/1122 1116/1113/1116 2398/2379/2358
f 2393/2374/2353 2398/2379/2358 2392/2373/2352
f 2398/2379/2358 2397/2378/2357 2392/2373/2352
f 2399/2380/2359 1123/1120/1123 1121/1118/1121
f 2394/2375/2354 2399/2380/2359 2393/2374/2353
f 2393/2374/2353 2399/2380/2359 2398/2379/2358
f 1123/1120/1123 2399/2380/2359 2394/2375/2354
f 1122/1119/1122 2399/2380/2359 1121/1118/1121
f 2399/2380/2359 1122/1119/1122 2398/2379/2358
f 1124/1121/1124 1123/1120/1123 2400/2381/2360
f 2400/2381/2360 1123/1120/1123 2394/2375/2354
f 2400/2381/2360 2394/2375/2354 2395/2376/2355
f 1124/1121/1124 2401/2382/2361 1141/1135/1141
f 2401/2382/2361 1124/1121/1124 2400/2381/2360
f 2401/2382/2361 1143/1137/1143 1141/1135/1141
f 2401/2382/2361 2400/2381/2360 2402/2383/2362
f 1143/1137/1143 2401/2382/2361 2402/2383/2362
f 2402/2383/2362 2400/2381/2360 2395/2376/2355
f 2395/2376/2355 2403/2384/2363 2402/2383/2362
f 2403/2384/2363 1143/1137/1143 2402/2383/2362
f 2403/2384/2363 2395/2376/2355 2383/2365/2343
f 2111/2095/2084 2404/2385/2364 2123/2107/2096
f 2404/2385/2364 2111/2095/2084 2110/2094/2083
f 2405/2386/2365 2108/2092/2081 2106/2090/2079
f 2108/2092/2081 2405/2386/2365 2110/2094/2083
f 2405/2386/2365 2404/2385/2364 2110/2094/2083
f 2406/2387/2366 2405/2386/2365 2106/2090/2079
f 2407/2388/2367 2123/2107/2096 2404/2385/2364
f 2405/2386/2365 2407/2388/2367 2404/2385/2364
f 2407/2388/2367 2405/2386/2365 2408/2389/2117
f 2405/2386/2365 2406/2387/2366 2408/2389/2117
f 2409/2390/2368 2408/2389/2117 2406/2387/2366
f 2410/2391/2369 2406/2387/2366 2106/2090/2079
f 2410/2391/2369 2409/2390/2368 2406/2387/2366
f 2411/2392/2370 2410/2391/2369 2106/2090/2079
f 2107/2091/2080 2411/2392/2370 2106/2090/2079
f 2412/2393/2371 2414/2395/2336 2413/2394/2334
f 2412/2393/2371 2413/2394/2334 2415/2396/2372
f 2416/2397/2373 2412/2393/2371 2415/2396/2372
f 2416/2397/2373 2415/2396/2372 2417/2398/2216
f 2250/2234/2217 2418/2399/2374 2417/2398/2216
f 2418/2399/2374 2416/2397/2373 2417/2398/2216
f 2418/2399/2374 2250/2234/2217 2252/2236/2219
f 2419/2400/2375 2412/2393/2371 2416/2397/2373
f 2418/2399/2374 2419/2400/2375 2416/2397/2373
f 2254/2238/2221 2419/2400/2375 2252/2236/2219
f 2419/2400/2375 2418/2399/2374 2252/2236/2219
f 2420/2401/2376 2419/2400/2375 2254/2238/2221
f 2412/2393/2371 2419/2400/2375 2420/2401/2376
f 2259/2243/2226 2420/2401/2376 2254/2238/2221
f 2261/2245/2228 2421/2402/2012 2259/2243/2226
f 2414/2395/2336 2412/2393/2371 2421/2402/2012
f 2421/2402/2012 2412/2393/2371 2420/2401/2376
f 2421/2402/2012 2420/2401/2376 2259/2243/2226
f 2422/2403/2377 2421/2402/2012 2261/2245/2228
f 2422/2403/2377 2414/2395/2336 2421/2402/2012
f 2422/2403/2377 2261/2245/2228 2263/2247/2230
f 2423/2404/2378 2422/2403/2377 2263/2247/2230
f 2424/2405/2379 2423/2404/2378 2263/2247/2230
f 2265/2249/2232 2424/2405/2379 2263/2247/2230
f 2272/2256/2239 2424/2405/2379 2265/2249/2232
f 852/851/852 667/667/667 2425/2406/2380
f 667/667/667 666/666/666 2425/2406/2380
f 854/853/854 852/851/852 2426/2407/2381
f 852/851/852 2425/2406/2380 2426/2407/2381
f 858/857/858 854/853/854 2426/2407/2381
f 2427/2408/2382 2426/2407/2381 2425/2406/2380
f 2428/2409/2383 2426/2407/2381 2427/2408/2382
f 860/859/860 858/857/858 2428/2409/2383
f 2428/2409/2383 858/857/858 2426/2407/2381
f 2429/2410/2384 2428/2409/2383 2427/2408/2382
f 2430/2411/2385 2428/2409/2383 2429/2410/2384
f 2430/2411/2385 860/859/860 2428/2409/2383
f 2431/2412/2386 2430/2411/2385 2429/2410/2384
f 2430/2411/2385 2432/2413/2387 860/859/860
f 2432/2413/2387 2430/2411/2385 2431/2412/2386
f 2433/2414/2388 2432/2413/2387 2431/2412/2386
f 2434/2415/2389 2425/2406/2380 666/666/666
f 2434/2415/2389 2427/2408/2382 2425/2406/2380
f 661/661/661 2434/2415/2389 663/663/663
f 663/663/663 2434/2415/2389 666/666/666
f 2434/2415/2389 661/661/661 2435/2416/2390
f 2429/2410/2384 2427/2408/2382 2435/2416/2390
f 2427/2408/2382 2434/2415/2389 2435/2416/2390
f 2435/2416/2390 661/661/661 605/605/605
f 2431/2412/2386 2429/2410/2384 2436/2417/2391
f 2436/2417/2391 2429/2410/2384 2435/2416/2390
f 604/604/604 2436/2417/2391 605/605/605
f 2436/2417/2391 2435/2416/2390 605/605/605
f 604/604/604 2433/2414/2388 2437/2418/2392
f 2433/2414/2388 2431/2412/2386 2437/2418/2392
f 2437/2418/2392 2431/2412/2386 2436/2417/2391
f 2436/2417/2391 604/604/604 2437/2418/2392
f 2438/2419/2393 2440/2421/2395 2439/2420/2394
f 2441/2422/2396 2440/2421/2395 2438/2419/2393
f 2442/2423/2397 2441/2422/2396 2438/2419/2393
f 2443/2424/2398 2442/2423/2397 2438/2419/2393
f 2444/2425/2399 2443/2424/2398 2438/2419/2393
f 2445/2426/2400 2444/2425/2399 2438/2419/2393
f 2446/2427/2401 2445/2426/2400 2438/2419/2393
f 2443/2424/2398 2447/2428/2402 2442/2423/2397
f 2447/2428/2402 2448/2429/2403 2442/2423/2397
f 2442/2423/2397 2449/2430/2404 2441/2422/2396
f 2449/2430/2404 2442/2423/2397 2448/2429/2403
f 2449/2430/2404 2450/2431/2405 2441/2422/2396
f 2451/2432/2406 2441/2422/2396 2450/2431/2405
f 2441/2422/2396 2451/2432/2406 2440/2421/2395
f 2451/2432/2406 2452/2433/2407 2440/2421/2395
f 2440/2421/2395 2453/2434/2408 2439/2420/2394
f 2453/2434/2408 2440/2421/2395 2452/2433/2407
f 2447/2428/2402 2454/2435/2409 2448/2429/2403
f 2455/2436/2410 2454/2435/2409 2447/2428/2402
f 2448/2429/2403 2456/2437/2411 2449/2430/2404
f 2454/2435/2409 2456/2437/2411 2448/2429/2403
f 2449/2430/2404 2457/2438/2412 2450/2431/2405
f 2456/2437/2411 2457/2438/2412 2449/2430/2404
f 2457/2438/2412 2458/2439/2413 2450/2431/2405
f 2450/2431/2405 2458/2439/2413 2451/2432/2406
f 2451/2432/2406 2459/2440/2414 2452/2433/2407
f 2458/2439/2413 2459/2440/2414 2451/2432/2406
f 2452/2433/2407 2460/2441/2415 2453/2434/2408
f 2459/2440/2414 2460/2441/2415 2452/2433/2407
f 2460/2441/2415 2461/2442/2416 2453/2434/2408
f 2453/2434/2408 2461/2442/2416 2462/2443/2417
f 2453/2434/2408 2462/2443/2417 2439/2420/2394
f 2461/2442/2416 2463/2444/2418 2462/2443/2417
f 2462/2443/2417 2463/2444/2418 2464/2445/2419
f 2464/2445/2419 2439/2420/2394 2462/2443/2417
f 2463/2444/2418 2465/2446/2420 2464/2445/2419
f 2464/2445/2419 2465/2446/2420 2466/2447/2421
f 2465/2446/2420 2467/2448/2422 2466/2447/2421
f 2466/2447/2421 2467/2448/2422 2468/2449/2423
f 2469/2450/2424 2438/2419/2393 2439/2420/2394
f 2439/2420/2394 2464/2445/2419 2469/2450/2424
f 2464/2445/2419 2466/2447/2421 2469/2450/2424
f 2468/2449/2423 2469/2450/2424 2466/2447/2421
f 2469/2450/2424 2468/2449/2423 2470/2451/2425
f 2469/2450/2424 2470/2451/2425 2438/2419/2393
f 2470/2451/2425 2446/2427/2401 2438/2419/2393
f 2468/2449/2423 2471/2452/2426 2470/2451/2425
f 2472/2453/2427 2470/2451/2425 2471/2452/2426
f 2470/2451/2425 2472/2453/2427 2446/2427/2401
f 2468/2449/2423 2473/2454/2428 2471/2452/2426
f 2467/2448/2422 2473/2454/2428 2468/2449/2423
f 2473/2454/2428 2474/2455/2429 2471/2452/2426
f 2471/2452/2426 2474/2455/2429 2472/2453/2427
f 2474/2455/2429 2475/2456/2430 2472/2453/2427
f 2472/2453/2427 2476/2457/2431 2446/2427/2401
f 2472/2453/2427 2475/2456/2430 2476/2457/2431
f 2475/2456/2430 2477/2458/2432 2476/2457/2431
f 2478/2459/2433 2446/2427/2401 2476/2457/2431
f 2476/2457/2431 2477/2458/2432 2478/2459/2433
f 2446/2427/2401 2478/2459/2433 2445/2426/2400
f 2477/2458/2432 2479/2460/2434 2478/2459/2433
f 2478/2459/2433 2480/2461/2435 2445/2426/2400
f 2478/2459/2433 2479/2460/2434 2480/2461/2435
f 2481/2462/2436 2445/2426/2400 2480/2461/2435
f 2445/2426/2400 2481/2462/2436 2444/2425/2399
f 2481/2462/2436 2482/2463/1862 2444/2425/2399
f 2483/2464/2437 2444/2425/2399 2482/2463/1862
f 2444/2425/2399 2483/2464/2437 2443/2424/2398
f 2447/2428/2402 2443/2424/2398 2484/2465/2438
f 2484/2465/2438 2455/2436/2410 2447/2428/2402
f 2483/2464/2437 2484/2465/2438 2443/2424/2398
f 2480/2461/2435 2485/2466/2439 2481/2462/2436
f 2479/2460/2434 2485/2466/2439 2480/2461/2435
f 2485/2466/2439 2486/2467/2440 2481/2462/2436
f 2481/2462/2436 2486/2467/2440 2482/2463/1862
f 2486/2467/2440 2487/2468/2441 2482/2463/1862
f 2482/2463/1862 2487/2468/2441 2483/2464/2437
f 2483/2464/2437 2488/2469/2442 2484/2465/2438
f 2488/2469/2442 2455/2436/2410 2484/2465/2438
f 2487/2468/2441 2488/2469/2442 2483/2464/2437
f 2489/2470/2443 2491/2472/2445 2490/2471/2444
f 2491/2472/2445 2492/2473/2446 2490/2471/2444
f 2493/2474/2447 2490/2471/2444 2492/2473/2446
f 2490/2471/2444 2493/2474/2447 2494/2475/2448
f 2493/2474/2447 2495/2476/2449 2494/2475/2448
f 2496/2477/2450 2494/2475/2448 2495/2476/2449
f 2494/2475/2448 2496/2477/2450 2497/2478/2451
f 2496/2477/2450 2498/2479/2452 2497/2478/2451
f 2499/2480/2453 2497/2478/2451 2498/2479/2452
f 2497/2478/2451 2499/2480/2453 2500/2481/2454
f 2501/2482/2455 2502/2483/2456 2491/2472/2445
f 2491/2472/2445 2502/2483/2456 2492/2473/2446
f 2492/2473/2446 2503/2484/2457 2493/2474/2447
f 2502/2483/2456 2503/2484/2457 2492/2473/2446
f 2493/2474/2447 2504/2485/2458 2495/2476/2449
f 2503/2484/2457 2504/2485/2458 2493/2474/2447
f 2504/2485/2458 2505/2486/2459 2495/2476/2449
f 2495/2476/2449 2505/2486/2459 2496/2477/2450
f 2496/2477/2450 2506/2487/2460 2498/2479/2452
f 2505/2486/2459 2506/2487/2460 2496/2477/2450
f 2498/2479/2452 2507/2488/2461 2499/2480/2453
f 2506/2487/2460 2507/2488/2461 2498/2479/2452
f 2507/2488/2461 2508/2489/2462 2499/2480/2453
f 2499/2480/2453 2509/2490/2463 2500/2481/2454
f 2499/2480/2453 2508/2489/2462 2509/2490/2463
f 2508/2489/2462 2510/2491/2464 2509/2490/2463
f 2509/2490/2463 2510/2491/2464 2511/2492/2465
f 2511/2492/2465 2500/2481/2454 2509/2490/2463
f 2510/2491/2464 2512/2493/2466 2511/2492/2465
f 2511/2492/2465 2512/2493/2466 2513/2494/2467
f 2512/2493/2466 2514/2495/2468 2513/2494/2467
f 2513/2494/2467 2514/2495/2468 2515/2496/2469
f 2511/2492/2465 2513/2494/2467 2516/2497/2470
f 2515/2496/2469 2516/2497/2470 2513/2494/2467
f 2500/2481/2454 2511/2492/2465 2516/2497/2470
f 2516/2497/2470 2515/2496/2469 2517/2498/2471
f 2515/2496/2469 2518/2499/2472 2517/2498/2471
f 2519/2500/2473 2517/2498/2471 2518/2499/2472
f 2515/2496/2469 2520/2501/2474 2518/2499/2472
f 2514/2495/2468 2520/2501/2474 2515/2496/2469
f 2518/2499/2472 2521/2502/2475 2519/2500/2473
f 2520/2501/2474 2521/2502/2475 2518/2499/2472
f 2521/2502/2475 2522/2503/2476 2519/2500/2473
f 2516/2497/2470 2523/2504/2477 2500/2481/2454
f 2523/2504/2477 2516/2497/2470 2517/2498/2471
f 2500/2481/2454 2523/2504/2477 2497/2478/2451
f 2494/2475/2448 2523/2504/2477 2490/2471/2444
f 2523/2504/2477 2494/2475/2448 2497/2478/2451
f 2523/2504/2477 2489/2470/2443 2490/2471/2444
f 2517/2498/2471 2519/2500/2473 2524/2505/2478
f 2524/2505/2478 2523/2504/2477 2517/2498/2471
f 2519/2500/2473 2522/2503/2476 2525/2506/2479
f 2519/2500/2473 2525/2506/2479 2524/2505/2478
f 2522/2503/2476 2526/2507/2480 2525/2506/2479
f 2525/2506/2479 2526/2507/2480 2527/2508/2481
f 2527/2508/2481 2524/2505/2478 2525/2506/2479
f 2526/2507/2480 2528/2509/2482 2527/2508/2481
f 2527/2508/2481 2528/2509/2482 2529/2510/2483
f 2489/2470/2443 2523/2504/2477 2530/2511/2484
f 2531/2512/2485 2523/2504/2477 2524/2505/2478
f 2523/2504/2477 2531/2512/2485 2530/2511/2484
f 2524/2505/2478 2527/2508/2481 2531/2512/2485
f 2527/2508/2481 2529/2510/2483 2531/2512/2485
f 2531/2512/2485 2532/2513/2486 2530/2511/2484
f 2532/2513/2486 2531/2512/2485 2529/2510/2483
f 2532/2513/2486 2533/2514/2487 2530/2511/2484
f 2530/2511/2484 2534/2515/2488 2489/2470/2443
f 2534/2515/2488 2530/2511/2484 2533/2514/2487
f 2534/2515/2488 2535/2516/2489 2489/2470/2443
f 2491/2472/2445 2489/2470/2443 2535/2516/2489
f 2535/2516/2489 2501/2482/2455 2491/2472/2445
f 2528/2509/2482 2536/2517/2490 2529/2510/2483
f 2529/2510/2483 2536/2517/2490 2532/2513/2486
f 2532/2513/2486 2537/2518/2491 2533/2514/2487
f 2536/2517/2490 2537/2518/2491 2532/2513/2486
f 2533/2514/2487 2538/2519/2492 2534/2515/2488
f 2537/2518/2491 2538/2519/2492 2533/2514/2487
f 2539/2520/2493 2501/2482/2455 2535/2516/2489
f 2538/2519/2492 2539/2520/2493 2534/2515/2488
f 2534/2515/2488 2539/2520/2493 2535/2516/2489
f 2540/2521/2494 2542/2523/2496 2541/2522/2495
f 2543/2524/2497 2540/2521/2494 2541/2522/2495
f 2544/2525/2498 2540/2521/2494 2543/2524/2497
f 2545/2526/2499 2544/2525/2498 2543/2524/2497
f 2546/2527/2500 2544/2525/2498 2545/2526/2499
f 2547/2528/2501 2546/2527/2500 2545/2526/2499
f 2548/2529/2502 2546/2527/2500 2547/2528/2501
f 2549/2530/2503 2548/2529/2502 2547/2528/2501
f 2550/2531/2504 2548/2529/2502 2549/2530/2503
f 2551/2532/2505 2550/2531/2504 2549/2530/2503
f 2552/2533/2506 2554/2535/2508 2553/2534/2507
f 2555/2536/2509 2552/2533/2506 2553/2534/2507
f 2556/2537/2510 2552/2533/2506 2555/2536/2509
f 2557/2538/2511 2556/2537/2510 2555/2536/2509
f 2558/2539/2512 2556/2537/2510 2557/2538/2511
f 2559/2540/2513 2558/2539/2512 2557/2538/2511
f 2560/2541/2514 2558/2539/2512 2559/2540/2513
f 2542/2523/2496 2560/2541/2514 2561/2542/2515
f 2561/2542/2515 2560/2541/2514 2559/2540/2513
f 2541/2522/2495 2542/2523/2496 2561/2542/2515
f 2562/2543/2516 2564/2545/2518 2563/2544/2517
f 2565/2546/2519 2562/2543/2516 2563/2544/2517
f 2566/2547/2520 2562/2543/2516 2565/2546/2519
f 2567/2548/2521 2566/2547/2520 2565/2546/2519
f 2568/2549/2522 2566/2547/2520 2567/2548/2521
f 2569/2550/2523 2568/2549/2522 2567/2548/2521
f 2570/2551/2524 2568/2549/2522 2569/2550/2523
f 2571/2552/2525 2570/2551/2524 2569/2550/2523
f 2554/2535/2508 2570/2551/2524 2571/2552/2525
f 2553/2534/2507 2554/2535/2508 2571/2552/2525
f 2572/2553/2526 2574/2555/2504 2573/2554/2527
f 2575/2556/2528 2572/2553/2526 2573/2554/2527
f 2576/2557/2529 2572/2553/2526 2575/2556/2528
f 2577/2558/2530 2576/2557/2529 2575/2556/2528
f 2578/2559/2531 2576/2557/2529 2577/2558/2530
f 2579/2560/2532 2578/2559/2531 2577/2558/2530
f 2580/2561/2533 2578/2559/2531 2579/2560/2532
f 2563/2544/2517 2564/2545/2518 2581/2562/2534
f 2564/2545/2518 2580/2561/2533 2581/2562/2534
f 2581/2562/2534 2580/2561/2533 2579/2560/2532
f 2582/196/2535 2584/2563/2537 2583/202/2536
f 2582/196/2535 2585/198/2538 2584/2563/2537
f 2585/198/2538 2586/200/2539 2584/2563/2537
f 2585/198/2538 2587/2564/2540 2586/200/2539
f 2588/2565/2541 2587/2564/2540 2585/198/2538
f 2588/2565/2541 2585/198/2538 2582/196/2535
f 2589/183/2542 2591/2567/2544 2590/2566/2543
f 2592/2568/2545 2591/2567/2544 2589/183/2542
f 2592/2568/2545 2593/341/2546 2591/2567/2544
f 2594/339/2547 2593/341/2546 2592/2568/2545
f 2594/339/2547 2587/2564/2540 2593/341/2546
f 2595/2569/2548 2587/2564/2540 2588/2565/2541
f 2593/341/2546 2595/2569/2548 2591/2567/2544
f 2593/341/2546 2587/2564/2540 2595/2569/2548
f 2596/2570/2549 2588/2565/2541 2582/196/2535
f 2591/2567/2544 2595/2569/2548 2596/2570/2549
f 2591/2567/2544 2596/2570/2549 2590/2566/2543
f 2595/2569/2548 2588/2565/2541 2596/2570/2549
f 2596/2570/2549 2582/196/2535 2597/195/2550
f 2590/2566/2543 2596/2570/2549 2597/195/2550
f 2597/195/2550 2582/196/2535 2583/202/2536
f 2597/195/2550 2583/202/2536 2598/2571/2551
f 2599/204/2552 2598/2571/2551 2600/227/2553
f 2601/194/2554 2597/195/2550 2598/2571/2551
f 2601/194/2554 2598/2571/2551 2599/204/2552
f 2590/2566/2543 2597/195/2550 2601/194/2554
f 2600/227/2553 2603/228/2556 2602/2572/2555
f 2602/2572/2555 2603/228/2556 2604/232/2557
f 2599/204/2552 2600/227/2553 2605/235/2558
f 2605/235/2558 2600/227/2553 2602/2572/2555
f 2606/2573/2559 2599/204/2552 2605/235/2558
f 2607/193/2560 2601/194/2554 2599/204/2552
f 2607/193/2560 2599/204/2552 2606/2573/2559
f 2589/183/2542 2590/2566/2543 2608/2574/2561
f 2608/2574/2561 2590/2566/2543 2601/194/2554
f 2608/2574/2561 2601/194/2554 2607/193/2560
f 2609/2575/2562 2608/2574/2561 2607/193/2560
f 2610/190/2563 2607/193/2560 2606/2573/2559
f 2609/2575/2562 2607/193/2560 2610/190/2563
f 2610/190/2563 2606/2573/2559 2611/236/2564
f 2606/2573/2559 2605/235/2558 2612/237/2565
f 2611/236/2564 2606/2573/2559 2612/237/2565
f 2605/235/2558 2602/2572/2555 2613/2576/2566
f 2612/237/2565 2605/235/2558 2613/2576/2566
f 2613/2576/2566 2602/2572/2555 2614/239/2567
f 2602/2572/2555 2604/232/2557 2614/239/2567
f 2612/237/2565 2613/2576/2566 2615/245/2568
f 2613/2576/2566 2614/239/2567 2616/246/2569
f 2615/245/2568 2613/2576/2566 2616/246/2569
f 2611/236/2564 2612/237/2565 2617/244/2570
f 2617/244/2570 2612/237/2565 2615/245/2568
f 2618/243/2571 2611/236/2564 2617/244/2570
f 2619/191/2572 2611/236/2564 2618/243/2571
f 2619/191/2572 2610/190/2563 2611/236/2564
f 2620/242/2573 2619/191/2572 2618/243/2571
f 2621/2577/2574 2619/191/2572 2620/242/2573
f 2621/2577/2574 2622/2578/2575 2619/191/2572
f 2622/2578/2575 2610/190/2563 2619/191/2572
f 2622/2578/2575 2609/2575/2562 2610/190/2563
f 2623/179/2576 2622/2578/2575 2621/2577/2574
f 2624/2579/2577 2620/242/2573 2625/255/2578
f 2624/2579/2577 2621/2577/2574 2620/242/2573
f 2626/2580/2579 2624/2579/2577 2625/255/2578
f 2625/255/2578 2620/242/2573 2627/254/2580
f 2620/242/2573 2618/243/2571 2627/254/2580
f 2618/243/2571 2617/244/2570 2628/260/2581
f 2627/254/2580 2618/243/2571 2628/260/2581
f 2628/260/2581 2617/244/2570 2629/252/2582
f 2617/244/2570 2615/245/2568 2629/252/2582
f 2629/252/2582 2615/245/2568 2630/251/2583
f 2615/245/2568 2616/246/2569 2630/251/2583
f 2627/254/2580 2628/260/2581 2631/260/260
f 2631/260/260 2628/260/2581 2632/259/2584
f 2628/260/2581 2629/252/2582 2632/259/2584
f 2625/255/2578 2627/254/2580 2633/261/261
f 2633/261/261 2627/254/2580 2631/260/260
f 2626/2580/2579 2625/255/2578 2634/2581/2585
f 2634/2581/2585 2625/255/2578 2633/261/261
f 2635/2582/2586 2626/2580/2579 2634/2581/2585
f 2636/265/2587 2626/2580/2579 2635/2582/2586
f 2637/2583/265 2636/265/2587 2635/2582/2586
f 2638/268/2588 2636/265/2587 2637/2583/265
f 2636/265/2587 2639/2584/2589 2626/2580/2579
f 2639/2584/2589 2624/2579/2577 2626/2580/2579
f 2640/274/2590 2639/2584/2589 2636/265/2587
f 2638/268/2588 2640/274/2590 2636/265/2587
f 2640/274/2590 2641/178/2591 2639/2584/2589
f 2642/2585/2592 2640/274/2590 2638/268/2588
f 2643/269/2593 2642/2585/2592 2638/268/2588
f 2644/2586/2594 2641/178/2591 2640/274/2590
f 2642/2585/2592 2644/2586/2594 2640/274/2590
f 2644/2586/2594 2645/171/2595 2641/178/2591
f 2646/276/2596 2647/2587/2597 2643/269/2593
f 2647/2587/2597 2642/2585/2592 2643/269/2593
f 2647/2587/2597 2648/2588/2598 2642/2585/2592
f 2648/2588/2598 2644/2586/2594 2642/2585/2592
f 2649/2589/2599 2645/171/2595 2644/2586/2594
f 2648/2588/2598 2649/2589/2599 2644/2586/2594
f 2649/2589/2599 2650/2590/2600 2645/171/2595
f 2651/283/2601 2647/2587/2597 2646/276/2596
f 2652/284/2602 2651/283/2601 2646/276/2596
f 2653/162/2603 2648/2588/2598 2647/2587/2597
f 2651/283/2601 2653/162/2603 2647/2587/2597
f 2654/2591/2604 2649/2589/2599 2648/2588/2598
f 2653/162/2603 2654/2591/2604 2648/2588/2598
f 2654/2591/2604 2655/159/2605 2649/2589/2599
f 2655/159/2605 2650/2590/2600 2649/2589/2599
f 2655/159/2605 2656/2592/2606 2650/2590/2600
f 2657/285/2607 2652/284/2602 289/289/2608
f 2658/2593/2609 2651/283/2601 2652/284/2602
f 2657/285/2607 2658/2593/2609 2652/284/2602
f 2659/2594/2610 2653/162/2603 2651/283/2601
f 2658/2593/2609 2659/2594/2610 2651/283/2601
f 2659/2594/2610 2660/2595/2611 2653/162/2603
f 2660/2595/2611 2654/2591/2604 2653/162/2603
f 2661/2596/2612 2655/159/2605 2654/2591/2604
f 2660/2595/2611 2661/2596/2612 2654/2591/2604
f 2661/2596/2612 2662/348/2613 2655/159/2605
f 2662/348/2613 2656/2592/2606 2655/159/2605
f 2662/348/2613 2663/352/2614 2656/2592/2606
f 2664/286/2615 2665/2597/2616 2657/285/2607
f 2665/2597/2616 2658/2593/2609 2657/285/2607
f 2666/2598/2617 2659/2594/2610 2658/2593/2609
f 2665/2597/2616 2666/2598/2617 2658/2593/2609
f 2666/2598/2617 2667/346/2618 2659/2594/2610
f 2667/346/2618 2660/2595/2611 2659/2594/2610
f 2668/347/2619 2661/2596/2612 2660/2595/2611
f 2667/346/2618 2668/347/2619 2660/2595/2611
f 2669/2599/2620 2662/348/2613 2661/2596/2612
f 2668/347/2619 2669/2599/2620 2661/2596/2612
f 2669/2599/2620 2670/2600/2621 2662/348/2613
f 2670/2600/2621 2663/352/2614 2662/348/2613
f 2670/2600/2621 2671/322/2622 2663/352/2614
f 2672/279/2623 2665/2597/2616 2664/286/2615
f 2673/287/2624 2672/279/2623 2664/286/2615
f 2672/279/2623 2674/278/2625 2665/2597/2616
f 2674/278/2625 2666/2598/2617 2665/2597/2616
f 2674/278/2625 2675/2601/2626 2666/2598/2617
f 2675/2601/2626 2667/346/2618 2666/2598/2617
f 2676/2602/2627 2668/347/2619 2667/346/2618
f 2675/2601/2626 2676/2602/2627 2667/346/2618
f 2676/2602/2627 2677/358/2628 2668/347/2619
f 2677/358/2628 2669/2599/2620 2668/347/2619
f 2678/320/2629 2670/2600/2621 2669/2599/2620
f 2677/358/2628 2678/320/2629 2669/2599/2620
f 2679/319/2630 2678/320/2629 2677/358/2628
f 2679/319/2630 2680/2603/2631 2678/320/2629
f 2681/2604/1918 2679/319/2630 2677/358/2628
f 2681/2604/1918 2677/358/2628 2676/2602/2627
f 2682/2605/2632 2676/2602/2627 2675/2601/2626
f 2682/2605/2632 2681/2604/1918 2676/2602/2627
f 2683/311/2633 2675/2601/2626 2674/278/2625
f 2683/311/2633 2682/2605/2632 2675/2601/2626
f 2684/307/2634 2674/278/2625 2672/279/2623
f 2684/307/2634 2683/311/2633 2674/278/2625
f 2685/2606/2635 2687/2607/2637 2686/293/2636
f 2688/2608/2638 2672/279/2623 2673/287/2624
f 2686/293/2636 2688/2608/2638 2673/287/2624
f 2688/2608/2638 2684/307/2634 2672/279/2623
f 2687/2607/2637 2688/2608/2638 2686/293/2636
f 2687/2607/2637 2689/2609/2639 2688/2608/2638
f 2689/2609/2639 2684/307/2634 2688/2608/2638
f 2689/2609/2639 2690/2610/2640 2684/307/2634
f 2690/2610/2640 2683/311/2633 2684/307/2634
f 2690/2610/2640 2691/2611/2641 2683/311/2633
f 2691/2611/2641 2682/2605/2632 2683/311/2633
f 2691/2611/2641 2692/2612/2642 2682/2605/2632
f 2692/2612/2642 2681/2604/1918 2682/2605/2632
f 2693/302/2643 2687/2607/2637 2685/2606/2635
f 2694/305/2644 2689/2609/2639 2687/2607/2637
f 2693/302/2643 2694/305/2644 2687/2607/2637
f 2695/309/2645 2690/2610/2640 2689/2609/2639
f 2694/305/2644 2695/309/2645 2689/2609/2639
f 2696/316/2646 2691/2611/2641 2690/2610/2640
f 2695/309/2645 2696/316/2646 2690/2610/2640
f 2696/316/2646 2697/220/2647 2691/2611/2641
f 2697/220/2647 2692/2612/2642 2691/2611/2641
f 2697/220/2647 2698/219/2648 2692/2612/2642
f 2699/2613/2649 2679/319/2630 2681/2604/1918
f 2692/2612/2642 2699/2613/2649 2681/2604/1918
f 2698/219/2648 2699/2613/2649 2692/2612/2642
f 2700/334/2650 2701/330/2651 2698/219/2648
f 2698/219/2648 2701/330/2651 2699/2613/2649
f 2700/334/2650 2702/333/2652 2701/330/2651
f 2703/221/2653 2700/334/2650 2698/219/2648
f 2703/221/2653 2698/219/2648 2697/220/2647
f 2704/2614/2654 2697/220/2647 2696/316/2646
f 2704/2614/2654 2703/221/2653 2697/220/2647
f 2705/2615/2655 2696/316/2646 2695/309/2645
f 2705/2615/2655 2704/2614/2654 2696/316/2646
f 2706/308/2656 2705/2615/2655 2695/309/2645
f 2706/308/2656 2695/309/2645 2694/305/2644
f 2707/222/2657 2704/2614/2654 2705/2615/2655
f 2708/223/2658 2703/221/2653 2704/2614/2654
f 2707/222/2657 2708/223/2658 2704/2614/2654
f 2708/223/2658 2709/335/2659 2703/221/2653
f 2709/335/2659 2700/334/2650 2703/221/2653
f 2710/336/2660 2587/2564/2540 2702/333/2652
f 2710/336/2660 2702/333/2652 2700/334/2650
f 2709/335/2659 2710/336/2660 2700/334/2650
f 2711/2616/2661 2710/336/2660 2709/335/2659
f 2711/2616/2661 2587/2564/2540 2710/336/2660
f 2712/214/2662 2587/2564/2540 2711/2616/2661
f 2712/214/2662 2711/2616/2661 2713/337/2663
f 2713/337/2663 2711/2616/2661 2709/335/2659
f 2713/337/2663 2709/335/2659 2708/223/2658
f 2714/233/2664 2716/230/2666 2715/241/2665
f 2716/230/2666 2717/231/2667 2715/241/2665
f 2715/241/2665 2717/231/2667 2706/308/2656
f 2717/231/2667 2705/2615/2655 2706/308/2656
f 2717/231/2667 2707/222/2657 2705/2615/2655
f 2716/230/2666 2718/224/2668 2717/231/2667
f 2718/224/2668 2707/222/2657 2717/231/2667
f 2719/225/2669 2708/223/2658 2707/222/2657
f 2719/225/2669 2713/337/2663 2708/223/2658
f 2718/224/2668 2719/225/2669 2707/222/2657
f 2614/239/2567 2604/232/2557 2720/240/2670
f 2604/232/2557 2714/233/2664 2720/240/2670
f 2714/233/2664 2715/241/2665 2721/248/2671
f 2720/240/2670 2714/233/2664 2721/248/2671
f 2722/304/2672 2706/308/2656 2694/305/2644
f 2722/304/2672 2694/305/2644 2693/302/2643
f 2715/241/2665 2706/308/2656 2722/304/2672
f 2721/248/2671 2715/241/2665 2722/304/2672
f 2723/303/2673 2722/304/2672 2693/302/2643
f 2721/248/2671 2722/304/2672 2723/303/2673
f 2720/240/2670 2721/248/2671 2724/249/2674
f 2724/249/2674 2721/248/2671 2723/303/2673
f 2616/246/2569 2614/239/2567 2725/247/2675
f 2725/247/2675 2720/240/2670 2724/249/2674
f 2614/239/2567 2720/240/2670 2725/247/2675
f 2616/246/2569 2725/247/2675 2726/250/2676
f 2630/251/2583 2616/246/2569 2726/250/2676
f 2725/247/2675 2724/249/2674 2727/256/2677
f 2726/250/2676 2725/247/2675 2727/256/2677
f 2724/249/2674 2723/303/2673 2728/299/2678
f 2727/256/2677 2724/249/2674 2728/299/2678
f 2729/2617/2679 2693/302/2643 2685/2606/2635
f 2728/299/2678 2723/303/2673 2729/2617/2679
f 2723/303/2673 2693/302/2643 2729/2617/2679
f 2727/256/2677 2728/299/2678 2730/298/2680
f 2730/298/2680 2728/299/2678 2731/296/296
f 2728/299/2678 2729/2617/2679 2731/296/296
f 2726/250/2676 2727/256/2677 2732/300/2681
f 2732/300/2681 2727/256/2677 2730/298/2680
f 2733/257/257 2726/250/2676 2732/300/2681
f 2630/251/2583 2726/250/2676 2733/257/257
f 2632/259/2584 2629/252/2582 2734/258/2682
f 2629/252/2582 2630/251/2583 2734/258/2682
f 2734/258/2682 2630/251/2583 2733/257/257
f 2686/293/2636 2673/287/2624 2735/2618/2683
f 2736/293/2684 2686/293/2636 2735/2618/2683
f 2685/2606/2635 2686/293/2636 2736/293/2684
f 2731/296/296 2729/2617/2679 2737/2619/2685
f 2729/2617/2679 2685/2606/2635 2737/2619/2685
f 2737/2619/2685 2685/2606/2635 2736/293/2684
f 2643/269/2593 2638/268/2588 2738/2620/2686
f 2738/2620/2686 2638/268/2588 2637/2583/265
f 2739/2621/2687 2643/269/2593 2738/2620/2686
f 2646/276/2596 2643/269/2593 2739/2621/2687
f 2740/271/271 2646/276/2596 2739/2621/2687
f 2652/284/2602 2646/276/2596 2740/271/271
f 289/289/2608 2652/284/2602 2740/271/271
f 2664/286/2615 2657/285/2607 2741/290/1470
f 2741/290/1470 2657/285/2607 289/289/2608
f 2673/287/2624 2664/286/2615 2742/2622/2688
f 2735/2618/2683 2673/287/2624 2742/2622/2688
f 2742/2622/2688 2664/286/2615 2741/290/1470
f 860/859/860 2743/2623/2689 859/858/859
f 2743/2623/2689 876/875/876 859/858/859
f 2432/2413/2387 2743/2623/2689 860/859/860
f 2744/2624/2690 2680/2603/2631 2679/319/2630
f 2701/330/2651 2744/2624/2690 2699/2613/2649
f 2699/2613/2649 2744/2624/2690 2679/319/2630
f 2701/330/2651 2745/332/2691 2744/2624/2690
f 2702/333/2652 2587/2564/2540 2745/332/2691
f 2702/333/2652 2745/332/2691 2701/330/2651
f 2745/332/2691 2587/2564/2540 2746/2625/2692
f 2745/332/2691 2746/2625/2692 2744/2624/2690
f 2744/2624/2690 2746/2625/2692 2680/2603/2631
f 2746/2625/2692 2747/2626/2693 2680/2603/2631
f 2746/2625/2692 2587/2564/2540 2747/2626/2693
f 2663/352/2614 2748/2627/2694 2656/2592/2606
f 2748/2627/2694 2750/353/2696 2749/343/2695
f 2663/352/2614 2751/2628/2697 2748/2627/2694
f 2751/2628/2697 2750/353/2696 2748/2627/2694
f 2671/322/2622 2751/2628/2697 2663/352/2614
f 2751/2628/2697 2752/327/2698 2750/353/2696
f 2753/323/2699 2752/327/2698 2751/2628/2697
f 2671/322/2622 2753/323/2699 2751/2628/2697
f 2753/323/2699 2587/2564/2540 2752/327/2698
f 2747/2626/2693 2587/2564/2540 2754/324/2700
f 2754/324/2700 2587/2564/2540 2753/323/2699
f 2754/324/2700 2753/323/2699 2671/322/2622
f 2755/2629/2701 2754/324/2700 2671/322/2622
f 2755/2629/2701 2671/322/2622 2670/2600/2621
f 2680/2603/2631 2755/2629/2701 2678/320/2629
f 2678/320/2629 2755/2629/2701 2670/2600/2621
f 2680/2603/2631 2747/2626/2693 2755/2629/2701
f 2747/2626/2693 2754/324/2700 2755/2629/2701
f 2656/2592/2606 2748/2627/2694 2756/165/2702
f 2748/2627/2694 2749/343/2695 2756/165/2702
f 2656/2592/2606 2756/165/2702 2650/2590/2600
f 2650/2590/2600 2757/170/2703 2645/171/2595
f 2650/2590/2600 2756/165/2702 2757/170/2703
f 2645/171/2595 2758/2630/2704 2641/178/2591
f 2645/171/2595 2757/170/2703 2758/2630/2704
f 2759/180/2705 2623/179/2576 2621/2577/2574
f 2641/178/2591 2758/2630/2704 2759/180/2705
f 2641/178/2591 2759/180/2705 2639/2584/2589
f 2639/2584/2589 2759/180/2705 2624/2579/2577
f 2759/180/2705 2621/2577/2574 2624/2579/2577
f 2758/2630/2704 2623/179/2576 2759/180/2705
f 2758/2630/2704 2760/2631/2706 2623/179/2576
f 2757/170/2703 2760/2631/2706 2758/2630/2704
f 2756/165/2702 2749/343/2695 2761/2632/2707
f 2757/170/2703 2761/2632/2707 2760/2631/2706
f 2756/165/2702 2761/2632/2707 2757/170/2703
f 2762/2633/2708 2609/2575/2562 2622/2578/2575
f 2623/179/2576 2762/2633/2708 2622/2578/2575
f 2760/2631/2706 2762/2633/2708 2623/179/2576
f 2761/2632/2707 2763/175/2709 2760/2631/2706
f 2760/2631/2706 2763/175/2709 2762/2633/2708
f 2749/343/2695 2764/2634/2710 2761/2632/2707
f 2761/2632/2707 2764/2634/2710 2763/175/2709
f 2750/353/2696 2765/2635/2711 2749/343/2695
f 2749/343/2695 2765/2635/2711 2764/2634/2710
f 2750/353/2696 2766/355/2712 2765/2635/2711
f 2752/327/2698 2766/355/2712 2750/353/2696
f 2752/327/2698 2587/2564/2540 2766/355/2712
f 2767/2636/2713 2608/2574/2561 2609/2575/2562
f 2763/175/2709 2767/2636/2713 2762/2633/2708
f 2762/2633/2708 2767/2636/2713 2609/2575/2562
f 2767/2636/2713 2589/183/2542 2608/2574/2561
f 2768/174/2714 2592/2568/2545 2589/183/2542
f 2763/175/2709 2768/174/2714 2767/2636/2713
f 2764/2634/2710 2768/174/2714 2763/175/2709
f 2768/174/2714 2589/183/2542 2767/2636/2713
f 2769/340/2715 2592/2568/2545 2768/174/2714
f 2769/340/2715 2594/339/2547 2592/2568/2545
f 2765/2635/2711 2769/340/2715 2764/2634/2710
f 2764/2634/2710 2769/340/2715 2768/174/2714
f 2766/355/2712 2587/2564/2540 2770/354/2716
f 2770/354/2716 2587/2564/2540 2594/339/2547
f 2770/354/2716 2594/339/2547 2769/340/2715
f 2765/2635/2711 2770/354/2716 2769/340/2715
f 2766/355/2712 2770/354/2716 2765/2635/2711
f 2771/217/2717 2719/225/2669 2718/224/2668
f 2772/210/2718 2773/212/2719 2771/217/2717
f 2773/212/2719 2774/216/2720 2771/217/2717
f 2774/216/2720 2713/337/2663 2719/225/2669
f 2774/216/2720 2712/214/2662 2713/337/2663
f 2771/217/2717 2774/216/2720 2719/225/2669
f 2773/212/2719 2775/2637/2721 2774/216/2720
f 2775/2637/2721 2712/214/2662 2774/216/2720
f 2775/2637/2721 2587/2564/2540 2712/214/2662
f 2586/200/2539 2587/2564/2540 2776/206/2722
f 2776/206/2722 2587/2564/2540 2775/2637/2721
f 2776/206/2722 2775/2637/2721 2773/212/2719
f 2586/200/2539 2776/206/2722 2777/207/2723
f 2777/207/2723 2776/206/2722 2773/212/2719
f 2777/207/2723 2773/212/2719 2772/210/2718
f 2584/2563/2537 2586/200/2539 2777/207/2723
f 2778/208/2724 2777/207/2723 2772/210/2718
f 2584/2563/2537 2777/207/2723 2778/208/2724
f 2583/202/2536 2584/2563/2537 2778/208/2724
f 2583/202/2536 2778/208/2724 2779/209/2725
f 2598/2571/2551 2779/209/2725 2600/227/2553
f 2600/227/2553 2779/209/2725 2603/228/2556
f 2598/2571/2551 2583/202/2536 2779/209/2725
f 2779/209/2725 2778/208/2724 2780/211/2726
f 2778/208/2724 2772/210/2718 2780/211/2726
f 2779/209/2725 2780/211/2726 2603/228/2556
f 2603/228/2556 2781/229/2727 2604/232/2557
f 2603/228/2556 2780/211/2726 2781/229/2727
f 2781/229/2727 2716/230/2666 2714/233/2664
f 2604/232/2557 2781/229/2727 2714/233/2664
f 2772/210/2718 2771/217/2717 2782/226/2728
f 2780/211/2726 2782/226/2728 2781/229/2727
f 2780/211/2726 2772/210/2718 2782/226/2728
f 2782/226/2728 2718/224/2668 2716/230/2666
f 2781/229/2727 2782/226/2728 2716/230/2666
f 2782/226/2728 2771/217/2717 2718/224/2668
f 2783/2638/2729 1778/1768/1769 1777/1767/874
f 1778/1768/1769 2783/2638/2729 1785/1775/1776
f 2783/2638/2729 2784/2639/2730 1785/1775/1776
f 1785/1775/1776 2784/2639/2730 2785/2640/2731
f 1785/1775/1776 2785/2640/2731 1788/1778/1779
f 2785/2640/2731 2786/2641/2732 1788/1778/1779
f 2786/2641/2732 2787/2642/2388 1788/1778/1779
f 88/88/88 135/135/135 2788/2643/2733
f 2788/2643/2733 91/91/91 88/88/88
f 2788/2643/2733 117/117/117 91/91/91
f 137/137/137 122/122/122 2789/2644/2734
f 118/118/118 2789/2644/2734 122/122/122
f 118/118/118 117/117/117 2789/2644/2734
f 135/135/135 137/137/137 2789/2644/2734
f 135/135/135 2789/2644/2734 2788/2643/2733
f 117/117/117 2788/2643/2733 2789/2644/2734
f 2007/1994/1989 2006/1993/1988 2790/2645/2735
f 2790/2645/2735 2791/2646/2736 2007/1994/1989
f 2007/1994/1989 2792/2647/2737 2009/1996/1991
f 2791/2646/2736 2792/2647/2737 2007/1994/1989
f 2792/2647/2737 2793/2648/2738 2009/1996/1991
f 2793/2648/2738 2794/2649/2739 2009/1996/1991
f 2008/1995/1990 2009/1996/1991 2794/2649/2739
f 2015/2002/1997 2008/1995/1990 2794/2649/2739
f 1315/1309/1315 2795/2650/1153 1341/1335/1160
f 1303/1297/1303 2795/2650/1153 1315/1309/1315
f 2317/2299/2281 2324/2306/2287 2796/2651/2740
f 2324/2306/2287 2325/2307/2288 2796/2651/2740
f 2797/2652/2741 2796/2651/2740 2325/2307/2288
f 2797/2652/2741 2334/2316/2297 2348/2330/2309
f 2334/2316/2297 2797/2652/2741 2325/2307/2288
f 1581/1572/1574 2798/2653/2742 1548/1539/1541
f 2798/2653/2742 2799/2654/2743 1548/1539/1541
f 2799/2654/2743 2798/2653/2742 2800/2655/2744
f 2800/2655/2744 1582/1573/1575 1583/1574/1576
f 1581/1572/1574 1582/1573/1575 2800/2655/2744
f 2798/2653/2742 1581/1572/1574 2800/2655/2744
f 2801/2656/2745 1583/1574/1576 1589/1580/1582
f 2801/2656/2745 2800/2655/2744 1583/1574/1576
f 1589/1580/1582 1588/1579/1581 2802/2657/2746
f 2802/2657/2746 2801/2656/2745 1589/1580/1582
f 1588/1579/1581 1590/1581/1583 2803/2658/2747
f 1588/1579/1581 2803/2658/2747 2802/2657/2746
f 1590/1581/1583 2804/2659/2748 2803/2658/2747
f 2804/2659/2748 2805/2660/2749 2803/2658/2747
f 2804/2659/2748 2806/2661/700 2805/2660/2749
f 2805/2660/2749 2807/2662/2750 2803/2658/2747
f 2802/2657/2746 2803/2658/2747 2807/2662/2750
f 2808/2663/2751 2802/2657/2746 2807/2662/2750
f 2802/2657/2746 2808/2663/2751 2801/2656/2745
f 2809/2664/2752 2799/2654/2743 2800/2655/2744
f 2808/2663/2751 2809/2664/2752 2801/2656/2745
f 2801/2656/2745 2809/2664/2752 2800/2655/2744
f 2810/2665/922 1606/1582/1599 1605/1596/1598
f 1586/1577/1579 1606/1582/1599 2810/2665/922
f 2811/2666/2753 1586/1577/1579 2810/2665/922
f 1586/1577/1579 2811/2666/2753 1587/1578/1580
f 2811/2666/2753 2812/2667/2754 1587/1578/1580
f 1590/1581/1583 1587/1578/1580 2812/2667/2754
f 2813/2668/2755 1590/1581/1583 2812/2667/2754
f 2804/2659/2748 1590/1581/1583 2813/2668/2755
f 2806/2661/700 2804/2659/2748 2814/2669/2586
f 2814/2669/2586 2804/2659/2748 2813/2668/2755
f 1733/1723/1726 1741/1731/1734 2815/2670/2756
f 1741/1731/1734 1743/1733/1736 2815/2670/2756
f 1731/1721/1724 1733/1723/1726 2815/2670/2756
f 1743/1733/1736 1802/1792/1793 2815/2670/2756
f 1732/1722/1725 1731/1721/1724 2816/2671/2757
f 1731/1721/1724 2815/2670/2756 2816/2671/2757
f 1802/1792/1793 1804/1794/1795 2816/2671/2757
f 2815/2670/2756 1802/1792/1793 2816/2671/2757
f 2816/2671/2757 1804/1794/1795 2817/2672/2758
f 1812/1802/1803 2817/2672/2758 1809/1799/1800
f 2817/2672/2758 1804/1794/1795 1809/1799/1800
f 2817/2672/2758 1812/1802/1803 2818/2673/2759
f 1812/1802/1803 1857/1846/1845 2818/2673/2759
f 1858/1847/1846 1732/1722/1725 2818/2673/2759
f 2818/2673/2759 2816/2671/2757 2817/2672/2758
f 1857/1846/1845 1858/1847/1846 2818/2673/2759
f 2818/2673/2759 1732/1722/1725 2816/2671/2757
f 59/59/59 101/101/101 2819/2674/2071
f 59/59/59 2819/2674/2071 60/60/60
f 101/101/101 2820/2675/2760 2819/2674/2071
f 2820/2675/2760 101/101/101 2821/2676/2761
f 101/101/101 106/106/106 2821/2676/2761
f 106/106/106 111/111/111 2822/2677/2762
f 2821/2676/2761 106/106/106 2822/2677/2762
f 111/111/111 2823/2678/2763 2822/2677/2762
f 111/111/111 109/109/109 2823/2678/2763
f 109/109/109 128/128/128 2823/2678/2763
f 2824/2679/2764 387/387/387 459/459/459
f 2824/2679/2764 459/459/459 451/451/451
f 2824/2679/2764 378/378/378 387/387/387
f 377/377/377 378/378/378 2824/2679/2764
f 2825/2680/2765 377/377/377 2824/2679/2764
f 376/376/376 377/377/377 2825/2680/2765
f 2825/2680/2765 2824/2679/2764 451/451/451
f 2825/2680/2765 451/451/451 449/449/449
f 2826/2681/2766 2825/2680/2765 449/449/449
f 375/375/375 376/376/376 2826/2681/2766
f 2826/2681/2766 376/376/376 2825/2680/2765
f 2826/2681/2766 449/449/449 443/443/443
f 442/442/442 2826/2681/2766 443/443/443
f 442/442/442 375/375/375 2826/2681/2766
f 1469/1463/1463 1498/1490/1413 2827/2682/1412
f 2828/2683/2767 1469/1463/1463 2827/2682/1412
f 2828/2683/2767 2829/2684/2768 1469/1463/1463
f 2829/2684/2768 1257/1251/1257 1470/1464/1464
f 2829/2684/2768 1470/1464/1464 1469/1463/1463
f 1086/1084/1086 1079/1077/1079 2830/2685/2769
f 2830/2685/2769 1079/1077/1079 1066/1064/1066
f 1085/1083/1085 1086/1084/1086 2831/2686/2770
f 2831/2686/2770 1086/1084/1086 2830/2685/2769
f 2832/2687/2771 2388/2370/2348 1082/1080/1082
f 1085/1083/1085 2832/2687/2771 1082/1080/1082
f 2832/2687/2771 1085/1083/1085 2831/2686/2770
