# Blender 4.4.1
# www.blender.org
mtllib left thigh.mtl
o DPROP_GEN_SentinelLeg_01_STAT.001
v -0.368620 -0.621998 -2.211318
v -0.483478 -0.161076 -2.042789
v -0.821314 -0.575260 -1.792925
v -0.843859 -1.072433 -1.933054
v -0.327119 -0.798298 -2.138559
v -1.114848 -0.958302 -1.367639
v -1.214109 -1.428770 -1.539610
v -1.299952 -1.236831 -0.785147
v -0.105136 -3.087583 -2.734278
v -0.099102 -2.335278 -2.634584
v -0.184947 -2.375200 -2.743590
v -0.168530 -1.747064 -2.632470
v -0.660248 -2.159605 -2.384293
v -0.434854 -1.983018 -2.105208
v -0.005500 -1.634948 -2.260678
v -0.747000 -1.157866 -1.941713
v -1.132449 -1.513268 -1.519656
v -1.364200 -1.638538 -0.913825
v -1.377466 -1.427659 -0.205933
v -1.461377 -1.766811 -0.232713
v -1.440603 -1.434199 0.613858
v -1.311113 -1.719899 -0.950648
v -0.919720 -2.451865 -1.721429
v -1.483036 -1.407842 0.889623
v -1.336678 -1.247896 1.492105
v -1.399256 -1.773932 1.488344
v -1.491575 -1.825084 0.870988
v -1.415978 -1.822092 0.611621
v -1.458631 -1.832108 -0.204011
v -1.367243 -2.765915 -1.099622
v -1.165393 -2.607082 -1.925620
v -1.400996 -1.940777 0.604979
v -1.454963 -2.035636 0.867868
v -1.461884 -2.999140 0.615028
v -1.433023 -2.989708 0.875076
v -1.532275 -2.936767 -0.304584
v -1.538764 -2.923716 -1.181213
v -1.258938 -3.064816 -1.964372
v -1.608596 -3.049744 -0.312810
v -1.543744 -3.084991 0.495406
v -1.423791 -3.089892 0.945233
v -1.233488 -2.976715 1.405629
v -1.360450 -3.567219 1.256373
v -1.544870 -3.637684 0.533587
v -1.601131 -3.614347 -0.301678
v -1.518658 -3.473275 -1.111626
v -1.257023 -3.519063 -1.979386
v -0.760948 -3.354028 -2.616092
v -0.748798 -4.061156 -2.591539
v -1.257476 -4.193624 -1.910961
v -1.459910 -4.254259 -1.085828
v -1.556812 -4.231636 -0.276979
v -1.471490 -4.209923 0.536810
v -1.252350 -4.151170 1.314942
v -1.028347 -3.991434 1.881631
v -0.865357 -4.597438 1.865563
v -0.640556 -5.183925 1.811698
v -0.308669 -4.454827 2.277813
v -1.100502 -4.775410 1.329454
v -1.333236 -4.872231 0.585411
v -1.431604 -4.916682 -0.229877
v -1.405319 -4.948452 -1.032517
v -1.176435 -4.910213 -1.825024
v -0.925610 -5.423414 1.316819
v -0.639715 -4.829718 -2.481571
v -0.144374 -4.758996 -2.692262
v -0.105234 -5.550552 -2.448926
v -0.528427 -5.575883 -2.288614
v -1.023343 -5.620960 -1.701105
v -1.287728 -5.671537 -0.953219
v -1.276636 -5.636291 -0.179827
v -1.163954 -5.567592 0.639421
v -0.953953 -6.250730 0.685273
v -1.100137 -6.310966 -0.128179
v -1.077388 -6.340655 -0.868695
v -0.831142 -6.298627 -1.582962
v -0.344643 -6.272242 -2.020545
v -0.460042 -6.186647 1.279965
v -0.714959 -6.370745 0.634753
v -0.915489 -6.419840 -0.130351
v -0.911520 -6.452864 -0.790699
v -0.665995 -6.434057 -1.390002
v -0.251621 -6.403426 -1.751568
v -0.040782 -6.286032 -2.168690
v -0.023315 -5.534624 -2.363772
v -0.055194 -4.738680 -2.593135
v 0.039391 -6.262582 -2.051595
v 0.095176 -6.391573 -1.870272
v -0.721022 -2.685756 -2.488024
v -0.186532 -3.111717 -2.850538
v -0.092669 -3.890052 -2.716453
v -0.177920 -3.915411 -2.818181
v -1.095073 -3.408310 1.878676
v -1.292757 -3.067097 1.416386
v -0.473523 -3.866802 2.297796
v -0.533474 -3.278236 2.295229
v -1.091834 -2.917876 1.866880
v -1.031946 -2.982955 1.481574
v 0.144557 -3.680311 2.561412
v 0.236296 -4.273152 2.524216
v 0.081646 -3.070973 2.550031
v -0.543250 -2.769626 2.269075
v -0.679002 -2.693579 2.081683
v -1.127656 -2.014531 1.576837
v -1.291598 -2.043335 1.480608
v -1.252288 -1.746091 1.533652
v -0.895030 -1.675199 2.067097
v -0.159516 -2.481685 2.283365
v -0.017893 -2.570840 2.468127
v -0.142652 -0.477770 2.493959
v 0.367213 -0.026082 2.486845
v 0.547390 -0.449909 2.521023
v -0.007696 -0.889604 2.567100
v -0.516808 -0.781633 2.356474
v -0.495771 -1.244964 2.448019
v -0.916800 -1.071944 1.958827
v -0.964310 -1.564173 2.089719
v -1.187792 -1.261994 1.543579
v 1.037109 -0.049228 2.339828
v 1.020865 -0.181366 2.296173
v 0.577141 -0.556618 2.468987
v 0.033359 -1.007389 2.498080
v -0.449637 -1.365532 2.402548
v 0.462351 -2.171651 2.479629
v 1.015072 -1.732785 2.490819
v 1.494151 -1.067525 2.231669
v 1.767004 -0.167655 1.758799
v 1.481896 0.280696 1.813717
v 1.661447 -1.147065 2.383161
v 1.117020 -1.819258 2.601280
v 1.894981 -1.555295 2.318643
v 2.282222 -0.960192 1.841593
v 2.475464 -1.705206 1.767825
v 2.040542 -0.091539 1.882031
v 1.870431 0.363408 1.350153
v 1.695283 0.533766 1.325563
v 1.461415 0.419942 1.858305
v 2.003824 0.705247 0.586154
v 1.903675 0.781405 -0.296855
v 2.217371 0.795353 -0.327275
v 1.861196 0.844564 0.534908
v 1.688410 0.679346 1.346654
v 1.189482 0.755453 1.846847
v 0.826985 0.394890 2.224845
v 1.737323 0.760300 -0.934317
v 1.786375 0.950134 -0.268810
v 1.842510 0.964899 0.573768
v 1.617053 0.970060 -0.928159
v 1.799328 1.110172 -0.287276
v 1.592483 1.312830 0.625022
v 1.448436 1.024679 1.382853
v 1.604009 1.132306 -0.953231
v 1.238286 0.929661 -1.610143
v 1.530199 1.513452 -0.292291
v 0.562600 0.938549 -1.946867
v 0.774280 0.553752 -2.015055
v -0.014768 0.368888 -2.116747
v 1.000030 1.331001 -1.558529
v 1.369944 1.524519 -0.863741
v -0.065887 -0.301490 -2.217310
v -0.021433 -0.456373 -2.181394
v 0.311898 -0.091832 -2.156276
v -0.368620 -0.621998 -2.211318
v -0.483478 -0.161076 -2.042789
v 0.297291 0.080566 -2.199889
v 0.774998 0.398707 -1.992235
v 1.262885 0.781181 -1.582059
v -0.327119 -0.798298 -2.138559
v 0.266326 -1.276063 -2.270334
v 0.671854 -0.618309 -2.164967
v 0.995372 0.026535 -1.963320
v 1.374574 0.572427 -1.599364
v 0.291352 -1.227986 -2.593148
v 0.736968 -0.643773 -2.449970
v 1.185695 0.052771 -2.185756
v 1.560345 0.553046 -1.844409
v 1.948846 0.754063 -1.165666
v -0.005500 -1.634948 -2.260678
v 0.982381 -1.514202 -2.601611
v 1.532216 -1.031898 -2.299680
v 2.011036 -0.595650 -1.792893
v 2.348023 -0.220754 -1.145171
v 2.533987 -0.175251 -0.377886
v 2.560019 -1.020597 -1.088303
v 2.397072 -1.745378 -1.553674
v 1.822356 -2.117400 -2.236350
v 1.184040 -2.466468 -2.645785
v 0.449138 -1.950892 -2.760042
v 0.564752 -2.788823 -2.843586
v -0.077880 -2.296509 -2.754169
v -0.063695 -3.053932 -2.855012
v -0.066779 -1.616022 -2.648135
v -0.028201 -4.726855 -2.710250
v -0.045962 -3.866687 -2.839318
v -0.092669 -3.890052 -2.716453
v -0.105136 -3.087583 -2.734278
v -0.099102 -2.335278 -2.634584
v -0.101174 -1.704991 -2.560916
v 2.470147 -3.063392 -1.511604
v 1.945053 -3.243900 -2.173622
v 1.289575 -3.466493 -2.616628
v 0.624301 -3.687461 -2.826769
v 0.647432 -4.593619 -2.708321
v 1.948056 -4.313725 -2.075900
v 0.588692 -5.457948 -2.503924
v 1.234682 -5.384947 -2.335920
v 1.312951 -4.452860 -2.501223
v 1.871628 -5.322660 -1.952930
v 2.351932 -5.242478 -1.289884
v 2.456151 -4.199722 -1.420233
v 0.013256 -5.526247 -2.483546
v 0.441730 -6.246597 -2.225039
v 1.056747 -6.238562 -2.123585
v 1.707755 -6.270902 -1.826720
v 2.186110 -6.226025 -1.069402
v 2.581133 -5.150872 -0.512062
v 2.348011 -6.157298 -0.302029
v 2.654077 -5.058580 0.288291
v 2.847096 -4.072213 0.214867
v 2.742775 -4.127605 -0.628159
v 2.409581 -6.017337 0.344103
v 2.301376 -6.197247 0.326548
v 2.267289 -6.370773 -0.238224
v 2.053267 -6.418329 -1.010338
v 1.602627 -6.397443 -1.632689
v 2.973030 -3.041225 0.164397
v 2.894131 -3.136935 0.992231
v 2.834661 -2.252151 1.036077
v 2.832465 -4.051043 0.995217
v 2.648692 -4.929647 1.024018
v 2.328305 -5.817397 1.099056
v 2.074338 -5.954708 0.953003
v 1.855024 -5.540324 1.404831
v 2.068015 -5.386772 1.606706
v 1.601388 -5.240684 1.699302
v 2.363868 -4.731986 1.662973
v 1.738180 -5.060604 1.985576
v 1.245934 -5.030144 1.923761
v 0.860944 -5.015270 1.959817
v 0.488069 -5.246725 1.871319
v 0.581395 -5.136027 2.271168
v 0.900314 -4.944093 2.330789
v 1.340490 -4.898902 2.243581
v 1.901295 -4.565696 2.083657
v 2.535304 -4.005624 1.675758
v 2.591225 -3.225551 1.699627
v 2.013549 -4.010838 2.148993
v 2.114451 -3.304935 2.224528
v 1.502007 -3.389105 2.551519
v 1.410904 -4.025855 2.474614
v 1.373173 -4.555439 2.361761
v 0.785814 -3.494447 2.678752
v 0.830760 -2.752960 2.695908
v 1.561844 -2.771686 2.561238
v 2.133400 -2.635620 2.236811
v 2.566761 -2.442321 1.719696
v 0.490223 -2.279138 2.587934
v 1.393700 -2.102351 2.585461
v 1.717260 -2.301109 2.516281
v 2.092409 -2.044056 2.263396
v 2.701961 -1.425212 1.115350
v 2.510437 -0.539302 1.229311
v 2.190575 0.377087 1.451172
v 2.819266 -3.056013 -0.691575
v 2.920801 -2.086790 0.211737
v 2.794665 -1.204383 0.331995
v 2.600791 -0.278716 0.460188
v 2.281752 0.654448 0.714207
v 2.786484 -1.991775 -0.654923
v 2.743060 -1.086595 -0.452950
v 0.425654 -6.743728 -1.652751
v 0.490759 -6.379179 -1.931104
v 0.095176 -6.391573 -1.870272
v 1.300026 -6.788520 -1.032301
v 1.568862 -6.713639 -0.651274
v 1.908726 -6.624966 -0.875602
v 0.729953 -6.485375 -0.208688
v 0.874447 -6.819948 -1.170738
v 0.531425 -6.801484 -1.131881
v 0.210543 -6.754954 -1.540347
v -0.004568 -6.766180 -1.427945
v -0.251621 -6.403426 -1.751568
v -0.665995 -6.434057 -1.390002
v 1.623664 -6.588950 -0.154791
v 1.635965 -6.458505 0.265159
v 1.512780 -6.268339 0.600740
v 1.337692 -6.190949 0.771822
v 1.106540 -6.179638 0.864826
v 0.958082 -6.173227 0.869761
v 0.820554 -6.188015 0.864892
v 1.360413 -5.867547 1.436213
v 1.705461 -6.012209 1.224998
v 1.910385 -6.168326 0.879457
v 1.994339 -6.365702 0.347180
v 1.955012 -6.520822 -0.183276
v 1.855024 -5.540324 1.404831
v 1.601388 -5.240684 1.699302
v 2.074338 -5.954708 0.953003
v 2.301376 -6.197247 0.326548
v 2.267289 -6.370773 -0.238224
v 0.907722 -6.701927 -1.681060
v 0.998150 -6.384108 -1.820013
v 1.514134 -6.681383 -1.457099
v 2.053267 -6.418329 -1.010338
v 1.602627 -6.397443 -1.632689
v -0.101174 -1.704991 -2.560916
v -0.023315 -5.534624 -2.363772
v 0.039391 -6.262582 -2.051595
v 0.071827 -6.258080 -2.169787
v 0.095176 -6.391573 -1.870272
v 0.490759 -6.379179 -1.931104
v 0.998150 -6.384108 -1.820013
v -0.055194 -4.738680 -2.593135
v -0.714959 -6.370745 0.634753
v -0.460042 -6.186647 1.279965
v -0.036559 -6.253181 1.072881
v -0.121863 -5.974796 1.564746
v 0.148749 -6.131911 1.194940
v 0.363381 -6.327264 0.707267
v 0.485166 -6.263580 0.752760
v 0.308388 -6.027424 1.300093
v 0.163029 -5.610106 1.747966
v -0.435911 -6.761479 -1.108444
v -0.911520 -6.452864 -0.790699
v -0.615082 -6.729453 -0.605604
v -0.915489 -6.419840 -0.130351
v -0.627167 -6.648501 -0.071554
v -0.350427 -6.475288 0.418637
v 0.269601 -6.376301 0.672231
v -0.123817 -6.744099 -0.328976
v -0.085967 -6.658731 -0.027010
v 0.021646 -6.519539 0.228003
v -0.050715 -6.767463 -0.737963
v 0.677852 -6.240529 0.828300
v 0.586016 -5.895243 1.415789
v 0.828395 -5.816685 1.513657
v 1.136928 -5.806284 1.523057
v 0.488069 -5.246725 1.871319
v 0.860944 -5.015270 1.959817
v 1.245934 -5.030144 1.923761
v 0.164128 -5.430681 2.104981
v -0.085339 -4.980935 2.200484
v -0.292146 -5.873302 1.783353
v -0.648340 -6.106238 1.360312
v -0.121863 -5.974796 1.564746
v 0.163029 -5.610106 1.747966
v 0.769519 -4.140285 2.602394
v 0.812485 -4.652261 2.470376
v 0.376086 -4.772760 2.416367
v 1.592483 1.312830 0.625022
v 1.448436 1.024679 1.382853
v -0.039412 -0.015147 -0.186080
v 1.189482 0.755453 1.846847
v 0.826985 0.394890 2.224845
v 0.367213 -0.026082 2.486845
v -0.142652 -0.477770 2.493959
v -0.516808 -0.781633 2.356474
v -0.916800 -1.071944 1.958827
v -1.187792 -1.261994 1.543579
v -1.336678 -1.247896 1.492105
v -1.483036 -1.407842 0.889623
v -1.440603 -1.434199 0.613858
v -1.377466 -1.427659 -0.205933
v -1.299952 -1.236831 -0.785147
v -1.114848 -0.958302 -1.367639
v -0.821314 -0.575260 -1.792925
v -0.483478 -0.161076 -2.042789
v -0.014768 0.368888 -2.116747
v 0.562600 0.938549 -1.946867
v 1.000030 1.331001 -1.558529
v 1.369944 1.524519 -0.863741
v 1.530199 1.513452 -0.292291
v 0.217075 -6.780000 -0.973239
v 0.374248 -6.790742 -1.052562
v 1.887260 -6.034153 0.050994
v 1.720054 -5.863236 0.542732
v 1.008193 -5.794257 0.455160
v 1.610680 -5.701415 0.881391
v 1.019145 -5.050007 1.443283
v 0.645546 -5.079501 1.396247
v 1.340847 -5.348158 1.198487
v 1.483213 -5.202933 1.531120
v 1.840925 -5.688721 1.071482
v 2.045943 -5.977440 0.551215
v 2.077399 -6.203741 0.040189
v 1.726615 -6.179850 -0.386264
v 1.015410 -4.905564 1.747173
v 0.569276 -4.968546 1.626353
v 1.290014 -6.237098 -0.561783
v 1.374912 -6.402009 -0.771661
v 0.962785 -6.395930 -0.842667
v 1.858892 -6.356202 -0.455772
v 1.012441 -6.281991 -0.640126
v 0.467663 -6.360011 -0.715295
v 0.553704 -6.246929 -0.479772
v 0.265736 -6.162698 -0.188614
v 0.082351 -6.293968 -0.298902
v 0.358410 -5.500134 1.048322
v 0.017898 -5.975791 0.383701
v -0.216061 -6.052839 0.423474
v 0.081809 -5.501800 1.235596
v 1.315847 -9.860158 2.176588
v 0.737796 -9.846299 2.228315
v 0.759971 -8.911296 2.298604
v 1.442697 -8.908406 2.139133
v 1.995532 -9.554177 1.522589
v 1.490551 -8.059686 2.142601
v 0.771178 -8.013087 2.360619
v 0.772597 -7.115047 2.336551
v 1.479940 -7.209878 2.088242
v 1.459824 -6.304904 1.888723
v 1.879768 -6.630282 1.279585
v 1.725448 -5.862148 1.145086
v 1.944638 -6.170825 0.588856
v 0.813833 -6.135852 2.103652
v 0.842870 -5.024856 1.867484
v 1.343010 -5.342780 1.636496
v 1.971002 -8.801620 1.488773
v 2.153122 -8.665942 0.721940
v 1.945184 -8.108745 1.451067
v 1.896559 -7.434447 1.362357
v 1.977500 -6.858297 0.741758
v 1.941225 -7.566695 0.690845
v 1.966979 -7.003779 0.087457
v 2.059667 -8.101574 0.732557
v 2.068596 -8.017429 0.063228
v 2.184885 -8.528843 -0.051862
v 1.935377 -7.575455 0.186969
v 1.792260 -7.935256 -0.484838
v 1.887121 -8.427543 -0.708237
v 1.711932 -7.563461 -0.242099
v 1.253369 -7.902925 -0.863500
v 1.278970 -8.381835 -1.084173
v 0.664976 -8.367299 -1.115428
v 0.683337 -7.895718 -0.886844
v 1.777146 -7.120098 -0.463713
v 1.978267 -6.412767 0.042506
v 1.744657 -6.575767 -0.487738
v 1.241298 -7.155184 -0.868292
v 1.189564 -7.543794 -0.624122
v 0.743872 -7.508459 -0.624458
v 1.227222 -6.624740 -0.825462
v 0.786608 -6.618242 -0.901377
v 0.129199 -7.910363 -0.675213
v 0.209863 -7.518135 -0.456973
v 0.223246 -7.105365 -0.706483
v 0.257261 -6.579839 -0.765201
v -0.154685 -6.509231 -0.320025
v 0.742625 -7.143097 -0.883293
v -0.193926 -7.566059 -0.201125
v -0.387978 -8.426075 -0.389683
v 0.055562 -8.392444 -0.848106
v 0.042005 -8.942150 -0.975209
v -0.460859 -8.910708 -0.451058
v -0.629328 -9.118367 0.487687
v -0.436152 -8.545027 0.509355
v -0.420436 -9.333044 1.344798
v -0.304425 -7.933764 -0.268474
v -0.401469 -7.980624 0.511659
v -0.353017 -8.675964 1.331066
v -0.329732 -7.971317 1.332554
v 0.105425 -7.979141 1.967951
v 0.155443 -7.128921 1.958210
v -0.313677 -7.265851 1.297855
v -0.298522 -6.483480 1.274793
v 0.085708 -8.820763 1.989920
v 0.206369 -6.190067 1.887069
v -0.363883 -7.431664 0.517135
v -0.436439 -6.802686 0.467375
v -0.282327 -7.017844 -0.331232
v 0.813833 -6.135852 2.103652
v 0.842870 -5.024856 1.867484
v 0.365898 -5.092191 1.738312
v -0.155265 -5.662305 1.320544
v -0.473725 -6.251435 0.452285
v 2.178262 -8.033786 1.097523
v 2.178662 -7.865184 1.170824
v 2.171938 -7.671105 0.493870
v 2.177425 -8.177670 0.983088
v 2.173030 -8.375244 0.481610
v 2.130075 -8.412464 0.481396
v 2.131851 -8.390548 0.673663
v 2.174717 -8.354433 0.664267
v 2.176218 -8.287035 0.835310
v 2.134701 -8.204488 1.009264
v 2.135577 -8.053029 1.129726
v 2.136002 -7.875557 1.206880
v 2.128217 -8.383866 0.290004
v 2.133429 -8.319605 0.853710
v 2.166708 -8.012567 -0.122044
v 2.167992 -8.160350 -0.012687
v 2.124773 -8.186253 -0.038913
v 2.169550 -8.274800 0.131194
v 2.126409 -8.306717 0.112538
v 2.171268 -8.348090 0.299788
v 2.175881 -7.181858 1.000427
v 2.174324 -7.067423 0.856550
v 2.177168 -7.329638 1.109784
v 2.178606 -7.683359 1.197989
v 2.178096 -7.500690 1.177171
v 2.135406 -7.491878 1.213557
v 2.134431 -7.311822 1.142628
v 2.133074 -7.156269 1.027515
v 2.131438 -7.035804 0.876065
v 2.135948 -7.684156 1.235471
v 2.129632 -6.958648 0.698599
v 2.172608 -6.994122 0.687954
v 2.127774 -6.930055 0.507209
v 2.170846 -6.966952 0.506133
v 2.169157 -6.987781 0.323477
v 2.125998 -6.951975 0.314939
v 2.124418 -7.022909 0.134895
v 2.167656 -7.055163 0.152429
v 2.166451 -7.164536 0.004655
v 2.123147 -7.138033 -0.020659
v 2.122272 -7.289492 -0.141119
v 2.165613 -7.308421 -0.109780
v 2.165214 -7.477021 -0.183081
v 2.121845 -7.466968 -0.218277
v 2.121904 -7.658363 -0.246871
v 2.165268 -7.658853 -0.210246
v 2.165778 -7.841517 -0.189429
v 2.122439 -7.850645 -0.224956
v 2.123418 -8.030694 -0.154027
v -0.420436 -9.333044 1.344798
v 0.135300 -9.743575 2.052005
v 0.280455 -9.614805 1.601071
v 0.042005 -8.942150 -0.975209
v -0.460859 -8.910708 -0.451058
v -0.068676 -9.239327 -0.172990
v -0.629328 -9.118367 0.487687
v -0.167844 -9.340718 0.486146
v -0.004409 -9.564402 1.162436
v 0.812017 -9.450394 0.593381
v 0.263786 -9.276592 -0.423475
v 1.950615 -9.374103 0.005634
v 1.652637 -9.321397 -0.535570
v 1.938025 -9.449287 0.609984
v 1.594459 -9.594242 1.287498
v 1.130862 -9.714006 1.579375
v 0.677600 -9.730710 1.639731
v 0.737796 -9.846299 2.228315
v 1.315847 -9.860158 2.176588
v 1.995532 -9.554177 1.522589
v 2.334523 -9.229464 0.678676
v 2.312680 -9.062006 -0.284541
v 1.942352 -9.016186 -0.917663
v 1.105391 -9.333720 -0.697270
v 0.707011 -9.312346 -0.635169
v 0.636354 -8.983953 -1.227796
v 1.269637 -9.029457 -1.255363
v 1.438535 -8.717835 2.197332
v 1.277473 -9.207164 2.228151
v 1.101075 -9.254857 2.376628
v 1.230177 -8.734584 2.473837
v 0.809689 -9.278513 2.453498
v 0.811412 -8.772413 2.582937
v 0.999745 -9.297969 2.205153
v 0.805800 -9.314965 2.235638
v 0.617961 -9.295938 2.194113
v 0.526173 -9.245467 2.362568
v 0.399430 -8.742574 2.450948
v 0.808915 -8.282498 2.675693
v 1.316206 -8.242953 2.534241
v 1.567780 -8.221657 2.175643
v 1.396484 -8.183529 2.058698
v 1.291154 -8.670029 2.077497
v 1.118146 -9.254519 2.089069
v 1.464727 -7.694088 2.030842
v 1.292256 -6.541593 2.420953
v 0.779751 -6.503257 2.583060
v 0.767861 -6.025272 2.440590
v 1.365511 -7.075888 2.527429
v 1.533166 -6.557886 2.028581
v 1.635404 -7.056331 2.078541
v 1.365157 -6.625441 1.926311
v 1.451241 -7.088412 1.979149
v 1.649037 -7.678173 2.137989
v 1.374689 -7.681452 2.568455
v 0.800813 -7.677820 2.750946
v 0.790861 -7.072335 2.717947
v 0.254329 -6.556034 2.387967
v -0.023109 -6.594328 1.968789
v 0.089977 -6.103747 1.922928
v 0.308911 -6.072420 2.276780
v 0.214966 -7.086602 2.487783
v 0.232651 -7.694126 2.530542
v 0.305909 -8.252071 2.504826
v 0.019849 -8.240379 2.118643
v 0.183782 -8.732056 2.154897
v -0.075865 -7.704671 2.075909
v 0.367001 -9.202627 2.191675
v 0.515524 -9.256121 2.057097
v 0.326167 -8.681969 2.036137
v 0.198103 -8.201038 2.006079
v 0.098082 -7.711999 1.963148
v -0.093984 -7.091107 2.019089
v 0.239289 -6.156956 1.817517
v 0.339216 -5.722261 1.766456
v 0.147909 -6.645071 1.868018
v 0.080704 -7.107561 1.909502
v 0.755594 -5.621891 2.294876
v 1.105833 -5.655624 2.183433
v 0.746947 -5.619728 2.091380
v 0.468117 -5.654100 2.007818
v 0.369015 -5.678468 2.169310
v 0.191135 -5.742065 1.886238
v 1.203134 -6.064198 2.303604
v 1.403429 -6.080717 1.962372
v 1.284509 -5.710001 1.910749
v 1.249336 -6.144559 1.861615
v 1.116588 -5.698279 1.792183
v 0.987278 -5.637259 2.022406
v -0.439718 -7.189320 -0.006195
v -0.441416 -7.073939 0.149644
v -0.483902 -7.113879 0.171213
v -0.442233 -7.002810 0.330040
v -0.484670 -7.047004 0.340781
v -0.442111 -6.980784 0.522699
v -0.473883 -7.712460 -0.188164
v -0.430757 -7.710695 -0.232718
v -0.434202 -7.518932 -0.204123
v -0.477119 -7.532199 -0.161298
v -0.437260 -7.341102 -0.126860
v -0.479995 -7.365030 -0.088680
v -0.482306 -7.222349 0.024730
v -0.443395 -7.723793 0.509901
v -0.484554 -7.026283 0.521881
v -0.470495 -7.893527 -0.167457
v -0.467197 -8.063066 -0.100580
v -0.483570 -7.053144 0.702167
v -0.481780 -7.125739 0.869361
v -0.479309 -7.239127 1.012061
v -0.476320 -7.385584 1.120544
v -0.441064 -7.009370 0.714491
v -0.439161 -7.086613 0.892346
v -0.436529 -7.207249 1.044144
v -0.433351 -7.363060 1.159543
v -0.473023 -7.555117 1.187419
v -0.429841 -7.543420 1.230673
v -0.469639 -7.736187 1.208128
v -0.426241 -7.736046 1.252689
v -0.466398 -7.916447 1.181261
v -0.422797 -7.927811 1.224088
v -0.419738 -8.105636 1.146826
v -0.463525 -8.083613 1.108642
v -0.417278 -8.257421 1.026163
v -0.461213 -8.226295 0.995231
v -0.459618 -8.334773 0.848751
v -0.458850 -8.401652 0.679182
v -0.458963 -8.422351 0.498083
v -0.414885 -8.465959 0.497269
v -0.415935 -8.437361 0.305475
v -0.459947 -8.395513 0.317793
v -0.461739 -8.322901 0.150602
v -0.464211 -8.209517 0.007903
v -0.415583 -8.372807 0.870325
v -0.414768 -8.443930 0.689929
v -0.417840 -8.360121 0.127619
v -0.420470 -8.239499 -0.024178
v -0.423648 -8.083680 -0.139577
v -0.427160 -7.903320 -0.210704
v -0.442233 -7.002810 0.330040
v -0.158904 -6.996455 0.326725
v -0.158782 -6.974448 0.519342
v -0.442111 -6.980784 0.522699
v -0.441064 -7.009370 0.714491
v -0.157732 -7.003035 0.711090
v -0.439161 -7.086613 0.892346
v -0.155832 -7.080266 0.888899
v -0.436529 -7.207249 1.044144
v -0.153202 -7.200881 1.040659
v -0.433351 -7.363060 1.159543
v -0.150024 -7.356659 1.156022
v -0.429841 -7.543420 1.230673
v -0.146514 -7.536978 1.227124
v -0.426241 -7.736046 1.252689
v -0.142919 -7.729556 1.249125
v -0.422797 -7.927811 1.224088
v -0.139472 -7.921270 1.220522
v -0.136416 -8.099048 1.143266
v -0.419738 -8.105636 1.146826
v -0.417278 -8.257421 1.026163
v -0.133958 -8.250785 1.022619
v -0.415583 -8.372807 0.870325
v -0.132263 -8.366125 0.866810
v -0.414768 -8.443930 0.689929
v -0.131446 -8.437225 0.686450
v -0.131565 -8.459232 0.493834
v -0.414885 -8.465959 0.497269
v -0.415935 -8.437361 0.305475
v -0.132612 -8.430657 0.302085
v -0.417840 -8.360121 0.127619
v -0.134518 -8.353417 0.124274
v -0.420470 -8.239499 -0.024178
v -0.137147 -8.232795 -0.027482
v -0.423648 -8.083680 -0.139577
v -0.140325 -8.077027 -0.142845
v -0.427160 -7.903320 -0.210704
v -0.143833 -7.896707 -0.213948
v -0.430757 -7.710695 -0.232718
v -0.147431 -7.704131 -0.235946
v 0.636354 -8.983953 -1.227796
v 1.269637 -9.029457 -1.255363
v 1.942352 -9.016186 -0.917663
v 2.312680 -9.062006 -0.284541
v 2.334523 -9.229464 0.678676
v -0.434202 -7.518932 -0.204123
v -0.430757 -7.710695 -0.232718
v -0.147431 -7.704131 -0.235946
v -0.150875 -7.512417 -0.207346
v -0.437260 -7.341102 -0.126860
v -0.153931 -7.334635 -0.130092
v -0.439718 -7.189320 -0.006195
v -0.156389 -7.182900 -0.009445
v -0.441416 -7.073939 0.149644
v -0.158084 -7.067555 0.146366
v 1.731405 -7.498237 1.212363
v 1.730428 -7.318129 1.141398
v 2.134431 -7.311822 1.142628
v 2.135406 -7.491878 1.213557
v 1.731946 -7.690577 1.234300
v 2.135948 -7.684156 1.235471
v 1.732003 -7.882045 1.205713
v 2.136002 -7.875557 1.206880
v 2.135577 -8.053029 1.129726
v 1.731581 -8.059584 1.128548
v 2.134701 -8.204488 1.009264
v 1.730705 -8.211102 1.008063
v 2.133429 -8.319605 0.853710
v 1.729434 -8.326263 0.852471
v 2.131851 -8.390548 0.673663
v 1.727854 -8.397251 0.672377
v 1.726078 -8.419190 0.480053
v 2.130075 -8.412464 0.481396
v 1.724220 -8.390593 0.288602
v 2.128217 -8.383866 0.290004
v 1.722412 -8.313420 0.111077
v 2.126409 -8.306717 0.112538
v 2.124773 -8.186253 -0.038913
v 1.720774 -8.192936 -0.040429
v 2.123418 -8.030694 -0.154027
v 1.719419 -8.037333 -0.155589
v 2.122439 -7.850645 -0.224956
v 1.718438 -7.857229 -0.226552
v 2.121904 -7.658363 -0.246871
v 1.717900 -7.664884 -0.248487
v 1.723767 -6.936275 0.505763
v 1.721990 -6.958220 0.313439
v 2.125998 -6.951975 0.314939
v 2.127774 -6.930055 0.507209
v 1.725624 -6.964864 0.697211
v 2.129632 -6.958648 0.698599
v 1.727430 -7.042037 0.874738
v 2.131438 -7.035804 0.876065
v 2.133074 -7.156269 1.027515
v 1.729071 -7.162529 1.026240
v 1.717900 -7.664884 -0.248487
v 2.121904 -7.658363 -0.246871
v 2.121845 -7.466968 -0.218277
v 1.717839 -7.473423 -0.219898
v 2.122272 -7.289492 -0.141119
v 1.718266 -7.295880 -0.142730
v 2.123147 -7.138033 -0.020659
v 1.719140 -7.144360 -0.022246
v 1.720410 -7.029188 0.133346
v 2.124418 -7.022909 0.134895
v 0.135300 -9.743575 2.052005
v 0.737796 -9.846299 2.228315
v 0.759971 -8.911296 2.298604
v 0.771178 -8.013087 2.360619
v 0.772597 -7.115047 2.336551
vn -0.2178 -0.0933 -0.9715
vn -0.7078 0.4876 -0.5112
vn -0.8214 0.4581 -0.3396
vn -0.6131 -0.0786 -0.7861
vn -0.1479 -0.1790 -0.9727
vn -0.8617 0.4822 -0.1581
vn -0.8007 -0.2198 -0.5573
vn -0.8927 0.4503 -0.0158
vn -0.1401 0.0467 -0.9890
vn -0.2500 0.1095 -0.9620
vn 0.1637 0.1559 -0.9741
vn -0.0863 0.6432 -0.7608
vn -0.7185 0.5369 -0.4421
vn -0.7304 0.4869 -0.4791
vn -0.6804 0.5142 -0.5222
vn -0.4362 -0.1869 -0.8802
vn -0.6895 -0.3761 -0.6190
vn -0.9619 -0.1498 -0.2286
vn -0.8905 0.4532 -0.0398
vn -0.9942 0.0316 -0.1026
vn -0.9321 0.3396 -0.1264
vn -0.9217 -0.1891 -0.3387
vn -0.7970 0.5287 -0.2920
vn -0.9340 0.3560 -0.0317
vn -0.6432 0.5003 0.5797
vn -0.7596 -0.1108 0.6409
vn -0.9940 -0.0947 -0.0552
vn -0.9874 -0.0948 -0.1264
vn -0.9985 -0.0000 -0.0555
vn -0.8552 0.4909 -0.1663
vn -0.7903 0.5295 -0.3082
vn -0.9951 -0.0474 -0.0869
vn -0.9946 -0.1026 0.0158
vn -0.9570 0.2610 0.1265
vn -0.9787 -0.0000 0.2052
vn -0.9402 0.3397 -0.0237
vn -0.9254 0.3480 -0.1503
vn -0.8639 0.0942 -0.4948
vn -0.9606 0.2779 -0.0000
vn -0.9451 0.2939 0.1430
vn -0.9604 0.0953 0.2619
vn -0.6822 0.1904 0.7060
vn -0.9468 -0.0631 0.3156
vn -0.9859 -0.0552 0.1578
vn -0.9984 -0.0475 -0.0317
vn -0.9768 -0.0630 -0.2048
vn -0.8812 -0.0236 -0.4721
vn -0.5880 0.0471 -0.8075
vn -0.5789 -0.1252 -0.8057
vn -0.8818 -0.1181 -0.4566
vn -0.9751 -0.1022 -0.1966
vn -0.9920 -0.1260 -0.0079
vn -0.9694 -0.1655 0.1813
vn -0.9180 -0.1899 0.3482
vn -0.7657 -0.1578 0.6236
vn -0.7156 -0.2703 0.6441
vn -0.6260 -0.3328 0.7052
vn -0.4345 -0.2370 0.8690
vn -0.8790 -0.2534 0.4039
vn -0.9513 -0.2140 0.2220
vn -0.9792 -0.1974 0.0474
vn -0.9694 -0.1655 -0.1813
vn -0.8562 -0.2120 -0.4712
vn -0.8277 -0.2759 0.4887
vn -0.5543 -0.2420 -0.7963
vn 0.2408 -0.2097 -0.9476
vn 0.2324 -0.3099 -0.9219
vn -0.5142 -0.3584 -0.7792
vn -0.8086 -0.3062 -0.5024
vn -0.9502 -0.2592 -0.1728
vn -0.9672 -0.2438 0.0708
vn -0.9336 -0.2453 0.2611
vn -0.7075 -0.6368 0.3066
vn -0.7960 -0.5990 0.0867
vn -0.7758 -0.6112 -0.1567
vn -0.6247 -0.6247 -0.4685
vn -0.4113 -0.6674 -0.6208
vn -0.1564 -0.8604 0.4850
vn -0.3768 -0.8870 0.2669
vn -0.4855 -0.8692 0.0940
vn -0.5157 -0.8516 -0.0937
vn -0.3735 -0.8792 -0.2957
vn -0.2031 -0.9139 -0.3515
vn 0.2405 -0.6129 -0.7526
vn -0.1859 -0.3406 -0.9217
vn -0.2340 -0.2339 -0.9437
vn 0.0465 -0.7064 -0.7063
vn -0.0232 -0.9217 -0.3873
vn -0.6211 0.1808 -0.7626
vn 0.2493 0.0701 -0.9659
vn -0.1484 -0.0936 -0.9845
vn 0.2562 -0.0854 -0.9628
vn -0.7849 -0.0396 0.6184
vn -0.8684 0.3506 0.3506
vn -0.4759 -0.1110 0.8725
vn -0.4910 -0.0158 0.8710
vn -0.7454 0.5630 0.3569
vn -0.6436 0.5720 0.5085
vn -0.2605 -0.0710 0.9629
vn -0.2214 -0.1897 0.9566
vn -0.2923 0.0237 0.9560
vn -0.5180 0.3108 0.7969
vn -0.6613 0.2868 0.6931
vn -0.6884 -0.1741 0.7042
vn -0.7402 -0.1910 0.6447
vn -0.5756 -0.0946 0.8122
vn -0.5941 -0.3406 0.7287
vn -0.4358 0.2535 0.8636
vn -0.4122 0.3329 0.8481
vn -0.5003 0.5003 0.7067
vn -0.3187 0.5814 0.7486
vn 0.2766 -0.0948 0.9563
vn 0.0237 -0.1656 0.9859
vn -0.6618 0.4625 0.5900
vn -0.3648 -0.1428 0.9201
vn -0.7784 0.4924 0.3893
vn -0.7051 -0.1663 0.6893
vn -0.6183 0.5231 0.5866
vn 0.5744 0.0236 0.8183
vn 0.5817 -0.0786 0.8096
vn 0.3302 -0.1258 0.9355
vn 0.0944 -0.2359 0.9672
vn -0.2380 -0.2856 0.9283
vn -0.3267 0.2869 0.9005
vn -0.1670 0.3261 0.9305
vn -0.0396 0.4117 0.9105
vn 0.0792 0.4988 0.8631
vn 0.7707 0.1415 0.6213
vn 0.1193 0.3660 0.9229
vn -0.0954 0.2860 0.9535
vn 0.5356 0.1260 0.8350
vn 0.7862 0.1573 0.5976
vn 0.8439 0.1172 0.5235
vn 0.2602 0.4968 0.8280
vn 0.2459 0.7773 0.5790
vn 0.8334 0.3538 0.4246
vn 0.7449 0.2274 0.6273
vn 0.3559 0.9018 0.2452
vn 0.4244 0.9038 -0.0550
vn 0.5813 0.8091 -0.0864
vn 0.8922 0.4382 0.1096
vn 0.8853 0.2507 0.3917
vn -0.0159 0.8283 0.5600
vn -0.1506 0.7450 0.6499
vn 0.4144 0.8680 -0.2737
vn 0.9590 0.2417 -0.1481
vn 0.9311 0.3365 0.1409
vn 0.8923 0.2172 -0.3957
vn 0.9592 0.2496 -0.1326
vn 0.1656 0.9467 0.2761
vn 0.1339 0.8832 0.4495
vn 0.8669 0.2890 -0.4061
vn 0.6927 0.2257 -0.6850
vn 0.1665 0.9835 0.0714
vn -0.2760 0.7253 -0.6307
vn 0.4352 0.1088 -0.8937
vn -0.5207 0.5917 -0.6154
vn -0.0470 0.8855 -0.4623
vn 0.1107 0.9812 -0.1583
vn -0.0234 0.0078 -0.9997
vn 0.0931 -0.0698 -0.9932
vn 0.2567 -0.0622 -0.9645
vn -0.2174 -0.0933 -0.9716
vn -0.7078 0.4876 -0.5111
vn 0.2095 0.0233 -0.9775
vn 0.4810 0.0077 -0.8767
vn 0.7224 0.1787 -0.6680
vn -0.1478 -0.1789 -0.9727
vn -0.6142 0.4646 -0.6379
vn -0.4390 0.4390 -0.7839
vn -0.1648 0.4629 -0.8709
vn 0.1803 0.7446 -0.6427
vn -0.4945 0.5572 -0.6671
vn -0.3522 0.5009 -0.7906
vn -0.1018 0.5244 -0.8454
vn 0.1807 0.7072 -0.6836
vn 0.4696 0.8061 -0.3600
vn -0.6804 0.5142 -0.5221
vn 0.2724 0.1557 -0.9495
vn 0.5053 0.1632 -0.8474
vn 0.7176 0.1872 -0.6708
vn 0.8735 0.2574 -0.4133
vn 0.9526 0.2655 -0.1483
vn 0.9067 0.1473 -0.3952
vn 0.8312 0.0699 -0.5515
vn 0.6363 0.0698 -0.7683
vn 0.3960 0.0621 -0.9162
vn 0.0545 0.1401 -0.9886
vn 0.1402 0.0467 -0.9890
vn -0.6604 0.0786 -0.7468
vn -0.5654 0.0236 -0.8245
vn -0.6943 0.4418 -0.5681
vn -0.5796 -0.1958 -0.7910
vn -0.5309 -0.0859 -0.8431
vn -0.1485 -0.0938 -0.9844
vn -0.1402 0.0467 -0.9890
vn -0.2504 0.1096 -0.9619
vn -0.7606 0.6101 -0.2219
vn 0.8540 -0.0078 -0.5202
vn 0.6832 -0.0233 -0.7298
vn 0.4500 -0.0388 -0.8922
vn 0.1867 -0.0700 -0.9799
vn 0.1869 -0.1791 -0.9659
vn 0.6952 -0.1081 -0.7106
vn 0.1398 -0.2874 -0.9476
vn 0.3963 -0.2409 -0.8859
vn 0.4490 -0.1393 -0.8826
vn 0.6898 -0.1937 -0.6976
vn 0.8836 -0.1938 -0.4263
vn 0.8740 -0.1160 -0.4718
vn -0.5671 -0.2951 -0.7690
vn 0.0310 -0.6669 -0.7445
vn 0.2253 -0.6448 -0.7304
vn 0.5351 -0.5816 -0.6127
vn 0.8320 -0.4391 -0.3390
vn 0.9643 -0.2022 -0.1711
vn 0.9375 -0.3332 -0.1007
vn 0.9723 -0.2334 -0.0078
vn 0.9868 -0.1554 -0.0466
vn 0.9614 -0.1473 -0.2326
vn 0.8942 -0.4199 0.1555
vn 0.8391 -0.5050 0.2020
vn 0.9207 -0.3791 -0.0928
vn 0.7417 -0.5871 -0.3244
vn 0.3559 -0.8435 -0.4024
vn 0.9984 -0.0312 -0.0468
vn 0.9756 -0.0234 0.2185
vn 0.9672 0.0780 0.2418
vn 0.9674 -0.1404 0.2106
vn 0.9252 -0.2721 0.2644
vn 0.5922 -0.6390 0.4909
vn 0.2653 -0.8428 0.4682
vn -0.0472 -0.7628 0.6449
vn 0.3756 -0.6025 0.7042
vn -0.1175 -0.8065 0.5794
vn 0.7452 -0.2824 0.6040
vn 0.2580 -0.6177 0.7429
vn -0.0156 -0.9273 0.3740
vn 0.2870 -0.9465 0.1474
vn 0.5668 -0.8075 0.1631
vn 0.2512 -0.7299 0.6357
vn 0.2195 -0.6977 0.6820
vn 0.2425 -0.6416 0.7277
vn 0.5401 -0.2661 0.7984
vn 0.8146 -0.1645 0.5562
vn 0.8513 -0.0391 0.5232
vn 0.5796 -0.1958 0.7911
vn 0.6210 -0.0943 0.7781
vn 0.3472 -0.1105 0.9313
vn 0.3457 -0.1885 0.9192
vn 0.3454 -0.2826 0.8949
vn 0.0158 -0.0791 0.9967
vn -0.0080 0.0397 0.9992
vn 0.3465 -0.0394 0.9372
vn 0.6583 -0.0235 0.7524
vn 0.8605 0.0313 0.5085
vn -0.3028 0.3347 0.8923
vn 0.2133 0.1027 0.9716
vn 0.4105 0.0868 0.9077
vn 0.6385 0.0867 0.7647
vn 0.9537 0.1407 0.2658
vn 0.9296 0.1953 0.3125
vn 0.4584 0.6955 0.5533
vn 0.9573 -0.0233 -0.2880
vn 0.9968 0.0779 -0.0156
vn 0.9861 0.1566 0.0548
vn 0.9678 0.2419 0.0702
vn 0.6042 0.7612 0.2355
vn 0.9614 0.0465 -0.2713
vn 0.9729 0.1635 -0.1634
vn -0.0700 -0.8554 -0.5132
vn 0.0078 -0.5672 -0.8236
vn -0.1948 -0.6778 -0.7090
vn 0.1009 -0.9938 0.0466
vn 0.1168 -0.9809 0.1557
vn 0.5287 -0.8397 -0.1244
vn 0.0702 -0.9594 0.2730
vn 0.0312 -0.9990 0.0312
vn -0.0155 -0.9955 0.0933
vn -0.1554 -0.9014 -0.4041
vn -0.1787 -0.9167 -0.3574
vn -0.3021 -0.7436 -0.5965
vn -0.5078 -0.7421 -0.4375
vn 0.0545 -0.9649 0.2568
vn 0.0156 -0.9273 0.3741
vn -0.0469 -0.9225 0.3831
vn 0.0156 -0.9501 0.3115
vn 0.0155 -0.9336 0.3579
vn 0.0313 -0.9231 0.3833
vn 0.1558 -0.9111 0.3816
vn 0.1408 -0.6882 0.7117
vn 0.2746 -0.7217 0.6354
vn 0.3202 -0.8278 0.4607
vn 0.3106 -0.8929 0.3261
vn 0.3501 -0.9179 0.1867
vn 0.4243 -0.4636 0.7779
vn 0.2987 -0.4794 0.8252
vn 0.5850 -0.5850 0.5616
vn 0.4993 -0.8113 0.3042
vn 0.5048 -0.8543 0.1243
vn 0.1711 -0.7701 -0.6145
vn 0.2490 -0.4670 -0.8485
vn 0.3876 -0.7912 -0.4731
vn 0.6988 -0.6444 -0.3106
vn 0.4561 -0.5644 -0.6880
vn -0.1859 -0.3408 -0.9216
vn 0.0466 -0.7064 -0.7063
vn -0.5215 -0.6149 -0.5915
vn -0.0233 -0.9217 -0.3873
vn 0.0388 -0.9073 -0.4187
vn 0.1161 -0.8975 -0.4255
vn -0.2340 -0.2340 -0.9436
vn -0.1329 -0.9379 0.3205
vn 0.0549 -0.9249 0.3762
vn 0.1249 -0.9054 0.4059
vn 0.2510 -0.7687 0.5883
vn 0.2418 -0.8501 0.4679
vn 0.3198 -0.8737 0.3666
vn 0.1557 -0.9265 0.3426
vn 0.1960 -0.8074 0.5565
vn 0.2736 -0.6018 0.7503
vn -0.3423 -0.9101 -0.2334
vn -0.6527 -0.7471 -0.1258
vn -0.3996 -0.9167 0.0078
vn -0.6405 -0.7577 0.1250
vn -0.3435 -0.9134 0.2186
vn -0.0078 -0.9414 0.3373
vn 0.2032 -0.9224 0.3283
vn 0.0936 -0.9833 0.1561
vn 0.1243 -0.9398 0.3184
vn 0.1558 -0.9347 0.3194
vn 0.0699 -0.9939 0.0854
vn 0.1405 -0.9286 0.3434
vn 0.0863 -0.7608 0.6432
vn -0.0000 -0.7071 0.7071
vn 0.0709 -0.6772 0.7323
vn 0.1335 -0.5260 0.8400
vn 0.0784 -0.4861 0.8704
vn 0.1494 -0.4795 0.8647
vn 0.1412 -0.6513 0.7456
vn -0.3402 -0.3561 0.8703
vn -0.1573 -0.6368 0.7548
vn -0.5033 -0.6527 0.5662
vn 0.2114 -0.7985 0.5637
vn 0.5301 -0.7405 0.4131
vn 0.0554 -0.1821 0.9817
vn 0.1027 -0.3240 0.9405
vn -0.1415 -0.3458 0.9276
vn 0.1657 0.9467 0.2762
vn 0.1341 0.8832 0.4495
vn -0.6913 0.7151 0.1033
vn -0.0157 0.8283 0.5601
vn -0.1505 0.7449 0.6500
vn -0.3185 0.5814 0.7487
vn -0.5003 0.5001 0.7068
vn -0.6618 0.4625 0.5901
vn -0.7784 0.4925 0.3892
vn -0.6183 0.5232 0.5865
vn -0.9339 0.3562 -0.0317
vn -0.9320 0.3397 -0.1264
vn -0.8905 0.4533 -0.0397
vn -0.8616 0.4823 -0.1581
vn -0.8214 0.4581 -0.3397
vn -0.7077 0.4876 -0.5112
vn -0.2759 0.7253 -0.6307
vn 0.1108 0.9812 -0.1583
vn 0.1666 0.9834 0.0714
vn 0.0468 -0.9911 0.1249
vn 0.0234 -0.9909 0.1326
vn 0.4477 0.8483 -0.2827
vn 0.2511 0.9101 -0.3296
vn 0.0237 0.8761 -0.4815
vn 0.2967 0.8277 -0.4763
vn 0.1814 0.8440 -0.5048
vn -0.2044 0.8096 -0.5502
vn 0.3452 0.7611 -0.5492
vn 0.3777 0.7869 -0.4879
vn 0.3441 0.8133 -0.4692
vn 0.3149 0.8740 -0.3701
vn 0.5821 0.7394 -0.3382
vn 0.3364 0.7823 -0.5242
vn 0.1572 0.8880 -0.4322
vn -0.1740 0.8540 -0.4903
vn 0.0630 0.8660 -0.4960
vn 0.1730 0.7707 -0.6133
vn -0.0000 0.8554 -0.5179
vn 0.5216 0.6072 -0.5994
vn -0.0315 0.8892 -0.4564
vn -0.1185 0.8928 -0.4346
vn -0.0946 0.9071 -0.4102
vn -0.2279 0.8801 -0.4165
vn -0.3306 0.8344 -0.4409
vn -0.2761 0.7810 -0.5601
vn -0.2591 0.8559 -0.4476
vn -0.3398 0.8298 -0.4426
vn -0.3405 0.7919 -0.5068
vn 0.3505 -0.7558 0.5531
vn -0.1333 -0.7608 0.6351
vn -0.1103 -0.0394 0.9931
vn 0.5419 -0.0157 0.8403
vn 0.7595 -0.6046 0.2402
vn 0.6150 -0.0000 0.7885
vn -0.1104 -0.0236 0.9936
vn -0.0947 0.1342 0.9864
vn 0.6461 0.1024 0.7564
vn 0.6682 0.2044 0.7154
vn 0.9365 0.1249 0.3278
vn 0.9014 0.2273 0.3684
vn 0.9852 0.1173 0.1251
vn -0.0079 0.1900 0.9817
vn 0.0476 0.2142 0.9756
vn 0.6751 0.2590 0.6908
vn 0.8981 0.0469 0.4373
vn 0.9686 0.1797 0.1719
vn 0.9267 0.0857 0.3660
vn 0.9559 0.0470 0.2899
vn 0.9975 -0.0000 0.0701
vn 0.9976 0.0623 0.0312
vn 0.9764 -0.0775 -0.2015
vn 0.9763 0.1953 0.0937
vn 0.9416 0.2802 -0.1868
vn 0.9495 0.2724 -0.1556
vn 0.9724 0.1167 -0.2022
vn 0.7086 0.4283 -0.5607
vn 0.7237 0.3424 -0.5992
vn 0.8076 0.0932 -0.5824
vn 0.2975 0.4855 -0.8221
vn 0.2893 0.3284 -0.8992
vn -0.1642 0.3049 -0.9381
vn -0.1406 0.4920 -0.8591
vn 0.7916 -0.1862 -0.5820
vn 0.9865 -0.0155 -0.1631
vn 0.7972 0.0077 -0.6037
vn 0.3243 -0.2548 -0.9110
vn 0.3348 0.0156 -0.9422
vn -0.1720 -0.0234 -0.9848
vn 0.3729 0.0777 -0.9246
vn -0.0779 -0.0156 -0.9968
vn -0.4773 0.4147 -0.7747
vn -0.4220 -0.0000 -0.9066
vn -0.4441 -0.2338 -0.8649
vn -0.5017 -0.0705 -0.8622
vn -0.7767 0.1491 -0.6119
vn -0.1554 -0.3031 -0.9402
vn -0.8634 0.0471 -0.5023
vn -0.8770 0.2212 -0.4266
vn -0.5544 0.2655 -0.7887
vn -0.5217 -0.3816 -0.7631
vn -0.8253 -0.3223 -0.4637
vn -0.9287 -0.3700 -0.0237
vn -0.9840 0.1666 0.0635
vn -0.8570 -0.4404 0.2674
vn -0.8621 0.2847 -0.4192
vn -0.9964 0.0791 -0.0316
vn -0.9359 0.0476 0.3490
vn -0.9400 0.0316 0.3397
vn -0.6746 0.0159 0.7380
vn -0.6642 0.0791 0.7433
vn -0.9450 0.0318 0.3256
vn -0.9298 0.0874 0.3576
vn -0.6410 -0.0000 0.7676
vn -0.5939 0.1425 0.7918
vn -0.9973 -0.0158 -0.0712
vn -0.9961 -0.0869 0.0158
vn -0.8267 -0.0630 -0.5591
vn -0.0080 0.1900 0.9818
vn 0.0473 0.2141 0.9757
vn -0.4447 0.1588 0.8815
vn -0.7835 0.0712 0.6173
vn -0.9916 -0.0238 0.1269
vn 0.9038 -0.2338 0.3584
vn 0.9054 -0.1249 0.4059
vn 0.9998 -0.0078 -0.0156
vn 0.9006 -0.3261 0.2873
vn 0.8957 -0.4440 -0.0233
vn 0.3485 -0.9370 -0.0232
vn 0.3504 -0.9109 0.2180
vn 0.8951 -0.4359 0.0934
vn 0.9009 -0.3883 0.1941
vn 0.3523 -0.6811 0.6419
vn 0.3517 -0.4919 0.7965
vn 0.3539 -0.2673 0.8963
vn 0.3491 -0.8993 -0.2636
vn 0.3503 -0.8249 0.4436
vn 0.8896 -0.2166 -0.4022
vn 0.8906 -0.3098 -0.3330
vn 0.3488 -0.6510 -0.6742
vn 0.8930 -0.3804 -0.2406
vn 0.3493 -0.7994 -0.4889
vn 0.8933 -0.4272 -0.1398
vn 0.9031 0.3036 0.3036
vn 0.9019 0.3765 0.2118
vn 0.9034 0.2103 0.3738
vn 0.9035 -0.0156 0.4284
vn 0.9049 0.1014 0.4134
vn 0.3486 0.2217 0.9107
vn 0.3479 0.4506 0.8221
vn 0.3474 0.6552 0.6709
vn 0.3405 0.8070 0.4826
vn 0.3537 -0.0236 0.9351
vn 0.3389 0.9064 0.2522
vn 0.8997 0.4225 0.1095
vn 0.3399 0.9404 0.0079
vn 0.8990 0.4378 -0.0078
vn 0.8981 0.4217 -0.1249
vn 0.3378 0.9112 -0.2357
vn 0.3373 0.8154 -0.4705
vn 0.8946 0.3812 -0.2334
vn 0.8951 0.3114 -0.3191
vn 0.3369 0.6658 -0.6658
vn 0.3362 0.4765 -0.8124
vn 0.8899 0.1161 -0.4411
vn 0.3410 0.2480 -0.9068
vn 0.3419 0.0077 -0.9397
vn 0.8897 -0.0000 -0.4565
vn 0.8899 -0.1161 -0.4411
vn 0.3423 -0.2334 -0.9101
vn 0.3410 -0.4572 -0.8214
vn -0.8571 -0.4403 0.2674
vn -0.5405 -0.6814 0.4935
vn -0.2093 -0.9459 -0.2481
vn -0.5217 -0.3815 -0.7631
vn -0.8253 -0.3221 -0.4638
vn -0.3278 -0.9132 -0.2420
vn -0.9288 -0.3697 -0.0236
vn -0.2818 -0.9393 -0.1957
vn -0.2653 -0.9596 -0.0936
vn -0.0312 -0.9819 -0.1870
vn -0.2339 -0.9354 -0.2651
vn 0.3421 -0.9254 -0.1633
vn 0.2172 -0.9229 -0.3180
vn 0.3029 -0.9477 -0.1010
vn 0.1625 -0.9675 -0.1935
vn 0.0623 -0.9664 -0.2494
vn -0.0933 -0.9641 -0.2488
vn -0.1333 -0.7607 0.6353
vn 0.3504 -0.7557 0.5532
vn 0.7595 -0.6045 0.2402
vn 0.9272 -0.3584 0.1091
vn 0.9046 -0.3013 -0.3015
vn 0.6332 -0.3243 -0.7028
vn 0.0155 -0.9454 -0.3255
vn -0.1474 -0.9391 -0.3105
vn -0.2181 -0.4050 -0.8879
vn 0.1943 -0.4041 -0.8938
vn 0.9476 -0.2874 -0.1398
vn 0.8170 -0.5758 0.0311
vn 0.4228 -0.6968 0.5794
vn 0.5666 -0.2440 0.7870
vn -0.0156 -0.7109 0.7031
vn -0.0158 -0.2295 0.9732
vn 0.2102 -0.9732 0.0934
vn -0.0000 -0.9878 0.1555
vn -0.2505 -0.9628 0.1017
vn -0.4573 -0.6780 0.5755
vn -0.5790 -0.2459 0.7773
vn -0.0158 -0.1580 0.9873
vn 0.5880 -0.1646 0.7919
vn 0.9565 -0.2177 -0.1944
vn 0.5409 -0.1546 -0.8268
vn 0.5879 -0.1779 -0.7891
vn 0.5273 -0.7676 -0.3644
vn 0.5115 -0.1085 -0.8524
vn 0.6141 0.2519 0.7479
vn -0.0159 0.2537 0.9672
vn -0.0079 0.3091 0.9510
vn 0.6213 0.1416 0.7707
vn 0.9516 0.1794 -0.2496
vn 0.9634 0.0777 -0.2564
vn 0.5145 0.0078 -0.8575
vn 0.4805 -0.0465 -0.8758
vn 0.9706 -0.0854 -0.2252
vn 0.6149 -0.0237 0.7883
vn -0.0238 -0.0317 0.9992
vn -0.0238 0.1347 0.9906
vn -0.6246 0.2135 0.7512
vn -0.9588 0.1426 -0.2456
vn -0.9549 0.1894 -0.2288
vn -0.6286 0.2626 0.7321
vn -0.6276 0.1112 0.7706
vn -0.6182 -0.0476 0.7846
vn -0.5858 -0.1741 0.7916
vn -0.9434 -0.2673 -0.1965
vn -0.9243 -0.3476 -0.1580
vn -0.9736 -0.1266 -0.1900
vn -0.8082 -0.5885 -0.0235
vn -0.5615 -0.7565 -0.3354
vn -0.5772 -0.2418 -0.7800
vn -0.4933 -0.2036 -0.8457
vn -0.5254 -0.1412 -0.8391
vn -0.9766 0.0315 -0.2126
vn -0.5617 0.0234 -0.8270
vn -0.5115 0.6846 -0.5193
vn -0.5087 -0.0000 -0.8609
vn -0.5229 -0.0546 -0.8507
vn -0.0080 0.7785 0.6276
vn 0.4738 0.7423 0.4738
vn -0.0079 0.9999 0.0079
vn -0.2536 0.9668 -0.0317
vn -0.5180 0.7093 0.4782
vn -0.7825 0.5849 -0.2134
vn 0.6138 0.3148 0.7240
vn 0.9400 0.2253 -0.2564
vn 0.7687 0.5883 -0.2510
vn 0.5438 0.0155 -0.8391
vn 0.4461 0.6888 -0.5714
vn 0.1579 0.9869 -0.0316
vn -0.3919 0.6505 -0.6505
vn -0.3945 0.7969 -0.4576
vn -0.9300 0.3152 -0.1891
vn -0.3967 0.8886 -0.2301
vn -0.9320 0.3475 -0.1027
vn -0.3958 0.9183 0.0079
vn -0.9194 -0.0157 -0.3929
vn -0.3741 -0.0000 -0.9274
vn -0.3831 0.2424 -0.8913
vn -0.9223 0.0788 -0.3784
vn -0.3840 0.4623 -0.7993
vn -0.9243 0.1738 -0.3397
vn -0.9268 0.2535 -0.2772
vn -0.9997 -0.0238 -0.0079
vn -0.9317 0.3632 -0.0000
vn -0.9187 -0.1178 -0.3769
vn -0.9136 -0.2126 -0.3465
vn -0.9320 0.3476 0.1027
vn -0.9298 0.3099 0.1988
vn -0.9286 0.2461 0.2778
vn -0.9280 0.1666 0.3332
vn -0.3905 0.8846 0.2550
vn -0.3898 0.7875 0.4773
vn -0.3825 0.6372 0.6691
vn -0.3827 0.4385 0.8132
vn -0.9256 0.0712 0.3718
vn -0.3724 0.2139 0.9031
vn -0.9247 -0.0316 0.3794
vn -0.3657 -0.0318 0.9302
vn -0.9211 -0.1350 0.3653
vn -0.3632 -0.2684 0.8922
vn -0.3536 -0.4951 0.7936
vn -0.9193 -0.2219 0.3249
vn -0.3541 -0.6845 0.6373
vn -0.9174 -0.3005 0.2610
vn -0.9142 -0.3625 0.1813
vn -0.9120 -0.4010 0.0865
vn -0.9124 -0.4090 -0.0157
vn -0.3512 -0.9360 -0.0234
vn -0.3521 -0.8996 -0.2582
vn -0.9127 -0.3934 -0.1102
vn -0.9126 -0.3540 -0.2045
vn -0.9136 -0.2914 -0.2835
vn -0.3525 -0.8225 0.4464
vn -0.3504 -0.9109 0.2180
vn -0.3506 -0.8024 -0.4830
vn -0.3574 -0.6526 -0.6681
vn -0.3659 -0.4592 -0.8095
vn -0.3678 -0.2347 -0.8998
vn -0.3966 0.8887 -0.2301
vn -0.0157 0.9677 -0.2517
vn -0.0159 0.9998 0.0079
vn -0.3904 0.8846 0.2551
vn -0.0079 0.9633 0.2684
vn -0.3898 0.7876 0.4773
vn -0.0080 0.8568 0.5156
vn -0.3823 0.6373 0.6691
vn -0.0000 0.6952 0.7189
vn -0.3826 0.4385 0.8132
vn 0.0079 0.4850 0.8745
vn -0.3723 0.2139 0.9031
vn 0.0158 0.2369 0.9714
vn 0.0238 -0.0238 0.9994
vn 0.0236 -0.2829 0.9589
vn 0.0315 -0.5269 0.8493
vn -0.3535 -0.4950 0.7937
vn -0.3540 -0.6845 0.6373
vn 0.0312 -0.7260 0.6870
vn -0.3523 -0.8225 0.4465
vn 0.0314 -0.8778 0.4781
vn -0.3503 -0.9109 0.2180
vn 0.0311 -0.9719 0.2333
vn 0.0312 -0.9992 -0.0234
vn -0.3510 -0.9361 -0.0234
vn -0.3520 -0.8997 -0.2582
vn 0.0232 -0.9601 -0.2787
vn -0.3504 -0.8024 -0.4830
vn 0.0233 -0.8538 -0.5200
vn -0.3573 -0.6526 -0.6682
vn 0.0154 -0.6953 -0.7185
vn -0.3658 -0.4592 -0.8095
vn 0.0077 -0.4869 -0.8734
vn -0.3677 -0.2347 -0.8998
vn -0.0000 -0.2480 -0.9688
vn -0.3740 -0.0000 -0.9274
vn -0.0078 0.0078 -0.9999
vn -0.2180 -0.4051 -0.8879
vn 0.1944 -0.4042 -0.8938
vn 0.6332 -0.3244 -0.7027
vn 0.9045 -0.3016 -0.3015
vn 0.9272 -0.3584 0.1090
vn -0.3831 0.2424 -0.8914
vn -0.0078 0.2644 -0.9644
vn -0.3839 0.4623 -0.7993
vn -0.0157 0.5087 -0.8608
vn -0.3919 0.6506 -0.6505
vn -0.0156 0.7109 -0.7031
vn -0.0158 0.8677 -0.4969
vn -0.0000 0.2369 0.9715
vn -0.0000 0.4816 0.8764
vn 0.3478 0.4506 0.8222
vn 0.3483 0.2217 0.9108
vn 0.0079 -0.0238 0.9997
vn 0.3535 -0.0236 0.9351
vn 0.0079 -0.2830 0.9591
vn 0.3538 -0.2673 0.8963
vn 0.3514 -0.4920 0.7965
vn 0.0157 -0.5271 0.8497
vn 0.3522 -0.6810 0.6420
vn 0.0157 -0.7302 0.6831
vn 0.3502 -0.8250 0.4436
vn 0.0233 -0.8797 0.4749
vn 0.3502 -0.9109 0.2180
vn 0.0233 -0.9721 0.2333
vn 0.0234 -0.9995 -0.0234
vn 0.3487 -0.8994 -0.2636
vn 0.3492 -0.7994 -0.4889
vn 0.3487 -0.6510 -0.6742
vn 0.0232 -0.6952 -0.7184
vn 0.3408 -0.4572 -0.8215
vn 0.0155 -0.4902 -0.8715
vn 0.3422 -0.2334 -0.9102
vn 0.0155 -0.2480 -0.9686
vn 0.3417 0.0078 -0.9398
vn 0.0078 0.0078 -0.9999
vn -0.0079 0.9677 -0.2518
vn 0.3376 0.9113 -0.2357
vn 0.3398 0.9405 0.0079
vn -0.0079 0.9632 0.2685
vn 0.3388 0.9064 0.2522
vn 0.3402 0.8071 0.4826
vn 0.3473 0.6552 0.6709
vn -0.0079 0.6951 0.7188
vn 0.3416 0.0078 -0.9398
vn 0.3409 0.2480 -0.9068
vn 0.0078 0.2644 -0.9644
vn 0.3359 0.4766 -0.8124
vn -0.0000 0.5029 -0.8643
vn 0.3368 0.6658 -0.6658
vn -0.0000 0.7110 -0.7032
vn -0.0000 0.8678 -0.4970
vn 0.3371 0.8155 -0.4705
vn -0.5404 -0.6815 0.4935
vn -0.1333 -0.7607 0.6352
vn -0.1105 -0.0394 0.9931
vn -0.1104 -0.0237 0.9936
vn -0.0947 0.1341 0.9864
vt 0.516113 0.936462
vt 0.510742 0.952393
vt 0.495605 0.939789
vt 0.497070 0.922607
vt 0.516113 0.930054
vt 0.475830 0.929260
vt 0.478027 0.912598
vt 0.452881 0.922180
vt 0.537598 0.843140
vt 0.538086 0.869873
vt 0.533691 0.868042
vt 0.532715 0.889282
vt 0.513184 0.877563
vt 0.510254 0.890747
vt 0.526855 0.901733
vt 0.500000 0.919250
vt 0.479004 0.909241
vt 0.455322 0.908020
vt 0.430908 0.917664
vt 0.430664 0.905884
vt 0.401367 0.919373
vt 0.457031 0.904602
vt 0.486572 0.877625
vt 0.389893 0.921082
vt 0.366455 0.927002
vt 0.367432 0.909546
vt 0.389893 0.906982
vt 0.400879 0.906311
vt 0.429688 0.903442
vt 0.458984 0.869263
vt 0.488770 0.866211
vt 0.400635 0.902039
vt 0.389648 0.899475
vt 0.397949 0.866455
vt 0.388184 0.867065
vt 0.429932 0.865967
vt 0.459473 0.861206
vt 0.486328 0.851440
vt 0.429688 0.861206
vt 0.402100 0.862427
vt 0.385742 0.863037
vt 0.367920 0.867676
vt 0.374512 0.845703
vt 0.399414 0.843628
vt 0.427490 0.842163
vt 0.454834 0.843506
vt 0.484619 0.837158
vt 0.511719 0.837891
vt 0.507812 0.815430
vt 0.479492 0.816040
vt 0.451416 0.817749
vt 0.424805 0.821411
vt 0.397949 0.823730
vt 0.371338 0.825317
vt 0.350830 0.829102
vt 0.348633 0.808350
vt 0.346191 0.787598
vt 0.324951 0.808838
vt 0.368408 0.803589
vt 0.394287 0.800903
vt 0.421387 0.798218
vt 0.447754 0.795044
vt 0.474854 0.793091
vt 0.366211 0.781250
vt 0.502930 0.790405
vt 0.520996 0.787598
vt 0.509766 0.761597
vt 0.495361 0.766113
vt 0.469971 0.769653
vt 0.443604 0.771118
vt 0.418213 0.773682
vt 0.390625 0.776978
vt 0.386963 0.753540
vt 0.415039 0.750488
vt 0.440186 0.748047
vt 0.465576 0.746582
vt 0.487061 0.742188
vt 0.359619 0.750122
vt 0.385498 0.744873
vt 0.414062 0.743408
vt 0.437988 0.741211
vt 0.461670 0.738037
vt 0.481689 0.733154
vt 0.497314 0.738525
vt 0.513184 0.759521
vt 0.524902 0.786011
vt 0.499756 0.734863
vt 0.493896 0.727783
vt 0.512695 0.859863
vt 0.533203 0.842773
vt 0.533203 0.815063
vt 0.528809 0.815674
vt 0.351562 0.848389
vt 0.368164 0.863159
vt 0.327881 0.829712
vt 0.327881 0.850220
vt 0.350586 0.863525
vt 0.360596 0.869141
vt 0.305176 0.831543
vt 0.304199 0.810547
vt 0.305420 0.853149
vt 0.327637 0.868530
vt 0.334961 0.873779
vt 0.357910 0.900452
vt 0.366455 0.899963
vt 0.360596 0.910400
vt 0.336670 0.909607
vt 0.314209 0.877747
vt 0.307617 0.871338
vt 0.295898 0.945007
vt 0.272705 0.955627
vt 0.270996 0.940186
vt 0.294434 0.930298
vt 0.313965 0.937653
vt 0.314941 0.921875
vt 0.337646 0.931274
vt 0.337402 0.914185
vt 0.358154 0.926697
vt 0.249268 0.949219
vt 0.250244 0.944733
vt 0.270752 0.935852
vt 0.294189 0.925232
vt 0.314697 0.916992
vt 0.289551 0.883423
vt 0.267334 0.893677
vt 0.243896 0.911865
vt 0.219849 0.939331
vt 0.222900 0.956085
vt 0.240356 0.904968
vt 0.264648 0.888062
vt 0.236206 0.889771
vt 0.213501 0.905090
vt 0.211914 0.880188
vt 0.212891 0.934326
vt 0.201172 0.955139
vt 0.201538 0.962341
vt 0.223145 0.960602
vt 0.171997 0.963165
vt 0.140503 0.966370
vt 0.140747 0.957397
vt 0.170654 0.969055
vt 0.201416 0.966827
vt 0.226196 0.974564
vt 0.249390 0.965942
vt 0.116638 0.965332
vt 0.141235 0.972107
vt 0.171753 0.972794
vt 0.116150 0.972351
vt 0.140869 0.976654
vt 0.173340 0.987000
vt 0.203613 0.980560
vt 0.116028 0.977280
vt 0.089050 0.972473
vt 0.139282 0.992435
vt 0.064087 0.979538
vt 0.065186 0.964752
vt 0.037842 0.968353
vt 0.087646 0.988029
vt 0.116516 0.992645
vt 0.027084 0.947968
vt 0.026016 0.941559
vt 0.041443 0.949005
vt 0.013458 0.942047
vt 0.015808 0.958893
vt 0.043335 0.954987
vt 0.063416 0.959656
vt 0.088806 0.967560
vt 0.012070 0.935242
vt 0.022720 0.911804
vt 0.044739 0.927917
vt 0.064941 0.945526
vt 0.088501 0.960236
vt 0.028687 0.902405
vt 0.048279 0.919067
vt 0.069946 0.938629
vt 0.088379 0.951843
vt 0.112915 0.956787
vt 0.008949 0.903931
vt 0.047760 0.888184
vt 0.069641 0.901062
vt 0.092896 0.912598
vt 0.116333 0.923218
vt 0.140747 0.924683
vt 0.119202 0.896973
vt 0.103027 0.874512
vt 0.074463 0.864746
vt 0.049469 0.855713
vt 0.027847 0.876221
vt 0.027664 0.847046
vt 0.008797 0.867432
vt 0.006355 0.840088
vt 0.013954 0.891174
vt 0.009560 0.780273
vt 0.006577 0.810913
vt 0.002375 0.809814
vt 0.002110 0.839355
vt 0.004581 0.867310
vt 0.009789 0.890564
vt 0.105103 0.832397
vt 0.077698 0.827881
vt 0.051758 0.822388
vt 0.028748 0.816406
vt 0.031769 0.785645
vt 0.080444 0.793091
vt 0.034393 0.755981
vt 0.057129 0.758545
vt 0.054962 0.789795
vt 0.082703 0.759888
vt 0.111206 0.761597
vt 0.108154 0.795776
vt 0.015297 0.751831
vt 0.035217 0.727783
vt 0.057068 0.729004
vt 0.082825 0.728027
vt 0.115479 0.728271
vt 0.139771 0.763916
vt 0.145508 0.729980
vt 0.168457 0.767334
vt 0.164795 0.799927
vt 0.136230 0.797607
vt 0.171509 0.734863
vt 0.171265 0.727539
vt 0.147095 0.721680
vt 0.115540 0.720459
vt 0.084534 0.720215
vt 0.161621 0.833252
vt 0.188599 0.831421
vt 0.188232 0.859863
vt 0.191040 0.802124
vt 0.194702 0.773682
vt 0.200439 0.743896
vt 0.200562 0.734131
vt 0.225830 0.746826
vt 0.224609 0.757812
vt 0.245972 0.757446
vt 0.220093 0.781250
vt 0.245850 0.769897
vt 0.266113 0.765747
vt 0.284180 0.767212
vt 0.302734 0.763794
vt 0.298828 0.777466
vt 0.283691 0.780151
vt 0.265137 0.777954
vt 0.242798 0.787964
vt 0.216064 0.805420
vt 0.213745 0.830811
vt 0.239990 0.807251
vt 0.236816 0.831177
vt 0.259277 0.832031
vt 0.263184 0.810181
vt 0.264404 0.791016
vt 0.283203 0.833252
vt 0.279297 0.858398
vt 0.255615 0.852539
vt 0.234131 0.853149
vt 0.212036 0.856201
vt 0.288330 0.877441
vt 0.257812 0.876221
vt 0.248413 0.867188
vt 0.233032 0.872681
vt 0.189453 0.886597
vt 0.191406 0.915649
vt 0.197266 0.946747
vt 0.133789 0.832031
vt 0.161743 0.863647
vt 0.164307 0.891907
vt 0.166870 0.922241
vt 0.174072 0.954285
vt 0.133911 0.866089
vt 0.139771 0.894775
vt 0.639648 0.483398
vt 0.624023 0.479004
vt 0.632812 0.465820
vt 0.646973 0.519775
vt 0.655273 0.534180
vt 0.642578 0.541992
vt 0.683594 0.514893
vt 0.648926 0.504395
vt 0.655273 0.494141
vt 0.645996 0.478027
vt 0.652832 0.472656
vt 0.643066 0.456055
vt 0.662598 0.447754
vt 0.670410 0.543945
vt 0.683594 0.551025
vt 0.697754 0.552734
vt 0.707031 0.550049
vt 0.713379 0.543945
vt 0.716309 0.539062
vt 0.718262 0.534424
vt 0.729980 0.562500
vt 0.716309 0.569092
vt 0.701172 0.570068
vt 0.681641 0.564209
vt 0.664551 0.554443
vt 0.727051 0.583740
vt 0.745605 0.582764
vt 0.703613 0.579590
vt 0.677246 0.575439
vt 0.658203 0.564697
vt 0.631836 0.498047
vt 0.619141 0.498047
vt 0.630371 0.520508
vt 0.634277 0.547119
vt 0.618652 0.522705
vt 0.534180 0.891907
vt 0.011742 0.750000
vt 0.020126 0.723145
vt 0.022614 0.726074
vt 0.023804 0.715332
vt 0.038544 0.717529
vt 0.058929 0.717773
vt 0.005905 0.778931
vt 0.731445 0.479004
vt 0.750000 0.497559
vt 0.736816 0.507812
vt 0.756348 0.513916
vt 0.739258 0.516846
vt 0.719238 0.515869
vt 0.719238 0.521240
vt 0.741211 0.524658
vt 0.762695 0.530518
vt 0.668945 0.463867
vt 0.687012 0.448730
vt 0.687500 0.464355
vt 0.709961 0.459473
vt 0.705566 0.471191
vt 0.718750 0.487305
vt 0.718750 0.511719
vt 0.689941 0.483887
vt 0.699707 0.489258
vt 0.707520 0.497070
vt 0.675781 0.480957
vt 0.718750 0.528809
vt 0.742188 0.536865
vt 0.741699 0.546875
vt 0.736816 0.556885
vt 0.768066 0.547607
vt 0.769531 0.563965
vt 0.761719 0.575928
vt 0.318115 0.771851
vt 0.321533 0.789429
vt 0.341309 0.762451
vt 0.361572 0.757080
vt 0.340576 0.752930
vt 0.322266 0.759155
vt 0.285645 0.810913
vt 0.285645 0.792236
vt 0.302246 0.792236
vt 0.145996 0.084473
vt 0.139404 0.110840
vt 0.074524 0.066406
vt 0.129150 0.126953
vt 0.114258 0.141602
vt 0.095093 0.152344
vt 0.072937 0.155273
vt 0.056732 0.152832
vt 0.039093 0.141602
vt 0.026718 0.129395
vt 0.022095 0.126953
vt 0.012985 0.108398
vt 0.012360 0.099121
vt 0.011192 0.072266
vt 0.015427 0.052734
vt 0.024033 0.032715
vt 0.037964 0.017090
vt 0.054169 0.007324
vt 0.076599 0.001953
vt 0.103394 0.004395
vt 0.123779 0.014648
vt 0.139404 0.035645
vt 0.145142 0.054199
vt 0.664551 0.486328
vt 0.659668 0.490234
vt 0.724121 0.352051
vt 0.728027 0.329590
vt 0.758301 0.327637
vt 0.729980 0.313477
vt 0.751953 0.276367
vt 0.767578 0.276855
vt 0.739746 0.292969
vt 0.731934 0.278809
vt 0.719238 0.307617
vt 0.713867 0.333008
vt 0.714844 0.355957
vt 0.732910 0.369629
vt 0.750000 0.262207
vt 0.769531 0.265625
vt 0.751465 0.375000
vt 0.749023 0.386230
vt 0.766602 0.386719
vt 0.727051 0.376953
vt 0.763184 0.377441
vt 0.786133 0.379395
vt 0.781738 0.368652
vt 0.791992 0.354980
vt 0.801270 0.360840
vt 0.782715 0.297363
vt 0.800293 0.329590
vt 0.811035 0.328613
vt 0.794434 0.289551
vt 0.969238 0.672363
vt 0.993164 0.671143
vt 0.995117 0.709961
vt 0.967285 0.711426
vt 0.934570 0.688477
vt 0.966797 0.745605
vt 0.997559 0.747314
vt 0.997559 0.784668
vt 0.966797 0.779663
vt 0.962891 0.817383
vt 0.931152 0.805298
vt 0.931641 0.839966
vt 0.902832 0.828491
vt 0.991211 0.826172
vt 0.984375 0.872681
vt 0.961426 0.859375
vt 0.935059 0.716309
vt 0.906250 0.720703
vt 0.934570 0.743408
vt 0.932129 0.771240
vt 0.906738 0.797241
vt 0.903320 0.766113
vt 0.877441 0.792236
vt 0.905762 0.743164
vt 0.877930 0.743896
vt 0.877441 0.721924
vt 0.880371 0.765381
vt 0.852051 0.745117
vt 0.849121 0.723145
vt 0.857422 0.766479
vt 0.823242 0.746094
vt 0.821289 0.724609
vt 0.797852 0.726318
vt 0.798828 0.747314
vt 0.851562 0.789062
vt 0.877441 0.819092
vt 0.851074 0.812866
vt 0.823242 0.788452
vt 0.824219 0.766846
vt 0.800781 0.768799
vt 0.823730 0.811157
vt 0.804199 0.811646
vt 0.773438 0.749023
vt 0.772949 0.769531
vt 0.778809 0.790527
vt 0.780762 0.812988
vt 0.754883 0.814819
vt 0.802246 0.789185
vt 0.749023 0.768433
vt 0.747559 0.729736
vt 0.772461 0.728027
vt 0.772461 0.706787
vt 0.746094 0.710938
vt 0.708496 0.705566
vt 0.710449 0.729736
vt 0.672852 0.700928
vt 0.747559 0.750732
vt 0.713379 0.753174
vt 0.675781 0.727539
vt 0.678711 0.756714
vt 0.646973 0.759644
vt 0.649902 0.794434
vt 0.682617 0.785889
vt 0.685547 0.817993
vt 0.642578 0.725342
vt 0.654785 0.832397
vt 0.715820 0.776733
vt 0.719238 0.803711
vt 0.752930 0.793213
vt 0.628906 0.839111
vt 0.639648 0.884766
vt 0.659180 0.878113
vt 0.683594 0.851929
vt 0.720215 0.826782
vt 0.539551 0.798584
vt 0.537109 0.791260
vt 0.565918 0.785767
vt 0.543457 0.805054
vt 0.563965 0.815186
vt 0.563477 0.817505
vt 0.555664 0.815796
vt 0.556152 0.813599
vt 0.549316 0.810181
vt 0.541992 0.806519
vt 0.537109 0.799561
vt 0.534668 0.791870
vt 0.571777 0.817017
vt 0.547852 0.812134
vt 0.590332 0.802368
vt 0.584961 0.808105
vt 0.586914 0.809937
vt 0.578613 0.812378
vt 0.579590 0.814453
vt 0.571289 0.814697
vt 0.546875 0.763428
vt 0.553223 0.759155
vt 0.541504 0.769165
vt 0.536621 0.783447
vt 0.538086 0.776001
vt 0.536133 0.775146
vt 0.539551 0.767822
vt 0.545410 0.761597
vt 0.552246 0.757080
vt 0.534180 0.783325
vt 0.560059 0.754517
vt 0.560547 0.756836
vt 0.568359 0.754150
vt 0.568359 0.756470
vt 0.575684 0.758057
vt 0.576660 0.755859
vt 0.583984 0.759521
vt 0.582520 0.761475
vt 0.588379 0.766602
vt 0.590332 0.765137
vt 0.594727 0.772095
vt 0.592285 0.773071
vt 0.594727 0.780396
vt 0.597168 0.779907
vt 0.597656 0.788208
vt 0.595215 0.788086
vt 0.593750 0.795532
vt 0.596191 0.796387
vt 0.592285 0.803711
vt 0.965820 0.956879
vt 0.939941 0.988304
vt 0.934570 0.968933
vt 0.947754 0.858765
vt 0.969238 0.880310
vt 0.949707 0.894409
vt 0.974609 0.920349
vt 0.953613 0.921875
vt 0.945801 0.950928
vt 0.912598 0.926636
vt 0.936035 0.884338
vt 0.866699 0.899902
vt 0.879883 0.878357
vt 0.866211 0.924805
vt 0.878418 0.954071
vt 0.896973 0.967987
vt 0.916504 0.971451
vt 0.913574 0.996044
vt 0.888184 0.992966
vt 0.861328 0.962402
vt 0.847168 0.925293
vt 0.849609 0.884705
vt 0.866699 0.859009
vt 0.901855 0.872803
vt 0.917969 0.875671
vt 0.922852 0.848022
vt 0.895996 0.846558
vt 0.547852 0.976486
vt 0.529297 0.965363
vt 0.528320 0.956512
vt 0.549316 0.962524
vt 0.527832 0.944550
vt 0.548828 0.944794
vt 0.520020 0.956390
vt 0.519043 0.944061
vt 0.520508 0.932068
vt 0.528320 0.932617
vt 0.549316 0.927063
vt 0.568359 0.944824
vt 0.569336 0.966278
vt 0.568359 0.984070
vt 0.566895 0.992374
vt 0.544922 0.983749
vt 0.521484 0.967346
vt 0.590332 0.996950
vt 0.637695 0.966003
vt 0.638184 0.944092
vt 0.658203 0.943756
vt 0.615723 0.968262
vt 0.640625 0.984512
vt 0.618652 0.988800
vt 0.642090 0.992889
vt 0.619141 0.997072
vt 0.591797 0.988686
vt 0.591797 0.968445
vt 0.592285 0.944672
vt 0.615723 0.944397
vt 0.637695 0.921204
vt 0.640137 0.900818
vt 0.660645 0.907166
vt 0.657715 0.923889
vt 0.616211 0.919861
vt 0.591797 0.920593
vt 0.569336 0.923279
vt 0.568359 0.903870
vt 0.547363 0.912231
vt 0.591309 0.898621
vt 0.529297 0.923401
vt 0.521973 0.921387
vt 0.544434 0.905151
vt 0.565918 0.895630
vt 0.589844 0.890625
vt 0.618164 0.897583
vt 0.663574 0.899902
vt 0.681641 0.911133
vt 0.641113 0.892639
vt 0.618652 0.889465
vt 0.675293 0.943451
vt 0.674805 0.958160
vt 0.683105 0.943024
vt 0.682129 0.926453
vt 0.674805 0.927002
vt 0.675293 0.913696
vt 0.657227 0.962341
vt 0.661133 0.977921
vt 0.675781 0.970825
vt 0.664062 0.985252
vt 0.682617 0.973038
vt 0.682617 0.957886
vt 0.534180 0.789429
vt 0.534668 0.781128
vt 0.537109 0.781494
vt 0.536621 0.773071
vt 0.539062 0.774170
vt 0.541016 0.765991
vt 0.547852 0.808716
vt 0.546387 0.810791
vt 0.540527 0.804810
vt 0.542480 0.803223
vt 0.536621 0.797485
vt 0.539062 0.796509
vt 0.537109 0.789185
vt 0.565918 0.785889
vt 0.542969 0.767578
vt 0.554199 0.812622
vt 0.561523 0.814819
vt 0.548828 0.762329
vt 0.555176 0.758667
vt 0.562500 0.756836
vt 0.570312 0.756958
vt 0.546875 0.760254
vt 0.554199 0.756226
vt 0.562500 0.754272
vt 0.570801 0.754395
vt 0.577637 0.759033
vt 0.578613 0.756714
vt 0.583984 0.762939
vt 0.585938 0.760986
vt 0.589355 0.768433
vt 0.591797 0.766968
vt 0.595703 0.774170
vt 0.593262 0.775146
vt 0.597656 0.782227
vt 0.595215 0.782593
vt 0.594727 0.790161
vt 0.592773 0.797485
vt 0.588867 0.804077
vt 0.590820 0.805664
vt 0.584961 0.811401
vt 0.583496 0.809326
vt 0.576660 0.813110
vt 0.569336 0.814941
vt 0.597656 0.790527
vt 0.595215 0.798584
vt 0.577637 0.815430
vt 0.569824 0.817505
vt 0.561523 0.817261
vt 0.553223 0.815063
vt 0.460693 0.952606
vt 0.460938 0.966766
vt 0.452393 0.966797
vt 0.452393 0.952667
vt 0.443848 0.952698
vt 0.443848 0.966858
vt 0.435303 0.952759
vt 0.435303 0.966888
vt 0.426758 0.952789
vt 0.426758 0.966949
vt 0.418213 0.952850
vt 0.418213 0.967010
vt 0.409668 0.952911
vt 0.409668 0.967072
vt 0.401123 0.952942
vt 0.401123 0.967163
vt 0.392578 0.953003
vt 0.392578 0.967224
vt 0.384033 0.967285
vt 0.384033 0.953064
vt 0.375488 0.953094
vt 0.375488 0.967346
vt 0.366943 0.953156
vt 0.366943 0.967438
vt 0.358398 0.953186
vt 0.358398 0.967499
vt 0.349854 0.967560
vt 0.349854 0.953247
vt 0.341309 0.953308
vt 0.341309 0.967590
vt 0.332764 0.953339
vt 0.332764 0.967651
vt 0.324219 0.953400
vt 0.324463 0.967682
vt 0.315918 0.953461
vt 0.315918 0.967743
vt 0.307373 0.953491
vt 0.307373 0.967773
vt 0.298828 0.953552
vt 0.298828 0.967804
vt 0.795898 0.703125
vt 0.818848 0.699951
vt 0.846191 0.700195
vt 0.872559 0.701172
vt 0.904785 0.699951
vt 0.494629 0.952393
vt 0.502930 0.952362
vt 0.502930 0.966614
vt 0.494873 0.966644
vt 0.486328 0.952454
vt 0.486328 0.966675
vt 0.477783 0.952515
vt 0.477783 0.966705
vt 0.469238 0.952545
vt 0.469238 0.966736
vt 0.409668 0.973969
vt 0.418213 0.973938
vt 0.418213 0.992607
vt 0.409668 0.992657
vt 0.401123 0.973999
vt 0.401123 0.992706
vt 0.392578 0.974030
vt 0.392578 0.992756
vt 0.384033 0.992805
vt 0.384033 0.974045
vt 0.375488 0.992855
vt 0.375488 0.974075
vt 0.366943 0.992905
vt 0.366943 0.974106
vt 0.358398 0.992954
vt 0.358398 0.974136
vt 0.349854 0.974167
vt 0.349854 0.993004
vt 0.341309 0.974213
vt 0.341309 0.993053
vt 0.332764 0.974258
vt 0.333008 0.993103
vt 0.324463 0.993153
vt 0.324463 0.974319
vt 0.316162 0.993202
vt 0.315918 0.974380
vt 0.307617 0.993248
vt 0.307617 0.974457
vt 0.299072 0.993298
vt 0.299072 0.974518
vt 0.452148 0.973755
vt 0.460693 0.973694
vt 0.460693 0.992359
vt 0.452393 0.992409
vt 0.443604 0.973816
vt 0.443848 0.992458
vt 0.435303 0.973862
vt 0.435303 0.992508
vt 0.426758 0.992558
vt 0.426758 0.973907
vt 0.502930 0.973343
vt 0.502930 0.992111
vt 0.494873 0.992165
vt 0.494629 0.973404
vt 0.486328 0.992210
vt 0.486328 0.973480
vt 0.477783 0.992260
vt 0.477783 0.973557
vt 0.469238 0.973633
vt 0.469238 0.992310
vt 0.634766 0.688232
vt 0.608398 0.687256
vt 0.611816 0.725586
vt 0.615234 0.762329
vt 0.620605 0.798584
s 1
usemtl DPROP_GEN_SentinelLeg_MATINST.010
f 1/1/1 3/3/3 2/2/2
f 3/3/3 1/1/1 4/4/4
f 5/5/5 4/4/4 1/1/1
f 4/4/4 6/6/6 3/3/3
f 6/6/6 4/4/4 7/7/7
f 7/7/7 8/8/8 6/6/6
f 9/9/9 11/11/11 10/10/10
f 12/12/12 10/10/10 11/11/11
f 11/11/11 13/13/13 12/12/12
f 14/14/14 12/12/12 13/13/13
f 12/12/12 14/14/14 15/15/15
f 15/15/15 16/16/16 5/5/5
f 4/4/4 5/5/5 16/16/16
f 16/16/16 15/15/15 14/14/14
f 17/17/17 4/4/4 16/16/16
f 4/4/4 17/17/17 7/7/7
f 14/14/14 17/17/17 16/16/16
f 8/8/8 7/7/7 18/18/18
f 17/17/17 18/18/18 7/7/7
f 18/18/18 19/19/19 8/8/8
f 19/19/19 18/18/18 20/20/20
f 20/20/20 21/21/21 19/19/19
f 18/18/18 17/17/17 22/22/22
f 22/22/22 20/20/20 18/18/18
f 17/17/17 14/14/14 23/23/23
f 13/13/13 23/23/23 14/14/14
f 23/23/23 22/22/22 17/17/17
f 24/24/24 26/26/26 25/25/25
f 26/26/26 24/24/24 27/27/27
f 21/21/21 27/27/27 24/24/24
f 21/21/21 20/20/20 28/28/28
f 27/27/27 21/21/21 28/28/28
f 20/20/20 22/22/22 29/29/29
f 29/29/29 28/28/28 20/20/20
f 22/22/22 23/23/23 30/30/30
f 30/30/30 29/29/29 22/22/22
f 31/31/31 30/30/30 23/23/23
f 23/23/23 13/13/13 31/31/31
f 28/28/28 29/29/29 32/32/32
f 32/32/32 27/27/27 28/28/28
f 33/33/33 26/26/26 27/27/27
f 27/27/27 32/32/32 33/33/33
f 34/34/34 33/33/33 32/32/32
f 33/33/33 34/34/34 35/35/35
f 32/32/32 36/36/36 34/34/34
f 29/29/29 30/30/30 36/36/36
f 36/36/36 32/32/32 29/29/29
f 30/30/30 31/31/31 37/37/37
f 38/38/38 37/37/37 31/31/31
f 39/39/39 30/30/30 37/37/37
f 30/30/30 39/39/39 36/36/36
f 36/36/36 40/40/40 34/34/34
f 40/40/40 36/36/36 39/39/39
f 34/34/34 41/41/41 35/35/35
f 41/41/41 34/34/34 40/40/40
f 41/41/41 42/42/42 35/35/35
f 42/42/42 33/33/33 35/35/35
f 43/43/43 41/41/41 44/44/44
f 41/41/41 40/40/40 44/44/44
f 45/45/45 40/40/40 39/39/39
f 40/40/40 45/45/45 44/44/44
f 37/37/37 38/38/38 46/46/46
f 46/46/46 39/39/39 37/37/37
f 39/39/39 46/46/46 45/45/45
f 46/46/46 38/38/38 47/47/47
f 38/38/38 48/48/48 47/47/47
f 49/49/49 47/47/47 48/48/48
f 50/50/50 46/46/46 47/47/47
f 47/47/47 49/49/49 50/50/50
f 51/51/51 45/45/45 46/46/46
f 46/46/46 50/50/50 51/51/51
f 45/45/45 51/51/51 52/52/52
f 52/52/52 44/44/44 45/45/45
f 53/53/53 43/43/43 44/44/44
f 44/44/44 52/52/52 53/53/53
f 43/43/43 53/53/53 54/54/54
f 55/55/55 43/43/43 54/54/54
f 54/54/54 56/56/56 55/55/55
f 57/57/57 58/58/58 56/56/56
f 56/56/56 54/54/54 59/59/59
f 59/59/59 57/57/57 56/56/56
f 54/54/54 60/60/60 59/59/59
f 60/60/60 54/54/54 53/53/53
f 61/61/61 53/53/53 52/52/52
f 53/53/53 61/61/61 60/60/60
f 62/62/62 52/52/52 51/51/51
f 52/52/52 62/62/62 61/61/61
f 63/63/63 51/51/51 50/50/50
f 51/51/51 63/63/63 62/62/62
f 57/57/57 59/59/59 64/64/64
f 60/60/60 64/64/64 59/59/59
f 50/50/50 65/65/65 63/63/63
f 65/65/65 50/50/50 49/49/49
f 49/49/49 66/66/66 65/65/65
f 67/67/67 65/65/65 66/66/66
f 68/68/68 63/63/63 65/65/65
f 65/65/65 67/67/67 68/68/68
f 69/69/69 62/62/62 63/63/63
f 63/63/63 68/68/68 69/69/69
f 62/62/62 69/69/69 70/70/70
f 70/70/70 61/61/61 62/62/62
f 61/61/61 70/70/70 71/71/71
f 71/71/71 60/60/60 61/61/61
f 60/60/60 71/71/71 72/72/72
f 64/64/64 60/60/60 72/72/72
f 73/73/73 64/64/64 72/72/72
f 74/74/74 72/72/72 71/71/71
f 72/72/72 74/74/74 73/73/73
f 71/71/71 75/75/75 74/74/74
f 75/75/75 71/71/71 70/70/70
f 76/76/76 70/70/70 69/69/69
f 70/70/70 76/76/76 75/75/75
f 67/67/67 77/77/77 68/68/68
f 69/69/69 77/77/77 76/76/76
f 77/77/77 69/69/69 68/68/68
f 78/78/78 73/73/73 79/79/79
f 80/80/80 73/73/73 74/74/74
f 73/73/73 80/80/80 79/79/79
f 81/81/81 74/74/74 75/75/75
f 74/74/74 81/81/81 80/80/80
f 75/75/75 82/82/82 81/81/81
f 82/82/82 75/75/75 76/76/76
f 76/76/76 83/83/83 82/82/82
f 83/83/83 76/76/76 77/77/77
f 84/84/84 83/83/83 77/77/77
f 77/77/77 67/67/67 84/84/84
f 85/85/85 84/84/84 67/67/67
f 67/67/67 86/86/86 85/85/85
f 86/86/86 67/67/67 66/66/66
f 84/84/84 85/85/85 87/87/87
f 83/83/83 84/84/84 88/88/88
f 88/88/88 84/84/84 87/87/87
f 89/89/89 31/31/31 13/13/13
f 31/31/31 89/89/89 38/38/38
f 13/13/13 11/11/11 89/89/89
f 48/48/48 38/38/38 89/89/89
f 90/90/90 89/89/89 11/11/11
f 89/89/89 90/90/90 48/48/48
f 11/11/11 9/9/9 90/90/90
f 91/91/91 90/90/90 9/9/9
f 86/86/86 92/92/92 91/91/91
f 90/90/90 91/91/91 92/92/92
f 66/66/66 49/49/49 92/92/92
f 92/92/92 48/48/48 90/90/90
f 48/48/48 92/92/92 49/49/49
f 92/92/92 86/86/86 66/66/66
f 43/43/43 55/55/55 93/93/93
f 41/41/41 43/43/43 94/94/94
f 42/42/42 41/41/41 94/94/94
f 93/93/93 94/94/94 43/43/43
f 95/95/95 93/93/93 55/55/55
f 95/95/95 56/56/56 58/58/58
f 56/56/56 95/95/95 55/55/55
f 93/93/93 95/95/95 96/96/96
f 94/94/94 93/93/93 97/97/97
f 96/96/96 97/97/97 93/93/93
f 98/98/98 94/94/94 97/97/97
f 94/94/94 98/98/98 42/42/42
f 99/99/99 96/96/96 95/95/95
f 100/100/100 95/95/95 58/58/58
f 95/95/95 100/100/100 99/99/99
f 96/96/96 99/99/99 101/101/101
f 97/97/97 96/96/96 102/102/102
f 101/101/101 102/102/102 96/96/96
f 97/97/97 103/103/103 98/98/98
f 103/103/103 97/97/97 102/102/102
f 103/103/103 104/104/104 98/98/98
f 33/33/33 42/42/42 105/105/105
f 98/98/98 105/105/105 42/42/42
f 26/26/26 33/33/33 105/105/105
f 105/105/105 98/98/98 104/104/104
f 106/106/106 105/105/105 104/104/104
f 106/106/106 25/25/25 26/26/26
f 105/105/105 106/106/106 26/26/26
f 104/104/104 103/103/103 107/107/107
f 107/107/107 106/106/106 104/104/104
f 108/108/108 107/107/107 103/103/103
f 102/102/102 108/108/108 103/103/103
f 102/102/102 101/101/101 109/109/109
f 108/108/108 102/102/102 109/109/109
f 110/110/110 112/112/112 111/111/111
f 112/112/112 110/110/110 113/113/113
f 114/114/114 113/113/113 110/110/110
f 113/113/113 114/114/114 115/115/115
f 116/116/116 115/115/115 114/114/114
f 106/106/106 107/107/107 117/117/117
f 115/115/115 116/116/116 117/117/117
f 117/117/117 118/118/118 106/106/106
f 118/118/118 117/117/117 116/116/116
f 25/25/25 106/106/106 118/118/118
f 119/119/119 111/111/111 112/112/112
f 112/112/112 120/120/120 119/119/119
f 120/120/120 112/112/112 121/121/121
f 113/113/113 121/121/121 112/112/112
f 121/121/121 113/113/113 122/122/122
f 115/115/115 122/122/122 113/113/113
f 117/117/117 123/123/123 115/115/115
f 123/123/123 117/117/117 107/107/107
f 107/107/107 108/108/108 123/123/123
f 122/122/122 115/115/115 123/123/123
f 109/109/109 124/124/124 108/108/108
f 124/124/124 123/123/123 108/108/108
f 123/123/123 124/124/124 122/122/122
f 125/125/125 122/122/122 124/124/124
f 122/122/122 125/125/125 121/121/121
f 126/126/126 121/121/121 125/125/125
f 121/121/121 126/126/126 120/120/120
f 127/127/127 120/120/120 126/126/126
f 128/128/128 119/119/119 120/120/120
f 120/120/120 127/127/127 128/128/128
f 125/125/125 129/129/129 126/126/126
f 129/129/129 127/127/127 126/126/126
f 124/124/124 130/130/130 125/125/125
f 129/129/129 125/125/125 130/130/130
f 130/130/130 131/131/131 129/129/129
f 132/132/132 129/129/129 131/131/131
f 131/131/131 133/133/133 132/132/132
f 129/129/129 132/132/132 134/134/134
f 127/127/127 129/129/129 134/134/134
f 134/134/134 135/135/135 127/127/127
f 135/135/135 128/128/128 127/127/127
f 128/128/128 135/135/135 136/136/136
f 136/136/136 137/137/137 128/128/128
f 119/119/119 128/128/128 137/137/137
f 138/138/138 136/136/136 135/135/135
f 138/138/138 140/140/140 139/139/139
f 136/136/136 138/138/138 141/141/141
f 139/139/139 141/141/141 138/138/138
f 137/137/137 136/136/136 142/142/142
f 141/141/141 142/142/142 136/136/136
f 142/142/142 143/143/143 137/137/137
f 144/144/144 137/137/137 143/143/143
f 137/137/137 144/144/144 119/119/119
f 111/111/111 119/119/119 144/144/144
f 140/140/140 145/145/145 139/139/139
f 141/141/141 139/139/139 146/146/146
f 145/145/145 146/146/146 139/139/139
f 142/142/142 141/141/141 147/147/147
f 146/146/146 147/147/147 141/141/141
f 146/146/146 145/145/145 148/148/148
f 147/147/147 146/146/146 149/149/149
f 148/148/148 149/149/149 146/146/146
f 149/149/149 150/150/150 147/147/147
f 147/147/147 151/151/151 142/142/142
f 143/143/143 142/142/142 151/151/151
f 151/151/151 147/147/147 150/150/150
f 149/149/149 148/148/148 152/152/152
f 148/148/148 153/153/153 152/152/152
f 152/152/152 154/154/154 149/149/149
f 150/150/150 149/149/149 154/154/154
f 155/155/155 153/153/153 156/156/156
f 156/156/156 157/157/157 155/155/155
f 158/158/158 152/152/152 153/153/153
f 153/153/153 155/155/155 158/158/158
f 152/152/152 158/158/158 159/159/159
f 154/154/154 152/152/152 159/159/159
f 160/160/160 162/162/162 161/161/161
f 161/161/161 163/163/163 160/160/160
f 160/160/160 164/164/164 157/157/157
f 160/160/160 163/163/163 164/164/164
f 157/157/157 156/156/156 165/165/165
f 165/165/165 160/160/160 157/157/157
f 162/162/162 160/160/160 165/165/165
f 165/165/165 166/166/166 162/162/162
f 166/166/166 165/165/165 156/156/156
f 153/153/153 148/148/148 167/167/167
f 167/167/167 156/156/156 153/153/153
f 145/145/145 167/167/167 148/148/148
f 156/156/156 167/167/167 166/166/166
f 163/163/163 161/161/161 168/168/168
f 169/169/169 168/168/168 161/161/161
f 161/161/161 170/170/170 169/169/169
f 170/170/170 161/161/161 162/162/162
f 162/162/162 171/171/171 170/170/170
f 171/171/171 162/162/162 166/166/166
f 166/166/166 172/172/172 171/171/171
f 172/172/172 166/166/166 167/167/167
f 167/167/167 145/145/145 172/172/172
f 169/169/169 174/174/174 173/173/173
f 174/174/174 169/169/169 170/170/170
f 175/175/175 170/170/170 171/171/171
f 170/170/170 175/175/175 174/174/174
f 171/171/171 176/176/176 175/175/175
f 176/176/176 171/171/171 172/172/172
f 177/177/177 172/172/172 145/145/145
f 172/172/172 177/177/177 176/176/176
f 145/145/145 140/140/140 177/177/177
f 173/173/173 178/178/178 169/169/169
f 168/168/168 169/169/169 178/178/178
f 179/179/179 173/173/173 174/174/174
f 174/174/174 180/180/180 179/179/179
f 180/180/180 174/174/174 175/175/175
f 181/181/181 175/175/175 176/176/176
f 175/175/175 181/181/181 180/180/180
f 182/182/182 176/176/176 177/177/177
f 176/176/176 182/182/182 181/181/181
f 140/140/140 182/182/182 177/177/177
f 182/182/182 140/140/140 183/183/183
f 183/183/183 184/184/184 182/182/182
f 184/184/184 181/181/181 182/182/182
f 181/181/181 184/184/184 185/185/185
f 185/185/185 180/180/180 181/181/181
f 186/186/186 179/179/179 180/180/180
f 180/180/180 185/185/185 186/186/186
f 179/179/179 186/186/186 187/187/187
f 173/173/173 179/179/179 188/188/188
f 187/187/187 188/188/188 179/179/179
f 188/188/188 187/187/187 189/189/189
f 189/189/189 190/190/190 188/188/188
f 190/190/190 189/189/189 191/191/191
f 188/188/188 192/192/192 173/173/173
f 192/192/192 188/188/188 190/190/190
f 178/178/178 173/173/173 192/192/192
f 193/193/193 195/195/195 194/194/194
f 194/194/194 196/196/196 191/191/191
f 196/196/196 194/194/194 195/195/195
f 197/197/197 191/191/191 196/196/196
f 191/191/191 197/197/197 190/190/190
f 198/198/198 190/190/190 197/197/197
f 190/190/190 198/198/198 192/192/192
f 192/192/192 198/198/198 178/178/178
f 199/199/199 186/186/186 185/185/185
f 186/186/186 199/199/199 200/200/200
f 200/200/200 187/187/187 186/186/186
f 187/187/187 200/200/200 201/201/201
f 201/201/201 189/189/189 187/187/187
f 189/189/189 201/201/201 202/202/202
f 202/202/202 191/191/191 189/189/189
f 191/191/191 202/202/202 194/194/194
f 203/203/203 194/194/194 202/202/202
f 194/194/194 203/203/203 193/193/193
f 204/204/204 201/201/201 200/200/200
f 205/205/205 193/193/193 203/203/203
f 203/203/203 206/206/206 205/205/205
f 202/202/202 207/207/207 203/203/203
f 207/207/207 202/202/202 201/201/201
f 201/201/201 204/204/204 207/207/207
f 206/206/206 203/203/203 207/207/207
f 208/208/208 207/207/207 204/204/204
f 207/207/207 208/208/208 206/206/206
f 204/204/204 209/209/209 208/208/208
f 209/209/209 204/204/204 210/210/210
f 200/200/200 210/210/210 204/204/204
f 210/210/210 200/200/200 199/199/199
f 193/193/193 205/205/205 211/211/211
f 212/212/212 211/211/211 205/205/205
f 205/205/205 213/213/213 212/212/212
f 213/213/213 205/205/205 206/206/206
f 214/214/214 206/206/206 208/208/208
f 206/206/206 214/214/214 213/213/213
f 215/215/215 208/208/208 209/209/209
f 208/208/208 215/215/215 214/214/214
f 216/216/216 215/215/215 209/209/209
f 210/210/210 216/216/216 209/209/209
f 215/215/215 216/216/216 217/217/217
f 218/218/218 220/220/220 219/219/219
f 220/220/220 218/218/218 216/216/216
f 216/216/216 210/210/210 220/220/220
f 221/221/221 216/216/216 218/218/218
f 216/216/216 221/221/221 217/217/217
f 222/222/222 217/217/217 221/221/221
f 217/217/217 222/222/222 223/223/223
f 217/217/217 224/224/224 215/215/215
f 224/224/224 217/217/217 223/223/223
f 225/225/225 215/215/215 224/224/224
f 215/215/215 225/225/225 214/214/214
f 220/220/220 226/226/226 219/219/219
f 227/227/227 219/219/219 226/226/226
f 226/226/226 228/228/228 227/227/227
f 219/219/219 227/227/227 229/229/229
f 230/230/230 219/219/219 229/229/229
f 219/219/219 230/230/230 218/218/218
f 231/231/231 218/218/218 230/230/230
f 218/218/218 231/231/231 221/221/221
f 221/221/221 232/232/232 222/222/222
f 232/232/232 221/221/221 231/231/231
f 231/231/231 233/233/233 232/232/232
f 230/230/230 234/234/234 231/231/231
f 233/233/233 231/231/231 234/234/234
f 234/234/234 235/235/235 233/233/233
f 234/234/234 230/230/230 236/236/236
f 229/229/229 236/236/236 230/230/230
f 236/236/236 237/237/237 234/234/234
f 235/235/235 234/234/234 237/237/237
f 237/237/237 238/238/238 235/235/235
f 239/239/239 241/241/241 240/240/240
f 241/241/241 239/239/239 242/242/242
f 238/238/238 242/242/242 239/239/239
f 242/242/242 238/238/238 243/243/243
f 238/238/238 237/237/237 243/243/243
f 244/244/244 243/243/243 237/237/237
f 237/237/237 236/236/236 244/244/244
f 236/236/236 229/229/229 245/245/245
f 245/245/245 244/244/244 236/236/236
f 229/229/229 246/246/246 245/245/245
f 246/246/246 229/229/229 227/227/227
f 244/244/244 245/245/245 247/247/247
f 245/245/245 248/248/248 247/247/247
f 248/248/248 245/245/245 246/246/246
f 249/249/249 247/247/247 248/248/248
f 250/250/250 244/244/244 247/247/247
f 247/247/247 249/249/249 250/250/250
f 244/244/244 250/250/250 251/251/251
f 243/243/243 244/244/244 251/251/251
f 251/251/251 242/242/242 243/243/243
f 252/252/252 250/250/250 249/249/249
f 101/101/101 252/252/252 253/253/253
f 249/249/249 253/253/253 252/252/252
f 252/252/252 101/101/101 99/99/99
f 248/248/248 254/254/254 249/249/249
f 253/253/253 249/249/249 254/254/254
f 246/246/246 255/255/255 248/248/248
f 254/254/254 248/248/248 255/255/255
f 255/255/255 246/246/246 256/256/256
f 228/228/228 133/133/133 256/256/256
f 227/227/227 256/256/256 246/246/246
f 256/256/256 227/227/227 228/228/228
f 101/101/101 257/257/257 109/109/109
f 257/257/257 101/101/101 253/253/253
f 130/130/130 124/124/124 257/257/257
f 124/124/124 109/109/109 257/257/257
f 258/258/258 257/257/257 253/253/253
f 257/257/257 258/258/258 130/130/130
f 254/254/254 258/258/258 253/253/253
f 131/131/131 130/130/130 258/258/258
f 255/255/255 259/259/259 254/254/254
f 258/258/258 254/254/254 259/259/259
f 258/258/258 260/260/260 131/131/131
f 259/259/259 255/255/255 260/260/260
f 260/260/260 256/256/256 133/133/133
f 260/260/260 258/258/258 259/259/259
f 256/256/256 260/260/260 255/255/255
f 133/133/133 131/131/131 260/260/260
f 261/261/261 132/132/132 133/133/133
f 133/133/133 228/228/228 261/261/261
f 262/262/262 134/134/134 132/132/132
f 132/132/132 261/261/261 262/262/262
f 135/135/135 134/134/134 263/263/263
f 134/134/134 262/262/262 263/263/263
f 226/226/226 220/220/220 264/264/264
f 264/264/264 210/210/210 199/199/199
f 210/210/210 264/264/264 220/220/220
f 228/228/228 226/226/226 265/265/265
f 265/265/265 261/261/261 228/228/228
f 264/264/264 265/265/265 226/226/226
f 261/261/261 265/265/265 266/266/266
f 266/266/266 262/262/262 261/261/261
f 267/267/267 263/263/263 262/262/262
f 140/140/140 267/267/267 183/183/183
f 262/262/262 266/266/266 267/267/267
f 135/135/135 268/268/268 138/138/138
f 263/263/263 267/267/267 268/268/268
f 268/268/268 135/135/135 263/263/263
f 267/267/267 140/140/140 268/268/268
f 140/140/140 138/138/138 268/268/268
f 269/269/269 199/199/199 185/185/185
f 199/199/199 269/269/269 264/264/264
f 184/184/184 269/269/269 185/185/185
f 265/265/265 264/264/264 269/269/269
f 269/269/269 184/184/184 270/270/270
f 270/270/270 265/265/265 269/269/269
f 267/267/267 270/270/270 183/183/183
f 270/270/270 267/267/267 266/266/266
f 265/265/265 270/270/270 266/266/266
f 184/184/184 183/183/183 270/270/270
f 271/271/271 273/273/273 272/272/272
f 274/274/274 276/276/276 275/275/275
f 275/275/275 277/277/277 274/274/274
f 274/274/274 277/277/277 278/278/278
f 277/277/277 279/279/279 278/278/278
f 271/271/271 278/278/278 279/279/279
f 279/279/279 280/280/280 271/271/271
f 273/273/273 271/271/271 280/280/280
f 281/281/281 273/273/273 280/280/280
f 273/273/273 281/281/281 282/282/282
f 281/281/281 283/283/283 282/282/282
f 277/277/277 275/275/275 284/284/284
f 277/277/277 284/284/284 285/285/285
f 277/277/277 285/285/285 286/286/286
f 287/287/287 277/277/277 286/286/286
f 277/277/277 287/287/287 288/288/288
f 288/288/288 289/289/289 277/277/277
f 289/289/289 290/290/290 277/277/277
f 291/291/291 289/289/289 288/288/288
f 292/292/292 288/288/288 287/287/287
f 288/288/288 292/292/292 291/291/291
f 287/287/287 293/293/293 292/292/292
f 293/293/293 287/287/287 286/286/286
f 294/294/294 286/286/286 285/285/285
f 286/286/286 294/294/294 293/293/293
f 295/295/295 285/285/285 284/284/284
f 275/275/275 295/295/295 284/284/284
f 285/285/285 295/295/295 294/294/294
f 295/295/295 275/275/275 276/276/276
f 296/296/296 291/291/291 292/292/292
f 291/291/291 296/296/296 297/297/297
f 298/298/298 292/292/292 293/293/293
f 292/292/292 298/298/298 296/296/296
f 293/293/293 299/299/299 298/298/298
f 299/299/299 293/293/293 294/294/294
f 294/294/294 300/300/300 299/299/299
f 300/300/300 294/294/294 295/295/295
f 276/276/276 300/300/300 295/295/295
f 272/272/272 301/301/301 271/271/271
f 278/278/278 271/271/271 301/301/301
f 301/301/301 272/272/272 302/302/302
f 276/276/276 274/274/274 303/303/303
f 278/278/278 303/303/303 274/274/274
f 303/303/303 278/278/278 301/301/301
f 302/302/302 303/303/303 301/301/301
f 303/303/303 304/304/304 276/276/276
f 300/300/300 276/276/276 304/304/304
f 303/303/303 302/302/302 305/305/305
f 304/304/304 303/303/303 305/305/305
f 10/10/10 12/12/12 306/306/198
f 15/15/15 306/306/198 12/12/12
f 307/307/306 309/309/308 308/308/307
f 211/211/211 212/212/212 309/309/308
f 309/309/308 307/307/306 211/211/211
f 310/310/309 308/308/307 309/309/308
f 309/309/308 311/311/310 310/310/309
f 213/213/213 311/311/310 212/212/212
f 311/311/310 309/309/308 212/212/212
f 311/311/310 213/213/213 312/312/311
f 214/214/214 312/312/311 213/213/213
f 312/312/311 214/214/214 225/225/225
f 313/313/312 211/211/211 307/307/306
f 195/195/195 193/193/193 313/313/312
f 211/211/211 313/313/312 193/193/193
f 314/314/313 316/316/315 315/315/314
f 316/316/315 317/317/316 315/315/314
f 317/317/316 316/316/315 318/318/317
f 316/316/315 319/319/318 318/318/317
f 320/320/319 318/318/317 319/319/318
f 277/277/277 320/320/319 319/319/318
f 321/321/320 317/317/316 318/318/317
f 318/318/317 320/320/319 321/321/320
f 317/317/316 321/321/320 322/322/321
f 283/283/283 281/281/281 323/323/322
f 323/323/322 324/324/323 283/283/283
f 324/324/323 323/323/322 325/325/324
f 325/325/324 326/326/325 324/324/323
f 326/326/325 325/325/324 327/327/326
f 327/327/326 314/314/313 326/326/325
f 316/316/315 314/314/313 328/328/327
f 314/314/313 327/327/326 328/328/327
f 328/328/327 329/329/328 316/316/315
f 329/329/328 277/277/277 319/319/318
f 319/319/318 316/316/315 329/329/328
f 330/330/329 327/327/326 325/325/324
f 330/330/329 277/277/277 331/331/330
f 331/331/330 328/328/327 327/327/326
f 327/327/326 330/330/329 331/331/330
f 328/328/327 331/331/330 332/332/331
f 277/277/277 332/332/331 331/331/330
f 332/332/331 277/277/277 329/329/328
f 329/329/328 328/328/327 332/332/331
f 277/277/277 330/330/329 333/333/332
f 333/333/332 325/325/324 323/323/322
f 325/325/324 333/333/332 330/330/329
f 277/277/277 334/334/333 320/320/319
f 334/334/333 321/321/320 320/320/319
f 277/277/277 290/290/290 334/334/333
f 321/321/320 334/334/333 335/335/334
f 335/335/334 322/322/321 321/321/320
f 290/290/290 335/335/334 334/334/333
f 335/335/334 290/290/290 336/336/335
f 289/289/289 336/336/335 290/290/290
f 289/289/289 291/291/291 337/337/336
f 336/336/335 289/289/289 337/337/336
f 297/297/297 337/337/336 291/291/291
f 336/336/335 338/338/337 335/335/334
f 322/322/321 335/335/334 338/338/337
f 338/338/337 336/336/335 339/339/338
f 337/337/336 339/339/338 336/336/335
f 337/337/336 297/297/297 340/340/339
f 339/339/338 337/337/336 340/340/339
f 341/341/340 240/240/240 241/241/241
f 58/58/58 57/57/57 342/342/341
f 57/57/57 341/341/340 342/342/341
f 241/241/241 342/342/341 341/341/340
f 341/341/340 57/57/57 343/343/342
f 64/64/64 343/343/342 57/57/57
f 64/64/64 73/73/73 344/344/343
f 73/73/73 78/78/78 344/344/343
f 343/343/342 64/64/64 344/344/343
f 345/345/344 344/344/343 78/78/78
f 344/344/343 345/345/344 343/343/342
f 240/240/240 341/341/340 346/346/345
f 343/343/342 346/346/345 341/341/340
f 346/346/345 343/343/342 345/345/344
f 347/347/346 99/99/99 100/100/100
f 347/347/346 251/251/251 250/250/250
f 250/250/250 252/252/252 347/347/346
f 99/99/99 347/347/346 252/252/252
f 251/251/251 347/347/346 348/348/347
f 242/242/242 251/251/251 348/348/347
f 100/100/100 348/348/347 347/347/346
f 349/349/348 242/242/242 348/348/347
f 58/58/58 349/349/348 100/100/100
f 342/342/341 241/241/241 349/349/348
f 242/242/242 349/349/348 241/241/241
f 349/349/348 58/58/58 342/342/341
f 348/348/347 100/100/100 349/349/348
f 350/350/349 352/352/351 351/351/350
f 352/352/351 353/353/352 351/351/350
f 353/353/352 352/352/351 354/354/353
f 352/352/351 355/355/354 354/354/353
f 352/352/351 356/356/355 355/355/354
f 356/356/355 352/352/351 357/357/356
f 357/357/356 352/352/351 358/358/357
f 352/352/351 359/359/358 358/358/357
f 360/360/25 359/359/358 352/352/351
f 360/360/25 352/352/351 361/361/359
f 352/352/351 362/362/360 361/361/359
f 362/362/360 352/352/351 363/363/361
f 363/363/361 352/352/351 364/364/8
f 364/364/8 352/352/351 365/365/362
f 365/365/362 352/352/351 366/366/363
f 352/352/351 367/367/364 366/366/363
f 352/352/351 368/368/157 367/367/364
f 352/352/351 369/369/365 368/368/157
f 369/369/365 352/352/351 370/370/158
f 352/352/351 371/371/366 370/370/158
f 372/372/367 352/352/351 350/350/349
f 371/371/366 352/352/351 372/372/367
f 323/323/322 373/373/368 333/333/332
f 373/373/368 323/323/322 281/281/281
f 277/277/277 333/333/332 373/373/368
f 281/281/281 374/374/369 373/373/368
f 277/277/277 373/373/368 374/374/369
f 280/280/280 279/279/279 374/374/369
f 374/374/369 281/281/281 280/280/280
f 277/277/277 374/374/369 279/279/279
usemtl DPROP_GEN_SentinelLeg_MATINST.011
f 375/375/370 377/377/372 376/376/371
f 377/377/372 378/378/373 376/376/371
f 379/379/374 377/377/372 380/380/375
f 378/378/373 377/377/372 381/381/376
f 381/381/376 377/377/372 379/379/374
f 382/382/377 378/378/373 381/381/376
f 379/379/374 382/382/377 381/381/376
f 378/378/373 382/382/377 383/383/378
f 384/384/379 378/378/373 383/383/378
f 378/378/373 384/384/379 376/376/371
f 385/385/380 376/376/371 384/384/379
f 376/376/371 385/385/380 375/375/370
f 385/385/380 386/386/381 375/375/370
f 386/386/381 377/377/372 375/375/370
f 382/382/377 379/379/374 387/387/382
f 379/379/374 388/388/383 387/387/382
f 388/388/383 379/379/374 380/380/375
f 386/386/381 390/390/385 389/389/384
f 389/389/384 377/377/372 386/386/381
f 391/391/386 389/389/384 390/390/385
f 386/386/381 385/385/380 392/392/387
f 390/390/385 386/386/381 392/392/387
f 389/389/384 391/391/386 393/393/388
f 377/377/372 389/389/384 393/393/388
f 394/394/389 393/393/388 391/391/386
f 393/393/388 394/394/389 395/395/390
f 395/395/390 377/377/372 393/393/388
f 394/394/389 396/396/391 395/395/390
f 396/396/391 377/377/372 395/395/390
f 396/396/391 394/394/389 397/397/392
f 380/380/375 377/377/372 398/398/393
f 398/398/393 388/388/383 380/380/375
f 399/399/394 377/377/372 396/396/391
f 397/397/392 399/399/394 396/396/391
f 398/398/393 377/377/372 399/399/394
f 399/399/394 397/397/392 400/400/395
f 401/401/396 399/399/394 400/400/395
f 399/399/394 401/401/396 398/398/393
f 388/388/383 398/398/393 401/401/396
f 402/402/397 404/404/399 403/403/398
f 404/404/399 402/402/397 405/405/400
f 406/406/401 405/405/400 402/402/397
f 407/407/402 404/404/399 405/405/400
f 404/404/399 407/407/402 408/408/403
f 407/407/402 409/409/404 408/408/403
f 409/409/404 407/407/402 410/410/405
f 411/411/406 409/409/404 410/410/405
f 410/410/405 412/412/407 411/411/406
f 413/413/408 411/411/406 412/412/407
f 412/412/407 414/414/409 413/413/408
f 409/409/404 411/411/406 415/415/410
f 411/411/406 416/416/411 415/415/410
f 411/411/406 413/413/408 417/417/412
f 416/416/411 411/411/406 417/417/412
f 405/405/400 406/406/401 418/418/413
f 406/406/401 419/419/414 418/418/413
f 420/420/415 405/405/400 418/418/413
f 405/405/400 420/420/415 407/407/402
f 419/419/414 420/420/415 418/418/413
f 412/412/407 410/410/405 421/421/416
f 421/421/416 407/407/402 420/420/415
f 407/407/402 421/421/416 410/410/405
f 421/421/416 422/422/417 412/412/407
f 414/414/409 412/412/407 422/422/417
f 422/422/417 421/421/416 423/423/418
f 420/420/415 423/423/418 421/421/416
f 423/423/418 424/424/419 422/422/417
f 423/423/418 420/420/415 425/425/420
f 420/420/415 419/419/414 425/425/420
f 425/425/420 427/427/422 426/426/421
f 427/427/422 425/425/420 419/419/414
f 428/428/423 425/425/420 426/426/421
f 425/425/420 428/428/423 423/423/418
f 424/424/419 423/423/418 428/428/423
f 427/427/422 429/429/424 426/426/421
f 429/429/424 428/428/423 426/426/421
f 429/429/424 427/427/422 430/430/425
f 431/431/426 424/424/419 428/428/423
f 428/428/423 429/429/424 431/431/426
f 430/430/425 432/432/427 429/429/424
f 432/432/427 431/431/426 429/429/424
f 432/432/427 430/430/425 433/433/428
f 434/434/429 432/432/427 433/433/428
f 432/432/427 434/434/429 435/435/430
f 424/424/419 431/431/426 436/436/431
f 437/437/432 422/422/417 424/424/419
f 422/422/417 437/437/432 414/414/409
f 438/438/433 424/424/419 436/436/431
f 424/424/419 438/438/433 437/437/432
f 431/431/426 439/439/434 436/436/431
f 439/439/434 438/438/433 436/436/431
f 439/439/434 431/431/426 440/440/435
f 431/431/426 432/432/427 440/440/435
f 441/441/436 432/432/427 435/435/430
f 432/432/427 441/441/436 440/440/435
f 438/438/433 439/439/434 442/442/437
f 439/439/434 443/443/438 442/442/437
f 444/444/439 441/441/436 435/435/430
f 441/441/436 444/444/439 445/445/440
f 434/434/429 444/444/439 435/435/430
f 446/446/441 441/441/436 445/445/440
f 443/443/438 446/446/441 447/447/442
f 446/446/441 448/448/443 447/447/442
f 441/441/436 446/446/441 449/449/444
f 449/449/444 440/440/435 441/441/436
f 446/446/441 443/443/438 449/449/444
f 440/440/435 449/449/444 439/439/434
f 443/443/438 439/439/434 449/449/444
f 444/444/439 450/450/445 445/445/440
f 450/450/445 446/446/441 445/445/440
f 451/451/446 444/444/439 452/452/447
f 444/444/439 434/434/429 452/452/447
f 453/453/448 451/451/446 452/452/447
f 434/434/429 453/453/448 452/452/447
f 451/451/446 453/453/448 454/454/449
f 455/455/450 451/451/446 454/454/449
f 451/451/446 455/455/450 456/456/451
f 457/457/452 456/456/451 455/455/450
f 450/450/445 444/444/439 458/458/453
f 444/444/439 451/451/446 458/458/453
f 459/459/454 451/451/446 456/456/451
f 459/459/454 450/450/445 458/458/453
f 451/451/446 459/459/454 458/458/453
f 460/460/455 459/459/454 456/456/451
f 456/456/451 457/457/452 460/460/455
f 459/459/454 460/460/455 461/461/456
f 460/460/455 462/462/457 461/461/456
f 463/463/458 461/461/456 462/462/457
f 464/464/459 459/459/454 461/461/456
f 461/461/456 463/463/458 464/464/459
f 463/463/458 465/465/460 464/464/459
f 462/462/457 460/460/455 466/466/461
f 465/465/460 463/463/458 467/467/462
f 450/450/445 459/459/454 468/468/463
f 465/465/460 468/468/463 464/464/459
f 459/459/454 464/464/459 468/468/463
f 468/468/463 465/465/460 469/469/464
f 469/469/464 450/450/445 468/468/463
f 446/446/441 450/450/445 470/470/465
f 448/448/443 446/446/441 470/470/465
f 450/450/445 469/469/464 470/470/465
f 463/463/458 471/471/466 467/467/462
f 472/472/467 467/467/462 471/471/466
f 473/473/468 465/465/460 467/467/462
f 467/467/462 472/472/467 473/473/468
f 465/465/460 473/473/468 474/474/469
f 474/474/469 469/469/464 465/465/460
f 475/475/470 470/470/465 469/469/464
f 469/469/464 474/474/469 475/475/470
f 470/470/465 475/475/470 448/448/443
f 476/476/471 478/478/473 477/477/472
f 479/479/474 478/478/473 476/476/471
f 480/480/475 482/482/477 481/481/476
f 480/480/475 478/478/473 483/483/478
f 482/482/477 480/480/475 483/483/478
f 484/484/479 478/478/473 479/479/474
f 483/483/478 478/478/473 484/484/479
f 476/476/471 485/485/480 479/479/474
f 485/485/480 484/484/479 479/479/474
f 485/485/480 476/476/471 486/486/481
f 487/487/482 476/476/471 477/477/472
f 476/476/471 487/487/482 486/486/481
f 488/488/483 480/480/475 481/481/476
f 484/484/479 485/485/480 489/489/484
f 489/489/484 483/483/478 484/484/479
f 483/483/478 489/489/484 482/482/477
f 490/490/485 478/478/473 491/491/486
f 492/492/487 490/490/485 491/491/486
f 491/491/486 478/478/473 493/493/488
f 493/493/488 492/492/487 491/491/486
f 493/493/488 488/488/483 494/494/489
f 492/492/487 493/493/488 494/494/489
f 495/495/490 478/478/473 480/480/475
f 488/488/483 493/493/488 495/495/490
f 480/480/475 488/488/483 495/495/490
f 493/493/488 478/478/473 495/495/490
f 496/496/491 478/478/473 497/497/492
f 498/498/493 478/478/473 496/496/491
f 477/477/472 478/478/473 499/499/494
f 499/499/494 487/487/482 477/477/472
f 500/500/495 478/478/473 498/498/493
f 499/499/494 478/478/473 500/500/495
f 498/498/493 501/501/496 500/500/495
f 501/501/496 499/499/494 500/500/495
f 501/501/496 498/498/493 502/502/497
f 498/498/493 503/503/498 502/502/497
f 503/503/498 498/498/493 496/496/491
f 496/496/491 504/504/499 503/503/498
f 504/504/499 496/496/491 497/497/492
f 499/499/494 501/501/496 505/505/500
f 487/487/482 499/499/494 505/505/500
f 504/504/499 507/507/502 506/506/501
f 507/507/502 504/504/499 497/497/492
f 497/497/492 478/478/473 507/507/502
f 507/507/502 508/508/503 506/506/501
f 508/508/503 507/507/502 509/509/504
f 507/507/502 478/478/473 509/509/504
f 510/510/505 508/508/503 509/509/504
f 509/509/504 478/478/473 510/510/505
f 508/508/503 510/510/505 511/511/506
f 510/510/505 512/512/507 511/511/506
f 510/510/505 478/478/473 513/513/508
f 512/512/507 510/510/505 513/513/508
f 513/513/508 478/478/473 514/514/509
f 514/514/509 512/512/507 513/513/508
f 512/512/507 514/514/509 515/515/510
f 514/514/509 516/516/511 515/515/510
f 514/514/509 478/478/473 517/517/148
f 516/516/511 514/514/509 517/517/148
f 518/518/512 516/516/511 517/517/148
f 517/517/148 478/478/473 518/518/512
f 516/516/511 518/518/512 519/519/513
f 518/518/512 520/520/514 519/519/513
f 520/520/514 518/518/512 521/521/515
f 518/518/512 478/478/473 521/521/515
f 521/521/515 478/478/473 522/522/516
f 522/522/516 520/520/514 521/521/515
f 522/522/516 478/478/473 490/490/485
f 520/520/514 522/522/516 523/523/517
f 490/490/485 492/492/487 524/524/518
f 524/524/518 522/522/516 490/490/485
f 522/522/516 524/524/518 523/523/517
f 525/525/519 527/527/521 526/526/520
f 528/528/522 530/530/524 529/529/523
f 530/530/524 531/531/525 529/529/523
f 532/532/526 525/525/519 531/531/525
f 531/531/525 530/530/524 532/532/526
f 525/525/519 532/532/526 533/533/527
f 527/527/521 525/525/519 533/533/527
f 530/530/524 534/534/528 532/532/526
f 533/533/527 534/534/528 527/527/521
f 534/534/528 533/533/527 532/532/526
f 534/534/528 530/530/524 535/535/529
f 530/530/524 528/528/522 535/535/529
f 534/534/528 537/537/531 536/536/530
f 538/538/532 534/534/528 536/536/530
f 539/539/533 534/534/528 538/538/532
f 540/540/534 534/534/528 539/539/533
f 541/541/535 526/526/520 527/527/521
f 527/527/521 534/534/528 541/541/535
f 541/541/535 534/534/528 540/540/534
f 540/540/534 542/542/536 541/541/535
f 526/526/520 541/541/535 542/542/536
f 542/542/536 540/540/534 543/543/537
f 540/540/534 544/544/538 543/543/537
f 544/544/538 540/540/534 539/539/533
f 539/539/533 545/545/539 544/544/538
f 545/545/539 539/539/533 538/538/532
f 546/546/540 538/538/532 536/536/530
f 538/538/532 546/546/540 545/545/539
f 547/547/541 536/536/530 537/537/531
f 536/536/530 547/547/541 546/546/540
f 537/537/531 534/534/528 548/548/542
f 548/548/542 547/547/541 537/537/531
f 549/549/543 534/534/528 535/535/529
f 548/548/542 534/534/528 549/549/543
f 550/550/544 535/535/529 528/528/522
f 535/535/529 550/550/544 549/549/543
f 549/549/543 551/551/545 548/548/542
f 551/551/545 549/549/543 550/550/544
f 547/547/541 548/548/542 551/551/545
f 552/552/546 554/554/548 553/553/547
f 554/554/548 552/552/546 555/555/549
f 555/555/549 556/556/550 554/554/548
f 556/556/550 555/555/549 557/557/551
f 558/558/552 553/553/547 554/554/548
f 554/554/548 559/559/553 558/558/552
f 559/559/553 554/554/548 556/556/550
f 556/556/550 560/560/554 559/559/553
f 560/560/554 556/556/550 561/561/555
f 557/557/551 561/561/555 556/556/550
f 561/561/555 557/557/551 562/562/556
f 555/555/549 563/563/557 557/557/551
f 563/563/557 562/562/556 557/557/551
f 563/563/557 555/555/549 564/564/558
f 565/565/559 555/555/549 552/552/546
f 555/555/549 565/565/559 564/564/558
f 552/552/546 566/566/560 565/565/559
f 566/566/560 552/552/546 567/567/561
f 553/553/547 558/558/552 568/568/562
f 568/568/562 552/552/546 553/553/547
f 552/552/546 568/568/562 567/567/561
f 569/569/563 565/565/559 566/566/560
f 570/570/564 572/572/566 571/571/565
f 571/571/565 573/573/567 570/570/564
f 573/573/567 574/574/568 570/570/564
f 574/574/568 573/573/567 575/575/569
f 575/575/569 576/576/570 574/574/568
f 575/575/569 569/569/563 577/577/571
f 576/576/570 575/575/569 577/577/571
f 565/565/559 569/569/563 578/578/572
f 569/569/563 575/575/569 578/578/572
f 573/573/567 578/578/572 575/575/569
f 579/579/573 565/565/559 578/578/572
f 565/565/559 579/579/573 564/564/558
f 578/578/572 573/573/567 579/579/573
f 580/580/574 564/564/558 579/579/573
f 573/573/567 580/580/574 579/579/573
f 564/564/558 580/580/574 563/563/557
f 573/573/567 571/571/565 581/581/575
f 580/580/574 573/573/567 581/581/575
f 582/582/576 584/584/578 583/583/577
f 584/584/578 582/582/576 585/585/579
f 571/571/565 585/585/579 582/582/576
f 585/585/579 571/571/565 572/572/566
f 583/583/577 586/586/580 582/582/576
f 571/571/565 586/586/580 581/581/575
f 586/586/580 571/571/565 582/582/576
f 587/587/581 581/581/575 586/586/580
f 581/581/575 587/587/581 580/580/574
f 580/580/574 588/588/582 563/563/557
f 562/562/556 563/563/557 588/588/582
f 588/588/582 580/580/574 587/587/581
f 587/587/581 589/589/583 588/588/582
f 590/590/584 561/561/555 562/562/556
f 590/590/584 588/588/582 589/589/583
f 588/588/582 590/590/584 562/562/556
f 586/586/580 591/591/585 587/587/581
f 589/589/583 587/587/581 591/591/585
f 592/592/586 560/560/554 561/561/555
f 561/561/555 590/590/584 592/592/586
f 560/560/554 592/592/586 593/593/587
f 592/592/586 594/594/588 593/593/587
f 594/594/588 592/592/586 590/590/584
f 590/590/584 595/595/589 594/594/588
f 595/595/589 590/590/584 589/589/583
f 589/589/583 596/596/590 595/595/589
f 596/596/590 589/589/583 591/591/585
f 591/591/585 586/586/580 597/597/591
f 586/586/580 583/583/577 597/597/591
f 597/597/591 596/596/590 591/591/585
f 584/584/578 599/599/593 598/598/592
f 600/600/594 584/584/578 598/598/592
f 600/600/594 597/597/591 583/583/577
f 584/584/578 600/600/594 583/583/577
f 596/596/590 597/597/591 601/601/595
f 597/597/591 600/600/594 601/601/595
f 572/572/566 603/603/597 602/602/596
f 603/603/597 604/604/598 602/602/596
f 605/605/599 602/602/596 604/604/598
f 602/602/596 605/605/599 606/606/600
f 599/599/593 606/606/600 605/605/599
f 606/606/600 572/572/566 602/602/596
f 572/572/566 606/606/600 585/585/579
f 606/606/600 584/584/578 585/585/579
f 584/584/578 606/606/600 607/607/601
f 599/599/593 584/584/578 607/607/601
f 606/606/600 599/599/593 607/607/601
f 572/572/566 570/570/564 608/608/602
f 574/574/568 608/608/602 570/570/564
f 603/603/597 572/572/566 608/608/602
f 608/608/602 574/574/568 609/609/603
f 576/576/570 609/609/603 574/574/568
f 609/609/603 603/603/597 608/608/602
f 603/603/597 609/609/603 610/610/604
f 609/609/603 576/576/570 611/611/605
f 609/609/603 612/612/606 610/610/604
f 612/612/606 609/609/603 611/611/605
f 613/613/607 610/610/604 612/612/606
f 610/610/604 613/613/607 603/603/597
f 604/604/598 603/603/597 613/613/607
f 614/614/608 616/616/610 615/615/609
f 616/616/610 617/617/611 615/615/609
f 617/617/611 616/616/610 618/618/612
f 618/618/612 619/619/613 617/617/611
f 620/620/614 622/622/616 621/621/615
f 622/622/616 620/620/614 623/623/617
f 623/623/617 624/624/618 622/622/616
f 625/625/619 614/614/608 624/624/618
f 624/624/618 623/623/617 625/625/619
f 614/614/608 625/625/619 626/626/620
f 616/616/610 614/614/608 626/626/620
f 620/620/614 627/627/621 623/623/617
f 625/625/619 627/627/621 626/626/620
f 623/623/617 627/627/621 625/625/619
f 626/626/620 627/627/621 616/616/610
f 616/616/610 627/627/621 618/618/612
f 619/619/613 618/618/612 628/628/622
f 618/618/612 627/627/621 628/628/622
f 629/629/623 627/627/621 620/620/614
f 630/630/624 627/627/621 629/629/623
f 621/621/615 629/629/623 620/620/614
f 628/628/622 627/627/621 631/631/625
f 631/631/625 619/619/613 628/628/622
f 631/631/625 627/627/621 632/632/626
f 632/632/626 627/627/621 633/633/627
f 633/633/627 627/627/621 634/634/628
f 619/619/613 631/631/625 635/635/629
f 632/632/626 635/635/629 631/631/625
f 633/633/627 636/636/630 632/632/626
f 635/635/629 632/632/626 636/636/630
f 636/636/630 633/633/627 637/637/631
f 633/633/627 638/638/632 637/637/631
f 638/638/632 633/633/627 634/634/628
f 639/639/633 638/638/632 634/634/628
f 634/634/628 627/627/621 639/639/633
f 638/638/632 639/639/633 640/640/634
f 639/639/633 627/627/621 641/641/635
f 641/641/635 640/640/634 639/639/633
f 640/640/634 641/641/635 642/642/636
f 641/641/635 627/627/621 643/643/637
f 643/643/637 642/642/636 641/641/635
f 642/642/636 643/643/637 644/644/638
f 643/643/637 645/645/639 644/644/638
f 645/645/639 643/643/637 646/646/640
f 643/643/637 627/627/621 646/646/640
f 646/646/640 647/647/641 645/645/639
f 647/647/641 646/646/640 648/648/642
f 646/646/640 627/627/621 648/648/642
f 649/649/643 647/647/641 648/648/642
f 648/648/642 627/627/621 649/649/643
f 649/649/643 627/627/621 650/650/644
f 650/650/644 627/627/621 651/651/645
f 652/652/646 650/650/644 651/651/645
f 651/651/645 653/653/647 652/652/646
f 653/653/647 651/651/645 654/654/648
f 651/651/645 627/627/621 654/654/648
f 654/654/648 627/627/621 655/655/649
f 655/655/649 627/627/621 656/656/650
f 656/656/650 627/627/621 630/630/624
f 647/647/641 649/649/643 657/657/651
f 650/650/644 652/652/646 658/658/652
f 658/658/652 649/649/643 650/650/644
f 649/649/643 658/658/652 657/657/651
f 654/654/648 659/659/653 653/653/647
f 659/659/653 654/654/648 655/655/649
f 655/655/649 660/660/654 659/659/653
f 660/660/654 655/655/649 656/656/650
f 656/656/650 661/661/655 660/660/654
f 661/661/655 656/656/650 630/630/624
f 630/630/624 662/662/656 661/661/655
f 662/662/656 630/630/624 629/629/623
f 629/629/623 621/621/615 662/662/656
f 663/663/657 665/665/659 664/664/658
f 665/665/659 663/663/657 666/666/613
f 667/667/660 665/665/659 666/666/613
f 665/665/659 667/667/660 668/668/661
f 669/669/662 668/668/661 667/667/660
f 668/668/661 669/669/662 670/670/663
f 671/671/664 670/670/663 669/669/662
f 670/670/663 671/671/664 672/672/665
f 673/673/666 672/672/665 671/671/664
f 672/672/665 673/673/666 674/674/667
f 675/675/668 674/674/667 673/673/666
f 674/674/667 675/675/668 676/676/669
f 677/677/636 676/676/669 675/675/668
f 676/676/669 677/677/636 678/678/670
f 679/679/638 678/678/670 677/677/636
f 678/678/670 679/679/638 680/680/671
f 679/679/638 681/681/672 680/680/671
f 681/681/672 679/679/638 682/682/673
f 683/683/674 681/681/672 682/682/673
f 681/681/672 683/683/674 684/684/675
f 685/685/676 684/684/675 683/683/674
f 684/684/675 685/685/676 686/686/677
f 687/687/678 686/686/677 685/685/676
f 686/686/677 687/687/678 688/688/679
f 687/687/678 689/689/680 688/688/679
f 689/689/680 687/687/678 690/690/681
f 691/691/682 689/689/680 690/690/681
f 689/689/680 691/691/682 692/692/683
f 693/693/684 692/692/683 691/691/682
f 692/692/683 693/693/684 694/694/685
f 695/695/686 694/694/685 693/693/684
f 694/694/685 695/695/686 696/696/687
f 697/697/688 696/696/687 695/695/686
f 696/696/687 697/697/688 698/698/689
f 699/699/690 698/698/689 697/697/688
f 698/698/689 699/699/690 700/700/691
f 701/701/692 700/700/691 699/699/690
f 700/700/691 701/701/692 702/702/693
f 453/453/448 434/434/429 703/703/694
f 704/704/695 434/434/429 433/433/428
f 434/434/429 704/704/695 703/703/694
f 433/433/428 705/705/696 704/704/695
f 705/705/696 433/433/428 430/430/425
f 706/706/697 430/430/425 427/427/422
f 430/430/425 706/706/697 705/705/696
f 707/707/698 427/427/422 419/419/414
f 419/419/414 406/406/401 707/707/698
f 427/427/422 707/707/698 706/706/697
f 708/708/699 710/710/693 709/709/692
f 710/710/693 708/708/699 711/711/700
f 712/712/701 711/711/700 708/708/699
f 711/711/700 712/712/701 713/713/702
f 714/714/703 713/713/702 712/712/701
f 713/713/702 714/714/703 715/715/704
f 716/716/609 715/715/704 714/714/703
f 715/715/704 716/716/609 717/717/705
f 663/663/657 717/717/705 716/716/609
f 717/717/705 663/663/657 664/664/658
f 718/718/706 720/720/708 719/719/707
f 720/720/708 718/718/706 721/721/709
f 722/722/710 721/721/709 718/718/706
f 721/721/709 722/722/710 723/723/711
f 724/724/712 723/723/711 722/722/710
f 723/723/711 724/724/712 725/725/713
f 724/724/712 726/726/714 725/725/713
f 726/726/714 724/724/712 727/727/715
f 727/727/715 728/728/716 726/726/714
f 728/728/716 727/727/715 729/729/717
f 729/729/717 730/730/718 728/728/716
f 730/730/718 729/729/717 731/731/719
f 731/731/719 732/732/720 730/730/718
f 732/732/720 731/731/719 733/733/721
f 734/734/722 732/732/720 733/733/721
f 732/732/720 734/734/722 735/735/476
f 736/736/683 735/735/476 734/734/722
f 735/735/476 736/736/683 737/737/723
f 738/738/685 737/737/723 736/736/683
f 737/737/723 738/738/685 739/739/724
f 738/738/685 740/740/725 739/739/724
f 740/740/725 738/738/685 741/741/726
f 741/741/726 742/742/727 740/740/725
f 742/742/727 741/741/726 743/743/728
f 743/743/728 744/744/729 742/742/727
f 744/744/729 743/743/728 745/745/730
f 745/745/730 746/746/731 744/744/729
f 746/746/731 745/745/730 747/747/732
f 748/748/598 750/750/734 749/749/733
f 750/750/734 748/748/598 751/751/735
f 752/752/736 751/751/735 748/748/598
f 751/751/735 752/752/736 753/753/737
f 754/754/663 753/753/737 752/752/736
f 753/753/737 754/754/663 755/755/738
f 754/754/663 756/756/739 755/755/738
f 756/756/739 719/719/707 720/720/708
f 719/719/707 756/756/739 757/757/740
f 756/756/739 754/754/663 757/757/740
f 758/758/732 760/760/742 759/759/741
f 760/760/742 758/758/732 761/761/743
f 761/761/743 762/762/744 760/760/742
f 762/762/744 761/761/743 763/763/745
f 763/763/745 764/764/746 762/762/744
f 764/764/746 763/763/745 765/765/747
f 766/766/748 764/764/746 765/765/747
f 750/750/734 766/766/748 749/749/733
f 764/764/746 766/766/748 767/767/749
f 766/766/748 750/750/734 767/767/749
f 768/768/750 460/460/455 457/457/452
f 460/460/455 768/768/750 466/466/461
f 769/769/751 466/466/461 768/768/750
f 466/466/461 769/769/751 770/770/752
f 770/770/752 462/462/457 466/466/461
f 462/462/457 770/770/752 771/771/753
f 462/462/457 772/772/754 463/463/458
f 471/471/466 463/463/458 772/772/754
f 772/772/754 462/462/457 771/771/753
