# Blender 4.4.1
# www.blender.org
mtllib right hand.mtl
o AP_SentinelHand_SKEL.003
v 2.784258 -0.093500 2.974300
v 2.814932 -0.104164 2.978941
v 2.747377 -0.178542 2.945275
v 2.761684 -0.199497 2.946441
v 2.819960 -0.110715 3.032430
v 2.698366 -0.246351 2.890850
v 2.591317 -0.289074 2.785690
v 2.649238 -0.249557 2.899760
v 2.763161 -0.235595 3.007522
v 2.636925 -0.278163 3.141981
v 2.681772 -0.282654 2.909039
v 2.581910 -0.303794 2.727090
v 2.548372 -0.295172 2.788564
v 2.510302 -0.305338 2.657903
v 2.450662 -0.338171 2.544346
v 2.422461 -0.332527 2.555113
v 2.330875 -0.343575 2.412837
v 2.318034 -0.324722 2.415939
v 2.458581 -0.151866 2.304074
v 2.544785 -0.328608 3.025403
v 2.559217 -0.337783 2.752029
v 2.407838 -0.377982 2.539770
v 2.273299 -0.385677 2.388661
v 2.265397 -0.420673 2.727069
v 2.415129 -0.381904 2.877648
v 2.285011 -0.320467 2.992565
v 2.415173 -0.273474 3.131756
v 2.500095 -0.240598 3.226428
v 2.656437 -0.081486 3.310657
v 2.765558 -0.093573 3.248950
v 2.574246 -0.073445 3.339523
v 2.401376 -0.127682 3.277143
v 2.323952 -0.137553 3.202446
v 2.205597 -0.159725 3.087531
v 2.103059 -0.186704 2.981843
v 2.170114 -0.358712 2.874767
v 1.951424 -0.201742 2.835460
v 2.017227 -0.353694 2.736770
v 2.116230 -0.403855 2.593311
v 1.990334 -0.317370 2.679719
v 2.080465 -0.351054 2.541507
v 1.937130 -0.193754 2.758162
v 2.009024 -0.268361 2.627526
v 2.076707 -0.332302 2.486904
v 2.209561 -0.328098 2.365799
v 1.866269 -0.286409 2.501158
v 1.797381 -0.149447 2.587091
v 1.714772 -0.149439 2.519754
v 1.960949 -0.151314 2.737198
v 1.949948 -0.153601 2.751762
v 1.989265 -0.163150 2.824260
v 2.112680 -0.150467 2.952764
v 2.191779 -0.295087 2.335477
v 1.964197 -0.359736 2.371248
v 1.750764 -0.293509 2.407822
v 1.706303 -0.321587 2.409845
v 1.652352 -0.172468 2.541400
v 1.509657 -0.194976 2.452484
v 1.550354 -0.386078 2.268775
v 1.481642 -0.151402 2.349759
v 1.806404 -0.407718 2.234377
v 1.952310 -0.297179 2.091851
v 1.948384 -0.328385 2.042837
v 1.836319 -0.365345 2.261969
v 2.089367 -0.298994 2.218772
v 2.195638 -0.122195 2.115566
v 2.320955 -0.137598 2.251630
v 2.332476 0.078987 2.234023
v 1.959859 0.266566 2.052664
v 2.090235 0.249959 2.213822
v 2.026705 0.101197 1.966328
v 2.192217 0.089779 2.111665
v 2.029548 -0.093871 1.978786
v 2.218265 0.244303 2.333848
v 2.232879 0.265759 2.325020
v 2.017442 -0.182525 1.953635
v 2.042549 -0.032521 1.909073
v 2.026022 0.127079 1.911901
v 1.943143 0.299274 2.004000
v 1.838804 0.377931 2.184221
v 2.011530 -0.040929 1.879124
v 1.992209 0.168907 1.861442
v 1.842186 0.299642 1.863594
v 1.879930 0.143902 1.702808
v 1.751980 0.233717 1.653021
v 1.748421 0.106630 1.500698
v 1.664593 0.180973 1.459149
v 1.704960 0.061060 1.387135
v 2.037503 0.106228 1.799808
v 1.866357 0.049171 1.494824
v 1.776505 -0.092585 1.500371
v 1.962452 0.078577 1.655667
v 2.046595 -0.048155 1.816746
v 1.985299 -0.181613 1.921888
v 1.728462 -0.419088 2.153023
v 1.923731 -0.344654 2.027271
v 1.975616 -0.337728 1.920272
v 2.019043 -0.223361 1.862534
v 1.966868 -0.072156 1.665474
v 1.867756 -0.097721 1.505397
v 1.577857 -0.485034 1.946363
v 1.732515 -0.435804 1.989343
v 1.819758 -0.369754 1.837169
v 1.888248 -0.362373 1.756534
v 1.934654 -0.259190 1.712537
v 1.529924 -0.503248 1.703237
v 1.192688 -0.605759 1.185600
v 1.450099 -0.469916 1.195209
v 1.333212 -0.583478 1.319035
v 1.536084 -0.451603 1.346887
v 1.426727 -0.544785 1.446680
v 1.622812 -0.431372 1.491357
v 1.706430 -0.406254 1.608173
v 1.800405 -0.388789 1.595279
v 1.838984 -0.274147 1.548652
v 1.768658 -0.260669 1.534730
v 1.692551 -0.280805 1.407076
v 1.615942 -0.303721 1.268515
v 1.524755 -0.307960 1.125367
v 1.325625 -0.461209 1.030710
v 1.379937 -0.285946 0.968442
v 1.557545 -0.141018 1.110281
v 1.412378 -0.127438 0.971196
v 1.243921 -0.099565 0.828420
v 1.213710 -0.225910 0.806551
v 1.181733 -0.409598 0.851153
v 1.180796 -0.483154 0.981150
v 1.139792 -0.564771 1.254621
v 1.127082 -0.441256 1.040958
v 1.142454 -0.364081 0.906224
v 1.159981 -0.231958 0.882456
v 1.189001 -0.103682 0.900269
v 1.262656 0.017595 0.890681
v 1.613588 0.153608 1.344249
v 1.644197 0.029029 1.276476
v 1.527261 0.134462 1.221120
v 1.557392 0.013236 1.148085
v 1.447972 0.132322 1.140068
v 1.439092 0.025639 1.024585
v 1.285455 0.106429 1.005877
v 1.211352 0.001950 0.962310
v 1.392240 0.223439 1.178668
v 1.319438 0.186607 1.096866
v 1.226696 0.073629 1.060738
v 1.504272 0.202955 1.294611
v 1.354021 0.211040 1.262780
v 1.260068 0.160333 1.150604
v 1.693889 0.387525 2.032962
v 1.695196 0.326500 1.727011
v 1.634111 0.250551 1.531425
v 1.569179 0.216755 1.392230
v 1.595858 0.309711 2.201390
v 1.630922 0.321349 2.032918
v 1.626477 0.285973 1.789302
v 1.576979 0.228139 1.617745
v 1.509379 0.201243 1.482016
v 1.450930 0.190146 1.376632
v 0.283628 -0.618492 0.800559
v 0.068354 -0.585204 0.900654
v 0.076688 -0.671844 0.800770
v 0.311354 -0.683103 0.688266
v 0.083441 -0.741859 0.688499
v 0.509955 -0.556797 0.687327
v -0.118074 -0.573662 0.900258
v -0.096325 -0.474484 0.985366
v -0.136609 -0.658638 0.800317
v -0.151472 -0.727317 0.688001
v -0.183442 -0.319507 1.052937
v -0.240745 -0.417474 0.984587
v -0.291811 -0.505079 0.899321
v -0.335386 -0.580170 0.799246
v -0.370394 -0.640896 0.686820
v -0.184261 -0.161631 1.102088
v -0.275918 -0.243161 1.052047
v -0.360477 -0.318628 0.983435
v -0.435848 -0.386167 0.897936
v -0.500183 -0.444120 0.797659
v -0.551893 -0.491057 0.685074
v -0.614868 -0.263804 0.795714
v -0.678202 -0.292467 0.682932
v -0.536088 -0.228565 0.896236
v -0.443801 -0.187620 0.982023
v -0.340278 -0.141976 1.050956
v -0.228068 -0.092757 1.101345
v -0.370215 -0.025855 1.049771
v -0.482561 -0.037277 0.980487
v -0.582717 -0.047702 0.894389
v -0.668219 -0.056874 0.793600
v -0.736957 -0.064567 0.680604
v -0.655009 0.156413 0.791525
v -0.722410 0.170336 0.678319
v -0.576534 0.355182 0.789693
v -0.571172 0.138718 0.892574
v -0.472964 0.117685 0.978978
v -0.362803 0.093834 1.048605
v -0.243400 0.067752 1.099745
v -0.248445 -0.013717 1.100537
v -0.117696 0.040080 1.131138
v -0.120251 -0.001162 1.131539
v -0.102522 0.078515 1.130783
v -0.213425 0.143675 1.099044
v -0.318764 0.205376 1.047576
v -0.415950 0.262100 0.977646
v -0.502582 0.312447 0.890973
v 0.011213 0.011500 1.142007
v -0.076213 0.110379 1.130510
v -0.161455 0.206619 1.098506
v -0.242414 0.297850 1.046784
v -0.317097 0.381828 0.976620
v -0.141222 0.362207 1.046305
v -0.186081 0.465149 0.975998
v -0.092577 0.250425 1.098179
v -0.041345 0.132555 1.130344
v -0.001330 0.142871 1.130304
v 0.039914 0.140318 1.130391
v -0.013533 0.270802 1.098098
v -0.025095 0.392145 1.046188
v 0.383391 0.338460 0.978105
v 0.362982 0.163168 1.049024
v 0.466715 0.207452 0.979519
v 0.298623 0.264354 1.047932
v 0.263659 0.437306 0.976953
v 0.206146 0.340699 1.047042
v 0.119239 0.494316 0.976174
v 0.094600 0.384735 1.046441
v -0.035731 0.503910 0.975845
v -0.383662 0.456479 0.889737
v -0.226052 0.556717 0.888991
v -0.045180 0.603346 0.888807
v 0.141249 0.591805 0.889202
v 0.314986 0.523221 0.890139
v -0.053209 0.688007 0.787215
v 0.160089 0.674800 0.787668
v -0.260149 0.634655 0.787426
v -0.440475 0.519973 0.788279
v -0.635982 0.389249 0.676299
v -0.486134 0.570741 0.674743
v -0.287532 0.697047 0.673804
v -0.059620 0.755802 0.673570
v 0.175294 0.741261 0.674069
v 0.358865 0.596333 0.788740
v -0.771713 0.180144 0.555740
v -0.679460 0.413810 0.553586
v -0.519513 0.607533 0.551924
v -0.307528 0.742350 0.550920
v -0.064256 0.805069 0.550673
v 0.186491 0.789543 0.551204
v 0.394216 0.654840 0.675250
v 0.420166 0.697299 0.552464
v 0.193403 0.818469 0.422099
v -0.067001 0.834590 0.421546
v -0.319645 0.769459 0.421804
v -0.539793 0.629445 0.422846
v -0.705902 0.428260 0.424571
v -0.801710 0.185595 0.426810
v 0.436078 0.722669 0.423407
v 0.195860 0.827317 0.289932
v -0.067790 0.843639 0.289372
v -0.323581 0.777695 0.289633
v -0.546476 0.635939 0.290689
v -0.714656 0.432245 0.292435
v -0.811655 0.186555 0.294701
v -0.827983 -0.077083 0.297266
v -0.817836 -0.074797 0.429343
v -0.762039 -0.332861 0.299879
v -0.752705 -0.327428 0.431923
v -0.620280 -0.555743 0.302283
v -0.612688 -0.547564 0.434298
v -0.416578 -0.723912 0.304243
v -0.411496 -0.713661 0.436234
v -0.170878 -0.820903 0.305568
v -0.787242 -0.070590 0.558179
v -0.724525 -0.313850 0.560664
v -0.589704 -0.525823 0.562950
v -0.395974 -0.685760 0.564815
v -0.168821 -0.809461 0.437542
v -0.162298 -0.778007 0.566075
v 0.659804 -0.375306 0.685770
v 0.703653 -0.402271 0.563695
v 0.795907 -0.168604 0.561539
v 0.543705 -0.595994 0.565355
v 0.331720 -0.730814 0.566359
v 0.088448 -0.793530 0.566607
v 0.091584 -0.825582 0.438094
v 0.344227 -0.760450 0.437837
v 0.564375 -0.620437 0.436795
v 0.730484 -0.419252 0.435071
v 0.826293 -0.176587 0.432832
v 0.092772 -0.837226 0.306127
v 0.348563 -0.771281 0.305868
v 0.571458 -0.629526 0.304812
v 0.739637 -0.425831 0.303065
v 0.836637 -0.180141 0.300798
v 0.852965 0.083497 0.298234
v 0.842418 0.083805 0.430299
v 0.787021 0.339275 0.295620
v 0.777287 0.336435 0.427718
v 0.645262 0.562156 0.293216
v 0.637270 0.556571 0.425344
v 0.441560 0.730325 0.291257
v 0.811434 0.082130 0.559100
v 0.748717 0.325390 0.556615
v 0.613896 0.537363 0.554329
v 0.575714 0.505001 0.676995
v 0.702023 0.306411 0.679138
v 0.760779 0.078511 0.681465
v 0.746232 -0.156393 0.683752
v 0.523662 0.460283 0.790324
v 0.638348 0.279967 0.792271
v 0.691698 0.073037 0.794383
v 0.678488 -0.140251 0.796458
v 0.600014 -0.339019 0.798293
v 0.605891 0.065844 0.895072
v 0.594347 -0.120575 0.896886
v 0.495878 -0.097853 0.982562
v 0.559263 0.246706 0.893224
v 0.459023 0.404308 0.891524
v 0.505475 0.057109 0.981054
v 0.385508 -0.072642 1.051374
v 0.341471 -0.184183 1.052403
v 0.235976 -0.121486 1.102330
v 0.184006 -0.184431 1.102869
v 0.098671 -0.087583 1.132718
v 0.124979 -0.055718 1.132446
v 0.265951 -0.045564 1.101629
v 0.392919 0.047047 1.050210
v 0.063802 -0.109758 1.132886
v 0.140154 -0.017284 1.132090
v 0.270996 0.035905 1.100837
v 0.250619 0.114945 1.100029
v 0.142708 0.023958 1.131689
v 0.132392 0.063971 1.131282
v 0.110216 0.098837 1.130906
v 0.206812 0.183819 1.099287
v 0.143865 0.235786 1.098682
v 0.078350 0.125144 1.130599
v 0.067940 0.265759 1.098271
v -0.045389 -0.243570 1.103104
v -0.055893 -0.102349 1.132629
v -0.121314 -0.213597 1.102693
v -0.087759 -0.076041 1.132324
v -0.109935 -0.041174 1.131946
v -0.071896 -0.363543 1.053539
v 0.058645 -0.484078 0.985695
v 0.249226 -0.538574 0.900470
v 0.463955 -0.503810 0.799706
v 0.406837 -0.438337 0.899723
v 0.208995 -0.445317 0.985542
v 0.047799 -0.370951 1.053793
v 0.525757 -0.294306 0.898489
v 0.340011 -0.361995 0.984920
v 0.163926 -0.341015 1.053675
v 0.036084 -0.248613 1.103276
v -0.017457 -0.117521 1.132839
v 0.023787 -0.120075 1.132924
v 0.115128 -0.228236 1.103197
v 0.265118 -0.276656 1.053196
v 0.438864 -0.242267 0.983895
v -0.052540 -0.520279 2.383582
v -0.129650 -0.523123 2.365653
v -0.047526 -0.490625 2.347214
v -0.120216 -0.493305 2.330311
v -0.203022 -0.528714 2.336276
v -0.399848 -0.494409 2.305627
v -0.461658 -0.509748 2.235636
v -0.367343 -0.537592 2.281288
v -0.300689 -0.525859 2.336308
v -0.270768 -0.536962 2.296043
v -0.189370 -0.498586 2.302616
v 0.024369 -0.596950 1.888906
v 0.026953 -0.490644 2.352778
v 0.500152 -0.608001 1.888805
v 0.493918 -0.624911 1.816325
v 0.494735 -0.590892 1.961290
v 0.477668 -0.573974 2.032000
v 0.449517 -0.557685 2.099223
v 0.410819 -0.542438 2.161251
v 0.362663 -0.528577 2.216625
v 0.306131 -0.516473 2.263895
v 0.242699 -0.506397 2.302003
v 0.173856 -0.498630 2.329893
v 0.101363 -0.493320 2.347002
v 0.026468 -0.520297 2.389486
v 0.105408 -0.523137 2.383363
v 0.182318 -0.528765 2.365216
v 0.255348 -0.537010 2.335624
v 0.322640 -0.547698 2.295198
v 0.278490 -0.525904 2.379886
v 0.198094 -0.516832 2.412453
v 0.113422 -0.510633 2.432436
v 0.026521 -0.507502 2.439180
v -0.060453 -0.507484 2.432680
v -0.145344 -0.510613 2.412941
v 0.121753 -0.465166 2.469613
v 0.027479 -0.461765 2.476927
v -0.066889 -0.461751 2.469876
v -0.158994 -0.465150 2.448461
v -0.246620 -0.471834 2.413374
v -0.226107 -0.516780 2.380607
v -0.327535 -0.481675 2.365316
v -0.327655 -0.360806 2.340147
v -0.246218 -0.350903 2.388509
v -0.158034 -0.344168 2.423824
v -0.065339 -0.340753 2.445383
v 0.029633 -0.340774 2.452472
v -0.400429 -0.373623 2.280076
v -0.462624 -0.389060 2.209633
v -0.512863 -0.406706 2.130682
v -0.511571 -0.527292 2.157181
v -0.427402 -0.557605 2.033288
v -0.398475 -0.542349 2.100438
v -0.455531 -0.591340 2.050558
v -0.424849 -0.575153 2.121786
v -0.504092 -0.585706 2.066067
v -0.470315 -0.567889 2.144471
v -0.548222 -0.546615 2.072107
v -0.424303 -0.551728 2.216779
v -0.359084 -0.528508 2.162344
v -0.383059 -0.560465 2.187464
v -0.331307 -0.547624 2.246075
v -0.253234 -0.506359 2.264697
v -0.310302 -0.516405 2.217581
v 0.378676 -0.723711 1.549923
v 0.430417 -0.710868 1.608524
v 0.358950 -0.682388 1.561368
v 0.301883 -0.692442 1.514259
v 0.318130 -0.734373 1.499949
v 0.238026 -0.700209 1.476328
v 0.407734 -0.670282 1.616603
v 0.447133 -0.656440 1.678521
v 0.476052 -0.641188 1.745667
v 0.528459 -0.644800 1.897281
v 0.522720 -0.626642 1.974180
v 0.521851 -0.662737 1.820394
v 0.502895 -0.680002 1.745432
v 0.472215 -0.696184 1.674203
v 0.517232 -0.701140 1.651755
v 0.551005 -0.683318 1.730164
v 0.571872 -0.664316 1.812685
v 0.579152 -0.644561 1.897319
v 0.572832 -0.624568 1.981980
v 0.504619 -0.608704 2.049191
v 0.552900 -0.604831 2.064565
v 0.619160 -0.631902 1.797205
v 0.627061 -0.610477 1.889032
v 0.620197 -0.588782 1.980880
v 0.598579 -0.567363 2.070478
v 0.562896 -0.546731 2.155655
v 0.520016 -0.585801 2.143064
v 0.513870 -0.527402 2.234249
v 0.474823 -0.567993 2.215505
v 0.452856 -0.509838 2.304413
v 0.457725 -0.389148 2.278856
v 0.519134 -0.406821 2.208241
v 0.568472 -0.426270 2.129147
v 0.604380 -0.447035 2.043422
v 0.626147 -0.468604 1.953253
v 0.633045 -0.490427 1.860819
v 0.418594 -0.551805 2.280175
v 0.381222 -0.494496 2.364313
v 0.352568 -0.537667 2.335382
v 0.300853 -0.481731 2.412594
v 0.213623 -0.471892 2.447927
v 0.124518 -0.344192 2.445107
v 0.216965 -0.350959 2.423289
v 0.304754 -0.360864 2.387729
v 0.385637 -0.373710 2.339135
v -0.570857 -0.567237 1.982574
v -0.524953 -0.604714 1.983537
v -0.578755 -0.588663 1.890743
v -0.532231 -0.624467 1.898900
v -0.474485 -0.608603 1.975591
v -0.481097 -0.626538 1.898710
v -0.445270 -0.573879 1.962631
v -0.514599 -0.652417 1.624120
v -0.465563 -0.671744 1.545525
v -0.473098 -0.683217 1.653154
v -0.550277 -0.631784 1.709294
v -0.505988 -0.664203 1.731660
v -0.525913 -0.644458 1.814241
v -0.475353 -0.644698 1.821808
v -0.451499 -0.590791 1.890150
v -0.571900 -0.610359 1.798890
v -0.549743 -0.426155 2.045062
v -0.572527 -0.446920 1.954954
v -0.580474 -0.468482 1.862543
v -0.573573 -0.490306 1.770104
v -0.551812 -0.511870 1.679935
v -0.515904 -0.532636 1.594213
v -0.466561 -0.552084 1.515116
v -0.405159 -0.569763 1.444505
v -0.404552 -0.689303 1.475368
v -0.335501 -0.585429 1.384231
v -0.335357 -0.704873 1.415467
v -0.254617 -0.598279 1.335639
v -0.254981 -0.717648 1.367175
v -0.371672 -0.717223 1.516045
v -0.305649 -0.731354 1.460843
v -0.231569 -0.743129 1.416342
v -0.167753 -0.727495 1.331845
v -0.275268 -0.723644 1.500784
v -0.335246 -0.710800 1.550942
v -0.314010 -0.670218 1.562320
v -0.362164 -0.656352 1.617700
v -0.386331 -0.696098 1.609679
v -0.427909 -0.701036 1.580716
v -0.207986 -0.734329 1.460368
v -0.257482 -0.682323 1.515049
v -0.400861 -0.641105 1.679726
v -0.427382 -0.679922 1.675479
v -0.429025 -0.624819 1.746957
v -0.457249 -0.662635 1.746795
v -0.446086 -0.607908 1.817663
v 0.204860 -0.734235 1.331311
v 0.208169 -0.614974 1.299539
v 0.294922 -0.727308 1.366400
v 0.192261 -0.758411 1.383284
v 0.273026 -0.752249 1.415619
v 0.177017 -0.748212 1.430335
v 0.250385 -0.742616 1.459708
v 0.168868 -0.705489 1.448645
v 0.096176 -0.708165 1.431736
v 0.021703 -0.708149 1.426173
v -0.052708 -0.705470 1.431950
v 0.347609 -0.743172 1.459914
v 0.375841 -0.717461 1.414460
v 0.448147 -0.704734 1.474147
v 0.452994 -0.585285 1.443287
v 0.380218 -0.598102 1.383208
v 0.298788 -0.608017 1.334849
v 0.414256 -0.731431 1.514932
v 0.509957 -0.689389 1.544148
v 0.471222 -0.717300 1.579442
v 0.559873 -0.671852 1.622597
v 0.596523 -0.652523 1.707669
v 0.625096 -0.511988 1.768404
v 0.602314 -0.532748 1.678302
v 0.565431 -0.552197 1.592685
v 0.515197 -0.569843 1.513723
v -0.086142 0.483596 3.740762
v 0.014158 0.556158 3.699819
v -0.080270 0.585884 3.351985
v -0.093467 0.450222 3.853699
v -0.099189 0.572985 3.882367
v -0.109721 0.520562 4.013142
v 0.172323 0.649395 3.911906
v 0.019218 0.590066 3.717378
v -0.103634 0.392071 3.966168
v 0.168461 0.562785 3.698164
v 0.167885 0.642702 3.737073
v 0.310669 0.578168 3.710453
v 0.425304 0.554509 3.872434
v 0.318569 0.554200 3.697486
v 0.440367 0.460568 3.865340
v 0.423055 0.467720 3.738519
v 0.434471 0.571015 3.365136
v 0.394639 0.429971 3.702270
v 0.175023 0.647653 3.376849
v 0.480622 0.661365 3.283455
v 0.445526 0.630794 3.065411
v 0.177136 0.749735 3.297776
v -0.111449 0.681601 3.269882
v 0.181253 0.769712 3.191740
v 0.492365 0.713858 2.996434
v 0.508436 0.576465 3.003413
v 0.395790 0.530889 3.338509
v 0.405321 0.595951 3.041797
v 0.451715 0.568407 3.003736
v 0.497114 0.626281 2.826633
v 0.531100 0.713053 2.964743
v 0.383601 0.802072 3.066475
v 0.198072 0.858659 3.171767
v 0.163507 0.795572 2.551060
v 0.340339 0.871477 2.600409
v 0.483180 0.612607 2.540152
v 0.518600 0.741921 2.585134
v 0.522605 0.763335 2.684467
v 0.496445 0.629533 2.686484
v 0.529473 0.761900 2.845500
v 0.376865 0.881307 2.919507
v 0.199122 0.939935 2.961681
v -0.078838 0.619810 3.068174
v -0.105276 0.726117 3.008826
v -0.178472 0.582951 3.005479
v -0.149656 0.717969 2.961356
v 0.010887 0.823617 3.064228
v 0.020107 0.885244 2.919613
v 0.199423 0.956272 2.764703
v 0.357694 0.899562 2.745790
v -0.138548 0.766561 2.865368
v -0.158601 0.646392 2.840849
v 0.036786 0.903112 2.745853
v 0.197549 0.932625 2.605556
v 0.052743 0.876332 2.590434
v -0.128613 0.777207 2.719615
v -0.130718 0.762493 2.577155
v -0.135644 0.614405 2.740873
v -0.154046 0.649131 2.528633
v 0.449266 0.769273 2.001487
v 0.170481 0.987541 2.134602
v 0.460963 0.712778 2.348545
v 0.169730 0.928323 2.493142
v -0.121993 0.699299 2.344017
v -0.203980 0.650479 2.528354
v -0.472457 0.651656 2.461212
v -0.133234 0.782009 2.282947
v -0.505440 0.827944 2.400572
v -0.461357 0.901148 2.012214
v -0.126554 0.822487 1.984633
v 0.165497 0.991995 1.791296
v 0.430725 0.797377 1.724846
v 0.607980 0.825448 1.753011
v 0.623968 0.822669 2.042157
v -0.424399 0.928437 1.723691
v -0.119191 0.830851 1.724782
v 0.168456 0.974836 1.512877
v 0.428922 0.781623 1.442583
v 0.590585 0.808232 1.342979
v -0.111142 0.832205 1.519907
v -0.396527 0.930452 1.489215
v -0.102475 0.825895 1.424703
v 0.177893 0.968678 1.385811
v 0.436679 0.759785 1.169793
v 0.577041 0.775712 1.050262
v 0.734062 0.685541 1.317010
v 0.718865 0.663463 0.958636
v 0.751987 0.799873 0.914665
v 0.889899 0.610532 0.843429
v 0.532048 0.947908 1.066877
v 0.276777 1.055514 1.296612
v -0.087704 1.083920 1.288584
v -0.380282 0.928486 1.352270
v -0.444306 1.003093 1.284051
v 0.265199 1.018032 0.146552
v 0.489807 0.919787 0.148569
v -0.402015 0.973675 0.136742
v -0.672693 0.860605 1.046424
v -0.568171 0.696219 1.162040
v -0.619060 0.712647 1.422705
v -0.629609 0.515504 0.144750
v -0.484416 0.653630 0.144356
v -0.628000 0.516467 0.311581
v -0.815778 0.668207 0.146341
v -0.621891 0.854507 0.147905
v -0.865189 0.681727 0.884921
v -0.763282 0.696060 1.030368
v -0.813857 0.707020 1.333611
v -0.857642 0.694041 1.615968
v -0.898478 0.658382 1.917768
v -1.000323 0.472663 1.875924
v -0.962372 0.489276 1.586612
v -1.157746 0.451372 1.813595
v -1.028566 0.429962 2.078002
v -0.936964 0.573142 2.238995
v -0.650548 0.711887 1.645986
v -0.683410 0.688731 1.880401
v -0.714809 0.644600 2.136615
v -0.702857 0.543683 2.215762
v -0.877584 0.394436 2.328400
v -0.756290 0.455329 2.404435
v -0.676819 0.639913 2.453061
v -0.766115 0.489046 2.416936
v -0.796508 0.500481 2.540870
v -0.747341 0.386592 2.501638
v -0.784763 0.358615 2.640279
v -0.833309 0.492083 2.657117
v -0.850292 0.437012 2.768333
v -0.827749 0.309890 2.807607
v -0.777714 0.410105 2.909983
v -0.767533 0.268764 2.894569
v -0.734440 0.341629 2.539249
v -0.822149 0.349291 2.459470
v -0.814445 0.487116 2.840838
v -0.903251 0.421588 2.614990
v -0.866452 0.444695 2.476207
v -1.038110 0.470859 2.479938
v -0.822537 0.258819 2.554723
v -0.816160 0.407916 2.373244
v -0.832924 0.440913 2.388167
v -0.991641 0.461837 2.347558
v -1.145159 0.447991 2.312155
v -1.202691 0.449713 2.450514
v -1.286196 0.325791 2.374885
v -1.330918 0.294620 2.530164
v -1.085922 0.348544 2.261916
v -1.226793 0.320243 2.247052
v -1.317461 0.193421 2.276690
v -1.363172 0.157081 2.417234
v -1.288099 0.105834 2.271945
v -1.318634 0.058330 2.392507
v -1.240784 0.404326 2.616346
v -1.342885 0.219213 2.644670
v -1.258231 0.310900 2.786135
v -1.378423 0.089827 2.516528
v -1.348273 0.148741 2.611900
v -1.230600 0.242633 2.808510
v -1.082811 0.372998 2.753299
v -1.075978 0.440415 2.632899
v -1.346916 -0.028041 2.539292
v -1.304375 0.060221 2.656323
v -1.400064 0.071796 2.837386
v -1.251934 0.201748 2.921738
v -1.042596 0.229708 2.973424
v -1.320917 -0.028711 2.889045
v -1.366563 0.004566 2.904224
v -1.371434 -0.171763 3.190189
v -1.232467 0.122231 2.980179
v -1.293118 0.054382 3.265780
v -1.380449 -0.024213 3.207776
v -1.324260 0.026898 3.402366
v -1.169700 0.057099 3.274056
v -1.271788 0.010330 3.231039
v -1.160554 0.039986 3.251893
v -1.356298 -0.044403 3.187237
v -1.413791 -0.159383 3.251490
v -1.414291 -0.251419 3.325825
v -1.480013 -0.097307 3.306076
v -1.496010 -0.166856 3.393789
v -1.332624 -0.055611 3.527910
v -1.502129 -0.262185 3.467435
v -1.328632 -0.202678 3.681449
v -1.454359 -0.286229 3.466654
v -1.300635 -0.242501 3.637292
v -1.453787 -0.380135 3.596585
v -1.303812 -0.273862 3.676201
v -1.417406 -0.338176 3.403706
v -1.398531 -0.354445 3.442728
v -1.387744 -0.508082 3.609154
v -1.076368 -0.106324 3.593832
v -1.101285 -0.162835 3.568249
v -1.111211 -0.259406 3.703059
v -1.288032 -0.355275 3.710963
v -1.418843 -0.447034 3.639249
v -1.380028 -0.644527 3.786539
v -1.134619 -0.531592 4.034659
v -1.147659 -0.486679 3.972536
v -1.321260 -0.580589 4.042392
v -1.123507 -0.508298 3.943080
v -1.303608 -0.508980 3.916055
v -1.119906 -0.341249 3.733173
v -1.101876 -0.381490 3.739709
v -1.081695 -0.248176 3.573632
v -1.056706 -0.185650 3.568211
v -1.416176 -0.631400 3.853978
v -1.436259 -0.605754 3.877641
v -1.446896 -0.659420 3.930050
v -1.442685 -0.746804 3.995444
v -1.304289 -0.726140 4.177445
v -1.421165 -0.700345 3.892621
v -1.391443 -0.734780 3.900866
v -1.415851 -0.785711 3.958834
v -1.276570 -0.762476 4.138199
v -1.109716 -0.606188 4.096333
v -1.374408 -0.758128 3.948758
v -1.082598 -0.645223 4.062589
v -1.068236 -0.626194 3.990032
v -1.078936 -0.527098 3.871270
v 0.112751 -0.737624 1.309891
v 0.104927 -0.761770 1.363535
v 0.018391 -0.737609 1.302840
v 0.097470 -0.751291 1.412395
v 0.018463 -0.751276 1.406501
v 0.017959 -0.761752 1.357039
v -0.075894 -0.734214 1.310163
v -0.060473 -0.748428 1.412623
v -0.068940 -0.758631 1.363789
v -0.153609 -0.752429 1.383770
v -0.134949 -0.742569 1.430774
v -0.125208 -0.700168 1.449056
v -0.194048 -0.692395 1.476944
v -0.166831 -0.608191 1.300068
v -0.074380 -0.614958 1.278251
v 0.020503 -0.618367 1.270886
v 0.115469 -0.618382 1.277984
v -0.131276 0.254238 3.899552
v -0.133624 0.242114 3.893731
v -0.118715 0.189590 4.033879
v -0.072770 0.006245 4.211123
v 0.004385 0.129659 4.283385
v -0.071821 0.140765 4.051984
v -0.006335 0.241873 4.144711
v -0.113800 0.333915 4.078660
v -0.103634 0.392071 3.966168
v 0.011904 -0.099834 4.567153
v -0.144621 0.061090 3.987339
v -0.075002 -0.066251 3.984689
v -0.134429 -0.066524 3.940009
v -0.087667 0.042634 4.025224
v -0.155265 0.117288 3.850409
v -0.136521 0.337023 3.690914
v -0.131406 0.254907 3.898174
v -0.034972 0.477927 3.324781
v -0.101424 0.450461 3.036727
v -0.093191 0.324361 3.383349
v -0.048403 0.392590 3.677261
v -0.080826 0.317877 3.649538
v -0.169279 0.202070 3.640875
v -0.158052 0.061419 3.588677
v -0.144583 -0.016415 3.800781
v -0.098612 0.090616 3.559871
v -0.102320 0.206093 3.604919
v -0.104178 -0.068002 3.540644
v -0.099211 -0.148078 3.748647
v -0.085553 -0.183918 3.896392
v -0.028662 -0.160615 3.949515
v -0.065734 -0.131295 4.113105
v -0.014146 -0.170583 3.502524
v 0.006446 -0.117859 3.497599
v -0.009634 -0.250121 3.710645
v -0.003871 -0.276965 3.861741
v 0.024250 -0.227710 3.924685
v -0.017795 -0.209885 4.061088
v -0.029630 -0.358348 4.301343
v -0.053172 -0.273646 4.381010
v -0.123250 -0.309597 4.384603
v -0.108479 -0.216128 4.472081
v -0.107601 -0.341854 4.606305
v -0.058352 -0.212185 4.447185
v 0.117532 -0.280840 3.904854
v 0.045306 -0.273926 4.025668
v 0.028932 -0.416494 4.246579
v -0.090666 -0.400477 4.299228
v -0.122379 -0.435353 4.518806
v -0.078910 -0.409223 4.572542
v -0.015651 -0.474964 4.228999
v -0.089782 -0.526235 4.433429
v -0.028221 -0.524907 4.477998
v 0.074028 -0.716922 4.479380
v -0.100112 -0.435676 4.594455
v 0.062682 -0.762398 4.488891
v -0.053169 -0.769147 4.922297
v 0.075157 -0.917821 4.754714
v 0.080297 -0.940909 4.869296
v 0.014164 -0.857898 5.008978
v -0.015481 -0.291007 4.738479
v 0.060715 -0.591887 5.054528
v 0.071546 -0.710448 5.085742
v 0.088823 -0.893070 5.060040
v 0.312788 -0.936693 4.877977
v 0.295919 -0.881969 5.067905
v 0.293451 -0.690638 5.097704
v 0.295424 -0.574913 5.067020
v 0.315353 -0.263918 4.878654
v 0.024486 -0.263530 4.857713
v 0.145000 -0.303762 4.930810
v -0.057573 -0.089867 4.616438
v -0.075777 -0.252403 4.762511
v -0.824443 0.353811 3.196229
v -0.835673 0.216127 3.528379
v -0.893090 0.223708 3.605733
v -0.836499 0.141083 3.709436
v -0.784730 0.589764 2.886824
v -0.634801 0.603036 3.050703
v -0.671055 0.691069 3.020994
v -0.861928 0.433226 3.109327
v -0.770835 0.276368 3.222408
v -0.804360 0.199690 3.500711
v -0.480769 0.729805 2.962664
v -0.338261 0.636638 2.956236
v -0.300336 0.691532 2.915805
v -0.387084 0.581339 3.222684
v -0.658564 0.575267 3.182457
v -0.644793 0.481287 3.261247
v -0.799642 0.342993 3.505751
v -0.924812 0.306881 3.639364
v -0.808098 0.365524 3.510770
v -0.684962 0.403538 3.541299
v -0.555695 0.421258 3.557986
v -0.411981 0.483866 3.297897
v -0.698252 0.445526 3.559459
v -0.732159 0.443691 3.716816
v -0.559769 0.446310 3.565495
v -0.446003 0.366722 3.666464
v -0.439887 0.330136 3.593097
v -0.410881 0.409725 3.276763
v -0.350020 0.504150 2.989201
v -0.485107 0.437901 3.736346
v -0.449882 0.303315 3.821149
v -0.481595 0.386452 3.854807
v -0.748832 0.380218 3.877951
v -0.467209 0.306667 3.961286
v -0.758581 0.245267 4.086396
v -0.518441 0.248825 3.978415
v -0.734415 0.184042 4.064941
v -0.519657 0.161694 4.108530
v -0.437881 0.229509 3.932410
v -0.531055 0.193888 3.963945
v -0.532810 0.068965 4.148180
v -0.713049 0.069485 4.143032
v -0.733994 0.158177 4.102813
v -0.867000 -0.012925 4.081869
v -0.903364 0.068858 4.036496
v -0.903179 0.153954 3.906703
v -0.958199 0.162866 3.853796
v -0.945938 0.244322 3.751020
v -0.867185 0.106964 3.902527
v -0.928915 0.088847 3.818599
v -0.916950 0.169369 3.712358
v -0.843569 0.076280 3.826768
v -0.822549 0.057892 3.865917
v -0.804209 -0.070247 4.044911
v -0.802063 -0.228815 4.269610
v -0.859735 -0.233193 4.354462
v -0.704098 -0.128220 4.407263
v -0.884347 -0.193436 4.390510
v -0.728038 -0.077638 4.439426
v -0.726811 -0.179086 4.564105
v -0.528230 -0.097773 4.459126
v -0.511688 -0.151460 4.527480
v -0.505527 -0.150006 4.413764
v -0.489043 -0.203502 4.482141
v -0.490417 -0.245952 4.601442
v -0.467770 -0.297992 4.556102
v -0.899628 -0.252136 4.449276
v -0.899399 -0.352091 4.519023
v -0.716138 -0.348900 4.714962
v -0.543760 -0.341923 4.618715
v -0.692970 -0.397823 4.663020
v -0.801440 -0.411996 4.574902
v -0.879296 -0.400356 4.473743
v -0.876978 -0.304182 4.403935
v -1.005523 -0.531430 2.517685
v -0.864623 -0.559836 2.554943
v -0.852863 -0.510323 2.569133
v -1.007450 -0.555045 2.504128
v -1.150391 -0.457434 2.494270
v -1.282770 -0.334757 2.490618
v -1.167924 -0.476118 2.484675
v -1.016495 -0.550173 2.354011
v -0.833540 -0.569321 2.387677
v -0.743950 -0.523404 2.611394
v -0.757916 -0.406123 2.639108
v -0.624403 -0.476100 2.693207
v -0.625387 -0.361885 2.696599
v -0.395586 -0.487787 2.370940
v -0.636116 -0.546085 2.409639
v -0.540516 -0.454365 2.709201
v -0.521172 -0.337778 2.769044
v -0.699406 -0.575879 2.182826
v -0.493531 -0.516784 2.261108
v -0.439254 -0.429981 2.201103
v -0.335228 -0.407974 2.322109
v -0.336733 -0.476582 2.405834
v -0.490911 -0.437102 2.748351
v -0.429282 -0.321023 2.765946
v -0.218592 -0.390497 2.371082
v -0.247115 -0.466728 2.462570
v -0.105832 -0.385631 2.415097
v -0.400084 -0.420504 2.750684
v -0.213774 -0.383587 2.811102
v -0.134068 -0.462288 2.503282
v -0.032333 -0.461207 2.517739
v 0.003050 -0.383402 2.431960
v -0.072903 -0.288934 2.911983
v 0.025146 -0.459981 2.521162
v -0.027488 -0.400973 2.873532
v 0.041316 -0.284484 2.894229
v 0.118515 -0.388016 2.421880
v -0.211734 -0.272683 2.833641
v -0.155252 -0.376379 2.856330
v -0.091408 -0.387451 2.865743
v -0.152747 -0.275705 2.884438
v 0.302422 -0.480644 2.461311
v 0.488637 -0.266794 2.847755
v 0.443967 -0.405307 2.835468
v 0.307585 -0.406588 2.358606
v 0.206948 -0.393746 2.404256
v 0.220698 -0.470132 2.491533
v 0.121391 -0.463126 2.513862
v 0.027001 -0.409308 2.875523
v 0.109085 -0.394807 2.843264
v 0.306769 -0.386575 2.831475
v 0.383117 -0.403596 2.852084
v 0.116925 -0.296813 2.862403
v 0.307560 -0.288155 2.851090
v 0.386198 -0.278649 2.870697
v 0.517931 -0.520431 2.299809
v 0.900343 -0.373838 2.600250
v 0.797195 -0.357295 2.593633
v 0.446601 -0.502733 2.369752
v 0.617255 -0.376787 2.725813
v 0.574431 -0.387471 2.833232
v 0.599103 -0.252848 2.731436
v 0.563724 -0.252732 2.843315
v 0.525910 -0.376178 2.844421
v 0.379654 -0.487275 2.419717
v 0.800522 -0.234068 2.590626
v 0.914672 -0.256487 2.588777
v 0.964715 -0.370959 2.554210
v 1.020000 -0.216190 2.527322
v 0.652052 -0.596233 1.993104
v 0.939651 -0.520194 1.982111
v 1.085155 -0.571645 2.054178
v 0.632996 -0.573723 2.086261
v 1.157585 -0.369938 2.352777
v 1.026664 -0.337820 2.492047
v 0.524810 -0.465668 2.121986
v 0.574266 -0.537867 2.226763
v 0.598317 -0.555853 2.173172
v 0.559332 -0.485051 2.032434
v 0.574794 -0.513708 1.921178
v 0.401515 -0.422644 2.295848
v 0.465350 -0.438479 2.233258
v 0.544943 -0.703820 1.520937
v 0.440115 -0.726995 1.411234
v 0.725915 -0.730783 1.357052
v 0.772169 -0.703510 1.572849
v 0.619749 -0.674818 1.650052
v 0.807944 -0.666118 1.774754
v 0.656022 -0.643524 1.785690
v 0.661254 -0.609750 1.920336
v 0.591824 -0.546677 1.782050
v 0.950690 -0.695263 1.500346
v 0.951427 -0.684592 1.348031
v 0.993308 -0.670818 1.726459
v 0.939148 -0.612974 1.972576
v 1.065045 -0.616909 1.924182
v 1.137143 -0.460482 1.938747
v 1.064140 -0.533121 1.752151
v 1.013580 -0.550815 1.526865
v 1.004848 -0.564757 1.373585
v 1.005112 -0.556136 1.183860
v 1.464302 -0.446210 1.772072
v 1.375171 -0.487748 1.539240
v 1.276918 -0.534178 1.414480
v 1.139792 -0.564771 1.254621
v 1.127082 -0.441256 1.040958
v 1.027894 -0.477264 0.970351
v 1.142454 -0.364081 0.906224
v 1.007767 -0.349450 0.782976
v 1.019587 -0.547851 0.929840
v 0.967047 -0.645696 1.155836
v 0.767296 -0.711350 1.137034
v 0.542043 -0.762748 1.169078
v 0.317240 -0.756159 1.326882
v 0.283283 -0.637465 1.372109
v 0.155593 -0.650147 1.324275
v 0.040218 -0.803715 0.873039
v 0.028235 -0.789661 1.072358
v 0.009792 -0.737809 0.863194
v 0.290815 -0.834933 0.860222
v 0.268016 -0.804911 1.105391
v 0.172631 -0.769365 1.277114
v 0.544373 -0.773355 0.869606
v 0.818458 -0.652901 0.854468
v 1.005163 -0.439149 0.769919
v 0.818458 -0.652901 0.854468
v 0.514037 -0.755907 0.617544
v 0.724206 -0.638955 0.630304
v 0.897522 -0.479027 0.625901
v 0.903187 -0.374784 0.648571
v 0.790072 -0.450063 0.542684
v 0.792159 -0.528783 0.535950
v 0.652343 -0.550471 0.449354
v 0.658835 -0.629773 0.471826
v 0.461102 -0.667016 0.382206
v 0.460403 -0.647504 0.327943
v 0.663080 -0.531880 0.334394
v 0.826399 -0.335013 0.327043
v 0.944005 -0.348672 0.634624
v 0.018109 -0.747456 0.626295
v 0.028597 -0.742329 0.356372
v 0.010673 -0.770267 0.357841
v -0.007689 -0.820806 0.632097
v -0.150708 -0.756866 0.345402
v -0.136548 -0.717076 0.314434
v 0.046052 -0.722236 0.319889
v 0.282404 -0.715596 0.349107
v 0.274382 -0.701939 0.324508
v 0.466110 -0.723926 0.392136
v 0.284812 -0.765840 0.362956
v 0.290417 -0.820777 0.619266
v 0.073582 -0.788090 0.361389
v 0.057273 -0.814359 0.624364
v 0.023100 -0.775468 1.256220
v 0.001924 -0.725465 1.080882
v -0.022390 -0.811482 0.865615
v -0.193390 -0.811747 0.615707
v -0.342228 -0.723722 0.344680
v -0.019390 -0.667204 1.308214
v -0.878931 -0.559117 0.955701
v -0.774598 -0.567387 0.689385
v -0.675708 -0.668597 0.937436
v -0.590225 -0.677936 0.650095
v -0.663073 -0.578773 0.393482
v -0.496644 -0.667476 0.356615
v -0.396482 -0.755360 0.630795
v -0.229316 -0.811670 0.882876
v -0.026046 -0.795471 1.094550
v -0.224307 -0.758710 1.304794
v -0.499312 -0.719471 1.253370
v -0.244253 -0.781811 1.130119
v -0.034180 -0.776320 1.258337
v -0.452596 -0.745764 0.925856
v -0.744222 -0.663802 1.221721
v -0.878931 -0.559117 0.955701
v -0.957260 -0.562742 1.217263
v -0.198045 -0.640192 1.350955
v -0.398214 -0.713754 1.413167
v -0.643869 -0.678482 1.506657
v -0.818279 -0.638791 1.477612
v -0.642164 -0.518551 1.956448
v -0.741388 -0.575352 1.998356
v -0.740898 -0.549102 1.961760
v -0.742306 -0.569003 1.927967
v -0.616867 -0.582691 1.917915
v -0.715873 -0.631103 1.725123
v -0.605462 -0.630623 1.745621
v -0.529090 -0.674738 1.563552
v -0.350247 -0.609193 1.444632
v -0.874066 -0.525394 1.966849
v -0.876865 -0.551117 1.930940
v -0.867914 -0.606766 1.711293
v -1.036838 -0.540077 1.702964
v -1.042570 -0.502792 1.936190
v -1.188870 -0.412199 1.697787
v -1.194823 -0.407747 1.939665
v -1.279943 -0.253150 1.936860
v -1.144046 -0.367071 1.976467
v -1.022876 -0.466108 1.971808
v -1.312247 -0.182154 1.851200
v -1.292392 -0.193110 1.684029
v -1.280962 -0.156787 1.857404
v -1.239059 -0.233779 1.975308
v -1.258782 -0.265415 2.032543
v -1.167499 -0.413263 2.027947
v -1.037438 -0.504317 2.016212
v -0.880672 -0.549764 2.006818
v -0.867926 -0.573672 2.189214
v -1.279725 -0.303970 2.205951
v -1.170689 -0.452695 2.188144
v -1.030798 -0.537184 2.184992
v -0.867926 -0.573672 2.189214
v -1.016495 -0.550173 2.354011
v -0.833540 -0.569321 2.387677
v -1.172492 -0.468188 2.345767
v -1.283982 -0.327852 2.374964
v -1.333963 -0.163898 2.238627
v -1.318326 -0.170612 2.143034
v -1.321285 -0.106695 2.262082
v -1.306744 -0.089534 2.127643
v -1.346868 -0.184410 2.405411
v -1.271500 0.171493 2.000219
v -1.268448 0.134308 2.170478
v -1.288099 0.105834 2.271945
v -1.318634 0.058330 2.392507
v -1.315668 -0.135990 2.412792
v -1.347549 -0.213040 2.511540
v -1.265455 -0.308867 2.506801
v -1.315920 -0.155215 2.530904
v -1.346916 -0.028041 2.539292
v 1.066533 -0.125680 2.700376
v 1.144147 0.001221 2.734219
v 1.077439 -0.134560 2.946601
v 1.159068 0.385485 3.238412
v 1.210445 0.199807 3.501218
v 1.198759 0.250604 3.229829
v 1.183996 0.294738 2.966339
v 1.189882 0.140569 2.967252
v 1.164485 0.151898 2.732041
v 1.157214 -0.004588 2.962441
v 1.098939 -0.132502 3.210284
v 0.982349 -0.211753 3.161168
v 0.991592 -0.205624 3.349685
v 1.153413 0.339378 2.712114
v 1.122347 0.477627 2.788075
v 1.153487 0.445050 2.958982
v 1.105253 0.478849 2.633579
v 1.066546 -0.160965 3.360091
v 1.090051 -0.209919 3.364463
v 0.981764 -0.256867 3.353065
v 0.989315 -0.301136 3.468163
v 0.875268 -0.307126 3.473554
v 0.897734 -0.338435 3.692695
v 1.178993 -0.127698 3.391260
v 1.102092 -0.283641 3.552679
v 1.001673 -0.333002 3.687801
v 0.914653 -0.290578 3.751782
v 1.001777 -0.285275 3.748007
v 0.928395 -0.334435 3.871121
v 1.016652 -0.327443 3.864590
v 0.946034 -0.508837 4.176354
v 1.190627 -0.201815 3.579455
v 1.099914 -0.290420 3.698185
v 1.099523 -0.233955 3.761904
v 1.180607 -0.215837 3.722535
v 1.182052 -0.131724 3.791819
v 1.234026 -0.118262 3.757955
v 1.249234 -0.094740 3.618290
v 1.237871 -0.020131 3.430268
v 1.140893 -0.087524 3.382691
v 1.191102 0.001208 3.415505
v 1.174276 -0.009501 3.202974
v 1.259622 0.099806 3.476758
v 1.214520 0.105979 3.457706
v 1.203665 0.121482 3.214845
v 1.214400 -0.035861 3.826819
v 1.217557 0.081946 3.857957
v 1.220448 -0.029171 4.037395
v 1.253762 -0.009449 3.800111
v 1.248190 0.095403 3.821039
v 1.270884 0.024655 3.664557
v 1.256154 0.149304 3.690983
v 1.241620 0.217680 3.525136
v 1.176304 0.306673 3.552471
v 1.184667 0.306119 3.585693
v 1.219825 0.252821 3.717586
v 1.218032 0.186310 3.825656
v 1.186238 0.169771 3.875131
v 1.178461 0.055816 4.077182
v 1.179332 -0.121662 4.362662
v 1.210611 -0.211972 4.298713
v 1.249581 -0.192035 4.330029
v 1.258936 -0.292250 4.266218
v 1.262200 -0.383346 4.409797
v 1.227900 -0.480071 4.349211
v 1.186950 -0.465658 4.394510
v 1.202337 -0.385467 4.445848
v 1.076123 -0.677563 4.367738
v 1.256471 -0.420073 4.477139
v 1.089615 -0.741281 4.378987
v 1.127658 -0.528273 4.352424
v 1.252851 -0.283116 4.473606
v 1.040432 -0.589554 4.306197
v 1.155154 -0.558577 4.301017
v 1.224642 -0.388961 4.205631
v 1.207380 -0.290284 4.246564
v 1.224486 -0.125171 3.977874
v 1.174490 -0.361309 4.200160
v 1.151906 -0.467482 4.157516
v 1.117090 -0.431128 4.163726
v 1.108537 -0.282687 3.886637
v 1.184091 -0.209730 3.925554
v 0.942748 -0.617690 4.268253
v 0.938489 -0.597498 4.305130
v 1.055025 -0.606912 4.272577
v 1.052741 -0.542625 4.171369
v 1.042808 -0.500811 4.179440
v 0.940469 -0.553402 4.166994
v 0.835426 -0.589275 4.288686
v 0.833177 -0.524997 4.187477
v 0.840103 -0.261338 3.768402
v 0.845710 -0.313324 3.898994
v 0.857354 -0.475226 4.195371
v 0.746252 -0.434909 4.187272
v 0.749433 -0.525990 4.330800
v 0.842835 -0.566570 4.332660
v 0.773203 -0.210793 3.793221
v 0.722158 -0.239738 3.744143
v 0.800654 -0.306029 3.712268
v 0.671711 -0.147561 3.784456
v 0.719374 -0.122656 3.831639
v 0.778391 -0.257733 3.928733
v 0.798992 -0.389918 4.188685
v 0.655382 -0.040632 3.828379
v 0.723602 0.120308 3.899877
v 0.752665 0.196405 3.906148
v 0.703950 0.140468 3.882274
v 0.667566 0.066288 3.868793
v 0.699377 0.039481 3.882674
v 0.703974 -0.051603 3.859657
v 0.731998 -0.170982 3.966951
v 0.759028 -0.309682 4.234967
v 0.713741 -0.066298 4.014139
v 0.735938 0.031878 4.063837
v 0.777897 0.191428 3.922723
v 0.761111 -0.160352 4.338614
v 0.748254 -0.234188 4.288566
v 0.685320 -0.246179 4.308322
v 0.837491 -0.652383 4.397591
v 0.785079 -0.503978 4.377564
v 0.762296 -0.354604 4.480541
v 0.759389 -0.436188 4.422161
v 0.697851 -0.437502 4.388117
v 0.688502 -0.337270 4.451925
v 0.694658 -0.346400 4.244537
v 0.800558 0.123343 4.111204
v 0.814827 -0.085337 4.393027
v 0.719609 -0.149476 4.368910
v 0.722804 -0.240546 4.512514
v 0.797970 -0.213077 4.584317
v 0.719960 -0.360346 4.516704
v 0.785578 -0.069278 4.416694
v 0.788621 -0.154947 4.561058
v 0.900258 -0.438508 4.877549
v 0.878347 -0.157215 4.648674
v 1.132725 -0.579887 4.874318
v 0.876803 -0.736644 4.902840
v 1.099400 -0.773908 4.868309
v 0.898560 -0.540855 4.913149
v 1.145965 -0.476843 4.836217
v 1.174869 -0.192614 4.604016
v 1.029896 -0.203924 4.719953
v 0.778129 -0.611015 4.783052
v 0.821216 -0.682382 4.853673
v 0.855434 -0.824952 4.754629
v 1.079680 -0.855944 4.729730
v 1.204145 -0.684769 4.732220
v 1.076129 -0.856662 4.626724
v 1.079680 -0.855944 4.729730
v 0.840752 -0.826448 4.650396
v 0.804502 -0.711202 4.414658
v 1.066533 -0.125680 2.700376
v 0.914672 -0.256487 2.588777
v 1.020000 -0.216190 2.527322
v 1.561971 0.248861 2.304867
v 1.268969 0.112506 2.352584
v 1.523728 0.146545 2.364035
v 1.340967 0.169628 2.416307
v 1.480287 0.012322 2.389872
v 1.294275 0.023081 2.429667
v 1.481642 -0.151402 2.349759
v 1.222349 -0.187924 2.334836
v 1.097225 -0.091370 2.530130
v 1.153719 0.008897 2.544396
v 1.152448 0.378394 1.780162
v 1.227930 0.353143 1.941742
v 1.447001 0.349808 1.910598
v 1.371062 0.346206 2.164737
v 1.155294 0.355415 2.207915
v 1.143741 0.279577 2.357426
v 1.164924 0.125611 2.532979
v 1.260059 0.422395 1.940167
v 1.191196 0.450555 1.796012
v 1.128020 0.485133 1.802649
v 1.129689 0.491718 1.963318
v 1.177010 0.423496 2.174941
v 1.130744 0.488622 2.176327
v 1.060018 0.435583 1.975946
v 1.051067 0.414833 1.798269
v 1.037838 0.433944 1.557016
v 1.014669 0.588315 1.652749
v 0.995398 0.536492 1.255628
v 0.896467 0.696954 1.296283
v 0.923899 0.739653 2.037562
v 1.044099 0.549598 2.252389
v 1.028075 0.597360 1.959790
v 0.913639 0.731718 1.712002
v 1.063864 0.437008 2.212207
v 1.059481 0.406547 2.345809
v 1.164485 0.151898 2.732041
v 1.153413 0.339378 2.712114
v 1.133320 0.289670 2.519011
v 1.105253 0.478849 2.633579
v 1.134211 0.451265 2.490330
v 0.940487 0.538746 2.543401
v 0.943437 0.694302 2.442281
v 0.741383 0.717783 1.696097
v 0.757856 0.707834 2.041456
v 0.770525 0.647187 2.317782
v 0.769487 0.606163 2.404333
v 0.854222 0.659904 2.540417
v 0.648175 0.756515 2.482413
v 0.467740 0.613654 2.458302
v 0.624159 0.563694 2.558160
v 0.534923 0.576909 2.547108
v 0.933260 0.616253 3.162042
v 0.761517 0.734907 3.037267
v 0.636815 0.597031 3.068593
v 0.590147 0.638233 2.965948
v 0.561488 0.524904 3.010948
v 0.565660 0.545707 2.841009
v 0.621728 0.357259 2.997365
v 0.582139 0.426386 2.769396
v 0.552291 0.562147 2.696537
v 0.570167 0.656559 2.602333
v 0.596367 0.681124 2.871886
v 0.585897 0.679705 2.710951
v 0.753572 0.753177 2.587847
v 0.756923 0.788608 2.735835
v 0.759390 0.782571 2.903932
v 0.895850 0.791434 2.583031
v 0.917737 0.826822 2.733683
v 0.939330 0.816876 2.920838
v 0.956606 0.752994 3.114877
v 1.021398 0.718663 2.557061
v 1.060149 0.749535 2.700973
v 1.096490 0.739138 2.865173
v 1.114964 0.689361 2.996626
v 1.181995 0.507881 2.975580
v 1.234113 0.569101 2.899418
v 1.214872 0.607140 2.780500
v 1.189615 0.601078 2.626076
v 1.177340 0.573305 2.541026
v 1.205443 0.442312 2.947115
v 1.179280 0.491523 2.771157
v 1.155057 0.488516 2.623095
v 1.122347 0.477627 2.788075
v 1.153487 0.445050 2.958982
v 1.201117 0.472087 3.161429
v 1.159068 0.385485 3.238412
v 1.001083 0.534578 3.530006
v 1.123115 0.456520 3.490906
v 0.980652 0.445592 3.494982
v 1.093394 0.383409 3.464361
v 1.184667 0.306119 3.585693
v 1.176304 0.306673 3.552471
v 0.949154 0.491404 3.280987
v 0.943065 0.563616 3.211503
v 0.671503 0.431850 3.037038
v 0.648668 0.561029 3.208875
v 0.675168 0.462320 3.289049
v 0.823278 0.445819 3.502047
v 0.841217 0.504715 3.525769
v 0.698030 0.346074 3.354401
v 0.717176 0.364082 3.634867
v 0.756716 0.502814 3.692844
v 1.023405 0.538320 3.693685
v 0.740330 0.449544 3.818745
v 1.034890 0.477113 3.862599
v 0.731131 0.373200 3.924543
v 0.741124 0.285914 3.758312
v 0.752665 0.196405 3.906148
v 0.715341 0.335670 3.598212
v 0.709274 0.274728 3.561667
v 1.263342 0.363748 3.751514
v 1.242840 0.418122 3.631579
v 1.219825 0.252821 3.717586
v 1.264477 0.282978 3.860721
v 1.036710 0.344429 4.081970
v 1.027404 0.283570 4.090341
v 1.208910 0.111936 4.097731
v 1.245721 0.185615 4.032380
v 1.025050 0.294303 4.066009
v 0.796179 0.269398 4.100607
v 0.781842 0.320845 3.951921
v 1.235408 0.244649 3.895701
v 1.218032 0.186310 3.825656
v 1.186238 0.169771 3.875131
v 1.178461 0.055816 4.077182
v 0.777897 0.191428 3.922723
v 0.800558 0.123343 4.111204
v 0.817590 0.182939 4.155744
v 0.835064 0.019002 4.427063
v 1.046283 0.081133 4.397044
v 0.855069 0.048717 4.459473
v 1.022348 0.196559 4.146915
v 1.237485 0.000351 4.427271
v 1.052066 0.104667 4.428961
v 1.243284 -0.033301 4.391922
v 1.050182 0.007392 4.580227
v 1.251546 -0.049571 4.494974
v 1.216640 -0.098866 4.391639
v 1.179332 -0.121662 4.362662
v 0.837529 0.006354 4.526725
v 0.833535 -0.082281 4.619157
v 1.040591 -0.138925 4.744011
v 1.237804 -0.142190 4.568916
v 1.243392 -0.207748 4.520537
v 1.174869 -0.192614 4.604016
v 1.029896 -0.203924 4.719953
v 0.878347 -0.157215 4.648674
v 0.788621 -0.154947 4.561058
v 0.785578 -0.069278 4.416694
v 0.814827 -0.085337 4.393027
v 0.797970 -0.213077 4.584317
v 0.649556 0.101166 3.492537
v 0.659323 -0.008727 3.447315
v 0.600057 0.065440 3.507906
v 0.618065 -0.052439 3.459528
v 0.699415 -0.102443 3.409514
v 0.621805 0.185382 3.554371
v 0.635856 0.109795 3.741796
v 0.614342 -0.009555 3.695554
v 0.632249 -0.126896 3.647399
v 0.687600 -0.228030 3.603123
v 0.673676 -0.154060 3.415131
v 0.776290 -0.185266 3.373664
v 0.680692 0.292940 3.593406
v 0.686761 0.232661 3.757053
v 0.768739 -0.271541 3.495009
v 0.760186 -0.227140 3.380037
v 0.867194 -0.262853 3.358482
v 0.879702 -0.220344 3.354658
v 0.855632 -0.234053 3.163453
v 0.954169 -0.227282 2.911256
v 0.734513 -0.195890 3.181919
v 0.667714 -0.101181 3.223119
v 0.629005 0.019889 3.253248
v 0.621521 0.152352 3.309896
v 0.652479 0.281849 3.321809
v 0.664566 0.181846 3.523981
v 0.595595 0.202213 2.999509
v 0.603666 0.047205 3.044391
v 0.667714 -0.101181 3.223119
v 0.630924 -0.113046 3.040403
v 0.671198 -0.226406 2.967586
v 0.827224 -0.246536 2.926244
v 0.928373 -0.246357 2.700646
v 0.784038 -0.265089 2.722912
v 0.621305 -0.243406 2.805280
v 0.630924 -0.113046 3.040403
v 0.583642 -0.094118 2.914256
v 0.563724 -0.252732 2.843315
v 0.599103 -0.252848 2.731436
v 0.800522 -0.234068 2.590626
v 0.914672 -0.256487 2.588777
v 0.709274 0.274728 3.561667
v 0.698030 0.346074 3.354401
v 0.671503 0.431850 3.037038
v 0.621728 0.357259 2.997365
v 0.576468 0.247771 2.870684
v 0.579805 0.072045 2.921852
v 0.582139 0.426386 2.769396
v -1.020846 -0.796451 3.481912
v -1.099840 -0.818118 3.462675
v -1.026470 -0.717011 3.371341
v -0.961256 -0.743732 3.516387
v -0.949548 -0.695198 3.371725
v -0.962309 -0.667644 3.403978
v -0.929671 -0.668379 3.546917
v -0.935209 -0.741687 3.647950
v -0.961256 -0.743732 3.516387
v -0.960209 -0.819807 3.628792
v -1.015226 -0.875897 3.592481
v -1.092619 -0.900136 3.573806
v -1.188944 -0.870762 3.554045
v -1.191413 -0.796561 3.449440
v -1.275260 -0.848118 3.572816
v -1.275294 -0.762544 3.461663
v -1.201388 -0.904072 3.532664
v -1.293166 -0.868667 3.568221
v -1.098655 -0.940712 3.556237
v -1.002609 -0.917184 3.574693
v -0.926826 -0.867299 3.618149
v -0.883911 -0.768441 3.647071
v -0.880203 -0.871036 3.758499
v -0.936769 -0.855075 3.808785
v -0.975333 -0.934043 3.739088
v -0.937694 -0.980667 3.776407
v -0.924211 -0.939690 3.696760
v -1.000010 -0.989587 3.653331
v -1.096057 -1.013109 3.634822
v -1.197731 -1.006696 3.644094
v -1.063791 -1.112105 3.724065
v -1.276858 -0.942631 3.730397
v -1.070060 -1.065618 3.711956
v -1.142997 -0.983132 3.695917
v -1.023543 -0.969719 3.703271
v -0.912953 -1.018258 3.795939
v -1.289580 -0.971293 3.679674
v -1.357559 -0.912339 3.736166
v -1.361109 -0.809722 3.624713
v -1.391276 -0.838817 3.804995
v -1.394908 -0.736192 3.693491
v -1.380028 -0.644527 3.786539
v -1.374394 -0.730160 3.690798
v -1.387744 -0.508082 3.609154
v -1.378419 -0.614712 3.547843
v -1.320035 -0.901058 3.773728
v -1.329273 -0.769102 3.881665
v -1.374408 -0.758128 3.948758
v -1.391443 -0.734780 3.900866
v -1.269717 -0.678450 3.196463
v -1.214246 -0.736643 3.316182
v -1.298493 -0.682195 3.326275
v -1.275323 -0.676973 3.350506
v -1.339993 -0.602989 3.370761
v -1.338681 -0.703464 3.495559
v -1.337369 -0.803942 3.620355
v -1.193887 -0.722351 3.344836
v -1.120479 -0.757965 3.321074
v -1.171310 -0.725917 3.190712
v -1.059526 -0.709823 3.137303
v -0.961927 -0.681915 3.162542
v -1.028547 -0.743568 3.340375
v -1.107064 -0.736092 3.351521
v -0.949805 -0.641609 3.061846
v -0.873295 -0.574449 3.100187
v -0.883161 -0.618608 3.200367
v -0.818960 -0.486593 3.144352
v -0.915271 -0.513313 3.079889
v -0.980534 -0.571497 3.047209
v -1.047907 -0.669792 3.036024
v -1.152734 -0.659115 3.025109
v -1.363069 -0.601192 3.350086
v -1.351128 -0.601116 3.216506
v -1.251592 -0.610887 3.030446
v -1.135737 -0.593073 3.012867
v -1.066636 -0.592404 3.023595
v -1.382447 -0.499275 3.404885
v -1.400205 -0.503429 3.384759
v -1.413812 -0.473633 3.257697
v -1.333365 -0.533158 3.050536
v -1.266716 -0.503557 3.028810
v -1.144455 -0.525086 2.750551
v -1.249624 -0.410781 2.761632
v -1.346455 -0.384963 3.077824
v -1.393700 -0.410370 3.092079
v -1.330176 -0.249071 2.773897
v -1.027177 -0.570384 2.770436
v -0.916234 -0.523489 2.811336
v -0.835593 -0.440923 2.873284
v -0.881887 -0.429847 3.116077
v -0.806251 -0.381046 3.191580
v -0.875429 -0.356882 3.149740
v -0.819508 -0.337987 2.920642
v -0.845132 -0.221255 2.956187
v -0.923254 -0.195974 3.208939
v -0.891271 -0.089301 2.965803
v -0.995829 -0.103288 3.251572
v -0.752106 -0.149868 2.710022
v -0.735101 -0.265815 2.688546
v -0.757916 -0.406123 2.639108
v -0.852863 -0.510323 2.569133
v -1.027177 -0.570384 2.770436
v -0.672342 -0.244561 2.722525
v -0.625387 -0.361885 2.696599
v -0.629383 -0.226784 2.741793
v -0.521172 -0.337778 2.769044
v -0.713474 -0.104607 2.688471
v -0.842582 0.052488 2.744398
v -0.965192 0.024791 2.991508
v -1.091419 -0.059724 3.257671
v -0.955664 -0.085097 3.289044
v -0.936915 0.127789 2.793949
v -0.675395 -0.078105 2.720724
v -0.774877 0.063822 2.666552
v -0.880137 0.259183 2.735242
v -1.014637 0.158615 2.812475
v -1.048435 0.072176 2.995813
v -0.728598 0.117453 2.632686
v -0.822537 0.258819 2.554723
v -0.734440 0.341629 2.539249
v -1.098840 0.003114 3.318095
v -1.073526 -0.106618 3.460367
v -0.975178 -0.155122 3.453841
v -1.056706 -0.185650 3.568211
v -0.985496 -0.241877 3.556264
v -1.081695 -0.248176 3.573632
v -1.008609 -0.297290 3.563495
v -1.101876 -0.381490 3.739709
v -0.976063 -0.465209 3.684791
v -1.078936 -0.527098 3.871270
v -0.996110 -0.565149 3.826393
v -0.956015 -0.365277 3.543215
v -0.933668 -0.418318 3.524797
v -0.920935 -0.322913 3.532426
v -0.894600 -0.234662 3.433007
v -0.874679 -0.164976 3.268062
v -0.881893 -0.403760 3.510477
v -0.845798 -0.338583 3.399680
v -0.826540 -0.449714 3.356920
v -0.825597 -0.269364 3.234539
v -0.889914 -0.273831 3.181674
v -0.839303 -0.554315 3.309430
v -0.876663 -0.506506 3.469110
v -0.914927 -0.509306 3.490259
v -0.939718 -0.516517 3.649713
v -0.945768 -0.614715 3.774628
v -0.980131 -0.558991 3.842945
v -0.908490 -0.720539 3.897984
v -0.976441 -0.661587 3.954450
v -0.912182 -0.617932 3.786453
v -0.928646 -0.672804 3.712547
v -0.921785 -0.591050 3.601391
v -0.924143 -0.595082 3.445860
v -0.892998 -0.618706 3.411338
v -0.878390 -0.691464 3.717676
v -0.874697 -0.794083 3.829155
v -0.936386 -0.738695 3.897714
v -0.913575 -0.753803 3.932444
v -0.941415 -1.007101 4.137531
v -0.915517 -1.151357 3.983830
v -0.971981 -1.082968 4.171003
v -0.940666 -1.174566 4.064455
v -1.082598 -0.645223 4.062589
v -1.276570 -0.762476 4.138199
v -1.163376 -0.696156 4.070730
v -1.068236 -0.626194 3.990032
v -1.112728 -0.918671 4.169885
v -1.084001 -1.005066 4.189826
v -1.014318 -1.146399 4.177776
v -1.140794 -1.218788 4.119120
v -1.085703 -1.257135 3.999629
v -1.201585 -1.221642 4.061198
v -1.226089 -1.092078 4.134156
v -1.247592 -1.193693 3.993459
v -1.268996 -1.010969 4.111303
v -1.331290 -0.979749 3.746709
v -1.014318 -1.146399 4.177776
v -1.084001 -1.005066 4.189826
v -1.112728 -0.918671 4.169885
v -1.163376 -0.696156 4.070730
v -1.276570 -0.762476 4.138199
v -1.415851 -0.785711 3.958834
v -1.068336 -1.239621 3.916742
v -0.606365 -0.829978 4.235378
v -0.761984 -0.869776 4.562590
v -0.846406 -0.562958 4.273710
v -0.609222 -0.765731 4.232965
v -0.809497 -0.518697 4.259535
v -0.861273 -0.399183 4.480151
v -0.801440 -0.411996 4.574902
v -0.728640 -0.674898 4.703201
v -0.692127 -0.784121 4.723887
v -0.701737 -0.922386 4.638077
v -0.543760 -0.341923 4.618715
v -0.692970 -0.397823 4.663020
v -0.523266 -0.608919 4.742993
v -0.505938 -0.720111 4.762450
v -0.466633 -0.895051 4.729605
v -0.628037 -0.937266 4.693402
v -0.600129 -0.976481 4.521271
v -0.405290 -0.921213 4.558080
v -0.595214 -0.951141 4.414520
v -0.363621 -0.764974 4.297504
v -0.387103 -0.713655 4.292678
v -0.495451 -0.622259 4.169865
v -0.412636 -0.586684 4.197264
v -0.378994 -0.600512 4.143093
v -0.472294 -0.641965 4.104322
v -0.479730 -0.557885 4.023408
v -0.684417 -0.492560 4.015379
v -0.596682 -0.525157 4.018040
v -0.699226 -0.522236 4.010142
v -0.598445 -0.562001 4.009875
v -0.494808 -0.521043 4.033930
v -0.384700 -0.509424 4.055442
v -0.314871 -0.535377 4.206115
v -0.348550 -0.500485 4.273295
v -0.294737 -0.461514 4.280043
v -0.416500 -0.476197 4.069297
v -0.593931 -0.400860 3.839597
v -0.500716 -0.395644 3.856809
v -0.422724 -0.362996 3.888339
v -0.351371 -0.410517 4.090590
v -0.318039 -0.419255 4.089736
v -0.297891 -0.345353 4.163538
v -0.358685 -0.306323 3.926484
v -0.501218 -0.334056 3.751038
v -0.589183 -0.342075 3.736373
v -0.425578 -0.296926 3.776837
v -0.365383 -0.230732 3.813462
v -0.333277 -0.233033 3.971484
v -0.329672 -0.339943 4.150476
v -0.337930 -0.274558 4.215516
v -0.333245 -0.142446 4.028425
v -0.336932 -0.157049 3.849384
v -0.316329 -0.240423 3.773582
v -0.385195 -0.318843 3.730848
v -0.272324 -0.213537 3.636334
v -0.341113 -0.269027 3.517356
v -0.312298 -0.380858 4.360545
v -0.315436 -0.264685 4.243938
v -0.382123 -0.211172 4.278493
v -0.368836 -0.065013 4.083388
v -0.329883 -0.048011 3.894615
v -0.278975 -0.142734 3.820820
v -0.350174 -0.413864 4.364694
v -0.369915 -0.310707 4.431629
v -0.373030 -0.194559 4.314945
v -0.506508 -0.140185 4.350685
v -0.471184 0.020943 4.125916
v -0.357984 0.053453 3.924799
v -0.497522 -0.301914 4.537831
v -0.310992 -0.437207 4.382992
v -0.543760 -0.341923 4.618715
v -0.467770 -0.297992 4.556102
v -0.489043 -0.203502 4.482141
v -0.487077 -0.137995 4.372024
v -0.523266 -0.608919 4.742993
v -0.505527 -0.150006 4.413764
v -0.532014 -0.137859 4.414465
v -0.532810 0.068965 4.148180
v -0.443436 0.147190 3.948989
v -0.389354 0.153703 3.934853
v -0.312466 0.062860 3.905726
v -0.341386 0.212881 3.810355
v -0.267821 0.121333 3.780624
v -0.249540 0.201294 3.594447
v -0.531055 0.193888 3.963945
v -0.437881 0.229509 3.932410
v -0.449882 0.303315 3.821149
v -0.323019 0.292912 3.623900
v -0.325290 0.212343 3.556682
v -0.439887 0.330136 3.593097
v -0.278673 0.295953 3.282597
v -0.446003 0.366722 3.666464
v -0.143026 0.065688 2.889445
v -0.175482 0.046474 3.023942
v -0.139046 -0.105173 2.932018
v -0.166293 0.209937 2.951457
v -0.154998 0.254836 2.788101
v -0.221694 0.378975 2.973960
v -0.226594 0.155438 3.246083
v -0.270078 0.100809 3.514691
v -0.206494 0.465403 2.723793
v -0.211288 0.090585 3.552422
v -0.264384 -0.008206 3.473283
v -0.219291 0.020641 3.236410
v -0.189310 -0.109109 3.020529
v -0.223661 -0.260161 2.982899
v -0.152747 -0.275705 2.884438
v -0.277659 -0.037405 3.866815
v -0.229519 0.010735 3.738142
v -0.212857 -0.025910 3.502883
v -0.254061 -0.134115 3.451783
v -0.294985 -0.111281 3.432397
v -0.231087 -0.105567 3.688045
v -0.329935 -0.220956 3.405242
v -0.442627 -0.323998 3.480785
v -0.431322 -0.276009 3.368851
v -0.557454 -0.340483 3.458859
v -0.355778 -0.193550 3.396283
v -0.441899 -0.242675 3.365943
v -0.546022 -0.292446 3.346897
v -0.553196 -0.252809 3.345100
v -0.660144 -0.268465 3.342075
v -0.654308 -0.217474 3.342090
v -0.759940 -0.206888 3.354966
v -0.778894 -0.286311 3.539844
v -0.243784 -0.107292 3.215486
v -0.296885 -0.216427 3.165368
v -0.393772 -0.265093 3.127017
v -0.514623 -0.271614 3.101102
v -0.626134 -0.213209 3.095083
v -0.495145 -0.310301 2.902192
v -0.351317 -0.289908 2.935667
v -0.614838 -0.206379 2.860305
v -0.211734 -0.272683 2.833641
v -0.429282 -0.321023 2.765946
v -0.521172 -0.337778 2.769044
v -0.629383 -0.226784 2.741793
v -0.672088 -0.071595 2.838298
v -0.675395 -0.078105 2.720724
v -0.736772 0.091701 2.858282
v -0.728598 0.117453 2.632686
v -0.767533 0.268764 2.894569
v -0.734440 0.341629 2.539249
v -0.708405 -0.119817 3.111569
v -0.614838 -0.206379 2.860305
v -0.784837 0.021135 3.173812
v -0.730591 -0.137194 3.355973
v -0.833360 -0.115169 3.384087
v -0.811454 -0.033856 3.395903
v -0.871578 -0.004375 3.425884
v -0.807805 0.172097 3.201335
v -0.770835 0.276368 3.222408
v -0.777714 0.410105 2.909983
v -0.851372 0.111715 3.453460
v -0.873010 0.107170 3.478940
v -0.804360 0.199690 3.500711
v -0.835673 0.216127 3.528379
v -0.822549 0.057892 3.865917
v -0.852706 -0.088178 3.810032
v -0.804209 -0.070247 4.044911
v -0.882523 -0.016717 3.796044
v -0.843569 0.076280 3.826768
v -0.889196 0.032158 3.662105
v -0.836499 0.141083 3.709436
v -0.890762 -0.084165 3.612034
v -0.877199 -0.123158 3.752836
v -0.852460 -0.194768 3.569576
v -0.842424 -0.223376 3.714074
v -0.806048 -0.202617 3.768715
v -0.775673 -0.306288 3.686708
v -0.705961 -0.295801 3.741601
v -0.808334 -0.286409 3.900952
v -0.707064 -0.379474 3.845329
v -0.781037 -0.428116 4.077303
v -0.822842 -0.342219 4.164563
v -0.856666 -0.175190 3.967155
v -0.802063 -0.228815 4.269610
v -0.852279 -0.354456 4.165325
v -0.799767 -0.452607 4.069524
v -0.586366 -0.653275 4.101648
v -0.687506 -0.638153 4.113978
v -0.800443 -0.578050 4.192381
v -0.855840 -0.482329 4.281075
v -0.876978 -0.304182 4.403935
v -0.859735 -0.233193 4.354462
v -0.879296 -0.400356 4.473743
v -0.760712 -0.572380 4.213743
v -0.625326 -0.628902 4.158573
v -0.341237 -0.748930 4.645441
v -0.505938 -0.720111 4.762450
v -0.389272 -0.831529 4.700105
v -0.466633 -0.895051 4.729605
v -0.405290 -0.921213 4.558080
v -0.382323 -0.888943 4.456922
v -1.318304 -0.486938 3.934688
v -0.880137 0.259183 2.735242
v -0.911844 0.363919 2.718865
v -0.994828 0.303779 2.762482
v -1.014637 0.158615 2.812475
v -1.055946 0.144075 3.023883
v -1.048435 0.072176 2.995813
v -1.091419 -0.059724 3.257671
v -1.098840 0.003114 3.318095
v -1.104462 0.038389 3.420264
v -1.097349 -0.022312 3.514241
v -1.067104 -0.125201 3.443262
v 0.004385 0.129659 4.283385
v 0.011904 -0.099834 4.567153
v -0.026059 0.212512 4.330845
v -0.030270 -0.029049 4.642109
v -0.057573 -0.089867 4.616438
v 0.160088 0.026685 4.666886
v 0.173761 0.249274 4.361022
v -0.050082 0.304750 4.287417
v -0.006335 0.241873 4.144711
v -0.049111 0.382827 4.163631
v 0.175780 0.345135 4.320971
v 0.375489 0.195363 4.332914
v 0.362120 -0.049118 4.638715
v 0.363766 -0.025006 4.674877
v 0.378302 -0.086204 4.747209
v 0.387967 -0.192202 4.825984
v 0.390641 -0.251233 4.770918
v 0.315353 -0.263918 4.878654
v 0.153321 -0.058674 4.822999
v 0.145056 -0.242049 4.988391
v 0.145000 -0.303762 4.930810
v 0.024486 -0.263530 4.857713
v -0.079436 -0.194732 4.808533
v -0.075777 -0.252403 4.762511
v -0.065064 -0.088615 4.730657
v -0.043552 -0.030689 4.663184
v 0.157845 0.049113 4.686269
v -0.014776 -0.600689 4.363150
v 0.090628 -0.558678 4.224022
v 0.091268 -0.647393 4.318644
v 0.211527 -0.570477 4.212121
v 0.212184 -0.659199 4.306742
v 0.217168 -0.616090 4.384071
v 0.105355 -0.604090 4.392762
v 0.336139 -0.705772 4.486466
v 0.349254 -0.749322 4.495741
v 0.022506 -0.567964 4.428226
v 0.111948 -0.489884 4.251382
v 0.206273 -0.499007 4.242076
v 0.328877 -0.545606 4.234655
v 0.424524 -0.450815 4.248631
v 0.383677 -0.410092 4.259026
v 0.484429 -0.368918 4.324875
v 0.316232 -0.464235 4.251897
v 0.462615 -0.151519 4.110756
v 0.384377 -0.265921 4.028766
v 0.385017 -0.217465 3.928252
v 0.307629 -0.303249 3.998731
v 0.210933 -0.320618 3.989826
v 0.127145 -0.314002 3.998690
v 0.214520 -0.293956 3.899929
v 0.100791 -0.334426 3.840269
v 0.103790 -0.281534 3.606215
v 0.215822 -0.349343 3.834604
v 0.229950 -0.297940 3.600022
v 0.327299 -0.319897 3.845415
v 0.311563 -0.265265 3.910498
v 0.421763 -0.249657 3.871400
v 0.487817 -0.147137 3.909404
v 0.457153 -0.220178 3.721230
v 0.352219 -0.265606 3.611837
v 0.350877 -0.217932 3.484567
v 0.227993 -0.250396 3.472677
v 0.226789 -0.201669 3.468420
v 0.101216 -0.233938 3.478918
v 0.346660 -0.186290 3.258072
v 0.343062 -0.161184 3.479358
v 0.455005 -0.140502 3.513160
v 0.529592 -0.107749 3.762926
v 0.425943 -0.086178 3.266693
v 0.436240 -0.069158 3.513295
v 0.527816 -0.027468 3.554976
v 0.474715 0.037541 3.287849
v 0.475246 0.016175 3.538439
v 0.495899 0.169800 3.310349
v 0.499525 0.154825 3.590353
v 0.560573 0.107509 3.604988
v 0.562168 0.026536 3.812690
v 0.517535 -0.024704 3.954790
v 0.462826 -0.079707 3.968515
v 0.459261 -0.316254 4.356408
v 0.507346 0.102901 4.002147
v 0.480419 0.087753 4.019833
v 0.461518 0.045511 4.200539
v 0.440530 -0.189329 4.475514
v 0.499201 -0.275445 4.412328
v 0.466606 -0.184568 4.497703
v 0.500161 -0.401186 4.546553
v 0.322730 -0.083929 4.570689
v 0.361146 0.170053 4.268108
v 0.359073 0.267185 4.104534
v 0.458480 0.220309 4.045713
v 0.550985 0.166465 3.864617
v 0.549337 0.248155 3.657187
v 0.489253 0.244053 3.621677
v 0.450410 0.361321 3.671880
v 0.495459 0.377560 3.705247
v 0.497410 0.295233 3.912429
v 0.449927 0.313136 4.078729
v 0.444487 0.397005 3.957335
v 0.440367 0.460568 3.865340
v 0.444487 0.397005 3.957335
v 0.423055 0.467720 3.738519
v 0.394639 0.429971 3.702270
v 0.395790 0.530889 3.338509
v 0.473678 0.403008 3.317865
v 0.425943 -0.086178 3.266693
v 0.431555 -0.099826 3.038018
v 0.474375 0.054563 3.046636
v 0.481003 0.271763 2.950866
v 0.473482 0.451196 3.040508
v 0.405321 0.595951 3.041797
v 0.451715 0.568407 3.003736
v 0.451621 0.510380 2.788463
v 0.506143 0.271915 2.832258
v 0.500482 0.446168 2.724481
v 0.502871 0.076911 2.901221
v 0.487705 -0.091109 2.912942
v 0.343619 -0.244168 3.021649
v 0.220315 -0.223543 3.249418
v 0.579805 0.072045 2.921852
v 0.576468 0.247771 2.870684
v 0.583642 -0.094118 2.914256
v 0.563724 -0.252732 2.843315
v 0.488637 -0.266794 2.847755
v 0.386198 -0.278649 2.870697
v 0.307560 -0.288155 2.851090
v 0.208062 -0.257802 3.028883
v 0.070123 -0.252231 3.032450
v 0.100756 -0.201927 3.248391
v 0.105597 -0.185903 3.474067
v 0.001747 -0.113282 3.262767
v -0.014630 -0.116671 3.044153
v -0.043133 -0.107317 2.935838
v -0.100395 0.068567 2.851433
v -0.154998 0.254836 2.788101
v -0.143026 0.065688 2.889445
v -0.089164 -0.106178 2.905114
v -0.064831 0.080559 2.896165
v -0.062950 0.054053 3.032814
v -0.060066 0.020453 3.279496
v -0.113065 0.256031 2.762838
v -0.090215 0.287357 2.830318
v -0.093952 0.242022 3.045887
v -0.095706 0.168000 3.315433
v -0.047883 -0.012654 3.522761
v -0.088048 0.511280 2.748144
v -0.135987 0.495185 2.645669
v -0.178472 0.582951 3.005479
v -0.078838 0.619810 3.068174
v -0.135644 0.614405 2.740873
v -0.154046 0.649131 2.528633
v -0.203980 0.650479 2.528354
v -0.230816 0.617062 2.633005
v -0.206494 0.465403 2.723793
v -0.131276 0.254238 3.899552
v -0.103634 0.392071 3.966168
v -0.093467 0.450222 3.853699
v -0.086142 0.483596 3.740762
v -0.080270 0.585884 3.351985
v 0.116925 -0.296813 2.862403
v 0.041316 -0.284484 2.894229
v -0.072903 -0.288934 2.911983
v -0.152747 -0.275705 2.884438
v -0.139046 -0.105173 2.932018
v -0.532014 -0.137859 4.414465
v -0.571920 -0.540153 2.133426
v -0.613988 -0.572837 1.991062
v -0.466455 -0.575811 1.578023
v -0.534497 -0.536552 1.740023
v -0.543429 -0.488002 1.951139
v -0.642164 -0.518551 1.956448
v -0.504795 -0.456029 2.085154
v 0.460403 -0.647504 0.327943
v 0.274382 -0.701939 0.324508
v -0.004371 0.179732 0.295990
v 0.046052 -0.722236 0.319889
v -0.136548 -0.717076 0.314434
v -0.340845 -0.667258 0.310812
v -0.548421 -0.589748 0.320868
v 0.190090 0.806067 0.318762
v 0.382259 0.719198 0.301331
v 0.542608 0.590014 0.317574
v 0.680978 0.410498 0.317023
v 0.757989 0.298286 0.318246
v 0.811467 0.147290 0.334227
v 0.828830 -0.017899 0.319946
v 0.835190 -0.194419 0.315814
v 0.826399 -0.335013 0.327043
v 0.663080 -0.531880 0.334394
v -0.783222 -0.449662 0.313147
v -0.806380 -0.276774 0.302976
v -0.838383 -0.034962 0.314147
v -0.815309 0.159204 0.318378
v -0.747114 0.335930 0.316080
v -0.628000 0.516467 0.311581
v -0.483683 0.653811 0.311205
v -0.302406 0.750983 0.310329
v -0.056505 0.824655 0.314316
v 1.128501 -0.413679 2.017926
v 1.504117 -0.419728 1.953226
v 1.499690 -0.324782 2.212091
v 1.222349 -0.187924 2.334836
v 1.481642 -0.151402 2.349759
v 0.396687 -0.622707 1.443572
v 0.490522 -0.601886 1.539393
v 0.556063 -0.575810 1.655331
v 2.548372 -0.295172 2.788564
v 2.510302 -0.305338 2.657903
v 2.665459 -0.128703 2.690603
v 2.591317 -0.289074 2.785690
v 2.698366 -0.246351 2.890850
v 2.791448 -0.103237 2.811984
v 2.747377 -0.178542 2.945275
v 2.748768 -0.109908 2.816091
v 2.649238 -0.249557 2.899760
v 2.708159 -0.122520 2.688145
v 2.674804 0.043207 2.675793
v 2.633154 -0.136191 2.556411
v 2.590381 -0.142410 2.558617
v 2.467305 -0.311449 2.660665
v 2.422461 -0.332527 2.555113
v 2.523215 -0.148688 2.440965
v 2.379481 -0.338682 2.557586
v 2.566020 -0.142462 2.438881
v 2.600422 0.045171 2.542002
v 2.643114 0.051432 2.540068
v 2.541310 0.247717 2.612371
v 2.579561 0.235383 2.745143
v 2.622184 0.241565 2.742590
v 2.498670 0.241493 2.614587
v 2.456157 0.269017 2.505806
v 2.576549 0.048278 2.422881
v 2.533732 0.042011 2.424729
v 2.458581 -0.151866 2.304074
v 2.318034 -0.324722 2.415939
v 2.413344 0.262784 2.507850
v 2.348568 0.252044 2.369559
v 2.469292 0.048761 2.287585
v 1.216640 -0.098866 4.391639
v 1.243392 -0.207748 4.520537
v 1.174869 -0.192614 4.604016
v 1.145965 -0.476843 4.836217
v 1.132725 -0.579887 4.874318
v 1.158499 -0.744504 4.809316
v 1.099400 -0.773908 4.868309
v 2.613941 0.248207 2.681855
v 2.579561 0.235383 2.745143
v 2.541310 0.247717 2.612371
v 2.622184 0.241565 2.742590
v 2.727930 0.194693 2.851026
v 2.675641 0.195749 2.862883
v 2.784813 0.158695 2.915563
v 2.830715 0.078982 3.017597
v 2.824503 0.064577 2.965782
v 2.750364 0.143225 2.916398
v 2.712201 0.244288 2.866976
v 2.595580 0.288267 2.700838
v 2.484634 0.269310 2.493787
v 2.456157 0.269017 2.505806
v 2.792381 0.049843 2.963112
v 2.814932 -0.104164 2.978941
v 2.819960 -0.110715 3.032430
v 2.784258 -0.093500 2.974300
v 2.126512 0.205874 2.952429
v 2.227053 0.197145 3.060189
v 2.328521 0.334028 2.946707
v 2.211394 0.355071 2.820466
v 2.462360 0.363500 2.820657
v 2.321465 0.388468 2.668677
v 2.446146 0.312893 2.482620
v 2.363700 0.267770 2.362726
v 2.348568 0.252044 2.369559
v 2.368931 0.075849 2.233633
v 2.310575 0.311817 2.332003
v 2.463265 0.066904 2.226958
v 2.357052 -0.147473 2.251807
v 2.451086 -0.161733 2.245589
v 2.497321 0.045489 2.274706
v 2.488131 -0.154633 2.287855
v 2.469292 0.048761 2.287585
v 1.144157 0.345836 1.103903
v 1.070717 0.415678 1.209467
v 1.131714 0.409835 1.339768
v 1.094539 0.345016 1.322319
v 1.105967 0.375378 1.518233
v 1.300900 0.305853 1.447179
v 1.401219 0.316259 1.641504
v 1.223722 0.281901 1.283076
v 1.100093 0.258576 1.097642
v 1.157081 0.250684 0.933069
v 1.064829 0.347686 0.920248
v 1.022625 0.390595 1.259400
v 1.094371 0.476283 1.536741
v 1.141206 0.450008 1.539223
v 1.014012 0.199870 0.762772
v 1.000089 0.417901 0.783146
v 1.509379 0.201243 1.482016
v 1.450930 0.190146 1.376632
v 1.576979 0.228139 1.617745
v 1.626477 0.285973 1.789302
v 1.630922 0.321349 2.032918
v 1.595858 0.309711 2.201390
v 1.062055 0.026673 0.735978
v 1.113558 0.210228 0.714946
v 1.155841 0.120345 0.808058
v 1.132224 0.152076 0.985142
v 1.260068 0.160333 1.150604
v 1.354021 0.211040 1.262780
v 1.226696 0.073629 1.060738
v 1.211352 0.001950 0.962310
v 1.124684 0.048559 0.886323
v 1.059958 -0.131632 0.737116
v 1.135048 0.040744 0.690309
v 1.131091 -0.156409 0.689146
v 1.056778 0.027410 0.157686
v 1.050563 -0.145159 0.159599
v 1.036891 -0.336402 0.154894
v 1.112645 -0.301076 0.682720
v 0.823784 -0.000086 0.158934
v 0.826905 -0.177014 0.156405
v 0.813914 -0.308027 0.158693
v 0.826399 -0.335013 0.327043
v 0.944005 -0.348672 0.634624
v 1.007767 -0.349450 0.782976
v 1.159981 -0.231958 0.882456
v 1.189001 -0.103682 0.900269
v 1.142454 -0.364081 0.906224
v 0.835190 -0.194419 0.315814
v 0.826399 -0.335013 0.327043
v 0.828830 -0.017899 0.319946
v 0.812797 0.142795 0.167502
v 1.033868 0.207342 0.160153
v 0.811467 0.147290 0.334227
v 0.757989 0.298286 0.318246
v 0.760817 0.293828 0.151532
v 0.963498 0.397794 0.154859
v 1.060810 0.423554 0.751083
v 0.701391 0.770856 0.150366
v 0.950396 0.602858 0.800014
v 0.870320 0.566130 0.153022
v 0.682585 0.410902 0.150179
v 0.544070 0.589851 0.150734
v 0.388981 0.715962 0.134268
v 0.680978 0.410498 0.317023
v 0.542608 0.590014 0.317574
v 0.382259 0.719198 0.301331
v 0.180420 0.808503 0.152217
v -0.071133 1.048484 0.139003
v 0.190090 0.806067 0.318762
v -0.056505 0.824655 0.314316
v -0.054080 0.820342 0.147541
v -0.300391 0.747994 0.143530
v -0.483683 0.653811 0.311205
v -0.302406 0.750983 0.310329
v -0.783222 -0.449662 0.313147
v -0.766144 -0.431606 0.146160
v -0.806380 -0.276774 0.302976
v -0.815507 -0.258203 0.143086
v -0.838383 -0.034962 0.314147
v -0.840860 -0.025142 0.150032
v -0.815309 0.159204 0.318378
v -0.813468 0.158333 0.151549
v -0.747114 0.335930 0.316080
v -0.747141 0.333024 0.149254
v -1.043696 0.204581 0.146251
v -0.963105 0.434727 0.147306
v -1.130119 0.214256 0.704024
v -1.030337 0.444647 0.770820
v -1.047088 0.227345 0.804855
v -0.984997 0.433300 0.830791
v -1.124355 0.287181 1.171580
v -1.053615 0.474677 1.182742
v -1.177446 0.299125 1.489723
v -1.116357 0.480769 1.538851
v -0.854014 0.439912 0.913652
v -0.912464 0.480109 1.272542
v -1.229939 0.289004 1.748898
v -1.184409 0.235928 1.490499
v -1.226685 0.218437 1.738806
v -1.248888 0.251104 1.970824
v -1.194658 0.382794 2.106763
v -1.016051 0.354427 2.154371
v -1.271500 0.171493 2.000219
v -1.167272 0.242365 2.208730
v -1.284127 0.190926 2.195484
v -1.268448 0.134308 2.170478
v 0.485388 -0.494674 4.459076
v 0.425487 -0.576532 4.382781
v 0.383900 -0.543205 4.454327
v 0.314367 -0.596056 4.407509
v 0.329553 -0.634317 4.329276
v 0.420389 -0.499487 4.498315
v 0.362120 -0.049118 4.638715
v 0.467563 -0.310293 4.631927
v 0.455807 -0.404784 4.598569
v 0.508447 -0.424995 4.624340
v 0.432622 -0.757967 4.958332
v 0.322562 -0.915055 4.764016
v 0.390641 -0.251233 4.770918
v 0.315353 -0.263918 4.878654
v 0.295424 -0.574913 5.067020
v 0.293451 -0.690638 5.097704
v 0.312788 -0.936693 4.877977
v 0.376636 -0.832938 5.027849
v 0.295919 -0.881969 5.067905
v 0.454800 0.410187 4.117073
v 0.170096 0.446830 4.324833
v 0.414601 0.379296 4.136694
v 0.176364 0.367319 4.286384
v 0.411754 0.283169 4.287923
v -0.124830 0.432357 4.126300
v 0.174036 0.586388 4.091886
v 0.440945 0.500048 4.001747
v 0.444487 0.397005 3.957335
v 0.444487 0.397005 3.957335
v -0.103634 0.392071 3.966168
v -0.113800 0.333915 4.078660
v 0.449927 0.313136 4.078729
v 0.359073 0.267185 4.104534
v 0.361146 0.170053 4.268108
v 0.322730 -0.083929 4.570689
v 1.481642 -0.151402 2.349759
v 1.509657 -0.194976 2.452484
v 1.480287 0.012322 2.389872
v 1.647210 0.378939 2.241817
v 1.561971 0.248861 2.304867
v 1.599348 0.302651 2.382927
v 1.523728 0.146545 2.364035
v 1.549186 0.173378 2.468863
v 1.514226 0.004264 2.501531
v 1.642651 0.002893 2.571045
v 1.868832 0.329000 2.216644
v 1.973260 0.298157 2.344257
v 1.776072 0.361991 2.326635
v 1.719028 0.284097 2.450913
v 1.672740 0.157310 2.537888
v 1.812721 0.306335 2.340145
v 1.764683 0.233353 2.441598
v 1.733587 0.127887 2.524470
v 1.714749 0.006799 2.552392
v 1.790050 0.023460 2.590661
v 1.813846 0.150215 2.563955
v 1.857407 0.245923 2.472045
v 2.097274 0.287596 2.493622
v 2.110121 0.321674 2.506448
v 2.022186 0.268081 2.635441
v 2.024505 0.238806 2.622517
v 1.982486 0.165650 2.703246
v 1.957817 0.213483 2.725061
v 2.053762 0.303132 2.687069
v 2.157115 0.377575 2.533515
v 1.959618 0.025435 2.726725
v 1.960949 -0.151314 2.737198
v 1.797381 -0.149447 2.587091
v 1.964617 0.014213 2.735219
v 1.976135 0.182253 2.717885
v 2.013035 0.196205 2.796722
v 1.975661 0.231753 2.803040
v 1.949948 -0.153601 2.751762
v 1.989265 -0.163150 2.824260
v 2.132284 0.178751 2.928125
v 2.112680 -0.150467 2.952764
v 2.103059 -0.186704 2.981843
v 2.205597 -0.159725 3.087531
v 2.323952 -0.137553 3.202446
v 2.342999 0.187536 3.176783
v 2.788090 0.204060 2.973133
v 2.582569 0.322802 2.973583
v 2.448748 0.302426 3.086125
v 2.530228 0.275124 3.185566
v 2.668598 0.280856 3.098312
v 2.667388 0.111760 3.295560
v 2.776637 0.101806 3.233655
v 2.419945 0.180533 3.252581
v 2.585080 0.117562 3.324599
v 2.656437 -0.081486 3.310657
v 2.765558 -0.093573 3.248950
v 2.574246 -0.073445 3.339523
v 2.401376 -0.127682 3.277143
v -1.032317 -0.190181 0.804021
v -1.122013 -0.123706 1.021770
v -1.081258 -0.091708 0.747034
v -1.200605 -0.073570 1.112816
v -1.076006 0.123602 0.766067
v -1.194703 0.130812 1.133047
v -1.043520 0.177098 0.810545
v -1.120449 0.224482 1.166658
v -1.275520 0.129704 1.452673
v -1.184409 0.235928 1.490499
v -1.285963 -0.077598 1.448200
v -1.210208 -0.106839 1.299380
v -1.160489 -0.156148 1.003537
v -1.058623 -0.232537 0.815322
v -0.934279 -0.427660 0.769076
v -1.051581 -0.407528 0.983226
v -0.957260 -0.562742 1.217263
v -1.129346 -0.390629 1.240951
v -1.258901 -0.134291 1.303722
v -1.218777 -0.147761 1.470445
v -1.323199 -0.087541 1.687001
v -1.320713 0.118628 1.711441
v -1.010296 -0.558449 1.465859
v -1.173465 -0.407658 1.470718
v -1.266526 -0.201943 1.489967
v -1.249399 -0.154248 1.689886
v -1.339946 -0.097415 1.935905
v -1.294735 -0.093471 1.984709
v -1.343817 0.095763 1.949713
v -1.226685 0.218437 1.738806
v 2.717425 0.049416 2.673466
v 2.756751 0.034642 2.803861
v 2.799368 0.040907 2.800190
v 2.675641 0.195749 2.862883
v 2.727930 0.194693 2.851026
v 2.750364 0.143225 2.916398
v 2.792381 0.049843 2.963112
v 2.784258 -0.093500 2.974300
v -1.131989 -0.257265 0.682958
v -1.032317 -0.190181 0.804021
v -1.081258 -0.091708 0.747034
v -0.934279 -0.427660 0.769076
v -1.090317 -0.433345 0.672886
v -0.783222 -0.449662 0.313147
v -1.007730 -0.459440 0.159245
v -1.050140 -0.270608 0.154298
v -1.075402 -0.030387 0.150466
v -1.152852 -0.030510 0.687084
v -1.076006 0.123602 0.766067
v -1.043520 0.177098 0.810545
v -1.120449 0.224482 1.166658
v -0.771090 0.646324 2.757452
v -0.657415 0.762014 2.828939
v -0.622721 0.783297 2.644020
v -0.481163 0.779865 2.829765
v -0.445308 0.786213 2.660640
v -0.294185 0.735730 2.800369
v -0.264142 0.737169 2.648334
v -0.256916 0.604814 2.790115
v -0.230816 0.617062 2.633005
v -0.727279 0.667398 2.594688
v -0.575967 0.761607 2.496327
v -0.400353 0.756620 2.522252
v -0.235086 0.714472 2.554714
v 2.019194 -0.375145 2.442636
v 1.974259 -0.376637 2.380746
v 2.019096 -0.380934 2.366353
v 2.063948 -0.383252 2.381122
v 2.091686 -0.382690 2.419402
v 2.091725 -0.379487 2.466573
v 2.064035 -0.374848 2.504609
v 2.019203 -0.370549 2.518994
v 1.974358 -0.368234 2.504235
v 2.115683 -0.404577 2.460199
v 2.115656 -0.406692 2.429074
v 2.106024 -0.408001 2.399443
v 2.087716 -0.408369 2.374189
v 2.062538 -0.407760 2.355791
v 2.032949 -0.406232 2.346047
v 2.001846 -0.403934 2.345919
v 2.152077 -0.406691 2.466102
v 2.138940 -0.402956 2.506612
v 2.152048 -0.409594 2.423455
v 2.138843 -0.411382 2.382849
v 2.113757 -0.411881 2.348233
v 2.079247 -0.411051 2.323015
v 2.038706 -0.408959 2.309672
v 1.996066 -0.405810 2.309484
v 1.972274 -0.401097 2.355411
v 1.955537 -0.401918 2.322493
v 1.947123 -0.398006 2.373595
v 1.921064 -0.397672 2.347409
v 1.928861 -0.394941 2.398686
v 1.896036 -0.393483 2.381816
v 1.919265 -0.392213 2.428244
v 1.946579 -0.371996 2.418786
v 1.946620 -0.368789 2.465950
v 1.919292 -0.390099 2.459357
v 1.928924 -0.388791 2.489002
v 1.882896 -0.389750 2.422312
v 1.882925 -0.386849 2.464956
v 1.896128 -0.385055 2.505573
v 1.947225 -0.388430 2.514252
v 1.921213 -0.384553 2.540184
v 1.972411 -0.389046 2.532649
v 1.955722 -0.385397 2.565404
v 2.001997 -0.390567 2.542386
v 2.033102 -0.392861 2.542521
v 2.062677 -0.395695 2.533027
v 2.087828 -0.398792 2.514848
v 2.106091 -0.401854 2.489751
v 1.996272 -0.387485 2.578748
v 2.038905 -0.390635 2.578926
v 2.079441 -0.394521 2.565927
v 2.113904 -0.398761 2.541013
v 2.148323 0.343963 2.393602
v 2.133946 0.348051 2.437929
v 2.176347 0.362361 2.408571
v 2.166382 0.365193 2.439298
v 2.147392 0.368370 2.465389
v 2.096216 0.352702 2.465202
v 2.121248 0.371592 2.484297
v 2.090502 0.374541 2.494157
v 2.049558 0.356144 2.465007
v 2.058165 0.376929 2.494015
v 2.027408 0.378517 2.483886
v 2.011785 0.357057 2.437411
v 2.208796 0.357135 2.371236
v 2.208833 0.360036 2.413888
v 2.195683 0.363763 2.454383
v 2.170657 0.367965 2.488783
v 2.136189 0.372214 2.513703
v 2.095654 0.376100 2.526711
v 2.053028 0.379241 2.526532
v 2.012469 0.381334 2.513175
v 2.001232 0.379152 2.464768
v 1.977963 0.382173 2.487956
v 1.982207 0.378774 2.438513
v 1.952883 0.381673 2.453360
v 1.972194 0.377409 2.407712
v 1.939670 0.379883 2.412738
v 1.972166 0.375210 2.375354
v 1.997337 0.355099 2.392962
v 2.011723 0.351015 2.348624
v 1.982139 0.372374 2.344631
v 2.001126 0.369200 2.318546
v 1.939646 0.376983 2.370088
v 1.952786 0.373249 2.329580
v 1.977822 0.369054 2.295193
v 2.072799 0.349037 2.393316
v 2.049452 0.346360 2.321347
v 2.027270 0.365978 2.299645
v 2.012290 0.364800 2.270270
v 2.058013 0.363029 2.289774
v 2.052819 0.360918 2.257264
v 2.090352 0.360648 2.289917
v 2.133877 0.342009 2.349147
v 2.096111 0.342922 2.321546
v 2.121114 0.359054 2.300036
v 2.147283 0.358421 2.319166
v 2.166308 0.358798 2.345418
v 2.176326 0.360159 2.376229
v 2.095448 0.357772 2.257439
v 2.136008 0.355677 2.270803
v 2.170510 0.354846 2.296009
v 2.195595 0.355350 2.330620
v 1.952883 0.381673 2.453360
v 1.921213 -0.384553 2.540184
v 1.977963 0.382173 2.487956
v 1.896128 -0.385055 2.505573
v 1.939670 0.379883 2.412738
v 1.882925 -0.386849 2.464956
v 1.939646 0.376983 2.370088
v 1.882896 -0.389750 2.422312
v 1.952786 0.373249 2.329580
v 1.896036 -0.393483 2.381816
v 1.977822 0.369054 2.295193
v 1.921064 -0.397672 2.347409
v 2.136189 0.372214 2.513703
v 2.113904 -0.398761 2.541013
v 2.170657 0.367965 2.488783
v 2.079441 -0.394521 2.565927
v 2.095654 0.376100 2.526711
v 2.038905 -0.390635 2.578926
v 2.053028 0.379241 2.526532
v 1.996272 -0.387485 2.578748
v 2.012469 0.381334 2.513175
v 1.955722 -0.385397 2.565404
v 2.195595 0.355350 2.330620
v 2.113757 -0.411881 2.348233
v 2.170510 0.354846 2.296009
v 2.138843 -0.411382 2.382849
v 2.208796 0.357135 2.371236
v 2.152048 -0.409594 2.423455
v 2.208833 0.360036 2.413888
v 2.152077 -0.406691 2.466102
v 2.195683 0.363763 2.454383
v 2.138940 -0.402956 2.506612
v 2.012290 0.364800 2.270270
v 1.921064 -0.397672 2.347409
v 1.977822 0.369054 2.295193
v 1.955537 -0.401918 2.322493
v 2.052819 0.360918 2.257264
v 1.996066 -0.405810 2.309484
v 2.095448 0.357772 2.257439
v 2.038706 -0.408959 2.309672
v 2.136008 0.355677 2.270803
v 2.079247 -0.411051 2.323015
v -0.240969 0.051977 -0.506130
v -0.316486 0.190597 -0.456903
v -0.210994 0.127899 -0.506830
v -0.115171 0.023698 -0.536592
v -0.099997 0.062131 -0.536946
v 0.013769 -0.005087 -0.546509
v -0.117726 -0.017544 -0.536190
v -0.338000 -0.156754 -0.453524
v -0.367937 -0.040633 -0.454710
v -0.225636 -0.108532 -0.504531
v -0.181830 -0.177406 -0.503788
v -0.085234 -0.092424 -0.535406
v -0.053368 -0.118731 -0.535099
v -0.107410 -0.057557 -0.535782
v -0.246014 -0.029491 -0.505338
v -0.360526 0.079055 -0.455874
v -0.413882 0.248681 -0.388395
v -0.500775 0.300718 -0.302989
v -0.381855 0.444751 -0.304224
v -0.470896 0.104267 -0.387063
v -0.258646 0.624906 -0.205060
v -0.224244 0.544988 -0.304970
v -0.051706 0.678257 -0.205270
v -0.438973 0.510224 -0.204205
v -0.575032 0.345433 -0.202793
v -0.569365 0.126989 -0.301386
v -0.480493 -0.050696 -0.385555
v -0.580909 -0.059430 -0.299573
v -0.653506 0.146664 -0.200959
v -0.634822 0.381719 -0.090271
v -0.484973 0.563211 -0.091827
v -0.286372 0.689517 -0.092767
v -0.058460 0.748273 -0.093000
v -0.306738 0.737225 0.029140
v -0.063466 0.799943 0.028893
v -0.518723 0.602407 0.030144
v -0.678670 0.408684 0.031804
v -0.721250 0.162806 -0.088251
v -0.770923 0.175018 0.033961
v -0.735797 -0.072097 -0.085966
v -0.666716 -0.066624 -0.198884
v -0.613366 -0.273553 -0.196770
v -0.786452 -0.075716 0.036400
v -0.801310 0.183001 0.162668
v -0.817436 -0.077391 0.165200
v -0.705502 0.425665 0.160429
v -0.539393 0.626851 0.158704
v -0.319245 0.766864 0.157662
v -0.066602 0.831996 0.157405
v -0.546476 0.635939 0.290689
v -0.323581 0.777695 0.289633
v -0.714656 0.432245 0.292435
v -0.811655 0.186555 0.294701
v -0.827983 -0.077083 0.297266
v -0.752305 -0.330022 0.167782
v -0.762039 -0.332861 0.299879
v -0.612288 -0.550158 0.170155
v -0.723735 -0.318976 0.038884
v -0.588914 -0.530949 0.041170
v -0.550732 -0.498588 -0.081496
v -0.395184 -0.690886 0.043035
v -0.411096 -0.716255 0.172091
v -0.369234 -0.648426 -0.079750
v -0.333883 -0.589920 -0.193239
v -0.168421 -0.812056 0.173400
v -0.161508 -0.783133 0.044295
v -0.150312 -0.734847 -0.078570
v -0.135107 -0.668386 -0.192168
v -0.116267 -0.585392 -0.293703
v 0.089238 -0.798655 0.044827
v 0.091983 -0.828177 0.173953
v 0.084602 -0.749390 -0.078071
v 0.078191 -0.681594 -0.191716
v 0.070162 -0.596932 -0.293307
v 0.060713 -0.497496 -0.380346
v 0.344627 -0.763045 0.173696
v 0.332510 -0.735940 0.044579
v 0.312514 -0.690634 -0.078303
v 0.285131 -0.628242 -0.191927
v 0.251034 -0.550303 -0.293491
v 0.211064 -0.458736 -0.380499
v 0.166204 -0.355794 -0.450806
v 0.564775 -0.623032 0.172653
v 0.544495 -0.601120 0.043575
v 0.511116 -0.564327 -0.079243
v 0.465457 -0.513560 -0.192780
v 0.408644 -0.450067 -0.294238
v 0.342079 -0.375414 -0.381120
v 0.267395 -0.291436 -0.451284
v 0.186437 -0.200206 -0.503006
v 0.704442 -0.407396 0.041915
v 0.730884 -0.421846 0.170929
v 0.660964 -0.382836 -0.080799
v 0.601517 -0.348769 -0.194193
v 0.527564 -0.306034 -0.295472
v 0.440932 -0.255686 -0.382147
v 0.343749 -0.198963 -0.452077
v 0.387785 -0.087421 -0.453106
v 0.268382 -0.061339 -0.504246
v 0.497946 -0.111272 -0.383479
v 0.596154 -0.132304 -0.297075
v 0.679991 -0.150000 -0.196026
v 0.747392 -0.163923 -0.082819
v 0.842818 0.081211 0.166157
v 0.826692 -0.179182 0.168690
v 0.812224 0.077004 0.037319
v 0.796697 -0.173730 0.039759
v 0.761939 0.070981 -0.085104
v 0.693201 0.063287 -0.198101
v 0.607699 0.054115 -0.298889
v 0.507543 0.043690 -0.384987
v 0.749507 0.320264 0.034836
v 0.703184 0.298880 -0.087432
v 0.639850 0.270217 -0.200215
v 0.561070 0.234978 -0.300736
v 0.468783 0.194033 -0.386523
v 0.365260 0.148389 -0.455457
v 0.395197 0.032267 -0.454271
v 0.209243 0.168044 -0.506589
v 0.253050 0.099170 -0.505846
v 0.112741 0.082454 -0.536824
v 0.300900 0.249575 -0.456548
v 0.385459 0.325041 -0.387934
v 0.460831 0.392580 -0.302436
v 0.525165 0.450533 -0.202160
v 0.265727 0.423888 -0.389087
v 0.208424 0.325921 -0.457438
v 0.146297 0.220010 -0.507195
v 0.080875 0.108762 -0.537131
v 0.042439 0.123935 -0.537339
v 0.001195 0.126488 -0.537426
v 0.070371 0.249983 -0.507604
v 0.161591 0.665051 -0.204818
v 0.360368 0.586584 -0.203746
v 0.143056 0.580076 -0.304759
v 0.316793 0.511492 -0.303822
v 0.121307 0.480898 -0.389866
v 0.096878 0.369956 -0.458040
v 0.176454 0.733730 -0.092501
v 0.395376 0.647310 -0.091321
v 0.576874 0.497471 -0.089574
v 0.614686 0.532237 0.032549
v 0.420956 0.692173 0.030684
v 0.187281 0.784418 0.029424
v 0.193803 0.815875 0.157957
v 0.436478 0.720074 0.159265
v 0.637670 0.553977 0.161202
v 0.777687 0.333841 0.163576
v 0.645262 0.562156 0.293216
v 0.787021 0.339275 0.295620
v 0.441560 0.730325 0.291257
v 0.195860 0.827317 0.289932
v -0.067790 0.843639 0.289372
v 0.739637 -0.425831 0.303065
v 0.836637 -0.180141 0.300798
v 0.852965 0.083497 0.298234
v -0.620280 -0.555743 0.302283
v -0.416578 -0.723912 0.304243
v -0.170878 -0.820903 0.305568
v 0.348563 -0.771281 0.305868
v 0.571458 -0.629526 0.304812
v -0.273995 0.575734 2.955789
v 0.273427 0.020130 -0.505038
v 0.134917 0.047588 -0.536448
v 0.145233 0.007575 -0.536039
v 0.142679 -0.033667 -0.535639
v 0.050077 -0.385731 -0.450688
v -0.069618 -0.378322 -0.450942
v 0.038515 -0.264389 -0.502599
v 0.117559 -0.244011 -0.502680
v 0.066327 -0.126141 -0.534845
v 0.101195 -0.103966 -0.535010
v 0.127504 -0.072101 -0.535284
v 0.238407 -0.137261 -0.503545
v -0.094257 -0.487903 -0.380675
v -0.290004 -0.516807 -0.294639
v -0.498680 -0.453869 -0.194825
v -0.677041 -0.299997 -0.083638
v -0.434041 -0.397895 -0.296025
v -0.238677 -0.430893 -0.381454
v -0.534281 -0.240293 -0.297725
v -0.358409 -0.332047 -0.382606
v -0.181164 -0.334286 -0.451542
v -0.042958 -0.259345 -0.502771
v 0.026312 -0.136458 -0.534804
v -0.441733 -0.201039 -0.384019
v -0.273641 -0.257941 -0.452433
v -0.118883 -0.229372 -0.503181
v -0.014932 -0.133904 -0.534892
v -0.022817 0.377365 -0.458294
v -0.138944 0.347428 -0.458175
v -0.090146 0.234649 -0.507696
v -0.011101 0.255027 -0.507777
v -0.038820 0.116172 -0.537385
v -0.073688 0.093996 -0.537219
v -0.159024 0.190844 -0.507370
v -0.240136 0.283070 -0.457696
v -0.315029 0.368409 -0.389421
v -0.184013 0.451731 -0.390041
v -0.043372 0.591617 -0.305155
v -0.033663 0.490491 -0.390194
v -0.410881 0.409725 3.276763
v -0.350020 0.504150 2.989201
v -0.273995 0.575734 2.955789
v -0.256916 0.604814 2.790115
v -0.230816 0.617062 2.633005
v 1.718104 -0.107194 1.372310
v 1.654522 -0.132581 1.241445
v 0.497114 0.626281 2.826633
v 0.496445 0.629533 2.686484
v 0.483180 0.612607 2.540152
v 0.534923 0.576909 2.547108
v 0.582139 0.426386 2.769396
v 1.144147 0.001221 2.734219
v 1.652352 -0.172468 2.541400
v 1.714772 -0.149439 2.519754
v -1.391335 -0.408695 3.437667
v -1.398531 -0.354445 3.442728
v -1.412161 -0.398602 3.415265
v -1.425891 -0.355132 3.292356
v -1.402585 -0.285734 3.137185
v -1.364213 -0.276382 3.125634
v -1.340351 -0.104817 2.786669
v -1.320917 -0.028711 2.889045
v -1.304375 0.060221 2.656323
v -1.371434 -0.171763 3.190189
v -1.414291 -0.251419 3.325825
v -1.417406 -0.338176 3.403706
v -1.005523 -0.531430 2.517685
v -1.150391 -0.457434 2.494270
v -1.265455 -0.308867 2.506801
v -1.315920 -0.155215 2.530904
v -1.346916 -0.028041 2.539292
v -0.477203 -0.368550 3.697537
v -0.581323 -0.383515 3.677843
v -0.678927 -0.347742 3.526418
v -0.684993 -0.361901 3.674099
v 1.499690 -0.324782 2.212091
v 1.504117 -0.419728 1.953226
v 1.464302 -0.446210 1.772072
v 1.375171 -0.487748 1.539240
v 1.276918 -0.534178 1.414480
v 0.382613 -0.560535 2.245053
v 0.433690 -0.575242 2.186305
v 0.474744 -0.591427 2.120506
v 0.715341 0.335670 3.598212
v 0.717176 0.364082 3.634867
v 0.741124 0.285914 3.758312
v -0.340845 -0.667258 0.310812
v -0.548421 -0.589748 0.320868
v -0.783222 -0.449662 0.313147
vn 0.7036 -0.0881 -0.7051
vn 0.7775 -0.1573 -0.6089
vn 0.7750 -0.1417 -0.6158
vn 0.7576 -0.1906 -0.6243
vn 0.9472 -0.3055 0.0974
vn 0.5897 -0.4078 -0.6971
vn 0.1377 0.5285 -0.8377
vn 0.5061 0.1886 -0.8416
vn 0.7612 -0.6418 0.0927
vn 0.3695 -0.8315 0.4149
vn 0.6038 -0.7837 -0.1462
vn 0.7889 0.3117 -0.5295
vn 0.5751 0.2736 -0.7710
vn 0.5402 0.3170 -0.7796
vn 0.7562 0.2454 -0.6065
vn 0.4267 0.5168 -0.7422
vn 0.9017 -0.3136 -0.2977
vn 0.9930 -0.0056 0.1182
vn 0.8746 -0.1466 0.4622
vn 0.1694 -0.9571 0.2350
vn 0.5152 -0.8446 -0.1454
vn 0.4405 -0.8509 -0.2863
vn 0.0657 -0.8477 -0.5264
vn 0.0094 -0.9974 0.0719
vn 0.1243 -0.9740 0.1893
vn -0.2871 -0.8050 0.5191
vn -0.2611 -0.8151 0.5171
vn -0.0854 -0.7561 0.6488
vn 0.3780 -0.3119 0.8717
vn 0.7313 -0.3407 0.5909
vn 0.0211 -0.2265 0.9738
vn -0.4860 -0.2993 0.8211
vn -0.6400 -0.3010 0.7070
vn -0.6565 -0.2862 0.6980
vn -0.7529 -0.2010 0.6267
vn -0.3391 -0.8236 0.4547
vn -0.8831 0.0322 0.4680
vn -0.6048 -0.7740 0.1874
vn -0.3344 -0.9268 -0.1708
vn -0.8538 -0.4621 -0.2399
vn -0.6401 -0.7008 -0.3148
vn -0.9968 0.0313 -0.0730
vn -0.8017 -0.5968 -0.0345
vn -0.2049 -0.9777 -0.0454
vn -0.2703 -0.6900 -0.6715
vn -0.3412 -0.8090 0.4786
vn -0.5698 -0.3738 0.7319
vn -0.0799 -0.4097 0.9087
vn -0.9892 -0.1113 -0.0952
vn -0.9815 0.1687 -0.0906
vn -0.7742 0.4027 0.4883
vn -0.9313 0.2404 0.2738
vn 0.2036 -0.8258 -0.5259
vn 0.0403 -0.9946 0.0953
vn 0.0496 -0.7701 0.6360
vn 0.1024 -0.7466 0.6573
vn -0.0237 -0.4226 0.9060
vn -0.7477 -0.4162 0.5175
vn -0.4936 -0.7947 0.3534
vn -0.5706 -0.4825 0.6646
vn 0.3662 -0.8917 0.2658
vn 0.6960 -0.7100 -0.1078
vn 0.7841 -0.6193 -0.0393
vn 0.3673 -0.8885 0.2750
vn 0.3980 -0.8287 -0.3936
vn 0.6270 -0.3527 -0.6946
vn 0.3557 -0.3722 -0.8573
vn 0.1574 0.2489 -0.9556
vn 0.7479 0.6523 -0.1228
vn 0.4488 0.8367 -0.3139
vn 0.9289 0.2581 -0.2656
vn 0.6605 0.3152 -0.6814
vn 0.9317 -0.2175 -0.2910
vn -0.2422 0.6401 -0.7291
vn -0.4580 0.4219 -0.7824
vn 0.8860 -0.3999 -0.2348
vn 0.9467 -0.0681 -0.3149
vn 0.9532 0.2375 -0.1874
vn 0.6856 0.7161 -0.1311
vn 0.4599 0.8812 0.1098
vn 0.9951 -0.0538 -0.0833
vn 0.7871 0.5428 -0.2930
vn 0.4911 0.8001 -0.3444
vn 0.5202 0.7292 -0.4446
vn 0.6002 0.6431 -0.4757
vn 0.6340 0.4844 -0.6028
vn 0.6142 0.6257 -0.4809
vn 0.7798 0.3102 -0.5438
vn 0.9084 0.3983 -0.1272
vn 0.4840 0.3433 -0.8049
vn 0.5251 -0.0988 -0.8453
vn 0.7422 0.4589 -0.4884
vn 0.9981 -0.0535 -0.0290
vn 0.9557 -0.2913 -0.0423
vn 0.1564 -0.9805 0.1193
vn 0.5847 -0.8107 -0.0300
vn 0.7498 -0.6539 0.1008
vn 0.9662 -0.2577 0.0118
vn 0.8711 -0.1398 -0.4708
vn 0.5288 -0.1673 -0.8321
vn -0.1336 -0.9848 0.1111
vn 0.3617 -0.9316 -0.0368
vn 0.2941 -0.9551 -0.0368
vn 0.5396 -0.8246 -0.1698
vn 0.8300 -0.3834 -0.4052
vn 0.0405 -0.9971 0.0644
vn -0.2143 -0.9448 -0.2477
vn 0.5692 -0.6792 -0.4634
vn 0.1798 -0.9830 -0.0367
vn 0.5890 -0.7096 -0.3868
vn 0.1799 -0.9831 0.0334
vn 0.5842 -0.7473 -0.3165
vn 0.4100 -0.8550 -0.3177
vn 0.3542 -0.7668 -0.5352
vn 0.5264 -0.3772 -0.7620
vn 0.4667 -0.3851 -0.7962
vn 0.7845 -0.3890 -0.4830
vn 0.7354 -0.4071 -0.5417
vn 0.7014 -0.3652 -0.6122
vn 0.5145 -0.6501 -0.5592
vn 0.6578 -0.2716 -0.7025
vn 0.7481 -0.0283 -0.6630
vn 0.6680 0.0252 -0.7438
vn -0.0468 0.3319 -0.9422
vn -0.1327 0.0009 -0.9912
vn -0.2329 -0.4900 -0.8401
vn -0.3305 -0.7770 -0.5357
vn -0.1804 -0.9812 -0.0685
vn -0.1924 -0.8540 -0.4834
vn -0.2860 -0.5111 -0.8105
vn -0.0722 -0.0559 -0.9958
vn 0.0103 0.3929 -0.9195
vn -0.0889 0.6061 -0.7904
vn 0.6141 0.6084 -0.5027
vn 0.7434 0.3231 -0.5857
vn 0.6340 0.5801 -0.5114
vn 0.7287 0.3381 -0.5956
vn 0.5736 0.5751 -0.5833
vn 0.6191 0.4046 -0.6731
vn -0.1393 0.8015 -0.5815
vn 0.0129 0.6944 -0.7195
vn 0.1634 0.9490 -0.2697
vn -0.0828 0.8695 -0.4870
vn 0.0577 0.8054 -0.5899
vn 0.3064 0.9386 -0.1586
vn 0.1916 0.9732 -0.1273
vn 0.0586 0.8757 -0.4792
vn -0.2189 0.9625 -0.1600
vn 0.0282 0.9483 -0.3162
vn 0.1397 0.9458 -0.2932
vn 0.1931 0.9559 -0.2213
vn -0.4584 0.8683 0.1895
vn -0.3437 0.9362 -0.0730
vn -0.0768 0.9719 -0.2223
vn -0.1951 0.9585 -0.2078
vn 0.0804 0.9769 -0.1981
vn 0.2072 0.9756 -0.0723
vn 0.3294 -0.7401 0.5863
vn 0.0747 -0.7040 0.7063
vn 0.0844 -0.8046 0.5878
vn 0.3598 -0.8155 0.4534
vn 0.0923 -0.8867 0.4530
vn 0.5947 -0.6655 0.4510
vn -0.1471 -0.6933 0.7055
vn -0.1200 -0.5739 0.8101
vn -0.1692 -0.7908 0.5883
vn -0.1847 -0.8712 0.4549
vn -0.2239 -0.3918 0.8924
vn -0.2921 -0.5108 0.8086
vn -0.3535 -0.6126 0.7069
vn -0.4083 -0.6975 0.5889
vn -0.4467 -0.7709 0.4540
vn -0.2278 -0.2032 0.9523
vn -0.3359 -0.3002 0.8928
vn -0.4392 -0.3909 0.8089
vn -0.5268 -0.4718 0.7070
vn -0.5988 -0.5431 0.5886
vn -0.6625 -0.5962 0.4534
vn -0.7401 -0.3271 0.5876
vn -0.8159 -0.3593 0.4530
vn -0.6485 -0.2853 0.7057
vn -0.5361 -0.2345 0.8109
vn -0.4114 -0.1811 0.8933
vn -0.2762 -0.1205 0.9535
vn -0.4490 -0.0419 0.8926
vn -0.5850 -0.0557 0.8091
vn -0.7042 -0.0682 0.7067
vn -0.8059 -0.0790 0.5868
vn -0.8887 -0.0883 0.4499
vn -0.7914 0.1777 0.5849
vn -0.8723 0.1925 0.4495
vn -0.6957 0.4189 0.5836
vn -0.6930 0.1561 0.7038
vn -0.5725 0.1293 0.8097
vn -0.4395 0.1020 0.8924
vn -0.2948 0.0692 0.9531
vn -0.3012 -0.0272 0.9532
vn -0.1470 0.0356 0.9885
vn -0.1504 -0.0124 0.9886
vn -0.1280 0.0850 0.9881
vn -0.2633 0.1600 0.9514
vn -0.3885 0.2341 0.8912
vn -0.5081 0.3026 0.8064
vn -0.6104 0.3642 0.7033
vn 0.0071 0.0027 1.0000
vn -0.0994 0.1196 0.9878
vn -0.1989 0.2379 0.9507
vn -0.2959 0.3463 0.8902
vn -0.3865 0.4498 0.8052
vn -0.1759 0.4213 0.8897
vn -0.2285 0.5459 0.8061
vn -0.1158 0.2860 0.9512
vn -0.0545 0.1477 0.9875
vn -0.0079 0.1601 0.9871
vn 0.0400 0.1566 0.9868
vn -0.0223 0.3106 0.9503
vn -0.0363 0.4579 0.8883
vn 0.4530 0.3917 0.8008
vn 0.4240 0.1836 0.8868
vn 0.5476 0.2346 0.8032
vn 0.3499 0.3031 0.8864
vn 0.3075 0.5135 0.8011
vn 0.2386 0.3957 0.8868
vn 0.1356 0.5790 0.8040
vn 0.1074 0.4474 0.8879
vn -0.0492 0.5932 0.8035
vn -0.4673 0.5376 0.7019
vn -0.2786 0.6581 0.6995
vn -0.0605 0.7116 0.7000
vn 0.1632 0.6979 0.6973
vn 0.3695 0.6138 0.6977
vn -0.0700 0.8122 0.5791
vn 0.1860 0.7946 0.5780
vn -0.3194 0.7494 0.5800
vn -0.5381 0.6098 0.5819
vn -0.7692 0.4572 0.4464
vn -0.5907 0.6734 0.4446
vn -0.3504 0.8246 0.4441
vn -0.0777 0.8939 0.4415
vn 0.2022 0.8737 0.4424
vn 0.4248 0.6967 0.5780
vn -0.9324 0.2022 0.2995
vn -0.8228 0.4846 0.2968
vn -0.6291 0.7192 0.2948
vn -0.3726 0.8803 0.2937
vn -0.0832 0.9527 0.2924
vn 0.2137 0.9320 0.2927
vn 0.4638 0.7680 0.4417
vn 0.4927 0.8195 0.2928
vn 0.2243 0.9644 0.1405
vn -0.0864 0.9863 0.1405
vn -0.3891 0.9104 0.1409
vn -0.6529 0.7439 0.1424
vn -0.8529 0.5018 0.1445
vn -0.9663 0.2112 0.1469
vn 0.5111 0.8478 0.1418
vn 0.2246 0.9743 -0.0171
vn -0.0872 0.9960 -0.0177
vn -0.3912 0.9202 -0.0175
vn -0.6615 0.7498 -0.0163
vn -0.8616 0.5075 -0.0142
vn -0.9777 0.2098 -0.0114
vn -0.9946 -0.1030 -0.0083
vn -0.9836 -0.1004 0.1498
vn -0.9143 -0.4050 -0.0053
vn -0.9032 -0.4012 0.1523
vn -0.7414 -0.6711 -0.0023
vn -0.7345 -0.6607 0.1548
vn -0.4996 -0.8663 -0.0000
vn -0.4927 -0.8560 0.1565
vn -0.2053 -0.9787 0.0015
vn -0.9487 -0.0956 0.3014
vn -0.8722 -0.3832 0.3040
vn -0.7089 -0.6358 0.3053
vn -0.4748 -0.8250 0.3065
vn -0.2055 -0.9659 0.1574
vn -0.1954 -0.9313 0.3075
vn 0.7699 -0.4534 0.4491
vn 0.8219 -0.4828 0.3025
vn 0.9311 -0.2066 0.3007
vn 0.6321 -0.7125 0.3045
vn 0.3817 -0.8720 0.3064
vn 0.0981 -0.9467 0.3069
vn 0.1016 -0.9822 0.1577
vn 0.3981 -0.9038 0.1570
vn 0.6553 -0.7391 0.1557
vn 0.8511 -0.5020 0.1537
vn 0.9641 -0.2182 0.1511
vn 0.1028 -0.9947 0.0022
vn 0.4004 -0.9163 0.0018
vn 0.6641 -0.7477 0.0007
vn 0.8598 -0.5106 -0.0014
vn 0.9755 -0.2198 -0.0041
vn 0.9962 0.0873 -0.0071
vn 0.9850 0.0877 0.1485
vn 0.9221 0.3868 -0.0102
vn 0.9109 0.3861 0.1458
vn 0.7560 0.6544 -0.0131
vn 0.7485 0.6474 0.1436
vn 0.5185 0.8549 -0.0154
vn 0.9507 0.0859 0.2980
vn 0.8800 0.3712 0.2963
vn 0.7227 0.6254 0.2941
vn 0.6762 0.5891 0.4424
vn 0.8242 0.3508 0.4445
vn 0.8919 0.0818 0.4447
vn 0.8726 -0.1944 0.4481
vn 0.6126 0.5389 0.5783
vn 0.7494 0.3218 0.5787
vn 0.8110 0.0754 0.5802
vn 0.7940 -0.1774 0.5814
vn 0.6986 -0.4142 0.5834
vn 0.7113 0.0671 0.6997
vn 0.6982 -0.1543 0.6990
vn 0.5804 -0.1262 0.8045
vn 0.6588 0.2828 0.6971
vn 0.5405 0.4703 0.6976
vn 0.5943 0.0568 0.8022
vn 0.4499 -0.0978 0.8877
vn 0.3990 -0.2284 0.8880
vn 0.2758 -0.1544 0.9487
vn 0.2118 -0.2319 0.9494
vn 0.1133 -0.1140 0.9870
vn 0.1416 -0.0796 0.9867
vn 0.3073 -0.0644 0.9494
vn 0.4601 0.0450 0.8867
vn 0.0684 -0.1420 0.9875
vn 0.1607 -0.0302 0.9865
vn 0.3141 0.0315 0.9489
vn 0.2896 0.1246 0.9490
vn 0.1642 0.0175 0.9863
vn 0.1519 0.0640 0.9863
vn 0.1238 0.1090 0.9863
vn 0.2419 0.2074 0.9479
vn 0.1644 0.2719 0.9482
vn 0.0895 0.1374 0.9865
vn 0.0741 0.3037 0.9499
vn -0.0595 -0.2983 0.9526
vn -0.0752 -0.1322 0.9884
vn -0.1499 -0.2671 0.9519
vn -0.1097 -0.1038 0.9885
vn -0.1379 -0.0589 0.9887
vn -0.0925 -0.4420 0.8922
vn 0.0635 -0.5861 0.8077
vn 0.2895 -0.6493 0.7033
vn 0.5438 -0.6016 0.5851
vn 0.4749 -0.5297 0.7028
vn 0.2405 -0.5379 0.8080
vn 0.0504 -0.4512 0.8910
vn 0.6159 -0.3589 0.7013
vn 0.3962 -0.4424 0.8046
vn 0.1886 -0.4142 0.8904
vn 0.0365 -0.3047 0.9518
vn -0.0258 -0.1512 0.9882
vn 0.0221 -0.1545 0.9877
vn 0.1294 -0.2798 0.9513
vn 0.3073 -0.3395 0.8890
vn 0.5161 -0.2971 0.8033
vn 0.0546 -0.9798 -0.1922
vn 0.1169 -0.9772 -0.1772
vn 0.0612 -0.9670 -0.2475
vn 0.1312 -0.9641 -0.2308
vn 0.1784 -0.9720 -0.1527
vn -0.6340 -0.2925 0.7159
vn -0.7250 -0.3174 0.6112
vn -0.2481 -0.8599 0.4461
vn -0.2088 -0.8541 0.4764
vn 0.2331 -0.9647 -0.1226
vn 0.2010 -0.9589 -0.2002
vn -0.0086 -0.9755 0.2197
vn -0.0086 -0.9691 -0.2464
vn -0.4687 -0.8614 0.1958
vn -0.4631 -0.8453 0.2664
vn -0.4604 -0.8788 0.1257
vn -0.4436 -0.8945 0.0553
vn -0.4148 -0.9099 -0.0073
vn -0.3752 -0.9243 -0.0697
vn -0.3342 -0.9353 -0.1162
vn -0.2784 -0.9465 -0.1630
vn -0.2144 -0.9557 -0.2018
vn -0.1503 -0.9629 -0.2243
vn -0.0799 -0.9655 -0.2479
vn -0.0079 -0.9797 -0.2005
vn -0.0706 -0.9787 -0.1929
vn -0.1333 -0.9751 -0.1772
vn -0.1972 -0.9681 -0.1545
vn -0.2536 -0.9594 -0.1238
vn 0.1518 -0.8520 0.5010
vn 0.0963 -0.8469 0.5229
vn 0.0486 -0.8433 0.5353
vn -0.0062 -0.8422 0.5392
vn -0.0616 -0.8435 0.5336
vn -0.1080 -0.8449 0.5239
vn 0.1498 -0.2458 0.9577
vn 0.0067 -0.2425 0.9701
vn -0.1365 -0.2422 0.9606
vn -0.2716 -0.2477 0.9300
vn -0.4036 -0.2595 0.8774
vn -0.1642 -0.8482 0.5036
vn -0.5224 -0.2721 0.8081
vn -0.5810 0.1595 0.7981
vn -0.4471 0.1731 0.8776
vn -0.2981 0.1885 0.9357
vn -0.1462 0.1942 0.9700
vn 0.0127 0.1941 0.9809
vn -0.7018 0.1399 0.6985
vn -0.8087 0.1120 0.5774
vn -0.8897 0.0862 0.4483
vn -0.8009 -0.3414 0.4920
vn 0.4224 -0.9047 0.0562
vn 0.4005 -0.9163 -0.0060
vn 0.3770 -0.9234 0.0719
vn 0.3549 -0.9347 0.0175
vn -0.3335 -0.8887 0.3145
vn -0.3110 -0.8788 0.3619
vn -0.8534 -0.3714 0.3657
vn -0.2860 -0.8712 0.3989
vn 0.3609 -0.9301 -0.0677
vn 0.3245 -0.9452 -0.0368
vn 0.2786 -0.9568 -0.0834
vn 0.2551 -0.9534 -0.1612
vn 0.3167 -0.9406 -0.1226
vn -0.3004 -0.8204 0.4865
vn -0.3386 -0.8321 0.4393
vn -0.3283 -0.7941 0.5115
vn -0.2721 -0.7850 0.5566
vn -0.2457 -0.8145 0.5256
vn -0.2112 -0.7734 0.5977
vn -0.3796 -0.8020 0.4612
vn -0.4185 -0.8157 0.3994
vn -0.4396 -0.8329 0.3363
vn -0.4178 -0.8855 0.2034
vn -0.4088 -0.9017 0.1411
vn -0.4128 -0.8710 0.2664
vn -0.3973 -0.8598 0.3208
vn -0.3698 -0.8454 0.3854
vn 0.2939 -0.9542 0.0564
vn 0.3160 -0.9431 0.1029
vn 0.3320 -0.9313 0.1502
vn 0.3306 -0.9214 0.2044
vn 0.3282 -0.9088 0.2576
vn -0.3981 -0.9140 0.0785
vn 0.3201 -0.8969 0.3051
vn 0.8729 -0.4862 -0.0405
vn 0.8837 -0.4591 0.0910
vn 0.8766 -0.4221 0.2312
vn 0.8442 -0.3936 0.3639
vn 0.7931 -0.3651 0.4874
vn 0.2966 -0.8872 0.3533
vn 0.7222 -0.3332 0.6061
vn 0.2710 -0.8765 0.3979
vn 0.6344 -0.3097 0.7082
vn 0.7178 0.1146 0.6868
vn 0.8165 0.0837 0.5712
vn 0.8974 0.0508 0.4384
vn 0.9545 0.0158 0.2978
vn 0.9885 -0.0215 0.1498
vn 0.9986 -0.0534 -0.0058
vn 0.2318 -0.8683 0.4386
vn 0.5317 -0.2883 0.7964
vn 0.1916 -0.8571 0.4781
vn 0.4131 -0.2685 0.8702
vn 0.2848 -0.2561 0.9237
vn 0.1718 0.1844 0.9677
vn 0.3236 0.1749 0.9299
vn 0.4691 0.1568 0.8691
vn 0.6028 0.1365 0.7861
vn -0.8874 -0.3989 0.2309
vn -0.3458 -0.9020 0.2584
vn -0.8956 -0.4339 0.0978
vn -0.3535 -0.9129 0.2042
vn 0.3926 -0.9098 0.1344
vn 0.3976 -0.8964 0.1958
vn 0.4444 -0.8869 0.1262
vn -0.7994 -0.5197 -0.3014
vn -0.7252 -0.5529 -0.4104
vn -0.3103 -0.9490 0.0559
vn -0.8530 -0.4938 -0.1694
vn -0.3357 -0.9363 0.1027
vn -0.3433 -0.9260 0.1571
vn 0.3963 -0.8811 0.2581
vn 0.4509 -0.8707 0.1962
vn -0.8855 -0.4632 -0.0360
vn -0.9506 0.0474 0.3067
vn -0.9875 0.0185 0.1566
vn -0.9999 -0.0161 -0.0013
vn -0.9869 -0.0561 -0.1511
vn -0.9493 -0.0937 -0.3001
vn -0.8884 -0.1287 -0.4407
vn -0.8051 -0.1536 -0.5728
vn -0.6998 -0.1841 -0.6902
vn -0.6339 -0.5747 -0.5175
vn -0.5852 -0.2133 -0.7823
vn -0.5243 -0.5987 -0.6055
vn -0.4473 -0.2315 -0.8639
vn -0.4036 -0.6183 -0.6744
vn -0.2532 -0.9670 -0.0300
vn -0.2119 -0.9754 -0.0608
vn -0.1651 -0.9820 -0.0922
vn -0.2763 -0.6288 -0.7269
vn 0.2347 -0.8190 0.5235
vn 0.2822 -0.8286 0.4835
vn 0.3200 -0.7986 0.5098
vn 0.3667 -0.8130 0.4524
vn 0.3233 -0.8429 0.4302
vn -0.2842 -0.9587 0.0090
vn 0.1794 -0.8113 0.5565
vn 0.2638 -0.7878 0.5566
vn 0.3993 -0.8259 0.3980
vn 0.3548 -0.8532 0.3824
vn 0.4256 -0.8429 0.3292
vn 0.3799 -0.8678 0.3205
vn 0.4422 -0.8564 0.2666
vn 0.2715 -0.6359 -0.7225
vn 0.3047 -0.2594 -0.9164
vn 0.3946 -0.6231 -0.6753
vn 0.0946 -0.9898 -0.1065
vn 0.1487 -0.9847 -0.0910
vn -0.1288 -0.8035 0.5812
vn -0.1910 -0.8085 0.5567
vn -0.1471 -0.7717 0.6188
vn -0.0771 -0.7674 0.6366
vn -0.0060 -0.7661 0.6427
vn 0.0652 -0.7688 0.6362
vn 0.1872 -0.9805 -0.0599
vn 0.5160 -0.6082 -0.6032
vn 0.6192 -0.5939 -0.5138
vn 0.7044 -0.2114 -0.6776
vn 0.5827 -0.2321 -0.7789
vn 0.4522 -0.2457 -0.8574
vn 0.2337 -0.9719 -0.0291
vn 0.7081 -0.5740 -0.4112
vn 0.2636 -0.9646 0.0099
vn 0.7851 -0.5440 -0.2962
vn 0.8360 -0.5212 -0.1718
vn 0.9844 -0.0871 -0.1531
vn 0.9461 -0.1228 -0.2996
vn 0.8857 -0.1530 -0.4383
vn 0.8016 -0.1852 -0.5685
vn -0.8413 0.5258 -0.1258
vn -0.4918 0.8377 -0.2376
vn -0.9361 0.2310 0.2653
vn -0.9529 0.2989 -0.0520
vn -0.7655 0.6310 -0.1257
vn -0.8330 0.5216 0.1845
vn 0.0559 0.9885 0.1402
vn -0.3996 0.7078 -0.5826
vn -0.9956 0.0797 -0.0499
vn 0.0085 0.9018 -0.4320
vn 0.0343 0.8812 -0.4714
vn 0.3951 0.7149 -0.5768
vn 0.7737 0.6231 -0.1145
vn 0.5113 0.8349 -0.2035
vn 0.9176 0.3923 -0.0649
vn 0.7846 0.5919 -0.1845
vn 0.9608 0.0397 0.2744
vn 0.8926 0.2140 -0.3968
vn 0.0148 0.8461 0.5328
vn 0.8705 0.3300 0.3652
vn 0.7752 -0.5808 0.2484
vn 0.0133 0.8610 0.5084
vn -0.8267 0.4445 0.3449
vn -0.0053 0.8032 0.5957
vn 0.7174 0.1939 0.6691
vn 0.6793 -0.6650 0.3104
vn 0.9939 -0.1082 -0.0207
vn 0.8402 -0.3241 0.4348
vn 0.7772 -0.4229 0.4660
vn 0.9431 -0.3309 -0.0341
vn 0.9215 0.2090 0.3275
vn 0.5962 0.4504 0.6646
vn 0.0597 0.6171 0.7846
vn 0.0220 0.9341 -0.3563
vn 0.3694 0.6660 -0.6481
vn 0.7692 0.6160 -0.1698
vn 0.7818 0.3031 -0.5448
vn 0.9239 0.3704 -0.0961
vn 0.9560 -0.2912 -0.0345
vn 0.9370 0.3481 0.0292
vn 0.5121 0.8322 0.2125
vn 0.0346 0.9691 0.2441
vn -0.9243 -0.0850 0.3721
vn -0.7283 0.4383 0.5267
vn -0.9214 -0.1322 0.3654
vn -0.8637 0.4237 0.2729
vn -0.5570 0.5881 0.5864
vn -0.4818 0.8589 0.1738
vn 0.0233 0.9992 -0.0334
vn 0.4870 0.8691 -0.0866
vn -0.8451 0.5315 0.0568
vn -0.9896 0.0069 -0.1434
vn -0.4580 0.8853 -0.0806
vn 0.0335 0.8120 -0.5827
vn -0.3184 0.6965 -0.6431
vn -0.8593 0.5055 -0.0775
vn -0.6995 0.5302 -0.4792
vn -0.9869 -0.1581 -0.0317
vn -0.4940 0.8320 0.2527
vn 0.1991 0.9763 0.0851
vn 0.0798 0.9938 0.0774
vn 0.1435 0.9075 0.3947
vn 0.0441 0.7800 0.6242
vn -0.2638 0.7601 0.5939
vn 0.3922 0.8821 0.2607
vn -0.1935 0.9475 -0.2546
vn -0.1962 0.8044 0.5607
vn -0.3058 0.6945 0.6512
vn -0.2516 0.9647 0.0775
vn -0.1341 0.9858 0.1013
vn 0.0789 0.9966 -0.0254
vn 0.2560 0.9667 -0.0012
vn 0.2462 0.9692 -0.0091
vn 0.2066 0.9754 0.0771
vn -0.2208 0.9753 -0.0020
vn -0.0951 0.9952 0.0218
vn 0.0712 0.9958 -0.0570
vn 0.2389 0.9694 -0.0563
vn 0.2481 0.9640 -0.0957
vn -0.0555 0.9976 -0.0416
vn -0.2043 0.9777 -0.0493
vn -0.0880 0.9180 0.3867
vn 0.2544 0.8330 0.4913
vn 0.4556 0.7934 0.4036
vn 0.6621 0.5475 0.5117
vn 0.3056 0.9473 -0.0956
vn 0.5735 0.7169 0.3965
vn 0.7182 0.5612 0.4113
vn 0.7617 0.4401 0.4755
vn 0.6636 0.6259 0.4098
vn 0.4628 0.7159 0.5228
vn -0.0773 0.8892 0.4510
vn -0.3929 0.7661 0.5086
vn -0.5441 0.6724 0.5019
vn 0.1848 0.7024 -0.6873
vn 0.3659 0.6268 -0.6879
vn -0.2513 0.6546 -0.7130
vn -0.7071 0.6088 0.3597
vn -0.5795 0.7288 0.3646
vn -0.4445 0.8913 -0.0889
vn 0.5166 -0.4328 -0.7388
vn 0.3876 -0.5535 -0.7371
vn 0.5520 -0.4760 -0.6847
vn -0.5401 0.4470 -0.7131
vn -0.4281 0.5793 -0.6937
vn -0.8361 0.4666 0.2886
vn -0.7313 0.5706 0.3736
vn -0.5333 0.8385 -0.1119
vn -0.5510 0.8339 -0.0328
vn -0.5555 0.8286 0.0701
vn -0.5944 0.8036 0.0308
vn -0.5415 0.8388 -0.0566
vn -0.6032 0.7970 0.0310
vn -0.6326 0.7066 0.3169
vn -0.5067 0.6133 0.6060
vn -0.4050 0.9143 -0.0096
vn -0.4354 0.8969 0.0775
vn -0.4848 0.7980 0.3580
vn -0.4364 0.6354 0.6370
vn -0.2049 0.9766 -0.0655
vn -0.8248 0.5651 0.0169
vn -0.4258 0.4894 -0.7610
vn -0.7444 0.1911 -0.6398
vn -0.9472 0.1051 -0.3030
vn -0.9797 0.0678 0.1885
vn -0.8032 -0.5220 -0.2871
vn -0.9716 0.0960 -0.2162
vn -0.9989 -0.0077 0.0460
vn -0.7851 -0.6194 0.0049
vn -0.9423 -0.3268 0.0727
vn -0.9805 -0.1968 0.0005
vn -0.9586 -0.0008 0.2847
vn 0.2644 0.7137 0.6486
vn -0.9346 0.0741 0.3480
vn 0.5621 0.7464 0.3562
vn 0.5782 0.7898 0.2048
vn 0.0161 0.9975 0.0695
vn 0.4811 0.5293 0.6988
vn -0.1369 0.8458 0.5157
vn 0.6350 0.7498 -0.1861
vn 0.1316 0.8624 -0.4888
vn -0.2342 0.8013 -0.5506
vn -0.4808 0.8750 -0.0568
vn -0.8119 0.5231 -0.2593
vn -0.8941 0.4477 0.0101
vn -0.1616 0.7043 -0.6912
vn -0.4392 0.5442 -0.7147
vn -0.9235 0.1145 -0.3660
vn -0.9708 0.0241 -0.2388
vn -0.9630 -0.0629 -0.2619
vn -0.9538 -0.1493 -0.2607
vn -0.5558 0.7965 0.2380
vn -0.9299 0.1222 0.3470
vn -0.5477 0.4364 0.7139
vn -0.9919 -0.1264 0.0157
vn -0.9551 -0.1044 0.2774
vn -0.5169 0.6429 0.5652
vn 0.0318 0.6639 0.7472
vn -0.0421 0.9370 0.3467
vn -0.9946 -0.1032 -0.0084
vn -0.9767 -0.2124 -0.0309
vn -0.9966 -0.0790 0.0231
vn -0.5050 0.6982 0.5075
vn 0.5018 0.6150 0.6083
vn -0.9322 -0.2816 -0.2275
vn -0.9966 0.0560 0.0610
vn -0.9160 -0.2020 -0.3466
vn -0.4947 0.6678 0.5562
vn -0.2376 0.9156 -0.3244
vn -0.5820 0.5331 -0.6140
vn -0.4026 0.8672 0.2931
vn 0.2433 0.9297 -0.2764
vn -0.2597 0.8977 -0.3559
vn 0.0957 0.9950 0.0300
vn -0.7390 0.6077 -0.2909
vn -0.8169 -0.2723 -0.5085
vn -0.9336 -0.1557 -0.3226
vn -0.9312 0.2584 -0.2573
vn -0.9907 0.1358 -0.0107
vn -0.4182 0.7063 0.5712
vn -0.9189 -0.3147 0.2378
vn -0.2557 -0.0704 0.9642
vn -0.6558 -0.6679 0.3519
vn -0.2786 0.0784 0.9572
vn -0.9679 0.0052 0.2511
vn -0.4113 0.5424 0.7326
vn -0.9523 -0.3047 0.0173
vn -0.9260 -0.3742 0.0496
vn -0.9606 -0.2440 -0.1334
vn 0.6266 0.2798 0.7274
vn 0.3027 -0.1119 0.9465
vn 0.4893 0.5220 0.6986
vn -0.4110 0.5283 0.7429
vn -0.9520 -0.0560 0.3008
vn -0.9587 -0.1970 -0.2053
vn 0.3899 0.7240 0.5690
vn 0.2975 0.9484 0.1094
vn -0.4656 0.6155 0.6359
vn 0.6186 0.7350 0.2775
vn -0.2953 0.9249 -0.2394
vn 0.1901 0.4946 0.8481
vn 0.7496 0.4696 0.4664
vn 0.6348 0.2806 0.7199
vn 0.4506 0.2494 0.8572
vn -0.9039 -0.0432 -0.4255
vn -0.8184 0.4411 -0.3684
vn -0.9864 0.1457 0.0765
vn -0.9105 -0.2743 0.3094
vn -0.2482 -0.1491 0.9572
vn -0.6553 -0.4001 -0.6407
vn -0.6332 -0.6843 -0.3616
vn -0.3281 -0.9113 -0.2489
vn 0.2255 -0.8848 0.4077
vn 0.5375 0.3279 0.7769
vn -0.2772 -0.9311 -0.2369
vn 0.8718 -0.3672 0.3243
vn 0.7760 0.2846 0.5629
vn 0.6653 0.6024 0.4410
vn 0.1320 -0.6426 -0.7547
vn 0.0399 -0.9916 -0.1227
vn -0.0008 -0.6388 -0.7694
vn -0.0652 -0.8016 0.5943
vn -0.0029 -0.7973 0.6035
vn -0.0065 -0.9925 -0.1223
vn -0.1418 -0.6385 -0.7564
vn 0.0603 -0.8003 0.5966
vn -0.0614 -0.9906 -0.1225
vn -0.1163 -0.9874 -0.1070
vn 0.1238 -0.8063 0.5783
vn 0.1365 -0.7744 0.6179
vn 0.1999 -0.7779 0.5957
vn -0.3049 -0.2500 -0.9190
vn -0.1543 -0.2584 -0.9536
vn 0.0026 -0.2676 -0.9635
vn 0.1581 -0.2597 -0.9527
vn -0.9901 0.1056 0.0927
vn -0.9837 0.1302 0.1240
vn -0.8733 -0.0547 0.4840
vn -0.9814 0.1224 0.1477
vn -0.9968 0.0171 0.0776
vn -0.8628 0.0823 0.4988
vn -0.8810 -0.1669 0.4427
vn -0.9137 -0.1469 0.3789
vn -0.9986 0.0317 -0.0414
vn -0.8608 0.3746 -0.3446
vn -0.8647 -0.1336 0.4842
vn -0.8336 -0.3924 0.3888
vn -0.8492 -0.3639 0.3827
vn -0.8686 -0.1418 0.4747
vn -0.9967 0.0249 0.0775
vn -0.8743 0.3572 -0.3285
vn -0.9811 0.1703 0.0920
vn -0.9995 0.0079 0.0300
vn -0.9903 -0.0856 0.1097
vn -0.9851 0.1609 0.0602
vn -0.8737 0.1972 -0.4446
vn -0.7852 0.4200 -0.4551
vn -0.8648 0.2205 -0.4511
vn -0.8632 -0.0402 -0.5033
vn -0.9754 -0.2198 -0.0150
vn -0.8223 -0.0129 -0.5689
vn -0.7304 0.2724 -0.6264
vn -0.7479 -0.2429 -0.6178
vn -0.8676 -0.4858 -0.1063
vn -0.7389 -0.5836 0.3368
vn -0.7332 -0.5961 0.3272
vn -0.9661 -0.2435 -0.0858
vn -0.5471 -0.4448 -0.7091
vn -0.6491 -0.3595 -0.6704
vn -0.6188 -0.7605 -0.1969
vn -0.5384 -0.7970 0.2736
vn -0.5631 -0.7743 0.2886
vn -0.8310 -0.5015 -0.2407
vn -0.7451 0.1350 -0.6532
vn -0.8331 0.3136 -0.4557
vn -0.8396 0.3201 -0.4388
vn -0.8049 0.5169 -0.2914
vn -0.8917 -0.2323 0.3885
vn -0.7869 0.5314 -0.3138
vn -0.2717 -0.9332 0.2352
vn -0.6264 -0.7018 -0.3393
vn -0.4922 -0.2051 -0.8460
vn -0.7579 0.0869 -0.6465
vn -0.8507 -0.4116 0.3270
vn -0.9039 -0.3376 0.2626
vn -0.4350 -0.1051 -0.8943
vn -0.7599 -0.6398 0.1151
vn -0.6598 -0.7000 0.2732
vn -0.3454 -0.3245 -0.8806
vn -0.9601 0.0959 -0.2627
vn -0.4332 -0.5331 -0.7267
vn -0.9542 -0.2240 0.1982
vn -0.4352 -0.8419 -0.3191
vn -0.3828 -0.9238 -0.0071
vn -0.7699 -0.4727 0.4288
vn -0.7660 -0.4324 0.4757
vn -0.5101 0.3186 0.7989
vn -0.4327 0.0313 0.9010
vn -0.2865 -0.6541 0.7001
vn 0.4360 -0.8994 0.0327
vn 0.2959 -0.6268 0.7208
vn 0.3406 0.0735 0.9373
vn 0.3848 0.3622 0.8490
vn 0.6103 0.0738 0.7887
vn -0.7005 -0.2980 0.6484
vn -0.0643 -0.9677 0.2437
vn -0.8175 0.4533 -0.3553
vn -0.8363 -0.4407 0.3261
vn -0.9958 -0.0788 0.0469
vn -0.8224 -0.3904 -0.4137
vn -0.7932 -0.4181 -0.4428
vn -0.7073 -0.5913 -0.3874
vn -0.8729 0.2645 0.4099
vn -0.3586 0.7510 0.5544
vn -0.4349 0.5467 0.7155
vn -0.9827 0.1301 0.1318
vn -0.9710 -0.1655 -0.1727
vn -0.8715 -0.0009 -0.4904
vn 0.1763 0.7316 0.6585
vn 0.4300 0.4514 0.7819
vn 0.6492 0.5735 0.4996
vn 0.5971 0.6156 0.5143
vn -0.3652 0.8089 0.4608
vn -0.3630 0.7857 0.5010
vn -0.6915 0.5891 -0.4181
vn -0.8883 0.3900 -0.2427
vn -0.4565 0.4717 -0.7544
vn -0.1507 0.8354 -0.5286
vn 0.3079 0.9008 -0.3063
vn 0.7301 0.5070 0.4582
vn -0.1598 0.8488 -0.5041
vn -0.3133 0.9378 0.1493
vn 0.3387 0.7527 -0.5646
vn 0.7412 0.6710 0.0181
vn 0.8498 0.5181 -0.0972
vn 0.8980 0.3785 0.2244
vn 0.7567 0.2517 0.6034
vn 0.5450 0.8276 0.1343
vn 0.7734 0.5735 0.2703
vn 0.5676 0.7354 0.3701
vn -0.3363 0.8426 0.4205
vn 0.6164 0.4301 0.6596
vn -0.2775 0.2371 0.9310
vn 0.5631 -0.0404 0.8254
vn -0.2532 0.3846 0.8877
vn 0.7261 0.4063 0.5547
vn 0.6945 0.3252 0.6419
vn 0.7120 0.1301 0.6900
vn 0.5817 0.5537 0.5958
vn -0.2772 0.5626 0.7789
vn -0.2895 0.6088 0.7386
vn -0.9723 -0.1467 0.1821
vn -0.9584 0.0307 0.2836
vn -0.7889 -0.3084 0.5316
vn -0.8917 -0.1685 0.4202
vn -0.9640 0.2659 0.0038
vn -0.7295 -0.6838 -0.0179
vn -0.5232 -0.8430 -0.1251
vn -0.6767 -0.5645 -0.4727
vn -0.8470 -0.4985 0.1848
vn -0.9405 -0.3112 0.1362
vn -0.9725 -0.2130 -0.0943
vn -0.9113 -0.0037 -0.4118
vn -0.8924 0.2922 -0.3439
vn -0.1773 0.9465 -0.2697
vn -0.7771 0.5444 -0.3159
vn -0.2274 0.9642 -0.1366
vn -0.3038 0.6716 0.6758
vn 0.4596 0.8878 -0.0237
vn 0.5859 0.6455 0.4900
vn 0.6334 0.7435 0.2144
vn 0.8450 0.4611 0.2708
vn 0.6681 0.3086 0.6771
vn 0.8117 -0.4744 0.3407
vn -0.9525 0.2623 0.1551
vn -0.9208 -0.1161 0.3724
vn -0.1825 -0.0869 0.9793
vn 0.5472 -0.0108 0.8369
vn 0.1652 -0.9120 0.3755
vn -0.6932 -0.3938 0.6036
vn -0.7147 -0.6898 0.1156
vn -0.9715 -0.0554 -0.2303
vn -0.2273 -0.8349 0.5013
vn -0.1048 -0.7975 0.5941
vn 0.1044 -0.7647 0.6359
vn -0.3363 -0.7763 0.5332
vn -0.5483 -0.6316 0.5481
vn -0.7113 -0.5230 0.4697
vn -0.5400 -0.6567 0.5265
vn -0.2604 -0.9654 -0.0143
vn 0.0947 -0.9923 0.0800
vn -0.1084 -0.7702 0.6285
vn 0.1396 -0.4751 0.8688
vn 0.2596 -0.4951 0.8292
vn -0.3056 -0.3688 0.8778
vn 0.5750 -0.8073 0.1327
vn 0.1717 -0.9779 0.1191
vn -0.4536 -0.8506 0.2660
vn -0.3597 -0.6198 0.6975
vn 0.1415 -0.9898 0.0177
vn 0.4863 -0.8573 -0.1689
vn 0.6582 -0.6745 -0.3344
vn 0.4212 -0.8204 -0.3867
vn -0.1392 -0.9050 -0.4021
vn -0.0846 -0.6873 0.7214
vn 0.0279 -0.7080 0.7057
vn 0.3288 -0.7578 -0.5636
vn 0.1933 -0.9637 -0.1839
vn 0.1829 -0.7684 -0.6132
vn 0.0293 -0.7234 0.6898
vn -0.2389 -0.7272 0.6436
vn 0.0780 -0.9782 -0.1924
vn 0.5539 -0.8275 -0.0917
vn 0.0109 -0.8452 -0.5343
vn -0.1140 -0.3018 0.9465
vn -0.4767 -0.8493 -0.2270
vn -0.5313 -0.6638 0.5264
vn -0.0413 -0.5650 0.8240
vn -0.1215 -0.7672 -0.6298
vn -0.2515 -0.7507 0.6109
vn -0.3490 -0.6507 0.6744
vn 0.3517 -0.7230 0.5946
vn -0.0371 -0.4457 0.8944
vn 0.3345 -0.8904 -0.3087
vn 0.2456 -0.4264 0.8705
vn 0.6478 -0.6456 0.4044
vn -0.3159 -0.8814 -0.3512
vn -0.2475 -0.7554 -0.6067
vn -0.1509 -0.9661 -0.2095
vn -0.0560 -0.9728 -0.2248
vn 0.1066 -0.7083 0.6978
vn 0.2487 -0.7104 0.6584
vn -0.1570 -0.6806 0.7156
vn -0.0402 -0.6622 0.7482
vn 0.1492 -0.6621 0.7344
vn -0.0042 -0.7059 0.7083
vn 0.0810 -0.6874 0.7217
vn -0.2703 -0.9628 0.0013
vn 0.2381 -0.5200 0.8203
vn 0.1686 -0.5290 0.8317
vn -0.2284 -0.9705 -0.0766
vn 0.7030 -0.5625 0.4351
vn 0.5197 -0.5818 0.6256
vn 0.6396 -0.6031 0.4767
vn 0.2015 -0.6277 0.7519
vn -0.3307 -0.5320 0.7795
vn -0.5409 -0.8367 0.0856
vn 0.2256 -0.7191 0.6572
vn 0.4107 -0.6853 0.6014
vn 0.7899 -0.5792 0.2014
vn 0.6107 -0.5495 0.5702
vn -0.3118 -0.9081 -0.2795
vn 0.2687 -0.9380 0.2189
vn 0.5252 -0.8408 -0.1308
vn -0.3838 -0.9148 0.1256
vn 0.7300 -0.5277 0.4342
vn 0.1867 -0.4712 0.8620
vn -0.6183 -0.7844 -0.0481
vn 0.1276 -0.9261 -0.3551
vn -0.5073 -0.7225 0.4698
vn -0.7402 -0.6705 -0.0494
vn -0.6517 -0.7537 0.0847
vn -0.5187 -0.7289 -0.4468
vn -0.6159 -0.7151 -0.3306
vn -0.3524 -0.8390 0.4146
vn -0.2450 -0.8331 0.4960
vn 0.1182 -0.9914 0.0567
vn -0.0309 -0.9882 0.1500
vn -0.4479 -0.8253 0.3438
vn -0.1118 -0.9654 0.2357
vn -0.5158 -0.8140 0.2671
vn -0.4204 -0.6413 0.6419
vn -0.7914 -0.5715 0.2169
vn 0.5903 -0.8070 -0.0144
vn 0.6575 -0.7503 -0.0693
vn 0.5183 -0.8548 0.0247
vn 0.0975 -0.6138 0.7834
vn 0.6417 -0.6408 0.4214
vn 0.4058 -0.7975 0.4465
vn 0.6574 -0.7503 -0.0693
vn 0.6423 -0.7655 -0.0381
vn 0.6346 -0.7728 0.0086
vn 0.6451 -0.7529 -0.1304
vn -0.2141 -0.9599 0.1809
vn -0.1031 -0.9718 0.2122
vn -0.0325 -0.9695 0.2428
vn -0.1802 -0.9812 -0.0686
vn -0.1925 -0.8540 -0.4834
vn 0.7857 -0.5514 -0.2805
vn -0.2860 -0.5110 -0.8106
vn 0.8257 -0.4295 -0.3657
vn 0.8315 -0.5043 -0.2331
vn 0.7382 -0.6670 -0.1003
vn 0.2932 -0.9524 -0.0831
vn 0.1408 -0.9847 0.1031
vn -0.1338 -0.8255 0.5484
vn -0.3641 -0.4314 0.8254
vn -0.1661 -0.4180 0.8931
vn -0.5657 -0.8245 -0.0084
vn -0.3921 -0.9172 0.0710
vn 0.0405 -0.9986 0.0333
vn 0.0406 -0.9989 0.0255
vn 0.0395 -0.9890 0.1423
vn -0.0833 -0.8608 0.5020
vn 0.3306 -0.9401 -0.0831
vn 0.4205 -0.8899 -0.1769
vn 0.8808 -0.2546 -0.3992
vn 0.5321 -0.7686 -0.3551
vn 0.3830 -0.9082 -0.1689
vn 0.5421 -0.8035 -0.2460
vn 0.7450 -0.3079 -0.5918
vn 0.7566 -0.5076 -0.4122
vn 0.7264 -0.3781 -0.5739
vn 0.6654 -0.3222 -0.6733
vn 0.6236 -0.5763 -0.5282
vn 0.5670 -0.5586 -0.6054
vn 0.4480 -0.5392 -0.7131
vn 0.3033 -0.5626 -0.7691
vn 0.4450 -0.5660 -0.6939
vn -0.0005 -0.8118 -0.5840
vn 0.4344 -0.8848 -0.1686
vn 0.0951 -0.9950 -0.0291
vn 0.0807 -0.6780 -0.7306
vn 0.4153 -0.6880 -0.5952
vn 0.5327 -0.8455 -0.0374
vn -0.0606 -0.8281 -0.5573
vn 0.0121 -0.3677 -0.9299
vn 0.0521 -0.5408 -0.8396
vn 0.1731 -0.5838 -0.7932
vn 0.1120 -0.5137 -0.8507
vn 0.3939 -0.6152 -0.6829
vn 0.1771 -0.7077 -0.6840
vn 0.1253 -0.9846 -0.1217
vn -0.3238 -0.7787 -0.5374
vn -0.4823 -0.8718 -0.0860
vn -0.4198 -0.7992 0.4302
vn 0.0325 -0.9941 0.1030
vn 0.5416 -0.8393 0.0480
vn -0.1331 -0.9853 -0.1075
vn -0.2219 -0.7961 -0.5629
vn 0.0578 -0.6093 0.7908
vn -0.6208 -0.7545 -0.2131
vn -0.5959 -0.7764 -0.2052
vn -0.3908 -0.9165 -0.0853
vn -0.4420 -0.8846 -0.1485
vn -0.5354 -0.7906 -0.2973
vn -0.3641 -0.7759 -0.5151
vn -0.3184 -0.9426 -0.1007
vn -0.1081 -0.9933 0.0407
vn 0.4453 -0.8885 0.1108
vn 0.0874 -0.8364 0.5412
vn -0.1881 -0.9805 0.0562
vn -0.1016 -0.9886 0.1111
vn 0.3403 -0.8511 0.3998
vn -0.2842 -0.9588 0.0012
vn -0.3333 -0.9417 -0.0459
vn -0.4398 -0.8894 -0.1245
vn -0.5143 -0.8496 -0.1173
vn 0.3081 -0.4200 0.8536
vn 0.2000 -0.8588 0.4716
vn -0.1486 -0.9827 0.1106
vn -0.3009 -0.9534 0.0245
vn 0.1261 -0.9920 0.0021
vn -0.0044 -0.9343 -0.3566
vn -0.0377 -0.9993 -0.0059
vn -0.0498 -0.8810 0.4705
vn 0.2840 -0.7592 0.5856
vn -0.1111 -0.9741 0.1969
vn 0.3668 -0.8811 0.2986
vn 0.3173 -0.8601 0.3995
vn 0.5153 -0.4552 0.7262
vn -0.2366 -0.9716 0.0092
vn -0.1894 -0.9034 0.3846
vn -0.2638 -0.9540 0.1424
vn -0.4990 -0.8644 0.0625
vn -0.3886 -0.8057 0.4470
vn -0.7735 -0.6329 -0.0342
vn -0.6404 -0.6124 0.4635
vn -0.8787 -0.1514 0.4527
vn -0.7360 -0.6625 0.1393
vn -0.4839 -0.8729 0.0628
vn -0.9499 0.2618 0.1706
vn -0.9720 0.1841 -0.1458
vn -0.9908 -0.1097 0.0787
vn -0.9408 -0.3030 0.1518
vn -0.8474 -0.3686 -0.3822
vn -0.6577 -0.6103 -0.4416
vn -0.3937 -0.8121 -0.4307
vn -0.1941 -0.9136 -0.3572
vn -0.0849 -0.9946 -0.0605
vn -0.8709 -0.4715 -0.1382
vn -0.6719 -0.7282 -0.1352
vn -0.3578 -0.9284 -0.1006
vn -0.1080 -0.9937 -0.0292
vn -0.3170 -0.9477 -0.0380
vn -0.0456 -0.9986 0.0253
vn -0.6353 -0.7702 -0.0561
vn -0.8530 -0.5175 -0.0671
vn -0.9942 -0.0483 -0.0957
vn -0.9650 -0.0710 -0.2525
vn -0.9792 0.1917 -0.0666
vn -0.9876 0.0391 -0.1520
vn -0.9980 0.0635 0.0058
vn -0.9263 0.3439 0.1541
vn -0.9391 0.2890 -0.1857
vn -0.9631 -0.0627 -0.2618
vn -0.9538 -0.1492 -0.2607
vn -0.9740 0.2248 0.0279
vn -0.8517 -0.1242 0.5092
vn -0.7229 -0.4842 0.4929
vn -0.9824 -0.1002 0.1575
vn -0.9946 -0.1030 -0.0085
vn 0.7421 -0.6692 0.0387
vn 0.9433 -0.3310 -0.0263
vn 0.7484 -0.6610 -0.0544
vn 0.8669 0.4377 0.2387
vn 0.7873 0.3597 -0.5008
vn 0.9872 0.1567 -0.0311
vn 0.9897 0.1252 -0.0698
vn 0.9928 -0.0857 -0.0831
vn 0.9966 -0.0307 -0.0761
vn 0.9284 -0.3629 -0.0801
vn 0.7191 -0.6934 -0.0462
vn 0.3778 -0.9259 0.0019
vn 0.2892 -0.6517 -0.7012
vn 0.9809 0.1553 -0.1170
vn 0.8084 -0.5555 -0.1949
vn 0.9140 -0.3970 0.0832
vn 0.8392 -0.5434 0.0221
vn 0.5377 -0.5064 -0.6742
vn 0.4581 -0.4700 -0.7545
vn 0.1589 -0.5998 -0.7842
vn 0.2067 -0.9357 -0.2858
vn -0.1516 -0.9587 -0.2408
vn -0.0888 -0.9656 0.2443
vn 0.6639 -0.2849 -0.6914
vn 0.5226 -0.8306 -0.1922
vn 0.2005 -0.9508 0.2360
vn -0.1108 -0.9710 0.2119
vn 0.2546 -0.9500 0.1807
vn -0.1478 -0.8997 -0.4107
vn 0.2848 -0.8633 -0.4167
vn -0.1136 -0.3552 -0.9278
vn 0.7967 -0.5878 -0.1404
vn 0.4859 -0.8274 0.2816
vn 0.5894 -0.7839 0.1949
vn 0.6959 -0.6433 0.3193
vn 0.8087 -0.5299 0.2554
vn 0.8290 -0.4321 0.3551
vn 0.9433 -0.3239 -0.0730
vn 0.7907 -0.0625 -0.6090
vn 0.7117 -0.2954 -0.6374
vn 0.7944 -0.0627 -0.6041
vn 0.9190 -0.3889 -0.0647
vn 0.8335 0.1837 -0.5211
vn 0.8213 0.1670 -0.5455
vn 0.9933 -0.0934 -0.0676
vn 0.9164 -0.2461 0.3157
vn 0.9103 0.1067 0.3998
vn 0.9783 0.1807 0.1011
vn 0.8883 -0.1932 0.4168
vn 0.9065 0.1142 0.4064
vn 0.9985 -0.0531 0.0098
vn 0.9765 0.2038 0.0698
vn 0.7854 0.4373 -0.4380
vn 0.8025 0.5787 -0.1455
vn 0.9127 0.2240 -0.3417
vn 0.9942 -0.0000 -0.1076
vn 0.9655 -0.1089 0.2364
vn 0.9623 -0.1948 0.1897
vn 0.9974 -0.0688 -0.0211
vn 0.8423 0.1849 -0.5062
vn 0.8050 0.4003 -0.4378
vn 0.7963 0.4318 -0.4237
vn 0.8274 0.2138 -0.5194
vn 0.8760 -0.3350 0.3470
vn 0.7811 -0.6009 0.1698
vn 0.6275 -0.5852 0.5136
vn 0.9696 -0.2277 0.0895
vn 0.3000 -0.2838 -0.9107
vn 0.9266 0.0928 -0.3643
vn 0.3911 -0.5783 -0.7160
vn 0.6967 -0.7170 -0.0228
vn 0.8971 -0.2005 0.3936
vn 0.3240 -0.9334 -0.1539
vn 0.5699 -0.8192 0.0633
vn 0.7375 -0.0376 -0.6743
vn 0.7946 0.1715 -0.5824
vn 0.9839 -0.1494 -0.0982
vn 0.7109 -0.0400 -0.7021
vn 0.4143 -0.2643 -0.8709
vn 0.4517 -0.3160 -0.8344
vn 0.6264 -0.6975 -0.3481
vn 0.8479 -0.4673 -0.2503
vn -0.0695 -0.9952 -0.0683
vn -0.1329 -0.9844 -0.1151
vn 0.2793 -0.9592 -0.0447
vn 0.1778 -0.4679 -0.8657
vn 0.0769 -0.3077 -0.9484
vn -0.0913 -0.4222 -0.9019
vn -0.4147 -0.9097 -0.0229
vn -0.3582 -0.4263 -0.8306
vn -0.4047 -0.8793 0.2511
vn -0.5218 -0.7836 -0.3371
vn -0.2845 -0.2862 -0.9150
vn -0.5543 -0.1865 -0.8111
vn -0.6818 -0.7195 0.1318
vn -0.5502 -0.8326 -0.0632
vn -0.6177 -0.7183 0.3201
vn -0.5814 -0.6905 0.4302
vn -0.3653 -0.8737 0.3214
vn -0.7387 -0.4692 0.4839
vn -0.7888 -0.4681 0.3984
vn -0.7959 -0.5743 -0.1917
vn -0.6553 -0.2274 -0.7203
vn -0.8160 -0.2241 0.5328
vn -0.7516 0.2538 0.6088
vn -0.7453 0.1111 0.6574
vn -0.7380 0.2944 0.6072
vn -0.7856 0.0427 0.6173
vn -0.8213 -0.0490 0.5684
vn -0.8583 -0.2687 0.4372
vn -0.9459 -0.3211 -0.0457
vn -0.8126 0.0979 -0.5746
vn -0.9940 -0.0381 0.1022
vn -0.9197 0.2967 0.2571
vn -0.8404 0.1164 0.5293
vn -0.7741 0.5495 -0.3145
vn -0.8255 0.3220 -0.4635
vn -0.8427 0.3519 -0.4076
vn -0.4689 -0.2653 -0.8425
vn -0.7326 -0.6128 0.2963
vn -0.9706 -0.1944 0.1420
vn -0.6128 -0.4892 0.6206
vn -0.8178 -0.4790 0.3189
vn -0.8487 -0.2117 0.4847
vn -0.8132 0.0824 -0.5761
vn -0.9418 0.2323 0.2431
vn -0.7868 0.5165 -0.3379
vn -0.7631 0.5916 -0.2600
vn -0.8321 0.0375 0.5533
vn -0.7699 0.1884 0.6098
vn -0.9423 0.2406 -0.2326
vn -0.7693 0.5600 -0.3075
vn -0.8243 0.2542 0.5058
vn -0.3161 0.4579 0.8309
vn -0.5337 0.1567 0.8311
vn 0.5795 0.0635 0.8125
vn -0.3468 -0.4455 0.8254
vn 0.3830 -0.5475 0.7440
vn -0.2952 0.1721 0.9398
vn 0.6463 0.3288 0.6886
vn 0.7195 -0.1214 0.6838
vn -0.0233 -0.8306 0.5564
vn -0.9427 -0.0390 0.3314
vn -0.8372 -0.1786 0.5169
vn -0.5331 -0.8001 0.2750
vn 0.3603 -0.9153 0.1803
vn 0.9551 -0.2668 0.1286
vn 0.3747 -0.9018 -0.2156
vn 0.3603 -0.9152 0.1803
vn -0.6017 -0.7910 -0.1107
vn -0.6303 -0.4835 -0.6074
vn 0.7421 -0.6692 0.0388
vn 0.4107 -0.6853 0.6015
vn 0.6107 -0.5496 0.5700
vn -0.5676 0.7489 0.3421
vn 0.2685 0.7531 0.6006
vn -0.4475 0.4997 0.7417
vn 0.4228 0.2943 0.8571
vn -0.3995 0.0186 0.9165
vn 0.4752 -0.1981 0.8573
vn -0.5706 -0.4826 0.6645
vn 0.5570 -0.4900 0.6705
vn 0.7687 -0.4306 0.4729
vn 0.9292 -0.1044 0.3544
vn 0.6913 0.6865 -0.2254
vn 0.8086 0.5882 -0.0123
vn 0.1510 0.9873 -0.0489
vn 0.2273 0.8708 0.4360
vn 0.7744 0.5010 0.3863
vn 0.7694 0.5347 0.3494
vn 0.9066 0.3712 0.2009
vn 0.9734 0.2258 -0.0397
vn 0.9000 0.3501 -0.2597
vn 0.0398 0.9929 -0.1122
vn 0.0711 0.9963 -0.0490
vn 0.7744 0.3162 0.5480
vn 0.2251 0.8835 0.4108
vn 0.4008 0.9105 -0.1023
vn 0.3457 0.9335 -0.0952
vn 0.3559 0.9304 -0.0876
vn 0.9106 0.4081 -0.0651
vn 0.8981 0.4291 -0.0964
vn 0.4355 0.8924 -0.1181
vn 0.3628 0.9307 0.0466
vn 0.9377 0.3330 0.0994
vn 0.9161 0.4002 -0.0259
vn 0.4118 0.9096 -0.0556
vn 0.7836 0.5430 0.3020
vn 0.8399 0.5420 0.0271
vn 0.9809 0.1552 -0.1171
vn 0.9832 0.1715 -0.0624
vn 0.9193 -0.0171 -0.3931
vn 0.5136 0.6152 -0.5981
vn 0.3143 0.7917 0.5238
vn 0.3065 0.9506 -0.0484
vn 0.2814 0.9557 0.0857
vn 0.2352 0.9466 0.2205
vn 0.1822 0.9079 0.3776
vn 0.0765 0.4383 -0.8956
vn 0.2291 0.7695 0.5961
vn 0.1054 0.8871 0.4495
vn 0.0651 0.9809 -0.1833
vn -0.1789 0.8655 0.4679
vn 0.1809 0.6079 0.7731
vn -0.3880 0.7309 0.5615
vn -0.7051 0.4115 0.5775
vn -0.8089 0.5170 0.2801
vn -0.8847 -0.0799 0.4594
vn -0.9989 -0.0076 0.0460
vn -0.9594 0.0868 0.2682
vn -0.8342 0.2432 0.4949
vn -0.9936 0.0497 0.1012
vn -0.6655 0.6034 -0.4393
vn -0.7929 0.5973 0.1203
vn -0.7853 0.6191 -0.0073
vn -0.3185 0.6964 -0.6431
vn -0.3737 0.9233 -0.0886
vn -0.3747 0.9092 0.1815
vn 0.0442 0.7778 -0.6270
vn 0.1277 0.9855 -0.1120
vn 0.1540 0.9728 0.1731
vn 0.1988 0.6625 0.7222
vn 0.3400 0.5505 -0.7624
vn 0.5725 0.7962 -0.1959
vn 0.6267 0.7772 0.0560
vn 0.7051 0.5205 0.4815
vn 0.8616 0.0873 0.5000
vn 0.9750 0.1497 0.1642
vn 0.9535 0.2700 -0.1338
vn 0.9361 0.2750 -0.2193
vn 0.7489 0.1983 -0.6323
vn 0.6012 -0.7291 0.3272
vn 0.6836 -0.7015 -0.2018
vn 0.6970 -0.7171 -0.0074
vn 0.8085 -0.5554 -0.1948
vn 0.9141 -0.3968 0.0832
vn 0.9271 0.2486 0.2807
vn 0.8668 0.4378 0.2388
vn 0.1078 0.8575 -0.5031
vn 0.5083 0.4951 -0.7047
vn 0.1287 0.8036 -0.5811
vn 0.6305 0.7080 -0.3182
vn 0.9128 0.2238 -0.3417
vn 0.8024 0.5788 -0.1455
vn 0.2129 0.8535 0.4757
vn 0.1883 0.6839 0.7048
vn -0.8579 -0.0134 0.5136
vn -0.7262 0.5090 0.4621
vn -0.8450 0.3869 0.3691
vn -0.4019 0.8939 -0.1985
vn -0.3793 0.7292 -0.5696
vn -0.9758 0.1621 0.1471
vn -0.9435 0.3304 0.0269
vn -0.6227 0.7824 -0.0007
vn 0.2002 0.9707 0.1327
vn -0.7167 0.6237 0.3119
vn 0.2259 0.8757 0.4267
vn -0.7740 0.3382 0.5352
vn -0.9319 0.2892 0.2188
vn -0.7454 0.1109 0.6573
vn -0.9341 0.2826 -0.2181
vn -0.8626 0.3907 -0.3213
vn 0.9464 0.3117 0.0846
vn 0.8856 0.3952 -0.2440
vn 0.9563 0.0785 0.2816
vn 0.1841 0.3039 0.9348
vn 0.2373 0.7505 0.6167
vn 0.9554 0.1097 0.2741
vn 0.9473 0.1794 0.2652
vn 0.1975 0.5036 0.8410
vn -0.6304 0.5618 0.5356
vn -0.6578 0.1044 0.7459
vn 0.9230 -0.1512 0.3538
vn 0.9655 -0.1091 0.2365
vn -0.8404 0.1161 0.5293
vn -0.9418 0.2322 0.2430
vn -0.6594 0.4767 0.5813
vn -0.7910 0.6099 0.0484
vn 0.1507 0.9839 -0.0958
vn -0.4967 0.8678 0.0145
vn 0.2326 0.7294 0.6433
vn 0.7129 0.6971 -0.0763
vn 0.1281 0.9896 -0.0649
vn 0.9650 0.1055 -0.2403
vn 0.1722 0.7683 0.6165
vn 0.8868 0.3553 0.2956
vn 0.8817 -0.0142 -0.4715
vn 0.8423 0.1850 -0.5063
vn -0.6002 0.6743 0.4301
vn -0.6295 0.3719 0.6822
vn 0.1419 0.1659 0.9759
vn 0.8178 0.0681 0.5714
vn 0.9316 -0.1509 0.3307
vn 0.7194 -0.1213 0.6839
vn -0.0232 -0.8306 0.5563
vn -0.5337 0.1566 0.8311
vn -0.7694 0.5598 -0.3077
vn -0.7869 0.5164 -0.3379
vn -0.7698 0.1884 0.6098
vn -0.8850 0.2128 -0.4141
vn -0.8843 -0.0257 -0.4662
vn -0.8899 0.1729 -0.4221
vn -0.8452 -0.0860 -0.5275
vn -0.8071 -0.2870 -0.5159
vn -0.8507 0.4090 -0.3301
vn -0.9474 0.2078 0.2434
vn -0.9839 -0.0685 0.1648
vn -0.9289 -0.3646 0.0651
vn -0.7406 -0.6707 -0.0416
vn -0.7111 -0.3189 -0.6266
vn -0.5565 -0.5854 -0.5895
vn -0.7911 0.5419 -0.2836
vn -0.7969 0.5082 0.3266
vn -0.4905 -0.8475 -0.2028
vn -0.4756 -0.5236 -0.7068
vn -0.1682 -0.6110 -0.7736
vn -0.1187 -0.7122 -0.6918
vn -0.0301 -0.9964 0.0798
vn 0.4005 -0.9163 0.0018
vn -0.5204 -0.8379 0.1647
vn -0.8329 -0.5360 0.1376
vn -0.9712 -0.2106 0.1111
vn -0.9909 0.0497 0.1247
vn -0.9174 0.3521 0.1854
vn -0.8337 0.4246 -0.3529
vn -0.9873 0.0745 0.1406
vn -0.9745 -0.1311 0.1820
vn -0.8874 -0.4155 0.1999
vn -0.8873 -0.4155 0.1999
vn -0.4743 -0.8336 0.2831
vn 0.0248 -0.9965 0.0798
vn 0.2796 -0.9597 -0.0292
vn 0.0095 -0.9998 0.0176
vn 0.0714 -0.9936 0.0878
vn -0.8994 -0.3297 0.2870
vn -0.7086 -0.2521 0.6590
vn 0.2015 -0.6276 0.7520
vn 0.6397 -0.6029 0.4768
vn 0.2258 -0.7191 0.6572
vn 0.4107 -0.6851 0.6016
vn -0.9757 0.1623 0.1471
vn -0.8580 -0.0133 0.5134
vn -0.9594 0.0869 0.2682
vn -0.7600 0.2683 0.5919
vn -0.7458 0.0782 0.6616
vn -0.8344 0.2432 0.4947
vn 0.5523 -0.6655 -0.5020
vn 0.1233 -0.7979 -0.5901
vn 0.4069 -0.9058 0.1185
vn 0.8238 -0.4624 -0.3279
vn 0.5355 -0.7817 0.3196
vn 0.6829 -0.6973 0.2176
vn 0.9707 -0.2122 -0.1127
vn 0.7673 0.1531 -0.6228
vn 0.8579 -0.4194 -0.2969
vn 0.6298 -0.0644 -0.7741
vn 0.4534 -0.1607 -0.8767
vn 0.2190 -0.1605 -0.9624
vn -0.0382 -0.2473 -0.9682
vn -0.2363 -0.7839 -0.5742
vn -0.4679 -0.1163 -0.8761
vn -0.5562 -0.6623 -0.5020
vn -0.1034 -0.1367 -0.9852
vn -0.5446 -0.1310 -0.8284
vn 0.1630 -0.3133 -0.9356
vn 0.3972 -0.1728 -0.9013
vn 0.6421 -0.1250 -0.7563
vn 0.7243 0.1716 -0.6678
vn 0.8352 -0.5026 0.2234
vn 0.8392 -0.4106 0.3567
vn 0.7884 -0.6024 -0.1245
vn 0.7234 0.0232 -0.6901
vn 0.6926 -0.7212 0.0159
vn 0.4275 -0.8935 -0.1376
vn 0.1014 -0.9789 -0.1773
vn -0.2363 -0.9617 -0.1387
vn 0.1437 -0.6070 -0.7816
vn -0.4703 -0.8161 -0.3359
vn 0.1338 -0.2536 -0.9580
vn -0.1837 -0.9447 -0.2717
vn 0.4774 -0.8499 -0.2229
vn 0.8607 -0.1953 -0.4701
vn -0.4990 -0.8657 -0.0391
vn -0.7228 -0.6826 0.1076
vn -0.7323 0.0732 -0.6770
vn -0.7977 -0.4781 0.3677
vn -0.8225 0.3208 -0.4697
vn -0.9587 -0.1969 -0.2052
vn -0.7808 0.3153 -0.5394
vn -0.9606 -0.2438 -0.1334
vn -0.9728 -0.1894 -0.1337
vn -0.9183 -0.3958 0.0104
vn -0.8994 -0.4332 0.0580
vn -0.2792 -0.9296 -0.2407
vn -0.6332 -0.6844 -0.3616
vn -0.5610 -0.7782 -0.2822
vn -0.3708 -0.9093 0.1890
vn -0.6140 -0.7585 0.2185
vn -0.6176 -0.7819 0.0851
vn -0.8127 -0.5521 0.1860
vn -0.8393 -0.4294 -0.3336
vn -0.6726 0.1022 -0.7329
vn -0.3241 -0.9460 0.0088
vn -0.0396 -0.9812 0.1890
vn -0.2154 -0.9287 -0.3019
vn 0.1599 -0.9377 -0.3084
vn 0.5141 -0.8303 -0.2152
vn 0.2690 -0.9339 0.2354
vn 0.0327 -0.9986 0.0411
vn 0.5232 -0.5226 -0.6732
vn 0.7403 -0.3320 -0.5845
vn 0.7688 -0.6287 -0.1167
vn 0.8816 -0.0918 -0.4631
vn 0.7918 -0.3179 -0.5215
vn 0.5255 -0.5386 -0.6586
vn 0.2004 -0.6267 -0.7530
vn -0.1354 -0.6219 -0.7713
vn -0.7880 -0.5480 0.2804
vn -0.8057 -0.5518 -0.2154
vn -0.4219 -0.4854 -0.7657
vn -0.2612 -0.6100 -0.7481
vn 0.2375 -0.6918 -0.6819
vn -0.9003 -0.3053 0.3101
vn -0.8657 -0.3413 0.3661
vn -0.9627 -0.2509 -0.1011
vn -0.6570 -0.2741 -0.7023
vn -0.5930 -0.3540 -0.7232
vn -0.5083 -0.8349 -0.2112
vn -0.8071 -0.5526 -0.2079
vn -0.7484 -0.0306 -0.6625
vn -0.7816 -0.0176 -0.6235
vn -0.9499 -0.2747 -0.1488
vn 0.0788 -0.9883 -0.1305
vn 0.5095 -0.8604 0.0015
vn 0.8555 -0.4921 0.1609
vn 0.9220 -0.0326 -0.3858
vn 0.9224 0.1628 -0.3503
vn 0.9192 0.1938 -0.3427
vn 0.9614 -0.0930 0.2589
vn 0.9316 0.1863 0.3121
vn 0.8035 0.5454 -0.2386
vn 0.8613 0.3609 0.3577
vn 0.5680 0.7893 -0.2333
vn 0.6019 0.1683 0.7806
vn 0.3809 -0.2708 0.8841
vn 0.1395 -0.4751 0.8688
vn 0.1042 -0.7647 0.6359
vn -0.0458 -0.9883 -0.1455
vn -0.3335 -0.1735 0.9266
vn -0.3057 -0.3687 0.8778
vn -0.6955 -0.3534 0.6256
vn -0.3598 -0.6197 0.6975
vn -0.1003 0.0480 0.9938
vn 0.7455 0.2984 0.5960
vn 0.6430 0.6352 0.4278
vn 0.7639 0.6377 -0.0989
vn 0.5839 0.7919 -0.1788
vn 0.5483 0.4626 0.6967
vn -0.8654 -0.2207 0.4499
vn 0.4838 0.3774 0.7897
vn 0.6879 0.2927 0.6642
vn 0.7394 0.3446 0.5785
vn 0.8220 0.4438 0.3568
vn -0.7142 0.2588 0.6504
vn 0.4808 0.5293 0.6990
vn -0.9586 -0.0006 0.2849
vn 0.7700 0.6379 -0.0129
vn 0.4655 0.7618 0.4505
vn 0.5793 0.6809 0.4481
vn 0.4506 0.2495 0.8571
vn 0.4986 0.3000 0.8133
vn 0.6346 0.2806 0.7201
vn 0.4855 0.2918 0.8241
vn 0.7494 0.4698 0.4666
vn 0.7669 0.4637 0.4436
vn 0.6652 0.6024 0.4411
vn 0.5326 0.8446 -0.0545
vn 0.6531 0.1484 0.7426
vn 0.7277 -0.0105 0.6858
vn 0.6393 0.1554 0.7531
vn 0.8082 0.4354 0.3966
vn 0.7678 0.6059 -0.2083
vn 0.7208 -0.0502 0.6913
vn 0.9369 0.1864 0.2957
vn 0.9737 -0.0840 0.2117
vn 0.8870 0.3713 -0.2746
vn 0.8824 0.3635 -0.2987
vn 0.9203 -0.3805 0.0908
vn 0.7520 -0.3074 0.5831
vn 0.8315 -0.2044 0.5165
vn 0.9383 0.2486 0.2404
vn 0.7114 0.6688 -0.2160
vn 0.5179 0.8545 0.0395
vn 0.7546 -0.0634 0.6531
vn 0.5235 0.0585 0.8500
vn 0.7277 0.6718 -0.1382
vn 0.8100 0.4492 -0.3770
vn 0.9979 0.0102 0.0636
vn 0.8141 -0.4336 0.3863
vn 0.7058 -0.5574 0.4372
vn 0.8237 0.4500 -0.3451
vn 0.8446 -0.2768 0.4583
vn 0.7722 -0.0454 0.6337
vn 0.8363 0.5288 0.1446
vn 0.7807 0.1981 0.5926
vn 0.8827 -0.4602 -0.0947
vn 0.6049 -0.0913 0.7911
vn 0.7311 -0.6225 0.2794
vn 0.8718 -0.3671 0.3242
vn 0.2255 -0.8849 0.4075
vn 0.5525 -0.5365 0.6379
vn 0.7759 0.2844 0.5630
vn -0.0101 0.3497 0.9368
vn -0.0174 0.0957 0.9953
vn 0.2597 -0.4951 0.8291
vn -0.1666 -0.7455 0.6453
vn 0.0951 -0.9953 0.0177
vn -0.5490 -0.7839 0.2899
vn -0.6026 -0.2645 0.7529
vn -0.7395 -0.6700 -0.0651
vn -0.7728 -0.0596 0.6318
vn -0.7498 -0.2515 -0.6120
vn 0.2597 -0.4950 0.8292
vn -0.0176 0.0955 0.9953
vn -0.0101 0.3496 0.9368
vn 0.5522 -0.5367 0.6380
vn 0.2255 -0.8849 0.4076
vn -0.3282 -0.9112 -0.2489
vn 0.1338 -0.9095 -0.3937
vn -0.1351 -0.5450 -0.8275
vn -0.8637 -0.5022 0.0431
vn -0.8358 -0.0852 -0.5424
vn -0.0158 -0.2380 -0.9711
vn -0.7846 -0.6194 -0.0265
vn -0.3042 -0.9419 0.1422
vn -0.6932 -0.3937 0.6037
vn -0.6498 0.0646 0.7573
vn -0.5259 -0.1694 0.8335
vn -0.6531 -0.6826 0.3278
vn 0.5474 -0.0107 0.8368
vn 0.1652 -0.9120 0.3756
vn 0.2285 0.3400 0.9123
vn 0.1997 0.0605 0.9780
vn 0.3013 -0.6085 0.7342
vn -0.2038 -0.7528 0.6259
vn -0.1168 -0.9908 -0.0684
vn 0.6151 -0.7859 0.0632
vn -0.1491 -0.8952 -0.4200
vn 0.7052 -0.3114 -0.6370
vn 0.5103 -0.1004 -0.8541
vn 0.2984 -0.9177 -0.2622
vn 0.6220 -0.7784 -0.0848
vn 0.6057 -0.7861 -0.1234
vn 0.2990 -0.9196 -0.2550
vn 0.2667 -0.2496 -0.9309
vn -0.3439 -0.3314 -0.8786
vn 0.0544 -0.3172 -0.9468
vn -0.3466 -0.2224 -0.9113
vn 0.0085 -0.3286 -0.9444
vn 0.2923 -0.2067 -0.9337
vn 0.4957 -0.1249 -0.8595
vn 0.7976 -0.5935 0.1081
vn 0.7564 -0.5427 0.3651
vn 0.8674 -0.3767 0.3252
vn 0.4304 -0.1001 -0.8971
vn -0.0762 -0.8312 -0.5507
vn 0.3472 -0.7872 -0.5097
vn 0.6297 -0.6442 -0.4341
vn 0.6193 0.0513 -0.7835
vn 0.6758 0.1356 -0.7245
vn 0.8480 0.3500 -0.3981
vn 0.8631 -0.4029 -0.3045
vn 0.2632 -0.9631 0.0564
vn -0.1346 -0.9782 0.1580
vn 0.5458 -0.8260 0.1406
vn 0.7632 -0.5994 0.2414
vn 0.9874 -0.1176 -0.1062
vn 0.8177 0.3548 -0.4533
vn 0.7928 0.5506 -0.2613
vn 0.9858 0.1341 0.1012
vn 0.8510 -0.3625 0.3801
vn 0.6750 -0.6179 0.4031
vn 0.4920 -0.8241 0.2808
vn 0.8334 -0.5527 -0.0011
vn 0.6478 -0.7426 -0.1701
vn 0.8425 -0.1182 0.5256
vn 0.8086 0.5614 -0.1759
vn 0.6613 0.7482 -0.0535
vn 0.8356 0.4228 0.3508
vn 0.8311 -0.0953 0.5479
vn 0.7670 -0.3850 0.5133
vn 0.9470 -0.0235 0.3205
vn 0.7756 0.0882 0.6250
vn 0.6409 0.7676 0.0012
vn 0.4778 0.8683 0.1337
vn 0.6693 0.5726 0.4735
vn 0.6534 0.1722 0.7372
vn 0.7206 -0.5846 0.3729
vn 0.8961 0.3893 -0.2133
vn 0.5472 -0.0107 0.8369
vn 0.8449 0.4612 0.2710
vn 0.3458 0.9357 0.0701
vn 0.2285 0.3400 0.9122
vn 0.6333 0.7436 0.2144
vn 0.3137 0.9376 -0.1503
vn 0.5817 0.5537 0.5959
vn 0.5004 0.3710 0.7822
vn 0.5286 0.2563 0.8092
vn 0.6926 0.1287 0.7097
vn 0.7136 0.5713 0.4055
vn 0.8729 0.3469 0.3432
vn 0.8102 0.5286 -0.2532
vn 0.7120 0.1300 0.6900
vn 0.6943 0.3252 0.6420
vn 0.7733 0.5736 0.2704
vn 0.6365 0.7707 -0.0302
vn 0.7320 0.6149 -0.2933
vn 0.8167 0.5137 0.2627
vn 0.7411 0.6711 0.0181
vn 0.8580 0.1963 0.4748
vn 0.9585 -0.0386 0.2823
vn 0.7954 -0.1066 0.5966
vn 0.9713 0.1650 0.1715
vn 0.7805 0.3403 0.5245
vn 0.8773 0.3782 0.2955
vn 0.9676 0.1495 0.2034
vn 0.8690 0.3462 -0.3534
vn 0.8349 0.3741 0.4037
vn 0.9026 0.2701 -0.3352
vn 0.9059 0.0668 -0.4183
vn 0.9769 -0.0999 0.1889
vn 0.8948 -0.2484 0.3710
vn 0.5511 -0.7602 0.3442
vn -0.0371 -0.4456 0.8945
vn 0.7805 -0.1310 0.6113
vn 0.9706 0.0478 0.2359
vn 0.9013 0.0195 -0.4328
vn 0.8082 -0.2167 -0.5475
vn 0.8576 -0.1947 -0.4761
vn 0.9606 -0.2505 0.1205
vn 0.6307 -0.4056 -0.6616
vn 0.3651 -0.8981 -0.2453
vn 0.3806 -0.5420 -0.7492
vn 0.0358 -0.9474 -0.3180
vn 0.6995 -0.4613 -0.5457
vn 0.3833 -0.6701 -0.6357
vn 0.0805 -0.5929 -0.8013
vn -0.0275 -0.6892 -0.7240
vn -0.2310 -0.5320 -0.8146
vn -0.3901 -0.5075 -0.7683
vn -0.4984 -0.3780 -0.7802
vn -0.6642 -0.7115 -0.2292
vn 0.9045 -0.3584 0.2313
vn 0.6107 -0.7516 0.2494
vn 0.1867 -0.9696 0.1583
vn -0.2196 -0.9740 0.0560
vn -0.6515 -0.7552 -0.0719
vn -0.2871 -0.9461 0.1498
vn 0.1485 -0.9807 0.1270
vn -0.7507 -0.6460 0.1387
vn -0.2517 -0.7506 0.6109
vn 0.0277 -0.7080 0.7057
vn -0.3596 -0.6198 0.6975
vn -0.6956 -0.3533 0.6255
vn -0.9105 -0.4119 -0.0367
vn -0.8654 -0.2206 0.4499
vn -0.9615 -0.2519 -0.1098
vn -0.7141 0.2587 0.6504
vn -0.9805 -0.1967 0.0004
vn -0.9586 -0.0009 0.2847
vn -0.8415 -0.5157 -0.1610
vn -0.8381 -0.5256 -0.1461
vn -0.9349 -0.2966 -0.1950
vn -0.6227 -0.3105 -0.7182
vn -0.6854 -0.1512 -0.7123
vn -0.6970 -0.0500 -0.7153
vn -0.7930 0.0755 -0.6045
vn -0.9880 0.0954 -0.1213
vn -0.9710 -0.1655 -0.1728
vn -0.9424 -0.3266 0.0727
vn -0.8614 0.3252 -0.3903
vn -0.8956 0.3163 -0.3128
vn -0.8714 -0.0009 -0.4905
vn -0.9235 -0.1887 0.3340
vn -0.9183 0.0040 0.3958
vn -0.8468 -0.4988 0.1849
vn -0.9835 0.1705 0.0605
vn -0.7074 -0.5913 -0.3873
vn -0.9854 -0.1582 -0.0631
vn -0.8978 -0.3208 0.3019
vn -0.8744 -0.4572 -0.1623
vn -0.7860 -0.5552 0.2721
vn -0.7901 -0.5791 0.2011
vn -0.5905 -0.7646 0.2582
vn -0.5267 -0.8464 0.0782
vn -0.8444 -0.4562 -0.2810
vn -0.4693 -0.7384 -0.4843
vn -0.7131 0.0432 -0.6998
vn -0.7803 0.3948 -0.4850
vn -0.9112 -0.0040 -0.4119
vn -0.7890 0.3072 -0.5321
vn -0.6805 0.0146 -0.7326
vn -0.0164 -0.9744 -0.2241
vn -0.3685 -0.9089 -0.1949
vn -0.6444 -0.7623 0.0614
vn -0.8573 -0.5104 0.0670
vn -0.9716 -0.0554 -0.2302
vn -0.8925 0.2922 -0.3437
vn -0.7145 -0.6900 0.1156
vn -0.5028 -0.8419 0.1958
vn -0.1980 -0.9505 -0.2397
vn 0.9126 0.0046 0.4089
vn 0.1998 0.0606 0.9780
vn 0.7473 -0.2754 0.6048
vn 0.3014 -0.6084 0.7342
vn 0.7139 -0.6552 -0.2471
vn -0.3357 0.9361 -0.1046
vn 0.5606 0.5472 0.6216
vn 0.3164 0.4108 0.8551
vn 0.7394 0.3444 0.5785
vn 0.6483 0.5114 0.5641
vn 0.7701 0.6378 -0.0129
vn 0.5662 0.7938 0.2220
vn 0.5615 0.6770 0.4758
vn 0.9720 0.2340 0.0226
vn -0.9968 0.0169 0.0775
vn -0.8608 0.3745 -0.3446
vn -0.8952 0.1741 0.4103
vn -0.7084 0.6701 -0.2216
vn -0.8175 0.4532 -0.3554
vn 0.0729 0.9804 -0.1831
vn 0.0290 0.6073 0.7939
vn -0.8294 0.3092 0.4653
vn -0.8810 -0.1670 0.4426
vn -0.7108 -0.1406 0.6892
vn 0.0325 0.6555 0.7545
vn 0.8909 0.1209 0.4378
vn 0.8540 0.5125 -0.0897
vn 0.6864 0.7266 -0.0296
vn 0.8080 0.4677 0.3583
vn 0.8270 0.1552 0.5404
vn 0.9284 0.0530 0.3679
vn 0.6103 0.0739 0.7887
vn -0.0216 0.7223 0.6912
vn -0.0686 -0.0363 0.9970
vn -0.0645 -0.9678 0.2435
vn -0.7005 -0.2981 0.6484
vn -0.8540 0.0753 0.5148
vn -0.8365 -0.4405 0.3259
vn -0.8070 0.4792 0.3450
vn -0.6895 0.7222 0.0552
vn 0.0154 0.9987 -0.0492
vn -0.5473 -0.8366 -0.0238
vn -0.2063 -0.2952 -0.9329
vn -0.2604 -0.9566 -0.1311
vn 0.0636 -0.2525 -0.9655
vn 0.0706 -0.9832 -0.1683
vn 0.0709 -0.9879 -0.1381
vn -0.2628 -0.9547 -0.1398
vn 0.4323 -0.2789 -0.8575
vn 0.5135 -0.5007 -0.6968
vn -0.5609 -0.8277 0.0152
vn -0.1076 -0.1762 -0.9785
vn 0.0539 -0.2315 -0.9714
vn 0.3415 -0.3038 -0.8894
vn 0.5492 -0.0491 -0.8343
vn 0.5756 -0.1403 -0.8056
vn 0.7918 0.1866 -0.5816
vn 0.2219 -0.2835 -0.9330
vn 0.9660 -0.2363 -0.1049
vn 0.7345 -0.5950 -0.3264
vn 0.6615 -0.7152 0.2257
vn 0.3912 -0.8192 -0.4195
vn 0.0471 -0.8993 -0.4349
vn -0.3103 -0.8485 -0.4287
vn 0.0613 -0.9717 0.2282
vn -0.2558 -0.9414 0.2200
vn -0.3043 -0.9082 -0.2875
vn 0.0620 -0.9770 0.2042
vn 0.0835 -0.9547 -0.2857
vn 0.3657 -0.8967 0.2496
vn 0.4044 -0.8935 0.1954
vn 0.6145 -0.7182 0.3264
vn 0.7580 -0.4938 0.4261
vn 0.7257 -0.6782 -0.1160
vn 0.4411 -0.8581 -0.2628
vn 0.0606 -0.6304 -0.7739
vn 0.0936 -0.7310 -0.6759
vn -0.2707 -0.5956 -0.7563
vn 0.5394 -0.8358 0.1021
vn 0.5283 -0.5623 -0.6361
vn 0.6400 -0.3498 -0.6841
vn 0.9184 -0.3956 -0.0102
vn 0.8453 -0.5343 0.0066
vn 0.7464 -0.3011 -0.5935
vn 0.7926 -0.1329 -0.5950
vn 0.9694 -0.2439 -0.0272
vn 0.8236 -0.0593 -0.5641
vn 0.9990 -0.0380 -0.0215
vn 0.8301 0.1829 -0.5268
vn 0.8564 0.1081 -0.5049
vn 0.9877 -0.1233 0.0960
vn 0.8147 -0.2612 0.5177
vn 0.7991 -0.3980 0.4505
vn 0.7671 0.3340 -0.5478
vn 0.8194 -0.0260 0.5726
vn 0.8368 0.0149 0.5472
vn 0.9542 0.2269 0.1951
vn 0.7346 0.6346 -0.2402
vn 0.8267 0.4187 -0.3759
vn 0.7740 0.6057 -0.1845
vn 0.9101 -0.2776 0.3077
vn 0.8937 0.3718 -0.2510
vn 0.9978 -0.0528 0.0409
vn 0.7748 -0.1626 0.6109
vn 0.7468 -0.0316 0.6643
vn 0.9676 0.1494 0.2033
vn 0.8434 0.3504 -0.4073
vn 0.8274 0.3322 -0.4528
vn 0.7240 0.5598 -0.4030
vn 0.7790 0.5414 -0.3162
vn 0.9338 0.2789 0.2242
vn 0.8381 -0.1425 0.5266
vn 0.9909 0.1034 0.0861
vn 0.9176 0.3923 -0.0646
vn 0.9786 0.1963 0.0622
vn 0.7846 0.5919 -0.1847
vn 0.8926 0.2139 -0.3968
vn 0.9939 -0.1083 -0.0208
vn 0.9514 0.3032 0.0532
vn 0.8912 -0.4514 0.0445
vn 0.8986 -0.4050 0.1688
vn 0.9847 -0.1399 0.1043
vn 0.9954 0.0722 0.0632
vn 0.9782 0.2038 0.0386
vn 0.8401 -0.3242 0.4348
vn 0.7772 -0.4230 0.4658
vn 0.9920 -0.0055 0.1259
vn 0.4811 0.4340 0.7617
vn 0.4729 0.6329 0.6130
vn 0.5536 0.1319 0.8223
vn 0.5817 -0.3155 0.7497
vn 0.5280 -0.7899 0.3120
vn 0.0630 -0.9889 0.1347
vn -0.7458 0.0782 0.6615
vn -0.7600 0.2683 0.5920
vn 0.2013 -0.6275 0.7521
vn 0.2459 -0.4266 0.8704
vn -0.0042 -0.7058 0.7084
vn 0.0464 -0.9779 0.2041
vn -0.4695 -0.8532 0.2271
vn -0.4197 -0.8999 0.1183
vn -0.3597 -0.6689 -0.6505
vn -0.8221 -0.5676 0.0436
vn -0.8965 -0.4260 0.1214
vn -0.6754 -0.1848 0.7139
vn -0.1514 0.3293 0.9320
vn 0.7804 0.3404 0.5245
vn 0.8579 0.1963 0.4749
vn -0.0989 0.0322 0.9946
vn -0.9513 -0.0242 0.3073
vn -0.9803 -0.1969 -0.0154
vn -0.9446 -0.3283 -0.0061
vn -0.3633 0.3728 0.8538
vn -0.9921 0.0095 0.1247
vn -0.9946 -0.0954 -0.0402
vn -0.9871 -0.1581 -0.0237
vn -0.7923 -0.1917 -0.5792
vn -0.9648 -0.2097 0.1587
vn -0.4297 0.4125 0.8032
vn -0.9214 -0.1323 0.3654
vn -0.9243 -0.0846 0.3723
vn -0.9869 -0.1584 -0.0315
vn -0.4940 0.8319 0.2528
vn 0.3923 0.8821 0.2609
vn 0.9278 0.2789 0.2480
vn -0.9852 0.1533 0.0762
vn -0.9529 0.2989 -0.0519
vn -0.8413 0.5257 -0.1257
vn -0.9360 0.2311 0.2654
vn 0.1493 -0.6621 0.7344
vn -0.0413 -0.5651 0.8240
vn -0.1140 -0.3015 0.9466
vn -0.0370 -0.4456 0.8945
vn 0.3136 0.9375 -0.1505
vn 0.5261 -0.8483 -0.0609
vn 0.3201 -0.8165 -0.4805
vn 0.6739 -0.5090 0.5354
vn 0.7582 -0.5735 0.3103
vn 0.6344 -0.7720 0.0395
vn 0.3015 -0.9535 0.0020
vn 0.7251 -0.6710 -0.1549
vn 0.3033 -0.5627 -0.7690
vn 0.1120 -0.5136 -0.8507
vn 0.0171 -0.0083 -0.9998
vn 0.0122 -0.3675 -0.9299
vn -0.0973 -0.2843 -0.9538
vn -0.2292 -0.3744 -0.8985
vn -0.1923 -0.6919 -0.6959
vn -0.3765 -0.6455 -0.6646
vn -0.4840 -0.5163 -0.7065
vn -0.5564 -0.4216 -0.7160
vn -0.6325 -0.3739 -0.6784
vn -0.6684 -0.1574 -0.7270
vn -0.7071 -0.0193 -0.7068
vn -0.7419 -0.0142 -0.6703
vn -0.0003 -0.8118 -0.5840
vn 0.4451 -0.5662 -0.6938
vn 0.0960 -0.8391 -0.5354
vn 0.7161 0.1004 -0.6907
vn 0.7164 0.0146 -0.6975
vn 0.7040 -0.1739 -0.6886
vn 0.6413 -0.3432 -0.6863
vn 0.5522 -0.4760 -0.6845
vn 0.4307 -0.5891 -0.6838
vn 0.2828 -0.6733 -0.6832
vn 0.1020 -0.7375 -0.6676
vn 0.3603 -0.9152 0.1804
vn -0.3555 -0.8980 0.2592
vn -0.5448 -0.7335 0.4064
vn 0.5571 -0.4902 0.6704
vn -0.5142 -0.4473 0.7318
vn -0.6528 -0.4685 0.5952
vn -0.7500 -0.5102 0.4210
vn 0.5400 0.3172 -0.7796
vn 0.5291 -0.4644 -0.7102
vn 0.5896 -0.4079 -0.6971
vn 0.6676 -0.3303 -0.6672
vn 0.7749 -0.1417 -0.6160
vn 0.4947 -0.4434 -0.7474
vn 0.5061 0.1885 -0.8416
vn 0.5702 -0.3638 -0.7366
vn 0.5485 0.2157 -0.8078
vn 0.5945 -0.3695 -0.7142
vn 0.5280 -0.4844 -0.6976
vn 0.5511 0.2789 -0.7864
vn 0.4268 0.5170 -0.7420
vn 0.4501 -0.4636 -0.7632
vn 0.5310 0.4102 -0.7415
vn 0.6113 -0.3687 -0.7002
vn 0.5542 0.2317 -0.7995
vn 0.6129 0.2071 -0.7626
vn 0.4684 -0.5776 -0.6686
vn 0.6015 -0.2909 -0.7441
vn 0.0807 -0.7581 -0.6471
vn 0.5832 -0.2249 -0.7806
vn 0.3365 -0.7393 -0.5832
vn 0.6259 0.2078 -0.7518
vn 0.4560 0.2145 -0.8637
vn 0.8745 -0.1466 0.4624
vn 0.9930 -0.0055 0.1183
vn 0.5540 -0.3576 -0.7518
vn 0.9830 -0.1242 0.1353
vn 0.8592 0.1104 0.4996
vn 0.8817 -0.0140 -0.4716
vn 0.9316 -0.1508 0.3307
vn 0.7195 -0.1212 0.6838
vn 0.6464 0.3288 0.6886
vn 0.5796 0.0635 0.8124
vn 0.8345 -0.4081 0.3703
vn 0.3832 -0.5475 0.7439
vn 0.7762 -0.3969 -0.4899
vn 0.6014 -0.2909 -0.7441
vn 0.4685 -0.5775 -0.6686
vn 0.0808 -0.7581 -0.6471
vn 0.6234 0.1530 -0.7668
vn 0.4916 -0.2496 -0.8343
vn 0.7450 -0.0370 -0.6661
vn 0.9786 0.1962 0.0620
vn 0.7915 -0.1478 -0.5930
vn 0.6824 0.6845 -0.2564
vn 0.6055 0.7477 -0.2728
vn 0.7089 -0.4415 -0.5500
vn 0.3366 -0.7392 -0.5833
vn 0.6997 -0.0802 -0.7099
vn 0.9473 -0.3053 0.0973
vn 0.7036 -0.0881 -0.7052
vn -0.7655 0.3160 0.5605
vn -0.6288 0.4513 0.6331
vn -0.2298 0.8993 0.3720
vn -0.3034 0.9164 0.2610
vn 0.2146 0.9762 0.0300
vn 0.0634 0.9968 -0.0491
vn 0.5269 0.7467 -0.4060
vn 0.9397 0.1572 -0.3038
vn 0.9830 -0.1240 0.1352
vn -0.0149 0.1615 -0.9868
vn 0.1491 0.7464 -0.6485
vn 0.4996 0.2584 -0.8268
vn -0.0579 -0.2890 -0.9556
vn 0.3967 -0.4056 -0.8235
vn 0.9735 0.1418 0.1795
vn 0.9482 -0.2904 0.1286
vn 0.8592 0.1106 0.4995
vn 0.9362 0.3384 -0.0952
vn -0.0221 0.9765 -0.2143
vn 0.9253 0.3602 -0.1186
vn 0.9235 0.3618 -0.1273
vn 0.8753 0.4591 -0.1518
vn 0.4220 0.8753 -0.2360
vn 0.2996 0.9298 -0.2138
vn 0.4347 0.8282 -0.3536
vn 0.9730 0.1772 -0.1477
vn 0.9306 0.2666 -0.2508
vn 0.7958 0.5023 -0.3381
vn 0.4033 0.9063 -0.1262
vn -0.0308 0.9891 -0.1443
vn 0.8981 0.4040 -0.1735
vn 0.9426 0.2873 0.1700
vn 0.8612 0.2128 0.4616
vn 0.0805 0.9769 -0.1981
vn -0.1949 0.9585 -0.2078
vn -0.0768 0.9719 -0.2224
vn -0.3438 0.9362 -0.0730
vn 0.9636 -0.0624 0.2600
vn 0.8927 0.1053 0.4381
vn 0.8782 0.0014 -0.4783
vn 0.9712 0.1927 -0.1400
vn 0.0584 0.8757 -0.4793
vn 0.0575 0.8054 -0.5899
vn 0.0127 0.6943 -0.7196
vn 0.9220 -0.0017 -0.3873
vn 0.9774 -0.0768 0.1969
vn 0.9261 0.0137 0.3770
vn 0.9130 -0.0882 0.3983
vn 0.6679 0.0253 -0.7438
vn 0.6670 -0.0373 -0.7441
vn 0.4940 -0.6185 -0.6111
vn 0.8083 -0.5445 0.2240
vn -0.6987 -0.0265 -0.7150
vn -0.7008 0.0203 -0.7131
vn -0.6593 -0.4680 -0.5885
vn -0.0004 -0.8118 -0.5840
vn 0.4341 -0.8850 -0.1686
vn 0.8256 -0.4298 -0.3655
vn -0.0724 -0.0561 -0.9958
vn 0.0100 0.3927 -0.9196
vn -0.7418 -0.0142 -0.6705
vn -0.0004 -0.8117 -0.5840
vn -0.7069 -0.0193 -0.7071
vn -0.6738 -0.1736 -0.7183
vn 0.6667 0.1424 -0.7316
vn -0.6681 -0.1576 -0.7272
vn -0.6323 -0.3738 -0.6785
vn -0.5739 -0.3298 -0.7496
vn 0.6234 0.2550 -0.7392
vn 0.8693 0.2598 0.4205
vn 0.4919 0.5098 -0.7058
vn 0.8072 0.4510 0.3809
vn 0.5663 0.3750 -0.7340
vn -0.5471 -0.4116 -0.7289
vn -0.4548 -0.5071 -0.7321
vn -0.3224 -0.5552 -0.7667
vn -0.5563 -0.4215 -0.7161
vn -0.4839 -0.5163 -0.7066
vn -0.3764 -0.6454 -0.6647
vn -0.1699 -0.6619 -0.7301
vn -0.0278 0.7080 -0.7057
vn -0.1923 -0.6918 -0.6961
vn 0.1020 -0.7374 -0.6678
vn 0.1046 -0.6832 -0.7227
vn 0.2644 -0.6500 -0.7124
vn 0.4306 -0.5889 -0.6839
vn 0.2827 -0.6732 -0.6833
vn 0.0961 -0.8391 -0.5355
vn 0.6817 -0.4398 -0.5847
vn 0.7160 0.1005 -0.6909
vn 0.6373 0.1158 -0.7618
vn 0.7162 0.0147 -0.6977
vn 0.6665 -0.0219 -0.7452
vn 0.7038 -0.1738 -0.6888
vn 0.6722 -0.1768 -0.7190
vn 0.6412 -0.3431 -0.6864
vn 0.6080 -0.3232 -0.7251
vn -0.6419 0.1433 -0.7533
vn -0.6113 0.2968 -0.7337
vn -0.9525 0.1832 0.2434
vn -0.8679 0.3987 0.2965
vn -0.9602 0.1024 0.2599
vn -0.6018 0.7621 0.2388
vn -0.9651 0.1591 -0.2079
vn -0.5412 0.8240 -0.1677
vn -0.9582 0.2243 -0.1776
vn -0.5701 0.8177 -0.0800
vn -0.6489 0.7053 0.2854
vn -0.5252 0.8388 -0.1435
vn -0.9731 0.2002 -0.1142
vn -0.9034 0.3964 -0.1634
vn -0.9252 0.3637 -0.1079
vn -0.9537 0.2994 -0.0282
vn -0.6202 0.6399 0.4538
vn -0.5682 0.6980 0.4359
vn -0.9263 0.3438 0.1540
vn -0.5756 0.7249 -0.3783
vn -0.6611 0.2449 -0.7092
vn -0.9391 0.2890 -0.1858
vn 0.8176 -0.5451 0.1855
vn 0.6560 -0.7547 0.0084
vn 0.6994 -0.7121 0.0624
vn 0.4513 -0.8803 -0.1463
vn 0.3900 -0.9116 -0.1297
vn 0.7293 -0.6283 0.2708
vn 0.8539 0.5126 -0.0898
vn 0.9135 0.0209 0.4063
vn 0.9238 0.2418 -0.2970
vn 0.9437 -0.1720 0.2824
vn 0.5059 -0.8111 -0.2936
vn 0.9283 0.0532 0.3680
vn 0.6104 0.0741 0.7886
vn 0.3408 0.0735 0.9373
vn 0.4360 -0.8993 0.0327
vn 0.7650 -0.3915 0.5114
vn 0.2961 -0.6267 0.7208
vn 0.7847 0.0184 0.6196
vn 0.0225 0.2589 0.9656
vn 0.7106 -0.1929 0.6767
vn 0.0673 0.3744 0.9248
vn 0.8675 0.2210 0.4456
vn -0.7990 0.0253 0.6008
vn 0.0566 0.8961 0.4403
vn 0.8936 0.4245 0.1458
vn 0.9909 0.1033 0.0861
vn 0.9786 0.1961 0.0621
vn -0.9986 0.0317 -0.0416
vn 0.8381 -0.1427 0.5266
vn 0.7748 -0.1627 0.6109
vn 0.9978 -0.0530 0.0409
vn 0.8937 0.3719 -0.2510
vn -0.5705 -0.4825 0.6646
vn -0.7478 -0.4160 0.5175
vn -0.3994 0.0186 0.9166
vn -0.5676 0.7489 0.3420
vn -0.5979 0.7165 0.3594
vn -0.4472 0.4997 0.7418
vn -0.7291 0.4463 0.5189
vn -0.7894 0.0507 0.6117
vn -0.1371 0.0128 0.9905
vn 0.5538 0.8126 0.1815
vn 0.1200 0.9897 0.0775
vn 0.3242 0.8363 0.4422
vn 0.1832 0.6515 0.7362
vn -0.0241 0.4141 0.9099
vn 0.3830 0.7842 0.4883
vn 0.1843 0.6553 0.7326
vn -0.0558 0.4110 0.9099
vn -0.1160 0.0387 0.9925
vn -0.5830 0.0957 0.8068
vn -0.5276 0.5141 0.6763
vn -0.2663 0.8590 0.4372
vn -0.4754 0.8377 -0.2687
vn -0.6746 0.6039 -0.4245
vn -0.8112 0.4926 -0.3152
vn -0.7980 0.5925 -0.1102
vn -0.9984 0.0395 -0.0415
vn -0.5478 0.8363 0.0225
vn -0.3267 0.9220 -0.2077
vn -0.6896 0.1476 0.7090
vn -0.5698 -0.3735 0.7320
vn -0.8904 0.0706 0.4496
vn -0.9179 -0.3163 0.2396
vn -0.7932 -0.3572 0.4932
vn -0.8907 0.1346 0.4342
vn -0.9815 0.1686 -0.0904
vn -0.7743 0.4025 0.4883
vn -0.9398 -0.1745 0.2938
vn -0.9313 0.2403 0.2737
vn -0.7531 -0.2009 0.6265
vn -0.6401 -0.3007 0.7070
vn -0.6036 0.4675 0.6459
vn 0.8286 0.5597 0.0114
vn 0.2816 0.9564 0.0780
vn -0.1750 0.9117 0.3717
vn 0.0138 0.8484 0.5292
vn 0.4750 0.8328 0.2844
vn 0.4224 0.3897 0.8183
vn 0.7733 0.3319 0.5402
vn -0.4446 0.4614 0.7677
vn 0.0530 0.3570 0.9326
vn 0.3781 -0.3118 0.8717
vn 0.7313 -0.3405 0.5910
vn 0.0211 -0.2263 0.9738
vn -0.4860 -0.2992 0.8211
vn -0.9832 -0.1738 -0.0551
vn -0.9242 0.0114 -0.3818
vn -0.9178 -0.1558 0.3652
vn -0.8913 -0.3729 -0.2580
vn -0.9410 0.1276 0.3135
vn -0.8899 0.3714 -0.2649
vn -0.9639 0.2437 0.1073
vn -0.9215 0.3157 -0.2263
vn -0.9050 0.3818 -0.1876
vn -0.9034 0.3965 -0.1634
vn -0.9066 -0.3657 -0.2105
vn -0.9765 0.0156 -0.2147
vn -0.8677 0.2858 -0.4067
vn -0.7334 -0.0768 -0.6754
vn -0.6606 -0.7486 -0.0565
vn -0.7837 -0.5512 -0.2865
vn -0.6768 -0.7093 -0.1970
vn -0.8009 -0.5613 -0.2084
vn -0.9227 0.3625 -0.1313
vn -0.9989 0.0238 -0.0415
vn -0.9137 -0.3817 -0.1396
vn -0.9193 0.3805 -0.1001
vn -0.5318 -0.8445 -0.0629
vn -0.7965 -0.5907 -0.1291
vn -0.9922 0.0869 -0.0893
vn -0.9816 -0.0085 -0.1907
vn -0.9167 -0.3076 0.2549
vn -0.9125 -0.1708 0.3716
vn -0.9018 0.2601 0.3452
vn -0.9252 0.3638 -0.1079
vn 0.5875 0.2039 -0.7831
vn 0.5106 0.1959 -0.8372
vn 0.6852 0.1754 -0.7069
vn 0.4917 -0.2496 -0.8342
vn 0.7915 -0.1479 -0.5930
vn 0.6996 -0.0801 -0.7100
vn 0.7035 -0.0881 -0.7052
vn -0.9204 -0.2041 0.3335
vn -0.6607 -0.7485 -0.0564
vn -0.6450 -0.6901 0.3281
vn -0.4429 -0.6729 -0.5925
vn -0.6564 -0.1252 -0.7439
vn -0.6712 -0.0082 -0.7412
vn -0.9410 0.1275 0.3135
vn -0.9639 0.2437 0.1072
vn -0.9215 0.3156 -0.2263
vn -0.8347 0.5508 0.0013
vn -0.4421 0.8817 0.1648
vn -0.3816 0.9164 -0.1204
vn 0.0896 0.9714 0.2198
vn 0.1358 0.9895 -0.0490
vn 0.6636 0.7192 0.2056
vn 0.6890 0.7219 0.0647
vn 0.9539 0.2572 0.1548
vn 0.9278 0.2789 0.2479
vn -0.7664 0.5868 -0.2612
vn -0.1829 0.7637 -0.6191
vn 0.2165 0.7756 -0.5929
vn 0.6934 0.6536 -0.3032
vn -0.0622 -0.9965 0.0567
vn 0.1875 -0.9012 0.3907
vn -0.0576 -0.8808 0.4700
vn -0.3035 -0.8683 0.3925
vn -0.4509 -0.8742 0.1800
vn -0.4519 -0.8886 -0.0784
vn -0.3050 -0.9102 -0.2803
vn -0.0594 -0.9322 -0.3569
vn 0.1836 -0.9431 -0.2772
vn -0.3828 -0.9237 0.0163
vn -0.3850 -0.9180 0.0947
vn -0.3463 -0.9137 0.2125
vn -0.2975 -0.9121 0.2819
vn -0.2041 -0.9130 0.3533
vn -0.1243 -0.9183 0.3759
vn 0.0015 -0.9259 0.3778
vn 0.6839 -0.7128 0.1555
vn 0.6134 -0.6958 0.3735
vn 0.6780 -0.7310 -0.0772
vn 0.6074 -0.7381 -0.2937
vn 0.4754 -0.7373 -0.4800
vn 0.2890 -0.7349 -0.6135
vn 0.0698 -0.7258 -0.6843
vn -0.1585 -0.7100 -0.6861
vn 0.0810 -0.9319 0.3535
vn -0.3724 -0.6923 -0.6181
vn 0.1760 -0.9431 0.2822
vn -0.5623 -0.6694 -0.4855
vn 0.2243 -0.9509 0.2131
vn -0.6985 -0.6500 -0.2992
vn 0.2638 -0.9598 0.0955
vn 0.3374 -0.9240 0.1801
vn 0.3325 -0.9400 -0.0760
vn 0.2636 -0.9645 0.0177
vn 0.2251 -0.9693 -0.0987
vn -0.7725 -0.6297 -0.0818
vn -0.7712 -0.6176 0.1544
vn -0.7002 -0.6079 0.3743
vn 0.1787 -0.9693 -0.1691
vn -0.5694 -0.6039 0.5577
vn 0.0770 -0.9681 -0.2384
vn -0.3779 -0.6071 0.6991
vn -0.0015 -0.9648 -0.2630
vn -0.1206 -0.9568 -0.2645
vn -0.3014 -0.9381 -0.1704
vn -0.3513 -0.9308 -0.1010
vn -0.1554 -0.6173 0.7712
vn 0.0760 -0.6335 0.7700
vn 0.2977 -0.6552 0.6943
vn 0.4788 -0.6759 0.5602
vn -0.2518 0.9650 -0.0735
vn -0.1928 0.9436 -0.2692
vn -0.1730 0.9775 -0.1208
vn -0.1563 0.9704 -0.1841
vn -0.0995 0.9601 -0.2614
vn -0.0244 0.9214 -0.3879
vn -0.0432 0.9525 -0.3015
vn 0.0446 0.9422 -0.3320
vn 0.1819 0.9046 -0.3854
vn 0.1154 0.9368 -0.3303
vn 0.2032 0.9321 -0.2997
vn 0.3482 0.8985 -0.2674
vn 0.7828 0.5990 -0.1688
vn 0.7898 0.6099 0.0655
vn 0.7206 0.6318 0.2855
vn 0.5835 0.6599 0.4733
vn 0.3947 0.6868 0.6104
vn 0.1788 0.7084 0.6828
vn -0.0618 0.7270 0.6838
vn -0.2788 0.7390 0.6133
vn 0.2587 0.9302 -0.2602
vn -0.4705 0.7424 0.4770
vn 0.3151 0.9314 -0.1822
vn -0.6057 0.7426 0.2857
vn 0.3316 0.9358 -0.1194
vn -0.6811 0.7295 0.0631
vn 0.3303 0.9436 -0.0246
vn 0.4115 0.9086 -0.0713
vn 0.3468 0.9295 0.1255
vn 0.3132 0.9489 0.0385
vn 0.2565 0.9594 0.1170
vn -0.6801 0.7122 -0.1741
vn -0.6052 0.6915 -0.3945
vn -0.4659 0.6676 -0.5807
vn 0.0802 0.9941 -0.0730
vn 0.1800 0.9527 0.2449
vn 0.2016 0.9668 0.1570
vn -0.2817 0.6430 -0.7122
vn 0.1137 0.9769 0.1810
vn -0.0586 0.6179 -0.7840
vn 0.0489 0.9824 0.1800
vn -0.1883 0.9742 0.1244
vn -0.0213 0.9696 0.2436
vn -0.0469 0.9867 0.1558
vn -0.0945 0.9886 0.1172
vn -0.1501 0.9880 0.0376
vn -0.1735 0.9845 -0.0257
vn 0.1715 0.5992 -0.7820
vn 0.3916 0.5874 -0.7083
vn 0.5780 0.5810 -0.5731
vn 0.7106 0.5880 -0.3863
vn -0.6055 0.7429 0.2855
vn -0.5692 -0.6041 0.5578
vn -0.4704 0.7425 0.4769
vn -0.7001 -0.6081 0.3743
vn -0.6810 0.7296 0.0629
vn -0.7711 -0.6177 0.1544
vn -0.6799 0.7123 -0.1742
vn -0.7724 -0.6298 -0.0817
vn -0.6050 0.6918 -0.3943
vn -0.6984 -0.6502 -0.2991
vn -0.4658 0.6678 -0.5806
vn -0.5621 -0.6695 -0.4855
vn 0.3945 0.6870 0.6102
vn 0.4785 -0.6761 0.5603
vn 0.5834 0.6600 0.4733
vn 0.2975 -0.6554 0.6942
vn 0.1786 0.7086 0.6827
vn 0.0759 -0.6336 0.7699
vn -0.0618 0.7271 0.6838
vn -0.1553 -0.6176 0.7710
vn -0.2788 0.7392 0.6131
vn -0.3779 -0.6072 0.6989
vn 0.7105 0.5882 -0.3863
vn 0.4753 -0.7375 -0.4798
vn 0.5780 0.5812 -0.5729
vn 0.6072 -0.7383 -0.2937
vn 0.7827 0.5991 -0.1688
vn 0.6778 -0.7312 -0.0771
vn 0.7896 0.6101 0.0656
vn 0.6839 -0.7128 0.1556
vn 0.7205 0.6320 0.2854
vn 0.6133 -0.6960 0.3734
vn -0.2814 0.6433 -0.7121
vn -0.5623 -0.6695 -0.4854
vn -0.3724 -0.6924 -0.6180
vn -0.0585 0.6181 -0.7839
vn -0.1585 -0.7101 -0.6860
vn 0.1716 0.5994 -0.7818
vn 0.0697 -0.7260 -0.6842
vn 0.3915 0.5875 -0.7082
vn 0.2889 -0.7351 -0.6134
vn -0.2875 0.0496 -0.9565
vn -0.3804 0.2134 -0.8999
vn -0.2565 0.1390 -0.9565
vn -0.1418 0.0157 -0.9898
vn -0.1231 0.0645 -0.9903
vn 0.0100 -0.0168 -0.9998
vn -0.1450 -0.0315 -0.9889
vn -0.4031 -0.1960 -0.8939
vn -0.4400 -0.0588 -0.8961
vn -0.2692 -0.1374 -0.9532
vn -0.2216 -0.2188 -0.9503
vn -0.1051 -0.1214 -0.9870
vn -0.0712 -0.1494 -0.9862
vn -0.1328 -0.0773 -0.9881
vn -0.2939 -0.0454 -0.9548
vn -0.4306 0.0831 -0.8987
vn -0.4992 0.2829 -0.8190
vn -0.6015 0.3463 -0.7199
vn -0.4599 0.5177 -0.7215
vn -0.5627 0.1118 -0.8191
vn -0.3146 0.7308 -0.6058
vn -0.2733 0.6369 -0.7209
vn -0.0675 0.7931 -0.6053
vn -0.5313 0.5925 -0.6056
vn -0.6874 0.4034 -0.6039
vn -0.6831 0.1405 -0.7166
vn -0.5751 -0.0709 -0.8150
vn -0.6942 -0.0813 -0.7152
vn -0.7822 0.1644 -0.6009
vn -0.7623 0.4448 -0.4702
vn -0.5850 0.6595 -0.4721
vn -0.3464 0.8097 -0.4737
vn -0.0758 0.8786 -0.4716
vn -0.3698 0.8699 -0.3264
vn -0.0819 0.9420 -0.3256
vn -0.6251 0.7096 -0.3250
vn -0.8178 0.4762 -0.3230
vn -0.8646 0.1821 -0.4683
vn -0.9269 0.1952 -0.3206
vn -0.8810 -0.0966 -0.4632
vn -0.7966 -0.0900 -0.5977
vn -0.7315 -0.3357 -0.5935
vn -0.9431 -0.1012 -0.3166
vn -0.9634 0.2077 -0.1693
vn -0.9807 -0.1033 -0.1662
vn -0.8503 0.4973 -0.1724
vn -0.6507 0.7390 -0.1744
vn -0.3877 0.9050 -0.1753
vn -0.0857 0.9808 -0.1755
vn -0.3912 0.9201 -0.0176
vn -0.9777 0.2098 -0.0115
vn -0.9946 -0.1030 -0.0084
vn -0.9005 -0.4033 -0.1624
vn -0.7322 -0.6622 -0.1592
vn -0.8671 -0.3873 -0.3133
vn -0.7046 -0.6388 -0.3091
vn -0.6565 -0.6009 -0.4560
vn -0.4716 -0.8271 -0.3059
vn -0.4911 -0.8570 -0.1564
vn -0.4421 -0.7744 -0.4526
vn -0.4028 -0.7026 -0.5866
vn -0.2045 -0.9666 -0.1542
vn -0.1935 -0.9328 -0.3040
vn -0.1820 -0.8739 -0.4508
vn -0.1659 -0.7950 -0.5835
vn -0.1434 -0.6995 -0.7001
vn 0.0986 -0.9481 -0.3022
vn 0.1018 -0.9829 -0.1533
vn 0.0929 -0.8894 -0.4476
vn 0.0854 -0.8087 -0.5819
vn 0.0759 -0.7101 -0.7000
vn 0.0650 -0.5945 -0.8015
vn 0.3976 -0.9047 -0.1531
vn 0.1028 -0.9947 0.0021
vn 0.3808 -0.8739 -0.3022
vn 0.3586 -0.8186 -0.4486
vn 0.3283 -0.7448 -0.5809
vn 0.2885 -0.6559 -0.6976
vn 0.2399 -0.5469 -0.8021
vn 0.1887 -0.4259 -0.8849
vn 0.6543 -0.7403 -0.1544
vn 0.6301 -0.7151 -0.3026
vn 0.5919 -0.6698 -0.4484
vn 0.5407 -0.6077 -0.5817
vn 0.4719 -0.5377 -0.6987
vn 0.3937 -0.4522 -0.8003
vn 0.3058 -0.3522 -0.8846
vn 0.2115 -0.2469 -0.9457
vn 0.8189 -0.4865 -0.3046
vn 0.8495 -0.5039 -0.1564
vn 0.7659 -0.4591 -0.4502
vn 0.6941 -0.4218 -0.5833
vn 0.6115 -0.3687 -0.7001
vn 0.5118 -0.3092 -0.8015
vn 0.3962 -0.2426 -0.8855
vn 0.4465 -0.1138 -0.8875
vn 0.3056 -0.0819 -0.9486
vn 0.6928 -0.1663 -0.7017
vn 0.7886 -0.1873 -0.5857
vn 0.8679 -0.2018 -0.4538
vn 0.9831 0.0845 -0.1624
vn 0.9623 -0.2208 -0.1590
vn 0.9471 0.0796 -0.3109
vn 0.9276 -0.2116 -0.3079
vn 0.8871 0.0724 -0.4558
vn 0.8054 0.0632 -0.5894
vn 0.7057 0.0525 -0.7066
vn 0.5893 0.0404 -0.8069
vn 0.8767 0.3634 -0.3151
vn 0.8198 0.3394 -0.4612
vn 0.7443 0.3074 -0.5929
vn 0.6538 0.2661 -0.7084
vn 0.5432 0.2159 -0.8114
vn 0.4209 0.1637 -0.8922
vn 0.4565 0.0270 -0.8893
vn 0.2412 0.1858 -0.9525
vn 0.2883 0.1043 -0.9519
vn 0.1250 0.0881 -0.9882
vn 0.3477 0.2815 -0.8943
vn 0.4497 0.3711 -0.8124
vn 0.5367 0.4513 -0.7129
vn 0.6087 0.5225 -0.5971
vn 0.3061 0.4912 -0.8155
vn 0.2380 0.3728 -0.8968
vn 0.1649 0.2493 -0.9543
vn 0.0910 0.1161 -0.9891
vn 0.0424 0.1350 -0.9899
vn -0.0048 0.1383 -0.9904
vn 0.0759 0.2806 -0.9568
vn 0.1861 0.7757 -0.6031
vn 0.4227 0.6787 -0.6005
vn 0.1637 0.6764 -0.7182
vn 0.3676 0.5932 -0.7163
vn 0.1362 0.5558 -0.8201
vn 0.1086 0.4237 -0.8993
vn 0.2022 0.8585 -0.4714
vn 0.4619 0.7536 -0.4676
vn 0.6729 0.5760 -0.4642
vn 0.7202 0.6165 -0.3183
vn 0.4912 0.8095 -0.3215
vn 0.2135 0.9214 -0.3246
vn 0.2241 0.9589 -0.1741
vn 0.5103 0.8426 -0.1721
vn 0.7472 0.6427 -0.1693
vn 0.9091 0.3822 -0.1658
vn 0.7560 0.6545 -0.0132
vn 0.5185 0.8549 -0.0155
vn -0.0872 0.9960 -0.0178
vn 0.8598 -0.5106 -0.0015
vn 0.9755 -0.2198 -0.0042
vn 0.9962 0.0873 -0.0072
vn -0.7414 -0.6711 -0.0025
vn -0.4996 -0.8663 -0.0002
vn 0.6641 -0.7477 0.0005
vn 0.7008 0.2873 0.6529
vn 0.3123 0.0125 -0.9499
vn 0.1525 0.0438 -0.9873
vn 0.1646 -0.0018 -0.9864
vn 0.1613 -0.0490 -0.9857
vn 0.0524 -0.4624 -0.8851
vn -0.0886 -0.4533 -0.8869
vn 0.0387 -0.3188 -0.9470
vn 0.1303 -0.2943 -0.9468
vn 0.0704 -0.1591 -0.9847
vn 0.1145 -0.1315 -0.9847
vn 0.1425 -0.0976 -0.9850
vn 0.2746 -0.1707 -0.9463
vn -0.1160 -0.5825 -0.8045
vn -0.3475 -0.6196 -0.7038
vn -0.5915 -0.5496 -0.5900
vn -0.8086 -0.3657 -0.4609
vn -0.5189 -0.4804 -0.7071
vn -0.2861 -0.5201 -0.8048
vn -0.6392 -0.2960 -0.7098
vn -0.4312 -0.4019 -0.8078
vn -0.2181 -0.4038 -0.8885
vn -0.0558 -0.3124 -0.9483
vn 0.0247 -0.1713 -0.9849
vn -0.5268 -0.2473 -0.8132
vn -0.3286 -0.3134 -0.8910
vn -0.1448 -0.2817 -0.9485
vn -0.0225 -0.1681 -0.9855
vn -0.0331 0.4340 -0.9003
vn -0.1707 0.3980 -0.9014
vn -0.1112 0.2631 -0.9583
vn -0.0191 0.2874 -0.9576
vn -0.0506 0.1261 -0.9907
vn -0.0950 0.0985 -0.9906
vn -0.1931 0.2158 -0.9572
vn -0.2891 0.3239 -0.9008
vn -0.3792 0.4283 -0.8202
vn -0.2232 0.5230 -0.8226
vn -0.0576 0.6897 -0.7218
vn -0.0461 0.5698 -0.8205
vn 0.8980 0.3786 0.2244
vn 0.7566 0.2519 0.6034
vn 0.7010 0.2874 0.6527
vn 0.9539 0.2570 0.1548
vn 0.8507 -0.0481 -0.5234
vn 0.8011 -0.0388 -0.5973
vn 0.9430 -0.3310 -0.0340
vn 0.9560 -0.2913 -0.0345
vn 0.7693 0.6160 -0.1698
vn -0.1787 0.8655 0.4679
vn -0.8343 0.2430 0.4949
vn -0.0238 -0.4224 0.9061
vn -0.0799 -0.4095 0.9088
vn -0.9454 -0.1830 0.2697
vn -0.9261 -0.3741 0.0498
vn -0.9152 -0.1552 0.3719
vn -0.9994 -0.0085 -0.0330
vn -0.7804 0.2848 -0.5567
vn -0.7932 0.2182 -0.5685
vn -0.9965 0.0800 -0.0261
vn -0.9322 -0.2816 -0.2274
vn -0.9160 -0.2019 -0.3467
vn -0.9337 -0.1556 -0.3225
vn -0.9524 -0.3044 0.0174
vn -0.5483 -0.6315 0.5482
vn -0.7228 -0.4842 0.4930
vn -0.9824 -0.1002 0.1574
vn 0.2622 -0.9431 0.2044
vn -0.0319 -0.9828 0.1816
vn -0.3200 -0.9098 -0.2642
vn -0.3452 -0.9105 0.2275
vn -0.3556 -0.8980 0.2592
vn -0.2143 -0.9599 0.1809
vn -0.1033 -0.9717 0.2123
vn -0.0326 -0.9695 0.2429
vn -0.2994 -0.9504 -0.0843
vn -0.3403 -0.9398 -0.0302
vn -0.3731 -0.9277 0.0163
vn -0.9434 0.3305 0.0270
vn -0.9319 0.2894 0.2188
vn -0.0973 -0.2845 -0.9537
vn -0.2292 -0.3746 -0.8984
vn 0.0962 -0.8391 -0.5354
vt 0.326904 0.329590
vt 0.325195 0.330566
vt 0.326172 0.324219
vt 0.324707 0.324219
vt 0.322021 0.331543
vt 0.325684 0.318359
vt 0.329590 0.310547
vt 0.328613 0.317871
vt 0.321045 0.324219
vt 0.311523 0.321777
vt 0.323486 0.317383
vt 0.329102 0.307129
vt 0.332031 0.309570
vt 0.331787 0.302246
vt 0.332764 0.294434
vt 0.334473 0.294434
vt 0.333252 0.284180
vt 0.333740 0.284668
vt 0.346924 0.286133
vt 0.313965 0.313965
vt 0.326904 0.306152
vt 0.330811 0.291992
vt 0.331299 0.280762
vt 0.318115 0.292480
vt 0.316406 0.303711
vt 0.306396 0.302734
vt 0.304199 0.312988
vt 0.303223 0.319824
vt 0.302490 0.332520
vt 0.309814 0.334961
vt 0.298340 0.330078
vt 0.294922 0.319336
vt 0.294434 0.312988
vt 0.295166 0.303223
vt 0.296875 0.294434
vt 0.308594 0.293945
vt 0.299805 0.283691
vt 0.309814 0.283203
vt 0.318604 0.281738
vt 0.310303 0.279785
vt 0.319336 0.276855
vt 0.301758 0.280273
vt 0.311279 0.276367
vt 0.321289 0.273926
vt 0.331787 0.275391
vt 0.311768 0.266602
vt 0.302246 0.268555
vt 0.301270 0.264160
vt 0.301758 0.277832
vt 0.300293 0.278809
vt 0.297363 0.283203
vt 0.294678 0.292969
vt 0.333008 0.272461
vt 0.321777 0.264648
vt 0.310303 0.259277
vt 0.308594 0.256836
vt 0.298828 0.262695
vt 0.295654 0.255371
vt 0.306396 0.246094
vt 0.292969 0.250000
vt 0.319336 0.251465
vt 0.332764 0.251465
vt 0.332520 0.247559
vt 0.320312 0.254883
vt 0.333740 0.262695
vt 0.347168 0.262207
vt 0.346680 0.273926
vt 0.359863 0.272949
vt 0.371582 0.249023
vt 0.373047 0.261230
vt 0.359619 0.248535
vt 0.359863 0.261719
vt 0.347412 0.249512
vt 0.373779 0.271484
vt 0.373779 0.273438
vt 0.342773 0.246582
vt 0.351318 0.245117
vt 0.360107 0.244141
vt 0.371826 0.245117
vt 0.383301 0.248535
vt 0.350830 0.242676
vt 0.362305 0.239746
vt 0.371582 0.234863
vt 0.362549 0.228027
vt 0.368408 0.221191
vt 0.360596 0.213867
vt 0.365723 0.208984
vt 0.357910 0.207031
vt 0.358154 0.237305
vt 0.355957 0.218750
vt 0.349121 0.214355
vt 0.357178 0.228516
vt 0.350586 0.238770
vt 0.342529 0.243652
vt 0.317627 0.245117
vt 0.330811 0.245117
vt 0.334717 0.240234
vt 0.341553 0.239746
vt 0.349854 0.229004
vt 0.348877 0.218750
vt 0.314453 0.229980
vt 0.321289 0.236816
vt 0.329590 0.231934
vt 0.334229 0.229980
vt 0.339844 0.229492
vt 0.317627 0.216309
vt 0.316650 0.182617
vt 0.328613 0.190918
vt 0.317871 0.192383
vt 0.328613 0.200195
vt 0.318848 0.201172
vt 0.328857 0.209473
vt 0.330078 0.217285
vt 0.333740 0.220215
vt 0.339844 0.219727
vt 0.339600 0.215820
vt 0.338867 0.208008
vt 0.338379 0.198730
vt 0.338623 0.189941
vt 0.329346 0.180176
vt 0.339600 0.179199
vt 0.347900 0.189453
vt 0.347656 0.179199
vt 0.347412 0.166992
vt 0.340576 0.166504
vt 0.331055 0.168945
vt 0.325439 0.173340
vt 0.312012 0.182129
vt 0.321289 0.170410
vt 0.329834 0.165527
vt 0.339111 0.162109
vt 0.348633 0.162598
vt 0.354248 0.168945
vt 0.364502 0.201172
vt 0.356934 0.199219
vt 0.363525 0.191895
vt 0.355957 0.190430
vt 0.363037 0.185547
vt 0.355957 0.181152
vt 0.361084 0.173340
vt 0.357178 0.165527
vt 0.368652 0.184082
vt 0.366211 0.178223
vt 0.364258 0.169922
vt 0.368896 0.193848
vt 0.373535 0.185547
vt 0.370117 0.175781
vt 0.383789 0.237305
vt 0.375000 0.222656
vt 0.370850 0.210938
vt 0.369385 0.201172
vt 0.394775 0.239258
vt 0.387451 0.233887
vt 0.380371 0.222168
vt 0.376953 0.211914
vt 0.375244 0.202637
vt 0.374268 0.195312
vt 0.833984 0.168945
vt 0.824219 0.171387
vt 0.824219 0.167480
vt 0.834961 0.166016
vt 0.824219 0.164062
vt 0.845215 0.170898
vt 0.815430 0.172852
vt 0.816895 0.177246
vt 0.814453 0.168945
vt 0.813477 0.166016
vt 0.813477 0.185059
vt 0.810547 0.180664
vt 0.807617 0.176758
vt 0.805176 0.173340
vt 0.803223 0.170898
vt 0.814453 0.192383
vt 0.809570 0.188965
vt 0.805176 0.185547
vt 0.801270 0.183105
vt 0.798340 0.180664
vt 0.795410 0.178711
vt 0.793457 0.189453
vt 0.790527 0.188477
vt 0.797363 0.190918
vt 0.801758 0.192383
vt 0.807129 0.193848
vt 0.812500 0.195801
vt 0.806152 0.199707
vt 0.800781 0.199707
vt 0.795898 0.199707
vt 0.791992 0.199707
vt 0.788574 0.199707
vt 0.793457 0.209473
vt 0.790527 0.210449
vt 0.798340 0.218262
vt 0.797363 0.208008
vt 0.801758 0.206543
vt 0.807129 0.205078
vt 0.812500 0.203125
vt 0.812012 0.199707
vt 0.818359 0.201172
vt 0.817871 0.199707
vt 0.819336 0.203125
vt 0.814453 0.206543
vt 0.809570 0.209961
vt 0.805176 0.213379
vt 0.801270 0.215820
vt 0.824219 0.199707
vt 0.820312 0.204590
vt 0.816895 0.209473
vt 0.813477 0.213867
vt 0.810547 0.218262
vt 0.818359 0.216797
vt 0.816895 0.221680
vt 0.820312 0.210938
vt 0.822266 0.205566
vt 0.824219 0.205566
vt 0.826172 0.205566
vt 0.824219 0.211914
vt 0.824219 0.217285
vt 0.843262 0.213379
vt 0.841309 0.205078
vt 0.846191 0.206543
vt 0.838867 0.209961
vt 0.837891 0.218262
vt 0.834961 0.213867
vt 0.831543 0.221680
vt 0.829590 0.216797
vt 0.824219 0.222656
vt 0.807617 0.222168
vt 0.815430 0.226074
vt 0.824219 0.227539
vt 0.833008 0.226074
vt 0.840820 0.222168
vt 0.824219 0.231445
vt 0.833984 0.229980
vt 0.814453 0.229980
vt 0.805176 0.225586
vt 0.795410 0.220215
vt 0.803223 0.228027
vt 0.813477 0.232910
vt 0.824219 0.234863
vt 0.834961 0.232910
vt 0.843262 0.225586
vt 0.788086 0.210938
vt 0.793457 0.221680
vt 0.801758 0.229980
vt 0.812500 0.235352
vt 0.824219 0.237305
vt 0.835938 0.235352
vt 0.845215 0.228027
vt 0.846191 0.229980
vt 0.836426 0.236816
vt 0.824219 0.238770
vt 0.812012 0.236816
vt 0.801270 0.231445
vt 0.792480 0.222656
vt 0.786621 0.211426
vt 0.847168 0.231445
vt 0.836426 0.237305
vt 0.824219 0.239258
vt 0.812012 0.237305
vt 0.800781 0.231445
vt 0.791992 0.222656
vt 0.786621 0.211914
vt 0.784668 0.199707
vt 0.785156 0.199707
vt 0.786621 0.187012
vt 0.786621 0.187500
vt 0.791992 0.176270
vt 0.792480 0.176270
vt 0.800781 0.167480
vt 0.801270 0.167480
vt 0.812012 0.161621
vt 0.786621 0.199707
vt 0.788086 0.187988
vt 0.793457 0.177246
vt 0.801758 0.168945
vt 0.812012 0.162109
vt 0.812500 0.163574
vt 0.853027 0.178711
vt 0.854980 0.177246
vt 0.860352 0.187988
vt 0.846191 0.168945
vt 0.835938 0.163574
vt 0.824219 0.161621
vt 0.824219 0.160156
vt 0.836426 0.162109
vt 0.847168 0.167480
vt 0.855957 0.176270
vt 0.861328 0.187500
vt 0.824219 0.159668
vt 0.836426 0.161621
vt 0.847656 0.167480
vt 0.856445 0.176270
vt 0.861816 0.187012
vt 0.863770 0.199707
vt 0.863281 0.199707
vt 0.861816 0.211914
vt 0.861328 0.211426
vt 0.856445 0.222656
vt 0.855957 0.222656
vt 0.847656 0.231445
vt 0.861816 0.199707
vt 0.860352 0.210938
vt 0.854980 0.221680
vt 0.853027 0.220215
vt 0.857910 0.210449
vt 0.859375 0.199707
vt 0.857910 0.188477
vt 0.850098 0.218262
vt 0.854980 0.209473
vt 0.856445 0.199707
vt 0.854980 0.189453
vt 0.850098 0.180664
vt 0.852051 0.199707
vt 0.851074 0.190918
vt 0.846191 0.192383
vt 0.851074 0.208008
vt 0.846680 0.215820
vt 0.847656 0.199707
vt 0.841309 0.193848
vt 0.838867 0.188965
vt 0.833984 0.192383
vt 0.831543 0.189453
vt 0.827637 0.194336
vt 0.829102 0.195801
vt 0.835938 0.195801
vt 0.842285 0.199707
vt 0.826172 0.193359
vt 0.830078 0.197754
vt 0.836426 0.199707
vt 0.835938 0.203125
vt 0.830566 0.199707
vt 0.830078 0.201172
vt 0.829102 0.203125
vt 0.833984 0.206543
vt 0.831543 0.209473
vt 0.827637 0.204590
vt 0.828125 0.210938
vt 0.820312 0.187988
vt 0.820312 0.194336
vt 0.816895 0.189453
vt 0.819336 0.195801
vt 0.818359 0.197754
vt 0.818359 0.182129
vt 0.824219 0.176270
vt 0.833008 0.172852
vt 0.843262 0.173340
vt 0.840820 0.176758
vt 0.831543 0.177246
vt 0.824219 0.181641
vt 0.846680 0.183105
vt 0.837891 0.180664
vt 0.829590 0.182129
vt 0.824219 0.187012
vt 0.822266 0.193359
vt 0.824219 0.193359
vt 0.828125 0.187988
vt 0.834961 0.185059
vt 0.843262 0.185547
vt 0.577148 0.175781
vt 0.581055 0.175293
vt 0.577637 0.178223
vt 0.581543 0.177246
vt 0.585449 0.174805
vt 0.595703 0.171387
vt 0.600098 0.173828
vt 0.594238 0.174316
vt 0.589844 0.172852
vt 0.589355 0.175293
vt 0.585449 0.177246
vt 0.583984 0.201660
vt 0.574219 0.179199
vt 0.562012 0.211426
vt 0.563965 0.214844
vt 0.560547 0.208008
vt 0.560059 0.204102
vt 0.560059 0.200195
vt 0.560547 0.196777
vt 0.561523 0.192871
vt 0.562988 0.189453
vt 0.565430 0.186523
vt 0.567871 0.183594
vt 0.570801 0.181152
vt 0.573242 0.177246
vt 0.569824 0.179199
vt 0.566406 0.182129
vt 0.563477 0.185059
vt 0.561035 0.188477
vt 0.561523 0.183594
vt 0.564453 0.180176
vt 0.568359 0.177246
vt 0.572266 0.174805
vt 0.576660 0.173340
vt 0.581055 0.172852
vt 0.566406 0.174805
vt 0.570801 0.172363
vt 0.575684 0.170410
vt 0.580566 0.169922
vt 0.585449 0.169434
vt 0.585449 0.172363
vt 0.590820 0.170410
vt 0.591797 0.164062
vt 0.585938 0.163086
vt 0.580078 0.163574
vt 0.574219 0.164551
vt 0.568359 0.166504
vt 0.597656 0.165527
vt 0.603027 0.168457
vt 0.607910 0.171387
vt 0.604004 0.176270
vt 0.602051 0.185059
vt 0.599121 0.182617
vt 0.604004 0.183594
vt 0.600586 0.180664
vt 0.605469 0.182129
vt 0.602539 0.178711
vt 0.607910 0.180176
vt 0.598633 0.176270
vt 0.596191 0.180664
vt 0.597168 0.178223
vt 0.593750 0.176758
vt 0.588867 0.177734
vt 0.592773 0.178711
vt 0.574707 0.226562
vt 0.571289 0.224609
vt 0.575684 0.224121
vt 0.579102 0.225098
vt 0.578613 0.227539
vt 0.583008 0.225586
vt 0.572266 0.222656
vt 0.568848 0.220703
vt 0.566406 0.217773
vt 0.560059 0.212402
vt 0.558594 0.208496
vt 0.562012 0.216309
vt 0.564453 0.219238
vt 0.567383 0.222168
vt 0.565918 0.224121
vt 0.562500 0.221191
vt 0.560059 0.217285
vt 0.557617 0.213379
vt 0.556152 0.208984
vt 0.557617 0.204590
vt 0.555176 0.204590
vt 0.557617 0.219238
vt 0.555176 0.214844
vt 0.553223 0.209961
vt 0.552246 0.205078
vt 0.552246 0.200195
vt 0.555176 0.200195
vt 0.552734 0.194824
vt 0.555664 0.195801
vt 0.554199 0.190430
vt 0.548340 0.187988
vt 0.546875 0.193848
vt 0.545898 0.199707
vt 0.546387 0.205566
vt 0.547363 0.211426
vt 0.549316 0.217285
vt 0.557129 0.191406
vt 0.556152 0.185547
vt 0.559082 0.187012
vt 0.559082 0.181641
vt 0.562500 0.177734
vt 0.562988 0.169434
vt 0.558594 0.173340
vt 0.554199 0.177734
vt 0.550781 0.182617
vt 0.610840 0.184082
vt 0.608398 0.185547
vt 0.613281 0.188477
vt 0.610840 0.189453
vt 0.606445 0.187012
vt 0.608398 0.190430
vt 0.604492 0.187988
vt 0.616211 0.203125
vt 0.615723 0.208008
vt 0.613281 0.202637
vt 0.616211 0.197754
vt 0.613281 0.198242
vt 0.612305 0.193848
vt 0.609863 0.194336
vt 0.606445 0.191406
vt 0.615234 0.192871
vt 0.612305 0.175781
vt 0.616211 0.180664
vt 0.619141 0.185547
vt 0.621094 0.191406
vt 0.622070 0.197266
vt 0.622559 0.203125
vt 0.621582 0.208984
vt 0.620117 0.214844
vt 0.614258 0.212891
vt 0.617676 0.220215
vt 0.611816 0.217285
vt 0.614258 0.225586
vt 0.609375 0.221680
vt 0.611328 0.211914
vt 0.609375 0.215820
vt 0.606934 0.219727
vt 0.605957 0.225098
vt 0.607422 0.214844
vt 0.608887 0.210938
vt 0.606934 0.209961
vt 0.607910 0.206543
vt 0.610352 0.207031
vt 0.612793 0.207520
vt 0.604980 0.218262
vt 0.605469 0.213379
vt 0.608398 0.202637
vt 0.610840 0.202637
vt 0.608398 0.198730
vt 0.610352 0.198730
vt 0.607422 0.195312
vt 0.587891 0.233398
vt 0.588379 0.239746
vt 0.582520 0.233398
vt 0.587402 0.230469
vt 0.583008 0.230469
vt 0.586914 0.228027
vt 0.583008 0.228027
vt 0.586914 0.225586
vt 0.590820 0.225098
vt 0.594238 0.223633
vt 0.597656 0.221680
vt 0.578125 0.229980
vt 0.577637 0.232910
vt 0.572754 0.231445
vt 0.570801 0.237305
vt 0.576660 0.238770
vt 0.582520 0.239746
vt 0.573730 0.228516
vt 0.568359 0.229492
vt 0.569824 0.226562
vt 0.563965 0.226562
vt 0.560547 0.223145
vt 0.552246 0.222656
vt 0.555664 0.227051
vt 0.560059 0.231445
vt 0.565430 0.234863
vt 0.152100 0.250000
vt 0.144531 0.248047
vt 0.148682 0.228027
vt 0.155396 0.256836
vt 0.149536 0.258789
vt 0.150879 0.265625
vt 0.135132 0.260254
vt 0.143433 0.250000
vt 0.156616 0.265137
vt 0.134644 0.247559
vt 0.134888 0.251465
vt 0.126221 0.250488
vt 0.121155 0.260254
vt 0.125122 0.249512
vt 0.116333 0.260254
vt 0.117676 0.252441
vt 0.116577 0.230957
vt 0.114624 0.251465
vt 0.132812 0.229492
vt 0.116028 0.224121
vt 0.108337 0.214844
vt 0.132324 0.222168
vt 0.147705 0.221191
vt 0.131592 0.216309
vt 0.111694 0.208984
vt 0.104248 0.209961
vt 0.113037 0.230957
vt 0.105042 0.215820
vt 0.102539 0.211426
vt 0.102478 0.199219
vt 0.109924 0.206055
vt 0.119934 0.208984
vt 0.130737 0.212402
vt 0.128540 0.174316
vt 0.120544 0.183105
vt 0.105286 0.177246
vt 0.109253 0.183594
vt 0.109192 0.188965
vt 0.102112 0.188477
vt 0.109924 0.198242
vt 0.120361 0.200684
vt 0.129761 0.201172
vt 0.153931 0.210938
vt 0.148926 0.206055
vt 0.158447 0.204102
vt 0.151123 0.202148
vt 0.140381 0.207031
vt 0.138794 0.198730
vt 0.128784 0.191406
vt 0.120667 0.191406
vt 0.148804 0.196289
vt 0.155273 0.194336
vt 0.136963 0.189453
vt 0.128052 0.182617
vt 0.135132 0.180664
vt 0.147583 0.187988
vt 0.146362 0.180176
vt 0.156494 0.187988
vt 0.150757 0.175293
vt 0.107605 0.141113
vt 0.127808 0.147461
vt 0.107117 0.162598
vt 0.128174 0.166992
vt 0.149536 0.165039
vt 0.156128 0.175293
vt 0.172485 0.168457
vt 0.148438 0.158203
vt 0.169922 0.159668
vt 0.165894 0.139160
vt 0.146851 0.140137
vt 0.127319 0.128418
vt 0.108826 0.125000
vt 0.098450 0.125977
vt 0.096985 0.142090
vt 0.163330 0.123535
vt 0.145630 0.125000
vt 0.126953 0.112793
vt 0.108582 0.109375
vt 0.099243 0.103516
vt 0.144775 0.113770
vt 0.161377 0.110352
vt 0.144287 0.109863
vt 0.126709 0.104492
vt 0.106506 0.094727
vt 0.099915 0.086914
vt 0.089050 0.100586
vt 0.089844 0.080566
vt 0.094910 0.074707
vt 0.080627 0.072754
vt 0.109314 0.083008
vt 0.123718 0.096191
vt 0.142090 0.095215
vt 0.160156 0.102051
vt 0.160767 0.095215
vt 0.124451 0.032715
vt 0.112488 0.032715
vt 0.158203 0.032227
vt 0.174438 0.081543
vt 0.177490 0.092285
vt 0.178711 0.106445
vt 0.182251 0.018555
vt 0.169800 0.019531
vt 0.181396 0.002930
vt 0.183838 0.032227
vt 0.170410 0.032715
vt 0.189331 0.072754
vt 0.186157 0.083008
vt 0.189087 0.100586
vt 0.192017 0.116211
vt 0.195557 0.132812
vt 0.207275 0.129883
vt 0.204590 0.113770
vt 0.215698 0.125488
vt 0.210327 0.142090
vt 0.200317 0.149414
vt 0.180542 0.118652
vt 0.183228 0.131836
vt 0.186646 0.147461
vt 0.189697 0.155273
vt 0.204468 0.159668
vt 0.194702 0.166504
vt 0.184814 0.171875
vt 0.193726 0.167969
vt 0.196045 0.175293
vt 0.200073 0.171875
vt 0.205078 0.179199
vt 0.198242 0.182129
vt 0.201782 0.188477
vt 0.206543 0.189941
vt 0.204956 0.197266
vt 0.211182 0.193359
vt 0.205688 0.178223
vt 0.203613 0.170410
vt 0.199463 0.193848
vt 0.211304 0.178223
vt 0.206543 0.170898
vt 0.215576 0.168945
vt 0.206665 0.177734
vt 0.201050 0.165039
vt 0.203369 0.166016
vt 0.211670 0.162598
vt 0.219727 0.159668
vt 0.223755 0.166016
vt 0.230347 0.160645
vt 0.234741 0.168457
vt 0.217163 0.154297
vt 0.226440 0.154297
vt 0.235718 0.153809
vt 0.240723 0.161621
vt 0.239868 0.150879
vt 0.245605 0.158203
vt 0.228271 0.173828
vt 0.239380 0.174805
vt 0.233276 0.182617
vt 0.245361 0.166992
vt 0.243408 0.173828
vt 0.234985 0.185547
vt 0.223267 0.183105
vt 0.220093 0.176270
vt 0.251953 0.166504
vt 0.249390 0.175781
vt 0.248291 0.186523
vt 0.238403 0.191406
vt 0.229126 0.197754
vt 0.254395 0.188965
vt 0.251465 0.190918
vt 0.265381 0.204590
vt 0.241333 0.196777
vt 0.249878 0.212402
vt 0.255859 0.208496
vt 0.253174 0.219238
vt 0.243530 0.214844
vt 0.248901 0.209961
vt 0.242310 0.213379
vt 0.255371 0.206543
vt 0.264404 0.208496
vt 0.271240 0.212891
vt 0.262695 0.213379
vt 0.266357 0.217773
vt 0.256836 0.225586
vt 0.270020 0.223145
vt 0.262207 0.235352
vt 0.271729 0.225586
vt 0.263184 0.236816
vt 0.274170 0.234375
vt 0.264648 0.238770
vt 0.276123 0.220703
vt 0.277100 0.224609
vt 0.281006 0.237793
vt 0.247559 0.235352
vt 0.249756 0.238281
vt 0.255859 0.244629
vt 0.267334 0.243164
vt 0.276611 0.238770
vt 0.286377 0.249023
vt 0.268555 0.266113
vt 0.267334 0.262695
vt 0.278076 0.263184
vt 0.265381 0.262207
vt 0.274170 0.255859
vt 0.258545 0.249023
vt 0.257812 0.251465
vt 0.248413 0.243164
vt 0.245728 0.238770
vt 0.284180 0.252930
vt 0.283447 0.254395
vt 0.285645 0.257324
vt 0.288574 0.262207
vt 0.282715 0.272461
vt 0.288330 0.255859
vt 0.290527 0.256348
vt 0.291504 0.261719
vt 0.283691 0.273926
vt 0.270264 0.270996
vt 0.292725 0.258789
vt 0.268311 0.273438
vt 0.263672 0.270020
vt 0.260742 0.261719
vt 0.592773 0.232422
vt 0.591797 0.229492
vt 0.597168 0.230469
vt 0.591309 0.227051
vt 0.595215 0.225586
vt 0.596191 0.228027
vt 0.601562 0.228027
vt 0.598633 0.223633
vt 0.600098 0.225586
vt 0.604004 0.223145
vt 0.602051 0.221191
vt 0.600586 0.219238
vt 0.603027 0.216797
vt 0.609863 0.229980
vt 0.605469 0.233398
vt 0.600098 0.236328
vt 0.594238 0.238281
vt 0.461670 0.084473
vt 0.462402 0.084473
vt 0.463379 0.092773
vt 0.469971 0.106934
vt 0.460938 0.108398
vt 0.465576 0.096191
vt 0.458008 0.100098
vt 0.455078 0.092773
vt 0.453369 0.085938
vt 0.464355 0.128906
vt 0.470947 0.091797
vt 0.478516 0.095703
vt 0.478027 0.090820
vt 0.471436 0.096191
vt 0.469482 0.083496
vt 0.459717 0.072266
vt 0.452637 0.050293
vt 0.454590 0.034668
vt 0.461670 0.054199
vt 0.456055 0.069824
vt 0.460205 0.068848
vt 0.467529 0.071289
vt 0.475098 0.069824
vt 0.477051 0.082520
vt 0.474121 0.065430
vt 0.467041 0.066895
vt 0.482666 0.068359
vt 0.484375 0.081055
vt 0.485107 0.089844
vt 0.485107 0.095215
vt 0.479492 0.104492
vt 0.489990 0.066895
vt 0.488525 0.063477
vt 0.491699 0.080078
vt 0.491699 0.089355
vt 0.490967 0.094727
vt 0.485840 0.103027
vt 0.485596 0.119141
vt 0.478760 0.122070
vt 0.480469 0.126465
vt 0.474365 0.129395
vt 0.477051 0.140137
vt 0.473877 0.125000
vt 0.498047 0.094238
vt 0.492188 0.101562
vt 0.491943 0.117188
vt 0.486328 0.123535
vt 0.482910 0.136230
vt 0.480957 0.140625
vt 0.492432 0.121582
vt 0.488770 0.133789
vt 0.489746 0.137695
vt 0.500000 0.142578
vt 0.481201 0.143066
vt 0.500488 0.144043
vt 0.492920 0.165527
vt 0.503418 0.160156
vt 0.503906 0.166016
vt 0.496582 0.170410
vt 0.472900 0.150391
vt 0.484131 0.172852
vt 0.489258 0.174805
vt 0.498047 0.173828
vt 0.512207 0.176758
vt 0.501953 0.183594
vt 0.489502 0.186523
vt 0.480225 0.184570
vt 0.462158 0.173340
vt 0.470215 0.158203
vt 0.463379 0.163086
vt 0.464600 0.134766
vt 0.469727 0.147949
vt 0.204834 0.214844
vt 0.215820 0.231934
vt 0.214478 0.237305
vt 0.222290 0.242676
vt 0.193359 0.195312
vt 0.186646 0.205566
vt 0.185669 0.201660
vt 0.201904 0.208984
vt 0.210327 0.215332
vt 0.216919 0.229980
vt 0.175537 0.199707
vt 0.167969 0.204590
vt 0.165527 0.199707
vt 0.175903 0.217773
vt 0.189087 0.212891
vt 0.191406 0.219238
vt 0.204590 0.232422
vt 0.211060 0.240234
vt 0.203979 0.233398
vt 0.196289 0.234375
vt 0.188477 0.237305
vt 0.177734 0.224121
vt 0.196777 0.236816
vt 0.199219 0.244629
vt 0.189209 0.238281
vt 0.182495 0.245117
vt 0.178711 0.242676
vt 0.173828 0.225586
vt 0.164673 0.211426
vt 0.187012 0.248047
vt 0.183228 0.256348
vt 0.187866 0.254883
vt 0.201904 0.252930
vt 0.189575 0.261719
vt 0.206299 0.264648
vt 0.192993 0.265625
vt 0.207153 0.266602
vt 0.197632 0.272949
vt 0.186157 0.264648
vt 0.191406 0.268555
vt 0.199829 0.277832
vt 0.209839 0.273926
vt 0.208130 0.268555
vt 0.220337 0.269531
vt 0.218140 0.264648
vt 0.216431 0.256348
vt 0.217041 0.251953
vt 0.214111 0.245605
vt 0.220215 0.257324
vt 0.220703 0.250977
vt 0.218140 0.244141
vt 0.224365 0.251953
vt 0.224487 0.256348
vt 0.225464 0.268555
vt 0.229736 0.283203
vt 0.227173 0.288086
vt 0.215698 0.291016
vt 0.226562 0.291016
vt 0.216553 0.293457
vt 0.219727 0.300781
vt 0.207764 0.298340
vt 0.208252 0.303223
vt 0.204224 0.297852
vt 0.204590 0.304199
vt 0.210205 0.309082
vt 0.207520 0.311523
vt 0.229126 0.294434
vt 0.232300 0.299805
vt 0.224243 0.311523
vt 0.214111 0.313477
vt 0.225220 0.313965
vt 0.232056 0.307129
vt 0.235718 0.299805
vt 0.232422 0.292480
vt 0.304199 0.132324
vt 0.312500 0.133789
vt 0.312744 0.136719
vt 0.304688 0.131348
vt 0.294678 0.131348
vt 0.284668 0.129395
vt 0.294922 0.129883
vt 0.304199 0.122559
vt 0.314209 0.124512
vt 0.319336 0.136719
vt 0.319092 0.143555
vt 0.325928 0.140625
vt 0.328613 0.145508
vt 0.338623 0.124023
vt 0.324951 0.125488
vt 0.335205 0.145020
vt 0.333740 0.151367
vt 0.321533 0.113281
vt 0.333496 0.117676
vt 0.339111 0.114258
vt 0.344238 0.123047
vt 0.345215 0.128418
vt 0.337158 0.146973
vt 0.339355 0.153320
vt 0.351807 0.124512
vt 0.350098 0.131348
vt 0.358643 0.126953
vt 0.341797 0.147461
vt 0.351807 0.151367
vt 0.355713 0.133301
vt 0.360596 0.134277
vt 0.364990 0.129883
vt 0.361084 0.157715
vt 0.368652 0.134766
vt 0.365967 0.153809
vt 0.367676 0.160645
vt 0.371826 0.127441
vt 0.351318 0.157715
vt 0.355225 0.153320
vt 0.357910 0.152832
vt 0.355713 0.158691
vt 0.381836 0.131836
vt 0.395020 0.154785
vt 0.388184 0.152344
vt 0.384033 0.125977
vt 0.377197 0.126465
vt 0.377930 0.133301
vt 0.373047 0.134277
vt 0.368164 0.153809
vt 0.372314 0.153320
vt 0.382812 0.152832
vt 0.386230 0.153320
vt 0.372803 0.159180
vt 0.383545 0.158691
vt 0.389160 0.158691
vt 0.396484 0.121094
vt 0.418701 0.137695
vt 0.413818 0.139160
vt 0.393311 0.124512
vt 0.403320 0.145996
vt 0.400146 0.150391
vt 0.406982 0.152344
vt 0.400635 0.156738
vt 0.398682 0.150879
vt 0.390381 0.127441
vt 0.418213 0.145020
vt 0.423584 0.140625
vt 0.421387 0.135254
vt 0.428223 0.134277
vt 0.405518 0.101074
vt 0.420166 0.097168
vt 0.426514 0.101562
vt 0.404541 0.105469
vt 0.432373 0.119629
vt 0.427490 0.127930
vt 0.397705 0.110840
vt 0.398926 0.117676
vt 0.403809 0.109863
vt 0.397705 0.104004
vt 0.399902 0.096680
vt 0.388184 0.120605
vt 0.391846 0.116211
vt 0.397217 0.071777
vt 0.391113 0.065918
vt 0.405518 0.061035
vt 0.408936 0.072754
vt 0.401611 0.078613
vt 0.411621 0.083496
vt 0.404297 0.086426
vt 0.405762 0.093262
vt 0.398438 0.088867
vt 0.417236 0.066406
vt 0.417480 0.058594
vt 0.420166 0.078613
vt 0.418945 0.092773
vt 0.424316 0.089355
vt 0.429932 0.091309
vt 0.426025 0.078613
vt 0.424561 0.066406
vt 0.424072 0.058594
vt 0.424561 0.047852
vt 0.447998 0.081055
vt 0.444092 0.067871
vt 0.438965 0.060547
vt 0.431641 0.051758
vt 0.432373 0.038086
vt 0.426758 0.036133
vt 0.434814 0.030273
vt 0.427734 0.022949
vt 0.422363 0.036133
vt 0.419189 0.048340
vt 0.407715 0.049316
vt 0.395996 0.052734
vt 0.383789 0.062012
vt 0.380859 0.067871
vt 0.373535 0.065430
vt 0.367432 0.038574
vt 0.367676 0.048828
vt 0.363037 0.038086
vt 0.380615 0.037598
vt 0.380615 0.050293
vt 0.375732 0.059570
vt 0.394775 0.036621
vt 0.410156 0.034180
vt 0.422852 0.025879
vt 0.392090 0.023438
vt 0.404541 0.021973
vt 0.416260 0.019043
vt 0.420898 0.015625
vt 0.412354 0.011719
vt 0.409424 0.015137
vt 0.401855 0.008789
vt 0.400146 0.013672
vt 0.388916 0.007812
vt 0.388672 0.002930
vt 0.401611 0.002930
vt 0.414062 0.002930
vt 0.423340 0.014160
vt 0.362793 0.025391
vt 0.362549 0.010254
vt 0.360596 0.011230
vt 0.358643 0.026367
vt 0.351318 0.010254
vt 0.352051 0.002930
vt 0.363770 0.002930
vt 0.377441 0.007812
vt 0.376953 0.002930
vt 0.388428 0.011230
vt 0.377930 0.010742
vt 0.379395 0.024902
vt 0.366211 0.011719
vt 0.366943 0.025391
vt 0.368164 0.057617
vt 0.363525 0.049316
vt 0.358398 0.038574
vt 0.348633 0.025391
vt 0.340088 0.010254
vt 0.363281 0.062500
vt 0.311523 0.042969
vt 0.315430 0.028320
vt 0.323486 0.041992
vt 0.326660 0.026855
vt 0.320801 0.012695
vt 0.330811 0.010742
vt 0.337646 0.025879
vt 0.347412 0.039551
vt 0.359131 0.050293
vt 0.349854 0.062012
vt 0.334473 0.059570
vt 0.347656 0.052734
vt 0.359131 0.058105
vt 0.335693 0.041992
vt 0.321045 0.057617
vt 0.308350 0.057617
vt 0.353271 0.067383
vt 0.340576 0.067871
vt 0.326904 0.073730
vt 0.317139 0.071777
vt 0.325439 0.100098
vt 0.319336 0.103027
vt 0.319580 0.100098
vt 0.319580 0.097656
vt 0.326416 0.096680
vt 0.322266 0.085938
vt 0.328125 0.086914
vt 0.333008 0.076660
vt 0.344971 0.072754
vt 0.311523 0.100098
vt 0.312012 0.097656
vt 0.313721 0.084961
vt 0.304199 0.084473
vt 0.302246 0.097168
vt 0.293457 0.083984
vt 0.292725 0.097168
vt 0.283203 0.096680
vt 0.292480 0.100586
vt 0.302002 0.100586
vt 0.279297 0.091797
vt 0.280518 0.083008
vt 0.277588 0.092285
vt 0.282227 0.100098
vt 0.283447 0.104004
vt 0.293213 0.104492
vt 0.302246 0.104004
vt 0.311523 0.103027
vt 0.312500 0.113281
vt 0.284180 0.113770
vt 0.294434 0.113281
vt 0.303223 0.113281
vt 0.294678 0.122070
vt 0.284912 0.123047
vt 0.275879 0.114746
vt 0.276855 0.109375
vt 0.272461 0.115723
vt 0.272461 0.107910
vt 0.276123 0.124023
vt 0.258057 0.099609
vt 0.259766 0.109375
vt 0.260742 0.115234
vt 0.262939 0.122559
vt 0.273193 0.124512
vt 0.277344 0.129883
vt 0.283936 0.131348
vt 0.274170 0.131348
vt 0.266846 0.131348
vt 0.623047 0.010254
vt 0.630859 0.012207
vt 0.622559 0.023926
vt 0.653320 0.037598
vt 0.644043 0.052734
vt 0.645508 0.038086
vt 0.647461 0.023438
vt 0.638672 0.024414
vt 0.638672 0.011230
vt 0.630859 0.024414
vt 0.622070 0.038574
vt 0.614258 0.035645
vt 0.613770 0.046387
vt 0.648926 0.009277
vt 0.656738 0.012695
vt 0.655762 0.022461
vt 0.656250 0.004395
vt 0.619629 0.046875
vt 0.618652 0.049805
vt 0.612305 0.049316
vt 0.611816 0.056152
vt 0.606445 0.056152
vt 0.606445 0.068848
vt 0.625000 0.050781
vt 0.617188 0.061035
vt 0.611816 0.068848
vt 0.606934 0.073730
vt 0.612793 0.073730
vt 0.607422 0.081543
vt 0.612793 0.081055
vt 0.607422 0.101074
vt 0.623047 0.062012
vt 0.617188 0.069336
vt 0.619629 0.073730
vt 0.623047 0.069824
vt 0.627441 0.073730
vt 0.629395 0.070801
vt 0.629395 0.062988
vt 0.631348 0.051758
vt 0.625977 0.047852
vt 0.631836 0.049316
vt 0.630371 0.037598
vt 0.638184 0.053223
vt 0.638672 0.050781
vt 0.638184 0.037598
vt 0.634277 0.073730
vt 0.641113 0.073242
vt 0.638672 0.083984
vt 0.635742 0.071289
vt 0.641113 0.070801
vt 0.636230 0.063965
vt 0.643066 0.063965
vt 0.645020 0.054688
vt 0.650879 0.055176
vt 0.650879 0.056641
vt 0.648926 0.063965
vt 0.646484 0.070312
vt 0.646484 0.072754
vt 0.644531 0.084473
vt 0.643066 0.101562
vt 0.636719 0.101074
vt 0.638672 0.103516
vt 0.632324 0.103027
vt 0.632324 0.111816
vt 0.625977 0.111328
vt 0.626953 0.114746
vt 0.632812 0.115723
vt 0.615234 0.120117
vt 0.633301 0.119141
vt 0.615234 0.123047
vt 0.621094 0.114258
vt 0.638672 0.112793
vt 0.613770 0.113770
vt 0.620117 0.111328
vt 0.625977 0.102539
vt 0.631348 0.100098
vt 0.632324 0.083008
vt 0.625488 0.099121
vt 0.619629 0.102051
vt 0.619629 0.099121
vt 0.619629 0.081543
vt 0.626465 0.082031
vt 0.607910 0.111328
vt 0.607422 0.113770
vt 0.613770 0.111328
vt 0.613770 0.104004
vt 0.613770 0.101562
vt 0.607910 0.104492
vt 0.602051 0.111328
vt 0.601562 0.104492
vt 0.601562 0.074219
vt 0.601562 0.082031
vt 0.601562 0.101074
vt 0.595703 0.102539
vt 0.596191 0.111816
vt 0.601074 0.114258
vt 0.595703 0.074219
vt 0.595703 0.069824
vt 0.601074 0.069336
vt 0.589844 0.070312
vt 0.588867 0.074219
vt 0.595703 0.082520
vt 0.595703 0.098633
vt 0.583496 0.071289
vt 0.573730 0.073730
vt 0.569336 0.073242
vt 0.573242 0.072266
vt 0.577637 0.072266
vt 0.578613 0.074219
vt 0.584473 0.074707
vt 0.588867 0.082520
vt 0.589355 0.099121
vt 0.582031 0.083008
vt 0.575684 0.083496
vt 0.568848 0.074219
vt 0.578125 0.101562
vt 0.583496 0.100586
vt 0.583496 0.104004
vt 0.601562 0.120117
vt 0.595215 0.114746
vt 0.583496 0.116699
vt 0.589844 0.115723
vt 0.589844 0.112305
vt 0.583984 0.112793
vt 0.589844 0.103027
vt 0.568848 0.084473
vt 0.571777 0.103027
vt 0.577637 0.104492
vt 0.577637 0.113770
vt 0.573242 0.119141
vt 0.583008 0.119141
vt 0.571289 0.104980
vt 0.571777 0.115234
vt 0.578125 0.139648
vt 0.566895 0.124023
vt 0.577148 0.154785
vt 0.591797 0.146484
vt 0.589844 0.157715
vt 0.582031 0.143066
vt 0.569824 0.150879
vt 0.554199 0.136230
vt 0.557129 0.125977
vt 0.589355 0.137695
vt 0.591309 0.142578
vt 0.601074 0.144531
vt 0.600098 0.158691
vt 0.627441 0.138184
vt 0.614746 0.138184
vt 0.616211 0.143555
vt 0.602539 0.138184
vt 0.601562 0.123535
vt 0.020737 0.180664
vt 0.008972 0.181152
vt 0.011063 0.175781
vt 0.019684 0.148438
vt 0.029846 0.155762
vt 0.017456 0.152344
vt 0.021454 0.160645
vt 0.011673 0.155273
vt 0.012817 0.163086
vt 0.003069 0.153320
vt 0.001632 0.164062
vt 0.018082 0.171875
vt 0.025253 0.168945
vt 0.043549 0.123535
vt 0.040588 0.132812
vt 0.027527 0.130371
vt 0.030838 0.145020
vt 0.045959 0.147949
vt 0.043457 0.157227
vt 0.033203 0.166504
vt 0.045044 0.132324
vt 0.049164 0.125000
vt 0.053833 0.125000
vt 0.053864 0.133789
vt 0.048645 0.144531
vt 0.053009 0.144531
vt 0.058228 0.134277
vt 0.058746 0.124512
vt 0.060059 0.112305
vt 0.069519 0.117676
vt 0.069275 0.095703
vt 0.080078 0.098633
vt 0.077026 0.139648
vt 0.062012 0.150391
vt 0.067444 0.134277
vt 0.078918 0.122070
vt 0.055206 0.147949
vt 0.053864 0.157227
vt 0.034729 0.177246
vt 0.042847 0.177246
vt 0.043274 0.166016
vt 0.049133 0.176758
vt 0.052887 0.167969
vt 0.067383 0.167480
vt 0.071838 0.160156
vt 0.088745 0.122070
vt 0.086670 0.141602
vt 0.083496 0.158691
vt 0.081970 0.164551
vt 0.076172 0.172363
vt 0.094666 0.165527
vt 0.105652 0.172363
vt 0.091370 0.174316
vt 0.098633 0.177246
vt 0.067261 0.211426
vt 0.078064 0.203125
vt 0.085693 0.208496
vt 0.088562 0.201660
vt 0.092407 0.205566
vt 0.095947 0.196289
vt 0.100403 0.209961
vt 0.101318 0.194336
vt 0.097534 0.187500
vt 0.092834 0.180664
vt 0.088867 0.195312
vt 0.091125 0.187012
vt 0.081299 0.180176
vt 0.080505 0.187500
vt 0.079224 0.195801
vt 0.073608 0.179199
vt 0.072510 0.187012
vt 0.070557 0.195801
vt 0.068176 0.205566
vt 0.066711 0.177246
vt 0.064880 0.184570
vt 0.062500 0.192871
vt 0.060455 0.199707
vt 0.050537 0.201172
vt 0.052246 0.194824
vt 0.054108 0.187988
vt 0.055573 0.179688
vt 0.056091 0.174805
vt 0.046936 0.197754
vt 0.048248 0.187012
vt 0.050629 0.177246
vt 0.045288 0.187012
vt 0.045807 0.199707
vt 0.051483 0.211426
vt 0.050201 0.218262
vt 0.061493 0.237793
vt 0.053894 0.235840
vt 0.061859 0.232910
vt 0.052704 0.231934
vt 0.043762 0.238770
vt 0.045563 0.236328
vt 0.064636 0.220703
vt 0.066162 0.214844
vt 0.093567 0.213379
vt 0.082153 0.215820
vt 0.081238 0.222656
vt 0.072266 0.234863
vt 0.070007 0.237305
vt 0.085449 0.229004
vt 0.080505 0.243164
vt 0.073914 0.246582
vt 0.060455 0.246094
vt 0.074951 0.253418
vt 0.059448 0.255371
vt 0.075073 0.260254
vt 0.083984 0.253906
vt 0.082825 0.265137
vt 0.082458 0.242188
vt 0.086182 0.241211
vt 0.045776 0.250488
vt 0.047852 0.243652
vt 0.039490 0.249512
vt 0.044647 0.258301
vt 0.058624 0.268555
vt 0.058655 0.271484
vt 0.045471 0.276367
vt 0.045746 0.270508
vt 0.058746 0.270020
vt 0.070923 0.272949
vt 0.073730 0.264648
vt 0.044800 0.261719
vt 0.038818 0.258789
vt 0.039459 0.263184
vt 0.041138 0.276855
vt 0.080811 0.268066
vt 0.075195 0.278809
vt 0.070312 0.278809
vt 0.068970 0.296387
vt 0.056580 0.292480
vt 0.066833 0.297852
vt 0.058075 0.277344
vt 0.045441 0.296387
vt 0.056488 0.293945
vt 0.043579 0.294922
vt 0.055939 0.303711
vt 0.044586 0.300781
vt 0.039612 0.296875
vt 0.037415 0.294922
vt 0.067200 0.302246
vt 0.066895 0.309082
vt 0.055328 0.314941
vt 0.043762 0.307129
vt 0.039551 0.307617
vt 0.045105 0.311523
vt 0.055023 0.317871
vt 0.065430 0.313965
vt 0.072266 0.310059
vt 0.074280 0.299805
vt 0.075195 0.297852
vt 0.072449 0.313965
vt 0.579102 0.050293
vt 0.585938 0.048828
vt 0.581055 0.052734
vt 0.587891 0.051270
vt 0.592285 0.047363
vt 0.574707 0.054199
vt 0.576660 0.064941
vt 0.583496 0.063477
vt 0.589844 0.062500
vt 0.595703 0.061523
vt 0.594238 0.050293
vt 0.599609 0.046387
vt 0.567871 0.055664
vt 0.569336 0.064941
vt 0.601074 0.056641
vt 0.600586 0.049316
vt 0.606445 0.048828
vt 0.606934 0.045898
vt 0.606934 0.034668
vt 0.614258 0.021484
vt 0.599121 0.035156
vt 0.592285 0.037109
vt 0.584961 0.038086
vt 0.577148 0.040039
vt 0.569824 0.040527
vt 0.574219 0.051758
vt 0.575195 0.023438
vt 0.583496 0.026367
vt 0.592285 0.026367
vt 0.598145 0.021973
vt 0.606934 0.021484
vt 0.614258 0.009277
vt 0.606445 0.009766
vt 0.597656 0.012695
vt 0.589844 0.019531
vt 0.594727 0.013672
vt 0.596680 0.008301
vt 0.608398 0.002441
vt 0.614258 0.002930
vt 0.567871 0.053223
vt 0.565430 0.041992
vt 0.561523 0.024414
vt 0.566406 0.022461
vt 0.573242 0.015625
vt 0.582031 0.019531
vt 0.563965 0.009277
vt 0.674805 0.234863
vt 0.669434 0.234863
vt 0.674805 0.227539
vt 0.680176 0.235352
vt 0.679199 0.225098
vt 0.680664 0.227539
vt 0.685547 0.234863
vt 0.685059 0.241699
vt 0.680176 0.242676
vt 0.674805 0.242676
vt 0.669922 0.242676
vt 0.664062 0.240723
vt 0.664062 0.233887
vt 0.658203 0.241699
vt 0.658203 0.233887
vt 0.663574 0.242676
vt 0.658203 0.243164
vt 0.668945 0.245117
vt 0.674316 0.245117
vt 0.679199 0.245605
vt 0.684570 0.244629
vt 0.683594 0.252441
vt 0.685059 0.256348
vt 0.678223 0.254883
vt 0.679199 0.258301
vt 0.678711 0.251465
vt 0.673828 0.250977
vt 0.668457 0.250977
vt 0.663574 0.250977
vt 0.669922 0.259766
vt 0.657227 0.254395
vt 0.669922 0.258301
vt 0.666016 0.254395
vt 0.673340 0.254395
vt 0.679199 0.260254
vt 0.658203 0.251465
vt 0.652832 0.252441
vt 0.652344 0.244141
vt 0.647461 0.253418
vt 0.646484 0.245605
vt 0.639648 0.247070
vt 0.646973 0.244629
vt 0.639160 0.234375
vt 0.645996 0.234375
vt 0.652344 0.255371
vt 0.643555 0.258789
vt 0.640137 0.262207
vt 0.640137 0.256348
vt 0.659668 0.217285
vt 0.663086 0.224609
vt 0.657227 0.224121
vt 0.657715 0.226074
vt 0.651367 0.225586
vt 0.652832 0.234375
vt 0.653320 0.242676
vt 0.663574 0.226562
vt 0.668457 0.224609
vt 0.665039 0.217285
vt 0.670410 0.213867
vt 0.675781 0.213867
vt 0.673828 0.225098
vt 0.668945 0.227051
vt 0.675781 0.207520
vt 0.681641 0.207520
vt 0.681152 0.213867
vt 0.687500 0.208008
vt 0.682617 0.203125
vt 0.676270 0.203125
vt 0.670410 0.207520
vt 0.665039 0.207031
vt 0.651367 0.223633
vt 0.653809 0.216797
vt 0.659668 0.207031
vt 0.665039 0.203125
vt 0.669922 0.202637
vt 0.644531 0.224609
vt 0.645020 0.223145
vt 0.645996 0.216309
vt 0.653809 0.207031
vt 0.655273 0.203125
vt 0.662598 0.187988
vt 0.653809 0.187500
vt 0.646484 0.204102
vt 0.646484 0.206543
vt 0.644043 0.185547
vt 0.669922 0.188477
vt 0.676758 0.189453
vt 0.684570 0.190430
vt 0.688965 0.203125
vt 0.693359 0.208008
vt 0.693848 0.203125
vt 0.690918 0.190430
vt 0.698242 0.190918
vt 0.705078 0.204102
vt 0.706543 0.189453
vt 0.712402 0.205566
vt 0.698242 0.175293
vt 0.691406 0.175781
vt 0.683105 0.176758
vt 0.675781 0.175293
vt 0.691895 0.171875
vt 0.685059 0.169434
vt 0.692383 0.169434
vt 0.687012 0.162598
vt 0.699707 0.172852
vt 0.710938 0.174805
vt 0.714355 0.189453
vt 0.718262 0.205566
vt 0.711426 0.208496
vt 0.717285 0.177734
vt 0.699707 0.169922
vt 0.708984 0.169434
vt 0.721191 0.169922
vt 0.721680 0.179688
vt 0.719727 0.190430
vt 0.709473 0.165527
vt 0.718262 0.160645
vt 0.716797 0.154297
vt 0.720703 0.209473
vt 0.717285 0.218750
vt 0.711426 0.218262
vt 0.713867 0.225098
vt 0.708984 0.225098
vt 0.712891 0.228516
vt 0.707520 0.228027
vt 0.709961 0.239258
vt 0.701172 0.237305
vt 0.706055 0.249023
vt 0.700684 0.247070
vt 0.702637 0.228027
vt 0.698730 0.228027
vt 0.703125 0.225098
vt 0.705566 0.217773
vt 0.705566 0.208496
vt 0.698242 0.225098
vt 0.699219 0.218262
vt 0.692871 0.218262
vt 0.699707 0.208008
vt 0.699707 0.203613
vt 0.687012 0.217773
vt 0.692383 0.225586
vt 0.692383 0.228027
vt 0.696777 0.236328
vt 0.695801 0.245117
vt 0.700684 0.248535
vt 0.693848 0.255371
vt 0.699219 0.256348
vt 0.695312 0.247070
vt 0.690918 0.243164
vt 0.691406 0.235840
vt 0.686523 0.227539
vt 0.685059 0.225098
vt 0.689941 0.245605
vt 0.688965 0.253418
vt 0.693848 0.257324
vt 0.693848 0.259277
vt 0.687500 0.276367
vt 0.678223 0.271973
vt 0.684082 0.280273
vt 0.678223 0.276367
vt 0.708008 0.261719
vt 0.709473 0.274902
vt 0.707031 0.267578
vt 0.704590 0.258789
vt 0.697266 0.279785
vt 0.690918 0.283203
vt 0.679688 0.283203
vt 0.665527 0.282227
vt 0.669434 0.275391
vt 0.663086 0.277832
vt 0.655762 0.279785
vt 0.661133 0.273926
vt 0.651367 0.276855
vt 0.655273 0.256836
vt 0.660645 0.290527
vt 0.651367 0.287598
vt 0.645020 0.284668
vt 0.633301 0.274902
vt 0.629395 0.267578
vt 0.639160 0.259766
vt 0.669922 0.271484
vt 0.705566 0.127441
vt 0.694824 0.141113
vt 0.689453 0.119141
vt 0.705566 0.124512
vt 0.689453 0.116211
vt 0.676270 0.123047
vt 0.673340 0.128418
vt 0.682129 0.142578
vt 0.687012 0.146484
vt 0.695312 0.145996
vt 0.662109 0.139160
vt 0.666016 0.130371
vt 0.674805 0.151367
vt 0.681641 0.155762
vt 0.693848 0.158203
vt 0.694824 0.149902
vt 0.704590 0.146484
vt 0.705078 0.158691
vt 0.706055 0.139648
vt 0.718262 0.128418
vt 0.718262 0.125000
vt 0.712402 0.116211
vt 0.718262 0.116211
vt 0.718262 0.112305
vt 0.712402 0.111816
vt 0.712402 0.104980
vt 0.700195 0.101562
vt 0.706055 0.102051
vt 0.700195 0.103516
vt 0.706055 0.104492
vt 0.712402 0.102539
vt 0.718262 0.104980
vt 0.723633 0.112793
vt 0.726562 0.116211
vt 0.729004 0.113770
vt 0.718262 0.102539
vt 0.706055 0.089844
vt 0.711914 0.089844
vt 0.717773 0.090332
vt 0.723633 0.101562
vt 0.724121 0.103516
vt 0.729980 0.104980
vt 0.723633 0.090820
vt 0.711914 0.082520
vt 0.706055 0.082520
vt 0.717773 0.082520
vt 0.724121 0.082520
vt 0.729004 0.090820
vt 0.729492 0.102539
vt 0.734863 0.104004
vt 0.735840 0.091797
vt 0.729492 0.083008
vt 0.724121 0.078613
vt 0.718262 0.078125
vt 0.724121 0.069824
vt 0.718262 0.064941
vt 0.734375 0.115234
vt 0.735840 0.106445
vt 0.740723 0.105957
vt 0.741699 0.092773
vt 0.736816 0.082520
vt 0.730469 0.079102
vt 0.733887 0.117676
vt 0.740723 0.116699
vt 0.741699 0.107910
vt 0.749512 0.108398
vt 0.749512 0.093262
vt 0.743652 0.082031
vt 0.747559 0.123047
vt 0.733398 0.119629
vt 0.750000 0.128418
vt 0.748047 0.122070
vt 0.749512 0.116211
vt 0.749023 0.109375
vt 0.742676 0.143555
vt 0.750488 0.111328
vt 0.751465 0.111328
vt 0.753906 0.093750
vt 0.751465 0.082031
vt 0.749512 0.080078
vt 0.742676 0.080078
vt 0.749512 0.072754
vt 0.743164 0.072266
vt 0.744629 0.061523
vt 0.756836 0.083008
vt 0.754395 0.079102
vt 0.757324 0.072754
vt 0.750977 0.062500
vt 0.747070 0.058105
vt 0.756348 0.060059
vt 0.749512 0.042969
vt 0.758301 0.063965
vt 0.734375 0.022949
vt 0.733887 0.030762
vt 0.726074 0.026367
vt 0.742188 0.025391
vt 0.743164 0.016113
vt 0.751953 0.024902
vt 0.740723 0.041992
vt 0.739746 0.057129
vt 0.753906 0.010254
vt 0.738281 0.060547
vt 0.732422 0.056152
vt 0.732910 0.042480
vt 0.725586 0.031738
vt 0.717773 0.029785
vt 0.718750 0.022949
vt 0.736816 0.079590
vt 0.736816 0.071777
vt 0.731934 0.059570
vt 0.725098 0.058594
vt 0.725586 0.055176
vt 0.730469 0.070801
vt 0.718750 0.057617
vt 0.711914 0.064941
vt 0.711914 0.057129
vt 0.706055 0.064453
vt 0.718750 0.054688
vt 0.711914 0.054688
vt 0.705566 0.057129
vt 0.704590 0.054688
vt 0.699219 0.057617
vt 0.697754 0.055176
vt 0.693359 0.059082
vt 0.694824 0.069824
vt 0.725098 0.042969
vt 0.717773 0.041016
vt 0.710938 0.040527
vt 0.703613 0.040527
vt 0.696777 0.041016
vt 0.703125 0.028809
vt 0.710449 0.029297
vt 0.694336 0.027832
vt 0.716309 0.021973
vt 0.704590 0.020996
vt 0.700684 0.021484
vt 0.693359 0.021484
vt 0.686035 0.027344
vt 0.686035 0.020996
vt 0.676758 0.028320
vt 0.675293 0.016113
vt 0.666992 0.029785
vt 0.663086 0.010254
vt 0.689453 0.042480
vt 0.680664 0.045898
vt 0.690918 0.055664
vt 0.687012 0.060059
vt 0.683105 0.058105
vt 0.680664 0.061035
vt 0.671875 0.046875
vt 0.666016 0.047363
vt 0.659180 0.030273
vt 0.674316 0.061035
vt 0.674316 0.062500
vt 0.667969 0.062500
vt 0.667969 0.064453
vt 0.672852 0.082520
vt 0.681641 0.082520
vt 0.674805 0.093262
vt 0.677734 0.080078
vt 0.672363 0.081055
vt 0.676270 0.072754
vt 0.669434 0.074707
vt 0.683105 0.071777
vt 0.684082 0.079590
vt 0.688965 0.070801
vt 0.689453 0.078613
vt 0.689453 0.082520
vt 0.695312 0.078125
vt 0.697754 0.082520
vt 0.690430 0.090820
vt 0.699219 0.089844
vt 0.692383 0.103027
vt 0.685059 0.104980
vt 0.682617 0.091309
vt 0.676270 0.106934
vt 0.685059 0.106445
vt 0.692871 0.104980
vt 0.707031 0.112305
vt 0.701660 0.112305
vt 0.694336 0.114258
vt 0.686523 0.115723
vt 0.674805 0.115723
vt 0.673828 0.111328
vt 0.676270 0.121582
vt 0.694824 0.116211
vt 0.704102 0.115723
vt 0.729492 0.141602
vt 0.737793 0.148438
vt 0.728027 0.146973
vt 0.727539 0.152344
vt 0.718750 0.145508
vt 0.717773 0.139160
vt 0.274658 0.256836
vt 0.212036 0.189453
vt 0.214233 0.184570
vt 0.220337 0.188477
vt 0.220215 0.196777
vt 0.231689 0.202637
vt 0.228149 0.205078
vt 0.234741 0.219727
vt 0.239380 0.219238
vt 0.243164 0.223633
vt 0.245239 0.229004
vt 0.239258 0.231934
vt 0.155884 0.293945
vt 0.157471 0.313477
vt 0.149902 0.292969
vt 0.151245 0.314941
vt 0.156006 0.317383
vt 0.139404 0.314453
vt 0.137573 0.293945
vt 0.149414 0.286621
vt 0.157593 0.283691
vt 0.150635 0.278320
vt 0.137329 0.288086
vt 0.125000 0.294922
vt 0.126587 0.316895
vt 0.128418 0.317871
vt 0.127930 0.323242
vt 0.127563 0.330078
vt 0.123657 0.331055
vt 0.130737 0.335449
vt 0.140381 0.324707
vt 0.140991 0.337891
vt 0.141235 0.340820
vt 0.149780 0.335449
vt 0.153442 0.329102
vt 0.156860 0.330566
vt 0.152466 0.321777
vt 0.151611 0.316895
vt 0.139771 0.315430
vt 0.494385 0.131348
vt 0.499023 0.122559
vt 0.500000 0.129883
vt 0.504883 0.121582
vt 0.505371 0.128906
vt 0.506836 0.133789
vt 0.500000 0.134766
vt 0.513672 0.141113
vt 0.514160 0.143066
vt 0.494385 0.135742
vt 0.498779 0.118164
vt 0.504883 0.117188
vt 0.511230 0.121582
vt 0.517578 0.119141
vt 0.517578 0.115723
vt 0.523926 0.120605
vt 0.511719 0.116699
vt 0.526855 0.101562
vt 0.517090 0.100586
vt 0.517090 0.093262
vt 0.511230 0.099609
vt 0.504395 0.099609
vt 0.498535 0.100586
vt 0.504395 0.093750
vt 0.498047 0.088379
vt 0.497803 0.074219
vt 0.503906 0.088379
vt 0.504395 0.074219
vt 0.510254 0.088379
vt 0.511230 0.093750
vt 0.516602 0.088379
vt 0.523438 0.088379
vt 0.517090 0.079102
vt 0.510742 0.074219
vt 0.510742 0.065918
vt 0.503906 0.065430
vt 0.503906 0.062012
vt 0.497070 0.065918
vt 0.511230 0.049316
vt 0.512207 0.062012
vt 0.518066 0.066406
vt 0.523926 0.079590
vt 0.518555 0.048828
vt 0.520508 0.062500
vt 0.525391 0.066895
vt 0.526855 0.048828
vt 0.526367 0.062988
vt 0.534180 0.048828
vt 0.535156 0.064453
vt 0.532715 0.067871
vt 0.531250 0.080078
vt 0.530762 0.088867
vt 0.526855 0.092285
vt 0.526855 0.118652
vt 0.538086 0.089355
vt 0.537598 0.091309
vt 0.539062 0.101562
vt 0.537109 0.121094
vt 0.530762 0.122070
vt 0.537598 0.123535
vt 0.529785 0.131836
vt 0.547363 0.123047
vt 0.548340 0.102539
vt 0.550293 0.093750
vt 0.545410 0.089844
vt 0.539062 0.081055
vt 0.540527 0.068848
vt 0.541016 0.065430
vt 0.548340 0.066895
vt 0.548340 0.069824
vt 0.546875 0.081543
vt 0.550781 0.089355
vt 0.553711 0.082031
vt 0.555664 0.076660
vt 0.554688 0.070312
vt 0.553711 0.067871
vt 0.555664 0.047852
vt 0.547363 0.047363
vt 0.518066 0.035645
vt 0.527344 0.035645
vt 0.538574 0.028320
vt 0.548828 0.032227
vt 0.557617 0.031738
vt 0.555176 0.029297
vt 0.551270 0.018066
vt 0.538574 0.021973
vt 0.547363 0.014648
vt 0.528320 0.027344
vt 0.519043 0.027832
vt 0.509277 0.035645
vt 0.503418 0.049316
vt 0.527344 0.023438
vt 0.534668 0.019531
vt 0.520020 0.022949
vt 0.512207 0.020020
vt 0.510742 0.023438
vt 0.508301 0.026855
vt 0.505371 0.026367
vt 0.502441 0.037109
vt 0.495361 0.036621
vt 0.495850 0.049316
vt 0.496338 0.062500
vt 0.488037 0.049805
vt 0.486816 0.037109
vt 0.485840 0.030762
vt 0.475830 0.024902
vt 0.467285 0.018066
vt 0.477295 0.022461
vt 0.485352 0.027832
vt 0.475586 0.028320
vt 0.477051 0.036133
vt 0.479248 0.050293
vt 0.465820 0.020020
vt 0.464111 0.023926
vt 0.466553 0.036133
vt 0.470703 0.051270
vt 0.480957 0.063965
vt 0.452637 0.018066
vt 0.453369 0.011719
vt 0.446533 0.031250
vt 0.445312 0.036621
vt 0.446777 0.017090
vt 0.444580 0.005859
vt 0.445557 0.003418
vt 0.451660 0.002930
vt 0.458984 0.009277
vt 0.451660 0.079590
vt 0.450928 0.073242
vt 0.446289 0.051758
vt 0.497559 0.027832
vt 0.495850 0.028809
vt 0.494629 0.023926
vt 0.492676 0.020020
vt 0.485352 0.024902
vt 0.206177 0.295410
vt 0.329102 0.110840
vt 0.326172 0.103516
vt 0.338623 0.080078
vt 0.334229 0.088867
vt 0.331299 0.100586
vt 0.334961 0.107910
vt 0.791992 0.297363
vt 0.785645 0.305664
vt 0.748047 0.281738
vt 0.776367 0.314453
vt 0.768555 0.320801
vt 0.758789 0.325684
vt 0.748535 0.330566
vt 0.736328 0.250000
vt 0.747559 0.247070
vt 0.758789 0.246582
vt 0.770996 0.249512
vt 0.777832 0.251465
vt 0.785645 0.256348
vt 0.791016 0.261719
vt 0.796387 0.268066
vt 0.799805 0.273926
vt 0.797852 0.286621
vt 0.735840 0.334473
vt 0.729980 0.328613
vt 0.721680 0.320312
vt 0.716309 0.311523
vt 0.712891 0.301758
vt 0.711914 0.290039
vt 0.713379 0.279297
vt 0.717773 0.269043
vt 0.725586 0.257324
vt 0.430176 0.097656
vt 0.449463 0.090820
vt 0.449219 0.105957
vt 0.437012 0.119629
vt 0.447754 0.117676
vt 0.387207 0.071289
vt 0.392334 0.075684
vt 0.395996 0.082031
vt 0.348633 0.104980
vt 0.348145 0.097168
vt 0.361084 0.102539
vt 0.350342 0.106445
vt 0.353760 0.116211
vt 0.363281 0.113770
vt 0.357422 0.120117
vt 0.362061 0.112305
vt 0.351807 0.114258
vt 0.362061 0.104492
vt 0.371338 0.102051
vt 0.361328 0.094727
vt 0.360596 0.092773
vt 0.349121 0.095703
vt 0.347168 0.089355
vt 0.360840 0.083984
vt 0.348145 0.088379
vt 0.361328 0.085938
vt 0.371338 0.092285
vt 0.371338 0.094727
vt 0.384521 0.096191
vt 0.384033 0.104004
vt 0.383057 0.105957
vt 0.383057 0.094727
vt 0.385498 0.088379
vt 0.371094 0.085449
vt 0.371094 0.083496
vt 0.360107 0.075195
vt 0.347168 0.079590
vt 0.384277 0.086914
vt 0.385254 0.078125
vt 0.371582 0.074707
vt 0.644531 0.104004
vt 0.643555 0.112793
vt 0.647461 0.118652
vt 0.640137 0.138672
vt 0.635254 0.143555
vt 0.625488 0.143555
vt 0.625000 0.147949
vt 0.375732 0.305176
vt 0.373047 0.308105
vt 0.373047 0.299805
vt 0.375488 0.308594
vt 0.379883 0.316895
vt 0.376709 0.316406
vt 0.382568 0.322754
vt 0.387939 0.329102
vt 0.384766 0.329102
vt 0.380615 0.322754
vt 0.382324 0.314941
vt 0.378174 0.304199
vt 0.372070 0.292480
vt 0.370361 0.292480
vt 0.382812 0.329590
vt 0.385742 0.338379
vt 0.389160 0.339355
vt 0.384033 0.337891
vt 0.407715 0.291016
vt 0.409180 0.298828
vt 0.398193 0.298828
vt 0.396240 0.290527
vt 0.388184 0.300781
vt 0.386475 0.290039
vt 0.374023 0.289551
vt 0.371826 0.281738
vt 0.371582 0.282227
vt 0.359619 0.274902
vt 0.373535 0.278320
vt 0.358398 0.280273
vt 0.346436 0.275879
vt 0.347412 0.281250
vt 0.357666 0.283691
vt 0.347656 0.284180
vt 0.358398 0.285156
vt 0.053375 0.085449
vt 0.057587 0.092285
vt 0.053223 0.099609
vt 0.048645 0.098145
vt 0.047089 0.109375
vt 0.035706 0.104980
vt 0.029251 0.115723
vt 0.040588 0.095215
vt 0.048096 0.084473
vt 0.052185 0.074707
vt 0.060303 0.074707
vt 0.060822 0.095215
vt 0.055939 0.111328
vt 0.052734 0.110840
vt 0.056000 0.062988
vt 0.067749 0.067383
vt 0.021667 0.105469
vt 0.025818 0.099609
vt 0.018021 0.113281
vt 0.016556 0.123535
vt 0.017212 0.136230
vt 0.019272 0.144043
vt 0.046448 0.058105
vt 0.057648 0.057129
vt 0.047821 0.065918
vt 0.045441 0.075195
vt 0.037018 0.085449
vt 0.032349 0.093750
vt 0.037140 0.078125
vt 0.036469 0.071289
vt 0.042450 0.067383
vt 0.037689 0.054199
vt 0.048889 0.053711
vt 0.039124 0.049316
vt 0.058990 0.025391
vt 0.052094 0.022949
vt 0.045532 0.020996
vt 0.032654 0.044922
vt 0.060516 0.012695
vt 0.051117 0.010742
vt 0.043091 0.010254
vt 0.031433 0.018066
vt 0.025345 0.038086
vt 0.026077 0.048828
vt 0.028198 0.060547
vt 0.033508 0.064941
vt 0.021286 0.057617
vt 0.052795 0.002930
vt 0.045929 0.002930
vt 0.062317 0.002930
vt 0.068970 0.015137
vt 0.067139 0.027832
vt 0.070923 0.002930
vt 0.079834 0.002930
vt 0.078369 0.017090
vt 0.076782 0.030273
vt 0.068420 0.062988
vt 0.099426 0.032715
vt 0.079407 0.067871
vt 0.086060 0.031738
vt 0.086853 0.018066
vt 0.100281 0.019531
vt 0.112427 0.020508
vt 0.087891 0.002930
vt 0.101013 0.002930
vt 0.113281 0.002930
vt 0.126465 0.020508
vt 0.141235 0.032227
vt 0.126221 0.002930
vt 0.140869 0.002930
vt 0.141113 0.020020
vt 0.156982 0.019043
vt 0.169312 0.002930
vt 0.156738 0.002930
vt 0.235718 0.002930
vt 0.239868 0.007812
vt 0.227417 0.002930
vt 0.229492 0.009277
vt 0.214844 0.002930
vt 0.216919 0.012695
vt 0.204346 0.002930
vt 0.206177 0.015625
vt 0.193726 0.002930
vt 0.195068 0.017578
vt 0.209595 0.028320
vt 0.197632 0.030762
vt 0.218628 0.058594
vt 0.205322 0.065430
vt 0.218262 0.066895
vt 0.206299 0.070312
vt 0.220581 0.088379
vt 0.209961 0.090820
vt 0.223267 0.106445
vt 0.212891 0.110352
vt 0.200928 0.076660
vt 0.202148 0.095703
vt 0.225586 0.121582
vt 0.226685 0.105957
vt 0.229370 0.120605
vt 0.227539 0.134277
vt 0.219727 0.141113
vt 0.212891 0.148438
vt 0.231934 0.136230
vt 0.224854 0.148926
vt 0.233032 0.149414
vt 0.234009 0.146484
vt 0.523438 0.130371
vt 0.517090 0.129395
vt 0.518555 0.133789
vt 0.512695 0.133789
vt 0.511230 0.128906
vt 0.523438 0.134277
vt 0.549316 0.126953
vt 0.536621 0.133789
vt 0.531738 0.135742
vt 0.532227 0.138672
vt 0.527344 0.164062
vt 0.514648 0.159668
vt 0.544922 0.139160
vt 0.549805 0.146973
vt 0.540527 0.166504
vt 0.534668 0.171875
vt 0.515625 0.166016
vt 0.525391 0.169434
vt 0.523438 0.174316
vt 0.120361 0.275879
vt 0.137085 0.283203
vt 0.121765 0.279297
vt 0.137085 0.286133
vt 0.124451 0.289062
vt 0.152466 0.272949
vt 0.135742 0.269531
vt 0.120544 0.267578
vt 0.115845 0.267578
vt 0.157715 0.273438
vt 0.115234 0.276855
vt 0.115662 0.283691
vt 0.120483 0.293945
vt 0.122192 0.315430
vt 0.425781 0.242676
vt 0.427246 0.249023
vt 0.416260 0.243164
vt 0.392334 0.244141
vt 0.400879 0.242188
vt 0.399658 0.247559
vt 0.407959 0.243164
vt 0.407715 0.249023
vt 0.416504 0.249512
vt 0.415039 0.256348
vt 0.383057 0.252441
vt 0.384521 0.261719
vt 0.391113 0.251953
vt 0.398926 0.253906
vt 0.406738 0.255859
vt 0.390869 0.254883
vt 0.398438 0.257324
vt 0.406250 0.259277
vt 0.413818 0.259766
vt 0.412354 0.263672
vt 0.404541 0.263672
vt 0.395752 0.262207
vt 0.386475 0.272461
vt 0.386719 0.274414
vt 0.396240 0.275391
vt 0.396484 0.273438
vt 0.404053 0.274414
vt 0.402832 0.277344
vt 0.396484 0.279297
vt 0.386230 0.278809
vt 0.412842 0.274414
vt 0.422607 0.274414
vt 0.422119 0.264160
vt 0.413818 0.274902
vt 0.404541 0.275879
vt 0.406006 0.280762
vt 0.404297 0.280762
vt 0.423096 0.274902
vt 0.425293 0.278809
vt 0.408936 0.290039
vt 0.426514 0.288574
vt 0.429443 0.291016
vt 0.428711 0.299805
vt 0.427002 0.310547
vt 0.409912 0.307617
vt 0.386230 0.321777
vt 0.391357 0.310547
vt 0.400146 0.308105
vt 0.401855 0.313965
vt 0.394775 0.317383
vt 0.405273 0.325684
vt 0.399658 0.328613
vt 0.409668 0.312988
vt 0.408203 0.322754
vt 0.411621 0.333984
vt 0.403076 0.338379
vt 0.416748 0.328613
vt 0.425049 0.318848
vt 0.288086 0.032715
vt 0.281006 0.044922
vt 0.281006 0.029785
vt 0.276123 0.050293
vt 0.268311 0.029297
vt 0.264648 0.050293
vt 0.264160 0.030762
vt 0.257812 0.049805
vt 0.262207 0.068359
vt 0.254150 0.068848
vt 0.273193 0.069336
vt 0.277100 0.060547
vt 0.283936 0.044922
vt 0.290527 0.034668
vt 0.303467 0.031250
vt 0.299072 0.044434
vt 0.295166 0.059082
vt 0.279541 0.061523
vt 0.278320 0.070312
vt 0.272705 0.082520
vt 0.261719 0.083008
vt 0.305908 0.071289
vt 0.294189 0.071777
vt 0.281982 0.071777
vt 0.277832 0.082520
vt 0.273193 0.096191
vt 0.273193 0.100098
vt 0.262695 0.096191
vt 0.254150 0.083984
vt 0.371094 0.104492
vt 0.370605 0.111816
vt 0.370361 0.113770
vt 0.381104 0.113770
vt 0.379395 0.116211
vt 0.376465 0.120117
vt 0.370605 0.123047
vt 0.362549 0.122559
vt 0.242310 0.047852
vt 0.245483 0.056152
vt 0.236694 0.056641
vt 0.257812 0.044922
vt 0.249390 0.042480
vt 0.250732 0.016602
vt 0.237549 0.019043
vt 0.230713 0.021484
vt 0.220459 0.025391
vt 0.231323 0.053711
vt 0.224731 0.062012
vt 0.221558 0.066406
vt 0.223877 0.087402
vt 0.190430 0.187988
vt 0.182739 0.191895
vt 0.179932 0.183105
vt 0.173950 0.192383
vt 0.171021 0.183594
vt 0.163940 0.192383
vt 0.161377 0.183594
vt 0.158447 0.193848
vt 0.156494 0.183105
vt 0.187256 0.179688
vt 0.177612 0.175293
vt 0.168579 0.176270
vt 0.159546 0.178223
vt 0.030167 0.694824
vt 0.042877 0.687744
vt 0.044525 0.696777
vt 0.040833 0.705078
vt 0.033020 0.709229
vt 0.024002 0.708008
vt 0.017426 0.701904
vt 0.015381 0.693115
vt 0.019485 0.685059
vt 0.024414 0.714844
vt 0.030563 0.715820
vt 0.037140 0.714600
vt 0.042877 0.711182
vt 0.047424 0.706787
vt 0.050293 0.700928
vt 0.051117 0.694336
vt 0.022354 0.721924
vt 0.014145 0.718262
vt 0.030991 0.723145
vt 0.039612 0.721191
vt 0.046997 0.717041
vt 0.053162 0.710938
vt 0.056854 0.703125
vt 0.058075 0.694092
vt 0.049866 0.687744
vt 0.056458 0.685791
vt 0.046600 0.682129
vt 0.052338 0.677979
vt 0.042084 0.677490
vt 0.045776 0.671875
vt 0.035919 0.675049
vt 0.036316 0.681641
vt 0.027283 0.680420
vt 0.029343 0.674316
vt 0.023178 0.675049
vt 0.037964 0.668213
vt 0.029343 0.666748
vt 0.020721 0.668457
vt 0.017426 0.678467
vt 0.012909 0.672607
vt 0.012909 0.683350
vt 0.007160 0.679199
vt 0.010033 0.688965
vt 0.009621 0.695557
vt 0.010445 0.701904
vt 0.013733 0.707520
vt 0.018250 0.712158
vt 0.003471 0.687012
vt 0.002232 0.695557
vt 0.003876 0.704346
vt 0.007988 0.712158
vt 0.032806 0.440430
vt 0.040527 0.437012
vt 0.036285 0.446289
vt 0.042053 0.443359
vt 0.046692 0.438965
vt 0.044373 0.429688
vt 0.049377 0.433594
vt 0.050537 0.427734
vt 0.043213 0.420898
vt 0.049774 0.421387
vt 0.047058 0.416016
vt 0.037415 0.415039
vt 0.030106 0.453125
vt 0.038208 0.451660
vt 0.045532 0.448242
vt 0.051300 0.442871
vt 0.055145 0.435547
vt 0.056702 0.427734
vt 0.055542 0.419922
vt 0.052063 0.412598
vt 0.042816 0.411621
vt 0.046692 0.406250
vt 0.037415 0.408203
vt 0.039368 0.402832
vt 0.031647 0.407227
vt 0.031647 0.401367
vt 0.025101 0.407715
vt 0.028961 0.413086
vt 0.021637 0.416992
vt 0.019714 0.410645
vt 0.015083 0.415039
vt 0.023560 0.402344
vt 0.016235 0.405762
vt 0.010460 0.411621
vt 0.030884 0.427246
vt 0.017395 0.424316
vt 0.012001 0.420410
vt 0.006603 0.418457
vt 0.010841 0.426270
vt 0.005066 0.426270
vt 0.012001 0.432617
vt 0.024338 0.438965
vt 0.018555 0.433105
vt 0.014313 0.438477
vt 0.018555 0.442383
vt 0.023941 0.445801
vt 0.030487 0.446777
vt 0.006226 0.434570
vt 0.009689 0.441406
vt 0.015083 0.447754
vt 0.022018 0.451660
vt 0.511719 0.935242
vt 0.507324 0.995022
vt 0.507324 0.935242
vt 0.511719 0.995018
vt 0.515625 0.935242
vt 0.515625 0.995022
vt 0.520020 0.935242
vt 0.520020 0.995022
vt 0.524414 0.935242
vt 0.524414 0.995026
vt 0.528809 0.935242
vt 0.528320 0.995026
vt 0.490234 0.935242
vt 0.486084 0.995037
vt 0.486084 0.935242
vt 0.490234 0.995033
vt 0.494629 0.935242
vt 0.494629 0.995029
vt 0.498779 0.935242
vt 0.498779 0.995026
vt 0.502930 0.935242
vt 0.502930 0.995022
vt 0.468994 0.935242
vt 0.464600 0.995060
vt 0.464844 0.935242
vt 0.468994 0.995056
vt 0.473145 0.935242
vt 0.473145 0.995052
vt 0.477539 0.935242
vt 0.477539 0.995049
vt 0.481689 0.935242
vt 0.481689 0.995045
vt 0.447754 0.935242
vt 0.443359 0.995060
vt 0.443359 0.935242
vt 0.447510 0.995064
vt 0.451904 0.935242
vt 0.451904 0.995064
vt 0.456299 0.935242
vt 0.456055 0.995064
vt 0.460449 0.935242
vt 0.460449 0.995064
vt 0.813965 0.206543
vt 0.824219 0.199219
vt 0.817871 0.199219
vt 0.806152 0.199219
vt 0.812500 0.195312
vt 0.813965 0.191895
vt 0.818359 0.197266
vt 0.812012 0.199219
vt 0.805176 0.212891
vt 0.813965 0.229980
vt 0.797852 0.218262
vt 0.800781 0.199219
vt 0.795898 0.199219
vt 0.812988 0.232910
vt 0.788574 0.199219
vt 0.791992 0.199219
vt 0.786133 0.199219
vt 0.784668 0.199219
vt 0.786133 0.211914
vt 0.784180 0.199219
vt 0.786133 0.187012
vt 0.788086 0.187500
vt 0.801758 0.168457
vt 0.803223 0.170410
vt 0.812500 0.163086
vt 0.812988 0.165527
vt 0.813965 0.168457
vt 0.815430 0.172363
vt 0.824219 0.166992
vt 0.824219 0.175781
vt 0.835938 0.163086
vt 0.834961 0.165527
vt 0.833984 0.168457
vt 0.833008 0.172363
vt 0.846191 0.168457
vt 0.845215 0.170410
vt 0.837891 0.180176
vt 0.834961 0.184570
vt 0.850098 0.180176
vt 0.847168 0.182617
vt 0.835938 0.195312
vt 0.846191 0.191895
vt 0.851074 0.190430
vt 0.863281 0.199219
vt 0.861816 0.199219
vt 0.860352 0.187500
vt 0.859863 0.199219
vt 0.856445 0.199219
vt 0.852539 0.199219
vt 0.847656 0.199219
vt 0.842285 0.199219
vt 0.843262 0.212891
vt 0.847168 0.215820
vt 0.826172 0.205078
vt 0.861816 0.211426
vt 0.856445 0.175781
vt 0.863770 0.199219
vt 0.791992 0.175781
vt 0.800781 0.166992
vt 0.847656 0.166992
vt 0.161499 0.205078
vt 0.836426 0.199219
vt 0.830566 0.199219
vt 0.830078 0.197266
vt 0.824219 0.181152
vt 0.828125 0.187500
vt 0.833984 0.191895
vt 0.797852 0.180176
vt 0.801270 0.182617
vt 0.810547 0.180176
vt 0.797363 0.190430
vt 0.813477 0.184570
vt 0.820312 0.187500
vt 0.801758 0.191895
vt 0.822266 0.205078
vt 0.758789 0.042969
vt 0.761719 0.026855
vt 0.762695 0.021484
vt 0.762695 0.012695
vt 0.761230 0.003906
vt 0.348877 0.206543
vt 0.348145 0.198730
vt 0.558105 0.019531
vt 0.558105 0.012207
vt 0.556152 0.003906
vt 0.552734 0.003418
vt 0.542969 0.012207
vt 0.028259 0.179199
vt 0.424561 0.256836
vt 0.422852 0.259766
vt 0.639160 0.224121
vt 0.636230 0.222656
vt 0.639160 0.222656
vt 0.639648 0.215332
vt 0.639648 0.206543
vt 0.639648 0.204590
vt 0.636230 0.184082
vt 0.630371 0.187988
vt 0.629395 0.174316
vt 0.632812 0.206055
vt 0.633301 0.214844
vt 0.636230 0.220703
vt 0.668457 0.174805
vt 0.660645 0.173340
vt 0.651367 0.172363
vt 0.642578 0.171387
vt 0.635742 0.169922
vt 0.711914 0.078125
vt 0.706543 0.077637
vt 0.700684 0.069336
vt 0.700684 0.077637
vt 0.302490 0.242188
vt 0.309326 0.228516
vt 0.311768 0.218262
vt 0.312744 0.204102
vt 0.312012 0.194336
vt 0.559570 0.192383
vt 0.558105 0.196289
vt 0.557617 0.200195
vt 0.564941 0.055176
vt 0.562988 0.057129
vt 0.565430 0.064941
vt 0.339600 0.002930
vt 0.327148 0.002930
vt 0.313232 0.002930
s 1
usemtl DAP_SentinelHand_MATINST.002
f 1/1/1 2/2/2 3/3/3
f 3/3/3 2/2/2 4/4/4
f 2/2/2 5/5/5 4/4/4
f 4/4/4 6/6/6 3/3/3
f 6/6/6 7/7/7 8/8/8
f 4/4/4 5/5/5 9/9/9
f 5/5/5 10/10/10 9/9/9
f 9/9/9 11/11/11 4/4/4
f 4/4/4 11/11/11 6/6/6
f 9/9/9 10/10/10 11/11/11
f 12/12/12 7/7/7 6/6/6
f 6/6/6 11/11/11 12/12/12
f 12/12/12 13/13/13 7/7/7
f 14/14/14 13/13/13 12/12/12
f 15/15/15 14/14/14 12/12/12
f 16/16/16 14/14/14 15/15/15
f 16/16/16 15/15/15 17/17/17
f 17/17/17 18/18/18 16/16/16
f 18/18/18 17/17/17 19/19/19
f 11/11/11 10/10/10 20/20/20
f 12/12/12 11/11/11 21/21/21
f 12/12/12 21/21/21 15/15/15
f 20/20/20 21/21/21 11/11/11
f 15/15/15 21/21/21 22/22/22
f 22/22/22 17/17/17 15/15/15
f 23/23/23 17/17/17 22/22/22
f 22/22/22 21/21/21 24/24/24
f 25/25/25 21/21/21 20/20/20
f 24/24/24 21/21/21 25/25/25
f 25/25/25 20/20/20 26/26/26
f 26/26/26 20/20/20 27/27/27
f 10/10/10 27/27/27 20/20/20
f 28/28/28 27/27/27 10/10/10
f 10/10/10 29/29/29 28/28/28
f 30/30/30 10/10/10 5/5/5
f 30/30/30 29/29/29 10/10/10
f 29/29/29 31/31/31 28/28/28
f 28/28/28 31/31/31 32/32/32
f 28/28/28 33/33/33 27/27/27
f 28/28/28 32/32/32 33/33/33
f 34/34/34 26/26/26 27/27/27
f 27/27/27 33/33/33 34/34/34
f 35/35/35 26/26/26 34/34/34
f 35/35/35 36/36/36 26/26/26
f 25/25/25 36/36/36 24/24/24
f 26/26/26 36/36/36 25/25/25
f 35/35/35 37/37/37 36/36/36
f 36/36/36 38/38/38 24/24/24
f 36/36/36 37/37/37 38/38/38
f 24/24/24 38/38/38 39/39/39
f 22/22/22 39/39/39 23/23/23
f 24/24/24 39/39/39 22/22/22
f 38/38/38 40/40/40 39/39/39
f 39/39/39 40/40/40 41/41/41
f 39/39/39 41/41/41 23/23/23
f 40/40/40 38/38/38 42/42/42
f 42/42/42 38/38/38 37/37/37
f 42/42/42 43/43/43 40/40/40
f 40/40/40 43/43/43 41/41/41
f 43/43/43 44/44/44 41/41/41
f 41/41/41 44/44/44 45/45/45
f 23/23/23 41/41/41 45/45/45
f 46/46/46 44/44/44 43/43/43
f 46/46/46 43/43/43 47/47/47
f 47/47/47 48/48/48 46/46/46
f 49/49/49 43/43/43 42/42/42
f 47/47/47 43/43/43 49/49/49
f 50/50/50 49/49/49 42/42/42
f 51/51/51 42/42/42 37/37/37
f 37/37/37 35/35/35 51/51/51
f 50/50/50 42/42/42 51/51/51
f 51/51/51 35/35/35 52/52/52
f 45/45/45 44/44/44 53/53/53
f 54/54/54 44/44/44 46/46/46
f 54/54/54 53/53/53 44/44/44
f 46/46/46 48/48/48 55/55/55
f 46/46/46 55/55/55 54/54/54
f 48/48/48 56/56/56 55/55/55
f 57/57/57 56/56/56 48/48/48
f 58/58/58 56/56/56 57/57/57
f 59/59/59 56/56/56 58/58/58
f 58/58/58 60/60/60 59/59/59
f 59/59/59 61/61/61 56/56/56
f 62/62/62 61/61/61 63/63/63
f 56/56/56 64/64/64 55/55/55
f 61/61/61 64/64/64 56/56/56
f 54/54/54 55/55/55 64/64/64
f 64/64/64 61/61/61 62/62/62
f 65/65/65 64/64/64 62/62/62
f 65/65/65 53/53/53 54/54/54
f 54/54/54 64/64/64 65/65/65
f 62/62/62 66/66/66 65/65/65
f 65/65/65 66/66/66 53/53/53
f 53/53/53 66/66/66 67/67/67
f 66/66/66 68/68/68 67/67/67
f 69/69/69 70/70/70 71/71/71
f 72/72/72 68/68/68 66/66/66
f 71/71/71 70/70/70 72/72/72
f 73/73/73 66/66/66 62/62/62
f 73/73/73 72/72/72 66/66/66
f 71/71/71 72/72/72 73/73/73
f 72/72/72 74/74/74 68/68/68
f 70/70/70 74/74/74 72/72/72
f 68/68/68 74/74/74 75/75/75
f 62/62/62 76/76/76 73/73/73
f 63/63/63 76/76/76 62/62/62
f 76/76/76 77/77/77 73/73/73
f 73/73/73 77/77/77 71/71/71
f 71/71/71 78/78/78 69/69/69
f 71/71/71 77/77/77 78/78/78
f 69/69/69 78/78/78 79/79/79
f 79/79/79 80/80/80 69/69/69
f 77/77/77 76/76/76 81/81/81
f 77/77/77 81/81/81 78/78/78
f 78/78/78 82/82/82 79/79/79
f 78/78/78 81/81/81 82/82/82
f 79/79/79 82/82/82 83/83/83
f 84/84/84 83/83/83 82/82/82
f 85/85/85 83/83/83 84/84/84
f 85/85/85 84/84/84 86/86/86
f 85/85/85 86/86/86 87/87/87
f 87/87/87 86/86/86 88/88/88
f 82/82/82 81/81/81 89/89/89
f 89/89/89 84/84/84 82/82/82
f 86/86/86 84/84/84 90/90/90
f 90/90/90 91/91/91 86/86/86
f 91/91/91 88/88/88 86/86/86
f 90/90/90 84/84/84 92/92/92
f 92/92/92 84/84/84 89/89/89
f 89/89/89 81/81/81 93/93/93
f 89/89/89 93/93/93 92/92/92
f 81/81/81 76/76/76 94/94/94
f 94/94/94 93/93/93 81/81/81
f 63/63/63 94/94/94 76/76/76
f 95/95/95 61/61/61 59/59/59
f 96/96/96 94/94/94 63/63/63
f 96/96/96 63/63/63 61/61/61
f 61/61/61 95/95/95 96/96/96
f 97/97/97 94/94/94 96/96/96
f 98/98/98 93/93/93 94/94/94
f 98/98/98 94/94/94 97/97/97
f 92/92/92 99/99/99 90/90/90
f 92/92/92 93/93/93 99/99/99
f 98/98/98 99/99/99 93/93/93
f 90/90/90 99/99/99 100/100/100
f 100/100/100 91/91/91 90/90/90
f 101/101/101 95/95/95 59/59/59
f 96/96/96 95/95/95 102/102/102
f 102/102/102 95/95/95 101/101/101
f 101/101/101 103/103/103 102/102/102
f 102/102/102 103/103/103 96/96/96
f 96/96/96 103/103/103 97/97/97
f 104/104/104 98/98/98 97/97/97
f 97/97/97 103/103/103 104/104/104
f 105/105/105 99/99/99 98/98/98
f 105/105/105 98/98/98 104/104/104
f 101/101/101 106/106/106 103/103/103
f 107/107/107 108/108/108 109/109/109
f 108/108/108 110/110/110 109/109/109
f 110/110/110 111/111/111 109/109/109
f 112/112/112 106/106/106 111/111/111
f 112/112/112 111/111/111 110/110/110
f 113/113/113 106/106/106 112/112/112
f 103/103/103 106/106/106 113/113/113
f 103/103/103 113/113/113 104/104/104
f 114/114/114 105/105/105 104/104/104
f 104/104/104 113/113/113 114/114/114
f 115/115/115 99/99/99 105/105/105
f 115/115/115 105/105/105 114/114/114
f 100/100/100 99/99/99 115/115/115
f 112/112/112 116/116/116 113/113/113
f 116/116/116 100/100/100 115/115/115
f 113/113/113 116/116/116 114/114/114
f 91/91/91 100/100/100 116/116/116
f 114/114/114 116/116/116 115/115/115
f 117/117/117 91/91/91 116/116/116
f 117/117/117 116/116/116 112/112/112
f 110/110/110 117/117/117 112/112/112
f 118/118/118 110/110/110 108/108/108
f 118/118/118 117/117/117 110/110/110
f 108/108/108 119/119/119 118/118/118
f 120/120/120 108/108/108 107/107/107
f 120/120/120 119/119/119 108/108/108
f 120/120/120 121/121/121 119/119/119
f 119/119/119 122/122/122 118/118/118
f 123/123/123 119/119/119 121/121/121
f 122/122/122 119/119/119 123/123/123
f 123/123/123 121/121/121 124/124/124
f 124/124/124 121/121/121 125/125/125
f 126/126/126 121/121/121 120/120/120
f 126/126/126 125/125/125 121/121/121
f 107/107/107 127/127/127 120/120/120
f 120/120/120 127/127/127 126/126/126
f 128/128/128 107/107/107 109/109/109
f 127/127/127 107/107/107 129/129/129
f 129/129/129 107/107/107 128/128/128
f 129/129/129 130/130/130 127/127/127
f 127/127/127 130/130/130 126/126/126
f 125/125/125 126/126/126 131/131/131
f 131/131/131 126/126/126 130/130/130
f 125/125/125 132/132/132 124/124/124
f 131/131/131 132/132/132 125/125/125
f 133/133/133 123/123/123 124/124/124
f 124/124/124 132/132/132 133/133/133
f 134/134/134 87/87/87 88/88/88
f 88/88/88 135/135/135 134/134/134
f 134/134/134 135/135/135 136/136/136
f 135/135/135 137/137/137 136/136/136
f 137/137/137 138/138/138 136/136/136
f 137/137/137 122/122/122 139/139/139
f 139/139/139 138/138/138 137/137/137
f 139/139/139 123/123/123 133/133/133
f 139/139/139 122/122/122 123/123/123
f 133/133/133 140/140/140 139/139/139
f 139/139/139 140/140/140 138/138/138
f 141/141/141 140/140/140 133/133/133
f 133/133/133 132/132/132 141/141/141
f 138/138/138 142/142/142 136/136/136
f 143/143/143 138/138/138 140/140/140
f 142/142/142 138/138/138 143/143/143
f 140/140/140 144/144/144 143/143/143
f 144/144/144 140/140/140 141/141/141
f 136/136/136 145/145/145 134/134/134
f 136/136/136 142/142/142 145/145/145
f 142/142/142 146/146/146 145/145/145
f 143/143/143 147/147/147 142/142/142
f 143/143/143 144/144/144 147/147/147
f 142/142/142 147/147/147 146/146/146
f 83/83/83 148/148/148 79/79/79
f 79/79/79 148/148/148 80/80/80
f 83/83/83 149/149/149 148/148/148
f 85/85/85 149/149/149 83/83/83
f 150/150/150 85/85/85 87/87/87
f 149/149/149 85/85/85 150/150/150
f 134/134/134 145/145/145 151/151/151
f 134/134/134 151/151/151 87/87/87
f 87/87/87 151/151/151 150/150/150
f 152/152/152 148/148/148 153/153/153
f 149/149/149 154/154/154 148/148/148
f 148/148/148 154/154/154 153/153/153
f 154/154/154 149/149/149 155/155/155
f 155/155/155 149/149/149 150/150/150
f 156/156/156 150/150/150 151/151/151
f 155/155/155 150/150/150 156/156/156
f 157/157/157 151/151/151 145/145/145
f 145/145/145 146/146/146 157/157/157
f 156/156/156 151/151/151 157/157/157
f 158/158/158 159/159/159 160/160/160
f 158/158/158 160/160/160 161/161/161
f 161/161/161 160/160/160 162/162/162
f 163/163/163 158/158/158 161/161/161
f 159/159/159 164/164/164 160/160/160
f 159/159/159 165/165/165 164/164/164
f 160/160/160 166/166/166 162/162/162
f 160/160/160 164/164/164 166/166/166
f 162/162/162 166/166/166 167/167/167
f 165/165/165 168/168/168 169/169/169
f 165/165/165 169/169/169 164/164/164
f 164/164/164 169/169/169 170/170/170
f 164/164/164 170/170/170 166/166/166
f 166/166/166 171/171/171 167/167/167
f 166/166/166 170/170/170 171/171/171
f 167/167/167 171/171/171 172/172/172
f 168/168/168 173/173/173 174/174/174
f 168/168/168 174/174/174 169/169/169
f 169/169/169 174/174/174 175/175/175
f 169/169/169 175/175/175 170/170/170
f 170/170/170 176/176/176 171/171/171
f 170/170/170 175/175/175 176/176/176
f 171/171/171 177/177/177 172/172/172
f 171/171/171 176/176/176 177/177/177
f 172/172/172 177/177/177 178/178/178
f 177/177/177 179/179/179 178/178/178
f 178/178/178 179/179/179 180/180/180
f 176/176/176 181/181/181 177/177/177
f 177/177/177 181/181/181 179/179/179
f 175/175/175 182/182/182 176/176/176
f 176/176/176 182/182/182 181/181/181
f 175/175/175 183/183/183 182/182/182
f 174/174/174 183/183/183 175/175/175
f 174/174/174 184/184/184 183/183/183
f 173/173/173 184/184/184 174/174/174
f 183/183/183 185/185/185 182/182/182
f 182/182/182 185/185/185 186/186/186
f 182/182/182 186/186/186 181/181/181
f 181/181/181 186/186/186 187/187/187
f 181/181/181 187/187/187 179/179/179
f 179/179/179 187/187/187 188/188/188
f 179/179/179 188/188/188 180/180/180
f 180/180/180 188/188/188 189/189/189
f 188/188/188 190/190/190 189/189/189
f 189/189/189 190/190/190 191/191/191
f 190/190/190 192/192/192 191/191/191
f 187/187/187 193/193/193 188/188/188
f 188/188/188 193/193/193 190/190/190
f 187/187/187 194/194/194 193/193/193
f 186/186/186 194/194/194 187/187/187
f 186/186/186 195/195/195 194/194/194
f 185/185/185 195/195/195 186/186/186
f 185/185/185 196/196/196 195/195/195
f 183/183/183 197/197/197 185/185/185
f 184/184/184 197/197/197 183/183/183
f 197/197/197 196/196/196 185/185/185
f 197/197/197 198/198/198 196/196/196
f 184/184/184 199/199/199 197/197/197
f 199/199/199 198/198/198 197/197/197
f 198/198/198 200/200/200 196/196/196
f 196/196/196 200/200/200 201/201/201
f 196/196/196 201/201/201 195/195/195
f 195/195/195 202/202/202 194/194/194
f 195/195/195 201/201/201 202/202/202
f 194/194/194 202/202/202 203/203/203
f 194/194/194 203/203/203 193/193/193
f 193/193/193 204/204/204 190/190/190
f 190/190/190 204/204/204 192/192/192
f 193/193/193 203/203/203 204/204/204
f 198/198/198 199/199/199 205/205/205
f 200/200/200 198/198/198 205/205/205
f 200/200/200 206/206/206 201/201/201
f 206/206/206 200/200/200 205/205/205
f 201/201/201 206/206/206 207/207/207
f 201/201/201 207/207/207 202/202/202
f 202/202/202 207/207/207 208/208/208
f 202/202/202 208/208/208 203/203/203
f 203/203/203 209/209/209 204/204/204
f 203/203/203 208/208/208 209/209/209
f 208/208/208 210/210/210 209/209/209
f 209/209/209 210/210/210 211/211/211
f 208/208/208 212/212/212 210/210/210
f 207/207/207 212/212/212 208/208/208
f 207/207/207 213/213/213 212/212/212
f 206/206/206 213/213/213 207/207/207
f 213/213/213 206/206/206 205/205/205
f 213/213/213 214/214/214 212/212/212
f 214/214/214 213/213/213 205/205/205
f 215/215/215 214/214/214 205/205/205
f 212/212/212 216/216/216 210/210/210
f 212/212/212 214/214/214 216/216/216
f 214/214/214 215/215/215 216/216/216
f 210/210/210 216/216/216 217/217/217
f 210/210/210 217/217/217 211/211/211
f 218/218/218 219/219/219 220/220/220
f 221/221/221 219/219/219 218/218/218
f 222/222/222 221/221/221 218/218/218
f 223/223/223 221/221/221 222/222/222
f 224/224/224 223/223/223 222/222/222
f 225/225/225 223/223/223 224/224/224
f 226/226/226 225/225/225 224/224/224
f 217/217/217 225/225/225 226/226/226
f 211/211/211 217/217/217 226/226/226
f 204/204/204 209/209/209 227/227/227
f 209/209/209 211/211/211 227/227/227
f 204/204/204 227/227/227 192/192/192
f 227/227/227 211/211/211 228/228/228
f 211/211/211 226/226/226 228/228/228
f 228/228/228 226/226/226 229/229/229
f 226/226/226 224/224/224 229/229/229
f 224/224/224 222/222/222 230/230/230
f 229/229/229 224/224/224 230/230/230
f 222/222/222 218/218/218 231/231/231
f 230/230/230 222/222/222 231/231/231
f 229/229/229 230/230/230 232/232/232
f 232/232/232 230/230/230 233/233/233
f 230/230/230 231/231/231 233/233/233
f 234/234/234 229/229/229 232/232/232
f 228/228/228 229/229/229 234/234/234
f 192/192/192 227/227/227 235/235/235
f 227/227/227 228/228/228 235/235/235
f 235/235/235 228/228/228 234/234/234
f 191/191/191 192/192/192 236/236/236
f 192/192/192 235/235/235 236/236/236
f 235/235/235 234/234/234 237/237/237
f 236/236/236 235/235/235 237/237/237
f 234/234/234 232/232/232 238/238/238
f 237/237/237 234/234/234 238/238/238
f 238/238/238 232/232/232 239/239/239
f 232/232/232 233/233/233 239/239/239
f 239/239/239 233/233/233 240/240/240
f 233/233/233 241/241/241 240/240/240
f 233/233/233 231/231/231 241/241/241
f 191/191/191 236/236/236 242/242/242
f 236/236/236 237/237/237 243/243/243
f 242/242/242 236/236/236 243/243/243
f 237/237/237 238/238/238 244/244/244
f 243/243/243 237/237/237 244/244/244
f 238/238/238 239/239/239 245/245/245
f 244/244/244 238/238/238 245/245/245
f 245/245/245 239/239/239 246/246/246
f 239/239/239 240/240/240 246/246/246
f 246/246/246 240/240/240 247/247/247
f 240/240/240 248/248/248 247/247/247
f 240/240/240 241/241/241 248/248/248
f 247/247/247 248/248/248 249/249/249
f 247/247/247 249/249/249 250/250/250
f 246/246/246 247/247/247 251/251/251
f 251/251/251 247/247/247 250/250/250
f 245/245/245 246/246/246 252/252/252
f 252/252/252 246/246/246 251/251/251
f 253/253/253 245/245/245 252/252/252
f 244/244/244 245/245/245 253/253/253
f 243/243/243 244/244/244 254/254/254
f 254/254/254 244/244/244 253/253/253
f 255/255/255 243/243/243 254/254/254
f 242/242/242 243/243/243 255/255/255
f 250/250/250 249/249/249 256/256/256
f 250/250/250 256/256/256 257/257/257
f 258/258/258 250/250/250 257/257/257
f 251/251/251 250/250/250 258/258/258
f 259/259/259 251/251/251 258/258/258
f 252/252/252 251/251/251 259/259/259
f 260/260/260 252/252/252 259/259/259
f 253/253/253 252/252/252 260/260/260
f 261/261/261 253/253/253 260/260/260
f 254/254/254 253/253/253 261/261/261
f 262/262/262 254/254/254 261/261/261
f 255/255/255 254/254/254 262/262/262
f 263/263/263 255/255/255 262/262/262
f 264/264/264 255/255/255 263/263/263
f 264/264/264 242/242/242 255/255/255
f 265/265/265 264/264/264 263/263/263
f 266/266/266 264/264/264 265/265/265
f 267/267/267 266/266/266 265/265/265
f 268/268/268 266/266/266 267/267/267
f 269/269/269 268/268/268 267/267/267
f 270/270/270 268/268/268 269/269/269
f 271/271/271 270/270/270 269/269/269
f 189/189/189 191/191/191 272/272/272
f 272/272/272 242/242/242 264/264/264
f 272/272/272 191/191/191 242/242/242
f 266/266/266 272/272/272 264/264/264
f 273/273/273 272/272/272 266/266/266
f 180/180/180 189/189/189 273/273/273
f 268/268/268 273/273/273 266/266/266
f 273/273/273 189/189/189 272/272/272
f 274/274/274 273/273/273 268/268/268
f 270/270/270 274/274/274 268/268/268
f 178/178/178 180/180/180 274/274/274
f 274/274/274 180/180/180 273/273/273
f 172/172/172 178/178/178 275/275/275
f 275/275/275 178/178/178 274/274/274
f 275/275/275 274/274/274 270/270/270
f 276/276/276 270/270/270 271/271/271
f 276/276/276 275/275/275 270/270/270
f 277/277/277 275/275/275 276/276/276
f 277/277/277 172/172/172 275/275/275
f 167/167/167 172/172/172 277/277/277
f 278/278/278 163/163/163 279/279/279
f 280/280/280 278/278/278 279/279/279
f 163/163/163 161/161/161 281/281/281
f 279/279/279 163/163/163 281/281/281
f 281/281/281 161/161/161 282/282/282
f 161/161/161 162/162/162 282/282/282
f 283/283/283 167/167/167 277/277/277
f 162/162/162 167/167/167 283/283/283
f 282/282/282 162/162/162 283/283/283
f 284/284/284 277/277/277 276/276/276
f 283/283/283 277/277/277 284/284/284
f 282/282/282 283/283/283 285/285/285
f 285/285/285 283/283/283 284/284/284
f 286/286/286 282/282/282 285/285/285
f 281/281/281 282/282/282 286/286/286
f 287/287/287 281/281/281 286/286/286
f 279/279/279 281/281/281 287/287/287
f 288/288/288 279/279/279 287/287/287
f 280/280/280 279/279/279 288/288/288
f 284/284/284 276/276/276 289/289/289
f 289/289/289 276/276/276 271/271/271
f 290/290/290 284/284/284 289/289/289
f 285/285/285 284/284/284 290/290/290
f 286/286/286 285/285/285 291/291/291
f 291/291/291 285/285/285 290/290/290
f 292/292/292 286/286/286 291/291/291
f 287/287/287 286/286/286 292/292/292
f 293/293/293 287/287/287 292/292/292
f 288/288/288 287/287/287 293/293/293
f 294/294/294 288/288/288 293/293/293
f 295/295/295 288/288/288 294/294/294
f 295/295/295 280/280/280 288/288/288
f 296/296/296 295/295/295 294/294/294
f 297/297/297 295/295/295 296/296/296
f 298/298/298 297/297/297 296/296/296
f 299/299/299 297/297/297 298/298/298
f 256/256/256 299/299/299 300/300/300
f 300/300/300 299/299/299 298/298/298
f 257/257/257 256/256/256 300/300/300
f 297/297/297 301/301/301 295/295/295
f 301/301/301 280/280/280 295/295/295
f 299/299/299 302/302/302 297/297/297
f 302/302/302 301/301/301 297/297/297
f 256/256/256 303/303/303 299/299/299
f 303/303/303 302/302/302 299/299/299
f 249/249/249 303/303/303 256/256/256
f 248/248/248 304/304/304 249/249/249
f 249/249/249 304/304/304 303/303/303
f 304/304/304 305/305/305 303/303/303
f 303/303/303 305/305/305 302/302/302
f 305/305/305 306/306/306 302/302/302
f 302/302/302 306/306/306 301/301/301
f 301/301/301 307/307/307 280/280/280
f 307/307/307 278/278/278 280/280/280
f 306/306/306 307/307/307 301/301/301
f 241/241/241 308/308/308 248/248/248
f 248/248/248 308/308/308 304/304/304
f 304/304/304 309/309/309 305/305/305
f 308/308/308 309/309/309 304/304/304
f 305/305/305 310/310/310 306/306/306
f 309/309/309 310/310/310 305/305/305
f 310/310/310 311/311/311 306/306/306
f 306/306/306 311/311/311 307/307/307
f 307/307/307 312/312/312 278/278/278
f 311/311/311 312/312/312 307/307/307
f 309/309/309 313/313/313 310/310/310
f 313/313/313 314/314/314 310/310/310
f 313/313/313 315/315/315 314/314/314
f 310/310/310 314/314/314 311/311/311
f 308/308/308 316/316/316 309/309/309
f 316/316/316 313/313/313 309/309/309
f 241/241/241 317/317/317 308/308/308
f 317/317/317 316/316/316 308/308/308
f 317/317/317 220/220/220 316/316/316
f 231/231/231 218/218/218 317/317/317
f 231/231/231 317/317/317 241/241/241
f 218/218/218 220/220/220 317/317/317
f 318/318/318 315/315/315 313/313/313
f 316/316/316 318/318/318 313/313/313
f 220/220/220 318/318/318 316/316/316
f 318/318/318 319/319/319 315/315/315
f 319/319/319 320/320/320 315/315/315
f 319/319/319 321/321/321 320/320/320
f 321/321/321 322/322/322 320/320/320
f 323/323/323 324/324/324 205/205/205
f 324/324/324 323/323/323 321/321/321
f 321/321/321 323/323/323 322/322/322
f 325/325/325 321/321/321 319/319/319
f 325/325/325 324/324/324 321/321/321
f 326/326/326 319/319/319 318/318/318
f 220/220/220 326/326/326 318/318/318
f 219/219/219 326/326/326 220/220/220
f 326/326/326 325/325/325 319/319/319
f 327/327/327 323/323/323 205/205/205
f 323/323/323 327/327/327 322/322/322
f 324/324/324 328/328/328 205/205/205
f 328/328/328 324/324/324 325/325/325
f 329/329/329 328/328/328 325/325/325
f 329/329/329 325/325/325 326/326/326
f 219/219/219 329/329/329 326/326/326
f 221/221/221 330/330/330 219/219/219
f 330/330/330 329/329/329 219/219/219
f 328/328/328 331/331/331 205/205/205
f 330/330/330 331/331/331 329/329/329
f 331/331/331 328/328/328 329/329/329
f 332/332/332 331/331/331 330/330/330
f 331/331/331 332/332/332 205/205/205
f 332/332/332 333/333/333 205/205/205
f 334/334/334 332/332/332 330/330/330
f 334/334/334 330/330/330 221/221/221
f 333/333/333 332/332/332 334/334/334
f 223/223/223 334/334/334 221/221/221
f 225/225/225 335/335/335 223/223/223
f 335/335/335 334/334/334 223/223/223
f 335/335/335 333/333/333 334/334/334
f 336/336/336 333/333/333 335/335/335
f 336/336/336 215/215/215 205/205/205
f 333/333/333 336/336/336 205/205/205
f 216/216/216 337/337/337 217/217/217
f 216/216/216 215/215/215 337/337/337
f 337/337/337 336/336/336 335/335/335
f 215/215/215 336/336/336 337/337/337
f 337/337/337 335/335/335 225/225/225
f 217/217/217 337/337/337 225/225/225
f 338/338/338 339/339/339 340/340/340
f 340/340/340 173/173/173 168/168/168
f 339/339/339 341/341/341 340/340/340
f 341/341/341 339/339/339 205/205/205
f 340/340/340 341/341/341 173/173/173
f 199/199/199 342/342/342 205/205/205
f 342/342/342 199/199/199 184/184/184
f 342/342/342 341/341/341 205/205/205
f 341/341/341 342/342/342 173/173/173
f 173/173/173 342/342/342 184/184/184
f 343/343/343 168/168/168 165/165/165
f 343/343/343 340/340/340 168/168/168
f 338/338/338 340/340/340 343/343/343
f 344/344/344 165/165/165 159/159/159
f 344/344/344 343/343/343 165/165/165
f 345/345/345 159/159/159 158/158/158
f 345/345/345 344/344/344 159/159/159
f 346/346/346 345/345/345 158/158/158
f 312/312/312 346/346/346 278/278/278
f 278/278/278 346/346/346 163/163/163
f 346/346/346 158/158/158 163/163/163
f 347/347/347 345/345/345 346/346/346
f 312/312/312 347/347/347 346/346/346
f 348/348/348 344/344/344 345/345/345
f 347/347/347 348/348/348 345/345/345
f 349/349/349 343/343/343 344/344/344
f 349/349/349 338/338/338 343/343/343
f 348/348/348 349/349/349 344/344/344
f 350/350/350 347/347/347 312/312/312
f 311/311/311 350/350/350 312/312/312
f 314/314/314 350/350/350 311/311/311
f 351/351/351 348/348/348 347/347/347
f 350/350/350 351/351/351 347/347/347
f 352/352/352 349/349/349 348/348/348
f 351/351/351 352/352/352 348/348/348
f 353/353/353 338/338/338 349/349/349
f 352/352/352 353/353/353 349/349/349
f 354/354/354 339/339/339 338/338/338
f 353/353/353 354/354/354 338/338/338
f 339/339/339 354/354/354 205/205/205
f 355/355/355 354/354/354 353/353/353
f 354/354/354 355/355/355 205/205/205
f 355/355/355 327/327/327 205/205/205
f 322/322/322 327/327/327 356/356/356
f 356/356/356 353/353/353 352/352/352
f 327/327/327 355/355/355 356/356/356
f 356/356/356 355/355/355 353/353/353
f 322/322/322 356/356/356 357/357/357
f 357/357/357 352/352/352 351/351/351
f 320/320/320 322/322/322 357/357/357
f 357/357/357 356/356/356 352/352/352
f 315/315/315 358/358/358 314/314/314
f 314/314/314 358/358/358 350/350/350
f 358/358/358 351/351/351 350/350/350
f 358/358/358 357/357/357 351/351/351
f 320/320/320 357/357/357 358/358/358
f 315/315/315 320/320/320 358/358/358
f 359/359/359 360/360/360 361/361/361
f 361/361/361 360/360/360 362/362/362
f 360/360/360 363/363/363 362/362/362
f 364/364/364 365/365/365 366/366/366
f 367/367/367 364/364/364 366/366/366
f 368/368/368 363/363/363 367/367/367
f 366/366/366 368/368/368 367/367/367
f 362/362/362 363/363/363 369/369/369
f 363/363/363 368/368/368 369/369/369
f 362/362/362 370/370/370 361/361/361
f 369/369/369 370/370/370 362/362/362
f 371/371/371 359/359/359 361/361/361
f 361/361/361 370/370/370 371/371/371
f 372/372/372 370/370/370 373/373/373
f 374/374/374 370/370/370 372/372/372
f 375/375/375 370/370/370 374/374/374
f 376/376/376 370/370/370 375/375/375
f 377/377/377 370/370/370 376/376/376
f 378/378/378 370/370/370 377/377/377
f 379/379/379 370/370/370 378/378/378
f 380/380/380 370/370/370 379/379/379
f 381/381/381 370/370/370 380/380/380
f 371/371/371 370/370/370 382/382/382
f 382/382/382 370/370/370 381/381/381
f 383/383/383 359/359/359 371/371/371
f 382/382/382 383/383/383 371/371/371
f 384/384/384 383/383/383 382/382/382
f 381/381/381 384/384/384 382/382/382
f 380/380/380 385/385/385 381/381/381
f 385/385/385 384/384/384 381/381/381
f 386/386/386 385/385/385 380/380/380
f 379/379/379 386/386/386 380/380/380
f 378/378/378 387/387/387 379/379/379
f 387/387/387 386/386/386 379/379/379
f 386/386/386 388/388/388 385/385/385
f 385/385/385 388/388/388 389/389/389
f 385/385/385 389/389/389 384/384/384
f 384/384/384 390/390/390 383/383/383
f 384/384/384 389/389/389 390/390/390
f 383/383/383 391/391/391 359/359/359
f 383/383/383 390/390/390 391/391/391
f 359/359/359 391/391/391 392/392/392
f 359/359/359 392/392/392 360/360/360
f 360/360/360 392/392/392 393/393/393
f 360/360/360 393/393/393 363/363/363
f 389/389/389 394/394/394 390/390/390
f 394/394/394 395/395/395 390/390/390
f 390/390/390 395/395/395 391/391/391
f 395/395/395 396/396/396 391/391/391
f 391/391/391 396/396/396 392/392/392
f 392/392/392 397/397/397 393/393/393
f 396/396/396 397/397/397 392/392/392
f 397/397/397 398/398/398 393/393/393
f 393/393/393 398/398/398 399/399/399
f 367/367/367 363/363/363 399/399/399
f 363/363/363 393/393/393 399/399/399
f 399/399/399 400/400/400 367/367/367
f 398/398/398 400/400/400 399/399/399
f 400/400/400 364/364/364 367/367/367
f 400/400/400 398/398/398 401/401/401
f 398/398/398 397/397/397 402/402/402
f 401/401/401 398/398/398 402/402/402
f 402/402/402 397/397/397 403/403/403
f 397/397/397 396/396/396 403/403/403
f 396/396/396 395/395/395 404/404/404
f 403/403/403 396/396/396 404/404/404
f 404/404/404 395/395/395 405/405/405
f 395/395/395 394/394/394 405/405/405
f 364/364/364 400/400/400 406/406/406
f 406/406/406 400/400/400 401/401/401
f 365/365/365 364/364/364 407/407/407
f 407/407/407 364/364/364 406/406/406
f 408/408/408 365/365/365 407/407/407
f 409/409/409 365/365/365 408/408/408
f 410/410/410 370/370/370 411/411/411
f 411/411/411 412/412/412 410/410/410
f 413/413/413 412/412/412 411/411/411
f 412/412/412 413/413/413 414/414/414
f 414/414/414 413/413/413 415/415/415
f 409/409/409 416/416/416 415/415/415
f 415/415/415 416/416/416 414/414/414
f 417/417/417 409/409/409 415/415/415
f 365/365/365 409/409/409 417/417/417
f 366/366/366 365/365/365 417/417/417
f 418/418/418 413/413/413 411/411/411
f 411/411/411 370/370/370 418/418/418
f 419/419/419 413/413/413 418/418/418
f 415/415/415 419/419/419 417/417/417
f 413/413/413 419/419/419 415/415/415
f 417/417/417 420/420/420 366/366/366
f 420/420/420 368/368/368 366/366/366
f 419/419/419 420/420/420 417/417/417
f 421/421/421 370/370/370 369/369/369
f 369/369/369 368/368/368 421/421/421
f 368/368/368 420/420/420 421/421/421
f 418/418/418 370/370/370 422/422/422
f 422/422/422 419/419/419 418/418/418
f 420/420/420 419/419/419 422/422/422
f 422/422/422 370/370/370 421/421/421
f 421/421/421 420/420/420 422/422/422
f 423/423/423 424/424/424 425/425/425
f 425/425/425 370/370/370 426/426/426
f 426/426/426 423/423/423 425/425/425
f 427/427/427 423/423/423 426/426/426
f 428/428/428 427/427/427 426/426/426
f 426/426/426 370/370/370 428/428/428
f 425/425/425 424/424/424 429/429/429
f 429/429/429 370/370/370 425/425/425
f 430/430/430 370/370/370 429/429/429
f 431/431/431 370/370/370 430/430/430
f 373/373/373 370/370/370 431/431/431
f 373/373/373 432/432/432 372/372/372
f 432/432/432 433/433/433 372/372/372
f 372/372/372 433/433/433 374/374/374
f 434/434/434 432/432/432 373/373/373
f 431/431/431 434/434/434 373/373/373
f 430/430/430 435/435/435 431/431/431
f 435/435/435 434/434/434 431/431/431
f 436/436/436 435/435/435 430/430/430
f 429/429/429 436/436/436 430/430/430
f 424/424/424 436/436/436 429/429/429
f 436/436/436 437/437/437 435/435/435
f 435/435/435 438/438/438 434/434/434
f 435/435/435 437/437/437 438/438/438
f 434/434/434 438/438/438 439/439/439
f 434/434/434 439/439/439 432/432/432
f 432/432/432 439/439/439 440/440/440
f 432/432/432 440/440/440 433/433/433
f 433/433/433 440/440/440 441/441/441
f 433/433/433 441/441/441 442/442/442
f 433/433/433 442/442/442 374/374/374
f 374/374/374 442/442/442 375/375/375
f 442/442/442 441/441/441 443/443/443
f 438/438/438 444/444/444 439/439/439
f 444/444/444 445/445/445 439/439/439
f 439/439/439 445/445/445 440/440/440
f 445/445/445 446/446/446 440/440/440
f 440/440/440 446/446/446 441/441/441
f 446/446/446 447/447/447 441/441/441
f 441/441/441 447/447/447 443/443/443
f 447/447/447 448/448/448 443/443/443
f 443/443/443 448/448/448 449/449/449
f 448/448/448 450/450/450 449/449/449
f 449/449/449 450/450/450 451/451/451
f 450/450/450 452/452/452 451/451/451
f 452/452/452 450/450/450 453/453/453
f 453/453/453 450/450/450 454/454/454
f 450/450/450 448/448/448 454/454/454
f 448/448/448 447/447/447 455/455/455
f 454/454/454 448/448/448 455/455/455
f 455/455/455 447/447/447 456/456/456
f 447/447/447 446/446/446 456/456/456
f 456/456/456 446/446/446 457/457/457
f 446/446/446 445/445/445 457/457/457
f 445/445/445 444/444/444 458/458/458
f 457/457/457 445/445/445 458/458/458
f 451/451/451 452/452/452 459/459/459
f 452/452/452 460/460/460 459/459/459
f 386/386/386 461/461/461 388/388/388
f 387/387/387 461/461/461 386/386/386
f 387/387/387 459/459/459 461/461/461
f 459/459/459 460/460/460 461/461/461
f 460/460/460 462/462/462 461/461/461
f 461/461/461 462/462/462 388/388/388
f 388/388/388 463/463/463 389/389/389
f 462/462/462 463/463/463 388/388/388
f 463/463/463 394/394/394 389/389/389
f 394/394/394 463/463/463 464/464/464
f 405/405/405 394/394/394 464/464/464
f 463/463/463 462/462/462 465/465/465
f 464/464/464 463/463/463 465/465/465
f 465/465/465 462/462/462 466/466/466
f 462/462/462 460/460/460 466/466/466
f 460/460/460 452/452/452 467/467/467
f 467/467/467 452/452/452 453/453/453
f 466/466/466 460/460/460 467/467/467
f 416/416/416 468/468/468 414/414/414
f 414/414/414 468/468/468 469/469/469
f 414/414/414 469/469/469 412/412/412
f 468/468/468 470/470/470 469/469/469
f 469/469/469 470/470/470 471/471/471
f 412/412/412 469/469/469 472/472/472
f 412/412/412 472/472/472 410/410/410
f 469/469/469 471/471/471 472/472/472
f 472/472/472 471/471/471 473/473/473
f 472/472/472 473/473/473 474/474/474
f 410/410/410 472/472/472 474/474/474
f 474/474/474 370/370/370 410/410/410
f 475/475/475 476/476/476 477/477/477
f 475/475/475 477/477/477 478/478/478
f 478/478/478 477/477/477 479/479/479
f 470/470/470 480/480/480 471/471/471
f 471/471/471 480/480/480 473/473/473
f 480/480/480 478/478/478 479/479/479
f 480/480/480 479/479/479 481/481/481
f 473/473/473 480/480/480 481/481/481
f 474/474/474 473/473/473 482/482/482
f 482/482/482 370/370/370 474/474/474
f 473/473/473 481/481/481 482/482/482
f 483/483/483 480/480/480 470/470/470
f 483/483/483 478/478/478 480/480/480
f 484/484/484 409/409/409 408/408/408
f 416/416/416 409/409/409 484/484/484
f 485/485/485 416/416/416 484/484/484
f 468/468/468 416/416/416 485/485/485
f 470/470/470 468/468/468 486/486/486
f 486/486/486 468/468/468 485/485/485
f 487/487/487 470/470/470 486/486/486
f 483/483/483 470/470/470 487/487/487
f 488/488/488 483/483/483 487/487/487
f 478/478/478 483/483/483 488/488/488
f 475/475/475 478/478/478 489/489/489
f 489/489/489 478/478/478 488/488/488
f 490/490/490 475/475/475 489/489/489
f 476/476/476 475/475/475 490/490/490
f 491/491/491 476/476/476 490/490/490
f 492/492/492 476/476/476 491/491/491
f 493/493/493 492/492/492 491/491/491
f 494/494/494 492/492/492 493/493/493
f 495/495/495 494/494/494 493/493/493
f 496/496/496 494/494/494 495/495/495
f 492/492/492 497/497/497 476/476/476
f 492/492/492 494/494/494 497/497/497
f 497/497/497 494/494/494 498/498/498
f 494/494/494 496/496/496 498/498/498
f 498/498/498 496/496/496 499/499/499
f 496/496/496 500/500/500 499/499/499
f 498/498/498 499/499/499 501/501/501
f 497/497/497 498/498/498 502/502/502
f 502/502/502 498/498/498 501/501/501
f 502/502/502 501/501/501 503/503/503
f 504/504/504 502/502/502 503/503/503
f 503/503/503 370/370/370 504/504/504
f 505/505/505 502/502/502 504/504/504
f 505/505/505 497/497/497 502/502/502
f 476/476/476 497/497/497 506/506/506
f 506/506/506 497/497/497 505/505/505
f 477/477/477 476/476/476 506/506/506
f 501/501/501 499/499/499 507/507/507
f 503/503/503 501/501/501 508/508/508
f 508/508/508 370/370/370 503/503/503
f 501/501/501 507/507/507 508/508/508
f 509/509/509 505/505/505 504/504/504
f 504/504/504 370/370/370 509/509/509
f 510/510/510 505/505/505 509/509/509
f 510/510/510 506/506/506 505/505/505
f 477/477/477 506/506/506 510/510/510
f 509/509/509 370/370/370 511/511/511
f 511/511/511 510/510/510 509/509/509
f 512/512/512 477/477/477 510/510/510
f 481/481/481 479/479/479 512/512/512
f 479/479/479 477/477/477 512/512/512
f 512/512/512 510/510/510 511/511/511
f 482/482/482 481/481/481 513/513/513
f 513/513/513 370/370/370 482/482/482
f 511/511/511 370/370/370 513/513/513
f 481/481/481 512/512/512 513/513/513
f 513/513/513 512/512/512 511/511/511
f 514/514/514 515/515/515 516/516/516
f 514/514/514 516/516/516 517/517/517
f 517/517/517 516/516/516 518/518/518
f 518/518/518 519/519/519 517/517/517
f 520/520/520 519/519/519 518/518/518
f 520/520/520 427/427/427 428/428/428
f 428/428/428 370/370/370 521/521/521
f 519/519/519 520/520/520 521/521/521
f 521/521/521 520/520/520 428/428/428
f 521/521/521 370/370/370 522/522/522
f 522/522/522 519/519/519 521/521/521
f 522/522/522 370/370/370 523/523/523
f 370/370/370 524/524/524 523/523/523
f 427/427/427 520/520/520 525/525/525
f 427/427/427 525/525/525 423/423/423
f 525/525/525 520/520/520 518/518/518
f 518/518/518 526/526/526 525/525/525
f 516/516/516 526/526/526 518/518/518
f 527/527/527 526/526/526 528/528/528
f 526/526/526 516/516/516 529/529/529
f 528/528/528 526/526/526 529/529/529
f 529/529/529 516/516/516 530/530/530
f 516/516/516 515/515/515 530/530/530
f 423/423/423 525/525/525 531/531/531
f 526/526/526 531/531/531 525/525/525
f 527/527/527 531/531/531 526/526/526
f 423/423/423 531/531/531 424/424/424
f 527/527/527 532/532/532 531/531/531
f 424/424/424 533/533/533 436/436/436
f 436/436/436 533/533/533 437/437/437
f 532/532/532 437/437/437 533/533/533
f 531/531/531 532/532/532 533/533/533
f 424/424/424 531/531/531 533/533/533
f 534/534/534 437/437/437 532/532/532
f 437/437/437 535/535/535 438/438/438
f 535/535/535 444/444/444 438/438/438
f 534/534/534 535/535/535 437/437/437
f 444/444/444 535/535/535 536/536/536
f 458/458/458 444/444/444 536/536/536
f 536/536/536 535/535/535 537/537/537
f 535/535/535 534/534/534 537/537/537
f 537/537/537 534/534/534 538/538/538
f 534/534/534 532/532/532 538/538/538
f 538/538/538 532/532/532 539/539/539
f 532/532/532 527/527/527 539/539/539
f 539/539/539 527/527/527 528/528/528
f 540/540/540 541/541/541 542/542/542
f 541/541/541 540/540/540 543/543/543
f 544/544/544 541/541/541 543/543/543
f 543/543/543 545/545/545 544/544/544
f 544/544/544 545/545/545 546/546/546
f 546/546/546 547/547/547 544/544/544
f 547/547/547 541/541/541 544/544/544
f 548/548/548 545/545/545 543/543/543
f 547/547/547 549/549/549 541/541/541
f 550/550/550 547/547/547 546/546/546
f 550/550/550 549/549/549 547/547/547
f 546/546/546 551/551/551 550/550/550
f 550/550/550 551/551/551 549/549/549
f 552/552/552 551/551/551 546/546/546
f 552/552/552 553/553/553 551/551/551
f 549/549/549 551/551/551 553/553/553
f 554/554/554 553/553/553 552/552/552
f 555/555/555 553/553/553 554/554/554
f 556/556/556 553/553/553 555/555/555
f 555/555/555 557/557/557 556/556/556
f 558/558/558 553/553/553 556/556/556
f 549/549/549 553/553/553 558/558/558
f 542/542/542 541/541/541 558/558/558
f 558/558/558 541/541/541 549/549/549
f 559/559/559 558/558/558 556/556/556
f 556/556/556 560/560/560 559/559/559
f 561/561/561 558/558/558 559/559/559
f 561/561/561 562/562/562 558/558/558
f 558/558/558 562/562/562 542/542/542
f 561/561/561 559/559/559 563/563/563
f 561/561/561 563/563/563 562/562/562
f 559/559/559 560/560/560 564/564/564
f 563/563/563 559/559/559 564/564/564
f 560/560/560 565/565/565 564/564/564
f 566/566/566 560/560/560 556/556/556
f 556/556/556 557/557/557 566/566/566
f 567/567/567 560/560/560 566/566/566
f 565/565/565 560/560/560 568/568/568
f 568/568/568 560/560/560 567/567/567
f 565/565/565 568/568/568 569/569/569
f 564/564/564 565/565/565 570/570/570
f 565/565/565 569/569/569 570/570/570
f 571/571/571 564/564/564 570/570/570
f 571/571/571 563/563/563 564/564/564
f 572/572/572 563/563/563 571/571/571
f 573/573/573 574/574/574 575/575/575
f 575/575/575 574/574/574 576/576/576
f 576/576/576 574/574/574 577/577/577
f 577/577/577 578/578/578 576/576/576
f 569/569/569 578/578/578 577/577/577
f 578/578/578 575/575/575 576/576/576
f 577/577/577 579/579/579 569/569/569
f 570/570/570 569/569/569 579/579/579
f 570/570/570 580/580/580 571/571/571
f 579/579/579 580/580/580 570/570/570
f 580/580/580 581/581/581 571/571/571
f 571/571/571 581/581/581 572/572/572
f 562/562/562 582/582/582 542/542/542
f 562/562/562 563/563/563 583/583/583
f 583/583/583 582/582/582 562/562/562
f 582/582/582 583/583/583 584/584/584
f 584/584/584 583/583/583 585/585/585
f 583/583/583 586/586/586 585/585/585
f 572/572/572 586/586/586 563/563/563
f 563/563/563 586/586/586 583/583/583
f 572/572/572 581/581/581 586/586/586
f 586/586/586 587/587/587 585/585/585
f 586/586/586 581/581/581 587/587/587
f 580/580/580 588/588/588 581/581/581
f 581/581/581 588/588/588 587/587/587
f 577/577/577 574/574/574 589/589/589
f 589/589/589 588/588/588 580/580/580
f 579/579/579 589/589/589 580/580/580
f 577/577/577 589/589/589 579/579/579
f 585/585/585 587/587/587 590/590/590
f 585/585/585 591/591/591 584/584/584
f 590/590/590 591/591/591 585/585/585
f 587/587/587 588/588/588 592/592/592
f 587/587/587 592/592/592 590/590/590
f 588/588/588 593/593/593 592/592/592
f 589/589/589 593/593/593 588/588/588
f 573/573/573 593/593/593 574/574/574
f 574/574/574 593/593/593 589/589/589
f 594/594/594 593/593/593 573/573/573
f 592/592/592 593/593/593 594/594/594
f 592/592/592 594/594/594 595/595/595
f 590/590/590 592/592/592 595/595/595
f 595/595/595 591/591/591 590/590/590
f 595/595/595 594/594/594 596/596/596
f 594/594/594 573/573/573 596/596/596
f 596/596/596 597/597/597 595/595/595
f 597/597/597 591/591/591 595/595/595
f 597/597/597 584/584/584 591/591/591
f 598/598/598 597/597/597 596/596/596
f 596/596/596 573/573/573 598/598/598
f 599/599/599 600/600/600 601/601/601
f 573/573/573 601/601/601 602/602/602
f 601/601/601 600/600/600 602/602/602
f 573/573/573 602/602/602 603/603/603
f 573/573/573 603/603/603 598/598/598
f 603/603/603 604/604/604 598/598/598
f 605/605/605 604/604/604 603/603/603
f 603/603/603 602/602/602 606/606/606
f 603/603/603 606/606/606 605/605/605
f 600/600/600 606/606/606 602/602/602
f 605/605/605 606/606/606 607/607/607
f 607/607/607 606/606/606 608/608/608
f 608/608/608 606/606/606 609/609/609
f 609/609/609 606/606/606 600/600/600
f 599/599/599 610/610/610 600/600/600
f 610/610/610 609/609/609 600/600/600
f 611/611/611 610/610/610 599/599/599
f 611/611/611 599/599/599 612/612/612
f 599/599/599 601/601/601 613/613/613
f 612/612/612 599/599/599 613/613/613
f 608/608/608 609/609/609 614/614/614
f 614/614/614 609/609/609 615/615/615
f 615/615/615 609/609/609 610/610/610
f 611/611/611 616/616/616 610/610/610
f 616/616/616 615/615/615 610/610/610
f 617/617/617 616/616/616 611/611/611
f 612/612/612 617/617/617 611/611/611
f 618/618/618 617/617/617 612/612/612
f 619/619/619 615/615/615 616/616/616
f 615/615/615 620/620/620 614/614/614
f 619/619/619 620/620/620 615/615/615
f 616/616/616 621/621/621 619/619/619
f 621/621/621 620/620/620 619/619/619
f 616/616/616 617/617/617 622/622/622
f 622/622/622 621/621/621 616/616/616
f 622/622/622 617/617/617 623/623/623
f 617/617/617 618/618/618 623/623/623
f 623/623/623 618/618/618 624/624/624
f 625/625/625 624/624/624 618/618/618
f 626/626/626 624/624/624 625/625/625
f 626/626/626 627/627/627 624/624/624
f 626/626/626 628/628/628 627/627/627
f 623/623/623 624/624/624 629/629/629
f 624/624/624 627/627/627 629/629/629
f 629/629/629 630/630/630 623/623/623
f 623/623/623 630/630/630 622/622/622
f 622/622/622 630/630/630 631/631/631
f 622/622/622 631/631/631 621/621/621
f 621/621/621 631/631/631 632/632/632
f 632/632/632 620/620/620 621/621/621
f 631/631/631 633/633/633 632/632/632
f 629/629/629 634/634/634 630/630/630
f 630/630/630 634/634/634 631/631/631
f 627/627/627 635/635/635 629/629/629
f 635/635/635 634/634/634 629/629/629
f 631/631/631 636/636/636 633/633/633
f 633/633/633 636/636/636 637/637/637
f 637/637/637 638/638/638 633/633/633
f 633/633/633 638/638/638 632/632/632
f 639/639/639 620/620/620 632/632/632
f 632/632/632 638/638/638 639/639/639
f 640/640/640 641/641/641 642/642/642
f 643/643/643 641/641/641 640/640/640
f 637/637/637 636/636/636 644/644/644
f 644/644/644 641/641/641 643/643/643
f 641/641/641 644/644/644 636/636/636
f 643/643/643 645/645/645 644/644/644
f 644/644/644 645/645/645 637/637/637
f 637/637/637 646/646/646 638/638/638
f 645/645/645 646/646/646 637/637/637
f 638/638/638 647/647/647 639/639/639
f 646/646/646 647/647/647 638/638/638
f 648/648/648 639/639/639 647/647/647
f 649/649/649 648/648/648 650/650/650
f 648/648/648 647/647/647 651/651/651
f 650/650/650 648/648/648 651/651/651
f 650/650/650 651/651/651 652/652/652
f 650/650/650 653/653/653 649/649/649
f 650/650/650 652/652/652 653/653/653
f 649/649/649 653/653/653 654/654/654
f 655/655/655 620/620/620 639/639/639
f 655/655/655 639/639/639 648/648/648
f 614/614/614 620/620/620 655/655/655
f 655/655/655 656/656/656 614/614/614
f 648/648/648 656/656/656 655/655/655
f 614/614/614 656/656/656 608/608/608
f 649/649/649 656/656/656 648/648/648
f 656/656/656 657/657/657 608/608/608
f 608/608/608 657/657/657 607/607/607
f 657/657/657 649/649/649 654/654/654
f 656/656/656 649/649/649 657/657/657
f 658/658/658 607/607/607 657/657/657
f 605/605/605 607/607/607 658/658/658
f 657/657/657 654/654/654 658/658/658
f 658/658/658 654/654/654 659/659/659
f 660/660/660 658/658/658 659/659/659
f 605/605/605 658/658/658 660/660/660
f 661/661/661 605/605/605 660/660/660
f 660/660/660 662/662/662 661/661/661
f 662/662/662 663/663/663 661/661/661
f 664/664/664 662/662/662 660/660/660
f 663/663/663 662/662/662 664/664/664
f 665/665/665 663/663/663 664/664/664
f 666/666/666 663/663/663 665/665/665
f 665/665/665 667/667/667 666/666/666
f 668/668/668 667/667/667 665/665/665
f 669/669/669 667/667/667 668/668/668
f 670/670/670 668/668/668 665/665/665
f 668/668/668 670/670/670 669/669/669
f 670/670/670 665/665/665 671/671/671
f 671/671/671 665/665/665 664/664/664
f 664/664/664 672/672/672 671/671/671
f 664/664/664 660/660/660 672/672/672
f 673/673/673 667/667/667 669/669/669
f 674/674/674 672/672/672 675/675/675
f 676/676/676 674/674/674 675/675/675
f 677/677/677 672/672/672 674/674/674
f 671/671/671 672/672/672 677/677/677
f 659/659/659 678/678/678 660/660/660
f 672/672/672 660/660/660 678/678/678
f 675/675/675 672/672/672 679/679/679
f 679/679/679 672/672/672 678/678/678
f 678/678/678 659/659/659 679/679/679
f 680/680/680 675/675/675 679/679/679
f 676/676/676 675/675/675 680/680/680
f 679/679/679 659/659/659 680/680/680
f 681/681/681 676/676/676 680/680/680
f 682/682/682 676/676/676 681/681/681
f 682/682/682 681/681/681 683/683/683
f 683/683/683 684/684/684 682/682/682
f 659/659/659 685/685/685 680/680/680
f 680/680/680 685/685/685 681/681/681
f 681/681/681 685/685/685 686/686/686
f 683/683/683 681/681/681 686/686/686
f 683/683/683 686/686/686 687/687/687
f 687/687/687 688/688/688 683/683/683
f 683/683/683 688/688/688 684/684/684
f 687/687/687 689/689/689 688/688/688
f 689/689/689 690/690/690 688/688/688
f 682/682/682 684/684/684 691/691/691
f 692/692/692 691/691/691 684/684/684
f 693/693/693 691/691/691 692/692/692
f 688/688/688 694/694/694 684/684/684
f 684/684/684 694/694/694 692/692/692
f 688/688/688 690/690/690 694/694/694
f 695/695/695 692/692/692 694/694/694
f 692/692/692 696/696/696 693/693/693
f 695/695/695 696/696/696 692/692/692
f 693/693/693 696/696/696 697/697/697
f 693/693/693 697/697/697 691/691/691
f 698/698/698 674/674/674 676/676/676
f 691/691/691 698/698/698 682/682/682
f 691/691/691 697/697/697 698/698/698
f 682/682/682 698/698/698 676/676/676
f 690/690/690 699/699/699 694/694/694
f 694/694/694 700/700/700 695/695/695
f 699/699/699 700/700/700 694/694/694
f 701/701/701 696/696/696 695/695/695
f 701/701/701 695/695/695 700/700/700
f 702/702/702 696/696/696 701/701/701
f 702/702/702 703/703/703 696/696/696
f 704/704/704 701/701/701 700/700/700
f 705/705/705 701/701/701 704/704/704
f 704/704/704 706/706/706 705/705/705
f 707/707/707 703/703/703 702/702/702
f 701/701/701 707/707/707 702/702/702
f 705/705/705 707/707/707 701/701/701
f 708/708/708 709/709/709 710/710/710
f 710/710/710 711/711/711 708/708/708
f 711/711/711 712/712/712 708/708/708
f 712/712/712 709/709/709 708/708/708
f 712/712/712 713/713/713 707/707/707
f 713/713/713 712/712/712 711/711/711
f 714/714/714 709/709/709 712/712/712
f 705/705/705 714/714/714 707/707/707
f 707/707/707 714/714/714 712/712/712
f 705/705/705 706/706/706 715/715/715
f 715/715/715 714/714/714 705/705/705
f 714/714/714 715/715/715 709/709/709
f 716/716/716 715/715/715 706/706/706
f 710/710/710 709/709/709 717/717/717
f 709/709/709 715/715/715 717/717/717
f 718/718/718 715/715/715 716/716/716
f 718/718/718 717/717/717 715/715/715
f 717/717/717 718/718/718 710/710/710
f 710/710/710 718/718/718 719/719/719
f 718/718/718 720/720/720 719/719/719
f 718/718/718 716/716/716 720/720/720
f 719/719/719 720/720/720 721/721/721
f 722/722/722 721/721/721 720/720/720
f 723/723/723 721/721/721 722/722/722
f 724/724/724 723/723/723 722/722/722
f 725/725/725 723/723/723 724/724/724
f 726/726/726 722/722/722 720/720/720
f 720/720/720 716/716/716 726/726/726
f 727/727/727 724/724/724 722/722/722
f 727/727/727 722/722/722 726/726/726
f 728/728/728 724/724/724 727/727/727
f 721/721/721 729/729/729 719/719/719
f 730/730/730 721/721/721 723/723/723
f 729/729/729 721/721/721 730/730/730
f 731/731/731 723/723/723 725/725/725
f 730/730/730 723/723/723 731/731/731
f 725/725/725 732/732/732 731/731/731
f 725/725/725 724/724/724 732/732/732
f 724/724/724 728/728/728 733/733/733
f 732/732/732 724/724/724 733/733/733
f 733/733/733 728/728/728 734/734/734
f 735/735/735 736/736/736 737/737/737
f 738/738/738 736/736/736 735/735/735
f 738/738/738 739/739/739 736/736/736
f 732/732/732 733/733/733 739/739/739
f 738/738/738 740/740/740 739/739/739
f 731/731/731 732/732/732 740/740/740
f 739/739/739 740/740/740 732/732/732
f 741/741/741 731/731/731 740/740/740
f 730/730/730 731/731/731 742/742/742
f 742/742/742 731/731/731 741/741/741
f 742/742/742 743/743/743 730/730/730
f 730/730/730 743/743/743 729/729/729
f 733/733/733 734/734/734 744/744/744
f 739/739/739 733/733/733 744/744/744
f 744/744/744 745/745/745 739/739/739
f 737/737/737 745/745/745 746/746/746
f 745/745/745 744/744/744 746/746/746
f 746/746/746 747/747/747 737/737/737
f 737/737/737 747/747/747 748/748/748
f 746/746/746 749/749/749 747/747/747
f 746/746/746 744/744/744 749/749/749
f 750/750/750 749/749/749 744/744/744
f 744/744/744 734/734/734 750/750/750
f 747/747/747 749/749/749 751/751/751
f 751/751/751 749/749/749 750/750/750
f 747/747/747 752/752/752 748/748/748
f 751/751/751 752/752/752 747/747/747
f 748/748/748 752/752/752 753/753/753
f 748/748/748 753/753/753 737/737/737
f 737/737/737 753/753/753 735/735/735
f 750/750/750 754/754/754 751/751/751
f 753/753/753 752/752/752 755/755/755
f 756/756/756 735/735/735 753/753/753
f 738/738/738 735/735/735 756/756/756
f 753/753/753 755/755/755 756/756/756
f 757/757/757 738/738/738 756/756/756
f 738/738/738 757/757/757 740/740/740
f 740/740/740 757/757/757 741/741/741
f 514/514/514 758/758/758 515/515/515
f 758/758/758 514/514/514 759/759/759
f 759/759/759 514/514/514 517/517/517
f 519/519/519 759/759/759 517/517/517
f 758/758/758 759/759/759 760/760/760
f 761/761/761 759/759/759 519/519/519
f 761/761/761 519/519/519 522/522/522
f 523/523/523 761/761/761 522/522/522
f 762/762/762 761/761/761 523/523/523
f 524/524/524 762/762/762 523/523/523
f 761/761/761 762/762/762 759/759/759
f 759/759/759 762/762/762 763/763/763
f 760/760/760 759/759/759 763/763/763
f 760/760/760 763/763/763 764/764/764
f 765/765/765 763/763/763 762/762/762
f 765/765/765 762/762/762 524/524/524
f 764/764/764 763/763/763 766/766/766
f 764/764/764 766/766/766 500/500/500
f 766/766/766 763/763/763 765/765/765
f 500/500/500 766/766/766 767/767/767
f 499/499/499 500/500/500 767/767/767
f 499/499/499 767/767/767 507/507/507
f 767/767/767 766/766/766 768/768/768
f 768/768/768 766/766/766 765/765/765
f 507/507/507 767/767/767 768/768/768
f 769/769/769 765/765/765 524/524/524
f 769/769/769 524/524/524 370/370/370
f 768/768/768 765/765/765 769/769/769
f 769/769/769 370/370/370 770/770/770
f 770/770/770 370/370/370 508/508/508
f 508/508/508 507/507/507 770/770/770
f 507/507/507 768/768/768 770/770/770
f 770/770/770 768/768/768 769/769/769
f 500/500/500 496/496/496 771/771/771
f 771/771/771 496/496/496 495/495/495
f 764/764/764 500/500/500 772/772/772
f 772/772/772 500/500/500 771/771/771
f 760/760/760 764/764/764 773/773/773
f 773/773/773 764/764/764 772/772/772
f 515/515/515 758/758/758 774/774/774
f 774/774/774 760/760/760 773/773/773
f 758/758/758 760/760/760 774/774/774
f 775/775/775 776/776/776 777/777/777
f 778/778/778 779/779/779 780/780/780
f 780/780/780 781/781/781 777/777/777
f 779/779/779 781/781/781 780/780/780
f 777/777/777 781/781/781 782/782/782
f 782/782/782 775/775/775 777/777/777
f 783/783/783 775/775/775 782/782/782
f 778/778/778 784/784/784 779/779/779
f 777/777/777 785/785/785 780/780/780
f 786/786/786 785/785/785 787/787/787
f 780/780/780 785/785/785 788/788/788
f 788/788/788 785/785/785 786/786/786
f 788/788/788 778/778/778 780/780/780
f 785/785/785 777/777/777 789/789/789
f 789/789/789 777/777/777 776/776/776
f 789/789/789 776/776/776 790/790/790
f 791/775/791 790/790/790 776/776/776
f 792/791/792 793/792/793 794/793/794
f 794/793/794 795/794/795 792/791/792
f 790/790/790 795/794/795 796/795/796
f 796/795/796 795/794/795 794/793/794
f 790/790/790 796/795/796 797/796/797
f 797/796/797 789/789/789 790/790/790
f 797/796/797 798/797/798 789/789/789
f 789/789/789 798/797/798 799/798/799
f 785/785/785 799/798/799 787/787/787
f 789/789/789 799/798/799 785/785/785
f 797/796/797 800/799/800 798/797/798
f 800/799/800 801/800/801 794/793/794
f 794/793/794 801/800/801 796/795/796
f 797/796/797 796/795/796 801/800/801
f 801/800/801 800/799/800 797/796/797
f 798/797/798 802/801/802 799/798/799
f 799/798/799 802/801/802 803/802/803
f 804/803/804 799/798/799 803/802/803
f 787/787/787 799/798/799 804/803/804
f 805/804/805 787/787/787 804/803/804
f 786/786/786 787/787/787 805/804/805
f 778/778/778 788/788/788 806/805/806
f 805/804/805 806/805/806 786/786/786
f 806/805/806 788/788/788 786/786/786
f 802/801/802 807/806/807 803/802/803
f 802/801/802 808/807/808 807/806/807
f 803/802/803 807/806/807 809/808/809
f 809/808/809 810/809/810 803/802/803
f 803/802/803 810/809/810 804/803/804
f 811/810/811 804/803/804 810/809/810
f 805/804/805 804/803/804 811/810/811
f 805/804/805 811/810/811 812/811/812
f 812/811/812 806/805/806 805/804/805
f 813/812/813 806/805/806 812/811/812
f 806/805/806 814/813/814 778/778/778
f 813/812/813 815/814/815 814/813/814
f 814/813/814 806/805/806 813/812/813
f 815/814/815 816/815/816 814/813/814
f 816/815/816 815/814/815 817/816/817
f 778/778/778 814/813/814 818/817/818
f 814/813/814 816/815/816 818/817/818
f 818/817/818 784/784/784 778/778/778
f 816/815/816 784/784/784 818/817/818
f 811/810/811 810/809/810 819/818/819
f 819/818/819 820/819/820 811/810/811
f 812/811/812 811/810/811 820/819/820
f 812/811/812 821/820/821 813/812/813
f 820/819/820 821/820/821 812/811/812
f 821/820/821 822/821/822 813/812/813
f 822/821/822 815/814/815 813/812/813
f 815/814/815 822/821/822 823/822/823
f 817/816/817 815/814/815 823/822/823
f 824/823/824 817/816/817 823/822/823
f 825/824/825 822/821/822 821/820/821
f 823/822/823 822/821/822 826/825/826
f 822/821/822 825/824/825 826/825/826
f 826/825/826 827/826/827 823/822/823
f 823/822/823 827/826/827 824/823/824
f 824/823/824 827/826/827 828/827/828
f 828/827/828 829/828/829 824/823/824
f 830/829/830 829/828/829 828/827/828
f 830/829/830 831/830/831 829/828/829
f 832/831/832 831/830/831 830/829/830
f 832/831/832 833/832/833 831/830/831
f 831/830/831 833/832/833 834/833/834
f 824/823/824 829/828/829 835/834/835
f 835/834/835 817/816/817 824/823/824
f 835/834/835 829/828/829 836/835/836
f 836/835/836 829/828/829 831/830/831
f 834/833/834 837/836/837 831/830/831
f 831/830/831 837/836/837 836/835/836
f 834/833/834 833/832/833 838/837/838
f 837/836/837 834/833/834 838/837/838
f 839/838/839 838/837/838 833/832/833
f 840/839/840 838/837/838 839/838/839
f 838/837/838 840/839/840 837/836/837
f 837/836/837 841/840/841 836/835/836
f 837/836/837 840/839/840 841/840/841
f 836/835/836 841/840/841 842/841/842
f 843/842/843 836/835/836 842/841/842
f 844/843/844 836/835/836 843/842/843
f 835/834/835 836/835/836 844/843/844
f 843/842/843 845/844/845 844/843/844
f 816/815/816 817/816/817 846/845/846
f 846/845/846 784/784/784 816/815/816
f 847/846/847 835/834/835 844/843/844
f 817/816/817 835/834/835 847/846/847
f 846/845/846 817/816/817 847/846/847
f 848/847/848 849/848/849 850/849/850
f 850/849/850 849/848/849 851/850/851
f 673/673/673 852/851/852 667/667/667
f 853/852/853 852/851/852 673/673/673
f 854/853/854 852/851/852 853/852/853
f 855/854/855 673/673/673 669/669/669
f 855/854/855 853/852/853 673/673/673
f 848/847/848 855/854/855 669/669/669
f 856/855/856 848/847/848 669/669/669
f 848/847/848 856/855/856 849/848/849
f 849/848/849 856/855/856 857/856/857
f 854/853/854 853/852/853 858/857/858
f 858/857/858 853/852/853 859/858/859
f 858/857/858 859/858/859 860/859/860
f 859/858/859 853/852/853 861/860/861
f 862/861/862 853/852/853 855/854/855
f 861/860/861 853/852/853 862/861/862
f 863/862/863 861/860/861 862/861/862
f 855/854/855 863/862/863 862/861/862
f 848/847/848 863/862/863 855/854/855
f 848/847/848 864/863/864 863/862/863
f 850/849/850 864/863/864 848/847/848
f 865/864/865 864/863/864 850/849/850
f 866/865/866 864/863/864 865/864/865
f 864/863/864 866/865/866 867/866/867
f 863/862/863 864/863/864 867/866/867
f 868/867/868 863/862/863 867/866/867
f 869/868/869 863/862/863 868/867/868
f 869/868/869 861/860/861 863/862/863
f 867/866/867 866/865/866 870/869/870
f 871/870/871 866/865/866 865/864/865
f 870/869/870 866/865/866 871/870/871
f 870/869/870 872/871/872 867/866/867
f 871/870/871 872/871/872 870/869/870
f 867/866/867 872/871/872 868/867/868
f 868/867/868 872/871/872 873/872/873
f 869/868/869 868/867/868 873/872/873
f 873/872/873 874/873/874 869/868/869
f 869/868/869 874/873/874 875/874/875
f 875/874/875 861/860/861 869/868/869
f 876/875/876 859/858/859 861/860/861
f 876/875/876 861/860/861 875/874/875
f 873/872/873 872/871/872 877/876/877
f 877/876/877 872/871/872 871/870/871
f 877/876/877 878/877/878 873/872/873
f 879/878/879 878/877/878 877/876/877
f 871/870/871 879/878/879 877/876/877
f 880/879/880 879/878/879 871/870/871
f 881/880/881 878/877/878 879/878/879
f 880/879/880 881/880/881 879/878/879
f 882/881/882 881/880/881 880/879/880
f 882/881/882 883/882/883 881/880/881
f 884/883/884 883/882/883 882/881/882
f 884/883/884 885/884/885 883/882/883
f 883/882/883 886/885/886 881/880/881
f 886/885/886 878/877/878 881/880/881
f 885/884/885 887/886/887 883/882/883
f 887/886/887 886/885/886 883/882/883
f 888/887/888 887/886/887 885/884/885
f 888/887/888 885/884/885 889/888/889
f 889/888/889 885/884/885 890/889/890
f 890/889/890 885/884/885 884/883/884
f 890/889/890 891/890/891 889/888/889
f 890/889/890 884/883/884 892/891/892
f 892/891/892 891/890/891 890/889/890
f 892/891/892 884/883/884 893/892/893
f 884/883/884 882/881/882 893/892/893
f 893/892/893 882/881/882 894/893/894
f 880/879/880 894/893/894 882/881/882
f 865/864/865 895/894/895 871/870/871
f 895/894/895 894/893/894 880/879/880
f 871/870/871 895/894/895 880/879/880
f 892/891/892 896/895/896 891/890/891
f 893/892/893 896/895/896 892/891/892
f 896/895/896 893/892/893 897/896/897
f 897/896/897 893/892/893 894/893/894
f 851/850/851 898/897/898 850/849/850
f 898/897/898 851/850/851 897/896/897
f 894/893/894 898/897/898 897/896/897
f 895/894/895 898/897/898 894/893/894
f 895/894/895 865/864/865 898/897/898
f 898/897/898 865/864/865 850/849/850
f 851/850/851 899/898/899 897/896/897
f 896/895/896 897/896/897 899/898/899
f 896/895/896 900/899/900 891/890/891
f 899/898/899 900/899/900 896/895/896
f 891/890/891 900/899/900 901/900/901
f 901/900/901 902/901/902 891/890/891
f 891/890/891 902/901/902 903/902/903
f 904/903/904 888/887/888 889/888/889
f 889/888/889 891/890/891 904/903/904
f 904/903/904 891/890/891 903/902/903
f 905/904/905 904/903/904 903/902/903
f 906/905/906 904/903/904 905/904/905
f 905/904/905 907/906/907 906/905/906
f 906/905/906 907/906/907 908/907/908
f 908/907/908 904/903/904 906/905/906
f 908/907/908 907/906/907 909/908/909
f 908/907/908 909/908/909 910/909/910
f 910/909/910 909/908/909 911/910/911
f 909/908/909 912/911/912 911/910/911
f 907/906/907 912/911/912 909/908/909
f 911/910/911 912/911/912 913/912/913
f 905/904/905 903/902/903 914/913/914
f 914/913/914 907/906/907 905/904/905
f 915/914/915 907/906/907 914/913/914
f 916/915/916 907/906/907 915/914/915
f 916/915/916 912/911/912 907/906/907
f 913/912/913 912/911/912 917/916/917
f 917/916/917 912/911/912 916/915/916
f 916/915/916 918/917/918 917/916/917
f 919/918/919 918/917/918 916/915/916
f 916/915/916 915/914/915 919/918/919
f 919/918/919 915/914/915 920/919/920
f 914/913/914 903/902/903 921/920/921
f 920/919/920 915/914/915 921/920/921
f 921/920/921 915/914/915 914/913/914
f 922/921/922 923/922/923 924/923/924
f 925/924/925 923/922/923 922/921/922
f 926/925/926 925/924/925 922/921/922
f 926/925/926 927/926/927 928/927/928
f 928/927/928 925/924/925 926/925/926
f 928/927/928 929/928/929 925/924/925
f 929/928/929 930/929/930 925/924/925
f 925/924/925 930/929/930 923/922/923
f 923/922/923 931/930/931 924/923/924
f 931/930/931 923/922/923 930/929/930
f 924/923/924 931/930/931 932/931/932
f 933/932/933 932/931/932 931/930/931
f 934/933/934 932/931/932 933/932/933
f 933/932/933 935/934/935 934/933/934
f 933/932/933 936/935/936 935/934/935
f 931/930/931 936/935/936 933/932/933
f 930/929/930 936/935/936 931/930/931
f 937/936/937 938/937/938 934/933/934
f 939/938/939 940/939/940 936/935/936
f 936/935/936 940/939/940 935/934/935
f 941/940/941 935/934/935 940/939/940
f 934/933/934 935/934/935 942/941/942
f 942/941/942 935/934/935 941/940/941
f 934/933/934 943/942/943 937/936/937
f 942/941/942 943/942/943 934/933/934
f 944/943/944 938/937/938 937/936/937
f 944/943/944 937/936/937 943/942/943
f 944/943/944 945/944/945 938/937/938
f 942/941/942 946/945/946 943/942/943
f 943/942/943 946/945/946 947/946/947
f 948/947/948 947/946/947 946/945/946
f 949/948/949 943/942/943 947/946/947
f 944/943/944 943/942/943 949/948/949
f 949/948/949 945/944/945 944/943/944
f 950/949/950 949/948/949 947/946/947
f 950/949/950 945/944/945 949/948/949
f 951/950/951 947/946/947 948/947/948
f 947/946/947 951/950/951 950/949/950
f 948/947/948 952/951/952 951/950/951
f 953/952/953 952/951/952 948/947/948
f 953/952/953 954/953/954 952/951/952
f 955/954/955 954/953/954 953/952/953
f 956/955/956 954/953/954 955/954/955
f 956/955/956 957/956/957 954/953/954
f 953/952/953 958/957/958 955/954/955
f 959/958/959 945/944/945 950/949/950
f 950/949/950 951/950/951 960/959/960
f 951/950/951 952/951/952 960/959/960
f 960/959/960 959/958/959 950/949/950
f 960/959/960 952/951/952 961/960/961
f 952/951/952 954/953/954 961/960/961
f 954/953/954 962/961/962 961/960/961
f 961/960/961 962/961/962 960/959/960
f 962/961/962 959/958/959 960/959/960
f 963/962/963 964/963/964 965/964/965
f 966/965/966 964/963/964 963/962/963
f 966/965/966 963/962/963 967/966/967
f 967/966/967 968/967/968 958/957/958
f 967/966/967 963/962/963 968/967/968
f 958/957/958 968/967/968 969/968/969
f 955/954/955 958/957/958 969/968/969
f 955/954/955 970/969/970 956/955/956
f 970/969/970 957/956/957 956/955/956
f 969/968/969 970/969/970 955/954/955
f 969/968/969 971/970/971 970/969/970
f 970/969/970 971/970/971 957/956/957
f 971/970/971 969/968/969 972/971/972
f 972/971/972 969/968/969 968/967/968
f 968/967/968 973/972/973 972/971/972
f 973/972/973 963/962/963 965/964/965
f 968/967/968 963/962/963 973/972/973
f 972/971/972 974/973/974 971/970/971
f 957/956/957 971/970/971 974/973/974
f 975/974/975 974/973/974 972/971/972
f 973/972/973 975/974/975 972/971/972
f 965/964/965 976/975/976 973/972/973
f 964/963/964 976/975/976 965/964/965
f 976/975/976 975/974/975 973/972/973
f 977/976/977 978/977/978 979/978/979
f 977/976/977 979/978/979 980/979/980
f 980/979/980 979/978/979 981/980/981
f 980/979/980 981/980/981 982/981/982
f 981/980/981 983/982/983 982/981/982
f 979/978/979 983/982/983 981/980/981
f 982/981/982 983/982/983 984/983/984
f 982/981/982 984/983/984 985/984/985
f 985/984/985 984/983/984 964/963/964
f 986/985/986 982/981/982 985/984/985
f 985/984/985 964/963/964 986/985/986
f 986/985/986 964/963/964 966/965/966
f 980/979/980 982/981/982 986/985/986
f 987/986/987 983/982/983 979/978/979
f 978/977/978 988/987/988 979/978/979
f 979/978/979 988/987/988 987/986/987
f 989/988/989 988/987/988 978/977/978
f 990/989/990 988/987/988 989/988/989
f 991/990/991 992/991/992 993/992/993
f 993/992/993 994/993/994 991/990/991
f 995/994/995 994/993/994 993/992/993
f 995/994/995 990/989/990 996/995/996
f 996/995/996 994/993/994 995/994/995
f 990/989/990 989/988/989 997/996/997
f 997/996/997 996/995/996 990/989/990
f 977/976/977 998/997/998 978/977/978
f 997/996/997 989/988/989 998/997/998
f 978/977/978 998/997/998 989/988/989
f 999/998/999 994/993/994 996/995/996
f 999/998/999 997/996/997 994/993/994
f 999/998/999 996/995/996 997/996/997
f 994/993/994 997/996/997 1000/999/1000
f 994/993/994 1000/999/1000 991/990/991
f 1001/1000/1001 992/991/992 991/990/991
f 991/990/991 1000/999/1000 1001/1000/1001
f 1002/1001/1002 977/976/977 980/979/980
f 1002/1001/1002 986/985/986 966/965/966
f 980/979/980 986/985/986 1002/1001/1002
f 1003/1002/1003 977/976/977 1002/1001/1002
f 997/996/997 998/997/998 1003/1002/1003
f 1003/1002/1003 998/997/998 977/976/977
f 1004/1003/1004 1005/1004/1005 1006/1005/1006
f 1006/1005/1006 1007/1006/1007 1004/1003/1004
f 1007/1006/1007 1008/1007/1008 1004/1003/1004
f 1007/1006/1007 1009/1008/1009 1008/1007/1008
f 1009/1008/1009 1010/1009/1010 1008/1007/1008
f 1001/1000/1001 1011/1010/1011 992/991/992
f 1009/1008/1009 1011/1010/1011 1010/1009/1010
f 1011/1010/1011 1012/1011/1012 1010/1009/1010
f 1001/1000/1001 1012/1011/1012 1011/1010/1011
f 1013/1012/1013 1007/1006/1007 1006/1005/1006
f 1013/1012/1013 1006/1005/1006 1014/1013/1014
f 1007/1006/1007 1013/1012/1013 1015/1014/1015
f 1015/1014/1015 1009/1008/1009 1007/1006/1007
f 1016/1015/1016 1011/1010/1011 1009/1008/1009
f 992/991/992 1011/1010/1011 1016/1015/1016
f 1009/1008/1009 1015/1014/1015 1016/1015/1016
f 1016/1015/1016 1015/1014/1015 1017/1016/1017
f 1017/1016/1017 992/991/992 1016/1015/1016
f 1018/1017/1018 992/991/992 1017/1016/1017
f 1018/1017/1018 1017/1016/1017 1019/1018/1019
f 1019/1018/1019 1017/1016/1017 1015/1014/1015
f 1019/1018/1019 1015/1014/1015 1020/1019/1020
f 1020/1019/1020 1015/1014/1015 1013/1012/1013
f 1014/1013/1014 1021/1020/1021 1013/1012/1013
f 1013/1012/1013 1021/1020/1021 1020/1019/1020
f 1021/1020/1021 1014/1013/1014 1022/1021/1022
f 1023/1022/1023 1018/1017/1018 1019/1018/1019
f 1019/1018/1019 1024/1023/1024 1023/1022/1023
f 1020/1019/1020 1024/1023/1024 1019/1018/1019
f 1020/1019/1020 1021/1020/1021 1025/1024/1025
f 1020/1019/1020 1025/1024/1025 1024/1023/1024
f 1022/1021/1022 1026/1025/1026 1021/1020/1021
f 1025/1024/1025 1021/1020/1021 1026/1025/1026
f 1026/1025/1026 1022/1021/1022 1027/1026/1027
f 1027/1026/1027 1022/1021/1022 1028/1027/1028
f 1028/1027/1028 1029/1028/1029 1027/1026/1027
f 1030/1029/1030 1029/1028/1029 1028/1027/1028
f 1028/1027/1028 1022/1021/1022 1031/1030/1031
f 1031/1030/1031 1022/1021/1022 1032/1031/1032
f 1022/1021/1022 1014/1013/1014 1032/1031/1032
f 1014/1013/1014 1006/1005/1006 1033/1032/1033
f 1033/1032/1033 1032/1031/1032 1014/1013/1014
f 1034/1033/1034 1033/1032/1033 1006/1005/1006
f 1006/1005/1006 1005/1004/1005 1034/1033/1034
f 1005/1004/1005 1035/1034/1035 1034/1033/1034
f 1005/1004/1005 1036/1035/1036 1035/1034/1035
f 1036/1035/1036 1037/1036/1037 1035/1034/1035
f 1038/1037/1038 1039/1038/1039 1040/1039/1040
f 1038/1037/1038 1041/1040/1041 1039/1038/1039
f 1034/1033/1034 1035/1034/1035 1042/1041/1042
f 1042/1041/1042 1039/1038/1039 1041/1040/1041
f 1043/1042/1043 1042/1041/1042 1035/1034/1035
f 1039/1038/1039 1042/1041/1042 1043/1042/1043
f 1035/1034/1035 1037/1036/1037 1043/1042/1043
f 1041/1040/1041 1044/1043/1044 1042/1041/1042
f 1042/1041/1042 1044/1043/1044 1034/1033/1034
f 1044/1043/1044 1033/1032/1033 1034/1033/1034
f 1045/1044/1045 1031/1030/1031 1032/1031/1032
f 1045/1044/1045 1032/1031/1032 1033/1032/1033
f 1044/1043/1044 1045/1044/1045 1033/1032/1033
f 1030/1029/1030 1028/1027/1028 1046/1045/1046
f 1031/1030/1031 1047/1044/1047 1046/1045/1046
f 1046/1045/1046 1028/1027/1028 1031/1030/1031
f 1044/1043/1044 1041/1040/1041 1048/1046/1048
f 1044/1043/1044 1048/1046/1048 1049/1047/1049
f 1047/1044/1047 1044/1043/1044 1049/1047/1049
f 1050/1048/1050 1047/1044/1047 1049/1047/1049
f 1046/1045/1046 1047/1044/1047 1050/1048/1050
f 1050/1048/1050 1051/1049/1051 1046/1045/1046
f 1046/1045/1046 1051/1049/1051 1030/1029/1030
f 1051/1049/1051 1050/1048/1050 1052/1050/1052
f 1050/1048/1050 1049/1047/1049 1053/1051/1053
f 1052/1050/1052 1050/1048/1050 1053/1051/1053
f 1053/1051/1053 1054/1052/1054 1052/1050/1052
f 1049/1047/1049 1048/1046/1048 1055/1053/1055
f 1053/1051/1053 1049/1047/1049 1055/1053/1055
f 1055/1053/1055 1054/1052/1054 1053/1051/1053
f 1054/1052/1054 1055/1053/1055 1056/1054/1056
f 1057/1055/1057 1054/1052/1054 1056/1054/1056
f 1058/1056/1058 1054/1052/1054 1057/1055/1057
f 1052/1050/1052 1054/1052/1054 1058/1056/1058
f 1059/1057/1059 1052/1050/1052 1058/1056/1058
f 1060/1058/1060 1051/1049/1051 1052/1050/1052
f 1060/1058/1060 1030/1029/1030 1051/1049/1051
f 1060/1058/1060 1052/1050/1052 1059/1057/1059
f 1061/1059/1061 1038/1037/1038 1040/1039/1040
f 1062/1060/1062 1061/1059/1061 1063/1061/1063
f 1063/1061/1063 1061/1059/1061 1064/1062/1064
f 1040/1039/1040 1064/1062/1064 1061/1059/1061
f 1063/1061/1063 1064/1062/1064 1065/1063/1065
f 1063/1061/1063 1065/1063/1065 1062/1060/1062
f 1066/1064/1066 1062/1060/1062 1065/1063/1065
f 1067/1065/1067 1062/1060/1062 1066/1064/1066
f 1068/1066/1068 1057/1055/1057 1056/1054/1056
f 1067/1065/1067 1068/1066/1068 1062/1060/1062
f 1069/1067/1069 1057/1055/1057 1068/1066/1068
f 1069/1067/1069 1068/1066/1068 1067/1065/1067
f 1070/1068/1070 1068/1066/1068 1056/1054/1056
f 1056/1054/1056 1055/1053/1055 1070/1068/1070
f 1055/1053/1055 1048/1046/1048 1070/1068/1070
f 1071/1069/1071 1068/1066/1068 1070/1068/1070
f 1048/1046/1048 1041/1040/1041 1072/1070/1072
f 1070/1068/1070 1072/1070/1072 1071/1069/1071
f 1048/1046/1048 1072/1070/1072 1070/1068/1070
f 1062/1060/1062 1068/1066/1068 1073/1071/1073
f 1073/1071/1073 1061/1059/1061 1062/1060/1062
f 1071/1069/1071 1072/1070/1072 1073/1071/1073
f 1073/1071/1073 1068/1066/1068 1071/1069/1071
f 1074/1072/1074 1041/1040/1041 1038/1037/1038
f 1074/1072/1074 1061/1059/1061 1073/1071/1073
f 1073/1071/1073 1072/1070/1072 1074/1072/1074
f 1072/1070/1072 1041/1040/1041 1074/1072/1074
f 1074/1072/1074 1038/1037/1038 1061/1059/1061
f 1043/1042/1043 1075/1073/1075 1039/1038/1039
f 1037/1036/1037 1075/1073/1075 1043/1042/1043
f 1039/1038/1039 1075/1073/1075 1076/1074/1076
f 1040/1039/1040 1039/1038/1039 1076/1074/1076
f 1077/1075/1077 1064/1062/1064 1040/1039/1040
f 1076/1074/1076 1077/1075/1077 1040/1039/1040
f 1065/1063/1065 1064/1062/1064 1078/1076/1078
f 1064/1062/1064 1077/1075/1077 1078/1076/1078
f 1079/1077/1079 1066/1064/1066 1065/1063/1065
f 1065/1063/1065 1078/1076/1078 1079/1077/1079
f 1076/1074/1076 1075/1073/1075 1080/1078/1080
f 1080/1078/1080 1075/1073/1075 1037/1036/1037
f 1081/1079/1081 1082/1080/1082 1083/1081/1083
f 1083/1081/1083 1082/1080/1082 1084/1082/1084
f 1084/1082/1084 1082/1080/1082 1085/1083/1085
f 1085/1083/1085 1086/1084/1086 1084/1082/1084
f 1079/1077/1079 1078/1076/1078 1087/1085/1087
f 1084/1082/1084 1086/1084/1086 1087/1085/1087
f 1087/1085/1087 1086/1084/1086 1079/1077/1079
f 1078/1076/1078 1077/1075/1077 1088/1086/1088
f 1078/1076/1078 1088/1086/1088 1087/1085/1087
f 1088/1086/1088 1077/1075/1077 1089/1087/1089
f 1089/1087/1089 1077/1075/1077 1076/1074/1076
f 1090/1088/1090 1091/1089/1091 1092/1090/1092
f 1089/1087/1089 1092/1090/1092 1088/1086/1088
f 1092/1090/1092 1089/1087/1089 1093/1091/1093
f 1080/1078/1080 1090/1088/1090 1093/1091/1093
f 1080/1078/1080 1093/1091/1093 1076/1074/1076
f 1076/1074/1076 1093/1091/1093 1089/1087/1089
f 1093/1091/1093 1090/1088/1090 1092/1090/1092
f 1092/1090/1092 1094/1092/1094 1088/1086/1088
f 1091/1089/1091 1094/1092/1094 1092/1090/1092
f 1094/1092/1094 1084/1082/1084 1087/1085/1087
f 1087/1085/1087 1088/1086/1088 1094/1092/1094
f 1083/1081/1083 1084/1082/1084 1094/1092/1094
f 1091/1089/1091 1083/1081/1083 1094/1092/1094
f 1095/1093/1095 1083/1081/1083 1091/1089/1091
f 1095/1093/1095 1096/1079/1096 1083/1081/1083
f 1097/1094/1097 1096/1079/1096 1095/1093/1095
f 1098/1095/1098 1090/1088/1090 1080/1078/1080
f 1098/1095/1098 1099/1096/1099 1090/1088/1090
f 1099/1096/1099 1091/1089/1091 1090/1088/1090
f 1099/1096/1099 1100/1097/1100 1091/1089/1091
f 1100/1097/1100 1095/1093/1095 1091/1089/1091
f 1095/1093/1095 1101/1098/1101 1097/1094/1097
f 1101/1098/1101 1095/1093/1095 1100/1097/1100
f 1102/1099/1102 1103/1100/1103 1104/1101/1104
f 1104/1101/1104 1105/1102/1105 1102/1099/1102
f 1102/1099/1102 1105/1102/1105 1106/1103/1106
f 1107/1104/1107 1106/1103/1106 1105/1102/1105
f 1107/1104/1107 1101/1098/1101 1100/1097/1100
f 1108/1105/1108 1106/1103/1106 1107/1104/1107
f 1107/1104/1107 1100/1097/1100 1108/1105/1108
f 1109/1106/1109 1100/1097/1100 1099/1096/1099
f 1108/1105/1108 1100/1097/1100 1109/1106/1109
f 1110/1107/1110 1109/1106/1109 1099/1096/1099
f 1110/1107/1110 1099/1096/1099 1098/1095/1098
f 1103/1100/1103 1111/1108/1111 1104/1101/1104
f 1104/1101/1104 1112/1109/1112 1105/1102/1105
f 1111/1108/1111 1112/1109/1112 1104/1101/1104
f 1107/1104/1107 1105/1102/1105 1113/1110/1113
f 1113/1110/1113 1105/1102/1105 1112/1109/1112
f 1113/1110/1113 1101/1098/1101 1107/1104/1107
f 1113/1110/1113 1112/1109/1112 1114/1111/1114
f 1114/1111/1114 1112/1109/1112 1115/1112/1115
f 1112/1109/1112 1111/1108/1111 1115/1112/1115
f 1114/1111/1114 1115/1112/1115 1116/1113/1116
f 1116/1113/1116 1115/1112/1115 1117/1114/1117
f 1117/1114/1117 1118/1115/1118 1116/1113/1116
f 1119/1116/1119 1118/1115/1118 1117/1114/1117
f 1117/1114/1117 1115/1112/1115 1119/1116/1119
f 1115/1112/1115 1111/1108/1111 1120/1117/1120
f 1119/1116/1119 1115/1112/1115 1120/1117/1120
f 1118/1115/1118 1121/1118/1121 1116/1113/1116
f 1116/1113/1116 1121/1118/1121 1122/1119/1122
f 1121/1118/1121 1118/1115/1118 1123/1120/1123
f 1123/1120/1123 1118/1115/1118 1124/1121/1124
f 1124/1121/1124 1118/1115/1118 1119/1116/1119
f 1119/1116/1119 1125/1122/1125 1124/1121/1124
f 1126/1123/1126 1125/1122/1125 1119/1116/1119
f 1120/1117/1120 1126/1123/1126 1119/1116/1119
f 1127/1124/1127 1126/1123/1126 1120/1117/1120
f 1128/1125/1128 1111/1108/1111 1103/1100/1103
f 1128/1125/1128 1120/1117/1120 1111/1108/1111
f 1127/1124/1127 1120/1117/1120 1128/1125/1128
f 1103/1100/1103 1129/1126/1129 1128/1125/1128
f 939/938/939 1129/1126/1129 1103/1100/1103
f 1126/1123/1126 1130/1127/1130 1125/1122/1125
f 1131/1128/1131 1130/1127/1130 1126/1123/1126
f 1126/1123/1126 1127/1124/1127 1131/1128/1131
f 1127/1124/1127 1128/1125/1128 1132/1129/1132
f 1131/1128/1131 1127/1124/1127 1132/1129/1132
f 1132/1129/1132 1128/1125/1128 1133/1126/1133
f 1133/1126/1133 1134/928/1134 1132/1129/1132
f 936/935/936 1135/929/1135 939/938/939
f 1135/929/1135 1134/928/1134 1133/1126/1133
f 939/938/939 1135/929/1135 1133/1126/1133
f 1134/928/1134 1136/1130/1136 1132/1129/1132
f 1131/1128/1131 1136/1130/1136 1130/1127/1130
f 1136/1130/1136 929/928/929 928/927/928
f 1132/1129/1132 1136/1130/1136 1131/1128/1131
f 1137/1131/1137 928/927/928 927/926/927
f 1130/1127/1130 1136/1130/1136 1137/1131/1137
f 1136/1130/1136 928/927/928 1137/1131/1137
f 1137/1131/1137 1138/1132/1138 1130/1127/1130
f 1138/1132/1138 1139/1133/1139 1130/1127/1130
f 1125/1122/1125 1139/1133/1139 1124/1121/1124
f 1130/1127/1130 1139/1133/1139 1125/1122/1125
f 1138/1132/1138 1140/1134/1140 1139/1133/1139
f 1139/1133/1139 1140/1134/1140 1141/1135/1141
f 1124/1121/1124 1139/1133/1139 1141/1135/1141
f 1138/1132/1138 1142/1136/1142 1140/1134/1140
f 1142/1136/1142 1138/1132/1138 1137/1131/1137
f 927/926/927 1142/1136/1142 1137/1131/1137
f 1143/1137/1143 1141/1135/1141 1144/1138/1144
f 1141/1135/1141 1140/1134/1140 1145/1139/1145
f 1145/1139/1145 1144/1138/1144 1141/1135/1141
f 1140/1134/1140 1146/1140/1146 1145/1139/1145
f 1147/1141/1147 1146/1140/1146 1140/1134/1140
f 1140/1134/1140 1142/1136/1142 1147/1141/1147
f 1148/1142/1148 1142/1136/1142 927/926/927
f 1142/1136/1142 1148/1142/1148 1147/1141/1147
f 1149/1143/1149 927/926/927 926/925/926
f 1149/1143/1149 1148/1142/1148 927/926/927
f 1150/1144/1150 1148/1142/1148 1149/1143/1149
f 1147/1141/1147 1148/1142/1148 1150/1144/1150
f 1147/1141/1147 1151/1145/1151 1146/1140/1146
f 1150/1144/1150 1151/1145/1151 1147/1141/1147
f 1152/1146/1152 1153/1147/1153 1154/1148/1154
f 1155/1149/1155 1156/1150/1156 1157/1151/1157
f 1157/1151/1157 1158/1152/1158 1155/1149/1155
f 1157/1151/1157 1159/1153/1159 1158/1152/1158
f 1159/1153/1159 1153/1147/1153 1160/1154/1160
f 1159/1153/1159 1160/1154/1160 1158/1152/1158
f 1161/1155/1161 1153/1147/1153 1159/1153/1159
f 1154/1148/1154 1153/1147/1153 1161/1155/1161
f 1154/1148/1154 1161/1155/1161 1162/1156/1162
f 1163/1157/1163 1154/1148/1154 1162/1156/1162
f 1162/1156/1162 1164/1158/1164 1163/1157/1163
f 1158/1152/1158 1160/1154/1160 1165/1159/1165
f 1158/1152/1158 1165/1159/1165 1166/1160/1166
f 1166/1160/1166 1167/1161/1167 1158/1152/1158
f 1155/1149/1155 1158/1152/1158 1167/1161/1167
f 1166/1160/1166 1165/1159/1165 1168/1162/1168
f 1169/1163/1169 1164/1158/1164 1162/1156/1162
f 1170/1164/1170 1164/1158/1164 1169/1163/1169
f 1171/1165/1171 1164/1158/1164 1170/1164/1170
f 1171/1165/1171 1170/1164/1170 1172/1166/1172
f 1172/1166/1172 1173/1167/1173 1171/1165/1171
f 1173/1167/1173 1172/1166/1172 1174/1168/1174
f 1170/1164/1170 1169/1163/1169 1175/1169/1175
f 1172/1166/1172 1170/1164/1170 1176/1170/1176
f 1175/1169/1175 1176/1170/1176 1170/1164/1170
f 1172/1166/1172 1176/1170/1176 1177/1171/1177
f 1174/1168/1174 1172/1166/1172 1177/1171/1177
f 1174/1168/1174 1177/1171/1177 1178/1172/1178
f 1178/1172/1178 1177/1171/1177 1179/1173/1179
f 1178/1172/1178 1179/1173/1179 1180/1174/1180
f 1180/1174/1180 1179/1173/1179 1181/1175/1181
f 1180/1174/1180 1181/1175/1181 1182/1176/1182
f 1183/1177/1183 1176/1170/1176 1175/1169/1175
f 1177/1171/1177 1176/1170/1176 1184/1178/1184
f 1177/1171/1177 1184/1178/1184 1179/1173/1179
f 1176/1170/1176 1183/1177/1183 1184/1178/1184
f 1185/1179/1185 1181/1175/1181 1179/1173/1179
f 1179/1173/1179 1184/1178/1184 1185/1179/1185
f 1184/1178/1184 1183/1177/1183 1186/1180/1186
f 1184/1178/1184 1186/1180/1186 1185/1179/1185
f 1186/1180/1186 1187/1181/1187 1185/1179/1185
f 1188/1182/1188 1187/1181/1187 1186/1180/1186
f 1186/1180/1186 1189/1183/1189 1188/1182/1188
f 1183/1177/1183 1189/1183/1189 1186/1180/1186
f 1189/1183/1189 1183/1177/1183 1190/1184/1190
f 1190/1184/1190 1183/1177/1183 1175/1169/1175
f 1175/1169/1175 1169/1163/1169 1191/1185/1191
f 1175/1169/1175 1191/1185/1191 1190/1184/1190
f 1162/1156/1162 1191/1185/1191 1169/1163/1169
f 1190/1184/1190 1191/1185/1191 1192/1186/1192
f 1162/1156/1162 1161/1155/1161 1193/1187/1193
f 1192/1186/1192 1191/1185/1191 1193/1187/1193
f 1193/1187/1193 1191/1185/1191 1162/1156/1162
f 1161/1155/1161 1159/1153/1159 1193/1187/1193
f 1194/1188/1194 1189/1183/1189 1190/1184/1190
f 1156/1150/1156 1195/1189/1195 1157/1151/1157
f 1195/1189/1195 1190/1184/1190 1192/1186/1192
f 1195/1189/1195 1156/1150/1156 1194/1188/1194
f 1194/1188/1194 1190/1184/1190 1195/1189/1195
f 1196/1190/1196 1159/1153/1159 1157/1151/1157
f 1193/1187/1193 1196/1190/1196 1192/1186/1192
f 1192/1186/1192 1196/1190/1196 1195/1189/1195
f 1157/1151/1157 1195/1189/1195 1196/1190/1196
f 1193/1187/1193 1159/1153/1159 1196/1190/1196
f 1188/1182/1188 1197/1191/1197 1187/1181/1187
f 1198/1192/1198 1199/1193/1199 1197/1191/1197
f 1200/1194/1200 1197/1191/1197 1188/1182/1188
f 1200/1194/1200 1198/1192/1198 1197/1191/1197
f 1201/1195/1201 1198/1192/1198 1200/1194/1200
f 1202/1196/1202 1189/1183/1189 1194/1188/1194
f 1188/1182/1188 1202/1196/1202 1200/1194/1200
f 1189/1183/1189 1202/1196/1202 1188/1182/1188
f 1200/1194/1200 1202/1196/1202 1201/1195/1201
f 1202/1196/1202 1194/1188/1194 1203/1197/1203
f 1201/1195/1201 1202/1196/1202 1203/1197/1203
f 1203/1197/1203 1194/1188/1194 1204/1198/1204
f 1194/1188/1194 1156/1150/1156 1204/1198/1204
f 1205/1199/1205 1156/1150/1156 1155/1149/1155
f 1204/1198/1204 1156/1150/1156 1205/1199/1205
f 1205/1199/1205 1206/1200/1206 1204/1198/1204
f 1207/1201/1207 1203/1197/1203 1204/1198/1204
f 1204/1198/1204 1206/1200/1206 1207/1201/1207
f 1201/1195/1201 1208/1202/1208 1198/1192/1198
f 1208/1202/1208 1203/1197/1203 1207/1201/1207
f 1201/1195/1201 1203/1197/1203 1208/1202/1208
f 1198/1192/1198 1208/1202/1208 1209/1203/1209
f 1210/1204/1210 1198/1192/1198 1209/1203/1209
f 1199/1193/1199 1198/1192/1198 1210/1204/1210
f 1210/1204/1210 1211/1205/1211 1199/1193/1199
f 1199/1193/1199 1211/1205/1211 1212/1206/1212
f 1211/1205/1211 1213/1207/1213 1212/1206/1212
f 1213/1207/1213 1214/1208/1214 1212/1206/1212
f 1214/1208/1214 1213/1207/1213 1215/1209/1215
f 1216/1210/1216 1214/1208/1214 1215/1209/1215
f 1215/1209/1215 1217/1211/1217 1216/1210/1216
f 1218/1212/1218 1217/1211/1217 1215/1209/1215
f 1217/1211/1217 1218/1212/1218 1219/1213/1219
f 1218/1212/1218 1220/1214/1220 1219/1213/1219
f 1219/1213/1219 1220/1214/1220 1221/1215/1221
f 1222/1216/1222 1217/1211/1217 1219/1213/1219
f 1217/1211/1217 1222/1216/1222 1216/1210/1216
f 1215/1209/1215 1213/1207/1213 1223/1217/1223
f 1215/1209/1215 1223/1217/1223 1218/1212/1218
f 1224/1218/1224 1222/1216/1222 1219/1213/1219
f 1222/1216/1222 1224/1218/1224 1225/1219/1225
f 1216/1210/1216 1222/1216/1222 1225/1219/1225
f 1225/1219/1225 1226/1220/1226 1216/1210/1216
f 1226/1220/1226 1214/1208/1214 1216/1210/1216
f 1212/1206/1212 1214/1208/1214 1227/1221/1227
f 1226/1220/1226 1227/1221/1227 1214/1208/1214
f 1197/1191/1197 1199/1193/1199 1228/1222/1228
f 1228/1222/1228 1212/1206/1212 1227/1221/1227
f 1197/1191/1197 1228/1222/1228 1187/1181/1187
f 1199/1193/1199 1212/1206/1212 1228/1222/1228
f 1227/1221/1227 1229/1223/1229 1228/1222/1228
f 1229/1223/1229 1227/1221/1227 1226/1220/1226
f 1230/1224/1230 1226/1220/1226 1225/1219/1225
f 1230/1224/1230 1229/1223/1229 1226/1220/1226
f 1231/1225/1231 1229/1223/1229 1230/1224/1230
f 1232/1226/1232 1181/1175/1181 1185/1179/1185
f 1232/1226/1232 1229/1223/1229 1231/1225/1231
f 1232/1226/1232 1231/1225/1231 1181/1175/1181
f 1228/1222/1228 1229/1223/1229 1233/1227/1233
f 1185/1179/1185 1233/1227/1233 1232/1226/1232
f 1187/1181/1187 1233/1227/1233 1185/1179/1185
f 1187/1181/1187 1228/1222/1228 1233/1227/1233
f 1233/1227/1233 1229/1223/1229 1232/1226/1232
f 1234/1228/1234 1224/1218/1224 1235/1229/1235
f 1224/1218/1224 1219/1213/1219 1235/1229/1235
f 1236/1230/1236 1224/1218/1224 1234/1228/1234
f 1225/1219/1225 1224/1218/1224 1236/1230/1236
f 1237/1231/1237 1225/1219/1225 1236/1230/1236
f 1230/1224/1230 1225/1219/1225 1237/1231/1237
f 1234/1228/1234 1237/1231/1237 1236/1230/1236
f 1237/1231/1237 1182/1176/1182 1238/1232/1238
f 1238/1232/1238 1230/1224/1230 1237/1231/1237
f 1231/1225/1231 1230/1224/1230 1238/1232/1238
f 1182/1176/1182 1181/1175/1181 1238/1232/1238
f 1181/1175/1181 1231/1225/1231 1238/1232/1238
f 1239/1233/1239 1182/1176/1182 1237/1231/1237
f 1239/1233/1239 1237/1231/1237 1234/1228/1234
f 1234/1228/1234 1235/1229/1235 1240/1234/1240
f 1240/1234/1240 1239/1233/1239 1234/1228/1234
f 1241/1235/1241 1239/1233/1239 1240/1234/1240
f 1239/1233/1239 1241/1235/1241 1182/1176/1182
f 1178/1172/1178 1180/1174/1180 1242/1236/1242
f 1180/1174/1180 1182/1176/1182 1243/1237/1243
f 1242/1236/1242 1180/1174/1180 1243/1237/1243
f 1182/1176/1182 1241/1235/1241 1244/1238/1244
f 1243/1237/1243 1182/1176/1182 1244/1238/1244
f 1241/1235/1241 1245/1239/1245 1244/1238/1244
f 1240/1234/1240 1246/1240/1246 1241/1235/1241
f 1241/1235/1241 1246/1240/1246 1245/1239/1245
f 1240/1234/1240 1247/1241/1247 1246/1240/1246
f 1240/1234/1240 1235/1229/1235 1247/1241/1247
f 1242/1236/1242 1243/1237/1243 1248/1242/1248
f 1248/1242/1248 1249/1243/1249 1242/1236/1242
f 1242/1236/1242 1250/1244/1250 1178/1172/1178
f 1242/1236/1242 1249/1243/1249 1250/1244/1250
f 1178/1172/1178 1250/1244/1250 1174/1168/1174
f 1248/1242/1248 1251/1245/1251 1249/1243/1249
f 1252/1246/1252 1251/1245/1251 1248/1242/1248
f 1253/1247/1253 1252/1246/1252 1248/1242/1248
f 1248/1242/1248 1243/1237/1243 1253/1247/1253
f 1244/1238/1244 1245/1239/1245 1254/1248/1254
f 1243/1237/1243 1254/1248/1254 1253/1247/1253
f 1244/1238/1244 1254/1248/1254 1243/1237/1243
f 1251/1245/1251 1252/1246/1252 1255/1249/1255
f 1256/1250/1256 1257/1251/1257 1258/1252/1258
f 1258/1252/1258 1259/1253/1259 1256/1250/1256
f 1256/1250/1256 1259/1253/1259 1260/1254/1260
f 1259/1253/1259 1255/1249/1255 1260/1254/1260
f 1260/1254/1260 1255/1249/1255 1261/1255/1261
f 1255/1249/1255 1252/1246/1252 1261/1255/1261
f 1252/1246/1252 1262/1256/1262 1261/1255/1261
f 1262/1256/1262 1252/1246/1252 1253/1247/1253
f 1263/1257/1263 1253/1247/1253 1254/1248/1254
f 1262/1256/1262 1253/1247/1253 1263/1257/1263
f 1260/1254/1260 1261/1255/1261 1264/1258/1264
f 1261/1255/1261 1262/1256/1262 1264/1258/1264
f 1265/1259/1265 1260/1254/1260 1264/1258/1264
f 1256/1250/1256 1260/1254/1260 1265/1259/1265
f 1256/1250/1256 1265/1259/1265 1266/1260/1266
f 1266/1260/1266 1257/1251/1257 1256/1250/1256
f 1264/1258/1264 1267/1261/1267 1265/1259/1265
f 1264/1258/1264 1262/1256/1262 1268/1262/1268
f 1263/1257/1263 1269/1263/1269 1268/1262/1268
f 1268/1262/1268 1267/1261/1267 1264/1258/1264
f 1269/1263/1269 1267/1261/1267 1268/1262/1268
f 1268/1262/1268 1262/1256/1262 1263/1257/1263
f 1235/1229/1235 1270/1264/1270 1247/1241/1247
f 1235/1229/1235 1219/1213/1219 1270/1264/1270
f 1219/1213/1219 1221/1215/1221 1270/1264/1270
f 1271/1265/1271 1247/1241/1247 1270/1264/1270
f 1270/1264/1270 1272/1266/1272 1271/1265/1271
f 1246/1240/1246 1247/1241/1247 1271/1265/1271
f 1271/1265/1271 1272/1266/1272 1273/1267/1273
f 1274/1268/1274 1271/1265/1271 1273/1267/1273
f 1274/1268/1274 1245/1239/1245 1246/1240/1246
f 1246/1240/1246 1271/1265/1271 1274/1268/1274
f 1275/1269/1275 1273/1267/1273 1272/1266/1272
f 1274/1268/1274 1273/1267/1273 1275/1269/1275
f 1276/1270/1276 1245/1239/1245 1274/1268/1274
f 1275/1269/1275 1276/1270/1276 1274/1268/1274
f 1269/1263/1269 1276/1270/1276 1275/1269/1275
f 1276/1270/1276 1269/1263/1269 1263/1257/1263
f 1245/1239/1245 1276/1270/1276 1254/1248/1254
f 1254/1248/1254 1276/1270/1276 1263/1257/1263
f 1266/1260/1266 1265/1259/1265 1277/1271/1277
f 1265/1259/1265 1278/1272/1278 1277/1271/1277
f 1267/1261/1267 1278/1272/1278 1265/1259/1265
f 1279/1273/1279 1267/1261/1267 1269/1263/1269
f 1279/1273/1279 1278/1272/1278 1267/1261/1267
f 1275/1269/1275 1272/1266/1272 1280/1274/1280
f 1279/1273/1279 1269/1263/1269 1280/1274/1280
f 1280/1274/1280 1269/1263/1269 1275/1269/1275
f 1280/1274/1280 1272/1266/1272 1281/1275/1281
f 1270/1264/1270 1282/1276/1282 1272/1266/1272
f 1282/1276/1282 1281/1275/1281 1272/1266/1272
f 1283/1277/1283 1278/1272/1278 1279/1273/1279
f 1280/1274/1280 1284/1278/1284 1279/1273/1279
f 1281/1275/1281 1284/1278/1284 1280/1274/1280
f 1279/1273/1279 1284/1278/1284 1283/1277/1283
f 1282/1276/1282 1285/1279/1285 1281/1275/1281
f 1281/1275/1281 1285/1279/1285 1286/1280/1286
f 1287/1281/1287 1288/1282/1288 1289/1283/1289
f 1290/1284/1290 1288/1282/1288 1287/1281/1287
f 1285/1279/1285 1291/1285/1291 1286/1280/1286
f 1290/1284/1290 1291/1285/1291 1285/1279/1285
f 1287/1281/1287 1291/1285/1291 1290/1284/1290
f 1286/1280/1286 1291/1285/1291 1292/1286/1292
f 1286/1280/1286 1292/1286/1292 1293/1287/1293
f 1294/1288/1294 1290/1284/1290 1285/1279/1285
f 1294/1288/1294 1285/1279/1285 1282/1276/1282
f 1295/1289/1295 1290/1284/1290 1294/1288/1294
f 1290/1284/1290 1295/1289/1295 1288/1282/1288
f 1288/1282/1288 1296/1290/1296 1289/1283/1289
f 1294/1288/1294 1296/1290/1296 1295/1289/1295
f 1295/1289/1295 1296/1290/1296 1288/1282/1288
f 1289/1283/1289 1296/1290/1296 1297/1291/1297
f 1220/1214/1220 1298/1292/1298 1221/1215/1221
f 1221/1215/1221 1298/1292/1298 1299/1293/1299
f 1298/1292/1298 1300/1294/1300 1299/1293/1299
f 1301/1295/1301 1300/1294/1300 1296/1290/1296
f 1301/1295/1301 1296/1290/1296 1294/1288/1294
f 1299/1293/1299 1300/1294/1300 1301/1295/1301
f 1294/1288/1294 1302/1296/1302 1301/1295/1301
f 1282/1276/1282 1302/1296/1302 1294/1288/1294
f 1302/1296/1302 1282/1276/1282 1270/1264/1270
f 1301/1295/1301 1302/1296/1302 1299/1293/1299
f 1299/1293/1299 1302/1296/1302 1221/1215/1221
f 1270/1264/1270 1221/1215/1221 1302/1296/1302
f 1303/1297/1303 1304/1298/1304 1305/1299/1305
f 1306/1300/1306 1307/1301/1307 1308/1302/1308
f 1308/1302/1308 1307/1301/1307 1309/1303/1309
f 1308/1302/1308 1309/1303/1309 1310/1304/1310
f 1310/1304/1310 1309/1303/1309 1311/1305/1311
f 1310/1304/1310 1311/1305/1311 1312/1306/1312
f 1305/1299/1305 1313/1307/1313 1311/1305/1311
f 1312/1306/1312 1311/1305/1311 1313/1307/1313
f 1309/1303/1309 1314/1308/1314 1311/1305/1311
f 1305/1299/1305 1314/1308/1314 1303/1297/1303
f 1311/1305/1311 1314/1308/1314 1305/1299/1305
f 1314/1308/1314 1315/1309/1315 1303/1297/1303
f 1309/1303/1309 1315/1309/1315 1314/1308/1314
f 1316/1310/1316 1317/1311/1317 1318/1312/1318
f 1307/1301/1307 1306/1300/1306 1319/1313/1319
f 1317/1311/1317 1319/1313/1319 1318/1312/1318
f 1320/1314/1320 1319/1313/1319 1317/1311/1317
f 1321/1315/1321 1307/1301/1307 1319/1313/1319
f 1319/1313/1319 1320/1314/1320 1321/1315/1321
f 1322/1316/1322 1309/1303/1309 1307/1301/1307
f 1315/1309/1315 1309/1303/1309 1322/1316/1322
f 1307/1301/1307 1321/1315/1321 1322/1316/1322
f 1323/1317/1323 1317/1311/1317 1324/1318/1324
f 1324/1318/1324 1317/1311/1317 1316/1310/1316
f 1325/1319/1325 1326/1320/1326 1324/1318/1324
f 1324/1318/1324 1326/1320/1326 1323/1317/1323
f 1327/1321/1327 1317/1311/1317 1323/1317/1323
f 1323/1317/1323 1326/1320/1326 1327/1321/1327
f 1320/1314/1320 1317/1311/1317 1327/1321/1327
f 1327/1321/1327 1326/1320/1326 1328/1322/1328
f 1326/1320/1326 1325/1319/1325 1329/1323/1329
f 1326/1320/1326 1329/1323/1329 1328/1322/1328
f 1329/1323/1329 1325/1319/1325 1330/1324/1330
f 1325/1319/1325 1331/1325/1331 1330/1324/1330
f 1330/1324/1330 1331/1325/1331 1332/1326/1332
f 1332/1326/1332 1331/1325/1331 1333/1327/1333
f 1334/1328/1334 626/626/626 625/625/625
f 628/628/628 1334/1328/1334 1333/1327/1333
f 1334/1328/1334 1332/1326/1332 1333/1327/1333
f 628/628/628 626/626/626 1334/1328/1334
f 1335/1329/1335 1336/1330/1336 1337/1331/1337
f 1337/1331/1337 1336/1330/1336 1329/1323/1329
f 1330/1324/1330 1337/1331/1337 1329/1323/1329
f 1332/1326/1332 1337/1331/1337 1330/1324/1330
f 1338/1332/1338 1332/1326/1332 1334/1328/1334
f 1338/1332/1338 1337/1331/1337 1332/1326/1332
f 1335/1329/1335 1337/1331/1337 1338/1332/1338
f 1320/1314/1320 1327/1321/1327 1339/1333/1339
f 1329/1323/1329 1336/1330/1336 1339/1333/1339
f 1328/1322/1328 1329/1323/1329 1339/1333/1339
f 1339/1333/1339 1327/1321/1327 1328/1322/1328
f 1320/1314/1320 1339/1333/1339 1340/1334/1340
f 1321/1315/1321 1320/1314/1320 1340/1334/1340
f 1339/1333/1339 1336/1330/1336 1340/1334/1340
f 1322/1316/1322 1341/1335/1160 1315/1309/1315
f 1342/1336/1341 1341/1335/1160 1343/1337/1342
f 1343/1337/1342 1341/1335/1160 1322/1316/1322
f 1343/1337/1342 1322/1316/1322 1321/1315/1321
f 1343/1337/1342 1321/1315/1321 1340/1334/1340
f 1344/1338/1168 1342/1336/1341 1343/1337/1342
f 1343/1337/1342 1345/1339/1343 1344/1338/1168
f 1340/1334/1340 1345/1339/1343 1343/1337/1342
f 1340/1334/1340 1336/1330/1336 1346/1340/1344
f 1346/1340/1344 1345/1339/1343 1340/1334/1340
f 1347/1341/1345 1336/1330/1336 1335/1329/1335
f 1346/1340/1344 1336/1330/1336 1347/1341/1345
f 1338/1332/1338 1334/1328/1334 1348/1342/1346
f 618/618/618 1348/1342/1346 625/625/625
f 612/612/612 1348/1342/1346 618/618/618
f 1348/1342/1346 1334/1328/1334 625/625/625
f 1348/1342/1346 612/612/612 1349/1343/1347
f 1349/1343/1347 612/612/612 613/613/613
f 1338/1332/1338 1349/1343/1347 1335/1329/1335
f 1348/1342/1346 1349/1343/1347 1338/1332/1338
f 1349/1343/1347 1350/1344/1348 1335/1329/1335
f 1335/1329/1335 1350/1344/1348 1347/1341/1345
f 1349/1343/1347 613/613/613 1350/1344/1348
f 1350/1344/1348 1351/1345/1349 1347/1341/1345
f 1347/1341/1345 1351/1345/1349 1346/1340/1344
f 1346/1340/1344 1351/1345/1349 1352/1346/1350
f 1350/1344/1348 613/613/613 1353/1347/1351
f 613/613/613 601/601/601 1353/1347/1351
f 1351/1345/1349 1350/1344/1348 1353/1347/1351
f 601/601/601 1354/1348/1352 1353/1347/1351
f 1354/1348/1352 601/601/601 573/573/573
f 1354/1348/1352 573/573/573 575/575/575
f 1352/1346/1350 1351/1345/1349 1355/1349/1353
f 1353/1347/1351 1355/1349/1353 1351/1345/1349
f 1356/1350/1354 1354/1348/1352 575/575/575
f 1353/1347/1351 1354/1348/1352 1356/1350/1354
f 1353/1347/1351 1356/1350/1354 1355/1349/1353
f 1357/1351/1355 1358/1352/1356 1359/1353/1357
f 1360/1354/1358 1359/1353/1357 1358/1352/1356
f 1361/1355/1359 1359/1353/1357 1360/1354/1358
f 1362/1356/1360 1361/1355/1359 1360/1354/1358
f 1363/1357/1361 1361/1355/1359 1362/1356/1360
f 1362/1356/1360 1364/1358/1362 1363/1357/1361
f 1365/1359/1363 1356/1350/1354 1364/1358/1362
f 1365/1359/1363 1364/1358/1362 1362/1356/1360
f 1366/1360/1364 1355/1349/1353 1356/1350/1354
f 1366/1360/1364 1356/1350/1354 1365/1359/1363
f 1360/1354/1358 1367/1361/1365 1362/1356/1360
f 1366/1360/1364 1365/1359/1363 1368/1362/1366
f 1368/1362/1366 1365/1359/1363 1362/1356/1360
f 1362/1356/1360 1367/1361/1365 1368/1362/1366
f 1352/1346/1350 1355/1349/1353 1369/1363/1367
f 1369/1363/1367 1355/1349/1353 1366/1360/1364
f 1368/1362/1366 1369/1363/1367 1366/1360/1364
f 1370/1364/1368 1369/1363/1367 1368/1362/1366
f 1367/1361/1365 1370/1364/1368 1368/1362/1366
f 1360/1354/1358 1371/1365/1369 1367/1361/1365
f 1358/1352/1356 1371/1365/1369 1360/1354/1358
f 1371/1365/1369 1370/1364/1368 1367/1361/1365
f 1369/1363/1367 1372/1366/1370 1352/1346/1350
f 1370/1364/1368 1372/1366/1370 1369/1363/1367
f 1371/1365/1369 1373/1367/1371 1370/1364/1368
f 1373/1367/1371 1372/1366/1370 1370/1364/1368
f 1358/1352/1356 1374/1368/1372 1371/1365/1369
f 1374/1368/1372 1373/1367/1371 1371/1365/1369
f 1375/1369/1373 1374/1368/1372 1358/1352/1356
f 1375/1369/1373 1358/1352/1356 1357/1351/1355
f 1376/1370/1374 1346/1340/1344 1352/1346/1350
f 1352/1346/1350 1372/1366/1370 1376/1370/1374
f 1377/1371/1375 1372/1366/1370 1373/1367/1371
f 1376/1370/1374 1372/1366/1370 1377/1371/1375
f 1378/1372/1376 1373/1367/1371 1374/1368/1372
f 1377/1371/1375 1373/1367/1371 1378/1372/1376
f 1379/1373/1377 1374/1368/1372 1375/1369/1373
f 1378/1372/1376 1374/1368/1372 1379/1373/1377
f 1375/1369/1373 1357/1351/1355 1379/1373/1377
f 1379/1373/1377 1357/1351/1355 1380/1374/1378
f 1380/1374/1378 1381/1375/1379 1379/1373/1377
f 1381/1375/1379 1378/1372/1376 1379/1373/1377
f 1382/1376/1380 1378/1372/1376 1381/1375/1379
f 1382/1376/1380 1377/1371/1375 1378/1372/1376
f 1383/1377/1381 1376/1370/1374 1377/1371/1375
f 1383/1377/1381 1377/1371/1375 1382/1376/1380
f 1384/1378/1382 1345/1339/1343 1346/1340/1344
f 1384/1378/1382 1346/1340/1344 1376/1370/1374
f 1384/1378/1382 1376/1370/1374 1383/1377/1381
f 1385/1379/1383 1381/1375/1379 1380/1374/1378
f 1386/1380/1384 1381/1375/1379 1385/1379/1383
f 1382/1376/1380 1381/1375/1379 1386/1380/1384
f 1382/1376/1380 1386/1380/1384 1383/1377/1381
f 1383/1377/1381 1386/1380/1384 1387/1381/1385
f 1383/1377/1381 1387/1381/1385 1384/1378/1382
f 1384/1378/1382 1387/1381/1385 1345/1339/1343
f 1387/1381/1385 1344/1338/1168 1345/1339/1343
f 1386/1380/1384 1344/1338/1168 1387/1381/1385
f 1386/1380/1384 1385/1379/1383 1388/1382/1386
f 1388/1382/1386 1344/1338/1168 1386/1380/1384
f 1385/1379/1383 1380/1374/1378 1389/1383/1387
f 1388/1382/1386 1385/1379/1383 1389/1383/1387
f 1390/1384/1388 1389/1383/1387 1380/1374/1378
f 1390/1384/1388 1380/1374/1378 1357/1351/1355
f 1391/1385/1389 1389/1383/1387 1390/1384/1388
f 1392/1386/1390 1393/1387/1391 1394/1388/1392
f 1394/1388/1392 1393/1387/1391 1395/1389/1393
f 1393/1387/1391 1396/1390/1394 1395/1389/1393
f 1395/1389/1393 1397/1391/1395 1391/1385/1389
f 1396/1390/1394 1397/1391/1395 1395/1389/1393
f 1391/1385/1389 1390/1384/1388 1398/1392/1396
f 1398/1392/1396 1395/1389/1393 1391/1385/1389
f 1394/1388/1392 1395/1389/1393 1398/1392/1396
f 1398/1392/1396 1390/1384/1388 1399/1393/1397
f 1357/1351/1355 1399/1393/1397 1390/1384/1388
f 1361/1355/1359 1400/1394/1398 1359/1353/1357
f 1363/1357/1361 1400/1394/1398 1361/1355/1359
f 1401/1395/1399 1399/1393/1397 1357/1351/1355
f 1359/1353/1357 1400/1394/1398 1401/1395/1399
f 1357/1351/1355 1359/1353/1357 1401/1395/1399
f 1402/1396/1400 1399/1393/1397 1401/1395/1399
f 1402/1396/1400 1398/1392/1396 1399/1393/1397
f 1401/1395/1399 1400/1394/1398 1402/1396/1400
f 1402/1396/1400 1403/1397/1401 1398/1392/1396
f 1398/1392/1396 1403/1397/1401 1394/1388/1392
f 1392/1386/1390 1394/1388/1392 1404/1398/1402
f 1404/1398/1402 1394/1388/1392 1403/1397/1401
f 1402/1396/1400 1400/1394/1398 1405/1399/1403
f 1405/1399/1403 1406/1400/1404 1402/1396/1400
f 1406/1400/1404 1403/1397/1401 1402/1396/1400
f 1404/1398/1402 1403/1397/1401 1407/1401/1405
f 1407/1401/1405 1403/1397/1401 1406/1400/1404
f 1408/1402/1406 1404/1398/1402 1407/1401/1405
f 1408/1402/1406 1393/1387/1391 1392/1386/1390
f 1392/1386/1390 1404/1398/1402 1408/1402/1406
f 1407/1401/1405 1406/1400/1404 1409/1403/1407
f 1407/1401/1405 1409/1403/1407 1408/1402/1406
f 1408/1402/1406 1409/1403/1407 1410/1404/1408
f 1409/1403/1407 1411/1405/1409 1410/1404/1408
f 1409/1403/1407 1406/1400/1404 1412/1406/1410
f 1412/1406/1410 1411/1405/1409 1409/1403/1407
f 1413/1407/1411 1411/1405/1409 1412/1406/1410
f 1414/1408/1412 1406/1400/1404 1405/1399/1403
f 1414/1408/1412 1405/1399/1403 1415/1409/1413
f 1410/1404/1408 1416/1410/1414 1408/1402/1406
f 1417/1411/1415 1393/1387/1391 1408/1402/1406
f 1408/1402/1406 1416/1410/1414 1417/1411/1415
f 1417/1411/1415 1396/1390/1394 1393/1387/1391
f 1417/1411/1415 1418/1412/1207 1396/1390/1394
f 1416/1410/1414 1418/1412/1207 1417/1411/1415
f 1419/1413/1416 1418/1412/1207 1416/1410/1414
f 1410/1404/1408 1419/1413/1416 1416/1410/1414
f 1410/1404/1408 1411/1405/1409 1420/1414/1417
f 1420/1414/1417 1419/1413/1416 1410/1404/1408
f 1421/1415/1418 1422/1416/1419 1423/1417/1420
f 1421/1415/1418 1423/1417/1420 1424/1418/1421
f 1421/1415/1418 1424/1418/1421 1425/1419/1422
f 1411/1405/1409 1413/1407/1411 1426/1420/1423
f 1424/1418/1421 1420/1414/1417 1426/1420/1423
f 1426/1420/1423 1420/1414/1417 1411/1405/1409
f 1425/1419/1422 1424/1418/1421 1426/1420/1423
f 1424/1418/1421 1427/1421/1424 1420/1414/1417
f 1420/1414/1417 1427/1421/1424 1419/1413/1416
f 1424/1418/1421 1423/1417/1420 1427/1421/1424
f 1428/1422/1425 1418/1412/1207 1419/1413/1416
f 1427/1421/1424 1428/1422/1425 1419/1413/1416
f 1427/1421/1424 1423/1417/1420 1429/1423/1209
f 1429/1423/1209 1428/1422/1425 1427/1421/1424
f 1429/1423/1209 1423/1417/1420 1430/1424/1210
f 1423/1417/1420 1422/1416/1419 1430/1424/1210
f 1426/1420/1423 1413/1407/1411 1431/1425/1426
f 1426/1420/1423 1431/1425/1426 1425/1419/1422
f 1425/1419/1422 1431/1425/1426 1432/1426/1427
f 1425/1419/1422 1432/1426/1427 1433/1427/1428
f 1433/1427/1428 1421/1415/1418 1425/1419/1422
f 1432/1426/1427 1434/1428/1429 1433/1427/1428
f 1435/1429/1430 1433/1427/1428 1434/1428/1429
f 1436/1430/1431 1435/1429/1430 1434/1428/1429
f 1437/1431/1432 1422/1416/1419 1421/1415/1418
f 1437/1431/1432 1433/1427/1428 1435/1429/1430
f 1437/1431/1432 1421/1415/1418 1433/1427/1428
f 1435/1429/1430 1422/1416/1419 1437/1431/1432
f 1438/1432/1433 1435/1429/1430 1439/1433/1434
f 1439/1433/1434 1435/1429/1430 1436/1430/1431
f 1440/1434/1435 1435/1429/1430 1438/1432/1433
f 1422/1416/1419 1440/1434/1435 1430/1424/1210
f 1440/1434/1435 1422/1416/1419 1435/1429/1430
f 1441/1435/1436 1438/1432/1433 1439/1433/1434
f 1439/1433/1434 1436/1430/1431 1441/1435/1436
f 1440/1434/1435 1438/1432/1433 1442/1436/1437
f 1442/1436/1437 1438/1432/1433 1441/1435/1436
f 1440/1434/1435 1442/1436/1437 1443/1437/1438
f 1430/1424/1210 1440/1434/1435 1444/1438/1439
f 1443/1437/1438 1444/1438/1439 1440/1434/1435
f 1441/1435/1436 1436/1430/1431 1445/1439/1440
f 1436/1430/1431 1434/1428/1429 1445/1439/1440
f 1445/1439/1440 1446/1440/1441 1441/1435/1436
f 1441/1435/1436 1446/1440/1441 1447/1441/1442
f 1447/1441/1442 1448/1442/1443 1441/1435/1436
f 1441/1435/1436 1448/1442/1443 1442/1436/1437
f 1442/1436/1437 1448/1442/1443 1449/1443/1444
f 1443/1437/1438 1442/1436/1437 1449/1443/1444
f 1447/1441/1442 1450/1444/1445 1448/1442/1443
f 1449/1443/1444 1448/1442/1443 1450/1444/1445
f 1451/1445/1446 1450/1444/1445 1447/1441/1442
f 1447/1441/1442 1452/1446/1447 1451/1445/1446
f 1446/1440/1441 1452/1446/1447 1447/1441/1442
f 1445/1439/1440 1453/1447/1284 1446/1440/1441
f 1446/1440/1441 1453/1447/1284 1452/1446/1447
f 1445/1439/1440 1434/1428/1429 1454/1448/1448
f 1454/1448/1448 1453/1447/1284 1445/1439/1440
f 1455/1449/1449 1454/1448/1448 1434/1428/1429
f 1455/1449/1449 1434/1428/1429 1432/1426/1427
f 1452/1446/1447 1453/1447/1284 1456/1450/1450
f 1457/1451/1451 1458/1452/1452 1459/1453/1453
f 1459/1453/1453 1458/1452/1452 1460/1454/1454
f 1461/1455/1455 1460/1454/1454 1458/1452/1452
f 1459/1453/1453 1462/1456/1456 1457/1451/1451
f 1258/1252/1258 1463/1457/1457 1259/1253/1259
f 1259/1253/1259 1463/1457/1457 1255/1249/1255
f 1459/1453/1453 1463/1457/1457 1462/1456/1456
f 1464/1458/1458 1463/1457/1457 1459/1453/1453
f 1255/1249/1255 1463/1457/1457 1464/1458/1458
f 1255/1249/1255 1464/1458/1458 1251/1245/1251
f 1464/1458/1458 1459/1453/1453 1465/1459/1459
f 1251/1245/1251 1464/1458/1458 1465/1459/1459
f 1251/1245/1251 1465/1459/1459 1249/1243/1249
f 1465/1459/1459 1459/1453/1453 1460/1454/1454
f 1249/1243/1249 1466/1460/1460 1250/1244/1250
f 1465/1459/1459 1460/1454/1454 1466/1460/1460
f 1249/1243/1249 1465/1459/1459 1466/1460/1460
f 1466/1460/1460 1460/1454/1454 1467/1461/1461
f 1467/1461/1461 1460/1454/1454 1461/1455/1455
f 1468/1462/1462 1467/1461/1461 1461/1455/1455
f 1469/1463/1463 1462/1456/1456 1470/1464/1464
f 1470/1464/1464 1462/1456/1456 1463/1457/1457
f 1257/1251/1257 1470/1464/1464 1258/1252/1258
f 1470/1464/1464 1463/1457/1457 1258/1252/1258
f 1174/1168/1174 1471/1465/1465 1173/1167/1173
f 1467/1461/1461 1471/1465/1465 1466/1460/1460
f 1250/1244/1250 1471/1465/1465 1174/1168/1174
f 1250/1244/1250 1466/1460/1460 1471/1465/1465
f 1472/1466/1466 1467/1461/1461 1468/1462/1462
f 1472/1466/1466 1471/1465/1465 1467/1461/1461
f 1173/1167/1173 1471/1465/1465 1473/1467/1467
f 1473/1467/1467 1471/1465/1465 1472/1466/1466
f 1472/1466/1466 1468/1462/1462 1473/1467/1467
f 1171/1165/1171 1173/1167/1173 1473/1467/1467
f 1474/1468/1468 1163/1157/1163 1164/1158/1164
f 1171/1165/1171 1474/1468/1468 1164/1158/1164
f 1473/1467/1467 1474/1468/1468 1171/1165/1171
f 1473/1467/1467 1468/1462/1462 1474/1468/1468
f 1475/1469/1469 1163/1157/1163 1474/1468/1468
f 1476/1470/1470 1152/1146/1152 1154/1148/1154
f 1476/1470/1470 1154/1148/1154 1163/1157/1163
f 1475/1469/1469 1476/1470/1470 1163/1157/1163
f 1474/1468/1468 1477/1471/1471 1475/1469/1469
f 1468/1462/1462 1477/1471/1471 1474/1468/1468
f 1478/1472/1472 1468/1462/1462 1461/1455/1455
f 1477/1471/1471 1468/1462/1462 1478/1472/1472
f 1478/1472/1472 1461/1455/1455 1479/1473/1473
f 1479/1473/1473 1461/1455/1455 1458/1452/1452
f 1480/1474/1474 1458/1452/1452 1457/1451/1451
f 1479/1473/1473 1458/1452/1452 1480/1474/1474
f 1481/1475/1475 1480/1474/1474 1482/1476/1476
f 1482/1476/1476 1480/1474/1474 1457/1451/1451
f 1457/1451/1451 1462/1456/1456 1482/1476/1476
f 1480/1474/1474 1481/1475/1475 1483/1477/1477
f 1479/1473/1473 1480/1474/1474 1484/1478/1478
f 1484/1478/1478 1480/1474/1474 1483/1477/1477
f 1479/1473/1473 1484/1478/1478 1485/1472/1479
f 1485/1472/1479 1486/1479/1480 1477/1471/1471
f 1485/1472/1479 1484/1478/1478 1486/1479/1480
f 1477/1471/1471 1487/1480/1481 1475/1469/1469
f 1477/1471/1471 1486/1479/1480 1487/1480/1481
f 1488/1481/1482 1476/1470/1470 1475/1469/1469
f 1475/1469/1469 1487/1480/1481 1488/1481/1482
f 1488/1481/1482 1489/1482/1483 1476/1470/1470
f 1489/1482/1483 1152/1146/1152 1476/1470/1470
f 1490/1483/1484 1489/1482/1483 1488/1481/1482
f 1490/1483/1484 1488/1481/1482 1491/1484/1485
f 1491/1484/1485 1488/1481/1482 1487/1480/1481
f 1492/1479/1486 1484/1478/1478 1493/1485/1487
f 1487/1480/1481 1492/1479/1486 1493/1485/1487
f 1491/1484/1485 1487/1480/1481 1494/1486/1488
f 1493/1485/1487 1494/1486/1488 1487/1480/1481
f 1490/1483/1484 1491/1484/1485 1495/1487/1489
f 1491/1484/1485 1494/1486/1488 1495/1487/1489
f 1489/1482/1483 1490/1483/1484 1496/1488/1490
f 1496/1488/1490 1490/1483/1484 1495/1487/1489
f 1152/1146/1152 1489/1482/1483 1497/1489/1491
f 1496/1488/1490 1497/1489/1491 1489/1482/1483
f 1469/1463/1463 1498/1490/1413 1462/1456/1456
f 1462/1456/1456 1498/1490/1413 1482/1476/1476
f 1498/1490/1413 1499/1491/1492 1482/1476/1476
f 1482/1476/1476 1499/1491/1492 1481/1475/1475
f 1500/1492/1493 1481/1475/1475 1499/1491/1492
f 1501/1493/1494 1481/1475/1475 1500/1492/1493
f 1483/1477/1477 1481/1475/1475 1501/1493/1494
f 1483/1477/1477 1501/1493/1494 1502/1494/1495
f 1484/1478/1478 1503/1495/1496 1493/1485/1487
f 1483/1477/1477 1502/1494/1495 1503/1495/1496
f 1483/1477/1477 1503/1495/1496 1484/1478/1478
f 1502/1494/1495 1501/1493/1494 1504/1496/1497
f 1505/1497/1498 1506/1498/1499 1507/1499/1500
f 1505/1497/1498 1507/1499/1500 1508/1500/1501
f 1507/1499/1500 1509/1501/1502 1510/1502/1503
f 1508/1500/1501 1507/1499/1500 1510/1502/1503
f 1508/1500/1501 1510/1502/1503 1511/1503/1504
f 1511/1503/1504 1512/1504/1505 1513/1500/1506
f 1513/1500/1506 1514/1505/1507 1505/1497/1498
f 1513/1500/1506 1512/1504/1505 1514/1505/1507
f 1505/1497/1498 1514/1505/1507 1515/1506/1508
f 1515/1506/1508 1516/1507/1509 1505/1497/1498
f 1505/1497/1498 1516/1507/1509 1506/1498/1499
f 1516/1507/1509 1517/1508/1510 1506/1498/1499
f 1506/1498/1499 1517/1508/1510 1518/1509/1511
f 1517/1508/1510 1519/1510/1512 1518/1509/1511
f 1518/1509/1511 1519/1510/1512 1520/1511/1513
f 1521/1512/1514 1519/1510/1512 1517/1508/1510
f 1522/1513/1515 1519/1510/1512 1521/1512/1514
f 1521/1512/1514 1517/1508/1510 1523/1514/1516
f 1523/1514/1516 1517/1508/1510 1516/1507/1509
f 1524/1515/1517 1516/1507/1509 1515/1506/1508
f 1523/1514/1516 1516/1507/1509 1524/1515/1517
f 1525/1516/1518 1515/1506/1508 1514/1505/1507
f 1524/1515/1517 1515/1506/1508 1525/1516/1518
f 1512/1504/1505 1526/1517/1519 1514/1505/1507
f 1514/1505/1507 1526/1517/1519 1525/1516/1518
f 1526/1517/1519 1527/1518/1520 1525/1516/1518
f 1528/1519/1521 1529/1520/1522 1527/1518/1520
f 1529/1520/1522 1528/1519/1521 1530/1521/1523
f 1525/1516/1518 1527/1518/1520 1531/1522/1524
f 1527/1518/1520 1529/1520/1522 1531/1522/1524
f 1524/1515/1517 1525/1516/1518 1532/1523/1525
f 1532/1523/1525 1525/1516/1518 1531/1522/1524
f 1523/1514/1516 1524/1515/1517 1533/1524/1526
f 1533/1524/1526 1524/1515/1517 1532/1523/1525
f 1523/1514/1516 1534/1525/1527 1521/1512/1514
f 1533/1524/1526 1534/1525/1527 1523/1514/1516
f 1535/1526/1528 1536/1527/1529 1537/1528/1530
f 1538/1529/1531 1536/1527/1529 1534/1525/1527
f 1537/1528/1530 1536/1527/1529 1538/1529/1531
f 1533/1524/1526 1538/1529/1531 1534/1525/1527
f 1533/1524/1526 1539/1530/1532 1538/1529/1531
f 1532/1523/1525 1539/1530/1532 1533/1524/1526
f 1531/1522/1524 1539/1530/1532 1532/1523/1525
f 1529/1520/1522 1539/1530/1532 1531/1522/1524
f 1530/1521/1523 1539/1530/1532 1529/1520/1522
f 1537/1528/1530 1539/1530/1532 1530/1521/1523
f 1538/1529/1531 1539/1530/1532 1537/1528/1530
f 1540/1531/1533 1537/1528/1530 1530/1521/1523
f 1535/1526/1528 1537/1528/1530 1540/1531/1533
f 1534/1525/1527 1536/1527/1529 1541/1532/1534
f 1522/1513/1515 1521/1512/1514 1541/1532/1534
f 1541/1532/1534 1521/1512/1514 1534/1525/1527
f 1542/1533/1535 1522/1513/1515 1541/1532/1534
f 1541/1532/1534 1536/1527/1529 1542/1533/1535
f 1543/1534/1536 1522/1513/1515 1542/1533/1535
f 1544/1535/1537 1543/1534/1536 1542/1533/1535
f 1545/1536/1538 1543/1534/1536 1544/1535/1537
f 1545/1536/1538 1544/1535/1537 1546/1537/1539
f 1545/1536/1538 1546/1537/1539 1547/1538/1540
f 1545/1536/1538 1547/1538/1540 1543/1534/1536
f 1546/1537/1539 1548/1539/1541 1547/1538/1540
f 1547/1538/1540 1548/1539/1541 1549/1540/1542
f 1550/1541/1543 1544/1535/1537 1542/1533/1535
f 1542/1533/1535 1536/1527/1529 1550/1541/1543
f 1551/1542/1544 1544/1535/1537 1550/1541/1543
f 1550/1541/1543 1552/1543/1545 1551/1542/1544
f 1546/1537/1539 1544/1535/1537 1553/1544/1546
f 1553/1544/1546 1544/1535/1537 1551/1542/1544
f 1552/1543/1545 1553/1544/1546 1551/1542/1544
f 1554/1545/1547 1555/1546/1548 1556/1547/1549
f 1556/1547/1549 1555/1546/1548 1557/1548/1550
f 1558/1549/1551 1556/1547/1549 1557/1548/1550
f 1520/1511/1513 1559/1550/1552 1557/1548/1550
f 1559/1550/1552 1549/1540/1542 1558/1549/1551
f 1559/1550/1552 1547/1538/1540 1549/1540/1542
f 1557/1548/1550 1559/1550/1552 1558/1549/1551
f 1543/1534/1536 1547/1538/1540 1560/1551/1553
f 1522/1513/1515 1560/1551/1553 1519/1510/1512
f 1560/1551/1553 1547/1538/1540 1559/1550/1552
f 1543/1534/1536 1560/1551/1553 1522/1513/1515
f 1560/1551/1553 1520/1511/1513 1519/1510/1512
f 1559/1550/1552 1520/1511/1513 1560/1551/1553
f 1557/1548/1550 1561/1552/1554 1520/1511/1513
f 1557/1548/1550 1555/1546/1548 1561/1552/1554
f 1520/1511/1513 1561/1552/1554 1518/1509/1511
f 1555/1546/1548 1562/1553/1555 1561/1552/1554
f 1563/1554/1556 1555/1546/1548 1554/1545/1547
f 1563/1554/1556 1562/1553/1555 1555/1546/1548
f 1564/1555/1557 1562/1553/1555 1563/1554/1556
f 1565/1556/1558 1509/1501/1502 1566/1557/1559
f 1566/1557/1559 1509/1501/1502 1507/1499/1500
f 1565/1556/1558 1566/1557/1559 1564/1555/1557
f 1564/1555/1557 1566/1557/1559 1562/1553/1555
f 1506/1498/1499 1518/1509/1511 1567/1558/1560
f 1561/1552/1554 1562/1553/1555 1567/1558/1560
f 1562/1553/1555 1566/1557/1559 1567/1558/1560
f 1567/1558/1560 1518/1509/1511 1561/1552/1554
f 1567/1558/1560 1566/1557/1559 1507/1499/1500
f 1507/1499/1500 1506/1498/1499 1567/1558/1560
f 1565/1556/1558 1564/1555/1557 1568/1559/1561
f 1568/1559/1561 1569/1560/1562 1565/1556/1558
f 1565/1556/1558 1569/1560/1562 1570/1561/1563
f 1570/1561/1563 1509/1501/1502 1565/1556/1558
f 1569/1560/1562 1571/1562/1564 1570/1561/1563
f 1569/1560/1562 1572/1563/1565 1571/1562/1564
f 1569/1560/1562 1573/1564/1566 1572/1563/1565
f 1568/1559/1561 1573/1564/1566 1569/1560/1562
f 1568/1559/1561 1564/1555/1557 1574/1565/1567
f 1574/1565/1567 1573/1564/1566 1568/1559/1561
f 1563/1554/1556 1554/1545/1547 1575/1566/1568
f 1575/1566/1568 1564/1555/1557 1563/1554/1556
f 1574/1565/1567 1564/1555/1557 1575/1566/1568
f 1576/1567/1569 1556/1547/1549 1558/1549/1551
f 1554/1545/1547 1556/1547/1549 1577/1568/1570
f 1577/1568/1570 1556/1547/1549 1576/1567/1569
f 1575/1566/1568 1554/1545/1547 1578/1569/1571
f 1577/1568/1570 1578/1569/1571 1554/1545/1547
f 1578/1569/1571 1579/1570/1572 1575/1566/1568
f 1580/1571/1573 1573/1564/1566 1574/1565/1567
f 1580/1571/1573 1575/1566/1568 1579/1570/1572
f 1574/1565/1567 1575/1566/1568 1580/1571/1573
f 1558/1549/1551 1549/1540/1542 1581/1572/1574
f 1549/1540/1542 1548/1539/1541 1581/1572/1574
f 1558/1549/1551 1582/1573/1575 1576/1567/1569
f 1581/1572/1574 1582/1573/1575 1558/1549/1551
f 1577/1568/1570 1576/1567/1569 1583/1574/1576
f 1583/1574/1576 1576/1567/1569 1582/1573/1575
f 1584/1575/1577 1578/1569/1571 1577/1568/1570
f 1583/1574/1576 1584/1575/1577 1577/1568/1570
f 1584/1575/1577 1585/1576/1578 1578/1569/1571
f 1585/1576/1578 1579/1570/1572 1578/1569/1571
f 1579/1570/1572 1585/1576/1578 1586/1577/1579
f 1586/1577/1579 1585/1576/1578 1587/1578/1580
f 1584/1575/1577 1588/1579/1581 1585/1576/1578
f 1585/1576/1578 1588/1579/1581 1587/1578/1580
f 1589/1580/1582 1584/1575/1577 1583/1574/1576
f 1589/1580/1582 1588/1579/1581 1584/1575/1577
f 1587/1578/1580 1588/1579/1581 1590/1581/1583
f 1591/1582/1584 1579/1570/1572 1586/1577/1579
f 1580/1571/1573 1579/1570/1572 1591/1582/1584
f 1573/1564/1566 1580/1571/1573 1592/1583/1585
f 1592/1583/1585 1580/1571/1573 1591/1582/1584
f 1573/1564/1566 1593/1584/1586 1572/1563/1565
f 1592/1583/1585 1593/1584/1586 1573/1564/1566
f 1571/1562/1564 1572/1563/1565 1594/1585/1587
f 1594/1585/1587 1572/1563/1565 1593/1584/1586
f 1594/1585/1587 1595/1586/1588 1571/1562/1564
f 1596/1587/1589 1595/1586/1588 1594/1585/1587
f 1594/1585/1587 1597/1588/1590 1596/1587/1589
f 1593/1584/1586 1597/1588/1590 1594/1585/1587
f 1597/1588/1590 1598/1589/1591 1596/1587/1589
f 1599/1590/1592 1598/1589/1591 1600/1591/1593
f 1599/1590/1592 1600/1591/1593 1601/1592/1594
f 1597/1588/1590 1602/1593/1595 1598/1589/1591
f 1602/1593/1595 1600/1591/1593 1598/1589/1591
f 1597/1588/1590 1593/1584/1586 1603/1594/1596
f 1603/1594/1596 1602/1593/1595 1597/1588/1590
f 1603/1594/1596 1593/1584/1586 1604/1595/1597
f 1593/1584/1586 1592/1583/1585 1604/1595/1597
f 1604/1595/1597 1592/1583/1585 1605/1596/1598
f 1606/1582/1599 1605/1596/1598 1592/1583/1585
f 1602/1593/1595 1603/1594/1596 1607/1597/1600
f 1604/1595/1597 1608/1598/1601 1603/1594/1596
f 1603/1594/1596 1608/1598/1601 1607/1597/1600
f 1607/1597/1600 1608/1598/1601 1609/1599/1602
f 1609/1599/1602 1608/1598/1601 1610/1600/1603
f 1611/1601/1604 1607/1597/1600 1609/1599/1602
f 1611/1601/1604 1602/1593/1595 1607/1597/1600
f 1612/1602/1605 1602/1593/1595 1611/1601/1604
f 1612/1602/1605 1600/1591/1593 1602/1593/1595
f 1612/1602/1605 1613/1603/1606 1600/1591/1593
f 1601/1592/1594 1600/1591/1593 1613/1603/1606
f 1601/1592/1594 1613/1603/1606 1614/1604/1607
f 1614/1604/1607 1615/1605/1608 1601/1592/1594
f 1616/1606/1609 1613/1603/1606 1612/1602/1605
f 1617/1607/1610 1611/1601/1604 1609/1599/1602
f 1618/1608/1611 1611/1601/1604 1617/1607/1610
f 1611/1601/1604 1618/1608/1611 1612/1602/1605
f 1612/1602/1605 1618/1608/1611 1619/1609/1612
f 1616/1606/1609 1612/1602/1605 1619/1609/1612
f 1616/1606/1609 1619/1609/1612 1620/1610/1613
f 1620/1610/1613 1613/1603/1606 1616/1606/1609
f 1614/1604/1607 1613/1603/1606 1621/1611/1614
f 1621/1611/1614 1613/1603/1606 1620/1610/1613
f 1617/1607/1610 1622/1612/1615 1618/1608/1611
f 1618/1608/1611 1622/1612/1615 1623/1613/1616
f 1618/1608/1611 1623/1613/1616 1619/1609/1612
f 1623/1613/1616 1622/1612/1615 1624/1614/1617
f 1625/1615/1618 1615/1605/1608 1614/1604/1607
f 1615/1605/1608 1625/1615/1618 1626/1616/1619
f 1626/1616/1619 1627/1617/1620 1615/1605/1608
f 1628/1618/1621 1627/1617/1620 1626/1616/1619
f 1629/1619/1622 1627/1617/1620 1628/1618/1621
f 1630/1620/1623 1629/1619/1622 1628/1618/1621
f 1631/1621/1624 1629/1619/1622 1630/1620/1623
f 1630/1620/1623 1632/1622/1625 1631/1621/1624
f 1631/1621/1624 1632/1622/1625 1633/1623/1626
f 1632/1622/1625 1634/1624/1627 1633/1623/1626
f 1633/1623/1626 1634/1624/1627 1635/1625/1628
f 1633/1623/1626 1636/1626/1629 1631/1621/1624
f 1636/1626/1629 1633/1623/1626 1637/1627/1630
f 1631/1621/1624 1638/1628/1631 1629/1619/1622
f 1636/1626/1629 1638/1628/1631 1631/1621/1624
f 1639/1629/1632 1627/1617/1620 1629/1619/1622
f 1629/1619/1622 1638/1628/1631 1639/1629/1632
f 1639/1629/1632 1640/1630/1633 1627/1617/1620
f 1627/1617/1620 1640/1630/1633 1615/1605/1608
f 1615/1605/1608 1640/1630/1633 1601/1592/1594
f 1601/1592/1594 1640/1630/1633 1599/1590/1592
f 1637/1627/1630 1641/1631/1634 1636/1626/1629
f 1636/1626/1629 1641/1631/1634 1638/1628/1631
f 1642/1632/1635 1638/1628/1631 1641/1631/1634
f 1639/1629/1632 1638/1628/1631 1642/1632/1635
f 1643/1633/1636 1595/1586/1588 1642/1632/1635
f 1641/1631/1634 1643/1633/1636 1642/1632/1635
f 1642/1632/1635 1595/1586/1588 1644/1634/1637
f 1596/1587/1589 1644/1634/1637 1595/1586/1588
f 1644/1634/1637 1599/1590/1592 1640/1630/1633
f 1639/1629/1632 1644/1634/1637 1640/1630/1633
f 1642/1632/1635 1644/1634/1637 1639/1629/1632
f 1596/1587/1589 1598/1589/1591 1645/1635/1638
f 1645/1635/1638 1599/1590/1592 1644/1634/1637
f 1645/1635/1638 1598/1589/1591 1599/1590/1592
f 1645/1635/1638 1644/1634/1637 1596/1587/1589
f 1571/1562/1564 1595/1586/1588 1646/1636/1639
f 1646/1636/1639 1595/1586/1588 1643/1633/1636
f 1570/1561/1563 1571/1562/1564 1646/1636/1639
f 1646/1636/1639 1509/1501/1502 1570/1561/1563
f 1647/1637/1640 1646/1636/1639 1643/1633/1636
f 1647/1637/1640 1643/1633/1636 1641/1631/1634
f 1641/1631/1634 1648/1638/1641 1647/1637/1640
f 1637/1627/1630 1648/1638/1641 1641/1631/1634
f 1637/1627/1630 1633/1623/1626 1649/1639/1642
f 1637/1627/1630 1649/1639/1642 1648/1638/1641
f 1635/1625/1628 1650/1640/1643 1633/1623/1626
f 1633/1623/1626 1650/1640/1643 1649/1639/1642
f 1651/1641/1644 1635/1625/1628 1634/1624/1627
f 1651/1641/1644 1650/1640/1643 1635/1625/1628
f 1652/1642/1645 1651/1641/1644 1653/1643/1646
f 1654/1644/1647 1650/1640/1643 1651/1641/1644
f 1654/1644/1647 1651/1641/1644 1652/1642/1645
f 1654/1644/1647 1655/1645/1648 1650/1640/1643
f 1650/1640/1643 1655/1645/1648 1649/1639/1642
f 1655/1645/1648 1512/1504/1505 1656/1646/1649
f 1649/1639/1642 1655/1645/1648 1656/1646/1649
f 1648/1638/1641 1649/1639/1642 1656/1646/1649
f 1656/1646/1649 1512/1504/1505 1511/1503/1504
f 1657/1647/1650 1647/1637/1640 1648/1638/1641
f 1657/1647/1650 1656/1646/1649 1511/1503/1504
f 1511/1503/1504 1510/1502/1503 1657/1647/1650
f 1648/1638/1641 1656/1646/1649 1657/1647/1650
f 1658/1648/1651 1646/1636/1639 1647/1637/1640
f 1658/1648/1651 1509/1501/1502 1646/1636/1639
f 1657/1647/1650 1510/1502/1503 1658/1648/1651
f 1658/1648/1651 1510/1502/1503 1509/1501/1502
f 1658/1648/1651 1647/1637/1640 1657/1647/1650
f 1526/1517/1519 1659/1649/1652 1527/1518/1520
f 1526/1517/1519 1512/1504/1505 1659/1649/1652
f 1659/1649/1652 1655/1645/1648 1654/1644/1647
f 1659/1649/1652 1512/1504/1505 1655/1645/1648
f 1660/1650/1653 1654/1644/1647 1652/1642/1645
f 1527/1518/1520 1659/1649/1652 1660/1650/1653
f 1660/1650/1653 1528/1519/1521 1527/1518/1520
f 1659/1649/1652 1654/1644/1647 1660/1650/1653
f 1660/1650/1653 1661/1651/1654 1528/1519/1521
f 1661/1651/1654 1530/1521/1523 1528/1519/1521
f 1652/1642/1645 1661/1651/1654 1660/1650/1653
f 1652/1642/1645 1653/1643/1646 1661/1651/1654
f 1530/1521/1523 1662/1652/1655 1540/1531/1533
f 1661/1651/1654 1662/1652/1655 1530/1521/1523
f 1662/1652/1655 1663/1653/1656 1540/1531/1533
f 1540/1531/1533 1663/1653/1656 1664/1654/1657
f 1665/1655/1658 1666/1656/1659 1663/1653/1656
f 1663/1653/1656 1666/1656/1659 1664/1654/1657
f 1667/1657/1660 1668/1658/1661 1669/1659/1662
f 1669/1659/1662 1662/1652/1655 1661/1651/1654
f 1651/1641/1644 1670/1660/1663 1653/1643/1646
f 1634/1624/1627 1670/1660/1663 1651/1641/1644
f 1670/1660/1663 1667/1657/1660 1669/1659/1662
f 1661/1651/1654 1670/1660/1663 1669/1659/1662
f 1661/1651/1654 1653/1643/1646 1670/1660/1663
f 1671/1661/1664 1662/1652/1655 1669/1659/1662
f 1663/1653/1656 1662/1652/1655 1671/1661/1664
f 1671/1661/1664 1672/1662/1665 1663/1653/1656
f 1663/1653/1656 1672/1662/1665 1665/1655/1658
f 1665/1655/1658 1672/1662/1665 1673/1663/1666
f 1666/1656/1659 1665/1655/1658 1673/1663/1666
f 1673/1663/1666 1674/1664/1667 1666/1656/1659
f 1675/1665/1668 1664/1654/1657 1666/1656/1659
f 1666/1656/1659 1674/1664/1667 1675/1665/1668
f 1676/1666/1669 1675/1665/1668 1674/1664/1667
f 1677/1667/1670 1676/1666/1669 1674/1664/1667
f 1676/1666/1669 1677/1667/1670 1678/1668/1671
f 1676/1666/1669 1678/1668/1671 1675/1665/1668
f 1678/1668/1671 1677/1667/1670 1679/1669/1672
f 1680/1670/1673 1552/1543/1545 1550/1541/1543
f 1535/1526/1528 1678/1668/1671 1680/1670/1673
f 1678/1668/1671 1679/1669/1672 1680/1670/1673
f 1550/1541/1543 1536/1527/1529 1680/1670/1673
f 1680/1670/1673 1536/1527/1529 1535/1526/1528
f 1680/1670/1673 1679/1669/1672 1552/1543/1545
f 1681/1671/1674 1677/1667/1670 1674/1664/1667
f 1682/1672/1675 1677/1667/1670 1681/1671/1674
f 1677/1667/1670 1682/1672/1675 1679/1669/1672
f 1679/1669/1672 1682/1672/1675 1683/1673/1676
f 1684/1674/1677 1679/1669/1672 1683/1673/1676
f 1552/1543/1545 1679/1669/1672 1684/1674/1677
f 1685/1675/1678 1552/1543/1545 1684/1674/1677
f 1686/1676/1679 1552/1543/1545 1685/1675/1678
f 1675/1665/1668 1678/1668/1671 1687/1677/1680
f 1687/1677/1680 1664/1654/1657 1675/1665/1668
f 1687/1677/1680 1678/1668/1671 1535/1526/1528
f 1540/1531/1533 1687/1677/1680 1535/1526/1528
f 1664/1654/1657 1687/1677/1680 1540/1531/1533
f 1688/1678/1681 1689/1679/1682 1690/1680/1683
f 1688/1678/1681 1690/1680/1683 1691/1681/1684
f 1691/1681/1684 1690/1680/1683 1692/1682/1685
f 1693/1683/1686 1692/1682/1685 1690/1680/1683
f 1690/1680/1683 1694/1684/1687 1693/1683/1686
f 1695/1685/1688 1690/1680/1683 1689/1679/1682
f 1694/1684/1687 1690/1680/1683 1695/1685/1688
f 1689/1679/1682 1696/1686/1689 1695/1685/1688
f 1697/1687/1690 1696/1686/1689 1689/1679/1682
f 1694/1684/1687 1698/1688/1691 1699/1689/1692
f 1694/1684/1687 1700/1690/1693 1698/1688/1691
f 1695/1685/1688 1700/1690/1693 1694/1684/1687
f 1696/1686/1689 1701/1691/1694 1695/1685/1688
f 1695/1685/1688 1701/1691/1694 1700/1690/1693
f 1701/1691/1694 1696/1686/1689 1702/1692/1695
f 1702/1692/1695 1696/1686/1689 1703/1693/1696
f 1696/1686/1689 1697/1687/1690 1703/1693/1696
f 1704/1694/1697 1702/1692/1695 1703/1693/1696
f 1697/1687/1690 1704/1694/1697 1703/1693/1696
f 1697/1687/1690 1689/1679/1682 1704/1694/1697
f 1705/1695/1698 1702/1692/1695 1704/1694/1697
f 1706/1696/1699 1689/1679/1682 1688/1678/1681
f 1704/1694/1697 1689/1679/1682 1706/1696/1699
f 1691/1681/1684 1707/1697/1700 1688/1678/1681
f 1688/1678/1681 1707/1697/1700 1706/1696/1699
f 1708/1698/1701 1707/1697/1700 1691/1681/1684
f 1709/1699/1702 1708/1698/1701 1691/1681/1684
f 1710/1700/1703 1708/1698/1701 1709/1699/1702
f 1709/1699/1702 1711/1701/1704 1710/1700/1703
f 1712/1702/1705 1711/1701/1704 1709/1699/1702
f 1713/1703/1706 1711/1701/1704 1712/1702/1705
f 1714/1704/1707 1715/1705/1708 1716/1706/1709
f 1716/1706/1709 1715/1705/1708 1717/1707/1710
f 1718/1708/1711 1717/1707/1710 1715/1705/1708
f 1713/1703/1706 1717/1707/1710 1718/1708/1711
f 1718/1708/1711 1719/1709/1712 1713/1703/1706
f 1719/1709/1712 1711/1701/1704 1713/1703/1706
f 1719/1709/1712 1720/1710/1713 1711/1701/1704
f 1711/1701/1704 1720/1710/1713 1710/1700/1703
f 1710/1700/1703 1720/1710/1713 1721/1711/1714
f 1710/1700/1703 1721/1711/1714 1708/1698/1701
f 1720/1710/1713 1722/1712/1715 1721/1711/1714
f 1723/1713/1716 1719/1709/1712 1718/1708/1711
f 1724/1714/1717 1715/1705/1708 1714/1704/1707
f 1718/1708/1711 1715/1705/1708 1725/1715/1718
f 1725/1715/1718 1715/1705/1708 1724/1714/1717
f 1726/1716/1719 1718/1708/1711 1725/1715/1718
f 1723/1713/1716 1718/1708/1711 1726/1716/1719
f 1726/1716/1719 1727/1717/1720 1723/1713/1716
f 1727/1717/1720 1719/1709/1712 1723/1713/1716
f 1728/1718/1721 1720/1710/1713 1719/1709/1712
f 1728/1718/1721 1719/1709/1712 1727/1717/1720
f 1729/1719/1722 1720/1710/1713 1728/1718/1721
f 1722/1712/1715 1720/1710/1713 1729/1719/1722
f 1730/1720/1723 1727/1717/1720 1726/1716/1719
f 1725/1715/1718 1724/1714/1717 1731/1721/1724
f 1731/1721/1724 1724/1714/1717 1732/1722/1725
f 1726/1716/1719 1725/1715/1718 1733/1723/1726
f 1733/1723/1726 1725/1715/1718 1731/1721/1724
f 1730/1720/1723 1726/1716/1719 1734/1724/1727
f 1734/1724/1727 1726/1716/1719 1733/1723/1726
f 1734/1724/1727 1735/1725/1728 1730/1720/1723
f 1735/1725/1728 1727/1717/1720 1730/1720/1723
f 1736/1726/1729 1727/1717/1720 1735/1725/1728
f 1727/1717/1720 1736/1726/1729 1728/1718/1721
f 1728/1718/1721 1736/1726/1729 1729/1719/1722
f 1737/1727/1730 1729/1719/1722 1736/1726/1729
f 1738/1728/1731 1736/1726/1729 1735/1725/1728
f 1737/1727/1730 1736/1726/1729 1738/1728/1731
f 1739/1729/1732 1738/1728/1731 1735/1725/1728
f 1739/1729/1732 1735/1725/1728 1734/1724/1727
f 1734/1724/1727 1740/1730/1733 1739/1729/1732
f 1734/1724/1727 1741/1731/1734 1740/1730/1733
f 1733/1723/1726 1741/1731/1734 1734/1724/1727
f 1741/1731/1734 1742/1732/1735 1740/1730/1733
f 1743/1733/1736 1742/1732/1735 1741/1731/1734
f 1729/1719/1722 1744/1734/1737 1722/1712/1715
f 1745/1735/1738 1729/1719/1722 1737/1727/1730
f 1745/1735/1738 1744/1734/1737 1729/1719/1722
f 1737/1727/1730 1746/1736/1739 1745/1735/1738
f 1747/1737/1740 1737/1727/1730 1738/1728/1731
f 1746/1736/1739 1737/1727/1730 1747/1737/1740
f 1748/1738/1741 1738/1728/1731 1739/1729/1732
f 1748/1738/1741 1747/1737/1740 1738/1728/1731
f 1739/1729/1732 1749/1739/1742 1748/1738/1741
f 1739/1729/1732 1740/1730/1733 1749/1739/1742
f 1721/1711/1714 1722/1712/1715 1750/1740/1743
f 1721/1711/1714 1750/1740/1743 1708/1698/1701
f 1722/1712/1715 1744/1734/1737 1750/1740/1743
f 1745/1735/1738 1751/1741/1744 1744/1734/1737
f 1751/1741/1744 1750/1740/1743 1744/1734/1737
f 1745/1735/1738 1746/1736/1739 1752/1742/1745
f 1752/1742/1745 1751/1741/1744 1745/1735/1738
f 1753/1743/1746 1752/1742/1745 1746/1736/1739
f 1746/1736/1739 1754/1744/1747 1753/1743/1746
f 1747/1737/1740 1754/1744/1747 1746/1736/1739
f 1755/1745/1748 1747/1737/1740 1748/1738/1741
f 1747/1737/1740 1755/1745/1748 1754/1744/1747
f 1756/1746/1749 1750/1740/1743 1751/1741/1744
f 1757/1747/1750 1750/1740/1743 1756/1746/1749
f 1708/1698/1701 1757/1747/1750 1707/1697/1700
f 1750/1740/1743 1757/1747/1750 1708/1698/1701
f 1758/1748/1751 1757/1747/1750 1756/1746/1749
f 1756/1746/1749 1759/1749/913 1758/1748/1751
f 1751/1741/1744 1759/1749/913 1756/1746/1749
f 1751/1741/1744 1760/1750/1752 1759/1749/913
f 1752/1742/1745 1760/1750/1752 1751/1741/1744
f 1752/1742/1745 1761/1751/1753 1760/1750/1752
f 1761/1751/1753 1752/1742/1745 1753/1743/1746
f 1762/1752/1754 1757/1747/1750 1758/1748/1751
f 1760/1750/1752 1761/1751/1753 1763/1753/1755
f 1761/1751/1753 1753/1743/1746 1764/1754/1756
f 1764/1754/1756 1763/1753/1755 1761/1751/1753
f 1753/1743/1746 1765/1755/1757 1764/1754/1756
f 1754/1744/1747 1765/1755/1757 1753/1743/1746
f 1754/1744/1747 1755/1745/1748 1766/1756/1758
f 1766/1756/1758 1765/1755/1757 1754/1744/1747
f 1755/1745/1748 1767/1757/1759 1766/1756/1758
f 1768/1758/1760 1767/1757/1759 1755/1745/1748
f 1748/1738/1741 1768/1758/1760 1755/1745/1748
f 1767/1757/1759 1768/1758/1760 1769/1759/1761
f 1769/1759/1761 1768/1758/1760 1770/1760/1762
f 1770/1760/1762 1771/1761/1763 1769/1759/1761
f 1772/1762/1764 1765/1755/1757 1766/1756/1758
f 1773/1763/1765 1767/1757/1759 1769/1759/1761
f 1773/1763/1765 1766/1756/1758 1767/1757/1759
f 1772/1762/1764 1766/1756/1758 1773/1763/1765
f 1769/1759/1761 1774/1764/1766 1773/1763/1765
f 1769/1759/1761 1771/1761/1763 1775/1765/1767
f 1774/1764/1766 1769/1759/1761 1775/1765/1767
f 1771/1761/1763 1776/1766/1768 1775/1765/1767
f 1775/1765/1767 1776/1766/1768 1777/1767/874
f 1778/1768/1769 1777/1767/874 1776/1766/1768
f 1775/1765/1767 1779/1769/1770 1774/1764/1766
f 1777/1767/874 1779/1769/1770 1775/1765/1767
f 1780/1770/1771 1781/1771/1772 1782/1772/1773
f 1783/1773/1774 1781/1771/1772 1780/1770/1771
f 1780/1770/1771 1784/1774/1775 1783/1773/1774
f 1784/1774/1775 1785/1775/1776 1783/1773/1774
f 1786/1776/1777 1781/1771/1772 1783/1773/1774
f 1778/1768/1769 1786/1776/1777 1785/1775/1776
f 1785/1775/1776 1786/1776/1777 1783/1773/1774
f 1786/1776/1777 1778/1768/1769 1787/1777/1778
f 1787/1777/1778 1778/1768/1769 1776/1766/1768
f 1771/1761/1763 1787/1777/1778 1776/1766/1768
f 1788/1778/1779 1785/1775/1776 1784/1774/1775
f 1789/1779/1780 1787/1777/1778 1771/1761/1763
f 1770/1760/1762 1789/1779/1780 1771/1761/1763
f 1787/1777/1778 1790/1780/1781 1786/1776/1777
f 1789/1779/1780 1790/1780/1781 1787/1777/1778
f 1786/1776/1777 1790/1780/1781 1791/1781/1782
f 1791/1781/1782 1781/1771/1772 1786/1776/1777
f 1781/1771/1772 1792/1782/1783 1782/1772/1773
f 1791/1781/1782 1792/1782/1783 1781/1771/1772
f 1792/1782/1783 1793/1783/1784 1782/1772/1773
f 1793/1783/1784 1794/1784/1785 1782/1772/1773
f 1795/1785/1786 1768/1758/1760 1748/1738/1741
f 1768/1758/1760 1795/1785/1786 1770/1760/1762
f 1748/1738/1741 1749/1739/1742 1795/1785/1786
f 1796/1786/1787 1789/1779/1780 1770/1760/1762
f 1770/1760/1762 1795/1785/1786 1796/1786/1787
f 1795/1785/1786 1749/1739/1742 1796/1786/1787
f 1797/1787/1788 1790/1780/1781 1789/1779/1780
f 1796/1786/1787 1797/1787/1788 1789/1779/1780
f 1798/1788/1789 1790/1780/1781 1797/1787/1788
f 1743/1733/1736 1798/1788/1789 1742/1732/1735
f 1797/1787/1788 1742/1732/1735 1798/1788/1789
f 1790/1780/1781 1799/1789/1790 1791/1781/1782
f 1799/1789/1790 1790/1780/1781 1798/1788/1789
f 1749/1739/1742 1740/1730/1733 1800/1790/1791
f 1800/1790/1791 1797/1787/1788 1796/1786/1787
f 1800/1790/1791 1740/1730/1733 1742/1732/1735
f 1800/1790/1791 1742/1732/1735 1797/1787/1788
f 1796/1786/1787 1749/1739/1742 1800/1790/1791
f 1801/1791/1792 1798/1788/1789 1743/1733/1736
f 1798/1788/1789 1801/1791/1792 1799/1789/1790
f 1802/1792/1793 1801/1791/1792 1743/1733/1736
f 1803/1793/1794 1801/1791/1792 1802/1792/1793
f 1804/1794/1795 1803/1793/1794 1802/1792/1793
f 1803/1793/1794 1805/1795/1796 1801/1791/1792
f 1799/1789/1790 1801/1791/1792 1805/1795/1796
f 1806/1796/1797 1805/1795/1796 1803/1793/1794
f 1807/1797/1798 1803/1793/1794 1804/1794/1795
f 1803/1793/1794 1807/1797/1798 1806/1796/1797
f 1806/1796/1797 1807/1797/1798 1808/1798/1799
f 1809/1799/1800 1808/1798/1799 1807/1797/1798
f 1804/1794/1795 1809/1799/1800 1807/1797/1798
f 1810/1800/1801 1808/1798/1799 1809/1799/1800
f 1809/1799/1800 1811/1801/1802 1810/1800/1801
f 1811/1801/1802 1809/1799/1800 1812/1802/1803
f 1791/1781/1782 1799/1789/1790 1813/1803/1804
f 1813/1803/1804 1792/1782/1783 1791/1781/1782
f 1799/1789/1790 1805/1795/1796 1813/1803/1804
f 1814/1804/1805 1792/1782/1783 1813/1803/1804
f 1813/1803/1804 1805/1795/1796 1814/1804/1805
f 1805/1795/1796 1806/1796/1797 1814/1804/1805
f 1793/1783/1784 1792/1782/1783 1814/1804/1805
f 1814/1804/1805 1806/1796/1797 1815/1805/1806
f 1814/1804/1805 1815/1805/1806 1793/1783/1784
f 1806/1796/1797 1808/1798/1799 1815/1805/1806
f 1815/1805/1806 1808/1798/1799 1816/1806/1807
f 1817/1807/1808 1808/1798/1799 1810/1800/1801
f 1816/1806/1807 1808/1798/1799 1817/1807/1808
f 1816/1806/1807 1817/1807/1808 1818/1808/1809
f 1793/1783/1784 1815/1805/1806 1819/1809/1810
f 1819/1809/1810 1816/1806/1807 1818/1808/1809
f 1815/1805/1806 1816/1806/1807 1819/1809/1810
f 1818/1808/1809 1817/1807/1808 1820/1810/1811
f 1819/1809/1810 1821/1811/1812 1793/1783/1784
f 1821/1811/1812 1794/1784/1785 1793/1783/1784
f 1822/1812/1813 1821/1811/1812 1819/1809/1810
f 1819/1809/1810 1818/1808/1809 1822/1812/1813
f 1822/1812/1813 1818/1808/1809 1823/1813/1814
f 1818/1808/1809 1820/1810/1811 1823/1813/1814
f 1823/1813/1814 1820/1810/1811 1824/1814/1815
f 1820/1810/1811 1825/1815/1816 1824/1814/1815
f 1824/1814/1815 1825/1815/1816 1826/1816/1817
f 1826/1816/1817 1825/1815/1816 1827/1817/1818
f 1827/1817/1818 1828/1818/1819 1826/1816/1817
f 1827/1817/1818 1829/1819/1820 1828/1818/1819
f 1828/1818/1819 1829/1819/1820 1830/1820/1821
f 1817/1807/1808 1831/1821/1822 1832/1810/1823
f 1831/1821/1822 1827/1817/1818 1825/1815/1816
f 1832/1810/1823 1831/1821/1822 1825/1815/1816
f 1810/1800/1801 1831/1821/1822 1817/1807/1808
f 1833/1822/1824 1827/1817/1818 1831/1821/1822
f 1834/1823/1825 1831/1821/1822 1810/1800/1801
f 1834/1823/1825 1833/1822/1824 1831/1821/1822
f 1810/1800/1801 1811/1801/1802 1834/1823/1825
f 1811/1801/1802 1835/1824/1826 1834/1823/1825
f 1836/1825/1827 1833/1822/1824 1834/1823/1825
f 1835/1824/1826 1837/1826/1828 1836/1825/1827
f 1834/1823/1825 1835/1824/1826 1836/1825/1827
f 1827/1817/1818 1838/1827/1829 1829/1819/1820
f 1833/1822/1824 1838/1827/1829 1827/1817/1818
f 1833/1822/1824 1836/1825/1827 1838/1827/1829
f 1839/1828/1830 1829/1819/1820 1838/1827/1829
f 1840/1829/1831 1829/1819/1820 1839/1828/1830
f 1838/1827/1829 1836/1825/1827 1841/1830/1832
f 1836/1825/1827 1837/1826/1828 1841/1830/1832
f 1841/1830/1832 1839/1828/1830 1838/1827/1829
f 1837/1826/1828 1842/1831/1833 1841/1830/1832
f 1842/1831/1833 1843/1832/1834 1841/1830/1832
f 1843/1832/1834 1839/1828/1830 1841/1830/1832
f 1844/1833/849 1843/1832/1834 1842/1831/1833
f 1845/1834/900 1846/1835/1835 1847/1836/901
f 1848/1837/1836 1846/1835/1835 1845/1834/900
f 1845/1834/900 1849/1838/1837 1848/1837/1836
f 1850/1839/1838 1844/1833/849 1842/1831/1833
f 1848/1837/1836 1849/1838/1837 1850/1839/1838
f 1850/1839/1838 1849/1838/1837 1851/1840/1839
f 1851/1840/1839 1844/1833/849 1850/1839/1838
f 1850/1839/1838 1842/1831/1833 1852/1841/1840
f 1852/1841/1840 1842/1831/1833 1837/1826/1828
f 1837/1826/1828 1835/1824/1826 1852/1841/1840
f 1853/1842/1841 1850/1839/1838 1852/1841/1840
f 1853/1842/1841 1846/1835/1835 1848/1837/1836
f 1848/1837/1836 1850/1839/1838 1853/1842/1841
f 1852/1841/1840 1835/1824/1826 1854/1843/1842
f 1854/1843/1842 1811/1801/1802 1812/1802/1803
f 1835/1824/1826 1811/1801/1802 1854/1843/1842
f 1854/1843/1842 1855/1844/1843 1852/1841/1840
f 1852/1841/1840 1855/1844/1843 1853/1842/1841
f 1853/1842/1841 1856/1845/1844 1846/1835/1835
f 1855/1844/1843 1856/1845/1844 1853/1842/1841
f 1812/1802/1803 1857/1846/1845 1854/1843/1842
f 1854/1843/1842 1857/1846/1845 1855/1844/1843
f 1855/1844/1843 1857/1846/1845 1856/1845/1844
f 1856/1845/1844 1857/1846/1845 1858/1847/1846
f 1858/1847/1846 1859/1848/1847 1856/1845/1844
f 1860/1849/1848 1859/1848/1847 1858/1847/1846
f 1860/1849/1848 1724/1714/1717 1714/1704/1707
f 1858/1847/1846 1732/1722/1725 1860/1849/1848
f 1860/1849/1848 1732/1722/1725 1724/1714/1717
f 1860/1849/1848 1861/1850/1849 1859/1848/1847
f 1714/1704/1707 1861/1850/1849 1860/1849/1848
f 1861/1850/1849 1862/1851/1850 1859/1848/1847
f 1859/1848/1847 1862/1851/1850 1863/1852/667
f 1862/1851/1850 1847/1836/901 1863/1852/667
f 1847/1836/901 1846/1835/1835 1863/1852/667
f 1846/1835/1835 1856/1845/1844 1863/1852/667
f 1863/1852/667 1856/1845/1844 1859/1848/1847
f 1864/1853/1851 1847/1836/901 1862/1851/1850
f 1865/1854/1852 1864/1853/1851 1862/1851/1850
f 1862/1851/1850 1861/1850/1849 1865/1854/1852
f 1861/1850/1849 1714/1704/1707 1866/1855/1853
f 1865/1854/1852 1861/1850/1849 1866/1855/1853
f 1866/1855/1853 1714/1704/1707 1716/1706/1709
f 1713/1703/1706 1867/1856/1854 1717/1707/1710
f 1712/1702/1705 1709/1699/1702 1867/1856/1854
f 1712/1702/1705 1867/1856/1854 1713/1703/1706
f 1868/1857/1855 1717/1707/1710 1867/1856/1854
f 1716/1706/1709 1717/1707/1710 1868/1857/1855
f 1869/1858/1856 1716/1706/1709 1868/1857/1855
f 1866/1855/1853 1716/1706/1709 1869/1858/1856
f 1865/1854/1852 1866/1855/1853 1870/1859/1857
f 1870/1859/1857 1869/1858/1856 1692/1682/1685
f 1870/1859/1857 1866/1855/1853 1869/1858/1856
f 1693/1683/1686 1870/1859/1857 1692/1682/1685
f 1870/1859/1857 1871/1860/1858 1865/1854/1852
f 1872/1861/1859 1864/1853/1851 1865/1854/1852
f 1871/1860/1858 1872/1861/1859 1865/1854/1852
f 1694/1684/1687 1873/1862/1860 1693/1683/1686
f 1873/1862/1860 1870/1859/1857 1693/1683/1686
f 1873/1862/1860 1871/1860/1858 1870/1859/1857
f 1692/1682/1685 1874/1863/1861 1691/1681/1684
f 1869/1858/1856 1868/1857/1855 1874/1863/1861
f 1692/1682/1685 1869/1858/1856 1874/1863/1861
f 1874/1863/1861 1875/1864/1862 1691/1681/1684
f 1868/1857/1855 1867/1856/1854 1875/1864/1862
f 1867/1856/1854 1709/1699/1702 1875/1864/1862
f 1874/1863/1861 1868/1857/1855 1875/1864/1862
f 1709/1699/1702 1691/1681/1684 1875/1864/1862
f 1762/1752/1754 1876/1865/1863 1757/1747/1750
f 1757/1747/1750 1876/1865/1863 1707/1697/1700
f 1877/1866/1864 1876/1865/1863 1762/1752/1754
f 1878/1867/1865 1876/1865/1863 1877/1866/1864
f 1878/1867/1865 1877/1866/1864 1879/1868/1866
f 1878/1867/1865 1879/1868/1866 1880/1869/1698
f 1704/1694/1697 1706/1696/1699 1880/1869/1698
f 1880/1869/1698 1876/1865/1863 1878/1867/1865
f 1706/1696/1699 1707/1697/1700 1881/1870/1867
f 1707/1697/1700 1876/1865/1863 1881/1870/1867
f 1881/1870/1867 1876/1865/1863 1880/1869/1698
f 1880/1869/1698 1706/1696/1699 1881/1870/1867
f 736/736/736 739/739/739 1882/1871/1868
f 739/739/739 745/745/745 1882/1871/1868
f 737/737/737 736/736/736 1882/1871/1868
f 1882/1871/1868 745/745/745 737/737/737
f 674/674/674 1883/1872/1612 677/677/677
f 698/698/698 1884/1873/1869 674/674/674
f 697/697/697 1884/1873/1869 698/698/698
f 1884/1873/1869 1883/1872/1612 674/674/674
f 1884/1873/1869 697/697/697 1885/1874/1870
f 697/697/697 696/696/696 1885/1874/1870
f 696/696/696 703/703/703 1885/1874/1870
f 1885/1874/1870 1883/1872/1612 1884/1873/1869
f 1886/1875/1871 1883/1872/1612 1885/1874/1870
f 703/703/703 1886/1875/1871 1885/1874/1870
f 1887/1876/1872 1886/1875/1871 703/703/703
f 707/707/707 713/713/713 1887/1876/1872
f 1887/1876/1872 703/703/703 707/707/707
f 1888/1877/1614 1886/1875/1871 1887/1876/1872
f 1887/1876/1872 1889/1878/1607 1888/1877/1614
f 1890/1879/1873 1887/1876/1872 713/713/713
f 713/713/713 711/711/711 1890/1879/1873
f 1890/1879/1873 1889/1878/1607 1887/1876/1872
f 1890/1879/1873 711/711/711 1891/1880/1874
f 1891/1880/1874 711/711/711 710/710/710
f 719/719/719 1892/1881/1875 710/710/710
f 710/710/710 1892/1881/1875 1891/1880/1874
f 719/719/719 729/729/729 1892/1881/1875
f 1891/1880/1874 1893/1882/1876 1890/1879/1873
f 743/743/743 1893/1882/1876 729/729/729
f 729/729/729 1893/1882/1876 1892/1881/1875
f 1892/1881/1875 1893/1882/1876 1891/1880/1874
f 1894/1883/1877 1895/1884/1878 1896/1885/1879
f 1896/1885/1879 1895/1884/1878 1897/1886/1880
f 1895/1884/1878 1898/1887/1881 1897/1886/1880
f 1899/1888/1882 1896/1885/1879 1897/1886/1880
f 1900/1889/1883 1896/1885/1879 1899/1888/1882
f 1901/1890/1884 1902/1891/1885 1894/1883/1877
f 1901/1890/1884 1894/1883/1877 1896/1885/1879
f 1903/1892/1886 1902/1891/1885 1901/1890/1884
f 1900/1889/1883 1904/1893/1887 1896/1885/1879
f 1896/1885/1879 1904/1893/1887 1901/1890/1884
f 1900/1889/1883 1905/1894/1888 1904/1893/1887
f 1899/1888/1882 1905/1894/1888 1900/1889/1883
f 1906/1895/1889 1905/1894/1888 1899/1888/1882
f 1906/1895/1889 1899/1888/1882 1907/1896/1890
f 1908/1897/1891 1906/1895/1889 1907/1896/1890
f 1908/1897/1891 1909/1898/1892 1910/1899/1893
f 1910/1899/1893 1906/1895/1889 1908/1897/1891
f 1909/1898/1892 1911/1900/1894 1910/1899/1893
f 1907/1896/1890 1912/1901/1895 1908/1897/1891
f 1912/1901/1895 1909/1898/1892 1908/1897/1891
f 1913/1902/1896 1909/1898/1892 1912/1901/1895
f 1913/1902/1896 1911/1900/1894 1909/1898/1892
f 1913/1902/1896 1914/1903/1897 1911/1900/1894
f 1915/1904/1898 1914/1903/1897 1913/1902/1896
f 1913/1902/1896 1916/1905/1899 1915/1904/1898
f 1912/1901/1895 1916/1905/1899 1913/1902/1896
f 1915/1904/1898 1916/1905/1899 1917/1906/1900
f 1918/1907/1901 1917/1906/1900 1916/1905/1899
f 1898/1887/1881 1917/1906/1900 1918/1907/1901
f 1918/1907/1901 1916/1905/1899 1912/1901/1895
f 1897/1886/1880 1898/1887/1881 1919/1908/1902
f 1912/1901/1895 1919/1908/1902 1918/1907/1901
f 1919/1908/1902 1898/1887/1881 1918/1907/1901
f 1920/1909/1903 1919/1908/1902 1912/1901/1895
f 1920/1909/1903 1912/1901/1895 1907/1896/1890
f 1920/1909/1903 1899/1888/1882 1897/1886/1880
f 1897/1886/1880 1919/1908/1902 1920/1909/1903
f 1907/1896/1890 1899/1888/1882 1920/1909/1903
f 826/825/826 825/824/825 1921/1910/1904
f 1922/1911/1905 1921/1910/1904 825/824/825
f 1923/1912/1906 1921/1910/1904 1922/1911/1905
f 1922/1911/1905 1924/1913/1907 1923/1912/1906
f 1923/1912/1906 1924/1913/1907 1925/1914/1908
f 1925/1914/1908 1926/1915/1909 1923/1912/1906
f 1923/1912/1906 1927/1916/1910 1921/1910/1904
f 1927/1916/1910 1926/1915/1909 828/827/828
f 1923/1912/1906 1926/1915/1909 1927/1916/1910
f 828/827/828 1926/1915/1909 1928/1917/1911
f 1929/1918/1912 828/827/828 1928/1917/1911
f 830/829/830 828/827/828 1929/1918/1912
f 1921/1910/1904 1930/1919/1913 826/825/826
f 827/826/827 1930/1919/1913 828/827/828
f 828/827/828 1930/1919/1913 1927/1916/1910
f 1921/1910/1904 1927/1916/1910 1930/1919/1913
f 826/825/826 1930/1919/1913 827/826/827
f 1931/1920/1914 825/824/825 821/820/821
f 1922/1911/1905 825/824/825 1931/1920/1914
f 1932/1921/1915 1922/1911/1905 1931/1920/1914
f 1924/1913/1907 1922/1911/1905 1932/1921/1915
f 1932/1921/1915 1933/1922/1916 1924/1913/1907
f 1924/1913/1907 1933/1922/1916 1925/1914/1908
f 1934/1923/1917 1935/1924/1918 1936/1925/1919
f 1935/1924/1918 1934/1923/1917 1937/1926/1920
f 1937/1926/1920 1934/1923/1917 1933/1922/1916
f 1937/1926/1920 1933/1922/1916 1932/1921/1915
f 1938/1927/1921 1935/1924/1918 1939/1928/1922
f 1940/1929/1923 1938/1927/1921 1939/1928/1922
f 1939/1928/1922 1941/1930/1924 1940/1929/1923
f 1939/1928/1922 1935/1924/1918 1941/1930/1924
f 1941/1930/1924 1935/1924/1918 1937/1926/1920
f 1932/1921/1915 1942/1931/1925 1937/1926/1920
f 1937/1926/1920 1942/1931/1925 1941/1930/1924
f 1931/1920/1914 1943/1932/1926 1932/1921/1915
f 1931/1920/1914 821/820/821 1943/1932/1926
f 1943/1932/1926 821/820/821 820/819/820
f 1932/1921/1915 1943/1932/1926 1942/1931/1925
f 819/818/819 1942/1931/1925 1943/1932/1926
f 1943/1932/1926 820/819/820 819/818/819
f 1944/1933/1927 1942/1931/1925 819/818/819
f 1944/1933/1927 1941/1930/1924 1942/1931/1925
f 819/818/819 810/809/810 1945/1934/1928
f 819/818/819 1945/1934/1928 1944/1933/1927
f 810/809/810 809/808/809 1945/1934/1928
f 1945/1934/1928 809/808/809 1946/1935/1929
f 807/806/807 1946/1935/1929 809/808/809
f 1944/1933/1927 1945/1934/1928 1947/1936/1930
f 1945/1934/1928 1946/1935/1929 1947/1936/1930
f 1947/1936/1930 1946/1935/1929 1948/1937/1931
f 1948/1937/1931 1949/1938/1932 1947/1936/1930
f 1947/1936/1930 1949/1938/1932 1944/1933/1927
f 1950/1939/1933 1941/1930/1924 1944/1933/1927
f 1944/1933/1927 1949/1938/1932 1950/1939/1933
f 1940/1929/1923 1941/1930/1924 1950/1939/1933
f 1949/1938/1932 1951/1940/1934 1950/1939/1933
f 1950/1939/1933 1951/1940/1934 1940/1929/1923
f 1951/1940/1934 1952/1941/1935 1940/1929/1923
f 1949/1938/1932 1953/1942/1936 1951/1940/1934
f 1951/1940/1934 1953/1942/1936 1952/1941/1935
f 1954/1943/1937 1953/1942/1936 1949/1938/1932
f 1954/1943/1937 1949/1938/1932 1948/1937/1931
f 1948/1937/1931 1955/1944/641 1954/1943/1937
f 1956/1945/1938 1955/1944/641 1948/1937/1931
f 1946/1935/1929 1956/1945/1938 1948/1937/1931
f 1956/1945/1938 1957/1946/1939 1955/1944/641
f 1958/1947/1940 1946/1935/1929 807/806/807
f 1958/1947/1940 1956/1945/1938 1946/1935/1929
f 1956/1945/1938 1958/1947/1940 1957/1946/1939
f 1957/1946/1939 1959/1948/1941 1960/1949/1942
f 1955/1944/641 1957/1946/1939 1960/1949/1942
f 1954/1943/1937 1961/1950/1943 1953/1942/1936
f 1955/1944/641 1960/1949/1942 1961/1950/1943
f 1955/1944/641 1961/1950/1943 1954/1943/1937
f 1952/1941/1935 1953/1942/1936 1962/1951/1944
f 1953/1942/1936 1961/1950/1943 1962/1951/1944
f 1963/1952/1945 1960/1949/1942 1959/1948/1941
f 1961/1950/1943 1960/1949/1942 1964/1953/1946
f 1964/1953/1946 1960/1949/1942 1963/1952/1945
f 1962/1951/1944 1961/1950/1943 1965/1954/1947
f 1961/1950/1943 1964/1953/1946 1965/1954/1947
f 1966/1955/1948 1964/1953/1946 1963/1952/1945
f 1967/1956/1949 1964/1953/1946 1966/1955/1948
f 1965/1954/1947 1964/1953/1946 1967/1956/1949
f 1968/1957/1950 1967/1956/1949 1966/1955/1948
f 1969/1958/1951 1967/1956/1949 1968/1957/1950
f 1970/1959/1952 1967/1956/1949 1969/1958/1951
f 1965/1954/1947 1967/1956/1949 1970/1959/1952
f 1971/1960/1953 1965/1954/1947 1970/1959/1952
f 1962/1951/1944 1965/1954/1947 1971/1960/1953
f 1971/1960/1953 1972/1961/1954 1962/1951/1944
f 1962/1951/1944 1972/1961/1954 1952/1941/1935
f 1972/1961/1954 1973/1962/1955 1952/1941/1935
f 1973/1962/1955 1938/1927/1921 1940/1929/1923
f 1940/1929/1923 1952/1941/1935 1973/1962/1955
f 1936/1925/1919 1935/1924/1918 1974/1963/1956
f 1974/1963/1956 1935/1924/1918 1938/1927/1921
f 1971/1960/1953 1975/1964/1957 1972/1961/1954
f 1972/1961/1954 1976/1965/1958 1973/1962/1955
f 1975/1964/1957 1976/1965/1958 1972/1961/1954
f 1973/1962/1955 1976/1965/1958 1938/1927/1921
f 1938/1927/1921 1976/1965/1958 1977/1966/1959
f 1938/1927/1921 1978/1967/1960 1974/1963/1956
f 1977/1966/1959 1978/1967/1960 1938/1927/1921
f 1978/1967/1960 1979/1968/1961 1974/1963/1956
f 1936/1925/1919 1974/1963/1956 1979/1968/1961
f 1980/1969/1962 1979/1968/1961 1978/1967/1960
f 1979/1968/1961 1980/1969/1962 1981/1970/1963
f 1977/1966/1959 1982/1971/1964 1978/1967/1960
f 1982/1971/1964 1980/1969/1962 1978/1967/1960
f 1983/1972/1965 1982/1971/1964 1977/1966/1959
f 1983/1972/1965 1977/1966/1959 1984/1973/1966
f 1984/1973/1966 1977/1966/1959 1976/1965/1958
f 1976/1965/1958 1985/1974/1967 1984/1973/1966
f 1975/1964/1957 1985/1974/1967 1976/1965/1958
f 1986/1975/1968 1975/1964/1957 1971/1960/1953
f 1971/1960/1953 1970/1959/1952 1986/1975/1968
f 1986/1975/1968 1985/1974/1967 1975/1964/1957
f 1986/1975/1968 1970/1959/1952 1987/1976/1969
f 1970/1959/1952 1969/1958/1951 1987/1976/1969
f 1987/1976/1969 1969/1958/1951 1988/1977/1970
f 1968/1957/1950 1988/1977/1970 1969/1958/1951
f 1989/1978/1971 1987/1976/1969 1988/1977/1970
f 1990/1979/1972 1987/1976/1969 1989/1978/1971
f 1991/1980/1973 1985/1974/1967 1986/1975/1968
f 1986/1975/1968 1987/1976/1969 1991/1980/1973
f 1991/1980/1973 1987/1976/1969 1990/1979/1972
f 1991/1980/1973 1992/1981/1974 1985/1974/1967
f 1992/1981/1974 1984/1973/1966 1985/1974/1967
f 1993/1982/1975 1992/1981/1974 1991/1980/1973
f 1994/1983/1976 1991/1980/1973 1990/1979/1972
f 1995/1982/1977 1991/1980/1973 1994/1983/1976
f 1990/1979/1972 1996/1984/1978 1994/1983/1976
f 1997/1985/1979 1990/1979/1972 1989/1978/1971
f 1996/1984/1978 1990/1979/1972 1997/1985/1979
f 1997/1985/1979 1989/1978/1971 1998/1986/1980
f 1998/1986/1980 1989/1978/1971 1999/1987/1981
f 1999/1987/1981 1988/1977/1970 1968/1957/1950
f 1989/1978/1971 1988/1977/1970 1999/1987/1981
f 2000/1952/1982 1959/1948/1941 2001/1988/1983
f 1966/1955/1948 2002/1989/1984 1968/1957/1950
f 2002/1989/1984 2000/1952/1982 2001/1988/1983
f 1966/1955/1948 2000/1952/1982 2002/1989/1984
f 1968/1957/1950 2003/1990/1985 1999/1987/1981
f 1968/1957/1950 2002/1989/1984 2003/1990/1985
f 2004/1991/1986 1998/1986/1980 1999/1987/1981
f 1999/1987/1981 2003/1990/1985 2004/1991/1986
f 2005/1992/1987 1998/1986/1980 2004/1991/1986
f 2005/1992/1987 2004/1991/1986 2006/1993/1988
f 2004/1991/1986 2007/1994/1989 2006/1993/1988
f 2003/1990/1985 2007/1994/1989 2004/1991/1986
f 2008/1995/1990 2007/1994/1989 2003/1990/1985
f 2009/1996/1991 2007/1994/1989 2008/1995/1990
f 2003/1990/1985 2010/1997/1992 2008/1995/1990
f 2002/1989/1984 2010/1997/1992 2003/1990/1985
f 2011/1998/1993 2002/1989/1984 2001/1988/1983
f 2010/1997/1992 2002/1989/1984 2011/1998/1993
f 2001/1988/1983 1959/1948/1941 2012/1999/1994
f 2001/1988/1983 2012/1999/1994 2011/1998/1993
f 2013/2000/1995 1959/1948/1941 1957/1946/1939
f 1959/1948/1941 2013/2000/1995 2012/1999/1994
f 2010/1997/1992 2011/1998/1993 2014/2001/1996
f 2010/1997/1992 2015/2002/1997 2008/1995/1990
f 2014/2001/1996 2015/2002/1997 2010/1997/1992
f 2014/2001/1996 2011/1998/1993 2016/2003/1487
f 2016/2003/1487 2011/1998/1993 2017/2004/1998
f 2012/1999/1994 2018/2005/1999 2011/1998/1993
f 2017/2004/1998 2011/1998/1993 2018/2005/1999
f 2018/2005/1999 2012/1999/1994 2019/2006/976
f 2012/1999/1994 2020/2007/2000 2019/2006/976
f 2021/2008/2001 2020/2007/2000 2012/1999/1994
f 2012/1999/1994 2013/2000/1995 2021/2008/2001
f 2022/2009/2002 2021/2008/2001 2023/2010/2003
f 2013/2000/1995 1957/1946/1939 2023/2010/2003
f 2023/2010/2003 2021/2008/2001 2013/2000/1995
f 1957/1946/1939 1958/1947/1940 2024/2011/2004
f 808/807/808 2024/2011/2004 807/806/807
f 2023/2010/2003 1957/1946/1939 2024/2011/2004
f 807/806/807 2024/2011/2004 1958/1947/1940
f 2025/2012/2005 2024/2011/2004 808/807/808
f 2023/2010/2003 2024/2011/2004 2025/2012/2005
f 2026/2013/2006 2023/2010/2003 2025/2012/2005
f 2022/2009/2002 2023/2010/2003 2026/2013/2006
f 2026/2013/2006 2027/2014/2007 2022/2009/2002
f 2028/2015/2008 2029/2016/2009 2030/2017/2010
f 2030/2017/2010 2031/2018/2011 2028/2015/2008
f 2031/2018/2011 2032/2019/2012 2028/2015/2008
f 2027/2014/2007 2032/2019/2012 2031/2018/2011
f 2027/2014/2007 2033/2020/2013 2032/2019/2012
f 2026/2013/2006 2033/2020/2013 2027/2014/2007
f 2033/2020/2013 2026/2013/2006 2034/2021/2014
f 2034/2021/2014 2026/2013/2006 2025/2012/2005
f 808/807/808 2034/2021/2014 2025/2012/2005
f 2035/2022/2015 2029/2016/2009 2028/2015/2008
f 2035/2022/2015 2028/2015/2008 2036/2023/2016
f 2036/2023/2016 2028/2015/2008 2032/2019/2012
f 2036/2023/2016 2032/2019/2012 2037/2024/2017
f 2037/2024/2017 794/793/794 793/792/793
f 2037/2024/2017 2032/2019/2012 2033/2020/2013
f 2037/2024/2017 793/792/793 2036/2023/2016
f 2038/2025/2018 2033/2020/2013 2034/2021/2014
f 2038/2025/2018 2037/2024/2017 2033/2020/2013
f 2038/2025/2018 800/799/800 794/793/794
f 2038/2025/2018 794/793/794 2037/2024/2017
f 2039/2026/2019 808/807/808 802/801/802
f 2039/2026/2019 2034/2021/2014 808/807/808
f 2039/2026/2019 2038/2025/2018 2034/2021/2014
f 802/801/802 798/797/798 2039/2026/2019
f 800/799/800 2038/2025/2018 2039/2026/2019
f 2039/2026/2019 798/797/798 800/799/800
f 2036/2023/2016 2040/2027/2020 2035/2022/2015
f 2036/2023/2016 793/792/793 2040/2027/2020
f 2035/2022/2015 2040/2027/2020 2041/2028/2021
f 2042/2029/2022 2040/2027/2020 793/792/793
f 2043/2030/2023 793/792/793 792/791/792
f 2042/2029/2022 793/792/793 2043/2030/2023
f 2044/2031/2024 2041/2028/2021 2040/2027/2020
f 2044/2031/2024 2040/2027/2020 2042/2029/2022
f 2045/2032/2025 2041/2028/2021 2044/2031/2024
f 2041/2028/2021 2045/2032/2025 2046/2033/2026
f 2047/2034/2027 2041/2028/2021 2046/2033/2026
f 2035/2022/2015 2048/2035/1779 2029/2016/2009
f 2048/2035/1779 2041/2028/2021 2047/2034/2027
f 2041/2028/2021 2048/2035/1779 2035/2022/2015
f 776/776/776 2049/775/2028 791/775/791
f 2049/775/2028 2050/783/548 791/775/791
f 2050/783/548 2051/2036/2029 791/775/791
f 790/790/790 791/775/791 2051/2036/2029
f 2052/2037/2030 795/794/795 790/790/790
f 2051/2036/2029 2052/2037/2030 790/790/790
f 2053/2038/2031 2043/2030/2023 792/791/792
f 2053/2038/2031 795/794/795 2052/2037/2030
f 792/791/792 795/794/795 2053/2038/2031
f 2021/2008/2001 2022/2009/2002 2054/2039/2032
f 2020/2007/2000 2021/2008/2001 2054/2039/2032
f 2054/2039/2032 2022/2009/2002 2055/2040/2033
f 2022/2009/2002 2027/2014/2007 2055/2040/2033
f 2027/2014/2007 2031/2018/2011 2056/2041/2034
f 2056/2041/2034 2055/2040/2033 2027/2014/2007
f 2056/2041/2034 2031/2018/2011 2057/2042/2035
f 2058/2043/1773 2031/2018/2011 2030/2017/2010
f 2031/2018/2011 2058/2043/1773 2057/2042/2035
f 908/907/908 910/909/910 2059/2044/2036
f 2059/2044/2036 904/903/904 908/907/908
f 2059/2044/2036 888/887/888 904/903/904
f 939/938/939 2060/2045/2037 940/939/940
f 940/939/940 2060/2045/2037 941/940/941
f 1103/1100/1103 2061/2046/2038 939/938/939
f 2061/2046/2038 1103/1100/1103 1102/1099/1102
f 939/938/939 2061/2046/2038 2060/2045/2037
f 2062/2047/2039 1109/1106/1109 1110/1107/1110
f 1108/1105/1108 1109/1106/1109 2063/2048/2040
f 2063/2048/2040 1109/1106/1109 2062/2047/2039
f 1108/1105/1108 2063/2048/2040 1106/1103/1106
f 1106/1103/1106 2063/2048/2040 2064/2049/2041
f 2065/1099/2042 1106/1103/1106 2064/2049/2041
f 2061/2046/2038 2065/1099/2042 2064/2049/2041
f 2061/2046/2038 2066/2050/2043 2060/2045/2037
f 941/940/941 2060/2045/2037 2066/2050/2043
f 2064/2049/2041 2066/2050/2043 2061/2046/2038
f 2067/2051/2044 2068/2052/2045 2069/2053/2046
f 2068/2052/2045 2070/2054/1067 2069/2053/2046
f 2069/2053/2046 2070/2054/1067 2071/2055/2047
f 2072/2056/2048 2069/2053/2046 2071/2055/2047
f 2073/2057/2049 2069/2053/2046 2072/2056/2048
f 2074/2058/2050 2075/2059/2051 2069/2053/2046
f 2076/2060/2052 2069/2053/2046 2075/2059/2051
f 2077/2061/2053 2069/2053/2046 2076/2060/2052
f 2078/2062/2054 2069/2053/2046 2077/2061/2053
f 2079/2063/2055 2069/2053/2046 2078/2062/2054
f 2080/2064/2056 2069/2053/2046 2079/2063/2055
f 2081/2065/2057 2069/2053/2046 2080/2064/2056
f 2069/2053/2046 2081/2065/2057 2082/2066/2058
f 2083/2067/2059 2067/2051/2044 2069/2053/2046
f 2083/2067/2059 2069/2053/2046 2082/2066/2058
f 2073/2057/2049 2084/2068/2060 2069/2053/2046
f 2084/2068/2060 2085/2069/2061 2069/2053/2046
f 2085/2069/2061 2086/2070/2062 2069/2053/2046
f 2069/2053/2046 2086/2070/2062 2087/2071/2063
f 2087/2071/2063 2088/2072/2064 2069/2053/2046
f 2069/2053/2046 2088/2072/2064 2089/2073/2065
f 2089/2073/2065 2090/2074/2066 2069/2053/2046
f 2090/2074/2066 2091/2075/2067 2069/2053/2046
f 2074/2058/2050 2069/2053/2046 2092/2076/2068
f 2092/2076/2068 2069/2053/2046 2091/2075/2067
f 1018/1017/1018 2093/2077/2069 992/991/992
f 993/992/993 992/991/992 2093/2077/2069
f 2093/2077/2069 995/994/995 993/992/993
f 2094/2078/2070 1018/1017/1018 1023/1022/1023
f 1018/1017/1018 2094/2078/2070 2093/2077/2069
f 2093/2077/2069 2094/2078/2070 2095/2079/2071
f 2093/2077/2069 2095/2079/2071 2096/2080/2072
f 2096/2080/2072 995/994/995 2093/2077/2069
f 2096/2080/2072 990/989/990 995/994/995
f 2096/2080/2072 2095/2079/2071 2097/2081/60
f 1004/1003/1004 2098/2082/2073 1005/1004/1005
f 2098/2082/2073 1036/1035/1036 1005/1004/1005
f 1004/1003/1004 1008/1007/1008 2099/2083/2074
f 2099/2083/2074 2098/2082/2073 1004/1003/1004
f 2100/2084/2075 1010/1009/1010 1012/1011/1012
f 1008/1007/1008 1010/1009/1010 2100/2084/2075
f 2099/2083/2074 1008/1007/1008 2100/2084/2075
f 2101/2085/13 2102/2086/2076 2103/2087/2077
f 2103/2087/2077 2104/2088/7 2101/2085/13
f 2105/2089/2078 2106/2090/2079 2107/2091/2080
f 2106/2090/2079 2105/2089/2078 2108/2092/2081
f 2109/2093/2082 2104/2088/7 2108/2092/2081
f 2108/2092/2081 2105/2089/2078 2109/2093/2082
f 2108/2092/2081 2104/2088/7 2110/2094/2083
f 2110/2094/2083 2104/2088/7 2103/2087/2077
f 2111/2095/2084 2110/2094/2083 2103/2087/2077
f 2103/2087/2077 2102/2086/2076 2112/2096/2085
f 2103/2087/2077 2112/2096/2085 2111/2095/2084
f 2112/2096/2085 2102/2086/2076 2113/2097/2086
f 2113/2097/2086 2102/2086/2076 2114/2098/2087
f 2115/2099/2088 2114/2098/2087 2102/2086/2076
f 2114/2098/2087 2115/2099/2088 2113/2097/2086
f 2116/2100/2089 2115/2099/2088 2117/2101/2090
f 2118/2102/2091 2115/2099/2088 2116/2100/2089
f 2113/2097/2086 2115/2099/2088 2118/2102/2091
f 2113/2097/2086 2118/2102/2091 2119/2103/2092
f 2119/2103/2092 2112/2096/2085 2113/2097/2086
f 2120/2104/2093 2112/2096/2085 2119/2103/2092
f 2111/2095/2084 2112/2096/2085 2120/2104/2093
f 2120/2104/2093 2121/2105/2094 2111/2095/2084
f 2119/2103/2092 2121/2105/2094 2120/2104/2093
f 2111/2095/2084 2121/2105/2094 2122/2106/2095
f 2122/2106/2095 2123/2107/2096 2111/2095/2084
f 2124/2108/2097 2121/2105/2094 2119/2103/2092
f 2119/2103/2092 2125/2109/2098 2124/2108/2097
f 2121/2105/2094 2124/2108/2097 2125/2109/2098
f 2126/2110/2099 2125/2109/2098 2119/2103/2092
f 2119/2103/2092 2118/2102/2091 2126/2110/2099
f 2127/2111/2100 2118/2102/2091 2116/2100/2089
f 2126/2110/2099 2118/2102/2091 2127/2111/2100
f 2127/2111/2100 2125/2109/2098 2126/2110/2099
f 2116/2100/2089 2128/2112/2101 2127/2111/2100
f 2117/2101/2090 2129/2113/2102 2116/2100/2089
f 2129/2113/2102 2117/2101/2090 2115/2099/2088
f 2116/2100/2089 2129/2113/2102 2128/2112/2101
f 2130/2114/2103 2125/2109/2098 2127/2111/2100
f 2125/2109/2098 2130/2114/2103 2131/2115/2104
f 2127/2111/2100 2131/2115/2104 2130/2114/2103
f 2127/2111/2100 2128/2112/2101 2132/2116/2105
f 2132/2116/2105 2131/2115/2104 2127/2111/2100
f 2133/2117/2106 1213/1207/1213 1211/1205/1211
f 1213/1207/1213 2134/2118/2107 1223/1217/1223
f 2133/2117/2106 2134/2118/2107 1213/1207/1213
f 1223/1217/1223 2134/2118/2107 2135/2119/2108
f 1218/1212/1218 1223/1217/1223 2135/2119/2108
f 1220/1214/1220 1218/1212/1218 2135/2119/2108
f 1298/1292/1298 1220/1214/1220 2136/2120/2109
f 2136/2120/2109 1220/1214/1220 2135/2119/2108
f 2137/2121/2110 1298/1292/1298 2136/2120/2109
f 2138/2122/2111 1300/1294/1300 1298/1292/1298
f 2138/2122/2111 1298/1292/1298 2137/2121/2110
f 1300/1294/1300 2138/2122/2111 2139/2123/2112
f 2138/2122/2111 2137/2121/2110 2139/2123/2112
f 2140/2124/2113 2141/2125/2114 2142/2126/2115
f 2143/2127/2116 2141/2125/2114 2140/2124/2113
f 2140/2124/2113 2144/2128/2117 2143/2127/2116
f 2143/2127/2116 2144/2128/2117 2145/2129/2118
f 2146/2130/2119 2147/2131/2120 2148/2132/1192
f 2144/2128/2117 2146/2130/2119 2149/2133/2121
f 2148/2132/1192 2149/2133/2121 2146/2130/2119
f 2144/2128/2117 2150/2134/2122 2146/2130/2119
f 2140/2124/2113 2150/2134/2122 2144/2128/2117
f 2151/2135/2123 2150/2134/2122 2140/2124/2113
f 2152/2136/2124 2151/2135/2123 2140/2124/2113
f 2140/2124/2113 2142/2126/2115 2152/2136/2124
f 2152/2136/2124 2142/2126/2115 2153/2137/2125
f 2154/2138/2126 2149/2133/2121 2148/2132/1192
f 2148/2132/1192 2155/2139/2 2154/2138/2126
f 2147/2131/2120 2156/2140/2127 2148/2132/1192
f 2148/2132/1192 2156/2140/2127 2155/2139/2
f 2154/2138/2126 2155/2139/2 2157/2141/2128
f 2158/2142/2129 2159/2143/2130 2160/2144/2131
f 2160/2144/2131 2161/2145/2132 2158/2142/2129
f 2162/2146/2133 2161/2145/2132 2160/2144/2131
f 2163/2147/2134 2161/2145/2132 2162/2146/2133
f 2162/2146/2133 2151/2135/2123 2163/2147/2134
f 2164/2148/2135 2151/2135/2123 2152/2136/2124
f 2163/2147/2134 2151/2135/2123 2164/2148/2135
f 2165/2149/2136 2152/2136/2124 2153/2137/2125
f 2152/2136/2124 2165/2149/2136 2164/2148/2135
f 2153/2137/2125 2166/2150/2137 2165/2149/2136
f 68/68/68 2167/2151/2138 67/67/67
f 75/75/75 2167/2151/2138 68/68/68
f 2164/2148/2135 2165/2149/2136 2168/2152/2139
f 2168/2152/2139 2167/2151/2138 75/75/75
f 2165/2149/2136 2169/2153/2140 2168/2152/2139
f 2169/2153/2140 2167/2151/2138 2168/2152/2139
f 45/45/45 2170/2154/2141 23/23/23
f 67/67/67 2167/2151/2138 2170/2154/2141
f 2170/2154/2141 53/53/53 67/67/67
f 45/45/45 53/53/53 2170/2154/2141
f 2167/2151/2138 2169/2153/2140 2170/2154/2141
f 2170/2154/2141 2169/2153/2140 2171/2155/2142
f 23/23/23 2170/2154/2141 2171/2155/2142
f 23/23/23 2171/2155/2142 17/17/17
f 2172/2156/2143 2171/2155/2142 2169/2153/2140
f 2172/2156/2143 2169/2153/2140 2165/2149/2136
f 17/17/17 2171/2155/2142 2173/2157/2144
f 19/19/19 17/17/17 2173/2157/2144
f 2173/2157/2144 2172/2156/2143 19/19/19
f 2173/2157/2144 2171/2155/2142 2172/2156/2143
f 2174/2158/2145 2165/2149/2136 2166/2150/2137
f 2172/2156/2143 2165/2149/2136 2174/2158/2145
f 19/19/19 2172/2156/2143 2174/2158/2145
f 2175/2159/2146 2176/2160/2147 2177/2161/2148
f 2178/2162/2149 2175/2159/2146 2177/2161/2148
f 2178/2162/2149 2177/2161/2148 2179/2163/2150
f 2179/2163/2150 2180/2164/2151 2178/2162/2149
f 2179/2163/2150 1316/1310/1316 2181/2165/2152
f 1318/1312/1318 2181/2165/2152 1316/1310/1316
f 2181/2165/2152 2180/2164/2151 2179/2163/2150
f 2180/2164/2151 2182/2166/2153 2178/2162/2149
f 2183/2167/2154 2175/2159/2146 2178/2162/2149
f 2178/2162/2149 2182/2166/2153 2183/2167/2154
f 2175/2159/2146 2183/2167/2154 2184/2168/2155
f 1333/1327/1333 2185/2169/2156 628/628/628
f 2175/2159/2146 2184/2168/2155 2185/2169/2156
f 2185/2169/2156 2176/2160/2147 2175/2159/2146
f 1333/1327/1333 1331/1325/1331 2186/2170/2157
f 2176/2160/2147 2185/2169/2156 2186/2170/2157
f 1333/1327/1333 2186/2170/2157 2185/2169/2156
f 2187/2171/2158 2186/2170/2157 1331/1325/1331
f 2176/2160/2147 2186/2170/2157 2187/2171/2158
f 2187/2171/2158 1331/1325/1331 1325/1319/1325
f 2187/2171/2158 2177/2161/2148 2176/2160/2147
f 2179/2163/2150 2177/2161/2148 2188/2172/2159
f 2188/2172/2159 2177/2161/2148 2187/2171/2158
f 2187/2171/2158 1325/1319/1325 2188/2172/2159
f 2188/2172/2159 1325/1319/1325 1324/1318/1324
f 1316/1310/1316 2188/2172/2159 1324/1318/1324
f 2179/2163/2150 2188/2172/2159 1316/1310/1316
f 2185/2169/2156 2184/2168/2155 2189/2173/2160
f 628/628/628 2185/2169/2156 2190/2174/2161
f 2189/2173/2160 2190/2174/2161 2185/2169/2156
f 2181/2165/2152 2191/2175/2162 2180/2164/2151
f 2180/2164/2151 2191/2175/2162 2192/2176/157
f 2191/2175/2162 2181/2165/2152 2193/2177/2163
f 2193/2177/2163 2181/2165/2152 2194/2178/2164
f 2181/2165/2152 1318/1312/1318 2194/2178/2164
f 2195/2179/2165 2194/2178/2164 1318/1312/1318
f 1319/1313/1319 2195/2179/2165 1318/1312/1318
f 1319/1313/1319 1306/1300/1306 2196/2180/152
f 2196/2180/152 2195/2179/2165 1319/1313/1319
f 2189/2173/2160 2197/2181/2166 2198/2182/2167
f 2189/2173/2160 2199/2183/2168 2197/2181/2166
f 2189/2173/2160 2184/2168/2155 2199/2183/2168
f 2184/2168/2155 2200/2184/2169 2199/2183/2168
f 2184/2168/2155 2183/2167/2154 2200/2184/2169
f 2182/2166/2153 2201/2185/2170 2183/2167/2154
f 2201/2185/2170 2200/2184/2169 2183/2167/2154
f 2182/2166/2153 2180/2164/2151 2202/2186/146
f 2202/2186/146 2201/2185/2170 2182/2166/2153
f 2202/2186/146 2180/2164/2151 2192/2176/157
f 2203/2187/2171 2200/2184/2169 2201/2185/2170
f 2204/2188/2172 2200/2184/2169 2203/2187/2171
f 2197/2181/2166 2199/2183/2168 2205/2189/2173
f 2205/2189/2173 2200/2184/2169 2204/2188/2172
f 2199/2183/2168 2200/2184/2169 2205/2189/2173
f 2205/2189/2173 2206/2190/2174 2197/2181/2166
f 2198/2182/2167 2197/2181/2166 2207/2191/2175
f 2197/2181/2166 2206/2190/2174 2207/2191/2175
f 2207/2191/2175 2206/2190/2174 2208/2192/2176
f 2207/2191/2175 2208/2192/2176 2209/2193/2177
f 2209/2193/2177 2208/2192/2176 2210/2194/2178
f 2211/2195/2179 2210/2194/2178 2212/2196/2180
f 2212/2196/2180 2210/2194/2178 2208/2192/2176
f 2208/2192/2176 2206/2190/2174 2212/2196/2180
f 2213/2197/2181 2209/2193/2177 2210/2194/2178
f 2211/2195/2179 2214/2198/2182 2210/2194/2178
f 2210/2194/2178 2214/2198/2182 2213/2197/2181
f 2211/2195/2179 2215/2199/2183 2214/2198/2182
f 2211/2195/2179 2216/2200/2184 2215/2199/2183
f 2212/2196/2180 2216/2200/2184 2211/2195/2179
f 2216/2200/2184 2212/2196/2180 2217/2201/2185
f 2217/2201/2185 2212/2196/2180 2218/2202/2186
f 2212/2196/2180 2206/2190/2174 2218/2202/2186
f 2219/2203/2187 2218/2202/2186 2206/2190/2174
f 2219/2203/2187 2206/2190/2174 2220/2204/2188
f 2206/2190/2174 2205/2189/2173 2220/2204/2188
f 2220/2204/2188 2205/2189/2173 2204/2188/2172
f 2221/2205/130 2218/2202/2186 2219/2203/2187
f 2214/2198/2182 2215/2199/2183 2222/2206/2189
f 2222/2206/2189 2215/2199/2183 2223/2207/2190
f 2222/2206/2189 2224/2208/2191 2214/2198/2182
f 2214/2198/2182 2224/2208/2191 2213/2197/2181
f 2224/2208/2191 2225/2209/2192 2213/2197/2181
f 2213/2197/2181 2225/2209/2192 2209/2193/2177
f 2209/2193/2177 2225/2209/2192 2226/2210/2193
f 2209/2193/2177 2226/2210/2193 2207/2191/2175
f 2207/2191/2175 2226/2210/2193 2198/2182/2167
f 2227/2211/2194 2225/2209/2192 2224/2208/2191
f 2228/2212/2195 2225/2209/2192 2227/2211/2194
f 2229/2213/2196 2225/2209/2192 2228/2212/2195
f 2225/2209/2192 2229/2213/2196 2226/2210/2193
f 2226/2210/2193 2230/2214/2197 2198/2182/2167
f 2226/2210/2193 2229/2213/2196 2230/2214/2197
f 2198/2182/2167 2230/2214/2197 2231/2215/2198
f 2231/2215/2198 2189/2173/2160 2198/2182/2167
f 2190/2174/2161 2189/2173/2160 2231/2215/2198
f 2232/2216/2199 635/635/635 627/627/627
f 2190/2174/2161 2233/2217/2200 628/628/628
f 2233/2217/2200 2232/2216/2199 627/627/627
f 627/627/627 628/628/628 2233/2217/2200
f 2231/2215/2198 2233/2217/2200 2190/2174/2161
f 2231/2215/2198 2234/2218/2201 2233/2217/2200
f 2230/2214/2197 2234/2218/2201 2231/2215/2198
f 2234/2218/2201 2232/2216/2199 2233/2217/2200
f 2230/2214/2197 2235/2219/2202 2234/2218/2201
f 2229/2213/2196 2235/2219/2202 2230/2214/2197
f 2228/2212/2195 2235/2219/2202 2229/2213/2196
f 2235/2219/2202 2236/2220/2203 2234/2218/2201
f 2234/2218/2201 2236/2220/2203 2232/2216/2199
f 2232/2216/2199 2236/2220/2203 2237/2221/2204
f 2237/2221/2204 635/635/635 2232/2216/2199
f 634/634/634 635/635/635 2237/2221/2204
f 2238/2222/2205 2235/2219/2202 2228/2212/2195
f 2238/2222/2205 2236/2220/2203 2235/2219/2202
f 2239/2223/2206 2236/2220/2203 2238/2222/2205
f 2237/2221/2204 2236/2220/2203 2240/2224/2207
f 2240/2224/2207 2236/2220/2203 2239/2223/2206
f 2240/2224/2207 2241/2225/2208 2237/2221/2204
f 2237/2221/2204 2241/2225/2208 634/634/634
f 634/634/634 2241/2225/2208 2242/2226/2209
f 631/631/631 634/634/634 2242/2226/2209
f 2242/2226/2209 636/636/636 631/631/631
f 2243/2227/2210 2241/2225/2208 2240/2224/2207
f 2244/2228/2211 2241/2225/2208 2243/2227/2210
f 2245/2229/2212 2241/2225/2208 2244/2228/2211
f 2242/2226/2209 2241/2225/2208 2245/2229/2212
f 2242/2226/2209 2245/2229/2212 2246/2230/2213
f 2242/2226/2209 2246/2230/2213 636/636/636
f 636/636/636 2246/2230/2213 641/641/641
f 642/642/642 641/641/641 2247/2231/2214
f 2248/2232/2215 2245/2229/2212 2244/2228/2211
f 2246/2230/2213 2245/2229/2212 2248/2232/2215
f 2247/2231/2214 641/641/641 2248/2232/2215
f 2248/2232/2215 641/641/641 2246/2230/2213
f 2249/2233/2216 2250/2234/2217 2251/2235/2218
f 2251/2235/2218 2250/2234/2217 2252/2236/2219
f 2251/2235/2218 2252/2236/2219 2253/2237/2220
f 2253/2237/2220 2252/2236/2219 2254/2238/2221
f 2253/2237/2220 2254/2238/2221 2255/2239/2222
f 2255/2239/2222 2254/2238/2221 2256/2240/2223
f 2255/2239/2222 2256/2240/2223 2257/2241/2224
f 2258/2242/2225 643/643/643 640/640/640
f 2257/2241/2224 2258/2242/2225 642/642/642
f 642/642/642 2258/2242/2225 640/640/640
f 2257/2241/2224 2256/2240/2223 2258/2242/2225
f 2259/2243/2226 2256/2240/2223 2254/2238/2221
f 2260/2244/2227 2258/2242/2225 2256/2240/2223
f 2260/2244/2227 643/643/643 2258/2242/2225
f 2260/2244/2227 2256/2240/2223 2259/2243/2226
f 2261/2245/2228 2260/2244/2227 2259/2243/2226
f 643/643/643 2262/2246/2229 645/645/645
f 2260/2244/2227 2262/2246/2229 643/643/643
f 2262/2246/2229 2260/2244/2227 2261/2245/2228
f 2263/2247/2230 2262/2246/2229 2261/2245/2228
f 2264/2248/2231 2262/2246/2229 2263/2247/2230
f 2263/2247/2230 2265/2249/2232 2264/2248/2231
f 2264/2248/2231 2265/2249/2232 2266/2250/2233
f 2265/2249/2232 2267/2251/2234 2266/2250/2233
f 652/652/652 651/651/651 2268/2252/2235
f 2266/2250/2233 2267/2251/2234 2268/2252/2235
f 2262/2246/2229 2264/2248/2231 2269/2253/2236
f 646/646/646 645/645/645 2269/2253/2236
f 2269/2253/2236 645/645/645 2262/2246/2229
f 2264/2248/2231 2266/2250/2233 2269/2253/2236
f 651/651/651 647/647/647 2270/2254/2237
f 647/647/647 646/646/646 2270/2254/2237
f 2270/2254/2237 2268/2252/2235 651/651/651
f 2266/2250/2233 2268/2252/2235 2270/2254/2237
f 2270/2254/2237 646/646/646 2269/2253/2236
f 2269/2253/2236 2266/2250/2233 2270/2254/2237
f 2267/2251/2234 2271/2255/2238 2268/2252/2235
f 2268/2252/2235 2271/2255/2238 652/652/652
f 2267/2251/2234 2265/2249/2232 2272/2256/2239
f 2272/2256/2239 2273/2257/2240 2267/2251/2234
f 2267/2251/2234 2273/2257/2240 2271/2255/2238
f 2273/2257/2240 2274/2258/2241 2271/2255/2238
f 2271/2255/2238 2274/2258/2241 652/652/652
f 653/653/653 652/652/652 2275/2259/2242
f 652/652/652 2274/2258/2241 2275/2259/2242
f 653/653/653 2275/2259/2242 2276/2260/2243
f 653/653/653 2276/2260/2243 654/654/654
f 685/685/685 659/659/659 2276/2260/2243
f 654/654/654 2276/2260/2243 659/659/659
f 2274/2258/2241 2277/2261/2244 2275/2259/2242
f 2277/2261/2244 2274/2258/2241 2273/2257/2240
f 685/685/685 2276/2260/2243 2278/2262/2245
f 686/686/686 685/685/685 2278/2262/2245
f 2275/2259/2242 2277/2261/2244 2278/2262/2245
f 2276/2260/2243 2275/2259/2242 2278/2262/2245
f 686/686/686 2278/2262/2245 2279/2263/2246
f 687/687/687 686/686/686 2279/2263/2246
f 2279/2263/2246 689/689/689 687/687/687
f 2278/2262/2245 2277/2261/2244 2280/2264/2247
f 2279/2263/2246 2280/2264/2247 689/689/689
f 2279/2263/2246 2278/2262/2245 2280/2264/2247
f 2281/2265/2248 1979/1968/1961 1981/1970/1963
f 1936/1925/1919 1979/1968/1961 2281/2265/2248
f 1934/1923/1917 2282/2266/2249 1933/1922/1916
f 2281/2265/2248 2283/2267/2250 2282/2266/2249
f 2282/2266/2249 1936/1925/1919 2281/2265/2248
f 1934/1923/1917 1936/1925/1919 2282/2266/2249
f 1928/1917/1911 1926/1915/1909 2284/2268/2251
f 2283/2267/2250 2284/2268/2251 2282/2266/2249
f 1928/1917/1911 2284/2268/2251 2283/2267/2250
f 2285/2269/2252 1926/1915/1909 1925/1914/1908
f 2282/2266/2249 2284/2268/2251 2285/2269/2252
f 1925/1914/1908 1933/1922/1916 2285/2269/2252
f 1933/1922/1916 2282/2266/2249 2285/2269/2252
f 2284/2268/2251 1926/1915/1909 2285/2269/2252
f 2286/2270/2253 2283/2267/2250 2281/2265/2248
f 1981/1970/1963 2286/2270/2253 2281/2265/2248
f 2286/2270/2253 1928/1917/1911 2283/2267/2250
f 2287/2271/2254 1980/1969/1962 1982/1971/1964
f 1980/1969/1962 2287/2271/2254 2288/2272/2255
f 1981/1970/1963 1980/1969/1962 2288/2272/2255
f 2286/2270/2253 2289/2273/81 1928/1917/1911
f 1981/1970/1963 2288/2272/2255 2289/2273/81
f 2289/2273/81 2286/2270/2253 1981/1970/1963
f 1929/1918/1912 1928/1917/1911 2290/2274/2256
f 2290/2274/2256 1928/1917/1911 2289/2273/81
f 2290/2274/2256 2291/2275/2257 1929/1918/1912
f 1929/1918/1912 2292/2276/2258 830/829/830
f 830/829/830 2292/2276/2258 832/831/832
f 2292/2276/2258 833/832/833 832/831/832
f 1929/1918/1912 2291/2275/2257 2292/2276/2258
f 2289/2273/81 2288/2272/2255 2293/2277/2259
f 2293/2277/2259 2290/2274/2256 2289/2273/81
f 2288/2272/2255 2287/2271/2254 2293/2277/2259
f 2294/2278/2260 2290/2274/2256 2293/2277/2259
f 2294/2278/2260 2295/2279/842 2290/2274/2256
f 2290/2274/2256 2295/2279/842 2291/2275/2257
f 2296/2280/2261 2291/2275/2257 2295/2279/842
f 2297/2281/2262 833/832/833 2292/2276/2258
f 2291/2275/2257 2297/2281/2262 2292/2276/2258
f 2298/2282/2263 2297/2281/2262 2291/2275/2257
f 2298/2282/2263 2291/2275/2257 2296/2280/2261
f 2297/2281/2262 2298/2282/2263 2299/2283/2264
f 2298/2282/2263 2296/2280/2261 2299/2283/2264
f 2300/2284/2265 2301/2285/2266 2302/2286/2267
f 2302/2286/2267 2301/2285/2266 2303/2287/2268
f 2303/2287/2268 2301/2285/2266 1903/1892/1886
f 1901/1890/1884 2303/2287/2268 1903/1892/1886
f 1904/1893/1887 2303/2287/2268 1901/1890/1884
f 2302/2286/2267 2303/2287/2268 2304/2288/2269
f 1904/1893/1887 1905/1894/1888 2304/2288/2269
f 2304/2288/2269 2303/2287/2268 1904/1893/1887
f 1903/1892/1886 2301/2285/2266 2305/2289/2270
f 546/546/546 545/545/545 2306/2290/2271
f 2301/2285/2266 2300/2284/2265 2306/2290/2271
f 545/545/545 2305/2289/2270 2306/2290/2271
f 2306/2290/2271 2305/2289/2270 2301/2285/2266
f 2306/2290/2271 2307/2291/2272 546/546/546
f 546/546/546 2307/2291/2272 552/552/552
f 2306/2290/2271 2300/2284/2265 2307/2291/2272
f 2307/2291/2272 554/554/554 552/552/552
f 2307/2291/2272 2300/2284/2265 2308/2292/2273
f 2307/2291/2272 2309/2292/2274 554/554/554
f 545/545/545 2310/548/2275 2305/2289/2270
f 1902/1891/1885 1903/1892/1886 2311/2293/782
f 2305/2289/2270 2310/548/2275 2311/2293/782
f 2311/2293/782 1903/1892/1886 2305/2289/2270
f 2308/2292/2273 2300/2284/2265 2312/2294/2276
f 2300/2284/2265 2302/2286/2267 2312/2294/2276
f 2302/2286/2267 2304/2288/2269 2313/2295/2277
f 2312/2294/2276 2302/2286/2267 2313/2295/2277
f 2313/2295/2277 2304/2288/2269 2314/2296/2278
f 2304/2288/2269 1905/1894/1888 2314/2296/2278
f 1906/1895/1889 2315/2297/2279 1905/1894/1888
f 1905/1894/1888 2315/2297/2279 2314/2296/2278
f 2316/2298/2280 2317/2299/2281 2318/2300/2282
f 148/148/148 2319/2301/656 80/80/80
f 2319/2301/656 148/148/148 152/152/152
f 2320/2302/2283 2319/2301/656 152/152/152
f 2321/2303/2284 2319/2301/656 2320/2302/2283
f 2322/2304/2285 2321/2303/2284 2320/2302/2283
f 2323/2305/2286 2321/2303/2284 2322/2304/2285
f 2318/2300/2282 2323/2305/2286 2322/2304/2285
f 2324/2306/2287 2323/2305/2286 2318/2300/2282
f 2318/2300/2282 2317/2299/2281 2324/2306/2287
f 2325/2307/2288 2323/2305/2286 2324/2306/2287
f 69/69/69 80/80/80 2326/2308/2289
f 69/69/69 2326/2308/2289 70/70/70
f 2327/2309/2290 74/74/74 70/70/70
f 70/70/70 2326/2308/2289 2327/2309/2290
f 80/80/80 2328/2310/2291 2326/2308/2289
f 80/80/80 2319/2301/656 2328/2310/2291
f 2319/2301/656 2321/2303/2284 2328/2310/2291
f 2321/2303/2284 2323/2305/2286 2329/2311/2292
f 2328/2310/2291 2321/2303/2284 2329/2311/2292
f 2330/2312/2293 2323/2305/2286 2325/2307/2288
f 2329/2311/2292 2323/2305/2286 2330/2312/2293
f 2328/2310/2291 2329/2311/2292 2331/2313/2294
f 2326/2308/2289 2331/2313/2294 2327/2309/2290
f 2326/2308/2289 2328/2310/2291 2331/2313/2294
f 2329/2311/2292 2330/2312/2293 2332/2314/2295
f 2331/2313/2294 2329/2311/2292 2332/2314/2295
f 2332/2314/2295 2330/2312/2293 2333/2315/2296
f 2333/2315/2296 2330/2312/2293 2334/2316/2297
f 2334/2316/2297 2330/2312/2293 2325/2307/2288
f 2334/2316/2297 2335/2317/2298 2333/2315/2296
f 2336/2318/2299 2332/2314/2295 2333/2315/2296
f 2333/2315/2296 2335/2317/2298 2336/2318/2299
f 2337/2319/2300 2331/2313/2294 2332/2314/2295
f 2337/2319/2300 2332/2314/2295 2336/2318/2299
f 2327/2309/2290 2331/2313/2294 2337/2319/2300
f 2338/2320/2301 75/75/75 74/74/74
f 2327/2309/2290 2337/2319/2300 2338/2320/2301
f 2338/2320/2301 74/74/74 2327/2309/2290
f 2339/2321/2302 75/75/75 2338/2320/2301
f 2338/2320/2301 2340/2322/2303 2339/2321/2302
f 2341/2323/2304 2340/2322/2303 2338/2320/2301
f 2338/2320/2301 2337/2319/2300 2341/2323/2304
f 2337/2319/2300 2336/2318/2299 2341/2323/2304
f 2341/2323/2304 2336/2318/2299 2342/2324/1147
f 2341/2323/2304 2343/2325/2305 2340/2322/2303
f 2342/2324/1147 2343/2325/2305 2341/2323/2304
f 2163/2147/2134 2344/2326/2306 2161/2145/2132
f 2340/2322/2303 2344/2326/2306 2339/2321/2302
f 2340/2322/2303 2343/2325/2305 2344/2326/2306
f 2339/2321/2302 2344/2326/2306 2345/2327/2307
f 2345/2327/2307 75/75/75 2339/2321/2302
f 2164/2148/2135 2345/2327/2307 2163/2147/2134
f 2168/2152/2139 75/75/75 2345/2327/2307
f 2168/2152/2139 2345/2327/2307 2164/2148/2135
f 2345/2327/2307 2344/2326/2306 2163/2147/2134
f 2335/2317/2298 2346/2328/2308 2336/2318/2299
f 2336/2318/2299 2346/2328/2308 2342/2324/1147
f 2347/2329/49 2346/2328/2308 2348/2330/2309
f 2334/2316/2297 2348/2330/2309 2335/2317/2298
f 2348/2330/2309 2346/2328/2308 2335/2317/2298
f 2346/2328/2308 2349/2331/2310 2342/2324/1147
f 2347/2329/49 2349/2331/2310 2346/2328/2308
f 2343/2325/2305 2342/2324/1147 2350/2332/2311
f 2349/2331/2310 2350/2332/2311 2342/2324/1147
f 2351/2333/2312 2350/2332/2311 2349/2331/2310
f 2351/2333/2312 2343/2325/2305 2350/2332/2311
f 2351/2333/2312 2158/2142/2129 2352/2334/2313
f 2352/2334/2313 2343/2325/2305 2351/2333/2312
f 2158/2142/2129 2161/2145/2132 2352/2334/2313
f 2344/2326/2306 2343/2325/2305 2352/2334/2313
f 2161/2145/2132 2344/2326/2306 2352/2334/2313
f 2347/2329/49 2353/2335/2314 2349/2331/2310
f 2353/2335/2314 2354/2336/2315 2349/2331/2310
f 2354/2336/2315 2351/2333/2312 2349/2331/2310
f 2351/2333/2312 2354/2336/2315 2355/2337/2316
f 2355/2337/2316 2158/2142/2129 2351/2333/2312
f 2355/2337/2316 2354/2336/2315 2356/2338/2317
f 2356/2338/2317 2158/2142/2129 2355/2337/2316
f 2357/2339/2318 2158/2142/2129 2356/2338/2317
f 2358/2340/34 2158/2142/2129 2357/2339/2318
f 2159/2143/2130 2158/2142/2129 2358/2340/34
f 2359/2341/2319 2159/2143/2130 2358/2340/34
f 2360/2342/2320 2159/2143/2130 2359/2341/2319
f 2361/2343/2321 2147/2131/2120 2146/2130/2119
f 2146/2130/2119 2150/2134/2122 2361/2343/2321
f 2150/2134/2122 2362/2344/2322 2361/2343/2321
f 2151/2135/2123 2362/2344/2322 2150/2134/2122
f 2162/2146/2133 2362/2344/2322 2151/2135/2123
f 2162/2146/2133 2160/2144/2131 2362/2344/2322
f 2362/2344/2322 2160/2144/2131 2363/2345/2323
f 2363/2345/2323 2159/2143/2130 2360/2342/2320
f 2160/2144/2131 2159/2143/2130 2363/2345/2323
f 2363/2345/2323 2360/2342/2320 2364/2346/2324
f 2362/2344/2322 2363/2345/2323 2365/2347/2325
f 2361/2343/2321 2365/2347/2325 2147/2131/2120
f 2361/2343/2321 2362/2344/2322 2365/2347/2325
f 2365/2347/2325 2363/2345/2323 2364/2346/2324
f 2364/2346/2324 2366/2348/2326 2365/2347/2325
f 2367/2349/2327 2156/2140/2127 2147/2131/2120
f 2147/2131/2120 2365/2347/2325 2367/2349/2327
f 2365/2347/2325 2366/2348/2326 2367/2349/2327
f 2359/2341/2319 2368/2350/2328 2360/2342/2320
f 2364/2346/2324 2360/2342/2320 2368/2350/2328
f 2364/2346/2324 2369/2351/2329 2366/2348/2326
f 2368/2350/2328 2369/2351/2329 2364/2346/2324
f 2369/2351/2329 2370/2352/2330 2366/2348/2326
f 2371/2353/2331 2156/2140/2127 2367/2349/2327
f 2370/2352/2330 2371/2353/2331 2366/2348/2326
f 2366/2348/2326 2371/2353/2331 2367/2349/2327
f 2368/2350/2328 2372/2354/2332 2369/2351/2329
f 2372/2354/2332 2370/2352/2330 2369/2351/2329
f 2373/2355/2333 2368/2350/2328 2359/2341/2319
f 2373/2355/2333 2372/2354/2332 2368/2350/2328
f 2374/2356/2334 2375/2357/2335 2376/2358/2336
f 2376/2358/2336 2375/2357/2335 2377/2359/2337
f 2377/2359/2337 2378/2360/2338 2376/2358/2336
f 2379/2361/2339 2378/2360/2338 2377/2359/2337
f 2378/2360/2338 2379/2361/2339 2380/2362/2340
f 2380/2362/2340 2379/2361/2339 2381/2363/2341
f 2382/2364/2342 2381/2363/2341 2379/2361/2339
f 2383/2365/2343 2381/2363/2341 2382/2364/2342
f 2382/2364/2342 2379/2361/2339 2384/2366/2344
f 2384/2366/2344 2379/2361/2339 2377/2359/2337
f 2375/2357/2335 2385/2367/2345 2377/2359/2337
f 2377/2359/2337 2385/2367/2345 2384/2366/2344
f 2386/2368/2346 2375/2357/2335 2374/2356/2334
f 2386/2368/2346 2385/2367/2345 2375/2357/2335
f 2374/2356/2334 2387/2369/2347 2386/2368/2346
f 2388/2370/2348 2387/2369/2347 2374/2356/2334
f 1082/1080/1082 1081/1079/1081 2388/2370/2348
f 2388/2370/2348 1081/1079/1081 2389/2371/2349
f 2386/2368/2346 2387/2369/2347 2389/2371/2349
f 2389/2371/2349 2387/2369/2347 2388/2370/2348
f 1081/1079/1081 2390/1094/2350 2389/2371/2349
f 2389/2371/2349 2390/1094/2350 2391/2372/2351
f 2389/2371/2349 2391/2372/2351 2386/2368/2346
f 2392/2373/2352 2385/2367/2345 2386/2368/2346
f 2386/2368/2346 2391/2372/2351 2392/2373/2352
f 2385/2367/2345 2392/2373/2352 2393/2374/2353
f 2393/2374/2353 2384/2366/2344 2385/2367/2345
f 2384/2366/2344 2393/2374/2353 2394/2375/2354
f 2394/2375/2354 2382/2364/2342 2384/2366/2344
f 2395/2376/2355 2383/2365/2343 2382/2364/2342
f 2395/2376/2355 2382/2364/2342 2394/2375/2354
f 1114/1111/1114 2396/2377/2356 1113/1110/1113
f 1097/1094/1097 1101/1098/1101 2396/2377/2356
f 2396/2377/2356 2391/2372/2351 1097/1094/1097
f 1113/1110/1113 2396/2377/2356 1101/1098/1101
f 2397/2378/2357 2391/2372/2351 2396/2377/2356
f 1114/1111/1114 2397/2378/2357 2396/2377/2356
f 1116/1113/1116 2397/2378/2357 1114/1111/1114
f 2397/2378/2357 2392/2373/2352 2391/2372/2351
f 1116/1113/1116 2398/2379/2358 2397/2378/2357
f 1122/1119/1122 2398/2379/2358 1116/1113/1116
f 2393/2374/2353 2392/2373/2352 2398/2379/2358
f 2398/2379/2358 2392/2373/2352 2397/2378/2357
f 2399/2380/2359 1121/1118/1121 1123/1120/1123
f 2394/2375/2354 2393/2374/2353 2399/2380/2359
f 2393/2374/2353 2398/2379/2358 2399/2380/2359
f 1123/1120/1123 2394/2375/2354 2399/2380/2359
f 1122/1119/1122 1121/1118/1121 2399/2380/2359
f 2399/2380/2359 2398/2379/2358 1122/1119/1122
f 1124/1121/1124 2400/2381/2360 1123/1120/1123
f 2400/2381/2360 2394/2375/2354 1123/1120/1123
f 2400/2381/2360 2395/2376/2355 2394/2375/2354
f 1124/1121/1124 1141/1135/1141 2401/2382/2361
f 2401/2382/2361 2400/2381/2360 1124/1121/1124
f 2401/2382/2361 1141/1135/1141 1143/1137/1143
f 2401/2382/2361 2402/2383/2362 2400/2381/2360
f 1143/1137/1143 2402/2383/2362 2401/2382/2361
f 2402/2383/2362 2395/2376/2355 2400/2381/2360
f 2395/2376/2355 2402/2383/2362 2403/2384/2363
f 2403/2384/2363 2402/2383/2362 1143/1137/1143
f 2403/2384/2363 2383/2365/2343 2395/2376/2355
f 2111/2095/2084 2123/2107/2096 2404/2385/2364
f 2404/2385/2364 2110/2094/2083 2111/2095/2084
f 2405/2386/2365 2106/2090/2079 2108/2092/2081
f 2108/2092/2081 2110/2094/2083 2405/2386/2365
f 2405/2386/2365 2110/2094/2083 2404/2385/2364
f 2406/2387/2366 2106/2090/2079 2405/2386/2365
f 2407/2388/2367 2404/2385/2364 2123/2107/2096
f 2405/2386/2365 2404/2385/2364 2407/2388/2367
f 2407/2388/2367 2408/2389/2117 2405/2386/2365
f 2405/2386/2365 2408/2389/2117 2406/2387/2366
f 2409/2390/2368 2406/2387/2366 2408/2389/2117
f 2410/2391/2369 2106/2090/2079 2406/2387/2366
f 2410/2391/2369 2406/2387/2366 2409/2390/2368
f 2411/2392/2370 2106/2090/2079 2410/2391/2369
f 2107/2091/2080 2106/2090/2079 2411/2392/2370
f 2412/2393/2371 2413/2394/2334 2414/2395/2336
f 2412/2393/2371 2415/2396/2372 2413/2394/2334
f 2416/2397/2373 2415/2396/2372 2412/2393/2371
f 2416/2397/2373 2417/2398/2216 2415/2396/2372
f 2250/2234/2217 2417/2398/2216 2418/2399/2374
f 2418/2399/2374 2417/2398/2216 2416/2397/2373
f 2418/2399/2374 2252/2236/2219 2250/2234/2217
f 2419/2400/2375 2416/2397/2373 2412/2393/2371
f 2418/2399/2374 2416/2397/2373 2419/2400/2375
f 2254/2238/2221 2252/2236/2219 2419/2400/2375
f 2419/2400/2375 2252/2236/2219 2418/2399/2374
f 2420/2401/2376 2254/2238/2221 2419/2400/2375
f 2412/2393/2371 2420/2401/2376 2419/2400/2375
f 2259/2243/2226 2254/2238/2221 2420/2401/2376
f 2261/2245/2228 2259/2243/2226 2421/2402/2012
f 2414/2395/2336 2421/2402/2012 2412/2393/2371
f 2421/2402/2012 2420/2401/2376 2412/2393/2371
f 2421/2402/2012 2259/2243/2226 2420/2401/2376
f 2422/2403/2377 2261/2245/2228 2421/2402/2012
f 2422/2403/2377 2421/2402/2012 2414/2395/2336
f 2422/2403/2377 2263/2247/2230 2261/2245/2228
f 2423/2404/2378 2263/2247/2230 2422/2403/2377
f 2424/2405/2379 2263/2247/2230 2423/2404/2378
f 2265/2249/2232 2263/2247/2230 2424/2405/2379
f 2272/2256/2239 2265/2249/2232 2424/2405/2379
f 852/851/852 2425/2406/2380 667/667/667
f 667/667/667 2425/2406/2380 666/666/666
f 854/853/854 2426/2407/2381 852/851/852
f 852/851/852 2426/2407/2381 2425/2406/2380
f 858/857/858 2426/2407/2381 854/853/854
f 2427/2408/2382 2425/2406/2380 2426/2407/2381
f 2428/2409/2383 2427/2408/2382 2426/2407/2381
f 860/859/860 2428/2409/2383 858/857/858
f 2428/2409/2383 2426/2407/2381 858/857/858
f 2429/2410/2384 2427/2408/2382 2428/2409/2383
f 2430/2411/2385 2429/2410/2384 2428/2409/2383
f 2430/2411/2385 2428/2409/2383 860/859/860
f 2431/2412/2386 2429/2410/2384 2430/2411/2385
f 2430/2411/2385 860/859/860 2432/2413/2387
f 2432/2413/2387 2431/2412/2386 2430/2411/2385
f 2433/2414/2388 2431/2412/2386 2432/2413/2387
f 2434/2415/2389 666/666/666 2425/2406/2380
f 2434/2415/2389 2425/2406/2380 2427/2408/2382
f 661/661/661 663/663/663 2434/2415/2389
f 663/663/663 666/666/666 2434/2415/2389
f 2434/2415/2389 2435/2416/2390 661/661/661
f 2429/2410/2384 2435/2416/2390 2427/2408/2382
f 2427/2408/2382 2435/2416/2390 2434/2415/2389
f 2435/2416/2390 605/605/605 661/661/661
f 2431/2412/2386 2436/2417/2391 2429/2410/2384
f 2436/2417/2391 2435/2416/2390 2429/2410/2384
f 604/604/604 605/605/605 2436/2417/2391
f 2436/2417/2391 605/605/605 2435/2416/2390
f 604/604/604 2437/2418/2392 2433/2414/2388
f 2433/2414/2388 2437/2418/2392 2431/2412/2386
f 2437/2418/2392 2436/2417/2391 2431/2412/2386
f 2436/2417/2391 2437/2418/2392 604/604/604
f 2438/2419/2393 2439/2420/2394 2440/2421/2395
f 2441/2422/2396 2438/2419/2393 2440/2421/2395
f 2442/2423/2397 2438/2419/2393 2441/2422/2396
f 2443/2424/2398 2438/2419/2393 2442/2423/2397
f 2444/2425/2399 2438/2419/2393 2443/2424/2398
f 2445/2426/2400 2438/2419/2393 2444/2425/2399
f 2446/2427/2401 2438/2419/2393 2445/2426/2400
f 2443/2424/2398 2442/2423/2397 2447/2428/2402
f 2447/2428/2402 2442/2423/2397 2448/2429/2403
f 2442/2423/2397 2441/2422/2396 2449/2430/2404
f 2449/2430/2404 2448/2429/2403 2442/2423/2397
f 2449/2430/2404 2441/2422/2396 2450/2431/2405
f 2451/2432/2406 2450/2431/2405 2441/2422/2396
f 2441/2422/2396 2440/2421/2395 2451/2432/2406
f 2451/2432/2406 2440/2421/2395 2452/2433/2407
f 2440/2421/2395 2439/2420/2394 2453/2434/2408
f 2453/2434/2408 2452/2433/2407 2440/2421/2395
f 2447/2428/2402 2448/2429/2403 2454/2435/2409
f 2455/2436/2410 2447/2428/2402 2454/2435/2409
f 2448/2429/2403 2449/2430/2404 2456/2437/2411
f 2454/2435/2409 2448/2429/2403 2456/2437/2411
f 2449/2430/2404 2450/2431/2405 2457/2438/2412
f 2456/2437/2411 2449/2430/2404 2457/2438/2412
f 2457/2438/2412 2450/2431/2405 2458/2439/2413
f 2450/2431/2405 2451/2432/2406 2458/2439/2413
f 2451/2432/2406 2452/2433/2407 2459/2440/2414
f 2458/2439/2413 2451/2432/2406 2459/2440/2414
f 2452/2433/2407 2453/2434/2408 2460/2441/2415
f 2459/2440/2414 2452/2433/2407 2460/2441/2415
f 2460/2441/2415 2453/2434/2408 2461/2442/2416
f 2453/2434/2408 2462/2443/2417 2461/2442/2416
f 2453/2434/2408 2439/2420/2394 2462/2443/2417
f 2461/2442/2416 2462/2443/2417 2463/2444/2418
f 2462/2443/2417 2464/2445/2419 2463/2444/2418
f 2464/2445/2419 2462/2443/2417 2439/2420/2394
f 2463/2444/2418 2464/2445/2419 2465/2446/2420
f 2464/2445/2419 2466/2447/2421 2465/2446/2420
f 2465/2446/2420 2466/2447/2421 2467/2448/2422
f 2466/2447/2421 2468/2449/2423 2467/2448/2422
f 2469/2450/2424 2439/2420/2394 2438/2419/2393
f 2439/2420/2394 2469/2450/2424 2464/2445/2419
f 2464/2445/2419 2469/2450/2424 2466/2447/2421
f 2468/2449/2423 2466/2447/2421 2469/2450/2424
f 2469/2450/2424 2470/2451/2425 2468/2449/2423
f 2469/2450/2424 2438/2419/2393 2470/2451/2425
f 2470/2451/2425 2438/2419/2393 2446/2427/2401
f 2468/2449/2423 2470/2451/2425 2471/2452/2426
f 2472/2453/2427 2471/2452/2426 2470/2451/2425
f 2470/2451/2425 2446/2427/2401 2472/2453/2427
f 2468/2449/2423 2471/2452/2426 2473/2454/2428
f 2467/2448/2422 2468/2449/2423 2473/2454/2428
f 2473/2454/2428 2471/2452/2426 2474/2455/2429
f 2471/2452/2426 2472/2453/2427 2474/2455/2429
f 2474/2455/2429 2472/2453/2427 2475/2456/2430
f 2472/2453/2427 2446/2427/2401 2476/2457/2431
f 2472/2453/2427 2476/2457/2431 2475/2456/2430
f 2475/2456/2430 2476/2457/2431 2477/2458/2432
f 2478/2459/2433 2476/2457/2431 2446/2427/2401
f 2476/2457/2431 2478/2459/2433 2477/2458/2432
f 2446/2427/2401 2445/2426/2400 2478/2459/2433
f 2477/2458/2432 2478/2459/2433 2479/2460/2434
f 2478/2459/2433 2445/2426/2400 2480/2461/2435
f 2478/2459/2433 2480/2461/2435 2479/2460/2434
f 2481/2462/2436 2480/2461/2435 2445/2426/2400
f 2445/2426/2400 2444/2425/2399 2481/2462/2436
f 2481/2462/2436 2444/2425/2399 2482/2463/1862
f 2483/2464/2437 2482/2463/1862 2444/2425/2399
f 2444/2425/2399 2443/2424/2398 2483/2464/2437
f 2447/2428/2402 2484/2465/2438 2443/2424/2398
f 2484/2465/2438 2447/2428/2402 2455/2436/2410
f 2483/2464/2437 2443/2424/2398 2484/2465/2438
f 2480/2461/2435 2481/2462/2436 2485/2466/2439
f 2479/2460/2434 2480/2461/2435 2485/2466/2439
f 2485/2466/2439 2481/2462/2436 2486/2467/2440
f 2481/2462/2436 2482/2463/1862 2486/2467/2440
f 2486/2467/2440 2482/2463/1862 2487/2468/2441
f 2482/2463/1862 2483/2464/2437 2487/2468/2441
f 2483/2464/2437 2484/2465/2438 2488/2469/2442
f 2488/2469/2442 2484/2465/2438 2455/2436/2410
f 2487/2468/2441 2483/2464/2437 2488/2469/2442
f 2489/2470/2443 2490/2471/2444 2491/2472/2445
f 2491/2472/2445 2490/2471/2444 2492/2473/2446
f 2493/2474/2447 2492/2473/2446 2490/2471/2444
f 2490/2471/2444 2494/2475/2448 2493/2474/2447
f 2493/2474/2447 2494/2475/2448 2495/2476/2449
f 2496/2477/2450 2495/2476/2449 2494/2475/2448
f 2494/2475/2448 2497/2478/2451 2496/2477/2450
f 2496/2477/2450 2497/2478/2451 2498/2479/2452
f 2499/2480/2453 2498/2479/2452 2497/2478/2451
f 2497/2478/2451 2500/2481/2454 2499/2480/2453
f 2501/2482/2455 2491/2472/2445 2502/2483/2456
f 2491/2472/2445 2492/2473/2446 2502/2483/2456
f 2492/2473/2446 2493/2474/2447 2503/2484/2457
f 2502/2483/2456 2492/2473/2446 2503/2484/2457
f 2493/2474/2447 2495/2476/2449 2504/2485/2458
f 2503/2484/2457 2493/2474/2447 2504/2485/2458
f 2504/2485/2458 2495/2476/2449 2505/2486/2459
f 2495/2476/2449 2496/2477/2450 2505/2486/2459
f 2496/2477/2450 2498/2479/2452 2506/2487/2460
f 2505/2486/2459 2496/2477/2450 2506/2487/2460
f 2498/2479/2452 2499/2480/2453 2507/2488/2461
f 2506/2487/2460 2498/2479/2452 2507/2488/2461
f 2507/2488/2461 2499/2480/2453 2508/2489/2462
f 2499/2480/2453 2500/2481/2454 2509/2490/2463
f 2499/2480/2453 2509/2490/2463 2508/2489/2462
f 2508/2489/2462 2509/2490/2463 2510/2491/2464
f 2509/2490/2463 2511/2492/2465 2510/2491/2464
f 2511/2492/2465 2509/2490/2463 2500/2481/2454
f 2510/2491/2464 2511/2492/2465 2512/2493/2466
f 2511/2492/2465 2513/2494/2467 2512/2493/2466
f 2512/2493/2466 2513/2494/2467 2514/2495/2468
f 2513/2494/2467 2515/2496/2469 2514/2495/2468
f 2511/2492/2465 2516/2497/2470 2513/2494/2467
f 2515/2496/2469 2513/2494/2467 2516/2497/2470
f 2500/2481/2454 2516/2497/2470 2511/2492/2465
f 2516/2497/2470 2517/2498/2471 2515/2496/2469
f 2515/2496/2469 2517/2498/2471 2518/2499/2472
f 2519/2500/2473 2518/2499/2472 2517/2498/2471
f 2515/2496/2469 2518/2499/2472 2520/2501/2474
f 2514/2495/2468 2515/2496/2469 2520/2501/2474
f 2518/2499/2472 2519/2500/2473 2521/2502/2475
f 2520/2501/2474 2518/2499/2472 2521/2502/2475
f 2521/2502/2475 2519/2500/2473 2522/2503/2476
f 2516/2497/2470 2500/2481/2454 2523/2504/2477
f 2523/2504/2477 2517/2498/2471 2516/2497/2470
f 2500/2481/2454 2497/2478/2451 2523/2504/2477
f 2494/2475/2448 2490/2471/2444 2523/2504/2477
f 2523/2504/2477 2497/2478/2451 2494/2475/2448
f 2523/2504/2477 2490/2471/2444 2489/2470/2443
f 2517/2498/2471 2524/2505/2478 2519/2500/2473
f 2524/2505/2478 2517/2498/2471 2523/2504/2477
f 2519/2500/2473 2525/2506/2479 2522/2503/2476
f 2519/2500/2473 2524/2505/2478 2525/2506/2479
f 2522/2503/2476 2525/2506/2479 2526/2507/2480
f 2525/2506/2479 2527/2508/2481 2526/2507/2480
f 2527/2508/2481 2525/2506/2479 2524/2505/2478
f 2526/2507/2480 2527/2508/2481 2528/2509/2482
f 2527/2508/2481 2529/2510/2483 2528/2509/2482
f 2489/2470/2443 2530/2511/2484 2523/2504/2477
f 2531/2512/2485 2524/2505/2478 2523/2504/2477
f 2523/2504/2477 2530/2511/2484 2531/2512/2485
f 2524/2505/2478 2531/2512/2485 2527/2508/2481
f 2527/2508/2481 2531/2512/2485 2529/2510/2483
f 2531/2512/2485 2530/2511/2484 2532/2513/2486
f 2532/2513/2486 2529/2510/2483 2531/2512/2485
f 2532/2513/2486 2530/2511/2484 2533/2514/2487
f 2530/2511/2484 2489/2470/2443 2534/2515/2488
f 2534/2515/2488 2533/2514/2487 2530/2511/2484
f 2534/2515/2488 2489/2470/2443 2535/2516/2489
f 2491/2472/2445 2535/2516/2489 2489/2470/2443
f 2535/2516/2489 2491/2472/2445 2501/2482/2455
f 2528/2509/2482 2529/2510/2483 2536/2517/2490
f 2529/2510/2483 2532/2513/2486 2536/2517/2490
f 2532/2513/2486 2533/2514/2487 2537/2518/2491
f 2536/2517/2490 2532/2513/2486 2537/2518/2491
f 2533/2514/2487 2534/2515/2488 2538/2519/2492
f 2537/2518/2491 2533/2514/2487 2538/2519/2492
f 2539/2520/2493 2535/2516/2489 2501/2482/2455
f 2538/2519/2492 2534/2515/2488 2539/2520/2493
f 2534/2515/2488 2535/2516/2489 2539/2520/2493
f 2540/2521/2494 2541/2522/2495 2542/2523/2496
f 2543/2524/2497 2541/2522/2495 2540/2521/2494
f 2544/2525/2498 2543/2524/2497 2540/2521/2494
f 2545/2526/2499 2543/2524/2497 2544/2525/2498
f 2546/2527/2500 2545/2526/2499 2544/2525/2498
f 2547/2528/2501 2545/2526/2499 2546/2527/2500
f 2548/2529/2502 2547/2528/2501 2546/2527/2500
f 2549/2530/2503 2547/2528/2501 2548/2529/2502
f 2550/2531/2504 2549/2530/2503 2548/2529/2502
f 2551/2532/2505 2549/2530/2503 2550/2531/2504
f 2552/2533/2506 2553/2534/2507 2554/2535/2508
f 2555/2536/2509 2553/2534/2507 2552/2533/2506
f 2556/2537/2510 2555/2536/2509 2552/2533/2506
f 2557/2538/2511 2555/2536/2509 2556/2537/2510
f 2558/2539/2512 2557/2538/2511 2556/2537/2510
f 2559/2540/2513 2557/2538/2511 2558/2539/2512
f 2560/2541/2514 2559/2540/2513 2558/2539/2512
f 2542/2523/2496 2561/2542/2515 2560/2541/2514
f 2561/2542/2515 2559/2540/2513 2560/2541/2514
f 2541/2522/2495 2561/2542/2515 2542/2523/2496
f 2562/2543/2516 2563/2544/2517 2564/2545/2518
f 2565/2546/2519 2563/2544/2517 2562/2543/2516
f 2566/2547/2520 2565/2546/2519 2562/2543/2516
f 2567/2548/2521 2565/2546/2519 2566/2547/2520
f 2568/2549/2522 2567/2548/2521 2566/2547/2520
f 2569/2550/2523 2567/2548/2521 2568/2549/2522
f 2570/2551/2524 2569/2550/2523 2568/2549/2522
f 2571/2552/2525 2569/2550/2523 2570/2551/2524
f 2554/2535/2508 2571/2552/2525 2570/2551/2524
f 2553/2534/2507 2571/2552/2525 2554/2535/2508
f 2572/2553/2526 2573/2554/2527 2574/2555/2504
f 2575/2556/2528 2573/2554/2527 2572/2553/2526
f 2576/2557/2529 2575/2556/2528 2572/2553/2526
f 2577/2558/2530 2575/2556/2528 2576/2557/2529
f 2578/2559/2531 2577/2558/2530 2576/2557/2529
f 2579/2560/2532 2577/2558/2530 2578/2559/2531
f 2580/2561/2533 2579/2560/2532 2578/2559/2531
f 2563/2544/2517 2581/2562/2534 2564/2545/2518
f 2564/2545/2518 2581/2562/2534 2580/2561/2533
f 2581/2562/2534 2579/2560/2532 2580/2561/2533
f 2582/196/2535 2583/202/2536 2584/2563/2537
f 2582/196/2535 2584/2563/2537 2585/198/2538
f 2585/198/2538 2584/2563/2537 2586/200/2539
f 2585/198/2538 2586/200/2539 2587/2564/2540
f 2588/2565/2541 2585/198/2538 2587/2564/2540
f 2588/2565/2541 2582/196/2535 2585/198/2538
f 2589/183/2542 2590/2566/2543 2591/2567/2544
f 2592/2568/2545 2589/183/2542 2591/2567/2544
f 2592/2568/2545 2591/2567/2544 2593/341/2546
f 2594/339/2547 2592/2568/2545 2593/341/2546
f 2594/339/2547 2593/341/2546 2587/2564/2540
f 2595/2569/2548 2588/2565/2541 2587/2564/2540
f 2593/341/2546 2591/2567/2544 2595/2569/2548
f 2593/341/2546 2595/2569/2548 2587/2564/2540
f 2596/2570/2549 2582/196/2535 2588/2565/2541
f 2591/2567/2544 2596/2570/2549 2595/2569/2548
f 2591/2567/2544 2590/2566/2543 2596/2570/2549
f 2595/2569/2548 2596/2570/2549 2588/2565/2541
f 2596/2570/2549 2597/195/2550 2582/196/2535
f 2590/2566/2543 2597/195/2550 2596/2570/2549
f 2597/195/2550 2583/202/2536 2582/196/2535
f 2597/195/2550 2598/2571/2551 2583/202/2536
f 2599/204/2552 2600/227/2553 2598/2571/2551
f 2601/194/2554 2598/2571/2551 2597/195/2550
f 2601/194/2554 2599/204/2552 2598/2571/2551
f 2590/2566/2543 2601/194/2554 2597/195/2550
f 2600/227/2553 2602/2572/2555 2603/228/2556
f 2602/2572/2555 2604/232/2557 2603/228/2556
f 2599/204/2552 2605/235/2558 2600/227/2553
f 2605/235/2558 2602/2572/2555 2600/227/2553
f 2606/2573/2559 2605/235/2558 2599/204/2552
f 2607/193/2560 2599/204/2552 2601/194/2554
f 2607/193/2560 2606/2573/2559 2599/204/2552
f 2589/183/2542 2608/2574/2561 2590/2566/2543
f 2608/2574/2561 2601/194/2554 2590/2566/2543
f 2608/2574/2561 2607/193/2560 2601/194/2554
f 2609/2575/2562 2607/193/2560 2608/2574/2561
f 2610/190/2563 2606/2573/2559 2607/193/2560
f 2609/2575/2562 2610/190/2563 2607/193/2560
f 2610/190/2563 2611/236/2564 2606/2573/2559
f 2606/2573/2559 2612/237/2565 2605/235/2558
f 2611/236/2564 2612/237/2565 2606/2573/2559
f 2605/235/2558 2613/2576/2566 2602/2572/2555
f 2612/237/2565 2613/2576/2566 2605/235/2558
f 2613/2576/2566 2614/239/2567 2602/2572/2555
f 2602/2572/2555 2614/239/2567 2604/232/2557
f 2612/237/2565 2615/245/2568 2613/2576/2566
f 2613/2576/2566 2616/246/2569 2614/239/2567
f 2615/245/2568 2616/246/2569 2613/2576/2566
f 2611/236/2564 2617/244/2570 2612/237/2565
f 2617/244/2570 2615/245/2568 2612/237/2565
f 2618/243/2571 2617/244/2570 2611/236/2564
f 2619/191/2572 2618/243/2571 2611/236/2564
f 2619/191/2572 2611/236/2564 2610/190/2563
f 2620/242/2573 2618/243/2571 2619/191/2572
f 2621/2577/2574 2620/242/2573 2619/191/2572
f 2621/2577/2574 2619/191/2572 2622/2578/2575
f 2622/2578/2575 2619/191/2572 2610/190/2563
f 2622/2578/2575 2610/190/2563 2609/2575/2562
f 2623/179/2576 2621/2577/2574 2622/2578/2575
f 2624/2579/2577 2625/255/2578 2620/242/2573
f 2624/2579/2577 2620/242/2573 2621/2577/2574
f 2626/2580/2579 2625/255/2578 2624/2579/2577
f 2625/255/2578 2627/254/2580 2620/242/2573
f 2620/242/2573 2627/254/2580 2618/243/2571
f 2618/243/2571 2628/260/2581 2617/244/2570
f 2627/254/2580 2628/260/2581 2618/243/2571
f 2628/260/2581 2629/252/2582 2617/244/2570
f 2617/244/2570 2629/252/2582 2615/245/2568
f 2629/252/2582 2630/251/2583 2615/245/2568
f 2615/245/2568 2630/251/2583 2616/246/2569
f 2627/254/2580 2631/260/260 2628/260/2581
f 2631/260/260 2632/259/2584 2628/260/2581
f 2628/260/2581 2632/259/2584 2629/252/2582
f 2625/255/2578 2633/261/261 2627/254/2580
f 2633/261/261 2631/260/260 2627/254/2580
f 2626/2580/2579 2634/2581/2585 2625/255/2578
f 2634/2581/2585 2633/261/261 2625/255/2578
f 2635/2582/2586 2634/2581/2585 2626/2580/2579
f 2636/265/2587 2635/2582/2586 2626/2580/2579
f 2637/2583/265 2635/2582/2586 2636/265/2587
f 2638/268/2588 2637/2583/265 2636/265/2587
f 2636/265/2587 2626/2580/2579 2639/2584/2589
f 2639/2584/2589 2626/2580/2579 2624/2579/2577
f 2640/274/2590 2636/265/2587 2639/2584/2589
f 2638/268/2588 2636/265/2587 2640/274/2590
f 2640/274/2590 2639/2584/2589 2641/178/2591
f 2642/2585/2592 2638/268/2588 2640/274/2590
f 2643/269/2593 2638/268/2588 2642/2585/2592
f 2644/2586/2594 2640/274/2590 2641/178/2591
f 2642/2585/2592 2640/274/2590 2644/2586/2594
f 2644/2586/2594 2641/178/2591 2645/171/2595
f 2646/276/2596 2643/269/2593 2647/2587/2597
f 2647/2587/2597 2643/269/2593 2642/2585/2592
f 2647/2587/2597 2642/2585/2592 2648/2588/2598
f 2648/2588/2598 2642/2585/2592 2644/2586/2594
f 2649/2589/2599 2644/2586/2594 2645/171/2595
f 2648/2588/2598 2644/2586/2594 2649/2589/2599
f 2649/2589/2599 2645/171/2595 2650/2590/2600
f 2651/283/2601 2646/276/2596 2647/2587/2597
f 2652/284/2602 2646/276/2596 2651/283/2601
f 2653/162/2603 2647/2587/2597 2648/2588/2598
f 2651/283/2601 2647/2587/2597 2653/162/2603
f 2654/2591/2604 2648/2588/2598 2649/2589/2599
f 2653/162/2603 2648/2588/2598 2654/2591/2604
f 2654/2591/2604 2649/2589/2599 2655/159/2605
f 2655/159/2605 2649/2589/2599 2650/2590/2600
f 2655/159/2605 2650/2590/2600 2656/2592/2606
f 2657/285/2607 289/289/2608 2652/284/2602
f 2658/2593/2609 2652/284/2602 2651/283/2601
f 2657/285/2607 2652/284/2602 2658/2593/2609
f 2659/2594/2610 2651/283/2601 2653/162/2603
f 2658/2593/2609 2651/283/2601 2659/2594/2610
f 2659/2594/2610 2653/162/2603 2660/2595/2611
f 2660/2595/2611 2653/162/2603 2654/2591/2604
f 2661/2596/2612 2654/2591/2604 2655/159/2605
f 2660/2595/2611 2654/2591/2604 2661/2596/2612
f 2661/2596/2612 2655/159/2605 2662/348/2613
f 2662/348/2613 2655/159/2605 2656/2592/2606
f 2662/348/2613 2656/2592/2606 2663/352/2614
f 2664/286/2615 2657/285/2607 2665/2597/2616
f 2665/2597/2616 2657/285/2607 2658/2593/2609
f 2666/2598/2617 2658/2593/2609 2659/2594/2610
f 2665/2597/2616 2658/2593/2609 2666/2598/2617
f 2666/2598/2617 2659/2594/2610 2667/346/2618
f 2667/346/2618 2659/2594/2610 2660/2595/2611
f 2668/347/2619 2660/2595/2611 2661/2596/2612
f 2667/346/2618 2660/2595/2611 2668/347/2619
f 2669/2599/2620 2661/2596/2612 2662/348/2613
f 2668/347/2619 2661/2596/2612 2669/2599/2620
f 2669/2599/2620 2662/348/2613 2670/2600/2621
f 2670/2600/2621 2662/348/2613 2663/352/2614
f 2670/2600/2621 2663/352/2614 2671/322/2622
f 2672/279/2623 2664/286/2615 2665/2597/2616
f 2673/287/2624 2664/286/2615 2672/279/2623
f 2672/279/2623 2665/2597/2616 2674/278/2625
f 2674/278/2625 2665/2597/2616 2666/2598/2617
f 2674/278/2625 2666/2598/2617 2675/2601/2626
f 2675/2601/2626 2666/2598/2617 2667/346/2618
f 2676/2602/2627 2667/346/2618 2668/347/2619
f 2675/2601/2626 2667/346/2618 2676/2602/2627
f 2676/2602/2627 2668/347/2619 2677/358/2628
f 2677/358/2628 2668/347/2619 2669/2599/2620
f 2678/320/2629 2669/2599/2620 2670/2600/2621
f 2677/358/2628 2669/2599/2620 2678/320/2629
f 2679/319/2630 2677/358/2628 2678/320/2629
f 2679/319/2630 2678/320/2629 2680/2603/2631
f 2681/2604/1918 2677/358/2628 2679/319/2630
f 2681/2604/1918 2676/2602/2627 2677/358/2628
f 2682/2605/2632 2675/2601/2626 2676/2602/2627
f 2682/2605/2632 2676/2602/2627 2681/2604/1918
f 2683/311/2633 2674/278/2625 2675/2601/2626
f 2683/311/2633 2675/2601/2626 2682/2605/2632
f 2684/307/2634 2672/279/2623 2674/278/2625
f 2684/307/2634 2674/278/2625 2683/311/2633
f 2685/2606/2635 2686/293/2636 2687/2607/2637
f 2688/2608/2638 2673/287/2624 2672/279/2623
f 2686/293/2636 2673/287/2624 2688/2608/2638
f 2688/2608/2638 2672/279/2623 2684/307/2634
f 2687/2607/2637 2686/293/2636 2688/2608/2638
f 2687/2607/2637 2688/2608/2638 2689/2609/2639
f 2689/2609/2639 2688/2608/2638 2684/307/2634
f 2689/2609/2639 2684/307/2634 2690/2610/2640
f 2690/2610/2640 2684/307/2634 2683/311/2633
f 2690/2610/2640 2683/311/2633 2691/2611/2641
f 2691/2611/2641 2683/311/2633 2682/2605/2632
f 2691/2611/2641 2682/2605/2632 2692/2612/2642
f 2692/2612/2642 2682/2605/2632 2681/2604/1918
f 2693/302/2643 2685/2606/2635 2687/2607/2637
f 2694/305/2644 2687/2607/2637 2689/2609/2639
f 2693/302/2643 2687/2607/2637 2694/305/2644
f 2695/309/2645 2689/2609/2639 2690/2610/2640
f 2694/305/2644 2689/2609/2639 2695/309/2645
f 2696/316/2646 2690/2610/2640 2691/2611/2641
f 2695/309/2645 2690/2610/2640 2696/316/2646
f 2696/316/2646 2691/2611/2641 2697/220/2647
f 2697/220/2647 2691/2611/2641 2692/2612/2642
f 2697/220/2647 2692/2612/2642 2698/219/2648
f 2699/2613/2649 2681/2604/1918 2679/319/2630
f 2692/2612/2642 2681/2604/1918 2699/2613/2649
f 2698/219/2648 2692/2612/2642 2699/2613/2649
f 2700/334/2650 2698/219/2648 2701/330/2651
f 2698/219/2648 2699/2613/2649 2701/330/2651
f 2700/334/2650 2701/330/2651 2702/333/2652
f 2703/221/2653 2698/219/2648 2700/334/2650
f 2703/221/2653 2697/220/2647 2698/219/2648
f 2704/2614/2654 2696/316/2646 2697/220/2647
f 2704/2614/2654 2697/220/2647 2703/221/2653
f 2705/2615/2655 2695/309/2645 2696/316/2646
f 2705/2615/2655 2696/316/2646 2704/2614/2654
f 2706/308/2656 2695/309/2645 2705/2615/2655
f 2706/308/2656 2694/305/2644 2695/309/2645
f 2707/222/2657 2705/2615/2655 2704/2614/2654
f 2708/223/2658 2704/2614/2654 2703/221/2653
f 2707/222/2657 2704/2614/2654 2708/223/2658
f 2708/223/2658 2703/221/2653 2709/335/2659
f 2709/335/2659 2703/221/2653 2700/334/2650
f 2710/336/2660 2702/333/2652 2587/2564/2540
f 2710/336/2660 2700/334/2650 2702/333/2652
f 2709/335/2659 2700/334/2650 2710/336/2660
f 2711/2616/2661 2709/335/2659 2710/336/2660
f 2711/2616/2661 2710/336/2660 2587/2564/2540
f 2712/214/2662 2711/2616/2661 2587/2564/2540
f 2712/214/2662 2713/337/2663 2711/2616/2661
f 2713/337/2663 2709/335/2659 2711/2616/2661
f 2713/337/2663 2708/223/2658 2709/335/2659
f 2714/233/2664 2715/241/2665 2716/230/2666
f 2716/230/2666 2715/241/2665 2717/231/2667
f 2715/241/2665 2706/308/2656 2717/231/2667
f 2717/231/2667 2706/308/2656 2705/2615/2655
f 2717/231/2667 2705/2615/2655 2707/222/2657
f 2716/230/2666 2717/231/2667 2718/224/2668
f 2718/224/2668 2717/231/2667 2707/222/2657
f 2719/225/2669 2707/222/2657 2708/223/2658
f 2719/225/2669 2708/223/2658 2713/337/2663
f 2718/224/2668 2707/222/2657 2719/225/2669
f 2614/239/2567 2720/240/2670 2604/232/2557
f 2604/232/2557 2720/240/2670 2714/233/2664
f 2714/233/2664 2721/248/2671 2715/241/2665
f 2720/240/2670 2721/248/2671 2714/233/2664
f 2722/304/2672 2694/305/2644 2706/308/2656
f 2722/304/2672 2693/302/2643 2694/305/2644
f 2715/241/2665 2722/304/2672 2706/308/2656
f 2721/248/2671 2722/304/2672 2715/241/2665
f 2723/303/2673 2693/302/2643 2722/304/2672
f 2721/248/2671 2723/303/2673 2722/304/2672
f 2720/240/2670 2724/249/2674 2721/248/2671
f 2724/249/2674 2723/303/2673 2721/248/2671
f 2616/246/2569 2725/247/2675 2614/239/2567
f 2725/247/2675 2724/249/2674 2720/240/2670
f 2614/239/2567 2725/247/2675 2720/240/2670
f 2616/246/2569 2726/250/2676 2725/247/2675
f 2630/251/2583 2726/250/2676 2616/246/2569
f 2725/247/2675 2727/256/2677 2724/249/2674
f 2726/250/2676 2727/256/2677 2725/247/2675
f 2724/249/2674 2728/299/2678 2723/303/2673
f 2727/256/2677 2728/299/2678 2724/249/2674
f 2729/2617/2679 2685/2606/2635 2693/302/2643
f 2728/299/2678 2729/2617/2679 2723/303/2673
f 2723/303/2673 2729/2617/2679 2693/302/2643
f 2727/256/2677 2730/298/2680 2728/299/2678
f 2730/298/2680 2731/296/296 2728/299/2678
f 2728/299/2678 2731/296/296 2729/2617/2679
f 2726/250/2676 2732/300/2681 2727/256/2677
f 2732/300/2681 2730/298/2680 2727/256/2677
f 2733/257/257 2732/300/2681 2726/250/2676
f 2630/251/2583 2733/257/257 2726/250/2676
f 2632/259/2584 2734/258/2682 2629/252/2582
f 2629/252/2582 2734/258/2682 2630/251/2583
f 2734/258/2682 2733/257/257 2630/251/2583
f 2686/293/2636 2735/2618/2683 2673/287/2624
f 2736/293/2684 2735/2618/2683 2686/293/2636
f 2685/2606/2635 2736/293/2684 2686/293/2636
f 2731/296/296 2737/2619/2685 2729/2617/2679
f 2729/2617/2679 2737/2619/2685 2685/2606/2635
f 2737/2619/2685 2736/293/2684 2685/2606/2635
f 2643/269/2593 2738/2620/2686 2638/268/2588
f 2738/2620/2686 2637/2583/265 2638/268/2588
f 2739/2621/2687 2738/2620/2686 2643/269/2593
f 2646/276/2596 2739/2621/2687 2643/269/2593
f 2740/271/271 2739/2621/2687 2646/276/2596
f 2652/284/2602 2740/271/271 2646/276/2596
f 289/289/2608 2740/271/271 2652/284/2602
f 2664/286/2615 2741/290/1470 2657/285/2607
f 2741/290/1470 289/289/2608 2657/285/2607
f 2673/287/2624 2742/2622/2688 2664/286/2615
f 2735/2618/2683 2742/2622/2688 2673/287/2624
f 2742/2622/2688 2741/290/1470 2664/286/2615
f 860/859/860 859/858/859 2743/2623/2689
f 2743/2623/2689 859/858/859 876/875/876
f 2432/2413/2387 860/859/860 2743/2623/2689
f 2744/2624/2690 2679/319/2630 2680/2603/2631
f 2701/330/2651 2699/2613/2649 2744/2624/2690
f 2699/2613/2649 2679/319/2630 2744/2624/2690
f 2701/330/2651 2744/2624/2690 2745/332/2691
f 2702/333/2652 2745/332/2691 2587/2564/2540
f 2702/333/2652 2701/330/2651 2745/332/2691
f 2745/332/2691 2746/2625/2692 2587/2564/2540
f 2745/332/2691 2744/2624/2690 2746/2625/2692
f 2744/2624/2690 2680/2603/2631 2746/2625/2692
f 2746/2625/2692 2680/2603/2631 2747/2626/2693
f 2746/2625/2692 2747/2626/2693 2587/2564/2540
f 2663/352/2614 2656/2592/2606 2748/2627/2694
f 2748/2627/2694 2749/343/2695 2750/353/2696
f 2663/352/2614 2748/2627/2694 2751/2628/2697
f 2751/2628/2697 2748/2627/2694 2750/353/2696
f 2671/322/2622 2663/352/2614 2751/2628/2697
f 2751/2628/2697 2750/353/2696 2752/327/2698
f 2753/323/2699 2751/2628/2697 2752/327/2698
f 2671/322/2622 2751/2628/2697 2753/323/2699
f 2753/323/2699 2752/327/2698 2587/2564/2540
f 2747/2626/2693 2754/324/2700 2587/2564/2540
f 2754/324/2700 2753/323/2699 2587/2564/2540
f 2754/324/2700 2671/322/2622 2753/323/2699
f 2755/2629/2701 2671/322/2622 2754/324/2700
f 2755/2629/2701 2670/2600/2621 2671/322/2622
f 2680/2603/2631 2678/320/2629 2755/2629/2701
f 2678/320/2629 2670/2600/2621 2755/2629/2701
f 2680/2603/2631 2755/2629/2701 2747/2626/2693
f 2747/2626/2693 2755/2629/2701 2754/324/2700
f 2656/2592/2606 2756/165/2702 2748/2627/2694
f 2748/2627/2694 2756/165/2702 2749/343/2695
f 2656/2592/2606 2650/2590/2600 2756/165/2702
f 2650/2590/2600 2645/171/2595 2757/170/2703
f 2650/2590/2600 2757/170/2703 2756/165/2702
f 2645/171/2595 2641/178/2591 2758/2630/2704
f 2645/171/2595 2758/2630/2704 2757/170/2703
f 2759/180/2705 2621/2577/2574 2623/179/2576
f 2641/178/2591 2759/180/2705 2758/2630/2704
f 2641/178/2591 2639/2584/2589 2759/180/2705
f 2639/2584/2589 2624/2579/2577 2759/180/2705
f 2759/180/2705 2624/2579/2577 2621/2577/2574
f 2758/2630/2704 2759/180/2705 2623/179/2576
f 2758/2630/2704 2623/179/2576 2760/2631/2706
f 2757/170/2703 2758/2630/2704 2760/2631/2706
f 2756/165/2702 2761/2632/2707 2749/343/2695
f 2757/170/2703 2760/2631/2706 2761/2632/2707
f 2756/165/2702 2757/170/2703 2761/2632/2707
f 2762/2633/2708 2622/2578/2575 2609/2575/2562
f 2623/179/2576 2622/2578/2575 2762/2633/2708
f 2760/2631/2706 2623/179/2576 2762/2633/2708
f 2761/2632/2707 2760/2631/2706 2763/175/2709
f 2760/2631/2706 2762/2633/2708 2763/175/2709
f 2749/343/2695 2761/2632/2707 2764/2634/2710
f 2761/2632/2707 2763/175/2709 2764/2634/2710
f 2750/353/2696 2749/343/2695 2765/2635/2711
f 2749/343/2695 2764/2634/2710 2765/2635/2711
f 2750/353/2696 2765/2635/2711 2766/355/2712
f 2752/327/2698 2750/353/2696 2766/355/2712
f 2752/327/2698 2766/355/2712 2587/2564/2540
f 2767/2636/2713 2609/2575/2562 2608/2574/2561
f 2763/175/2709 2762/2633/2708 2767/2636/2713
f 2762/2633/2708 2609/2575/2562 2767/2636/2713
f 2767/2636/2713 2608/2574/2561 2589/183/2542
f 2768/174/2714 2589/183/2542 2592/2568/2545
f 2763/175/2709 2767/2636/2713 2768/174/2714
f 2764/2634/2710 2763/175/2709 2768/174/2714
f 2768/174/2714 2767/2636/2713 2589/183/2542
f 2769/340/2715 2768/174/2714 2592/2568/2545
f 2769/340/2715 2592/2568/2545 2594/339/2547
f 2765/2635/2711 2764/2634/2710 2769/340/2715
f 2764/2634/2710 2768/174/2714 2769/340/2715
f 2766/355/2712 2770/354/2716 2587/2564/2540
f 2770/354/2716 2594/339/2547 2587/2564/2540
f 2770/354/2716 2769/340/2715 2594/339/2547
f 2765/2635/2711 2769/340/2715 2770/354/2716
f 2766/355/2712 2765/2635/2711 2770/354/2716
f 2771/217/2717 2718/224/2668 2719/225/2669
f 2772/210/2718 2771/217/2717 2773/212/2719
f 2773/212/2719 2771/217/2717 2774/216/2720
f 2774/216/2720 2719/225/2669 2713/337/2663
f 2774/216/2720 2713/337/2663 2712/214/2662
f 2771/217/2717 2719/225/2669 2774/216/2720
f 2773/212/2719 2774/216/2720 2775/2637/2721
f 2775/2637/2721 2774/216/2720 2712/214/2662
f 2775/2637/2721 2712/214/2662 2587/2564/2540
f 2586/200/2539 2776/206/2722 2587/2564/2540
f 2776/206/2722 2775/2637/2721 2587/2564/2540
f 2776/206/2722 2773/212/2719 2775/2637/2721
f 2586/200/2539 2777/207/2723 2776/206/2722
f 2777/207/2723 2773/212/2719 2776/206/2722
f 2777/207/2723 2772/210/2718 2773/212/2719
f 2584/2563/2537 2777/207/2723 2586/200/2539
f 2778/208/2724 2772/210/2718 2777/207/2723
f 2584/2563/2537 2778/208/2724 2777/207/2723
f 2583/202/2536 2778/208/2724 2584/2563/2537
f 2583/202/2536 2779/209/2725 2778/208/2724
f 2598/2571/2551 2600/227/2553 2779/209/2725
f 2600/227/2553 2603/228/2556 2779/209/2725
f 2598/2571/2551 2779/209/2725 2583/202/2536
f 2779/209/2725 2780/211/2726 2778/208/2724
f 2778/208/2724 2780/211/2726 2772/210/2718
f 2779/209/2725 2603/228/2556 2780/211/2726
f 2603/228/2556 2604/232/2557 2781/229/2727
f 2603/228/2556 2781/229/2727 2780/211/2726
f 2781/229/2727 2714/233/2664 2716/230/2666
f 2604/232/2557 2714/233/2664 2781/229/2727
f 2772/210/2718 2782/226/2728 2771/217/2717
f 2780/211/2726 2781/229/2727 2782/226/2728
f 2780/211/2726 2782/226/2728 2772/210/2718
f 2782/226/2728 2716/230/2666 2718/224/2668
f 2781/229/2727 2716/230/2666 2782/226/2728
f 2782/226/2728 2718/224/2668 2771/217/2717
f 2783/2638/2729 1777/1767/874 1778/1768/1769
f 1778/1768/1769 1785/1775/1776 2783/2638/2729
f 2783/2638/2729 1785/1775/1776 2784/2639/2730
f 1785/1775/1776 2785/2640/2731 2784/2639/2730
f 1785/1775/1776 1788/1778/1779 2785/2640/2731
f 2785/2640/2731 1788/1778/1779 2786/2641/2732
f 2786/2641/2732 1788/1778/1779 2787/2642/2388
f 88/88/88 2788/2643/2733 135/135/135
f 2788/2643/2733 88/88/88 91/91/91
f 2788/2643/2733 91/91/91 117/117/117
f 137/137/137 2789/2644/2734 122/122/122
f 118/118/118 122/122/122 2789/2644/2734
f 118/118/118 2789/2644/2734 117/117/117
f 135/135/135 2789/2644/2734 137/137/137
f 135/135/135 2788/2643/2733 2789/2644/2734
f 117/117/117 2789/2644/2734 2788/2643/2733
f 2007/1994/1989 2790/2645/2735 2006/1993/1988
f 2790/2645/2735 2007/1994/1989 2791/2646/2736
f 2007/1994/1989 2009/1996/1991 2792/2647/2737
f 2791/2646/2736 2007/1994/1989 2792/2647/2737
f 2792/2647/2737 2009/1996/1991 2793/2648/2738
f 2793/2648/2738 2009/1996/1991 2794/2649/2739
f 2008/1995/1990 2794/2649/2739 2009/1996/1991
f 2015/2002/1997 2794/2649/2739 2008/1995/1990
f 1315/1309/1315 1341/1335/1160 2795/2650/1153
f 1303/1297/1303 1315/1309/1315 2795/2650/1153
f 2317/2299/2281 2796/2651/2740 2324/2306/2287
f 2324/2306/2287 2796/2651/2740 2325/2307/2288
f 2797/2652/2741 2325/2307/2288 2796/2651/2740
f 2797/2652/2741 2348/2330/2309 2334/2316/2297
f 2334/2316/2297 2325/2307/2288 2797/2652/2741
f 1581/1572/1574 1548/1539/1541 2798/2653/2742
f 2798/2653/2742 1548/1539/1541 2799/2654/2743
f 2799/2654/2743 2800/2655/2744 2798/2653/2742
f 2800/2655/2744 1583/1574/1576 1582/1573/1575
f 1581/1572/1574 2800/2655/2744 1582/1573/1575
f 2798/2653/2742 2800/2655/2744 1581/1572/1574
f 2801/2656/2745 1589/1580/1582 1583/1574/1576
f 2801/2656/2745 1583/1574/1576 2800/2655/2744
f 1589/1580/1582 2802/2657/2746 1588/1579/1581
f 2802/2657/2746 1589/1580/1582 2801/2656/2745
f 1588/1579/1581 2803/2658/2747 1590/1581/1583
f 1588/1579/1581 2802/2657/2746 2803/2658/2747
f 1590/1581/1583 2803/2658/2747 2804/2659/2748
f 2804/2659/2748 2803/2658/2747 2805/2660/2749
f 2804/2659/2748 2805/2660/2749 2806/2661/700
f 2805/2660/2749 2803/2658/2747 2807/2662/2750
f 2802/2657/2746 2807/2662/2750 2803/2658/2747
f 2808/2663/2751 2807/2662/2750 2802/2657/2746
f 2802/2657/2746 2801/2656/2745 2808/2663/2751
f 2809/2664/2752 2800/2655/2744 2799/2654/2743
f 2808/2663/2751 2801/2656/2745 2809/2664/2752
f 2801/2656/2745 2800/2655/2744 2809/2664/2752
f 2810/2665/922 1605/1596/1598 1606/1582/1599
f 1586/1577/1579 2810/2665/922 1606/1582/1599
f 2811/2666/2753 2810/2665/922 1586/1577/1579
f 1586/1577/1579 1587/1578/1580 2811/2666/2753
f 2811/2666/2753 1587/1578/1580 2812/2667/2754
f 1590/1581/1583 2812/2667/2754 1587/1578/1580
f 2813/2668/2755 2812/2667/2754 1590/1581/1583
f 2804/2659/2748 2813/2668/2755 1590/1581/1583
f 2806/2661/700 2814/2669/2586 2804/2659/2748
f 2814/2669/2586 2813/2668/2755 2804/2659/2748
f 1733/1723/1726 2815/2670/2756 1741/1731/1734
f 1741/1731/1734 2815/2670/2756 1743/1733/1736
f 1731/1721/1724 2815/2670/2756 1733/1723/1726
f 1743/1733/1736 2815/2670/2756 1802/1792/1793
f 1732/1722/1725 2816/2671/2757 1731/1721/1724
f 1731/1721/1724 2816/2671/2757 2815/2670/2756
f 1802/1792/1793 2816/2671/2757 1804/1794/1795
f 2815/2670/2756 2816/2671/2757 1802/1792/1793
f 2816/2671/2757 2817/2672/2758 1804/1794/1795
f 1812/1802/1803 1809/1799/1800 2817/2672/2758
f 2817/2672/2758 1809/1799/1800 1804/1794/1795
f 2817/2672/2758 2818/2673/2759 1812/1802/1803
f 1812/1802/1803 2818/2673/2759 1857/1846/1845
f 1858/1847/1846 2818/2673/2759 1732/1722/1725
f 2818/2673/2759 2817/2672/2758 2816/2671/2757
f 1857/1846/1845 2818/2673/2759 1858/1847/1846
f 2818/2673/2759 2816/2671/2757 1732/1722/1725
f 59/59/59 2819/2674/2071 101/101/101
f 59/59/59 60/60/60 2819/2674/2071
f 101/101/101 2819/2674/2071 2820/2675/2760
f 2820/2675/2760 2821/2676/2761 101/101/101
f 101/101/101 2821/2676/2761 106/106/106
f 106/106/106 2822/2677/2762 111/111/111
f 2821/2676/2761 2822/2677/2762 106/106/106
f 111/111/111 2822/2677/2762 2823/2678/2763
f 111/111/111 2823/2678/2763 109/109/109
f 109/109/109 2823/2678/2763 128/128/128
f 2824/2679/2764 459/459/459 387/387/387
f 2824/2679/2764 451/451/451 459/459/459
f 2824/2679/2764 387/387/387 378/378/378
f 377/377/377 2824/2679/2764 378/378/378
f 2825/2680/2765 2824/2679/2764 377/377/377
f 376/376/376 2825/2680/2765 377/377/377
f 2825/2680/2765 451/451/451 2824/2679/2764
f 2825/2680/2765 449/449/449 451/451/451
f 2826/2681/2766 449/449/449 2825/2680/2765
f 375/375/375 2826/2681/2766 376/376/376
f 2826/2681/2766 2825/2680/2765 376/376/376
f 2826/2681/2766 443/443/443 449/449/449
f 442/442/442 443/443/443 2826/2681/2766
f 442/442/442 2826/2681/2766 375/375/375
f 1469/1463/1463 2827/2682/1412 1498/1490/1413
f 2828/2683/2767 2827/2682/1412 1469/1463/1463
f 2828/2683/2767 1469/1463/1463 2829/2684/2768
f 2829/2684/2768 1470/1464/1464 1257/1251/1257
f 2829/2684/2768 1469/1463/1463 1470/1464/1464
f 1086/1084/1086 2830/2685/2769 1079/1077/1079
f 2830/2685/2769 1066/1064/1066 1079/1077/1079
f 1085/1083/1085 2831/2686/2770 1086/1084/1086
f 2831/2686/2770 2830/2685/2769 1086/1084/1086
f 2832/2687/2771 1082/1080/1082 2388/2370/2348
f 1085/1083/1085 1082/1080/1082 2832/2687/2771
f 2832/2687/2771 2831/2686/2770 1085/1083/1085
