# Blender 4.4.1
# www.blender.org
mtllib right thigh.mtl
o DPROP_GEN_SentinelLeg_01_STAT.001
v 0.403030 -0.621998 -2.211318
v 0.517888 -0.161076 -2.042789
v 0.855724 -0.575260 -1.792925
v 0.878268 -1.072433 -1.933054
v 0.361529 -0.798298 -2.138559
v 1.149258 -0.958302 -1.367639
v 1.248518 -1.428770 -1.539610
v 1.334361 -1.236831 -0.785147
v 0.139546 -3.087583 -2.734278
v 0.133511 -2.335278 -2.634584
v 0.219356 -2.375200 -2.743590
v 0.202939 -1.747064 -2.632470
v 0.694657 -2.159605 -2.384293
v 0.469263 -1.983018 -2.105208
v 0.039910 -1.634948 -2.260678
v 0.781409 -1.157866 -1.941713
v 1.166858 -1.513268 -1.519656
v 1.398609 -1.638538 -0.913825
v 1.411876 -1.427659 -0.205933
v 1.495787 -1.766811 -0.232713
v 1.475012 -1.434199 0.613858
v 1.345522 -1.719899 -0.950648
v 0.954130 -2.451865 -1.721429
v 1.517445 -1.407842 0.889623
v 1.371087 -1.247896 1.492105
v 1.433665 -1.773932 1.488344
v 1.525985 -1.825084 0.870988
v 1.450388 -1.822092 0.611621
v 1.493040 -1.832108 -0.204011
v 1.401652 -2.765915 -1.099622
v 1.199803 -2.607082 -1.925620
v 1.435406 -1.940777 0.604979
v 1.489373 -2.035636 0.867868
v 1.496294 -2.999140 0.615028
v 1.467433 -2.989708 0.875076
v 1.566685 -2.936767 -0.304584
v 1.573173 -2.923716 -1.181213
v 1.293348 -3.064816 -1.964372
v 1.643005 -3.049744 -0.312810
v 1.578154 -3.084991 0.495406
v 1.458201 -3.089892 0.945233
v 1.267897 -2.976715 1.405629
v 1.394859 -3.567219 1.256373
v 1.579279 -3.637684 0.533587
v 1.635540 -3.614347 -0.301678
v 1.553068 -3.473275 -1.111626
v 1.291433 -3.519063 -1.979386
v 0.795357 -3.354028 -2.616092
v 0.783207 -4.061156 -2.591539
v 1.291886 -4.193624 -1.910961
v 1.494319 -4.254259 -1.085828
v 1.591221 -4.231636 -0.276979
v 1.505899 -4.209923 0.536810
v 1.286760 -4.151170 1.314942
v 1.062756 -3.991434 1.881631
v 0.899767 -4.597438 1.865563
v 0.674965 -5.183925 1.811698
v 0.343079 -4.454827 2.277813
v 1.134911 -4.775410 1.329454
v 1.367645 -4.872231 0.585411
v 1.466014 -4.916682 -0.229877
v 1.439728 -4.948452 -1.032517
v 1.210844 -4.910213 -1.825024
v 0.960019 -5.423414 1.316819
v 0.674125 -4.829718 -2.481571
v 0.178783 -4.758996 -2.692262
v 0.139643 -5.550552 -2.448926
v 0.562837 -5.575883 -2.288614
v 1.057753 -5.620960 -1.701105
v 1.322138 -5.671537 -0.953219
v 1.311045 -5.636291 -0.179827
v 1.198364 -5.567592 0.639421
v 0.988362 -6.250730 0.685273
v 1.134546 -6.310966 -0.128179
v 1.111797 -6.340655 -0.868695
v 0.865551 -6.298627 -1.582962
v 0.379052 -6.272242 -2.020545
v 0.494452 -6.186647 1.279965
v 0.749368 -6.370745 0.634753
v 0.949898 -6.419840 -0.130351
v 0.945929 -6.452864 -0.790699
v 0.700404 -6.434057 -1.390002
v 0.286030 -6.403426 -1.751568
v 0.075191 -6.286032 -2.168690
v 0.057724 -5.534624 -2.363772
v 0.089603 -4.738680 -2.593135
v -0.004981 -6.262582 -2.051595
v -0.060767 -6.391573 -1.870272
v 0.755432 -2.685756 -2.488024
v 0.220942 -3.111717 -2.850538
v 0.127078 -3.890052 -2.716453
v 0.212329 -3.915411 -2.818181
v 1.129483 -3.408310 1.878676
v 1.327167 -3.067097 1.416386
v 0.507932 -3.866802 2.297796
v 0.567883 -3.278236 2.295229
v 1.126243 -2.917876 1.866880
v 1.066355 -2.982955 1.481574
v -0.110147 -3.680311 2.561412
v -0.201886 -4.273152 2.524216
v -0.047237 -3.070973 2.550031
v 0.577659 -2.769626 2.269075
v 0.713412 -2.693579 2.081683
v 1.162066 -2.014531 1.576837
v 1.326007 -2.043335 1.480608
v 1.286697 -1.746091 1.533652
v 0.929440 -1.675199 2.067097
v 0.193926 -2.481685 2.283365
v 0.052302 -2.570840 2.468127
v 0.177061 -0.477770 2.493959
v -0.332804 -0.026082 2.486845
v -0.512981 -0.449909 2.521023
v 0.042105 -0.889604 2.567100
v 0.551217 -0.781633 2.356474
v 0.530180 -1.244964 2.448019
v 0.951209 -1.071944 1.958827
v 0.998720 -1.564173 2.089719
v 1.222202 -1.261994 1.543579
v -1.002700 -0.049228 2.339828
v -0.986455 -0.181366 2.296173
v -0.542731 -0.556618 2.468987
v 0.001050 -1.007389 2.498080
v 0.484046 -1.365532 2.402548
v -0.427941 -2.171651 2.479629
v -0.980663 -1.732785 2.490819
v -1.459742 -1.067525 2.231669
v -1.732595 -0.167655 1.758799
v -1.447487 0.280696 1.813717
v -1.627037 -1.147065 2.383161
v -1.082610 -1.819258 2.601280
v -1.860572 -1.555295 2.318643
v -2.247813 -0.960192 1.841593
v -2.441054 -1.705206 1.767825
v -2.006132 -0.091539 1.882031
v -1.836022 0.363408 1.350153
v -1.660873 0.533766 1.325563
v -1.427006 0.419942 1.858305
v -1.969415 0.705247 0.586154
v -1.869265 0.781405 -0.296855
v -2.182961 0.795353 -0.327275
v -1.826787 0.844564 0.534908
v -1.654001 0.679346 1.346654
v -1.155073 0.755453 1.846847
v -0.792576 0.394890 2.224845
v -1.702913 0.760300 -0.934317
v -1.751965 0.950134 -0.268810
v -1.808100 0.964899 0.573768
v -1.582644 0.970060 -0.928159
v -1.764918 1.110172 -0.287276
v -1.558074 1.312830 0.625022
v -1.414026 1.024679 1.382853
v -1.569600 1.132306 -0.953231
v -1.203877 0.929661 -1.610143
v -1.495789 1.513452 -0.292291
v -0.528191 0.938549 -1.946867
v -0.739871 0.553752 -2.015055
v 0.049177 0.368888 -2.116747
v -0.965621 1.331001 -1.558529
v -1.335535 1.524519 -0.863741
v 0.100296 -0.301490 -2.217310
v 0.055842 -0.456373 -2.181394
v -0.277489 -0.091832 -2.156276
v 0.403030 -0.621998 -2.211318
v 0.517888 -0.161076 -2.042789
v -0.262882 0.080566 -2.199889
v -0.740589 0.398707 -1.992235
v -1.228476 0.781181 -1.582059
v 0.361529 -0.798298 -2.138559
v -0.231916 -1.276063 -2.270334
v -0.637444 -0.618309 -2.164967
v -0.960962 0.026535 -1.963320
v -1.340165 0.572427 -1.599364
v -0.256942 -1.227986 -2.593148
v -0.702558 -0.643773 -2.449970
v -1.151286 0.052771 -2.185756
v -1.525936 0.553046 -1.844409
v -1.914436 0.754063 -1.165666
v 0.039910 -1.634948 -2.260678
v -0.947972 -1.514202 -2.601611
v -1.497807 -1.031898 -2.299680
v -1.976627 -0.595650 -1.792893
v -2.313613 -0.220754 -1.145171
v -2.499578 -0.175251 -0.377886
v -2.525609 -1.020597 -1.088303
v -2.362663 -1.745378 -1.553674
v -1.787947 -2.117400 -2.236350
v -1.149631 -2.466468 -2.645785
v -0.414729 -1.950892 -2.760042
v -0.530342 -2.788823 -2.843586
v 0.112289 -2.296509 -2.754169
v 0.098104 -3.053932 -2.855012
v 0.101189 -1.616022 -2.648135
v 0.062611 -4.726855 -2.710250
v 0.080371 -3.866687 -2.839318
v 0.127078 -3.890052 -2.716453
v 0.139546 -3.087583 -2.734278
v 0.133511 -2.335278 -2.634584
v 0.135584 -1.704991 -2.560916
v -2.435737 -3.063392 -1.511604
v -1.910644 -3.243900 -2.173622
v -1.255166 -3.466493 -2.616628
v -0.589891 -3.687461 -2.826769
v -0.613022 -4.593619 -2.708321
v -1.913647 -4.313725 -2.075900
v -0.554283 -5.457948 -2.503924
v -1.200272 -5.384947 -2.335920
v -1.278542 -4.452860 -2.501223
v -1.837218 -5.322660 -1.952930
v -2.317523 -5.242478 -1.289884
v -2.421741 -4.199722 -1.420233
v 0.021153 -5.526247 -2.483546
v -0.407320 -6.246597 -2.225039
v -1.022338 -6.238562 -2.123585
v -1.673345 -6.270902 -1.826720
v -2.151700 -6.226025 -1.069402
v -2.546723 -5.150872 -0.512062
v -2.313602 -6.157298 -0.302029
v -2.619667 -5.058580 0.288291
v -2.812687 -4.072213 0.214867
v -2.708365 -4.127605 -0.628159
v -2.375171 -6.017337 0.344103
v -2.266966 -6.197247 0.326548
v -2.232879 -6.370773 -0.238224
v -2.018857 -6.418329 -1.010338
v -1.568218 -6.397443 -1.632689
v -2.938620 -3.041225 0.164397
v -2.859721 -3.136935 0.992231
v -2.800252 -2.252151 1.036077
v -2.798055 -4.051043 0.995217
v -2.614282 -4.929647 1.024018
v -2.293896 -5.817397 1.099056
v -2.039928 -5.954708 0.953003
v -1.820615 -5.540324 1.404831
v -2.033606 -5.386772 1.606706
v -1.566978 -5.240684 1.699302
v -2.329459 -4.731986 1.662973
v -1.703771 -5.060604 1.985576
v -1.211524 -5.030144 1.923761
v -0.826534 -5.015270 1.959817
v -0.453660 -5.246725 1.871319
v -0.546985 -5.136027 2.271168
v -0.865904 -4.944093 2.330789
v -1.306081 -4.898902 2.243581
v -1.866886 -4.565696 2.083657
v -2.500894 -4.005624 1.675758
v -2.556816 -3.225551 1.699627
v -1.979140 -4.010838 2.148993
v -2.080042 -3.304935 2.224528
v -1.467597 -3.389105 2.551519
v -1.376495 -4.025855 2.474614
v -1.338763 -4.555439 2.361761
v -0.751405 -3.494447 2.678752
v -0.796351 -2.752960 2.695908
v -1.527434 -2.771686 2.561238
v -2.098990 -2.635620 2.236811
v -2.532351 -2.442321 1.719696
v -0.455814 -2.279138 2.587934
v -1.359290 -2.102351 2.585461
v -1.682851 -2.301109 2.516281
v -2.057999 -2.044056 2.263396
v -2.667551 -1.425212 1.115350
v -2.476027 -0.539302 1.229311
v -2.156166 0.377087 1.451172
v -2.784857 -3.056013 -0.691575
v -2.886391 -2.086790 0.211737
v -2.760255 -1.204383 0.331995
v -2.566381 -0.278716 0.460188
v -2.247343 0.654448 0.714207
v -2.752075 -1.991775 -0.654923
v -2.708650 -1.086595 -0.452950
v -0.391244 -6.743728 -1.652751
v -0.456350 -6.379179 -1.931104
v -0.060767 -6.391573 -1.870272
v -1.265617 -6.788520 -1.032301
v -1.534452 -6.713639 -0.651274
v -1.874317 -6.624966 -0.875602
v -0.695543 -6.485375 -0.208688
v -0.840038 -6.819948 -1.170738
v -0.497016 -6.801484 -1.131881
v -0.176133 -6.754954 -1.540347
v 0.038978 -6.766180 -1.427945
v 0.286030 -6.403426 -1.751568
v 0.700404 -6.434057 -1.390002
v -1.589254 -6.588950 -0.154791
v -1.601555 -6.458505 0.265159
v -1.478371 -6.268339 0.600740
v -1.303283 -6.190949 0.771822
v -1.072130 -6.179638 0.864826
v -0.923672 -6.173227 0.869761
v -0.786145 -6.188015 0.864892
v -1.326004 -5.867547 1.436213
v -1.671052 -6.012209 1.224998
v -1.875975 -6.168326 0.879457
v -1.959929 -6.365702 0.347180
v -1.920602 -6.520822 -0.183276
v -1.820615 -5.540324 1.404831
v -1.566978 -5.240684 1.699302
v -2.039928 -5.954708 0.953003
v -2.266966 -6.197247 0.326548
v -2.232879 -6.370773 -0.238224
v -0.873313 -6.701927 -1.681060
v -0.963740 -6.384108 -1.820013
v -1.479724 -6.681383 -1.457099
v -2.018857 -6.418329 -1.010338
v -1.568218 -6.397443 -1.632689
v 0.135584 -1.704991 -2.560916
v 0.057724 -5.534624 -2.363772
v -0.004981 -6.262582 -2.051595
v -0.037417 -6.258080 -2.169787
v -0.060767 -6.391573 -1.870272
v -0.456350 -6.379179 -1.931104
v -0.963740 -6.384108 -1.820013
v 0.089603 -4.738680 -2.593135
v 0.749368 -6.370745 0.634753
v 0.494452 -6.186647 1.279965
v 0.070969 -6.253181 1.072881
v 0.156273 -5.974796 1.564746
v -0.114340 -6.131911 1.194940
v -0.328971 -6.327264 0.707267
v -0.450756 -6.263580 0.752760
v -0.273978 -6.027424 1.300093
v -0.128620 -5.610106 1.747966
v 0.470320 -6.761479 -1.108444
v 0.945929 -6.452864 -0.790699
v 0.649492 -6.729453 -0.605604
v 0.949898 -6.419840 -0.130351
v 0.661576 -6.648501 -0.071554
v 0.384836 -6.475288 0.418637
v -0.235192 -6.376301 0.672231
v 0.158226 -6.744099 -0.328976
v 0.120376 -6.658731 -0.027010
v 0.012763 -6.519539 0.228003
v 0.085124 -6.767463 -0.737963
v -0.643442 -6.240529 0.828300
v -0.551607 -5.895243 1.415789
v -0.793986 -5.816685 1.513657
v -1.102519 -5.806284 1.523057
v -0.453660 -5.246725 1.871319
v -0.826534 -5.015270 1.959817
v -1.211524 -5.030144 1.923761
v -0.129718 -5.430681 2.104981
v 0.119748 -4.980935 2.200484
v 0.326555 -5.873302 1.783353
v 0.682750 -6.106238 1.360312
v 0.156273 -5.974796 1.564746
v -0.128620 -5.610106 1.747966
v -0.735109 -4.140285 2.602394
v -0.778075 -4.652261 2.470376
v -0.341677 -4.772760 2.416367
v -1.558074 1.312830 0.625022
v -1.414026 1.024679 1.382853
v 0.073822 -0.015147 -0.186080
v -1.155073 0.755453 1.846847
v -0.792576 0.394890 2.224845
v -0.332804 -0.026082 2.486845
v 0.177061 -0.477770 2.493959
v 0.551217 -0.781633 2.356474
v 0.951209 -1.071944 1.958827
v 1.222202 -1.261994 1.543579
v 1.371087 -1.247896 1.492105
v 1.517445 -1.407842 0.889623
v 1.475012 -1.434199 0.613858
v 1.411876 -1.427659 -0.205933
v 1.334361 -1.236831 -0.785147
v 1.149258 -0.958302 -1.367639
v 0.855724 -0.575260 -1.792925
v 0.517888 -0.161076 -2.042789
v 0.049177 0.368888 -2.116747
v -0.528191 0.938549 -1.946867
v -0.965621 1.331001 -1.558529
v -1.335535 1.524519 -0.863741
v -1.495789 1.513452 -0.292291
v -0.182666 -6.780000 -0.973239
v -0.339839 -6.790742 -1.052562
v -1.852851 -6.034153 0.050994
v -1.685644 -5.863236 0.542732
v -0.973784 -5.794257 0.455160
v -1.576271 -5.701415 0.881391
v -0.984736 -5.050007 1.443283
v -0.611136 -5.079501 1.396247
v -1.306438 -5.348158 1.198487
v -1.448804 -5.202933 1.531120
v -1.806516 -5.688721 1.071482
v -2.011534 -5.977440 0.551215
v -2.042989 -6.203741 0.040189
v -1.692206 -6.179850 -0.386264
v -0.981001 -4.905564 1.747173
v -0.534867 -4.968546 1.626353
v -1.255604 -6.237098 -0.561783
v -1.340503 -6.402009 -0.771661
v -0.928376 -6.395930 -0.842667
v -1.824482 -6.356202 -0.455772
v -0.978031 -6.281991 -0.640126
v -0.433254 -6.360011 -0.715295
v -0.519294 -6.246929 -0.479772
v -0.231326 -6.162698 -0.188614
v -0.047942 -6.293968 -0.298902
v -0.324000 -5.500134 1.048322
v 0.016512 -5.975791 0.383701
v 0.250470 -6.052839 0.423474
v -0.047399 -5.501800 1.235596
v -1.281438 -9.860158 2.176588
v -0.703386 -9.846299 2.228315
v -0.725562 -8.911296 2.298604
v -1.408288 -8.908406 2.139133
v -1.961123 -9.554177 1.522589
v -1.456142 -8.059686 2.142601
v -0.736769 -8.013087 2.360619
v -0.738188 -7.115047 2.336551
v -1.445531 -7.209878 2.088242
v -1.425415 -6.304904 1.888723
v -1.845358 -6.630282 1.279585
v -1.691039 -5.862148 1.145086
v -1.910228 -6.170825 0.588856
v -0.779424 -6.135852 2.103652
v -0.808461 -5.024856 1.867484
v -1.308600 -5.342780 1.636496
v -1.936592 -8.801620 1.488773
v -2.118713 -8.665942 0.721940
v -1.910775 -8.108745 1.451067
v -1.862149 -7.434447 1.362357
v -1.943090 -6.858297 0.741758
v -1.906816 -7.566695 0.690845
v -1.932570 -7.003779 0.087457
v -2.025258 -8.101574 0.732557
v -2.034187 -8.017429 0.063228
v -2.150476 -8.528843 -0.051862
v -1.900968 -7.575455 0.186969
v -1.757851 -7.935256 -0.484838
v -1.852712 -8.427543 -0.708237
v -1.677523 -7.563461 -0.242099
v -1.218960 -7.902925 -0.863500
v -1.244560 -8.381835 -1.084173
v -0.630567 -8.367299 -1.115428
v -0.648928 -7.895718 -0.886844
v -1.742737 -7.120098 -0.463713
v -1.943858 -6.412767 0.042506
v -1.710247 -6.575767 -0.487738
v -1.206889 -7.155184 -0.868292
v -1.155155 -7.543794 -0.624122
v -0.709462 -7.508459 -0.624458
v -1.192813 -6.624740 -0.825462
v -0.752198 -6.618242 -0.901377
v -0.094790 -7.910363 -0.675213
v -0.175454 -7.518135 -0.456973
v -0.188836 -7.105365 -0.706483
v -0.222852 -6.579839 -0.765201
v 0.189095 -6.509231 -0.320025
v -0.708215 -7.143097 -0.883293
v 0.228335 -7.566059 -0.201125
v 0.422387 -8.426075 -0.389683
v -0.021152 -8.392444 -0.848106
v -0.007596 -8.942150 -0.975209
v 0.495268 -8.910708 -0.451058
v 0.663738 -9.118367 0.487687
v 0.470562 -8.545027 0.509355
v 0.454845 -9.333044 1.344798
v 0.338834 -7.933764 -0.268474
v 0.435878 -7.980624 0.511659
v 0.387426 -8.675964 1.331066
v 0.364141 -7.971317 1.332554
v -0.071015 -7.979141 1.967951
v -0.121034 -7.128921 1.958210
v 0.348086 -7.265851 1.297855
v 0.332932 -6.483480 1.274793
v -0.051299 -8.820763 1.989920
v -0.171959 -6.190067 1.887069
v 0.398292 -7.431664 0.517135
v 0.470848 -6.802686 0.467375
v 0.316737 -7.017844 -0.331232
v -0.779424 -6.135852 2.103652
v -0.808461 -5.024856 1.867484
v -0.331488 -5.092191 1.738312
v 0.189675 -5.662305 1.320544
v 0.508134 -6.251435 0.452285
v -2.143853 -8.033786 1.097523
v -2.144253 -7.865184 1.170824
v -2.137528 -7.671105 0.493870
v -2.143016 -8.177670 0.983088
v -2.138621 -8.375244 0.481610
v -2.095665 -8.412464 0.481396
v -2.097441 -8.390548 0.673663
v -2.140307 -8.354433 0.664267
v -2.141808 -8.287035 0.835310
v -2.100292 -8.204488 1.009264
v -2.101168 -8.053029 1.129726
v -2.101592 -7.875557 1.206880
v -2.093807 -8.383866 0.290004
v -2.099019 -8.319605 0.853710
v -2.132299 -8.012567 -0.122044
v -2.133583 -8.160350 -0.012687
v -2.090363 -8.186253 -0.038913
v -2.135140 -8.274800 0.131194
v -2.091999 -8.306717 0.112538
v -2.136858 -8.348090 0.299788
v -2.141471 -7.181858 1.000427
v -2.139914 -7.067423 0.856550
v -2.142758 -7.329638 1.109784
v -2.144196 -7.683359 1.197989
v -2.143686 -7.500690 1.177171
v -2.100996 -7.491878 1.213557
v -2.100021 -7.311822 1.142628
v -2.098665 -7.156269 1.027515
v -2.097028 -7.035804 0.876065
v -2.101538 -7.684156 1.235471
v -2.095222 -6.958648 0.698599
v -2.138199 -6.994122 0.687954
v -2.093365 -6.930055 0.507209
v -2.136436 -6.966952 0.506133
v -2.134748 -6.987781 0.323477
v -2.091589 -6.951975 0.314939
v -2.090009 -7.022909 0.134895
v -2.133246 -7.055163 0.152429
v -2.132041 -7.164536 0.004655
v -2.088738 -7.138033 -0.020659
v -2.087862 -7.289492 -0.141119
v -2.131204 -7.308421 -0.109780
v -2.130804 -7.477021 -0.183081
v -2.087435 -7.466968 -0.218277
v -2.087494 -7.658363 -0.246871
v -2.130858 -7.658853 -0.210246
v -2.131369 -7.841517 -0.189429
v -2.088029 -7.850645 -0.224956
v -2.089009 -8.030694 -0.154027
v 0.454845 -9.333044 1.344798
v -0.100891 -9.743575 2.052005
v -0.246046 -9.614805 1.601071
v -0.007596 -8.942150 -0.975209
v 0.495268 -8.910708 -0.451058
v 0.103086 -9.239327 -0.172990
v 0.663738 -9.118367 0.487687
v 0.202254 -9.340718 0.486146
v 0.038818 -9.564402 1.162436
v -0.777608 -9.450394 0.593381
v -0.229377 -9.276592 -0.423475
v -1.916205 -9.374103 0.005634
v -1.618228 -9.321397 -0.535570
v -1.903615 -9.449287 0.609984
v -1.560049 -9.594242 1.287498
v -1.096453 -9.714006 1.579375
v -0.643191 -9.730710 1.639731
v -0.703386 -9.846299 2.228315
v -1.281438 -9.860158 2.176588
v -1.961123 -9.554177 1.522589
v -2.300113 -9.229464 0.678676
v -2.278271 -9.062006 -0.284541
v -1.907942 -9.016186 -0.917663
v -1.070981 -9.333720 -0.697270
v -0.672602 -9.312346 -0.635169
v -0.601944 -8.983953 -1.227796
v -1.235227 -9.029457 -1.255363
v -1.404125 -8.717835 2.197332
v -1.243064 -9.207164 2.228151
v -1.066665 -9.254857 2.376628
v -1.195768 -8.734584 2.473837
v -0.775280 -9.278513 2.453498
v -0.777003 -8.772413 2.582937
v -0.965335 -9.297969 2.205153
v -0.771390 -9.314965 2.235638
v -0.583551 -9.295938 2.194113
v -0.491764 -9.245467 2.362568
v -0.365021 -8.742574 2.450948
v -0.774505 -8.282498 2.675693
v -1.281797 -8.242953 2.534241
v -1.533370 -8.221657 2.175643
v -1.362075 -8.183529 2.058698
v -1.256745 -8.670029 2.077497
v -1.083736 -9.254519 2.089069
v -1.430317 -7.694088 2.030842
v -1.257846 -6.541593 2.420953
v -0.745342 -6.503257 2.583060
v -0.733451 -6.025272 2.440590
v -1.331102 -7.075888 2.527429
v -1.498756 -6.557886 2.028581
v -1.600994 -7.056331 2.078541
v -1.330748 -6.625441 1.926311
v -1.416831 -7.088412 1.979149
v -1.614628 -7.678173 2.137989
v -1.340280 -7.681452 2.568455
v -0.766403 -7.677820 2.750946
v -0.756452 -7.072335 2.717947
v -0.219919 -6.556034 2.387967
v 0.057518 -6.594328 1.968789
v -0.055567 -6.103747 1.922928
v -0.274502 -6.072420 2.276780
v -0.180557 -7.086602 2.487783
v -0.198242 -7.694126 2.530542
v -0.271500 -8.252071 2.504826
v 0.014560 -8.240379 2.118643
v -0.149372 -8.732056 2.154897
v 0.110275 -7.704671 2.075909
v -0.332592 -9.202627 2.191675
v -0.481115 -9.256121 2.057097
v -0.291758 -8.681969 2.036137
v -0.163694 -8.201038 2.006079
v -0.063673 -7.711999 1.963148
v 0.128393 -7.091107 2.019089
v -0.204880 -6.156956 1.817517
v -0.304806 -5.722261 1.766456
v -0.113499 -6.645071 1.868018
v -0.046295 -7.107561 1.909502
v -0.721184 -5.621891 2.294876
v -1.071424 -5.655624 2.183433
v -0.712537 -5.619728 2.091380
v -0.433708 -5.654100 2.007818
v -0.334605 -5.678468 2.169310
v -0.156726 -5.742065 1.886238
v -1.168725 -6.064198 2.303604
v -1.369020 -6.080717 1.962372
v -1.250100 -5.710001 1.910749
v -1.214926 -6.144559 1.861615
v -1.082179 -5.698279 1.792183
v -0.952869 -5.637259 2.022406
v 0.474128 -7.189320 -0.006195
v 0.475825 -7.073939 0.149644
v 0.518312 -7.113879 0.171213
v 0.476642 -7.002810 0.330040
v 0.519079 -7.047004 0.340781
v 0.476520 -6.980784 0.522699
v 0.508292 -7.712460 -0.188164
v 0.465167 -7.710695 -0.232718
v 0.468611 -7.518932 -0.204123
v 0.511529 -7.532199 -0.161298
v 0.471670 -7.341102 -0.126860
v 0.514404 -7.365030 -0.088680
v 0.516716 -7.222349 0.024730
v 0.477805 -7.723793 0.509901
v 0.518964 -7.026283 0.521881
v 0.504904 -7.893527 -0.167457
v 0.501606 -8.063066 -0.100580
v 0.517980 -7.053144 0.702167
v 0.516190 -7.125739 0.869361
v 0.513718 -7.239127 1.012061
v 0.510730 -7.385584 1.120544
v 0.475473 -7.009370 0.714491
v 0.473570 -7.086613 0.892346
v 0.470939 -7.207249 1.044144
v 0.467760 -7.363060 1.159543
v 0.507432 -7.555117 1.187419
v 0.464251 -7.543420 1.230673
v 0.504049 -7.736187 1.208128
v 0.460650 -7.736046 1.252689
v 0.500807 -7.916447 1.181261
v 0.457206 -7.927811 1.224088
v 0.454148 -8.105636 1.146826
v 0.497934 -8.083613 1.108642
v 0.451687 -8.257421 1.026163
v 0.495623 -8.226295 0.995231
v 0.494027 -8.334773 0.848751
v 0.493260 -8.401652 0.679182
v 0.493372 -8.422351 0.498083
v 0.449295 -8.465959 0.497269
v 0.450344 -8.437361 0.305475
v 0.494356 -8.395513 0.317793
v 0.496149 -8.322901 0.150602
v 0.498620 -8.209517 0.007903
v 0.449992 -8.372807 0.870325
v 0.449177 -8.443930 0.689929
v 0.452249 -8.360121 0.127619
v 0.454879 -8.239499 -0.024178
v 0.458057 -8.083680 -0.139577
v 0.461569 -7.903320 -0.210704
v 0.476642 -7.002810 0.330040
v 0.193313 -6.996455 0.326725
v 0.193191 -6.974448 0.519342
v 0.476520 -6.980784 0.522699
v 0.475473 -7.009370 0.714491
v 0.192142 -7.003035 0.711090
v 0.473570 -7.086613 0.892346
v 0.190241 -7.080266 0.888899
v 0.470939 -7.207249 1.044144
v 0.187612 -7.200881 1.040659
v 0.467760 -7.363060 1.159543
v 0.184434 -7.356659 1.156022
v 0.464251 -7.543420 1.230673
v 0.180924 -7.536978 1.227124
v 0.460650 -7.736046 1.252689
v 0.177328 -7.729556 1.249125
v 0.457206 -7.927811 1.224088
v 0.173881 -7.921270 1.220522
v 0.170825 -8.099048 1.143266
v 0.454148 -8.105636 1.146826
v 0.451687 -8.257421 1.026163
v 0.168367 -8.250785 1.022619
v 0.449992 -8.372807 0.870325
v 0.166672 -8.366125 0.866810
v 0.449177 -8.443930 0.689929
v 0.165855 -8.437225 0.686450
v 0.165975 -8.459232 0.493834
v 0.449295 -8.465959 0.497269
v 0.450344 -8.437361 0.305475
v 0.167022 -8.430657 0.302085
v 0.452249 -8.360121 0.127619
v 0.168927 -8.353417 0.124274
v 0.454879 -8.239499 -0.024178
v 0.171557 -8.232795 -0.027482
v 0.458057 -8.083680 -0.139577
v 0.174735 -8.077027 -0.142845
v 0.461569 -7.903320 -0.210704
v 0.178242 -7.896707 -0.213948
v 0.465167 -7.710695 -0.232718
v 0.181840 -7.704131 -0.235946
v -0.601944 -8.983953 -1.227796
v -1.235227 -9.029457 -1.255363
v -1.907942 -9.016186 -0.917663
v -2.278271 -9.062006 -0.284541
v -2.300113 -9.229464 0.678676
v 0.468611 -7.518932 -0.204123
v 0.465167 -7.710695 -0.232718
v 0.181840 -7.704131 -0.235946
v 0.185285 -7.512417 -0.207346
v 0.471670 -7.341102 -0.126860
v 0.188341 -7.334635 -0.130092
v 0.474128 -7.189320 -0.006195
v 0.190799 -7.182900 -0.009445
v 0.475825 -7.073939 0.149644
v 0.192494 -7.067555 0.146366
v -1.696995 -7.498237 1.212363
v -1.696018 -7.318129 1.141398
v -2.100021 -7.311822 1.142628
v -2.100996 -7.491878 1.213557
v -1.697537 -7.690577 1.234300
v -2.101538 -7.684156 1.235471
v -1.697594 -7.882045 1.205713
v -2.101592 -7.875557 1.206880
v -2.101168 -8.053029 1.129726
v -1.697171 -8.059584 1.128548
v -2.100292 -8.204488 1.009264
v -1.696296 -8.211102 1.008063
v -2.099019 -8.319605 0.853710
v -1.695025 -8.326263 0.852471
v -2.097441 -8.390548 0.673663
v -1.693445 -8.397251 0.672377
v -1.691669 -8.419190 0.480053
v -2.095665 -8.412464 0.481396
v -1.689811 -8.390593 0.288602
v -2.093807 -8.383866 0.290004
v -1.688003 -8.313420 0.111077
v -2.091999 -8.306717 0.112538
v -2.090363 -8.186253 -0.038913
v -1.686364 -8.192936 -0.040429
v -2.089009 -8.030694 -0.154027
v -1.685010 -8.037333 -0.155589
v -2.088029 -7.850645 -0.224956
v -1.684028 -7.857229 -0.226552
v -2.087494 -7.658363 -0.246871
v -1.683491 -7.664884 -0.248487
v -1.689357 -6.936275 0.505763
v -1.687581 -6.958220 0.313439
v -2.091589 -6.951975 0.314939
v -2.093365 -6.930055 0.507209
v -1.691215 -6.964864 0.697211
v -2.095222 -6.958648 0.698599
v -1.693021 -7.042037 0.874738
v -2.097028 -7.035804 0.876065
v -2.098665 -7.156269 1.027515
v -1.694662 -7.162529 1.026240
v -1.683491 -7.664884 -0.248487
v -2.087494 -7.658363 -0.246871
v -2.087435 -7.466968 -0.218277
v -1.683430 -7.473423 -0.219898
v -2.087862 -7.289492 -0.141119
v -1.683857 -7.295880 -0.142730
v -2.088738 -7.138033 -0.020659
v -1.684730 -7.144360 -0.022246
v -1.686001 -7.029188 0.133346
v -2.090009 -7.022909 0.134895
v -0.100891 -9.743575 2.052005
v -0.703386 -9.846299 2.228315
v -0.725562 -8.911296 2.298604
v -0.736769 -8.013087 2.360619
v -0.738188 -7.115047 2.336551
vn 0.2178 -0.0933 -0.9715
vn 0.7078 0.4876 -0.5112
vn 0.8214 0.4581 -0.3396
vn 0.6131 -0.0786 -0.7861
vn 0.1479 -0.1790 -0.9727
vn 0.8617 0.4822 -0.1581
vn 0.8007 -0.2198 -0.5573
vn 0.8927 0.4503 -0.0158
vn 0.1401 0.0467 -0.9890
vn 0.2500 0.1095 -0.9620
vn -0.1637 0.1559 -0.9741
vn 0.0863 0.6432 -0.7608
vn 0.7185 0.5369 -0.4421
vn 0.7304 0.4869 -0.4791
vn 0.6804 0.5142 -0.5222
vn 0.4362 -0.1869 -0.8802
vn 0.6895 -0.3761 -0.6190
vn 0.9619 -0.1498 -0.2286
vn 0.8905 0.4532 -0.0398
vn 0.9942 0.0316 -0.1026
vn 0.9321 0.3396 -0.1264
vn 0.9217 -0.1891 -0.3387
vn 0.7970 0.5287 -0.2920
vn 0.9340 0.3560 -0.0317
vn 0.6432 0.5003 0.5797
vn 0.7596 -0.1108 0.6409
vn 0.9940 -0.0947 -0.0552
vn 0.9874 -0.0948 -0.1264
vn 0.9985 -0.0000 -0.0555
vn 0.8552 0.4909 -0.1663
vn 0.7903 0.5295 -0.3082
vn 0.9951 -0.0474 -0.0869
vn 0.9946 -0.1026 0.0158
vn 0.9570 0.2610 0.1265
vn 0.9787 -0.0000 0.2052
vn 0.9402 0.3397 -0.0237
vn 0.9254 0.3480 -0.1503
vn 0.8639 0.0942 -0.4948
vn 0.9606 0.2779 -0.0000
vn 0.9451 0.2939 0.1430
vn 0.9604 0.0953 0.2619
vn 0.6822 0.1904 0.7060
vn 0.9468 -0.0631 0.3156
vn 0.9859 -0.0552 0.1578
vn 0.9984 -0.0475 -0.0317
vn 0.9768 -0.0630 -0.2048
vn 0.8812 -0.0236 -0.4721
vn 0.5880 0.0471 -0.8075
vn 0.5789 -0.1252 -0.8057
vn 0.8818 -0.1181 -0.4566
vn 0.9751 -0.1022 -0.1966
vn 0.9920 -0.1260 -0.0079
vn 0.9694 -0.1655 0.1813
vn 0.9180 -0.1899 0.3482
vn 0.7657 -0.1578 0.6236
vn 0.7156 -0.2703 0.6441
vn 0.6260 -0.3328 0.7052
vn 0.4345 -0.2370 0.8690
vn 0.8790 -0.2534 0.4039
vn 0.9513 -0.2140 0.2220
vn 0.9792 -0.1974 0.0474
vn 0.9694 -0.1655 -0.1813
vn 0.8562 -0.2120 -0.4712
vn 0.8277 -0.2759 0.4887
vn 0.5543 -0.2420 -0.7963
vn -0.2408 -0.2097 -0.9476
vn -0.2324 -0.3099 -0.9219
vn 0.5142 -0.3584 -0.7792
vn 0.8086 -0.3062 -0.5024
vn 0.9502 -0.2592 -0.1728
vn 0.9672 -0.2438 0.0708
vn 0.9336 -0.2453 0.2611
vn 0.7075 -0.6368 0.3066
vn 0.7960 -0.5990 0.0867
vn 0.7758 -0.6112 -0.1567
vn 0.6247 -0.6247 -0.4685
vn 0.4113 -0.6674 -0.6208
vn 0.1564 -0.8604 0.4850
vn 0.3768 -0.8870 0.2669
vn 0.4855 -0.8692 0.0940
vn 0.5157 -0.8516 -0.0937
vn 0.3735 -0.8792 -0.2957
vn 0.2031 -0.9139 -0.3515
vn -0.2405 -0.6129 -0.7526
vn 0.1859 -0.3406 -0.9217
vn 0.2340 -0.2339 -0.9437
vn -0.0465 -0.7064 -0.7063
vn 0.0232 -0.9217 -0.3873
vn 0.6211 0.1808 -0.7626
vn -0.2493 0.0701 -0.9659
vn 0.1484 -0.0936 -0.9845
vn -0.2562 -0.0854 -0.9628
vn 0.7849 -0.0396 0.6184
vn 0.8684 0.3506 0.3506
vn 0.4759 -0.1110 0.8725
vn 0.4910 -0.0158 0.8710
vn 0.7454 0.5630 0.3569
vn 0.6436 0.5720 0.5085
vn 0.2605 -0.0710 0.9629
vn 0.2214 -0.1897 0.9566
vn 0.2923 0.0237 0.9560
vn 0.5180 0.3108 0.7969
vn 0.6613 0.2868 0.6931
vn 0.6884 -0.1741 0.7042
vn 0.7402 -0.1910 0.6447
vn 0.5756 -0.0946 0.8122
vn 0.5941 -0.3406 0.7287
vn 0.4358 0.2535 0.8636
vn 0.4122 0.3329 0.8481
vn 0.5003 0.5003 0.7067
vn 0.3187 0.5814 0.7486
vn -0.2766 -0.0948 0.9563
vn -0.0237 -0.1656 0.9859
vn 0.6618 0.4625 0.5900
vn 0.3648 -0.1428 0.9201
vn 0.7784 0.4924 0.3893
vn 0.7051 -0.1663 0.6893
vn 0.6183 0.5231 0.5866
vn -0.5744 0.0236 0.8183
vn -0.5817 -0.0786 0.8096
vn -0.3302 -0.1258 0.9355
vn -0.0944 -0.2359 0.9672
vn 0.2380 -0.2856 0.9283
vn 0.3267 0.2869 0.9005
vn 0.1670 0.3261 0.9305
vn 0.0396 0.4117 0.9105
vn -0.0792 0.4988 0.8631
vn -0.7707 0.1415 0.6213
vn -0.1193 0.3660 0.9229
vn 0.0954 0.2860 0.9535
vn -0.5356 0.1260 0.8350
vn -0.7862 0.1573 0.5976
vn -0.8439 0.1172 0.5235
vn -0.2602 0.4968 0.8280
vn -0.2459 0.7773 0.5790
vn -0.8334 0.3538 0.4246
vn -0.7449 0.2274 0.6273
vn -0.3559 0.9018 0.2452
vn -0.4244 0.9038 -0.0550
vn -0.5813 0.8091 -0.0864
vn -0.8922 0.4382 0.1096
vn -0.8853 0.2507 0.3917
vn 0.0159 0.8283 0.5600
vn 0.1506 0.7450 0.6499
vn -0.4144 0.8680 -0.2737
vn -0.9590 0.2417 -0.1481
vn -0.9311 0.3365 0.1409
vn -0.8923 0.2172 -0.3957
vn -0.9592 0.2496 -0.1326
vn -0.1656 0.9467 0.2761
vn -0.1339 0.8832 0.4495
vn -0.8669 0.2890 -0.4061
vn -0.6927 0.2257 -0.6850
vn -0.1665 0.9835 0.0714
vn 0.2760 0.7253 -0.6307
vn -0.4352 0.1088 -0.8937
vn 0.5207 0.5917 -0.6154
vn 0.0470 0.8855 -0.4623
vn -0.1107 0.9812 -0.1583
vn 0.0234 0.0078 -0.9997
vn -0.0931 -0.0698 -0.9932
vn -0.2567 -0.0622 -0.9645
vn 0.2174 -0.0933 -0.9716
vn 0.7078 0.4876 -0.5111
vn -0.2095 0.0233 -0.9775
vn -0.4810 0.0077 -0.8767
vn -0.7224 0.1787 -0.6680
vn 0.1478 -0.1789 -0.9727
vn 0.6142 0.4646 -0.6379
vn 0.4390 0.4390 -0.7839
vn 0.1648 0.4629 -0.8709
vn -0.1803 0.7446 -0.6427
vn 0.4945 0.5572 -0.6671
vn 0.3522 0.5009 -0.7906
vn 0.1018 0.5244 -0.8454
vn -0.1807 0.7072 -0.6836
vn -0.4696 0.8061 -0.3600
vn 0.6804 0.5142 -0.5221
vn -0.2724 0.1557 -0.9495
vn -0.5053 0.1632 -0.8474
vn -0.7176 0.1872 -0.6708
vn -0.8735 0.2574 -0.4133
vn -0.9526 0.2655 -0.1483
vn -0.9067 0.1473 -0.3952
vn -0.8312 0.0699 -0.5515
vn -0.6363 0.0698 -0.7683
vn -0.3960 0.0621 -0.9162
vn -0.0545 0.1401 -0.9886
vn -0.1402 0.0467 -0.9890
vn 0.6604 0.0786 -0.7468
vn 0.5654 0.0236 -0.8245
vn 0.6943 0.4418 -0.5681
vn 0.5796 -0.1958 -0.7910
vn 0.5309 -0.0859 -0.8431
vn 0.1485 -0.0938 -0.9844
vn 0.1402 0.0467 -0.9890
vn 0.2504 0.1096 -0.9619
vn 0.7606 0.6101 -0.2219
vn -0.8540 -0.0078 -0.5202
vn -0.6832 -0.0233 -0.7298
vn -0.4500 -0.0388 -0.8922
vn -0.1867 -0.0700 -0.9799
vn -0.1869 -0.1791 -0.9659
vn -0.6952 -0.1081 -0.7106
vn -0.1398 -0.2874 -0.9476
vn -0.3963 -0.2409 -0.8859
vn -0.4490 -0.1393 -0.8826
vn -0.6898 -0.1937 -0.6976
vn -0.8836 -0.1938 -0.4263
vn -0.8740 -0.1160 -0.4718
vn 0.5671 -0.2951 -0.7690
vn -0.0310 -0.6669 -0.7445
vn -0.2253 -0.6448 -0.7304
vn -0.5351 -0.5816 -0.6127
vn -0.8320 -0.4391 -0.3390
vn -0.9643 -0.2022 -0.1711
vn -0.9375 -0.3332 -0.1007
vn -0.9723 -0.2334 -0.0078
vn -0.9868 -0.1554 -0.0466
vn -0.9614 -0.1473 -0.2326
vn -0.8942 -0.4199 0.1555
vn -0.8391 -0.5050 0.2020
vn -0.9207 -0.3791 -0.0928
vn -0.7417 -0.5871 -0.3244
vn -0.3559 -0.8435 -0.4024
vn -0.9984 -0.0312 -0.0468
vn -0.9756 -0.0234 0.2185
vn -0.9672 0.0780 0.2418
vn -0.9674 -0.1404 0.2106
vn -0.9252 -0.2721 0.2644
vn -0.5922 -0.6390 0.4909
vn -0.2653 -0.8428 0.4682
vn 0.0472 -0.7628 0.6449
vn -0.3756 -0.6025 0.7042
vn 0.1175 -0.8065 0.5794
vn -0.7452 -0.2824 0.6040
vn -0.2580 -0.6177 0.7429
vn 0.0156 -0.9273 0.3740
vn -0.2870 -0.9465 0.1474
vn -0.5668 -0.8075 0.1631
vn -0.2512 -0.7299 0.6357
vn -0.2195 -0.6977 0.6820
vn -0.2425 -0.6416 0.7277
vn -0.5401 -0.2661 0.7984
vn -0.8146 -0.1645 0.5562
vn -0.8513 -0.0391 0.5232
vn -0.5796 -0.1958 0.7911
vn -0.6210 -0.0943 0.7781
vn -0.3472 -0.1105 0.9313
vn -0.3457 -0.1885 0.9192
vn -0.3454 -0.2826 0.8949
vn -0.0158 -0.0791 0.9967
vn 0.0080 0.0397 0.9992
vn -0.3465 -0.0394 0.9372
vn -0.6583 -0.0235 0.7524
vn -0.8605 0.0313 0.5085
vn 0.3028 0.3347 0.8923
vn -0.2133 0.1027 0.9716
vn -0.4105 0.0868 0.9077
vn -0.6385 0.0867 0.7647
vn -0.9537 0.1407 0.2658
vn -0.9296 0.1953 0.3125
vn -0.4584 0.6955 0.5533
vn -0.9573 -0.0233 -0.2880
vn -0.9968 0.0779 -0.0156
vn -0.9861 0.1566 0.0548
vn -0.9678 0.2419 0.0702
vn -0.6042 0.7612 0.2355
vn -0.9614 0.0465 -0.2713
vn -0.9729 0.1635 -0.1634
vn 0.0700 -0.8554 -0.5132
vn -0.0078 -0.5672 -0.8236
vn 0.1948 -0.6778 -0.7090
vn -0.1009 -0.9938 0.0466
vn -0.1168 -0.9809 0.1557
vn -0.5287 -0.8397 -0.1244
vn -0.0702 -0.9594 0.2730
vn -0.0312 -0.9990 0.0312
vn 0.0155 -0.9955 0.0933
vn 0.1554 -0.9014 -0.4041
vn 0.1787 -0.9167 -0.3574
vn 0.3021 -0.7436 -0.5965
vn 0.5078 -0.7421 -0.4375
vn -0.0545 -0.9649 0.2568
vn -0.0156 -0.9273 0.3741
vn 0.0469 -0.9225 0.3831
vn -0.0156 -0.9501 0.3115
vn -0.0155 -0.9336 0.3579
vn -0.0313 -0.9231 0.3833
vn -0.1558 -0.9111 0.3816
vn -0.1408 -0.6882 0.7117
vn -0.2746 -0.7217 0.6354
vn -0.3202 -0.8278 0.4607
vn -0.3106 -0.8929 0.3261
vn -0.3501 -0.9179 0.1867
vn -0.4243 -0.4636 0.7779
vn -0.2987 -0.4794 0.8252
vn -0.5850 -0.5850 0.5616
vn -0.4993 -0.8113 0.3042
vn -0.5048 -0.8543 0.1243
vn -0.1711 -0.7701 -0.6145
vn -0.2490 -0.4670 -0.8485
vn -0.3876 -0.7912 -0.4731
vn -0.6988 -0.6444 -0.3106
vn -0.4561 -0.5644 -0.6880
vn 0.1859 -0.3408 -0.9216
vn -0.0466 -0.7064 -0.7063
vn 0.5215 -0.6149 -0.5915
vn 0.0233 -0.9217 -0.3873
vn -0.0388 -0.9073 -0.4187
vn -0.1161 -0.8975 -0.4255
vn 0.2340 -0.2340 -0.9436
vn 0.1329 -0.9379 0.3205
vn -0.0549 -0.9249 0.3762
vn -0.1249 -0.9054 0.4059
vn -0.2510 -0.7687 0.5883
vn -0.2418 -0.8501 0.4679
vn -0.3198 -0.8737 0.3666
vn -0.1557 -0.9265 0.3426
vn -0.1960 -0.8074 0.5565
vn -0.2736 -0.6018 0.7503
vn 0.3423 -0.9101 -0.2334
vn 0.6527 -0.7471 -0.1258
vn 0.3996 -0.9167 0.0078
vn 0.6405 -0.7577 0.1250
vn 0.3435 -0.9134 0.2186
vn 0.0078 -0.9414 0.3373
vn -0.2032 -0.9224 0.3283
vn -0.0936 -0.9833 0.1561
vn -0.1243 -0.9398 0.3184
vn -0.1558 -0.9347 0.3194
vn -0.0699 -0.9939 0.0854
vn -0.1405 -0.9286 0.3434
vn -0.0863 -0.7608 0.6432
vn -0.0000 -0.7071 0.7071
vn -0.0709 -0.6772 0.7323
vn -0.1335 -0.5260 0.8400
vn -0.0784 -0.4861 0.8704
vn -0.1494 -0.4795 0.8647
vn -0.1412 -0.6513 0.7456
vn 0.3402 -0.3561 0.8703
vn 0.1573 -0.6368 0.7548
vn 0.5033 -0.6527 0.5662
vn -0.2114 -0.7985 0.5637
vn -0.5301 -0.7405 0.4131
vn -0.0554 -0.1821 0.9817
vn -0.1027 -0.3240 0.9405
vn 0.1415 -0.3458 0.9276
vn -0.1657 0.9467 0.2762
vn -0.1341 0.8832 0.4495
vn 0.6913 0.7151 0.1033
vn 0.0157 0.8283 0.5601
vn 0.1505 0.7449 0.6500
vn 0.3185 0.5814 0.7487
vn 0.5003 0.5001 0.7068
vn 0.6618 0.4625 0.5901
vn 0.7784 0.4925 0.3892
vn 0.6183 0.5232 0.5865
vn 0.9339 0.3562 -0.0317
vn 0.9320 0.3397 -0.1264
vn 0.8905 0.4533 -0.0397
vn 0.8616 0.4823 -0.1581
vn 0.8214 0.4581 -0.3397
vn 0.7077 0.4876 -0.5112
vn 0.2759 0.7253 -0.6307
vn -0.1108 0.9812 -0.1583
vn -0.1666 0.9834 0.0714
vn -0.0468 -0.9911 0.1249
vn -0.0234 -0.9909 0.1326
vn -0.4477 0.8483 -0.2827
vn -0.2511 0.9101 -0.3296
vn -0.0237 0.8761 -0.4815
vn -0.2967 0.8277 -0.4763
vn -0.1814 0.8440 -0.5048
vn 0.2044 0.8096 -0.5502
vn -0.3452 0.7611 -0.5492
vn -0.3777 0.7869 -0.4879
vn -0.3441 0.8133 -0.4692
vn -0.3149 0.8740 -0.3701
vn -0.5821 0.7394 -0.3382
vn -0.3364 0.7823 -0.5242
vn -0.1572 0.8880 -0.4322
vn 0.1740 0.8540 -0.4903
vn -0.0630 0.8660 -0.4960
vn -0.1730 0.7707 -0.6133
vn -0.0000 0.8554 -0.5179
vn -0.5216 0.6072 -0.5994
vn 0.0315 0.8892 -0.4564
vn 0.1185 0.8928 -0.4346
vn 0.0946 0.9071 -0.4102
vn 0.2279 0.8801 -0.4165
vn 0.3306 0.8344 -0.4409
vn 0.2761 0.7810 -0.5601
vn 0.2591 0.8559 -0.4476
vn 0.3398 0.8298 -0.4426
vn 0.3405 0.7919 -0.5068
vn -0.3505 -0.7558 0.5531
vn 0.1333 -0.7608 0.6351
vn 0.1103 -0.0394 0.9931
vn -0.5419 -0.0157 0.8403
vn -0.7595 -0.6046 0.2402
vn -0.6150 -0.0000 0.7885
vn 0.1104 -0.0236 0.9936
vn 0.0947 0.1342 0.9864
vn -0.6461 0.1024 0.7564
vn -0.6682 0.2044 0.7154
vn -0.9365 0.1249 0.3278
vn -0.9014 0.2273 0.3684
vn -0.9852 0.1173 0.1251
vn 0.0079 0.1900 0.9817
vn -0.0476 0.2142 0.9756
vn -0.6751 0.2590 0.6908
vn -0.8981 0.0469 0.4373
vn -0.9686 0.1797 0.1719
vn -0.9267 0.0857 0.3660
vn -0.9559 0.0470 0.2899
vn -0.9975 -0.0000 0.0701
vn -0.9976 0.0623 0.0312
vn -0.9764 -0.0775 -0.2015
vn -0.9763 0.1953 0.0937
vn -0.9416 0.2802 -0.1868
vn -0.9495 0.2724 -0.1556
vn -0.9724 0.1167 -0.2022
vn -0.7086 0.4283 -0.5607
vn -0.7237 0.3424 -0.5992
vn -0.8076 0.0932 -0.5824
vn -0.2975 0.4855 -0.8221
vn -0.2893 0.3284 -0.8992
vn 0.1642 0.3049 -0.9381
vn 0.1406 0.4920 -0.8591
vn -0.7916 -0.1862 -0.5820
vn -0.9865 -0.0155 -0.1631
vn -0.7972 0.0077 -0.6037
vn -0.3243 -0.2548 -0.9110
vn -0.3348 0.0156 -0.9422
vn 0.1720 -0.0234 -0.9848
vn -0.3729 0.0777 -0.9246
vn 0.0779 -0.0156 -0.9968
vn 0.4773 0.4147 -0.7747
vn 0.4220 -0.0000 -0.9066
vn 0.4441 -0.2338 -0.8649
vn 0.5017 -0.0705 -0.8622
vn 0.7767 0.1491 -0.6119
vn 0.1554 -0.3031 -0.9402
vn 0.8634 0.0471 -0.5023
vn 0.8770 0.2212 -0.4266
vn 0.5544 0.2655 -0.7887
vn 0.5217 -0.3816 -0.7631
vn 0.8253 -0.3223 -0.4637
vn 0.9287 -0.3700 -0.0237
vn 0.9840 0.1666 0.0635
vn 0.8570 -0.4404 0.2674
vn 0.8621 0.2847 -0.4192
vn 0.9964 0.0791 -0.0316
vn 0.9359 0.0476 0.3490
vn 0.9400 0.0316 0.3397
vn 0.6746 0.0159 0.7380
vn 0.6642 0.0791 0.7433
vn 0.9450 0.0318 0.3256
vn 0.9298 0.0874 0.3576
vn 0.6410 -0.0000 0.7676
vn 0.5939 0.1425 0.7918
vn 0.9973 -0.0158 -0.0712
vn 0.9961 -0.0869 0.0158
vn 0.8267 -0.0630 -0.5591
vn 0.0080 0.1900 0.9818
vn -0.0473 0.2141 0.9757
vn 0.4447 0.1588 0.8815
vn 0.7835 0.0712 0.6173
vn 0.9916 -0.0238 0.1269
vn -0.9038 -0.2338 0.3584
vn -0.9054 -0.1249 0.4059
vn -0.9998 -0.0078 -0.0156
vn -0.9006 -0.3261 0.2873
vn -0.8957 -0.4440 -0.0233
vn -0.3485 -0.9370 -0.0232
vn -0.3504 -0.9109 0.2180
vn -0.8951 -0.4359 0.0934
vn -0.9009 -0.3883 0.1941
vn -0.3523 -0.6811 0.6419
vn -0.3517 -0.4919 0.7965
vn -0.3539 -0.2673 0.8963
vn -0.3491 -0.8993 -0.2636
vn -0.3503 -0.8249 0.4436
vn -0.8896 -0.2166 -0.4022
vn -0.8906 -0.3098 -0.3330
vn -0.3488 -0.6510 -0.6742
vn -0.8930 -0.3804 -0.2406
vn -0.3493 -0.7994 -0.4889
vn -0.8933 -0.4272 -0.1398
vn -0.9031 0.3036 0.3036
vn -0.9019 0.3765 0.2118
vn -0.9034 0.2103 0.3738
vn -0.9035 -0.0156 0.4284
vn -0.9049 0.1014 0.4134
vn -0.3486 0.2217 0.9107
vn -0.3479 0.4506 0.8221
vn -0.3474 0.6552 0.6709
vn -0.3405 0.8070 0.4826
vn -0.3537 -0.0236 0.9351
vn -0.3389 0.9064 0.2522
vn -0.8997 0.4225 0.1095
vn -0.3399 0.9404 0.0079
vn -0.8990 0.4378 -0.0078
vn -0.8981 0.4217 -0.1249
vn -0.3378 0.9112 -0.2357
vn -0.3373 0.8154 -0.4705
vn -0.8946 0.3812 -0.2334
vn -0.8951 0.3114 -0.3191
vn -0.3369 0.6658 -0.6658
vn -0.3362 0.4765 -0.8124
vn -0.8899 0.1161 -0.4411
vn -0.3410 0.2480 -0.9068
vn -0.3419 0.0077 -0.9397
vn -0.8897 -0.0000 -0.4565
vn -0.8899 -0.1161 -0.4411
vn -0.3423 -0.2334 -0.9101
vn -0.3410 -0.4572 -0.8214
vn 0.8571 -0.4403 0.2674
vn 0.5405 -0.6814 0.4935
vn 0.2093 -0.9459 -0.2481
vn 0.5217 -0.3815 -0.7631
vn 0.8253 -0.3221 -0.4638
vn 0.3278 -0.9132 -0.2420
vn 0.9288 -0.3697 -0.0236
vn 0.2818 -0.9393 -0.1957
vn 0.2653 -0.9596 -0.0936
vn 0.0312 -0.9819 -0.1870
vn 0.2339 -0.9354 -0.2651
vn -0.3421 -0.9254 -0.1633
vn -0.2172 -0.9229 -0.3180
vn -0.3029 -0.9477 -0.1010
vn -0.1625 -0.9675 -0.1935
vn -0.0623 -0.9664 -0.2494
vn 0.0933 -0.9641 -0.2488
vn 0.1333 -0.7607 0.6353
vn -0.3504 -0.7557 0.5532
vn -0.7595 -0.6045 0.2402
vn -0.9272 -0.3584 0.1091
vn -0.9046 -0.3013 -0.3015
vn -0.6332 -0.3243 -0.7028
vn -0.0155 -0.9454 -0.3255
vn 0.1474 -0.9391 -0.3105
vn 0.2181 -0.4050 -0.8879
vn -0.1943 -0.4041 -0.8938
vn -0.9476 -0.2874 -0.1398
vn -0.8170 -0.5758 0.0311
vn -0.4228 -0.6968 0.5794
vn -0.5666 -0.2440 0.7870
vn 0.0156 -0.7109 0.7031
vn 0.0158 -0.2295 0.9732
vn -0.2102 -0.9732 0.0934
vn -0.0000 -0.9878 0.1555
vn 0.2505 -0.9628 0.1017
vn 0.4573 -0.6780 0.5755
vn 0.5790 -0.2459 0.7773
vn 0.0158 -0.1580 0.9873
vn -0.5880 -0.1646 0.7919
vn -0.9565 -0.2177 -0.1944
vn -0.5409 -0.1546 -0.8268
vn -0.5879 -0.1779 -0.7891
vn -0.5273 -0.7676 -0.3644
vn -0.5115 -0.1085 -0.8524
vn -0.6141 0.2519 0.7479
vn 0.0159 0.2537 0.9672
vn 0.0079 0.3091 0.9510
vn -0.6213 0.1416 0.7707
vn -0.9516 0.1794 -0.2496
vn -0.9634 0.0777 -0.2564
vn -0.5145 0.0078 -0.8575
vn -0.4805 -0.0465 -0.8758
vn -0.9706 -0.0854 -0.2252
vn -0.6149 -0.0237 0.7883
vn 0.0238 -0.0317 0.9992
vn 0.0238 0.1347 0.9906
vn 0.6246 0.2135 0.7512
vn 0.9588 0.1426 -0.2456
vn 0.9549 0.1894 -0.2288
vn 0.6286 0.2626 0.7321
vn 0.6276 0.1112 0.7706
vn 0.6182 -0.0476 0.7846
vn 0.5858 -0.1741 0.7916
vn 0.9434 -0.2673 -0.1965
vn 0.9243 -0.3476 -0.1580
vn 0.9736 -0.1266 -0.1900
vn 0.8082 -0.5885 -0.0235
vn 0.5615 -0.7565 -0.3354
vn 0.5772 -0.2418 -0.7800
vn 0.4933 -0.2036 -0.8457
vn 0.5254 -0.1412 -0.8391
vn 0.9766 0.0315 -0.2126
vn 0.5617 0.0234 -0.8270
vn 0.5115 0.6846 -0.5193
vn 0.5087 -0.0000 -0.8609
vn 0.5229 -0.0546 -0.8507
vn 0.0080 0.7785 0.6276
vn -0.4738 0.7423 0.4738
vn 0.0079 0.9999 0.0079
vn 0.2536 0.9668 -0.0317
vn 0.5180 0.7093 0.4782
vn 0.7825 0.5849 -0.2134
vn -0.6138 0.3148 0.7240
vn -0.9400 0.2253 -0.2564
vn -0.7687 0.5883 -0.2510
vn -0.5438 0.0155 -0.8391
vn -0.4461 0.6888 -0.5714
vn -0.1579 0.9869 -0.0316
vn 0.3919 0.6505 -0.6505
vn 0.3945 0.7969 -0.4576
vn 0.9300 0.3152 -0.1891
vn 0.3967 0.8886 -0.2301
vn 0.9320 0.3475 -0.1027
vn 0.3958 0.9183 0.0079
vn 0.9194 -0.0157 -0.3929
vn 0.3741 -0.0000 -0.9274
vn 0.3831 0.2424 -0.8913
vn 0.9223 0.0788 -0.3784
vn 0.3840 0.4623 -0.7993
vn 0.9243 0.1738 -0.3397
vn 0.9268 0.2535 -0.2772
vn 0.9997 -0.0238 -0.0079
vn 0.9317 0.3632 -0.0000
vn 0.9187 -0.1178 -0.3769
vn 0.9136 -0.2126 -0.3465
vn 0.9320 0.3476 0.1027
vn 0.9298 0.3099 0.1988
vn 0.9286 0.2461 0.2778
vn 0.9280 0.1666 0.3332
vn 0.3905 0.8846 0.2550
vn 0.3898 0.7875 0.4773
vn 0.3825 0.6372 0.6691
vn 0.3827 0.4385 0.8132
vn 0.9256 0.0712 0.3718
vn 0.3724 0.2139 0.9031
vn 0.9247 -0.0316 0.3794
vn 0.3657 -0.0318 0.9302
vn 0.9211 -0.1350 0.3653
vn 0.3632 -0.2684 0.8922
vn 0.3536 -0.4951 0.7936
vn 0.9193 -0.2219 0.3249
vn 0.3541 -0.6845 0.6373
vn 0.9174 -0.3005 0.2610
vn 0.9142 -0.3625 0.1813
vn 0.9120 -0.4010 0.0865
vn 0.9124 -0.4090 -0.0157
vn 0.3512 -0.9360 -0.0234
vn 0.3521 -0.8996 -0.2582
vn 0.9127 -0.3934 -0.1102
vn 0.9126 -0.3540 -0.2045
vn 0.9136 -0.2914 -0.2835
vn 0.3525 -0.8225 0.4464
vn 0.3504 -0.9109 0.2180
vn 0.3506 -0.8024 -0.4830
vn 0.3574 -0.6526 -0.6681
vn 0.3659 -0.4592 -0.8095
vn 0.3678 -0.2347 -0.8998
vn 0.3966 0.8887 -0.2301
vn 0.0157 0.9677 -0.2517
vn 0.0159 0.9998 0.0079
vn 0.3904 0.8846 0.2551
vn 0.0079 0.9633 0.2684
vn 0.3898 0.7876 0.4773
vn 0.0080 0.8568 0.5156
vn 0.3823 0.6373 0.6691
vn -0.0000 0.6952 0.7189
vn 0.3826 0.4385 0.8132
vn -0.0079 0.4850 0.8745
vn 0.3723 0.2139 0.9031
vn -0.0158 0.2369 0.9714
vn -0.0238 -0.0238 0.9994
vn -0.0236 -0.2829 0.9589
vn -0.0315 -0.5269 0.8493
vn 0.3535 -0.4950 0.7937
vn 0.3540 -0.6845 0.6373
vn -0.0312 -0.7260 0.6870
vn 0.3523 -0.8225 0.4465
vn -0.0314 -0.8778 0.4781
vn 0.3503 -0.9109 0.2180
vn -0.0311 -0.9719 0.2333
vn -0.0312 -0.9992 -0.0234
vn 0.3510 -0.9361 -0.0234
vn 0.3520 -0.8997 -0.2582
vn -0.0232 -0.9601 -0.2787
vn 0.3504 -0.8024 -0.4830
vn -0.0233 -0.8538 -0.5200
vn 0.3573 -0.6526 -0.6682
vn -0.0154 -0.6953 -0.7185
vn 0.3658 -0.4592 -0.8095
vn -0.0077 -0.4869 -0.8734
vn 0.3677 -0.2347 -0.8998
vn -0.0000 -0.2480 -0.9688
vn 0.3740 -0.0000 -0.9274
vn 0.0078 0.0078 -0.9999
vn 0.2180 -0.4051 -0.8879
vn -0.1944 -0.4042 -0.8938
vn -0.6332 -0.3244 -0.7027
vn -0.9045 -0.3016 -0.3015
vn -0.9272 -0.3584 0.1090
vn 0.3831 0.2424 -0.8914
vn 0.0078 0.2644 -0.9644
vn 0.3839 0.4623 -0.7993
vn 0.0157 0.5087 -0.8608
vn 0.3919 0.6506 -0.6505
vn 0.0156 0.7109 -0.7031
vn 0.0158 0.8677 -0.4969
vn -0.0000 0.2369 0.9715
vn -0.0000 0.4816 0.8764
vn -0.3478 0.4506 0.8222
vn -0.3483 0.2217 0.9108
vn -0.0079 -0.0238 0.9997
vn -0.3535 -0.0236 0.9351
vn -0.0079 -0.2830 0.9591
vn -0.3538 -0.2673 0.8963
vn -0.3514 -0.4920 0.7965
vn -0.0157 -0.5271 0.8497
vn -0.3522 -0.6810 0.6420
vn -0.0157 -0.7302 0.6831
vn -0.3502 -0.8250 0.4436
vn -0.0233 -0.8797 0.4749
vn -0.3502 -0.9109 0.2180
vn -0.0233 -0.9721 0.2333
vn -0.0234 -0.9995 -0.0234
vn -0.3487 -0.8994 -0.2636
vn -0.3492 -0.7994 -0.4889
vn -0.3487 -0.6510 -0.6742
vn -0.0232 -0.6952 -0.7184
vn -0.3408 -0.4572 -0.8215
vn -0.0155 -0.4902 -0.8715
vn -0.3422 -0.2334 -0.9102
vn -0.0155 -0.2480 -0.9686
vn -0.3417 0.0078 -0.9398
vn -0.0078 0.0078 -0.9999
vn 0.0079 0.9677 -0.2518
vn -0.3376 0.9113 -0.2357
vn -0.3398 0.9405 0.0079
vn 0.0079 0.9632 0.2685
vn -0.3388 0.9064 0.2522
vn -0.3402 0.8071 0.4826
vn -0.3473 0.6552 0.6709
vn 0.0079 0.6951 0.7188
vn -0.3416 0.0078 -0.9398
vn -0.3409 0.2480 -0.9068
vn -0.0078 0.2644 -0.9644
vn -0.3359 0.4766 -0.8124
vn -0.0000 0.5029 -0.8643
vn -0.3368 0.6658 -0.6658
vn -0.0000 0.7110 -0.7032
vn -0.0000 0.8678 -0.4970
vn -0.3371 0.8155 -0.4705
vn 0.5404 -0.6815 0.4935
vn 0.1333 -0.7607 0.6352
vn 0.1105 -0.0394 0.9931
vn 0.1104 -0.0237 0.9936
vn 0.0947 0.1341 0.9864
vt 0.516113 0.936462
vt 0.510742 0.952393
vt 0.495605 0.939789
vt 0.497070 0.922607
vt 0.516113 0.930054
vt 0.475830 0.929260
vt 0.478027 0.912598
vt 0.452881 0.922180
vt 0.537598 0.843140
vt 0.538086 0.869873
vt 0.533691 0.868042
vt 0.532715 0.889282
vt 0.513184 0.877563
vt 0.510254 0.890747
vt 0.526855 0.901733
vt 0.500000 0.919250
vt 0.479004 0.909241
vt 0.455322 0.908020
vt 0.430908 0.917664
vt 0.430664 0.905884
vt 0.401367 0.919373
vt 0.457031 0.904602
vt 0.486572 0.877625
vt 0.389893 0.921082
vt 0.366455 0.927002
vt 0.367432 0.909546
vt 0.389893 0.906982
vt 0.400879 0.906311
vt 0.429688 0.903442
vt 0.458984 0.869263
vt 0.488770 0.866211
vt 0.400635 0.902039
vt 0.389648 0.899475
vt 0.397949 0.866455
vt 0.388184 0.867065
vt 0.429932 0.865967
vt 0.459473 0.861206
vt 0.486328 0.851440
vt 0.429688 0.861206
vt 0.402100 0.862427
vt 0.385742 0.863037
vt 0.367920 0.867676
vt 0.374512 0.845703
vt 0.399414 0.843628
vt 0.427490 0.842163
vt 0.454834 0.843506
vt 0.484619 0.837158
vt 0.511719 0.837891
vt 0.507812 0.815430
vt 0.479492 0.816040
vt 0.451416 0.817749
vt 0.424805 0.821411
vt 0.397949 0.823730
vt 0.371338 0.825317
vt 0.350830 0.829102
vt 0.348633 0.808350
vt 0.346191 0.787598
vt 0.324951 0.808838
vt 0.368408 0.803589
vt 0.394287 0.800903
vt 0.421387 0.798218
vt 0.447754 0.795044
vt 0.474854 0.793091
vt 0.366211 0.781250
vt 0.502930 0.790405
vt 0.520996 0.787598
vt 0.509766 0.761597
vt 0.495361 0.766113
vt 0.469971 0.769653
vt 0.443604 0.771118
vt 0.418213 0.773682
vt 0.390625 0.776978
vt 0.386963 0.753540
vt 0.415039 0.750488
vt 0.440186 0.748047
vt 0.465576 0.746582
vt 0.487061 0.742188
vt 0.359619 0.750122
vt 0.385498 0.744873
vt 0.414062 0.743408
vt 0.437988 0.741211
vt 0.461670 0.738037
vt 0.481689 0.733154
vt 0.497314 0.738525
vt 0.513184 0.759521
vt 0.524902 0.786011
vt 0.499756 0.734863
vt 0.493896 0.727783
vt 0.512695 0.859863
vt 0.533203 0.842773
vt 0.533203 0.815063
vt 0.528809 0.815674
vt 0.351562 0.848389
vt 0.368164 0.863159
vt 0.327881 0.829712
vt 0.327881 0.850220
vt 0.350586 0.863525
vt 0.360596 0.869141
vt 0.305176 0.831543
vt 0.304199 0.810547
vt 0.305420 0.853149
vt 0.327637 0.868530
vt 0.334961 0.873779
vt 0.357910 0.900452
vt 0.366455 0.899963
vt 0.360596 0.910400
vt 0.336670 0.909607
vt 0.314209 0.877747
vt 0.307617 0.871338
vt 0.295898 0.945007
vt 0.272705 0.955627
vt 0.270996 0.940186
vt 0.294434 0.930298
vt 0.313965 0.937653
vt 0.314941 0.921875
vt 0.337646 0.931274
vt 0.337402 0.914185
vt 0.358154 0.926697
vt 0.249268 0.949219
vt 0.250244 0.944733
vt 0.270752 0.935852
vt 0.294189 0.925232
vt 0.314697 0.916992
vt 0.289551 0.883423
vt 0.267334 0.893677
vt 0.243896 0.911865
vt 0.219849 0.939331
vt 0.222900 0.956085
vt 0.240356 0.904968
vt 0.264648 0.888062
vt 0.236206 0.889771
vt 0.213501 0.905090
vt 0.211914 0.880188
vt 0.212891 0.934326
vt 0.201172 0.955139
vt 0.201538 0.962341
vt 0.223145 0.960602
vt 0.171997 0.963165
vt 0.140503 0.966370
vt 0.140747 0.957397
vt 0.170654 0.969055
vt 0.201416 0.966827
vt 0.226196 0.974564
vt 0.249390 0.965942
vt 0.116638 0.965332
vt 0.141235 0.972107
vt 0.171753 0.972794
vt 0.116150 0.972351
vt 0.140869 0.976654
vt 0.173340 0.987000
vt 0.203613 0.980560
vt 0.116028 0.977280
vt 0.089050 0.972473
vt 0.139282 0.992435
vt 0.064087 0.979538
vt 0.065186 0.964752
vt 0.037842 0.968353
vt 0.087646 0.988029
vt 0.116516 0.992645
vt 0.027084 0.947968
vt 0.026016 0.941559
vt 0.041443 0.949005
vt 0.013458 0.942047
vt 0.015808 0.958893
vt 0.043335 0.954987
vt 0.063416 0.959656
vt 0.088806 0.967560
vt 0.012070 0.935242
vt 0.022720 0.911804
vt 0.044739 0.927917
vt 0.064941 0.945526
vt 0.088501 0.960236
vt 0.028687 0.902405
vt 0.048279 0.919067
vt 0.069946 0.938629
vt 0.088379 0.951843
vt 0.112915 0.956787
vt 0.008949 0.903931
vt 0.047760 0.888184
vt 0.069641 0.901062
vt 0.092896 0.912598
vt 0.116333 0.923218
vt 0.140747 0.924683
vt 0.119202 0.896973
vt 0.103027 0.874512
vt 0.074463 0.864746
vt 0.049469 0.855713
vt 0.027847 0.876221
vt 0.027664 0.847046
vt 0.008797 0.867432
vt 0.006355 0.840088
vt 0.013954 0.891174
vt 0.009560 0.780273
vt 0.006577 0.810913
vt 0.002375 0.809814
vt 0.002110 0.839355
vt 0.004581 0.867310
vt 0.009789 0.890564
vt 0.105103 0.832397
vt 0.077698 0.827881
vt 0.051758 0.822388
vt 0.028748 0.816406
vt 0.031769 0.785645
vt 0.080444 0.793091
vt 0.034393 0.755981
vt 0.057129 0.758545
vt 0.054962 0.789795
vt 0.082703 0.759888
vt 0.111206 0.761597
vt 0.108154 0.795776
vt 0.015297 0.751831
vt 0.035217 0.727783
vt 0.057068 0.729004
vt 0.082825 0.728027
vt 0.115479 0.728271
vt 0.139771 0.763916
vt 0.145508 0.729980
vt 0.168457 0.767334
vt 0.164795 0.799927
vt 0.136230 0.797607
vt 0.171509 0.734863
vt 0.171265 0.727539
vt 0.147095 0.721680
vt 0.115540 0.720459
vt 0.084534 0.720215
vt 0.161621 0.833252
vt 0.188599 0.831421
vt 0.188232 0.859863
vt 0.191040 0.802124
vt 0.194702 0.773682
vt 0.200439 0.743896
vt 0.200562 0.734131
vt 0.225830 0.746826
vt 0.224609 0.757812
vt 0.245972 0.757446
vt 0.220093 0.781250
vt 0.245850 0.769897
vt 0.266113 0.765747
vt 0.284180 0.767212
vt 0.302734 0.763794
vt 0.298828 0.777466
vt 0.283691 0.780151
vt 0.265137 0.777954
vt 0.242798 0.787964
vt 0.216064 0.805420
vt 0.213745 0.830811
vt 0.239990 0.807251
vt 0.236816 0.831177
vt 0.259277 0.832031
vt 0.263184 0.810181
vt 0.264404 0.791016
vt 0.283203 0.833252
vt 0.279297 0.858398
vt 0.255615 0.852539
vt 0.234131 0.853149
vt 0.212036 0.856201
vt 0.288330 0.877441
vt 0.257812 0.876221
vt 0.248413 0.867188
vt 0.233032 0.872681
vt 0.189453 0.886597
vt 0.191406 0.915649
vt 0.197266 0.946747
vt 0.133789 0.832031
vt 0.161743 0.863647
vt 0.164307 0.891907
vt 0.166870 0.922241
vt 0.174072 0.954285
vt 0.133911 0.866089
vt 0.139771 0.894775
vt 0.639648 0.483398
vt 0.624023 0.479004
vt 0.632812 0.465820
vt 0.646973 0.519775
vt 0.655273 0.534180
vt 0.642578 0.541992
vt 0.683594 0.514893
vt 0.648926 0.504395
vt 0.655273 0.494141
vt 0.645996 0.478027
vt 0.652832 0.472656
vt 0.643066 0.456055
vt 0.662598 0.447754
vt 0.670410 0.543945
vt 0.683594 0.551025
vt 0.697754 0.552734
vt 0.707031 0.550049
vt 0.713379 0.543945
vt 0.716309 0.539062
vt 0.718262 0.534424
vt 0.729980 0.562500
vt 0.716309 0.569092
vt 0.701172 0.570068
vt 0.681641 0.564209
vt 0.664551 0.554443
vt 0.727051 0.583740
vt 0.745605 0.582764
vt 0.703613 0.579590
vt 0.677246 0.575439
vt 0.658203 0.564697
vt 0.631836 0.498047
vt 0.619141 0.498047
vt 0.630371 0.520508
vt 0.634277 0.547119
vt 0.618652 0.522705
vt 0.534180 0.891907
vt 0.011742 0.750000
vt 0.020126 0.723145
vt 0.022614 0.726074
vt 0.023804 0.715332
vt 0.038544 0.717529
vt 0.058929 0.717773
vt 0.005905 0.778931
vt 0.731445 0.479004
vt 0.750000 0.497559
vt 0.736816 0.507812
vt 0.756348 0.513916
vt 0.739258 0.516846
vt 0.719238 0.515869
vt 0.719238 0.521240
vt 0.741211 0.524658
vt 0.762695 0.530518
vt 0.668945 0.463867
vt 0.687012 0.448730
vt 0.687500 0.464355
vt 0.709961 0.459473
vt 0.705566 0.471191
vt 0.718750 0.487305
vt 0.718750 0.511719
vt 0.689941 0.483887
vt 0.699707 0.489258
vt 0.707520 0.497070
vt 0.675781 0.480957
vt 0.718750 0.528809
vt 0.742188 0.536865
vt 0.741699 0.546875
vt 0.736816 0.556885
vt 0.768066 0.547607
vt 0.769531 0.563965
vt 0.761719 0.575928
vt 0.318115 0.771851
vt 0.321533 0.789429
vt 0.341309 0.762451
vt 0.361572 0.757080
vt 0.340576 0.752930
vt 0.322266 0.759155
vt 0.285645 0.810913
vt 0.285645 0.792236
vt 0.302246 0.792236
vt 0.145996 0.084473
vt 0.139404 0.110840
vt 0.074524 0.066406
vt 0.129150 0.126953
vt 0.114258 0.141602
vt 0.095093 0.152344
vt 0.072937 0.155273
vt 0.056732 0.152832
vt 0.039093 0.141602
vt 0.026718 0.129395
vt 0.022095 0.126953
vt 0.012985 0.108398
vt 0.012360 0.099121
vt 0.011192 0.072266
vt 0.015427 0.052734
vt 0.024033 0.032715
vt 0.037964 0.017090
vt 0.054169 0.007324
vt 0.076599 0.001953
vt 0.103394 0.004395
vt 0.123779 0.014648
vt 0.139404 0.035645
vt 0.145142 0.054199
vt 0.664551 0.486328
vt 0.659668 0.490234
vt 0.724121 0.352051
vt 0.728027 0.329590
vt 0.758301 0.327637
vt 0.729980 0.313477
vt 0.751953 0.276367
vt 0.767578 0.276855
vt 0.739746 0.292969
vt 0.731934 0.278809
vt 0.719238 0.307617
vt 0.713867 0.333008
vt 0.714844 0.355957
vt 0.732910 0.369629
vt 0.750000 0.262207
vt 0.769531 0.265625
vt 0.751465 0.375000
vt 0.749023 0.386230
vt 0.766602 0.386719
vt 0.727051 0.376953
vt 0.763184 0.377441
vt 0.786133 0.379395
vt 0.781738 0.368652
vt 0.791992 0.354980
vt 0.801270 0.360840
vt 0.782715 0.297363
vt 0.800293 0.329590
vt 0.811035 0.328613
vt 0.794434 0.289551
vt 0.969238 0.672363
vt 0.993164 0.671143
vt 0.995117 0.709961
vt 0.967285 0.711426
vt 0.934570 0.688477
vt 0.966797 0.745605
vt 0.997559 0.747314
vt 0.997559 0.784668
vt 0.966797 0.779663
vt 0.962891 0.817383
vt 0.931152 0.805298
vt 0.931641 0.839966
vt 0.902832 0.828491
vt 0.991211 0.826172
vt 0.984375 0.872681
vt 0.961426 0.859375
vt 0.935059 0.716309
vt 0.906250 0.720703
vt 0.934570 0.743408
vt 0.932129 0.771240
vt 0.906738 0.797241
vt 0.903320 0.766113
vt 0.877441 0.792236
vt 0.905762 0.743164
vt 0.877930 0.743896
vt 0.877441 0.721924
vt 0.880371 0.765381
vt 0.852051 0.745117
vt 0.849121 0.723145
vt 0.857422 0.766479
vt 0.823242 0.746094
vt 0.821289 0.724609
vt 0.797852 0.726318
vt 0.798828 0.747314
vt 0.851562 0.789062
vt 0.877441 0.819092
vt 0.851074 0.812866
vt 0.823242 0.788452
vt 0.824219 0.766846
vt 0.800781 0.768799
vt 0.823730 0.811157
vt 0.804199 0.811646
vt 0.773438 0.749023
vt 0.772949 0.769531
vt 0.778809 0.790527
vt 0.780762 0.812988
vt 0.754883 0.814819
vt 0.802246 0.789185
vt 0.749023 0.768433
vt 0.747559 0.729736
vt 0.772461 0.728027
vt 0.772461 0.706787
vt 0.746094 0.710938
vt 0.708496 0.705566
vt 0.710449 0.729736
vt 0.672852 0.700928
vt 0.747559 0.750732
vt 0.713379 0.753174
vt 0.675781 0.727539
vt 0.678711 0.756714
vt 0.646973 0.759644
vt 0.649902 0.794434
vt 0.682617 0.785889
vt 0.685547 0.817993
vt 0.642578 0.725342
vt 0.654785 0.832397
vt 0.715820 0.776733
vt 0.719238 0.803711
vt 0.752930 0.793213
vt 0.628906 0.839111
vt 0.639648 0.884766
vt 0.659180 0.878113
vt 0.683594 0.851929
vt 0.720215 0.826782
vt 0.539551 0.798584
vt 0.537109 0.791260
vt 0.565918 0.785767
vt 0.543457 0.805054
vt 0.563965 0.815186
vt 0.563477 0.817505
vt 0.555664 0.815796
vt 0.556152 0.813599
vt 0.549316 0.810181
vt 0.541992 0.806519
vt 0.537109 0.799561
vt 0.534668 0.791870
vt 0.571777 0.817017
vt 0.547852 0.812134
vt 0.590332 0.802368
vt 0.584961 0.808105
vt 0.586914 0.809937
vt 0.578613 0.812378
vt 0.579590 0.814453
vt 0.571289 0.814697
vt 0.546875 0.763428
vt 0.553223 0.759155
vt 0.541504 0.769165
vt 0.536621 0.783447
vt 0.538086 0.776001
vt 0.536133 0.775146
vt 0.539551 0.767822
vt 0.545410 0.761597
vt 0.552246 0.757080
vt 0.534180 0.783325
vt 0.560059 0.754517
vt 0.560547 0.756836
vt 0.568359 0.754150
vt 0.568359 0.756470
vt 0.575684 0.758057
vt 0.576660 0.755859
vt 0.583984 0.759521
vt 0.582520 0.761475
vt 0.588379 0.766602
vt 0.590332 0.765137
vt 0.594727 0.772095
vt 0.592285 0.773071
vt 0.594727 0.780396
vt 0.597168 0.779907
vt 0.597656 0.788208
vt 0.595215 0.788086
vt 0.593750 0.795532
vt 0.596191 0.796387
vt 0.592285 0.803711
vt 0.965820 0.956879
vt 0.939941 0.988304
vt 0.934570 0.968933
vt 0.947754 0.858765
vt 0.969238 0.880310
vt 0.949707 0.894409
vt 0.974609 0.920349
vt 0.953613 0.921875
vt 0.945801 0.950928
vt 0.912598 0.926636
vt 0.936035 0.884338
vt 0.866699 0.899902
vt 0.879883 0.878357
vt 0.866211 0.924805
vt 0.878418 0.954071
vt 0.896973 0.967987
vt 0.916504 0.971451
vt 0.913574 0.996044
vt 0.888184 0.992966
vt 0.861328 0.962402
vt 0.847168 0.925293
vt 0.849609 0.884705
vt 0.866699 0.859009
vt 0.901855 0.872803
vt 0.917969 0.875671
vt 0.922852 0.848022
vt 0.895996 0.846558
vt 0.547852 0.976486
vt 0.529297 0.965363
vt 0.528320 0.956512
vt 0.549316 0.962524
vt 0.527832 0.944550
vt 0.548828 0.944794
vt 0.520020 0.956390
vt 0.519043 0.944061
vt 0.520508 0.932068
vt 0.528320 0.932617
vt 0.549316 0.927063
vt 0.568359 0.944824
vt 0.569336 0.966278
vt 0.568359 0.984070
vt 0.566895 0.992374
vt 0.544922 0.983749
vt 0.521484 0.967346
vt 0.590332 0.996950
vt 0.637695 0.966003
vt 0.638184 0.944092
vt 0.658203 0.943756
vt 0.615723 0.968262
vt 0.640625 0.984512
vt 0.618652 0.988800
vt 0.642090 0.992889
vt 0.619141 0.997072
vt 0.591797 0.988686
vt 0.591797 0.968445
vt 0.592285 0.944672
vt 0.615723 0.944397
vt 0.637695 0.921204
vt 0.640137 0.900818
vt 0.660645 0.907166
vt 0.657715 0.923889
vt 0.616211 0.919861
vt 0.591797 0.920593
vt 0.569336 0.923279
vt 0.568359 0.903870
vt 0.547363 0.912231
vt 0.591309 0.898621
vt 0.529297 0.923401
vt 0.521973 0.921387
vt 0.544434 0.905151
vt 0.565918 0.895630
vt 0.589844 0.890625
vt 0.618164 0.897583
vt 0.663574 0.899902
vt 0.681641 0.911133
vt 0.641113 0.892639
vt 0.618652 0.889465
vt 0.675293 0.943451
vt 0.674805 0.958160
vt 0.683105 0.943024
vt 0.682129 0.926453
vt 0.674805 0.927002
vt 0.675293 0.913696
vt 0.657227 0.962341
vt 0.661133 0.977921
vt 0.675781 0.970825
vt 0.664062 0.985252
vt 0.682617 0.973038
vt 0.682617 0.957886
vt 0.534180 0.789429
vt 0.534668 0.781128
vt 0.537109 0.781494
vt 0.536621 0.773071
vt 0.539062 0.774170
vt 0.541016 0.765991
vt 0.547852 0.808716
vt 0.546387 0.810791
vt 0.540527 0.804810
vt 0.542480 0.803223
vt 0.536621 0.797485
vt 0.539062 0.796509
vt 0.537109 0.789185
vt 0.565918 0.785889
vt 0.542969 0.767578
vt 0.554199 0.812622
vt 0.561523 0.814819
vt 0.548828 0.762329
vt 0.555176 0.758667
vt 0.562500 0.756836
vt 0.570312 0.756958
vt 0.546875 0.760254
vt 0.554199 0.756226
vt 0.562500 0.754272
vt 0.570801 0.754395
vt 0.577637 0.759033
vt 0.578613 0.756714
vt 0.583984 0.762939
vt 0.585938 0.760986
vt 0.589355 0.768433
vt 0.591797 0.766968
vt 0.595703 0.774170
vt 0.593262 0.775146
vt 0.597656 0.782227
vt 0.595215 0.782593
vt 0.594727 0.790161
vt 0.592773 0.797485
vt 0.588867 0.804077
vt 0.590820 0.805664
vt 0.584961 0.811401
vt 0.583496 0.809326
vt 0.576660 0.813110
vt 0.569336 0.814941
vt 0.597656 0.790527
vt 0.595215 0.798584
vt 0.577637 0.815430
vt 0.569824 0.817505
vt 0.561523 0.817261
vt 0.553223 0.815063
vt 0.460693 0.952606
vt 0.460938 0.966766
vt 0.452393 0.966797
vt 0.452393 0.952667
vt 0.443848 0.952698
vt 0.443848 0.966858
vt 0.435303 0.952759
vt 0.435303 0.966888
vt 0.426758 0.952789
vt 0.426758 0.966949
vt 0.418213 0.952850
vt 0.418213 0.967010
vt 0.409668 0.952911
vt 0.409668 0.967072
vt 0.401123 0.952942
vt 0.401123 0.967163
vt 0.392578 0.953003
vt 0.392578 0.967224
vt 0.384033 0.967285
vt 0.384033 0.953064
vt 0.375488 0.953094
vt 0.375488 0.967346
vt 0.366943 0.953156
vt 0.366943 0.967438
vt 0.358398 0.953186
vt 0.358398 0.967499
vt 0.349854 0.967560
vt 0.349854 0.953247
vt 0.341309 0.953308
vt 0.341309 0.967590
vt 0.332764 0.953339
vt 0.332764 0.967651
vt 0.324219 0.953400
vt 0.324463 0.967682
vt 0.315918 0.953461
vt 0.315918 0.967743
vt 0.307373 0.953491
vt 0.307373 0.967773
vt 0.298828 0.953552
vt 0.298828 0.967804
vt 0.795898 0.703125
vt 0.818848 0.699951
vt 0.846191 0.700195
vt 0.872559 0.701172
vt 0.904785 0.699951
vt 0.494629 0.952393
vt 0.502930 0.952362
vt 0.502930 0.966614
vt 0.494873 0.966644
vt 0.486328 0.952454
vt 0.486328 0.966675
vt 0.477783 0.952515
vt 0.477783 0.966705
vt 0.469238 0.952545
vt 0.469238 0.966736
vt 0.409668 0.973969
vt 0.418213 0.973938
vt 0.418213 0.992607
vt 0.409668 0.992657
vt 0.401123 0.973999
vt 0.401123 0.992706
vt 0.392578 0.974030
vt 0.392578 0.992756
vt 0.384033 0.992805
vt 0.384033 0.974045
vt 0.375488 0.992855
vt 0.375488 0.974075
vt 0.366943 0.992905
vt 0.366943 0.974106
vt 0.358398 0.992954
vt 0.358398 0.974136
vt 0.349854 0.974167
vt 0.349854 0.993004
vt 0.341309 0.974213
vt 0.341309 0.993053
vt 0.332764 0.974258
vt 0.333008 0.993103
vt 0.324463 0.993153
vt 0.324463 0.974319
vt 0.316162 0.993202
vt 0.315918 0.974380
vt 0.307617 0.993248
vt 0.307617 0.974457
vt 0.299072 0.993298
vt 0.299072 0.974518
vt 0.452148 0.973755
vt 0.460693 0.973694
vt 0.460693 0.992359
vt 0.452393 0.992409
vt 0.443604 0.973816
vt 0.443848 0.992458
vt 0.435303 0.973862
vt 0.435303 0.992508
vt 0.426758 0.992558
vt 0.426758 0.973907
vt 0.502930 0.973343
vt 0.502930 0.992111
vt 0.494873 0.992165
vt 0.494629 0.973404
vt 0.486328 0.992210
vt 0.486328 0.973480
vt 0.477783 0.992260
vt 0.477783 0.973557
vt 0.469238 0.973633
vt 0.469238 0.992310
vt 0.634766 0.688232
vt 0.608398 0.687256
vt 0.611816 0.725586
vt 0.615234 0.762329
vt 0.620605 0.798584
s 1
usemtl DPROP_GEN_SentinelLeg_MATINST.010
f 1/1/1 2/2/2 3/3/3
f 3/3/3 4/4/4 1/1/1
f 5/5/5 1/1/1 4/4/4
f 4/4/4 3/3/3 6/6/6
f 6/6/6 7/7/7 4/4/4
f 7/7/7 6/6/6 8/8/8
f 9/9/9 10/10/10 11/11/11
f 12/12/12 11/11/11 10/10/10
f 11/11/11 12/12/12 13/13/13
f 14/14/14 13/13/13 12/12/12
f 12/12/12 15/15/15 14/14/14
f 15/15/15 5/5/5 16/16/16
f 4/4/4 16/16/16 5/5/5
f 16/16/16 14/14/14 15/15/15
f 17/17/17 16/16/16 4/4/4
f 4/4/4 7/7/7 17/17/17
f 14/14/14 16/16/16 17/17/17
f 8/8/8 18/18/18 7/7/7
f 17/17/17 7/7/7 18/18/18
f 18/18/18 8/8/8 19/19/19
f 19/19/19 20/20/20 18/18/18
f 20/20/20 19/19/19 21/21/21
f 18/18/18 22/22/22 17/17/17
f 22/22/22 18/18/18 20/20/20
f 17/17/17 23/23/23 14/14/14
f 13/13/13 14/14/14 23/23/23
f 23/23/23 17/17/17 22/22/22
f 24/24/24 25/25/25 26/26/26
f 26/26/26 27/27/27 24/24/24
f 21/21/21 24/24/24 27/27/27
f 21/21/21 28/28/28 20/20/20
f 27/27/27 28/28/28 21/21/21
f 20/20/20 29/29/29 22/22/22
f 29/29/29 20/20/20 28/28/28
f 22/22/22 30/30/30 23/23/23
f 30/30/30 22/22/22 29/29/29
f 31/31/31 23/23/23 30/30/30
f 23/23/23 31/31/31 13/13/13
f 28/28/28 32/32/32 29/29/29
f 32/32/32 28/28/28 27/27/27
f 33/33/33 27/27/27 26/26/26
f 27/27/27 33/33/33 32/32/32
f 34/34/34 32/32/32 33/33/33
f 33/33/33 35/35/35 34/34/34
f 32/32/32 34/34/34 36/36/36
f 29/29/29 36/36/36 30/30/30
f 36/36/36 29/29/29 32/32/32
f 30/30/30 37/37/37 31/31/31
f 38/38/38 31/31/31 37/37/37
f 39/39/39 37/37/37 30/30/30
f 30/30/30 36/36/36 39/39/39
f 36/36/36 34/34/34 40/40/40
f 40/40/40 39/39/39 36/36/36
f 34/34/34 35/35/35 41/41/41
f 41/41/41 40/40/40 34/34/34
f 41/41/41 35/35/35 42/42/42
f 42/42/42 35/35/35 33/33/33
f 43/43/43 44/44/44 41/41/41
f 41/41/41 44/44/44 40/40/40
f 45/45/45 39/39/39 40/40/40
f 40/40/40 44/44/44 45/45/45
f 37/37/37 46/46/46 38/38/38
f 46/46/46 37/37/37 39/39/39
f 39/39/39 45/45/45 46/46/46
f 46/46/46 47/47/47 38/38/38
f 38/38/38 47/47/47 48/48/48
f 49/49/49 48/48/48 47/47/47
f 50/50/50 47/47/47 46/46/46
f 47/47/47 50/50/50 49/49/49
f 51/51/51 46/46/46 45/45/45
f 46/46/46 51/51/51 50/50/50
f 45/45/45 52/52/52 51/51/51
f 52/52/52 45/45/45 44/44/44
f 53/53/53 44/44/44 43/43/43
f 44/44/44 53/53/53 52/52/52
f 43/43/43 54/54/54 53/53/53
f 55/55/55 54/54/54 43/43/43
f 54/54/54 55/55/55 56/56/56
f 57/57/57 56/56/56 58/58/58
f 56/56/56 59/59/59 54/54/54
f 59/59/59 56/56/56 57/57/57
f 54/54/54 59/59/59 60/60/60
f 60/60/60 53/53/53 54/54/54
f 61/61/61 52/52/52 53/53/53
f 53/53/53 60/60/60 61/61/61
f 62/62/62 51/51/51 52/52/52
f 52/52/52 61/61/61 62/62/62
f 63/63/63 50/50/50 51/51/51
f 51/51/51 62/62/62 63/63/63
f 57/57/57 64/64/64 59/59/59
f 60/60/60 59/59/59 64/64/64
f 50/50/50 63/63/63 65/65/65
f 65/65/65 49/49/49 50/50/50
f 49/49/49 65/65/65 66/66/66
f 67/67/67 66/66/66 65/65/65
f 68/68/68 65/65/65 63/63/63
f 65/65/65 68/68/68 67/67/67
f 69/69/69 63/63/63 62/62/62
f 63/63/63 69/69/69 68/68/68
f 62/62/62 70/70/70 69/69/69
f 70/70/70 62/62/62 61/61/61
f 61/61/61 71/71/71 70/70/70
f 71/71/71 61/61/61 60/60/60
f 60/60/60 72/72/72 71/71/71
f 64/64/64 72/72/72 60/60/60
f 73/73/73 72/72/72 64/64/64
f 74/74/74 71/71/71 72/72/72
f 72/72/72 73/73/73 74/74/74
f 71/71/71 74/74/74 75/75/75
f 75/75/75 70/70/70 71/71/71
f 76/76/76 69/69/69 70/70/70
f 70/70/70 75/75/75 76/76/76
f 67/67/67 68/68/68 77/77/77
f 69/69/69 76/76/76 77/77/77
f 77/77/77 68/68/68 69/69/69
f 78/78/78 79/79/79 73/73/73
f 80/80/80 74/74/74 73/73/73
f 73/73/73 79/79/79 80/80/80
f 81/81/81 75/75/75 74/74/74
f 74/74/74 80/80/80 81/81/81
f 75/75/75 81/81/81 82/82/82
f 82/82/82 76/76/76 75/75/75
f 76/76/76 82/82/82 83/83/83
f 83/83/83 77/77/77 76/76/76
f 84/84/84 77/77/77 83/83/83
f 77/77/77 84/84/84 67/67/67
f 85/85/85 67/67/67 84/84/84
f 67/67/67 85/85/85 86/86/86
f 86/86/86 66/66/66 67/67/67
f 84/84/84 87/87/87 85/85/85
f 83/83/83 88/88/88 84/84/84
f 88/88/88 87/87/87 84/84/84
f 89/89/89 13/13/13 31/31/31
f 31/31/31 38/38/38 89/89/89
f 13/13/13 89/89/89 11/11/11
f 48/48/48 89/89/89 38/38/38
f 90/90/90 11/11/11 89/89/89
f 89/89/89 48/48/48 90/90/90
f 11/11/11 90/90/90 9/9/9
f 91/91/91 9/9/9 90/90/90
f 86/86/86 91/91/91 92/92/92
f 90/90/90 92/92/92 91/91/91
f 66/66/66 92/92/92 49/49/49
f 92/92/92 90/90/90 48/48/48
f 48/48/48 49/49/49 92/92/92
f 92/92/92 66/66/66 86/86/86
f 43/43/43 93/93/93 55/55/55
f 41/41/41 94/94/94 43/43/43
f 42/42/42 94/94/94 41/41/41
f 93/93/93 43/43/43 94/94/94
f 95/95/95 55/55/55 93/93/93
f 95/95/95 58/58/58 56/56/56
f 56/56/56 55/55/55 95/95/95
f 93/93/93 96/96/96 95/95/95
f 94/94/94 97/97/97 93/93/93
f 96/96/96 93/93/93 97/97/97
f 98/98/98 97/97/97 94/94/94
f 94/94/94 42/42/42 98/98/98
f 99/99/99 95/95/95 96/96/96
f 100/100/100 58/58/58 95/95/95
f 95/95/95 99/99/99 100/100/100
f 96/96/96 101/101/101 99/99/99
f 97/97/97 102/102/102 96/96/96
f 101/101/101 96/96/96 102/102/102
f 97/97/97 98/98/98 103/103/103
f 103/103/103 102/102/102 97/97/97
f 103/103/103 98/98/98 104/104/104
f 33/33/33 105/105/105 42/42/42
f 98/98/98 42/42/42 105/105/105
f 26/26/26 105/105/105 33/33/33
f 105/105/105 104/104/104 98/98/98
f 106/106/106 104/104/104 105/105/105
f 106/106/106 26/26/26 25/25/25
f 105/105/105 26/26/26 106/106/106
f 104/104/104 107/107/107 103/103/103
f 107/107/107 104/104/104 106/106/106
f 108/108/108 103/103/103 107/107/107
f 102/102/102 103/103/103 108/108/108
f 102/102/102 109/109/109 101/101/101
f 108/108/108 109/109/109 102/102/102
f 110/110/110 111/111/111 112/112/112
f 112/112/112 113/113/113 110/110/110
f 114/114/114 110/110/110 113/113/113
f 113/113/113 115/115/115 114/114/114
f 116/116/116 114/114/114 115/115/115
f 106/106/106 117/117/117 107/107/107
f 115/115/115 117/117/117 116/116/116
f 117/117/117 106/106/106 118/118/118
f 118/118/118 116/116/116 117/117/117
f 25/25/25 118/118/118 106/106/106
f 119/119/119 112/112/112 111/111/111
f 112/112/112 119/119/119 120/120/120
f 120/120/120 121/121/121 112/112/112
f 113/113/113 112/112/112 121/121/121
f 121/121/121 122/122/122 113/113/113
f 115/115/115 113/113/113 122/122/122
f 117/117/117 115/115/115 123/123/123
f 123/123/123 107/107/107 117/117/117
f 107/107/107 123/123/123 108/108/108
f 122/122/122 123/123/123 115/115/115
f 109/109/109 108/108/108 124/124/124
f 124/124/124 108/108/108 123/123/123
f 123/123/123 122/122/122 124/124/124
f 125/125/125 124/124/124 122/122/122
f 122/122/122 121/121/121 125/125/125
f 126/126/126 125/125/125 121/121/121
f 121/121/121 120/120/120 126/126/126
f 127/127/127 126/126/126 120/120/120
f 128/128/128 120/120/120 119/119/119
f 120/120/120 128/128/128 127/127/127
f 125/125/125 126/126/126 129/129/129
f 129/129/129 126/126/126 127/127/127
f 124/124/124 125/125/125 130/130/130
f 129/129/129 130/130/130 125/125/125
f 130/130/130 129/129/129 131/131/131
f 132/132/132 131/131/131 129/129/129
f 131/131/131 132/132/132 133/133/133
f 129/129/129 134/134/134 132/132/132
f 127/127/127 134/134/134 129/129/129
f 134/134/134 127/127/127 135/135/135
f 135/135/135 127/127/127 128/128/128
f 128/128/128 136/136/136 135/135/135
f 136/136/136 128/128/128 137/137/137
f 119/119/119 137/137/137 128/128/128
f 138/138/138 135/135/135 136/136/136
f 138/138/138 139/139/139 140/140/140
f 136/136/136 141/141/141 138/138/138
f 139/139/139 138/138/138 141/141/141
f 137/137/137 142/142/142 136/136/136
f 141/141/141 136/136/136 142/142/142
f 142/142/142 137/137/137 143/143/143
f 144/144/144 143/143/143 137/137/137
f 137/137/137 119/119/119 144/144/144
f 111/111/111 144/144/144 119/119/119
f 140/140/140 139/139/139 145/145/145
f 141/141/141 146/146/146 139/139/139
f 145/145/145 139/139/139 146/146/146
f 142/142/142 147/147/147 141/141/141
f 146/146/146 141/141/141 147/147/147
f 146/146/146 148/148/148 145/145/145
f 147/147/147 149/149/149 146/146/146
f 148/148/148 146/146/146 149/149/149
f 149/149/149 147/147/147 150/150/150
f 147/147/147 142/142/142 151/151/151
f 143/143/143 151/151/151 142/142/142
f 151/151/151 150/150/150 147/147/147
f 149/149/149 152/152/152 148/148/148
f 148/148/148 152/152/152 153/153/153
f 152/152/152 149/149/149 154/154/154
f 150/150/150 154/154/154 149/149/149
f 155/155/155 156/156/156 153/153/153
f 156/156/156 155/155/155 157/157/157
f 158/158/158 153/153/153 152/152/152
f 153/153/153 158/158/158 155/155/155
f 152/152/152 159/159/159 158/158/158
f 154/154/154 159/159/159 152/152/152
f 160/160/160 161/161/161 162/162/162
f 161/161/161 160/160/160 163/163/163
f 160/160/160 157/157/157 164/164/164
f 160/160/160 164/164/164 163/163/163
f 157/157/157 165/165/165 156/156/156
f 165/165/165 157/157/157 160/160/160
f 162/162/162 165/165/165 160/160/160
f 165/165/165 162/162/162 166/166/166
f 166/166/166 156/156/156 165/165/165
f 153/153/153 167/167/167 148/148/148
f 167/167/167 153/153/153 156/156/156
f 145/145/145 148/148/148 167/167/167
f 156/156/156 166/166/166 167/167/167
f 163/163/163 168/168/168 161/161/161
f 169/169/169 161/161/161 168/168/168
f 161/161/161 169/169/169 170/170/170
f 170/170/170 162/162/162 161/161/161
f 162/162/162 170/170/170 171/171/171
f 171/171/171 166/166/166 162/162/162
f 166/166/166 171/171/171 172/172/172
f 172/172/172 167/167/167 166/166/166
f 167/167/167 172/172/172 145/145/145
f 169/169/169 173/173/173 174/174/174
f 174/174/174 170/170/170 169/169/169
f 175/175/175 171/171/171 170/170/170
f 170/170/170 174/174/174 175/175/175
f 171/171/171 175/175/175 176/176/176
f 176/176/176 172/172/172 171/171/171
f 177/177/177 145/145/145 172/172/172
f 172/172/172 176/176/176 177/177/177
f 145/145/145 177/177/177 140/140/140
f 173/173/173 169/169/169 178/178/178
f 168/168/168 178/178/178 169/169/169
f 179/179/179 174/174/174 173/173/173
f 174/174/174 179/179/179 180/180/180
f 180/180/180 175/175/175 174/174/174
f 181/181/181 176/176/176 175/175/175
f 175/175/175 180/180/180 181/181/181
f 182/182/182 177/177/177 176/176/176
f 176/176/176 181/181/181 182/182/182
f 140/140/140 177/177/177 182/182/182
f 182/182/182 183/183/183 140/140/140
f 183/183/183 182/182/182 184/184/184
f 184/184/184 182/182/182 181/181/181
f 181/181/181 185/185/185 184/184/184
f 185/185/185 181/181/181 180/180/180
f 186/186/186 180/180/180 179/179/179
f 180/180/180 186/186/186 185/185/185
f 179/179/179 187/187/187 186/186/186
f 173/173/173 188/188/188 179/179/179
f 187/187/187 179/179/179 188/188/188
f 188/188/188 189/189/189 187/187/187
f 189/189/189 188/188/188 190/190/190
f 190/190/190 191/191/191 189/189/189
f 188/188/188 173/173/173 192/192/192
f 192/192/192 190/190/190 188/188/188
f 178/178/178 192/192/192 173/173/173
f 193/193/193 194/194/194 195/195/195
f 194/194/194 191/191/191 196/196/196
f 196/196/196 195/195/195 194/194/194
f 197/197/197 196/196/196 191/191/191
f 191/191/191 190/190/190 197/197/197
f 198/198/198 197/197/197 190/190/190
f 190/190/190 192/192/192 198/198/198
f 192/192/192 178/178/178 198/198/198
f 199/199/199 185/185/185 186/186/186
f 186/186/186 200/200/200 199/199/199
f 200/200/200 186/186/186 187/187/187
f 187/187/187 201/201/201 200/200/200
f 201/201/201 187/187/187 189/189/189
f 189/189/189 202/202/202 201/201/201
f 202/202/202 189/189/189 191/191/191
f 191/191/191 194/194/194 202/202/202
f 203/203/203 202/202/202 194/194/194
f 194/194/194 193/193/193 203/203/203
f 204/204/204 200/200/200 201/201/201
f 205/205/205 203/203/203 193/193/193
f 203/203/203 205/205/205 206/206/206
f 202/202/202 203/203/203 207/207/207
f 207/207/207 201/201/201 202/202/202
f 201/201/201 207/207/207 204/204/204
f 206/206/206 207/207/207 203/203/203
f 208/208/208 204/204/204 207/207/207
f 207/207/207 206/206/206 208/208/208
f 204/204/204 208/208/208 209/209/209
f 209/209/209 210/210/210 204/204/204
f 200/200/200 204/204/204 210/210/210
f 210/210/210 199/199/199 200/200/200
f 193/193/193 211/211/211 205/205/205
f 212/212/212 205/205/205 211/211/211
f 205/205/205 212/212/212 213/213/213
f 213/213/213 206/206/206 205/205/205
f 214/214/214 208/208/208 206/206/206
f 206/206/206 213/213/213 214/214/214
f 215/215/215 209/209/209 208/208/208
f 208/208/208 214/214/214 215/215/215
f 216/216/216 209/209/209 215/215/215
f 210/210/210 209/209/209 216/216/216
f 215/215/215 217/217/217 216/216/216
f 218/218/218 219/219/219 220/220/220
f 220/220/220 216/216/216 218/218/218
f 216/216/216 220/220/220 210/210/210
f 221/221/221 218/218/218 216/216/216
f 216/216/216 217/217/217 221/221/221
f 222/222/222 221/221/221 217/217/217
f 217/217/217 223/223/223 222/222/222
f 217/217/217 215/215/215 224/224/224
f 224/224/224 223/223/223 217/217/217
f 225/225/225 224/224/224 215/215/215
f 215/215/215 214/214/214 225/225/225
f 220/220/220 219/219/219 226/226/226
f 227/227/227 226/226/226 219/219/219
f 226/226/226 227/227/227 228/228/228
f 219/219/219 229/229/229 227/227/227
f 230/230/230 229/229/229 219/219/219
f 219/219/219 218/218/218 230/230/230
f 231/231/231 230/230/230 218/218/218
f 218/218/218 221/221/221 231/231/231
f 221/221/221 222/222/222 232/232/232
f 232/232/232 231/231/231 221/221/221
f 231/231/231 232/232/232 233/233/233
f 230/230/230 231/231/231 234/234/234
f 233/233/233 234/234/234 231/231/231
f 234/234/234 233/233/233 235/235/235
f 234/234/234 236/236/236 230/230/230
f 229/229/229 230/230/230 236/236/236
f 236/236/236 234/234/234 237/237/237
f 235/235/235 237/237/237 234/234/234
f 237/237/237 235/235/235 238/238/238
f 239/239/239 240/240/240 241/241/241
f 241/241/241 242/242/242 239/239/239
f 238/238/238 239/239/239 242/242/242
f 242/242/242 243/243/243 238/238/238
f 238/238/238 243/243/243 237/237/237
f 244/244/244 237/237/237 243/243/243
f 237/237/237 244/244/244 236/236/236
f 236/236/236 245/245/245 229/229/229
f 245/245/245 236/236/236 244/244/244
f 229/229/229 245/245/245 246/246/246
f 246/246/246 227/227/227 229/229/229
f 244/244/244 247/247/247 245/245/245
f 245/245/245 247/247/247 248/248/248
f 248/248/248 246/246/246 245/245/245
f 249/249/249 248/248/248 247/247/247
f 250/250/250 247/247/247 244/244/244
f 247/247/247 250/250/250 249/249/249
f 244/244/244 251/251/251 250/250/250
f 243/243/243 251/251/251 244/244/244
f 251/251/251 243/243/243 242/242/242
f 252/252/252 249/249/249 250/250/250
f 101/101/101 253/253/253 252/252/252
f 249/249/249 252/252/252 253/253/253
f 252/252/252 99/99/99 101/101/101
f 248/248/248 249/249/249 254/254/254
f 253/253/253 254/254/254 249/249/249
f 246/246/246 248/248/248 255/255/255
f 254/254/254 255/255/255 248/248/248
f 255/255/255 256/256/256 246/246/246
f 228/228/228 256/256/256 133/133/133
f 227/227/227 246/246/246 256/256/256
f 256/256/256 228/228/228 227/227/227
f 101/101/101 109/109/109 257/257/257
f 257/257/257 253/253/253 101/101/101
f 130/130/130 257/257/257 124/124/124
f 124/124/124 257/257/257 109/109/109
f 258/258/258 253/253/253 257/257/257
f 257/257/257 130/130/130 258/258/258
f 254/254/254 253/253/253 258/258/258
f 131/131/131 258/258/258 130/130/130
f 255/255/255 254/254/254 259/259/259
f 258/258/258 259/259/259 254/254/254
f 258/258/258 131/131/131 260/260/260
f 259/259/259 260/260/260 255/255/255
f 260/260/260 133/133/133 256/256/256
f 260/260/260 259/259/259 258/258/258
f 256/256/256 255/255/255 260/260/260
f 133/133/133 260/260/260 131/131/131
f 261/261/261 133/133/133 132/132/132
f 133/133/133 261/261/261 228/228/228
f 262/262/262 132/132/132 134/134/134
f 132/132/132 262/262/262 261/261/261
f 135/135/135 263/263/263 134/134/134
f 134/134/134 263/263/263 262/262/262
f 226/226/226 264/264/264 220/220/220
f 264/264/264 199/199/199 210/210/210
f 210/210/210 220/220/220 264/264/264
f 228/228/228 265/265/265 226/226/226
f 265/265/265 228/228/228 261/261/261
f 264/264/264 226/226/226 265/265/265
f 261/261/261 266/266/266 265/265/265
f 266/266/266 261/261/261 262/262/262
f 267/267/267 262/262/262 263/263/263
f 140/140/140 183/183/183 267/267/267
f 262/262/262 267/267/267 266/266/266
f 135/135/135 138/138/138 268/268/268
f 263/263/263 268/268/268 267/267/267
f 268/268/268 263/263/263 135/135/135
f 267/267/267 268/268/268 140/140/140
f 140/140/140 268/268/268 138/138/138
f 269/269/269 185/185/185 199/199/199
f 199/199/199 264/264/264 269/269/269
f 184/184/184 185/185/185 269/269/269
f 265/265/265 269/269/269 264/264/264
f 269/269/269 270/270/270 184/184/184
f 270/270/270 269/269/269 265/265/265
f 267/267/267 183/183/183 270/270/270
f 270/270/270 266/266/266 267/267/267
f 265/265/265 266/266/266 270/270/270
f 184/184/184 270/270/270 183/183/183
f 271/271/271 272/272/272 273/273/273
f 274/274/274 275/275/275 276/276/276
f 275/275/275 274/274/274 277/277/277
f 274/274/274 278/278/278 277/277/277
f 277/277/277 278/278/278 279/279/279
f 271/271/271 279/279/279 278/278/278
f 279/279/279 271/271/271 280/280/280
f 273/273/273 280/280/280 271/271/271
f 281/281/281 280/280/280 273/273/273
f 273/273/273 282/282/282 281/281/281
f 281/281/281 282/282/282 283/283/283
f 277/277/277 284/284/284 275/275/275
f 277/277/277 285/285/285 284/284/284
f 277/277/277 286/286/286 285/285/285
f 287/287/287 286/286/286 277/277/277
f 277/277/277 288/288/288 287/287/287
f 288/288/288 277/277/277 289/289/289
f 289/289/289 277/277/277 290/290/290
f 291/291/291 288/288/288 289/289/289
f 292/292/292 287/287/287 288/288/288
f 288/288/288 291/291/291 292/292/292
f 287/287/287 292/292/292 293/293/293
f 293/293/293 286/286/286 287/287/287
f 294/294/294 285/285/285 286/286/286
f 286/286/286 293/293/293 294/294/294
f 295/295/295 284/284/284 285/285/285
f 275/275/275 284/284/284 295/295/295
f 285/285/285 294/294/294 295/295/295
f 295/295/295 276/276/276 275/275/275
f 296/296/296 292/292/292 291/291/291
f 291/291/291 297/297/297 296/296/296
f 298/298/298 293/293/293 292/292/292
f 292/292/292 296/296/296 298/298/298
f 293/293/293 298/298/298 299/299/299
f 299/299/299 294/294/294 293/293/293
f 294/294/294 299/299/299 300/300/300
f 300/300/300 295/295/295 294/294/294
f 276/276/276 295/295/295 300/300/300
f 272/272/272 271/271/271 301/301/301
f 278/278/278 301/301/301 271/271/271
f 301/301/301 302/302/302 272/272/272
f 276/276/276 303/303/303 274/274/274
f 278/278/278 274/274/274 303/303/303
f 303/303/303 301/301/301 278/278/278
f 302/302/302 301/301/301 303/303/303
f 303/303/303 276/276/276 304/304/304
f 300/300/300 304/304/304 276/276/276
f 303/303/303 305/305/305 302/302/302
f 304/304/304 305/305/305 303/303/303
f 10/10/10 306/306/198 12/12/12
f 15/15/15 12/12/12 306/306/198
f 307/307/306 308/308/307 309/309/308
f 211/211/211 309/309/308 212/212/212
f 309/309/308 211/211/211 307/307/306
f 310/310/309 309/309/308 308/308/307
f 309/309/308 310/310/309 311/311/310
f 213/213/213 212/212/212 311/311/310
f 311/311/310 212/212/212 309/309/308
f 311/311/310 312/312/311 213/213/213
f 214/214/214 213/213/213 312/312/311
f 312/312/311 225/225/225 214/214/214
f 313/313/312 307/307/306 211/211/211
f 195/195/195 313/313/312 193/193/193
f 211/211/211 193/193/193 313/313/312
f 314/314/313 315/315/314 316/316/315
f 316/316/315 315/315/314 317/317/316
f 317/317/316 318/318/317 316/316/315
f 316/316/315 318/318/317 319/319/318
f 320/320/319 319/319/318 318/318/317
f 277/277/277 319/319/318 320/320/319
f 321/321/320 318/318/317 317/317/316
f 318/318/317 321/321/320 320/320/319
f 317/317/316 322/322/321 321/321/320
f 283/283/283 323/323/322 281/281/281
f 323/323/322 283/283/283 324/324/323
f 324/324/323 325/325/324 323/323/322
f 325/325/324 324/324/323 326/326/325
f 326/326/325 327/327/326 325/325/324
f 327/327/326 326/326/325 314/314/313
f 316/316/315 328/328/327 314/314/313
f 314/314/313 328/328/327 327/327/326
f 328/328/327 316/316/315 329/329/328
f 329/329/328 319/319/318 277/277/277
f 319/319/318 329/329/328 316/316/315
f 330/330/329 325/325/324 327/327/326
f 330/330/329 331/331/330 277/277/277
f 331/331/330 327/327/326 328/328/327
f 327/327/326 331/331/330 330/330/329
f 328/328/327 332/332/331 331/331/330
f 277/277/277 331/331/330 332/332/331
f 332/332/331 329/329/328 277/277/277
f 329/329/328 332/332/331 328/328/327
f 277/277/277 333/333/332 330/330/329
f 333/333/332 323/323/322 325/325/324
f 325/325/324 330/330/329 333/333/332
f 277/277/277 320/320/319 334/334/333
f 334/334/333 320/320/319 321/321/320
f 277/277/277 334/334/333 290/290/290
f 321/321/320 335/335/334 334/334/333
f 335/335/334 321/321/320 322/322/321
f 290/290/290 334/334/333 335/335/334
f 335/335/334 336/336/335 290/290/290
f 289/289/289 290/290/290 336/336/335
f 289/289/289 337/337/336 291/291/291
f 336/336/335 337/337/336 289/289/289
f 297/297/297 291/291/291 337/337/336
f 336/336/335 335/335/334 338/338/337
f 322/322/321 338/338/337 335/335/334
f 338/338/337 339/339/338 336/336/335
f 337/337/336 336/336/335 339/339/338
f 337/337/336 340/340/339 297/297/297
f 339/339/338 340/340/339 337/337/336
f 341/341/340 241/241/241 240/240/240
f 58/58/58 342/342/341 57/57/57
f 57/57/57 342/342/341 341/341/340
f 241/241/241 341/341/340 342/342/341
f 341/341/340 343/343/342 57/57/57
f 64/64/64 57/57/57 343/343/342
f 64/64/64 344/344/343 73/73/73
f 73/73/73 344/344/343 78/78/78
f 343/343/342 344/344/343 64/64/64
f 345/345/344 78/78/78 344/344/343
f 344/344/343 343/343/342 345/345/344
f 240/240/240 346/346/345 341/341/340
f 343/343/342 341/341/340 346/346/345
f 346/346/345 345/345/344 343/343/342
f 347/347/346 100/100/100 99/99/99
f 347/347/346 250/250/250 251/251/251
f 250/250/250 347/347/346 252/252/252
f 99/99/99 252/252/252 347/347/346
f 251/251/251 348/348/347 347/347/346
f 242/242/242 348/348/347 251/251/251
f 100/100/100 347/347/346 348/348/347
f 349/349/348 348/348/347 242/242/242
f 58/58/58 100/100/100 349/349/348
f 342/342/341 349/349/348 241/241/241
f 242/242/242 241/241/241 349/349/348
f 349/349/348 342/342/341 58/58/58
f 348/348/347 349/349/348 100/100/100
f 350/350/349 351/351/350 352/352/351
f 352/352/351 351/351/350 353/353/352
f 353/353/352 354/354/353 352/352/351
f 352/352/351 354/354/353 355/355/354
f 352/352/351 355/355/354 356/356/355
f 356/356/355 357/357/356 352/352/351
f 357/357/356 358/358/357 352/352/351
f 352/352/351 358/358/357 359/359/358
f 360/360/25 352/352/351 359/359/358
f 360/360/25 361/361/359 352/352/351
f 352/352/351 361/361/359 362/362/360
f 362/362/360 363/363/361 352/352/351
f 363/363/361 364/364/8 352/352/351
f 364/364/8 365/365/362 352/352/351
f 365/365/362 366/366/363 352/352/351
f 352/352/351 366/366/363 367/367/364
f 352/352/351 367/367/364 368/368/157
f 352/352/351 368/368/157 369/369/365
f 369/369/365 370/370/158 352/352/351
f 352/352/351 370/370/158 371/371/366
f 372/372/367 350/350/349 352/352/351
f 371/371/366 372/372/367 352/352/351
f 323/323/322 333/333/332 373/373/368
f 373/373/368 281/281/281 323/323/322
f 277/277/277 373/373/368 333/333/332
f 281/281/281 373/373/368 374/374/369
f 277/277/277 374/374/369 373/373/368
f 280/280/280 374/374/369 279/279/279
f 374/374/369 280/280/280 281/281/281
f 277/277/277 279/279/279 374/374/369
usemtl DPROP_GEN_SentinelLeg_MATINST.011
f 375/375/370 376/376/371 377/377/372
f 377/377/372 376/376/371 378/378/373
f 379/379/374 380/380/375 377/377/372
f 378/378/373 381/381/376 377/377/372
f 381/381/376 379/379/374 377/377/372
f 382/382/377 381/381/376 378/378/373
f 379/379/374 381/381/376 382/382/377
f 378/378/373 383/383/378 382/382/377
f 384/384/379 383/383/378 378/378/373
f 378/378/373 376/376/371 384/384/379
f 385/385/380 384/384/379 376/376/371
f 376/376/371 375/375/370 385/385/380
f 385/385/380 375/375/370 386/386/381
f 386/386/381 375/375/370 377/377/372
f 382/382/377 387/387/382 379/379/374
f 379/379/374 387/387/382 388/388/383
f 388/388/383 380/380/375 379/379/374
f 386/386/381 389/389/384 390/390/385
f 389/389/384 386/386/381 377/377/372
f 391/391/386 390/390/385 389/389/384
f 386/386/381 392/392/387 385/385/380
f 390/390/385 392/392/387 386/386/381
f 389/389/384 393/393/388 391/391/386
f 377/377/372 393/393/388 389/389/384
f 394/394/389 391/391/386 393/393/388
f 393/393/388 395/395/390 394/394/389
f 395/395/390 393/393/388 377/377/372
f 394/394/389 395/395/390 396/396/391
f 396/396/391 395/395/390 377/377/372
f 396/396/391 397/397/392 394/394/389
f 380/380/375 398/398/393 377/377/372
f 398/398/393 380/380/375 388/388/383
f 399/399/394 396/396/391 377/377/372
f 397/397/392 396/396/391 399/399/394
f 398/398/393 399/399/394 377/377/372
f 399/399/394 400/400/395 397/397/392
f 401/401/396 400/400/395 399/399/394
f 399/399/394 398/398/393 401/401/396
f 388/388/383 401/401/396 398/398/393
f 402/402/397 403/403/398 404/404/399
f 404/404/399 405/405/400 402/402/397
f 406/406/401 402/402/397 405/405/400
f 407/407/402 405/405/400 404/404/399
f 404/404/399 408/408/403 407/407/402
f 407/407/402 408/408/403 409/409/404
f 409/409/404 410/410/405 407/407/402
f 411/411/406 410/410/405 409/409/404
f 410/410/405 411/411/406 412/412/407
f 413/413/408 412/412/407 411/411/406
f 412/412/407 413/413/408 414/414/409
f 409/409/404 415/415/410 411/411/406
f 411/411/406 415/415/410 416/416/411
f 411/411/406 417/417/412 413/413/408
f 416/416/411 417/417/412 411/411/406
f 405/405/400 418/418/413 406/406/401
f 406/406/401 418/418/413 419/419/414
f 420/420/415 418/418/413 405/405/400
f 405/405/400 407/407/402 420/420/415
f 419/419/414 418/418/413 420/420/415
f 412/412/407 421/421/416 410/410/405
f 421/421/416 420/420/415 407/407/402
f 407/407/402 410/410/405 421/421/416
f 421/421/416 412/412/407 422/422/417
f 414/414/409 422/422/417 412/412/407
f 422/422/417 423/423/418 421/421/416
f 420/420/415 421/421/416 423/423/418
f 423/423/418 422/422/417 424/424/419
f 423/423/418 425/425/420 420/420/415
f 420/420/415 425/425/420 419/419/414
f 425/425/420 426/426/421 427/427/422
f 427/427/422 419/419/414 425/425/420
f 428/428/423 426/426/421 425/425/420
f 425/425/420 423/423/418 428/428/423
f 424/424/419 428/428/423 423/423/418
f 427/427/422 426/426/421 429/429/424
f 429/429/424 426/426/421 428/428/423
f 429/429/424 430/430/425 427/427/422
f 431/431/426 428/428/423 424/424/419
f 428/428/423 431/431/426 429/429/424
f 430/430/425 429/429/424 432/432/427
f 432/432/427 429/429/424 431/431/426
f 432/432/427 433/433/428 430/430/425
f 434/434/429 433/433/428 432/432/427
f 432/432/427 435/435/430 434/434/429
f 424/424/419 436/436/431 431/431/426
f 437/437/432 424/424/419 422/422/417
f 422/422/417 414/414/409 437/437/432
f 438/438/433 436/436/431 424/424/419
f 424/424/419 437/437/432 438/438/433
f 431/431/426 436/436/431 439/439/434
f 439/439/434 436/436/431 438/438/433
f 439/439/434 440/440/435 431/431/426
f 431/431/426 440/440/435 432/432/427
f 441/441/436 435/435/430 432/432/427
f 432/432/427 440/440/435 441/441/436
f 438/438/433 442/442/437 439/439/434
f 439/439/434 442/442/437 443/443/438
f 444/444/439 435/435/430 441/441/436
f 441/441/436 445/445/440 444/444/439
f 434/434/429 435/435/430 444/444/439
f 446/446/441 445/445/440 441/441/436
f 443/443/438 447/447/442 446/446/441
f 446/446/441 447/447/442 448/448/443
f 441/441/436 449/449/444 446/446/441
f 449/449/444 441/441/436 440/440/435
f 446/446/441 449/449/444 443/443/438
f 440/440/435 439/439/434 449/449/444
f 443/443/438 449/449/444 439/439/434
f 444/444/439 445/445/440 450/450/445
f 450/450/445 445/445/440 446/446/441
f 451/451/446 452/452/447 444/444/439
f 444/444/439 452/452/447 434/434/429
f 453/453/448 452/452/447 451/451/446
f 434/434/429 452/452/447 453/453/448
f 451/451/446 454/454/449 453/453/448
f 455/455/450 454/454/449 451/451/446
f 451/451/446 456/456/451 455/455/450
f 457/457/452 455/455/450 456/456/451
f 450/450/445 458/458/453 444/444/439
f 444/444/439 458/458/453 451/451/446
f 459/459/454 456/456/451 451/451/446
f 459/459/454 458/458/453 450/450/445
f 451/451/446 458/458/453 459/459/454
f 460/460/455 456/456/451 459/459/454
f 456/456/451 460/460/455 457/457/452
f 459/459/454 461/461/456 460/460/455
f 460/460/455 461/461/456 462/462/457
f 463/463/458 462/462/457 461/461/456
f 464/464/459 461/461/456 459/459/454
f 461/461/456 464/464/459 463/463/458
f 463/463/458 464/464/459 465/465/460
f 462/462/457 466/466/461 460/460/455
f 465/465/460 467/467/462 463/463/458
f 450/450/445 468/468/463 459/459/454
f 465/465/460 464/464/459 468/468/463
f 459/459/454 468/468/463 464/464/459
f 468/468/463 469/469/464 465/465/460
f 469/469/464 468/468/463 450/450/445
f 446/446/441 470/470/465 450/450/445
f 448/448/443 470/470/465 446/446/441
f 450/450/445 470/470/465 469/469/464
f 463/463/458 467/467/462 471/471/466
f 472/472/467 471/471/466 467/467/462
f 473/473/468 467/467/462 465/465/460
f 467/467/462 473/473/468 472/472/467
f 465/465/460 474/474/469 473/473/468
f 474/474/469 465/465/460 469/469/464
f 475/475/470 469/469/464 470/470/465
f 469/469/464 475/475/470 474/474/469
f 470/470/465 448/448/443 475/475/470
f 476/476/471 477/477/472 478/478/473
f 479/479/474 476/476/471 478/478/473
f 480/480/475 481/481/476 482/482/477
f 480/480/475 483/483/478 478/478/473
f 482/482/477 483/483/478 480/480/475
f 484/484/479 479/479/474 478/478/473
f 483/483/478 484/484/479 478/478/473
f 476/476/471 479/479/474 485/485/480
f 485/485/480 479/479/474 484/484/479
f 485/485/480 486/486/481 476/476/471
f 487/487/482 477/477/472 476/476/471
f 476/476/471 486/486/481 487/487/482
f 488/488/483 481/481/476 480/480/475
f 484/484/479 489/489/484 485/485/480
f 489/489/484 484/484/479 483/483/478
f 483/483/478 482/482/477 489/489/484
f 490/490/485 491/491/486 478/478/473
f 492/492/487 491/491/486 490/490/485
f 491/491/486 493/493/488 478/478/473
f 493/493/488 491/491/486 492/492/487
f 493/493/488 494/494/489 488/488/483
f 492/492/487 494/494/489 493/493/488
f 495/495/490 480/480/475 478/478/473
f 488/488/483 495/495/490 493/493/488
f 480/480/475 495/495/490 488/488/483
f 493/493/488 495/495/490 478/478/473
f 496/496/491 497/497/492 478/478/473
f 498/498/493 496/496/491 478/478/473
f 477/477/472 499/499/494 478/478/473
f 499/499/494 477/477/472 487/487/482
f 500/500/495 498/498/493 478/478/473
f 499/499/494 500/500/495 478/478/473
f 498/498/493 500/500/495 501/501/496
f 501/501/496 500/500/495 499/499/494
f 501/501/496 502/502/497 498/498/493
f 498/498/493 502/502/497 503/503/498
f 503/503/498 496/496/491 498/498/493
f 496/496/491 503/503/498 504/504/499
f 504/504/499 497/497/492 496/496/491
f 499/499/494 505/505/500 501/501/496
f 487/487/482 505/505/500 499/499/494
f 504/504/499 506/506/501 507/507/502
f 507/507/502 497/497/492 504/504/499
f 497/497/492 507/507/502 478/478/473
f 507/507/502 506/506/501 508/508/503
f 508/508/503 509/509/504 507/507/502
f 507/507/502 509/509/504 478/478/473
f 510/510/505 509/509/504 508/508/503
f 509/509/504 510/510/505 478/478/473
f 508/508/503 511/511/506 510/510/505
f 510/510/505 511/511/506 512/512/507
f 510/510/505 513/513/508 478/478/473
f 512/512/507 513/513/508 510/510/505
f 513/513/508 514/514/509 478/478/473
f 514/514/509 513/513/508 512/512/507
f 512/512/507 515/515/510 514/514/509
f 514/514/509 515/515/510 516/516/511
f 514/514/509 517/517/148 478/478/473
f 516/516/511 517/517/148 514/514/509
f 518/518/512 517/517/148 516/516/511
f 517/517/148 518/518/512 478/478/473
f 516/516/511 519/519/513 518/518/512
f 518/518/512 519/519/513 520/520/514
f 520/520/514 521/521/515 518/518/512
f 518/518/512 521/521/515 478/478/473
f 521/521/515 522/522/516 478/478/473
f 522/522/516 521/521/515 520/520/514
f 522/522/516 490/490/485 478/478/473
f 520/520/514 523/523/517 522/522/516
f 490/490/485 524/524/518 492/492/487
f 524/524/518 490/490/485 522/522/516
f 522/522/516 523/523/517 524/524/518
f 525/525/519 526/526/520 527/527/521
f 528/528/522 529/529/523 530/530/524
f 530/530/524 529/529/523 531/531/525
f 532/532/526 531/531/525 525/525/519
f 531/531/525 532/532/526 530/530/524
f 525/525/519 533/533/527 532/532/526
f 527/527/521 533/533/527 525/525/519
f 530/530/524 532/532/526 534/534/528
f 533/533/527 527/527/521 534/534/528
f 534/534/528 532/532/526 533/533/527
f 534/534/528 535/535/529 530/530/524
f 530/530/524 535/535/529 528/528/522
f 534/534/528 536/536/530 537/537/531
f 538/538/532 536/536/530 534/534/528
f 539/539/533 538/538/532 534/534/528
f 540/540/534 539/539/533 534/534/528
f 541/541/535 527/527/521 526/526/520
f 527/527/521 541/541/535 534/534/528
f 541/541/535 540/540/534 534/534/528
f 540/540/534 541/541/535 542/542/536
f 526/526/520 542/542/536 541/541/535
f 542/542/536 543/543/537 540/540/534
f 540/540/534 543/543/537 544/544/538
f 544/544/538 539/539/533 540/540/534
f 539/539/533 544/544/538 545/545/539
f 545/545/539 538/538/532 539/539/533
f 546/546/540 536/536/530 538/538/532
f 538/538/532 545/545/539 546/546/540
f 547/547/541 537/537/531 536/536/530
f 536/536/530 546/546/540 547/547/541
f 537/537/531 548/548/542 534/534/528
f 548/548/542 537/537/531 547/547/541
f 549/549/543 535/535/529 534/534/528
f 548/548/542 549/549/543 534/534/528
f 550/550/544 528/528/522 535/535/529
f 535/535/529 549/549/543 550/550/544
f 549/549/543 548/548/542 551/551/545
f 551/551/545 550/550/544 549/549/543
f 547/547/541 551/551/545 548/548/542
f 552/552/546 553/553/547 554/554/548
f 554/554/548 555/555/549 552/552/546
f 555/555/549 554/554/548 556/556/550
f 556/556/550 557/557/551 555/555/549
f 558/558/552 554/554/548 553/553/547
f 554/554/548 558/558/552 559/559/553
f 559/559/553 556/556/550 554/554/548
f 556/556/550 559/559/553 560/560/554
f 560/560/554 561/561/555 556/556/550
f 557/557/551 556/556/550 561/561/555
f 561/561/555 562/562/556 557/557/551
f 555/555/549 557/557/551 563/563/557
f 563/563/557 557/557/551 562/562/556
f 563/563/557 564/564/558 555/555/549
f 565/565/559 552/552/546 555/555/549
f 555/555/549 564/564/558 565/565/559
f 552/552/546 565/565/559 566/566/560
f 566/566/560 567/567/561 552/552/546
f 553/553/547 568/568/562 558/558/552
f 568/568/562 553/553/547 552/552/546
f 552/552/546 567/567/561 568/568/562
f 569/569/563 566/566/560 565/565/559
f 570/570/564 571/571/565 572/572/566
f 571/571/565 570/570/564 573/573/567
f 573/573/567 570/570/564 574/574/568
f 574/574/568 575/575/569 573/573/567
f 575/575/569 574/574/568 576/576/570
f 575/575/569 577/577/571 569/569/563
f 576/576/570 577/577/571 575/575/569
f 565/565/559 578/578/572 569/569/563
f 569/569/563 578/578/572 575/575/569
f 573/573/567 575/575/569 578/578/572
f 579/579/573 578/578/572 565/565/559
f 565/565/559 564/564/558 579/579/573
f 578/578/572 579/579/573 573/573/567
f 580/580/574 579/579/573 564/564/558
f 573/573/567 579/579/573 580/580/574
f 564/564/558 563/563/557 580/580/574
f 573/573/567 581/581/575 571/571/565
f 580/580/574 581/581/575 573/573/567
f 582/582/576 583/583/577 584/584/578
f 584/584/578 585/585/579 582/582/576
f 571/571/565 582/582/576 585/585/579
f 585/585/579 572/572/566 571/571/565
f 583/583/577 582/582/576 586/586/580
f 571/571/565 581/581/575 586/586/580
f 586/586/580 582/582/576 571/571/565
f 587/587/581 586/586/580 581/581/575
f 581/581/575 580/580/574 587/587/581
f 580/580/574 563/563/557 588/588/582
f 562/562/556 588/588/582 563/563/557
f 588/588/582 587/587/581 580/580/574
f 587/587/581 588/588/582 589/589/583
f 590/590/584 562/562/556 561/561/555
f 590/590/584 589/589/583 588/588/582
f 588/588/582 562/562/556 590/590/584
f 586/586/580 587/587/581 591/591/585
f 589/589/583 591/591/585 587/587/581
f 592/592/586 561/561/555 560/560/554
f 561/561/555 592/592/586 590/590/584
f 560/560/554 593/593/587 592/592/586
f 592/592/586 593/593/587 594/594/588
f 594/594/588 590/590/584 592/592/586
f 590/590/584 594/594/588 595/595/589
f 595/595/589 589/589/583 590/590/584
f 589/589/583 595/595/589 596/596/590
f 596/596/590 591/591/585 589/589/583
f 591/591/585 597/597/591 586/586/580
f 586/586/580 597/597/591 583/583/577
f 597/597/591 591/591/585 596/596/590
f 584/584/578 598/598/592 599/599/593
f 600/600/594 598/598/592 584/584/578
f 600/600/594 583/583/577 597/597/591
f 584/584/578 583/583/577 600/600/594
f 596/596/590 601/601/595 597/597/591
f 597/597/591 601/601/595 600/600/594
f 572/572/566 602/602/596 603/603/597
f 603/603/597 602/602/596 604/604/598
f 605/605/599 604/604/598 602/602/596
f 602/602/596 606/606/600 605/605/599
f 599/599/593 605/605/599 606/606/600
f 606/606/600 602/602/596 572/572/566
f 572/572/566 585/585/579 606/606/600
f 606/606/600 585/585/579 584/584/578
f 584/584/578 607/607/601 606/606/600
f 599/599/593 607/607/601 584/584/578
f 606/606/600 607/607/601 599/599/593
f 572/572/566 608/608/602 570/570/564
f 574/574/568 570/570/564 608/608/602
f 603/603/597 608/608/602 572/572/566
f 608/608/602 609/609/603 574/574/568
f 576/576/570 574/574/568 609/609/603
f 609/609/603 608/608/602 603/603/597
f 603/603/597 610/610/604 609/609/603
f 609/609/603 611/611/605 576/576/570
f 609/609/603 610/610/604 612/612/606
f 612/612/606 611/611/605 609/609/603
f 613/613/607 612/612/606 610/610/604
f 610/610/604 603/603/597 613/613/607
f 604/604/598 613/613/607 603/603/597
f 614/614/608 615/615/609 616/616/610
f 616/616/610 615/615/609 617/617/611
f 617/617/611 618/618/612 616/616/610
f 618/618/612 617/617/611 619/619/613
f 620/620/614 621/621/615 622/622/616
f 622/622/616 623/623/617 620/620/614
f 623/623/617 622/622/616 624/624/618
f 625/625/619 624/624/618 614/614/608
f 624/624/618 625/625/619 623/623/617
f 614/614/608 626/626/620 625/625/619
f 616/616/610 626/626/620 614/614/608
f 620/620/614 623/623/617 627/627/621
f 625/625/619 626/626/620 627/627/621
f 623/623/617 625/625/619 627/627/621
f 626/626/620 616/616/610 627/627/621
f 616/616/610 618/618/612 627/627/621
f 619/619/613 628/628/622 618/618/612
f 618/618/612 628/628/622 627/627/621
f 629/629/623 620/620/614 627/627/621
f 630/630/624 629/629/623 627/627/621
f 621/621/615 620/620/614 629/629/623
f 628/628/622 631/631/625 627/627/621
f 631/631/625 628/628/622 619/619/613
f 631/631/625 632/632/626 627/627/621
f 632/632/626 633/633/627 627/627/621
f 633/633/627 634/634/628 627/627/621
f 619/619/613 635/635/629 631/631/625
f 632/632/626 631/631/625 635/635/629
f 633/633/627 632/632/626 636/636/630
f 635/635/629 636/636/630 632/632/626
f 636/636/630 637/637/631 633/633/627
f 633/633/627 637/637/631 638/638/632
f 638/638/632 634/634/628 633/633/627
f 639/639/633 634/634/628 638/638/632
f 634/634/628 639/639/633 627/627/621
f 638/638/632 640/640/634 639/639/633
f 639/639/633 641/641/635 627/627/621
f 641/641/635 639/639/633 640/640/634
f 640/640/634 642/642/636 641/641/635
f 641/641/635 643/643/637 627/627/621
f 643/643/637 641/641/635 642/642/636
f 642/642/636 644/644/638 643/643/637
f 643/643/637 644/644/638 645/645/639
f 645/645/639 646/646/640 643/643/637
f 643/643/637 646/646/640 627/627/621
f 646/646/640 645/645/639 647/647/641
f 647/647/641 648/648/642 646/646/640
f 646/646/640 648/648/642 627/627/621
f 649/649/643 648/648/642 647/647/641
f 648/648/642 649/649/643 627/627/621
f 649/649/643 650/650/644 627/627/621
f 650/650/644 651/651/645 627/627/621
f 652/652/646 651/651/645 650/650/644
f 651/651/645 652/652/646 653/653/647
f 653/653/647 654/654/648 651/651/645
f 651/651/645 654/654/648 627/627/621
f 654/654/648 655/655/649 627/627/621
f 655/655/649 656/656/650 627/627/621
f 656/656/650 630/630/624 627/627/621
f 647/647/641 657/657/651 649/649/643
f 650/650/644 658/658/652 652/652/646
f 658/658/652 650/650/644 649/649/643
f 649/649/643 657/657/651 658/658/652
f 654/654/648 653/653/647 659/659/653
f 659/659/653 655/655/649 654/654/648
f 655/655/649 659/659/653 660/660/654
f 660/660/654 656/656/650 655/655/649
f 656/656/650 660/660/654 661/661/655
f 661/661/655 630/630/624 656/656/650
f 630/630/624 661/661/655 662/662/656
f 662/662/656 629/629/623 630/630/624
f 629/629/623 662/662/656 621/621/615
f 663/663/657 664/664/658 665/665/659
f 665/665/659 666/666/613 663/663/657
f 667/667/660 666/666/613 665/665/659
f 665/665/659 668/668/661 667/667/660
f 669/669/662 667/667/660 668/668/661
f 668/668/661 670/670/663 669/669/662
f 671/671/664 669/669/662 670/670/663
f 670/670/663 672/672/665 671/671/664
f 673/673/666 671/671/664 672/672/665
f 672/672/665 674/674/667 673/673/666
f 675/675/668 673/673/666 674/674/667
f 674/674/667 676/676/669 675/675/668
f 677/677/636 675/675/668 676/676/669
f 676/676/669 678/678/670 677/677/636
f 679/679/638 677/677/636 678/678/670
f 678/678/670 680/680/671 679/679/638
f 679/679/638 680/680/671 681/681/672
f 681/681/672 682/682/673 679/679/638
f 683/683/674 682/682/673 681/681/672
f 681/681/672 684/684/675 683/683/674
f 685/685/676 683/683/674 684/684/675
f 684/684/675 686/686/677 685/685/676
f 687/687/678 685/685/676 686/686/677
f 686/686/677 688/688/679 687/687/678
f 687/687/678 688/688/679 689/689/680
f 689/689/680 690/690/681 687/687/678
f 691/691/682 690/690/681 689/689/680
f 689/689/680 692/692/683 691/691/682
f 693/693/684 691/691/682 692/692/683
f 692/692/683 694/694/685 693/693/684
f 695/695/686 693/693/684 694/694/685
f 694/694/685 696/696/687 695/695/686
f 697/697/688 695/695/686 696/696/687
f 696/696/687 698/698/689 697/697/688
f 699/699/690 697/697/688 698/698/689
f 698/698/689 700/700/691 699/699/690
f 701/701/692 699/699/690 700/700/691
f 700/700/691 702/702/693 701/701/692
f 453/453/448 703/703/694 434/434/429
f 704/704/695 433/433/428 434/434/429
f 434/434/429 703/703/694 704/704/695
f 433/433/428 704/704/695 705/705/696
f 705/705/696 430/430/425 433/433/428
f 706/706/697 427/427/422 430/430/425
f 430/430/425 705/705/696 706/706/697
f 707/707/698 419/419/414 427/427/422
f 419/419/414 707/707/698 406/406/401
f 427/427/422 706/706/697 707/707/698
f 708/708/699 709/709/692 710/710/693
f 710/710/693 711/711/700 708/708/699
f 712/712/701 708/708/699 711/711/700
f 711/711/700 713/713/702 712/712/701
f 714/714/703 712/712/701 713/713/702
f 713/713/702 715/715/704 714/714/703
f 716/716/609 714/714/703 715/715/704
f 715/715/704 717/717/705 716/716/609
f 663/663/657 716/716/609 717/717/705
f 717/717/705 664/664/658 663/663/657
f 718/718/706 719/719/707 720/720/708
f 720/720/708 721/721/709 718/718/706
f 722/722/710 718/718/706 721/721/709
f 721/721/709 723/723/711 722/722/710
f 724/724/712 722/722/710 723/723/711
f 723/723/711 725/725/713 724/724/712
f 724/724/712 725/725/713 726/726/714
f 726/726/714 727/727/715 724/724/712
f 727/727/715 726/726/714 728/728/716
f 728/728/716 729/729/717 727/727/715
f 729/729/717 728/728/716 730/730/718
f 730/730/718 731/731/719 729/729/717
f 731/731/719 730/730/718 732/732/720
f 732/732/720 733/733/721 731/731/719
f 734/734/722 733/733/721 732/732/720
f 732/732/720 735/735/476 734/734/722
f 736/736/683 734/734/722 735/735/476
f 735/735/476 737/737/723 736/736/683
f 738/738/685 736/736/683 737/737/723
f 737/737/723 739/739/724 738/738/685
f 738/738/685 739/739/724 740/740/725
f 740/740/725 741/741/726 738/738/685
f 741/741/726 740/740/725 742/742/727
f 742/742/727 743/743/728 741/741/726
f 743/743/728 742/742/727 744/744/729
f 744/744/729 745/745/730 743/743/728
f 745/745/730 744/744/729 746/746/731
f 746/746/731 747/747/732 745/745/730
f 748/748/598 749/749/733 750/750/734
f 750/750/734 751/751/735 748/748/598
f 752/752/736 748/748/598 751/751/735
f 751/751/735 753/753/737 752/752/736
f 754/754/663 752/752/736 753/753/737
f 753/753/737 755/755/738 754/754/663
f 754/754/663 755/755/738 756/756/739
f 756/756/739 720/720/708 719/719/707
f 719/719/707 757/757/740 756/756/739
f 756/756/739 757/757/740 754/754/663
f 758/758/732 759/759/741 760/760/742
f 760/760/742 761/761/743 758/758/732
f 761/761/743 760/760/742 762/762/744
f 762/762/744 763/763/745 761/761/743
f 763/763/745 762/762/744 764/764/746
f 764/764/746 765/765/747 763/763/745
f 766/766/748 765/765/747 764/764/746
f 750/750/734 749/749/733 766/766/748
f 764/764/746 767/767/749 766/766/748
f 766/766/748 767/767/749 750/750/734
f 768/768/750 457/457/452 460/460/455
f 460/460/455 466/466/461 768/768/750
f 769/769/751 768/768/750 466/466/461
f 466/466/461 770/770/752 769/769/751
f 770/770/752 466/466/461 462/462/457
f 462/462/457 771/771/753 770/770/752
f 462/462/457 463/463/458 772/772/754
f 471/471/466 772/772/754 463/463/458
f 772/772/754 771/771/753 462/462/457
