# Blender 4.4.1
# www.blender.org
mtllib right leg.mtl
o DPROP_GEN_SentinelLeg_03_STAT.002
v 0.083235 -4.613141 1.726046
v 0.007617 -4.625080 1.626178
v -0.024369 -4.651544 1.563339
v -1.538475 -1.934348 -1.039221
v -1.805166 -1.784530 -1.152124
v -1.735927 -1.538763 -1.479819
v -1.466506 -1.730804 -1.299115
v -1.600616 -1.331249 -1.779890
v -0.124217 -1.131593 -2.132479
v -0.738209 -1.186558 -2.075111
v -0.884688 -0.921204 -2.362640
v -1.368234 -1.124049 -2.080560
v -1.173698 -1.369240 -1.821059
v -1.356790 -1.546465 -1.563138
v -0.007791 -2.587084 -0.347161
v -1.537232 -2.137393 -0.753758
v 0.551794 -1.142153 -2.029816
v 1.011440 -1.292589 -1.759868
v 1.281394 -1.545907 -1.401465
v -1.515691 -2.368605 -0.463016
v -1.444996 -2.641379 -0.145479
v -1.827234 -2.007961 -0.847690
v -1.801936 -2.293159 -0.488849
v -1.723165 -2.605282 -0.124279
v -1.325995 -2.965926 0.210131
v -1.134723 -3.366618 0.611903
v -0.901384 -3.775981 0.978592
v -1.349614 -3.487231 0.799286
v -0.471185 -4.179044 1.251239
v -1.587337 -2.987391 0.297089
v 1.521314 -2.322384 -0.441415
v 1.448914 -2.651033 -0.089907
v 1.377274 -2.876261 0.136981
v 1.170089 -3.377895 0.612006
v 0.882095 -3.906014 1.082844
v -1.076573 -3.966267 1.228368
v -0.570679 -4.440241 1.548992
v -0.006679 -4.348825 1.302389
v 0.419820 -4.268131 1.306956
v 0.477104 -4.544984 1.614508
v 1.020721 -4.119175 1.350968
v 1.359388 -3.498124 0.797279
v 1.556522 -3.044356 0.373451
v -0.072475 -4.631872 1.637406
v -0.024369 -4.651544 1.563339
v 0.024624 -4.641376 1.643391
v 1.675802 -2.681918 -0.007548
v 1.771221 -2.314864 -0.386615
v 1.526837 -2.107681 -0.686044
v 1.444802 -1.789654 -1.077765
v 1.687009 -1.622030 -1.194324
v 1.766127 -1.961621 -0.788468
v 1.490871 -1.344417 -1.569593
v 1.179276 -1.048007 -1.988149
v 0.632300 -0.868988 -2.309392
v -0.114255 -0.825000 -2.450958
v -0.158321 -0.861754 -2.397583
v -0.211175 -0.826082 -2.454717
v 1.827358 -2.181010 -0.350965
v 1.826910 -1.813322 -0.751340
v 1.833121 -1.288739 -0.600872
v 1.794495 -0.787161 -0.443880
v 1.716254 -0.483182 -0.801918
v 1.652982 -0.088909 -0.599414
v 1.758042 -0.960043 -0.993289
v 1.777340 -1.469631 -1.165071
v 1.766127 -1.961621 -0.788468
v 1.771221 -2.314864 -0.386615
v 1.675802 -2.681918 -0.007548
v 1.747376 -2.518758 0.041318
v 1.687009 -1.622030 -1.194324
v 1.618969 -1.144793 -1.555351
v 1.490871 -1.344417 -1.569593
v 1.179276 -1.048007 -1.988149
v 1.754055 -1.902976 0.183708
v 1.612061 -2.927993 0.429390
v 1.624276 -2.238759 0.600163
v 1.403838 -2.631020 1.020163
v 1.381640 -1.816249 1.094816
v 1.051022 -3.047069 1.428259
v 1.076980 -4.079191 1.421725
v 0.520364 -4.527833 1.694695
v 1.413586 -3.415273 0.885403
v 1.828791 -1.602667 -0.209080
v 1.788863 -1.041965 -0.078408
v 1.716758 -1.262925 0.295796
v 1.583289 -1.484623 0.693967
v 1.508300 -0.649811 0.774114
v 1.641118 -0.626163 0.361372
v 1.712050 -0.522747 0.021140
v 1.716587 -0.347749 -0.298783
v 1.383720 0.076788 0.830653
v 1.350052 -0.146771 1.056550
v 1.471567 -0.016140 0.591778
v 1.542327 -0.086058 0.331651
v 1.578156 -0.092110 0.080845
v 1.585978 -0.019344 -0.184906
v 1.167932 -0.063509 1.094080
v 1.182747 0.206750 0.863168
v 1.276379 0.113551 0.595569
v 1.336658 0.046098 0.361154
v 1.374440 0.016465 0.112653
v 1.382588 0.079356 -0.140916
v 1.549399 0.173183 -0.427647
v 1.358308 0.227334 -0.317918
v 1.259292 0.466282 -0.462797
v 1.527360 0.280379 -0.880197
v 1.549834 -0.118253 -1.155344
v 1.591918 -0.609036 -1.386268
v 1.286604 -0.794875 -2.018854
v 0.696385 -0.527734 -2.378423
v 0.668648 0.039883 -2.093606
v -0.132111 -0.462280 -2.489404
v 1.251108 -0.250477 -1.776972
v 0.632300 -0.868988 -2.309392
v -0.114255 -0.825000 -2.450958
v -0.158321 -0.861754 -2.397583
v -0.174582 -0.523774 -2.432995
v -0.172986 0.040998 -2.145770
v -0.130525 0.102514 -2.202085
v -0.115706 0.615072 -1.834589
v 0.603322 0.580674 -1.753302
v 1.454580 0.375368 -0.580230
v 1.349685 0.682448 -0.707573
v 1.215255 0.881005 -1.154458
v 1.205363 0.291708 -1.491193
v 0.532031 0.988692 -1.410860
v -0.107689 1.010037 -1.477580
v 0.513254 1.069656 -1.113895
v 1.026868 0.968398 -0.909512
v 1.161093 0.777766 -0.575119
v -0.088276 1.089347 -1.167540
v -0.158413 0.552045 -1.777166
v -0.140001 0.947371 -1.422077
v -0.120668 1.026672 -1.111276
v -0.628794 -0.811762 1.180453
v -0.276954 -0.864809 1.266616
v 0.088852 -0.406321 0.249473
v -0.791578 -0.656593 1.045070
v 1.136204 -0.465384 0.375202
v 1.161693 -0.352585 -0.029229
v 1.108414 -0.635343 0.693700
v 1.018717 -0.718745 0.901600
v 0.891547 -0.806463 0.990652
v 0.722037 -0.830078 1.145309
v 1.336658 0.046098 0.361154
v 1.374440 0.016465 0.112653
v 1.276379 0.113551 0.595569
v 1.182747 0.206750 0.863168
v 1.167932 -0.063509 1.094080
v 1.036432 -0.333851 1.279883
v 0.828453 -0.594808 1.415210
v 0.360931 -0.872150 1.218627
v 0.024026 -0.882951 1.299774
v 0.004293 -0.970523 1.581243
v -0.360098 -0.851627 1.589780
v -0.829127 -0.510411 1.454502
v -1.048738 -0.192443 1.261770
v 0.054027 -0.987764 1.496993
v 0.102290 -0.975292 1.575023
v 0.425907 -0.888992 1.539751
v -0.872880 -0.554042 0.889227
v -0.917559 -0.492149 0.675874
v -0.973921 -0.507568 0.518308
v -1.268884 0.007908 0.674689
v -1.332522 -0.043819 0.450229
v -1.017377 -0.486397 0.316394
v -1.038591 -0.460275 0.179416
v -1.041824 -0.388063 -0.007546
v -1.350667 -0.017615 0.200111
v -1.366748 0.084104 -0.042256
v -0.445364 0.144545 -0.794062
v -0.782449 0.043971 -0.700818
v -0.871018 -0.043500 -0.447177
v -0.943732 -0.171265 -0.333743
v -0.971244 -0.213946 -0.280527
v -1.028898 -0.303377 -0.169009
v -1.361338 0.195858 -0.224638
v -1.342529 0.326305 -0.306675
v -1.311646 0.523252 -0.418123
v -1.247491 0.774714 -0.488684
v -1.145494 0.952443 -0.904418
v -0.671851 1.066468 -1.112919
v -0.010092 0.146728 -0.819872
v 0.510774 0.163591 -0.803229
v 0.858744 0.121416 -0.720476
v 0.960399 0.005570 -0.463598
v 1.100961 -0.200789 -0.285371
v 1.026868 0.968398 -0.909512
v 1.161093 0.777766 -0.575119
v 1.259292 0.466282 -0.462797
v 1.358308 0.227334 -0.317918
v 1.382588 0.079356 -0.140916
v 0.513254 1.069656 -1.113895
v -0.088276 1.089347 -1.167540
v -0.120668 1.026672 -1.111276
v -0.169260 1.098598 -1.177835
v -1.682414 -0.056591 -1.270759
v -1.725251 -0.528439 -1.565739
v -1.891028 -0.797951 -1.258236
v -1.713812 -1.058712 -1.788149
v -1.461560 -0.241492 -1.877191
v -1.861170 -1.269836 -1.501998
v -1.953577 -1.504343 -1.192306
v -1.976047 -1.058068 -0.939035
v -1.992105 -1.318932 -0.601734
v -1.940059 -0.855494 -0.380527
v -1.897852 -1.073959 -0.043033
v -1.815038 -0.430812 -0.205449
v -1.777993 -0.578699 0.088553
v -1.949722 -1.593106 -0.235367
v -1.699602 -0.684323 0.414042
v -1.798275 -1.284984 0.322402
v -1.843605 -1.882527 0.151616
v -1.942736 -2.098078 -0.456975
v -1.972499 -1.771267 -0.855174
v -1.851042 -2.438747 -0.060709
v -1.698096 -2.834655 0.336082
v -1.723165 -2.605282 -0.124279
v -1.801936 -2.293159 -0.488849
v -1.827234 -2.007961 -0.847690
v -1.805166 -1.784530 -1.152124
v -1.735927 -1.538763 -1.479819
v -1.587337 -2.987391 0.297089
v -1.443328 -3.375290 0.845240
v -1.349614 -3.487231 0.799286
v -1.134522 -3.924724 1.337183
v -1.076573 -3.966267 1.228368
v -0.570679 -4.440241 1.548992
v -1.121465 -2.974812 1.339441
v -0.552667 -4.454444 1.626279
v -0.067989 -4.610898 1.706588
v -0.072475 -4.631872 1.637406
v -0.024369 -4.651544 1.563339
v -0.024369 -4.651544 1.563339
v 0.007617 -4.625080 1.626178
v 0.008127 -3.473903 1.640617
v 0.083235 -4.613141 1.726046
v 0.080333 -3.463609 1.715132
v 0.024100 -2.535439 1.636438
v 0.083347 -2.525572 1.714481
v -0.052518 -3.463267 1.722558
v -0.567654 -3.357754 1.667008
v -1.078380 -2.121234 1.407730
v -1.417655 -2.613121 0.956409
v -1.380817 -1.820128 1.079350
v 0.080663 -1.747358 1.733193
v -0.043327 -2.525785 1.719404
v -0.549924 -2.421191 1.684435
v -1.006698 -1.370678 1.486369
v -1.315784 -1.046539 1.189825
v -1.235088 -0.305342 1.280382
v -0.913507 -0.707245 1.557791
v -0.829127 -0.510411 1.454502
v -1.048738 -0.192443 1.261770
v -0.493353 -1.659486 1.716341
v -0.375412 -1.085741 1.726559
v -0.360098 -0.851627 1.589780
v -0.003903 -1.169166 1.739573
v -0.020428 -1.744289 1.734646
v 0.031125 -1.754193 1.653700
v 0.047184 -1.181407 1.658416
v 0.095881 -1.172295 1.733965
v 0.004293 -0.970523 1.581243
v 0.054027 -0.987764 1.496993
v 0.102290 -0.975292 1.575023
v 0.425907 -0.888992 1.539751
v 0.461305 -1.102260 1.674944
v 1.204580 -0.446052 1.299272
v 1.036432 -0.333851 1.279883
v 0.828453 -0.594808 1.415210
v 0.936642 -0.806167 1.529078
v 0.518291 -1.686114 1.700352
v 0.525741 -2.442144 1.692821
v 0.527001 -3.387229 1.689947
v 1.030200 -2.157399 1.447803
v 0.992288 -1.409128 1.490816
v 1.387657 -0.986653 1.132487
v 1.556522 -3.044356 0.373451
v 1.359388 -3.498124 0.797279
v 1.020721 -4.119175 1.350968
v 0.477104 -4.544984 1.614508
v 0.024624 -4.641376 1.643391
v -1.148127 0.180661 0.956593
v -1.131147 0.011163 1.115849
v -1.387506 0.285360 -1.553319
v -0.862487 0.540487 -1.802239
v -0.884987 0.026861 -2.163767
v -0.203426 0.615045 -1.837865
v -0.216821 0.104904 -2.207595
v -0.158413 0.552045 -1.777166
v -0.140001 0.947371 -1.422077
v -0.188011 1.027522 -1.479776
v -0.764452 0.968956 -1.412498
v -1.343567 0.771664 -1.132650
v -0.169260 1.098598 -1.177835
v -0.120668 1.026672 -1.111276
v -0.671851 1.066468 -1.112919
v -1.145494 0.952443 -0.904418
v -1.247491 0.774714 -0.488684
v -1.425538 0.655165 -0.581091
v -1.311646 0.523252 -0.418123
v -1.505179 0.441591 -0.534229
v -1.499818 -0.819209 -2.117425
v -0.902283 -0.550588 -2.444144
v -1.600616 -1.331249 -1.779890
v -1.368234 -1.124049 -2.080560
v -0.884688 -0.921204 -2.362640
v -0.218739 -0.458845 -2.493590
v -0.172986 0.040998 -2.145770
v -0.174582 -0.523774 -2.432995
v -0.158321 -0.861754 -2.397583
v -0.211175 -0.826082 -2.454717
v -1.926223 -0.622113 -0.691230
v -1.806789 -0.237967 -0.468417
v -1.848144 -0.358890 -0.984572
v -1.746418 0.001969 -0.702802
v -1.616894 0.317499 -0.923624
v -1.342529 0.326305 -0.306675
v -1.575082 0.224365 -0.458393
v -1.612821 0.033368 -0.309866
v -1.614863 -0.087806 -0.095206
v -1.579334 -0.162477 0.155477
v -1.558710 -0.193638 0.431516
v -1.268884 0.007908 0.674689
v -1.332522 -0.043819 0.450229
v -1.350667 -0.017615 0.200111
v -1.366748 0.084104 -0.042256
v -1.361338 0.195858 -0.224638
v -1.481199 -0.124523 0.677965
v -1.353979 0.050440 0.946296
v -1.518953 -0.696608 0.838504
v -1.313537 -0.123138 1.124950
v -1.623272 -1.500965 0.712799
v -1.131147 0.011163 1.115849
v -1.148127 0.180661 0.956593
v -1.668962 -2.208343 0.549083
v 0.056012 -4.365211 1.610449
v -0.015940 -4.452011 1.580709
v -0.027507 -4.611027 1.623408
v 1.351118 -3.288420 0.766985
v 1.000808 -3.898783 1.325301
v 1.270407 -3.917910 1.217012
v 0.935270 -4.313428 1.530999
v 0.428915 -4.283780 1.576260
v 0.478913 -4.591932 1.697138
v 0.040570 -4.653638 1.760606
v -0.051052 -4.938800 1.591622
v 0.037719 -4.936109 1.722737
v -0.066182 -5.307987 1.614044
v 0.993655 -4.764939 1.428756
v 0.456429 -4.928142 1.683725
v 0.438161 -5.296625 1.701750
v 0.022554 -5.305168 1.744452
v 0.419032 -5.733178 1.744095
v 0.006529 -5.742298 1.790493
v 0.411635 -6.116227 1.851562
v 0.004108 -6.123382 1.866674
v 1.037118 -5.675808 1.431844
v 1.015814 -5.186327 1.418136
v -0.082170 -5.745224 1.660785
v -0.084708 -6.125966 1.731167
v -0.090231 -6.516320 1.840503
v -0.001390 -6.515295 1.974984
v -0.075182 -6.917375 1.957457
v 0.012251 -6.907229 2.103406
v -0.047261 -6.992579 1.891356
v 0.413508 -6.516427 1.954431
v 0.412524 -6.931578 2.059520
v 0.923995 -7.020923 1.933057
v 0.997555 -6.569311 1.747316
v 1.034380 -6.135856 1.589805
v 0.350105 -7.050205 1.844061
v 0.812767 -7.137884 1.730169
v 1.374124 -7.220072 1.567898
v 1.482868 -6.697913 1.341159
v 1.547827 -6.233017 1.110351
v 1.593599 -5.621449 0.832377
v 1.870836 -6.307922 0.490977
v 1.818987 -6.844477 0.760611
v 1.746859 -7.482038 1.024123
v 1.220579 -7.316614 1.398642
v 1.533055 -7.556773 0.917216
v 1.669559 -7.302923 0.770184
v 1.715521 -6.842618 0.544113
v 1.734325 -6.428620 0.305852
v 1.775091 -5.960542 0.005796
v 1.947066 -5.695308 0.119840
v 1.696488 -5.599022 -0.217960
v 1.978865 -5.405832 -0.167958
v 1.888919 -5.018745 0.152239
v 2.039330 -5.138163 -0.574636
v 2.053200 -4.592894 -0.423793
v 1.710040 -5.400214 -0.629124
v 1.516228 -5.011548 0.892075
v 1.814720 -4.484455 0.329300
v 2.025231 -4.006985 -0.269104
v 1.931675 -4.571406 -0.468824
v 1.933629 -5.146130 -0.624853
v 2.077720 -5.063983 -0.662356
v 1.602189 -5.270972 -0.943780
v 1.711119 -3.932566 0.500615
v 1.433531 -4.489666 0.994283
v 1.516549 -3.385586 0.750842
v 1.943633 -3.403172 -0.095305
v 2.036860 -4.802380 -1.119051
v 2.085740 -4.157497 -1.025247
v 1.849112 -4.514826 -1.618119
v 2.082235 -4.514699 -0.509513
v 2.052542 -3.903322 -0.344975
v 1.906031 -3.984393 -0.312545
v 1.849924 -3.377993 -0.143811
v 1.781855 -2.721745 0.073162
v 1.992663 -3.300246 -0.188016
v 1.687584 -2.694664 0.026212
v 1.647837 -2.610121 0.111222
v 1.839033 -2.626803 -0.021053
v 1.681353 -2.540054 0.043291
v 1.505515 -2.584893 0.048696
v 1.817443 -1.932737 -0.619072
v 1.942863 -2.000171 -0.662830
v 2.056158 -2.777624 -0.797371
v 2.083779 -3.480570 -0.920104
v 1.913731 -3.772966 -1.616889
v 1.507196 -4.265451 -2.076844
v 1.563393 -3.441470 -2.114549
v 1.923898 -3.015396 -1.584634
v 1.594306 -2.627712 -2.123451
v 1.447855 -2.673037 -2.060398
v 1.465875 -1.941905 -2.042488
v 1.477543 -2.467839 -2.282096
v 1.479724 -1.810130 -2.266055
v 1.441957 -2.568407 -2.155767
v 1.424507 -3.492204 -2.035795
v 1.429119 -3.337748 -2.246961
v 1.466802 -2.597991 -2.281156
v 0.707720 -2.342944 -2.465931
v 0.744566 -2.242580 -2.602051
v 0.756324 -1.485997 -2.645922
v -0.038567 -2.157601 -2.731977
v -0.068019 -2.257774 -2.580949
v 0.734224 -2.373042 -2.585754
v -0.038813 -2.288034 -2.702010
v -0.123050 -2.259198 -2.599040
v -0.150842 -2.248466 -2.477764
v -0.123926 -2.064462 -2.612068
v -0.045552 -1.424864 -2.746650
v 0.759052 -0.710917 -2.474795
v -0.019285 -0.612329 -2.644661
v 0.667903 -0.650015 -2.341772
v 1.157609 -0.822987 -2.056457
v -0.017758 -0.575274 -2.495833
v -0.135037 -0.713405 -2.468110
v -0.137632 -0.813638 -2.542994
v -0.128963 -1.418349 -2.641629
v 1.386756 -0.932152 -2.146514
v 1.260843 -0.859449 -1.996310
v 1.375429 -1.053985 -1.920661
v 1.332859 -0.939077 -1.888151
v 1.530697 -1.019202 -1.934724
v 1.724496 -1.372125 -1.299919
v 1.844266 -1.458154 -1.282238
v 1.602640 -1.900369 -2.088578
v 1.907394 -2.262073 -1.494649
v 0.266598 -5.501262 -2.166674
v 0.316584 -5.431868 -2.056287
v 0.328398 -5.933949 -2.064316
v 0.275191 -5.888690 -2.172312
v -0.321494 -5.477575 -2.014941
v -0.295927 -5.531699 -2.112034
v -0.263825 -5.928674 -2.135360
v -0.295981 -5.969149 -2.012794
v -0.376956 -6.001615 -1.955111
v -0.412779 -5.425844 -1.964576
v -0.302296 -6.041854 -2.001745
v -0.272947 -6.668266 -2.043408
v 0.330598 -6.000247 -2.065568
v 0.595498 -5.951571 -2.128610
v 0.538323 -5.353011 -2.143032
v 0.346102 -5.347436 -2.059032
v 0.323771 -4.812547 -2.093957
v 0.258484 -4.923058 -2.203539
v 0.619578 -6.577512 -2.105707
v 0.511253 -4.345773 -2.267679
v 1.008140 -4.529201 -2.005517
v 1.018583 -5.318196 -1.929136
v 1.055298 -5.912334 -1.899639
v 1.078144 -6.627193 -1.848772
v 0.602711 -6.754321 -2.044461
v 1.053135 -6.805731 -1.802521
v 1.064510 -6.880381 -1.633509
v 1.106903 -6.370161 -1.729151
v 1.084564 -5.862889 -1.762958
v 1.044519 -5.180047 -1.797779
v 1.118841 -4.596311 -1.847564
v 1.338886 -4.726044 -1.712012
v 1.186882 -5.234128 -1.773552
v 1.259113 -6.772903 -1.703952
v 1.216504 -6.360870 -1.777941
v 1.193699 -5.841295 -1.807346
v 1.478891 -5.930596 -1.580551
v 1.529121 -6.336542 -1.568095
v 1.442062 -5.810239 -1.068595
v 1.311760 -5.894457 -0.926211
v 1.344732 -6.033588 -0.999711
v 1.434721 -6.115713 -1.111071
v 1.516562 -5.982306 -1.260940
v 1.543008 -5.623627 -1.224166
v 1.469521 -5.406301 -1.570023
v 1.566088 -6.319284 -1.210505
v 1.479502 -6.340985 -1.067619
v 1.379122 -6.206339 -1.009258
v 1.446470 -6.167423 -0.919733
v 1.420261 -6.036002 -0.917326
v 1.399225 -5.918165 -0.857066
v 1.464852 -6.118320 -0.618667
v 1.472663 -6.286370 -0.863813
v 1.406931 -6.359182 -0.947875
v 1.619456 -6.616044 -0.814084
v 1.551240 -6.918527 -1.316104
v 1.624537 -6.952980 -0.879489
v 1.429324 -6.500984 -0.727439
v 1.493644 -6.369307 -0.760639
v 1.505261 -6.399786 -0.630648
v 1.543570 -6.949882 -1.472286
v 1.157319 -6.841763 -1.601449
v 1.051776 -6.978652 -1.489478
v 1.443239 -7.120368 -1.169892
v 1.584088 -7.213642 -0.897400
v 1.689278 -6.993796 -0.498761
v 1.663807 -6.676746 -0.456039
v 1.439482 -6.473389 -0.454563
v 1.685832 -5.986428 -0.142162
v 1.775050 -6.272851 -0.116321
v 1.418988 -6.254524 -0.254365
v 1.428943 -6.390580 -0.328587
v 1.493513 -6.290835 -0.393406
v 1.505214 -6.371784 -0.499583
v 1.827232 -6.646908 -0.139301
v 1.757899 -7.033118 -0.153153
v 1.677656 -7.328489 -0.496217
v 1.711681 -7.357046 -0.170310
v 1.342385 -5.893881 -0.321908
v 1.621583 -5.733199 -0.283959
v 1.394325 -5.627194 -0.492565
v 1.696488 -5.599022 -0.217960
v 1.775091 -5.960542 0.005796
v 1.734325 -6.428620 0.305852
v 1.784869 -6.764359 0.259565
v 1.798496 -7.127481 0.195070
v 1.715521 -6.842618 0.544113
v 1.695081 -7.229000 0.601643
v 1.669559 -7.302923 0.770184
v 1.719517 -7.378063 0.178784
v 1.667729 -7.390622 0.536768
v 1.533055 -7.556773 0.917216
v -1.524182 -5.695820 -0.435833
v -1.702257 -5.565126 -0.384034
v -1.661237 -5.601436 -0.711384
v -1.541741 -5.717607 -0.279735
v -1.600187 -5.801953 -0.337406
v -1.614237 -5.873697 -0.228032
v -1.552572 -5.814319 -0.154767
v -1.719030 -5.713869 -0.074673
v -1.785120 -5.666922 -0.007424
v -1.798128 -5.384153 -0.338593
v -1.755444 -5.095423 -0.856782
v -1.598583 -5.640330 -1.091325
v -1.635890 -4.993798 -1.060983
v -1.416546 -5.441031 -1.315070
v -1.563433 -5.839053 -0.903199
v -1.740756 -7.539087 0.186253
v -1.561120 -7.764851 0.770722
v -1.718438 -6.975855 0.642625
v -1.844389 -6.968977 0.116972
v -1.787792 -6.488980 0.515164
v -1.697607 -6.458907 -0.049547
v -1.799403 -6.003088 0.248465
v -1.720151 -6.084764 0.076654
v -1.560225 -5.963297 -0.069955
v -1.618665 -5.987304 -0.157069
v -1.611766 -6.120220 -0.141389
v -1.547828 -6.136581 -0.051260
v -1.535726 -6.300809 -0.092962
v -1.509376 -6.399103 -0.214339
v -1.609916 -6.545197 -0.403979
v -1.494151 -6.467258 -0.353613
v -1.447070 -6.453696 -0.512523
v -1.545980 -6.383489 -0.400961
v -1.571429 -6.340088 -0.276738
v -1.572564 -6.077482 -0.436030
v -1.594909 -6.246131 -0.184101
v -1.583059 -5.783605 -0.451611
v -1.517977 -5.749645 -0.618998
v -1.528934 -5.856759 -0.734261
v -1.550790 -5.818484 -0.594134
v -1.527443 -5.913660 -0.686420
v -1.427913 -6.027032 -0.800313
v -1.511198 -6.049416 -0.730989
v -1.504299 -6.182353 -0.715312
v -1.523603 -6.367748 -0.532160
v -1.508726 -6.295961 -0.644349
v -1.396834 -6.208753 -0.769766
v -1.524786 -6.144996 -0.941166
v -1.541247 -6.102172 -1.117896
v -1.575513 -6.500258 -0.727181
v -1.395792 -6.365890 -0.666891
v -1.731700 -6.874828 -0.380589
v -1.661102 -6.758529 -0.784322
v -1.552149 -6.564783 -1.097671
v -1.380308 -6.571147 -1.350803
v -1.412390 -6.080001 -1.325694
v -1.459262 -7.103239 -1.216661
v -1.364396 -7.042366 -1.358104
v -1.621245 -7.235086 -0.885230
v -1.726430 -7.397222 -0.437551
v -1.013938 -5.291284 -1.710097
v -0.985192 -6.122463 -1.701338
v -1.110961 -6.108216 -1.709834
v -1.090580 -6.857804 -1.718724
v -0.846148 -6.947554 -1.586897
v -1.363621 -6.981536 -1.451591
v -1.392086 -6.198543 -1.437625
v -1.448072 -5.417771 -1.438412
v -1.147299 -5.304013 -1.712818
v -1.694802 -4.917483 -1.191312
v -1.486737 -4.792086 -1.480560
v -1.373758 -4.745865 -1.476102
v -0.993481 -5.475568 -1.836851
v -0.539807 -5.474713 -2.074171
v -0.591894 -4.864022 -2.109203
v -1.040368 -4.880340 -1.873671
v -1.049789 -4.896252 -1.738053
v -1.195305 -4.591334 -1.719138
v -1.179826 -4.571705 -1.846413
v -0.448805 -4.812932 -2.033909
v -0.337344 -5.375758 -2.010568
v -0.359453 -4.843752 -2.070619
v -0.314234 -4.948987 -2.176819
v -0.298362 -5.348739 -2.138764
v 0.286876 -5.330114 -2.167614
v -0.712815 -4.305546 -2.200848
v -0.583643 -4.296684 -2.188053
v -0.430917 -4.725254 -2.180450
v 0.333789 -4.687192 -2.219152
v 0.329147 -4.354214 -2.195743
v 0.313479 -4.291509 -2.305890
v 0.002509 -4.231880 -2.345425
v -0.102178 -4.236200 -2.340342
v -0.503415 -4.275229 -2.258217
v -0.934426 -0.680562 -2.491006
v -0.287841 -0.609606 -2.604678
v -0.233833 -1.430496 -2.755023
v -0.960755 -1.512578 -2.607177
v -1.592970 -1.824069 -2.206315
v -0.922982 -2.279236 -2.561470
v -1.574872 -2.551805 -2.185960
v -0.212327 -2.167698 -2.716791
v -0.123926 -2.064462 -2.612068
v -0.128963 -1.418349 -2.641629
v -0.137632 -0.813638 -2.542994
v -0.135037 -0.713405 -2.468110
v -0.278441 -0.577565 -2.467618
v -1.567431 -1.910440 -2.012419
v -0.850315 -0.662546 -2.382610
v -1.535698 -0.907621 -2.155115
v -1.544080 -0.980417 -1.962375
v -1.665611 -1.022963 -2.024643
v -1.695185 -1.906706 -2.066325
v -1.936866 -1.375660 -1.441967
v -1.780678 -1.315022 -1.394408
v -1.852260 -1.756926 -0.783289
v -2.002318 -1.914588 -0.743147
v -1.683540 -2.440431 0.009505
v -1.869492 -2.585328 0.047989
v -1.714824 -2.628631 0.078370
v -1.519976 -2.491972 0.034580
v -1.648044 -2.550246 0.130969
v -1.803420 -2.679049 0.151940
v -2.015960 -2.229620 -1.493494
v -2.069821 -2.713361 -0.809191
v -1.974203 -3.310537 -0.071204
v -1.850598 -3.354583 -0.032839
v -1.941181 -3.420764 0.050107
v -1.551348 -3.259233 0.760411
v -1.917682 -4.002083 -0.125670
v -2.038370 -3.959965 -0.153503
v -2.084917 -3.465224 -0.818677
v -2.005462 -3.018929 -1.472377
v -1.686607 -2.646394 -2.061410
v -2.105340 -4.305117 -0.785650
v -2.078751 -4.682301 -0.265193
v -1.964635 -4.723332 -0.222817
v -2.021663 -4.066554 -0.037039
v -2.063964 -4.767010 -0.147420
v -1.842691 -4.539582 0.475490
v -2.000289 -3.896275 -1.408749
v -1.824397 -4.638644 -1.346999
v -1.995075 -4.950845 -0.828675
v -2.027295 -5.220864 -0.355659
v -1.925691 -5.246665 -0.315765
v -1.516309 -5.130709 0.998293
v -1.941559 -5.192094 0.395034
v -2.039429 -5.286457 -0.241026
v -1.798128 -5.384153 -0.338593
v -1.755444 -5.095423 -0.856782
v -1.635890 -4.993798 -1.060983
v -1.694802 -4.917483 -1.191312
v -1.633325 -5.845290 0.920373
v -1.923632 -5.990957 0.379576
v -1.857193 -6.485178 0.601125
v -1.991374 -5.611923 0.104123
v -1.785120 -5.666922 -0.007424
v -1.799403 -6.003088 0.248465
v -1.787792 -6.488980 0.515164
v -1.537025 -6.320802 1.129591
v -1.790825 -6.928310 0.751183
v -1.495996 -6.787406 1.289455
v -1.434605 -7.304397 1.503112
v -1.744861 -7.608867 0.928585
v -1.271077 -7.377273 1.355616
v -1.561120 -7.764851 0.770722
v -1.718438 -6.975855 0.642625
v -0.975753 -7.224878 1.583470
v -1.084311 -7.109946 1.811717
v -0.497529 -7.082543 1.820350
v -1.124143 -6.652354 1.629398
v -1.153886 -6.218130 1.495829
v -1.167908 -5.760197 1.370290
v -0.712963 -5.737876 1.635195
v -1.115188 -5.184982 1.382706
v -1.063333 -4.677838 1.419448
v -1.404617 -4.504169 1.118726
v -1.749152 -3.975109 0.598453
v -1.222253 -3.844604 1.293551
v -0.925096 -4.157992 1.531448
v -0.513552 -4.438640 1.691154
v -0.609699 -4.838456 1.642964
v -0.124765 -4.594026 1.755431
v -0.122657 -4.931324 1.713435
v -0.027507 -4.611027 1.623408
v -0.660898 -5.254142 1.626917
v -0.137679 -5.309760 1.729813
v -1.438627 -3.055673 0.657652
v -1.092684 -3.691218 1.219186
v -0.596796 -4.177394 1.537167
v -0.079628 -4.365439 1.609935
v -0.015940 -4.452011 1.580709
v -0.051052 -4.938800 1.591622
v -0.066182 -5.307987 1.614044
v -0.082170 -5.745224 1.660785
v -0.153566 -5.756266 1.770514
v -0.084708 -6.125966 1.731167
v -0.157121 -6.143310 1.846957
v -0.090231 -6.516320 1.840503
v -0.162754 -6.536846 1.958282
v -0.075182 -6.917375 1.957457
v -0.620402 -6.970473 2.023757
v -0.163175 -6.894969 2.089444
v -0.664074 -6.558589 1.869925
v -0.694539 -6.153455 1.744525
v -0.047261 -6.992579 1.891356
v 1.817443 -1.932737 -0.619072
v 1.724496 -1.372125 -1.299919
v 1.553999 -1.485653 -1.212262
v 1.637205 -1.987520 -0.602764
v 1.367740 -1.851838 -0.580295
v 1.252641 -2.331584 -0.060089
v 1.505515 -2.584893 0.048696
v 1.681353 -2.540054 0.043291
v 0.411603 -4.115165 1.378881
v 0.428915 -4.283780 1.576260
v 1.000808 -3.898783 1.325301
v 0.906145 -3.747545 1.137860
v 1.351118 -3.288420 0.766985
v 1.219746 -3.201146 0.638051
v 1.647837 -2.610121 0.111222
v 1.018986 -2.865714 0.456298
v 0.044148 -2.154044 -0.400319
v 0.015940 -4.178843 1.400680
v -0.524048 -3.996963 1.327526
v 0.021924 -3.679370 1.091791
v 0.343855 -3.629297 1.075197
v 0.757001 -3.322182 0.873846
v -0.437801 -3.530548 1.032296
v -0.808661 -3.166953 0.794487
v -0.967974 -3.561733 1.042867
v -1.092684 -3.691218 1.219186
v -0.596796 -4.177394 1.537167
v -0.079628 -4.365439 1.609935
v -0.015940 -4.452011 1.580709
v 0.056012 -4.365211 1.610449
v -1.277665 -2.992786 0.540174
v -1.067382 -2.691646 0.374530
v -1.519976 -2.491972 0.034580
v -1.648044 -2.550246 0.130969
v -1.438627 -3.055673 0.657652
v -1.852260 -1.756926 -0.783289
v -1.647954 -1.830131 -0.749773
v -1.583873 -1.434536 -1.296853
v -1.683540 -2.440431 0.009505
v -1.257948 -2.223663 -0.115481
v -1.093784 -1.083388 -1.624372
v -1.309271 -1.067674 -1.852540
v -1.323191 -1.389868 -1.160144
v -1.376725 -1.720353 -0.703108
v -0.627401 -0.901897 -1.899198
v 1.298225 -1.432570 -1.089478
v 0.941067 -1.063547 -1.594286
v 0.508030 -0.892527 -1.868651
v 0.019950 -0.818256 -1.962260
v -0.115944 -0.815134 -1.970278
v -0.218645 -0.832558 -1.956004
v -0.236490 -0.763148 -2.253026
v -0.751003 -0.850429 -2.181517
v 1.128525 -1.041091 -1.819679
v 0.608126 -0.839213 -2.144944
v 0.007860 -0.747872 -2.260074
v -0.134285 -0.745809 -2.267208
v -0.135037 -0.713405 -2.468110
v -0.017758 -0.575274 -2.495833
v 0.667903 -0.650015 -2.341772
v 1.157609 -0.822987 -2.056457
v 1.260843 -0.859449 -1.996310
v 1.332859 -0.939077 -1.888151
v -0.278441 -0.577565 -2.467618
v -0.850315 -0.662546 -2.382610
v -1.544080 -0.980417 -1.962375
v -1.780678 -1.315022 -1.394408
v -0.287559 -6.097665 -2.127724
v 0.298600 -6.056933 -2.160074
v 0.325271 -6.605471 -2.155548
v 0.360423 -6.625612 -2.059222
v 0.360884 -6.794881 -1.989426
v -0.251554 -6.640286 -2.165841
v 0.408756 -6.877860 -1.760963
v -0.283524 -6.870342 -1.865417
v -0.507610 -6.042218 -2.083802
v -0.478039 -6.734948 -2.093477
v -0.940163 -6.825488 -1.844495
v -0.968181 -6.073914 -1.844871
v -0.122576 -3.008704 -2.530350
v -0.040334 -3.020802 -2.631697
v 0.709264 -3.130010 -2.502391
v 0.006779 -3.882116 -2.490196
v 0.680124 -3.965674 -2.364648
v 0.313479 -4.291509 -2.305890
v 0.329147 -4.354214 -2.195743
v 0.511253 -4.345773 -2.267679
v 1.008140 -4.529201 -2.005517
v 0.002509 -4.231880 -2.345425
v -0.055511 -3.866216 -2.394636
v 1.338886 -4.726044 -1.712012
v 1.118841 -4.596311 -1.847564
v 1.373581 -4.315076 -1.994724
v 1.374201 -4.160257 -2.193906
v -0.712815 -4.305546 -2.200848
v -1.179826 -4.571705 -1.846413
v -1.412947 -4.201654 -2.022311
v -1.365026 -4.351741 -1.806096
v -1.195305 -4.591334 -1.719138
v -1.373758 -4.745865 -1.476102
v -1.486737 -4.792086 -1.480560
v -1.511409 -4.329885 -1.872453
v -1.516858 -3.459581 -1.972993
v -1.657621 -3.467362 -2.015126
v -1.543437 -2.647733 -2.007449
v -1.554024 -3.392102 -2.137217
v -1.607282 -2.648808 -2.053356
v -1.574979 -2.683300 -2.177801
v -0.894038 -3.169477 -2.459610
v -0.761148 -4.001591 -2.330944
v -0.136505 -3.888393 -2.500533
v -0.583643 -4.296684 -2.188053
v -0.503415 -4.275229 -2.258217
v -0.102178 -4.236200 -2.340342
v -0.952470 -2.375966 -2.425158
v -0.919808 -2.410055 -2.544852
v -0.204451 -3.028752 -2.624158
v -0.055511 -3.866216 -2.394636
v 0.002509 -4.231880 -2.345425
v -0.244218 -2.264564 -2.581376
v -0.213422 -2.298759 -2.701583
v -0.122576 -3.008704 -2.530350
v -0.150842 -2.248466 -2.477764
v -0.123050 -2.259198 -2.599040
v 1.472477 -6.172976 -0.333145
v 1.387450 -6.051295 -0.243905
v 1.446267 -6.041577 -0.330737
v 1.420077 -5.922630 -0.386659
v 1.399094 -5.839694 -0.489831
v 1.277605 -5.793153 -0.449477
v 1.290530 -5.758188 -0.616281
v 1.287193 -5.792512 -0.795503
v 1.431588 -5.527555 -0.814530
v 1.387522 -5.837216 -0.750889
v 1.387480 -5.809215 -0.619823
v 1.710040 -5.400214 -0.629124
v 1.602189 -5.270972 -0.943780
v 1.544881 -4.957936 -1.422479
v 1.544881 -4.957936 -1.422479
v 1.196427 -7.426228 1.372454
v 0.802062 -7.346944 1.679109
v 0.115860 -7.318771 -0.020058
v 0.358351 -7.299762 1.786270
v 0.007481 -7.284618 1.844977
v -0.508296 -7.362130 1.770193
v -0.928240 -7.446048 1.533427
v -1.220792 -7.492718 1.314163
v 1.711681 -7.357046 -0.170310
v 1.719517 -7.378063 0.178784
v 1.667729 -7.390622 0.536768
v 1.533055 -7.556773 0.917216
v 1.220579 -7.316614 1.398642
v 0.812767 -7.137884 1.730169
v 0.350105 -7.050205 1.844061
v -1.740756 -7.539087 0.186253
v -1.726430 -7.397222 -0.437551
v -1.621245 -7.235086 -0.885230
v -1.459262 -7.103239 -1.216661
v -1.364396 -7.042366 -1.358104
v -0.846148 -6.947554 -1.586897
v -0.283524 -6.870342 -1.865417
v 0.408756 -6.877860 -1.760963
v 1.051776 -6.978652 -1.489478
v 1.443239 -7.120368 -1.169892
v 1.584088 -7.213642 -0.897400
v 1.677656 -7.328489 -0.496217
v -0.047261 -6.992579 1.891356
v -0.497529 -7.082543 1.820350
v -0.975753 -7.224878 1.583470
v -1.271077 -7.377273 1.355616
v -1.561120 -7.764851 0.770722
vn -0.2580 -0.5784 0.7739
vn -0.3046 -0.6167 0.7259
vn -0.0389 -0.8875 -0.4592
vn -0.1317 -0.7911 -0.5973
vn -0.5097 -0.6565 -0.5561
vn -0.4887 -0.6208 -0.6130
vn -0.1085 -0.7830 -0.6125
vn -0.4650 -0.5736 -0.6744
vn 0.0388 -0.7443 -0.6667
vn -0.0310 -0.7589 -0.6505
vn -0.1711 -0.4746 -0.8634
vn -0.3568 -0.5430 -0.7602
vn -0.0852 -0.7742 -0.6271
vn -0.1168 -0.7860 -0.6070
vn 0.0078 -0.7448 -0.6672
vn -0.1242 -0.7919 -0.5978
vn 0.1009 -0.7449 -0.6595
vn 0.1320 -0.7532 -0.6445
vn 0.1396 -0.7524 -0.6438
vn -0.1158 -0.7718 -0.6252
vn -0.1160 -0.7579 -0.6419
vn -0.5181 -0.6805 -0.5182
vn -0.5187 -0.6967 -0.4955
vn -0.5329 -0.7028 -0.4712
vn -0.1238 -0.7429 -0.6578
vn -0.1468 -0.7185 -0.6799
vn -0.1853 -0.6949 -0.6949
vn -0.5338 -0.7118 -0.4565
vn -0.1938 -0.6898 -0.6976
vn -0.5423 -0.7050 -0.4571
vn 0.1162 -0.7436 -0.6584
vn 0.1087 -0.7296 -0.6752
vn 0.1246 -0.7246 -0.6778
vn 0.1476 -0.7071 -0.6915
vn 0.1788 -0.6996 -0.6918
vn -0.5270 -0.7440 -0.4108
vn -0.4340 -0.8370 -0.3333
vn -0.0233 -0.7146 -0.6991
vn 0.1628 -0.6977 -0.6977
vn 0.2887 -0.9051 -0.3122
vn 0.5071 -0.7645 -0.3979
vn 0.6030 -0.6813 -0.4150
vn 0.6419 -0.6498 -0.4071
vn -0.2950 -0.9550 -0.0310
vn -0.0389 -0.8874 -0.4593
vn -0.6972 -0.7127 0.0774
vn 0.6173 -0.6485 -0.4454
vn 0.6325 -0.6169 -0.4684
vn 0.1245 -0.7467 -0.6534
vn 0.1472 -0.7515 -0.6431
vn 0.5237 -0.5785 -0.6254
vn 0.6078 -0.5844 -0.5377
vn 0.4355 -0.5756 -0.6921
vn 0.3748 -0.5233 -0.7653
vn 0.2099 -0.4743 -0.8550
vn -0.2559 -0.3724 -0.8921
vn 0.0310 -0.5898 -0.8069
vn 0.2726 -0.3506 -0.8960
vn 0.9793 -0.1895 -0.0711
vn 0.9704 -0.1499 -0.1894
vn 0.9977 0.0475 -0.0475
vn 0.9928 0.1192 -0.0079
vn 0.9708 0.1736 -0.1657
vn 0.9648 0.2610 -0.0316
vn 0.9730 0.1187 -0.1978
vn 0.9147 -0.1419 -0.3785
vn 0.6078 -0.5844 -0.5376
vn 0.6325 -0.6169 -0.4685
vn 0.9718 -0.2291 0.0553
vn 0.5239 -0.5784 -0.6253
vn 0.8301 -0.1018 -0.5482
vn 0.4356 -0.5754 -0.6922
vn 0.3749 -0.5232 -0.7653
vn 0.9746 -0.0317 0.2218
vn 0.9570 -0.2610 0.1265
vn 0.9381 -0.0556 0.3419
vn 0.8590 -0.0557 0.5090
vn 0.8220 -0.0237 0.5690
vn 0.6101 -0.0079 0.7923
vn 0.7919 -0.4435 0.4197
vn 0.4414 -0.6384 0.6305
vn 0.9369 -0.2992 0.1811
vn 0.9947 -0.0000 0.1026
vn 0.9873 0.0711 0.1422
vn 0.9599 0.0397 0.2776
vn 0.9182 0.0158 0.3958
vn 0.9304 0.0795 0.3579
vn 0.9568 0.1107 0.2689
vn 0.9721 0.1660 0.1660
vn 0.9718 0.2291 0.0553
vn 0.7453 0.6026 0.2854
vn 0.7291 0.3249 0.6023
vn 0.8414 0.5319 0.0952
vn 0.8258 0.5558 0.0953
vn 0.7918 0.5939 0.1426
vn 0.7855 0.5713 0.2381
vn 0.3884 0.5311 0.7530
vn 0.5472 0.7534 0.3648
vn 0.5397 0.8334 -0.1190
vn 0.5386 0.8396 -0.0713
vn 0.4978 0.8612 0.1027
vn 0.4758 0.7930 0.3806
vn 0.7974 0.5263 0.2951
vn 0.5085 0.6436 0.5720
vn 0.6026 0.5232 0.6026
vn 0.9314 0.3315 -0.1500
vn 0.8992 0.2445 -0.3628
vn 0.9019 0.2057 -0.3798
vn 0.6668 -0.0000 -0.7452
vn 0.3447 0.1097 -0.9323
vn 0.3759 0.4698 -0.7987
vn -0.3960 0.1786 -0.9007
vn 0.7089 0.3465 -0.6144
vn 0.2099 -0.4740 -0.8551
vn -0.2560 -0.3723 -0.8921
vn 0.0310 -0.5897 -0.8070
vn 0.0390 0.0466 -0.9982
vn 0.0078 0.4995 -0.8663
vn -0.4522 0.4600 -0.7641
vn -0.4687 0.5547 -0.6875
vn 0.3382 0.5821 -0.7394
vn 0.7949 0.5167 0.3180
vn 0.7778 0.5714 0.2619
vn 0.6177 0.6969 -0.3643
vn 0.6637 0.3872 -0.6400
vn 0.2203 0.8104 -0.5429
vn -0.4908 0.7401 -0.4597
vn 0.1741 0.9495 -0.2611
vn 0.4345 0.9006 -0.0079
vn 0.6353 0.6671 0.3891
vn -0.5636 0.8062 -0.1800
vn -0.0157 0.6112 -0.7914
vn -0.0396 0.8671 -0.4966
vn -0.0790 0.9642 -0.2530
vn 0.4051 0.9134 -0.0397
vn 0.1907 0.9613 0.1986
vn -0.0000 0.9037 0.4281
vn 0.6264 0.7691 0.1269
vn -0.6183 0.7592 0.2035
vn -0.4813 0.8049 0.3472
vn -0.6581 0.7364 0.1567
vn -0.6417 0.7669 -0.0000
vn -0.4023 0.9150 0.0316
vn -0.2131 0.9629 -0.1657
vn -0.9041 0.3352 -0.2650
vn -0.9035 0.4284 -0.0156
vn -0.9274 0.2182 -0.3039
vn -0.9723 0.1167 -0.2023
vn -0.9833 0.1561 -0.0936
vn -0.8801 0.3583 -0.3115
vn -0.6454 0.6768 -0.3541
vn -0.1498 0.9619 0.2286
vn 0.0317 0.9339 0.3562
vn 0.3337 0.9215 0.1986
vn 0.4524 0.8889 0.0714
vn 0.7300 0.6744 -0.1111
vn 0.8877 0.4597 -0.0238
vn -0.1189 0.8717 0.4755
vn -0.2834 0.9209 0.2676
vn -0.4091 0.9048 0.1180
vn 0.6351 0.7542 0.1667
vn 0.4922 0.8653 -0.0953
vn 0.4046 0.9045 -0.1349
vn 0.7172 0.5044 -0.4808
vn 0.8018 0.5716 -0.1746
vn 0.4276 0.9027 0.0475
vn 0.4345 0.8769 0.2054
vn 0.4053 0.8344 0.3735
vn 0.8153 0.5699 0.1029
vn 0.7778 0.5556 0.2938
vn 0.0238 0.6187 0.7853
vn 0.3648 0.6662 0.6504
vn 0.3491 0.6822 0.6425
vn 0.2063 0.6427 0.7378
vn 0.2382 0.6907 0.6828
vn 0.3494 0.7543 0.5558
vn 0.6196 0.4607 0.6355
vn 0.5164 0.3734 0.7706
vn 0.3661 0.2388 0.8994
vn 0.7306 0.3732 0.5718
vn 0.5630 0.3885 0.7294
vn 0.1751 0.3422 0.9232
vn -0.0079 0.6579 0.7530
vn -0.1032 0.6194 0.7782
vn -0.4423 0.5765 0.6871
vn -0.3781 0.6223 0.6854
vn -0.3174 0.6666 0.6745
vn -0.5217 0.3004 0.7985
vn -0.7505 0.2893 0.5942
vn -0.2283 0.2913 0.9290
vn -0.5527 0.3790 0.7422
vn -0.7869 0.4879 0.3777
vn -0.1815 0.3157 0.9313
vn 0.1351 0.3418 0.9300
vn -0.0949 0.3005 0.9490
vn -0.1111 0.3333 0.9363
vn -0.8890 0.3353 -0.3119
vn -0.8864 0.2255 -0.4043
vn -0.9553 0.1476 -0.2563
vn -0.8247 -0.0778 -0.5602
vn -0.7180 0.3512 -0.6009
vn -0.8768 -0.1474 -0.4578
vn -0.9190 -0.2240 -0.3244
vn -0.9932 0.0698 -0.0931
vn -0.9992 0.0078 0.0391
vn -0.9843 0.1250 0.1250
vn -0.9707 0.0783 0.2270
vn -0.9317 0.2897 0.2192
vn -0.9375 0.2422 0.2500
vn -0.9861 -0.0311 0.1631
vn -0.9278 0.1637 0.3353
vn -0.9411 0.0235 0.3372
vn -0.9583 -0.0545 0.2805
vn -0.9446 -0.3097 -0.1084
vn -0.9357 -0.2784 -0.2165
vn -0.9479 -0.3185 -0.0078
vn -0.9382 -0.3334 0.0931
vn -0.5330 -0.7028 -0.4712
vn -0.5182 -0.6805 -0.5181
vn -0.5098 -0.6564 -0.5561
vn -0.4889 -0.6207 -0.6130
vn -0.9229 -0.3413 0.1784
vn -0.5339 -0.7118 -0.4565
vn -0.7975 -0.4066 0.4457
vn -0.5271 -0.7440 -0.4107
vn -0.4340 -0.8370 -0.3332
vn -0.6907 -0.0392 0.7221
vn -0.4765 -0.6484 0.5937
vn 0.1412 -0.5724 0.8077
vn -0.3044 -0.6167 0.7260
vn 0.0555 -0.0158 0.9983
vn -0.2579 -0.5784 0.7739
vn -0.3768 -0.0000 0.9263
vn -0.0238 -0.0238 0.9994
vn -0.4314 -0.0157 0.9020
vn 0.3890 -0.0238 0.9209
vn -0.3302 -0.0314 0.9434
vn -0.6451 -0.0393 0.7631
vn -0.8507 -0.0546 0.5229
vn -0.8041 -0.0390 0.5933
vn -0.4566 -0.0000 0.8897
vn -0.2829 -0.0236 0.9589
vn -0.5707 -0.0234 0.8208
vn -0.7914 -0.0078 0.6112
vn -0.5830 0.2757 0.7642
vn -0.3226 0.2203 0.9206
vn -0.0635 0.4684 0.8812
vn -0.2376 0.4751 0.8473
vn -0.2444 -0.0079 0.9697
vn -0.1025 0.2208 0.9699
vn 0.0952 0.5075 0.8564
vn 0.4675 0.2219 0.8557
vn 0.4532 -0.0398 0.8905
vn -0.0159 -0.0317 0.9994
vn 0.0159 0.3727 0.9278
vn -0.4096 0.2600 0.8744
vn 0.5872 0.4920 0.6428
vn 0.0237 0.6322 0.7744
vn -0.5190 0.5426 0.6605
vn -0.0475 0.5301 0.8466
vn 0.1029 0.2691 0.9576
vn 0.5492 0.2547 0.7959
vn 0.1748 0.4211 0.8900
vn 0.0238 0.4597 0.8877
vn 0.3238 0.2369 0.9160
vn 0.2295 0.0079 0.9733
vn 0.2463 -0.0159 0.9691
vn 0.2537 -0.0079 0.9673
vn 0.5871 -0.0238 0.8092
vn 0.5546 -0.0158 0.8320
vn 0.8416 0.0160 0.5399
vn 0.6420 -0.6498 -0.4071
vn 0.5071 -0.7646 -0.3977
vn 0.2887 -0.9051 -0.3121
vn 0.8857 0.4271 -0.1819
vn 0.9232 0.3422 0.1751
vn -0.7079 0.4590 -0.5368
vn -0.3509 0.5926 -0.7251
vn -0.3519 0.4770 -0.8054
vn 0.4573 0.5361 -0.7096
vn 0.4476 0.4555 -0.7695
vn -0.0156 0.6112 -0.7914
vn -0.0394 0.8671 -0.4966
vn 0.4256 0.7566 -0.4964
vn -0.3054 0.8144 -0.4934
vn -0.7037 0.6490 -0.2893
vn 0.5388 0.8082 -0.2377
vn -0.0790 0.9643 -0.2529
vn -0.2204 0.9444 -0.2440
vn -0.5944 0.7977 -0.1016
vn -0.6829 0.6437 0.3454
vn -0.7618 0.5576 0.3299
vn -0.6069 0.4019 0.6857
vn -0.8032 0.4173 0.4252
vn -0.6834 -0.0000 -0.7300
vn -0.3117 0.1169 -0.9430
vn -0.4651 -0.5735 -0.6744
vn -0.3568 -0.5429 -0.7602
vn -0.1712 -0.4743 -0.8635
vn 0.3988 0.1798 -0.8992
vn 0.0079 0.4995 -0.8663
vn 0.0390 0.0468 -0.9981
vn 0.0309 -0.5897 -0.8070
vn 0.2727 -0.3506 -0.8960
vn -0.9823 0.1871 0.0078
vn -0.9301 0.3361 0.1485
vn -0.9582 0.2493 -0.1401
vn -0.9304 0.3597 0.0704
vn -0.9085 0.4072 -0.0940
vn -0.6213 0.4562 0.6371
vn -0.7866 0.4405 0.4326
vn -0.7633 0.5351 0.3620
vn -0.7539 0.5812 0.3063
vn -0.7616 0.6124 0.2120
vn -0.8232 0.5409 0.1725
vn -0.5313 0.8205 -0.2110
vn -0.5654 0.8245 0.0236
vn -0.5751 0.7878 0.2206
vn -0.5908 0.7168 0.3702
vn -0.6076 0.5997 0.5208
vn -0.8510 0.5153 0.1015
vn -0.7327 0.6382 0.2364
vn -0.8988 0.0860 0.4298
vn -0.6886 0.3521 0.6339
vn -0.8880 -0.0156 0.4596
vn -0.3807 0.5472 0.7454
vn -0.5262 0.7933 0.3063
vn -0.9116 -0.0701 0.4052
vn -0.3877 0.5222 0.7596
vn 0.0557 0.3885 0.9198
vn -0.0318 0.1669 0.9855
vn 0.1189 0.6572 0.7443
vn 0.0958 0.5740 0.8132
vn 0.6287 0.2388 0.7401
vn 0.4203 0.1428 0.8961
vn -0.0317 0.5543 0.8317
vn 0.2143 0.1270 0.9685
vn -0.4327 0.1495 0.8891
vn 0.0159 -0.0475 0.9987
vn -0.4407 -0.0315 0.8971
vn 0.0158 0.0712 0.9973
vn 0.5863 -0.0555 0.8082
vn 0.2778 -0.0238 0.9603
vn 0.2702 0.0477 0.9616
vn -0.4332 0.0788 0.8979
vn 0.2611 0.1741 0.9495
vn -0.4485 0.1495 0.8812
vn 0.2053 0.2448 0.9476
vn -0.4659 0.2053 0.8607
vn 0.5873 0.1587 0.7937
vn 0.5871 0.0238 0.8092
vn 0.0079 0.1270 0.9919
vn -0.0079 0.2219 0.9750
vn 0.0079 0.2685 0.9633
vn -0.4658 0.2369 0.8526
vn 0.1108 -0.2928 0.9497
vn -0.3842 -0.3293 0.8625
vn -0.0392 -0.6194 0.7841
vn 0.1908 0.2623 0.9459
vn 0.1108 -0.3800 0.9183
vn 0.3332 -0.3570 0.8727
vn 0.5182 0.2392 0.8211
vn 0.5457 0.2531 0.7988
vn 0.0549 -0.6190 0.7835
vn 0.1575 -0.6536 0.7402
vn 0.5141 -0.4666 0.7197
vn 0.7773 0.1507 0.6108
vn 0.8006 0.1823 0.5707
vn 0.8306 0.1107 0.5458
vn 0.9946 -0.1026 0.0158
vn 0.9942 -0.1026 0.0316
vn 0.7557 -0.6376 0.1496
vn 0.3297 -0.6832 0.6516
vn 0.2111 -0.9772 -0.0234
vn 0.9111 -0.3535 -0.2121
vn 0.9812 -0.1582 -0.1108
vn 0.9793 -0.1264 -0.1580
vn 0.8790 -0.1649 -0.4474
vn 0.9831 -0.1652 -0.0787
vn 0.7490 -0.4838 -0.4526
vn 0.9239 -0.3553 -0.1421
vn 0.9429 0.0159 0.3328
vn 0.8360 -0.1735 -0.5205
vn 0.8986 0.1340 -0.4178
vn 0.5644 -0.7133 -0.4155
vn 0.8131 0.0159 0.5819
vn 0.9141 0.0080 0.4054
vn 0.9062 0.1891 -0.3782
vn 0.9999 -0.0000 0.0159
vn 0.8552 -0.5178 0.0235
vn 0.8280 -0.4968 0.2602
vn 0.7754 -0.5483 -0.3133
vn 0.8902 0.0477 0.4531
vn 0.7990 -0.0079 0.6012
vn 0.6746 0.3333 0.6587
vn 0.9354 0.2378 -0.2616
vn 0.8466 -0.3763 -0.3763
vn 0.9872 -0.0237 -0.1579
vn 0.7227 -0.3614 -0.5892
vn 0.8263 -0.1589 0.5403
vn 0.8009 -0.1189 0.5868
vn 0.9969 0.0633 0.0475
vn 0.9854 0.1351 0.1033
vn 0.8449 0.5291 -0.0789
vn 0.7914 -0.0475 0.6094
vn 0.7801 0.5015 0.3741
vn 0.3744 0.9001 0.2230
vn 0.6981 0.1586 0.6982
vn 0.1830 0.3977 0.8991
vn 0.1190 0.6820 0.7216
vn 0.2151 0.7330 0.6453
vn 0.8553 0.4039 0.3247
vn 0.9961 0.0869 0.0158
vn 0.9966 0.0237 -0.0791
vn 0.8922 -0.0395 -0.4500
vn 0.1715 -0.2572 -0.9510
vn 0.2184 -0.0390 -0.9751
vn 0.9223 0.0158 -0.3862
vn 0.3115 0.0156 -0.9501
vn 0.5654 -0.0236 -0.8245
vn 0.5868 0.0782 -0.8059
vn 0.7063 -0.4159 -0.5729
vn 0.8664 0.0551 -0.4962
vn 0.3585 -0.3507 -0.8651
vn 0.4771 -0.0704 -0.8760
vn 0.7917 -0.0941 -0.6036
vn 0.7816 0.3868 -0.4894
vn 0.2898 0.1332 -0.9478
vn 0.1782 -0.4493 -0.8754
vn 0.3058 0.0784 -0.9489
vn -0.3862 -0.4094 -0.8266
vn -0.4294 0.5153 -0.7417
vn 0.3152 0.5516 -0.7723
vn -0.2502 0.5005 -0.8288
vn 0.0078 0.2644 -0.9644
vn -0.0856 -0.3269 -0.9412
vn -0.3642 0.0542 -0.9297
vn 0.3764 0.6352 -0.6744
vn -0.3132 0.6187 -0.7205
vn 0.1264 0.9721 0.1976
vn 0.1426 0.9429 0.3011
vn -0.3535 0.9270 0.1255
vn -0.0633 0.9972 -0.0396
vn -0.1172 0.2976 -0.9475
vn -0.0467 0.0546 -0.9974
vn 0.8026 0.5115 -0.3069
vn 0.3248 0.8793 0.3485
vn 0.6060 0.3620 -0.7083
vn 0.3484 0.9107 0.2217
vn 0.5029 0.6601 -0.5580
vn 0.2141 0.8247 0.5234
vn 0.8486 0.5155 0.1190
vn 0.3969 0.1167 -0.9104
vn 0.9527 0.0866 -0.2913
vn 0.3766 0.4080 -0.8317
vn -0.0546 0.1793 -0.9823
vn 0.0389 -0.1945 -0.9801
vn 0.4121 -0.4199 -0.8086
vn -0.4757 0.1560 -0.8657
vn -0.5842 0.3661 -0.7244
vn -0.4873 -0.4950 -0.7193
vn -0.5111 -0.2788 -0.8131
vn 0.0701 -0.0000 -0.9975
vn 0.0778 -0.0467 -0.9959
vn -0.5298 0.1558 -0.8337
vn -0.7096 -0.5245 -0.4705
vn -0.0000 0.1946 -0.9809
vn 0.1010 -0.0233 -0.9946
vn -0.0078 -0.0546 -0.9985
vn -0.0543 -0.2018 -0.9779
vn -0.0311 -0.1479 -0.9885
vn 0.3607 0.2666 -0.8938
vn 0.1557 -0.1712 -0.9729
vn -0.0621 -0.2017 -0.9775
vn 0.4458 -0.3909 -0.8053
vn 0.7707 -0.0157 -0.6370
vn 0.7817 -0.0000 -0.6237
vn 0.8094 -0.1572 -0.5658
vn 0.1243 -0.6367 -0.7610
vn 0.6254 -0.5784 -0.5237
vn 0.3259 -0.7683 -0.5510
vn 0.4437 -0.1246 -0.8875
vn 0.4690 0.0078 -0.8832
vn 0.7070 -0.0157 -0.7070
vn 0.4682 -0.4291 -0.7724
vn 0.4276 -0.4196 -0.8007
vn 0.3835 0.0079 -0.9235
vn 0.1560 -0.4134 -0.8971
vn 0.0858 -0.1092 -0.9903
vn 0.1250 -0.0000 -0.9922
vn 0.8531 0.0237 -0.5213
vn 0.8497 0.0079 -0.5272
vn 0.8609 -0.2211 0.4581
vn 0.9899 0.1267 0.0634
vn 0.9867 0.1421 0.0789
vn 0.8089 0.1031 0.5789
vn 0.9859 0.0079 0.1670
vn 0.9925 -0.1181 0.0315
vn 0.8280 0.0315 -0.5599
vn 0.9715 0.1896 0.1422
vn 0.6930 0.5098 0.5098
vn 0.9798 0.1897 0.0632
vn 0.9034 0.1021 -0.4164
vn 0.8582 0.2756 -0.4331
vn 0.8046 0.4575 -0.3786
vn 0.9807 0.1898 -0.0474
vn 0.9394 -0.0474 -0.3395
vn 0.9486 0.3083 0.0711
vn 0.9107 0.4118 0.0317
vn 0.8259 -0.4876 -0.2831
vn 0.9672 -0.0944 -0.2359
vn 0.9560 0.2924 0.0237
vn 0.9502 -0.2042 -0.2356
vn 0.9605 -0.2755 -0.0394
vn 0.5411 -0.7921 -0.2823
vn 0.2800 -0.8633 -0.4200
vn 0.1015 -0.8818 -0.4606
vn 0.3583 -0.8255 -0.4361
vn 0.5864 -0.6960 -0.4144
vn 0.9818 0.0079 -0.1900
vn 0.8772 0.4031 -0.2608
vn 0.9674 0.2379 -0.0872
vn 0.6440 -0.0707 -0.7618
vn 0.8571 0.1101 -0.5032
vn 0.9033 0.1728 -0.3927
vn 0.9434 0.1965 -0.2673
vn 0.9643 -0.0791 0.2529
vn 0.9715 -0.2054 0.1185
vn 0.9570 0.0870 -0.2768
vn 0.9822 -0.0871 -0.1663
vn 0.6248 -0.7342 -0.2657
vn 0.6273 -0.7686 -0.1255
vn 0.9261 0.0633 -0.3720
vn 0.6114 -0.4390 -0.6584
vn 0.5691 -0.7016 -0.4288
vn 0.7491 -0.4838 -0.4526
vn 0.8791 -0.1648 -0.4473
vn 0.9793 -0.1263 -0.1579
vn 0.9882 0.0316 0.1502
vn 0.9911 -0.1268 0.0396
vn 0.9812 -0.1582 -0.1107
vn 0.9827 -0.1268 0.1347
vn 0.9111 -0.3534 -0.2120
vn 0.5886 -0.8084 -0.0000
vn 0.6740 -0.7367 -0.0549
vn 0.2111 -0.9772 -0.0235
vn -0.9722 -0.2178 -0.0855
vn -0.7680 -0.6128 -0.1862
vn -0.9075 -0.4189 -0.0310
vn -0.9440 -0.2553 -0.2089
vn -0.9593 0.2808 -0.0312
vn -0.9700 0.2034 0.1330
vn -0.9626 -0.1242 -0.2407
vn -0.6898 -0.4883 -0.5345
vn -0.6734 -0.5031 -0.5418
vn -0.7372 -0.5586 -0.3802
vn -0.7348 -0.4718 -0.4873
vn -0.9118 -0.1159 -0.3940
vn -0.7602 -0.5429 -0.3568
vn -0.9664 -0.1778 -0.1855
vn -0.9477 -0.3029 0.1010
vn -0.6752 -0.7296 -0.1087
vn -0.3415 -0.9391 0.0388
vn -0.9702 -0.1863 -0.1552
vn -0.9998 -0.0078 -0.0156
vn -0.9166 -0.1942 -0.3495
vn -0.8787 0.2877 -0.3810
vn -0.8208 -0.3096 -0.4800
vn -0.7868 -0.0468 -0.6154
vn -0.9523 -0.1239 -0.2787
vn -0.9713 0.0705 0.2272
vn -0.9592 -0.1170 0.2574
vn -0.9630 -0.0544 -0.2640
vn -0.9260 0.0545 -0.3735
vn -0.9753 0.1482 -0.1638
vn -0.7753 0.6030 -0.1879
vn -0.9031 0.3114 -0.2958
vn -0.9476 0.2408 -0.2097
vn -0.9031 -0.3971 -0.1635
vn -0.9264 -0.3737 0.0467
vn -0.9794 -0.0777 -0.1865
vn -0.9533 -0.2635 0.1473
vn -0.9442 0.2809 -0.1717
vn -0.9834 -0.1639 0.0781
vn -0.9311 -0.3647 0.0078
vn -0.9617 0.1319 -0.2404
vn -0.9442 -0.1316 -0.3018
vn -0.9751 -0.2167 -0.0464
vn -0.8328 -0.0311 -0.5526
vn -0.7765 -0.2407 -0.5824
vn -0.8289 -0.4493 -0.3331
vn -0.7715 -0.4012 -0.4938
vn -0.9992 -0.0000 -0.0390
vn -0.9523 0.0234 0.3044
vn -0.9625 -0.0621 -0.2639
vn -0.8857 0.4546 0.0941
vn -0.9967 0.0779 -0.0234
vn -0.9720 0.1322 -0.1944
vn -0.9699 0.1241 -0.2095
vn -0.9307 0.0310 -0.3645
vn -0.9525 -0.0387 -0.3020
vn -0.9404 -0.0622 -0.3342
vn -0.5339 -0.6425 -0.5496
vn -0.5045 -0.7063 -0.4967
vn -0.6199 -0.6432 -0.4495
vn -0.6381 -0.7007 -0.3191
vn -0.7374 0.0155 -0.6753
vn -0.6290 -0.0388 -0.7765
vn -0.3416 -0.0233 -0.9395
vn -0.1471 -0.3793 -0.9135
vn -0.0854 -0.9002 -0.4269
vn -0.7399 -0.4518 -0.4984
vn -0.8947 -0.0544 -0.4434
vn -0.9007 -0.1786 -0.3960
vn -0.3029 0.1010 -0.9476
vn -0.6905 -0.5663 -0.4500
vn -0.4105 -0.3253 -0.8519
vn -0.1937 -0.2634 -0.9450
vn -0.8316 -0.0621 -0.5518
vn 0.1164 -0.0233 -0.9929
vn 0.0156 -0.1403 -0.9900
vn -0.7748 -0.2092 -0.5966
vn -0.8774 -0.2330 -0.4193
vn -0.7285 -0.4958 -0.4727
vn -0.6872 -0.4940 -0.5327
vn -0.1009 -0.3493 -0.9316
vn -0.4803 -0.2634 -0.8366
vn -0.4034 -0.2867 -0.8689
vn -0.5223 0.2105 -0.8264
vn -0.4795 -0.5724 -0.6652
vn 0.4061 -0.5545 -0.7264
vn -0.1470 -0.3405 -0.9287
vn -0.2550 -0.3631 -0.8962
vn -0.4864 -0.4864 -0.7258
vn 0.6744 -0.3764 -0.6352
vn 0.5221 -0.2883 -0.8027
vn 0.3742 -0.4208 -0.8264
vn -0.0468 -0.2806 -0.9587
vn -0.0467 -0.2877 -0.9566
vn -0.3328 -0.3714 -0.8668
vn -0.3844 0.6981 -0.6040
vn 0.2206 0.6697 -0.7091
vn 0.2878 0.0467 -0.9566
vn -0.3806 0.0233 -0.9244
vn -0.8959 -0.0078 -0.4441
vn -0.2321 -0.4565 -0.8589
vn -0.7251 -0.4551 -0.5168
vn 0.4052 -0.4519 -0.7947
vn -0.0856 -0.3267 -0.9412
vn -0.0468 0.0545 -0.9974
vn -0.1175 0.2974 -0.9475
vn 0.2688 0.9488 0.1660
vn -0.6037 -0.0000 -0.7972
vn -0.1111 0.9444 0.3095
vn -0.7499 0.6093 -0.2578
vn -0.4331 0.8740 0.2204
vn -0.3830 0.6253 -0.6800
vn -0.3577 0.0389 -0.9330
vn -0.8537 0.5169 0.0626
vn -0.1739 0.8451 0.5055
vn -0.2292 0.7662 0.6004
vn -0.8533 0.3914 0.3445
vn -0.1111 0.6189 0.7776
vn -0.6225 0.2285 0.7485
vn -0.6593 0.6043 0.4474
vn -0.1346 0.7046 0.6967
vn -0.3796 0.8777 0.2926
vn -0.8592 0.5078 0.0625
vn -0.9619 0.0310 -0.2715
vn -0.9981 0.0390 0.0468
vn -0.7739 -0.0156 0.6332
vn -0.9569 0.1011 0.2723
vn -0.9764 0.1640 -0.1406
vn -0.6373 0.3541 0.6845
vn -0.9659 0.0311 0.2570
vn -0.7731 -0.0468 0.6326
vn -0.9998 0.0156 -0.0156
vn -0.9475 -0.0310 -0.3184
vn -0.3415 -0.0388 -0.9391
vn -0.9885 -0.0856 -0.1245
vn -0.8457 -0.1331 0.5168
vn -0.9917 -0.0312 0.1249
vn -0.9732 0.1090 -0.2024
vn -0.9531 0.0697 -0.2945
vn -0.8953 0.0389 0.4438
vn -0.9087 -0.1320 -0.3961
vn -0.7368 -0.4032 -0.5428
vn -0.8077 -0.4504 -0.3805
vn -0.8011 -0.5444 0.2489
vn -0.8765 -0.4809 -0.0233
vn -0.7666 0.0313 0.6414
vn -0.9300 0.0156 0.3673
vn -0.8470 -0.2409 -0.4740
vn -0.7371 -0.5587 -0.3802
vn -0.7347 -0.4719 -0.4873
vn -0.7602 -0.5430 -0.3568
vn -0.6904 -0.5664 -0.4500
vn -0.8136 0.0548 0.5789
vn -0.9671 -0.2398 -0.0851
vn -0.9843 -0.1705 -0.0465
vn -0.9061 -0.3485 -0.2401
vn -0.6733 -0.5031 -0.5418
vn -0.8207 -0.3097 -0.4801
vn -0.9165 -0.1942 -0.3497
vn -0.7971 0.1094 0.5939
vn -0.9956 -0.0933 -0.0000
vn -0.8094 0.1257 0.5736
vn -0.5407 -0.4702 0.6975
vn -0.8227 -0.5510 0.1397
vn -0.2436 -0.7386 0.6286
vn -0.3416 -0.9390 0.0388
vn -0.9701 -0.1863 -0.1554
vn -0.2119 -0.6671 0.7142
vn -0.4016 -0.3937 0.8269
vn -0.0942 -0.6123 0.7850
vn -0.6124 0.2120 0.7616
vn -0.6116 0.1882 0.7684
vn -0.6205 0.1021 0.7776
vn -0.3789 0.1342 0.9157
vn -0.5973 0.0236 0.8017
vn -0.5744 -0.0236 0.8183
vn -0.7525 0.0078 0.6585
vn -0.8713 0.0628 0.4867
vn -0.5197 0.2914 0.8031
vn -0.3319 0.2529 0.9088
vn -0.1654 0.2206 0.9612
vn -0.3232 -0.0315 0.9458
vn 0.3495 0.1191 0.9293
vn 0.4270 -0.0712 0.9014
vn -0.3397 0.0237 0.9402
vn 0.3956 0.0316 0.9179
vn -0.1033 0.6750 0.7306
vn -0.0000 0.6362 0.7715
vn 0.0874 0.6116 0.7863
vn 0.4125 0.4998 0.7616
vn 0.0555 0.3885 0.9198
vn 0.0159 -0.0476 0.9987
vn 0.3725 0.1268 0.9193
vn 0.3893 0.2066 0.8976
vn 0.3880 0.2772 0.8790
vn -0.2042 -0.3377 0.9188
vn 0.3308 -0.2363 0.9136
vn -0.3461 0.2754 0.8969
vn -0.3547 0.2286 0.9066
vn 0.0717 0.8046 0.5895
vn 0.0874 0.7467 0.6594
vn 0.1746 0.7459 0.6428
vn 0.1353 0.6926 0.7085
vn 0.1189 0.6820 0.7216
vn 0.1830 0.3978 0.8990
vn -0.1110 0.6578 0.7450
vn -0.0317 0.5545 0.8316
vn 0.0956 0.5741 0.8132
vn -0.0873 0.6509 0.7541
vn 0.1187 0.6572 0.7443
vn 0.0317 0.6660 0.7453
vn 0.0874 0.6594 0.7467
vn -0.0000 0.7457 0.6663
vn 0.0080 0.6362 0.7714
vn 0.1270 0.6350 0.7620
vn 0.0079 0.6012 0.7990
vn -0.0553 0.6003 0.7978
vn 0.0318 0.6273 0.7781
vn 0.0632 0.6001 0.7975
vn -0.0079 0.6276 0.7785
vn 0.0872 0.6424 0.7614
vn 0.0002 0.6364 0.7714
vn 0.0555 0.3886 0.9197
vn -0.3877 0.5223 0.7595
vn -0.0236 0.6787 0.7340
vn -0.0791 0.6725 0.7358
vn -0.1032 0.6750 0.7306
vn -0.2291 0.7662 0.6004
vn -0.0954 0.7789 0.6199
vn -0.0793 0.8331 0.5475
vn -0.1110 0.6189 0.7776
vn -0.1267 0.7286 0.6731
vn -0.1422 0.8773 0.4584
vn -0.0950 0.8706 0.4828
vn -0.1662 0.8313 0.5304
vn -0.1738 0.7743 0.6084
vn -0.1032 0.8974 0.4289
vn 0.1740 0.8145 0.5535
vn 0.1111 0.8725 0.4759
vn 0.0633 0.9019 0.4272
vn 0.0159 0.8990 0.4376
vn -0.0552 0.8993 0.4339
vn -0.0950 0.8872 0.4515
vn -0.0317 0.9275 0.3726
vn -0.0634 0.8640 0.4994
vn 0.0317 0.8471 0.5304
vn 0.0159 0.8657 0.5004
vn -0.0633 0.9261 0.3720
vn -0.0789 0.9787 0.1894
vn -0.3534 0.9270 0.1257
vn 0.3248 0.8792 0.3485
vn 0.3485 0.9107 0.2216
vn 0.2689 0.9488 0.1660
vn -0.4330 0.8740 0.2204
vn -0.1737 0.8451 0.5055
vn -0.6085 0.3979 -0.6866
vn 0.4147 0.4225 -0.8059
vn 0.4772 -0.4929 -0.7276
vn 0.1403 -0.4208 -0.8962
vn -0.0155 -0.7374 -0.6753
vn -0.4869 -0.5179 -0.7034
vn 0.0233 -0.9476 -0.3185
vn -0.0078 -0.8449 -0.5349
vn 0.1403 0.0156 -0.9900
vn 0.1481 -0.3820 -0.9122
vn -0.7511 -0.5110 -0.4181
vn -0.8168 -0.0389 -0.5756
vn -0.0077 -0.1316 -0.9913
vn -0.3731 -0.1399 -0.9172
vn 0.2255 -0.1399 -0.9641
vn -0.4021 -0.2474 -0.8815
vn 0.1783 -0.2713 -0.9458
vn 0.3742 -0.4210 -0.8263
vn 0.4456 -0.3910 -0.8053
vn -0.0544 -0.2329 -0.9710
vn 0.4275 -0.4198 -0.8006
vn 0.4680 -0.4292 -0.7725
vn -0.0467 -0.3345 -0.9412
vn 0.6736 -0.3368 -0.6579
vn -0.6871 -0.4941 -0.5327
vn -0.7809 -0.3711 -0.5025
vn -0.3792 -0.6347 -0.6733
vn -0.7284 -0.4960 -0.4727
vn -0.4104 -0.3253 -0.8519
vn -0.1940 -0.3724 -0.9076
vn -0.6489 -0.1699 -0.7416
vn -0.3581 -0.1167 -0.9264
vn -0.6818 -0.0697 -0.7282
vn -0.8746 -0.1393 -0.4644
vn -0.9311 -0.1408 0.3365
vn -0.8485 0.2335 -0.4749
vn -0.3174 -0.1471 -0.9368
vn -0.2704 -0.3091 -0.9118
vn 0.3354 -0.2340 -0.9126
vn -0.3328 -0.3716 -0.8667
vn -0.0466 -0.2878 -0.9566
vn -0.3963 -0.0466 -0.9169
vn -0.3916 0.4700 -0.7910
vn 0.3047 -0.1172 -0.9452
vn -0.0544 -0.2330 -0.9709
vn 0.2575 0.3589 -0.8972
vn 0.1876 0.4610 -0.8673
vn -0.0080 -0.1317 -0.9913
vn 0.0075 0.2644 -0.9644
vn -0.0393 0.8671 -0.4966
vn 0.9378 0.0954 0.3338
vn 0.8997 0.0947 -0.4262
vn 0.9002 0.2788 0.3346
vn 0.8458 0.4389 0.3032
vn 0.7641 0.6208 0.1751
vn 0.9690 0.1260 -0.2127
vn 0.9859 0.1656 -0.0237
vn 0.9884 0.1502 0.0237
vn 0.8013 -0.5970 0.0393
vn 0.7662 0.6004 -0.2291
vn 0.7527 0.6576 -0.0317
vn 0.7754 -0.5482 -0.3133
vn 0.6939 -0.3976 -0.6003
vn 0.6939 -0.3977 -0.6003
vn 0.3140 -0.8007 0.5102
vn 0.1962 -0.7533 0.6277
vn 0.0156 -0.9889 -0.1480
vn 0.0627 -0.7763 0.6273
vn 0.0314 -0.7146 0.6989
vn -0.1098 -0.7372 0.6667
vn -0.2031 -0.8123 0.5467
vn -0.2419 -0.8272 0.5072
vn 0.6275 -0.7685 -0.1254
vn 0.5887 -0.8083 -0.0000
vn 0.6740 -0.7367 -0.0548
vn 0.3298 -0.6831 0.6517
vn -0.6753 -0.7295 -0.1087
vn -0.6383 -0.7005 -0.3192
vn -0.6200 -0.6430 -0.4495
vn -0.5341 -0.6424 -0.5496
vn -0.5045 -0.7062 -0.4967
vn -0.0853 -0.9003 -0.4268
vn -0.0077 -0.8450 -0.5347
vn 0.1014 -0.8819 -0.4604
vn 0.3582 -0.8255 -0.4361
vn 0.5866 -0.6959 -0.4143
vn 0.6249 -0.7342 -0.2656
vt 0.312500 0.356445
vt 0.310303 0.358398
vt 0.312256 0.359375
vt 0.437744 0.655762
vt 0.424316 0.656494
vt 0.416504 0.641113
vt 0.431885 0.643066
vt 0.412109 0.625732
vt 0.450928 0.575928
vt 0.432617 0.593750
vt 0.418213 0.584473
vt 0.410889 0.607910
vt 0.426025 0.614746
vt 0.427734 0.629639
vt 0.511719 0.649170
vt 0.446533 0.667480
vt 0.475342 0.562256
vt 0.498047 0.560791
vt 0.517578 0.568359
vt 0.456543 0.679199
vt 0.469238 0.691162
vt 0.433105 0.669678
vt 0.445312 0.684082
vt 0.459961 0.697998
vt 0.485352 0.704102
vt 0.505859 0.717773
vt 0.527344 0.729492
vt 0.504395 0.730225
vt 0.553711 0.733887
vt 0.478760 0.713135
vt 0.555664 0.602783
vt 0.565430 0.620117
vt 0.570801 0.632080
vt 0.581543 0.659424
vt 0.590332 0.689209
vt 0.529297 0.744141
vt 0.560547 0.749512
vt 0.573242 0.727295
vt 0.585449 0.714600
vt 0.598145 0.726074
vt 0.603516 0.696533
vt 0.593262 0.661377
vt 0.583984 0.636719
vt 0.581543 0.743652
vt 0.583008 0.740723
vt 0.586426 0.740479
vt 0.574707 0.616943
vt 0.564941 0.597412
vt 0.547852 0.592041
vt 0.532715 0.577637
vt 0.536133 0.564941
vt 0.551758 0.580322
vt 0.518066 0.554688
vt 0.495605 0.545410
vt 0.468506 0.547119
vt 0.440430 0.561035
vt 0.440918 0.564941
vt 0.437012 0.563477
vt 0.450195 0.432129
vt 0.471191 0.439941
vt 0.473389 0.463379
vt 0.474854 0.486816
vt 0.494873 0.491699
vt 0.493896 0.511719
vt 0.494385 0.469238
vt 0.492920 0.445801
vt 0.470703 0.433105
vt 0.449707 0.425781
vt 0.429688 0.416504
vt 0.430176 0.424805
vt 0.492676 0.437988
vt 0.514648 0.451172
vt 0.514648 0.440918
vt 0.541992 0.444336
vt 0.432617 0.451660
vt 0.409424 0.413086
vt 0.410645 0.443848
vt 0.386719 0.432617
vt 0.391113 0.467773
vt 0.361084 0.419434
vt 0.355225 0.375000
vt 0.327881 0.358887
vt 0.385254 0.397949
vt 0.452881 0.457520
vt 0.455566 0.482910
vt 0.436035 0.479492
vt 0.414795 0.476074
vt 0.420654 0.511719
vt 0.441406 0.506836
vt 0.458984 0.505615
vt 0.476074 0.507080
vt 0.426025 0.541748
vt 0.412109 0.536133
vt 0.437012 0.535400
vt 0.449707 0.529053
vt 0.462891 0.525146
vt 0.477295 0.523682
vt 0.407959 0.543701
vt 0.424316 0.551758
vt 0.438232 0.545410
vt 0.450439 0.539795
vt 0.463379 0.535645
vt 0.477539 0.533936
vt 0.492676 0.526367
vt 0.490234 0.535889
vt 0.503906 0.542236
vt 0.513672 0.519775
vt 0.517090 0.499023
vt 0.517090 0.475586
vt 0.542480 0.456055
vt 0.573730 0.460449
vt 0.573730 0.487793
vt 0.609375 0.462402
vt 0.542969 0.481934
vt 0.573242 0.445801
vt 0.607910 0.446777
vt 0.610840 0.443848
vt 0.612793 0.460449
vt 0.612305 0.489258
vt 0.608398 0.490234
vt 0.604492 0.517578
vt 0.573242 0.514893
vt 0.504883 0.531494
vt 0.519043 0.539307
vt 0.540527 0.536377
vt 0.542969 0.508057
vt 0.572266 0.537842
vt 0.600098 0.540039
vt 0.568848 0.551025
vt 0.540527 0.549316
vt 0.519043 0.550049
vt 0.596680 0.553467
vt 0.608887 0.517578
vt 0.603516 0.541260
vt 0.600098 0.555664
vt 0.178101 0.600098
vt 0.184814 0.615234
vt 0.134644 0.636475
vt 0.169312 0.592041
vt 0.147217 0.683838
vt 0.128418 0.686279
vt 0.162598 0.679199
vt 0.171509 0.674805
vt 0.175903 0.669189
vt 0.182495 0.662109
vt 0.142456 0.709717
vt 0.129517 0.707275
vt 0.154785 0.713379
vt 0.169678 0.718262
vt 0.182251 0.705322
vt 0.191528 0.689697
vt 0.196411 0.671875
vt 0.185425 0.645752
vt 0.187988 0.629395
vt 0.201416 0.626465
vt 0.198486 0.608887
vt 0.188110 0.582764
vt 0.175415 0.566406
vt 0.198486 0.629883
vt 0.201660 0.632568
vt 0.200195 0.647949
vt 0.160278 0.587891
vt 0.149414 0.586426
vt 0.141357 0.585693
vt 0.142212 0.557373
vt 0.130371 0.559570
vt 0.131958 0.585205
vt 0.125732 0.584961
vt 0.117004 0.585938
vt 0.117188 0.561768
vt 0.103210 0.563232
vt 0.077454 0.618164
vt 0.082092 0.602539
vt 0.092651 0.595459
vt 0.100159 0.591797
vt 0.102966 0.590088
vt 0.109070 0.587158
vt 0.091797 0.565674
vt 0.083435 0.566895
vt 0.071960 0.568359
vt 0.058624 0.570068
vt 0.040436 0.584473
vt 0.031891 0.609375
vt 0.078491 0.638184
vt 0.082520 0.661865
vt 0.088989 0.676758
vt 0.101868 0.681396
vt 0.115662 0.685547
vt 0.052887 0.695557
vt 0.071106 0.705078
vt 0.088013 0.704590
vt 0.102905 0.706055
vt 0.115479 0.706299
vt 0.038940 0.671631
vt 0.031891 0.642822
vt 0.035217 0.638428
vt 0.030838 0.634521
vt 0.106750 0.504395
vt 0.103394 0.480469
vt 0.120605 0.475586
vt 0.101929 0.455566
vt 0.083862 0.486816
vt 0.117554 0.452148
vt 0.133545 0.449219
vt 0.137207 0.471191
vt 0.154053 0.466797
vt 0.156494 0.489258
vt 0.173584 0.486328
vt 0.157593 0.510254
vt 0.173096 0.509277
vt 0.172363 0.462402
vt 0.189697 0.509766
vt 0.192261 0.483398
vt 0.192017 0.456543
vt 0.170288 0.438477
vt 0.150391 0.444824
vt 0.190186 0.430664
vt 0.210571 0.419922
vt 0.190186 0.421387
vt 0.171997 0.428223
vt 0.153931 0.433105
vt 0.138428 0.436035
vt 0.120789 0.439941
vt 0.211304 0.411621
vt 0.237427 0.402832
vt 0.237183 0.395996
vt 0.262939 0.383301
vt 0.259766 0.378418
vt 0.286621 0.360352
vt 0.258789 0.424316
vt 0.289307 0.362793
vt 0.308105 0.356934
vt 0.309814 0.355469
vt 0.312256 0.407715
vt 0.315918 0.407715
vt 0.313721 0.448730
vt 0.318848 0.448730
vt 0.308838 0.407715
vt 0.287109 0.411133
vt 0.257568 0.461426
vt 0.236450 0.436035
vt 0.235596 0.470703
vt 0.321289 0.482910
vt 0.308594 0.449219
vt 0.285645 0.452148
vt 0.257568 0.494629
vt 0.234375 0.504150
vt 0.233276 0.536377
vt 0.258057 0.523682
vt 0.257812 0.534180
vt 0.237427 0.544678
vt 0.285645 0.485840
vt 0.288330 0.511475
vt 0.287109 0.523682
vt 0.308105 0.508789
vt 0.308594 0.483398
vt 0.314941 0.483398
vt 0.316162 0.509033
vt 0.323975 0.508057
vt 0.308594 0.519775
vt 0.317139 0.520752
vt 0.325195 0.518799
vt 0.345215 0.520996
vt 0.343994 0.509521
vt 0.393799 0.527832
vt 0.390381 0.536133
vt 0.371582 0.528809
vt 0.371582 0.517334
vt 0.342529 0.483398
vt 0.339111 0.450195
vt 0.334473 0.408691
vt 0.365967 0.458008
vt 0.368896 0.490723
vt 0.398193 0.502686
vt 0.410156 0.407227
vt 0.387695 0.393066
vt 0.357666 0.369629
vt 0.329102 0.355957
vt 0.309814 0.354980
vt 0.157471 0.551270
vt 0.166382 0.557617
vt 0.086060 0.512939
vt 0.060150 0.520508
vt 0.055511 0.494629
vt 0.032562 0.528076
vt 0.027283 0.500488
vt 0.028290 0.528320
vt 0.034790 0.552246
vt 0.038940 0.551025
vt 0.063477 0.545166
vt 0.092102 0.539795
vt 0.042511 0.563721
vt 0.038666 0.566650
vt 0.065796 0.559082
vt 0.091553 0.554688
vt 0.114380 0.557617
vt 0.115540 0.547607
vt 0.126099 0.550781
vt 0.123779 0.540527
vt 0.083374 0.459961
vt 0.053436 0.467285
vt 0.103333 0.442383
vt 0.082947 0.445801
vt 0.054810 0.451172
vt 0.024490 0.473145
vt 0.023056 0.500244
vt 0.020966 0.471191
vt 0.020386 0.454590
vt 0.023849 0.457031
vt 0.140381 0.493164
vt 0.143066 0.513184
vt 0.124329 0.498047
vt 0.128662 0.518066
vt 0.112610 0.525879
vt 0.137085 0.546143
vt 0.133179 0.533691
vt 0.144653 0.529297
vt 0.157349 0.528320
vt 0.171143 0.529541
vt 0.185547 0.531494
vt 0.197021 0.548340
vt 0.184937 0.543457
vt 0.171265 0.541504
vt 0.157227 0.541748
vt 0.145386 0.542969
vt 0.197998 0.537354
vt 0.211060 0.546875
vt 0.211182 0.514648
vt 0.221802 0.541992
vt 0.213135 0.479492
vt 0.223999 0.551270
vt 0.212524 0.556885
vt 0.213257 0.448242
vt 0.360840 0.339844
vt 0.354004 0.334961
vt 0.354004 0.324707
vt 0.459961 0.380371
vt 0.421875 0.357422
vt 0.434570 0.352051
vt 0.410156 0.336914
vt 0.384277 0.343750
vt 0.384521 0.325684
vt 0.361572 0.321777
vt 0.354004 0.307129
vt 0.361816 0.307617
vt 0.354248 0.290039
vt 0.412842 0.314453
vt 0.383057 0.308105
vt 0.381836 0.290527
vt 0.361572 0.289551
vt 0.380371 0.270020
vt 0.361572 0.269531
vt 0.378906 0.252930
vt 0.361816 0.252930
vt 0.412109 0.271973
vt 0.412598 0.294434
vt 0.354492 0.270020
vt 0.354980 0.253906
vt 0.355957 0.237793
vt 0.361816 0.236816
vt 0.357178 0.221680
vt 0.361328 0.223145
vt 0.358643 0.215820
vt 0.377686 0.236328
vt 0.375977 0.220215
vt 0.395996 0.214355
vt 0.402588 0.232910
vt 0.407715 0.251465
vt 0.373047 0.209473
vt 0.393555 0.203613
vt 0.418457 0.204590
vt 0.428467 0.227539
vt 0.437744 0.246582
vt 0.448730 0.272949
vt 0.467041 0.243164
vt 0.456787 0.219727
vt 0.445068 0.193848
vt 0.417236 0.193848
vt 0.446533 0.185547
vt 0.455078 0.198730
vt 0.466797 0.218262
vt 0.476562 0.235352
vt 0.490479 0.252930
vt 0.482178 0.268555
vt 0.498779 0.263672
vt 0.495361 0.278320
vt 0.482178 0.296387
vt 0.513672 0.286133
vt 0.510254 0.310059
vt 0.517090 0.267578
vt 0.446533 0.300293
vt 0.476562 0.320312
vt 0.507812 0.335449
vt 0.514648 0.310059
vt 0.517090 0.283691
vt 0.520996 0.288086
vt 0.534180 0.265137
vt 0.472656 0.345215
vt 0.443115 0.324219
vt 0.464355 0.372559
vt 0.505371 0.362305
vt 0.542480 0.292480
vt 0.545898 0.319824
vt 0.567383 0.296387
vt 0.520996 0.312012
vt 0.520020 0.338867
vt 0.513184 0.336426
vt 0.510254 0.363770
vt 0.503418 0.392578
vt 0.518066 0.365234
vt 0.507812 0.395508
vt 0.500977 0.399414
vt 0.517090 0.396484
vt 0.512695 0.403809
vt 0.506836 0.405762
vt 0.556152 0.421387
vt 0.558105 0.414551
vt 0.552246 0.378906
vt 0.549316 0.349121
vt 0.575684 0.327148
vt 0.593750 0.298340
vt 0.604980 0.332031
vt 0.583984 0.358398
vt 0.615234 0.365723
vt 0.621582 0.361328
vt 0.628418 0.393066
vt 0.632324 0.368164
vt 0.638672 0.395020
vt 0.628906 0.363281
vt 0.609863 0.327148
vt 0.619629 0.330566
vt 0.631348 0.359375
vt 0.666504 0.360352
vt 0.667969 0.367676
vt 0.676270 0.398926
vt 0.701660 0.361328
vt 0.701660 0.352539
vt 0.666016 0.355957
vt 0.697754 0.347656
vt 0.703125 0.347168
vt 0.707520 0.351074
vt 0.708496 0.361816
vt 0.710449 0.392090
vt 0.681152 0.432617
vt 0.714844 0.427246
vt 0.683594 0.439453
vt 0.653320 0.441406
vt 0.716797 0.432617
vt 0.723145 0.425293
vt 0.721680 0.419434
vt 0.716309 0.391113
vt 0.648926 0.431641
vt 0.644531 0.439941
vt 0.638184 0.432129
vt 0.635742 0.439453
vt 0.631348 0.432617
vt 0.596680 0.431641
vt 0.594238 0.426270
vt 0.622559 0.395508
vt 0.590332 0.390137
vt 0.318359 0.101074
vt 0.315430 0.104980
vt 0.314941 0.082520
vt 0.318115 0.085449
vt 0.344727 0.102539
vt 0.342285 0.099609
vt 0.340576 0.083496
vt 0.343750 0.080078
vt 0.348389 0.079102
vt 0.349854 0.104492
vt 0.345215 0.077148
vt 0.341309 0.048828
vt 0.314209 0.079590
vt 0.302490 0.082031
vt 0.304443 0.108398
vt 0.314209 0.108398
vt 0.314941 0.132812
vt 0.318848 0.127930
vt 0.301758 0.055176
vt 0.304443 0.153320
vt 0.280518 0.144043
vt 0.280273 0.109375
vt 0.279785 0.083008
vt 0.279297 0.052246
vt 0.301758 0.047363
vt 0.279785 0.044434
vt 0.274658 0.038574
vt 0.272705 0.062500
vt 0.273193 0.084961
vt 0.273682 0.115234
vt 0.271973 0.141113
vt 0.260254 0.135742
vt 0.267090 0.112305
vt 0.265869 0.045410
vt 0.267822 0.063477
vt 0.267822 0.085938
vt 0.251709 0.081543
vt 0.251465 0.063965
vt 0.228394 0.086914
vt 0.221191 0.082520
vt 0.224854 0.076660
vt 0.230469 0.072754
vt 0.237549 0.078613
vt 0.234985 0.095215
vt 0.250977 0.104980
vt 0.236084 0.062500
vt 0.229126 0.062012
vt 0.225952 0.068848
vt 0.221436 0.069824
vt 0.220825 0.075195
vt 0.217896 0.079590
vt 0.209106 0.070312
vt 0.219482 0.064453
vt 0.223511 0.061523
vt 0.219482 0.046387
vt 0.245483 0.036133
vt 0.223755 0.031738
vt 0.214355 0.054688
vt 0.215210 0.060547
vt 0.209961 0.059082
vt 0.250244 0.038086
vt 0.268311 0.039062
vt 0.271484 0.030762
vt 0.244507 0.024414
vt 0.225708 0.020508
vt 0.203979 0.028320
vt 0.201172 0.042969
vt 0.202637 0.055664
vt 0.180542 0.075684
vt 0.179688 0.061035
vt 0.194458 0.065430
vt 0.197510 0.059570
vt 0.200195 0.063477
vt 0.204590 0.060059
vt 0.184082 0.043457
vt 0.188965 0.025879
vt 0.205078 0.014648
vt 0.189697 0.012695
vt 0.196167 0.080078
vt 0.187012 0.089355
vt 0.201782 0.092285
vt 0.182495 0.094727
vt 0.173218 0.075195
vt 0.163086 0.052246
vt 0.167358 0.037109
vt 0.172119 0.021973
vt 0.154907 0.032715
vt 0.154175 0.015625
vt 0.147461 0.011719
vt 0.173828 0.010742
vt 0.157593 0.008301
vt 0.143799 0.001953
vt 0.463867 0.095215
vt 0.467285 0.104004
vt 0.451660 0.101074
vt 0.470703 0.094727
vt 0.468506 0.090820
vt 0.473145 0.087891
vt 0.476074 0.090820
vt 0.481689 0.096680
vt 0.485107 0.099121
vt 0.469238 0.112305
vt 0.444092 0.122559
vt 0.433838 0.097168
vt 0.432617 0.125977
vt 0.420166 0.104980
vt 0.442627 0.088867
vt 0.494141 0.015625
vt 0.515625 0.012695
vt 0.512207 0.036133
vt 0.489990 0.038086
vt 0.509277 0.058105
vt 0.483398 0.061035
vt 0.496826 0.083496
vt 0.489258 0.079590
vt 0.479980 0.084473
vt 0.476074 0.083008
vt 0.476562 0.077637
vt 0.480713 0.076660
vt 0.478516 0.069824
vt 0.473389 0.065430
vt 0.465576 0.056641
vt 0.467285 0.062500
vt 0.459961 0.063477
vt 0.465820 0.066895
vt 0.470947 0.068848
vt 0.464355 0.079590
vt 0.474854 0.072754
vt 0.463623 0.091309
vt 0.456055 0.092773
vt 0.450439 0.088379
vt 0.457031 0.089844
vt 0.452881 0.085938
vt 0.447266 0.080078
vt 0.451660 0.080078
vt 0.452881 0.075195
vt 0.460449 0.067871
vt 0.455811 0.070801
vt 0.448730 0.072754
vt 0.439697 0.074707
vt 0.431396 0.076660
vt 0.449707 0.058105
vt 0.453369 0.066895
vt 0.467285 0.041992
vt 0.447754 0.046387
vt 0.432129 0.055664
vt 0.417480 0.055664
vt 0.419678 0.077148
vt 0.424072 0.032227
vt 0.413574 0.034668
vt 0.442627 0.024414
vt 0.465576 0.018066
vt 0.388428 0.110840
vt 0.387695 0.074219
vt 0.394775 0.075684
vt 0.393799 0.043945
vt 0.382568 0.035645
vt 0.409668 0.038086
vt 0.413574 0.072266
vt 0.413818 0.106445
vt 0.395020 0.110352
vt 0.426758 0.130371
vt 0.410645 0.134277
vt 0.405518 0.135742
vt 0.381592 0.103027
vt 0.358154 0.103027
vt 0.359375 0.129883
vt 0.381836 0.129395
vt 0.387695 0.127930
vt 0.392090 0.142090
vt 0.386963 0.143555
vt 0.351807 0.131348
vt 0.345459 0.106445
vt 0.346680 0.130859
vt 0.343018 0.126465
vt 0.342285 0.110352
vt 0.317627 0.111328
vt 0.362061 0.155273
vt 0.356689 0.155273
vt 0.348877 0.137695
vt 0.316406 0.140137
vt 0.312744 0.153320
vt 0.316895 0.157715
vt 0.330322 0.160645
vt 0.334961 0.160645
vt 0.352783 0.157227
vt 0.042572 0.428223
vt 0.014694 0.425781
vt 0.016388 0.389648
vt 0.048279 0.392578
vt 0.082153 0.387207
vt 0.054474 0.360352
vt 0.088989 0.356934
vt 0.023087 0.357910
vt 0.016388 0.359375
vt 0.009796 0.389160
vt 0.007599 0.417480
vt 0.006199 0.423340
vt 0.012993 0.430664
vt 0.090454 0.385742
vt 0.040985 0.433594
vt 0.073486 0.424805
vt 0.082092 0.427246
vt 0.085876 0.423828
vt 0.095459 0.387207
vt 0.116882 0.417480
vt 0.117188 0.424805
vt 0.151489 0.413574
vt 0.153687 0.404297
vt 0.197388 0.395996
vt 0.196655 0.386230
vt 0.205078 0.387207
vt 0.206055 0.398438
vt 0.211182 0.391602
vt 0.210571 0.383301
vt 0.126221 0.381836
vt 0.160645 0.370117
vt 0.199707 0.353027
vt 0.206055 0.352539
vt 0.211914 0.350098
vt 0.246460 0.366211
vt 0.207642 0.324219
vt 0.201904 0.324707
vt 0.168579 0.338379
vt 0.135742 0.349121
vt 0.103394 0.356445
vt 0.178345 0.303223
vt 0.203613 0.293945
vt 0.208984 0.292969
vt 0.213867 0.322266
vt 0.214478 0.292480
vt 0.241699 0.308594
vt 0.147827 0.313477
vt 0.155640 0.280762
vt 0.182617 0.275391
vt 0.205566 0.270996
vt 0.208984 0.269043
vt 0.272949 0.288086
vt 0.241455 0.279785
vt 0.214600 0.270020
vt 0.207886 0.259766
vt 0.180908 0.263184
vt 0.168579 0.262695
vt 0.161987 0.267578
vt 0.271240 0.256348
vt 0.246094 0.246582
vt 0.257324 0.227051
vt 0.231689 0.259766
vt 0.224731 0.251953
vt 0.239136 0.243164
vt 0.252930 0.225098
vt 0.282715 0.237793
vt 0.264893 0.208496
vt 0.290283 0.217773
vt 0.301025 0.196289
vt 0.275635 0.180664
vt 0.303955 0.186523
vt 0.272217 0.169922
vt 0.259766 0.205078
vt 0.321045 0.194824
vt 0.318359 0.206543
vt 0.342773 0.206543
vt 0.310547 0.226562
vt 0.304932 0.244629
vt 0.299072 0.263672
vt 0.322510 0.267090
vt 0.298340 0.289062
vt 0.297852 0.312500
vt 0.275635 0.316406
vt 0.243286 0.333496
vt 0.280762 0.347656
vt 0.301758 0.337891
vt 0.324951 0.328613
vt 0.322754 0.309082
vt 0.345459 0.323730
vt 0.347168 0.307129
vt 0.322510 0.289062
vt 0.347656 0.289062
vt 0.243896 0.376953
vt 0.281982 0.356934
vt 0.316895 0.342285
vt 0.347168 0.338867
vt 0.348633 0.268555
vt 0.349854 0.251953
vt 0.351074 0.235352
vt 0.337158 0.215820
vt 0.353271 0.222656
vt 0.331299 0.232422
vt 0.326660 0.249023
vt 0.249023 0.573975
vt 0.275879 0.547607
vt 0.277832 0.556641
vt 0.253662 0.580322
vt 0.265137 0.585938
vt 0.250000 0.612061
vt 0.234131 0.613037
vt 0.229248 0.607178
vt 0.215576 0.709473
vt 0.207642 0.717285
vt 0.201294 0.686768
vt 0.211060 0.681641
vt 0.212036 0.650391
vt 0.220581 0.648926
vt 0.227661 0.611328
vt 0.237549 0.642334
vt 0.299316 0.632812
vt 0.226685 0.722412
vt 0.249756 0.730957
vt 0.242554 0.703125
vt 0.233276 0.692871
vt 0.229492 0.669678
vt 0.261719 0.710938
vt 0.285645 0.707031
vt 0.278564 0.726318
vt 0.276855 0.736816
vt 0.244995 0.742188
vt 0.222900 0.734619
vt 0.218994 0.734131
vt 0.217041 0.730225
vt 0.309326 0.710205
vt 0.311279 0.693359
vt 0.336670 0.693359
vt 0.337891 0.700439
vt 0.311279 0.718750
vt 0.377441 0.666016
vt 0.368652 0.662842
vt 0.384766 0.638672
vt 0.343750 0.695801
vt 0.335449 0.676270
vt 0.380127 0.609863
vt 0.393311 0.609131
vt 0.373047 0.634033
vt 0.359863 0.654053
vt 0.373779 0.586670
vt 0.284912 0.566406
vt 0.313232 0.555664
vt 0.335938 0.556885
vt 0.355225 0.565918
vt 0.359863 0.569336
vt 0.362793 0.572510
vt 0.371826 0.563232
vt 0.385742 0.581055
vt 0.312256 0.543457
vt 0.339600 0.544922
vt 0.363770 0.555908
vt 0.368896 0.559570
vt 0.374023 0.553223
vt 0.371826 0.546631
vt 0.344727 0.534180
vt 0.319824 0.531982
vt 0.314453 0.531494
vt 0.308594 0.533936
vt 0.381104 0.555664
vt 0.396484 0.574951
vt 0.404785 0.610840
vt 0.395264 0.639160
vt 0.340820 0.074219
vt 0.317383 0.076660
vt 0.315186 0.053711
vt 0.312500 0.051758
vt 0.308594 0.042480
vt 0.338623 0.051758
vt 0.307373 0.032715
vt 0.344482 0.039062
vt 0.356934 0.078125
vt 0.354980 0.049316
vt 0.376221 0.045410
vt 0.380615 0.076660
vt 0.690918 0.314941
vt 0.686035 0.317383
vt 0.653320 0.325195
vt 0.667480 0.283691
vt 0.638184 0.291504
vt 0.646484 0.271484
vt 0.642090 0.267578
vt 0.634766 0.272461
vt 0.607422 0.274902
vt 0.660645 0.268555
vt 0.671875 0.281250
vt 0.581055 0.274902
vt 0.594238 0.276367
vt 0.597656 0.292480
vt 0.606445 0.297852
vt 0.085144 0.270020
vt 0.114685 0.268066
vt 0.111572 0.287598
vt 0.121155 0.280762
vt 0.121765 0.267090
vt 0.137451 0.264648
vt 0.143799 0.267578
vt 0.125977 0.286133
vt 0.108582 0.319824
vt 0.114075 0.322754
vt 0.097290 0.354004
vt 0.101257 0.321289
vt 0.093994 0.353516
vt 0.090698 0.349609
vt 0.068176 0.319336
vt 0.078979 0.283203
vt 0.050476 0.277832
vt 0.079468 0.267090
vt 0.074097 0.267578
vt 0.059784 0.258301
vt 0.058472 0.354492
vt 0.056274 0.350098
vt 0.037292 0.313965
vt 0.041870 0.279785
vt 0.052490 0.256348
vt 0.025085 0.350098
vt 0.025986 0.344238
vt 0.031891 0.312012
vt 0.018097 0.349121
vt 0.020493 0.344238
vt 0.197632 0.068359
vt 0.193481 0.073730
vt 0.197388 0.073242
vt 0.199341 0.078125
vt 0.203491 0.081055
vt 0.201294 0.084961
vt 0.207764 0.086914
vt 0.215332 0.086426
vt 0.215454 0.098633
vt 0.213379 0.082520
vt 0.208252 0.083008
vt 0.200439 0.108398
vt 0.220703 0.111816
vt 0.243774 0.124512
vt 0.560059 0.272461
vt 0.816895 0.962830
vt 0.799805 0.975815
vt 0.768555 0.901794
vt 0.780762 0.980911
vt 0.765625 0.983704
vt 0.743652 0.980515
vt 0.725586 0.971207
vt 0.712402 0.962341
vt 0.838867 0.893188
vt 0.839355 0.908630
vt 0.837891 0.924561
vt 0.832031 0.943024
vt 0.819336 0.967102
vt 0.802246 0.984703
vt 0.781738 0.992203
vt 0.687500 0.910522
vt 0.688477 0.882812
vt 0.693848 0.862305
vt 0.701660 0.847046
vt 0.706055 0.840576
vt 0.728516 0.830566
vt 0.753418 0.818604
vt 0.782715 0.823486
vt 0.810059 0.835815
vt 0.826660 0.850220
vt 0.832520 0.862183
vt 0.836914 0.879517
vt 0.764160 0.996700
vt 0.743164 0.992603
vt 0.721680 0.980408
vt 0.709473 0.967377
vt 0.693848 0.938171
s 1
usemtl DPROP_GEN_SentinelLeg_MATINST.009
f 1/1/1 2/2/2 3/3/3
f 4/4/4 5/5/5 6/6/6
f 6/6/6 7/7/7 4/4/4
f 7/7/7 6/6/6 8/8/8
f 9/9/9 10/10/10 11/11/11
f 12/12/12 11/11/11 10/10/10
f 8/8/8 12/12/12 13/13/13
f 10/10/10 13/13/13 12/12/12
f 8/8/8 14/14/14 7/7/7
f 13/13/13 14/14/14 8/8/8
f 15/15/15 7/7/7 14/14/14
f 4/4/4 7/7/7 15/15/15
f 10/10/10 9/9/9 15/15/15
f 15/15/15 13/13/13 10/10/10
f 15/15/15 14/14/14 13/13/13
f 4/4/4 15/15/15 16/16/16
f 5/5/5 4/4/4 16/16/16
f 15/15/15 9/9/9 17/17/17
f 17/17/17 18/18/18 15/15/15
f 15/15/15 18/18/18 19/19/19
f 15/15/15 20/20/20 16/16/16
f 15/15/15 21/21/21 20/20/20
f 22/22/22 16/16/16 20/20/20
f 16/16/16 22/22/22 5/5/5
f 20/20/20 23/23/23 22/22/22
f 20/20/20 21/21/21 24/24/24
f 24/24/24 23/23/23 20/20/20
f 15/15/15 25/25/25 21/21/21
f 24/24/24 21/21/21 25/25/25
f 15/15/15 26/26/26 25/25/25
f 27/27/27 26/26/26 15/15/15
f 28/28/28 26/26/26 27/27/27
f 29/29/29 27/27/27 15/15/15
f 26/26/26 28/28/28 30/30/30
f 30/30/30 25/25/25 26/26/26
f 25/25/25 30/30/30 24/24/24
f 15/15/15 31/31/31 32/32/32
f 33/33/33 15/15/15 32/32/32
f 15/15/15 33/33/33 34/34/34
f 34/34/34 35/35/35 15/15/15
f 27/27/27 36/36/36 28/28/28
f 27/27/27 29/29/29 37/37/37
f 37/37/37 36/36/36 27/27/27
f 15/15/15 38/38/38 29/29/29
f 37/37/37 29/29/29 38/38/38
f 39/39/39 38/38/38 15/15/15
f 35/35/35 39/39/39 15/15/15
f 38/38/38 39/39/39 40/40/40
f 40/40/40 39/39/39 35/35/35
f 35/35/35 41/41/41 40/40/40
f 35/35/35 34/34/34 42/42/42
f 42/42/42 41/41/41 35/35/35
f 34/34/34 33/33/33 43/43/43
f 43/43/43 42/42/42 34/34/34
f 38/38/38 44/44/44 37/37/37
f 45/45/45 44/44/44 38/38/38
f 40/40/40 46/46/46 38/38/38
f 38/38/38 46/46/46 45/45/45
f 33/33/33 32/32/32 47/47/47
f 47/47/47 43/43/43 33/33/33
f 48/48/48 47/47/47 32/32/32
f 32/32/32 31/31/31 48/48/48
f 31/31/31 15/15/15 49/49/49
f 48/48/48 31/31/31 49/49/49
f 15/15/15 19/19/19 50/50/50
f 15/15/15 50/50/50 49/49/49
f 51/51/51 50/50/50 19/19/19
f 49/49/49 50/50/50 51/51/51
f 49/49/49 52/52/52 48/48/48
f 51/51/51 52/52/52 49/49/49
f 19/19/19 53/53/53 51/51/51
f 19/19/19 18/18/18 54/54/54
f 54/54/54 53/53/53 19/19/19
f 18/18/18 17/17/17 55/55/55
f 55/55/55 54/54/54 18/18/18
f 56/56/56 55/55/55 17/17/17
f 17/17/17 9/9/9 56/56/56
f 57/57/57 56/56/56 9/9/9
f 11/11/11 58/58/58 9/9/9
f 9/9/9 58/58/58 57/57/57
f 59/59/59 60/60/60 61/61/61
f 62/62/62 63/63/63 64/64/64
f 62/62/62 61/61/61 65/65/65
f 65/65/65 63/63/63 62/62/62
f 66/66/66 65/65/65 61/61/61
f 61/61/61 60/60/60 66/66/66
f 66/66/66 60/60/60 67/67/67
f 60/60/60 59/59/59 68/68/68
f 68/68/68 67/67/67 60/60/60
f 69/69/47 68/68/68 59/59/59
f 59/59/59 70/70/69 69/69/47
f 67/67/67 71/71/70 66/66/66
f 65/65/65 66/66/66 72/72/71
f 72/72/71 66/66/66 71/71/70
f 71/71/70 73/73/72 72/72/71
f 72/72/71 73/73/72 74/74/73
f 75/75/74 70/70/69 59/59/59
f 76/76/75 70/70/69 75/75/74
f 75/75/74 77/77/76 76/76/75
f 76/76/75 77/77/76 78/78/77
f 79/79/78 78/78/77 77/77/76
f 80/80/79 78/78/77 79/79/78
f 78/78/77 80/80/79 81/81/80
f 82/82/81 81/81/80 80/80/79
f 78/78/77 83/83/82 76/76/75
f 81/81/80 83/83/82 78/78/77
f 61/61/61 84/84/83 59/59/59
f 84/84/83 61/61/61 62/62/62
f 59/59/59 84/84/83 75/75/74
f 62/62/62 85/85/84 84/84/83
f 77/77/76 75/75/74 86/86/85
f 84/84/83 85/85/84 86/86/85
f 86/86/85 75/75/74 84/84/83
f 77/77/76 87/87/86 79/79/78
f 86/86/85 87/87/86 77/77/76
f 79/79/78 87/87/86 88/88/87
f 89/89/88 88/88/87 87/87/86
f 87/87/86 86/86/85 89/89/88
f 90/90/89 89/89/88 86/86/85
f 86/86/85 85/85/84 90/90/89
f 85/85/84 62/62/62 91/91/90
f 91/91/90 90/90/89 85/85/84
f 64/64/64 91/91/90 62/62/62
f 92/92/91 93/93/92 88/88/87
f 88/88/87 94/94/93 92/92/91
f 94/94/93 88/88/87 89/89/88
f 95/95/94 89/89/88 90/90/89
f 89/89/88 95/95/94 94/94/93
f 90/90/89 96/96/95 95/95/94
f 96/96/95 90/90/89 91/91/90
f 97/97/96 91/91/90 64/64/64
f 91/91/90 97/97/96 96/96/95
f 98/98/97 93/93/92 92/92/91
f 92/92/91 99/99/98 98/98/97
f 92/92/91 94/94/93 100/100/99
f 100/100/99 99/99/98 92/92/91
f 94/94/93 95/95/94 101/101/100
f 101/101/100 100/100/99 94/94/93
f 95/95/94 96/96/95 102/102/101
f 102/102/101 101/101/100 95/95/94
f 103/103/102 102/102/101 96/96/95
f 96/96/95 97/97/96 103/103/102
f 104/104/103 105/105/104 103/103/102
f 103/103/102 97/97/96 104/104/103
f 64/64/64 104/104/103 97/97/96
f 106/106/105 105/105/104 104/104/103
f 107/107/106 64/64/64 63/63/63
f 104/104/103 64/64/64 107/107/106
f 63/63/63 108/108/107 107/107/106
f 108/108/107 63/63/63 65/65/65
f 72/72/71 109/109/108 65/65/65
f 65/65/65 109/109/108 108/108/107
f 74/74/73 110/110/109 72/72/71
f 109/109/108 72/72/71 110/110/109
f 111/111/110 110/110/109 74/74/73
f 112/112/111 111/111/110 113/113/112
f 110/110/109 114/114/113 109/109/108
f 108/108/107 109/109/108 114/114/113
f 111/111/110 112/112/111 114/114/113
f 114/114/113 110/110/109 111/111/110
f 113/113/112 111/111/110 115/115/114
f 74/74/73 115/115/114 111/111/110
f 115/115/114 116/116/115 113/113/112
f 113/113/112 116/116/115 117/117/116
f 117/117/116 118/118/117 113/113/112
f 113/113/112 118/118/117 119/119/118
f 113/113/112 120/120/119 112/112/111
f 119/119/118 120/120/119 113/113/112
f 121/121/120 120/120/119 119/119/118
f 114/114/113 112/112/111 122/122/121
f 122/122/121 112/112/111 120/120/119
f 120/120/119 121/121/120 122/122/121
f 107/107/106 123/123/122 104/104/103
f 104/104/103 123/123/122 106/106/105
f 124/124/123 123/123/122 107/107/106
f 106/106/105 123/123/122 124/124/123
f 125/125/124 107/107/106 108/108/107
f 107/107/106 125/125/124 124/124/123
f 108/108/107 126/126/125 125/125/124
f 114/114/113 126/126/125 108/108/107
f 122/122/121 126/126/125 114/114/113
f 126/126/125 122/122/121 127/127/126
f 127/127/126 125/125/124 126/126/125
f 128/128/127 127/127/126 122/122/121
f 122/122/121 121/121/120 128/128/127
f 129/129/128 127/127/126 128/128/127
f 127/127/126 129/129/128 130/130/129
f 130/130/129 125/125/124 127/127/126
f 124/124/123 131/131/130 106/106/105
f 131/131/130 124/124/123 125/125/124
f 125/125/124 130/130/129 131/131/130
f 128/128/127 132/132/131 129/129/128
f 128/128/127 121/121/120 133/133/132
f 119/119/118 133/133/132 121/121/120
f 132/132/131 128/128/127 134/134/133
f 133/133/132 134/134/133 128/128/127
f 134/134/133 135/135/134 132/132/131
f 136/136/135 137/137/136 138/138/137
f 139/139/138 136/136/135 138/138/137
f 138/138/137 140/140/139 141/141/140
f 142/142/141 140/140/139 138/138/137
f 143/143/142 142/142/141 138/138/137
f 144/144/143 143/143/142 138/138/137
f 145/145/144 144/144/143 138/138/137
f 140/140/139 146/146/145 147/147/146
f 147/147/146 141/141/140 140/140/139
f 148/148/147 140/140/139 142/142/141
f 148/148/147 146/146/145 140/140/139
f 142/142/141 149/149/148 148/148/147
f 142/142/141 143/143/142 150/150/149
f 150/150/149 149/149/148 142/142/141
f 151/151/150 150/150/149 143/143/142
f 143/143/142 144/144/143 151/151/150
f 144/144/143 145/145/144 152/152/151
f 152/152/151 151/151/150 144/144/143
f 153/153/152 145/145/144 138/138/137
f 152/152/151 145/145/144 153/153/152
f 137/137/136 154/154/153 138/138/137
f 154/154/153 153/153/152 138/138/137
f 155/155/154 154/154/153 137/137/136
f 137/137/136 156/156/155 155/155/154
f 137/137/136 136/136/135 157/157/156
f 157/157/156 156/156/155 137/137/136
f 158/158/157 157/157/156 136/136/135
f 136/136/135 139/139/138 158/158/157
f 155/155/154 159/159/158 154/154/153
f 159/159/158 160/160/159 154/154/153
f 153/153/152 154/154/153 160/160/159
f 160/160/159 161/161/160 153/153/152
f 153/153/152 161/161/160 152/152/151
f 162/162/161 139/139/138 138/138/137
f 158/158/157 139/139/138 162/162/161
f 138/138/137 163/163/162 162/162/161
f 138/138/137 164/164/163 163/163/162
f 163/163/162 164/164/163 165/165/164
f 166/166/165 165/165/164 164/164/163
f 164/164/163 167/167/166 166/166/165
f 138/138/137 167/167/166 164/164/163
f 138/138/137 168/168/167 167/167/166
f 166/166/165 167/167/166 168/168/167
f 138/138/137 169/169/168 168/168/167
f 168/168/167 170/170/169 166/166/165
f 169/169/168 171/171/170 170/170/169
f 170/170/169 168/168/167 169/169/168
f 172/172/171 173/173/172 138/138/137
f 173/173/172 174/174/173 138/138/137
f 138/138/137 174/174/173 175/175/174
f 138/138/137 175/175/174 176/176/175
f 138/138/137 176/176/175 177/177/176
f 171/171/170 169/169/168 177/177/176
f 138/138/137 177/177/176 169/169/168
f 177/177/176 178/178/177 171/171/170
f 178/178/177 177/177/176 176/176/175
f 176/176/175 179/179/178 178/178/177
f 179/179/178 176/176/175 175/175/174
f 180/180/179 175/175/174 174/174/173
f 175/175/174 180/180/179 179/179/178
f 174/174/173 181/181/180 180/180/179
f 181/181/180 174/174/173 173/173/172
f 173/173/172 182/182/181 181/181/180
f 173/173/172 172/172/171 183/183/182
f 183/183/182 182/182/181 173/173/172
f 184/184/183 172/172/171 138/138/137
f 183/183/182 172/172/171 184/184/183
f 185/185/184 184/184/183 138/138/137
f 186/186/185 185/185/184 138/138/137
f 187/187/186 186/186/185 138/138/137
f 141/141/140 188/188/187 138/138/137
f 138/138/137 188/188/187 187/187/186
f 189/189/188 186/186/185 187/187/186
f 185/185/184 186/186/185 189/189/188
f 190/190/189 187/187/186 188/188/187
f 187/187/186 190/190/189 189/189/188
f 188/188/187 191/191/190 190/190/189
f 192/192/191 188/188/187 141/141/140
f 192/192/191 191/191/190 188/188/187
f 141/141/140 193/193/192 192/192/191
f 147/147/146 193/193/192 141/141/140
f 189/189/188 194/194/193 185/185/184
f 195/195/194 184/184/183 185/185/184
f 185/185/184 194/194/193 195/195/194
f 195/195/194 196/196/195 184/184/183
f 184/184/183 197/197/196 183/183/182
f 196/196/195 197/197/196 184/184/183
f 198/198/197 199/199/198 200/200/199
f 200/200/199 199/199/198 201/201/200
f 201/201/200 199/199/198 202/202/201
f 202/202/201 199/199/198 198/198/197
f 201/201/200 203/203/202 200/200/199
f 200/200/199 203/203/202 204/204/203
f 204/204/203 205/205/204 200/200/199
f 206/206/205 205/205/204 204/204/203
f 205/205/204 206/206/205 207/207/206
f 208/208/207 207/207/206 206/206/205
f 209/209/208 207/207/206 208/208/207
f 208/208/207 210/210/209 209/209/208
f 206/206/205 211/211/210 208/208/207
f 212/212/211 210/210/209 208/208/207
f 213/213/212 208/208/207 211/211/210
f 208/208/207 213/213/212 212/212/211
f 211/211/210 214/214/213 213/213/212
f 215/215/214 211/211/210 206/206/205
f 214/214/213 211/211/210 215/215/214
f 204/204/203 216/216/215 206/206/205
f 206/206/205 216/216/215 215/215/214
f 215/215/214 217/217/216 214/214/213
f 214/214/213 217/217/216 218/218/217
f 218/218/217 217/217/216 219/219/218
f 219/219/218 217/217/216 215/215/214
f 215/215/214 220/220/23 219/219/218
f 215/215/214 216/216/215 221/221/219
f 221/221/219 220/220/23 215/215/214
f 216/216/215 204/204/203 222/222/220
f 222/222/220 221/221/219 216/216/215
f 204/204/203 203/203/202 223/223/221
f 223/223/221 222/222/220 204/204/203
f 219/219/218 224/224/30 218/218/217
f 225/225/222 218/218/217 224/224/30
f 224/224/30 226/226/223 225/225/222
f 227/227/224 225/225/222 226/226/223
f 226/226/223 228/228/225 227/227/224
f 227/227/224 228/228/225 229/229/226
f 225/225/222 227/227/224 230/230/227
f 229/229/226 231/231/228 227/227/224
f 230/230/227 227/227/224 231/231/228
f 232/232/229 231/231/228 229/229/226
f 229/229/226 233/233/44 232/232/229
f 232/232/229 233/233/44 235/3/45
f 235/3/45 236/2/230 232/232/229
f 232/232/229 236/2/230 237/234/231
f 237/234/231 236/2/230 238/1/232
f 238/1/232 239/235/233 237/234/231
f 239/235/233 238/1/232 82/82/81
f 240/236/234 237/234/231 239/235/233
f 239/235/233 241/237/235 240/236/234
f 231/231/228 232/232/229 242/238/236
f 242/238/236 237/234/231 240/236/234
f 237/234/231 242/238/236 232/232/229
f 242/238/236 243/239/237 231/231/228
f 231/231/228 243/239/237 230/230/227
f 244/240/238 230/230/227 243/239/237
f 218/218/217 225/225/222 245/241/239
f 245/241/239 230/230/227 244/240/238
f 230/230/227 245/241/239 225/225/222
f 244/240/238 246/242/240 245/241/239
f 240/236/234 241/237/235 247/243/241
f 240/236/234 248/244/236 242/238/236
f 243/239/237 242/238/236 248/244/236
f 248/244/236 249/245/242 243/239/237
f 243/239/237 249/245/242 244/240/238
f 250/246/243 244/240/238 249/245/242
f 246/242/240 244/240/238 250/246/243
f 250/246/243 251/247/244 246/242/240
f 252/248/245 251/247/244 250/246/243
f 250/246/243 253/249/246 252/248/245
f 252/248/245 253/249/246 254/250/247
f 254/250/247 255/251/248 252/248/245
f 249/245/242 256/252/249 250/246/243
f 250/246/243 256/252/249 257/253/250
f 257/253/250 253/249/246 250/246/243
f 253/249/246 257/253/250 258/254/251
f 258/254/251 254/250/247 253/249/246
f 258/254/251 257/253/250 259/255/252
f 259/255/252 257/253/250 256/252/249
f 256/252/249 260/256/253 259/255/252
f 249/245/242 248/244/236 260/256/253
f 260/256/253 256/252/249 249/245/242
f 261/257/254 260/256/253 248/244/236
f 248/244/236 240/236/234 261/257/254
f 247/243/241 261/257/254 240/236/234
f 259/255/252 260/256/253 261/257/254
f 261/257/254 262/258/255 259/255/252
f 263/259/256 262/258/255 261/257/254
f 261/257/254 247/243/241 263/259/256
f 259/255/252 264/260/257 258/254/251
f 264/260/257 259/255/252 262/258/255
f 262/258/255 265/261/258 264/260/257
f 265/261/258 262/258/255 263/259/256
f 263/259/256 266/262/259 265/261/258
f 267/263/260 266/262/259 263/259/256
f 263/259/256 268/264/261 267/263/260
f 268/264/261 263/259/256 247/243/241
f 88/88/87 93/93/92 269/265/262
f 269/265/262 93/93/92 98/98/97
f 98/98/97 270/266/263 269/265/262
f 269/265/262 270/266/263 271/267/264
f 272/268/265 271/267/264 267/263/260
f 271/267/264 272/268/265 269/265/262
f 267/263/260 268/264/261 272/268/265
f 272/268/265 268/264/261 273/269/266
f 247/243/241 273/269/266 268/264/261
f 247/243/241 241/237/235 274/270/267
f 274/270/267 241/237/235 239/235/233
f 274/270/267 273/269/266 247/243/241
f 82/82/81 275/271/268 239/235/233
f 239/235/233 275/271/268 274/270/267
f 80/80/79 275/271/268 82/82/81
f 276/272/269 274/270/267 275/271/268
f 275/271/268 80/80/79 276/272/269
f 79/79/78 276/272/269 80/80/79
f 273/269/266 277/273/270 272/268/265
f 274/270/267 276/272/269 277/273/270
f 277/273/270 273/269/266 274/270/267
f 276/272/269 79/79/78 278/274/271
f 278/274/271 277/273/270 276/272/269
f 88/88/87 278/274/271 79/79/78
f 269/265/262 278/274/271 88/88/87
f 272/268/265 277/273/270 278/274/271
f 278/274/271 269/265/262 272/268/265
f 70/70/69 76/76/75 279/275/272
f 279/275/272 69/69/47 70/70/69
f 280/276/42 279/275/272 76/76/75
f 76/76/75 83/83/82 280/276/42
f 83/83/82 81/81/80 281/277/273
f 281/277/273 280/276/42 83/83/82
f 282/278/274 281/277/273 81/81/80
f 282/278/274 82/82/81 238/1/232
f 81/81/80 82/82/81 282/278/274
f 234/3/3 283/279/46 238/1/232
f 238/1/232 283/279/46 282/278/274
f 165/165/164 284/280/275 163/163/162
f 162/162/161 163/163/162 284/280/275
f 284/280/275 285/281/276 162/162/161
f 162/162/161 285/281/276 158/158/157
f 198/198/197 286/282/277 202/202/201
f 202/202/201 286/282/277 287/283/278
f 287/283/278 288/284/279 202/202/201
f 288/284/279 287/283/278 289/285/280
f 289/285/280 290/286/281 288/284/279
f 290/286/281 289/285/280 291/287/282
f 292/288/283 291/287/282 289/285/280
f 293/289/284 289/285/280 287/283/278
f 289/285/280 293/289/284 292/288/283
f 287/283/278 294/290/285 293/289/284
f 295/291/286 294/290/285 287/283/278
f 295/291/286 286/282/277 198/198/197
f 287/283/278 286/282/277 295/291/286
f 292/288/283 293/289/284 296/292/287
f 296/292/287 297/293/288 292/288/283
f 298/294/289 296/292/287 293/289/284
f 293/289/284 294/290/285 298/294/289
f 294/290/285 295/291/286 299/295/290
f 299/295/290 298/294/289 294/290/285
f 300/296/291 299/295/290 295/291/286
f 295/291/286 301/297/292 300/296/291
f 302/298/293 300/296/291 301/297/292
f 301/297/292 303/299/294 302/298/293
f 304/300/295 202/202/201 288/284/279
f 202/202/201 304/300/295 201/201/200
f 288/284/279 305/301/296 304/300/295
f 306/302/297 223/223/221 203/203/202
f 203/203/202 201/201/200 306/302/297
f 201/201/200 304/300/295 307/303/298
f 307/303/298 306/302/297 201/201/200
f 308/304/299 307/303/298 304/300/295
f 304/300/295 305/301/296 308/304/299
f 308/304/299 305/301/296 309/305/300
f 288/284/279 290/286/281 309/305/300
f 309/305/300 305/301/296 288/284/279
f 291/287/282 310/306/301 290/286/281
f 290/286/281 310/306/301 311/307/302
f 311/307/302 309/305/300 290/286/281
f 309/305/300 311/307/302 312/308/303
f 309/305/300 313/309/304 308/304/299
f 312/308/303 313/309/304 309/305/300
f 314/310/305 207/207/206 209/209/208
f 207/207/206 314/310/305 205/205/204
f 209/209/208 315/311/306 314/310/305
f 316/312/307 200/200/199 205/205/204
f 205/205/204 314/310/305 316/312/307
f 316/312/307 314/310/305 315/311/306
f 200/200/199 316/312/307 198/198/197
f 315/311/306 317/313/308 316/312/307
f 301/297/292 295/291/286 318/314/309
f 318/314/309 303/299/294 301/297/292
f 303/299/294 318/314/309 317/313/308
f 316/312/307 317/313/308 318/314/309
f 318/314/309 198/198/197 316/312/307
f 198/198/197 318/314/309 295/291/286
f 319/315/310 302/298/293 303/299/294
f 303/299/294 320/316/311 319/315/310
f 317/313/308 320/316/311 303/299/294
f 321/317/312 320/316/311 317/313/308
f 317/313/308 315/311/306 321/317/312
f 315/311/306 209/209/208 322/318/313
f 322/318/313 321/317/312 315/311/306
f 209/209/208 210/210/209 323/319/314
f 323/319/314 322/318/313 209/209/208
f 324/320/315 323/319/314 210/210/209
f 210/210/209 212/212/211 324/320/315
f 325/321/316 326/322/317 324/320/315
f 324/320/315 326/322/317 327/323/318
f 327/323/318 323/319/314 324/320/315
f 322/318/313 323/319/314 327/323/318
f 327/323/318 328/324/319 322/318/313
f 321/317/312 322/318/313 328/324/319
f 320/316/311 321/317/312 329/325/320
f 328/324/319 329/325/320 321/317/312
f 329/325/320 319/315/310 320/316/311
f 324/320/315 330/326/321 325/321/316
f 325/321/316 330/326/321 331/327/322
f 332/328/323 212/212/211 213/213/212
f 331/327/322 330/326/321 332/328/323
f 332/328/323 330/326/321 324/320/315
f 332/328/323 251/247/244 252/248/245
f 324/320/315 212/212/211 332/328/323
f 333/329/324 252/248/245 255/251/248
f 332/328/323 333/329/324 331/327/322
f 252/248/245 333/329/324 332/328/323
f 251/247/244 332/328/323 334/330/325
f 245/241/239 246/242/240 334/330/325
f 213/213/212 334/330/325 332/328/323
f 334/330/325 213/213/212 214/214/213
f 334/330/325 246/242/240 251/247/244
f 331/327/322 333/329/324 335/331/326
f 255/251/248 335/331/326 333/329/324
f 335/331/326 336/332/327 331/327/322
f 331/327/322 336/332/327 325/321/316
f 245/241/239 337/333/328 218/218/217
f 218/218/217 337/333/328 214/214/213
f 214/214/213 337/333/328 334/330/325
f 334/330/325 337/333/328 245/241/239
f 338/334/329 339/335/330 340/336/331
f 341/337/332 342/338/333 343/339/334
f 344/340/335 343/339/334 342/338/333
f 344/340/335 342/338/333 345/341/336
f 345/341/336 346/342/337 344/340/335
f 346/342/337 345/341/336 338/334/329
f 340/336/331 347/343/338 338/334/329
f 338/334/329 347/343/338 346/342/337
f 347/343/338 340/336/331 348/344/339
f 348/344/339 349/345/340 347/343/338
f 349/345/340 348/344/339 350/346/341
f 351/347/342 344/340/335 346/342/337
f 346/342/337 352/348/343 351/347/342
f 352/348/343 346/342/337 347/343/338
f 347/343/338 349/345/340 352/348/343
f 353/349/344 352/348/343 349/345/340
f 350/346/341 354/350/345 349/345/340
f 349/345/340 354/350/345 353/349/344
f 355/351/346 353/349/344 354/350/345
f 354/350/345 356/352/347 355/351/346
f 357/353/348 355/351/346 356/352/347
f 356/352/347 358/354/349 357/353/348
f 353/349/344 355/351/346 359/355/350
f 360/356/351 351/347/342 352/348/343
f 352/348/343 353/349/344 360/356/351
f 359/355/350 360/356/351 353/349/344
f 354/350/345 350/346/341 361/357/352
f 361/357/352 356/352/347 354/350/345
f 362/358/353 358/354/349 356/352/347
f 356/352/347 361/357/352 362/358/353
f 358/354/349 362/358/353 363/359/354
f 363/359/354 364/360/355 358/354/349
f 364/360/355 363/359/354 365/361/356
f 365/361/356 366/362/357 364/360/355
f 367/363/358 366/362/357 365/361/356
f 368/364/359 357/353/348 358/354/349
f 358/354/349 364/360/355 368/364/359
f 368/364/359 364/360/355 366/362/357
f 366/362/357 369/365/360 368/364/359
f 368/364/359 369/365/360 370/366/361
f 357/353/348 368/364/359 371/367/362
f 370/366/361 371/367/362 368/364/359
f 355/351/346 357/353/348 372/368/363
f 372/368/363 359/355/350 355/351/346
f 371/367/362 372/368/363 357/353/348
f 366/362/357 367/363/358 373/369/364
f 373/369/364 369/365/360 366/362/357
f 374/370/365 370/366/361 369/365/360
f 369/365/360 373/369/364 374/370/365
f 371/367/362 370/366/361 375/371/366
f 375/371/366 370/366/361 374/370/365
f 372/368/363 371/367/362 376/372/367
f 375/371/366 376/372/367 371/367/362
f 376/372/367 377/373/368 372/368/363
f 359/355/350 372/368/363 377/373/368
f 360/356/351 359/355/350 378/374/369
f 377/373/368 378/374/369 359/355/350
f 378/374/369 377/373/368 379/375/370
f 377/373/368 376/372/367 380/376/371
f 380/376/371 379/375/370 377/373/368
f 376/372/367 375/371/366 381/377/372
f 381/377/372 380/376/371 376/372/367
f 381/377/372 375/371/366 382/378/373
f 374/370/365 382/378/373 375/371/366
f 382/378/373 383/379/374 381/377/372
f 384/380/375 380/376/371 381/377/372
f 381/377/372 383/379/374 384/380/375
f 380/376/371 384/380/375 385/381/376
f 379/375/370 380/376/371 385/381/376
f 385/381/376 386/382/377 379/375/370
f 379/375/370 386/382/377 387/383/378
f 387/383/378 388/384/379 379/375/370
f 379/375/370 388/384/379 378/374/369
f 388/384/379 387/383/378 389/385/380
f 389/385/380 390/386/381 388/384/379
f 391/387/382 378/374/369 388/384/379
f 388/384/379 390/386/381 391/387/382
f 391/387/382 390/386/381 392/388/383
f 392/388/383 393/389/384 391/387/382
f 394/390/385 392/388/383 390/386/381
f 390/386/381 389/385/380 394/390/385
f 378/374/369 395/391/386 360/356/351
f 395/391/386 378/374/369 391/387/382
f 351/347/342 360/356/351 395/391/386
f 391/387/382 396/392/387 395/391/386
f 396/392/387 391/387/382 393/389/384
f 393/389/384 397/393/388 396/392/387
f 398/394/389 393/389/384 392/388/383
f 397/393/388 393/389/384 398/394/389
f 392/388/383 394/390/385 399/395/390
f 392/388/383 399/395/390 398/394/389
f 398/394/389 399/395/390 400/396/391
f 394/390/385 400/396/391 399/395/390
f 400/396/391 394/390/385 401/397/392
f 402/398/393 396/392/387 397/393/388
f 396/392/387 402/398/393 403/399/394
f 403/399/394 395/391/386 396/392/387
f 395/391/386 403/399/394 351/347/342
f 344/340/335 351/347/342 403/399/394
f 403/399/394 343/339/334 344/340/335
f 343/339/334 403/399/394 402/398/393
f 343/339/334 404/400/395 341/337/332
f 402/398/393 404/400/395 343/339/334
f 397/393/388 405/401/396 402/398/393
f 404/400/395 402/398/393 405/401/396
f 401/397/392 406/402/397 400/396/391
f 407/403/398 406/402/397 408/404/399
f 409/405/400 400/396/391 406/402/397
f 406/402/397 407/403/398 409/405/400
f 400/396/391 409/405/400 398/394/389
f 410/406/401 409/405/400 407/403/398
f 405/401/396 397/393/388 411/407/402
f 411/407/402 398/394/389 409/405/400
f 409/405/400 410/406/401 411/407/402
f 398/394/389 411/407/402 397/393/388
f 412/408/403 411/407/402 410/406/401
f 411/407/402 412/408/403 405/401/396
f 405/401/396 413/409/404 404/400/395
f 413/409/404 405/401/396 412/408/403
f 341/337/332 404/400/395 413/409/404
f 410/406/401 414/410/405 412/408/403
f 412/408/403 415/411/406 413/409/404
f 415/411/406 412/408/403 414/410/405
f 413/409/404 416/412/407 341/337/332
f 416/412/407 413/409/404 415/411/406
f 414/410/405 417/413/408 415/411/406
f 415/411/406 417/413/408 418/414/409
f 415/411/406 419/415/410 416/412/407
f 418/414/409 419/415/410 415/411/406
f 420/416/411 418/414/409 417/413/408
f 417/413/408 421/417/412 420/416/411
f 417/413/408 414/410/405 422/418/413
f 422/418/413 421/417/412 417/413/408
f 423/419/414 422/418/413 414/410/405
f 414/410/405 410/406/401 423/419/414
f 407/403/398 423/419/414 410/406/401
f 423/419/414 407/403/398 424/420/415
f 408/404/399 424/420/415 407/403/398
f 424/420/415 408/404/399 425/421/416
f 425/421/416 426/422/417 424/420/415
f 422/418/413 423/419/414 427/423/418
f 427/423/418 424/420/415 426/422/417
f 424/420/415 427/423/418 423/419/414
f 426/422/417 428/424/419 427/423/418
f 429/425/420 428/424/419 426/422/417
f 428/424/419 429/425/420 430/426/421
f 430/426/421 429/425/420 431/427/422
f 431/427/422 432/428/423 430/426/421
f 433/429/424 431/427/422 429/425/420
f 434/430/425 426/422/417 425/421/416
f 426/422/417 434/430/425 429/425/420
f 429/425/420 434/430/425 435/431/426
f 435/431/426 436/432/427 429/425/420
f 429/425/420 436/432/427 433/429/424
f 437/433/428 433/429/424 436/432/427
f 431/427/422 433/429/424 437/433/428
f 432/428/423 431/427/422 438/434/429
f 437/433/428 438/434/429 431/427/422
f 438/434/429 439/435/430 432/428/423
f 439/435/430 438/434/429 440/436/431
f 441/437/432 440/436/431 438/434/429
f 438/434/429 437/433/428 441/437/432
f 436/432/427 442/438/433 437/433/428
f 437/433/428 442/438/433 443/439/434
f 443/439/434 441/437/432 437/433/428
f 441/437/432 443/439/434 444/440/283
f 444/440/283 445/441/435 441/437/432
f 441/437/432 445/441/435 446/442/436
f 446/442/436 440/436/431 441/437/432
f 440/436/431 447/443/437 439/435/430
f 447/443/437 440/436/431 446/442/436
f 448/444/438 439/435/430 447/443/437
f 447/443/437 449/445/439 448/444/438
f 450/446/440 448/444/438 449/445/439
f 448/444/438 450/446/440 451/447/441
f 449/445/439 452/448/442 450/446/440
f 453/449/443 452/448/442 449/445/439
f 454/450/444 449/445/439 447/443/437
f 449/445/439 454/450/444 453/449/443
f 447/443/437 455/451/445 454/450/444
f 446/442/436 455/451/445 447/443/437
f 439/435/430 448/444/438 456/452/446
f 451/447/441 456/452/446 448/444/438
f 456/452/446 432/428/423 439/435/430
f 456/452/446 451/447/441 457/453/447
f 432/428/423 456/452/446 458/454/448
f 458/454/448 430/426/421 432/428/423
f 457/453/447 458/454/448 456/452/446
f 458/454/448 457/453/447 459/455/449
f 459/455/449 460/456/450 458/454/448
f 460/456/450 459/455/449 461/457/451
f 461/457/451 462/458/452 460/456/450
f 420/416/411 421/417/412 462/458/452
f 462/458/452 461/457/451 420/416/411
f 463/459/453 460/456/450 462/458/452
f 430/426/421 463/459/453 428/424/419
f 463/459/453 430/426/421 458/454/448
f 458/454/448 460/456/450 463/459/453
f 464/460/454 462/458/452 421/417/412
f 462/458/452 464/460/454 463/459/453
f 421/417/412 422/418/413 464/460/454
f 464/460/454 427/423/418 428/424/419
f 427/423/418 464/460/454 422/418/413
f 428/424/419 463/459/453 464/460/454
f 465/461/455 466/462/456 467/463/457
f 467/463/457 468/464/458 465/461/455
f 469/465/459 466/462/456 465/461/455
f 465/461/455 470/466/460 469/465/459
f 470/466/460 465/461/455 468/464/458
f 471/467/461 468/464/458 467/463/457
f 468/464/458 471/467/461 470/466/460
f 470/466/460 471/467/461 472/468/462
f 472/468/462 469/465/459 470/466/460
f 467/463/457 472/468/462 471/467/461
f 469/465/459 472/468/462 473/469/463
f 473/469/463 474/470/464 469/465/459
f 472/468/462 475/471/465 473/469/463
f 473/469/463 475/471/465 476/472/466
f 477/473/467 475/471/465 472/468/462
f 472/468/462 467/463/457 477/473/467
f 478/474/468 467/463/457 466/462/456
f 477/473/467 467/463/457 478/474/468
f 466/462/456 479/475/469 478/474/468
f 466/462/456 480/476/470 479/475/469
f 479/475/469 480/476/470 481/477/471
f 482/478/472 481/477/471 480/476/470
f 477/473/467 478/474/468 483/479/473
f 481/477/471 484/480/474 479/475/469
f 479/475/469 484/480/474 485/481/475
f 485/481/475 486/482/476 479/475/469
f 478/474/468 479/475/469 486/482/476
f 486/482/476 487/483/477 478/474/468
f 483/479/473 478/474/468 487/483/477
f 487/483/477 488/484/478 483/479/473
f 489/485/479 483/479/473 488/484/478
f 488/484/478 490/486/480 489/485/479
f 489/485/479 490/486/480 491/487/481
f 491/487/481 490/486/480 488/484/478
f 488/484/478 492/488/482 491/487/481
f 492/488/482 488/484/478 487/483/477
f 487/483/477 493/489/483 492/488/482
f 493/489/483 487/483/477 486/482/476
f 494/490/484 486/482/476 485/481/475
f 486/482/476 494/490/484 493/489/483
f 485/481/475 495/491/485 494/490/484
f 494/490/484 495/491/485 496/492/486
f 496/492/486 497/493/487 494/490/484
f 493/489/483 494/490/484 497/493/487
f 498/494/488 491/487/481 492/488/482
f 492/488/482 499/495/489 498/494/488
f 499/495/489 492/488/482 493/489/483
f 493/489/483 500/496/490 499/495/489
f 497/493/487 500/496/490 493/489/483
f 499/495/489 500/496/490 501/497/491
f 501/497/491 502/498/492 499/495/489
f 498/494/488 499/495/489 502/498/492
f 503/499/493 504/500/494 505/501/495
f 506/502/496 503/499/493 505/501/495
f 503/499/493 506/502/496 507/503/497
f 502/498/492 501/497/491 507/503/497
f 507/503/497 508/504/498 503/499/493
f 508/504/498 507/503/497 501/497/491
f 509/505/499 501/497/491 500/496/490
f 501/497/491 509/505/499 508/504/498
f 500/496/490 497/493/487 509/505/499
f 510/506/500 507/503/497 506/502/496
f 507/503/497 510/506/500 502/498/492
f 506/502/496 511/507/501 510/506/500
f 511/507/501 506/502/496 512/508/502
f 505/501/495 512/508/502 506/502/496
f 513/509/503 512/508/502 505/501/495
f 505/501/495 514/510/504 513/509/503
f 514/510/504 505/501/495 504/500/494
f 504/500/494 515/511/505 514/510/504
f 514/510/504 515/511/505 516/512/506
f 513/509/503 514/510/504 516/512/506
f 517/513/507 513/509/503 516/512/506
f 512/508/502 513/509/503 517/513/507
f 517/513/507 518/514/508 512/508/502
f 512/508/502 518/514/508 511/507/501
f 510/506/500 511/507/501 519/515/509
f 519/515/509 511/507/501 518/514/508
f 520/516/510 510/506/500 519/515/509
f 502/498/492 510/506/500 520/516/510
f 519/515/509 521/517/511 520/516/510
f 518/514/508 522/518/512 519/515/509
f 523/519/513 522/518/512 518/514/508
f 518/514/508 517/513/507 523/519/513
f 523/519/513 517/513/507 516/512/506
f 522/518/512 523/519/513 524/520/514
f 524/520/514 523/519/513 516/512/506
f 502/498/492 525/521/515 498/494/488
f 520/516/510 525/521/515 502/498/492
f 498/494/488 526/522/516 491/487/481
f 525/521/515 520/516/510 526/522/516
f 525/521/515 526/522/516 498/494/488
f 527/523/517 491/487/481 526/522/516
f 527/523/517 526/522/516 520/516/510
f 520/516/510 528/524/518 527/523/517
f 528/524/518 520/516/510 521/517/511
f 521/517/511 529/525/519 528/524/518
f 530/526/520 521/517/511 519/515/509
f 529/525/519 521/517/511 530/526/520
f 519/515/509 531/527/521 530/526/520
f 531/527/521 519/515/509 522/518/512
f 522/518/512 532/528/522 531/527/521
f 532/528/522 522/518/512 524/520/514
f 533/529/523 534/530/524 535/531/525
f 531/527/521 532/528/522 536/532/526
f 536/532/526 535/531/525 534/530/524
f 535/531/525 536/532/526 537/533/527
f 536/532/526 532/528/522 538/534/528
f 538/534/528 537/533/527 536/532/526
f 516/512/506 537/533/527 538/534/528
f 524/520/514 538/534/528 532/528/522
f 538/534/528 524/520/514 516/512/506
f 536/532/526 539/535/529 531/527/521
f 534/530/524 539/535/529 536/532/526
f 531/527/521 539/535/529 540/536/530
f 540/536/530 530/526/520 531/527/521
f 530/526/520 541/537/531 529/525/519
f 541/537/531 530/526/520 540/536/530
f 540/536/530 542/538/532 541/537/531
f 543/539/533 544/540/534 533/529/523
f 544/540/534 543/539/533 545/541/535
f 533/529/523 544/540/534 546/542/536
f 534/530/524 533/529/523 547/543/537
f 546/542/536 547/543/537 533/529/523
f 539/535/529 534/530/524 548/544/538
f 547/543/537 548/544/538 534/530/524
f 548/544/538 549/545/539 539/535/529
f 540/536/530 539/535/529 549/545/539
f 542/538/532 540/536/530 550/546/540
f 549/545/539 550/546/540 540/536/530
f 550/546/540 549/545/539 551/547/541
f 549/545/539 548/544/538 551/547/541
f 551/547/541 552/548/542 550/546/540
f 552/548/542 551/547/541 553/549/543
f 550/546/540 554/550/544 542/538/532
f 554/550/544 550/546/540 552/548/542
f 552/548/542 555/551/545 554/550/544
f 555/551/545 552/548/542 553/549/543
f 553/549/543 556/552/546 555/551/545
f 557/553/547 558/554/548 559/555/549
f 558/554/548 557/553/547 560/556/550
f 561/557/551 560/556/550 557/553/547
f 560/556/550 561/557/551 562/558/552
f 562/558/552 563/559/553 560/556/550
f 564/560/554 558/554/548 560/556/550
f 560/556/550 563/559/553 564/560/554
f 558/554/548 564/560/554 565/561/555
f 565/561/555 566/562/556 558/554/548
f 559/555/549 558/554/548 566/562/556
f 566/562/556 567/563/557 559/555/549
f 559/555/549 567/563/557 568/564/558
f 568/564/558 567/563/557 569/565/559
f 569/565/559 570/566/560 568/564/558
f 568/564/558 571/567/561 559/555/549
f 572/568/562 573/569/563 574/570/564
f 574/570/564 575/571/565 572/568/562
f 575/571/565 574/570/564 576/572/566
f 576/572/566 577/573/567 575/571/565
f 577/573/567 576/572/566 578/574/568
f 565/561/555 564/560/554 579/575/569
f 579/575/569 578/574/568 565/561/555
f 578/574/568 579/575/569 577/573/567
f 564/560/554 563/559/553 580/576/570
f 580/576/570 579/575/569 564/560/554
f 581/577/571 580/576/570 563/559/553
f 563/559/553 562/558/552 581/577/571
f 580/576/570 581/577/571 582/578/572
f 579/575/569 580/576/570 583/579/573
f 582/578/572 583/579/573 580/576/570
f 579/575/569 583/579/573 584/580/574
f 584/580/574 577/573/567 579/575/569
f 577/573/567 584/580/574 585/581/575
f 586/582/576 577/573/567 585/581/575
f 585/581/575 587/583/577 586/582/576
f 588/584/578 586/582/576 587/583/577
f 588/584/578 587/583/577 589/585/579
f 587/583/577 585/581/575 590/586/580
f 590/586/580 589/585/579 587/583/577
f 581/577/571 562/558/552 591/587/581
f 582/578/572 581/577/571 591/587/581
f 589/585/579 590/586/580 591/587/581
f 562/558/552 561/557/551 591/587/581
f 585/581/575 584/580/574 592/588/582
f 592/588/582 582/578/572 591/587/581
f 592/588/582 590/586/580 585/581/575
f 592/588/582 584/580/574 583/579/573
f 583/579/573 582/578/572 592/588/582
f 591/587/581 590/586/580 592/588/582
f 557/553/547 593/589/583 561/557/551
f 561/557/551 593/589/583 591/587/581
f 593/589/583 557/553/547 594/590/584
f 559/555/549 594/590/584 557/553/547
f 595/591/585 594/590/584 559/555/549
f 559/555/549 571/567/561 595/591/585
f 594/590/584 596/592/586 593/589/583
f 593/589/583 596/592/586 591/587/581
f 596/592/586 594/590/584 595/591/585
f 595/591/585 597/593/587 596/592/586
f 596/592/586 597/593/587 591/587/581
f 598/594/588 595/591/585 571/567/561
f 597/593/587 595/591/585 598/594/588
f 597/593/587 599/595/589 591/587/581
f 598/594/588 599/595/589 597/593/587
f 600/596/590 599/595/589 598/594/588
f 599/595/589 600/596/590 591/587/581
f 589/585/579 601/597/591 588/584/578
f 601/597/591 589/585/579 591/587/581
f 602/598/592 601/597/591 591/587/581
f 600/596/590 602/598/592 591/587/581
f 598/594/588 603/599/593 600/596/590
f 602/598/592 600/596/590 603/599/593
f 571/567/561 604/600/594 598/594/588
f 598/594/588 604/600/594 603/599/593
f 571/567/561 568/564/558 605/601/595
f 605/601/595 604/600/594 571/567/561
f 603/599/593 604/600/594 606/602/596
f 606/602/596 586/582/576 588/584/578
f 601/597/591 602/598/592 607/603/597
f 603/599/593 607/603/597 602/598/592
f 607/603/597 588/584/578 601/597/591
f 588/584/578 607/603/597 606/602/596
f 606/602/596 607/603/597 603/599/593
f 577/573/567 586/582/576 608/604/598
f 608/604/598 575/571/565 577/573/567
f 586/582/576 606/602/596 609/605/599
f 609/605/599 608/604/598 586/582/576
f 610/606/600 609/605/599 606/602/596
f 606/602/596 604/600/594 610/606/600
f 605/601/595 610/606/600 604/600/594
f 611/607/601 610/606/600 605/601/595
f 612/608/602 605/601/595 568/564/558
f 568/564/558 570/566/560 612/608/602
f 605/601/595 612/608/602 611/607/601
f 609/605/599 610/606/600 613/609/603
f 613/609/603 610/606/600 611/607/601
f 611/607/601 614/610/604 613/609/603
f 613/609/603 615/611/605 609/605/599
f 608/604/598 609/605/599 615/611/605
f 575/571/565 608/604/598 616/612/606
f 615/611/605 616/612/606 608/604/598
f 616/612/606 572/568/562 575/571/565
f 617/613/607 618/614/608 619/615/609
f 620/616/610 619/615/609 618/614/608
f 620/616/610 621/617/611 614/610/604
f 618/614/608 621/617/611 620/616/610
f 614/610/604 622/618/612 620/616/610
f 622/618/612 614/610/604 611/607/601
f 611/607/601 623/619/613 622/618/612
f 612/608/602 623/619/613 611/607/601
f 623/619/613 619/615/609 620/616/610
f 620/616/610 622/618/612 623/619/613
f 612/608/602 570/566/560 624/620/614
f 624/620/614 623/619/613 612/608/602
f 619/615/609 623/619/613 624/620/614
f 624/620/614 570/566/560 569/565/559
f 624/620/614 625/621/615 619/615/609
f 619/615/609 625/621/615 617/613/607
f 569/565/559 626/622/616 624/620/614
f 627/623/617 625/621/615 624/620/614
f 624/620/614 626/622/616 627/623/617
f 625/621/615 627/623/617 628/624/618
f 628/624/618 617/613/607 625/621/615
f 618/614/608 617/613/607 629/625/619
f 630/626/620 474/470/464 473/469/463
f 631/627/621 630/626/620 629/625/619
f 474/470/464 630/626/620 631/627/621
f 629/625/619 632/628/622 631/627/621
f 632/628/622 629/625/619 617/613/607
f 633/629/623 617/613/607 628/624/618
f 617/613/607 633/629/623 632/628/622
f 628/624/618 634/630/624 633/629/623
f 632/628/622 633/629/623 634/630/624
f 631/627/621 632/628/622 635/631/625
f 634/630/624 635/631/625 632/628/622
f 631/627/621 636/632/626 474/470/464
f 637/633/627 474/470/464 636/632/626
f 474/470/464 637/633/627 469/465/459
f 466/462/456 469/465/459 637/633/627
f 637/633/627 480/476/470 466/462/456
f 636/632/626 638/634/628 637/633/627
f 638/634/628 481/477/471 482/478/472
f 637/633/627 638/634/628 639/635/629
f 482/478/472 639/635/629 638/634/628
f 640/636/630 639/635/629 482/478/472
f 639/635/629 640/636/630 637/633/627
f 637/633/627 640/636/630 641/637/631
f 482/478/472 641/637/631 640/636/630
f 641/637/631 480/476/470 637/633/627
f 480/476/470 641/637/631 482/478/472
f 635/631/625 642/638/632 631/627/621
f 643/639/633 636/632/626 631/627/621
f 631/627/621 642/638/632 643/639/633
f 644/640/634 636/632/626 643/639/633
f 636/632/626 644/640/634 638/634/628
f 638/634/628 644/640/634 645/641/635
f 645/641/635 481/477/471 638/634/628
f 646/642/636 481/477/471 645/641/635
f 481/477/471 646/642/636 484/480/474
f 645/641/635 647/643/637 646/642/636
f 645/641/635 648/644/638 647/643/637
f 645/641/635 644/640/634 649/645/639
f 649/645/639 648/644/638 645/641/635
f 643/639/633 650/646/640 644/640/634
f 649/645/639 644/640/634 650/646/640
f 651/647/641 652/648/642 653/649/643
f 653/649/643 654/650/644 651/647/641
f 655/651/645 654/650/644 656/652/646
f 656/652/646 657/653/647 655/651/645
f 658/654/648 656/652/646 654/650/644
f 654/650/644 653/649/643 658/654/648
f 659/655/649 658/654/648 653/649/643
f 653/649/643 660/656/650 659/655/649
f 653/649/643 652/648/642 661/657/651
f 661/657/651 660/656/650 653/649/643
f 662/658/443 661/657/651 652/648/642
f 652/648/642 663/659/652 662/658/443
f 664/660/653 655/651/645 657/653/647
f 665/661/654 663/659/652 652/648/642
f 652/648/642 651/647/641 665/661/654
f 665/661/654 651/647/641 666/662/655
f 666/662/655 651/647/641 654/650/644
f 654/650/644 655/651/645 666/662/655
f 655/651/645 664/660/653 667/663/656
f 666/662/655 667/663/656 665/661/654
f 667/663/656 666/662/655 655/651/645
f 668/664/657 667/663/656 664/660/653
f 664/660/653 669/665/658 668/664/657
f 670/666/659 668/664/657 669/665/658
f 668/664/657 670/666/659 671/667/660
f 671/667/660 667/663/656 668/664/657
f 672/668/661 671/667/660 670/666/659
f 670/666/659 673/669/662 672/668/661
f 674/670/663 672/668/661 673/669/662
f 673/669/662 675/671/664 674/670/663
f 674/670/663 675/671/664 676/672/665
f 676/672/665 677/673/666 674/670/663
f 678/674/667 677/673/666 676/672/665
f 676/672/665 679/675/668 678/674/667
f 673/669/662 670/666/659 680/676/669
f 669/665/658 680/676/669 670/666/659
f 680/676/669 681/677/670 673/669/662
f 675/671/664 673/669/662 681/677/670
f 676/672/665 675/671/664 682/678/671
f 681/677/670 682/678/671 675/671/664
f 679/675/668 676/672/665 683/679/672
f 682/678/671 683/679/672 676/672/665
f 683/679/672 684/680/673 679/675/668
f 685/681/674 679/675/668 684/680/673
f 684/680/673 683/679/672 686/682/675
f 683/679/672 682/678/671 687/683/676
f 687/683/676 686/682/675 683/679/672
f 682/678/671 681/677/670 688/684/677
f 688/684/677 687/683/676 682/678/671
f 681/677/670 680/676/669 689/685/678
f 689/685/678 688/684/677 681/677/670
f 680/676/669 669/665/658 690/686/679
f 690/686/679 669/665/658 664/660/653
f 690/686/679 689/685/678 680/676/669
f 687/683/676 688/684/677 691/687/680
f 691/687/680 692/688/681 687/683/676
f 686/682/675 687/683/676 692/688/681
f 692/688/681 693/689/682 686/682/675
f 686/682/675 694/690/683 684/680/673
f 694/690/683 686/682/675 693/689/682
f 693/689/682 695/691/684 694/690/683
f 696/692/685 694/690/683 695/691/684
f 697/693/686 691/687/680 688/684/677
f 688/684/677 689/685/678 697/693/686
f 691/687/680 697/693/686 698/694/687
f 698/694/687 699/695/688 691/687/680
f 692/688/681 691/687/680 699/695/688
f 693/689/682 692/688/681 700/696/689
f 699/695/688 700/696/689 692/688/681
f 700/696/689 701/697/690 693/689/682
f 695/691/684 693/689/682 701/697/690
f 702/698/691 696/692/685 703/699/692
f 695/691/684 703/699/692 696/692/685
f 703/699/692 695/691/684 704/700/693
f 701/697/690 704/700/693 695/691/684
f 705/701/694 704/700/693 701/697/690
f 700/696/689 705/701/694 701/697/690
f 706/702/695 705/701/694 700/696/689
f 700/696/689 699/695/688 706/702/695
f 707/703/696 706/702/695 699/695/688
f 699/695/688 698/694/687 708/704/697
f 708/704/697 707/703/696 699/695/688
f 703/699/692 709/705/698 702/698/691
f 710/706/699 709/705/698 703/699/692
f 709/705/698 710/706/699 711/707/700
f 703/699/692 712/708/701 710/706/699
f 704/700/693 712/708/701 703/699/692
f 713/709/702 712/708/701 704/700/693
f 704/700/693 705/701/694 713/709/702
f 714/710/703 710/706/699 712/708/701
f 712/708/701 713/709/702 714/710/703
f 710/706/699 714/710/703 715/711/704
f 715/711/704 711/707/700 710/706/699
f 711/707/700 716/712/705 709/705/698
f 716/712/705 711/707/700 717/713/706
f 717/713/706 711/707/700 715/711/704
f 717/713/706 718/714/707 716/712/705
f 719/715/708 718/714/707 717/713/706
f 717/713/706 720/716/709 719/715/708
f 721/717/710 719/715/708 720/716/709
f 720/716/709 722/718/711 721/717/710
f 723/719/712 722/718/711 720/716/709
f 720/716/709 717/713/706 723/719/712
f 715/711/704 723/719/712 717/713/706
f 719/715/708 721/717/710 724/720/713
f 724/720/713 725/721/714 719/715/708
f 725/721/714 724/720/713 726/722/715
f 727/723/716 718/714/707 719/715/708
f 719/715/708 725/721/714 727/723/716
f 718/714/707 727/723/716 728/724/717
f 728/724/717 716/712/705 718/714/707
f 716/712/705 728/724/717 729/725/718
f 729/725/718 709/705/698 716/712/705
f 702/698/691 709/705/698 729/725/718
f 730/726/719 729/725/718 728/724/717
f 731/727/720 729/725/718 730/726/719
f 729/725/718 731/727/720 702/698/691
f 702/698/691 731/727/720 732/728/721
f 696/692/685 702/698/691 733/729/722
f 732/728/721 733/729/722 702/698/691
f 694/690/683 696/692/685 734/730/723
f 734/730/723 684/680/673 694/690/683
f 684/680/673 734/730/723 685/681/674
f 733/729/722 734/730/723 696/692/685
f 735/731/724 685/681/674 734/730/723
f 734/730/723 733/729/722 735/731/724
f 736/732/725 735/731/724 733/729/722
f 733/729/722 732/728/721 736/732/725
f 737/733/726 736/732/725 732/728/721
f 732/728/721 738/734/727 737/733/726
f 738/734/727 732/728/721 731/727/720
f 739/735/728 737/733/726 738/734/727
f 738/734/727 740/736/729 739/735/728
f 741/336/331 739/735/728 740/736/729
f 730/726/719 742/737/730 731/727/720
f 731/727/720 742/737/730 738/734/727
f 740/736/729 738/734/727 742/737/730
f 743/738/731 742/737/730 730/726/719
f 742/737/730 743/738/731 740/736/729
f 679/675/668 685/681/674 744/739/732
f 744/739/732 678/674/667 679/675/668
f 685/681/674 735/731/724 745/740/733
f 745/740/733 744/739/732 685/681/674
f 745/740/733 735/731/724 736/732/725
f 736/732/725 746/741/734 745/740/733
f 737/733/726 746/741/734 736/732/725
f 747/742/735 746/741/734 737/733/726
f 737/733/726 739/735/728 747/742/735
f 748/335/736 747/742/735 739/735/728
f 739/735/728 741/336/331 748/335/736
f 740/736/729 749/344/737 741/336/331
f 750/346/341 749/344/737 740/736/729
f 740/736/729 743/738/731 750/346/341
f 751/357/352 750/346/341 743/738/731
f 730/726/719 752/743/738 743/738/731
f 743/738/731 752/743/738 751/357/352
f 753/358/353 751/357/352 752/743/738
f 752/743/738 754/744/739 753/358/353
f 755/359/354 753/358/353 754/744/739
f 754/744/739 756/745/740 755/359/354
f 757/361/356 755/359/354 756/745/740
f 726/722/715 758/746/741 725/721/714
f 758/746/741 759/747/742 756/745/740
f 756/745/740 759/747/742 757/361/356
f 759/747/742 758/746/741 726/722/715
f 725/721/714 758/746/741 760/748/743
f 760/748/743 756/745/740 754/744/739
f 760/748/743 727/723/716 725/721/714
f 756/745/740 760/748/743 758/746/741
f 727/723/716 760/748/743 761/749/744
f 754/744/739 761/749/744 760/748/743
f 761/749/744 754/744/739 752/743/738
f 761/749/744 728/724/717 727/723/716
f 728/724/717 761/749/744 730/726/719
f 752/743/738 730/726/719 761/749/744
f 726/722/715 762/363/358 759/747/742
f 762/363/358 757/361/356 759/747/742
f 763/750/411 764/751/451 765/752/745
f 765/752/745 766/753/746 763/750/411
f 767/754/747 766/753/746 765/752/745
f 766/753/746 767/754/747 768/755/748
f 768/755/748 769/756/749 766/753/746
f 770/757/750 763/750/411 766/753/746
f 766/753/746 769/756/749 770/757/750
f 771/758/751 772/759/752 773/760/753
f 773/760/753 774/761/754 771/758/751
f 774/761/754 773/760/753 775/762/755
f 775/762/755 776/763/756 774/761/754
f 776/763/756 775/762/755 777/764/407
f 777/764/407 769/756/749 776/763/756
f 778/765/757 776/763/756 769/756/749
f 769/756/749 768/755/748 778/765/757
f 768/755/748 767/754/747 779/766/758
f 778/765/757 768/755/748 779/766/758
f 772/759/752 771/758/751 780/767/759
f 781/768/760 780/767/759 782/769/761
f 782/769/761 780/767/759 771/758/751
f 771/758/751 783/770/762 782/769/761
f 783/770/762 771/758/751 774/761/754
f 782/769/761 783/770/762 779/766/758
f 774/761/754 784/771/763 783/770/762
f 784/771/763 774/761/754 776/763/756
f 776/763/756 778/765/757 784/771/763
f 783/770/762 784/771/763 779/766/758
f 784/771/763 778/765/757 779/766/758
f 782/769/761 785/772/764 781/768/760
f 785/772/764 782/769/761 779/766/758
f 786/773/765 785/772/764 779/766/758
f 787/774/766 781/768/760 785/772/764
f 785/772/764 786/773/765 787/774/766
f 781/768/760 787/774/766 788/775/767
f 788/775/767 789/776/734 781/768/760
f 780/767/759 781/768/760 789/776/734
f 789/776/734 790/777/735 780/767/759
f 790/777/735 791/778/768 780/767/759
f 791/778/768 792/779/769 780/767/759
f 780/767/759 792/779/769 772/759/752
f 793/780/770 787/774/766 786/773/765
f 794/781/771 786/773/765 779/766/758
f 786/773/765 794/781/771 793/780/770
f 795/782/666 793/780/770 794/781/771
f 793/780/770 795/782/666 796/783/667
f 797/784/772 788/775/767 787/774/766
f 787/774/766 793/780/770 797/784/772
f 796/783/667 797/784/772 793/780/770
f 798/785/773 799/786/774 800/787/775
f 799/786/774 798/785/773 801/788/776
f 801/788/776 795/782/666 799/786/774
f 799/786/774 795/782/666 802/789/777
f 794/781/771 802/789/777 795/782/666
f 802/789/777 794/781/771 779/766/758
f 803/790/778 804/791/779 800/787/775
f 800/787/775 805/792/780 803/790/778
f 803/790/778 805/792/780 779/766/758
f 805/792/780 800/787/775 799/786/774
f 806/793/781 802/789/777 779/766/758
f 799/786/774 806/793/781 805/792/780
f 802/789/777 806/793/781 799/786/774
f 805/792/780 806/793/781 779/766/758
f 807/794/782 803/790/778 779/766/758
f 767/754/747 808/795/783 779/766/758
f 765/752/745 808/795/783 767/754/747
f 808/795/783 809/796/784 779/766/758
f 809/796/784 808/795/783 765/752/745
f 809/796/784 810/797/785 779/766/758
f 779/766/758 810/797/785 811/798/786
f 779/766/758 811/798/786 812/799/787
f 779/766/758 813/800/788 807/794/782
f 779/766/758 812/799/787 813/800/788
f 814/801/789 813/800/788 812/799/787
f 807/794/782 813/800/788 814/801/789
f 803/790/778 807/794/782 815/802/790
f 815/802/790 804/791/779 803/790/778
f 814/801/789 815/802/790 807/794/782
f 816/803/791 765/752/745 764/751/451
f 810/797/785 809/796/784 816/803/791
f 765/752/745 816/803/791 809/796/784
f 816/803/791 817/804/792 810/797/785
f 811/798/786 810/797/785 817/804/792
f 812/799/787 811/798/786 818/805/793
f 817/804/792 818/805/793 811/798/786
f 818/805/793 819/806/794 812/799/787
f 812/799/787 819/806/794 814/801/789
f 820/807/443 819/806/794 818/805/793
f 814/801/789 819/806/794 820/807/443
f 818/805/793 821/808/795 820/807/443
f 818/805/793 817/804/792 822/809/440
f 822/809/440 821/808/795 818/805/793
f 817/804/792 816/803/791 823/810/441
f 823/810/441 822/809/440 817/804/792
f 824/811/796 823/810/441 816/803/791
f 764/751/451 825/812/797 816/803/791
f 825/812/797 824/811/796 816/803/791
f 820/807/443 826/813/798 814/801/789
f 815/802/790 814/801/789 826/813/798
f 804/791/779 815/802/790 827/814/654
f 826/813/798 827/814/654 815/802/790
f 827/814/654 828/815/799 804/791/779
f 829/816/800 800/787/775 804/791/779
f 804/791/779 828/815/799 829/816/800
f 800/787/775 829/816/800 798/785/773
f 476/472/466 475/471/465 830/817/801
f 831/818/802 830/817/801 475/471/465
f 475/471/465 477/473/467 831/818/802
f 830/817/801 831/818/802 832/819/803
f 831/818/802 477/473/467 833/820/804
f 483/479/473 833/820/804 477/473/467
f 833/820/804 832/819/803 831/818/802
f 832/819/803 833/820/804 476/472/466
f 833/820/804 483/479/473 489/485/479
f 489/485/479 834/821/805 833/820/804
f 476/472/466 833/820/804 834/821/805
f 491/487/481 834/821/805 489/485/479
f 832/819/803 835/822/806 830/817/801
f 830/817/801 835/822/806 476/472/466
f 476/472/466 835/822/806 832/819/803
f 491/487/481 527/523/517 836/823/807
f 836/823/807 834/821/805 491/487/481
f 476/472/466 837/824/808 473/469/463
f 836/823/807 837/824/808 834/821/805
f 834/821/805 837/824/808 476/472/466
f 473/469/463 838/825/809 630/626/620
f 839/826/810 838/825/809 473/469/463
f 473/469/463 837/824/808 839/826/810
f 840/827/811 621/617/611 618/614/608
f 837/824/808 621/617/611 840/827/811
f 840/827/811 839/826/810 837/824/808
f 629/625/619 841/828/812 618/614/608
f 841/828/812 838/825/809 839/826/810
f 630/626/620 838/825/809 841/828/812
f 841/828/812 629/625/619 630/626/620
f 839/826/810 840/827/811 841/828/812
f 618/614/608 841/828/812 840/827/811
f 842/829/813 444/440/283 443/439/434
f 443/439/434 843/830/814 842/829/813
f 843/830/814 443/439/434 442/438/433
f 442/438/433 844/831/815 843/830/814
f 436/432/427 435/431/426 844/831/815
f 844/831/815 442/438/433 436/432/427
f 845/832/816 843/830/814 844/831/815
f 844/831/815 846/833/817 845/832/816
f 846/833/817 844/831/815 435/431/426
f 845/832/816 846/833/817 847/834/818
f 847/834/818 846/833/817 848/835/636
f 848/835/636 846/833/817 849/836/474
f 850/837/819 849/836/474 846/833/817
f 847/834/818 851/838/638 845/832/816
f 852/839/820 845/832/816 851/838/638
f 852/839/820 842/829/813 843/830/814
f 843/830/814 845/832/816 852/839/820
f 853/840/821 425/421/416 408/404/399
f 853/840/821 854/841/822 425/421/416
f 425/421/416 855/842/823 434/430/425
f 425/421/416 854/841/822 855/842/823
f 855/842/823 854/841/822 850/837/819
f 435/431/426 856/843/824 846/833/817
f 434/430/425 855/842/823 856/843/824
f 846/833/817 856/843/824 850/837/819
f 850/837/819 856/843/824 855/842/823
f 856/843/824 435/431/426 434/430/425
f 857/844/632 858/845/825 859/846/826
f 860/847/827 859/846/826 858/845/825
f 858/845/825 861/848/828 860/847/827
f 861/848/828 862/849/618 860/847/827
f 863/850/829 708/704/697 698/694/687
f 860/847/827 862/849/618 863/850/829
f 698/694/687 864/851/830 863/850/829
f 863/850/829 864/851/830 860/847/827
f 864/851/830 698/694/687 697/693/686
f 859/846/826 860/847/827 865/852/831
f 865/852/831 860/847/827 864/851/830
f 866/853/832 697/693/686 689/685/678
f 689/685/678 690/686/679 866/853/832
f 864/851/830 866/853/832 865/852/831
f 697/693/686 866/853/832 864/851/830
f 866/853/832 690/686/679 867/854/833
f 867/854/833 865/852/831 866/853/832
f 664/660/653 867/854/833 690/686/679
f 657/653/647 867/854/833 664/660/653
f 868/855/834 865/852/831 867/854/833
f 865/852/831 868/855/834 859/846/826
f 867/854/833 657/653/647 869/856/835
f 867/854/833 870/857/836 868/855/834
f 867/854/833 869/856/835 870/857/836
f 871/858/837 868/855/834 870/857/836
f 868/855/834 871/858/837 872/859/838
f 872/859/838 859/846/826 868/855/834
f 859/846/826 872/859/838 857/844/632
f 873/860/839 872/859/838 871/858/837
f 872/859/838 874/861/633 857/844/632
f 875/862/840 872/859/838 873/860/839
f 872/859/838 875/862/840 874/861/633
f 873/860/839 876/863/841 875/862/840
f 657/653/647 656/652/646 877/864/842
f 870/857/836 869/856/835 877/864/842
f 877/864/842 869/856/835 657/653/647
f 870/857/836 878/865/843 871/858/837
f 877/864/842 878/865/843 870/857/836
f 871/858/837 879/866/844 873/860/839
f 879/866/844 871/858/837 878/865/843
f 880/867/845 873/860/839 879/866/844
f 880/867/845 876/863/841 873/860/839
f 881/868/638 876/863/841 880/867/845
f 882/869/846 658/654/648 659/655/649
f 656/652/646 658/654/648 882/869/846
f 882/869/846 877/864/842 656/652/646
f 878/865/843 877/864/842 882/869/846
f 882/869/846 883/870/847 878/865/843
f 878/865/843 883/870/847 879/866/844
f 884/871/848 879/866/844 883/870/847
f 879/866/844 884/871/848 880/867/845
f 659/655/649 885/872/849 882/869/846
f 886/873/850 883/870/847 882/869/846
f 882/869/846 885/872/849 886/873/850
f 883/870/847 886/873/850 884/871/848
f 537/533/527 887/874/851 535/531/525
f 887/874/851 537/533/527 516/512/506
f 533/529/523 888/875/852 543/539/533
f 888/875/852 535/531/525 887/874/851
f 535/531/525 888/875/852 533/529/523
f 543/539/533 888/875/852 889/876/853
f 887/874/851 889/876/853 888/875/852
f 889/876/853 887/874/851 516/512/506
f 890/877/854 889/876/853 516/512/506
f 889/876/853 890/877/854 543/539/533
f 891/878/855 890/877/854 516/512/506
f 543/539/533 890/877/854 891/878/855
f 543/539/533 892/879/856 545/541/535
f 891/878/855 892/879/856 543/539/533
f 545/541/535 892/879/856 893/880/857
f 893/880/857 892/879/856 891/878/855
f 515/511/505 504/500/494 894/881/858
f 894/881/858 504/500/494 503/499/493
f 895/882/859 503/499/493 508/504/498
f 893/880/857 895/882/859 545/541/535
f 893/880/857 894/881/858 895/882/859
f 503/499/493 895/882/859 894/881/858
f 515/511/505 896/883/860 516/512/506
f 894/881/858 896/883/860 515/511/505
f 896/883/860 894/881/858 893/880/857
f 896/883/860 897/884/861 516/512/506
f 891/878/855 897/884/861 893/880/857
f 893/880/857 897/884/861 896/883/860
f 516/512/506 897/884/861 891/878/855
f 898/885/385 545/541/535 895/882/859
f 545/541/535 898/885/385 544/540/534
f 898/885/385 546/542/536 544/540/534
f 899/886/862 508/504/498 509/505/499
f 895/882/859 899/886/862 898/885/385
f 508/504/498 899/886/862 895/882/859
f 497/493/487 496/492/486 900/887/863
f 900/887/863 509/505/499 497/493/487
f 509/505/499 900/887/863 899/886/862
f 406/402/397 401/397/392 901/888/864
f 901/888/864 408/404/399 406/402/397
f 408/404/399 901/888/864 853/840/821
f 902/889/865 903/890/866 904/891/867
f 903/890/866 905/892/868 904/891/867
f 904/891/867 905/892/868 906/893/869
f 906/893/869 907/894/870 904/891/867
f 907/894/870 908/895/871 904/891/867
f 908/895/871 909/896/872 904/891/867
f 904/891/867 910/897/873 911/898/874
f 911/898/874 912/899/875 904/891/867
f 904/891/867 912/899/875 913/900/546
f 913/900/546 902/889/865 904/891/867
f 903/890/866 902/889/865 914/901/876
f 913/900/546 914/901/876 902/889/865
f 905/892/868 903/890/866 915/902/365
f 914/901/876 915/902/365 903/890/866
f 915/902/365 916/903/364 905/892/868
f 906/893/869 905/892/868 916/903/364
f 917/904/877 918/905/878 904/891/867
f 918/905/878 919/906/879 904/891/867
f 919/906/879 920/907/880 904/891/867
f 904/891/867 920/907/880 921/908/881
f 921/908/881 922/909/882 904/891/867
f 904/891/867 922/909/882 923/910/883
f 923/910/883 924/911/807 904/891/867
f 924/911/807 925/912/884 904/891/867
f 904/891/867 925/912/884 926/913/885
f 926/913/885 927/914/886 904/891/867
f 928/915/887 910/897/873 904/891/867
f 927/914/886 928/915/887 904/891/867
f 916/903/364 929/916/358 906/893/869
f 906/893/869 929/916/358 930/917/715
f 930/917/715 907/894/870 906/893/869
f 931/918/713 908/895/871 907/894/870
f 907/894/870 930/917/715 931/918/713
f 932/919/710 909/896/872 908/895/871
f 908/895/871 931/918/713 932/919/710
f 909/896/872 933/920/563 904/891/867
f 904/891/867 933/920/563 917/904/877
f 932/919/710 933/920/563 909/896/872
