# Blender 4.4.1
# www.blender.org
mtllib torso.mtl
o DPROP_GEN_SentinelTorso_01_STAT.001
v 2.786122 -6.713527 -0.502058
v 2.540345 -6.837379 -0.447522
v 2.536547 -6.813871 -0.764375
v 2.406130 -6.773491 -1.148852
v 2.383058 -6.832482 -0.854214
v 2.320758 -6.868571 -1.115355
v 2.700360 -6.641821 -0.830365
v 2.837926 -6.402963 -0.521653
v 2.768485 -6.269951 -0.870176
v 2.839505 -6.047386 -0.538519
v 2.759271 -5.889367 -0.894702
v 2.742424 -5.811239 -0.514043
v 2.654662 -5.655141 -0.855040
v 2.231622 -6.071735 -1.387136
v 2.185548 -5.738428 -1.342065
v 2.509481 -5.811292 -1.163785
v 2.525580 -6.151258 -1.185757
v 2.498067 -6.527972 -1.168321
v 2.211658 -6.492226 -1.424703
v 1.982895 -6.116143 -1.529936
v 1.930453 -6.205142 -1.667091
v 1.900768 -5.719765 -1.585423
v 1.652875 -6.204536 -1.793991
v 1.623259 -5.693915 -1.737122
v 1.959453 -6.558902 -1.747601
v 2.016296 -6.727082 -1.649526
v 2.235378 -6.742166 -1.492757
v 2.174913 -6.916348 -1.436754
v 1.938184 -6.919374 -1.641958
v 1.488717 -5.695336 -1.687992
v 1.515056 -5.642900 -1.668794
v 1.090544 -5.688729 -1.779329
v 1.015675 -5.727083 -1.866275
v 0.999413 -5.495726 -1.865714
v 1.069533 -5.506545 -1.752905
v 1.166261 -5.732532 -1.740038
v 1.525575 -6.208275 -1.778960
v 1.692924 -6.555191 -1.889777
v 1.106423 -5.765199 -1.881011
v 0.825452 -5.773938 -1.950331
v 1.216294 -6.213328 -1.831876
v 1.552781 -6.730294 -1.860342
v 1.274076 -6.840300 -2.003275
v 1.173897 -6.717290 -2.077370
v 0.741775 -6.837089 -2.117119
v 0.874390 -6.697995 -2.166199
v 0.714915 -6.215355 -1.993167
v 0.843157 -6.211513 -2.056412
v 1.130019 -6.211591 -1.970016
v 0.378660 -6.914242 -2.103539
v 0.369141 -6.249813 -1.879366
v 0.558983 -6.213908 -1.991667
v 0.579318 -6.900159 -2.163717
v 0.358127 -6.037752 -1.878802
v 0.000000 -6.262290 -2.010190
v 0.000000 -6.033645 -1.999537
v 0.541364 -5.780572 -1.932578
v 0.681487 -5.775018 -1.862153
v 0.346053 -5.351548 -1.874190
v 0.349480 -5.152038 -1.858357
v 0.554950 -5.244799 -1.891898
v 0.527724 -5.444975 -1.886815
v 0.675822 -5.518917 -1.859107
v 0.762815 -5.704287 -1.850023
v 0.850354 -5.733269 -1.920604
v 0.000000 -5.151484 -1.990658
v 0.000000 -5.355628 -1.996020
v 0.840398 -5.496990 -1.909472
v 1.019010 -5.226654 -1.923599
v 0.757424 -5.513258 -1.855874
v 0.680057 -5.309720 -1.883145
v 0.682963 -4.856220 -1.985299
v 0.566927 -4.863130 -2.089539
v 0.698728 -4.360322 -2.160207
v 0.833452 -4.856473 -2.127508
v 0.822219 -5.185550 -2.039941
v 1.081715 -5.187127 -2.001161
v 0.843591 -5.227036 -1.972919
v 0.762397 -5.308164 -1.878186
v 1.094853 -4.855194 -2.072324
v 0.848780 -4.360313 -2.291629
v 1.115928 -4.360313 -2.229082
v 1.181721 -4.360319 -2.115086
v 1.156861 -4.853580 -1.926173
v 1.128016 -5.256439 -1.800469
v 1.079328 -5.269121 -1.830893
v 1.513598 -4.360322 -1.926500
v 1.475345 -4.854430 -1.725434
v 1.455692 -5.268724 -1.637182
v 1.518363 -5.480117 -1.618529
v 1.751980 -5.647323 -1.627985
v 1.631780 -5.213253 -1.763621
v 1.522393 -5.315640 -1.607616
v 1.752807 -5.450845 -1.640188
v 1.866274 -5.642427 -1.509874
v 1.953312 -5.699286 -1.469873
v 1.850146 -5.495727 -1.444700
v 2.445415 -5.532263 -1.151021
v 2.181841 -5.478985 -1.316992
v 1.915583 -5.469324 -1.438259
v 1.863552 -5.301689 -1.465396
v 1.750261 -5.248837 -1.661021
v 2.332551 -5.460559 -1.023292
v 2.119431 -5.357797 -1.264577
v 1.901155 -5.267877 -1.447796
v 1.894332 -5.203871 -1.644592
v 2.387504 -5.026325 -1.060805
v 2.116920 -4.993044 -1.322591
v 1.924670 -4.856221 -1.571545
v 1.900055 -4.855028 -1.719345
v 1.641775 -4.853744 -1.845906
v 1.933788 -4.574705 -1.649249
v 2.145144 -4.699420 -1.433823
v 1.931832 -4.579817 -1.819995
v 1.663405 -4.347466 -2.021030
v 1.366487 -4.099962 -2.111169
v 1.208984 -3.787343 -2.277080
v 1.137347 -3.785097 -2.402477
v 0.875064 -3.704377 -2.469022
v 0.735836 -3.702381 -2.375306
v 0.560307 -4.364275 -2.219311
v 0.359072 -4.578917 -2.084683
v 0.366151 -4.310504 -2.216363
v -0.000000 -4.601686 -2.263471
v -0.000000 -4.292109 -2.357427
v 0.231728 -3.694495 -2.560815
v -1.357474 -7.421574 -0.842227
v 0.000000 -7.627080 0.005097
v -1.508618 -7.359371 -0.601369
v -1.615707 -7.290483 -0.553639
v -1.719768 -7.277874 -0.492729
v -1.722345 -7.293799 -0.277902
v -1.733125 -7.342655 -0.097761
v -1.706509 -7.412360 0.117251
v -2.556242 -6.909426 -0.181824
v -2.540345 -6.837379 -0.447522
v -2.536547 -6.813871 -0.764375
v -2.383058 -6.832482 -0.854214
v -2.225112 -6.934091 -0.924608
v -2.002184 -7.044385 -1.279858
v -1.230988 -7.396118 -1.005039
v -2.320758 -6.868571 -1.115355
v -2.174913 -6.916348 -1.436754
v -1.817131 -7.022931 -1.512315
v -1.452857 -7.041699 -1.735424
v -0.985030 -7.420968 -1.151095
v -1.178896 -7.143229 -1.885236
v -1.235047 -7.043938 -2.040205
v -0.792053 -7.078790 -2.181924
v -1.938184 -6.919374 -1.641958
v -1.545750 -6.962834 -1.865678
v -0.798189 -7.475141 -1.229907
v -0.755039 -7.186953 -1.975746
v -0.572673 -7.124513 -2.197221
v -0.534239 -7.216355 -1.944980
v -0.382566 -7.090529 -2.135098
v -0.356482 -7.123487 -1.974235
v 0.000000 -7.485591 -1.300454
v -0.240459 -7.484723 -1.289846
v -0.407336 -7.521443 -1.276542
v -0.510808 -7.497384 -1.294278
v 0.000000 -7.120249 -1.955717
v 0.240459 -7.484723 -1.289846
v 0.407336 -7.521443 -1.276542
v 0.000000 -7.101506 -2.097353
v 0.356482 -7.123487 -1.974235
v 0.534239 -7.216355 -1.944980
v 0.510808 -7.497384 -1.294278
v 0.798189 -7.475141 -1.229907
v 0.985030 -7.420968 -1.151095
v 0.755039 -7.186953 -1.975746
v 1.178896 -7.143229 -1.885236
v 0.382566 -7.090529 -2.135098
v 0.572673 -7.124513 -2.197221
v 0.792053 -7.078790 -2.181924
v 1.235047 -7.043938 -2.040205
v 1.452857 -7.041699 -1.735424
v 1.545750 -6.962834 -1.865678
v 1.817131 -7.022931 -1.512315
v 1.938184 -6.919374 -1.641958
v 2.174913 -6.916348 -1.436754
v 2.002184 -7.044385 -1.279858
v 2.320758 -6.868571 -1.115355
v 2.225112 -6.934091 -0.924608
v 1.230988 -7.396118 -1.005039
v 1.357474 -7.421574 -0.842227
v 1.508618 -7.359371 -0.601369
v 1.615707 -7.290483 -0.553639
v 2.383058 -6.832482 -0.854214
v 1.719768 -7.277874 -0.492729
v 1.722345 -7.293799 -0.277902
v 2.540345 -6.837379 -0.447522
v 2.536547 -6.813871 -0.764375
v 2.786122 -6.713527 -0.502058
v 2.787727 -6.770727 -0.202319
v 2.556242 -6.909426 -0.181824
v 1.733125 -7.342655 -0.097761
v 1.706509 -7.412360 0.117251
v 1.709994 -7.492199 0.458794
v 2.516994 -7.012244 0.135311
v 2.522132 -7.129990 0.639068
v 2.782542 -6.910899 0.234206
v 1.614651 -7.603521 0.713278
v 2.381502 -7.294168 1.014410
v 2.706361 -7.042069 0.695089
v 2.536357 -7.307936 1.124942
v 2.199086 -7.570459 1.325168
v 1.490971 -7.790812 0.923973
v 1.366937 -7.917823 1.077107
v 1.216954 -8.121144 1.267881
v 1.794930 -8.057678 1.832412
v 2.141272 -7.761988 1.631707
v 1.857398 -8.082528 1.986794
v 2.016141 -7.757776 1.551034
v 2.326062 -7.566090 1.429412
v 0.123986 -8.536475 1.557225
v 0.000000 -8.547241 1.582824
v 0.182871 -8.670224 2.259162
v 0.426489 -8.484829 1.534934
v 0.629042 -8.594071 2.226300
v 0.891518 -8.364636 1.455996
v 1.314930 -8.416809 2.109866
v -0.123986 -8.536475 1.557225
v 1.362073 -8.437684 2.321101
v 0.676322 -8.718791 2.459851
v 0.246427 -8.772491 2.431764
v 0.000000 -8.686124 2.296936
v -0.182871 -8.670224 2.259162
v 0.000000 -8.792682 2.514683
v -0.246427 -8.772491 2.431764
v -0.629042 -8.594071 2.226300
v -0.426489 -8.484829 1.534934
v -0.891518 -8.364636 1.455996
v -1.314930 -8.416809 2.109866
v -1.362073 -8.437684 2.321101
v -1.857398 -8.082528 1.986794
v -0.676322 -8.718791 2.459851
v -1.216954 -8.121144 1.267881
v -1.794930 -8.057678 1.832412
v -2.141272 -7.761988 1.631707
v -2.016141 -7.757776 1.551034
v -1.366937 -7.917823 1.077107
v -1.490971 -7.790812 0.923973
v -2.199086 -7.570459 1.325168
v -1.614651 -7.603521 0.713278
v -1.709994 -7.492199 0.458794
v -2.516994 -7.012244 0.135311
v -2.787727 -6.770727 -0.202319
v -2.786122 -6.713527 -0.502058
v -2.782542 -6.910899 0.234206
v -2.522132 -7.129990 0.639068
v -2.381502 -7.294168 1.014410
v -2.536357 -7.307936 1.124942
v -2.326062 -7.566090 1.429412
v -2.706361 -7.042069 0.695089
v -3.260074 -4.765058 -0.164818
v -2.844744 -4.970788 -0.195769
v -2.794598 -4.671970 0.213748
v -3.307588 -4.428624 0.368616
v -2.981204 -4.465026 0.515333
v -2.712495 -4.865089 -0.184492
v -2.791281 -5.069622 -0.517477
v -3.210507 -4.968261 -0.549107
v -3.568637 -4.549179 -0.615356
v -2.616056 -4.893971 -0.559008
v -3.313353 -4.127958 0.794558
v -2.947247 -4.186967 0.801739
v -3.564583 -4.082187 0.332809
v -3.573534 -4.367606 -0.210300
v -3.926714 -3.885058 -0.682887
v -3.907288 -3.742804 -0.279130
v -4.075468 -3.302129 -0.729698
v -4.050224 -3.232733 -0.345975
v -4.147647 -2.703145 -0.761349
v -3.855957 -3.522530 0.254965
v -3.526862 -3.826997 0.765861
v -3.254678 -3.841199 1.175239
v -2.882070 -3.973150 1.048813
v -2.784674 -3.728206 1.321295
v -4.030981 -1.981887 -0.434724
v -4.145778 -2.155442 -0.433666
v -4.112768 -2.084327 -0.063034
v -4.055068 -1.961863 -0.735794
v -4.172628 -2.150212 -0.775032
v -4.129352 -2.677351 -0.402102
v -4.003000 -3.070110 0.149880
v -3.786305 -3.316660 0.681831
v -3.833635 -2.692075 0.950459
v -3.687145 -3.103501 1.084290
v -3.543314 -2.893048 1.466469
v -3.929242 -2.879154 0.565550
v -4.032034 -2.417553 0.421614
v -4.088472 -2.557826 0.053518
v -3.310168 -3.337432 1.528147
v -3.107135 -3.120735 1.878590
v -3.443864 -3.574140 1.163463
v -3.137960 -3.581261 1.516601
v -2.957066 -3.349773 1.840398
v -2.749427 -3.164993 2.099073
v -2.663928 -3.476741 1.601163
v -2.494953 -3.264235 1.874273
v -2.226907 -3.023734 2.149032
v -1.885951 -2.827526 2.378751
v -2.124288 -2.791383 2.558750
v -2.476269 -2.977428 2.339924
v -2.873410 -2.945647 2.162104
v -3.325804 -2.687072 1.849301
v -3.693252 -2.492835 1.327507
v -3.801810 -2.067928 1.128037
v -3.663928 -1.412794 1.160486
v -3.709362 -1.348183 1.017463
v -3.744004 -1.518011 1.058277
v -3.853667 -1.564838 0.731075
v -3.885465 -1.695068 0.846177
v -3.630049 -1.888571 1.436171
v -3.480796 -2.273056 1.724507
v -3.064570 -2.531136 2.168595
v -2.298328 -2.330312 2.698396
v -1.869522 -2.221647 2.870051
v -1.931229 -1.921871 2.868866
v -2.402305 -1.970637 2.693053
v -2.707072 -2.421473 2.460906
v -2.874726 -1.937141 2.437215
v -3.267418 -1.826898 2.096519
v -3.499275 -1.645425 1.666040
v -2.470243 -1.649837 2.911932
v -2.934796 -1.626941 2.669993
v -3.327936 -1.535251 2.327105
v -3.586406 -1.375081 1.873284
v -3.786569 -1.167868 1.330511
v -3.807706 -1.112420 1.166711
v -3.854167 -0.845498 1.269494
v -3.849640 -0.793088 1.488957
v -3.873146 -0.632713 1.343307
v -3.633840 -0.933998 1.999173
v -3.371738 -1.041153 2.423606
v -2.997972 -1.098638 2.743567
v -2.561004 -1.111171 2.970922
v -3.883754 -0.157736 1.406629
v -3.878806 -0.405616 1.386088
v -3.849982 -0.213979 1.597055
v -3.854772 -0.528178 1.548488
v -3.630550 -0.586676 2.010148
v -3.368606 -0.630463 2.393229
v -3.013608 -0.656873 2.690842
v -3.610202 -0.212766 1.996020
v -3.343651 -0.213826 2.333844
v -3.003448 -0.221345 2.607976
v -2.630284 -0.222845 2.817536
v -2.608818 -0.662567 2.910668
v -2.264955 -0.205903 2.961683
v -2.197012 -0.643712 3.059080
v -1.920371 -0.177793 3.054578
v -2.629937 0.174991 2.698081
v -2.989786 0.169016 2.506631
v -3.326936 0.158829 2.256717
v -3.599646 0.128872 1.949446
v -3.850798 0.087887 1.585262
v -3.877174 0.132032 1.385341
v -3.858563 0.452571 1.506892
v -2.289136 0.192312 2.829882
v -1.976348 0.213054 2.914512
v -1.980628 0.623226 2.718350
v -2.279672 0.608722 2.641354
v -2.611505 0.593559 2.521688
v -2.970306 0.581556 2.349849
v -3.312616 0.559287 2.124160
v -3.594961 0.513379 1.842876
v -2.933322 0.937080 2.154805
v -2.563089 0.949531 2.313233
v -2.223035 0.956427 2.428898
v -2.485587 1.297789 2.049046
v -2.123851 1.288629 2.176904
v -1.981360 1.620883 1.883257
v -1.802287 1.270887 2.271379
v -1.628903 1.567104 2.023265
v -1.526894 1.256751 2.322289
v -1.318123 0.930315 2.575520
v -1.178512 1.191285 2.373171
v -1.050996 0.881090 2.568307
v -1.661507 0.961640 2.547827
v -1.920168 0.959771 2.505789
v -1.720211 0.633307 2.762178
v -1.373863 0.635887 2.775393
v -1.094008 0.646496 2.729511
v -1.053784 0.567209 2.585311
v -0.892942 0.370837 2.701819
v -0.924852 0.566025 2.566596
v -1.017628 0.342855 2.737224
v -1.059159 0.401451 2.877475
v -1.337724 0.272388 2.971239
v -1.700515 0.229322 2.964342
v -1.218842 -0.047679 3.117465
v -0.951746 0.171306 3.006591
v -1.609463 -0.145918 3.110463
v -1.792226 -0.598649 3.153554
v -1.408873 -0.525520 3.211598
v -0.951470 -0.324491 3.229234
v -0.777090 -0.018644 3.111306
v -0.559341 -0.162817 3.189275
v -0.744989 -0.047731 2.997799
v -0.528082 -0.186651 3.091352
v -0.462929 -0.090507 3.020700
v -0.322693 -0.255647 3.238237
v -0.276588 -0.275634 3.147264
v -0.239543 -0.171580 3.072163
v -0.243934 -0.171144 2.958866
v -0.468038 -0.103985 2.902403
v -0.653997 0.031318 2.935650
v -0.912959 0.131847 2.876475
v -0.801190 0.187310 2.826276
v -0.652460 0.005863 2.815615
v 0.000000 0.506350 2.449246
v -0.791016 0.149115 2.704267
v -0.877917 0.675293 2.294833
v -0.907834 0.495847 2.434610
v -0.877506 0.316453 2.574177
v -0.957645 1.416745 2.183364
v -0.656995 1.601114 2.015924
v -1.075016 1.737127 1.898134
v -0.764168 1.275283 2.257217
v -0.938313 1.094336 2.406602
v -0.910821 0.988569 2.271221
v -1.016202 0.786799 2.425950
v -0.892492 0.756922 2.424976
v -0.551280 1.833576 1.789150
v -0.314249 1.670345 1.934011
v -0.267956 1.835419 1.795091
v -0.540598 1.412138 2.134694
v -0.743562 1.159539 2.133310
v -0.800418 0.932236 2.287699
v -0.653176 1.080806 2.165656
v -0.653149 0.986542 2.052389
v -0.468554 1.094310 1.965211
v -0.791703 0.842842 2.164285
v 0.877506 0.316453 2.574177
v 0.892942 0.370837 2.701819
v 0.924852 0.566025 2.566596
v 0.791016 0.149115 2.704267
v 0.801190 0.187310 2.826276
v 0.652460 0.005863 2.815615
v 0.653997 0.031318 2.935650
v 0.468038 -0.103985 2.902403
v 0.907834 0.495847 2.434610
v 0.877917 0.675293 2.294833
v 0.791703 0.842842 2.164285
v 0.653149 0.986542 2.052389
v 0.468554 1.094310 1.965211
v 0.244210 1.154064 1.908800
v 0.653176 1.080806 2.165656
v 0.800418 0.932236 2.287699
v 0.892492 0.756922 2.424976
v 0.462260 1.194102 2.067901
v 0.526744 1.289840 2.023165
v 0.743562 1.159539 2.133310
v 0.540598 1.412138 2.134694
v 0.656995 1.601114 2.015924
v 0.764168 1.275283 2.257217
v 0.910821 0.988569 2.271221
v 1.075016 1.737127 1.898134
v 0.865366 1.874062 1.734000
v 0.957645 1.416745 2.183364
v 0.938313 1.094336 2.406602
v 1.016202 0.786799 2.425950
v 1.053784 0.567209 2.585311
v 1.094008 0.646496 2.729511
v 1.017628 0.342855 2.737224
v 1.050996 0.881090 2.568307
v 1.178512 1.191285 2.373171
v 1.318123 0.930315 2.575520
v 1.373863 0.635887 2.775393
v 1.059159 0.401451 2.877475
v 0.912959 0.131847 2.876475
v 1.313459 1.523302 2.099971
v 1.526894 1.256751 2.322289
v 1.661507 0.961640 2.547827
v 1.720211 0.633307 2.762178
v 1.920168 0.959771 2.505789
v 1.980628 0.623226 2.718350
v 2.223035 0.956427 2.428898
v 2.123851 1.288629 2.176904
v 1.802287 1.270887 2.271379
v 1.628903 1.567104 2.023265
v 1.421072 1.807332 1.793080
v 1.199834 1.950531 1.612434
v 1.981360 1.620883 1.883257
v 1.790028 1.895936 1.607021
v 1.544349 2.056562 1.407253
v 1.848092 2.201472 1.123724
v 0.314249 1.670345 1.934011
v 0.551280 1.833576 1.789150
v 0.388631 1.939659 1.653516
v 0.659196 1.976512 1.578721
v 0.958840 2.048954 1.446038
v 1.255632 2.164199 1.234972
v 1.524436 2.309240 0.973978
v 0.179062 1.931104 1.690895
v 0.267956 1.835419 1.795091
v 0.000000 1.933895 1.700238
v 0.926610 2.009575 1.415829
v 0.644836 1.952058 1.561679
v 0.386793 1.915468 1.635395
v 0.179689 1.897094 1.667362
v 0.000000 1.899253 1.677594
v -0.179062 1.931104 1.690895
v 0.000000 1.692456 1.908666
v 0.000000 1.846922 1.785760
v 0.000000 1.519722 2.023441
v 0.279644 1.493161 2.053621
v 0.272684 1.369653 1.951784
v 0.000000 1.396923 1.925789
v 0.239174 1.263727 2.003557
v 0.000000 1.287602 1.979734
v 0.000000 1.171911 1.888287
v -0.244210 1.154064 1.908800
v -0.239174 1.263727 2.003557
v -0.462260 1.194102 2.067901
v -0.272684 1.369653 1.951784
v -0.526744 1.289840 2.023165
v -0.279644 1.493161 2.053621
v 0.000000 -0.194045 2.979531
v 0.243934 -0.171144 2.958866
v 0.462929 -0.090507 3.020700
v 0.744989 -0.047731 2.997799
v 0.239543 -0.171580 3.072163
v 0.528082 -0.186651 3.091352
v 0.559341 -0.162817 3.189275
v 0.777090 -0.018644 3.111306
v 0.951470 -0.324491 3.229234
v 1.218842 -0.047679 3.117465
v 1.408873 -0.525520 3.211598
v 1.609463 -0.145918 3.110463
v 0.322693 -0.255647 3.238237
v 0.276588 -0.275634 3.147264
v 1.220558 -0.912232 3.266903
v 0.738208 -0.496174 3.282697
v 0.398834 -0.591662 3.307441
v 0.130769 -0.312158 3.256927
v 0.075140 -0.327491 3.177877
v 0.000000 -0.201934 3.089483
v 0.000000 -0.328384 3.167690
v 0.758606 -0.969156 3.310705
v 0.000000 -0.380786 3.205096
v 0.160299 -0.642111 3.308731
v 0.411753 -0.940040 3.319287
v 0.685114 -1.315222 3.268535
v 0.369494 -1.231434 3.278090
v 0.334136 -1.494710 3.165610
v 0.139022 -1.397201 3.174903
v 0.104351 -1.756526 3.180904
v 0.000000 -1.325701 3.123783
v 0.000000 -1.849108 3.140998
v -0.160299 -0.642111 3.308731
v 0.000000 -0.696414 3.225680
v 0.165529 -0.941816 3.305598
v 0.154366 -1.170554 3.264955
v 0.000000 -1.117520 3.194619
v -0.154366 -1.170554 3.264955
v 0.000000 -0.941985 3.212914
v -0.165529 -0.941816 3.305598
v -0.411753 -0.940040 3.319287
v -0.369494 -1.231434 3.278090
v -0.139022 -1.397201 3.174903
v -0.104351 -1.756526 3.180904
v -0.156256 -1.945333 3.146631
v -0.083311 -1.998919 3.116859
v -0.258346 -2.031661 3.101539
v -0.156114 -2.124616 3.045023
v -0.559401 -2.250576 2.975924
v -0.164563 -2.231147 2.840358
v -0.045563 -1.955007 2.782157
v 0.000000 -1.877071 2.568016
v 0.045237 -1.964567 2.778340
v -0.488728 -2.299132 2.821169
v -0.797323 -2.376573 2.806322
v -0.915523 -2.358631 2.933543
v -1.147274 -2.504371 2.727904
v -1.303961 -2.486955 2.855678
v -1.507875 -2.650842 2.568542
v -1.733091 -2.636151 2.723666
v -0.612517 -2.112197 3.056052
v -0.979070 -2.214576 3.007064
v -1.395417 -2.339889 2.929358
v -1.434191 -2.105505 2.989480
v -1.005872 -1.991870 3.070319
v -0.622061 -1.890288 3.122782
v -0.320253 -1.810252 3.157055
v -1.468754 -1.827741 2.989322
v -1.022138 -1.725135 3.079032
v -0.630790 -1.614113 3.137865
v -0.334136 -1.494710 3.165610
v -0.685114 -1.315222 3.268535
v -1.082531 -1.415040 3.226549
v -1.530453 -1.516098 3.156502
v -1.997572 -1.603629 3.062870
v -2.109315 -1.083399 3.117597
v -1.657600 -1.016643 3.208070
v -1.220558 -0.912232 3.266903
v -0.758606 -0.969156 3.310705
v -0.738208 -0.496174 3.282697
v -0.398834 -0.591662 3.307441
v -0.130769 -0.312158 3.256927
v -0.075140 -0.327491 3.177877
v 0.205080 -7.522972 2.883738
v 0.508984 -7.494516 2.847543
v 0.475495 -7.362873 2.687654
v 0.271665 -7.603627 2.913246
v 0.510445 -7.577804 2.882790
v 0.804625 -7.574750 2.800529
v 0.832875 -7.498912 2.752963
v 0.860625 -7.364636 2.594101
v 0.552839 -7.173002 2.700685
v 1.156603 -7.009665 2.454429
v 1.078430 -7.014614 2.632323
v 1.232506 -6.667514 2.614476
v 1.268438 -6.681544 2.420420
v 0.461352 -8.009929 2.902348
v 0.720669 -7.936618 2.825826
v 1.023399 -7.680780 2.689444
v 1.072197 -7.654457 2.641088
v 1.110361 -7.644244 2.517869
v 1.479304 -7.236757 2.362745
v 1.335152 -7.765594 2.432291
v 1.000244 -8.014088 2.486991
v 0.983016 -8.010218 2.654750
v 0.925899 -7.995135 2.723006
v 0.797504 -8.259291 2.710766
v 0.619766 -8.393934 2.763545
v 0.844755 -8.298985 2.638192
v 1.340761 -8.135755 2.339869
v 0.219387 -8.509336 2.838619
v 0.147695 -8.585516 2.802477
v 0.366032 -8.579172 2.774759
v 0.384043 -8.500807 2.819613
v 0.602016 -8.479565 2.720532
v 0.692821 -8.366005 2.735115
v 0.732130 -8.414862 2.666517
v 0.828800 -8.369480 2.500784
v 0.562028 -8.566037 2.560775
v 0.306478 -8.668251 2.554826
v 0.676322 -8.718791 2.459851
v 1.362073 -8.437684 2.321101
v 0.246427 -8.772491 2.431764
v -0.732130 -8.414862 2.666517
v -0.828800 -8.369480 2.500784
v -0.562028 -8.566037 2.560775
v -0.676322 -8.718791 2.459851
v -0.306478 -8.668251 2.554826
v -0.246427 -8.772491 2.431764
v 0.000000 -8.722504 2.576095
v 0.000000 -8.792682 2.514683
v -1.362073 -8.437684 2.321101
v -0.692821 -8.366005 2.735115
v -0.602016 -8.479565 2.720532
v -0.366032 -8.579172 2.774759
v -0.147695 -8.585516 2.802477
v 0.000000 -8.152733 2.634613
v 0.141249 -8.099165 2.877314
v -0.219387 -8.509336 2.838619
v -0.384043 -8.500807 2.819613
v -0.141249 -8.099165 2.877314
v 0.000000 -7.544136 2.699948
v 0.142170 -7.611498 2.889318
v 0.212535 -7.682255 2.920327
v 0.095817 -7.463402 2.704186
v 0.000000 -7.168344 2.748935
v -0.142170 -7.611498 2.889318
v -0.095817 -7.463402 2.704186
v -0.475495 -7.362873 2.687654
v -0.552839 -7.173002 2.700685
v -0.860625 -7.364636 2.594101
v -1.156603 -7.009665 2.454429
v -1.110361 -7.644244 2.517869
v -0.205080 -7.522972 2.883738
v -1.078430 -7.014614 2.632323
v -1.232506 -6.667514 2.614476
v -1.072197 -7.654457 2.641088
v -1.000244 -8.014088 2.486991
v -0.832875 -7.498912 2.752963
v -0.508984 -7.494516 2.847543
v -0.271665 -7.603627 2.913246
v -0.212535 -7.682255 2.920327
v -0.844755 -8.298985 2.638192
v -0.983016 -8.010218 2.654750
v -1.023399 -7.680780 2.689444
v -0.804625 -7.574750 2.800529
v -0.510445 -7.577804 2.882790
v -0.461352 -8.009929 2.902348
v -0.925899 -7.995135 2.723006
v -0.720669 -7.936618 2.825826
v -0.216584 -8.076395 2.916641
v -0.619766 -8.393934 2.763545
v -0.797504 -8.259291 2.710766
v -1.340761 -8.135755 2.339869
v -1.335152 -7.765594 2.432291
v -1.479304 -7.236757 2.362745
v -1.268438 -6.681544 2.420420
v -1.345181 -6.204722 2.560987
v -1.208105 -6.272873 2.712530
v -1.247021 -5.857517 2.712452
v -0.828000 -6.003585 2.916432
v -0.780220 -5.619711 2.881211
v -1.158609 -5.439738 2.749620
v -0.721935 -5.500229 2.821483
v -1.399460 -5.814636 2.598866
v -1.417305 -6.094138 2.386041
v -1.682021 -6.357346 2.141894
v -1.695066 -6.888815 2.178094
v -1.178020 -5.336137 2.654435
v -1.436297 -5.747169 2.460800
v -1.211432 -5.264914 2.595892
v -1.602895 -5.380013 2.346399
v -1.674395 -5.813793 2.301596
v -1.572855 -5.970233 2.219385
v -1.854126 -7.859254 2.071092
v -1.722540 -7.494122 2.238683
v -1.962891 -7.185216 2.015205
v -1.943538 -6.644297 1.940494
v -2.016114 -6.049361 1.846670
v -1.852894 -5.772650 1.994686
v -2.178472 -6.377799 1.624195
v -2.662349 -6.793708 0.857581
v -2.451348 -7.057074 1.271722
v -2.331587 -6.718344 1.445388
v -2.160472 -6.962835 1.757086
v -2.665007 -6.404016 0.615451
v -2.741688 -6.640505 0.497948
v -2.509676 -6.440185 1.000667
v -2.457263 -6.130200 1.185852
v -2.291013 -5.705499 1.556115
v -2.149695 -5.443397 1.704558
v -1.958811 -5.624002 2.062493
v -2.492963 -5.796393 1.037662
v -2.575950 -5.133351 1.087216
v -2.560369 -4.889286 1.318104
v -2.253920 -5.324549 1.780496
v -2.654399 -4.761375 1.407948
v -2.768485 -4.394748 0.949685
v -2.835873 -4.305394 1.086824
v -2.639184 -4.215568 1.361398
v -1.903666 -5.263515 2.105358
v -2.133712 -4.998357 1.905737
v -2.487348 -4.491845 1.527375
v -2.468898 -4.144087 1.577211
v -2.627236 -4.058688 1.678564
v -2.296525 -4.060178 1.798459
v -2.768090 -4.165888 1.373586
v -2.865381 -4.255521 1.119170
v -2.940771 -4.380828 0.787264
v -2.772144 -4.583618 0.476119
v -2.981204 -4.465026 0.515333
v -2.794598 -4.671970 0.213748
v -1.814683 -4.375906 2.245396
v -2.078433 -3.862395 2.002363
v -2.075132 -4.003664 1.953338
v -2.255981 -3.872832 2.192536
v -2.483731 -3.975525 1.910729
v -2.494953 -3.264235 1.874273
v -2.663928 -3.476741 1.601163
v -2.784674 -3.728206 1.321295
v -2.882070 -3.973150 1.048813
v -2.947247 -4.186967 0.801739
v -2.226907 -3.023734 2.149032
v -1.885951 -2.827526 2.378751
v -2.133886 -3.773980 2.253951
v -2.203848 -3.742160 2.177500
v -2.010968 -3.876133 2.059682
v -1.147274 -2.504371 2.727904
v -1.138682 -3.559713 2.814798
v -0.742481 -3.506874 2.912352
v -1.507875 -2.650842 2.568542
v -1.509068 -3.618443 2.670388
v -1.872739 -3.702730 2.447112
v -1.870736 -3.848996 2.170022
v -0.435813 -3.620238 2.784736
v -0.667938 -3.762882 2.756307
v -0.432322 -3.999916 2.845517
v -0.737224 -3.631354 2.704529
v -1.019303 -3.652052 2.719296
v -1.420250 -3.725021 2.568595
v -1.774608 -3.805973 2.408180
v -1.687983 -4.243321 2.553354
v -1.255553 -4.715684 2.819088
v -1.073647 -4.131512 2.789132
v -1.292932 -4.864432 2.759070
v -1.797378 -4.272337 2.444611
v -0.794248 -3.870108 2.816614
v -0.214838 -5.218476 2.967447
v -0.706944 -5.074040 2.909456
v -0.693543 -5.157349 2.760466
v -0.678022 -4.929309 2.970974
v -0.664208 -4.456375 2.933990
v -0.508300 -4.133037 2.925935
v -0.148893 -3.610085 2.830986
v -0.126342 -4.109796 2.831960
v 0.000000 -4.054092 2.820536
v -0.342804 -4.015721 2.808506
v -0.168467 -4.102462 2.911983
v -0.262521 -4.194547 2.968710
v -0.397752 -4.599466 2.996429
v -0.313214 -5.061526 3.018830
v -0.216352 -4.988773 3.028596
v -0.203464 -4.649880 3.018277
v -0.089992 -5.130293 2.975002
v -0.078662 -4.645932 2.946651
v -0.175693 -4.323347 2.994034
v -0.074290 -4.237861 2.938544
v 0.000000 -4.610390 2.781420
v 0.000000 -4.243948 2.798951
v 0.074290 -4.237861 2.938544
v 0.126342 -4.109796 2.831960
v 0.168467 -4.102462 2.911983
v 0.262521 -4.194547 2.968710
v 0.397752 -4.599466 2.996429
v 0.175693 -4.323347 2.994034
v 0.078662 -4.645932 2.946651
v 0.089992 -5.130293 2.975002
v 0.000000 -5.194798 2.828012
v -0.104006 -5.278081 2.825458
v -0.690460 -5.440080 2.748962
v -0.300879 -5.831693 3.001904
v -0.174777 -5.769649 2.977081
v 0.000000 -5.702946 2.840594
v 0.000000 -5.341612 2.832250
v 0.104006 -5.278081 2.825458
v -0.973450 -6.906372 2.742302
v -0.596702 -6.966732 2.870102
v -0.712843 -6.695627 2.908535
v -1.109316 -6.656485 2.737222
v -0.768091 -6.361557 2.914404
v -0.267551 -6.130754 3.019935
v -0.121159 -6.112590 2.998745
v 0.000000 -6.041780 2.895531
v -0.258825 -6.466140 3.002983
v -0.119261 -6.504993 2.973053
v -0.255837 -6.793208 2.981477
v -0.266201 -7.012324 2.926987
v -0.098344 -6.852410 2.950678
v 0.000000 -6.518366 2.890082
v 0.255837 -6.793208 2.981477
v 0.258825 -6.466140 3.002983
v 0.119261 -6.504993 2.973053
v 0.098344 -6.852410 2.950678
v 0.000000 -6.859964 2.876499
v -0.106665 -7.154260 2.871944
v -0.549438 -7.132174 2.800766
v 0.106665 -7.154260 2.871944
v 0.973450 -6.906372 2.742302
v 0.549438 -7.132174 2.800766
v 0.596702 -6.966732 2.870102
v 0.266201 -7.012324 2.926987
v 1.109316 -6.656485 2.737222
v 0.712843 -6.695627 2.908535
v 1.682021 -6.357346 2.141894
v 1.572855 -5.970233 2.219385
v 1.417305 -6.094138 2.386041
v 1.345181 -6.204722 2.560987
v 1.208105 -6.272873 2.712530
v 0.768091 -6.361557 2.914404
v 1.247021 -5.857517 2.712452
v 0.828000 -6.003585 2.916432
v 0.267551 -6.130754 3.019935
v 0.121159 -6.112590 2.998745
v 0.780220 -5.619711 2.881211
v 1.158609 -5.439738 2.749620
v 0.721935 -5.500229 2.821483
v 0.300879 -5.831693 3.001904
v 0.174777 -5.769649 2.977081
v 0.690460 -5.440080 2.748962
v 1.178020 -5.336137 2.654435
v 1.399460 -5.814636 2.598866
v 0.693543 -5.157349 2.760466
v 1.211432 -5.264914 2.595892
v 1.436297 -5.747169 2.460800
v 1.602895 -5.380013 2.346399
v 0.214838 -5.218476 2.967447
v 0.706944 -5.074040 2.909456
v 1.292932 -4.864432 2.759070
v 1.294706 -5.034542 2.562724
v 1.429047 -5.159625 2.415181
v 1.814683 -4.375906 2.245396
v 1.823909 -4.935907 2.217090
v 2.068809 -4.725850 2.004379
v 1.903666 -5.263515 2.105358
v 2.133712 -4.998357 1.905737
v 2.487348 -4.491845 1.527375
v 2.296525 -4.060178 1.798459
v 2.075132 -4.003664 1.953338
v 2.078433 -3.862395 2.002363
v 2.468898 -4.144087 1.577211
v 2.010968 -3.876133 2.059682
v 2.203848 -3.742160 2.177500
v 2.255981 -3.872832 2.192536
v 2.483731 -3.975525 1.910729
v 2.627236 -4.058688 1.678564
v 2.639184 -4.215568 1.361398
v 2.654399 -4.761375 1.407948
v 2.835873 -4.305394 1.086824
v 1.674395 -5.813793 2.301596
v 1.852894 -5.772650 1.994686
v 1.958811 -5.624002 2.062493
v 2.149695 -5.443397 1.704558
v 2.253920 -5.324549 1.780496
v 2.560369 -4.889286 1.318104
v 2.768485 -4.394748 0.949685
v 2.865381 -4.255521 1.119170
v 2.768090 -4.165888 1.373586
v 2.016114 -6.049361 1.846670
v 2.291013 -5.705499 1.556115
v 2.575950 -5.133351 1.087216
v 2.720682 -4.845097 0.711376
v 2.772144 -4.583618 0.476119
v 2.940771 -4.380828 0.787264
v 2.689936 -5.095124 0.529974
v 2.627478 -5.213927 0.772157
v 2.492963 -5.796393 1.037662
v 2.642343 -5.450293 0.558963
v 2.508941 -5.726794 0.761040
v 2.579456 -6.162604 0.702205
v 2.580801 -5.761093 0.553462
v 2.666297 -5.437289 0.279527
v 2.732132 -5.024841 0.220408
v 2.794598 -4.671970 0.213748
v 2.981204 -4.465026 0.515333
v 2.723261 -5.064616 -0.003454
v 2.559424 -6.205748 0.596706
v 2.656636 -5.480802 -0.025008
v 2.647766 -5.378504 -0.326460
v 2.712495 -4.865089 -0.184492
v 2.645686 -5.863729 0.279193
v 2.646818 -5.968627 -0.043785
v 2.636157 -5.780678 -0.376056
v 2.766695 -6.070472 -0.064865
v 2.742424 -5.811239 -0.514043
v 2.839505 -6.047386 -0.538519
v 2.674168 -6.188585 0.249289
v 2.457263 -6.130200 1.185852
v 2.509676 -6.440185 1.000667
v 2.665007 -6.404016 0.615451
v 2.604582 -6.410728 0.523084
v 2.766142 -6.237599 0.245114
v 2.825396 -6.218752 -0.132495
v 2.837926 -6.402963 -0.521653
v 2.662349 -6.793708 0.857581
v 2.741688 -6.640505 0.497948
v 2.686040 -6.587253 0.439560
v 2.717891 -6.735901 0.264467
v 2.810839 -6.378509 0.208048
v 2.829292 -6.503755 -0.185340
v 2.786122 -6.713527 -0.502058
v 2.787727 -6.770727 -0.202319
v 2.782542 -6.910899 0.234206
v 2.706361 -7.042069 0.695089
v 2.536357 -7.307936 1.124942
v 1.943538 -6.644297 1.940494
v 1.962891 -7.185216 2.015205
v 2.160472 -6.962835 1.757086
v 2.144028 -7.527078 1.773596
v 2.345984 -7.309147 1.575191
v 2.326062 -7.566090 1.429412
v 2.451348 -7.057074 1.271722
v 2.331587 -6.718344 1.445388
v 2.178472 -6.377799 1.624195
v 2.141272 -7.761988 1.631707
v 1.722540 -7.494122 2.238683
v 1.854126 -7.859254 2.071092
v 1.857398 -8.082528 1.986794
v 1.695066 -6.888815 2.178094
v 2.535760 -4.921137 -0.866762
v 2.616056 -4.893971 -0.559008
v 2.589464 -5.163744 -0.704673
v 2.543572 -5.598757 -0.709177
v 2.636157 -5.780678 -0.376056
v 2.647766 -5.378504 -0.326460
v 2.712495 -4.865089 -0.184492
v 2.439219 -4.880085 -1.057272
v 2.307259 -4.802408 -1.251305
v -2.895574 -2.746196 -2.956371
v -2.949405 -3.310842 -2.767227
v -3.298427 -2.553571 -2.796324
v -3.165336 -2.346181 -2.928649
v -3.414356 -1.940661 -2.850240
v -3.546499 -2.844365 -2.516073
v -3.277211 -3.548442 -2.477733
v -3.817604 -2.198402 -2.365858
v -3.673431 -1.861299 -2.622664
v -3.541445 -1.289568 -2.867039
v -2.636841 -4.166171 -2.527708
v -2.094429 -4.469219 -2.520030
v -2.381931 -4.702279 -2.307781
v -2.308175 -3.941008 -2.720745
v -2.556350 -3.057539 -2.954489
v -2.749585 -2.572504 -3.044028
v -3.065913 -2.217460 -3.008854
v -3.284924 -1.841788 -2.944788
v -2.366790 -2.931189 -3.027363
v -1.813827 -4.201241 -2.665416
v -3.239410 -1.706046 -3.258090
v -3.100449 -1.499884 -3.565494
v -2.860511 -1.852085 -3.633935
v -3.011160 -2.074692 -3.325557
v -2.685277 -2.440266 -3.358171
v -2.297988 -2.819738 -3.337455
v -1.935486 -3.173404 -3.248166
v -1.776111 -3.030152 -3.531484
v -2.665323 -1.610273 -3.830939
v -2.914790 -1.283755 -3.764183
v -0.742810 -3.432600 -3.595582
v -0.978738 -3.517075 -3.564757
v -1.087386 -3.129310 -3.695111
v -1.351433 -3.291549 -3.569233
v -1.573360 -2.862064 -3.711905
v -2.125799 -2.640995 -3.636384
v -2.521071 -2.229489 -3.661601
v -2.310392 -1.991102 -3.853499
v -1.902066 -2.432787 -3.824438
v -2.598251 -0.345060 -3.867002
v -2.263315 -0.717573 -3.997987
v -2.505482 -0.917336 -3.981298
v -2.245028 -1.197754 -4.055372
v -2.436057 -1.383350 -3.978613
v -2.066147 -1.755681 -4.000330
v -1.641733 -2.206998 -3.966821
v -1.312693 -2.660750 -3.850761
v -1.857398 -1.558822 -4.081143
v -1.411877 -2.015943 -4.044580
v -1.074982 -2.491747 -3.921492
v -0.844278 -2.999821 -3.749153
v -0.753618 -2.287598 -3.941261
v -1.102161 -1.782660 -4.086118
v -1.581818 -1.313722 -4.119286
v -1.997241 -0.963292 -4.076484
v -0.527363 -2.849709 -3.734991
v -1.332938 -1.126365 -4.042078
v -0.842973 -1.609086 -4.013465
v -0.497146 -2.143169 -3.856420
v -0.285993 -2.758162 -3.608480
v -0.426895 -3.347939 -3.539803
v -1.161186 -1.038774 -3.867213
v -1.608189 -0.717381 -3.849839
v -1.212680 -0.748040 -3.954948
v -0.806136 -0.744560 -4.054372
v -0.680202 -1.492131 -3.879901
v -0.324260 -2.131719 -3.659258
v -1.768417 -0.782171 -3.990011
v -1.651770 -0.657406 -3.816040
v -1.235613 0.934397 -3.993248
v -0.829593 0.947506 -4.057583
v -0.827495 0.402611 -4.116495
v -0.425926 0.406244 -4.115310
v -0.819629 -0.166290 -4.115916
v -0.420961 -0.165263 -4.111494
v -0.412596 -0.742059 -4.047317
v -0.388594 -1.439076 -3.878663
v -1.226184 -0.166869 -4.013676
v -1.233670 0.398110 -4.034603
v -1.612040 -0.156419 -3.904565
v -0.207734 -3.319070 -3.344852
v -0.147722 -2.738889 -3.403211
v -0.029645 -2.065939 -3.611692
v -0.029224 -1.428228 -3.802273
v -0.038640 -0.737955 -3.972269
v -0.041220 -0.161710 -4.038367
v -0.025226 -2.736308 -3.380336
v 0.000000 0.408350 -4.027864
v 0.000000 -0.161973 -4.020494
v 0.000000 -0.735347 -3.953790
v 0.000000 -1.420834 -3.783478
v 0.000000 -2.052043 -3.594187
v 0.000000 -2.716549 -3.366279
v -0.026787 -3.352367 -3.068272
v 0.000000 -3.354602 -3.024767
v -0.849767 -3.818504 -3.175671
v -1.122238 -3.927899 -3.087778
v -1.159596 -3.869221 -3.368201
v -0.875064 -3.704377 -2.469022
v -0.735836 -3.702381 -2.375306
v -0.610411 -3.749429 -3.196020
v -0.231728 -3.694495 -2.560815
v -0.191511 -3.666081 -3.197362
v -0.073690 -3.699741 -2.939043
v -0.070549 -3.380843 -3.075300
v -0.049593 -3.699417 -2.588380
v 0.000000 -3.700763 -2.595888
v -0.380152 -3.653209 -3.378414
v -0.674003 -3.699064 -3.497001
v -0.903548 -3.765273 -3.476680
v -1.543586 -3.409299 -3.403764
v -1.238116 -3.640837 -3.450645
v -1.428092 -3.719857 -3.296970
v -1.703148 -3.512779 -3.136739
v -2.004132 -3.263494 -2.953299
v -2.183084 -3.394703 -2.928084
v -1.781168 -3.580185 -2.854647
v -1.980702 -3.707683 -2.840940
v -1.538595 -4.093779 -2.730003
v -1.577096 -3.810046 -3.033209
v -1.359596 -3.958189 -3.215209
v -1.137347 -3.785097 -2.402477
v -1.481921 -4.050874 -2.945445
v -1.208984 -3.787343 -2.277080
v -1.367493 -4.100054 -2.112738
v -1.663405 -4.347466 -2.021030
v -1.931832 -4.579817 -1.819995
v -2.435620 -4.957942 -1.332931
v -2.588283 -5.052801 -1.121422
v -3.013161 -5.053404 -1.399297
v -2.439219 -4.880085 -1.057272
v -2.307259 -4.802408 -1.251305
v -2.251233 -4.841063 -1.531949
v -2.145144 -4.699420 -1.433823
v -2.037995 -4.690344 -1.713286
v -1.933788 -4.574705 -1.649249
v -2.851430 -4.988885 -1.748019
v -3.358814 -4.609886 -1.544545
v -2.637631 -4.873675 -2.050644
v -2.924372 -4.360469 -2.265064
v -3.791439 -3.071449 -2.138985
v -3.543841 -3.745704 -2.113775
v -3.166468 -4.512253 -1.936213
v -3.742951 -3.874660 -1.675577
v -3.945799 -3.214217 -1.687617
v -4.073020 -2.577025 -1.623917
v -3.973991 -2.423512 -2.034259
v -4.143698 -1.982026 -1.524557
v -4.172970 -2.093082 -1.188817
v -4.125799 -2.666320 -1.236142
v -4.028797 -3.287241 -1.264979
v -3.868566 -3.933928 -1.258117
v -3.489062 -4.646444 -1.167275
v -4.147647 -2.703145 -0.761349
v -4.172628 -2.150212 -0.775032
v -4.075468 -3.302129 -0.729698
v -3.926714 -3.885058 -0.682887
v -3.568637 -4.549179 -0.615356
v -3.123614 -5.067084 -1.064243
v -2.535760 -4.921137 -0.866762
v -2.700886 -5.108765 -0.912012
v -3.210507 -4.968261 -0.549107
v -2.616056 -4.893971 -0.559008
v -2.791281 -5.069622 -0.517477
v -2.416551 2.131953 -2.952566
v -2.425912 1.735602 -3.257272
v -2.830634 1.641075 -3.132289
v -2.015865 1.825233 -3.342771
v -1.959733 2.235168 -3.043263
v -1.655297 1.900597 -3.383625
v -1.626323 2.310400 -3.080906
v -1.576227 2.334380 -3.124813
v -2.403740 1.279312 -3.485023
v -2.010300 1.369049 -3.567099
v -1.670128 1.430277 -3.633618
v -1.609910 1.903861 -3.449960
v -1.200879 2.370364 -3.252718
v -1.170775 2.694064 -2.909919
v -0.780915 2.714201 -3.009859
v -1.676174 0.943215 -3.782187
v -1.620026 1.429619 -3.712746
v -2.009376 0.884382 -3.731015
v -2.372333 0.811045 -3.623800
v -2.771301 1.177230 -3.380677
v -2.758613 0.620543 -3.511504
v -3.149595 0.940767 -3.306287
v -2.899365 0.566211 -3.472677
v -3.092684 0.508458 -3.522955
v -1.676027 0.429777 -3.849523
v -2.833662 -0.503198 -3.846864
v -3.088840 -0.033567 -3.681659
v -3.008712 -0.633999 -3.779161
v -2.892600 0.081361 -3.704612
v -3.258574 0.445018 -3.510688
v -3.362209 0.894359 -3.315158
v -3.258969 1.310611 -3.102754
v -3.551843 0.814388 -3.237398
v -3.621889 1.210714 -3.045290
v -3.743846 1.126952 -2.955627
v -3.441732 1.283261 -3.112757
v -3.323856 1.583110 -2.931344
v -2.843849 2.051378 -2.823986
v -2.421998 2.414535 -2.635282
v -3.782357 1.464787 -2.762732
v -3.669219 1.541546 -2.843682
v -3.494247 1.608065 -2.902720
v -3.365552 1.895990 -2.637198
v -2.918476 2.292078 -2.503246
v -2.445476 2.637494 -2.291722
v -1.926668 2.550600 -2.737509
v -3.534311 1.884513 -2.632329
v -3.397272 2.139192 -2.313752
v -2.960409 2.471446 -2.169900
v -2.513532 2.749710 -1.885946
v -3.005975 2.586400 -1.821214
v -2.596677 2.809044 -1.471348
v -3.567768 2.123398 -2.310319
v -3.701860 1.822785 -2.583856
v -3.426780 2.287077 -2.030515
v -3.491615 2.385606 -1.747764
v -3.600410 2.275284 -2.035993
v -3.728894 2.064776 -2.269755
v -3.806075 1.753317 -2.511520
v -3.825922 1.999178 -2.206471
v -3.746794 2.223927 -2.006066
v -3.627812 2.356834 -1.769479
v -3.758929 2.316085 -1.760810
v -3.830160 2.161462 -1.966093
v -3.891178 1.926525 -2.144869
v -3.873594 1.682744 -2.424850
v -3.855536 1.392766 -2.661145
v -3.769143 2.409401 -1.448028
v -3.839794 2.256252 -1.729862
v -3.903761 2.083808 -1.911401
v -3.921529 1.822863 -2.039009
v -3.904024 1.584374 -2.293025
v -3.886940 1.298212 -2.509233
v -3.933480 1.976619 -1.826648
v -3.927109 1.844817 -1.736483
v -3.911789 1.555786 -2.110517
v -3.894337 1.201342 -2.365662
v -3.872830 0.955482 -2.684449
v -3.831766 1.051114 -2.846701
v -3.790859 0.643944 -3.014260
v -3.683881 0.724336 -3.136685
v -3.593592 0.240722 -3.314157
v -3.276816 -0.144257 -3.608480
v -3.455999 -0.281323 -3.488840
v -3.719102 0.142325 -3.173459
v -3.850350 0.542994 -2.835561
v -3.878253 0.808623 -2.554090
v -3.872909 0.427776 -2.667031
v -3.801257 0.022606 -2.962142
v -3.603463 -0.417399 -3.325293
v -3.440811 0.348438 -3.426769
v -3.218615 -0.808012 -3.642174
v -3.384479 -0.983274 -3.456357
v -3.706256 -0.568101 -3.071719
v -3.506251 -1.163547 -3.166089
v -2.691357 -1.078914 -3.908909
v -2.677748 0.171413 -3.643332
v -2.376998 -0.220464 -3.786821
v -2.038582 -0.559514 -3.909356
v -2.127286 -0.186393 -3.756102
v -2.556281 0.316086 -3.614455
v -2.340042 0.419511 -3.694320
v -2.007607 0.389871 -3.820225
v -1.672273 -0.119829 -3.855788
v -1.616957 0.402796 -3.898485
v -1.630116 0.925683 -3.835887
v -1.231406 1.446781 -3.858920
v -0.042762 0.411246 -4.044631
v -0.427271 0.953402 -4.060399
v -0.825604 1.469183 -3.918753
v -1.220456 1.940029 -3.596844
v -0.043197 0.957746 -3.992696
v -0.424857 1.476369 -3.919517
v -0.815204 1.968406 -3.655308
v -0.799829 2.398873 -3.337137
v -0.418539 1.975303 -3.665417
v -0.409895 2.402163 -3.354405
v -0.040570 1.974987 -3.605557
v -0.037943 2.397794 -3.302496
v -0.042481 1.478686 -3.855393
v -0.400497 2.709068 -3.042736
v -0.035073 2.698275 -3.005586
v -0.390058 2.967668 -2.710696
v -0.758769 2.984199 -2.656993
v -1.132780 2.977540 -2.526974
v -0.744328 2.868718 -2.577470
v -0.385206 2.877721 -2.644924
v -0.031880 2.949111 -2.692712
v 0.000000 2.912337 -2.723552
v 0.000000 2.668635 -3.018492
v -0.031101 2.890435 -2.647269
v 0.000000 2.853951 -2.678976
v 0.000000 2.374629 -3.301706
v 0.000000 1.957666 -3.597318
v 0.000000 1.466708 -3.843363
v 0.000000 0.950744 -3.977849
v -3.094053 2.690193 -1.070932
v -3.129352 2.709751 -0.632591
v -2.676616 2.873325 -0.621890
v -2.384634 2.958112 -0.590218
v -2.311966 2.774085 -0.520881
v -2.046847 2.827785 -0.499513
v -2.582826 2.707487 -0.543431
v -2.895679 2.609354 -0.569512
v -3.232672 2.487108 -0.598866
v -3.497538 2.516090 -0.671906
v -3.536180 2.499954 -1.112760
v -3.521755 2.450019 -1.420501
v -3.529810 2.364151 -0.622124
v -1.951807 2.717648 -0.503443
v -1.928934 2.747894 -0.520148
v -3.944851 2.025133 -1.347920
v -3.967094 1.766505 -1.337222
v -3.974386 1.872957 -0.997845
v -3.949879 2.132716 -1.027646
v -3.937454 1.884697 -0.687245
v -3.947352 2.201946 -0.723911
v -3.936217 2.188100 -0.666544
v -3.647792 2.391133 -0.703289
v -3.535786 2.537780 -0.734303
v -3.945115 2.237404 -1.110596
v -3.927504 2.319059 -0.754398
v -3.903208 2.410849 -0.790727
v -3.837188 2.470656 -0.791685
v -3.663059 2.541808 -0.775570
v -3.768511 2.517959 -0.798735
v -3.843848 2.416008 -1.145922
v -3.909657 2.342198 -1.140913
v -3.945667 2.168648 -1.362822
v -3.935901 1.962904 -1.500738
v -3.959698 1.605169 -1.652540
v -3.657031 2.500164 -1.145435
v -3.772380 2.469472 -1.158344
v -3.845612 2.352833 -1.427788
v -3.913579 2.275968 -1.407029
v -3.940982 2.070909 -1.623750
v -3.910921 2.178651 -1.689798
v -3.645422 2.444386 -1.442200
v -2.040995 3.032108 -0.572881
v -2.271389 2.959745 -1.045001
v -2.658111 2.842947 -1.051960
v -3.050461 2.646918 -1.447372
v -1.437889 2.876932 -2.291551
v -1.513809 2.937608 -2.353742
v -1.645173 3.008127 -1.956203
v -1.624967 2.909310 -1.879002
v -1.812543 3.066828 -1.501293
v -1.763536 2.900123 -1.460057
v -1.951222 3.059879 -1.021080
v -1.865084 2.872483 -0.946580
v -1.535905 2.658448 -2.784270
v -1.577843 2.615778 -2.774169
v -1.862409 2.806358 -2.409806
v -1.988572 2.898990 -1.935342
v -2.145947 2.941845 -1.491935
v -1.470746 2.962641 -2.379868
v -1.385601 2.879774 -2.288489
v -1.115717 2.897833 -2.441489
v -2.812024 1.641732 1.569416
v -3.232040 1.597429 1.405750
v -3.262522 1.257752 1.710927
v -2.770880 1.970563 1.182054
v -3.212271 1.903991 1.046446
v -1.790028 1.895936 1.607021
v -2.374505 1.655472 1.718959
v -2.227960 2.032212 1.303671
v -2.881491 1.286181 1.897981
v -3.289346 0.912362 1.948567
v -3.569874 1.822310 0.874999
v -3.572638 1.540281 1.199119
v -3.579693 1.216345 1.475115
v -3.586800 0.868665 1.689482
v -3.866881 0.810017 1.379584
v -3.877647 1.159882 1.193428
v -3.887387 1.463917 0.952013
v -3.900496 1.715805 0.669482
v -3.882070 0.439831 1.315458
v -3.876279 0.763530 1.206131
v -3.906445 1.078621 1.034221
v -3.904445 1.335511 0.806993
v -3.927925 1.532384 0.541131
v -3.929478 1.686034 0.256015
v -2.397293 2.318901 0.797690
v -2.803942 2.239484 0.748831
v -3.217588 2.150063 0.646404
v -3.575560 2.044348 0.516264
v -3.231856 2.329088 0.239229
v -3.583378 2.204368 0.148971
v -2.860301 2.437015 0.310254
v -2.503366 2.522329 0.356339
v -2.195722 2.579161 0.371759
v -2.060272 2.394634 0.767102
v -1.848092 2.201472 1.123724
v -3.921344 1.909204 0.359940
v -3.938849 2.059537 0.043785
v -3.587011 2.300317 -0.200803
v -3.238910 2.434487 -0.141475
v -2.888967 2.551626 -0.093181
v -2.558600 2.642574 -0.055480
v -3.932427 1.794776 -0.048658
v -3.948300 2.145087 -0.268893
v -3.529810 2.364151 -0.622124
v -3.232672 2.487108 -0.598866
v -2.895679 2.609354 -0.569512
v -3.936217 2.188100 -0.666544
v -3.973649 1.866112 -0.379054
v -3.937454 1.884697 -0.687245
v -2.582826 2.707487 -0.543431
v -2.311966 2.774085 -0.520881
v -2.269280 2.698169 -0.027928
v -2.046847 2.827785 -0.499513
v -1.984140 2.736390 -0.004837
v -1.951807 2.717648 -0.503443
v -1.906878 2.523381 -0.071153
v -1.895690 2.622463 0.370803
v -1.825104 2.399267 0.270724
v -1.740119 2.471050 0.691499
v -1.524436 2.309240 0.973978
v -1.255632 2.164199 1.234972
v -1.544349 2.056562 1.407253
v -1.676453 2.296658 0.603318
v -1.469175 2.200182 0.915048
v -1.213304 2.093941 1.200127
v -0.958840 2.048954 1.446038
v -0.926610 2.009575 1.415829
v -0.659196 1.976512 1.578721
v -0.644836 1.952058 1.561679
v -1.199834 1.950531 1.612434
v -0.865366 1.874062 1.734000
v -0.388631 1.939659 1.653516
v -0.386793 1.915468 1.635395
v -0.179689 1.897094 1.667362
v -1.421072 1.807332 1.793080
v -1.313459 1.523302 2.099971
v -3.915843 0.670188 -2.422308
v -3.915580 0.292342 -2.537730
v -4.197161 0.311216 -2.530439
v -4.206269 -0.037358 -2.552361
v -3.944772 -0.142389 -2.547197
v -4.173996 1.023711 -2.237249
v -3.929742 1.044402 -2.223789
v -4.161282 1.346015 -1.981790
v -4.186500 0.662555 -2.427828
v -4.170180 -0.136703 -0.494604
v -4.214139 -0.390245 -2.500859
v -3.974149 -0.500461 -2.494921
v -4.220484 -0.720843 -2.396882
v -4.108530 1.542545 0.581756
v -4.110004 1.696353 0.301804
v -4.113058 1.804095 -0.002463
v -4.117612 1.872088 -0.332520
v -4.130141 1.886540 -0.676334
v -4.131195 1.845923 -1.020920
v -4.140039 1.742472 -1.359534
v -4.150016 1.580741 -1.684525
v -3.973649 1.866112 -0.379054
v -3.937454 1.884697 -0.687245
v -3.974386 1.872957 -0.997845
v -3.967094 1.766505 -1.337222
v -3.959698 1.605169 -1.652540
v -3.943324 1.364415 -1.964185
v -4.108793 1.336327 0.838891
v -3.904445 1.335511 0.806993
v -3.927925 1.532384 0.541131
v -3.929478 1.686034 0.256015
v -3.932427 1.794776 -0.048658
v -3.906445 1.078621 1.034221
v -4.121508 0.460943 1.309966
v -3.882070 0.439831 1.315458
v -3.876279 0.763530 1.206131
v -4.115611 0.777771 1.208150
v -4.111057 1.080464 1.054066
v -4.127720 0.162646 1.368344
v -4.134143 -0.113355 1.386478
v -4.140619 -0.363356 1.367562
v -4.147094 -0.588882 1.317118
v -4.153491 -0.791491 1.240675
v -3.854167 -0.845498 1.269494
v -3.873146 -0.632713 1.343307
v -3.878806 -0.405616 1.386088
v -3.883754 -0.157736 1.406629
v -3.877174 0.132032 1.385341
v -4.205111 -1.865011 -0.084706
v -4.197030 -1.772511 0.221148
v -4.016082 -1.848675 0.193367
v -3.957250 -1.726840 0.475319
v -4.186790 -1.619598 0.486101
v -3.853667 -1.564838 0.731075
v -4.172759 -1.470411 0.750788
v -4.170390 -1.264027 0.963076
v -4.162415 -1.049649 1.104570
v -3.709362 -1.348183 1.017463
v -3.807706 -1.112420 1.166711
v -4.225038 -1.002566 -2.261401
v -4.227959 -1.247132 -2.090775
v -4.229486 -1.466216 -1.881386
v -4.229223 -1.646448 -1.632501
v -4.226854 -1.774435 -1.343370
v -4.222958 -1.858514 -1.032904
v -4.218193 -1.907000 -0.719987
v -4.212323 -1.911851 -0.404097
v -4.070651 -1.815144 -1.430603
v -4.062174 -1.912133 -1.095103
v -4.055068 -1.961863 -0.735794
v -4.030981 -1.981887 -0.434724
v -4.023795 -1.929904 -0.111061
v -3.999288 -0.805581 -2.389733
v -4.027428 -1.016191 -2.298114
v -4.050856 -1.270041 -2.138876
v -4.061779 -1.467754 -1.954981
v -4.071256 -1.668128 -1.703187
v 0.000000 2.853951 -2.678976
v -0.031101 2.890435 -2.647269
v 0.000000 3.191760 -2.443110
v -1.295506 3.154196 -2.011480
v -1.437889 2.876932 -2.291551
v -1.624967 2.909310 -1.879002
v -1.385601 2.879774 -2.288489
v -1.001316 3.177045 -2.225063
v -1.115717 2.897833 -2.441489
v -0.744328 2.868718 -2.577470
v -0.667390 3.189680 -2.357506
v -0.385206 2.877721 -2.644924
v -0.333649 3.192681 -2.425342
v -0.935263 3.134611 -2.144379
v -0.626505 3.142561 -2.273548
v -0.311553 3.144430 -2.321925
v -0.550759 2.830023 -2.045948
v -0.276477 2.840369 -2.117811
v -0.266753 2.811360 -2.038606
v -0.529719 2.801621 -1.971437
v -0.820645 2.811887 -1.919730
v -0.785109 2.784747 -1.853885
v 0.000000 3.143641 -2.340080
v 0.000000 2.843606 -2.140157
v 0.000000 2.814440 -2.059586
v 0.000000 2.215793 -1.853287
v -0.241570 2.212740 -1.842384
v -0.480505 2.204079 -1.798627
v -0.714157 2.190391 -1.710970
v -1.013977 2.760240 -1.682390
v -0.923138 2.172860 -1.574712
v -1.197396 2.727573 -1.453403
v -1.088062 2.152775 -1.385139
v -1.322472 2.683928 -1.175280
v -1.190289 2.119765 -1.135880
v -1.376308 2.626543 -0.856391
v -1.225739 2.076173 -0.843598
v -1.360875 2.560919 -0.526686
v -1.199431 2.026791 -0.538135
v -1.063055 2.785668 -1.736974
v -1.254929 2.751000 -1.495491
v -1.384908 2.704934 -1.203012
v -1.441638 2.644522 -0.867270
v -1.426999 2.575291 -0.517586
v -1.243686 3.122608 -1.948633
v -1.441983 3.092731 -1.660005
v -1.569059 3.047797 -1.267194
v -1.651641 2.987068 -0.878771
v -1.752570 3.009048 -0.899340
v -1.658024 3.073278 -1.320004
v -1.510037 3.120634 -1.700258
v -1.675324 2.904623 -0.457416
v -1.779751 2.925366 -0.465395
v -1.865084 2.872483 -0.946580
v -1.763536 2.900123 -1.460057
v -1.928934 2.747894 -0.520148
v -1.951807 2.717648 -0.503443
v -0.372747 -6.914242 -2.103539
v 0.000000 -6.925429 -2.105060
v 0.000000 -7.101506 -2.097353
v -0.382566 -7.090529 -2.135098
v -0.348843 -5.351548 -1.874190
v -0.355337 -6.037752 -1.878802
v -0.541364 -5.780572 -1.932578
v -0.558983 -6.213908 -1.991667
v -0.368446 -6.249813 -1.879366
v -0.579318 -6.900159 -2.163717
v -0.572673 -7.124513 -2.197221
v -0.792053 -7.078790 -2.181924
v -0.741775 -6.837089 -2.117119
v -1.235047 -7.043938 -2.040205
v -0.714915 -6.215355 -1.993167
v 0.000000 -6.033645 -1.999537
v 0.000000 -6.262290 -2.010190
v -1.274076 -6.840300 -2.003275
v -1.173897 -6.717290 -2.077370
v -0.874390 -6.697995 -2.166199
v -0.843157 -6.211513 -2.056412
v -1.130019 -6.211591 -1.970016
v -0.825452 -5.773938 -1.950331
v -0.681487 -5.775018 -1.862153
v -0.675822 -5.518917 -1.859107
v -0.527724 -5.444975 -1.886815
v -0.680057 -5.309720 -1.883145
v -0.554950 -5.244799 -1.891898
v -0.757424 -5.513258 -1.855874
v -0.762815 -5.704287 -1.850023
v -0.682963 -4.856220 -1.985299
v -0.822219 -5.185550 -2.039941
v -0.850354 -5.733269 -1.920604
v -0.840398 -5.496990 -1.909472
v -0.762397 -5.308164 -1.878186
v -0.843591 -5.227036 -1.972919
v -1.019010 -5.226654 -1.923599
v -1.081715 -5.187127 -2.001161
v -1.128016 -5.256439 -1.800469
v -1.156861 -4.853580 -1.926173
v -1.094853 -4.855194 -2.072324
v -0.833452 -4.856473 -2.127508
v -0.698728 -4.360322 -2.160207
v -0.360828 -4.310504 -2.216363
v -0.000000 -4.292109 -2.357427
v -0.000000 -4.601686 -2.263471
v -0.359146 -4.578917 -2.084683
v -0.560307 -4.364275 -2.219311
v -0.735836 -3.702381 -2.375306
v -0.848780 -4.360313 -2.291629
v -1.115928 -4.360313 -2.229082
v -1.181721 -4.360319 -2.115086
v -0.231728 -3.694495 -2.560815
v -0.875064 -3.704377 -2.469022
v -1.137347 -3.785097 -2.402477
v -1.208984 -3.787343 -2.277080
v -1.367493 -4.100054 -2.112738
v -1.513598 -4.360322 -1.926500
v -1.663405 -4.347466 -2.021030
v -1.641775 -4.853744 -1.845906
v -1.931832 -4.579817 -1.819995
v -1.475345 -4.854430 -1.725434
v -1.631780 -5.213253 -1.763621
v -1.900055 -4.855028 -1.719345
v -1.894332 -5.203871 -1.644592
v -1.924670 -4.856221 -1.571545
v -1.901155 -5.267877 -1.447796
v -2.116920 -4.993044 -1.322591
v -1.455692 -5.268724 -1.637182
v -1.522393 -5.315640 -1.607616
v -1.750261 -5.248837 -1.661021
v -1.752807 -5.450845 -1.640188
v -1.863552 -5.301689 -1.465396
v -1.850146 -5.495727 -1.444700
v -1.915583 -5.469324 -1.438259
v -1.866274 -5.642427 -1.509874
v -1.751980 -5.647323 -1.627985
v -1.900768 -5.719765 -1.585423
v -1.518363 -5.480117 -1.618529
v -1.953312 -5.699286 -1.469873
v -1.982895 -6.116143 -1.529936
v -1.930453 -6.205142 -1.667091
v -1.959453 -6.558902 -1.747601
v -1.652875 -6.204536 -1.793991
v -1.623259 -5.693915 -1.737122
v -1.515056 -5.642900 -1.668794
v -2.509481 -5.811292 -1.163785
v -2.759271 -5.889367 -0.894702
v -2.654662 -5.655141 -0.855040
v -2.525580 -6.151258 -1.185757
v -2.231622 -6.071735 -1.387136
v -2.211658 -6.492226 -1.424703
v -2.016296 -6.727082 -1.649526
v -1.692924 -6.555191 -1.889777
v -1.525575 -6.208275 -1.778960
v -2.235378 -6.742166 -1.492757
v -1.552781 -6.730294 -1.860342
v -1.216294 -6.213328 -1.831876
v -1.488717 -5.695336 -1.687992
v -1.166261 -5.732532 -1.740038
v -1.106423 -5.765199 -1.881011
v -1.090544 -5.688729 -1.779329
v -1.015675 -5.727083 -1.866275
v -1.069533 -5.506545 -1.752905
v -1.079328 -5.269121 -1.830893
v -0.999413 -5.495726 -1.865714
v -4.062174 -1.912133 -1.095103
v -4.055068 -1.961863 -0.735794
v -4.049934 -1.340167 -2.329673
v -4.085708 -1.603906 -2.127012
v -4.050856 -1.270041 -2.138876
v -4.061779 -1.467754 -1.954981
v -4.115138 -1.816907 -1.867829
v -4.071256 -1.668128 -1.703187
v -4.070651 -1.815144 -1.430603
v -3.732974 -0.683529 -2.800104
v -3.999920 -0.993237 -2.497027
v -3.915843 0.670188 -2.422308
v -3.915580 0.292342 -2.537730
v -3.918949 -0.171792 -2.676692
v -3.944772 -0.142389 -2.547197
v -3.974149 -0.500461 -2.494921
v -3.956749 -0.636982 -2.612060
v -3.999288 -0.805581 -2.389733
v -4.027428 -1.016191 -2.298114
v -3.809206 -0.160973 -2.765839
v -3.943324 1.364415 -1.964185
v -3.929742 1.044402 -2.223789
v -2.567732 -2.773870 2.422974
v -2.211713 -2.615959 2.639958
v -1.813617 -2.472490 2.807875
v 0.000000 -5.151484 -1.990658
v 0.000000 -5.355628 -1.996020
v -0.361649 -5.152038 -1.858357
v -0.566927 -4.863130 -2.089539
v 0.000000 -6.033645 -1.999537
v -0.355337 -6.037752 -1.878802
v -0.211867 -5.923850 -2.080611
v 0.000000 -5.920639 -2.080184
v 0.000000 -5.397416 -2.053392
v -0.225363 -5.393884 -2.044869
v -0.348843 -5.351548 -1.874190
v -0.355337 -6.037752 -1.878802
v 0.000000 -5.355628 -1.996020
v -0.348843 -5.351548 -1.874190
v -3.947747 -2.260652 0.769886
v -3.992418 -1.849852 0.574435
v -4.065991 -1.980813 0.266693
v -3.957250 -1.726840 0.475319
v -4.016082 -1.848675 0.193367
v -4.023795 -1.929904 -0.111061
v -1.429047 -5.159625 2.415181
v -1.823909 -4.935907 2.217090
v -2.068809 -4.725850 2.004379
v -1.294706 -5.034542 2.562724
v -0.372747 -6.914242 -2.103539
v -0.368446 -6.249813 -1.879366
v -0.250028 -6.345157 -2.166441
v -0.272889 -6.773253 -2.215832
v -0.368446 -6.249813 -1.879366
v 0.000000 -6.262290 -2.010190
v 0.000000 -6.342918 -2.165272
v 0.000000 -6.770411 -2.220722
v 0.000000 -6.925429 -2.105060
v -0.372747 -6.914242 -2.103539
v -0.213959 -5.098488 -2.193488
v -0.361649 -5.152038 -1.858357
v -0.359146 -4.578917 -2.084683
v -0.223551 -4.706303 -2.321067
v 0.000000 -4.707751 -2.321167
v 0.000000 -5.100273 -2.192606
v 0.000000 -5.151484 -1.990658
v -0.361649 -5.152038 -1.858357
v -0.359146 -4.578917 -2.084683
v -0.000000 -4.601686 -2.263471
v -2.536357 -7.307936 1.124942
v -2.345984 -7.309147 1.575191
v -2.326062 -7.566090 1.429412
v -2.144028 -7.527078 1.773596
v -2.141272 -7.761988 1.631707
v -1.857398 -8.082528 1.986794
v -2.674168 -6.188585 0.249289
v -2.766142 -6.237599 0.245114
v -2.604582 -6.410728 0.523084
v -2.810839 -6.378509 0.208048
v -2.686040 -6.587253 0.439560
v -2.717891 -6.735901 0.264467
v -2.782542 -6.910899 0.234206
v -2.706361 -7.042069 0.695089
v -2.766695 -6.070472 -0.064865
v -2.825396 -6.218752 -0.132495
v -2.829292 -6.503755 -0.185340
v -2.636157 -5.780678 -0.376056
v -2.742424 -5.811239 -0.514043
v -2.839505 -6.047386 -0.538519
v -2.837926 -6.402963 -0.521653
v -2.786122 -6.713527 -0.502058
v -2.787727 -6.770727 -0.202319
v -2.732132 -5.024841 0.220408
v -2.712495 -4.865089 -0.184492
v -2.723261 -5.064616 -0.003454
v -2.647766 -5.378504 -0.326460
v -2.656636 -5.480802 -0.025008
v -2.646818 -5.968627 -0.043785
v -2.666297 -5.437289 0.279527
v -2.645686 -5.863729 0.279193
v -2.559424 -6.205748 0.596706
v -2.627478 -5.213927 0.772157
v -2.642343 -5.450293 0.558963
v -2.508941 -5.726794 0.761040
v -2.580801 -5.761093 0.553462
v -2.579456 -6.162604 0.702205
v -2.689936 -5.095124 0.529974
v -2.720682 -4.845097 0.711376
v -2.174913 -6.916348 -1.436754
v -2.406130 -6.773491 -1.148852
v -2.320758 -6.868571 -1.115355
v -2.383058 -6.832482 -0.854214
v -2.536547 -6.813871 -0.764375
v -2.700360 -6.641821 -0.830365
v -2.498067 -6.527972 -1.168321
v -2.768485 -6.269951 -0.870176
v -2.837926 -6.402963 -0.521653
v -2.839505 -6.047386 -0.538519
v -2.786122 -6.713527 -0.502058
v -2.540345 -6.837379 -0.447522
v -2.742424 -5.811239 -0.514043
v -2.119431 -5.357797 -1.264577
v -2.387504 -5.026325 -1.060805
v -2.332551 -5.460559 -1.023292
v -2.589464 -5.163744 -0.704673
v -2.543572 -5.598757 -0.709177
v -2.647766 -5.378504 -0.326460
v -2.636157 -5.780678 -0.376056
v -1.933788 -4.574705 -1.649249
v -2.145144 -4.699420 -1.433823
v -2.307259 -4.802408 -1.251305
v -2.439219 -4.880085 -1.057272
v -2.535760 -4.921137 -0.866762
v -2.616056 -4.893971 -0.559008
v -2.712495 -4.865089 -0.184492
v -2.185548 -5.738428 -1.342065
v -2.445415 -5.532263 -1.151021
v -2.181841 -5.478985 -1.316992
v 2.843849 2.051378 -2.823986
v 3.365552 1.895990 -2.637198
v 3.323856 1.583110 -2.931344
v 2.830634 1.641075 -3.132289
v 3.258969 1.310611 -3.102754
v 3.362209 0.894359 -3.315158
v 3.149595 0.940767 -3.306287
v 3.441732 1.283261 -3.112757
v 3.494247 1.608065 -2.902720
v 3.534311 1.884513 -2.632329
v 3.669219 1.541546 -2.843682
v 3.701860 1.822785 -2.583856
v 3.782357 1.464787 -2.762732
v 3.806075 1.753317 -2.511520
v 3.855536 1.392766 -2.661145
v 3.873594 1.682744 -2.424850
v 3.621889 1.210714 -3.045290
v 3.743846 1.126952 -2.955627
v 3.551843 0.814388 -3.237398
v 3.258574 0.445018 -3.510688
v 3.092684 0.508458 -3.522955
v 2.892600 0.081361 -3.704612
v 3.683881 0.724336 -3.136685
v 3.831766 1.051114 -2.846701
v 3.886940 1.298212 -2.509233
v 3.904024 1.584374 -2.293025
v 3.891178 1.926525 -2.144869
v 3.921529 1.822863 -2.039009
v 3.903761 2.083808 -1.911401
v 3.933480 1.976619 -1.826648
v 3.567768 2.123398 -2.310319
v 3.728894 2.064776 -2.269755
v 3.825922 1.999178 -2.206471
v 3.830160 2.161462 -1.966093
v 3.839794 2.256252 -1.729862
v 3.910921 2.178651 -1.689798
v 3.845612 2.352833 -1.427788
v 3.772380 2.469472 -1.158344
v 3.843848 2.416008 -1.145922
v 3.769143 2.409401 -1.448028
v 3.758929 2.316085 -1.760810
v 3.746794 2.223927 -2.006066
v 3.627812 2.356834 -1.769479
v 3.600410 2.275284 -2.035993
v 3.491615 2.385606 -1.747764
v 3.426780 2.287077 -2.030515
v 3.645422 2.444386 -1.442200
v 3.913579 2.275968 -1.407029
v 3.909657 2.342198 -1.140913
v 3.903208 2.410849 -0.790727
v 3.837188 2.470656 -0.791685
v 3.768511 2.517959 -0.798735
v 3.657031 2.500164 -1.145435
v 3.521755 2.450019 -1.420501
v 3.940982 2.070909 -1.623750
v 3.945667 2.168648 -1.362822
v 3.945115 2.237404 -1.110596
v 3.927504 2.319059 -0.754398
v 3.647792 2.391133 -0.703289
v 3.927109 1.844817 -1.736483
v 3.935875 1.962352 -1.501896
v 3.944851 2.025133 -1.347920
v 3.949879 2.132716 -1.027646
v 3.947352 2.201946 -0.723911
v 3.974386 1.872957 -0.997845
v 3.937454 1.884697 -0.687245
v 3.936217 2.188100 -0.666544
v 3.529810 2.364151 -0.622124
v 3.497538 2.516090 -0.671906
v 3.535786 2.537780 -0.734303
v 3.536180 2.499954 -1.112760
v 3.663059 2.541808 -0.775570
v 3.232672 2.487108 -0.598866
v 3.094053 2.690193 -1.070932
v 3.050461 2.646918 -1.447372
v 2.658111 2.842947 -1.051960
v 2.596677 2.809044 -1.471348
v 2.271389 2.959745 -1.045001
v 2.676616 2.873325 -0.621890
v 3.129352 2.709751 -0.632591
v 2.384634 2.958112 -0.590218
v 2.040995 3.032108 -0.572881
v 1.951222 3.059879 -1.021080
v 2.895679 2.609354 -0.569512
v 2.582826 2.707487 -0.543431
v 2.311966 2.774085 -0.520881
v 2.046847 2.827785 -0.499513
v 1.928934 2.747894 -0.520148
v 1.865084 2.872483 -0.946580
v 1.763536 2.900123 -1.460057
v 1.951807 2.717648 -0.503443
v 2.145947 2.941845 -1.491935
v 1.812543 3.066828 -1.501293
v 1.624967 2.909310 -1.879002
v 1.645173 3.008127 -1.956203
v 1.437889 2.876932 -2.291551
v 1.512329 2.937608 -2.353742
v 1.470746 2.962641 -2.379868
v 1.535905 2.658448 -2.784270
v 1.576364 2.615778 -2.774169
v 1.576227 2.334380 -3.124813
v 1.170775 2.694064 -2.909919
v 1.200879 2.370364 -3.252718
v 1.862409 2.806358 -2.409806
v 1.926668 2.550600 -2.737509
v 1.624844 2.310400 -3.080906
v 1.653818 1.900597 -3.383625
v 1.609910 1.903861 -3.449960
v 1.220456 1.940029 -3.596844
v 1.132780 2.977540 -2.526974
v 0.780915 2.714201 -3.009859
v 0.799829 2.398873 -3.337137
v 0.815204 1.968406 -3.655308
v 0.825604 1.469183 -3.918753
v 0.424857 1.476369 -3.919517
v 0.427271 0.953402 -4.060399
v 0.758769 2.984199 -2.656993
v 1.385601 2.879774 -2.288489
v 1.115717 2.897833 -2.441489
v 0.744328 2.868718 -2.577470
v 0.385206 2.877721 -2.644924
v 0.000000 2.668635 -3.018492
v 0.035073 2.698275 -3.005586
v 0.037943 2.397794 -3.302496
v 0.000000 2.912337 -2.723552
v 0.031880 2.949111 -2.692712
v 0.031101 2.890435 -2.647269
v 0.390058 2.967668 -2.710696
v 0.400497 2.709068 -3.042736
v 0.000000 2.853951 -2.678976
v 0.043197 0.957746 -3.992696
v 0.000000 0.950744 -3.977849
v 0.000000 1.466708 -3.843363
v 0.042481 1.478686 -3.855393
v 0.418539 1.975303 -3.665417
v 0.409895 2.402163 -3.354405
v 0.000000 2.374629 -3.301706
v 0.040570 1.974987 -3.605557
v 0.000000 1.957666 -3.597318
v 2.556281 0.316086 -3.614455
v 2.127286 -0.186393 -3.756102
v 2.340042 0.419511 -3.694320
v 2.007607 0.389871 -3.820225
v 2.376998 -0.220464 -3.786821
v 2.677748 0.171413 -3.643332
v 2.038582 -0.559514 -3.909356
v 1.650290 -0.657406 -3.816040
v 1.768417 -0.782171 -3.990011
v 1.997241 -0.963292 -4.076484
v 2.263315 -0.717573 -3.997987
v 2.598251 -0.345060 -3.867002
v 2.899365 0.566211 -3.472677
v 2.245028 -1.197754 -4.055372
v 2.505482 -0.917336 -3.981298
v 2.833662 -0.503198 -3.846864
v 3.088840 -0.033567 -3.681659
v 3.440811 0.348438 -3.426769
v 3.008712 -0.633999 -3.779161
v 2.691357 -1.078914 -3.908909
v 3.276816 -0.144257 -3.608480
v 3.593592 0.240722 -3.314157
v 3.790859 0.643944 -3.014260
v 3.872830 0.955482 -2.684449
v 3.455999 -0.281323 -3.488840
v 3.218615 -0.808012 -3.642174
v 2.914790 -1.283755 -3.764183
v 2.436057 -1.383350 -3.978613
v 2.665323 -1.610273 -3.830939
v 2.310392 -1.991102 -3.853499
v 2.860511 -1.852085 -3.633935
v 2.521071 -2.229489 -3.661601
v 2.066147 -1.755681 -4.000330
v 1.641733 -2.206998 -3.966821
v 1.902066 -2.432787 -3.824438
v 1.312693 -2.660750 -3.850761
v 0.844278 -2.999821 -3.749153
v 1.074982 -2.491747 -3.921492
v 1.411877 -2.015943 -4.044580
v 1.857398 -1.558822 -4.081143
v 0.426895 -3.347939 -3.539803
v 0.527363 -2.849709 -3.734991
v 0.285993 -2.758162 -3.608480
v 0.753618 -2.287598 -3.941261
v 1.102161 -1.782660 -4.086118
v 1.581818 -1.313722 -4.119286
v 0.742810 -3.432600 -3.595582
v 0.497146 -2.143169 -3.856420
v 0.324260 -2.131719 -3.659258
v 0.680202 -1.492131 -3.879901
v 0.842973 -1.609086 -4.013465
v 1.332938 -1.126365 -4.042078
v 1.161186 -1.038774 -3.867213
v 0.806136 -0.744560 -4.054372
v 1.212680 -0.748040 -3.954948
v 1.608189 -0.717381 -3.849839
v 1.226184 -0.166869 -4.013676
v 0.819629 -0.166290 -4.115916
v 0.827495 0.402611 -4.116495
v 1.233670 0.398110 -4.034603
v 1.235613 0.934397 -3.993248
v 1.616957 0.402796 -3.898485
v 1.630116 0.925683 -3.835887
v 1.612040 -0.156419 -3.904565
v 1.670794 -0.119829 -3.855788
v 1.674547 0.429777 -3.849523
v 1.674695 0.943215 -3.782187
v 2.009376 0.884382 -3.731015
v 2.010300 1.369049 -3.567099
v 2.372333 0.811045 -3.623800
v 2.758613 0.620543 -3.511504
v 2.771301 1.177230 -3.380677
v 2.403740 1.279312 -3.485023
v 2.425912 1.735602 -3.257272
v 2.416551 2.131953 -2.952566
v 2.015865 1.825233 -3.342771
v 1.668648 1.430277 -3.633618
v 1.620026 1.429619 -3.712746
v 1.231406 1.446781 -3.858920
v 0.425926 0.406244 -4.115310
v 0.042762 0.411246 -4.044631
v 0.829593 0.947506 -4.057583
v 0.420961 -0.165263 -4.111494
v 0.412596 -0.742059 -4.047317
v 0.388594 -1.439076 -3.878663
v 0.147722 -2.738889 -3.403211
v 0.029645 -2.065939 -3.611692
v 0.029224 -1.428228 -3.802273
v 0.038640 -0.737955 -3.972269
v 0.041220 -0.161710 -4.038367
v 0.025226 -2.736308 -3.380336
v 0.000000 0.408350 -4.027864
v 0.000000 -0.161973 -4.020494
v 0.000000 -0.735347 -3.953790
v 0.000000 -1.420834 -3.783478
v 0.000000 -2.052043 -3.594187
v 0.000000 -2.716549 -3.366279
v 0.026787 -3.352367 -3.068272
v 0.070549 -3.380843 -3.075300
v 0.207734 -3.319070 -3.344852
v 0.191511 -3.666081 -3.197362
v 0.380152 -3.653209 -3.378414
v 0.000000 -3.354602 -3.024767
v 0.735836 -3.702381 -2.375306
v 0.231728 -3.694495 -2.560815
v 0.610411 -3.749429 -3.196020
v 0.073690 -3.699741 -2.939043
v 0.049593 -3.699417 -2.588380
v 0.000000 -3.700763 -2.595888
v 0.674003 -3.699064 -3.497001
v 0.849767 -3.818504 -3.175671
v 0.903548 -3.765273 -3.476680
v 1.159596 -3.869221 -3.368201
v 1.238116 -3.640837 -3.450645
v 1.428092 -3.719857 -3.296970
v 1.543586 -3.409299 -3.403764
v 1.703148 -3.512779 -3.136739
v 1.935486 -3.173404 -3.248166
v 1.577096 -3.810046 -3.033209
v 1.359596 -3.958189 -3.215209
v 1.538595 -4.093779 -2.730003
v 1.781168 -3.580185 -2.854647
v 1.481921 -4.050874 -2.945445
v 1.122238 -3.927899 -3.087778
v 0.875064 -3.704377 -2.469022
v 1.813827 -4.201241 -2.665416
v 2.094429 -4.469219 -2.520030
v 1.931832 -4.579817 -1.819995
v 1.663405 -4.347466 -2.021030
v 1.366487 -4.099962 -2.111169
v 1.208984 -3.787343 -2.277080
v 1.137347 -3.785097 -2.402477
v 2.037995 -4.690344 -1.713286
v 1.933788 -4.574705 -1.649249
v 2.381931 -4.702279 -2.307781
v 2.636841 -4.166171 -2.527708
v 2.308175 -3.941008 -2.720745
v 1.980702 -3.707683 -2.840940
v 2.004132 -3.263494 -2.953299
v 2.183084 -3.394703 -2.928084
v 2.366790 -2.931189 -3.027363
v 2.556350 -3.057539 -2.954489
v 2.949405 -3.310842 -2.767227
v 3.277211 -3.548442 -2.477733
v 2.924372 -4.360469 -2.265064
v 3.543841 -3.745704 -2.113775
v 3.546499 -2.844365 -2.516073
v 3.298427 -2.553571 -2.796324
v 2.895574 -2.746196 -2.956371
v 2.749585 -2.572504 -3.044028
v 2.297988 -2.819738 -3.337455
v 1.776111 -3.030152 -3.531484
v 1.351433 -3.291549 -3.569233
v 3.165336 -2.346181 -2.928649
v 2.685277 -2.440266 -3.358171
v 2.125799 -2.640995 -3.636384
v 1.573360 -2.862064 -3.711905
v 1.087386 -3.129310 -3.695111
v 0.978738 -3.517075 -3.564757
v 3.915843 0.670188 -2.422308
v 3.915580 0.292342 -2.537730
v 3.872909 0.427776 -2.667031
v 3.918949 -0.171792 -2.676692
v 3.944772 -0.142389 -2.547197
v 3.974149 -0.500461 -2.494921
v 3.956749 -0.636982 -2.612060
v 3.999288 -0.805581 -2.389733
v 3.999920 -0.993237 -2.497027
v 3.732974 -0.683529 -2.800104
v 3.541445 -1.289568 -2.867039
v 4.049934 -1.340167 -2.329673
v 4.027428 -1.016191 -2.298114
v 4.050856 -1.270041 -2.138876
v 3.809206 -0.160973 -2.765839
v 3.239410 -1.706046 -3.258090
v 3.011160 -2.074692 -3.325557
v 3.284924 -1.841788 -2.944788
v 3.506251 -1.163547 -3.166089
v 3.706256 -0.568101 -3.071719
v 3.801257 0.022606 -2.962142
v 3.850350 0.542994 -2.835561
v 3.878253 0.808623 -2.554090
v 3.929742 1.044402 -2.223789
v 3.603463 -0.417399 -3.325293
v 3.384479 -0.983274 -3.456357
v 3.100449 -1.499884 -3.565494
v 3.719102 0.142325 -3.173459
v 3.959698 1.605169 -1.652540
v 3.943324 1.364415 -1.964185
v 3.911789 1.555786 -2.110517
v 3.894337 1.201342 -2.365662
v 3.967094 1.766505 -1.337222
v 2.803942 2.239484 0.748831
v 2.770880 1.970563 1.182054
v 3.212271 1.903991 1.046446
v 3.217588 2.150063 0.646404
v 2.860301 2.437015 0.310254
v 3.231856 2.329088 0.239229
v 2.503366 2.522329 0.356339
v 2.397293 2.318901 0.797690
v 2.227960 2.032212 1.303671
v 2.374505 1.655472 1.718959
v 3.232040 1.597429 1.405750
v 3.572638 1.540281 1.199119
v 3.569874 1.822310 0.874999
v 3.575560 2.044348 0.516264
v 3.583378 2.204368 0.148971
v 3.858563 0.452571 1.506892
v 3.866881 0.810017 1.379584
v 3.586800 0.868665 1.689482
v 3.579693 1.216345 1.475115
v 3.877647 1.159882 1.193428
v 3.887387 1.463917 0.952013
v 3.900496 1.715805 0.669482
v 3.921344 1.909204 0.359940
v 2.812024 1.641732 1.569416
v 2.881491 1.286181 1.897981
v 3.262522 1.257752 1.710927
v 3.289346 0.912362 1.948567
v 2.933322 0.937080 2.154805
v 2.485587 1.297789 2.049046
v 2.563089 0.949531 2.313233
v 2.279672 0.608722 2.641354
v 2.611505 0.593559 2.521688
v 2.970306 0.581556 2.349849
v 3.312616 0.559287 2.124160
v 3.594961 0.513379 1.842876
v 2.289136 0.192312 2.829882
v 2.629937 0.174991 2.698081
v 2.989786 0.169016 2.506631
v 3.326936 0.158829 2.256717
v 3.599646 0.128872 1.949446
v 3.850798 0.087887 1.585262
v 3.849982 -0.213979 1.597055
v 3.610202 -0.212766 1.996020
v 3.343651 -0.213826 2.333844
v 3.003448 -0.221345 2.607976
v 2.630284 -0.222845 2.817536
v 2.264955 -0.205903 2.961683
v 3.368606 -0.630463 2.393229
v 3.630550 -0.586676 2.010148
v 3.854772 -0.528178 1.548488
v 3.878806 -0.405616 1.386088
v 3.883754 -0.157736 1.406629
v 3.877174 0.132032 1.385341
v 3.873146 -0.632713 1.343307
v 3.849640 -0.793088 1.488957
v 3.633840 -0.933998 1.999173
v 3.786569 -1.167868 1.330511
v 3.586406 -1.375081 1.873284
v 3.499275 -1.645425 1.666040
v 3.267418 -1.826898 2.096519
v 3.630049 -1.888571 1.436171
v 3.480796 -2.273056 1.724507
v 3.853667 -1.564838 0.731075
v 3.709362 -1.348183 1.017463
v 3.744004 -1.518011 1.058277
v 3.663928 -1.412794 1.160486
v 3.807706 -1.112420 1.166711
v 3.854167 -0.845498 1.269494
v 4.065991 -1.980813 0.266693
v 3.992418 -1.849852 0.574435
v 3.947747 -2.260652 0.769886
v 3.957250 -1.726840 0.475319
v 3.885465 -1.695068 0.846177
v 3.801810 -2.067928 1.128037
v 3.693252 -2.492835 1.327507
v 3.325804 -2.687072 1.849301
v 3.833635 -2.692075 0.950459
v 3.543314 -2.893048 1.466469
v 3.107135 -3.120735 1.878590
v 2.873410 -2.945647 2.162104
v 2.749427 -3.164993 2.099073
v 2.476269 -2.977428 2.339924
v 2.226907 -3.023734 2.149032
v 2.494953 -3.264235 1.874273
v 2.957066 -3.349773 1.840398
v 3.310168 -3.337432 1.528147
v 3.687145 -3.103501 1.084290
v 3.137960 -3.581261 1.516601
v 3.443864 -3.574140 1.163463
v 3.254678 -3.841199 1.175239
v 2.663928 -3.476741 1.601163
v 2.784674 -3.728206 1.321295
v 2.882070 -3.973150 1.048813
v 3.313353 -4.127958 0.794558
v 3.526862 -3.826997 0.765861
v 3.786305 -3.316660 0.681831
v 3.929242 -2.879154 0.565550
v 4.032034 -2.417553 0.421614
v 4.003000 -3.070110 0.149880
v 3.564583 -4.082187 0.332809
v 3.573534 -4.367606 -0.210300
v 3.907288 -3.742804 -0.279130
v 3.855957 -3.522530 0.254965
v 4.050224 -3.232733 -0.345975
v 4.129352 -2.677351 -0.402102
v 4.088472 -2.557826 0.053518
v 4.147647 -2.703145 -0.761349
v 4.145778 -2.155442 -0.433666
v 4.112768 -2.084327 -0.063034
v 4.016082 -1.848675 0.193367
v 4.172628 -2.150212 -0.775032
v 4.055068 -1.961863 -0.735794
v 4.030981 -1.981887 -0.434724
v 4.023795 -1.929904 -0.111061
v 3.307588 -4.428624 0.368616
v 3.260074 -4.765058 -0.164818
v 3.568637 -4.549179 -0.615356
v 3.926714 -3.885058 -0.682887
v 4.075468 -3.302129 -0.729698
v 3.210507 -4.968261 -0.549107
v 2.712495 -4.865089 -0.184492
v 2.616056 -4.893971 -0.559008
v 2.791281 -5.069622 -0.517477
v 2.844744 -4.970788 -0.195769
v 2.794598 -4.671970 0.213748
v 2.981204 -4.465026 0.515333
v 2.947247 -4.186967 0.801739
v 0.000000 2.853951 -2.678976
v 0.000000 3.191760 -2.443110
v 0.031101 2.890435 -2.647269
v 0.276477 2.840369 -2.117811
v 0.311553 3.144430 -2.321925
v 0.000000 3.143641 -2.340080
v 0.333649 3.192681 -2.425342
v 0.385206 2.877721 -2.644924
v 0.667390 3.189680 -2.357506
v 0.744328 2.868718 -2.577470
v 1.001316 3.177045 -2.225063
v 1.115717 2.897833 -2.441489
v 1.385601 2.879774 -2.288489
v 1.295506 3.154196 -2.011480
v 1.510037 3.120634 -1.700258
v 1.243686 3.122608 -1.948633
v 0.935263 3.134611 -2.144379
v 0.820645 2.811887 -1.919730
v 1.437889 2.876932 -2.291551
v 1.624967 2.909310 -1.879002
v 1.763536 2.900123 -1.460057
v 1.658024 3.073278 -1.320004
v 1.865084 2.872483 -0.946580
v 0.529719 2.801621 -1.971437
v 0.785109 2.784747 -1.853885
v 1.063055 2.785668 -1.736974
v 1.441983 3.092731 -1.660005
v 1.951807 2.717648 -0.503443
v 1.928934 2.747894 -0.520148
v 1.779751 2.925366 -0.465395
v 1.752570 3.009048 -0.899340
v 1.569059 3.047797 -1.267194
v 1.254929 2.751000 -1.495491
v 1.013977 2.760240 -1.682390
v 1.384908 2.704934 -1.203012
v 1.197396 2.727573 -1.453403
v 0.923138 2.172860 -1.574712
v 0.714157 2.190391 -1.710970
v 1.088062 2.152775 -1.385139
v 0.480505 2.204079 -1.798627
v 0.241570 2.212740 -1.842384
v 0.266753 2.811360 -2.038606
v 0.000000 2.215793 -1.853287
v 0.000000 2.814440 -2.059586
v 0.000000 2.843606 -2.140157
v 0.550759 2.830023 -2.045948
v 0.626505 3.142561 -2.273548
v 1.005872 -1.991870 3.070319
v 1.434191 -2.105505 2.989480
v 1.468754 -1.827741 2.989322
v 0.979070 -2.214576 3.007064
v 0.612517 -2.112197 3.056052
v 1.395417 -2.339889 2.929358
v 0.258346 -2.031661 3.101539
v 0.622061 -1.890288 3.122782
v 1.022138 -1.725135 3.079032
v 1.530453 -1.516098 3.156502
v 0.559401 -2.250576 2.975924
v 0.915523 -2.358631 2.933543
v 1.303961 -2.486955 2.855678
v 1.733091 -2.636151 2.723666
v 1.082531 -1.415040 3.226549
v 0.630790 -1.614113 3.137865
v 0.320253 -1.810252 3.157055
v 0.156256 -1.945333 3.146631
v 0.083311 -1.998919 3.116859
v 0.156114 -2.124616 3.045023
v 1.869522 -2.221647 2.870051
v 1.931229 -1.921871 2.868866
v 1.997572 -1.603629 3.062870
v 1.657600 -1.016643 3.208070
v 1.792226 -0.598649 3.153554
v 2.109315 -1.083399 3.117597
v 2.470243 -1.649837 2.911932
v 2.402305 -1.970637 2.693053
v 2.934796 -1.626941 2.669993
v 2.874726 -1.937141 2.437215
v 3.327936 -1.535251 2.327105
v 2.997972 -1.098638 2.743567
v 3.371738 -1.041153 2.423606
v 3.013608 -0.656873 2.690842
v 2.608818 -0.662567 2.910668
v 2.561004 -1.111171 2.970922
v 2.197012 -0.643712 3.059080
v 1.920371 -0.177793 3.054578
v 1.976348 0.213054 2.914512
v 1.700515 0.229322 2.964342
v 1.337724 0.272388 2.971239
v 0.951746 0.171306 3.006591
v 4.172628 -2.150212 -0.775032
v 4.147647 -2.703145 -0.761349
v 4.125799 -2.666320 -1.236142
v 4.028797 -3.287241 -1.264979
v 4.075468 -3.302129 -0.729698
v 3.926714 -3.885058 -0.682887
v 3.868566 -3.933928 -1.258117
v 3.568637 -4.549179 -0.615356
v 3.945799 -3.214217 -1.687617
v 4.073020 -2.577025 -1.623917
v 3.791439 -3.071449 -2.138985
v 3.742951 -3.874660 -1.675577
v 3.973991 -2.423512 -2.034259
v 4.143698 -1.982026 -1.524557
v 4.172970 -2.093082 -1.188817
v 4.062174 -1.912133 -1.095103
v 4.055068 -1.961863 -0.735794
v 4.070651 -1.815144 -1.430603
v 4.071256 -1.668128 -1.703187
v 4.115138 -1.816907 -1.867829
v 3.817604 -2.198402 -2.365858
v 4.061779 -1.467754 -1.954981
v 4.085708 -1.603906 -2.127012
v 3.673431 -1.861299 -2.622664
v 3.414356 -1.940661 -2.850240
v 3.065913 -2.217460 -3.008854
v 0.224123 -4.179367 -2.481408
v 0.049593 -3.699417 -2.588380
v 0.231728 -3.694495 -2.560815
v 0.366151 -4.310504 -2.216363
v -0.000000 -4.292109 -2.357427
v 0.000000 -4.180554 -2.480120
v 0.000000 -3.700763 -2.595888
v 2.133886 -3.773980 2.253951
v 2.226907 -3.023734 2.149032
v 1.885951 -2.827526 2.378751
v 2.494953 -3.264235 1.874273
v 1.870736 -3.848996 2.170022
v 1.797378 -4.272337 2.444611
v 1.687983 -4.243321 2.553354
v 1.255553 -4.715684 2.819088
v 1.507875 -2.650842 2.568542
v 1.509068 -3.618443 2.670388
v 1.872739 -3.702730 2.447112
v 1.774608 -3.805973 2.408180
v 1.420250 -3.725021 2.568595
v 1.073647 -4.131512 2.789132
v 1.019303 -3.652052 2.719296
v 0.794248 -3.870108 2.816614
v 0.508300 -4.133037 2.925935
v 0.432322 -3.999916 2.845517
v 1.138682 -3.559713 2.814798
v 0.435813 -3.620238 2.784736
v 0.342804 -4.015721 2.808506
v 0.667938 -3.762882 2.756307
v 0.737224 -3.631354 2.704529
v 0.742481 -3.506874 2.912352
v 1.147274 -2.504371 2.727904
v 0.441422 -3.502670 2.914800
v 0.206423 -3.492646 2.923829
v 0.488728 -2.299132 2.821169
v 0.164563 -2.231147 2.840358
v 0.797323 -2.376573 2.806322
v -0.055695 -3.332284 2.900770
v -0.045563 -1.955007 2.782157
v -0.164563 -2.231147 2.840358
v 0.000000 -1.877071 2.568016
v 0.000000 -3.461542 2.656752
v 0.045237 -1.964567 2.778340
v 0.055695 -3.386205 2.900770
v 0.148893 -3.610085 2.830986
v -0.206423 -3.492646 2.923829
v -0.488728 -2.299132 2.821169
v -0.441422 -3.502670 2.914800
v -0.797323 -2.376573 2.806322
v 4.206269 -0.037358 -2.552361
v 3.944772 -0.142389 -2.547197
v 3.915580 0.292342 -2.537730
v 4.197161 0.311216 -2.530439
v 3.915843 0.670188 -2.422308
v 4.161282 1.346015 -1.981790
v 4.173996 1.023711 -2.237249
v 3.929742 1.044402 -2.223789
v 4.186500 0.662555 -2.427828
v 4.170180 -0.136703 -0.494604
v 4.214139 -0.390245 -2.500859
v 3.974149 -0.500461 -2.494921
v 4.220484 -0.720843 -2.396882
v 4.150016 1.580741 -1.684525
v 4.140039 1.742472 -1.359534
v 4.131195 1.845923 -1.020920
v 4.130141 1.886540 -0.676334
v 4.117612 1.872088 -0.332520
v 4.113058 1.804095 -0.002463
v 4.110004 1.696353 0.301804
v 4.108530 1.542545 0.581756
v 4.108793 1.336327 0.838891
v 3.904445 1.335511 0.806993
v 3.927925 1.532384 0.541131
v 3.929478 1.686034 0.256015
v 3.932427 1.794776 -0.048658
v 3.973649 1.866112 -0.379054
v 3.906445 1.078621 1.034221
v 3.937454 1.884697 -0.687245
v 3.974386 1.872957 -0.997845
v 3.967094 1.766505 -1.337222
v 3.959698 1.605169 -1.652540
v 3.943324 1.364415 -1.964185
v 3.854167 -0.845498 1.269494
v 3.807706 -1.112420 1.166711
v 4.162415 -1.049649 1.104570
v 4.170390 -1.264027 0.963076
v 3.709362 -1.348183 1.017463
v 3.853667 -1.564838 0.731075
v 4.197030 -1.772511 0.221148
v 4.205111 -1.865011 -0.084706
v 4.016082 -1.848675 0.193367
v 3.957250 -1.726840 0.475319
v 4.186790 -1.619598 0.486101
v 4.172759 -1.470411 0.750788
v 4.153491 -0.791491 1.240675
v 4.212323 -1.911851 -0.404097
v 4.218193 -1.907000 -0.719987
v 4.222958 -1.858514 -1.032904
v 4.226854 -1.774435 -1.343370
v 4.229223 -1.646448 -1.632501
v 4.229486 -1.466216 -1.881386
v 4.227959 -1.247132 -2.090775
v 4.225038 -1.002566 -2.261401
v 3.999288 -0.805581 -2.389733
v 4.027428 -1.016191 -2.298114
v 4.050856 -1.270041 -2.138876
v 4.061779 -1.467754 -1.954981
v 4.071256 -1.668128 -1.703187
v 4.070651 -1.815144 -1.430603
v 4.062174 -1.912133 -1.095103
v 4.055068 -1.961863 -0.735794
v 4.030981 -1.981887 -0.434724
v 4.023795 -1.929904 -0.111061
v 0.272889 -6.773253 -2.215832
v 0.378660 -6.914242 -2.103539
v 0.000000 -6.925429 -2.105060
v 0.000000 -6.770411 -2.220722
v 0.250028 -6.345157 -2.166441
v 0.000000 -6.342918 -2.165272
v 0.378660 -6.914242 -2.103539
v 0.369141 -6.249813 -1.879366
v 0.000000 -6.262290 -2.010190
v 0.369141 -6.249813 -1.879366
v 3.973649 1.866112 -0.379054
v 3.937454 1.884697 -0.687245
v 3.936217 2.188100 -0.666544
v 3.948300 2.145087 -0.268893
v 3.932427 1.794776 -0.048658
v 3.529810 2.364151 -0.622124
v 3.929478 1.686034 0.256015
v 3.927925 1.532384 0.541131
v 3.938849 2.059537 0.043785
v 3.587011 2.300317 -0.200803
v 3.238910 2.434487 -0.141475
v 3.232672 2.487108 -0.598866
v 2.895679 2.609354 -0.569512
v 2.888967 2.551626 -0.093181
v 2.558600 2.642574 -0.055480
v 2.269280 2.698169 -0.027928
v 2.195722 2.579161 0.371759
v 2.582826 2.707487 -0.543431
v 2.311966 2.774085 -0.520881
v 2.046847 2.827785 -0.499513
v 1.984140 2.736390 -0.004837
v 1.951807 2.717648 -0.503443
v 1.906878 2.523381 -0.071153
v 1.895690 2.622463 0.370803
v 2.060272 2.394634 0.767102
v 1.740119 2.471050 0.691499
v 1.825104 2.399267 0.270724
v 1.676453 2.296658 0.603318
v 1.469175 2.200182 0.915048
v 1.213304 2.093941 1.200127
v 2.707072 -2.421473 2.460906
v 2.298328 -2.330312 2.698396
v 2.211713 -2.615959 2.639958
v 1.813617 -2.472490 2.807875
v 3.064570 -2.531136 2.168595
v 2.567732 -2.773870 2.422974
v 2.124288 -2.791383 2.558750
v 1.885951 -2.827526 2.378751
v 1.507875 -2.650842 2.568542
v 1.147274 -2.504371 2.727904
v 0.797323 -2.376573 2.806322
v 0.488728 -2.299132 2.821169
v 0.164563 -2.231147 2.840358
v 3.876279 0.763530 1.206131
v 3.882070 0.439831 1.315458
v 4.121508 0.460943 1.309966
v 4.115611 0.777771 1.208150
v 4.111057 1.080464 1.054066
v 4.127720 0.162646 1.368344
v 4.134143 -0.113355 1.386478
v 4.140619 -0.363356 1.367562
v 4.147094 -0.588882 1.317118
v 3.873146 -0.632713 1.343307
v 3.878806 -0.405616 1.386088
v 3.883754 -0.157736 1.406629
v 3.877174 0.132032 1.385341
v 0.346053 -5.351548 -1.874190
v 0.358127 -6.037752 -1.878802
v 0.211867 -5.923850 -2.080611
v 0.225363 -5.393884 -2.044869
v 0.358127 -6.037752 -1.878802
v 0.000000 -6.033645 -1.999537
v 0.000000 -5.920639 -2.080184
v 0.000000 -5.397416 -2.053392
v 0.000000 -5.355628 -1.996020
v 0.346053 -5.351548 -1.874190
v 1.215117 2.434224 0.103908
v 1.154228 2.428038 0.048892
v 1.015238 2.373891 0.241832
v 1.342859 2.502743 -0.183263
v 1.278146 2.492557 -0.216099
v 1.489981 2.715174 0.292778
v 1.069636 2.377155 0.312147
v 0.862444 2.330088 0.401441
v 0.697138 2.296605 0.566423
v 0.731148 1.871562 0.277813
v 0.873363 1.898095 0.152230
v 0.999947 1.931237 -0.008709
v 1.116399 1.976302 -0.249330
v 1.199431 2.026791 -0.538135
v 1.360875 2.560919 -0.526686
v 1.426999 2.575291 -0.517586
v 1.620921 2.815018 -0.066331
v 1.725641 2.819704 -0.045275
v 1.596367 2.705539 0.345962
v 1.825104 2.399267 0.270724
v 1.676453 2.296658 0.603318
v 1.398049 2.596376 0.693292
v 1.469175 2.200182 0.915048
v 1.150735 2.495215 0.986573
v 1.675324 2.904623 -0.457416
v 1.779751 2.925366 -0.465395
v 1.951807 2.717648 -0.503443
v 1.906878 2.523381 -0.071153
v 1.309945 2.627385 0.604208
v 1.071465 2.545676 0.875523
v 0.820229 2.471576 1.084712
v 0.874455 2.405110 1.215664
v 0.550333 2.404557 1.240542
v 0.583424 2.334695 1.379413
v 0.280505 2.368757 1.334732
v 0.291842 2.292656 1.476665
v 0.270899 2.254935 0.916977
v 0.520758 2.271229 0.802276
v 0.728548 2.296315 0.650790
v 0.907189 2.331273 0.481185
v 0.262781 2.256830 0.830184
v 0.502766 2.272493 0.716203
v 0.000000 2.249013 0.965136
v 0.000000 2.251065 0.878229
v 0.000000 1.828233 0.679998
v 0.209126 1.829523 0.644667
v 0.405794 1.836024 0.553522
v 0.577546 1.850450 0.421405
v -0.262781 2.256830 0.830184
v -0.209126 1.829523 0.644667
v -0.270899 2.254935 0.916977
v -0.280505 2.368757 1.334732
v 0.000000 2.356465 1.375073
v -0.291842 2.292656 1.476665
v 0.000000 2.278732 1.508667
v -0.583424 2.334695 1.379413
v -0.644836 1.952058 1.561679
v -0.926610 2.009575 1.415829
v -0.386793 1.915468 1.635395
v -0.179689 1.897094 1.667362
v 0.000000 1.899253 1.677594
v 1.213304 2.093941 1.200127
v 0.926610 2.009575 1.415829
v 0.644836 1.952058 1.561679
v 0.386793 1.915468 1.635395
v 0.179689 1.897094 1.667362
v 1.190289 2.119765 -1.135880
v 1.225739 2.076173 -0.843598
v 1.376308 2.626543 -0.856391
v 1.360875 2.560919 -0.526686
v 1.426999 2.575291 -0.517586
v 1.199431 2.026791 -0.538135
v 1.322472 2.683928 -1.175280
v 1.441638 2.644522 -0.867270
v 1.675324 2.904623 -0.457416
v 1.651641 2.987068 -0.878771
v 0.313214 -5.061526 3.018830
v 0.678022 -4.929309 2.970974
v 0.216352 -4.988773 3.028596
v 0.203464 -4.649880 3.018277
v 0.664208 -4.456375 2.933990
v 0.213959 -5.098488 -2.193488
v 0.349480 -5.152038 -1.858357
v 0.000000 -5.151484 -1.990658
v 0.000000 -5.100273 -2.192606
v 0.000000 -4.707751 -2.321167
v 0.223551 -4.706303 -2.321067
v -0.000000 -4.601686 -2.263471
v 0.359072 -4.578917 -2.084683
v 0.359072 -4.578917 -2.084683
v 0.349480 -5.152038 -1.858357
v 0.572673 -7.124513 -2.197221
v 0.382566 -7.090529 -2.135098
v 0.000000 -6.925429 -2.105060
v 0.000000 -7.101506 -2.097353
v 1.545750 -6.962834 -1.865678
v 1.235047 -7.043938 -2.040205
v 0.792053 -7.078790 -2.181924
v 0.873363 1.898095 0.152230
v 0.000000 2.023026 -0.599781
v 0.731148 1.871562 0.277813
v 0.999947 1.931237 -0.008709
v 1.116399 1.976302 -0.249330
v 1.199431 2.026791 -0.538135
v 1.225739 2.076173 -0.843598
v 1.190289 2.119765 -1.135880
v 1.088062 2.152775 -1.385139
v 0.923138 2.172860 -1.574712
v 0.714157 2.190391 -1.710970
v 0.480505 2.204079 -1.798627
v 0.241570 2.212740 -1.842384
v 0.000000 2.215793 -1.853287
v -0.241570 2.212740 -1.842384
v -0.480505 2.204079 -1.798627
v -0.714157 2.190391 -1.710970
v -0.923138 2.172860 -1.574712
v -1.088062 2.152775 -1.385139
v -1.190289 2.119765 -1.135880
v -1.225739 2.076173 -0.843598
v -1.199431 2.026791 -0.538135
v -1.116399 1.976302 -0.249330
v -0.999947 1.931237 -0.008709
v -0.873363 1.898095 0.152230
v -0.731148 1.871562 0.277813
v -0.577546 1.850450 0.421405
v -0.405794 1.836024 0.553522
v -0.209126 1.829523 0.644667
v 0.000000 1.828233 0.679998
v 0.209126 1.829523 0.644667
v 0.405794 1.836024 0.553522
v 0.577546 1.850450 0.421405
v 0.216584 -8.076395 2.916641
v -1.278146 2.492557 -0.216099
v -1.116399 1.976302 -0.249330
v -1.199431 2.026791 -0.538135
v -1.360875 2.560919 -0.526686
v -1.426999 2.575291 -0.517586
v -1.154228 2.428038 0.048892
v -0.999947 1.931237 -0.008709
v -1.342859 2.502743 -0.183263
v -1.620921 2.815018 -0.066331
v -1.675324 2.904623 -0.457416
v -1.725641 2.819704 -0.045275
v -1.779751 2.925366 -0.465395
v -1.951807 2.717648 -0.503443
v -1.906878 2.523381 -0.071153
v -1.489981 2.715174 0.292778
v -1.309945 2.627385 0.604208
v -1.069636 2.377155 0.312147
v -1.215117 2.434224 0.103908
v -1.015238 2.373891 0.241832
v -1.596367 2.705539 0.345962
v -0.550333 2.404557 1.240542
v -0.520758 2.271229 0.802276
v -0.820229 2.471576 1.084712
v -0.728548 2.296315 0.650790
v -1.071465 2.545676 0.875523
v -0.907189 2.331273 0.481185
v -0.862444 2.330088 0.401441
v -0.697138 2.296605 0.566423
v -0.502766 2.272493 0.716203
v -0.405794 1.836024 0.553522
v -0.577546 1.850450 0.421405
v -0.731148 1.871562 0.277813
v -0.873363 1.898095 0.152230
v -0.049593 -3.699417 -2.588380
v 0.000000 -3.700763 -2.595888
v 0.000000 -4.180554 -2.480120
v -0.224123 -4.179367 -2.481408
v -0.000000 -4.292109 -2.357427
v -0.360828 -4.310504 -2.216363
v -0.231728 -3.694495 -2.560815
v -1.398049 2.596376 0.693292
v -1.150735 2.495215 0.986573
v -0.874455 2.405110 1.215664
v -1.825104 2.399267 0.270724
v -1.676453 2.296658 0.603318
v -1.469175 2.200182 0.915048
v -1.213304 2.093941 1.200127
v -1.545750 -6.962834 -1.865678
v -1.938184 -6.919374 -1.641958
v 3.397272 2.139192 -2.313752
v 2.960409 2.471446 -2.169900
v 2.918476 2.292078 -2.503246
v 2.445476 2.637494 -2.291722
v 2.421998 2.414535 -2.635282
v 3.005975 2.586400 -1.821214
v 2.513532 2.749710 -1.885946
v 1.988572 2.898990 -1.935342
v 1.959733 2.235168 -3.043263
v 2.637631 -4.873675 -2.050644
v 3.166468 -4.512253 -1.936213
v 2.851430 -4.988885 -1.748019
v 3.358814 -4.609886 -1.544545
v 3.013161 -5.053404 -1.399297
v 3.489062 -4.646444 -1.167275
v 3.123614 -5.067084 -1.064243
v 2.700886 -5.108765 -0.912012
v 2.588283 -5.052801 -1.121422
v 2.435620 -4.957942 -1.332931
v 2.251233 -4.841063 -1.531949
v 2.791281 -5.069622 -0.517477
v 2.616056 -4.893971 -0.559008
v 2.535760 -4.921137 -0.866762
v 2.439219 -4.880085 -1.057272
v 2.307259 -4.802408 -1.251305
v 2.145144 -4.699420 -1.433823
v 3.210507 -4.968261 -0.549107
v 2.947247 -4.186967 0.801739
v 2.882070 -3.973150 1.048813
v 2.784674 -3.728206 1.321295
v 2.663928 -3.476741 1.601163
v 3.882070 0.439831 1.315458
v 3.876279 0.763530 1.206131
v 3.906445 1.078621 1.034221
v 3.904445 1.335511 0.806993
v -2.359128 -6.624200 -1.119034
v -2.514335 -6.600001 -0.783962
v -2.357622 -6.683000 -0.760208
v -2.130952 -6.799777 -0.948113
v -1.939220 -6.829560 -1.237785
v -2.120286 -6.674754 -1.443390
v -1.893378 -6.713672 -1.643253
v -2.335402 -6.769855 -0.535250
v -2.397872 -6.718654 -0.548751
v -2.501747 -6.867290 -0.128913
v -2.345940 -6.838625 -0.541501
v -2.152206 -6.873806 -0.936609
v -1.949843 -6.930663 -1.238737
v -1.729428 -6.862887 -1.452646
v -1.644329 -6.750086 -1.770605
v -1.488608 -6.899712 -1.593489
v -1.361436 -6.791898 -1.897197
v -1.243454 -6.933547 -1.689094
v -0.960107 -6.818836 -1.966587
v -0.882380 -6.974270 -1.750415
v -0.488629 -6.843869 -2.001606
v -0.449934 -7.010138 -1.781236
v 0.001960 -6.863600 -1.993565
v 0.001960 -7.033868 -1.768057
v -0.441221 -7.111181 -1.778994
v 0.001960 -7.132919 -1.769294
v -0.875484 -7.078591 -1.744771
v -1.256343 -7.040200 -1.676721
v -1.482035 -7.011437 -1.598612
v -1.741150 -6.973464 -1.448101
v -0.465122 -10.035830 -2.502970
v -0.405588 -10.400521 -2.279398
v -0.774854 -10.357133 -2.193445
v -0.627075 -10.669918 -1.924442
v -0.371030 -10.700142 -1.996843
v -0.429776 -10.891994 -1.678818
v 0.001960 -10.951947 -1.688853
v 0.001960 -10.718068 -2.024800
v 0.001960 -10.412815 -2.313502
v 0.001960 -10.051172 -2.542893
v 0.001960 -9.631639 -2.700777
v -0.517298 -9.624588 -2.656173
v 0.001960 -9.185623 -2.767696
v -0.911124 -9.984778 -2.399718
v -1.109679 -10.281513 -2.057845
v -0.917189 -10.598251 -1.782783
v -0.732537 -10.880956 -1.419499
v -0.306339 -11.176214 -1.134872
v -0.573779 -8.781764 -2.757217
v 0.001960 -8.766260 -2.787458
v -0.555458 -8.348382 -2.743466
v -0.557323 -9.199951 -2.731444
v -1.026271 -9.590865 -2.526935
v -1.325157 -9.877250 -2.231389
v -1.282917 -10.150259 -1.729172
v -1.493289 -9.506368 -2.307323
v -1.122004 -9.196380 -2.586140
v -1.173721 -8.801381 -2.607951
v -1.114839 -8.381185 -2.633697
v -1.069115 -7.939401 -2.589146
v -1.553966 -7.992295 -2.445333
v -1.533566 -7.537265 -2.339854
v -1.667969 -9.156467 -2.328837
v -1.832132 -8.837307 -2.317254
v -1.595078 -8.433035 -2.457541
v -1.914989 -8.075743 -2.277413
v -2.024832 -7.601192 -2.131278
v -1.835643 -7.080656 -2.017155
v -1.453427 -7.111876 -2.164663
v -1.744107 -9.257222 -1.878449
v -1.877556 -8.983367 -1.849723
v -1.979542 -8.577013 -2.231769
v -2.199839 -8.204468 -2.072433
v -2.329631 -7.994554 -1.960138
v -2.309276 -8.204407 -1.564112
v -2.491688 -7.756880 -1.742119
v -2.405588 -8.009478 -1.444221
v -2.652362 -7.542939 -1.506238
v -2.014488 -8.724226 -1.785218
v -2.174465 -8.435755 -1.690201
v -1.848466 -8.819493 -1.796618
v -1.640251 -9.239559 -1.853287
v -1.618080 -9.528228 -1.882348
v -1.475609 -9.818573 -1.851740
v -1.450076 -9.638786 -1.833786
v -1.201342 -10.088191 -1.707267
v -1.047209 -10.490422 -1.495765
v -0.968049 -10.422683 -1.484673
v -0.880524 -10.710648 -1.221748
v -0.787773 -10.659250 -1.192576
v -0.708368 -10.930319 -0.883827
v -0.627503 -10.863559 -0.879968
v -0.548851 -11.165934 -0.304262
v -0.467191 -11.100107 -0.300174
v -0.425130 -11.206742 0.460796
v -0.503853 -11.276072 0.459070
v -0.448551 -11.169992 1.130847
v -0.532539 -11.229731 1.142284
v -0.601153 -11.070148 -1.029471
v -0.425039 -11.314256 -0.364905
v -0.362051 -11.434786 0.407944
v -0.377379 -11.394467 1.181515
v -0.260551 -11.285490 -0.827850
v 0.001960 -11.221616 -1.162300
v 0.001960 -11.348279 -0.840463
v 0.001960 -11.438339 -0.400330
v 0.001960 -11.519515 0.407300
v 0.001960 -11.452679 1.180691
v 0.001960 -11.265870 1.959332
v -0.415921 -11.209733 1.958441
v 0.001960 -10.817304 2.695310
v -0.483477 -10.803473 2.617504
v -0.600432 -10.545759 1.895040
v -0.571919 -10.939496 1.634356
v -0.475740 -10.905676 1.614756
v -0.618758 -10.433201 1.868431
v -2.257123 -7.041080 0.394848
v -2.504388 -6.954823 0.379951
v -2.418127 -7.077348 0.795148
v -2.245797 -7.148754 0.766939
v -2.298493 -7.231409 1.117953
v -2.130741 -7.266519 1.109876
v -2.156861 -7.432721 1.510444
v -2.345940 -6.838625 -0.541501
v -2.501747 -6.867290 -0.128913
v -2.189270 -6.968422 -0.051471
v -1.992327 -7.356336 0.355404
v -1.958263 -7.387838 0.681616
v -1.964291 -7.440299 1.384284
v -1.767250 -7.595428 1.603057
v -1.895951 -7.502556 0.994410
v 0.001960 -7.636000 0.479758
v -1.925985 -7.356727 0.004748
v -2.013712 -6.962414 -0.451332
v -1.430391 -7.888981 1.552245
v -1.220953 -8.030115 1.675405
v -1.583354 -7.796216 1.426571
v -1.752488 -7.650604 1.243292
v -1.590126 -7.737456 1.770636
v -1.405785 -7.901192 1.883186
v -1.159568 -8.083263 1.983693
v -1.039929 -8.139793 1.774545
v -1.100899 -8.136943 2.461573
v -0.897860 -8.255928 2.054273
v -1.391231 -7.958991 2.433877
v -1.721718 -7.854234 2.332702
v -2.064543 -7.753968 2.180154
v -2.241938 -7.665680 2.026904
v -1.994224 -7.608120 1.871973
v -0.833664 -8.276163 1.843260
v -0.554796 -8.374438 1.924883
v -0.783695 -8.508098 2.479154
v -0.631147 -8.440478 2.153141
v 0.001960 -8.493629 2.170135
v 0.001960 -8.423133 1.940799
v 0.001960 -8.528117 2.572786
v -1.597477 -7.031070 -0.968574
v -1.809322 -6.987830 -0.765937
v -1.514128 -7.406065 -0.655515
v -1.687162 -7.360836 -0.384014
v -1.378735 -7.437211 -0.804049
v -1.247508 -7.460745 -0.908182
v -1.015582 -7.493454 -1.034289
v -0.876561 -7.512522 -1.103762
v -0.608294 -7.539598 -1.159958
v -0.694516 -7.152690 -1.346857
v -0.989718 -7.128856 -1.285241
v -1.200438 -7.097649 -1.194173
v -1.435925 -7.060655 -1.084758
v -0.317616 -7.554633 -1.201862
v -0.349188 -7.173450 -1.400933
v -0.875484 -7.078591 -1.744771
v -1.256343 -7.040200 -1.676721
v -0.441221 -7.111181 -1.778994
v 0.001960 -7.132919 -1.769294
v 0.001960 -7.181481 -1.422884
v 0.001960 -7.559991 -1.233096
v -2.152206 -6.873806 -0.936609
v -1.949843 -6.930663 -1.238737
v -1.741150 -6.973464 -1.448101
v -1.482035 -7.011437 -1.598612
v -3.122441 -6.811735 -0.899886
v -3.055840 -7.307435 -1.007750
v -3.267450 -7.364492 -0.284528
v -3.354851 -7.468274 0.369383
v -3.330754 -7.004028 0.399758
v -3.263648 -7.175498 1.030261
v -3.282824 -6.896335 -0.227268
v -3.053260 -6.555432 -0.180861
v -2.919367 -6.495938 -0.769025
v -2.828243 -6.625126 -0.794625
v -2.970089 -6.840324 -0.891723
v -2.908888 -7.269637 -0.981860
v -2.715922 -7.660107 -1.072952
v -2.648287 -7.595238 -1.033837
v -3.101561 -6.652886 0.426015
v -3.011422 -6.815951 1.017098
v -2.863379 -7.020923 1.521344
v -3.144410 -7.369369 1.552825
v -2.692117 -7.242530 1.959692
v -2.938996 -7.574541 1.995096
v -2.195507 -8.659850 2.655808
v -2.505968 -8.414372 2.497842
v -2.405969 -8.644056 2.233254
v -2.647880 -8.455306 1.984342
v -2.823270 -8.168658 2.202441
v -2.994399 -7.992733 1.892689
v -3.180264 -7.802456 1.465507
v -3.305406 -7.623666 0.975656
v -2.984877 -7.731049 -0.328544
v -3.089672 -7.857281 0.347204
v -3.045520 -8.007204 0.858575
v -2.954769 -8.143312 1.273491
v -2.792683 -8.309351 1.685680
v -2.514335 -6.600001 -0.783962
v -2.828243 -6.625126 -0.794625
v -2.919367 -6.495938 -0.769025
v -2.349228 -6.548865 -0.726009
v -2.357622 -6.683000 -0.760208
v -2.432093 -6.605178 -0.173998
v -3.053260 -6.555432 -0.180861
v -2.432255 -6.717747 0.430843
v -3.101561 -6.652886 0.426015
v -3.011422 -6.815951 1.017098
v -2.339562 -6.855914 0.855560
v -2.212543 -7.022711 1.181330
v -2.863379 -7.020923 1.521344
v -2.062000 -7.240037 1.573992
v -2.692117 -7.242530 1.959692
v -2.397872 -6.718654 -0.548751
v -2.357622 -6.683000 -0.760208
v -2.501747 -6.867290 -0.128913
v -2.504388 -6.954823 0.379951
v -2.418127 -7.077348 0.795148
v -2.298493 -7.231409 1.117953
v -2.156861 -7.432721 1.510444
v -1.960035 -7.453776 1.864624
v -2.546880 -7.454799 2.320492
v -2.215896 -7.571553 2.041397
v -2.297620 -7.519204 2.598701
v -2.025580 -7.636548 2.177109
v -1.886351 -7.646157 2.837263
v -1.688202 -7.736462 2.349249
v -1.491757 -7.798168 2.979366
v -1.994224 -7.608120 1.871973
v -0.706416 -8.469517 2.525309
v -0.783695 -8.508098 2.479154
v -1.100899 -8.136943 2.461573
v -1.021430 -8.040779 2.497797
v -1.344507 -7.847031 2.459379
v -1.391231 -7.958991 2.433877
v -1.721718 -7.854234 2.332702
v -2.064543 -7.753968 2.180154
v -2.241938 -7.665680 2.026904
v -1.994224 -7.608120 1.871973
v -1.128890 -8.039697 3.045009
v -0.845952 -8.389408 3.014368
v -0.640839 -8.646738 3.015778
v 1.073034 -7.939401 -2.589146
v 1.118758 -8.381185 -2.633697
v 0.559377 -8.348382 -2.743466
v 0.001960 -8.766260 -2.787458
v 0.001960 -8.329540 -2.760700
v 0.537027 -7.910042 -2.675508
v 1.046085 -7.507873 -2.465387
v 1.537485 -7.537265 -2.339854
v 1.457346 -7.111876 -2.164663
v 1.839562 -7.080656 -2.017155
v 1.365355 -6.791898 -1.897197
v 1.648248 -6.750086 -1.770605
v 1.897298 -6.713672 -1.643253
v 0.001960 -7.891352 -2.693621
v 0.964026 -6.818836 -1.966587
v 0.999071 -7.116318 -2.261439
v 0.520630 -7.489371 -2.534966
v 0.001960 -7.477928 -2.543903
v 0.504600 -7.117091 -2.312195
v 0.001960 -7.118818 -2.311424
v 0.492548 -6.843869 -2.001606
v 0.001960 -6.863600 -1.993565
v 0.521218 -9.624588 -2.656173
v 0.001960 -9.631639 -2.700777
v 0.001960 -9.185623 -2.767696
v 0.469041 -10.035830 -2.502970
v 0.001960 -10.051172 -2.542893
v 0.915044 -9.984778 -2.399718
v 0.577698 -8.781764 -2.757217
v 0.561242 -9.199951 -2.731444
v 1.030190 -9.590865 -2.526935
v 1.329076 -9.877250 -2.231389
v 1.113598 -10.281513 -2.057845
v 0.778773 -10.357133 -2.193445
v 0.409508 -10.400521 -2.279398
v 0.001960 -10.412815 -2.313502
v 1.125923 -9.196380 -2.586140
v 1.177640 -8.801381 -2.607951
v 1.671888 -9.156467 -2.328837
v 1.497208 -9.506368 -2.307323
v 1.748027 -9.257222 -1.878449
v 1.881475 -8.983367 -1.849723
v 1.836052 -8.837307 -2.317254
v 2.313195 -8.204407 -1.564112
v 2.178385 -8.435755 -1.690201
v 2.203759 -8.204468 -2.072433
v 1.983461 -8.577013 -2.231769
v 2.018408 -8.724226 -1.785218
v 1.598997 -8.433035 -2.457541
v 1.557885 -7.992295 -2.445333
v 1.918908 -8.075743 -2.277413
v 2.333550 -7.994554 -1.960138
v 2.495607 -7.756880 -1.742119
v 2.028752 -7.601192 -2.131278
v 2.351756 -7.355103 -1.870876
v 2.598995 -7.172213 -1.595553
v 2.656281 -7.542939 -1.506238
v 2.810592 -6.989439 -1.267830
v 2.814449 -7.360471 -1.242966
v 2.406853 -6.846915 -1.558100
v 2.651288 -6.730982 -1.216071
v 2.156487 -6.976725 -1.820580
v 2.124205 -6.674754 -1.443390
v 2.363047 -6.624200 -1.119034
v 2.518255 -6.600001 -0.783962
v 2.832163 -6.625126 -0.794625
v 2.974008 -6.840324 -0.891723
v 2.912807 -7.269637 -0.981860
v 2.652206 -7.595238 -1.033837
v 2.525386 -7.801801 -1.253989
v 2.409508 -8.009478 -1.444221
v 2.218648 -8.161802 -1.548686
v 2.019605 -8.489667 -1.708660
v 2.380604 -7.871221 -1.341519
v 2.629183 -7.588902 -0.979150
v 1.852385 -8.819493 -1.796618
v 1.644171 -9.239559 -1.853287
v 1.621999 -9.528228 -1.882348
v 1.479529 -9.818573 -1.851740
v 1.286837 -10.150259 -1.729172
v 1.453995 -9.638786 -1.833786
v 1.205262 -10.088191 -1.707267
v 1.051128 -10.490422 -1.495765
v 0.921108 -10.598251 -1.782783
v 0.736457 -10.880956 -1.419499
v 0.630994 -10.669918 -1.924442
v 0.433695 -10.891994 -1.678818
v 0.374949 -10.700142 -1.996843
v 0.884443 -10.710648 -1.221748
v 0.971968 -10.422683 -1.484673
v 0.791692 -10.659250 -1.192576
v 0.001960 -10.718068 -2.024800
v 0.001960 -10.951947 -1.688853
v 0.310258 -11.176214 -1.134872
v 0.605072 -11.070148 -1.029471
v 0.712287 -10.930319 -0.883827
v 0.631422 -10.863559 -0.879968
v 0.552770 -11.165934 -0.304262
v 0.471110 -11.100107 -0.300174
v 0.429049 -11.206742 0.460796
v 0.001960 -11.221616 -1.162300
v 0.264471 -11.285490 -0.827850
v 0.428958 -11.314256 -0.364905
v 0.365970 -11.434786 0.407944
v 0.507773 -11.276072 0.459070
v 0.381298 -11.394467 1.181515
v 0.536458 -11.229731 1.142284
v 0.001960 -11.265870 1.959332
v 0.001960 -11.452679 1.180691
v 0.001960 -11.519515 0.407300
v 0.001960 -11.438339 -0.400330
v 0.001960 -11.348279 -0.840463
v 0.452471 -11.169992 1.130847
v 0.575839 -10.939496 1.634356
v 0.419841 -11.209733 1.958441
v 0.001960 -10.817304 2.695310
v 0.487396 -10.803473 2.617504
v 0.604351 -10.545759 1.895040
v 0.479659 -10.905676 1.614756
v 0.622677 -10.433201 1.868431
v -1.450076 -9.638786 -1.833786
v -1.201342 -10.088191 -1.707267
v -1.311837 -9.939579 -1.281100
v -1.510976 -9.584442 -1.376192
v -1.640251 -9.239559 -1.853287
v -1.837787 -8.953163 -1.337596
v -1.848466 -8.819493 -1.796618
v -1.662495 -9.274210 -1.380121
v -1.613880 -9.439392 0.492535
v -1.129922 -10.209423 -1.126105
v -0.968049 -10.422683 -1.484673
v -0.787773 -10.659250 -1.192576
v -0.980427 -10.396463 -0.863791
v -0.854980 -10.557691 -0.608228
v -2.333025 -8.303807 -0.963627
v -2.148035 -8.505280 -1.153466
v -1.978595 -8.752394 -1.259745
v -2.861384 -8.075892 0.325205
v -2.712597 -8.042571 -0.210339
v -2.527682 -8.116917 -0.701869
v -2.376685 -7.871221 -1.341519
v -2.214729 -8.161802 -1.548686
v -2.015686 -8.489667 -1.708660
v -3.004134 -7.799202 0.363838
v -2.904420 -7.670392 -0.299649
v -2.625263 -7.588902 -0.979150
v -2.255322 -8.747267 1.881627
v -2.446312 -8.573921 1.731667
v -2.566589 -8.392076 1.965713
v -2.707730 -8.248498 1.675525
v -2.611542 -8.466054 1.510032
v -2.868566 -8.083726 1.269030
v -2.760659 -8.279280 1.157911
v -2.958226 -7.949238 0.863275
v -2.863805 -8.154282 0.778383
v -0.593846 -10.585600 1.335627
v -0.724337 -10.273273 1.619693
v -0.554838 -10.785498 0.940668
v -0.618758 -10.433201 1.868431
v -0.475740 -10.905676 1.614756
v -0.883907 -9.918666 1.852348
v -1.181867 -9.563128 2.058059
v -1.446339 -9.378671 2.124674
v -1.724941 -9.161681 2.077381
v -0.785275 -10.039380 2.231915
v -1.129369 -9.624449 2.339859
v -1.424079 -9.386179 2.381176
v -1.753433 -9.092558 2.365205
v -2.059337 -8.919352 1.993532
v -2.086863 -8.795446 2.294606
v -2.330538 -8.577415 2.203709
v 0.901780 -8.255928 2.054273
v 0.837584 -8.276163 1.843260
v 0.558715 -8.374438 1.924883
v 0.787615 -8.508098 2.479154
v 1.104818 -8.136943 2.461573
v 0.635066 -8.440478 2.153141
v 0.001960 -8.493629 2.170135
v 0.001960 -8.423133 1.940799
v 0.001960 -7.636000 0.479758
v 1.043848 -8.139793 1.774545
v 1.163487 -8.083263 1.983693
v 0.001960 -8.528117 2.572786
v 1.224872 -8.030115 1.675405
v 1.434310 -7.888981 1.552245
v 1.587273 -7.796216 1.426571
v 1.756408 -7.650604 1.243292
v 1.899870 -7.502556 0.994410
v 1.968210 -7.440299 1.384284
v 1.771169 -7.595428 1.603057
v 1.594045 -7.737456 1.770636
v 1.409704 -7.901192 1.883186
v 1.395150 -7.958991 2.433877
v 1.725637 -7.854234 2.332702
v 2.068462 -7.753968 2.180154
v 2.245858 -7.665680 2.026904
v 1.998143 -7.608120 1.871973
v 2.160780 -7.432721 1.510444
v 2.134661 -7.266519 1.109876
v 1.962183 -7.387838 0.681616
v 1.996247 -7.356336 0.355404
v 1.929904 -7.356727 0.004748
v 2.193189 -6.968422 -0.051471
v 2.017631 -6.962414 -0.451332
v 2.349860 -6.838625 -0.541501
v 2.505666 -6.867290 -0.128913
v 2.508307 -6.954823 0.379951
v 2.261042 -7.041080 0.394848
v 2.249717 -7.148754 0.766939
v 2.302412 -7.231409 1.117953
v 2.422046 -7.077348 0.795148
v 2.156125 -6.873806 -0.936609
v 1.813241 -6.987830 -0.765937
v 1.953762 -6.930663 -1.238737
v 1.601396 -7.031070 -0.968574
v 1.745069 -6.973464 -1.448101
v 1.439845 -7.060655 -1.084758
v 1.485955 -7.011437 -1.598612
v 1.204357 -7.097649 -1.194173
v 1.260263 -7.040200 -1.676721
v 0.993637 -7.128856 -1.285241
v 0.880480 -7.512522 -1.103762
v 0.612214 -7.539598 -1.159958
v 0.698435 -7.152690 -1.346857
v 1.019501 -7.493454 -1.034289
v 1.251427 -7.460745 -0.908182
v 1.382655 -7.437211 -0.804049
v 1.518047 -7.406065 -0.655515
v 1.691081 -7.360836 -0.384014
v 0.879403 -7.078591 -1.744771
v 0.445140 -7.111181 -1.778994
v 0.353107 -7.173450 -1.400933
v 0.001960 -7.132919 -1.769294
v 0.001960 -7.181481 -1.422884
v 0.321536 -7.554633 -1.201862
v 0.001960 -7.559991 -1.233096
v -0.610247 -10.818848 0.424666
v -0.467191 -11.100107 -0.300174
v -0.425130 -11.206742 0.460796
v -0.735721 -10.733664 -0.176904
v -0.627503 -10.863559 -0.879968
v -0.448551 -11.169992 1.130847
v 2.219816 -7.571553 2.041397
v 1.963954 -7.453776 1.864624
v 1.998143 -7.608120 1.871973
v 2.245858 -7.665680 2.026904
v 2.029499 -7.636548 2.177109
v 2.068462 -7.753968 2.180154
v 1.725637 -7.854234 2.332702
v 1.692121 -7.736462 2.349249
v 1.395150 -7.958991 2.433877
v 1.348426 -7.847031 2.459379
v 1.104818 -8.136943 2.461573
v 1.025350 -8.040779 2.497797
v 0.710335 -8.469517 2.525309
v 0.787615 -8.508098 2.479154
v 1.495676 -7.798168 2.979366
v 1.132810 -8.039697 3.045009
v 0.849872 -8.389408 3.014368
v 0.644759 -8.646738 3.015778
v 2.302412 -7.231409 1.117953
v 2.160780 -7.432721 1.510444
v 2.065919 -7.240037 1.573992
v 2.696036 -7.242530 1.959692
v 2.550800 -7.454799 2.320492
v 2.301540 -7.519204 2.598701
v 1.890271 -7.646157 2.837263
v 1.998143 -7.608120 1.871973
v -2.015686 -8.489667 -1.708660
v -2.214729 -8.161802 -1.548686
v -2.521466 -7.801801 -1.253989
v -2.648287 -7.595238 -1.033837
v -2.625263 -7.588902 -0.979150
v -2.376685 -7.871221 -1.341519
v -2.810529 -7.360471 -1.242966
v -2.908888 -7.269637 -0.981860
v -2.806673 -6.989439 -1.267830
v -2.595075 -7.172213 -1.595553
v -2.347837 -7.355103 -1.870876
v -2.970089 -6.840324 -0.891723
v -2.152567 -6.976725 -1.820580
v -2.402934 -6.846915 -1.558100
v -2.647369 -6.730982 -1.216071
v -2.828243 -6.625126 -0.794625
v -2.514335 -6.600001 -0.783962
v -2.359128 -6.624200 -1.119034
v -2.120286 -6.674754 -1.443390
v -1.893378 -6.713672 -1.643253
v -1.644329 -6.750086 -1.770605
v -1.361436 -6.791898 -1.897197
v -0.960107 -6.818836 -1.966587
v -0.995152 -7.116318 -2.261439
v -1.042166 -7.507873 -2.465387
v -0.516711 -7.489371 -2.534966
v -0.500680 -7.117091 -2.312195
v -0.533108 -7.910042 -2.675508
v -0.488629 -6.843869 -2.001606
v 0.001960 -7.118818 -2.311424
v 0.001960 -7.477928 -2.543903
v 0.001960 -7.891352 -2.693621
v 0.001960 -8.329540 -2.760700
v 0.001960 -6.863600 -1.993565
v 2.988796 -7.731049 -0.328544
v 2.719841 -7.660107 -1.072952
v 3.059759 -7.307435 -1.007750
v 2.974008 -6.840324 -0.891723
v 3.126360 -6.811735 -0.899886
v 2.912807 -7.269637 -0.981860
v 2.652206 -7.595238 -1.033837
v 3.271370 -7.364492 -0.284528
v 3.093591 -7.857281 0.347204
v 3.286744 -6.896335 -0.227268
v 3.358770 -7.468274 0.369383
v 3.309325 -7.623666 0.975656
v 3.334673 -7.004028 0.399758
v 3.105480 -6.652886 0.426015
v 3.057179 -6.555432 -0.180861
v 2.923286 -6.495938 -0.769025
v 2.832163 -6.625126 -0.794625
v 2.827189 -8.168658 2.202441
v 2.998318 -7.992733 1.892689
v 2.942916 -7.574541 1.995096
v 3.184183 -7.802456 1.465507
v 3.148329 -7.369369 1.552825
v 3.267567 -7.175498 1.030261
v 3.015341 -6.815951 1.017098
v 2.867298 -7.020923 1.521344
v 2.696036 -7.242530 1.959692
v 2.674838 -7.897718 2.348783
v 2.725108 -7.593316 2.285252
v 2.550800 -7.454799 2.320492
v 2.590092 -7.436952 2.374517
v 2.301540 -7.519204 2.598701
v 2.435127 -7.745120 2.644730
v 1.890271 -7.646157 2.837263
v 2.024898 -7.974317 2.957718
v 1.495676 -7.798168 2.979366
v 2.764924 -7.571692 2.337474
v 1.291427 -8.493394 3.233320
v 0.979410 -8.857258 3.188796
v 1.103528 -9.475321 2.990643
v 1.465514 -9.118605 3.016682
v 1.660089 -8.218890 3.155549
v 1.811300 -8.768941 2.948800
v 2.147313 -8.442096 2.823017
v 2.453117 -8.144766 2.623367
v 2.713910 -7.876297 2.401649
v 2.421535 -8.159573 2.563666
v 2.127245 -8.448186 2.757127
v 1.794536 -8.773720 2.881890
v 1.454016 -9.116831 2.948518
v 1.093121 -9.470972 2.922425
v 1.103323 -9.529189 2.872589
v 1.481898 -9.228968 2.884838
v 1.848954 -8.937555 2.789052
v 2.199426 -8.659850 2.655808
v 2.509887 -8.414372 2.497842
v 0.744699 -9.792038 2.902227
v 0.871293 -10.092400 2.259449
v 1.195737 -9.697885 2.380836
v 1.490104 -9.461599 2.419283
v 1.825330 -9.163548 2.402069
v 2.162171 -8.864156 2.329253
v 2.409888 -8.644056 2.233254
v 2.651799 -8.455306 1.984342
v 2.796602 -8.309351 1.685680
v 2.958688 -8.143312 1.273491
v 3.049439 -8.007204 0.858575
v -0.783243 -10.441177 1.837552
v -0.867374 -10.092400 2.259449
v -0.785275 -10.039380 2.231915
v -0.618758 -10.433201 1.868431
v -0.600432 -10.545759 1.895040
v -1.424079 -9.386179 2.381176
v -1.486185 -9.461599 2.419283
v -1.821411 -9.163548 2.402069
v -1.191818 -9.697885 2.380836
v -1.129369 -9.624449 2.339859
v -0.867374 -10.092400 2.259449
v -0.785275 -10.039380 2.231915
v -2.868566 -8.083726 1.269030
v -2.707730 -8.248498 1.675525
v -2.792683 -8.309351 1.685680
v -2.566589 -8.392076 1.965713
v -2.647880 -8.455306 1.984342
v -2.405969 -8.644056 2.233254
v -2.330538 -8.577415 2.203709
v -2.086863 -8.795446 2.294606
v -2.158252 -8.864156 2.329253
v -1.753433 -9.092558 2.365205
v -2.715922 -7.660107 -1.072952
v -2.648287 -7.595238 -1.033837
v -2.625263 -7.588902 -0.979150
v -2.984877 -7.731049 -0.328544
v -2.904420 -7.670392 -0.299649
v -3.004134 -7.799202 0.363838
v -3.089672 -7.857281 0.347204
v -2.958226 -7.949238 0.863275
v -3.045520 -8.007204 0.858575
v -2.954769 -8.143312 1.273491
v 2.923286 -6.495938 -0.769025
v 2.832163 -6.625126 -0.794625
v 2.518255 -6.600001 -0.783962
v 2.353147 -6.548865 -0.726009
v 2.361541 -6.683000 -0.760208
v 2.436012 -6.605178 -0.173998
v 3.057179 -6.555432 -0.180861
v 2.436174 -6.717747 0.430843
v 3.105480 -6.652886 0.426015
v 3.015341 -6.815951 1.017098
v 2.343481 -6.855914 0.855560
v 2.216462 -7.022711 1.181330
v 2.867298 -7.020923 1.521344
v 2.361541 -6.683000 -0.760208
v 2.401792 -6.718654 -0.548751
v 2.505666 -6.867290 -0.128913
v 2.508307 -6.954823 0.379951
v 2.422046 -7.077348 0.795148
v 1.514895 -9.584442 -1.376192
v 1.617799 -9.439392 0.492535
v 1.315756 -9.939579 -1.281100
v 1.666414 -9.274210 -1.380121
v 2.151955 -8.505280 -1.153466
v 2.336944 -8.303807 -0.963627
v 2.531601 -8.116917 -0.701869
v 2.716516 -8.042571 -0.210339
v 2.865304 -8.075892 0.325205
v 1.644171 -9.239559 -1.853287
v 1.841706 -8.953163 -1.337596
v 1.982514 -8.752394 -1.259745
v 2.019605 -8.489667 -1.708660
v 2.218648 -8.161802 -1.548686
v 2.380604 -7.871221 -1.341519
v 1.852385 -8.819493 -1.796618
v 2.450231 -8.573921 1.731667
v 2.615461 -8.466054 1.510032
v 2.259242 -8.747267 1.881627
v 2.063257 -8.919352 1.993532
v 1.728860 -9.161681 2.077381
v 2.872485 -8.083726 1.269030
v 2.711649 -8.248498 1.675525
v 2.570509 -8.392076 1.965713
v 2.334457 -8.577415 2.203709
v 2.090783 -8.795446 2.294606
v 1.757352 -9.092558 2.365205
v 1.450258 -9.378671 2.124674
v 0.728257 -10.273273 1.619693
v 0.887826 -9.918666 1.852348
v 1.185787 -9.563128 2.058059
v 1.133288 -9.624449 2.339859
v 1.427998 -9.386179 2.381176
v 0.858899 -10.557691 -0.608228
v 0.739640 -10.733664 -0.176904
v 0.614166 -10.818848 0.424666
v 0.789194 -10.039380 2.231915
v 0.622677 -10.433201 1.868431
v 0.597766 -10.585600 1.335627
v 0.558758 -10.785498 0.940668
v 0.429049 -11.206742 0.460796
v 0.471110 -11.100107 -0.300174
v 0.479659 -10.905676 1.614756
v 0.452471 -11.169992 1.130847
v 0.631422 -10.863559 -0.879968
v 0.984347 -10.396463 -0.863791
v 1.133842 -10.209423 -1.126105
v 1.205262 -10.088191 -1.707267
v 1.453995 -9.638786 -1.833786
v 0.791692 -10.659250 -1.192576
v 0.971968 -10.422683 -1.484673
v 2.629183 -7.588902 -0.979150
v 2.908339 -7.670392 -0.299649
v 3.008054 -7.799202 0.363838
v 2.867724 -8.154282 0.778383
v 2.764578 -8.279280 1.157911
v 2.962146 -7.949238 0.863275
v 1.953762 -6.930663 -1.238737
v 1.943139 -6.829560 -1.237785
v 1.733347 -6.862887 -1.452646
v 1.745069 -6.973464 -1.448101
v 1.492527 -6.899712 -1.593489
v 1.485955 -7.011437 -1.598612
v 1.247374 -6.933547 -1.689094
v 1.260263 -7.040200 -1.676721
v 0.886300 -6.974270 -1.750415
v 0.879403 -7.078591 -1.744771
v 0.453854 -7.010138 -1.781236
v 0.445140 -7.111181 -1.778994
v 0.001960 -7.033868 -1.768057
v 0.001960 -7.132919 -1.769294
v 0.001960 -6.863600 -1.993565
v 0.492548 -6.843869 -2.001606
v 0.964026 -6.818836 -1.966587
v 1.365355 -6.791898 -1.897197
v 1.648248 -6.750086 -1.770605
v 1.897298 -6.713672 -1.643253
v 2.124205 -6.674754 -1.443390
v 2.363047 -6.624200 -1.119034
v 2.134871 -6.799777 -0.948113
v 2.156125 -6.873806 -0.936609
v 2.361541 -6.683000 -0.760208
v 2.518255 -6.600001 -0.783962
v 2.339322 -6.769855 -0.535250
v 2.349860 -6.838625 -0.541501
v 2.505666 -6.867290 -0.128913
v 2.401792 -6.718654 -0.548751
v 0.606631 -8.956462 3.276142
v 0.001960 -8.978336 3.360989
v 0.001960 -9.455003 3.387454
v 0.660576 -9.437078 3.294574
v 0.001960 -9.963018 3.335880
v 0.688105 -9.958117 3.234437
v 0.001960 -10.455992 3.180896
v 0.552603 -8.581483 3.230235
v 0.644759 -8.646738 3.015778
v 0.692137 -9.253885 3.128578
v 0.744699 -9.792038 2.902227
v 0.671114 -10.419862 3.076845
v 0.561423 -10.754151 2.668787
v 0.001960 -10.817814 2.782524
v -0.557503 -10.754151 2.668787
v 0.487396 -10.803473 2.617504
v 0.604351 -10.545759 1.895040
v 0.787162 -10.441177 1.837552
v 0.871293 -10.092400 2.259449
v 0.001960 -10.817304 2.695310
v -0.483477 -10.803473 2.617504
v -0.600432 -10.545759 1.895040
v -0.783243 -10.441177 1.837552
v -0.867374 -10.092400 2.259449
v -0.667195 -10.419862 3.076845
v -0.740780 -9.792038 2.902227
v -0.684185 -9.958117 3.234437
v -0.656657 -9.437078 3.294574
v -0.688218 -9.253885 3.128578
v -0.602711 -8.956462 3.276142
v -0.640839 -8.646738 3.015778
v -0.548684 -8.581483 3.230235
v 0.001960 -8.593664 3.308060
v 2.796602 -8.309351 1.685680
v 2.711649 -8.248498 1.675525
v 2.872485 -8.083726 1.269030
v 2.570509 -8.392076 1.965713
v 2.651799 -8.455306 1.984342
v 2.409888 -8.644056 2.233254
v 2.334457 -8.577415 2.203709
v 2.090783 -8.795446 2.294606
v 2.162171 -8.864156 2.329253
v 1.757352 -9.092558 2.365205
v 1.825330 -9.163548 2.402069
v 1.427998 -9.386179 2.381176
v 1.490104 -9.461599 2.419283
v 1.195737 -9.697885 2.380836
v 1.133288 -9.624449 2.339859
v 0.871293 -10.092400 2.259449
v 0.789194 -10.039380 2.231915
v 0.604351 -10.545759 1.895040
v 0.622677 -10.433201 1.868431
v 0.787162 -10.441177 1.837552
v 0.789194 -10.039380 2.231915
v 0.871293 -10.092400 2.259449
v 0.710335 -8.469517 2.525309
v 0.787615 -8.508098 2.479154
v 0.001960 -8.528117 2.572786
v 0.001960 -8.489598 2.629577
v -0.706416 -8.469517 2.525309
v -0.783695 -8.508098 2.479154
v -0.548684 -8.581483 3.230235
v -0.640839 -8.646738 3.015778
v 0.001960 -8.593664 3.308060
v 0.552603 -8.581483 3.230235
v 0.644759 -8.646738 3.015778
v -1.450097 -9.116831 2.948518
v -1.089201 -9.470972 2.922425
v -1.099609 -9.475321 2.990643
v -1.461595 -9.118605 3.016682
v -1.790616 -8.773720 2.881890
v -1.807380 -8.768941 2.948800
v -2.143394 -8.442096 2.823017
v -2.123326 -8.448186 2.757127
v -2.449198 -8.144766 2.623367
v -2.417616 -8.159573 2.563666
v -2.670918 -7.897718 2.348783
v -0.975491 -8.857258 3.188796
v -1.287508 -8.493394 3.233320
v -1.656170 -8.218890 3.155549
v -2.020978 -7.974317 2.957718
v -2.431207 -7.745120 2.644730
v -2.709991 -7.876297 2.401649
v -2.721188 -7.593316 2.285252
v -2.761005 -7.571692 2.337474
v -2.586173 -7.436952 2.374517
v -2.546880 -7.454799 2.320492
v -2.297620 -7.519204 2.598701
v -1.886351 -7.646157 2.837263
v -1.491757 -7.798168 2.979366
v -1.128890 -8.039697 3.045009
v -0.845952 -8.389408 3.014368
v -0.640839 -8.646738 3.015778
v -0.688218 -9.253885 3.128578
v -0.740780 -9.792038 2.902227
v -1.099404 -9.529189 2.872589
v -0.867374 -10.092400 2.259449
v -1.191818 -9.697885 2.380836
v -1.477979 -9.228968 2.884838
v -1.486185 -9.461599 2.419283
v -1.845035 -8.937555 2.789052
v -1.821411 -9.163548 2.402069
v -2.158252 -8.864156 2.329253
v 1.132810 -8.039697 3.045009
v 0.849872 -8.389408 3.014368
v 0.644759 -8.646738 3.015778
v 0.692137 -9.253885 3.128578
v 2.719841 -7.660107 -1.072952
v 2.629183 -7.588902 -0.979150
v 2.652206 -7.595238 -1.033837
v 2.988796 -7.731049 -0.328544
v 2.908339 -7.670392 -0.299649
v 3.008054 -7.799202 0.363838
v 3.093591 -7.857281 0.347204
v 2.962146 -7.949238 0.863275
v 3.049439 -8.007204 0.858575
v 2.958688 -8.143312 1.273491
vn 0.8062 -0.5636 -0.1800
vn 0.4386 -0.8849 -0.1566
vn 0.4831 -0.8416 -0.2416
vn 0.7436 -0.5244 -0.4148
vn 0.3825 -0.8977 -0.2186
vn 0.6162 -0.7800 -0.1092
vn 0.8001 -0.4471 -0.4000
vn 0.9867 -0.1026 -0.1263
vn 0.8967 -0.0944 -0.4326
vn 0.9841 0.1746 -0.0318
vn 0.8903 0.2285 -0.3940
vn 0.8002 0.5784 0.1584
vn 0.7586 0.6321 -0.1580
vn 0.5095 0.1019 -0.8544
vn 0.4926 0.1329 -0.8601
vn 0.6655 0.1644 -0.7281
vn 0.6832 -0.0000 -0.7303
vn 0.7105 -0.2108 -0.6714
vn 0.6604 0.0786 -0.7468
vn 0.7277 0.1330 -0.6729
vn 0.6746 0.1883 -0.7138
vn 0.6701 0.3784 -0.6385
vn 0.1486 0.1955 -0.9694
vn 0.0782 0.4614 -0.8837
vn 0.6873 -0.0078 -0.7263
vn 0.5953 -0.1410 -0.7910
vn 0.7378 -0.1020 -0.6672
vn 0.5860 -0.6718 -0.4532
vn 0.4610 -0.5704 -0.6798
vn -0.0781 0.2656 -0.9609
vn 0.0701 0.3892 -0.9185
vn 0.5488 0.3293 -0.7683
vn 0.3525 0.4465 -0.8224
vn 0.5724 -0.0863 -0.8154
vn 0.6025 -0.0078 -0.7981
vn 0.4681 0.0624 -0.8815
vn -0.0155 0.1631 -0.9865
vn 0.1403 -0.0234 -0.9898
vn 0.5406 0.4466 -0.7130
vn -0.1565 0.4070 -0.8999
vn 0.5476 0.1956 -0.8136
vn 0.3116 -0.0000 -0.9502
vn 0.4051 0.0701 -0.9116
vn 0.4627 -0.0235 -0.8862
vn 0.0939 0.1408 -0.9856
vn -0.0311 -0.0779 -0.9965
vn -0.2258 0.1791 -0.9576
vn -0.0934 0.2102 -0.9732
vn 0.5823 0.2046 -0.7868
vn -0.0235 0.0624 -0.9978
vn -0.0235 0.2736 -0.9616
vn -0.2487 0.1554 -0.9560
vn -0.0857 0.2104 -0.9739
vn 0.0467 -0.0700 -0.9965
vn -0.0078 0.6199 -0.7846
vn -0.0078 -0.3874 -0.9219
vn 0.0311 0.1010 -0.9944
vn 0.0544 0.2330 -0.9709
vn 0.2345 0.1407 -0.9619
vn 0.1398 -0.3106 -0.9402
vn -0.0701 -0.1791 -0.9813
vn 0.0546 0.0312 -0.9980
vn -0.3044 0.2108 -0.9289
vn -0.0545 0.3735 -0.9260
vn -0.0078 -0.6914 -0.7224
vn -0.0079 0.5565 -0.8308
vn -0.1863 -0.0931 -0.9781
vn 0.2948 -0.7060 -0.6439
vn -0.2564 -0.0777 -0.9634
vn -0.0542 -0.2476 -0.9673
vn -0.0544 -0.3344 -0.9409
vn 0.1169 -0.3742 -0.9199
vn -0.1395 -0.2945 -0.9454
vn -0.2710 -0.2787 -0.9213
vn -0.2089 -0.4951 -0.8433
vn 0.5225 -0.5459 -0.6550
vn 0.0623 -0.6698 -0.7399
vn -0.2476 -0.4178 -0.8742
vn 0.6105 -0.2504 -0.7514
vn -0.2396 -0.2860 -0.9278
vn 0.5708 -0.2737 -0.7741
vn 0.6737 -0.2663 -0.6893
vn 0.7357 -0.2583 -0.6261
vn 0.5532 -0.3506 -0.7557
vn 0.6413 -0.3832 -0.6648
vn -0.0620 -0.4649 -0.8832
vn -0.0467 -0.3112 -0.9492
vn 0.1012 -0.2723 -0.9569
vn 0.1328 0.1172 -0.9842
vn 0.4246 0.3538 -0.8334
vn -0.0466 -0.5048 -0.8620
vn 0.0699 -0.3108 -0.9479
vn 0.4282 -0.0311 -0.9031
vn 0.6313 0.4025 -0.6629
vn 0.6128 0.2357 -0.7542
vn 0.5080 0.1719 -0.8440
vn 0.6228 0.5913 -0.5123
vn 0.5407 0.3918 -0.7444
vn 0.3372 0.1255 -0.9330
vn 0.6718 -0.3281 -0.6640
vn 0.3259 -0.6286 -0.7062
vn 0.7662 0.4424 -0.4661
vn 0.6528 0.1652 -0.7393
vn 0.7435 -0.2348 -0.6261
vn 0.7269 -0.4533 -0.5159
vn 0.7567 -0.2184 -0.6162
vn 0.6486 -0.2500 -0.7189
vn 0.8686 -0.1800 -0.4617
vn 0.7934 -0.2042 -0.5734
vn -0.1012 -0.2959 -0.9499
vn 0.9255 -0.1726 -0.3373
vn 0.6250 -0.3047 -0.7187
vn 0.6964 -0.3052 -0.6495
vn -0.2483 -0.4579 -0.8536
vn 0.3277 -0.3589 -0.8739
vn 0.7685 -0.2117 -0.6038
vn 0.4844 -0.2578 -0.8360
vn -0.2331 -0.2486 -0.9401
vn -0.1934 -0.3172 -0.9284
vn 0.0858 -0.2963 -0.9512
vn 0.1948 -0.2416 -0.9506
vn 0.2018 -0.4192 -0.8852
vn -0.0080 0.2112 -0.9774
vn -0.0078 -0.6209 -0.7839
vn 0.3049 -0.2660 -0.9145
vn -0.2641 -0.9554 -0.1320
vn -0.0077 -0.9576 -0.2880
vn -0.3894 -0.9035 0.1792
vn -0.3712 -0.9280 -0.0309
vn -0.3416 -0.9162 -0.2096
vn -0.3181 -0.9311 -0.1785
vn -0.3027 -0.9158 -0.2639
vn -0.2876 -0.9249 -0.2487
vn -0.4508 -0.8550 -0.2565
vn -0.4511 -0.8788 -0.1556
vn -0.4949 -0.8352 -0.2397
vn -0.3957 -0.8923 -0.2173
vn -0.5202 -0.8540 -0.0078
vn -0.4192 -0.8852 -0.2018
vn -0.2011 -0.9436 -0.2630
vn -0.6257 -0.7725 -0.1081
vn -0.5960 -0.6658 -0.4489
vn -0.3085 -0.8794 -0.3625
vn -0.3490 -0.8843 -0.3103
vn -0.2792 -0.9463 -0.1629
vn -0.3392 -0.8713 -0.3547
vn -0.4016 -0.4401 -0.8031
vn -0.2477 -0.3636 -0.8980
vn -0.4732 -0.5663 -0.6749
vn -0.4795 -0.5027 -0.7193
vn -0.2261 -0.9589 -0.1715
vn -0.1548 -0.9056 -0.3948
vn 0.0855 -0.5126 -0.8544
vn 0.1167 -0.9104 -0.3969
vn 0.2565 -0.5052 -0.8240
vn 0.1872 -0.9204 -0.3432
vn -0.0078 -0.9502 -0.3115
vn 0.0854 -0.9468 -0.3104
vn -0.0233 -0.9721 -0.2333
vn -0.1470 -0.9596 -0.2399
vn -0.0078 -0.9479 -0.3186
vn -0.1007 -0.9454 -0.3100
vn 0.0078 -0.9724 -0.2333
vn -0.0311 -0.6831 -0.7297
vn -0.2022 -0.9176 -0.3422
vn -0.1320 -0.9087 -0.3961
vn 0.1318 -0.9617 -0.2404
vn 0.2112 -0.9622 -0.1721
vn 0.2648 -0.9503 -0.1636
vn 0.1397 -0.9077 -0.3957
vn 0.3255 -0.8758 -0.3565
vn -0.2483 -0.5120 -0.8223
vn -0.1008 -0.5119 -0.8531
vn 0.2331 -0.3650 -0.9014
vn 0.3885 -0.4429 -0.8080
vn 0.3353 -0.8890 -0.3119
vn 0.4675 -0.5064 -0.7246
vn 0.2945 -0.8835 -0.3642
vn 0.5859 -0.6719 -0.4531
vn 0.4064 -0.8908 -0.2032
vn 0.5087 -0.8609 -0.0078
vn 0.1862 -0.9464 -0.2638
vn 0.2496 -0.9592 -0.1326
vn 0.3761 -0.9089 0.1802
vn 0.3578 -0.9333 -0.0311
vn 0.3278 -0.9209 -0.2107
vn 0.3041 -0.9356 -0.1793
vn 0.8343 -0.5431 -0.0946
vn 0.4383 -0.8609 -0.2583
vn 0.2885 -0.9200 -0.2651
vn 0.2732 -0.9290 -0.2498
vn 0.3033 -0.9177 -0.2566
vn 0.4201 -0.8790 -0.2256
vn 0.4278 -0.8711 -0.2411
vn 0.9027 -0.4160 -0.1098
vn 0.3342 -0.8551 -0.3964
vn 0.3281 -0.8671 -0.3749
vn 0.8760 -0.4813 0.0316
vn 0.8185 -0.5745 0.0002
vn 0.3991 -0.8138 -0.4225
vn 0.3444 -0.8218 -0.4539
vn 0.3587 -0.8032 -0.4757
vn 0.3722 -0.7986 -0.4730
vn 0.4530 -0.8124 -0.3671
vn 0.7226 -0.6911 -0.0157
vn 0.7225 -0.6440 0.2514
vn 0.3806 -0.8077 -0.4504
vn 0.7378 -0.6750 -0.0000
vn 0.0620 -0.9293 -0.3640
vn -0.0078 -0.9422 -0.3349
vn 0.0542 -0.9298 -0.3641
vn 0.1403 -0.9198 -0.3664
vn 0.1792 -0.9192 -0.3506
vn 0.2572 -0.8808 -0.3975
vn 0.3423 -0.9101 -0.2334
vn -0.0773 -0.9283 -0.3636
vn 0.5271 -0.6845 0.5036
vn 0.3292 -0.8934 0.3057
vn 0.0933 -0.9956 -0.0000
vn -0.0078 -0.9337 -0.3579
vn -0.0697 -0.9289 -0.3638
vn -0.0077 -0.9576 0.2881
vn -0.1087 -0.9941 -0.0000
vn -0.1942 -0.9166 -0.3495
vn -0.1555 -0.9177 -0.3655
vn -0.2717 -0.8772 -0.3959
vn -0.3559 -0.9052 -0.2321
vn -0.5384 -0.6787 0.4995
vn -0.7300 -0.6367 0.2485
vn -0.3432 -0.8886 0.3041
vn -0.3854 -0.7940 -0.4702
vn -0.4654 -0.8066 -0.3645
vn -0.7299 -0.6833 -0.0155
vn -0.3937 -0.8028 -0.4477
vn -0.3722 -0.7986 -0.4729
vn -0.3580 -0.8173 -0.4514
vn -0.4121 -0.8086 -0.4199
vn -0.3480 -0.8505 -0.3944
vn -0.3173 -0.9133 -0.2554
vn -0.4327 -0.8732 -0.2241
vn -0.8390 -0.5360 -0.0932
vn -0.8116 -0.5565 -0.1778
vn -0.9056 -0.4101 -0.1082
vn -0.4404 -0.8653 -0.2395
vn -0.3419 -0.8625 -0.3730
vn -0.8237 -0.5670 -0.0000
vn -0.7449 -0.6672 -0.0000
vn -0.8796 -0.4748 0.0311
vn -0.5672 -0.7303 0.3807
vn 0.0860 -0.8911 0.4455
vn -0.2033 -0.8368 0.5084
vn -0.5665 -0.7140 0.4114
vn -0.2744 -0.8154 0.5097
vn 0.5738 -0.7310 0.3694
vn 0.2352 -0.9486 0.2117
vn -0.5347 -0.8292 0.1628
vn -0.8242 -0.5598 0.0856
vn 0.7079 -0.6685 0.2281
vn -0.5078 -0.6719 0.5391
vn -0.1330 -0.7277 0.6729
vn -0.8246 -0.4823 0.2956
vn -0.8239 -0.5130 0.2410
vn -0.9304 -0.3644 0.0388
vn -0.9193 -0.3505 0.1792
vn -0.9809 -0.1946 -0.0000
vn -0.9739 -0.1948 0.1169
vn -0.9956 -0.0933 -0.0078
vn -0.9091 -0.3341 0.2487
vn -0.8105 -0.4442 0.3819
vn -0.4215 -0.6791 0.6010
vn -0.0785 -0.7613 0.6436
vn -0.0000 -0.7708 0.6371
vn -0.8460 0.5327 0.0235
vn -0.9687 0.2422 0.0547
vn -0.9753 0.2185 0.0312
vn -0.8528 0.5164 0.0782
vn -0.9748 0.2183 0.0468
vn -0.9926 -0.0930 0.0776
vn -0.9611 -0.1953 0.1953
vn -0.8950 -0.3035 0.3269
vn -0.9229 -0.1564 0.3519
vn -0.8661 -0.2809 0.4135
vn -0.8231 -0.2508 0.5095
vn -0.9450 -0.1796 0.2734
vn -0.9745 -0.0780 0.2105
vn -0.9865 -0.0854 0.1398
vn -0.7093 -0.4053 0.5768
vn -0.6327 -0.3984 0.6640
vn -0.7693 -0.4196 0.4818
vn -0.3454 -0.6829 0.6437
vn -0.2662 -0.7047 0.6577
vn -0.1883 -0.7061 0.6826
vn 0.0786 -0.8096 0.5817
vn 0.1332 -0.8306 0.5407
vn 0.1800 -0.8686 0.4617
vn 0.1875 -0.8907 0.4141
vn -0.0392 -0.7297 0.6826
vn -0.1021 -0.7228 0.6835
vn -0.5336 -0.3845 0.7533
vn -0.7567 -0.2184 0.6163
vn -0.8898 -0.1015 0.4449
vn -0.9134 0.0312 0.4059
vn -0.9592 -0.1326 0.2496
vn -0.9694 -0.0391 0.2424
vn -0.8988 0.2267 0.3752
vn -0.9142 0.3594 0.1875
vn -0.9251 0.2352 0.2979
vn -0.8969 0.0702 0.4367
vn -0.8436 -0.0781 0.5312
vn -0.6600 -0.2043 0.7229
vn -0.3932 -0.2044 0.8964
vn -0.2826 -0.1806 0.9421
vn -0.2524 -0.3154 0.9148
vn -0.3919 -0.3605 0.8465
vn -0.5338 -0.2198 0.8165
vn -0.5873 -0.3837 0.7126
vn -0.7913 -0.3134 0.5249
vn -0.9244 -0.2098 0.3185
vn -0.3537 -0.3930 0.8488
vn -0.5548 -0.3907 0.7345
vn -0.7698 -0.3577 0.5287
vn -0.8971 -0.3276 0.2964
vn -0.9365 -0.3356 0.1015
vn -0.9453 -0.3254 0.0233
vn -0.9843 -0.1705 0.0465
vn -0.9636 -0.1554 0.2176
vn -0.9939 -0.0699 0.0854
vn -0.8989 -0.1172 0.4221
vn -0.7716 -0.0779 0.6313
vn -0.5734 -0.0628 0.8169
vn -0.4018 -0.0551 0.9141
vn -0.9877 -0.0155 0.1556
vn -0.9917 -0.0312 0.1250
vn -0.9362 -0.0156 0.3511
vn -0.9562 -0.0544 0.2876
vn -0.8695 0.0235 0.4935
vn -0.7463 0.0864 0.6599
vn -0.5657 0.1100 0.8172
vn -0.8288 0.0704 0.5551
vn -0.7109 0.1484 0.6875
vn -0.5573 0.1883 0.8086
vn -0.4338 0.2130 0.8755
vn -0.4186 0.1185 0.9004
vn -0.3226 0.2203 0.9205
vn -0.3000 0.1106 0.9475
vn -0.2379 0.2300 0.9437
vn -0.4125 0.3094 0.8568
vn -0.5277 0.2757 0.8034
vn -0.6752 0.2120 0.7066
vn -0.7919 0.1333 0.5959
vn -0.9294 0.0391 0.3671
vn -0.9921 0.0078 0.1250
vn -0.9222 0.0938 0.3751
vn -0.3243 0.3321 0.8857
vn -0.2378 0.3566 0.9035
vn -0.2135 0.4745 0.8540
vn -0.2928 0.4590 0.8388
vn -0.3710 0.4342 0.8209
vn -0.4789 0.3926 0.7852
vn -0.6289 0.3223 0.7075
vn -0.7520 0.2272 0.6188
vn -0.4190 0.5218 0.7431
vn -0.3228 0.5590 0.7637
vn -0.2533 0.5779 0.7758
vn -0.2764 0.6555 0.7028
vn -0.2130 0.6627 0.7179
vn -0.1892 0.7252 0.6621
vn -0.1507 0.6583 0.7376
vn -0.1275 0.7093 0.6933
vn -0.0635 0.6436 0.7627
vn 0.0477 0.5723 0.8187
vn 0.0474 0.6006 0.7981
vn 0.6336 0.3010 0.7128
vn -0.0875 0.5887 0.8036
vn -0.1829 0.5886 0.7875
vn -0.1110 0.4914 0.8638
vn 0.0159 0.5156 0.8567
vn 0.6257 0.4201 0.6573
vn 0.6923 0.4058 0.5967
vn 0.6336 0.5703 0.5228
vn 0.6812 0.4278 0.5941
vn 0.6442 0.5488 0.5328
vn 0.5709 0.5311 0.6261
vn -0.0238 0.4375 0.8989
vn -0.1351 0.3817 0.9144
vn -0.0713 0.3485 0.9346
vn 0.4692 0.6363 0.6124
vn -0.1501 0.2528 0.9558
vn -0.2131 0.1105 0.9708
vn -0.1423 0.1344 0.9807
vn -0.0870 0.2454 0.9655
vn 0.3588 0.7171 0.5976
vn 0.2547 0.7481 0.6128
vn 0.4212 0.7947 0.4371
vn 0.2939 0.8658 0.4051
vn 0.2469 0.8602 0.4461
vn 0.1503 0.7595 0.6329
vn 0.1819 0.8857 0.4271
vn 0.1188 0.8631 0.4909
vn 0.1271 0.9054 0.4051
vn 0.2785 0.8912 0.3581
vn 0.3975 0.8110 0.4293
vn 0.5391 0.6896 0.4836
vn 0.5335 0.7086 0.4618
vn 0.4369 0.8183 0.3734
vn -0.0079 0.6189 0.7855
vn 0.5622 0.7125 0.4198
vn 0.6816 0.2854 0.6738
vn 0.6893 0.4361 0.5785
vn 0.6504 0.5790 0.4917
vn 0.0475 0.6182 0.7846
vn 0.0395 0.6405 0.7670
vn -0.0158 0.7341 0.6789
vn 0.4978 0.1027 0.8612
vn 0.5877 0.1906 0.7863
vn 0.6442 0.1193 0.7555
vn 0.6918 0.2544 0.6758
vn 0.6832 0.2780 0.6752
vn -0.0238 0.7379 0.6745
vn 0.0239 0.6138 0.7891
vn -0.0238 0.6909 0.7225
vn 0.3560 0.0396 0.9336
vn 0.5399 0.0080 0.8417
vn 0.6344 0.1348 0.7612
vn 0.5307 0.0079 0.8475
vn 0.5097 0.0159 0.8602
vn 0.3558 -0.0553 0.9329
vn 0.6209 0.1353 0.7721
vn -0.6594 0.5730 0.4867
vn -0.6430 0.5646 0.5175
vn -0.6896 0.4232 0.5877
vn -0.5729 0.7063 0.4159
vn -0.5447 0.7026 0.4579
vn -0.4497 0.8126 0.3708
vn -0.4108 0.8058 0.4266
vn -0.2931 0.8872 0.3564
vn -0.6976 0.4313 0.5721
vn -0.6900 0.2823 0.6665
vn -0.6306 0.1341 0.7645
vn -0.5214 0.0158 0.8532
vn -0.3695 -0.0550 0.9276
vn -0.1898 -0.0475 0.9807
vn -0.5419 0.0079 0.8404
vn -0.6436 0.1334 0.7536
vn -0.6915 0.2751 0.6680
vn -0.3788 -0.0631 0.9233
vn -0.4015 -0.0708 0.9131
vn -0.5511 0.0079 0.8344
vn -0.3696 0.0393 0.9283
vn -0.0553 0.6400 0.7664
vn -0.5095 0.1019 0.8544
vn -0.6533 0.1181 0.7478
vn -0.0000 0.7342 0.6789
vn -0.0000 0.7923 0.6101
vn -0.0633 0.6176 0.7839
vn -0.5980 0.1888 0.7789
vn -0.6999 0.2516 0.6684
vn -0.7004 0.4013 0.5902
vn -0.6352 0.4157 0.6509
vn -0.6533 0.5431 0.5274
vn -0.6429 0.2979 0.7056
vn -0.0632 0.6001 0.7975
vn -0.0635 0.5718 0.8179
vn -0.0317 0.5154 0.8564
vn -0.5813 0.5263 0.6206
vn -0.5501 0.6837 0.4794
vn 0.0238 0.6827 0.7303
vn 0.0477 0.6441 0.7634
vn 0.0717 0.5895 0.8046
vn 0.0953 0.4922 0.8653
vn 0.1675 0.5902 0.7897
vn 0.1984 0.4760 0.8568
vn 0.2384 0.5802 0.7788
vn 0.1979 0.6649 0.7203
vn 0.1352 0.6597 0.7392
vn 0.1118 0.7106 0.6946
vn 0.0713 0.7766 0.6260
vn 0.0237 0.8378 0.5454
vn 0.1739 0.7272 0.6640
vn 0.1270 0.7935 0.5951
vn 0.0556 0.8498 0.5242
vn 0.0796 0.8520 0.5175
vn -0.0398 0.6135 0.7887
vn 0.0079 0.7381 0.6746
vn -0.1335 0.9820 -0.1335
vn -0.2291 0.9718 -0.0553
vn -0.2755 0.9605 0.0394
vn -0.3858 0.9214 0.0473
vn -0.4322 0.8960 0.1022
vn -0.0473 0.9928 -0.1103
vn 0.0079 0.6910 0.7228
vn -0.0079 0.9955 -0.0948
vn -0.0947 0.9707 0.2210
vn -0.1028 0.9876 0.1187
vn -0.1030 0.9908 0.0872
vn -0.0396 0.9977 0.0554
vn -0.0081 0.9992 0.0396
vn 0.0315 0.9934 -0.1104
vn -0.0079 0.5962 0.8028
vn -0.0079 0.6663 0.7456
vn -0.0079 -0.0159 0.9998
vn -0.2052 -0.0000 0.9787
vn -0.2127 -0.1260 0.9690
vn -0.0079 -0.1425 0.9898
vn -0.1969 -0.0866 0.9766
vn -0.0079 -0.0791 0.9968
vn -0.0079 -0.0317 0.9995
vn 0.1745 -0.0476 0.9835
vn 0.1817 -0.0869 0.9795
vn 0.3652 -0.0635 0.9288
vn 0.1976 -0.1264 0.9721
vn 0.3881 -0.0713 0.9188
vn 0.1900 -0.0000 0.9818
vn -0.0080 0.8991 0.4376
vn -0.1427 0.9035 0.4042
vn -0.2618 0.8568 0.4443
vn -0.4341 0.7893 0.4341
vn -0.1343 0.8614 0.4899
vn -0.3083 0.8616 0.4032
vn -0.2694 0.7450 0.6102
vn -0.3723 0.7130 0.5942
vn 0.0713 0.2456 0.9667
vn 0.0555 0.3488 0.9355
vn 0.1268 0.1347 0.9827
vn 0.1346 0.2534 0.9580
vn -0.1657 0.7576 0.6313
vn -0.1971 0.8831 0.4258
vn 0.1104 -0.0158 0.9938
vn 0.0476 0.1668 0.9848
vn 0.0159 0.1192 0.9927
vn -0.3157 0.6788 0.6630
vn -0.2688 0.7827 0.5613
vn -0.0079 0.8475 0.5307
vn -0.0080 0.5492 0.8357
vn 0.0554 -0.0475 0.9973
vn -0.0079 0.4185 0.9082
vn -0.2515 0.0472 0.9667
vn -0.0238 -0.0633 0.9977
vn -0.0079 -0.2758 0.9612
vn -0.0867 -0.2601 0.9617
vn -0.0158 -0.2052 0.9786
vn -0.2444 -0.1735 0.9540
vn -0.1499 -0.0710 0.9861
vn -0.0079 -0.1976 0.9803
vn -0.0079 -0.3863 0.9223
vn 0.2367 0.0474 0.9704
vn -0.0079 -0.0000 1.0000
vn -0.2673 -0.0943 0.9590
vn -0.2995 -0.2444 0.9223
vn -0.0078 -0.2202 0.9754
vn 0.2851 -0.2455 0.9265
vn -0.0079 -0.0870 0.9962
vn 0.2526 -0.0947 0.9629
vn 0.0079 -0.0634 0.9980
vn 0.0710 -0.2605 0.9629
vn 0.2295 -0.1741 0.9576
vn 0.1344 -0.0712 0.9884
vn -0.0000 -0.3162 0.9487
vn 0.5584 -0.5584 0.6135
vn -0.0473 -0.4181 0.9072
vn 0.4794 -0.6837 0.5502
vn 0.1096 -0.7519 0.6501
vn 0.5580 -0.7544 0.3458
vn 0.8858 -0.4625 0.0392
vn -0.1163 -0.9925 0.0388
vn -0.8996 -0.4343 0.0465
vn 0.1800 -0.9155 0.3599
vn 0.2276 -0.9105 0.3454
vn 0.1175 -0.7366 0.6660
vn 0.2109 -0.9060 0.3671
vn 0.0708 -0.7399 0.6690
vn 0.1953 -0.9062 0.3750
vn 0.0236 -0.7450 0.6666
vn -0.0237 -0.4024 0.9152
vn -0.0553 -0.3790 0.9237
vn -0.1183 -0.3864 0.9147
vn -0.1891 -0.1576 0.9692
vn -0.1260 -0.1733 0.9768
vn -0.0947 -0.1815 0.9788
vn -0.0946 -0.1419 0.9854
vn -0.1580 -0.2765 0.9479
vn -0.1023 -0.2597 0.9603
vn -0.0473 -0.2367 0.9704
vn -0.0000 -0.2052 0.9787
vn -0.0790 -0.2843 0.9555
vn -0.1186 -0.3164 0.9412
vn -0.2040 -0.3609 0.9100
vn -0.2607 -0.0553 0.9638
vn -0.1655 -0.0473 0.9851
vn -0.1259 -0.0157 0.9919
vn -0.0712 -0.0474 0.9963
vn -0.0635 0.1666 0.9840
vn -0.0317 0.1191 0.9924
vn 0.3014 0.6821 0.6662
vn 0.2540 0.7860 0.5637
vn -0.2847 0.5852 0.7592
vn 0.1272 0.6040 0.7868
vn 0.1032 0.3571 0.9284
vn -0.0000 0.1977 0.9803
vn 0.1750 0.2068 0.9626
vn 0.3730 0.2063 0.9046
vn 0.4054 0.5485 0.7313
vn 0.4041 0.3011 0.8637
vn 0.2440 -0.5981 0.7634
vn 0.5464 -0.2217 0.8077
vn 0.5677 -0.6623 0.4889
vn 0.8417 -0.2541 0.4764
vn 0.7927 -0.1347 0.5945
vn 0.1981 -0.1030 0.9748
vn 0.3571 -0.1032 0.9284
vn 0.6132 0.0478 0.7884
vn 0.8585 0.1670 0.4849
vn 0.6186 0.0317 0.7851
vn 0.4434 0.0554 0.8946
vn 0.4046 -0.1349 0.9045
vn 0.7108 -0.2922 0.6398
vn 0.8601 -0.3235 0.3945
vn 0.5708 -0.2140 0.7927
vn 0.5507 -0.3383 0.7631
vn 0.3967 -0.3491 0.8490
vn 0.7785 -0.4954 0.3853
vn 0.4598 -0.1189 0.8800
vn -0.0631 -0.3156 0.9468
vn -0.3684 -0.5565 0.7447
vn 0.2437 -0.7702 0.5894
vn 0.2441 -0.3858 0.8897
vn 0.4712 -0.6833 0.5576
vn 0.5000 -0.3809 0.7778
vn 0.6204 -0.6597 0.4241
vn 0.5849 -0.4426 0.6797
vn 0.3917 -0.6737 0.6267
vn 0.1648 -0.8395 0.5178
vn 0.3292 -0.8935 0.3055
vn 0.5272 -0.6845 0.5035
vn -0.6299 -0.6533 0.4200
vn -0.5951 -0.4385 0.6735
vn -0.4048 -0.6695 0.6228
vn -0.3430 -0.8888 0.3038
vn -0.1800 -0.8372 0.5164
vn -0.1087 -0.9941 -0.0002
vn -0.0079 -0.7149 0.6992
vn -0.0078 -0.9576 0.2881
vn -0.5383 -0.6789 0.4993
vn -0.5118 -0.3779 0.7715
vn -0.4833 -0.6782 0.5535
vn -0.2583 -0.7672 0.5871
vn 0.3548 -0.5597 0.7489
vn -0.6677 -0.0943 0.7384
vn 0.0474 -0.3159 0.9476
vn -0.2588 -0.3843 0.8862
vn 0.6589 -0.0952 0.7462
vn -0.0079 0.2370 0.9715
vn -0.5734 0.2042 0.7934
vn -0.1822 0.0396 0.9825
vn -0.1982 0.2933 0.9353
vn -0.0079 -0.5272 0.8497
vn 0.5627 0.2061 0.8005
vn 0.1828 0.2941 0.9381
vn -0.1188 0.3564 0.9267
vn -0.2587 -0.5957 0.7604
vn -0.4173 0.2992 0.8581
vn -0.5573 -0.2198 0.8007
vn -0.6282 0.0314 0.7774
vn 0.2701 0.5878 0.7626
vn -0.5782 -0.6564 0.4845
vn -0.8462 -0.2507 0.4701
vn -0.8626 0.1647 0.4784
vn -0.7185 -0.2890 0.6326
vn -0.4185 0.5449 0.7266
vn -0.1427 0.6027 0.7851
vn -0.0158 0.1976 0.9802
vn 0.1668 0.0397 0.9852
vn -0.7846 -0.4894 0.3806
vn -0.8641 -0.3191 0.3892
vn -0.6230 0.0473 0.7808
vn -0.3865 0.2051 0.8992
vn -0.1904 0.2062 0.9598
vn -0.2133 -0.1027 0.9716
vn -0.5813 -0.2121 0.7856
vn -0.3708 -0.1026 0.9230
vn 0.1738 -0.1027 0.9794
vn -0.4100 -0.3469 0.8436
vn -0.5615 -0.3353 0.7565
vn -0.4722 -0.1181 0.8736
vn -0.4178 -0.1340 0.8986
vn -0.4559 0.0550 0.8883
vn -0.7985 -0.1331 0.5871
vn -0.8759 -0.1642 0.4536
vn -0.6214 -0.0865 0.7787
vn -0.5417 -0.0314 0.8400
vn -0.3233 0.0158 0.9462
vn -0.1899 0.2770 0.9419
vn -0.4420 0.3789 0.8130
vn 0.0238 0.6274 0.7783
vn -0.8460 0.0235 0.5327
vn -0.8513 -0.1328 0.5076
vn -0.6370 0.0157 0.7707
vn -0.5901 0.0866 0.8027
vn -0.4328 0.5037 0.7476
vn -0.7846 -0.0157 0.6198
vn -0.4936 0.1175 0.8617
vn -0.5744 0.0158 0.8184
vn -0.6247 -0.3983 0.6716
vn -0.6952 -0.2343 0.6796
vn -0.7051 -0.1958 0.6816
vn -0.6060 -0.0315 0.7949
vn -0.7067 0.0314 0.7068
vn -0.7049 0.0783 0.7049
vn -0.7226 -0.0078 0.6912
vn -0.7643 -0.3432 0.5460
vn -0.8209 0.0156 0.5708
vn -0.9325 0.0784 0.3526
vn -0.8891 0.0702 0.4523
vn -0.8680 0.0626 0.4927
vn -0.7994 0.0784 0.5956
vn -0.9395 0.3367 -0.0626
vn -0.9659 0.2571 -0.0311
vn -0.9286 0.0936 0.3590
vn -0.9326 -0.0156 0.3605
vn -0.8306 -0.0235 0.5564
vn -0.8559 -0.3657 0.3657
vn -0.7884 -0.3590 0.4996
vn -0.9731 -0.0467 0.2258
vn -0.9365 -0.1873 0.2965
vn -0.8967 -0.4289 0.1092
vn -0.8390 -0.3962 0.3729
vn -0.9046 -0.2729 0.3275
vn -0.7861 -0.5916 0.1790
vn -0.8927 -0.4425 0.0854
vn -0.6111 -0.4935 0.6189
vn -0.6743 -0.0470 0.7370
vn -0.7141 -0.0471 0.6984
vn -0.7302 0.0079 0.6832
vn -0.5712 -0.5399 0.6182
vn -0.6622 -0.5220 0.5376
vn -0.4944 -0.5572 0.6671
vn -0.7340 -0.4841 0.4763
vn -0.8022 -0.5140 0.3037
vn -0.8000 -0.5592 0.2175
vn -0.5537 -0.7721 0.3119
vn -0.9461 -0.3102 0.0931
vn -0.8121 -0.1562 0.5622
vn -0.0626 -0.5554 0.8292
vn -0.5166 -0.3287 0.7906
vn -0.0866 -0.4170 0.9048
vn -0.5998 -0.5297 0.5998
vn -0.7977 0.0313 0.6022
vn -0.8832 -0.0000 0.4690
vn -0.9274 -0.0078 0.3741
vn -0.9548 -0.0000 0.2974
vn -0.9751 -0.0390 0.2184
vn -0.6366 0.0393 0.7702
vn -0.5353 0.0630 0.8423
vn -0.5641 -0.5720 0.5955
vn -0.1496 -0.2913 0.9449
vn -0.5805 -0.4785 0.6589
vn -0.3320 0.0711 0.9406
vn -0.2441 -0.3858 0.8897
vn -0.0947 -0.4102 0.9071
vn -0.4490 0.0788 0.8901
vn -0.3541 -0.3541 0.8656
vn -0.5264 -0.3771 0.7621
vn -0.6484 -0.4765 0.5937
vn -0.1178 -0.3769 0.9187
vn -0.0710 0.3154 0.9463
vn 0.1345 0.4273 0.8941
vn -0.0551 -0.3228 0.9449
vn -0.1655 -0.3703 0.9140
vn -0.3070 -0.3385 0.8895
vn -0.6500 -0.3367 0.6813
vn -0.5885 0.0235 0.8082
vn -0.4334 -0.0709 0.8984
vn -0.3150 0.1496 0.9372
vn -0.5808 -0.4552 0.6749
vn -0.8736 -0.1794 0.4524
vn -0.1029 0.2931 0.9505
vn -0.0000 -0.7226 0.6912
vn -0.3432 -0.6240 0.7020
vn -0.3288 -0.5166 0.7906
vn -0.2512 -0.1413 0.9576
vn -0.2133 0.1027 0.9716
vn -0.1032 0.2858 0.9527
vn 0.3703 -0.2048 0.9060
vn 0.4056 0.4056 0.8191
vn 0.1981 0.5308 0.8240
vn 0.3812 0.7069 0.5957
vn -0.0000 0.3091 0.9510
vn -0.1422 0.0711 0.9873
vn -0.1107 -0.2373 0.9651
vn 0.1501 -0.0553 0.9871
vn 0.1975 0.0316 0.9798
vn 0.5547 -0.2773 0.7845
vn 0.7305 -0.0000 0.6829
vn 0.1825 0.1190 0.9760
vn 0.6516 0.2941 0.6993
vn -0.0079 0.2537 0.9672
vn -0.6606 0.2910 0.6920
vn -0.4188 0.4029 0.8138
vn -0.3947 0.7026 0.5921
vn -0.0158 0.3091 0.9509
vn 0.1266 0.0712 0.9894
vn -0.1978 0.1187 0.9730
vn -0.7378 -0.0000 0.6750
vn -0.5655 -0.2749 0.7776
vn -0.0079 -0.3398 0.9405
vn 0.0393 -0.3697 0.9283
vn -0.0553 0.3952 0.9169
vn -0.0394 0.2051 0.9780
vn 0.2773 0.4041 0.8716
vn -0.0079 0.3091 0.9510
vn -0.0079 0.0159 0.9998
vn -0.0550 -0.3695 0.9276
vn -0.4564 -0.3305 0.8261
vn -0.2818 -0.3523 0.8924
vn -0.3003 -0.1581 0.9406
vn -0.5654 -0.1963 0.8011
vn -0.3156 -0.0631 0.9468
vn -0.0238 -0.0079 0.9997
vn 0.4053 0.0239 0.9139
vn -0.0079 0.1026 0.9947
vn -0.0000 -0.0712 0.9975
vn 0.3790 -0.0553 0.9238
vn -0.0237 -0.1502 0.9884
vn -0.0868 -0.3550 0.9308
vn 0.3640 -0.1582 0.9179
vn -0.0079 -0.0476 0.9988
vn 0.0079 -0.1503 0.9886
vn -0.0158 -0.0712 0.9973
vn -0.3924 -0.0549 0.9182
vn -0.3776 -0.1573 0.9125
vn -0.0079 -0.1900 0.9818
vn 0.2516 -0.7075 0.6604
vn -0.2499 -0.7263 0.6404
vn 0.4438 -0.3328 0.8320
vn 0.2352 -0.7290 0.6428
vn 0.2673 -0.3538 0.8963
vn 0.0711 -0.3554 0.9320
vn 0.5546 -0.1981 0.8082
vn 0.2859 -0.1588 0.9450
vn 0.6275 0.0159 0.7784
vn 0.6870 -0.2369 0.6870
vn 0.8469 -0.1346 0.5145
vn 0.8722 -0.1665 0.4599
vn 0.6116 -0.0874 0.7863
vn 0.3013 -0.0634 0.9514
vn 0.5305 -0.0316 0.8471
vn 0.3090 0.0158 0.9509
vn 0.0079 -0.0079 0.9999
vn -0.4184 0.0237 0.9080
vn 0.1747 0.2778 0.9446
vn 0.4292 0.3815 0.8187
vn -0.0397 0.6271 0.7779
vn 0.0237 0.2051 0.9785
vn -0.2919 0.4023 0.8677
vn 0.0395 0.3955 0.9176
vn 0.4199 0.5071 0.7527
vn 0.8415 0.0238 0.5398
vn 0.3147 -0.5192 0.7946
vn 0.4816 0.1185 0.8684
vn 0.7784 -0.0159 0.6275
vn 0.5638 0.0159 0.8258
vn -0.0157 -0.7226 0.6911
vn 0.3293 -0.6273 0.7057
vn 0.5702 -0.4593 0.6811
vn 0.5839 -0.3472 0.7338
vn 0.5627 -0.0634 0.8242
vn 0.8067 -0.1582 0.5694
vn 0.6173 -0.0712 0.7835
vn 0.7139 -0.0555 0.6980
vn 0.6656 -0.0475 0.7448
vn 0.7063 -0.0476 0.7063
vn 0.7228 0.0080 0.6910
vn 0.4824 -0.5615 0.6723
vn 0.5050 -0.3314 0.7970
vn 0.0470 -0.5559 0.8299
vn 0.5605 -0.5448 0.6237
vn 0.5699 -0.4828 0.6649
vn 0.1342 -0.2920 0.9470
vn 0.0709 -0.4175 0.9059
vn 0.5897 -0.5346 0.6054
vn 0.6534 -0.5274 0.5431
vn 0.6011 -0.4983 0.6248
vn 0.9017 -0.2768 0.3322
vn 0.8895 -0.4487 0.0866
vn 0.6151 -0.4022 0.6782
vn 0.7577 -0.3473 0.5525
vn 0.7823 -0.3635 0.5058
vn 0.8516 -0.3706 0.3706
vn 0.8343 -0.4014 0.3778
vn 0.8936 -0.4349 0.1107
vn 0.7801 -0.5988 0.1812
vn 0.7267 -0.4897 0.4818
vn 0.7150 -0.0079 0.6991
vn 0.8257 -0.0238 0.5637
vn 0.9345 -0.1901 0.3009
vn 0.9736 -0.1900 0.1266
vn 0.7943 -0.5662 0.2202
vn 0.7965 -0.5205 0.3076
vn 0.9799 -0.1659 0.1106
vn 0.9648 -0.1898 0.1819
vn 0.9722 -0.0474 0.2292
vn 0.9662 -0.1821 0.1822
vn 0.9821 -0.0713 0.1743
vn 0.9921 0.1032 0.0714
vn 0.9672 -0.0634 0.2458
vn 0.9908 -0.1268 0.0476
vn 0.9885 -0.1503 0.0158
vn 0.9445 -0.3148 0.0944
vn 0.5428 -0.7787 0.3146
vn 0.9937 -0.0867 -0.0710
vn 0.9847 0.1654 -0.0551
vn 0.9947 -0.0947 -0.0395
vn 0.9850 -0.0709 -0.1576
vn 0.9802 -0.0949 -0.1739
vn 0.9919 -0.0079 0.1270
vn 0.9141 0.3577 0.1908
vn 0.9114 0.3963 0.1110
vn 0.8116 0.5092 0.2864
vn 0.8002 0.5784 0.1585
vn 0.9841 0.1746 -0.0317
vn 0.7859 0.4604 0.4128
vn 0.9305 -0.0159 0.3659
vn 0.9265 0.0950 0.3642
vn 0.9377 0.3417 -0.0636
vn 0.9275 0.3726 -0.0317
vn 0.7387 0.4845 0.4686
vn 0.9851 0.1430 0.0953
vn 0.9304 0.0795 0.3579
vn 0.9648 0.2610 -0.0316
vn 0.9563 0.2924 -0.0079
vn 0.9898 0.1425 0.0079
vn 0.9584 0.0159 0.2851
vn 0.9931 -0.1103 0.0394
vn 0.8343 -0.5431 -0.0944
vn 0.9026 -0.4162 -0.1099
vn 0.8759 -0.4814 0.0316
vn 0.8184 -0.5746 -0.0000
vn 0.6969 0.0792 0.7128
vn 0.6988 0.0318 0.7146
vn 0.7936 0.0794 0.6032
vn 0.7970 -0.1815 0.5761
vn 0.8489 -0.0714 0.5236
vn 0.8857 0.0712 0.4587
vn 0.8640 0.0634 0.4994
vn 0.8158 0.0158 0.5782
vn 0.7225 -0.6911 -0.0157
vn 0.5959 -0.0318 0.8024
vn 0.6971 -0.1980 0.6891
vn 0.7225 -0.6441 0.2512
vn 0.5798 0.0874 0.8101
vn 0.8791 -0.1413 -0.4552
vn 0.9732 -0.0158 -0.2295
vn 0.9315 -0.0789 -0.3552
vn 0.8843 0.4422 -0.1500
vn 0.9114 0.3963 0.1109
vn 0.7841 -0.2744 -0.5567
vn 0.6322 -0.3434 -0.6946
vn -0.3571 -0.2484 -0.9004
vn -0.3941 -0.3091 -0.8655
vn -0.5723 -0.2243 -0.7888
vn -0.4710 -0.2085 -0.8571
vn -0.6031 -0.1624 -0.7810
vn -0.6813 -0.2245 -0.6968
vn -0.5723 -0.3480 -0.7425
vn -0.8002 -0.1709 -0.5749
vn -0.7270 -0.1702 -0.6652
vn -0.8207 -0.2555 -0.5110
vn -0.3413 -0.4266 -0.8376
vn 0.1787 -0.7149 -0.6760
vn 0.0542 -0.7894 -0.6114
vn -0.1945 -0.3656 -0.9102
vn -0.2250 -0.2871 -0.9311
vn -0.5207 -0.4663 -0.7151
vn -0.6425 -0.3793 -0.6658
vn -0.7278 -0.2942 -0.6194
vn -0.4329 -0.5334 -0.7267
vn 0.1946 -0.6617 -0.7240
vn -0.8132 -0.3794 -0.4414
vn -0.6736 -0.2864 -0.6813
vn -0.5825 -0.3572 -0.7301
vn -0.7256 -0.4709 -0.5017
vn -0.6202 -0.5738 -0.5349
vn -0.5595 -0.6450 -0.5206
vn -0.5893 -0.6435 -0.4885
vn -0.4335 -0.5419 -0.7200
vn -0.4425 -0.2484 -0.8617
vn -0.5278 -0.1785 -0.8304
vn 0.1325 -0.3274 -0.9355
vn -0.1168 -0.3581 -0.9264
vn -0.1167 -0.3581 -0.9264
vn -0.3013 -0.4171 -0.8575
vn -0.2557 -0.4261 -0.8678
vn -0.4181 -0.5110 -0.7510
vn -0.4815 -0.4349 -0.7610
vn -0.3414 -0.3181 -0.8845
vn -0.2715 -0.3801 -0.8842
vn -0.0704 0.2895 -0.9546
vn -0.0622 0.2567 -0.9645
vn -0.2714 0.0465 -0.9613
vn -0.2094 -0.0388 -0.9771
vn -0.3328 -0.1625 -0.9289
vn -0.2409 -0.2409 -0.9402
vn -0.1709 -0.2952 -0.9400
vn -0.1239 -0.3484 -0.9291
vn -0.1325 -0.1325 -0.9823
vn -0.0623 -0.2182 -0.9739
vn 0.0156 -0.2880 -0.9575
vn 0.0698 -0.3178 -0.9456
vn 0.2328 -0.1862 -0.9545
vn 0.1247 -0.0701 -0.9897
vn 0.0312 0.0623 -0.9976
vn -0.0312 0.1795 -0.9833
vn 0.3434 -0.2498 -0.9054
vn 0.3048 0.3752 -0.8754
vn 0.3744 0.1638 -0.9127
vn 0.5708 -0.0078 -0.8210
vn 0.6890 -0.1331 -0.7125
vn 0.4425 -0.3183 -0.8384
vn 0.0935 0.1091 -0.9896
vn 0.0313 0.3208 -0.9466
vn -0.2568 -0.2179 -0.9416
vn -0.1247 -0.1871 -0.9744
vn 0.2333 -0.0233 -0.9721
vn 0.4915 -0.1482 -0.8582
vn 0.2113 0.4773 -0.8529
vn -0.1788 0.2877 -0.9409
vn -0.2724 0.1557 -0.9495
vn -0.0934 0.1713 -0.9808
vn -0.1087 0.0310 -0.9936
vn 0.0856 0.0389 -0.9956
vn -0.1247 -0.0624 -0.9902
vn 0.0932 -0.0621 -0.9937
vn 0.1011 -0.1711 -0.9801
vn 0.1167 -0.2646 -0.9573
vn -0.2565 -0.0699 -0.9640
vn -0.2644 0.0156 -0.9643
vn -0.4741 -0.0622 -0.8783
vn 0.5413 -0.2588 -0.8000
vn 0.3903 -0.2888 -0.8742
vn 0.3824 -0.2497 -0.8896
vn 0.3045 -0.1718 -0.9369
vn 0.2875 -0.0622 -0.9558
vn 0.4065 -0.3674 -0.8365
vn -0.0078 0.0312 -0.9995
vn -0.0078 -0.0701 -0.9975
vn -0.0078 -0.1871 -0.9823
vn -0.0078 -0.2644 -0.9644
vn -0.0077 -0.3092 -0.9510
vn -0.0078 -0.3808 -0.9246
vn 0.6314 -0.3898 -0.6704
vn -0.0078 -0.7521 -0.6590
vn 0.2896 -0.9551 -0.0626
vn 0.3277 -0.9440 -0.0390
vn -0.0698 -0.7683 -0.6363
vn 0.1090 -0.9805 0.1634
vn 0.0156 -0.9955 0.0933
vn 0.2101 -0.9724 -0.1011
vn 0.0156 -0.9998 0.0078
vn 0.5877 -0.6896 -0.4231
vn 0.5874 -0.7832 -0.2036
vn 0.6429 -0.2979 -0.7056
vn 0.1399 -0.9401 -0.3108
vn -0.0078 -0.7770 -0.6294
vn 0.4219 -0.6641 -0.6172
vn 0.2490 -0.6691 -0.7002
vn 0.0701 -0.7246 -0.6856
vn -0.5187 -0.4954 -0.6968
vn -0.3412 -0.4110 -0.8454
vn -0.5818 -0.4422 -0.6827
vn -0.6986 -0.5432 -0.4657
vn -0.3938 -0.5328 -0.7490
vn -0.0934 -0.2725 -0.9576
vn -0.4411 -0.4798 -0.7584
vn -0.0000 -0.3115 -0.9502
vn 0.2182 -0.8729 -0.4364
vn -0.7730 -0.4638 -0.4329
vn -0.2865 -0.7899 -0.5421
vn 0.3594 -0.9141 0.1875
vn -0.2789 -0.9298 -0.2401
vn 0.6578 -0.7517 -0.0470
vn 0.6427 -0.7211 -0.2587
vn 0.5310 -0.7966 -0.2889
vn 0.5690 -0.7950 -0.2104
vn 0.4842 -0.8746 -0.0234
vn 0.4124 -0.9105 -0.0311
vn -0.3266 -0.9097 -0.2566
vn 0.6933 -0.6932 0.1970
vn 0.6910 -0.6910 0.2120
vn 0.5327 -0.8461 -0.0157
vn 0.6766 -0.7002 0.2281
vn 0.5878 -0.8072 -0.0549
vn 0.6903 -0.7139 0.1177
vn -0.2253 -0.8935 -0.3885
vn -0.7291 -0.5585 -0.3956
vn -0.0932 -0.8537 -0.5123
vn -0.4950 -0.4873 -0.7193
vn -0.8264 -0.2394 -0.5097
vn -0.7271 -0.3790 -0.5724
vn -0.6324 -0.5321 -0.5630
vn -0.8366 -0.3796 -0.3950
vn -0.9197 -0.2319 -0.3169
vn -0.9624 -0.1397 -0.2328
vn -0.9014 -0.1554 -0.4041
vn -0.9941 0.0933 -0.0544
vn -0.9851 0.1720 -0.0000
vn -0.9863 -0.1165 -0.1165
vn -0.9627 -0.2096 -0.1708
vn -0.9062 -0.3718 -0.2014
vn -0.7967 -0.5800 -0.1701
vn -0.9304 -0.3644 0.0387
vn -0.8242 -0.5598 0.0855
vn -0.4400 -0.8953 -0.0695
vn 0.6988 -0.6831 0.2120
vn 0.2898 -0.9555 0.0548
vn -0.5347 -0.8292 0.1627
vn -0.3207 0.6336 -0.7040
vn -0.3265 0.4897 -0.8084
vn -0.3668 0.4683 -0.8039
vn -0.2565 0.5052 -0.8240
vn -0.2658 0.6332 -0.7270
vn -0.5246 0.4777 -0.7047
vn -0.4850 0.5945 -0.6414
vn -0.5157 0.5860 -0.6251
vn -0.3189 0.3345 -0.8868
vn -0.2582 0.3520 -0.8997
vn -0.5749 0.3185 -0.7537
vn -0.5828 0.4508 -0.6761
vn -0.2588 0.6509 -0.7137
vn -0.2434 0.7457 -0.6202
vn -0.1328 0.7498 -0.6482
vn -0.4974 0.1866 -0.8472
vn -0.5978 0.2950 -0.7454
vn -0.2499 0.2109 -0.9450
vn -0.3344 0.1788 -0.9253
vn -0.3591 0.3045 -0.8822
vn -0.3336 0.1474 -0.9311
vn -0.1953 0.3750 -0.9062
vn -0.1169 0.3117 -0.9430
vn -0.0625 0.3828 -0.9217
vn -0.4028 0.0465 -0.9141
vn -0.3120 0.1092 -0.9438
vn -0.3485 0.1704 -0.9217
vn -0.4596 -0.0078 -0.8881
vn -0.0935 0.3195 -0.9430
vn -0.3571 0.2484 -0.9004
vn -0.2802 0.3659 -0.8875
vn -0.2101 0.4435 -0.8713
vn -0.5758 0.2256 -0.7859
vn -0.5763 0.3116 -0.7555
vn -0.7612 0.2097 -0.6136
vn -0.2565 0.4354 -0.8629
vn -0.2258 0.5529 -0.8021
vn -0.3743 0.6238 -0.6862
vn -0.3282 0.7346 -0.5939
vn -0.7852 0.2954 -0.5442
vn -0.5766 0.4442 -0.6857
vn -0.2579 0.5785 -0.7739
vn -0.2590 0.6985 -0.6671
vn -0.3973 0.7323 -0.5531
vn -0.3458 0.8408 -0.4165
vn -0.2816 0.7274 -0.6258
vn -0.2576 0.7025 -0.6634
vn -0.2823 0.7921 -0.5411
vn -0.4017 0.8191 -0.4095
vn -0.3219 0.9106 -0.2591
vn -0.3853 0.8808 -0.2752
vn -0.3237 0.9315 -0.1658
vn -0.2520 0.7954 -0.5513
vn -0.5694 0.5695 -0.5928
vn -0.2600 0.8668 -0.4255
vn -0.2670 0.9188 -0.2906
vn -0.2271 0.8772 -0.4230
vn -0.5529 0.6619 -0.5062
vn -0.7807 0.4137 -0.4684
vn -0.7627 0.4981 -0.4125
vn -0.5247 0.7518 -0.3994
vn -0.2438 0.9201 -0.3067
vn -0.4874 0.8176 -0.3066
vn -0.7341 0.5857 -0.3436
vn -0.9182 0.2801 -0.2801
vn -0.9321 0.2097 -0.2952
vn -0.9311 0.1474 -0.3336
vn -0.4564 0.8579 -0.2361
vn -0.7122 0.6496 -0.2661
vn -0.9046 0.3509 -0.2418
vn -0.9941 0.0389 -0.1010
vn -0.9927 0.0310 -0.1163
vn -0.9912 0.0155 -0.1317
vn -0.9949 0.0544 -0.0855
vn -0.9980 0.0078 -0.0624
vn -0.9963 0.0078 -0.0856
vn -0.9931 0.0155 -0.1164
vn -0.9878 0.0078 -0.1556
vn -0.9120 0.1014 -0.3975
vn -0.8836 0.0543 -0.4651
vn -0.7306 0.1399 -0.6684
vn -0.7050 0.0775 -0.7050
vn -0.5129 0.0777 -0.8549
vn -0.6590 -0.0078 -0.7521
vn -0.8541 -0.0000 -0.5202
vn -0.9724 -0.0078 -0.2334
vn -0.9889 0.0156 -0.1479
vn -0.9761 0.0155 -0.2169
vn -0.9595 -0.0773 -0.2708
vn -0.8133 -0.1007 -0.5731
vn -0.5688 0.1403 -0.8104
vn -0.5952 -0.1082 -0.7962
vn -0.7494 -0.2163 -0.6258
vn -0.9275 -0.1855 -0.3246
vn -0.8721 -0.3010 -0.3859
vn -0.4114 -0.0776 -0.9082
vn -0.0234 0.3510 -0.9361
vn 0.0624 0.3666 -0.9283
vn 0.1642 0.4223 -0.8915
vn -0.0702 0.1716 -0.9827
vn -0.2408 0.1709 -0.9554
vn -0.3572 0.0621 -0.9320
vn -0.2168 0.0387 -0.9755
vn -0.4407 -0.0387 -0.8968
vn -0.4900 0.0311 -0.8712
vn -0.5600 0.1400 -0.8166
vn -0.2571 0.3427 -0.9036
vn 0.2643 0.0311 -0.9639
vn 0.0702 0.1716 -0.9827
vn -0.0939 0.3522 -0.9312
vn -0.2577 0.5233 -0.8122
vn 0.2503 0.1643 -0.9541
vn 0.0623 0.3504 -0.9345
vn -0.1015 0.5153 -0.8510
vn -0.1252 0.6489 -0.7505
vn 0.0469 0.5082 -0.8600
vn 0.0313 0.6414 -0.7666
vn 0.2429 0.5014 -0.8304
vn 0.2348 0.6261 -0.7435
vn 0.2424 0.3441 -0.9071
vn 0.0157 0.7452 -0.6667
vn 0.2204 0.7242 -0.6534
vn 0.0474 0.9957 0.0790
vn 0.0237 0.9952 0.0948
vn 0.0080 0.9997 0.0238
vn -0.0079 0.9988 0.0475
vn -0.0316 0.9990 0.0317
vn 0.3966 0.9042 0.1586
vn -0.0080 0.9540 -0.2996
vn -0.0077 0.7149 -0.6992
vn 0.2215 0.9170 -0.3319
vn -0.0079 0.9861 0.1658
vn -0.0078 0.6161 -0.7877
vn -0.0078 0.4936 -0.8697
vn -0.0077 0.3348 -0.9423
vn -0.0077 0.1631 -0.9866
vn -0.3772 0.9196 -0.1100
vn -0.3722 0.7444 0.5544
vn -0.3088 0.7998 0.5147
vn -0.2605 0.7972 0.5446
vn -0.2214 0.7354 0.6405
vn 0.2306 0.6678 0.7077
vn -0.2697 0.7378 0.6188
vn -0.2920 0.7183 0.6315
vn -0.3556 0.6955 0.6243
vn -0.3865 0.6941 0.6073
vn -0.1658 0.9790 -0.1184
vn -0.2044 0.9590 -0.1965
vn -0.4329 0.7476 0.5037
vn 0.0714 0.8336 0.5477
vn -0.2918 0.7810 0.5522
vn -0.9980 0.0312 -0.0546
vn -0.9945 0.0777 -0.0699
vn -0.9961 0.0856 0.0233
vn -0.9985 0.0546 -0.0000
vn -0.9996 0.0156 -0.0234
vn -0.9258 0.2825 0.2511
vn -0.8496 0.4988 0.1715
vn -0.3641 0.4908 0.7916
vn 0.0634 0.9514 0.3013
vn -0.9858 0.1631 -0.0389
vn -0.7689 0.3138 0.5571
vn -0.7601 0.5407 0.3605
vn -0.5361 0.7096 0.4573
vn -0.2047 0.8739 0.4409
vn -0.3936 0.8344 0.3857
vn -0.6803 0.7193 -0.1407
vn -0.8737 0.4758 -0.1014
vn -0.9916 0.1172 -0.0546
vn -0.9984 0.0156 -0.0546
vn -0.9903 0.0858 -0.1092
vn -0.1108 0.9812 -0.1582
vn -0.4416 0.8832 -0.1577
vn -0.6962 0.6884 -0.2034
vn -0.8839 0.4459 -0.1408
vn -0.9950 0.0777 -0.0622
vn -0.8979 0.3982 -0.1874
vn -0.1501 0.9636 -0.2212
vn 0.2865 0.7960 0.5333
vn -0.2913 0.9527 -0.0866
vn -0.3143 0.9429 -0.1100
vn -0.3699 0.9128 -0.1731
vn 0.0633 0.9889 0.1345
vn -0.1662 0.9815 -0.0950
vn 0.3562 0.9341 0.0238
vn 0.1900 0.9817 -0.0079
vn 0.3718 0.9256 0.0712
vn 0.1586 0.9835 0.0872
vn 0.3481 0.9334 0.0870
vn 0.0949 0.9802 0.1739
vn -0.5087 0.6888 -0.5165
vn -0.4768 0.6879 -0.5472
vn -0.2910 0.8493 -0.4404
vn -0.3154 0.9148 -0.2524
vn -0.3213 0.9326 -0.1646
vn -0.2678 0.9609 0.0709
vn -0.0945 0.9842 -0.1497
vn -0.0079 0.9997 -0.0241
vn -0.2994 0.7092 0.6383
vn -0.4111 0.6641 0.6245
vn -0.4824 0.5615 0.6723
vn -0.2676 0.7792 0.5667
vn -0.3716 0.7512 0.5456
vn -0.1425 0.7918 0.5939
vn -0.2377 0.7290 0.6419
vn -0.1820 0.8070 0.5618
vn -0.3487 0.6261 0.6974
vn -0.5576 0.4477 0.6990
vn -0.4883 0.7010 0.5198
vn -0.5508 0.5902 0.5902
vn -0.6222 0.4647 0.6301
vn -0.6939 0.3470 0.6309
vn -0.9164 0.1567 0.3682
vn -0.8752 0.2501 0.4141
vn -0.8630 0.3452 0.3688
vn -0.8453 0.4149 0.3366
vn -0.9948 0.0078 0.1011
vn -0.9980 0.0078 0.0624
vn -0.9907 0.0312 0.1326
vn -0.9964 0.0467 0.0701
vn -0.9938 0.0705 0.0861
vn -0.9992 0.0234 0.0312
vn -0.1981 0.8481 0.4914
vn -0.2689 0.8382 0.4745
vn -0.3629 0.8205 0.4418
vn -0.4589 0.7833 0.4193
vn -0.3632 0.8765 0.3159
vn -0.4256 0.8511 0.3073
vn -0.3011 0.8875 0.3487
vn -0.2290 0.9000 0.3710
vn -0.1662 0.9100 0.3798
vn -0.1266 0.8622 0.4904
vn -0.0954 0.8508 0.5168
vn -0.8523 0.4457 0.2737
vn -0.8457 0.4933 0.2036
vn -0.4098 0.8985 0.1576
vn -0.3699 0.9128 0.1731
vn -0.3147 0.9286 0.1967
vn -0.2536 0.9433 0.2140
vn -0.9988 -0.0156 0.0468
vn -0.8234 0.5568 0.1098
vn -0.4328 0.7476 0.5037
vn -0.3556 0.6955 0.6244
vn -0.2921 0.7183 0.6315
vn -0.8496 0.4988 0.1714
vn -0.9988 0.0468 0.0156
vn -0.1890 0.9531 0.2363
vn 0.2305 0.6679 0.7077
vn 0.4673 0.8712 0.1505
vn 0.0714 0.8336 0.5478
vn 0.1667 0.9280 0.3332
vn 0.4755 0.8638 0.1664
vn 0.1908 0.9459 0.2623
vn 0.4193 0.9020 0.1029
vn 0.3723 0.9269 0.0475
vn -0.0714 0.8489 0.5236
vn 0.1664 0.9589 0.2298
vn 0.1343 0.9641 0.2291
vn 0.1503 0.9669 0.2060
vn 0.2609 0.9646 0.0395
vn 0.0788 0.9720 0.2213
vn 0.2141 0.9752 -0.0555
vn 0.0870 0.9891 0.1187
vn -0.0395 0.8374 0.5451
vn -0.0158 0.7922 0.6100
vn 0.1181 0.9839 -0.1338
vn 0.0873 0.9924 0.0873
vn 0.0238 0.9982 0.0554
vn -0.0871 0.7756 0.6252
vn -0.0397 0.6823 0.7300
vn -0.0000 0.3673 -0.9301
vn -0.0078 0.1556 -0.9878
vn -0.6923 0.1400 -0.7079
vn -0.6953 -0.0154 -0.7185
vn -0.0234 -0.0856 -0.9961
vn -0.6939 0.3976 -0.6003
vn -0.0079 0.5419 -0.8404
vn -0.6888 0.5165 -0.5087
vn -0.6864 0.2808 -0.6708
vn -0.9998 0.0156 0.0078
vn -0.7201 -0.1316 -0.6813
vn -0.0856 -0.2490 -0.9647
vn -0.7363 -0.2325 -0.6355
vn -0.6285 0.6520 0.4242
vn -0.6289 0.7075 0.3223
vn -0.6462 0.7329 0.2128
vn -0.6539 0.7485 0.1103
vn -0.6992 0.7149 -0.0000
vn -0.7299 0.6671 -0.1491
vn -0.7137 0.6509 -0.2588
vn -0.6948 0.6090 -0.3826
vn 0.0635 0.9926 0.1033
vn -0.0000 1.0000 -0.0000
vn -0.1179 0.9749 -0.1887
vn -0.0945 0.9210 -0.3779
vn -0.0313 0.8458 -0.5326
vn -0.0079 0.7071 -0.7071
vn -0.6460 0.5515 0.5278
vn 0.1189 0.7293 0.6738
vn 0.1588 0.8417 0.5161
vn 0.1425 0.9106 0.3880
vn 0.1112 0.9608 0.2541
vn 0.0716 0.5569 0.8275
vn -0.6905 0.1883 0.6984
vn -0.0159 0.2537 0.9672
vn 0.0159 0.3891 0.9211
vn -0.6749 0.2982 0.6749
vn -0.6520 0.4242 0.6284
vn -0.7067 0.1099 0.6989
vn -0.7225 0.0157 0.6912
vn -0.7276 -0.0861 0.6806
vn -0.7383 -0.1728 0.6519
vn -0.7499 -0.2578 0.6093
vn -0.1880 -0.3916 0.9007
vn -0.1422 -0.2844 0.9481
vn -0.1108 -0.1582 0.9812
vn -0.0869 -0.0158 0.9961
vn -0.0633 0.1345 0.9889
vn -0.8005 -0.5828 0.1399
vn -0.8011 -0.5444 0.2489
vn -0.3119 -0.8890 0.3353
vn -0.3274 -0.7874 0.5223
vn -0.8141 -0.4807 0.3257
vn -0.2340 -0.7645 0.6007
vn -0.7470 -0.5214 0.4124
vn -0.7632 -0.4205 0.4906
vn -0.7739 -0.3049 0.5550
vn -0.2119 -0.6671 0.7142
vn -0.2280 -0.5032 0.8335
vn -0.7639 -0.3009 -0.5709
vn -0.7963 -0.3788 -0.4716
vn -0.7976 -0.4491 -0.4027
vn -0.8108 -0.5019 -0.3012
vn -0.8270 -0.5333 -0.1778
vn -0.8230 -0.5590 -0.1009
vn -0.8129 -0.5806 -0.0464
vn -0.8125 -0.5804 0.0542
vn -0.3862 -0.8575 -0.3399
vn -0.3790 -0.9050 -0.1934
vn -0.3334 -0.9382 -0.0930
vn -0.3481 -0.9359 0.0541
vn -0.3107 -0.9321 0.1864
vn -0.1399 -0.3731 -0.9172
vn -0.2019 -0.4349 -0.8775
vn -0.2700 -0.5863 -0.7638
vn -0.2950 -0.6910 -0.6599
vn -0.3254 -0.7903 -0.5191
vn -0.0079 0.9862 0.1654
vn 0.2216 0.9169 -0.3319
vn -0.0079 0.9563 -0.2924
vn -0.2533 0.9580 -0.1346
vn 0.1900 0.9818 -0.0077
vn -0.0945 0.9842 -0.1496
vn -0.1495 0.9602 -0.2361
vn -0.0079 0.9997 -0.0238
vn -0.0078 0.9988 0.0476
vn -0.0945 0.9610 -0.2599
vn -0.0317 0.9990 0.0317
vn -0.0474 0.9552 -0.2921
vn 0.2457 0.8004 0.5468
vn 0.1592 0.7801 0.6050
vn 0.0638 0.7738 0.6302
vn 0.1587 0.7937 0.5873
vn 0.0796 0.7799 0.6208
vn 0.0871 0.7123 0.6965
vn 0.1981 0.7049 0.6811
vn 0.2467 0.8039 0.5412
vn 0.3100 0.6995 0.6439
vn -0.0079 0.7643 0.6448
vn -0.0079 0.7785 0.6276
vn -0.0079 0.7150 0.6991
vn -0.0079 0.7531 0.6579
vn 0.0557 0.7485 0.6608
vn 0.1507 0.7376 0.6582
vn 0.2700 0.7305 0.6273
vn 0.4374 0.6999 0.5647
vn 0.4126 0.7220 0.5554
vn 0.5553 0.6980 0.4521
vn 0.5481 0.7228 0.4210
vn 0.6356 0.7071 0.3099
vn 0.6165 0.7429 0.2608
vn 0.6722 0.7196 0.1740
vn 0.6270 0.7699 0.1190
vn 0.6739 0.7373 0.0476
vn 0.6188 0.7855 0.0080
vn 0.3568 0.8087 0.4678
vn 0.4849 0.7869 0.3816
vn 0.5699 0.7678 0.2929
vn 0.5788 0.7929 0.1903
vn 0.5558 0.8258 0.0953
vn 0.3503 0.8280 0.4379
vn 0.4593 0.8236 0.3326
vn 0.5151 0.8162 0.2618
vn 0.5335 0.8201 0.2070
vn -0.3776 0.9203 0.1023
vn -0.3795 0.9252 -0.0000
vn -0.3228 0.9449 -0.0551
vn 0.5075 0.8484 0.1507
vn -0.3798 0.9019 0.2057
vn 0.0948 0.9802 0.1739
vn 0.1585 0.9835 0.0872
vn -0.2917 0.7810 0.5522
vn 0.0157 0.0391 -0.9991
vn -0.0310 -0.3253 -0.9451
vn -0.0311 -0.6832 -0.7296
vn 0.2565 -0.5054 -0.8239
vn -0.2491 0.1402 -0.9583
vn -0.0699 -0.0777 -0.9945
vn -0.0543 0.1009 -0.9934
vn 0.2341 0.1560 -0.9596
vn 0.0079 0.2737 -0.9618
vn 0.0626 0.2033 -0.9771
vn 0.0855 -0.5127 -0.8543
vn -0.2477 -0.3639 -0.8979
vn -0.1093 0.1406 -0.9840
vn -0.4016 -0.4402 -0.8031
vn 0.2109 0.1797 -0.9608
vn -0.0078 -0.3873 -0.9219
vn -0.0076 0.6199 -0.7846
vn -0.4180 0.0697 -0.9058
vn -0.4749 -0.0233 -0.8797
vn 0.0156 -0.0779 -0.9968
vn 0.0780 0.2105 -0.9745
vn -0.5925 0.2027 -0.7796
vn 0.1412 0.4079 -0.9020
vn -0.0698 0.2328 -0.9700
vn -0.1555 -0.0233 -0.9876
vn -0.0701 0.0312 -0.9971
vn 0.0387 -0.2478 -0.9680
vn 0.0624 -0.1716 -0.9832
vn 0.2418 -0.0780 -0.9672
vn 0.2902 0.2117 -0.9333
vn 0.0389 -0.3346 -0.9416
vn 0.1940 -0.4967 -0.8460
vn 0.0390 0.3738 -0.9267
vn 0.1712 -0.0934 -0.9808
vn 0.2329 -0.4193 -0.8775
vn -0.0778 -0.6691 -0.7391
vn -0.3088 -0.7027 -0.6410
vn -0.5338 -0.5413 -0.6497
vn -0.5638 -0.3476 -0.7492
vn -0.7428 -0.2553 -0.6190
vn -0.6202 -0.2481 -0.7442
vn 0.2565 -0.2799 -0.9251
vn 0.1243 -0.2951 -0.9474
vn -0.2256 -0.4201 -0.8790
vn -0.0078 -0.6208 -0.7839
vn -0.0078 0.2111 -0.9774
vn -0.2096 -0.2408 -0.9477
vn -0.1089 -0.2956 -0.9491
vn 0.1785 -0.3181 -0.9311
vn 0.2250 -0.2871 -0.9311
vn -0.5812 -0.2712 -0.7672
vn -0.6821 -0.2635 -0.6821
vn -0.3189 -0.2645 -0.9101
vn 0.2183 -0.2495 -0.9434
vn -0.4962 -0.2557 -0.8297
vn -0.7748 -0.2092 -0.5966
vn -0.3415 -0.3571 -0.8694
vn 0.0465 -0.4653 -0.8839
vn 0.2337 -0.4596 -0.8568
vn -0.7044 -0.3018 -0.6425
vn 0.0312 -0.3114 -0.9498
vn 0.0311 -0.5051 -0.8625
vn -0.7991 -0.2017 -0.5663
vn -0.7341 -0.4482 -0.5101
vn -0.8724 -0.1775 -0.4555
vn -0.7504 -0.2321 -0.6189
vn -0.6575 -0.2475 -0.7117
vn -0.1165 -0.2718 -0.9553
vn -0.0853 -0.3104 -0.9468
vn -0.3397 -0.6253 -0.7025
vn -0.4408 -0.0309 -0.8971
vn -0.6803 -0.3247 -0.6571
vn -0.5194 0.1706 -0.8373
vn -0.3509 0.1248 -0.9280
vn -0.6407 0.3985 -0.6563
vn -0.4373 0.3514 -0.8278
vn -0.6787 0.3744 -0.6319
vn -0.1481 0.1169 -0.9820
vn -0.6225 0.2334 -0.7470
vn -0.7349 0.1315 -0.6653
vn -0.6830 0.1863 -0.7063
vn -0.6954 -0.0077 -0.7186
vn -0.1638 0.1950 -0.9670
vn -0.0937 0.4608 -0.8825
vn -0.0855 0.3887 -0.9174
vn -0.6741 0.1627 -0.7205
vn -0.8935 0.2253 -0.3885
vn -0.7652 0.6246 -0.1562
vn -0.6914 -0.0000 -0.7225
vn -0.5210 0.1011 -0.8476
vn -0.6691 0.0778 -0.7391
vn -0.6052 -0.1397 -0.7837
vn -0.0000 0.1632 -0.9866
vn -0.7449 -0.1009 -0.6595
vn -0.3255 -0.0000 -0.9455
vn -0.5584 0.1939 -0.8066
vn 0.0626 0.2659 -0.9620
vn -0.4801 0.0620 -0.8750
vn -0.5516 0.4428 -0.7069
vn -0.5596 0.3264 -0.7617
vn -0.3661 0.4440 -0.8178
vn -0.6123 -0.0077 -0.7906
vn -0.6504 -0.3794 -0.6581
vn -0.5828 -0.0855 -0.8081
vn -0.8737 0.4758 0.1014
vn -0.9207 -0.0928 -0.3791
vn -0.9628 -0.0854 -0.2562
vn -0.9961 0.0856 -0.0233
vn -0.9914 0.1249 0.0390
vn -0.9898 -0.0234 -0.1403
vn -0.9729 0.2179 0.0778
vn -0.9289 0.3513 0.1171
vn -0.8451 -0.1783 -0.5040
vn -0.8828 -0.0697 -0.4646
vn -0.9727 0.0545 -0.2257
vn -0.9678 0.0702 -0.2419
vn -0.8447 0.0233 -0.5347
vn -0.9744 0.0546 -0.2183
vn -0.9789 0.0311 -0.2020
vn -0.8586 -0.0464 -0.5105
vn -0.9882 0.0622 -0.1401
vn -0.9906 0.0702 -0.1170
vn -0.8694 -0.0699 -0.4891
vn -0.9818 0.0623 -0.1792
vn -0.4160 -0.3846 0.8241
vn -0.3062 -0.4004 0.8637
vn -0.1963 -0.4004 0.8951
vn -0.0078 0.5565 -0.8308
vn -0.1322 -0.3111 -0.9411
vn -0.1243 -0.3805 -0.9164
vn -0.0077 -0.3874 -0.9219
vn -0.4023 -0.3172 -0.8588
vn -0.0078 -0.2809 -0.9597
vn -0.0079 0.4628 -0.8864
vn -0.3986 0.4924 -0.7737
vn -0.2492 0.1401 -0.9583
vn -0.2495 0.1403 -0.9582
vn -0.9492 -0.0467 0.3112
vn -0.9639 0.1802 0.1959
vn -0.9805 0.1634 0.1090
vn -0.9312 0.3521 0.0939
vn -0.9274 0.3741 -0.0000
vn -0.8782 0.4705 -0.0862
vn -0.6269 -0.0705 0.7759
vn -0.7216 -0.0549 0.6902
vn -0.5942 -0.3440 0.7271
vn 0.0156 0.0390 -0.9991
vn 0.0078 0.2737 -0.9618
vn -0.4311 0.5095 -0.7447
vn -0.3867 -0.1779 -0.9049
vn -0.0079 0.6199 -0.7846
vn -0.0078 0.5655 -0.8247
vn -0.0078 -0.2572 -0.9663
vn -0.0310 -0.3254 -0.9451
vn 0.0156 0.0393 -0.9991
vn -0.4327 -0.6336 -0.6413
vn -0.2097 -0.2411 -0.9476
vn -0.4739 0.1787 -0.8623
vn -0.0078 0.0779 -0.9969
vn -0.0077 -0.7300 -0.6834
vn -0.0077 -0.6914 -0.7225
vn -0.2096 -0.2405 -0.9477
vn -0.0079 0.2111 -0.9774
vn -0.8236 -0.5672 -0.0000
vn -0.8533 -0.0705 0.5167
vn -0.7448 -0.6673 -0.0000
vn -0.8026 -0.1792 0.5689
vn -0.7298 -0.6835 -0.0156
vn -0.7299 -0.6368 0.2485
vn -0.7918 0.4547 0.4077
vn -0.7457 0.4789 0.4632
vn -0.9296 0.3671 -0.0313
vn -0.9596 0.0156 0.2809
vn -0.9576 0.2881 -0.0078
vn -0.9901 0.1403 0.0078
vn -0.9055 -0.4102 -0.1084
vn -0.8795 -0.4748 0.0311
vn -0.8169 0.5027 0.2828
vn -0.9856 0.1408 0.0939
vn -0.9933 -0.1086 0.0388
vn -0.9140 0.3906 0.1094
vn -0.8058 0.5711 0.1565
vn -0.9846 0.1719 -0.0311
vn -0.9871 -0.1010 -0.1243
vn -0.8116 -0.5565 -0.1777
vn -0.8391 -0.5360 -0.0932
vn -0.9889 -0.1479 0.0156
vn -0.9808 -0.0934 -0.1712
vn -0.9939 -0.0854 -0.0699
vn -0.9854 -0.0698 -0.1552
vn -0.9949 -0.0933 -0.0389
vn -0.9167 0.3526 0.1880
vn -0.9911 -0.1249 0.0468
vn -0.9921 -0.0078 0.1250
vn -0.9851 0.1629 -0.0543
vn -0.9659 -0.1869 0.1792
vn -0.9673 -0.1794 0.1794
vn -0.9827 -0.0702 0.1716
vn -0.9682 -0.0625 0.2421
vn -0.9923 0.1016 0.0703
vn -0.9805 -0.1634 0.1090
vn -0.9744 -0.1871 0.1247
vn -0.5961 -0.6656 -0.4490
vn -0.7505 -0.5183 -0.4100
vn -0.6258 -0.7724 -0.1082
vn -0.3957 -0.8923 -0.2172
vn -0.4950 -0.8352 -0.2397
vn -0.8056 -0.4415 -0.3950
vn -0.7181 -0.2084 -0.6640
vn -0.8996 -0.0931 -0.4266
vn -0.9871 -0.1011 -0.1244
vn -0.9846 0.1719 -0.0313
vn -0.4511 -0.8788 -0.1555
vn -0.6617 0.1635 -0.7317
vn -0.7632 -0.2159 -0.6090
vn -0.7726 0.4370 -0.4605
vn -0.9335 -0.0778 -0.3501
vn -0.8877 0.4361 -0.1479
vn -0.9277 -0.1701 -0.3324
vn -0.6344 -0.3017 -0.7117
vn -0.6414 -0.3400 -0.6878
vn -0.7900 -0.2711 -0.5499
vn -0.8826 -0.1393 -0.4490
vn -0.9740 -0.0156 -0.2260
vn -0.9808 -0.0934 -0.1713
vn -0.5043 0.1319 -0.8534
vn -0.6323 0.5854 -0.5074
vn -0.5516 0.3885 -0.7381
vn 0.3607 0.6274 -0.6901
vn 0.2443 0.7013 -0.6697
vn 0.2110 0.5548 -0.8048
vn 0.3532 0.4709 -0.8084
vn 0.1951 0.4448 -0.8741
vn 0.2658 0.3675 -0.8912
vn 0.1802 0.3761 -0.9089
vn 0.2419 0.4370 -0.8663
vn 0.2433 0.5807 -0.7769
vn 0.2429 0.7053 -0.6660
vn 0.5661 0.4482 -0.6919
vn 0.5588 0.5745 -0.5981
vn 0.7791 0.2991 -0.5509
vn 0.7744 0.4188 -0.4742
vn 0.9290 0.1496 -0.3385
vn 0.9301 0.2128 -0.2995
vn 0.5658 0.3143 -0.7623
vn 0.7546 0.2123 -0.6209
vn 0.5652 0.2277 -0.7929
vn 0.3434 0.2498 -0.9054
vn 0.0469 0.3831 -0.9225
vn 0.0780 0.3199 -0.9442
vn 0.7232 0.1415 -0.6760
vn 0.9093 0.1028 -0.4033
vn 0.9909 0.0157 -0.1337
vn 0.9925 0.0315 -0.1181
vn 0.9157 0.2842 -0.2842
vn 0.9939 0.0394 -0.1026
vn 0.9018 0.3560 -0.2452
vn 0.9947 0.0552 -0.0869
vn 0.2372 0.7985 -0.5534
vn 0.5419 0.6676 -0.5105
vn 0.7561 0.5041 -0.4174
vn 0.7268 0.5925 -0.3476
vn 0.7044 0.6569 -0.2691
vn 0.8948 0.4039 -0.1901
vn 0.6880 0.6959 -0.2056
vn 0.4288 0.8893 -0.1588
vn 0.6717 0.7270 -0.1422
vn 0.4439 0.8640 -0.2378
vn 0.4753 0.8238 -0.3089
vn 0.5132 0.7580 -0.4026
vn 0.2289 0.9235 -0.3078
vn 0.2122 0.8803 -0.4244
vn 0.2523 0.9226 -0.2918
vn 0.2452 0.8703 -0.4272
vn 0.1346 0.9658 -0.2216
vn 0.8805 0.4521 -0.1428
vn 0.8699 0.4824 -0.1028
vn 0.7534 0.5472 0.3648
vn 0.5247 0.7155 0.4611
vn 0.3802 0.8395 0.3881
vn 0.0951 0.9828 -0.1585
vn 0.1892 0.9619 -0.1971
vn 0.9949 0.0790 -0.0631
vn 0.9913 0.1190 -0.0555
vn 0.9854 0.1655 -0.0394
vn 0.7624 0.3177 0.5638
vn 0.3503 0.4935 0.7961
vn 0.9980 0.0079 -0.0633
vn 0.9983 0.0158 -0.0555
vn 0.9980 0.0317 -0.0554
vn 0.9985 0.0555 -0.0000
vn 0.9235 0.2866 0.2548
vn 0.7267 0.6793 -0.1027
vn 0.7303 0.6829 -0.0159
vn 0.8451 0.5055 0.1739
vn 0.4199 0.7527 0.5071
vn 0.3730 0.6983 0.6109
vn -0.0792 0.9503 0.3010
vn 0.1504 0.9815 -0.1187
vn 0.1896 0.8766 0.4423
vn 0.3418 0.6993 0.6278
vn 0.3636 0.9249 -0.1107
vn 0.3562 0.9181 -0.1741
vn 0.3000 0.9475 -0.1106
vn 0.3094 0.9362 -0.1666
vn 0.2768 0.9570 -0.0870
vn 0.2944 0.8036 0.5172
vn 0.3585 0.7487 0.5576
vn -0.3010 0.7922 0.5308
vn -0.3618 0.9282 0.0865
vn 0.2775 0.7215 0.6343
vn 0.2549 0.7409 0.6214
vn 0.2063 0.7379 0.6427
vn -0.2455 0.6654 0.7050
vn 0.2774 0.7844 0.5547
vn -0.1105 0.9786 0.1738
vn -0.1740 0.9809 0.0871
vn -0.0872 0.8326 0.5470
vn 0.3071 0.9372 -0.1654
vn -0.3853 0.9201 0.0708
vn -0.2052 0.9787 -0.0079
vn -0.3699 0.9288 0.0236
vn -0.0869 0.9871 0.1343
vn 0.1508 0.9840 -0.0952
vn 0.2531 0.9648 0.0712
vn 0.5056 0.6874 -0.5214
vn 0.4733 0.6863 -0.5522
vn 0.5041 0.5907 -0.6301
vn 0.2285 0.7485 -0.6225
vn 0.2441 0.6535 -0.7165
vn 0.2765 0.8531 -0.4424
vn 0.2671 0.7306 -0.6284
vn 0.4729 0.5990 -0.6463
vn 0.5189 0.4796 -0.7076
vn 0.5755 0.4573 -0.6780
vn 0.2431 0.5253 -0.8154
vn -0.0238 0.9994 0.0238
vn 0.1174 0.7512 -0.6495
vn 0.1096 0.6501 -0.7519
vn 0.0860 0.5160 -0.8522
vn 0.0784 0.3526 -0.9325
vn -0.0778 0.3501 -0.9335
vn -0.0857 0.1714 -0.9815
vn -0.0395 0.9947 0.0947
vn 0.0789 0.9855 -0.1501
vn -0.0079 0.9988 0.0476
vn 0.0159 0.9994 0.0317
vn -0.0079 0.7149 -0.6992
vn -0.2353 0.7216 -0.6510
vn -0.2495 0.6238 -0.7407
vn -0.0079 0.9540 -0.2996
vn -0.2363 0.9136 -0.3308
vn -0.0632 0.9949 0.0790
vn -0.0313 0.7449 -0.6665
vn -0.0082 0.9861 0.1657
vn -0.2648 0.1636 -0.9503
vn -0.0078 0.1631 -0.9866
vn -0.0080 0.3349 -0.9422
vn -0.2570 0.3427 -0.9036
vn -0.0625 0.5077 -0.8592
vn -0.0469 0.6410 -0.7661
vn -0.0078 0.6161 -0.7876
vn -0.2575 0.4994 -0.8272
vn -0.0079 0.4936 -0.8696
vn 0.2261 0.1715 -0.9589
vn 0.0546 0.1717 -0.9836
vn 0.3436 0.0625 -0.9370
vn 0.2019 0.0388 -0.9786
vn -0.0779 0.3663 -0.9272
vn 0.0078 0.3511 -0.9363
vn -0.1794 0.4211 -0.8891
vn 0.1713 0.2881 -0.9421
vn -0.2262 0.4757 -0.8500
vn 0.0156 0.1796 -0.9836
vn 0.0467 0.2569 -0.9653
vn 0.0548 0.2898 -0.9555
vn 0.1015 0.3122 -0.9446
vn 0.1945 -0.0389 -0.9801
vn 0.2569 0.0467 -0.9653
vn 0.2978 0.1097 -0.9483
vn 0.3348 0.1713 -0.9266
vn 0.5582 0.1415 -0.8176
vn 0.4472 -0.0078 -0.8944
vn 0.3984 -0.0781 -0.9139
vn 0.5014 0.0783 -0.8617
vn 0.6971 0.0783 -0.7127
vn 0.8801 0.0550 -0.4715
vn 0.9874 0.0079 -0.1580
vn 0.6501 -0.0078 -0.7598
vn 0.5851 -0.1092 -0.8036
vn 0.5164 -0.1800 -0.8372
vn 0.3190 -0.1634 -0.9336
vn 0.4299 -0.2501 -0.8676
vn 0.3276 -0.3197 -0.8891
vn 0.5721 -0.3605 -0.7367
vn 0.4694 -0.4381 -0.7666
vn 0.2262 -0.2417 -0.9436
vn 0.1558 -0.2960 -0.9424
vn 0.2570 -0.3816 -0.8879
vn 0.1086 -0.3490 -0.9308
vn -0.0851 -0.3174 -0.9445
vn -0.0311 -0.2879 -0.9572
vn 0.0468 -0.2183 -0.9748
vn 0.1172 -0.1328 -0.9842
vn -0.4548 -0.3161 -0.8326
vn -0.3570 -0.2484 -0.9005
vn -0.6971 -0.1317 -0.7048
vn -0.2474 -0.1855 -0.9510
vn -0.1400 -0.0700 -0.9877
vn -0.0467 0.0623 -0.9970
vn -0.1478 -0.3267 -0.9335
vn -0.5812 -0.0077 -0.8137
vn -0.5032 -0.1471 -0.8516
vn -0.2479 -0.0232 -0.9685
vn -0.3877 0.1629 -0.9073
vn -0.3189 0.3734 -0.8711
vn -0.1089 0.1089 -0.9881
vn 0.1093 -0.1874 -0.9762
vn 0.2422 -0.2187 -0.9453
vn -0.0469 0.3206 -0.9461
vn 0.2419 -0.0702 -0.9678
vn 0.1094 -0.0625 -0.9920
vn 0.0933 0.0311 -0.9952
vn 0.2498 0.0156 -0.9682
vn 0.2579 0.1563 -0.9534
vn 0.4841 0.0312 -0.8745
vn 0.4681 -0.0624 -0.8815
vn 0.4311 -0.0392 -0.9014
vn 0.3992 0.0470 -0.9157
vn 0.4916 0.1873 -0.8504
vn 0.2335 0.2101 -0.9494
vn 0.2435 0.3534 -0.9032
vn 0.3204 0.1798 -0.9301
vn 0.3197 0.1482 -0.9358
vn 0.3454 0.3062 -0.8871
vn 0.3049 0.3361 -0.8911
vn 0.3125 0.4922 -0.8125
vn 0.3066 0.6367 -0.7075
vn 0.2419 0.5072 -0.8272
vn 0.5644 0.3214 -0.7604
vn 0.5977 0.2910 -0.7471
vn -0.1010 0.0388 -0.9941
vn -0.2787 0.0310 -0.9599
vn 0.0780 0.1715 -0.9821
vn -0.1085 -0.0620 -0.9922
vn -0.1165 -0.1708 -0.9784
vn -0.1320 -0.2641 -0.9554
vn -0.5522 -0.2566 -0.7932
vn -0.4034 -0.2870 -0.8689
vn -0.3956 -0.2482 -0.8843
vn -0.3186 -0.1708 -0.9324
vn -0.3017 -0.0619 -0.9514
vn -0.4195 -0.3651 -0.8311
vn -0.0078 0.0313 -0.9995
vn -0.0077 -0.3807 -0.9247
vn -0.6407 -0.3859 -0.6637
vn -0.6520 -0.2949 -0.6985
vn -0.5978 -0.6833 -0.4192
vn -0.4345 -0.6598 -0.6131
vn -0.0075 -0.7521 -0.6590
vn -0.0311 -0.9952 0.0933
vn -0.0312 -0.9995 0.0078
vn -0.2248 -0.9692 -0.1008
vn -0.5975 -0.7760 -0.2018
vn -0.1550 -0.9380 -0.3101
vn -0.2635 -0.6664 -0.6975
vn -0.3039 -0.9507 -0.0623
vn -0.0856 -0.7237 -0.6848
vn 0.0544 -0.7690 -0.6369
vn 0.3274 -0.4132 -0.8498
vn 0.5714 -0.4462 -0.6888
vn 0.5072 -0.4994 -0.7023
vn 0.6904 -0.5492 -0.4708
vn 0.5790 -0.6494 -0.4929
vn 0.7666 -0.4694 -0.4381
vn 0.2722 -0.7934 -0.5445
vn -0.2330 -0.8698 -0.4349
vn 0.4285 -0.4831 -0.7636
vn 0.2646 -0.9337 -0.2412
vn -0.3415 -0.9391 -0.0388
vn -0.1243 -0.9787 0.1631
vn -0.2096 -0.6597 -0.7217
vn -0.1937 -0.7128 -0.6740
vn -0.5794 -0.7879 -0.2086
vn -0.5421 -0.7899 -0.2865
vn -0.6518 -0.7139 -0.2560
vn -0.6665 -0.7440 -0.0465
vn -0.3729 -0.9089 0.1865
vn -0.5979 -0.7998 -0.0543
vn -0.6984 -0.7062 0.1164
vn -0.0696 -0.7887 -0.6108
vn 0.3275 -0.4288 -0.8420
vn 0.1795 -0.3667 -0.9129
vn -0.0156 -0.3115 -0.9501
vn 0.3806 -0.5360 -0.7535
vn 0.0780 -0.2729 -0.9589
vn 0.4202 -0.5369 -0.7315
vn 0.2102 -0.2881 -0.9343
vn 0.3810 -0.3110 -0.8707
vn 0.5618 -0.3511 -0.7490
vn 0.4832 -0.4910 -0.7248
vn 0.7197 -0.3833 -0.5789
vn 0.6728 -0.2269 -0.7041
vn 0.5617 -0.2262 -0.7958
vn 0.3434 -0.2497 -0.9054
vn 0.5093 -0.4701 -0.7208
vn 0.5487 -0.6505 -0.5251
vn 0.4209 -0.5455 -0.7248
vn 0.2871 -0.4190 -0.8614
vn 0.4589 -0.2100 -0.8633
vn 0.6106 -0.5792 -0.5401
vn 0.4052 -0.5143 -0.7559
vn 0.2411 -0.4278 -0.8711
vn 0.1014 -0.3587 -0.9279
vn 0.6367 0.2673 -0.7233
vn 0.6430 0.1411 -0.7528
vn 0.9753 0.0157 -0.2202
vn 0.8402 0.0236 -0.5418
vn 0.6416 -0.0158 -0.7669
vn 0.6817 -0.1254 -0.7208
vn 0.8545 -0.0470 -0.5174
vn 0.7127 -0.1958 -0.6736
vn 0.8793 -0.0707 -0.4710
vn 0.8406 -0.1807 -0.5106
vn 0.8156 -0.2588 -0.5176
vn 0.9183 -0.0942 -0.3846
vn 0.7519 -0.2273 -0.6188
vn 0.8124 -0.3126 -0.4922
vn 0.8656 -0.0708 -0.4957
vn 0.8078 -0.3843 -0.4470
vn 0.7182 -0.4762 -0.5074
vn 0.7204 -0.2976 -0.6265
vn 0.8683 -0.3051 -0.3911
vn 0.9253 -0.1882 -0.3293
vn 0.9583 -0.0785 -0.2749
vn 0.9715 -0.0079 -0.2370
vn 0.9885 0.0158 -0.1502
vn 0.6525 0.3852 -0.6526
vn 0.8079 -0.1020 -0.5804
vn 0.7425 -0.2188 -0.6331
vn 0.6650 -0.2895 -0.6885
vn 0.8498 -0.0000 -0.5271
vn 0.6792 0.6082 -0.4108
vn 0.6771 0.4960 -0.5435
vn 0.9962 0.0079 -0.0870
vn 0.9929 0.0158 -0.1182
vn 0.7123 0.6413 -0.2851
vn 0.2541 0.8417 0.4764
vn 0.2529 0.7825 0.5690
vn 0.3579 0.7555 0.5487
vn 0.3491 0.8251 0.4443
vn 0.2866 0.8917 0.3503
vn 0.3494 0.8815 0.3177
vn 0.2139 0.9031 0.3723
vn 0.1828 0.8507 0.4929
vn 0.1666 0.8093 0.5633
vn 0.2227 0.7317 0.6442
vn 0.3978 0.6683 0.6285
vn 0.5397 0.5953 0.5953
vn 0.4762 0.7063 0.5238
vn 0.4463 0.7889 0.4224
vn 0.4125 0.8568 0.3094
vn 0.9198 0.0952 0.3806
vn 0.9139 0.1589 0.3735
vn 0.6857 0.3505 0.6379
vn 0.6124 0.4693 0.6362
vn 0.8714 0.2535 0.4199
vn 0.8590 0.3499 0.3738
vn 0.8408 0.4204 0.3411
vn 0.8479 0.4517 0.2774
vn 0.2850 0.7125 0.6412
vn 0.3347 0.6295 0.7012
vn 0.4702 0.5658 0.6773
vn 0.5467 0.4516 0.7051
vn 0.4056 0.5252 0.7481
vn 0.2617 0.6583 0.7058
vn 0.3086 0.5618 0.7675
vn 0.2782 0.4611 0.8426
vn 0.3573 0.4367 0.8256
vn 0.4667 0.3955 0.7911
vn 0.6192 0.3255 0.7146
vn 0.7450 0.2298 0.6262
vn 0.3100 0.3339 0.8902
vn 0.3992 0.3114 0.8623
vn 0.5162 0.2780 0.8101
vn 0.6665 0.2142 0.7141
vn 0.7860 0.1349 0.6034
vn 0.9272 0.0396 0.3725
vn 0.9342 -0.0158 0.3563
vn 0.8238 0.0713 0.5624
vn 0.7030 0.1501 0.6951
vn 0.5464 0.1901 0.8157
vn 0.4209 0.2144 0.8814
vn 0.3084 0.2214 0.9251
vn 0.7393 0.0875 0.6677
vn 0.8655 0.0238 0.5003
vn 0.9548 -0.0552 0.2920
vn 0.7021 -0.1183 0.7022
vn 0.6870 -0.0158 0.7265
vn 0.6959 0.0949 0.7118
vn 0.7279 -0.2215 0.6490
vn 0.9624 -0.1578 0.2209
vn 0.8959 -0.1189 0.4281
vn 0.9346 -0.3406 0.1030
vn 0.8940 -0.3323 0.3006
vn 0.9221 -0.2128 0.3231
vn 0.7854 -0.3173 0.5315
vn 0.8937 0.0712 0.4429
vn 0.8391 -0.0791 0.5383
vn 0.7891 -0.2683 0.5526
vn 0.7773 -0.3490 0.5235
vn 0.8957 0.2299 0.3805
vn 0.9580 -0.1346 0.2533
vn 0.6970 -0.4990 0.5149
vn 0.7176 -0.3548 0.5993
vn 0.9799 0.1659 0.1106
vn 0.9628 0.1830 0.1989
vn 0.9476 -0.0474 0.3159
vn 0.8621 -0.2848 0.4192
vn 0.9228 0.2387 0.3023
vn 0.9107 0.0317 0.4118
vn 0.8865 -0.1029 0.4512
vn 0.7499 -0.2210 0.6236
vn 0.9205 -0.1587 0.3571
vn 0.8179 -0.2541 0.5162
vn 0.6232 -0.4024 0.6706
vn 0.5222 -0.3877 0.7596
vn 0.1731 -0.7081 0.6845
vn 0.0865 -0.7239 0.6845
vn -0.1950 -0.8661 0.4603
vn -0.1485 -0.8288 0.5395
vn 0.7014 -0.4098 0.5832
vn 0.8621 -0.2847 0.4192
vn 0.3315 -0.6866 0.6471
vn 0.7628 -0.4247 0.4876
vn 0.4085 -0.6835 0.6049
vn -0.0942 -0.8085 0.5809
vn -0.0157 -0.7707 0.6370
vn 0.0629 -0.7622 0.6443
vn 0.4961 -0.6772 0.5434
vn 0.8050 -0.4499 0.3867
vn 0.8918 -0.3078 0.3315
vn 0.9433 -0.1823 0.2774
vn 0.9737 -0.0792 0.2137
vn 0.9599 -0.1983 0.1983
vn 0.8195 -0.4886 0.2994
vn 0.8188 -0.5196 0.2441
vn 0.9168 -0.3556 0.1818
vn 0.9064 -0.3389 0.2522
vn 0.9730 -0.1978 0.1186
vn 0.9924 -0.0945 0.0788
vn 0.9861 -0.0868 0.1420
vn 0.9955 -0.0948 -0.0079
vn 0.9677 0.2459 0.0556
vn 0.9746 0.2219 0.0317
vn 0.8991 -0.3630 0.2446
vn 0.9740 0.2217 0.0475
vn 0.9438 -0.3304 -0.0078
vn 0.9613 -0.2681 0.0632
vn 0.9350 -0.3457 0.0786
vn 0.5559 -0.7203 0.4149
vn 0.5565 -0.7367 0.3841
vn 0.8191 -0.5671 0.0866
vn 0.9283 -0.3697 0.0396
vn 0.9803 -0.1976 -0.0000
vn 0.5235 -0.8361 0.1641
vn -0.5842 -0.7244 0.3661
vn -0.7156 -0.6611 0.2256
vn -0.2499 -0.9450 0.2109
vn -0.1015 -0.8898 0.4449
vn 0.1883 -0.8394 0.5099
vn 0.2599 -0.8189 0.5118
vn 0.1176 -0.7291 0.6742
vn -0.0078 0.9862 0.1657
vn -0.2363 0.9137 -0.3306
vn -0.0954 0.7789 0.6199
vn -0.0797 0.7729 0.6295
vn -0.0080 0.7643 0.6449
vn 0.0316 0.9558 -0.2923
vn 0.0789 0.9623 -0.2603
vn 0.1341 0.9623 -0.2366
vn -0.0079 0.9997 -0.0237
vn 0.0788 0.9856 -0.1498
vn 0.2384 0.9617 -0.1351
vn 0.3086 0.9496 -0.0554
vn -0.3641 0.8233 0.4354
vn -0.2616 0.8006 0.5390
vn -0.0870 0.9871 0.1343
vn -0.1739 0.9809 0.0870
vn 0.3659 0.9307 -0.0000
vn -0.1105 0.9786 0.1736
vn -0.2131 0.7026 0.6789
vn -0.3243 0.6960 0.6406
vn -0.3705 0.8040 0.4651
vn -0.4717 0.8176 0.3302
vn 0.2773 0.7845 0.5547
vn 0.3661 0.9073 0.2069
vn 0.3640 0.9257 0.1029
vn -0.5266 0.8096 0.2594
vn -0.4969 0.7809 0.3786
vn -0.4502 0.6950 0.5607
vn -0.5804 0.7608 0.2902
vn -0.5661 0.6919 0.4482
vn -0.4256 0.7173 0.5517
vn -0.2846 0.7273 0.6245
vn -0.5590 0.7165 0.4173
vn -0.1661 0.7357 0.6566
vn -0.0716 0.7477 0.6602
vn -0.1027 0.7112 0.6954
vn -0.0079 0.7530 0.6579
vn -0.0080 0.7785 0.6276
vn -0.1741 0.7916 0.5858
vn -0.1746 0.7781 0.6034
vn 0.1105 -0.1736 0.9786
vn 0.1739 -0.1581 0.9720
vn 0.1426 -0.2771 0.9502
vn 0.0395 -0.3792 0.9245
vn 0.0079 -0.4025 0.9154
vn 0.1027 -0.3871 0.9163
vn 0.0316 -0.4183 0.9078
vn 0.0790 -0.1818 0.9802
vn 0.0867 -0.2601 0.9617
vn 0.1030 -0.3169 0.9428
vn -0.1251 -0.7505 0.6489
vn -0.1329 -0.7351 0.6648
vn -0.0865 -0.7389 0.6682
vn -0.0392 -0.7446 0.6663
vn 0.0633 -0.2846 0.9566
vn 0.0316 -0.2368 0.9710
vn 0.0789 -0.1421 0.9867
vn -0.0158 -0.3162 0.9486
vn -0.5638 -0.5560 0.6108
vn -0.4914 -0.6786 0.5460
vn 0.2681 -0.1813 0.9462
vn 0.2375 -0.3166 0.9183
vn 0.1889 -0.3620 0.9129
vn 0.1501 -0.0474 0.9875
vn 0.1980 0.1109 0.9739
vn 0.2459 -0.0555 0.9677
vn 0.3398 -0.3951 0.8535
vn 0.3785 -0.3627 0.8516
vn 0.5439 -0.3941 0.7409
vn 0.5769 -0.3872 0.7192
vn 0.7633 -0.3620 0.5351
vn 0.7652 -0.0789 0.6390
vn 0.5549 0.1110 0.8245
vn 0.4054 0.1192 0.9063
vn 0.3885 -0.0554 0.9198
vn 0.2856 0.1110 0.9519
vn 0.2229 0.2308 0.9471
vn 0.2227 0.3579 0.9068
vn 0.1195 0.3824 0.9162
vn 0.0080 0.4376 0.8991
vn -0.4815 0.6315 0.6078
vn 0.9859 -0.1183 -0.1183
vn 0.9616 -0.2128 -0.1734
vn 0.9283 -0.3697 0.0393
vn 0.9034 -0.3770 -0.2042
vn 0.9173 -0.2352 -0.3214
vn 0.9613 -0.1418 -0.2364
vn 0.8214 -0.2425 -0.5163
vn 0.8319 -0.3845 -0.4002
vn 0.8985 -0.1576 -0.4098
vn 0.9940 0.0947 -0.0552
vn 0.9846 0.1747 -0.0000
vn 0.9522 -0.2990 -0.0630
vn 0.9438 -0.3304 -0.0079
vn 0.9359 -0.3227 -0.1415
vn 0.8838 -0.3676 -0.2894
vn 0.9895 -0.0237 -0.1425
vn 0.7945 -0.1731 -0.5821
vn 0.8488 -0.3537 -0.3930
vn 0.9617 -0.0867 -0.2601
vn 0.7197 -0.1721 -0.6727
vn 0.5931 -0.1639 -0.7882
vn 0.6333 -0.3831 -0.6724
vn 0.4217 -0.4607 -0.7809
vn 0.1241 -0.2095 -0.9699
vn 0.3049 -0.2657 -0.9146
vn 0.2019 -0.4193 -0.8851
vn -0.0077 -0.6209 -0.7838
vn -0.0078 -0.5053 -0.8629
vn -0.0077 -0.2407 -0.9706
vn 0.5533 -0.5770 0.6007
vn 0.6271 0.0397 0.7779
vn 0.5239 0.0635 0.8494
vn 0.7919 0.0317 0.6098
vn 0.6392 -0.4814 0.5998
vn 0.8698 -0.1819 0.4586
vn 0.5781 0.0238 0.8156
vn 0.4205 -0.0714 0.9045
vn 0.4363 0.0793 0.8963
vn 0.3402 -0.3560 0.8704
vn 0.5149 -0.3802 0.7683
vn 0.6408 -0.3401 0.6883
vn 0.2926 -0.3401 0.8937
vn 0.3007 0.1504 0.9418
vn 0.1501 -0.3713 0.9163
vn 0.0873 0.2935 0.9520
vn 0.0875 0.2862 0.9542
vn -0.1500 0.4263 0.8921
vn 0.2292 -0.3872 0.8930
vn 0.1023 -0.3776 0.9203
vn -0.2132 0.5291 0.8213
vn 0.0552 0.3157 0.9472
vn 0.0394 -0.3231 0.9455
vn 0.0790 -0.4107 0.9083
vn 0.3178 0.0715 0.9455
vn 0.0079 -0.3863 0.9223
vn -0.1180 -0.3305 0.9364
vn 0.0632 0.0632 0.9960
vn -0.1895 0.0711 0.9793
vn 0.1344 0.0712 0.9884
vn 0.6638 -0.0869 0.7428
vn 0.9316 0.0158 0.3632
vn 0.1588 0.0715 0.9847
vn 0.0790 0.0474 0.9957
vn -0.0236 -0.2127 0.9768
vn -0.9326 0.0157 0.3605
vn -0.6803 -0.1408 0.7193
vn -0.3778 -0.2283 0.8973
vn 0.1345 -0.3323 0.9335
vn -0.0789 0.0632 0.9949
vn -0.0236 -0.3862 0.9221
vn -0.1499 0.0710 0.9861
vn 0.6872 -0.0156 -0.7263
vn 0.6417 -0.0157 -0.7668
vn 0.6431 0.1411 -0.7526
vn 0.6841 0.1415 -0.7155
vn 0.6368 0.2673 -0.7232
vn 0.6804 0.5222 -0.5142
vn 0.6857 0.4020 -0.6068
vn 0.6526 0.3852 -0.6525
vn 0.6780 0.2838 -0.6780
vn 0.9998 0.0159 0.0079
vn 0.7124 -0.1331 -0.6890
vn 0.7290 -0.2352 -0.6428
vn 0.6866 0.6156 -0.3867
vn 0.7058 0.6583 -0.2617
vn 0.7224 0.6748 -0.1508
vn 0.6910 0.7228 -0.0000
vn 0.6448 0.7562 0.1114
vn 0.6369 0.7404 0.2150
vn 0.6193 0.7145 0.3255
vn 0.6188 0.6584 0.4285
vn 0.6367 0.5571 0.5332
vn 0.6589 0.5398 0.5239
vn 0.6047 0.6602 0.4455
vn 0.6505 0.6901 0.3172
vn 0.6895 0.6895 0.2219
vn 0.6509 0.7541 0.0874
vn 0.6348 0.4045 0.6584
vn 0.7304 0.6828 -0.0159
vn 0.7268 0.6792 -0.1026
vn 0.7125 0.6412 -0.2850
vn 0.6793 0.6082 -0.4107
vn 0.6773 0.4961 -0.5433
vn 0.6971 -0.4990 0.5149
vn 0.7676 -0.3086 0.5618
vn 0.7566 -0.4255 0.4965
vn 0.7892 -0.2683 0.5524
vn 0.7954 -0.5513 0.2520
vn 0.7948 -0.5901 0.1416
vn 0.8992 -0.3628 0.2445
vn 0.8622 -0.2847 0.4190
vn 0.8088 -0.4869 0.3298
vn 0.7400 -0.5275 0.4173
vn 0.7429 -0.2608 0.6165
vn 0.8072 -0.5878 0.0549
vn 0.8075 -0.5880 -0.0470
vn 0.8179 -0.5662 -0.1022
vn 0.8220 -0.5402 -0.1801
vn 0.8054 -0.5083 -0.3050
vn 0.7919 -0.4547 -0.4077
vn 0.7905 -0.3835 -0.4775
vn 0.7573 -0.3045 -0.5777
vn 0.7128 -0.1958 -0.6735
vn 0.7520 -0.2271 -0.6188
vn 0.8125 -0.3125 -0.4922
vn 0.8488 -0.3537 -0.3929
vn 0.9360 -0.3225 -0.1414
vn 0.9522 -0.2990 -0.0628
vn 0.9438 -0.3303 -0.0078
vn 0.9614 -0.2679 0.0631
vn 0.3599 -0.1799 -0.9155
vn -0.0234 0.0625 -0.9978
vn 0.4182 0.5129 -0.7497
vn -0.0234 0.0623 -0.9978
vn -0.0233 0.2736 -0.9616
vn -0.0079 0.6199 -0.7847
vn 0.6509 0.7541 0.0873
vn 0.8451 0.5055 0.1737
vn 0.8182 0.5640 0.1113
vn 0.6895 0.6895 0.2218
vn 0.4199 0.7527 0.5070
vn 0.6504 0.6902 0.3172
vn 0.6046 0.6603 0.4455
vn 0.8411 0.4999 0.2063
vn 0.3561 0.9181 0.1741
vn 0.3417 0.6993 0.6279
vn 0.3005 0.9331 0.1977
vn 0.2387 0.9470 0.2149
vn 0.1738 0.9558 0.2370
vn 0.1507 0.9123 0.3808
vn -0.2456 0.6654 0.7050
vn -0.4795 0.8647 0.1494
vn -0.0872 0.8325 0.5471
vn -0.1820 0.9255 0.3322
vn -0.4876 0.8573 0.1652
vn 0.1110 0.8639 0.4914
vn -0.2060 0.9430 0.2615
vn -0.1818 0.9563 0.2292
vn -0.1498 0.9619 0.2286
vn -0.1660 0.9644 0.2056
vn 0.5225 -0.2216 0.8233
vn 0.3798 -0.2057 0.9019
vn 0.2919 -0.4023 0.8677
vn 0.1811 -0.4016 0.8977
vn 0.6510 -0.2064 0.7304
vn 0.4028 -0.3871 0.8294
vn 0.0235 -0.7301 0.6830
vn -0.2025 -0.8880 0.4129
vn -0.2103 -0.9034 0.3738
vn -0.2257 -0.9029 0.3658
vn -0.2424 -0.9071 0.3441
vn -0.1950 -0.9128 0.3589
vn -0.5686 -0.7478 0.3428
vn 0.7045 0.2691 0.6567
vn 0.6761 0.1750 0.7157
vn 0.6822 0.1904 0.7060
vn 0.6662 0.3014 0.6821
vn 0.6428 0.4286 0.6349
vn 0.6987 0.1112 0.7067
vn 0.7149 0.0159 0.6990
vn 0.7201 -0.0871 0.6884
vn 0.7311 -0.1748 0.6595
vn 0.7280 -0.2216 0.6488
vn 0.7022 -0.1184 0.7021
vn 0.6960 0.0949 0.7118
vn 0.2344 0.1408 -0.9619
vn 0.3826 -0.3201 -0.8667
vn 0.3920 0.4939 -0.7761
vn 0.0467 -0.0701 -0.9965
vn -0.0078 0.4628 -0.8864
vn 0.2346 0.1408 -0.9618
vn -0.4657 0.8841 -0.0395
vn -0.6276 0.7609 -0.1647
vn -0.5784 0.7739 -0.2579
vn -0.5120 0.8587 0.0236
vn -0.6611 0.7477 -0.0630
vn -0.3786 0.9228 0.0710
vn -0.4173 0.9054 -0.0787
vn -0.5255 0.7844 -0.3294
vn -0.4544 0.8147 -0.3604
vn -0.4227 0.8533 -0.3053
vn -0.4925 0.8209 -0.2891
vn -0.5646 0.7998 -0.2039
vn -0.6036 0.7917 -0.0940
vn -0.6285 0.7778 0.0078
vn -0.6824 0.7295 0.0470
vn -0.5667 0.8185 0.0944
vn -0.4480 0.8882 0.1022
vn 0.4291 0.8424 0.3258
vn 0.4228 0.8057 0.4148
vn -0.2059 0.9429 0.2617
vn 0.3885 0.7693 0.5072
vn -0.1498 0.9619 0.2287
vn 0.3261 0.7397 0.5886
vn -0.5191 0.8416 0.1494
vn -0.1817 0.9255 0.3323
vn -0.2918 0.9544 0.0631
vn -0.2362 0.9685 0.0788
vn -0.1890 0.9766 0.1024
vn 0.2455 0.7126 0.6572
vn -0.1261 0.9850 0.1182
vn 0.1750 0.7002 0.6922
vn -0.0633 0.9899 0.1267
vn 0.0870 0.6721 0.7353
vn -0.1024 0.9846 -0.1418
vn -0.1972 0.9700 -0.1420
vn -0.2753 0.9520 -0.1337
vn -0.3472 0.9313 -0.1105
vn -0.1963 0.8557 -0.4789
vn -0.3446 0.8381 -0.4230
vn -0.0079 0.9898 -0.1425
vn -0.0078 0.8730 -0.4876
vn -0.0079 0.8498 -0.5271
vn -0.1733 0.8507 -0.4962
vn -0.3073 0.8512 -0.4255
vn -0.3914 0.8534 -0.3444
vn 0.1811 0.8582 -0.4803
vn 0.1579 0.8530 -0.4975
vn 0.0868 0.9861 -0.1420
vn 0.0476 0.9908 0.1268
vn -0.0079 0.9874 0.1580
vn -0.1026 0.6711 0.7342
vn -0.0079 0.6495 0.7603
vn -0.1904 0.6981 0.6902
vn 0.0790 0.9720 0.2212
vn 0.0873 0.9923 0.0874
vn 0.0237 0.9982 0.0555
vn -0.0079 0.9992 0.0397
vn -0.1660 0.9645 0.2056
vn -0.1030 0.9876 0.1185
vn -0.0397 0.9977 0.0555
vn -0.6261 0.7357 0.2583
vn -0.6365 0.7622 0.1179
vn -0.6807 0.7121 0.1721
vn -0.6824 0.7294 0.0471
vn -0.5667 0.8185 0.0945
vn -0.6285 0.7778 0.0079
vn -0.6449 0.7000 0.3067
vn -0.5892 0.7857 0.1886
vn -0.5191 0.8415 0.1494
vn -0.5447 0.8131 0.2053
vn 0.0951 -0.2377 0.9667
vn 0.2364 -0.1418 0.9613
vn -0.1654 -0.0551 0.9847
vn -0.2127 0.0315 0.9766
vn 0.1981 0.1030 0.9748
vn 0.4286 -0.6389 -0.6389
vn 0.1399 -0.3108 -0.9401
vn -0.0078 -0.6914 -0.7225
vn -0.0078 -0.7300 -0.6834
vn 0.4617 0.1800 -0.8686
vn 0.1949 -0.2415 -0.9506
vn -0.0311 -0.6832 -0.7295
vn 0.3884 -0.4429 -0.8081
vn 0.2331 -0.3652 -0.9013
vn -0.4926 0.8208 -0.2893
vn -0.0079 0.9886 0.1503
vn -0.6037 0.7916 -0.0941
vn -0.6286 0.7777 0.0079
vn -0.6262 0.7356 0.2583
vn -0.5591 0.7164 0.4173
vn -0.4256 0.7172 0.5518
vn 0.0558 0.7484 0.6609
vn 0.1507 0.7376 0.6583
vn 0.2701 0.7305 0.6273
vn 0.6270 0.7698 0.1190
vn 0.6189 0.7854 0.0079
vn 0.5935 0.7992 -0.0950
vn 0.5538 0.8069 -0.2057
vn 0.4805 0.8271 -0.2917
vn 0.4097 0.8589 -0.3073
vn 0.3780 0.8585 -0.3466
vn 0.2930 0.8552 -0.4276
vn 0.1580 0.8529 -0.4976
vn -0.0079 0.8496 -0.5273
vn -0.1734 0.8506 -0.4963
vn -0.3074 0.8511 -0.4256
vn -0.3916 0.8532 -0.3445
vn -0.1890 -0.1024 0.9766
vn 0.6521 0.7555 -0.0636
vn 0.5935 0.7992 -0.0949
vn 0.6188 0.7855 0.0079
vn 0.6179 0.7684 -0.1663
vn 0.5537 0.8069 -0.2057
vn 0.5003 0.8655 0.0238
vn 0.4353 0.8944 0.1029
vn -0.4420 0.8366 0.3236
vn 0.1665 0.9281 0.3331
vn 0.3650 0.9283 0.0714
vn 0.2773 0.9587 0.0634
vn 0.4041 0.9113 -0.0792
vn 0.4532 0.8905 -0.0397
vn 0.5679 0.7809 -0.2603
vn -0.4358 0.8002 0.4120
vn 0.1105 0.9868 0.1184
vn 0.1819 0.9729 -0.1424
vn 0.1738 0.9794 0.1027
vn 0.2607 0.9560 -0.1343
vn 0.2213 0.9720 0.0791
vn 0.3332 0.9363 -0.1111
vn 0.5140 0.7908 -0.3322
vn 0.4418 0.8204 -0.3629
vn 0.3307 0.8425 -0.4252
vn 0.3780 0.8585 -0.3465
vn 0.4097 0.8589 -0.3072
vn 0.4805 0.8272 -0.2914
vn -0.1394 -0.2091 -0.9679
vn -0.0078 -0.2407 -0.9706
vn -0.4407 -0.4562 -0.7731
vn -0.0078 -0.6210 -0.7837
vn -0.4019 0.7643 0.5043
vn -0.3402 0.7358 0.5855
vn -0.2602 0.7098 0.6546
vn 0.1905 0.9460 0.2622
vn 0.1343 0.9641 0.2292
vn 0.1506 0.9669 0.2061
vn -0.4732 -0.5662 -0.6749
vn 0.2678 0.7955 -0.5435
vn 0.3884 0.8242 -0.4121
vn 0.3841 0.7368 -0.5565
vn 0.3318 0.8453 -0.4187
vn 0.3141 0.7383 -0.5969
vn 0.3718 0.8861 -0.2769
vn 0.3077 0.9152 -0.2603
vn 0.3011 0.9192 -0.2536
vn 0.2511 0.6357 -0.7299
vn 0.0777 -0.8549 -0.5129
vn 0.6230 -0.5373 -0.5685
vn 0.2105 -0.8965 -0.3898
vn 0.7217 -0.5648 -0.4001
vn 0.3125 -0.9142 -0.2579
vn 0.7909 -0.5872 -0.1723
vn 0.4274 -0.9014 -0.0699
vn -0.3040 -0.9511 0.0546
vn -0.4252 -0.9046 -0.0309
vn -0.4960 -0.8680 -0.0232
vn -0.5438 -0.8391 -0.0155
vn -0.7067 -0.6757 0.2097
vn -0.7013 -0.6857 0.1948
vn -0.6991 -0.6836 0.2097
vn -0.6850 -0.6927 0.2257
vn 0.5235 -0.8361 0.1640
vn 0.9743 -0.0396 0.2218
vn 0.9533 -0.0000 0.3019
vn 0.9251 -0.0079 0.3795
vn 0.8797 -0.0000 0.4755
vn 0.6760 0.1751 0.7158
vn 0.7042 0.2692 0.6569
vn 0.6346 0.4046 0.6585
vn 0.6587 0.5400 0.5239
vn 0.0950 0.9901 -0.1030
vn 0.1254 0.7927 -0.5966
vn 0.7381 0.6747 -0.0077
vn 0.8082 0.4124 0.4204
vn 0.7159 0.4695 0.5168
vn 0.0396 0.9825 -0.1822
vn 0.0157 0.9714 -0.2369
vn 0.8319 0.3803 0.4041
vn 0.9074 0.3343 0.2547
vn 0.8773 0.4584 0.1423
vn 0.8132 0.4704 0.3428
vn 0.7778 0.5000 0.3808
vn 0.6908 0.5639 0.4526
vn 0.5737 0.4940 0.6533
vn 0.0472 0.9760 -0.2125
vn 0.4363 0.4918 0.7535
vn 0.0314 0.9710 -0.2369
vn 0.2610 0.5300 0.8068
vn 0.0316 0.9893 -0.1425
vn 0.1431 0.4927 0.8583
vn 0.0238 0.9966 -0.0791
vn 0.0475 0.4594 0.8870
vn -0.0078 0.9998 -0.0159
vn -0.0080 0.4216 0.9068
vn 0.0478 0.6527 0.7561
vn -0.0166 0.6664 0.7454
vn 0.1430 0.6674 0.7308
vn 0.2544 0.6678 0.6995
vn 0.3957 0.6252 0.6727
vn 0.5478 0.6034 0.5795
vn -0.1782 -0.4493 -0.8754
vn -0.1703 -0.6193 -0.7665
vn -0.3330 -0.6350 -0.6971
vn -0.3470 -0.7558 -0.5553
vn -0.1782 -0.7515 -0.6353
vn -0.2556 -0.8520 -0.4570
vn -0.0078 -0.8682 -0.4961
vn -0.0078 -0.7559 -0.6546
vn -0.0078 -0.6123 -0.7906
vn -0.0078 -0.4503 -0.8928
vn -0.1704 -0.2789 -0.9451
vn -0.0078 -0.1164 -0.9932
vn -0.3487 -0.4650 -0.8137
vn -0.6264 -0.6264 -0.4640
vn -0.6090 -0.7170 -0.3392
vn -0.5875 -0.7730 -0.2396
vn -0.2786 -0.8980 -0.3406
vn -0.1479 -0.0311 -0.9885
vn -0.0078 -0.0078 -0.9999
vn -0.1245 0.0856 -0.9885
vn -0.1630 -0.1319 -0.9778
vn -0.3567 -0.3024 -0.8839
vn -0.6660 -0.4956 -0.5576
vn -0.8486 -0.2881 0.4438
vn -0.6874 -0.3939 -0.6102
vn -0.3485 -0.1704 -0.9217
vn -0.3411 -0.0620 -0.9380
vn -0.2878 0.0389 -0.9569
vn -0.2342 0.1952 -0.9524
vn -0.3820 0.1481 -0.9122
vn -0.3346 0.2957 -0.8948
vn -0.6967 -0.3484 -0.6271
vn -0.7095 -0.2776 -0.6478
vn -0.4030 -0.0387 -0.9144
vn -0.4901 0.2022 -0.8479
vn -0.3273 0.4987 -0.8026
vn -0.2263 0.5385 -0.8116
vn -0.7718 -0.4132 0.4834
vn -0.7554 -0.4672 0.4595
vn -0.7663 -0.2399 -0.5960
vn -0.8028 -0.2161 -0.5557
vn -0.8211 -0.1781 -0.5423
vn -0.5995 -0.6384 0.4827
vn -0.8747 -0.2167 -0.4335
vn -0.5910 -0.6688 0.4510
vn -0.8999 -0.2715 -0.3413
vn -0.6955 -0.5158 0.5002
vn -0.6546 -0.6000 0.4598
vn -0.6787 -0.4914 0.5458
vn -0.7197 -0.3833 0.5789
vn -0.8263 -0.3742 0.4209
vn -0.8558 -0.3579 0.3735
vn -0.7604 -0.3214 0.5644
vn -0.7911 -0.1958 0.5795
vn -0.8758 -0.2033 0.4379
vn -0.8361 -0.1016 0.5391
vn -0.8982 -0.0937 0.4296
vn -0.8877 -0.0312 0.4594
vn -0.9386 -0.0235 0.3442
vn -0.9264 0.0467 0.3736
vn -0.9877 0.0156 0.1556
vn -0.9664 0.1480 0.2104
vn -0.9694 0.2423 0.0391
vn -0.9999 0.0078 0.0078
vn -0.9155 0.3599 -0.1800
vn -0.9980 -0.0312 -0.0546
vn -0.6216 -0.7693 -0.1476
vn -0.5532 -0.8259 -0.1091
vn -0.4893 -0.8621 0.1321
vn -0.3179 -0.9151 -0.2481
vn -0.0078 -0.9151 -0.4032
vn -0.0080 -0.9576 -0.2880
vn -0.0078 -0.9878 -0.1555
vn -0.0079 -0.9998 -0.0156
vn -0.0078 -0.9901 0.1403
vn -0.0079 -0.9301 0.3673
vn -0.5992 -0.7470 0.2879
vn -0.0078 -0.9723 0.2334
vn -0.4510 -0.8475 0.2800
vn -0.8252 -0.4904 -0.2802
vn -0.9507 0.1325 -0.2805
vn -0.8642 0.2880 -0.4126
vn -0.7668 -0.2169 -0.6041
vn 0.5491 0.8117 0.1990
vn 0.9006 0.4345 0.0078
vn 0.9050 0.4128 -0.1033
vn 0.5304 0.8313 0.1663
vn 0.8494 0.5159 -0.1111
vn 0.4597 0.8638 0.2061
vn 0.8706 0.4827 -0.0950
vn 0.8133 0.4702 0.3428
vn 0.8773 0.4584 0.1422
vn 0.5326 0.8187 0.2146
vn 0.5016 0.8598 0.0955
vn 0.4350 0.8936 0.1107
vn 0.5015 0.8438 0.1911
vn 0.5168 0.8427 0.1511
vn 0.4947 0.8458 0.1995
vn -0.0079 0.9715 0.2370
vn 0.5148 0.8394 0.1742
vn 0.5138 0.8221 0.2451
vn 0.4352 0.8783 0.1978
vn 0.4116 0.8707 0.2691
vn 0.4618 0.8679 0.1831
vn 0.4914 0.8481 0.1982
vn 0.5237 0.8411 0.1349
vn 0.5566 0.8270 0.0795
vn 0.5487 0.8351 0.0398
vn 0.4117 0.8630 0.2929
vn 0.5371 0.5845 -0.6082
vn 0.5231 0.8402 0.1427
vn 0.4390 0.6194 -0.6509
vn 0.4717 0.6761 -0.5661
vn 0.5779 0.6334 -0.5146
vn 0.9334 0.3481 0.0870
vn 0.7806 -0.4260 0.4574
vn 0.3503 0.8917 0.2866
vn 0.1744 0.9115 0.3725
vn 0.4438 0.8321 -0.3328
vn 0.2295 0.9257 0.3007
vn -0.0079 0.9832 0.1824
vn -0.0079 0.9251 0.3795
vn -0.0079 0.9633 -0.2684
vn 0.4367 0.8417 0.3176
vn 0.4774 0.8434 0.2466
vn 0.4829 0.8471 0.2217
vn 0.4589 0.8624 0.2136
vn 0.4453 0.8429 0.3022
vn 0.3733 0.8421 0.3893
vn 0.3269 0.8453 0.4226
vn 0.2545 0.8271 0.5011
vn 0.1511 0.8427 0.5168
vn 0.1586 0.8166 0.5550
vn 0.2546 0.8271 0.5010
vn 0.3338 0.8266 0.4530
vn 0.3745 0.8447 0.3825
vn 0.0795 0.8426 0.5326
vn 0.0876 0.8202 0.5654
vn 0.1430 0.6673 0.7309
vn 0.2544 0.6677 0.6996
vn 0.0478 0.6526 0.7562
vn -0.0079 0.6663 0.7457
vn -0.0079 0.8222 0.5692
vn -0.0079 0.8259 0.5638
vn 0.7778 0.5000 0.3809
vn 0.6909 0.5638 0.4526
vn 0.5478 0.6033 0.5796
vn 0.3958 0.6251 0.6727
vn -0.6140 0.3342 -0.7150
vn -0.5822 -0.1475 -0.7996
vn -0.9290 -0.2942 -0.2245
vn -0.9634 -0.2564 -0.0777
vn -0.9524 0.2967 0.0703
vn -0.9120 0.3196 0.2572
vn -0.9525 0.2811 -0.1171
vn -0.4561 0.8887 0.0472
vn -0.2683 0.8204 -0.5049
vn -0.1099 0.5183 -0.8481
vn -0.3211 0.3759 -0.8692
vn -0.4747 0.0389 -0.8793
vn 0.1091 -0.6546 -0.7481
vn -0.2953 -0.8860 -0.3576
vn -0.4635 0.8641 0.1964
vn -0.3878 0.8468 0.3640
vn -0.2928 0.8388 0.4590
vn -0.8582 0.3043 0.4135
vn -0.2222 0.8173 0.5316
vn -0.8112 0.2520 0.5277
vn -0.6478 -0.4682 0.6010
vn -0.7251 -0.3508 0.5926
vn -0.4645 -0.8206 -0.3329
vn -0.3414 -0.8924 -0.2951
vn -0.8352 -0.3122 0.4527
vn -0.9087 -0.3029 0.2874
vn -0.9336 -0.2956 0.2023
vn -0.9640 -0.2566 0.0700
vn -0.1783 -0.9691 -0.1706
vn -0.2326 -0.9462 -0.2249
vn -0.2470 -0.9348 -0.2551
vn -0.2630 -0.9282 -0.2631
vn -0.2716 -0.9161 -0.2950
vn 0.1256 0.7927 -0.5965
vn -0.1100 0.5182 -0.8482
vn -0.2682 0.8205 -0.5049
vn 0.7176 0.5993 -0.3548
vn 0.7384 0.6743 -0.0080
vn 0.7791 0.6042 0.1669
vn 0.7949 0.6042 0.0557
vn -0.3878 0.8468 0.3641
vn 0.8028 0.5962 0.0079
vn 0.8371 0.5449 -0.0474
vn 0.8710 0.4910 -0.0158
vn -0.2222 0.8173 0.5317
vn 0.7381 0.6746 -0.0079
vn 0.9006 0.4346 0.0079
vn 0.9049 0.4129 -0.1032
vn 0.8493 0.5160 -0.1111
vn 0.8706 0.4828 -0.0950
vn 0.9288 0.2620 0.2620
vn -0.0079 0.9947 0.1026
vn 0.8742 0.1749 0.4530
vn -0.0870 0.8625 0.4985
vn 0.5503 0.5581 -0.6210
vn 0.0237 0.8473 0.5306
vn 0.4498 0.6471 -0.6156
vn 0.2230 0.7883 0.5734
vn 0.7807 -0.4259 0.4573
vn 0.3715 0.7982 -0.4742
vn 0.4437 0.8321 -0.3327
vn 0.6047 0.6047 -0.5183
vn 0.4477 0.6990 -0.5576
vn 0.4391 0.6195 -0.6507
vn 0.4716 0.6762 -0.5660
vn 0.5780 0.6333 -0.5146
vn 0.9334 0.3482 0.0870
vn 0.7807 -0.4258 0.4574
vn 0.4924 0.6194 0.6115
vn 0.6574 0.4832 0.5782
vn -0.4346 0.5212 0.7345
vn 0.2194 0.1959 -0.9558
vn 0.2735 0.0391 -0.9611
vn 0.1092 0.0858 -0.9903
vn -0.0078 0.1010 -0.9949
vn 0.0938 0.2267 -0.9694
vn 0.1795 0.3667 -0.9129
vn 0.3207 0.2972 -0.8993
vn 0.2115 0.5404 -0.8144
vn 0.3133 0.5012 -0.8066
vn -0.0474 0.9704 -0.2367
vn -0.0629 0.9752 -0.2123
vn -0.0316 0.9710 -0.2368
vn -0.0078 0.2334 -0.9724
vn -0.0475 0.9887 -0.1422
vn 0.1094 0.5939 -0.7971
vn 0.0701 0.4051 -0.9116
vn -0.0078 0.4284 -0.9035
vn 0.0313 0.6329 -0.7736
vn -0.0078 0.6501 -0.7598
vn -0.0395 0.9961 -0.0790
vn -0.0079 0.9998 -0.0158
vn 0.1553 -0.2796 -0.9475
vn 0.1631 -0.4505 -0.8777
vn -0.0077 -0.4503 -0.8928
vn 0.3350 -0.4675 -0.8181
vn 0.1326 -0.0312 -0.9907
vn 0.1478 -0.1322 -0.9801
vn 0.3430 -0.3040 -0.8888
vn 0.6572 -0.5007 -0.5633
vn 0.6168 -0.6325 -0.4685
vn 0.3191 -0.6383 -0.7005
vn 0.1553 -0.6209 -0.7684
vn -0.0077 -0.6123 -0.7906
vn 0.3348 -0.1713 -0.9266
vn 0.3273 -0.0623 -0.9429
vn 0.6887 -0.3521 -0.6338
vn 0.6792 -0.3981 -0.6167
vn 0.7654 -0.4182 0.4892
vn 0.7486 -0.4727 0.4649
vn 0.7017 -0.2807 -0.6549
vn 0.5894 -0.6444 0.4872
vn 0.6456 -0.6062 0.4645
vn 0.7972 -0.2188 -0.5627
vn 0.7598 -0.2428 -0.6031
vn 0.6874 -0.5214 0.5056
vn 0.3899 -0.0390 -0.9200
vn 0.3686 0.1490 -0.9176
vn 0.5014 0.0784 -0.8617
vn 0.8160 -0.1804 -0.5492
vn 0.8788 -0.2197 -0.4237
vn 0.4781 0.2038 -0.8543
vn 0.5865 0.2111 -0.7820
vn 0.7065 0.2120 -0.6752
vn 0.8913 -0.2918 -0.3471
vn 0.8067 0.2452 -0.5378
vn 0.8979 -0.3229 -0.2993
vn 0.4328 0.6453 -0.6295
vn 0.4497 0.7574 -0.4734
vn 0.3845 0.5336 -0.7533
vn -0.0554 0.9817 -0.1821
vn -0.1107 0.9885 -0.1028
vn -0.1410 0.7911 -0.5953
vn 0.0944 0.5190 -0.8496
vn 0.3068 0.3778 -0.8736
vn 0.4625 0.0392 -0.8858
vn 0.2810 -0.8900 -0.3592
vn 0.5400 -0.7748 0.3287
vn 0.5972 -0.6600 0.4557
vn -0.0551 -0.4962 0.8664
vn 0.0157 -0.3537 0.9352
vn -0.1180 -0.6449 0.7551
vn -0.3116 -0.9346 0.1713
vn 0.1261 -0.2995 0.9457
vn 0.2298 -0.1664 0.9589
vn 0.8213 -0.3790 0.4264
vn 0.8516 -0.3627 0.3785
vn 0.8441 -0.2919 0.4497
vn 0.3487 -0.0634 0.9351
vn 0.4039 0.1901 0.8948
vn 0.8720 -0.2061 0.4439
vn 0.5992 -0.7237 -0.3424
vn 0.5772 -0.7800 -0.2418
vn 0.3334 -0.7598 -0.5582
vn 0.2410 -0.8553 -0.4587
vn 0.1631 -0.7535 -0.6369
vn 0.8951 -0.0950 0.4357
vn 0.4542 0.3985 0.7968
vn 0.5095 0.5414 0.6688
vn -0.0077 -0.8682 -0.4961
vn 0.2644 -0.9017 -0.3420
vn 0.6120 -0.7767 -0.1490
vn 0.9367 -0.0238 0.3493
vn 0.5492 0.6368 0.5412
vn 0.9873 0.0158 0.1580
vn 0.6097 0.7365 0.2930
vn 0.6576 0.7527 0.0317
vn -0.0077 -0.9151 -0.4032
vn 0.3039 -0.9195 -0.2494
vn 0.5422 -0.8330 -0.1100
vn 0.4842 -0.8747 -0.0234
vn 0.9999 0.0080 0.0080
vn 0.4773 -0.8686 0.1330
vn 0.9980 -0.0317 -0.0554
vn -0.0078 -0.9301 0.3673
vn -0.0078 -0.9998 -0.0156
vn -0.0075 -0.9878 -0.1556
vn -0.0075 -0.9576 -0.2880
vn 0.5712 0.7695 -0.2856
vn 0.9491 0.1345 -0.2847
vn 0.5891 -0.7540 0.2906
vn -0.0077 -0.9723 0.2334
vn 0.4385 -0.8534 0.2819
vn 0.8201 -0.4968 -0.2839
vn 0.4071 0.6498 -0.6419
vn 0.0702 0.1717 -0.9827
vn -0.7910 -0.1957 0.5796
vn -0.8482 -0.5292 -0.0233
vn -0.8840 -0.4652 -0.0465
vn -0.7197 -0.3832 0.5790
vn -0.8564 -0.5092 -0.0849
vn -0.6786 -0.4912 0.5461
vn -0.8868 -0.4590 -0.0545
vn -0.7699 -0.6377 0.0234
vn -0.8137 -0.5812 -0.0000
vn -0.8361 -0.1014 0.5392
vn -0.8877 -0.0311 0.4594
vn -0.8008 -0.5987 0.0156
vn -0.8074 -0.5900 -0.0000
vn -0.8236 -0.5206 -0.2253
vn -0.8270 -0.5333 -0.1777
vn -0.8427 -0.5257 -0.1160
vn -0.8139 -0.5504 -0.1859
vn -0.7888 -0.5723 -0.2243
vn -0.8191 -0.5100 -0.2627
vn -0.5704 -0.7423 0.3516
vn -0.5907 -0.6529 0.4741
vn -0.6405 -0.5546 0.5312
vn -0.1787 -0.9478 -0.2640
vn -0.1478 -0.9727 -0.1790
vn -0.3328 -0.9368 -0.1083
vn -0.6990 -0.7068 0.1087
vn -0.7138 -0.6906 0.1164
vn -0.2172 -0.8923 -0.3957
vn -0.2563 -0.9252 -0.2798
vn -0.7617 -0.6373 0.1166
vn -0.2401 -0.9298 -0.2789
vn -0.8037 -0.5950 0.0077
vn -0.2548 -0.9349 -0.2472
vn -0.8290 -0.5579 -0.0387
vn -0.8951 -0.4281 0.1246
vn -0.8549 -0.4974 0.1477
vn -0.9003 -0.4268 0.0854
vn -0.7667 -0.2169 -0.6043
vn -0.8641 0.2883 -0.4126
vn -0.8063 -0.5815 0.1086
vn -0.6667 -0.7443 0.0388
vn -0.6028 -0.7960 0.0541
vn -0.6130 -0.7836 0.1009
vn -0.8216 -0.1161 -0.5581
vn -0.6496 -0.5259 -0.5491
vn -0.5324 -0.6175 -0.5790
vn -0.5046 -0.6831 -0.5279
vn -0.6653 -0.7349 0.1315
vn -0.4978 -0.7156 -0.4900
vn -0.3560 -0.7972 -0.4876
vn -0.5345 0.8332 0.1415
vn -0.3641 0.8867 0.2850
vn -0.1897 0.9089 0.3715
vn -0.4564 0.8261 -0.3305
vn -0.5481 0.5795 -0.6032
vn -0.2443 0.9223 0.2995
vn -0.4247 0.8573 0.2910
vn -0.5597 0.8278 0.0394
vn -0.0079 0.9633 -0.2683
vn -0.4246 0.8650 0.2674
vn -0.4480 0.8722 0.1966
vn -0.4741 0.8615 0.1818
vn -0.5033 0.8415 0.1966
vn -0.5066 0.8392 0.1979
vn -0.5133 0.8370 0.1895
vn -0.5283 0.8358 0.1498
vn -0.5351 0.8341 0.1338
vn -0.5674 0.8196 0.0788
vn -0.4516 0.6151 -0.6463
vn -0.4839 0.6709 -0.5619
vn -0.5884 0.6276 -0.5098
vn -0.9354 0.3430 0.0857
vn -0.7867 -0.4207 0.4518
vn -0.8743 0.4762 -0.0937
vn -0.4720 0.8575 0.2045
vn -0.4476 0.8874 0.1099
vn -0.5133 0.8529 0.0948
vn -0.5263 0.8326 0.1728
vn -0.5438 0.8118 0.2128
vn -0.5253 0.8154 0.2431
vn -0.8185 0.4643 0.3385
vn -0.8809 0.4520 0.1403
vn -0.9036 0.4282 0.0078
vn -0.5601 0.8046 0.1972
vn -0.5417 0.8243 0.1649
vn -0.8538 0.5090 -0.1096
vn -0.9078 0.4069 -0.1017
vn -0.7839 0.4938 0.3763
vn -0.4895 0.8369 0.2448
vn -0.6990 0.5576 0.4477
vn -0.4494 0.8358 0.3154
vn -0.5588 0.5981 0.5745
vn -0.3881 0.8396 0.3802
vn -0.4088 0.6211 0.6686
vn -0.3478 0.8222 0.4506
vn -0.2691 0.6650 0.6967
vn -0.2693 0.8237 0.4990
vn -0.1665 0.8406 0.5154
vn -0.1740 0.8145 0.5535
vn -0.3411 0.8408 0.4204
vn -0.3869 0.8370 0.3869
vn -0.4579 0.8369 0.3000
vn -0.4949 0.8406 0.2200
vn -0.4713 0.8561 0.2121
vn -0.1585 0.6657 0.7292
vn -0.0636 0.6519 0.7556
vn -0.1034 0.8189 0.5645
vn -0.0953 0.8414 0.5319
vn -0.0080 0.8259 0.5638
vn -0.8459 -0.5277 0.0776
vn -0.9663 0.1483 0.2104
vn -0.9694 0.2424 0.0390
vn -0.8072 -0.5899 0.0233
vn -0.9264 0.0470 0.3737
vn -0.9154 0.3600 -0.1800
vn -0.8779 0.1724 0.4468
vn -0.9309 0.2582 0.2582
vn -0.7867 -0.4206 0.4518
vn -0.9354 0.3430 0.0858
vn -0.5611 0.5533 -0.6156
vn -0.5883 0.6276 -0.5099
vn -0.4838 0.6712 -0.5617
vn -0.4623 0.6425 -0.6111
vn -0.4517 0.6151 -0.6462
vn -0.4601 0.6941 -0.5537
vn -0.5482 0.5795 -0.6030
vn -0.6145 0.5990 -0.5134
vn -0.3850 0.7935 -0.4714
vn -0.4563 0.8262 -0.3304
vn -0.2379 0.7855 0.5713
vn -0.5042 0.6146 0.6067
vn -0.6663 0.4782 0.5722
vn 0.4215 0.5247 0.7396
vn -0.8537 0.5091 -0.1094
vn -0.8743 0.4763 -0.0937
vn -0.8748 0.4842 -0.0156
vn 0.2070 0.8201 0.5335
vn -0.0079 0.9947 0.1027
vn 0.0713 0.8635 0.4993
vn -0.0395 0.8469 0.5303
vn -0.6406 -0.5546 0.5311
vn -0.5908 -0.6529 0.4740
vn -0.5445 -0.7623 0.3500
vn -0.2953 -0.8859 -0.3577
vn -0.3329 -0.9367 -0.1084
vn -0.5704 -0.7424 0.3515
vn -0.9008 -0.3184 -0.2951
vn -0.4745 0.0389 -0.8794
vn -0.8121 0.2421 -0.5310
vn -0.7218 0.2095 -0.6597
vn -0.5975 0.2018 -0.7760
vn -0.3211 0.3759 -0.8693
vn -0.3895 0.5376 -0.7479
vn -0.4476 0.6440 -0.6204
vn -0.4622 0.7520 -0.4700
vn 0.0158 0.9714 -0.2369
vn 0.0316 0.9710 -0.2368
vn 0.0317 0.9893 -0.1424
vn -0.1248 0.5928 -0.7956
vn -0.1945 0.3656 -0.9102
vn -0.0856 0.4046 -0.9105
vn -0.0469 0.6325 -0.7731
vn -0.1093 0.2264 -0.9679
vn 0.0237 0.9966 -0.0790
vn -0.0078 0.4284 -0.9036
vn -0.0080 0.9998 -0.0159
vn 0.1632 -0.9717 -0.1709
vn -0.1244 -0.6534 -0.7467
vn 0.5718 -0.1488 -0.8068
vn 0.3069 0.3777 -0.8736
vn 0.6042 0.3374 -0.7219
vn 0.4626 0.0392 -0.8857
vn 0.2811 -0.8899 -0.3591
vn 0.9268 -0.2985 -0.2278
vn 0.2179 -0.9495 -0.2257
vn 0.9510 0.2853 -0.1189
vn 0.9623 -0.2603 -0.0789
vn 0.9629 -0.2604 0.0710
vn 0.9509 0.3011 0.0713
vn 0.4510 0.8703 0.1978
vn 0.4436 0.8950 0.0475
vn 0.2535 0.8238 -0.5070
vn 0.0942 0.5191 -0.8495
vn 0.8304 -0.3163 0.4587
vn 0.9059 -0.3072 0.2915
vn 0.8057 0.2553 0.5345
vn 0.9316 -0.3000 0.2053
vn 0.8540 0.3084 0.4191
vn 0.9093 0.3242 0.2609
vn 0.3742 0.8520 0.3662
vn 0.2782 0.8426 0.4610
vn 0.2070 0.8201 0.5334
vn 0.9102 -0.2928 0.2929
vn 0.9325 0.3556 0.0632
vn -0.0078 0.9947 0.1026
vn 0.3319 0.9325 0.1423
vn 0.0713 0.8636 0.4991
vn 0.5537 0.2059 0.8069
vn -0.0396 0.8469 0.5303
vn 0.4307 0.1755 0.8853
vn -0.2381 0.7855 0.5712
vn 0.9279 0.3728 -0.0000
vn -0.0159 0.0317 0.9994
vn -0.1181 -0.0394 0.9922
vn 0.5342 -0.6677 0.5185
vn 0.5921 -0.6079 0.5290
vn 0.2615 0.1109 0.9588
vn 0.6791 -0.5607 0.4738
vn 0.7197 -0.5141 0.4666
vn 0.7715 -0.4802 0.4173
vn 0.9241 -0.3317 0.1896
vn 0.7869 -0.4879 0.3777
vn 0.7230 -0.5736 0.3851
vn 0.6941 -0.6073 0.3865
vn 0.6623 -0.6466 0.3785
vn 0.6190 -0.7131 0.3291
vn 0.5194 -0.6532 0.5509
vn 0.5120 -0.5750 0.6381
vn 0.5968 -0.5183 0.6125
vn 0.6386 -0.4730 0.6070
vn 0.8575 -0.3176 0.4049
vn 0.9276 -0.1415 -0.3459
vn 0.6969 -0.6108 -0.3760
vn 0.5941 -0.7114 -0.3755
vn 0.5719 -0.7207 -0.3917
vn 0.5303 -0.7487 -0.3979
vn 0.4521 -0.8265 -0.3354
vn 0.3276 -0.8971 -0.2964
vn 0.2572 -0.9198 -0.2962
vn 0.2485 -0.9320 -0.2641
vn 0.2325 -0.9383 -0.2559
vn -0.5984 -0.1166 -0.7927
vn -0.9298 -0.1395 -0.3407
vn -0.8216 -0.1163 -0.5581
vn -0.7668 -0.2166 -0.6042
vn -0.8252 -0.4905 -0.2802
vn -0.5326 -0.6175 -0.5789
vn -0.6042 -0.7048 -0.3718
vn -0.5823 -0.7143 -0.3882
vn -0.7047 -0.6043 -0.3716
vn -0.6496 -0.5258 -0.5491
vn -0.9297 -0.1394 -0.3409
vn -0.8217 -0.1163 -0.5579
vn -0.2402 -0.9298 -0.2789
vn -0.2567 -0.9251 -0.2798
vn -0.2718 -0.9160 -0.2950
vn -0.2173 -0.8924 -0.3956
vn -0.3417 -0.8924 -0.2949
vn -0.3560 -0.7972 -0.4875
vn -0.5414 -0.7425 -0.3944
vn -0.5046 -0.6832 -0.5278
vn -0.2953 -0.8860 -0.3575
vn -0.1784 -0.9690 -0.1706
vn -0.1479 -0.9727 -0.1790
vn -0.1788 -0.9478 -0.2641
vn -0.2328 -0.9461 -0.2251
vn -0.2551 -0.9348 -0.2471
vn -0.2474 -0.9347 -0.2550
vn -0.2631 -0.9282 -0.2630
vn 0.2535 0.8239 -0.5070
vn 0.0944 0.5191 -0.8495
vn -0.1410 0.7910 -0.5953
vn -0.7251 0.5926 -0.3508
vn -0.7452 0.6668 -0.0079
vn -0.7853 0.5968 0.1649
vn 0.4435 0.8950 0.0475
vn -0.8007 0.5966 0.0549
vn 0.3742 0.8519 0.3663
vn -0.8084 0.5886 0.0079
vn -0.8418 0.5378 -0.0468
vn 0.2782 0.8426 0.4611
vn -0.7452 0.6668 -0.0080
vn -0.9101 0.3295 0.2511
vn -0.8808 0.4522 0.1403
vn -0.9035 0.4284 0.0078
vn -0.9078 0.4070 -0.1016
vn 0.8805 -0.4717 -0.0472
vn 0.7635 -0.6454 0.0236
vn 0.8438 -0.5362 -0.0237
vn 0.8834 -0.4654 -0.0552
vn 0.8221 -0.5402 -0.1801
vn 0.8185 -0.5273 -0.2282
vn 0.8139 -0.5165 -0.2661
vn 0.7829 -0.5793 -0.2270
vn 0.8086 -0.5574 -0.1884
vn 0.8895 -0.4487 -0.0866
vn 0.8522 -0.5160 -0.0860
vn 0.8382 -0.5326 -0.1175
vn 0.8739 -0.4409 -0.2047
vn 0.8763 -0.4068 -0.2582
vn 0.8808 -0.3539 -0.3146
vn 0.8822 -0.4490 -0.1418
vn 0.7061 -0.6983 0.1177
vn 0.7551 -0.6449 0.1180
vn 0.6909 -0.7145 0.1099
vn 0.6565 -0.7425 0.1329
vn 0.6031 -0.7911 0.1018
vn 0.8572 -0.5112 0.0629
vn 0.8157 -0.5568 0.1569
vn 0.7440 -0.6578 0.1175
vn 0.6984 -0.6905 0.1883
vn 0.6832 -0.6988 0.2120
vn 0.6274 -0.7685 0.1255
vn 0.5929 -0.8035 0.0546
vn 0.8506 -0.5041 0.1496
vn 0.8007 -0.5889 0.1101
vn 0.6580 -0.7520 0.0392
vn 0.6989 -0.7146 -0.0314
vn 0.6247 -0.7808 0.0078
vn 0.8019 -0.5975 -0.0000
vn 0.8017 -0.5973 0.0236
vn 0.8414 -0.5347 0.0786
vn 0.8243 -0.5652 0.0314
vn 0.9014 -0.4270 0.0712
vn 0.8920 -0.4341 0.1263
vn 0.8973 -0.4329 0.0866
vn 0.9152 -0.4024 0.0237
vn 0.8185 -0.5745 0.0079
vn 0.9522 -0.2990 0.0630
vn 0.9611 -0.2757 0.0158
vn 0.7952 -0.6063 -0.0079
vn 0.7951 -0.6062 0.0157
vn 0.8084 -0.5886 -0.0000
vn 0.8395 -0.5413 -0.0471
vn 0.8793 -0.4710 -0.0706
vn 0.7915 -0.6112 -0.0000
vn 0.7980 -0.6024 -0.0156
vn 0.8562 -0.3613 -0.3692
vn 0.8400 -0.4632 -0.2826
vn 0.8761 -0.4499 -0.1736
vn 0.8241 -0.5651 -0.0392
vn 0.7981 -0.6025 0.0078
vn 0.8944 -0.4472 0.0079
vn -0.6990 0.5577 0.4477
vn -0.7235 0.4640 0.5112
vn -0.5842 0.4895 0.6474
vn -0.5587 0.5981 0.5745
vn -0.4490 0.4884 0.7483
vn -0.4089 0.6213 0.6684
vn -0.2757 0.5277 0.8034
vn -0.2692 0.6651 0.6966
vn -0.1586 0.4916 0.8563
vn -0.1585 0.6658 0.7291
vn -0.0633 0.4589 0.8862
vn -0.0636 0.6522 0.7554
vn -0.0079 0.9998 -0.0159
vn -0.0395 0.9961 -0.0791
vn -0.0475 0.9887 -0.1424
vn -0.0474 0.9704 -0.2368
vn -0.0629 0.9751 -0.2126
vn -0.0316 0.9710 -0.2370
vn -0.8139 0.4069 0.4148
vn -0.7838 0.4940 0.3763
vn -0.1409 0.7911 -0.5953
vn -0.8367 0.3753 0.3988
vn -0.8184 0.4644 0.3384
vn -0.8808 0.4521 0.1405
vn 0.6302 0.1276 0.7658
vn -0.0079 0.0870 0.9962
vn 0.6663 -0.0000 0.7456
vn -0.0079 -0.2128 0.9771
vn 0.6934 -0.1655 0.7013
vn -0.0078 -0.5655 0.8247
vn 0.4631 0.6307 0.6227
vn 0.4213 0.5249 0.7396
vn 0.6729 -0.0713 0.7363
vn 0.8574 -0.3176 0.4049
vn 0.6444 -0.4872 0.5894
vn 0.6043 -0.7535 0.2590
vn -0.0078 -0.9167 0.3996
vn -0.6142 -0.7463 0.2565
vn 0.5883 -0.1176 -0.8000
vn 0.9276 -0.1415 -0.3458
vn -0.0078 -0.9724 0.2331
vn -0.4510 -0.8475 0.2799
vn -0.8252 -0.4904 -0.2803
vn -0.9297 -0.1395 -0.3409
vn -0.6534 -0.4823 0.5834
vn -0.8616 -0.3132 0.3994
vn -0.7015 -0.1637 0.6937
vn -0.6750 -0.0000 0.7378
vn -0.6815 -0.0705 0.7285
vn -0.6397 0.1264 0.7582
vn -0.4344 0.5213 0.7345
vn -0.4755 0.6260 0.6181
vn -0.0079 0.6746 0.7381
vn 0.2573 -0.9198 -0.2962
vn -0.4558 -0.7185 -0.5254
vn -0.5036 -0.7515 -0.4261
vn -0.3641 -0.6663 -0.6508
vn 0.3277 -0.8971 -0.2964
vn 0.4522 -0.8265 -0.3352
vn -0.1317 -0.5191 -0.8445
vn 0.0623 -0.3894 -0.9190
vn 0.5304 -0.7487 -0.3977
vn 0.1554 -0.3263 -0.9324
vn 0.5719 -0.7208 -0.3916
vn 0.2485 -0.2640 -0.9320
vn 0.5941 -0.7115 -0.3752
vn 0.6969 -0.6108 -0.3758
vn 0.3739 -0.1714 -0.9115
vn 0.9276 -0.1415 -0.3457
vn 0.4138 0.3435 -0.8431
vn 0.0700 0.1716 -0.9827
vn 0.5884 -0.1176 -0.8000
vn 0.4137 0.3436 -0.8431
vn 0.9275 -0.1415 -0.3459
vn -0.3849 0.7935 -0.4714
vn -0.0079 0.9632 -0.2686
vn -0.0079 0.9803 -0.1976
vn 0.3714 0.7982 -0.4742
vn 0.4438 0.8320 -0.3328
vn -0.4344 0.5212 0.7346
vn -0.0079 0.6746 0.7382
vn 0.4630 0.6307 0.6228
vn 0.4214 0.5249 0.7395
vn -0.6711 -0.6398 0.3746
vn -0.6286 -0.7062 0.3259
vn -0.5452 -0.6621 0.5141
vn -0.6023 -0.6022 0.5240
vn -0.7021 -0.6007 0.3823
vn -0.6875 -0.5547 0.4687
vn -0.7272 -0.5083 0.4614
vn -0.7303 -0.5672 0.3807
vn -0.7778 -0.4745 0.4122
vn -0.7928 -0.4819 0.3731
vn -0.9129 -0.2887 0.2887
vn 0.1025 -0.0473 0.9936
vn -0.0000 0.0318 0.9995
vn -0.2762 0.1105 0.9547
vn -0.4435 0.1742 0.8792
vn -0.5537 0.2057 0.8069
vn -0.9265 -0.3426 0.1557
vn -0.9345 0.3504 0.0623
vn -0.3459 0.9276 0.1415
vn 0.0238 0.8473 0.5305
vn 0.2230 0.7884 0.5733
vn -0.6816 -0.0705 0.7283
vn -0.8616 -0.3133 0.3994
vn -0.5308 -0.6479 0.5464
vn -0.7049 -0.6040 -0.3719
vn -0.5235 -0.5704 0.6329
vn -0.6043 -0.7047 -0.3718
vn -0.6068 -0.5134 0.6068
vn -0.5823 -0.7142 -0.3883
vn -0.5414 -0.7424 -0.3947
vn -0.5043 0.6145 0.6067
vn -0.6663 0.4781 0.5722
vn 0.4215 0.5250 0.7394
vn 0.6730 -0.0713 0.7362
vn -0.3118 -0.9346 0.1713
vn 0.2810 -0.8900 -0.3591
vn 0.1635 -0.9716 -0.1710
vn -0.5948 -0.8033 0.0309
vn -0.5793 -0.7955 -0.1777
vn 0.2180 -0.9495 -0.2257
vn -0.5422 -0.7747 -0.3254
vn 0.2327 -0.9383 -0.2558
vn 0.2487 -0.9320 -0.2639
vt 0.815430 0.139648
vt 0.821777 0.126465
vt 0.834961 0.136230
vt 0.853516 0.145508
vt 0.843262 0.133789
vt 0.855469 0.139160
vt 0.831055 0.147461
vt 0.811523 0.155273
vt 0.827148 0.166016
vt 0.808594 0.173828
vt 0.825195 0.184570
vt 0.807129 0.186523
vt 0.823730 0.196777
vt 0.861816 0.184082
vt 0.858887 0.202148
vt 0.841797 0.192871
vt 0.845215 0.176270
vt 0.849121 0.157715
vt 0.867188 0.163574
vt 0.876465 0.184570
vt 0.883789 0.180664
vt 0.879395 0.206543
vt 0.899414 0.183105
vt 0.895020 0.209961
vt 0.887207 0.163574
vt 0.882812 0.154297
vt 0.871582 0.151367
vt 0.873535 0.142090
vt 0.885254 0.143555
vt 0.902832 0.211426
vt 0.900391 0.214355
vt 0.925781 0.213867
vt 0.933105 0.211914
vt 0.933105 0.224121
vt 0.925293 0.223145
vt 0.920898 0.210938
vt 0.906250 0.184570
vt 0.900879 0.165527
vt 0.929199 0.208496
vt 0.944824 0.208984
vt 0.922363 0.186035
vt 0.908691 0.157715
vt 0.926270 0.153320
vt 0.932129 0.159180
vt 0.954590 0.153320
vt 0.947266 0.160645
vt 0.954102 0.186035
vt 0.946777 0.185547
vt 0.931152 0.185547
vt 0.973633 0.149414
vt 0.974609 0.185059
vt 0.962891 0.186035
vt 0.963379 0.149414
vt 0.974609 0.195801
vt 0.996094 0.185059
vt 0.996094 0.195801
vt 0.963379 0.208984
vt 0.954102 0.209961
vt 0.975098 0.231934
vt 0.975586 0.243652
vt 0.962402 0.238281
vt 0.963867 0.227051
vt 0.955078 0.223633
vt 0.949219 0.213867
vt 0.942871 0.211914
vt 0.996094 0.243652
vt 0.996094 0.232422
vt 0.942871 0.224121
vt 0.932129 0.238281
vt 0.949219 0.223633
vt 0.954590 0.234863
vt 0.954590 0.259277
vt 0.963379 0.261719
vt 0.954590 0.286621
vt 0.943848 0.261230
vt 0.944336 0.242676
vt 0.930664 0.242676
vt 0.942871 0.238770
vt 0.949707 0.233887
vt 0.928711 0.260742
vt 0.943848 0.288574
vt 0.928223 0.288086
vt 0.921387 0.286621
vt 0.920410 0.258789
vt 0.921875 0.236328
vt 0.925781 0.235352
vt 0.899902 0.284180
vt 0.899902 0.256348
vt 0.900879 0.234863
vt 0.898438 0.223145
vt 0.886230 0.212402
vt 0.889648 0.239258
vt 0.897461 0.231445
vt 0.884277 0.223145
vt 0.875977 0.211914
vt 0.872070 0.207520
vt 0.872559 0.219238
vt 0.839844 0.207031
vt 0.853516 0.215332
vt 0.868164 0.219727
vt 0.870117 0.229004
vt 0.882812 0.234375
vt 0.834961 0.214844
vt 0.851562 0.223145
vt 0.866699 0.230469
vt 0.875000 0.237793
vt 0.828125 0.236816
vt 0.848633 0.242188
vt 0.864258 0.253418
vt 0.872559 0.256836
vt 0.888672 0.258789
vt 0.863281 0.267578
vt 0.849121 0.258301
vt 0.869629 0.274902
vt 0.891113 0.289551
vt 0.911621 0.300293
vt 0.924316 0.313965
vt 0.928711 0.317871
vt 0.943359 0.321289
vt 0.952637 0.318848
vt 0.964355 0.288086
vt 0.977051 0.275391
vt 0.976562 0.292969
vt 0.996094 0.275391
vt 0.996094 0.293457
vt 0.984375 0.330078
vt 0.561035 0.085449
vt 0.634277 0.135254
vt 0.551758 0.097656
vt 0.544922 0.100098
vt 0.539062 0.103027
vt 0.538574 0.114746
vt 0.537598 0.124512
vt 0.539062 0.136719
vt 0.489258 0.114258
vt 0.489990 0.099609
vt 0.491211 0.083008
vt 0.499512 0.078613
vt 0.509766 0.076172
vt 0.524414 0.058594
vt 0.567871 0.076660
vt 0.504883 0.065430
vt 0.514160 0.049316
vt 0.534180 0.046387
vt 0.553711 0.034668
vt 0.581055 0.069824
vt 0.570312 0.028320
vt 0.566406 0.019043
vt 0.590332 0.011719
vt 0.526855 0.038086
vt 0.548340 0.026855
vt 0.591797 0.065918
vt 0.592773 0.023926
vt 0.602051 0.011719
vt 0.604492 0.025879
vt 0.612793 0.013672
vt 0.614746 0.021973
vt 0.633789 0.062500
vt 0.621094 0.062988
vt 0.612305 0.064453
vt 0.606934 0.062988
vt 0.633301 0.022949
vt 0.646484 0.062988
vt 0.655273 0.063965
vt 0.633301 0.014648
vt 0.652344 0.021973
vt 0.662598 0.025391
vt 0.661133 0.062500
vt 0.676270 0.065430
vt 0.687012 0.068848
vt 0.674316 0.023438
vt 0.697266 0.026855
vt 0.653809 0.013184
vt 0.664551 0.010742
vt 0.676758 0.010742
vt 0.700684 0.017578
vt 0.713867 0.033203
vt 0.718750 0.024902
vt 0.733398 0.043945
vt 0.740723 0.035645
vt 0.753906 0.046387
vt 0.743652 0.056152
vt 0.764160 0.062500
vt 0.759766 0.073730
vt 0.700195 0.075684
vt 0.707520 0.084473
vt 0.716797 0.096680
vt 0.724121 0.099121
vt 0.770020 0.075684
vt 0.729980 0.102051
vt 0.730957 0.113770
vt 0.780762 0.097168
vt 0.778809 0.080078
vt 0.795898 0.091797
vt 0.796875 0.108887
vt 0.782227 0.112305
vt 0.731445 0.124023
vt 0.729980 0.136719
vt 0.730957 0.155762
vt 0.779785 0.131836
vt 0.780273 0.159668
vt 0.795898 0.135742
vt 0.725586 0.171387
vt 0.772461 0.181641
vt 0.791504 0.161621
vt 0.780273 0.187500
vt 0.759766 0.202148
vt 0.717285 0.186035
vt 0.709961 0.196289
vt 0.700195 0.210449
vt 0.734375 0.236816
vt 0.755859 0.220703
vt 0.738281 0.245117
vt 0.749023 0.216797
vt 0.766602 0.207031
vt 0.640625 0.233398
vt 0.634277 0.234863
vt 0.644043 0.271484
vt 0.656738 0.230957
vt 0.668945 0.268066
vt 0.681641 0.225098
vt 0.706055 0.258301
vt 0.627441 0.233398
vt 0.709961 0.269043
vt 0.670898 0.282715
vt 0.647461 0.282715
vt 0.633789 0.273438
vt 0.624023 0.271484
vt 0.633789 0.287109
vt 0.620605 0.282227
vt 0.599121 0.268066
vt 0.611816 0.230957
vt 0.586914 0.224609
vt 0.562012 0.257324
vt 0.558105 0.268555
vt 0.529785 0.244141
vt 0.596680 0.282227
vt 0.568359 0.209961
vt 0.534180 0.235840
vt 0.513184 0.219727
vt 0.520020 0.215332
vt 0.559082 0.195801
vt 0.551758 0.185547
vt 0.509277 0.200684
vt 0.543945 0.170898
vt 0.538574 0.155762
vt 0.491455 0.131836
vt 0.475586 0.111328
vt 0.476074 0.095215
vt 0.476074 0.135254
vt 0.490234 0.158691
vt 0.497803 0.180176
vt 0.489746 0.186035
vt 0.502441 0.205566
vt 0.479248 0.160156
vt 0.160767 0.445801
vt 0.170532 0.426270
vt 0.192139 0.440918
vt 0.182617 0.469727
vt 0.200684 0.463867
vt 0.176636 0.424316
vt 0.161499 0.414062
vt 0.149170 0.433105
vt 0.135498 0.456055
vt 0.170532 0.405273
vt 0.198486 0.490723
vt 0.213501 0.478027
vt 0.171509 0.489746
vt 0.149048 0.468262
vt 0.119080 0.489258
vt 0.133057 0.500244
vt 0.107544 0.516357
vt 0.121643 0.524902
vt 0.097534 0.545166
vt 0.156128 0.518311
vt 0.188965 0.507812
vt 0.213623 0.509766
vt 0.225586 0.491211
vt 0.238770 0.506348
vt 0.101929 0.583740
vt 0.105225 0.574463
vt 0.120056 0.583984
vt 0.091675 0.580566
vt 0.090637 0.571533
vt 0.111572 0.550781
vt 0.143555 0.539551
vt 0.174194 0.533691
vt 0.178223 0.568359
vt 0.191528 0.549072
vt 0.208984 0.563965
vt 0.161377 0.554199
vt 0.147583 0.575195
vt 0.131714 0.562988
vt 0.221680 0.540771
vt 0.239624 0.554932
vt 0.205444 0.525146
vt 0.228516 0.526367
vt 0.244995 0.541260
vt 0.260742 0.552246
vt 0.252686 0.521973
vt 0.268066 0.535400
vt 0.288574 0.548828
vt 0.310547 0.559814
vt 0.300049 0.572021
vt 0.279053 0.562256
vt 0.256836 0.565674
vt 0.228516 0.578125
vt 0.195557 0.583252
vt 0.179565 0.602783
vt 0.176392 0.641113
vt 0.166870 0.643555
vt 0.170654 0.633057
vt 0.151855 0.625244
vt 0.159668 0.618896
vt 0.195435 0.616455
vt 0.215698 0.598877
vt 0.247803 0.588135
vt 0.294434 0.598877
vt 0.318115 0.603760
vt 0.315430 0.619141
vt 0.289551 0.617432
vt 0.270508 0.594482
vt 0.261475 0.619629
vt 0.233887 0.624756
vt 0.206909 0.632568
vt 0.291016 0.637451
vt 0.265381 0.639404
vt 0.239624 0.643799
vt 0.213013 0.650879
vt 0.182739 0.659668
vt 0.173706 0.660889
vt 0.177002 0.679688
vt 0.187988 0.683105
vt 0.180420 0.695312
vt 0.216187 0.676025
vt 0.240845 0.670166
vt 0.264893 0.666504
vt 0.288574 0.665039
vt 0.186401 0.727783
vt 0.183350 0.711182
vt 0.195801 0.718994
vt 0.191284 0.699951
vt 0.217285 0.695557
vt 0.240479 0.691650
vt 0.263428 0.689209
vt 0.219482 0.716309
vt 0.241211 0.713867
vt 0.262939 0.711670
vt 0.284180 0.710205
vt 0.285889 0.687744
vt 0.303467 0.710205
vt 0.307373 0.687744
vt 0.320557 0.710938
vt 0.283203 0.731201
vt 0.263184 0.732178
vt 0.242065 0.733887
vt 0.221313 0.735352
vt 0.198853 0.737305
vt 0.189331 0.745850
vt 0.200806 0.759155
vt 0.301270 0.731201
vt 0.316895 0.731934
vt 0.315186 0.755127
vt 0.300293 0.754272
vt 0.282959 0.754028
vt 0.263184 0.754639
vt 0.242554 0.755859
vt 0.222412 0.757324
vt 0.263428 0.775391
vt 0.283691 0.775146
vt 0.301514 0.775146
vt 0.285156 0.797485
vt 0.304688 0.796875
vt 0.309570 0.820068
vt 0.321533 0.796265
vt 0.329102 0.816895
vt 0.335449 0.796387
vt 0.346191 0.776489
vt 0.353027 0.794678
vt 0.358643 0.776123
vt 0.329590 0.776489
vt 0.316895 0.775635
vt 0.327881 0.755981
vt 0.344238 0.757446
vt 0.356934 0.760376
vt 0.364014 0.761475
vt 0.370605 0.749512
vt 0.368896 0.762085
vt 0.365723 0.747559
vt 0.359619 0.744873
vt 0.347412 0.735840
vt 0.330078 0.732910
vt 0.354248 0.717773
vt 0.366211 0.730713
vt 0.335693 0.712402
vt 0.327393 0.689209
vt 0.346191 0.692383
vt 0.368408 0.702393
vt 0.375977 0.719238
vt 0.387695 0.710449
vt 0.379395 0.723145
vt 0.390625 0.714111
vt 0.393799 0.719482
vt 0.400146 0.705078
vt 0.403564 0.708496
vt 0.405518 0.714355
vt 0.405762 0.719482
vt 0.394531 0.724609
vt 0.383301 0.727539
vt 0.371094 0.734375
vt 0.375488 0.737549
vt 0.385498 0.732178
vt 0.417969 0.761475
vt 0.379150 0.741455
vt 0.376465 0.774048
vt 0.374512 0.763062
vt 0.375488 0.751953
vt 0.364258 0.811401
vt 0.380615 0.826172
vt 0.357422 0.832153
vt 0.374023 0.804810
vt 0.364502 0.791382
vt 0.371094 0.788696
vt 0.365723 0.775513
vt 0.370361 0.774780
vt 0.385742 0.844482
vt 0.400146 0.833008
vt 0.402344 0.845215
vt 0.386719 0.815552
vt 0.379639 0.800293
vt 0.375488 0.786743
vt 0.383301 0.797119
vt 0.387451 0.792847
vt 0.395996 0.799438
vt 0.380859 0.784180
vt 0.460693 0.751831
vt 0.465576 0.749268
vt 0.467285 0.761841
vt 0.457031 0.741211
vt 0.460449 0.737549
vt 0.450439 0.731934
vt 0.452637 0.727295
vt 0.441406 0.724609
vt 0.461670 0.762939
vt 0.459717 0.773926
vt 0.455322 0.784058
vt 0.448730 0.792603
vt 0.440186 0.799316
vt 0.429688 0.803345
vt 0.452881 0.796875
vt 0.460693 0.786621
vt 0.465820 0.774658
vt 0.442627 0.804932
vt 0.445557 0.809204
vt 0.456543 0.800049
vt 0.449463 0.815430
vt 0.455811 0.825928
vt 0.462158 0.804688
vt 0.465088 0.788452
vt 0.479004 0.831909
vt 0.469238 0.845947
vt 0.471924 0.811157
vt 0.471680 0.791138
vt 0.470459 0.775269
vt 0.472168 0.761230
vt 0.479004 0.760010
vt 0.470215 0.747314
vt 0.477539 0.775879
vt 0.483398 0.794434
vt 0.489990 0.776245
vt 0.491943 0.757080
vt 0.476318 0.744629
vt 0.465088 0.734131
vt 0.490479 0.815186
vt 0.500488 0.796143
vt 0.506348 0.776123
vt 0.508301 0.755615
vt 0.519043 0.775269
vt 0.520508 0.754639
vt 0.534668 0.774658
vt 0.531250 0.796387
vt 0.514648 0.795776
vt 0.507324 0.816528
vt 0.499268 0.835571
vt 0.489502 0.850586
vt 0.526855 0.819702
vt 0.520996 0.841675
vt 0.511230 0.858398
vt 0.532227 0.870117
vt 0.436279 0.832886
vt 0.450684 0.844360
vt 0.441650 0.855225
vt 0.458496 0.858643
vt 0.478027 0.864502
vt 0.498535 0.873901
vt 0.518066 0.885437
vt 0.428955 0.853394
vt 0.434082 0.845215
vt 0.418213 0.853271
vt 0.475586 0.867065
vt 0.457520 0.860352
vt 0.441406 0.857056
vt 0.428955 0.855713
vt 0.418213 0.855713
vt 0.407715 0.853394
vt 0.418213 0.835083
vt 0.418213 0.846191
vt 0.418213 0.824585
vt 0.434570 0.822266
vt 0.432373 0.815063
vt 0.418213 0.817017
vt 0.430908 0.809814
vt 0.418213 0.811523
vt 0.418213 0.804688
vt 0.406738 0.803467
vt 0.405518 0.809814
vt 0.393555 0.804932
vt 0.404053 0.815063
vt 0.390869 0.809326
vt 0.401855 0.822266
vt 0.417969 0.717773
vt 0.430176 0.719482
vt 0.442383 0.719482
vt 0.456543 0.722900
vt 0.430420 0.714355
vt 0.445312 0.714111
vt 0.448242 0.710449
vt 0.459961 0.718994
vt 0.467285 0.702393
vt 0.481689 0.717529
vt 0.489502 0.692139
vt 0.500000 0.711914
vt 0.435791 0.705078
vt 0.432373 0.708496
vt 0.480225 0.672119
vt 0.456299 0.693115
vt 0.439209 0.687988
vt 0.425781 0.702393
vt 0.421875 0.704590
vt 0.417969 0.712402
vt 0.417969 0.704590
vt 0.457275 0.668945
vt 0.417969 0.700684
vt 0.427002 0.685547
vt 0.439697 0.670410
vt 0.453857 0.651123
vt 0.437744 0.655273
vt 0.436279 0.640869
vt 0.425537 0.646240
vt 0.424561 0.627930
vt 0.417725 0.650146
vt 0.417725 0.624512
vt 0.408691 0.685547
vt 0.417969 0.683350
vt 0.427490 0.670410
vt 0.426758 0.658447
vt 0.417969 0.660645
vt 0.408936 0.658447
vt 0.417969 0.670166
vt 0.408447 0.670410
vt 0.395996 0.670410
vt 0.397705 0.655518
vt 0.409912 0.646240
vt 0.410889 0.627930
vt 0.406250 0.618408
vt 0.408447 0.615723
vt 0.400635 0.613037
vt 0.404297 0.606689
vt 0.384521 0.598389
vt 0.405029 0.592773
vt 0.412598 0.605957
vt 0.417480 0.604980
vt 0.423096 0.604980
vt 0.388428 0.589355
vt 0.372314 0.585693
vt 0.365967 0.592773
vt 0.353271 0.578613
vt 0.345459 0.586426
vt 0.332520 0.569824
vt 0.322021 0.579590
vt 0.382568 0.607422
vt 0.363770 0.602051
vt 0.342041 0.595947
vt 0.341309 0.608887
vt 0.363525 0.614502
vt 0.383301 0.619873
vt 0.398926 0.624756
vt 0.340088 0.623291
vt 0.363281 0.628418
vt 0.383545 0.634521
vt 0.399414 0.640869
vt 0.381836 0.651123
vt 0.361572 0.646240
vt 0.339111 0.641846
vt 0.315430 0.638428
vt 0.311768 0.665283
vt 0.334229 0.667725
vt 0.355713 0.672363
vt 0.378662 0.669189
vt 0.379395 0.693115
vt 0.396484 0.687988
vt 0.409912 0.702393
vt 0.414062 0.704590
vt 0.429443 0.297852
vt 0.443604 0.299316
vt 0.442871 0.309570
vt 0.432617 0.294434
vt 0.443604 0.295410
vt 0.458008 0.295410
vt 0.459961 0.299316
vt 0.464111 0.307617
vt 0.446777 0.318848
vt 0.481445 0.325195
vt 0.473145 0.329102
vt 0.481445 0.346191
vt 0.489990 0.342773
vt 0.441650 0.273926
vt 0.453613 0.277832
vt 0.469482 0.289551
vt 0.472168 0.290527
vt 0.477295 0.291504
vt 0.497559 0.312500
vt 0.489014 0.284668
vt 0.473389 0.270508
vt 0.466553 0.272949
vt 0.463379 0.273926
vt 0.457275 0.260742
vt 0.448242 0.254395
vt 0.460693 0.257812
vt 0.491455 0.264648
vt 0.429199 0.249512
vt 0.426270 0.245605
vt 0.436035 0.246094
vt 0.436768 0.249512
vt 0.447754 0.250000
vt 0.451660 0.255859
vt 0.454834 0.252441
vt 0.464355 0.251465
vt 0.448975 0.241211
vt 0.434814 0.234863
vt 0.455566 0.232910
vt 0.492432 0.248047
vt 0.432129 0.227051
vt 0.379395 0.252930
vt 0.369629 0.251465
vt 0.385010 0.241211
vt 0.378418 0.232910
vt 0.399170 0.234863
vt 0.401855 0.227051
vt 0.416992 0.235352
vt 0.416992 0.229980
vt 0.341553 0.248535
vt 0.382324 0.255859
vt 0.386230 0.250000
vt 0.397949 0.246094
vt 0.407715 0.245605
vt 0.416992 0.266113
vt 0.428711 0.270020
vt 0.404785 0.249512
vt 0.397217 0.250000
vt 0.405518 0.270020
vt 0.416992 0.299316
vt 0.427246 0.293945
vt 0.430420 0.290527
vt 0.422119 0.304688
vt 0.417236 0.318848
vt 0.406982 0.293945
vt 0.412109 0.304688
vt 0.391357 0.309570
vt 0.387451 0.318848
vt 0.370117 0.308105
vt 0.352783 0.325684
vt 0.356934 0.291504
vt 0.404785 0.297852
vt 0.361084 0.329590
vt 0.352783 0.346191
vt 0.362061 0.291016
vt 0.360840 0.270508
vt 0.374268 0.299316
vt 0.390625 0.299316
vt 0.401611 0.294434
vt 0.403809 0.290527
vt 0.373291 0.258301
vt 0.367432 0.273438
vt 0.364746 0.289551
vt 0.376221 0.295898
vt 0.390625 0.295410
vt 0.392578 0.274414
vt 0.370605 0.274414
vt 0.380615 0.277832
vt 0.403076 0.270996
vt 0.385742 0.254883
vt 0.376709 0.260742
vt 0.342773 0.264648
vt 0.345215 0.284668
vt 0.336670 0.312500
vt 0.344482 0.343262
vt 0.344482 0.369141
vt 0.354492 0.366699
vt 0.352051 0.387695
vt 0.375244 0.380859
vt 0.376465 0.399902
vt 0.356445 0.408203
vt 0.378662 0.406738
vt 0.343018 0.389160
vt 0.334717 0.373535
vt 0.318115 0.358398
vt 0.321289 0.330078
vt 0.353516 0.414551
vt 0.336426 0.392578
vt 0.350586 0.418457
vt 0.326416 0.411621
vt 0.322266 0.389648
vt 0.323242 0.378906
vt 0.313965 0.279297
vt 0.323730 0.298828
vt 0.307129 0.313965
vt 0.302979 0.341797
vt 0.294189 0.372559
vt 0.304199 0.388184
vt 0.281982 0.354004
vt 0.239624 0.327148
vt 0.263428 0.316895
vt 0.272217 0.335449
vt 0.290527 0.324219
vt 0.226562 0.345215
vt 0.220947 0.332031
vt 0.247070 0.347168
vt 0.254639 0.364258
vt 0.272461 0.388672
vt 0.281494 0.403320
vt 0.303467 0.398438
vt 0.244995 0.380859
vt 0.241821 0.415527
vt 0.250977 0.430664
vt 0.282227 0.413086
vt 0.252930 0.440430
vt 0.226440 0.453613
vt 0.232056 0.462402
vt 0.249390 0.468750
vt 0.306396 0.417480
vt 0.290039 0.430664
vt 0.262207 0.455078
vt 0.263428 0.473145
vt 0.260254 0.483887
vt 0.277832 0.478516
vt 0.244629 0.475098
vt 0.231812 0.467285
vt 0.214844 0.458984
vt 0.205322 0.437012
vt 0.200684 0.454590
vt 0.192139 0.431641
vt 0.312500 0.464355
vt 0.294434 0.489258
vt 0.291748 0.482422
vt 0.289551 0.497559
vt 0.272949 0.489746
vt 0.268066 0.526367
vt 0.252686 0.512939
vt 0.238770 0.497559
vt 0.225586 0.482422
vt 0.213501 0.469238
vt 0.288574 0.539795
vt 0.310547 0.550781
vt 0.298584 0.501953
vt 0.293457 0.502441
vt 0.298340 0.489258
vt 0.353271 0.569580
vt 0.355713 0.514893
vt 0.375732 0.518799
vt 0.332520 0.560791
vt 0.336182 0.510986
vt 0.314941 0.505127
vt 0.306885 0.491211
vt 0.390869 0.508545
vt 0.379639 0.500732
vt 0.392822 0.488770
vt 0.375488 0.507080
vt 0.361084 0.506592
vt 0.338867 0.502197
vt 0.318604 0.497070
vt 0.327148 0.474609
vt 0.352539 0.450684
vt 0.359619 0.481445
vt 0.350342 0.442871
vt 0.320557 0.472168
vt 0.373291 0.494629
vt 0.405029 0.426758
vt 0.380371 0.433105
vt 0.379150 0.425293
vt 0.382080 0.440918
vt 0.381104 0.464844
vt 0.388916 0.480957
vt 0.406006 0.509521
vt 0.410156 0.484375
vt 0.417480 0.486816
vt 0.397949 0.489258
vt 0.406250 0.482422
vt 0.401123 0.477539
vt 0.394287 0.457520
vt 0.399902 0.434570
vt 0.404053 0.437988
vt 0.403320 0.455078
vt 0.410400 0.430664
vt 0.409668 0.455078
vt 0.404785 0.471191
vt 0.410156 0.475586
vt 0.417480 0.457031
vt 0.417480 0.477051
vt 0.424805 0.475586
vt 0.424805 0.484375
vt 0.428955 0.482422
vt 0.433838 0.477539
vt 0.440674 0.457520
vt 0.430176 0.471191
vt 0.425293 0.455078
vt 0.424316 0.430664
vt 0.417480 0.425781
vt 0.411133 0.420410
vt 0.380127 0.411133
vt 0.401367 0.389648
vt 0.407471 0.393066
vt 0.417236 0.398926
vt 0.417480 0.417480
vt 0.423584 0.420410
vt 0.367676 0.335449
vt 0.387451 0.333008
vt 0.381836 0.346680
vt 0.360596 0.347656
vt 0.378662 0.363281
vt 0.403564 0.375000
vt 0.410400 0.375977
vt 0.417236 0.380371
vt 0.404297 0.358398
vt 0.410889 0.356445
vt 0.404541 0.341797
vt 0.404053 0.331055
vt 0.411865 0.338867
vt 0.417236 0.355469
vt 0.429688 0.341797
vt 0.430176 0.358398
vt 0.423584 0.356445
vt 0.422363 0.338379
vt 0.417236 0.337402
vt 0.411377 0.323242
vt 0.388916 0.323730
vt 0.423096 0.323242
vt 0.466797 0.335449
vt 0.445312 0.323730
vt 0.447021 0.332520
vt 0.430420 0.331055
vt 0.473877 0.347656
vt 0.452637 0.346680
vt 0.516113 0.357910
vt 0.511230 0.378418
vt 0.499756 0.373535
vt 0.489990 0.369141
vt 0.479980 0.366211
vt 0.455811 0.362793
vt 0.482666 0.387207
vt 0.459473 0.380371
vt 0.430908 0.375000
vt 0.424316 0.375977
vt 0.458008 0.399902
vt 0.478271 0.408203
vt 0.456055 0.406738
vt 0.433105 0.389648
vt 0.427246 0.393066
vt 0.454590 0.411133
vt 0.481201 0.414062
vt 0.491455 0.389160
vt 0.455566 0.424805
vt 0.484131 0.417969
vt 0.498047 0.392578
vt 0.508301 0.411621
vt 0.429688 0.426758
vt 0.454346 0.433105
vt 0.484619 0.442383
vt 0.489258 0.430176
vt 0.499268 0.423340
vt 0.522461 0.463867
vt 0.521973 0.434570
vt 0.539551 0.444336
vt 0.528320 0.416992
vt 0.544434 0.429688
vt 0.572754 0.454590
vt 0.557129 0.478027
vt 0.542969 0.481934
vt 0.540527 0.488770
vt 0.571289 0.472656
vt 0.536621 0.488770
vt 0.541504 0.501709
vt 0.545410 0.497070
vt 0.562012 0.489258
vt 0.574707 0.482910
vt 0.585449 0.467773
vt 0.581543 0.439453
vt 0.602539 0.461426
vt 0.512207 0.389160
vt 0.530273 0.387695
vt 0.531250 0.397949
vt 0.553223 0.402832
vt 0.552246 0.412598
vt 0.583496 0.429688
vt 0.608398 0.453125
vt 0.603027 0.466309
vt 0.590332 0.474121
vt 0.540039 0.372070
vt 0.562012 0.388184
vt 0.592773 0.414551
vt 0.615234 0.426758
vt 0.629395 0.436035
vt 0.620117 0.458008
vt 0.621582 0.411621
vt 0.608398 0.407715
vt 0.589355 0.379883
vt 0.617188 0.393555
vt 0.604004 0.381348
vt 0.604492 0.357910
vt 0.614746 0.377441
vt 0.631348 0.391602
vt 0.637695 0.412109
vt 0.642578 0.430664
vt 0.634277 0.453613
vt 0.647949 0.407715
vt 0.609863 0.355469
vt 0.645996 0.386719
vt 0.662109 0.389160
vt 0.658203 0.414062
vt 0.628418 0.370117
vt 0.644531 0.362305
vt 0.662598 0.369629
vt 0.646484 0.354492
vt 0.670410 0.364746
vt 0.670410 0.351562
vt 0.628418 0.353516
vt 0.579590 0.363770
vt 0.587402 0.346191
vt 0.607910 0.344238
vt 0.612793 0.344238
vt 0.629883 0.348633
vt 0.648926 0.346191
vt 0.666992 0.333496
vt 0.594727 0.326660
vt 0.613281 0.331055
vt 0.616211 0.333984
vt 0.624023 0.324707
vt 0.630859 0.341309
vt 0.649414 0.331543
vt 0.663086 0.317871
vt 0.647461 0.318359
vt 0.624512 0.315430
vt 0.601562 0.312988
vt 0.578125 0.302734
vt 0.531250 0.341309
vt 0.527344 0.313477
vt 0.543457 0.323730
vt 0.541016 0.294922
vt 0.554688 0.305176
vt 0.559570 0.291016
vt 0.570801 0.316406
vt 0.562012 0.334961
vt 0.552246 0.353516
vt 0.546387 0.281738
vt 0.510254 0.298340
vt 0.520020 0.278809
vt 0.522461 0.267090
vt 0.512695 0.329590
vt 0.811035 0.239258
vt 0.795410 0.232422
vt 0.808594 0.224121
vt 0.816406 0.203125
vt 0.800781 0.189453
vt 0.793945 0.207031
vt 0.776855 0.227051
vt 0.823242 0.244629
vt 0.835938 0.250977
vt 0.829102 0.411133
vt 0.825684 0.381836
vt 0.806152 0.421387
vt 0.814453 0.433105
vt 0.797363 0.453125
vt 0.791016 0.403809
vt 0.807129 0.368652
vt 0.769043 0.433594
vt 0.779785 0.454590
vt 0.788086 0.488281
vt 0.839844 0.335449
vt 0.864746 0.314453
vt 0.847656 0.304199
vt 0.857422 0.345703
vt 0.846680 0.393555
vt 0.836914 0.419922
vt 0.818848 0.438965
vt 0.804199 0.458984
vt 0.856445 0.399414
vt 0.882324 0.327148
vt 0.816406 0.470703
vt 0.831055 0.483398
vt 0.844238 0.465820
vt 0.830566 0.451660
vt 0.847656 0.432617
vt 0.866699 0.412109
vt 0.882812 0.391113
vt 0.895508 0.403809
vt 0.856445 0.479004
vt 0.843750 0.494629
vt 0.946289 0.384277
vt 0.934082 0.380859
vt 0.930664 0.400391
vt 0.916504 0.391602
vt 0.907227 0.414062
vt 0.879883 0.425293
vt 0.861328 0.446777
vt 0.874023 0.459961
vt 0.893066 0.437012
vt 0.861816 0.540283
vt 0.879395 0.521484
vt 0.867188 0.512207
vt 0.879883 0.498535
vt 0.869629 0.490234
vt 0.887695 0.471680
vt 0.907715 0.448730
vt 0.921875 0.424805
vt 0.898438 0.480469
vt 0.919434 0.457520
vt 0.934570 0.432617
vt 0.943848 0.406250
vt 0.951172 0.440918
vt 0.935547 0.467773
vt 0.912598 0.491699
vt 0.892578 0.509277
vt 0.960449 0.411133
vt 0.925293 0.499512
vt 0.949707 0.474609
vt 0.965332 0.445801
vt 0.974609 0.411621
vt 0.962402 0.384766
vt 0.936035 0.505371
vt 0.915039 0.522949
vt 0.934570 0.520264
vt 0.955078 0.519531
vt 0.959961 0.479980
vt 0.978027 0.443848
vt 0.904297 0.518066
vt 0.912598 0.526611
vt 0.933594 0.604736
vt 0.954102 0.604980
vt 0.954590 0.577393
vt 0.974121 0.577393
vt 0.954590 0.548828
vt 0.974609 0.548096
vt 0.974609 0.518311
vt 0.974609 0.481445
vt 0.934082 0.549561
vt 0.934082 0.577881
vt 0.914062 0.551025
vt 0.976562 0.380371
vt 0.986816 0.408203
vt 0.993164 0.444824
vt 0.993164 0.479980
vt 0.993164 0.517334
vt 0.993164 0.547607
vt 0.993164 0.406738
vt 0.994629 0.577393
vt 0.994629 0.547607
vt 0.994629 0.517090
vt 0.994629 0.479980
vt 0.994629 0.444824
vt 0.994629 0.407227
vt 0.991699 0.369629
vt 0.994629 0.367676
vt 0.939453 0.354980
vt 0.924805 0.350098
vt 0.923828 0.362793
vt 0.943848 0.321289
vt 0.952148 0.357910
vt 0.972656 0.361816
vt 0.981934 0.352051
vt 0.988770 0.369629
vt 0.989746 0.336426
vt 0.994629 0.336914
vt 0.962402 0.368164
vt 0.947266 0.371094
vt 0.936523 0.369141
vt 0.904785 0.382812
vt 0.920410 0.373535
vt 0.909668 0.366699
vt 0.893066 0.371582
vt 0.873047 0.378906
vt 0.864258 0.373535
vt 0.883301 0.360840
vt 0.874512 0.355469
vt 0.898438 0.333008
vt 0.898926 0.354980
vt 0.913574 0.354980
vt 0.903809 0.342773
vt 0.827637 0.258789
vt 0.813965 0.253906
vt 0.802734 0.276855
vt 0.842285 0.265137
vt 0.858398 0.271484
vt 0.816895 0.286621
vt 0.788086 0.302246
vt 0.831543 0.295410
vt 0.822266 0.325195
vt 0.772949 0.386719
vt 0.788574 0.354492
vt 0.805664 0.313965
vt 0.769531 0.339844
vt 0.753906 0.371094
vt 0.737305 0.399902
vt 0.754395 0.416504
vt 0.720703 0.426270
vt 0.707520 0.412598
vt 0.721680 0.386719
vt 0.736328 0.357910
vt 0.751953 0.327637
vt 0.772461 0.291992
vt 0.699707 0.369629
vt 0.689453 0.394043
vt 0.714355 0.343262
vt 0.732422 0.317871
vt 0.753906 0.283691
vt 0.789062 0.268555
vt 0.802246 0.250000
vt 0.771484 0.256836
vt 0.783691 0.240234
vt 0.862793 0.674561
vt 0.866211 0.649902
vt 0.844238 0.645264
vt 0.887695 0.655029
vt 0.886719 0.680908
vt 0.906738 0.659668
vt 0.904785 0.685791
vt 0.908691 0.685791
vt 0.869629 0.624512
vt 0.890137 0.629395
vt 0.908203 0.632568
vt 0.910645 0.658447
vt 0.929688 0.686523
vt 0.928223 0.710205
vt 0.949707 0.709961
vt 0.909180 0.606689
vt 0.912598 0.631348
vt 0.891602 0.603760
vt 0.872559 0.600098
vt 0.850098 0.619629
vt 0.851562 0.590820
vt 0.830078 0.607666
vt 0.844238 0.588379
vt 0.834473 0.583984
vt 0.909668 0.580322
vt 0.850098 0.532471
vt 0.833984 0.555664
vt 0.840332 0.526367
vt 0.845703 0.561768
vt 0.826660 0.580322
vt 0.818848 0.603760
vt 0.822266 0.627686
vt 0.807617 0.600098
vt 0.802734 0.621094
vt 0.793945 0.617676
vt 0.812988 0.624756
vt 0.816895 0.643066
vt 0.839844 0.670166
vt 0.857422 0.695068
vt 0.790527 0.636719
vt 0.798340 0.639648
vt 0.808105 0.642822
vt 0.811035 0.663574
vt 0.831055 0.688232
vt 0.850098 0.713867
vt 0.883789 0.702881
vt 0.802246 0.660645
vt 0.803711 0.682617
vt 0.822754 0.705078
vt 0.837891 0.731445
vt 0.812988 0.720703
vt 0.823730 0.747803
vt 0.795410 0.679199
vt 0.792969 0.657471
vt 0.796875 0.696777
vt 0.788086 0.709229
vt 0.788574 0.692627
vt 0.786621 0.675781
vt 0.786133 0.655029
vt 0.780273 0.673584
vt 0.781250 0.689453
vt 0.782227 0.704346
vt 0.775879 0.700684
vt 0.775879 0.687256
vt 0.774414 0.671387
vt 0.779297 0.653320
vt 0.783203 0.634766
vt 0.768555 0.715088
vt 0.770996 0.698486
vt 0.770020 0.685059
vt 0.767090 0.669434
vt 0.770508 0.651855
vt 0.773438 0.632812
vt 0.763184 0.683105
vt 0.754883 0.680420
vt 0.761230 0.655029
vt 0.764160 0.630859
vt 0.775879 0.612305
vt 0.785645 0.615234
vt 0.789062 0.592773
vt 0.798340 0.596191
vt 0.804688 0.570801
vt 0.825195 0.550781
vt 0.813965 0.544434
vt 0.794434 0.566406
vt 0.778320 0.588867
vt 0.766113 0.606445
vt 0.767578 0.583740
vt 0.782227 0.560547
vt 0.802734 0.537598
vt 0.814941 0.575928
vt 0.827637 0.518066
vt 0.815430 0.509033
vt 0.789062 0.529297
vt 0.800781 0.498535
vt 0.856934 0.504639
vt 0.856934 0.567627
vt 0.873047 0.547852
vt 0.890625 0.530273
vt 0.885742 0.549805
vt 0.862793 0.575195
vt 0.874512 0.580322
vt 0.892578 0.578613
vt 0.910156 0.552734
vt 0.913574 0.578857
vt 0.912598 0.605469
vt 0.933594 0.631104
vt 0.993164 0.577637
vt 0.974121 0.605225
vt 0.953613 0.631836
vt 0.932129 0.658936
vt 0.993164 0.606201
vt 0.973633 0.632812
vt 0.952637 0.660156
vt 0.951660 0.687012
vt 0.973145 0.661133
vt 0.972168 0.687988
vt 0.992676 0.663330
vt 0.991699 0.690186
vt 0.992676 0.634277
vt 0.970703 0.710205
vt 0.991211 0.711914
vt 0.969238 0.731445
vt 0.948242 0.732422
vt 0.925293 0.734375
vt 0.948242 0.739502
vt 0.969727 0.737305
vt 0.989746 0.732178
vt 0.994629 0.730957
vt 0.994629 0.710449
vt 0.990234 0.735596
vt 0.994629 0.735352
vt 0.994629 0.689209
vt 0.994629 0.662598
vt 0.994629 0.634033
vt 0.994629 0.605957
vt 0.790527 0.751709
vt 0.776855 0.769775
vt 0.798340 0.783203
vt 0.811035 0.791870
vt 0.806641 0.802368
vt 0.821289 0.809570
vt 0.793945 0.793579
vt 0.778809 0.783447
vt 0.763672 0.771484
vt 0.759277 0.756958
vt 0.770508 0.737061
vt 0.779297 0.723389
vt 0.751465 0.761475
vt 0.828125 0.815430
vt 0.830566 0.813599
vt 0.747559 0.702637
vt 0.736816 0.694092
vt 0.730957 0.713867
vt 0.742676 0.719971
vt 0.724121 0.729248
vt 0.738770 0.736328
vt 0.736816 0.738525
vt 0.750000 0.751953
vt 0.759766 0.753052
vt 0.749023 0.720215
vt 0.743652 0.738037
vt 0.748047 0.739014
vt 0.750977 0.741455
vt 0.756348 0.747559
vt 0.753906 0.743408
vt 0.758301 0.725342
vt 0.754395 0.722412
vt 0.753906 0.707764
vt 0.750977 0.694336
vt 0.743164 0.673584
vt 0.766602 0.731934
vt 0.762207 0.727783
vt 0.764160 0.712646
vt 0.759766 0.709961
vt 0.758789 0.694336
vt 0.765137 0.696289
vt 0.773926 0.719238
vt 0.825195 0.799805
vt 0.828125 0.775024
vt 0.810059 0.764648
vt 0.801758 0.736328
vt 0.901855 0.742188
vt 0.898926 0.736084
vt 0.880859 0.751465
vt 0.882812 0.757568
vt 0.861328 0.767944
vt 0.866699 0.775146
vt 0.842285 0.784912
vt 0.847168 0.795166
vt 0.906250 0.709473
vt 0.903320 0.708008
vt 0.880859 0.723877
vt 0.864258 0.742920
vt 0.845703 0.758789
vt 0.902832 0.735840
vt 0.906250 0.742920
vt 0.925293 0.740479
vt 0.263672 0.822388
vt 0.240479 0.821533
vt 0.241943 0.798218
vt 0.260254 0.848022
vt 0.236816 0.845337
vt 0.315674 0.841919
vt 0.287598 0.822632
vt 0.288818 0.852539
vt 0.263672 0.797607
vt 0.242676 0.776489
vt 0.216431 0.844727
vt 0.219849 0.822754
vt 0.221924 0.800415
vt 0.222656 0.778442
vt 0.201660 0.781372
vt 0.201172 0.803833
vt 0.199219 0.825195
vt 0.196045 0.845337
vt 0.191528 0.764404
vt 0.192627 0.783691
vt 0.192017 0.804321
vt 0.189453 0.824097
vt 0.184814 0.842529
vt 0.179443 0.859985
vt 0.272217 0.878296
vt 0.252197 0.872192
vt 0.230957 0.868286
vt 0.211426 0.865845
vt 0.224121 0.889404
vt 0.205688 0.885437
vt 0.242676 0.894165
vt 0.259766 0.899414
vt 0.273926 0.904846
vt 0.287598 0.886841
vt 0.304688 0.870483
vt 0.191284 0.864136
vt 0.186279 0.881531
vt 0.199829 0.903015
vt 0.217529 0.907959
vt 0.234741 0.913147
vt 0.250488 0.918091
vt 0.172974 0.876648
vt 0.180542 0.896973
vt 0.193604 0.924927
vt 0.209106 0.930237
vt 0.225952 0.935486
vt 0.172485 0.915833
vt 0.165771 0.893677
vt 0.158447 0.908386
vt 0.240967 0.940277
vt 0.253662 0.944214
vt 0.263672 0.922363
vt 0.265869 0.947784
vt 0.276611 0.926575
vt 0.272949 0.949799
vt 0.285889 0.931885
vt 0.287354 0.910889
vt 0.296631 0.918457
vt 0.301270 0.897644
vt 0.318604 0.885620
vt 0.338379 0.874023
vt 0.325439 0.858521
vt 0.309082 0.904846
vt 0.324219 0.890869
vt 0.342285 0.877380
vt 0.358643 0.864502
vt 0.361084 0.867065
vt 0.377930 0.858765
vt 0.379150 0.860352
vt 0.347168 0.850464
vt 0.367432 0.846069
vt 0.394775 0.855225
vt 0.395264 0.857056
vt 0.407715 0.855835
vt 0.338135 0.835327
vt 0.345703 0.815552
vt 0.229126 0.164062
vt 0.221436 0.141602
vt 0.236938 0.139160
vt 0.235352 0.120605
vt 0.219360 0.115234
vt 0.252930 0.176758
vt 0.242798 0.185547
vt 0.266846 0.193359
vt 0.242676 0.157715
vt 0.344482 0.113281
vt 0.237427 0.102051
vt 0.225098 0.093750
vt 0.242432 0.084473
vt 0.403809 0.201660
vt 0.389160 0.210449
vt 0.372803 0.216309
vt 0.355225 0.220215
vt 0.336914 0.221191
vt 0.318359 0.219727
vt 0.300293 0.214355
vt 0.282715 0.206055
vt 0.354004 0.228516
vt 0.336182 0.231934
vt 0.318604 0.228516
vt 0.298584 0.224121
vt 0.279297 0.216309
vt 0.259766 0.203613
vt 0.417480 0.190430
vt 0.424805 0.199707
vt 0.408447 0.211426
vt 0.391602 0.220703
vt 0.373535 0.227051
vt 0.437988 0.183594
vt 0.441895 0.143555
vt 0.455322 0.145996
vt 0.449219 0.165039
vt 0.436768 0.160645
vt 0.428711 0.176758
vt 0.444824 0.127441
vt 0.445557 0.112793
vt 0.444580 0.099121
vt 0.441650 0.086914
vt 0.437256 0.076172
vt 0.452148 0.066895
vt 0.456299 0.080566
vt 0.458984 0.094727
vt 0.459961 0.109863
vt 0.459229 0.127441
vt 0.364990 0.020020
vt 0.381592 0.024902
vt 0.382812 0.013672
vt 0.400391 0.018555
vt 0.395996 0.032715
vt 0.418945 0.024414
vt 0.410156 0.040527
vt 0.421631 0.051758
vt 0.429443 0.062500
vt 0.440186 0.033203
vt 0.446289 0.049805
vt 0.249268 0.068848
vt 0.258057 0.055664
vt 0.269043 0.043457
vt 0.281982 0.033691
vt 0.297363 0.026367
vt 0.313965 0.021484
vt 0.330811 0.018555
vt 0.347656 0.018066
vt 0.290527 0.019043
vt 0.309082 0.012695
vt 0.329346 0.009277
vt 0.346436 0.007324
vt 0.364990 0.009277
vt 0.232178 0.075684
vt 0.239136 0.063965
vt 0.249390 0.049805
vt 0.260010 0.038574
vt 0.274902 0.027344
vt 0.990234 0.746094
vt 0.989258 0.748535
vt 0.990234 0.766968
vt 0.921875 0.772339
vt 0.918945 0.751099
vt 0.901367 0.765381
vt 0.920898 0.752075
vt 0.938965 0.768188
vt 0.935547 0.749756
vt 0.954590 0.746582
vt 0.956543 0.766602
vt 0.972168 0.746582
vt 0.973145 0.766235
vt 0.940918 0.773682
vt 0.957520 0.771851
vt 0.973633 0.772095
vt 0.958984 0.791870
vt 0.973633 0.790894
vt 0.973633 0.795166
vt 0.959473 0.796143
vt 0.943359 0.794434
vt 0.944336 0.798462
vt 0.990234 0.772705
vt 0.990234 0.791016
vt 0.990234 0.795288
vt 0.990234 0.827393
vt 0.974121 0.827148
vt 0.961426 0.827759
vt 0.948730 0.829468
vt 0.929199 0.802490
vt 0.936523 0.832397
vt 0.915039 0.808594
vt 0.925293 0.836792
vt 0.900879 0.816895
vt 0.913574 0.843628
vt 0.887207 0.827515
vt 0.901855 0.852661
vt 0.875000 0.839600
vt 0.890137 0.863281
vt 0.928223 0.798584
vt 0.913086 0.804932
vt 0.898926 0.813599
vt 0.885254 0.824707
vt 0.872559 0.837769
vt 0.922852 0.776733
vt 0.906738 0.784180
vt 0.889648 0.795898
vt 0.873535 0.808105
vt 0.870117 0.803833
vt 0.887695 0.790894
vt 0.904785 0.780273
vt 0.857422 0.823242
vt 0.854004 0.819092
vt 0.864258 0.796509
vt 0.884277 0.778931
vt 0.845703 0.809814
vt 0.843750 0.809448
vt 0.996094 0.149414
vt 0.996094 0.137695
vt 0.973633 0.137695
vt 0.975586 0.231934
vt 0.963379 0.137695
vt 0.953613 0.140137
vt 0.927246 0.143066
vt 0.954590 0.186035
vt 0.949707 0.223633
vt 0.943359 0.211914
vt 0.932617 0.238281
vt 0.963867 0.288086
vt 0.895508 0.209961
vt 0.901367 0.165527
vt 0.929688 0.208496
vt 0.926270 0.235352
vt 0.699707 0.418945
vt 0.687500 0.407227
vt 0.750977 0.477539
vt 0.744141 0.459473
vt 0.740723 0.479004
vt 0.733398 0.463867
vt 0.734375 0.442871
vt 0.723633 0.447266
vt 0.712891 0.433105
vt 0.775879 0.521484
vt 0.756348 0.500244
vt 0.757324 0.601562
vt 0.758789 0.577881
vt 0.763672 0.550293
vt 0.756836 0.551758
vt 0.753906 0.529541
vt 0.760742 0.522949
vt 0.750000 0.510010
vt 0.746582 0.496094
vt 0.771484 0.551025
vt 0.749023 0.650635
vt 0.753906 0.626465
vt 0.276367 0.575195
vt 0.297363 0.583008
vt 0.319580 0.589844
vt 0.963867 0.261719
vt 0.713379 0.692383
vt 0.678223 0.682861
vt 0.692383 0.705322
vt 0.713379 0.706299
vt 0.713379 0.757080
vt 0.689941 0.756958
vt 0.669434 0.761597
vt 0.667969 0.694580
vt 0.713379 0.761230
vt 0.675293 0.771729
vt 0.162842 0.587891
vt 0.147461 0.606445
vt 0.133789 0.594727
vt 0.140503 0.611816
vt 0.128174 0.600830
vt 0.114929 0.592041
vt 0.335449 0.423340
vt 0.312500 0.435059
vt 0.295410 0.444824
vt 0.345459 0.430664
vt 0.710938 0.608887
vt 0.685547 0.658447
vt 0.711426 0.655273
vt 0.720703 0.622559
vt 0.694336 0.675293
vt 0.725586 0.675293
vt 0.729980 0.662109
vt 0.741211 0.629639
vt 0.745605 0.614990
vt 0.716797 0.606201
vt 0.695312 0.807983
vt 0.665039 0.793579
vt 0.667480 0.848999
vt 0.694336 0.845093
vt 0.714844 0.844971
vt 0.714844 0.807861
vt 0.714844 0.794067
vt 0.682617 0.777466
vt 0.679199 0.867554
vt 0.714844 0.857056
vt 0.256104 0.303223
vt 0.279297 0.305664
vt 0.274170 0.291504
vt 0.292969 0.295410
vt 0.287842 0.282227
vt 0.311279 0.267578
vt 0.206177 0.354492
vt 0.204468 0.349609
vt 0.221680 0.345215
vt 0.203247 0.342285
vt 0.217896 0.334961
vt 0.210205 0.325195
vt 0.209717 0.316406
vt 0.232788 0.313965
vt 0.188110 0.355469
vt 0.185303 0.347168
vt 0.185059 0.332520
vt 0.172119 0.370605
vt 0.164062 0.365723
vt 0.163818 0.352539
vt 0.167480 0.334473
vt 0.171387 0.318848
vt 0.186890 0.319336
vt 0.197144 0.413086
vt 0.176636 0.415039
vt 0.186768 0.408691
vt 0.172607 0.390137
vt 0.188477 0.387695
vt 0.190063 0.363281
vt 0.203247 0.392578
vt 0.206055 0.371094
vt 0.224731 0.355957
vt 0.226318 0.408691
vt 0.217285 0.394043
vt 0.230713 0.381836
vt 0.219849 0.378418
vt 0.229858 0.358887
vt 0.212891 0.412598
vt 0.219482 0.427734
vt 0.808594 0.173340
vt 0.815918 0.139648
vt 0.807617 0.186523
vt 0.786133 0.655273
vt 0.765625 0.696289
vt 0.899414 0.736084
vt 0.881348 0.723877
vt 0.992676 0.663086
vt 0.945801 0.384277
vt 0.898438 0.354980
vt 0.839355 0.335449
vt 0.895020 0.403809
vt 0.916504 0.391113
vt 0.584473 0.871582
vt 0.576172 0.847412
vt 0.599121 0.844604
vt 0.605469 0.867432
vt 0.594238 0.893311
vt 0.612793 0.888306
vt 0.577148 0.898804
vt 0.564453 0.877808
vt 0.547852 0.852051
vt 0.548340 0.822144
vt 0.595703 0.820801
vt 0.616211 0.821899
vt 0.619629 0.843994
vt 0.625000 0.864990
vt 0.631348 0.884216
vt 0.635254 0.758301
vt 0.634277 0.780396
vt 0.613281 0.777588
vt 0.614258 0.799561
vt 0.635254 0.802979
vt 0.637207 0.824219
vt 0.640625 0.844360
vt 0.645020 0.863281
vt 0.572266 0.821777
vt 0.572754 0.796997
vt 0.594238 0.797485
vt 0.593262 0.775757
vt 0.572754 0.774780
vt 0.550781 0.796997
vt 0.552246 0.774536
vt 0.535645 0.753784
vt 0.553223 0.753540
vt 0.572754 0.754028
vt 0.593262 0.755127
vt 0.613770 0.756470
vt 0.534668 0.730713
vt 0.552734 0.730469
vt 0.572754 0.731445
vt 0.593750 0.733154
vt 0.614746 0.734619
vt 0.637207 0.736328
vt 0.640137 0.718018
vt 0.616211 0.715332
vt 0.594727 0.713135
vt 0.572754 0.710938
vt 0.551758 0.709717
vt 0.532227 0.709717
vt 0.595215 0.690918
vt 0.618652 0.694580
vt 0.644531 0.698975
vt 0.652344 0.710205
vt 0.649414 0.726807
vt 0.646484 0.744873
vt 0.655273 0.694336
vt 0.647949 0.682129
vt 0.619629 0.675049
vt 0.652832 0.658691
vt 0.622559 0.650146
vt 0.628418 0.631592
vt 0.601562 0.624023
vt 0.639648 0.615723
vt 0.619629 0.598145
vt 0.680176 0.624512
vt 0.666016 0.641357
vt 0.663086 0.631836
vt 0.657715 0.640381
vt 0.662109 0.659912
vt 0.658691 0.678711
vt 0.700684 0.594482
vt 0.686523 0.605957
vt 0.671875 0.587646
vt 0.692871 0.611572
vt 0.673828 0.618408
vt 0.655273 0.602295
vt 0.639648 0.582520
vt 0.606934 0.577393
vt 0.656738 0.567871
vt 0.626465 0.563232
vt 0.595703 0.554199
vt 0.578613 0.564941
vt 0.574707 0.551514
vt 0.556152 0.561768
vt 0.546387 0.548340
vt 0.566895 0.534668
vt 0.590332 0.540527
vt 0.613281 0.540039
vt 0.643555 0.548340
vt 0.606445 0.525635
vt 0.629883 0.524170
vt 0.621582 0.508789
vt 0.582031 0.521240
vt 0.596191 0.505615
vt 0.609375 0.490234
vt 0.636230 0.489746
vt 0.645996 0.506836
vt 0.660645 0.532959
vt 0.673828 0.553711
vt 0.687500 0.574951
vt 0.691406 0.538574
vt 0.663574 0.488770
vt 0.686035 0.467285
vt 0.701660 0.499023
vt 0.678711 0.517090
vt 0.713379 0.523438
vt 0.724121 0.550049
vt 0.703613 0.562744
vt 0.737793 0.544678
vt 0.733398 0.575195
vt 0.715820 0.584229
vt 0.706055 0.600830
vt 0.746094 0.570557
vt 0.745605 0.581543
vt 0.735840 0.585449
vt 0.720703 0.592529
vt 0.652344 0.468750
vt 0.673828 0.444824
vt 0.698730 0.456055
vt 0.713867 0.489258
vt 0.726074 0.516113
vt 0.686035 0.433594
vt 0.658203 0.423340
vt 0.664062 0.404297
vt 0.673340 0.412598
vt 0.664062 0.425293
vt 0.642578 0.439941
vt 0.634277 0.462891
vt 0.621582 0.477539
vt 0.990234 0.746338
vt 0.990234 0.767090
vt 0.973633 0.772217
vt 0.990234 0.772827
vt 0.884277 0.778809
vt 0.843750 0.809326
vt 0.924805 0.836792
vt 0.471924 0.614258
vt 0.494385 0.608643
vt 0.495605 0.623047
vt 0.471680 0.601807
vt 0.452881 0.607422
vt 0.493408 0.595703
vt 0.434814 0.612793
vt 0.452393 0.619873
vt 0.472168 0.628174
vt 0.496582 0.641357
vt 0.450928 0.598145
vt 0.469238 0.592529
vt 0.489746 0.585938
vt 0.513184 0.579102
vt 0.473877 0.645996
vt 0.451904 0.634277
vt 0.436523 0.624756
vt 0.428711 0.618164
vt 0.426025 0.615234
vt 0.430664 0.606934
vt 0.517090 0.603271
vt 0.520020 0.618896
vt 0.520020 0.637939
vt 0.501465 0.667480
vt 0.508301 0.688721
vt 0.523926 0.664795
vt 0.544434 0.636719
vt 0.545898 0.616943
vt 0.570312 0.638672
vt 0.573730 0.619141
vt 0.596191 0.643066
vt 0.570801 0.666016
vt 0.594727 0.669434
vt 0.572266 0.688477
vt 0.549805 0.687012
vt 0.546875 0.664307
vt 0.528320 0.687256
vt 0.515137 0.710693
vt 0.519043 0.731689
vt 0.505859 0.732422
vt 0.488770 0.735596
vt 0.469727 0.730469
vt 0.689453 0.393555
vt 0.699219 0.418945
vt 0.687012 0.407227
vt 0.760254 0.815918
vt 0.774414 0.853516
vt 0.759277 0.853638
vt 0.740234 0.801025
vt 0.772949 0.798828
vt 0.778320 0.813354
vt 0.778320 0.853394
vt 0.536133 0.501465
vt 0.546387 0.539307
vt 0.524414 0.550293
vt 0.566895 0.525635
vt 0.527832 0.490723
vt 0.514160 0.471680
vt 0.507812 0.474121
vt 0.482422 0.450195
vt 0.502441 0.560547
vt 0.499023 0.510742
vt 0.520020 0.504639
vt 0.516113 0.496582
vt 0.496094 0.501953
vt 0.475342 0.480957
vt 0.474121 0.506348
vt 0.461670 0.494629
vt 0.446045 0.480957
vt 0.442139 0.488770
vt 0.479248 0.514648
vt 0.444092 0.508301
vt 0.437256 0.488770
vt 0.455566 0.500488
vt 0.459717 0.506836
vt 0.459229 0.518555
vt 0.482178 0.569336
vt 0.444580 0.518066
vt 0.434326 0.518799
vt 0.447021 0.580322
vt 0.430176 0.583740
vt 0.463135 0.576416
vt 0.406738 0.523438
vt 0.412598 0.596924
vt 0.405029 0.583740
vt 0.417480 0.595947
vt 0.417480 0.520020
vt 0.423096 0.595703
vt 0.428223 0.524414
vt 0.428711 0.511230
vt 0.401123 0.517334
vt 0.388428 0.580322
vt 0.390625 0.518066
vt 0.372314 0.576660
vt 0.235596 0.120605
vt 0.219604 0.114746
vt 0.221680 0.141113
vt 0.237183 0.139160
vt 0.229248 0.164062
vt 0.253174 0.176270
vt 0.242920 0.185547
vt 0.242920 0.157227
vt 0.237671 0.102051
vt 0.225464 0.093750
vt 0.242676 0.083984
vt 0.282715 0.205566
vt 0.300049 0.213867
vt 0.318359 0.219238
vt 0.336670 0.221191
vt 0.354980 0.220215
vt 0.372559 0.216309
vt 0.388916 0.210449
vt 0.403564 0.201660
vt 0.417236 0.190430
vt 0.424316 0.199707
vt 0.408203 0.210938
vt 0.391357 0.220215
vt 0.373291 0.226562
vt 0.353760 0.228516
vt 0.437744 0.183594
vt 0.335938 0.231934
vt 0.318359 0.228027
vt 0.298584 0.223633
vt 0.279297 0.215820
vt 0.259766 0.203125
vt 0.446045 0.050293
vt 0.429443 0.062988
vt 0.421387 0.051758
vt 0.439941 0.033691
vt 0.418701 0.024414
vt 0.364990 0.020508
vt 0.382812 0.014160
vt 0.400391 0.019043
vt 0.410156 0.041016
vt 0.437012 0.076660
vt 0.347900 0.018066
vt 0.314209 0.021484
vt 0.297607 0.026367
vt 0.282227 0.033691
vt 0.269287 0.043457
vt 0.258301 0.055664
vt 0.249512 0.068848
vt 0.232544 0.075684
vt 0.239502 0.063965
vt 0.249756 0.049805
vt 0.260498 0.038574
vt 0.275146 0.027344
vt 0.290771 0.019043
vt 0.309326 0.012695
vt 0.365234 0.009277
vt 0.670898 0.892578
vt 0.678223 0.907288
vt 0.664062 0.914795
vt 0.656250 0.895996
vt 0.663574 0.875610
vt 0.643555 0.922729
vt 0.657227 0.859009
vt 0.651367 0.841553
vt 0.650391 0.880615
vt 0.637207 0.901245
vt 0.619629 0.906494
vt 0.628418 0.928162
vt 0.611816 0.934082
vt 0.602539 0.912048
vt 0.586914 0.917297
vt 0.573730 0.921814
vt 0.562988 0.904419
vt 0.597168 0.939423
vt 0.583984 0.943726
vt 0.571777 0.947510
vt 0.560547 0.926208
vt 0.564941 0.949677
vt 0.551270 0.931702
vt 0.549805 0.910583
vt 0.549316 0.886475
vt 0.535645 0.897400
vt 0.540527 0.918335
vt 0.527832 0.904724
vt 0.512695 0.890747
vt 0.494629 0.877319
vt 0.564941 0.593750
vt 0.541016 0.598389
vt 0.537598 0.582520
vt 0.515625 0.589600
vt 0.587402 0.587402
vt 0.558594 0.574463
vt 0.535156 0.571533
vt 0.524414 0.559570
vt 0.502441 0.569580
vt 0.482178 0.578369
vt 0.463135 0.585449
vt 0.447021 0.589355
vt 0.430176 0.593018
vt 0.448975 0.165527
vt 0.455078 0.145996
vt 0.436523 0.160645
vt 0.428467 0.176758
vt 0.444336 0.099121
vt 0.441406 0.087402
vt 0.456055 0.080566
vt 0.459961 0.110352
vt 0.458984 0.127441
vt 0.669434 0.761475
vt 0.713379 0.756958
vt 0.506348 0.951843
vt 0.504395 0.956085
vt 0.492432 0.949005
vt 0.520020 0.962463
vt 0.518066 0.965759
vt 0.521484 0.934143
vt 0.493896 0.944092
vt 0.480469 0.942932
vt 0.467773 0.936279
vt 0.464355 0.966248
vt 0.473877 0.970657
vt 0.483643 0.976151
vt 0.495605 0.984467
vt 0.507812 0.994747
vt 0.531250 0.976913
vt 0.533691 0.974670
vt 0.536621 0.947266
vt 0.540039 0.943726
vt 0.525391 0.929382
vt 0.508789 0.915649
vt 0.491455 0.903259
vt 0.550293 0.961731
vt 0.555176 0.958954
vt 0.506348 0.921997
vt 0.488770 0.911011
vt 0.471436 0.902283
vt 0.472900 0.893188
vt 0.453369 0.895447
vt 0.454102 0.885803
vt 0.436035 0.891296
vt 0.436035 0.881409
vt 0.436523 0.918945
vt 0.453613 0.924133
vt 0.468506 0.930786
vt 0.481689 0.937683
vt 0.436523 0.924805
vt 0.453369 0.929871
vt 0.418213 0.916626
vt 0.418213 0.922607
vt 0.418213 0.951813
vt 0.430420 0.953186
vt 0.442383 0.956543
vt 0.453857 0.961212
vt 0.400146 0.924683
vt 0.406006 0.953064
vt 0.400146 0.918884
vt 0.400635 0.891235
vt 0.418213 0.889404
vt 0.400635 0.881409
vt 0.418213 0.880066
vt 0.382568 0.885742
vt 0.890137 0.863159
vt 0.857422 0.823120
vt 0.434814 0.434570
vt 0.452637 0.440430
vt 0.430908 0.437988
vt 0.431396 0.455078
vt 0.453613 0.464355
vt 0.714844 0.845215
vt 0.910156 0.143555
vt 0.948730 0.033203
vt 0.902344 0.069824
vt 0.941895 0.025879
vt 0.955078 0.041992
vt 0.960449 0.054688
vt 0.963867 0.069824
vt 0.964355 0.085938
vt 0.961426 0.100586
vt 0.955566 0.113281
vt 0.946777 0.122559
vt 0.935547 0.128906
vt 0.923340 0.132812
vt 0.911133 0.134766
vt 0.898438 0.134766
vt 0.886230 0.133301
vt 0.874023 0.130371
vt 0.862305 0.125000
vt 0.852051 0.117676
vt 0.844238 0.107422
vt 0.839844 0.094238
vt 0.838867 0.079102
vt 0.840820 0.063477
vt 0.846191 0.048340
vt 0.852539 0.036133
vt 0.859375 0.028320
vt 0.867188 0.021973
vt 0.875488 0.015137
vt 0.884766 0.008789
vt 0.895020 0.004395
vt 0.905762 0.003418
vt 0.916504 0.005859
vt 0.926270 0.010742
vt 0.934570 0.018066
vt 0.431152 0.270996
vt 0.319336 0.965302
vt 0.341553 0.983704
vt 0.329346 0.993870
vt 0.306152 0.976395
vt 0.303711 0.974197
vt 0.332520 0.955688
vt 0.353271 0.975479
vt 0.317139 0.962067
vt 0.300781 0.947144
vt 0.287109 0.961578
vt 0.297119 0.943665
vt 0.282471 0.958862
vt 0.315430 0.934021
vt 0.330811 0.921875
vt 0.343018 0.943787
vt 0.330811 0.951508
vt 0.344482 0.948639
vt 0.311768 0.929321
vt 0.383301 0.895386
vt 0.383057 0.924011
vt 0.365234 0.902222
vt 0.368408 0.930603
vt 0.348145 0.910950
vt 0.355225 0.937439
vt 0.356201 0.942657
vt 0.368896 0.936035
vt 0.383301 0.929688
vt 0.394043 0.956268
vt 0.382568 0.960815
vt 0.372070 0.965759
vt 0.362793 0.970062
vt 0.774414 0.853394
vt 0.327881 0.915588
vt 0.345459 0.903198
vt 0.363770 0.893127
vt 0.802246 0.276855
vt 0.788574 0.268555
vt 0.621582 0.468262
vt 0.609375 0.481445
vt 0.596191 0.496582
vt 0.582031 0.512207
vt 0.644531 0.763428
vt 0.643555 0.782715
vt 0.644043 0.803345
vt 0.646973 0.823120
vt 0.137817 0.758545
vt 0.153076 0.766602
vt 0.146729 0.772095
vt 0.131714 0.772827
vt 0.115479 0.766602
vt 0.119446 0.752441
vt 0.104797 0.749512
vt 0.147705 0.778931
vt 0.150024 0.775879
vt 0.156982 0.785767
vt 0.146240 0.781860
vt 0.130737 0.776367
vt 0.113647 0.770996
vt 0.100281 0.762451
vt 0.090637 0.748535
vt 0.085327 0.760498
vt 0.074707 0.747070
vt 0.070801 0.759644
vt 0.053955 0.747314
vt 0.051178 0.760132
vt 0.029907 0.748047
vt 0.028366 0.760986
vt 0.004719 0.748779
vt 0.004719 0.761841
vt 0.027832 0.765625
vt 0.004719 0.766479
vt 0.050507 0.765015
vt 0.070740 0.764771
vt 0.083679 0.765625
vt 0.099060 0.767578
vt 0.026245 0.594238
vt 0.023743 0.575684
vt 0.041168 0.575439
vt 0.034882 0.556885
vt 0.022491 0.557861
vt 0.025894 0.541992
vt 0.004719 0.540771
vt 0.004719 0.558105
vt 0.004719 0.576172
vt 0.004719 0.594238
vt 0.004719 0.613525
vt 0.028534 0.613037
vt 0.004719 0.633057
vt 0.047150 0.594238
vt 0.058136 0.574951
vt 0.050262 0.554932
vt 0.042084 0.532959
vt 0.020416 0.514648
vt 0.031143 0.649902
vt 0.004719 0.651123
vt 0.030289 0.668945
vt 0.030380 0.631836
vt 0.052429 0.612549
vt 0.068115 0.595215
vt 0.075195 0.568848
vt 0.076477 0.612549
vt 0.056946 0.630127
vt 0.059265 0.647461
vt 0.056183 0.666504
vt 0.054199 0.686768
vt 0.077148 0.683350
vt 0.077148 0.705078
vt 0.084778 0.628662
vt 0.091980 0.643555
vt 0.079163 0.662842
vt 0.095459 0.678955
vt 0.101807 0.701416
vt 0.094910 0.727295
vt 0.075562 0.726807
vt 0.102173 0.615723
vt 0.110168 0.629639
vt 0.099609 0.655273
vt 0.111694 0.672607
vt 0.118774 0.682861
vt 0.135376 0.669922
vt 0.130371 0.694336
vt 0.142700 0.679932
vt 0.142456 0.705566
vt 0.118042 0.642822
vt 0.126831 0.657959
vt 0.118042 0.633301
vt 0.105713 0.611816
vt 0.094177 0.601807
vt 0.085388 0.587402
vt 0.093872 0.591064
vt 0.079712 0.566650
vt 0.063660 0.546875
vt 0.068237 0.544922
vt 0.055389 0.528320
vt 0.059357 0.525391
vt 0.046326 0.508057
vt 0.051117 0.506592
vt 0.036682 0.478027
vt 0.041626 0.477539
vt 0.038025 0.441406
vt 0.033112 0.441406
vt 0.039032 0.409180
vt 0.034180 0.408691
vt 0.036285 0.512451
vt 0.026947 0.479492
vt 0.023483 0.443848
vt 0.023483 0.407715
vt 0.018082 0.500244
vt 0.004719 0.514648
vt 0.004719 0.500000
vt 0.004719 0.480469
vt 0.004719 0.443848
vt 0.004719 0.408203
vt 0.004719 0.371582
vt 0.024292 0.371094
vt 0.004719 0.332031
vt 0.029770 0.335938
vt 0.054352 0.363281
vt 0.041840 0.382324
vt 0.045929 0.384277
vt 0.058655 0.361816
vt 0.117310 0.872681
vt 0.129395 0.871216
vt 0.124878 0.891052
vt 0.116028 0.890747
vt 0.119141 0.907349
vt 0.111206 0.907654
vt 0.112671 0.927429
vt 0.121460 0.827637
vt 0.129272 0.846924
vt 0.114197 0.851440
vt 0.098083 0.874390
vt 0.097839 0.889771
vt 0.103088 0.922546
vt 0.094055 0.935486
vt 0.094971 0.905518
vt 0.004745 0.886719
vt 0.093689 0.858643
vt 0.105225 0.832886
vt 0.072754 0.937012
vt 0.062439 0.945007
vt 0.079834 0.929749
vt 0.088074 0.919128
vt 0.084778 0.945099
vt 0.074707 0.952545
vt 0.061646 0.959900
vt 0.053711 0.951447
vt 0.062744 0.984222
vt 0.048004 0.966125
vt 0.077271 0.978424
vt 0.091797 0.971695
vt 0.107056 0.963928
vt 0.115173 0.956848
vt 0.106934 0.945953
vt 0.043365 0.957092
vt 0.030518 0.962494
vt 0.041290 0.990547
vt 0.034180 0.973480
vt 0.004749 0.975021
vt 0.004749 0.964020
vt 0.004749 0.995457
vt 0.083984 0.808960
vt 0.094788 0.818359
vt 0.073059 0.829590
vt 0.082153 0.841187
vt 0.066467 0.823486
vt 0.060516 0.819336
vt 0.049896 0.814331
vt 0.043793 0.811768
vt 0.031860 0.809692
vt 0.038849 0.790649
vt 0.053345 0.793701
vt 0.064087 0.797974
vt 0.075745 0.803345
vt 0.018936 0.807983
vt 0.021942 0.788208
vt 0.047272 0.771851
vt 0.065857 0.775024
vt 0.026199 0.770386
vt 0.004742 0.770874
vt 0.004742 0.787231
vt 0.004742 0.806885
vt 0.111145 0.809448
vt 0.100525 0.795532
vt 0.089966 0.785767
vt 0.077087 0.778687
vt 0.689941 0.926697
vt 0.687500 0.901611
vt 0.725098 0.902466
vt 0.758301 0.903137
vt 0.754395 0.925293
vt 0.785645 0.925537
vt 0.724121 0.925415
vt 0.722656 0.945282
vt 0.692871 0.945892
vt 0.686035 0.946716
vt 0.683105 0.928162
vt 0.680176 0.901978
vt 0.683594 0.877502
vt 0.678223 0.879333
vt 0.751953 0.945160
vt 0.781250 0.946503
vt 0.808594 0.947266
vt 0.812500 0.925598
vt 0.834473 0.947693
vt 0.837891 0.926636
vt 0.904297 0.893005
vt 0.883301 0.898193
vt 0.883301 0.879639
vt 0.861328 0.882263
vt 0.859375 0.902588
vt 0.840332 0.903931
vt 0.815430 0.903748
vt 0.789062 0.903625
vt 0.724609 0.879517
vt 0.761719 0.880066
vt 0.791016 0.880066
vt 0.815430 0.881104
vt 0.841309 0.881958
vt 0.687988 0.965302
vt 0.691895 0.974350
vt 0.684570 0.973907
vt 0.721191 0.976044
vt 0.754395 0.978302
vt 0.779297 0.980728
vt 0.800781 0.983002
vt 0.826172 0.983856
vt 0.702148 0.982452
vt 0.690918 0.981369
vt 0.725098 0.989326
vt 0.753418 0.991013
vt 0.778320 0.992809
vt 0.800293 0.994629
vt 0.826172 0.994862
vt 0.847168 0.984428
vt 0.857422 0.947876
vt 0.861816 0.972137
vt 0.877441 0.947540
vt 0.877441 0.973221
vt 0.900391 0.949585
vt 0.899902 0.975815
vt 0.920410 0.950867
vt 0.849121 0.992096
vt 0.970703 0.969940
vt 0.969238 0.975006
vt 0.943359 0.981491
vt 0.942871 0.975815
vt 0.921875 0.976822
vt 0.921875 0.982712
vt 0.899902 0.981873
vt 0.877441 0.979324
vt 0.864746 0.976410
vt 0.854980 0.986488
vt 0.940430 0.949463
vt 0.961426 0.945251
vt 0.977539 0.940674
vt 0.004719 0.670410
vt 0.029388 0.688965
vt 0.053741 0.707275
vt 0.075500 0.726807
vt 0.090637 0.748291
vt 0.104736 0.749512
vt 0.004719 0.690186
vt 0.053192 0.727783
vt 0.029083 0.708984
vt 0.004719 0.710205
vt 0.029205 0.729004
vt 0.004719 0.729736
vt 0.058136 0.574707
vt 0.102234 0.615479
vt 0.110229 0.629639
vt 0.092041 0.643555
vt 0.126831 0.657715
vt 0.099670 0.655273
vt 0.118103 0.642822
vt 0.079224 0.662598
vt 0.077209 0.683350
vt 0.101807 0.701172
vt 0.119751 0.712891
vt 0.135498 0.722168
vt 0.151733 0.732910
vt 0.155518 0.715820
vt 0.128174 0.738525
vt 0.146484 0.746338
vt 0.112122 0.731689
vt 0.119385 0.752319
vt 0.137695 0.758545
vt 0.165283 0.757080
vt 0.168701 0.743652
vt 0.167725 0.721924
vt 0.164307 0.701660
vt 0.152954 0.690674
vt 0.142822 0.679932
vt 0.139282 0.666992
vt 0.128174 0.649902
vt 0.150635 0.682373
vt 0.166626 0.700928
vt 0.118042 0.633057
vt 0.085388 0.587158
vt 0.075317 0.568604
vt 0.079712 0.566406
vt 0.050262 0.554688
vt 0.059357 0.525146
vt 0.041626 0.477051
vt 0.038025 0.440918
vt 0.045929 0.383789
vt 0.024597 0.074707
vt 0.035706 0.054199
vt 0.052155 0.066895
vt 0.043610 0.083008
vt 0.018814 0.093750
vt 0.037354 0.114258
vt 0.015945 0.114258
vt 0.039612 0.098145
vt 0.122681 0.111816
vt 0.062378 0.054199
vt 0.049744 0.039062
vt 0.065552 0.029297
vt 0.076294 0.046875
vt 0.089478 0.041016
vt 0.044617 0.153809
vt 0.039276 0.140137
vt 0.038025 0.125977
vt 0.095886 0.190430
vt 0.072876 0.181152
vt 0.053162 0.168457
vt 0.021942 0.166016
vt 0.017593 0.149414
vt 0.015327 0.131348
vt 0.093689 0.204102
vt 0.063782 0.198242
vt 0.033081 0.186523
vt 0.172485 0.167969
vt 0.163330 0.177246
vt 0.171265 0.189453
vt 0.156738 0.194824
vt 0.151733 0.183105
vt 0.136597 0.200684
vt 0.134033 0.189941
vt 0.117188 0.203125
vt 0.116089 0.192871
vt 0.176025 0.054199
vt 0.185181 0.071289
vt 0.160522 0.041992
vt 0.197998 0.065430
vt 0.191284 0.041992
vt 0.191772 0.090332
vt 0.195557 0.112305
vt 0.194580 0.126953
vt 0.188477 0.141602
vt 0.209839 0.087402
vt 0.208618 0.112305
vt 0.206055 0.128906
vt 0.200317 0.147461
vt 0.180176 0.158203
vt 0.192383 0.166016
vt 0.184937 0.179199
vt 0.047974 0.966125
vt 0.030502 0.962494
vt 0.041290 0.990555
vt 0.004745 0.975021
vt 0.004745 0.964020
vt 0.004745 0.995457
vt 0.062439 0.945038
vt 0.103088 0.922607
vt 0.094055 0.935547
vt 0.074646 0.952545
vt 0.111206 0.907715
vt 0.129272 0.847046
vt 0.124878 0.891113
vt 0.111206 0.809448
vt 0.084045 0.808960
vt 0.089966 0.785889
vt 0.077148 0.778687
vt 0.053375 0.793701
vt 0.043823 0.811768
vt 0.066528 0.823486
vt 0.047302 0.771851
vt 0.021957 0.788208
vt 0.004749 0.770874
vt 0.004749 0.787231
vt 0.004749 0.806885
vt 0.138062 0.036621
vt 0.109863 0.015625
vt 0.143799 0.018066
vt 0.110413 0.036621
vt 0.081787 0.021484
vt 0.172485 0.026367
vt 0.861816 0.972153
vt 0.167847 0.721924
vt 0.168823 0.743652
vt 0.863770 0.919861
vt 0.854004 0.934387
vt 0.859375 0.944916
vt 0.877930 0.934265
vt 0.904297 0.931946
vt 0.855469 0.935059
vt 0.947266 0.926086
vt 0.968750 0.919006
vt 0.976074 0.886047
vt 0.952148 0.893311
vt 0.925781 0.928955
vt 0.928711 0.899963
vt 0.905762 0.907532
vt 0.884277 0.915100
vt 0.864258 0.922607
vt 0.883301 0.912109
vt 0.904785 0.904907
vt 0.927734 0.897522
vt 0.950684 0.890686
vt 0.974609 0.882507
vt 0.974609 0.878723
vt 0.951172 0.884827
vt 0.927246 0.888428
vt 0.997559 0.876587
vt 0.991699 0.839600
vt 0.968262 0.852783
vt 0.949219 0.859375
vt 0.925781 0.866455
vt 0.901855 0.873901
vt 0.030548 0.218262
vt 0.032410 0.249023
vt 0.026840 0.248047
vt 0.026230 0.214355
vt 0.037048 0.209961
vt 0.946777 0.854492
vt 0.965820 0.848022
vt 0.989746 0.834839
vt 0.815430 0.875854
vt 0.841309 0.876648
vt 0.860840 0.876892
vt 0.882324 0.874268
vt 0.900391 0.868896
vt 0.924316 0.861450
vt 0.684570 0.872437
vt 0.687012 0.870728
vt 0.725098 0.874268
vt 0.761719 0.874878
vt 0.791016 0.874878
vt 0.684570 0.973923
vt 0.754395 0.978317
vt 0.725098 0.989334
vt 0.043640 0.083008
vt 0.052216 0.066895
vt 0.044647 0.153809
vt 0.053192 0.168457
vt 0.072937 0.181152
vt 0.096008 0.190430
vt 0.018845 0.093750
vt 0.021973 0.166016
vt 0.163452 0.177246
vt 0.172607 0.167969
vt 0.188477 0.141113
vt 0.136719 0.200684
vt 0.156860 0.194824
vt 0.171387 0.189453
vt 0.089600 0.041016
vt 0.110535 0.036621
vt 0.160645 0.041992
vt 0.143921 0.018555
vt 0.109985 0.015625
vt 0.191406 0.041992
vt 0.081909 0.021484
vt 0.076355 0.046875
vt 0.062469 0.054199
vt 0.035797 0.053711
vt 0.024643 0.074707
vt 0.065674 0.029297
vt 0.049866 0.038574
vt 0.033142 0.186523
vt 0.063843 0.198242
vt 0.093811 0.204102
vt 0.116211 0.192871
vt 0.134155 0.189941
vt 0.117310 0.203613
vt 0.113586 0.770996
vt 0.115356 0.766479
vt 0.100220 0.762451
vt 0.098999 0.767578
vt 0.083618 0.765625
vt 0.070679 0.764771
vt 0.051147 0.760132
vt 0.050476 0.765015
vt 0.027786 0.765625
vt 0.131592 0.772827
vt 0.130615 0.776367
vt 0.145996 0.781860
vt 0.147461 0.341309
vt 0.112854 0.338379
vt 0.113342 0.313477
vt 0.151611 0.314941
vt 0.113892 0.287109
vt 0.152100 0.286621
vt 0.114502 0.259277
vt 0.142334 0.360840
vt 0.153320 0.365723
vt 0.161499 0.326660
vt 0.172363 0.289551
vt 0.148682 0.260742
vt 0.149658 0.231445
vt 0.115112 0.229004
vt 0.080444 0.229980
vt 0.147095 0.225586
vt 0.193848 0.213379
vt 0.199951 0.221680
vt 0.196899 0.252441
vt 0.115173 0.224609
vt 0.083252 0.224609
vt 0.080139 0.259277
vt 0.055328 0.287109
vt 0.075745 0.284668
vt 0.075073 0.313477
vt 0.064697 0.324707
vt 0.078125 0.339844
vt 0.071350 0.364258
vt 0.082458 0.359375
vt 0.112427 0.358398
vt 0.204468 0.217773
vt 0.202515 0.251465
vt 0.153076 0.399414
vt 0.156494 0.401855
vt 0.111633 0.398438
vt 0.111694 0.395996
vt 0.070068 0.397949
vt 0.066589 0.400391
vt 0.976074 0.885986
vt 0.863770 0.919800
vt 0.877930 0.934204
vt 0.990234 0.908447
s 1
usemtl DPROP_GEN_SentinelTorso_MATINST.001
f 1/1/1 2/2/2 3/3/3
f 4/4/4 3/3/3 5/5/5
f 5/5/5 6/6/6 4/4/4
f 3/3/3 7/7/7 1/1/1
f 7/7/7 3/3/3 4/4/4
f 8/8/8 1/1/1 7/7/7
f 7/7/7 9/9/9 8/8/8
f 10/10/10 8/8/8 9/9/9
f 9/9/9 11/11/11 10/10/10
f 12/12/12 10/10/10 11/11/11
f 11/11/11 13/13/13 12/12/12
f 14/14/14 15/15/15 16/16/16
f 13/13/13 11/11/11 16/16/16
f 17/17/17 16/16/16 11/11/11
f 11/11/11 9/9/9 17/17/17
f 16/16/16 17/17/17 14/14/14
f 18/18/18 17/17/17 9/9/9
f 4/4/4 18/18/18 7/7/7
f 9/9/9 7/7/7 18/18/18
f 19/19/19 14/14/14 17/17/17
f 17/17/17 18/18/18 19/19/19
f 19/19/19 18/18/18 4/4/4
f 20/20/20 14/14/14 19/19/19
f 15/15/15 14/14/14 20/20/20
f 20/20/20 21/21/21 22/22/22
f 22/22/22 21/21/21 23/23/23
f 23/23/23 24/24/24 22/22/22
f 23/23/23 21/21/21 25/25/25
f 25/25/25 21/21/21 20/20/20
f 20/20/20 26/26/26 25/25/25
f 19/19/19 26/26/26 20/20/20
f 4/4/4 27/27/27 19/19/19
f 26/26/26 19/19/19 27/27/27
f 26/26/26 27/27/27 28/28/28
f 4/4/4 6/6/6 28/28/28
f 28/28/28 27/27/27 4/4/4
f 28/28/28 29/29/29 26/26/26
f 24/24/24 30/30/30 31/31/31
f 32/32/32 33/33/33 34/34/34
f 34/34/34 35/35/35 32/32/32
f 31/31/31 32/32/32 35/35/35
f 31/31/31 30/30/30 36/36/36
f 36/36/36 32/32/32 31/31/31
f 37/37/37 30/30/30 24/24/24
f 24/24/24 23/23/23 37/37/37
f 36/36/36 30/30/30 37/37/37
f 37/37/37 23/23/23 38/38/38
f 38/38/38 25/25/25 26/26/26
f 25/25/25 38/38/38 23/23/23
f 32/32/32 36/36/36 39/39/39
f 39/39/39 33/33/33 32/32/32
f 33/33/33 39/39/39 40/40/40
f 37/37/37 41/41/41 36/36/36
f 39/39/39 36/36/36 41/41/41
f 41/41/41 37/37/37 42/42/42
f 26/26/26 42/42/42 38/38/38
f 38/38/38 42/42/42 37/37/37
f 42/42/42 26/26/26 29/29/29
f 42/42/42 43/43/43 41/41/41
f 41/41/41 43/43/43 44/44/44
f 44/44/44 43/43/43 45/45/45
f 45/45/45 46/46/46 44/44/44
f 46/46/46 45/45/45 47/47/47
f 40/40/40 48/48/48 47/47/47
f 47/47/47 48/48/48 46/46/46
f 49/49/49 48/48/48 40/40/40
f 44/44/44 49/49/49 41/41/41
f 46/46/46 48/48/48 49/49/49
f 49/49/49 44/44/44 46/46/46
f 41/41/41 49/49/49 39/39/39
f 40/40/40 39/39/39 49/49/49
f 50/50/50 51/51/51 52/52/52
f 52/52/52 47/47/47 45/45/45
f 45/45/45 53/53/53 52/52/52
f 52/52/52 53/53/53 50/50/50
f 52/52/52 51/51/51 54/54/54
f 54/54/54 51/51/51 55/55/55
f 55/55/55 56/56/56 54/54/54
f 47/47/47 52/52/52 57/57/57
f 54/54/54 57/57/57 52/52/52
f 57/57/57 58/58/58 47/47/47
f 47/47/47 58/58/58 40/40/40
f 57/57/57 54/54/54 59/59/59
f 59/59/59 60/60/60 61/61/61
f 59/59/59 62/62/62 57/57/57
f 61/61/61 62/62/62 59/59/59
f 57/57/57 62/62/62 63/63/38
f 63/63/38 58/58/58 57/57/57
f 40/40/40 58/58/58 64/64/63
f 64/64/63 58/58/58 63/63/38
f 64/64/63 65/65/64 40/40/40
f 40/40/40 65/65/64 33/33/33
f 34/34/34 33/33/33 65/65/64
f 66/66/65 60/60/60 59/59/59
f 59/59/59 67/67/66 66/66/65
f 68/68/67 65/65/64 64/64/63
f 65/65/64 68/68/67 34/34/34
f 69/69/68 34/34/34 68/68/67
f 63/63/38 70/70/69 64/64/63
f 64/64/63 70/70/69 68/68/67
f 70/70/69 63/63/38 71/71/70
f 71/71/70 63/63/38 62/62/62
f 62/62/62 61/61/61 71/71/70
f 72/72/71 71/71/70 61/61/61
f 61/61/61 73/73/72 72/72/71
f 73/73/72 61/61/61 60/60/60
f 74/74/73 72/72/71 73/73/72
f 75/75/74 72/72/71 74/74/73
f 72/72/71 75/75/74 76/76/75
f 76/76/75 71/71/70 72/72/71
f 76/76/75 77/77/76 69/69/68
f 69/69/68 78/78/77 76/76/75
f 68/68/67 78/78/77 69/69/68
f 71/71/70 76/76/75 78/78/77
f 78/78/77 79/79/78 71/71/70
f 71/71/70 79/79/78 70/70/69
f 79/79/78 78/78/77 68/68/67
f 68/68/67 70/70/69 79/79/78
f 80/80/79 77/77/76 76/76/75
f 76/76/75 75/75/74 80/80/79
f 74/74/73 81/81/80 75/75/74
f 75/75/74 81/81/80 82/82/81
f 82/82/81 80/80/79 75/75/74
f 80/80/79 82/82/81 83/83/82
f 83/83/82 84/84/83 80/80/79
f 77/77/76 80/80/79 84/84/83
f 69/69/68 77/77/76 85/85/84
f 84/84/83 85/85/84 77/77/76
f 34/34/34 69/69/68 86/86/85
f 35/35/35 86/86/85 85/85/84
f 86/86/85 35/35/35 34/34/34
f 85/85/84 86/86/85 69/69/68
f 84/84/83 83/83/82 87/87/86
f 87/87/86 88/88/87 84/84/83
f 85/85/84 84/84/83 88/88/87
f 35/35/35 85/85/84 89/89/88
f 88/88/87 89/89/88 85/85/84
f 89/89/88 90/90/89 35/35/35
f 35/35/35 90/90/89 31/31/31
f 91/91/90 31/31/31 90/90/89
f 31/31/31 91/91/90 24/24/24
f 91/91/90 22/22/22 24/24/24
f 92/92/91 89/89/88 88/88/87
f 93/93/92 89/89/88 92/92/91
f 93/93/92 90/90/89 89/89/88
f 90/90/89 94/94/93 91/91/90
f 94/94/93 90/90/89 93/93/92
f 95/95/94 91/91/90 94/94/93
f 22/22/22 91/91/90 95/95/94
f 22/22/22 96/96/95 20/20/20
f 20/20/20 96/96/95 15/15/15
f 95/95/94 96/96/95 22/22/22
f 94/94/93 97/97/96 95/95/94
f 16/16/16 98/98/97 13/13/13
f 98/98/97 16/16/16 15/15/15
f 99/99/98 15/15/15 96/96/95
f 15/15/15 99/99/98 98/98/97
f 96/96/95 100/100/99 99/99/98
f 100/100/99 96/96/95 95/95/94
f 95/95/94 97/97/96 100/100/99
f 101/101/100 97/97/96 94/94/93
f 100/100/99 97/97/96 101/101/100
f 94/94/93 102/102/101 101/101/100
f 93/93/92 102/102/101 94/94/93
f 92/92/91 102/102/101 93/93/92
f 13/13/13 98/98/97 103/103/102
f 103/103/102 98/98/97 99/99/98
f 99/99/98 104/104/103 103/103/102
f 104/104/103 99/99/98 100/100/99
f 101/101/100 105/105/104 100/100/99
f 100/100/99 105/105/104 104/104/103
f 106/106/105 105/105/104 101/101/100
f 102/102/101 92/92/91 106/106/105
f 101/101/100 102/102/101 106/106/105
f 107/107/106 103/103/102 104/104/103
f 104/104/103 108/108/107 107/107/106
f 108/108/107 104/104/103 105/105/104
f 105/105/104 109/109/108 108/108/107
f 109/109/108 105/105/104 106/106/105
f 110/110/109 106/106/105 92/92/91
f 106/106/105 110/110/109 109/109/108
f 111/111/110 88/88/87 87/87/86
f 88/88/87 111/111/110 92/92/91
f 92/92/91 111/111/110 110/110/109
f 112/112/111 109/109/108 110/110/109
f 113/113/112 108/108/107 109/109/108
f 109/109/108 112/112/111 113/113/112
f 110/110/109 114/114/113 112/112/111
f 114/114/113 110/110/109 111/111/110
f 87/87/86 115/115/114 111/111/110
f 111/111/110 115/115/114 114/114/113
f 83/83/82 116/116/115 87/87/86
f 116/116/115 115/115/114 87/87/86
f 117/117/116 83/83/82 82/82/81
f 83/83/82 117/117/116 116/116/115
f 118/118/117 82/82/81 81/81/80
f 82/82/81 118/118/117 117/117/116
f 81/81/80 119/119/118 118/118/117
f 120/120/119 119/119/118 81/81/80
f 81/81/80 74/74/73 120/120/119
f 73/73/72 121/121/120 74/74/73
f 120/120/119 74/74/73 121/121/120
f 60/60/60 122/122/121 73/73/72
f 121/121/120 73/73/72 122/122/121
f 122/122/121 123/123/122 121/121/120
f 120/120/119 121/121/120 123/123/122
f 124/124/123 125/125/124 123/123/122
f 123/123/122 122/122/121 124/124/123
f 123/123/122 126/126/125 120/120/119
f 127/127/126 128/128/127 129/129/128
f 129/129/128 128/128/127 130/130/129
f 130/130/129 128/128/127 131/131/130
f 131/131/130 128/128/127 132/132/131
f 132/132/131 128/128/127 133/133/132
f 133/133/132 128/128/127 134/134/133
f 132/132/131 133/133/132 135/135/134
f 131/131/130 132/132/131 136/136/135
f 135/135/134 136/136/135 132/132/131
f 136/136/135 137/137/136 131/131/130
f 138/138/137 130/130/129 131/131/130
f 131/131/130 137/137/136 138/138/137
f 139/139/138 129/129/128 130/130/129
f 130/130/129 138/138/137 139/139/138
f 129/129/128 139/139/138 140/140/139
f 140/140/139 127/127/126 129/129/128
f 141/141/140 128/128/127 127/127/126
f 141/141/140 127/127/126 140/140/139
f 140/140/139 139/139/138 142/142/141
f 139/139/138 138/138/137 142/142/141
f 142/142/141 143/143/142 140/140/139
f 144/144/143 140/140/139 143/143/142
f 140/140/139 144/144/143 141/141/140
f 141/141/140 144/144/143 145/145/144
f 146/146/145 128/128/127 141/141/140
f 145/145/144 146/146/145 141/141/140
f 146/146/145 145/145/144 147/147/146
f 148/148/147 147/147/146 145/145/144
f 147/147/146 148/148/147 149/149/148
f 143/143/142 150/150/149 144/144/143
f 144/144/143 150/150/149 151/151/150
f 145/145/144 151/151/150 148/148/147
f 151/151/150 145/145/144 144/144/143
f 152/152/151 128/128/127 146/146/145
f 147/147/146 152/152/151 146/146/145
f 149/149/148 153/153/152 147/147/146
f 152/152/151 147/147/146 153/153/152
f 153/153/152 149/149/148 154/154/153
f 154/154/153 155/155/154 153/153/152
f 155/155/154 154/154/153 156/156/155
f 156/156/155 157/157/156 155/155/154
f 158/158/157 128/128/127 159/159/158
f 155/155/154 157/157/156 159/159/158
f 159/159/158 128/128/127 160/160/159
f 159/159/158 160/160/159 155/155/154
f 160/160/159 128/128/127 161/161/160
f 161/161/160 128/128/127 152/152/151
f 155/155/154 160/160/159 161/161/160
f 161/161/160 153/153/152 155/155/154
f 153/153/152 161/161/160 152/152/151
f 159/159/158 157/157/156 162/162/161
f 162/162/161 158/158/157 159/159/158
f 163/163/162 158/158/157 162/162/161
f 158/158/157 163/163/162 128/128/127
f 163/163/162 164/164/163 128/128/127
f 157/157/156 156/156/155 165/165/164
f 165/165/164 162/162/161 157/157/156
f 166/166/165 162/162/161 165/165/164
f 162/162/161 166/166/165 163/163/162
f 167/167/166 164/164/163 163/163/162
f 163/163/162 166/166/165 167/167/166
f 168/168/167 164/164/163 167/167/166
f 164/164/163 168/168/167 128/128/127
f 168/168/167 169/169/168 128/128/127
f 169/169/168 170/170/169 128/128/127
f 169/169/168 168/168/167 171/171/170
f 167/167/166 171/171/170 168/168/167
f 170/170/169 169/169/168 172/172/171
f 171/171/170 172/172/171 169/169/168
f 167/167/166 166/166/165 173/173/172
f 165/165/164 173/173/172 166/166/165
f 171/171/170 167/167/166 174/174/173
f 173/173/172 174/174/173 167/167/166
f 172/172/171 171/171/170 175/175/174
f 174/174/173 175/175/174 171/171/170
f 175/175/174 176/176/175 172/172/171
f 172/172/171 177/177/176 170/170/169
f 177/177/176 172/172/171 176/176/175
f 176/176/175 178/178/177 177/177/176
f 179/179/178 177/177/176 178/178/177
f 178/178/177 180/180/29 179/179/178
f 179/179/178 180/180/29 181/181/179
f 181/181/179 182/182/180 179/179/178
f 182/182/180 181/181/179 183/183/6
f 183/183/6 184/184/181 182/182/180
f 185/185/182 179/179/178 182/182/180
f 182/182/180 186/186/183 185/185/182
f 185/185/182 186/186/183 128/128/127
f 170/170/169 185/185/182 128/128/127
f 177/177/176 179/179/178 185/185/182
f 185/185/182 170/170/169 177/177/176
f 187/187/184 186/186/183 182/182/180
f 186/186/183 187/187/184 128/128/127
f 182/182/180 184/184/181 187/187/184
f 188/188/185 187/187/184 184/184/181
f 187/187/184 188/188/185 128/128/127
f 184/184/181 183/183/6 189/189/5
f 184/184/181 189/189/5 188/188/185
f 190/190/186 188/188/185 189/189/5
f 188/188/185 190/190/186 128/128/127
f 190/190/186 191/191/187 128/128/127
f 192/192/2 191/191/187 190/190/186
f 189/189/5 193/193/3 190/190/186
f 190/190/186 193/193/3 192/192/2
f 192/192/2 194/194/1 195/195/188
f 195/195/188 196/196/189 192/192/2
f 191/191/187 192/192/2 196/196/189
f 196/196/189 197/197/190 191/191/187
f 191/191/187 197/197/190 128/128/127
f 197/197/190 198/198/191 128/128/127
f 198/198/191 199/199/192 128/128/127
f 199/199/192 198/198/191 200/200/193
f 200/200/193 198/198/191 197/197/190
f 197/197/190 196/196/189 200/200/193
f 200/200/193 201/201/194 199/199/192
f 202/202/195 200/200/193 196/196/189
f 201/201/194 200/200/193 202/202/195
f 196/196/189 195/195/188 202/202/195
f 199/199/192 203/203/196 128/128/127
f 204/204/197 203/203/196 199/199/192
f 199/199/192 201/201/194 204/204/197
f 202/202/195 205/205/198 201/201/194
f 201/201/194 205/205/198 206/206/199
f 206/206/199 204/204/197 201/201/194
f 207/207/200 204/204/197 206/206/199
f 203/203/196 204/204/197 207/207/200
f 203/203/196 208/208/201 128/128/127
f 207/207/200 208/208/201 203/203/196
f 208/208/201 209/209/202 128/128/127
f 209/209/202 210/210/203 128/128/127
f 211/211/204 210/210/203 209/209/202
f 212/212/205 213/213/206 211/211/204
f 212/212/205 214/214/207 207/207/200
f 208/208/201 207/207/200 214/214/207
f 214/214/207 209/209/202 208/208/201
f 211/211/204 214/214/207 212/212/205
f 209/209/202 214/214/207 211/211/204
f 207/207/200 215/215/208 212/212/205
f 206/206/199 215/215/208 207/207/200
f 216/216/209 217/217/210 128/128/127
f 217/217/210 216/216/209 218/218/211
f 218/218/211 216/216/209 219/219/212
f 219/219/212 216/216/209 128/128/127
f 219/219/212 220/220/213 218/218/211
f 220/220/213 219/219/212 221/221/214
f 210/210/203 221/221/214 128/128/127
f 221/221/214 219/219/212 128/128/127
f 221/221/214 222/222/215 220/220/213
f 222/222/215 211/211/204 213/213/206
f 222/222/215 221/221/214 210/210/203
f 210/210/203 211/211/204 222/222/215
f 223/223/216 128/128/127 217/217/210
f 220/220/213 222/222/215 224/224/217
f 213/213/206 224/224/217 222/222/215
f 224/224/217 225/225/218 220/220/213
f 220/220/213 225/225/218 226/226/219
f 226/226/219 218/218/211 220/220/213
f 227/227/220 218/218/211 226/226/219
f 218/218/211 227/227/220 217/217/210
f 217/217/210 227/227/220 228/228/221
f 228/228/221 223/223/216 217/217/210
f 226/226/219 229/229/222 227/227/220
f 227/227/220 229/229/222 230/230/223
f 230/230/223 228/228/221 227/227/220
f 231/231/224 228/228/221 230/230/223
f 228/228/221 231/231/224 232/232/225
f 232/232/225 223/223/216 228/228/221
f 232/232/225 128/128/127 223/223/216
f 233/233/226 128/128/127 232/232/225
f 233/233/226 232/232/225 231/231/224
f 231/231/224 234/234/227 233/233/226
f 235/235/228 234/234/227 231/231/224
f 234/234/227 235/235/228 236/236/229
f 231/231/224 237/237/230 235/235/228
f 230/230/223 237/237/230 231/231/224
f 238/238/231 128/128/127 233/233/226
f 238/238/231 233/233/226 234/234/227
f 234/234/227 239/239/232 238/238/231
f 236/236/229 239/239/232 234/234/227
f 239/239/232 236/236/229 240/240/233
f 240/240/233 241/241/234 239/239/232
f 242/242/235 128/128/127 238/238/231
f 242/242/235 238/238/231 239/239/232
f 239/239/232 241/241/234 242/242/235
f 243/243/236 128/128/127 242/242/235
f 243/243/236 242/242/235 241/241/234
f 244/244/237 241/241/234 240/240/233
f 241/241/234 244/244/237 243/243/236
f 245/245/238 128/128/127 243/243/236
f 245/245/238 243/243/236 244/244/237
f 134/134/133 128/128/127 246/246/239
f 246/246/239 128/128/127 245/245/238
f 247/247/240 134/134/133 246/246/239
f 133/133/132 134/134/133 247/247/240
f 247/247/240 135/135/134 133/133/132
f 136/136/135 135/135/134 248/248/241
f 248/248/241 249/249/242 136/136/135
f 250/250/243 248/248/241 135/135/134
f 135/135/134 247/247/240 250/250/243
f 246/246/239 251/251/244 247/247/240
f 250/250/243 247/247/240 251/251/244
f 244/244/237 252/252/245 245/245/238
f 252/252/245 251/251/244 246/246/239
f 246/246/239 245/245/238 252/252/245
f 251/251/244 252/252/245 253/253/246
f 253/253/246 252/252/245 244/244/237
f 240/240/233 254/254/247 244/244/237
f 244/244/237 254/254/247 253/253/246
f 251/251/244 255/255/248 250/250/243
f 253/253/246 255/255/248 251/251/244
f 256/256/249 257/257/250 258/258/251
f 258/258/251 259/259/252 256/256/249
f 260/260/253 259/259/252 258/258/251
f 261/261/254 258/258/251 257/257/250
f 261/261/254 257/257/250 262/262/255
f 257/257/250 256/256/249 263/263/256
f 263/263/256 262/262/255 257/257/250
f 264/264/257 263/263/256 256/256/249
f 262/262/255 265/265/258 261/261/254
f 266/266/259 259/259/252 260/260/253
f 260/260/253 267/267/260 266/266/259
f 268/268/261 259/259/252 266/266/259
f 256/256/249 259/259/252 268/268/261
f 256/256/249 269/269/262 264/264/257
f 268/268/261 269/269/262 256/256/249
f 270/270/263 264/264/257 269/269/262
f 271/271/264 269/269/262 268/268/261
f 269/269/262 271/271/264 270/270/263
f 272/272/265 270/270/263 271/271/264
f 271/271/264 273/273/266 272/272/265
f 274/274/267 272/272/265 273/273/266
f 268/268/261 275/275/268 271/271/264
f 273/273/266 271/271/264 275/275/268
f 266/266/259 276/276/269 268/268/261
f 275/275/268 268/268/261 276/276/269
f 276/276/269 266/266/259 277/277/270
f 278/278/271 277/277/270 266/266/259
f 266/266/259 267/267/260 278/278/271
f 277/277/270 278/278/271 279/279/272
f 280/280/273 281/281/274 282/282/275
f 281/281/274 280/280/273 283/283/276
f 283/283/276 284/284/277 281/281/274
f 281/281/274 284/284/277 274/274/267
f 274/274/267 285/285/278 281/281/274
f 273/273/266 285/285/278 274/274/267
f 285/285/278 273/273/266 286/286/279
f 275/275/268 286/286/279 273/273/266
f 276/276/269 287/287/280 275/275/268
f 286/286/279 275/275/268 287/287/280
f 288/288/281 289/289/282 290/290/283
f 291/291/284 287/287/280 289/289/282
f 289/289/282 288/288/281 291/291/284
f 287/287/280 291/291/284 286/286/279
f 292/292/285 291/291/284 288/288/281
f 281/281/274 285/285/278 293/293/286
f 282/282/275 293/293/286 292/292/285
f 293/293/286 282/282/275 281/281/274
f 286/286/279 293/293/286 285/285/278
f 293/293/286 286/286/279 291/291/284
f 291/291/284 292/292/285 293/293/286
f 294/294/287 290/290/283 289/289/282
f 290/290/283 294/294/287 295/295/288
f 289/289/282 296/296/289 294/294/287
f 296/296/289 289/289/282 287/287/280
f 287/287/280 276/276/269 296/296/289
f 277/277/270 296/296/289 276/276/269
f 279/279/272 297/297/290 277/277/270
f 297/297/290 294/294/287 296/296/289
f 296/296/289 277/277/270 297/297/290
f 294/294/287 297/297/290 298/298/291
f 298/298/291 295/295/288 294/294/287
f 295/295/288 298/298/291 299/299/292
f 300/300/293 298/298/291 297/297/290
f 297/297/290 279/279/272 300/300/293
f 301/301/294 299/299/292 298/298/291
f 298/298/291 300/300/293 301/301/294
f 299/299/292 301/301/294 302/302/295
f 302/302/295 303/303/296 304/304/297
f 304/304/297 305/305/298 302/302/295
f 302/302/295 305/305/298 299/299/292
f 299/299/292 306/306/299 295/295/288
f 306/306/299 299/299/292 305/305/298
f 295/295/288 307/307/300 290/290/283
f 307/307/300 295/295/288 306/306/299
f 308/308/301 290/290/283 307/307/300
f 290/290/283 308/308/301 288/288/281
f 288/288/281 308/308/301 309/309/302
f 310/310/303 311/311/304 312/312/305
f 312/312/305 311/311/304 313/313/306
f 313/313/306 314/314/307 312/312/305
f 312/312/305 314/314/307 309/309/302
f 310/310/303 312/312/305 315/315/308
f 315/315/308 309/309/302 308/308/301
f 309/309/302 315/315/308 312/312/305
f 308/308/301 316/316/309 315/315/308
f 307/307/300 316/316/309 308/308/301
f 306/306/299 317/317/310 307/307/300
f 316/316/309 307/307/300 317/317/310
f 318/318/311 319/319/312 320/320/313
f 320/320/313 321/321/314 318/318/311
f 322/322/315 318/318/311 321/321/314
f 321/321/314 323/323/316 322/322/315
f 322/322/315 323/323/316 324/324/317
f 315/315/308 316/316/309 324/324/317
f 317/317/310 324/324/317 316/316/309
f 324/324/317 317/317/310 322/322/315
f 324/324/317 325/325/318 315/315/308
f 315/315/308 325/325/318 310/310/303
f 326/326/319 321/321/314 320/320/313
f 321/321/314 326/326/319 327/327/320
f 327/327/320 323/323/316 321/321/314
f 323/323/316 327/327/320 328/328/321
f 328/328/321 324/324/317 323/323/316
f 329/329/322 325/325/318 324/324/317
f 324/324/317 328/328/321 329/329/322
f 325/325/318 329/329/322 330/330/323
f 330/330/323 310/310/303 325/325/318
f 331/331/324 311/311/304 310/310/303
f 310/310/303 330/330/323 331/331/324
f 332/332/325 331/331/324 330/330/323
f 330/330/323 333/333/326 332/332/325
f 334/334/327 332/332/325 333/333/326
f 335/335/328 333/333/326 330/330/323
f 330/330/323 329/329/322 335/335/328
f 329/329/322 328/328/321 336/336/329
f 336/336/329 335/335/328 329/329/322
f 337/337/330 336/336/329 328/328/321
f 328/328/321 327/327/320 337/337/330
f 327/327/320 326/326/319 338/338/331
f 338/338/331 337/337/330 327/327/320
f 339/339/332 340/340/333 341/341/334
f 333/333/326 342/342/335 334/334/327
f 340/340/333 334/334/327 342/342/335
f 342/342/335 341/341/334 340/340/333
f 333/333/326 335/335/328 343/343/336
f 343/343/336 342/342/335 333/333/326
f 344/344/337 343/343/336 335/335/328
f 335/335/328 336/336/329 344/344/337
f 336/336/329 337/337/330 345/345/338
f 345/345/338 344/344/337 336/336/329
f 342/342/335 343/343/336 346/346/339
f 346/346/339 341/341/334 342/342/335
f 347/347/340 346/346/339 343/343/336
f 343/343/336 344/344/337 347/347/340
f 344/344/337 345/345/338 348/348/341
f 348/348/341 347/347/340 344/344/337
f 349/349/342 348/348/341 345/345/338
f 345/345/338 350/350/343 349/349/342
f 350/350/343 345/345/338 337/337/330
f 337/337/330 338/338/331 350/350/343
f 351/351/344 349/349/342 350/350/343
f 352/352/345 350/350/343 338/338/331
f 350/350/343 352/352/345 351/351/344
f 353/353/346 351/351/344 352/352/345
f 348/348/341 349/349/342 354/354/347
f 347/347/340 348/348/341 355/355/348
f 354/354/347 355/355/348 348/348/341
f 346/346/339 347/347/340 356/356/349
f 355/355/348 356/356/349 347/347/340
f 341/341/334 346/346/339 357/357/350
f 356/356/349 357/357/350 346/346/339
f 341/341/334 358/358/351 339/339/332
f 357/357/350 358/358/351 341/341/334
f 359/359/352 339/339/332 358/358/351
f 358/358/351 360/360/353 359/359/352
f 349/349/342 351/351/344 361/361/354
f 361/361/354 354/354/347 349/349/342
f 362/362/355 361/361/354 351/351/344
f 351/351/344 353/353/346 362/362/355
f 361/361/354 362/362/355 363/363/356
f 363/363/356 364/364/357 361/361/354
f 354/354/347 361/361/354 364/364/357
f 355/355/348 354/354/347 365/365/358
f 364/364/357 365/365/358 354/354/347
f 356/356/349 355/355/348 366/366/359
f 365/365/358 366/366/359 355/355/348
f 357/357/350 356/356/349 367/367/360
f 366/366/359 367/367/360 356/356/349
f 358/358/351 357/357/350 368/368/361
f 368/368/361 360/360/353 358/358/351
f 367/367/360 368/368/361 357/357/350
f 367/367/360 366/366/359 369/369/362
f 366/366/359 365/365/358 370/370/363
f 370/370/363 369/369/362 366/366/359
f 371/371/364 364/364/357 363/363/356
f 365/365/358 364/364/357 371/371/364
f 371/371/364 370/370/363 365/365/358
f 369/369/362 370/370/363 372/372/365
f 372/372/365 370/370/363 371/371/364
f 371/371/364 373/373/366 372/372/365
f 372/372/365 373/373/366 374/374/367
f 374/374/367 373/373/366 375/375/368
f 375/375/368 376/376/369 374/374/367
f 376/376/369 375/375/368 377/377/370
f 378/378/371 379/379/372 377/377/370
f 379/379/372 378/378/371 380/380/373
f 381/381/374 377/377/370 375/375/368
f 377/377/370 381/381/374 378/378/371
f 382/382/375 375/375/368 373/373/366
f 373/373/366 371/371/364 382/382/375
f 363/363/356 382/382/375 371/371/364
f 375/375/368 382/382/375 381/381/374
f 383/383/376 363/363/356 362/362/355
f 382/382/375 363/363/356 383/383/376
f 383/383/376 381/381/374 382/382/375
f 384/384/377 378/378/371 381/381/374
f 381/381/374 383/383/376 384/384/377
f 385/385/378 380/380/373 378/378/371
f 378/378/371 384/384/377 385/385/378
f 380/380/373 385/385/378 386/386/379
f 387/387/380 388/388/381 386/386/379
f 386/386/379 389/389/382 387/387/380
f 389/389/382 386/386/379 385/385/378
f 385/385/378 390/390/383 389/389/382
f 390/390/383 385/385/378 384/384/377
f 384/384/377 391/391/384 390/390/383
f 392/392/385 391/391/384 384/384/377
f 384/384/377 383/383/376 392/392/385
f 362/362/355 392/392/385 383/383/376
f 392/392/385 362/362/355 353/353/346
f 391/391/384 393/393/386 394/394/387
f 394/394/387 390/390/383 391/391/384
f 353/353/346 395/395/388 392/392/385
f 391/391/384 392/392/385 395/395/388
f 395/395/388 393/393/386 391/391/384
f 395/395/388 353/353/346 396/396/389
f 352/352/345 396/396/389 353/353/346
f 396/396/389 397/397/390 395/395/388
f 393/393/386 395/395/388 397/397/390
f 397/397/390 398/398/391 393/393/386
f 399/399/392 394/394/387 393/393/386
f 393/393/386 398/398/391 399/399/392
f 400/400/393 399/399/392 398/398/391
f 401/401/394 399/399/392 400/400/393
f 394/394/387 399/399/392 401/401/394
f 400/400/393 402/402/395 401/401/394
f 401/401/394 402/402/395 403/403/396
f 402/402/395 400/400/393 404/404/397
f 404/404/397 405/405/398 402/402/395
f 402/402/395 405/405/398 406/406/399
f 406/406/399 403/403/396 402/402/395
f 403/403/396 406/406/399 407/407/400
f 407/407/400 408/408/401 403/403/396
f 403/403/396 409/409/402 401/401/394
f 409/409/402 403/403/396 408/408/401
f 401/401/394 410/410/403 394/394/387
f 410/410/403 401/401/394 409/409/402
f 390/390/383 394/394/387 410/410/403
f 410/410/403 389/389/382 390/390/383
f 411/411/404 387/387/380 389/389/382
f 409/409/402 411/411/404 410/410/403
f 389/389/382 410/410/403 411/411/404
f 408/408/401 412/412/405 409/409/402
f 411/411/404 409/409/402 412/412/405
f 413/413/406 408/408/401 407/407/400
f 413/413/406 412/412/405 408/408/401
f 412/412/405 414/414/407 411/411/404
f 387/387/380 411/411/404 414/414/407
f 413/413/406 414/414/407 412/412/405
f 413/413/406 415/415/408 416/416/409
f 414/414/407 417/417/410 387/387/380
f 388/388/381 387/387/380 417/417/410
f 417/417/410 416/416/409 388/388/381
f 413/413/406 417/417/410 414/414/407
f 413/413/406 416/416/409 417/417/410
f 418/418/411 419/419/412 420/420/413
f 419/419/412 418/418/411 421/421/414
f 422/422/415 421/421/414 418/418/411
f 418/418/411 379/379/372 422/422/415
f 380/380/373 422/422/415 379/379/372
f 421/421/414 422/422/415 423/423/416
f 386/386/379 424/424/417 380/380/373
f 424/424/417 423/423/416 422/422/415
f 424/424/417 386/386/379 388/388/381
f 422/422/415 380/380/373 424/424/417
f 425/425/418 388/388/381 416/416/409
f 388/388/381 425/425/418 424/424/417
f 423/423/416 424/424/417 425/425/418
f 416/416/409 415/415/408 425/425/418
f 426/426/419 419/419/412 427/427/420
f 427/427/420 428/428/421 426/426/419
f 427/427/420 419/419/412 429/429/422
f 421/421/414 429/429/422 419/419/412
f 423/423/416 430/430/423 421/421/414
f 429/429/422 421/421/414 430/430/423
f 425/425/418 431/431/424 423/423/416
f 431/431/424 425/425/418 415/415/408
f 430/430/423 423/423/416 431/431/424
f 431/431/424 432/432/425 430/430/423
f 432/432/425 433/433/426 434/434/427
f 413/413/406 434/434/427 433/433/426
f 435/435/428 433/433/426 432/432/425
f 413/413/406 433/433/426 435/435/428
f 413/413/406 435/435/428 415/415/408
f 415/415/408 435/435/428 431/431/424
f 432/432/425 431/431/424 435/435/428
f 436/436/429 437/437/430 438/438/431
f 413/413/406 439/439/432 436/436/429
f 437/437/430 436/436/429 439/439/432
f 439/439/432 440/440/433 437/437/430
f 413/413/406 441/441/434 439/439/432
f 440/440/433 439/439/432 441/441/434
f 441/441/434 442/442/435 440/440/433
f 442/442/435 441/441/434 443/443/436
f 413/413/406 443/443/436 441/441/434
f 413/413/406 436/436/429 444/444/437
f 438/438/431 444/444/437 436/436/429
f 413/413/406 444/444/437 445/445/438
f 413/413/406 445/445/438 446/446/439
f 413/413/406 446/446/439 447/447/440
f 413/413/406 447/447/440 448/448/441
f 413/413/406 448/448/441 449/449/442
f 448/448/441 447/447/440 450/450/443
f 450/450/443 447/447/440 446/446/439
f 451/451/444 446/446/439 445/445/438
f 446/446/439 451/451/444 450/450/443
f 452/452/445 445/445/438 444/444/437
f 444/444/437 438/438/431 452/452/445
f 445/445/438 452/452/445 451/451/444
f 450/450/443 453/453/446 448/448/441
f 454/454/447 453/453/446 450/450/443
f 449/449/442 448/448/441 453/453/446
f 450/450/443 455/455/448 454/454/447
f 456/456/449 454/454/447 455/455/448
f 455/455/448 450/450/443 451/451/444
f 457/457/450 456/456/449 458/458/451
f 455/455/448 458/458/451 456/456/449
f 459/459/452 451/451/444 452/452/445
f 458/458/451 455/455/448 459/459/452
f 451/451/444 459/459/452 455/455/448
f 457/457/450 460/460/453 461/461/454
f 460/460/453 457/457/450 462/462/455
f 458/458/451 462/462/455 457/457/450
f 459/459/452 463/463/456 458/458/451
f 462/462/455 458/458/451 463/463/456
f 464/464/457 452/452/445 438/438/431
f 463/463/456 459/459/452 464/464/457
f 452/452/445 464/464/457 459/459/452
f 438/438/431 465/465/458 464/464/457
f 465/465/458 438/438/431 437/437/430
f 466/466/459 465/465/458 467/467/460
f 437/437/430 467/467/460 465/465/458
f 467/467/460 437/437/430 440/440/433
f 464/464/457 468/468/461 463/463/456
f 465/465/458 466/466/459 468/468/461
f 468/468/461 464/464/457 465/465/458
f 463/463/456 469/469/462 462/462/455
f 469/469/462 463/463/456 468/468/461
f 470/470/463 468/468/461 466/466/459
f 468/468/461 470/470/463 469/469/462
f 466/466/459 471/471/464 470/470/463
f 471/471/464 466/466/459 472/472/465
f 467/467/460 472/472/465 466/466/459
f 473/473/466 440/440/433 442/442/435
f 472/472/465 467/467/460 473/473/466
f 440/440/433 473/473/466 467/467/460
f 462/462/455 474/474/467 460/460/453
f 474/474/467 462/462/455 469/469/462
f 469/469/462 475/475/468 474/474/467
f 475/475/468 469/469/462 470/470/463
f 470/470/463 476/476/469 475/475/468
f 476/476/469 470/470/463 471/471/464
f 471/471/464 477/477/470 476/476/469
f 478/478/471 476/476/469 477/477/470
f 477/477/470 479/479/472 478/478/471
f 480/480/473 478/478/471 479/479/472
f 478/478/471 480/480/473 481/481/474
f 482/482/475 475/475/468 476/476/469
f 476/476/469 478/478/471 482/482/475
f 481/481/474 482/482/475 478/478/471
f 483/483/476 474/474/467 475/475/468
f 475/475/468 482/482/475 483/483/476
f 484/484/477 460/460/453 474/474/467
f 474/474/467 483/483/476 484/484/477
f 460/460/453 484/484/477 485/485/478
f 485/485/478 461/461/454 460/460/453
f 486/486/479 483/483/476 482/482/475
f 482/482/475 481/481/474 486/486/479
f 483/483/476 486/486/479 487/487/480
f 487/487/480 484/484/477 483/483/476
f 484/484/477 487/487/480 488/488/481
f 488/488/481 485/485/478 484/484/477
f 489/489/482 488/488/481 487/487/480
f 456/456/449 457/457/450 490/490/483
f 461/461/454 491/491/484 457/457/450
f 490/490/483 457/457/450 491/491/484
f 492/492/485 491/491/484 461/461/454
f 461/461/454 493/493/486 492/492/485
f 493/493/486 461/461/454 485/485/478
f 485/485/478 494/494/487 493/493/486
f 494/494/487 485/485/478 488/488/481
f 488/488/481 495/495/488 494/494/487
f 495/495/488 488/488/481 489/489/482
f 489/489/482 496/496/489 495/495/488
f 491/491/484 492/492/485 497/497/490
f 497/497/490 498/498/491 491/491/484
f 491/491/484 498/498/491 490/490/483
f 498/498/491 497/497/490 499/499/492
f 493/493/486 494/494/487 500/500/493
f 492/492/485 493/493/486 501/501/494
f 500/500/493 501/501/494 493/493/486
f 501/501/494 502/502/495 492/492/485
f 503/503/496 497/497/490 492/492/485
f 492/492/485 502/502/495 503/503/496
f 504/504/497 499/499/492 497/497/490
f 497/497/490 503/503/496 504/504/497
f 505/505/498 499/499/492 504/504/497
f 426/426/419 428/428/421 505/505/498
f 499/499/492 505/505/498 428/428/421
f 428/428/421 427/427/420 506/506/499
f 506/506/499 490/490/483 498/498/491
f 499/499/492 507/507/500 498/498/491
f 498/498/491 507/507/500 506/506/499
f 506/506/499 507/507/500 428/428/421
f 428/428/421 507/507/500 499/499/492
f 490/490/483 506/506/499 508/508/501
f 508/508/501 506/506/499 427/427/420
f 508/508/501 509/509/502 490/490/483
f 454/454/447 456/456/449 509/509/502
f 490/490/483 509/509/502 456/456/449
f 509/509/502 510/510/503 454/454/447
f 510/510/503 509/509/502 508/508/501
f 453/453/446 454/454/447 510/510/503
f 508/508/501 511/511/504 510/510/503
f 512/512/505 510/510/503 511/511/504
f 453/453/446 512/512/505 449/449/442
f 510/510/503 512/512/505 453/453/446
f 511/511/504 513/513/506 512/512/505
f 413/413/406 449/449/442 514/514/507
f 514/514/507 449/449/442 512/512/505
f 512/512/505 513/513/506 514/514/507
f 413/413/406 515/515/508 434/434/427
f 413/413/406 514/514/507 515/515/508
f 514/514/507 513/513/506 516/516/509
f 516/516/509 513/513/506 511/511/504
f 516/516/509 515/515/508 514/514/507
f 434/434/427 517/517/510 432/432/425
f 517/517/510 434/434/427 515/515/508
f 515/515/508 516/516/509 517/517/510
f 517/517/510 516/516/509 518/518/511
f 518/518/511 511/511/504 508/508/501
f 511/511/504 518/518/511 516/516/509
f 430/430/423 519/519/512 429/429/422
f 432/432/425 517/517/510 519/519/512
f 519/519/512 430/430/423 432/432/425
f 518/518/511 519/519/512 517/517/510
f 519/519/512 518/518/511 520/520/513
f 427/427/420 520/520/513 508/508/501
f 520/520/513 429/429/422 519/519/512
f 508/508/501 520/520/513 518/518/511
f 429/429/422 520/520/513 427/427/420
f 413/413/406 407/407/400 521/521/514
f 521/521/514 407/407/400 406/406/399
f 413/413/406 521/521/514 522/522/515
f 413/413/406 522/522/515 443/443/436
f 443/443/436 523/523/516 442/442/435
f 523/523/516 443/443/436 522/522/515
f 442/442/435 524/524/517 473/473/466
f 524/524/517 442/442/435 523/523/516
f 525/525/518 522/522/515 521/521/514
f 522/522/515 525/525/518 523/523/516
f 526/526/519 523/523/516 525/525/518
f 523/523/516 526/526/519 524/524/517
f 524/524/517 526/526/519 527/527/520
f 527/527/520 528/528/521 524/524/517
f 529/529/522 528/528/521 527/527/520
f 528/528/521 529/529/522 530/530/523
f 530/530/523 529/529/522 531/531/524
f 531/531/524 532/532/525 530/530/523
f 533/533/526 527/527/520 526/526/519
f 525/525/518 534/534/527 526/526/519
f 526/526/519 534/534/527 533/533/526
f 535/535/528 531/531/524 529/529/522
f 535/535/528 529/529/522 536/536/529
f 527/527/520 536/536/529 529/529/522
f 527/527/520 533/533/526 537/537/530
f 537/537/530 536/536/529 527/527/520
f 537/537/530 533/533/526 538/538/531
f 538/538/531 533/533/526 534/534/527
f 534/534/527 539/539/532 538/538/531
f 539/539/532 534/534/527 525/525/518
f 525/525/518 540/540/533 539/539/532
f 521/521/514 540/540/533 525/525/518
f 406/406/399 540/540/533 521/521/514
f 539/539/532 540/540/533 541/541/534
f 542/542/535 536/536/529 537/537/530
f 542/542/535 535/535/528 536/536/529
f 539/539/532 541/541/534 543/543/536
f 539/539/532 543/543/536 538/538/531
f 538/538/531 544/544/537 537/537/530
f 544/544/537 538/538/531 543/543/536
f 545/545/538 537/537/530 544/544/537
f 537/537/530 545/545/538 542/542/535
f 546/546/539 542/542/535 545/545/538
f 545/545/538 547/547/540 546/546/539
f 546/546/539 547/547/540 548/548/541
f 549/549/542 548/548/541 547/547/540
f 548/548/541 549/549/542 550/550/543
f 550/550/543 549/549/542 551/551/544
f 551/551/544 552/552/545 550/550/543
f 553/553/546 554/554/547 543/543/536
f 543/543/536 554/554/547 544/544/537
f 555/555/548 544/544/537 554/554/547
f 544/544/537 555/555/548 545/545/538
f 545/545/538 555/555/548 556/556/549
f 556/556/549 547/547/540 545/545/538
f 547/547/540 556/556/549 549/549/542
f 551/551/544 549/549/542 556/556/549
f 556/556/549 557/557/550 551/551/544
f 557/557/550 556/556/549 555/555/548
f 551/551/544 557/557/550 558/558/551
f 554/554/547 559/559/552 555/555/548
f 555/555/548 559/559/552 557/557/550
f 560/560/553 558/558/551 557/557/550
f 554/554/547 553/553/546 560/560/553
f 560/560/553 559/559/552 554/554/547
f 557/557/550 559/559/552 560/560/553
f 561/561/554 560/560/553 553/553/546
f 558/558/551 560/560/553 561/561/554
f 561/561/554 562/562/555 558/558/551
f 558/558/551 563/563/556 551/551/544
f 563/563/556 558/558/551 562/562/555
f 564/564/557 552/552/545 551/551/544
f 551/551/544 563/563/556 564/564/557
f 552/552/545 564/564/557 565/565/558
f 565/565/558 566/566/559 552/552/545
f 566/566/559 565/565/558 567/567/560
f 567/567/560 568/568/561 566/566/559
f 569/569/562 568/568/561 567/567/560
f 570/570/563 568/568/561 569/569/562
f 571/571/564 566/566/559 568/568/561
f 566/566/559 571/571/564 552/552/545
f 568/568/561 570/570/563 571/571/564
f 552/552/545 571/571/564 572/572/565
f 552/552/545 572/572/565 573/573/566
f 569/569/562 574/574/567 570/570/563
f 575/575/568 574/574/567 569/569/562
f 569/569/562 576/576/569 575/575/568
f 577/577/570 575/575/568 576/576/569
f 576/576/569 578/578/571 577/577/570
f 579/579/572 577/577/570 578/578/571
f 578/578/571 580/580/573 579/579/572
f 580/580/573 304/304/297 303/303/296
f 303/303/296 579/579/572 580/580/573
f 567/567/560 581/581/574 569/569/562
f 576/576/569 569/569/562 581/581/574
f 578/578/571 576/576/569 582/582/575
f 581/581/574 582/582/575 576/576/569
f 580/580/573 578/578/571 583/583/576
f 582/582/575 583/583/576 578/578/571
f 584/584/577 583/583/576 582/582/575
f 320/320/313 319/319/312 584/584/577
f 583/583/576 584/584/577 319/319/312
f 582/582/575 585/585/578 584/584/577
f 585/585/578 582/582/575 581/581/574
f 586/586/579 581/581/574 567/567/560
f 581/581/574 586/586/579 585/585/578
f 587/587/580 567/567/560 565/565/558
f 565/565/558 564/564/557 587/587/580
f 567/567/560 587/587/580 586/586/579
f 588/588/581 584/584/577 585/585/578
f 584/584/577 588/588/581 320/320/313
f 585/585/578 589/589/582 588/588/581
f 589/589/582 585/585/578 586/586/579
f 586/586/579 590/590/583 589/589/582
f 590/590/583 586/586/579 587/587/580
f 587/587/580 591/591/584 590/590/583
f 591/591/584 587/587/580 564/564/557
f 562/562/555 591/591/584 563/563/556
f 564/564/557 563/563/556 591/591/584
f 591/591/584 562/562/555 592/592/539
f 592/592/539 590/590/583 591/591/584
f 592/592/539 562/562/555 561/561/554
f 590/590/583 592/592/539 593/593/585
f 593/593/585 589/589/582 590/590/583
f 594/594/586 588/588/581 589/589/582
f 589/589/582 593/593/585 594/594/586
f 595/595/587 320/320/313 588/588/581
f 320/320/313 595/595/587 326/326/319
f 588/588/581 594/594/586 595/595/587
f 396/396/389 352/352/345 596/596/588
f 338/338/331 596/596/588 352/352/345
f 596/596/588 338/338/331 326/326/319
f 326/326/319 595/595/587 596/596/588
f 597/597/589 596/596/588 595/595/587
f 595/595/587 594/594/586 597/597/589
f 397/397/390 396/396/389 597/597/589
f 596/596/588 597/597/589 396/396/389
f 598/598/590 398/398/391 397/397/390
f 594/594/586 593/593/585 598/598/590
f 598/598/590 597/597/589 594/594/586
f 597/597/589 598/598/590 397/397/390
f 561/561/554 599/599/591 592/592/539
f 593/593/585 592/592/539 599/599/591
f 599/599/591 598/598/590 593/593/585
f 398/398/391 600/600/592 400/400/393
f 599/599/591 600/600/592 598/598/590
f 598/598/590 600/600/592 398/398/391
f 601/601/593 600/600/592 599/599/591
f 599/599/591 561/561/554 601/601/593
f 553/553/546 601/601/593 561/561/554
f 400/400/393 600/600/592 601/601/593
f 601/601/593 404/404/397 400/400/393
f 601/601/593 553/553/546 602/602/594
f 543/543/536 602/602/594 553/553/546
f 602/602/594 404/404/397 601/601/593
f 405/405/398 404/404/397 602/602/594
f 603/603/595 543/543/536 541/541/534
f 540/540/533 603/603/595 541/541/534
f 603/603/595 602/602/594 543/543/536
f 603/603/595 540/540/533 406/406/399
f 602/602/594 603/603/595 405/405/398
f 406/406/399 405/405/398 603/603/595
f 604/604/596 605/605/597 606/606/598
f 605/605/597 604/604/596 607/607/599
f 607/607/599 608/608/600 605/605/597
f 605/605/597 608/608/600 609/609/601
f 606/606/598 605/605/597 610/610/602
f 609/609/601 610/610/602 605/605/597
f 610/610/602 611/611/603 606/606/598
f 612/612/604 606/606/598 611/611/603
f 611/611/603 613/613/605 612/612/604
f 612/612/604 613/613/605 614/614/606
f 615/615/607 614/614/606 613/613/605
f 613/613/605 616/616/608 615/615/607
f 617/617/609 608/608/600 607/607/599
f 618/618/610 609/609/601 608/608/600
f 608/608/600 617/617/609 618/618/610
f 610/610/602 609/609/601 619/619/611
f 619/619/611 609/609/601 618/618/610
f 619/619/611 620/620/612 610/610/602
f 611/611/603 610/610/602 620/620/612
f 620/620/612 621/621/613 611/611/603
f 613/613/605 611/611/603 621/621/613
f 621/621/613 622/622/614 613/613/605
f 616/616/608 613/613/605 622/622/614
f 622/622/614 621/621/613 623/623/615
f 624/624/616 621/621/613 620/620/612
f 623/623/615 621/621/613 624/624/616
f 620/620/612 625/625/617 624/624/616
f 625/625/617 620/620/612 619/619/611
f 619/619/611 626/626/618 625/625/617
f 618/618/610 626/626/618 619/619/611
f 626/626/618 618/618/610 627/627/619
f 625/625/617 626/626/618 627/627/619
f 628/628/620 618/618/610 617/617/609
f 627/627/619 618/618/610 628/628/620
f 624/624/616 625/625/617 629/629/621
f 627/627/619 629/629/621 625/625/617
f 624/624/616 630/630/622 623/623/615
f 631/631/623 632/632/624 633/633/625
f 617/617/609 634/634/626 628/628/620
f 633/633/625 634/634/626 631/631/623
f 635/635/627 628/628/620 634/634/626
f 634/634/626 633/633/625 635/635/627
f 636/636/628 628/628/620 635/635/627
f 628/628/620 636/636/628 627/627/619
f 637/637/629 629/629/621 627/627/619
f 635/635/627 637/637/629 636/636/628
f 627/627/619 636/636/628 637/637/629
f 629/629/621 638/638/630 624/624/616
f 638/638/630 629/629/621 637/637/629
f 637/637/629 635/635/627 639/639/631
f 639/639/631 635/635/627 633/633/625
f 639/639/631 638/638/630 637/637/629
f 640/640/632 633/633/625 632/632/624
f 633/633/625 640/640/632 639/639/631
f 638/638/630 639/639/631 641/641/633
f 641/641/633 639/639/631 640/640/632
f 642/642/634 630/630/622 624/624/616
f 624/624/616 638/638/630 642/642/634
f 641/641/633 642/642/634 638/638/630
f 640/640/632 643/643/219 641/641/633
f 644/644/635 645/645/636 646/646/637
f 647/647/638 646/646/637 645/645/636
f 648/648/639 646/646/637 647/647/638
f 647/647/638 649/649/640 648/648/639
f 632/632/624 650/650/641 640/640/632
f 650/650/641 648/648/639 649/649/640
f 643/643/219 640/640/632 650/650/641
f 650/650/641 651/651/642 643/643/219
f 649/649/640 651/651/642 650/650/641
f 645/645/636 652/652/643 647/647/638
f 653/653/644 644/644/635 654/654/645
f 646/646/637 654/654/645 644/644/635
f 646/646/637 648/648/639 655/655/646
f 655/655/646 654/654/645 646/646/637
f 656/656/647 655/655/646 648/648/639
f 648/648/639 650/650/641 656/656/647
f 656/656/647 650/650/641 657/657/504
f 657/657/504 650/650/641 632/632/624
f 658/658/648 632/632/624 631/631/623
f 632/632/624 658/658/648 657/657/504
f 655/655/646 656/656/647 659/659/649
f 659/659/649 660/660/650 655/655/646
f 654/654/645 655/655/646 660/660/650
f 657/657/504 661/661/651 656/656/647
f 659/659/649 656/656/647 661/661/651
f 662/662/652 657/657/504 658/658/648
f 661/661/651 657/657/504 662/662/652
f 607/607/599 604/604/596 663/663/653
f 658/658/648 663/663/653 662/662/652
f 663/663/653 664/664/654 607/607/599
f 617/617/609 607/607/599 664/664/654
f 664/664/654 663/663/653 658/658/648
f 665/665/655 662/662/652 663/663/653
f 663/663/653 604/604/596 665/665/655
f 606/606/598 665/665/655 604/604/596
f 666/666/656 665/665/655 606/606/598
f 606/606/598 612/612/604 666/666/656
f 665/665/655 666/666/656 662/662/652
f 662/662/652 667/667/657 661/661/651
f 667/667/657 662/662/652 668/668/658
f 662/662/652 666/666/656 668/668/658
f 669/669/659 668/668/658 666/666/656
f 666/666/656 670/670/660 669/669/659
f 671/671/661 669/669/659 670/670/660
f 670/670/660 672/672/662 671/671/661
f 673/673/663 671/671/661 672/672/662
f 674/674/664 668/668/658 669/669/659
f 668/668/658 674/674/664 667/667/657
f 675/675/665 672/672/662 670/670/660
f 672/672/662 675/675/665 676/676/666
f 671/671/661 673/673/663 677/677/667
f 677/677/667 673/673/663 678/678/668
f 652/652/643 645/645/636 678/678/668
f 677/677/667 679/679/669 671/671/661
f 669/669/659 671/671/661 679/679/669
f 679/679/669 680/680/670 669/669/659
f 669/669/659 680/680/670 674/674/664
f 667/667/657 674/674/664 681/681/671
f 681/681/671 674/674/664 680/680/670
f 661/661/651 667/667/657 682/682/672
f 681/681/671 682/682/672 667/667/657
f 678/678/668 645/645/636 683/683/673
f 645/645/636 644/644/635 683/683/673
f 683/683/673 684/684/674 678/678/668
f 678/678/668 684/684/674 677/677/667
f 679/679/669 677/677/667 685/685/675
f 685/685/675 677/677/667 684/684/674
f 680/680/670 679/679/669 686/686/676
f 685/685/675 686/686/676 679/679/669
f 686/686/676 687/687/677 680/680/670
f 680/680/670 687/687/677 681/681/671
f 688/688/678 681/681/671 687/687/677
f 682/682/672 681/681/671 688/688/678
f 684/684/674 689/689/679 685/685/675
f 685/685/675 689/689/679 690/690/680
f 690/690/680 688/688/678 687/687/677
f 687/687/677 686/686/676 690/690/680
f 690/690/680 686/686/676 685/685/675
f 682/682/672 691/691/681 661/661/651
f 688/688/678 691/691/681 682/682/672
f 660/660/650 659/659/649 691/691/681
f 661/661/651 691/691/681 659/659/649
f 691/691/681 688/688/678 660/660/650
f 660/660/650 692/692/682 654/654/645
f 692/692/682 660/660/650 688/688/678
f 654/654/645 692/692/682 653/653/644
f 688/688/678 690/690/680 692/692/682
f 693/693/683 653/653/644 692/692/682
f 693/693/683 689/689/679 684/684/674
f 693/693/683 683/683/673 644/644/635
f 644/644/635 653/653/644 693/693/683
f 689/689/679 693/693/683 690/690/680
f 692/692/682 690/690/680 693/693/683
f 684/684/674 683/683/673 693/693/683
f 678/678/668 694/694/684 652/652/643
f 678/678/668 673/673/663 695/695/685
f 695/695/685 694/694/684 678/678/668
f 695/695/685 673/673/663 696/696/686
f 672/672/662 696/696/686 673/673/663
f 676/676/666 697/697/687 672/672/662
f 696/696/686 672/672/662 697/697/687
f 697/697/687 676/676/666 698/698/688
f 699/699/689 698/698/688 676/676/666
f 698/698/688 699/699/689 700/700/690
f 701/701/691 700/700/690 699/699/689
f 702/702/692 703/703/693 700/700/690
f 700/700/690 701/701/691 702/702/692
f 703/703/693 702/702/692 704/704/694
f 705/705/695 700/700/690 703/703/693
f 700/700/690 705/705/695 698/698/688
f 698/698/688 706/706/696 697/697/687
f 706/706/696 698/698/688 705/705/695
f 707/707/697 697/697/687 706/706/696
f 708/708/698 697/697/687 707/707/697
f 697/697/687 708/708/698 696/696/686
f 703/703/693 709/709/699 705/705/695
f 704/704/694 709/709/699 703/703/693
f 710/710/700 705/705/695 709/709/699
f 709/709/699 711/711/701 710/710/700
f 705/705/695 710/710/700 706/706/696
f 710/710/700 711/711/701 712/712/702
f 710/710/700 712/712/702 713/713/703
f 710/710/700 713/713/703 714/714/704
f 714/714/704 706/706/696 710/710/700
f 706/706/696 714/714/704 707/707/697
f 715/715/705 694/694/684 695/695/685
f 695/695/685 716/716/706 715/715/705
f 696/696/686 716/716/706 695/695/685
f 696/696/686 708/708/698 717/717/707
f 717/717/707 716/716/706 696/696/686
f 707/707/697 718/718/708 708/708/698
f 717/717/707 708/708/698 718/718/708
f 718/718/708 707/707/697 719/719/709
f 719/719/709 707/707/697 714/714/704
f 714/714/704 720/720/710 719/719/709
f 720/720/710 714/714/704 713/713/703
f 719/719/709 721/721/711 718/718/708
f 722/722/712 723/723/713 724/724/714
f 725/725/715 724/724/714 723/723/713
f 721/721/711 724/724/714 725/725/715
f 718/718/708 725/725/715 717/717/707
f 725/725/715 718/718/708 721/721/711
f 726/726/716 727/727/717 722/722/712
f 724/724/714 728/728/718 722/722/712
f 722/722/712 728/728/718 726/726/716
f 724/724/714 721/721/711 729/729/719
f 729/729/719 728/728/718 724/724/714
f 730/730/720 729/729/719 721/721/711
f 721/721/711 719/719/709 730/730/720
f 730/730/720 719/719/709 720/720/710
f 720/720/710 731/731/721 730/730/720
f 731/731/721 720/720/710 732/732/722
f 732/732/722 713/713/703 712/712/702
f 713/713/703 732/732/722 720/720/710
f 733/733/723 729/729/719 730/730/720
f 730/730/720 734/734/724 733/733/723
f 734/734/724 730/730/720 731/731/721
f 731/731/721 735/735/725 734/734/724
f 732/732/722 736/736/726 731/731/721
f 735/735/725 731/731/721 736/736/726
f 736/736/726 737/737/727 735/735/725
f 738/738/728 735/735/725 737/737/727
f 737/737/727 739/739/729 738/738/728
f 740/740/730 739/739/729 737/737/727
f 736/736/726 732/732/722 741/741/731
f 712/712/702 741/741/731 732/732/722
f 737/737/727 736/736/726 742/742/732
f 741/741/731 742/742/732 736/736/726
f 742/742/732 743/743/733 737/737/727
f 737/737/727 743/743/733 740/740/730
f 740/740/730 743/743/733 744/744/734
f 740/740/730 744/744/734 745/745/735
f 745/745/735 744/744/734 746/746/736
f 744/744/734 743/743/733 746/746/736
f 739/739/729 740/740/730 747/747/737
f 745/745/735 747/747/737 740/740/730
f 738/738/728 739/739/729 748/748/721
f 747/747/737 748/748/721 739/739/729
f 748/748/721 749/749/738 738/738/728
f 750/750/739 738/738/728 749/749/738
f 749/749/738 751/751/740 750/750/739
f 751/751/740 752/752/741 750/750/739
f 753/753/742 754/754/743 755/755/744
f 753/753/742 755/755/744 746/746/736
f 756/756/745 755/755/744 754/754/743
f 755/755/744 756/756/745 757/757/746
f 746/746/736 757/757/746 745/745/735
f 757/757/746 746/746/736 755/755/744
f 758/758/747 757/757/746 756/756/745
f 757/757/746 758/758/747 759/759/748
f 759/759/748 745/745/735 757/757/746
f 760/760/749 747/747/737 745/745/735
f 745/745/735 759/759/748 760/760/749
f 761/761/750 748/748/721 747/747/737
f 747/747/737 760/760/749 761/761/750
f 748/748/721 761/761/750 762/762/751
f 762/762/751 751/751/740 749/749/738
f 762/762/751 749/749/738 748/748/721
f 756/756/745 763/763/752 758/758/747
f 764/764/753 763/763/752 765/765/754
f 754/754/743 766/766/755 756/756/745
f 765/765/754 763/763/752 766/766/755
f 766/766/755 763/763/752 756/756/745
f 767/767/756 765/765/754 766/766/755
f 766/766/755 754/754/743 767/767/756
f 753/753/742 767/767/756 754/754/743
f 768/768/757 769/769/758 770/770/759
f 769/769/758 768/768/757 771/771/760
f 771/771/760 772/772/761 769/769/758
f 772/772/761 771/771/760 764/764/753
f 764/764/753 773/773/762 772/772/761
f 765/765/754 773/773/762 764/764/753
f 774/774/763 765/765/754 767/767/756
f 753/753/742 774/774/763 767/767/756
f 773/773/762 765/765/754 774/774/763
f 775/775/764 776/776/765 777/777/766
f 770/770/759 778/778/767 775/775/764
f 778/778/767 776/776/765 775/775/764
f 779/779/768 778/778/767 770/770/759
f 770/770/759 769/769/758 779/779/768
f 769/769/758 772/772/761 780/780/769
f 780/780/769 779/779/768 769/769/758
f 772/772/761 773/773/762 781/781/770
f 774/774/763 781/781/770 773/773/762
f 781/781/770 780/780/769 772/772/761
f 780/780/769 781/781/770 782/782/771
f 782/782/771 783/783/772 784/784/773
f 779/779/768 780/780/769 784/784/773
f 782/782/771 784/784/773 780/780/769
f 785/785/774 783/783/772 782/782/771
f 786/786/775 781/781/770 774/774/763
f 782/782/771 786/786/775 785/785/774
f 785/785/774 786/786/775 753/753/742
f 774/774/763 753/753/742 786/786/775
f 782/782/771 781/781/770 786/786/775
f 777/777/766 776/776/765 787/787/776
f 784/784/773 787/787/776 779/779/768
f 778/778/767 779/779/768 787/787/776
f 787/787/776 776/776/765 778/778/767
f 788/788/777 789/789/778 790/790/779
f 790/790/779 789/789/778 785/785/774
f 791/791/780 783/783/772 785/785/774
f 785/785/774 789/789/778 791/791/780
f 783/783/772 791/791/780 792/792/781
f 792/792/781 784/784/773 783/783/772
f 787/787/776 793/793/782 777/777/766
f 784/784/773 792/792/781 793/793/782
f 793/793/782 787/787/776 784/784/773
f 794/794/783 795/795/784 796/796/501
f 794/794/783 775/775/764 797/797/785
f 797/797/785 795/795/784 794/794/783
f 777/777/766 797/797/785 775/775/764
f 797/797/785 777/777/766 798/798/786
f 798/798/786 795/795/784 797/797/785
f 799/799/787 793/793/782 792/792/781
f 777/777/766 793/793/782 799/799/787
f 799/799/787 798/798/786 777/777/766
f 800/800/788 792/792/781 791/791/780
f 792/792/781 800/800/788 799/799/787
f 791/791/780 801/801/789 800/800/788
f 789/789/778 788/788/777 801/801/789
f 801/801/789 791/791/780 789/789/778
f 800/800/788 801/801/789 802/802/790
f 802/802/790 803/803/791 800/800/788
f 804/804/792 802/802/790 801/801/789
f 801/801/789 788/788/777 804/804/792
f 802/802/790 804/804/792 805/805/793
f 805/805/793 803/803/791 802/802/790
f 806/806/794 803/803/791 805/805/793
f 800/800/788 803/803/791 806/806/794
f 806/806/794 799/799/787 800/800/788
f 795/795/784 798/798/786 807/807/795
f 805/805/793 807/807/795 806/806/794
f 807/807/795 798/798/786 799/799/787
f 799/799/787 806/806/794 807/807/795
f 808/808/547 805/805/793 804/804/792
f 807/807/795 805/805/793 808/808/547
f 796/796/501 795/795/784 809/809/796
f 808/808/547 809/809/796 807/807/795
f 807/807/795 809/809/796 795/795/784
f 810/810/797 809/809/796 808/808/547
f 811/811/798 809/809/796 810/810/797
f 796/796/501 809/809/796 811/811/798
f 810/810/797 812/812/799 811/811/798
f 813/813/800 812/812/799 810/810/797
f 814/814/801 813/813/800 815/815/802
f 810/810/797 815/815/802 813/813/800
f 815/815/802 810/810/797 816/816/803
f 808/808/547 816/816/803 810/810/797
f 817/817/804 816/816/803 808/808/547
f 808/808/547 818/818/805 817/817/804
f 804/804/792 818/818/805 808/808/547
f 790/790/779 819/819/806 788/788/777
f 804/804/792 788/788/777 819/819/806
f 819/819/806 818/818/805 804/804/792
f 709/709/699 704/704/694 820/820/807
f 820/820/807 711/711/701 709/709/699
f 819/819/806 790/790/779 820/820/807
f 711/711/701 820/820/807 790/790/779
f 821/821/808 702/702/692 701/701/691
f 704/704/694 702/702/692 821/821/808
f 820/820/807 704/704/694 822/822/809
f 821/821/808 822/822/809 704/704/694
f 820/820/807 823/823/810 819/819/806
f 822/822/809 823/823/810 820/820/807
f 818/818/805 819/819/806 824/824/811
f 823/823/810 824/824/811 819/819/806
f 823/823/810 825/825/812 824/824/811
f 818/818/805 824/824/811 825/825/812
f 817/817/804 818/818/805 825/825/812
f 676/676/666 675/675/665 826/826/813
f 826/826/813 827/827/814 828/828/815
f 826/826/813 829/829/816 676/676/666
f 828/828/815 829/829/816 826/826/813
f 676/676/666 829/829/816 699/699/689
f 830/830/817 699/699/689 829/829/816
f 699/699/689 830/830/817 701/701/691
f 829/829/816 828/828/815 830/830/817
f 701/701/691 831/831/818 821/821/808
f 831/831/818 701/701/691 830/830/817
f 821/821/808 831/831/818 832/832/819
f 832/832/819 822/822/809 821/821/808
f 822/822/809 832/832/819 833/833/820
f 833/833/820 823/823/810 822/822/809
f 834/834/821 830/830/817 828/828/815
f 830/830/817 834/834/821 831/831/818
f 832/832/819 831/831/818 834/834/821
f 834/834/821 835/835/822 832/832/819
f 836/836/823 828/828/815 827/827/814
f 828/828/815 836/836/823 834/834/821
f 835/835/822 834/834/821 836/836/823
f 827/827/814 837/837/824 836/836/823
f 836/836/823 838/838/825 835/835/822
f 838/838/825 836/836/823 837/837/824
f 839/839/826 833/833/820 832/832/819
f 839/839/826 835/835/822 838/838/825
f 832/832/819 835/835/822 839/839/826
f 840/840/827 841/841/828 842/842/829
f 843/843/830 842/842/829 839/839/826
f 842/842/829 843/843/830 840/840/827
f 838/838/825 844/844/831 839/839/826
f 839/839/826 844/844/831 843/843/830
f 837/837/824 845/845/832 838/838/825
f 845/845/832 666/666/656 844/844/831
f 844/844/831 838/838/825 845/845/832
f 670/670/660 666/666/656 845/845/832
f 846/846/833 845/845/832 837/837/824
f 837/837/824 827/827/814 846/846/833
f 846/846/833 827/827/814 826/826/813
f 826/826/813 675/675/665 846/846/833
f 845/845/832 846/846/833 670/670/660
f 670/670/660 846/846/833 675/675/665
f 847/847/291 666/666/656 612/612/604
f 844/844/831 666/666/656 847/847/291
f 847/847/291 843/843/830 844/844/831
f 848/848/834 614/614/606 615/615/607
f 849/849/835 614/614/606 848/848/834
f 614/614/606 849/849/835 612/612/604
f 612/612/604 849/849/835 847/847/291
f 848/848/834 850/850/836 849/849/835
f 851/851/837 847/847/291 849/849/835
f 849/849/835 850/850/836 851/851/837
f 843/843/830 847/847/291 851/851/837
f 851/851/837 840/840/827 843/843/830
f 840/840/827 851/851/837 850/850/836
f 615/615/607 852/852/838 848/848/834
f 848/848/834 852/852/838 853/853/839
f 853/853/839 850/850/836 848/848/834
f 850/850/836 853/853/839 840/840/827
f 841/841/828 840/840/827 853/853/839
f 854/854/840 855/855/841 856/856/842
f 856/856/842 616/616/608 854/854/840
f 857/857/843 615/615/607 616/616/608
f 616/616/608 856/856/842 857/857/843
f 615/615/607 857/857/843 858/858/844
f 858/858/844 852/852/838 615/615/607
f 859/859/845 853/853/839 852/852/838
f 853/853/839 859/859/845 841/841/828
f 852/852/838 858/858/844 859/859/845
f 860/860/846 858/858/844 857/857/843
f 861/861/847 859/859/845 858/858/844
f 858/858/844 860/860/846 861/861/847
f 862/862/848 841/841/828 859/859/845
f 859/859/845 861/861/847 862/862/848
f 863/863/849 833/833/820 839/839/826
f 841/841/828 862/862/848 863/863/849
f 863/863/849 842/842/829 841/841/828
f 839/839/826 842/842/829 863/863/849
f 864/864/850 861/861/847 860/860/846
f 860/860/846 865/865/851 864/864/850
f 866/866/852 864/864/850 865/865/851
f 861/861/847 864/864/850 867/867/853
f 867/867/853 862/862/848 861/861/847
f 863/863/849 862/862/848 867/867/853
f 867/867/853 864/864/850 866/866/852
f 867/867/853 868/868/854 863/863/849
f 833/833/820 863/863/849 868/868/854
f 866/866/852 868/868/854 867/867/853
f 868/868/854 823/823/810 833/833/820
f 825/825/812 823/823/810 869/869/855
f 869/869/855 823/823/810 868/868/854
f 868/868/854 866/866/852 869/869/855
f 865/865/851 870/870/856 866/866/852
f 869/869/855 866/866/852 870/870/856
f 871/871/857 870/870/856 865/865/851
f 865/865/851 860/860/846 871/871/857
f 871/871/857 857/857/843 856/856/842
f 857/857/843 871/871/857 860/860/846
f 869/869/855 872/872/858 825/825/812
f 870/870/856 873/873/859 869/869/855
f 872/872/858 869/869/855 873/873/859
f 856/856/842 874/874/860 871/871/857
f 870/870/856 871/871/857 874/874/860
f 874/874/860 873/873/859 870/870/856
f 874/874/860 856/856/842 855/855/841
f 874/874/860 875/875/861 873/873/859
f 876/876/862 825/825/812 872/872/858
f 825/825/812 876/876/862 817/817/804
f 872/872/858 877/877/863 876/876/862
f 878/878/864 877/877/863 872/872/858
f 873/873/859 879/879/865 872/872/858
f 872/872/858 879/879/865 878/878/864
f 880/880/866 879/879/865 873/873/859
f 873/873/859 875/875/861 880/880/866
f 878/878/864 879/879/865 881/881/867
f 882/882/868 881/881/867 879/879/865
f 879/879/865 880/880/866 882/882/868
f 882/882/868 880/880/866 875/875/861
f 881/881/867 882/882/868 883/883/869
f 875/875/861 884/884/870 882/882/868
f 885/885/871 883/883/869 882/882/868
f 882/882/868 884/884/870 885/885/871
f 883/883/869 885/885/871 886/886/872
f 883/883/869 887/887/873 881/881/867
f 886/886/872 887/887/873 883/883/869
f 881/881/867 887/887/873 888/888/874
f 881/881/867 888/888/874 889/889/875
f 890/890/876 887/887/873 886/886/872
f 881/881/867 889/889/875 891/891/877
f 891/891/877 889/889/875 892/892/878
f 889/889/875 888/888/874 893/893/879
f 893/893/879 892/892/878 889/889/875
f 888/888/874 887/887/873 894/894/880
f 894/894/880 893/893/879 888/888/874
f 895/895/881 894/894/880 887/887/873
f 887/887/873 890/890/876 895/895/881
f 896/896/882 890/890/876 886/886/872
f 895/895/881 890/890/876 896/896/882
f 897/897/883 886/886/872 885/885/871
f 896/896/882 886/886/872 897/897/883
f 897/897/883 898/898/884 896/896/882
f 874/874/860 899/899/885 875/875/861
f 855/855/841 899/899/885 874/874/860
f 899/899/885 855/855/841 900/900/886
f 875/875/861 899/899/885 901/901/887
f 901/901/887 884/884/870 875/875/861
f 900/900/886 901/901/887 899/899/885
f 901/901/887 900/900/886 902/902/888
f 902/902/888 903/903/889 901/901/887
f 903/903/889 885/885/871 884/884/870
f 885/885/871 903/903/889 897/897/883
f 884/884/870 901/901/887 903/903/889
f 904/904/890 897/897/883 903/903/889
f 903/903/889 902/902/888 904/904/890
f 905/905/891 898/898/884 897/897/883
f 897/897/883 904/904/890 905/905/891
f 906/906/888 898/898/884 905/905/891
f 896/896/882 907/907/892 895/895/881
f 907/907/892 896/896/882 898/898/884
f 898/898/884 906/906/888 907/907/892
f 908/908/893 900/900/886 855/855/841
f 855/855/841 854/854/840 908/908/893
f 900/900/886 908/908/893 909/909/894
f 909/909/894 902/902/888 900/900/886
f 910/910/895 904/904/890 902/902/888
f 902/902/888 909/909/894 910/910/895
f 911/911/896 905/905/891 904/904/890
f 904/904/890 910/910/895 911/911/896
f 912/912/897 905/905/891 911/911/896
f 913/913/898 905/905/891 912/912/897
f 905/905/891 913/913/898 906/906/888
f 914/914/899 912/912/897 911/911/896
f 910/910/895 915/915/900 911/911/896
f 911/911/896 915/915/900 914/914/899
f 916/916/901 910/910/895 909/909/894
f 915/915/900 910/910/895 916/916/901
f 917/917/902 914/914/899 915/915/900
f 916/916/901 918/918/903 915/915/900
f 915/915/900 918/918/903 917/917/902
f 919/919/904 918/918/903 916/916/901
f 920/920/905 917/917/902 918/918/903
f 918/918/903 919/919/904 920/920/905
f 921/921/906 917/917/902 920/920/905
f 914/914/899 917/917/902 921/921/906
f 912/912/897 914/914/899 922/922/907
f 921/921/906 922/922/907 914/914/899
f 922/922/907 923/923/908 912/912/897
f 912/912/897 924/924/909 913/913/898
f 924/924/909 912/912/897 923/923/908
f 925/925/910 922/922/907 921/921/906
f 920/920/905 919/919/904 926/926/911
f 921/921/906 927/927/912 925/925/910
f 925/925/910 927/927/912 928/928/913
f 928/928/913 929/929/914 925/925/910
f 922/922/907 925/925/910 929/929/914
f 929/929/914 923/923/908 922/922/907
f 927/927/912 921/921/906 930/930/915
f 920/920/905 930/930/915 921/921/906
f 926/926/911 930/930/915 920/920/905
f 930/930/915 931/931/916 927/927/912
f 927/927/912 931/931/916 932/932/917
f 932/932/917 928/928/913 927/927/912
f 932/932/917 931/931/916 933/933/918
f 933/933/918 934/934/919 932/932/917
f 935/935/920 934/934/919 933/933/918
f 936/936/921 930/930/915 926/926/911
f 930/930/915 936/936/921 931/931/916
f 933/933/918 931/931/916 936/936/921
f 909/909/894 937/937/922 916/916/901
f 916/916/901 937/937/922 919/919/904
f 919/919/904 937/937/922 938/938/923
f 938/938/923 939/939/924 919/919/904
f 926/926/911 919/919/904 939/939/924
f 939/939/924 940/940/925 926/926/911
f 926/926/911 940/940/925 936/936/921
f 936/936/921 940/940/925 941/941/926
f 936/936/921 941/941/926 933/933/918
f 933/933/918 942/942/927 935/935/920
f 942/942/927 933/933/918 941/941/926
f 943/943/8 935/935/920 942/942/927
f 939/939/924 938/938/923 944/944/928
f 944/944/928 945/945/929 939/939/924
f 946/946/930 940/940/925 939/939/924
f 939/939/924 945/945/929 946/946/930
f 947/947/931 946/946/930 945/945/929
f 940/940/925 946/946/930 948/948/932
f 948/948/932 941/941/926 940/940/925
f 941/941/926 948/948/932 942/942/927
f 947/947/931 948/948/932 946/946/930
f 949/949/933 942/942/927 948/948/932
f 942/942/927 949/949/933 943/943/8
f 948/948/932 947/947/931 949/949/933
f 950/950/1 943/943/8 949/949/933
f 949/949/933 951/951/934 950/950/1
f 951/951/934 949/949/933 947/947/931
f 945/945/929 952/952/935 947/947/931
f 947/947/931 952/952/935 951/951/934
f 945/945/929 944/944/928 953/953/936
f 953/953/936 952/952/935 945/945/929
f 954/954/937 953/953/936 944/944/928
f 908/908/893 854/854/840 955/955/938
f 956/956/939 957/957/940 955/955/938
f 957/957/940 956/956/939 958/958/941
f 958/958/941 959/959/942 957/957/940
f 959/959/942 960/960/208 954/954/937
f 960/960/208 959/959/942 958/958/941
f 954/954/937 961/961/943 959/959/942
f 944/944/928 961/961/943 954/954/937
f 957/957/940 959/959/942 961/961/943
f 962/962/944 938/938/923 937/937/922
f 944/944/928 938/938/923 962/962/944
f 962/962/944 961/961/943 944/944/928
f 961/961/943 962/962/944 957/957/940
f 955/955/938 963/963/945 908/908/893
f 957/957/940 962/962/944 963/963/945
f 963/963/945 955/955/938 957/957/940
f 963/963/945 937/937/922 909/909/894
f 909/909/894 908/908/893 963/963/945
f 937/937/922 963/963/945 962/962/944
f 958/958/941 964/964/946 960/960/208
f 958/958/941 956/956/939 965/965/947
f 622/622/614 965/965/947 956/956/939
f 623/623/615 965/965/947 622/622/614
f 964/964/946 958/958/941 966/966/948
f 623/623/615 630/630/622 966/966/948
f 966/966/948 965/965/947 623/623/615
f 965/965/947 966/966/948 958/958/941
f 630/630/622 642/642/634 967/967/949
f 967/967/949 966/966/948 630/630/622
f 966/966/948 967/967/949 964/964/946
f 955/955/938 968/968/950 956/956/939
f 956/956/939 968/968/950 622/622/614
f 622/622/614 968/968/950 616/616/608
f 854/854/840 616/616/608 968/968/950
f 968/968/950 955/955/938 854/854/840
f 969/969/951 970/970/952 971/971/953
f 103/103/102 107/107/106 971/971/953
f 969/969/951 971/971/953 107/107/106
f 971/971/953 972/972/954 103/103/102
f 12/12/12 13/13/13 972/972/954
f 103/103/102 972/972/954 13/13/13
f 972/972/954 973/973/955 12/12/12
f 972/972/954 971/971/953 974/974/913
f 974/974/913 971/971/953 970/970/952
f 974/974/913 973/973/955 972/972/954
f 970/970/952 975/975/914 974/974/913
f 107/107/106 976/976/956 969/969/951
f 107/107/106 108/108/107 977/977/957
f 108/108/107 113/113/112 977/977/957
f 977/977/957 976/976/956 107/107/106
f 978/978/958 979/979/959 980/980/960
f 980/980/960 981/981/961 978/978/958
f 982/982/962 981/981/961 980/980/960
f 983/983/963 980/980/960 979/979/959
f 979/979/959 984/984/964 983/983/963
f 980/980/960 983/983/963 985/985/965
f 980/980/960 986/986/966 982/982/962
f 985/985/965 986/986/966 980/980/960
f 987/987/967 982/982/962 986/986/966
f 984/984/964 979/979/959 988/988/968
f 989/989/969 990/990/970 988/988/968
f 991/991/971 988/988/968 979/979/959
f 988/988/968 991/991/971 989/989/969
f 979/979/959 992/992/972 991/991/971
f 978/978/958 992/992/972 979/979/959
f 993/993/973 978/978/958 981/981/961
f 992/992/972 978/978/958 993/993/973
f 994/994/974 981/981/961 982/982/962
f 981/981/961 994/994/974 993/993/973
f 982/982/962 995/995/975 994/994/974
f 995/995/975 982/982/962 987/987/967
f 993/993/973 996/996/976 992/992/972
f 997/997/977 989/989/969 991/991/971
f 998/998/978 995/995/975 987/987/967
f 998/998/978 999/999/979 1000/1000/980
f 1000/1000/980 1001/1001/981 998/998/978
f 995/995/975 998/998/978 1001/1001/981
f 1001/1001/981 994/994/974 995/995/975
f 1002/1002/982 993/993/973 994/994/974
f 994/994/974 1001/1001/981 1002/1002/982
f 1003/1003/983 996/996/976 993/993/973
f 993/993/973 1002/1002/982 1003/1003/983
f 996/996/976 1003/1003/983 1004/1004/984
f 1005/1005/985 1004/1004/984 1003/1003/983
f 1006/1006/986 1000/1000/980 999/999/979
f 999/999/979 1007/1007/987 1006/1006/986
f 1008/1008/988 1009/1009/989 1010/1010/990
f 1011/1011/991 1010/1010/990 1009/1009/989
f 1010/1010/990 1011/1011/991 1012/1012/992
f 1005/1005/985 1012/1012/992 1011/1011/991
f 1003/1003/983 1013/1013/993 1005/1005/985
f 1013/1013/993 1003/1003/983 1002/1002/982
f 1012/1012/992 1005/1005/985 1013/1013/993
f 1002/1002/982 1014/1014/994 1013/1013/993
f 1014/1014/994 1002/1002/982 1001/1001/981
f 1001/1001/981 1000/1000/980 1014/1014/994
f 1000/1000/980 1006/1006/986 1015/1015/995
f 1015/1015/995 1014/1014/994 1000/1000/980
f 1013/1013/993 1016/1016/996 1012/1012/992
f 1016/1016/996 1013/1013/993 1014/1014/994
f 1014/1014/994 1015/1015/995 1016/1016/996
f 1017/1017/997 1018/1018/998 1019/1019/999
f 1020/1020/1000 1019/1019/999 1018/1018/998
f 1021/1021/1001 1006/1006/986 1007/1007/987
f 1015/1015/995 1006/1006/986 1021/1021/1001
f 1019/1019/999 1020/1020/1000 1021/1021/1001
f 1022/1022/1002 1021/1021/1001 1020/1020/1000
f 1021/1021/1001 1022/1022/1002 1015/1015/995
f 1015/1015/995 1022/1022/1002 1023/1023/1003
f 1023/1023/1003 1016/1016/996 1015/1015/995
f 1024/1024/1004 1012/1012/992 1016/1016/996
f 1016/1016/996 1023/1023/1003 1024/1024/1004
f 1012/1012/992 1024/1024/1004 1010/1010/990
f 1020/1020/1000 1025/1025/1005 1022/1022/1002
f 1023/1023/1003 1022/1022/1002 1025/1025/1005
f 1025/1025/1005 1026/1026/1006 1023/1023/1003
f 1023/1023/1003 1026/1026/1006 1027/1027/1007
f 1027/1027/1007 1024/1024/1004 1023/1023/1003
f 1010/1010/990 1028/1028/1008 1008/1008/988
f 1024/1024/1004 1027/1027/1007 1028/1028/1008
f 1028/1028/1008 1010/1010/990 1024/1024/1004
f 1028/1028/1008 1027/1027/1007 1029/1029/1009
f 1027/1027/1007 1026/1026/1006 1030/1030/1010
f 1030/1030/1010 1029/1029/1009 1027/1027/1007
f 1031/1031/1011 1030/1030/1010 1026/1026/1006
f 1026/1026/1006 1025/1025/1005 1031/1031/1011
f 1025/1025/1005 1020/1020/1000 1032/1032/1012
f 1018/1018/998 1032/1032/1012 1020/1020/1000
f 1032/1032/1012 1031/1031/1011 1025/1025/1005
f 1029/1029/1009 1033/1033/1013 1028/1028/1008
f 1030/1030/1010 1031/1031/1011 1034/1034/1014
f 1034/1034/1014 1035/1035/1015 1030/1030/1010
f 1029/1029/1009 1030/1030/1010 1035/1035/1015
f 1033/1033/1013 1029/1029/1009 1036/1036/1016
f 1035/1035/1015 1036/1036/1016 1029/1029/1009
f 1036/1036/1016 1037/1037/1017 1033/1033/1013
f 1038/1038/1018 1008/1008/988 1028/1028/1008
f 1028/1028/1008 1033/1033/1013 1038/1038/1018
f 1038/1038/1018 1033/1033/1013 1037/1037/1017
f 1035/1035/1015 1034/1034/1014 1039/1039/1019
f 1040/1040/1020 1039/1039/1019 1034/1034/1014
f 1040/1040/1020 1041/1041/1021 1039/1039/1019
f 1039/1039/1019 1041/1041/1021 1042/1042/1022
f 1039/1039/1019 1043/1043/1023 1035/1035/1015
f 1036/1036/1016 1035/1035/1015 1043/1043/1023
f 1042/1042/1022 1043/1043/1023 1039/1039/1019
f 1043/1043/1023 1044/1044/1024 1036/1036/1016
f 1037/1037/1017 1036/1036/1016 1044/1044/1024
f 1045/1045/1025 1034/1034/1014 1031/1031/1011
f 1031/1031/1011 1032/1032/1012 1045/1045/1025
f 1034/1034/1014 1045/1045/1025 1040/1040/1020
f 1045/1045/1025 1046/1046/1026 1040/1040/1020
f 1047/1047/1027 1048/1048/1028 1049/1049/1029
f 1050/1050/1030 1049/1049/1029 1048/1048/1028
f 1051/1051/1031 1049/1049/1029 1050/1050/1030
f 1042/1042/1022 1051/1051/1031 1052/1052/1032
f 1050/1050/1030 1052/1052/1032 1051/1051/1031
f 1043/1043/1023 1042/1042/1022 1053/1053/1033
f 1052/1052/1032 1053/1053/1033 1042/1042/1022
f 1054/1054/1034 1044/1044/1024 1043/1043/1023
f 1053/1053/1033 1054/1054/1034 1043/1043/1023
f 1049/1049/1029 1051/1051/1031 1055/1055/1035
f 1055/1055/1035 1051/1051/1031 1042/1042/1022
f 1055/1055/1035 1041/1041/1021 1040/1040/1020
f 1042/1042/1022 1041/1041/1021 1055/1055/1035
f 1055/1055/1035 1056/1056/1036 1049/1049/1029
f 1049/1049/1029 1056/1056/1036 1047/1047/1027
f 1056/1056/1036 1055/1055/1035 1057/1057/1037
f 1040/1040/1020 1057/1057/1037 1055/1055/1035
f 1057/1057/1037 1040/1040/1020 1046/1046/1026
f 1037/1037/1017 1058/1058/116 1038/1038/1018
f 1058/1058/116 1037/1037/1017 1059/1059/1038
f 1044/1044/1024 1059/1059/1038 1037/1037/1017
f 1059/1059/1038 1044/1044/1024 1060/1060/1039
f 1060/1060/1039 1044/1044/1024 1054/1054/1034
f 1054/1054/1034 1061/1061/1040 1060/1060/1039
f 1062/1062/1041 1061/1061/1040 1054/1054/1034
f 1054/1054/1034 1053/1053/1033 1062/1062/1041
f 1053/1053/1033 1052/1052/1032 1063/1063/1042
f 1063/1063/1042 1062/1062/1041 1053/1053/1033
f 1060/1060/1039 1064/1064/1043 1059/1059/1038
f 1065/1065/1044 1066/1066/1045 1063/1063/1042
f 1062/1062/1041 1063/1063/1042 1066/1066/1045
f 1066/1066/1045 1067/1067/1046 1062/1062/1041
f 1062/1062/1041 1067/1067/1046 1068/1068/1047
f 1068/1068/1047 1061/1061/1040 1062/1062/1041
f 1061/1061/1040 1068/1068/1047 1069/1069/1048
f 1069/1069/1048 1060/1060/1039 1061/1061/1040
f 1060/1060/1039 1069/1069/1048 1070/1070/1049
f 1070/1070/1049 1064/1064/1043 1060/1060/1039
f 1071/1071/1050 1064/1064/1043 1070/1070/1049
f 1059/1059/1038 1064/1064/1043 1071/1071/1050
f 1070/1070/1049 1072/1072/1051 1071/1071/1050
f 1073/1073/1052 1074/1074/1053 1075/1075/1054
f 1074/1074/1053 1073/1073/1052 1076/1076/1055
f 1077/120/1056 1076/1076/1055 1073/1073/1052
f 1077/120/1056 1073/1073/1052 1078/1077/1057
f 1078/1077/1057 1079/126/1058 1077/120/1056
f 1079/126/1058 1078/1077/1057 1080/1078/1059
f 1079/126/1058 1080/1078/1059 1081/1079/1060
f 1082/1080/1061 1081/1079/1060 1080/1078/1059
f 1081/1079/1060 1082/1080/1061 1071/1071/1050
f 1080/1078/1059 1058/1058/116 1082/1080/1061
f 1059/1059/1038 1082/1080/1061 1058/1058/116
f 1071/1071/1050 1082/1080/1061 1059/1059/1038
f 1071/1071/1050 1083/1081/1062 1081/1079/1060
f 1083/1081/1062 1071/1071/1050 1072/1072/1051
f 1081/1079/1060 1083/1081/1062 1079/126/1058
f 1072/1072/1051 1084/1082/1063 1083/1081/1062
f 1008/1008/988 1038/1038/1018 1085/1083/1064
f 1058/1058/116 1080/1078/1059 1085/1083/1064
f 1085/1083/1064 1080/1078/1059 1078/1077/1057
f 1085/1083/1064 1038/1038/1018 1058/1058/116
f 1009/1009/989 1008/1008/988 1086/1084/1065
f 1085/1083/1064 1086/1084/1065 1008/1008/988
f 1086/1084/1065 1078/1077/1057 1073/1073/1052
f 1078/1077/1057 1086/1084/1065 1085/1083/1064
f 1073/1073/1052 1087/1085/1066 1086/1084/1065
f 1075/1075/1054 1087/1085/1066 1073/1073/1052
f 1086/1084/1065 1087/1085/1066 1009/1009/989
f 1004/1004/984 1005/1005/985 1088/1086/1067
f 1011/1011/991 1088/1086/1067 1005/1005/985
f 1087/1085/1066 1075/1075/1054 1089/1087/1068
f 1088/1086/1067 1011/1011/991 1089/1087/1068
f 1009/1009/989 1089/1087/1068 1011/1011/991
f 1089/1087/1068 1009/1009/989 1087/1085/1066
f 1089/1087/1068 1090/1088/1069 1088/1086/1067
f 1090/1088/1069 1089/1087/1068 1075/1075/1054
f 1088/1086/1067 1091/1089/1070 1004/1004/984
f 1091/1089/1070 1088/1086/1067 1090/1088/1069
f 1004/1004/984 1092/1090/1071 996/996/976
f 1092/1090/1071 1004/1004/984 1091/1089/1070
f 996/996/976 1092/1090/1071 1093/1091/1072
f 1093/1091/1072 992/992/972 996/996/976
f 991/991/971 992/992/972 1093/1091/1072
f 1091/1089/1070 1094/1092/1073 1092/1090/1071
f 1092/1090/1071 1094/1092/1073 1095/1093/1074
f 1095/1093/1074 1093/1091/1072 1092/1090/1071
f 1093/1091/1072 1095/1093/1074 991/991/971
f 991/991/971 1095/1093/1074 997/997/977
f 997/997/977 1095/1093/1074 1094/1092/1073
f 1096/1094/1075 1094/1092/1073 1091/1089/1070
f 1094/1092/1073 1096/1094/1075 997/997/977
f 1091/1089/1070 1097/1095/1076 1096/1094/1075
f 1090/1088/1069 1097/1095/1076 1091/1089/1070
f 1098/1096/1077 1075/1075/1054 1074/1074/1053
f 1075/1075/1054 1098/1096/1077 1090/1088/1069
f 1097/1095/1076 1090/1088/1069 1098/1096/1077
f 1076/1076/1055 1099/118/1078 1074/1074/1053
f 1100/1097/1079 1074/1074/1053 1099/118/1078
f 1074/1074/1053 1100/1097/1079 1098/1096/1077
f 1096/1094/1075 1097/1095/1076 1100/1097/1079
f 1098/1096/1077 1100/1097/1079 1097/1095/1076
f 1096/1094/1075 1100/1097/1079 1101/117/1080
f 1099/118/1078 1101/117/1080 1100/1097/1079
f 997/997/977 1096/1094/1075 1102/116/1081
f 1101/117/1080 1102/116/1081 1096/1094/1075
f 989/989/969 997/997/977 1103/115/1082
f 1102/116/1081 1103/115/1082 997/997/977
f 990/990/970 989/989/969 1104/114/1083
f 1103/115/1082 1104/114/1083 989/989/969
f 1105/1098/1084 1106/1099/1085 1107/1100/1086
f 1108/976/1087 1106/1099/1085 1105/1098/1084
f 1105/1098/1084 1109/977/1088 1108/976/1087
f 1109/977/1088 1105/1098/1084 1110/1101/1089
f 1110/1101/1089 1111/113/1090 1109/977/1088
f 1111/113/1090 1110/1101/1089 1112/1102/1091
f 1104/114/1083 1112/1102/1091 990/990/970
f 1104/114/1083 1113/112/1092 1112/1102/1091
f 1112/1102/1091 1113/112/1092 1111/113/1090
f 1107/1100/1086 1114/1103/1093 1105/1098/1084
f 1110/1101/1089 1105/1098/1084 1114/1103/1093
f 1114/1103/1093 1107/1100/1086 1115/1104/1094
f 1116/1105/1095 990/990/970 1112/1102/1091
f 1114/1103/1093 1116/1105/1095 1110/1101/1089
f 1112/1102/1091 1110/1101/1089 1116/1105/1095
f 990/990/970 1116/1105/1095 1117/1106/1096
f 1117/1106/1096 988/988/968 990/990/970
f 988/988/968 1117/1106/1096 984/984/964
f 1118/1107/1097 983/983/963 984/984/964
f 984/984/964 1119/1108/1098 1118/1107/1097
f 1119/1108/1098 984/984/964 1117/1106/1096
f 1120/1109/1099 1117/1106/1096 1116/1105/1095
f 1117/1106/1096 1120/1109/1099 1119/1108/1098
f 1115/1104/1094 1120/1109/1099 1114/1103/1093
f 1116/1105/1095 1114/1103/1093 1120/1109/1099
f 1120/1109/1099 1115/1104/1094 1121/1110/1100
f 1121/1110/1100 1119/1108/1098 1120/1109/1099
f 1119/1108/1098 1121/1110/1100 1122/1111/1101
f 1122/1111/1101 1118/1107/1097 1119/1108/1098
f 1118/1107/1097 1122/1111/1101 1123/1112/1102
f 1123/1112/1102 1124/1113/1103 1118/1107/1097
f 983/983/963 1118/1107/1097 1124/1113/1103
f 1124/1113/1103 985/985/965 983/983/963
f 1124/1113/1103 1123/1112/1102 1125/1114/1104
f 1126/1115/1105 1125/1114/1104 1123/1112/1102
f 1123/1112/1102 1127/1116/1106 1126/1115/1105
f 1127/1116/1106 1123/1112/1102 1122/1111/1101
f 1122/1111/1101 1128/1117/1107 1127/1116/1106
f 1128/1117/1107 1122/1111/1101 1121/1110/1100
f 1121/1110/1100 1129/1118/1108 1128/1117/1107
f 1129/1118/1108 1121/1110/1100 1115/1104/1094
f 1115/1104/1094 1130/1119/1109 1129/1118/1108
f 1130/1119/1109 1115/1104/1094 1107/1100/1086
f 1131/1120/267 1127/1116/1106 1128/1117/1107
f 1132/1121/277 1126/1115/1105 1127/1116/1106
f 1127/1116/1106 1131/1120/267 1132/1121/277
f 1128/1117/1107 1133/1122/265 1131/1120/267
f 1134/1123/1110 1133/1122/265 1128/1117/1107
f 1128/1117/1107 1129/1118/1108 1134/1123/1110
f 1135/1124/1111 1134/1123/1110 1129/1118/1108
f 1129/1118/1108 1130/1119/1109 1135/1124/1111
f 1136/1125/1112 1107/1100/1086 1106/1099/1085
f 1135/1124/1111 1130/1119/1109 1136/1125/1112
f 1107/1100/1086 1136/1125/1112 1130/1119/1109
f 1106/1099/1085 1108/976/1087 1137/969/1113
f 1137/969/1113 1138/1126/1114 1106/1099/1085
f 1106/1099/1085 1138/1126/1114 1136/1125/1112
f 1139/1127/1115 1136/1125/1112 1138/1126/1114
f 1136/1125/1112 1139/1127/1115 1135/1124/1111
f 1138/1126/1114 1137/969/1113 1140/970/258
f 1140/970/258 1141/1128/255 1138/1126/1114
f 1138/1126/1114 1141/1128/255 1139/1127/1115
f 1142/1129/1116 1143/1130/1117 1144/1131/1118
f 1145/1132/1119 1143/1130/1117 1142/1129/1116
f 1142/1129/1116 1146/1133/1120 1145/1132/1119
f 1147/1134/1121 1145/1132/1119 1146/1133/1120
f 1146/1133/1120 1148/1135/1122 1147/1134/1121
f 1147/1134/1121 1148/1135/1122 1149/1136/1123
f 1144/1131/1118 1143/1130/1117 1150/1137/1124
f 1151/1138/1125 1150/1137/1124 1143/1130/1117
f 1143/1130/1117 1145/1132/1119 1151/1138/1125
f 1145/1132/1119 1147/1134/1121 1152/1139/1126
f 1152/1139/1126 1151/1138/1125 1145/1132/1119
f 1149/1136/1123 1153/1140/1127 1147/1134/1121
f 1152/1139/1126 1147/1134/1121 1153/1140/1127
f 1153/1140/1127 1149/1136/1123 1154/1141/1128
f 1155/1142/1129 1154/1141/1128 1149/1136/1123
f 1154/1141/1128 1155/1142/1129 1156/1143/1130
f 1151/1138/1125 1152/1139/1126 1157/1144/1131
f 1157/1144/1131 1152/1139/1126 1158/1145/1132
f 1153/1140/1127 1158/1145/1132 1152/1139/1126
f 1157/1144/1131 1159/1146/1133 1151/1138/1125
f 1150/1137/1124 1151/1138/1125 1159/1146/1133
f 1159/1146/1133 1160/1147/1134 1150/1137/1124
f 1161/1148/1135 1150/1137/1124 1160/1147/1134
f 1150/1137/1124 1161/1148/1135 1144/1131/1118
f 1160/1147/1134 1162/1149/1136 1161/1148/1135
f 1162/1149/1136 1163/1150/1137 1161/1148/1135
f 1163/1150/1137 1162/1149/1136 1164/1151/1138
f 1164/1151/1138 1165/1152/1139 1163/1150/1137
f 1159/1146/1133 1157/1144/1131 1166/1153/1140
f 1019/1019/999 1167/1154/1141 1017/1017/997
f 1168/1155/1142 1167/1154/1141 1169/1156/1143
f 1170/1157/1144 1017/1017/997 1167/1154/1141
f 1170/1157/1144 1165/1152/1139 1164/1151/1138
f 1167/1154/1141 1168/1155/1142 1170/1157/1144
f 1171/1158/1145 1165/1152/1139 1170/1157/1144
f 1170/1157/1144 1168/1155/1142 1171/1158/1145
f 1172/1159/1146 1163/1150/1137 1165/1152/1139
f 1165/1152/1139 1171/1158/1145 1172/1159/1146
f 1173/1160/1147 1144/1131/1118 1161/1148/1135
f 1173/1160/1147 1163/1150/1137 1172/1159/1146
f 1161/1148/1135 1163/1150/1137 1173/1160/1147
f 1174/1161/1148 1172/1159/1146 1171/1158/1145
f 1172/1159/1146 1174/1161/1148 1175/1162/1149
f 1176/1163/1150 1175/1162/1149 1174/1161/1148
f 1172/1159/1146 1177/1164/1151 1173/1160/1147
f 1175/1162/1149 1177/1164/1151 1172/1159/1146
f 1178/1165/1152 1173/1160/1147 1177/1164/1151
f 1144/1131/1118 1173/1160/1147 1178/1165/1152
f 1179/1166/1153 1144/1131/1118 1178/1165/1152
f 1144/1131/1118 1179/1166/1153 1142/1129/1116
f 1180/1167/1154 1142/1129/1116 1179/1166/1153
f 1146/1133/1120 1142/1129/1116 1180/1167/1154
f 1175/1162/1149 1176/1163/1150 1181/1168/1155
f 1177/1164/1151 1175/1162/1149 1182/1169/1156
f 1181/1168/1155 1182/1169/1156 1175/1162/1149
f 1177/1164/1151 1183/1170/1157 1178/1165/1152
f 1182/1169/1156 1183/1170/1157 1177/1164/1151
f 1184/1171/1158 1178/1165/1152 1183/1170/1157
f 1178/1165/1152 1184/1171/1158 1179/1166/1153
f 1179/1166/1153 1185/1172/1159 1180/1167/1154
f 1185/1172/1159 1179/1166/1153 1184/1171/1158
f 1186/1173/1160 1180/1167/1154 1185/1172/1159
f 1148/1135/1122 1146/1133/1120 1187/1174/1161
f 1187/1174/1161 1180/1167/1154 1186/1173/1160
f 1180/1167/1154 1187/1174/1161 1146/1133/1120
f 1183/1170/1157 1188/1175/1162 1184/1171/1158
f 1188/1175/1162 1183/1170/1157 1182/1169/1156
f 1184/1171/1158 1189/1176/1163 1185/1172/1159
f 1189/1176/1163 1184/1171/1158 1188/1175/1162
f 1190/1177/1164 1185/1172/1159 1189/1176/1163
f 1185/1172/1159 1190/1177/1164 1186/1173/1160
f 1191/1178/1165 1186/1173/1160 1190/1177/1164
f 1190/1177/1164 1192/1179/1166 1191/1178/1165
f 1193/1180/1167 1191/1178/1165 1192/1179/1166
f 1188/1175/1162 1194/1181/1168 1189/1176/1163
f 1194/1181/1168 1188/1175/1162 1195/1182/1169
f 1182/1169/1156 1195/1182/1169 1188/1175/1162
f 1195/1182/1169 1182/1169/1156 1181/1168/1155
f 1196/1183/1170 1189/1176/1163 1194/1181/1168
f 1192/1179/1166 1190/1177/1164 1196/1183/1170
f 1189/1176/1163 1196/1183/1170 1190/1177/1164
f 1196/1183/1170 1197/1184/1171 1192/1179/1166
f 1194/1181/1168 1198/1185/1172 1196/1183/1170
f 1197/1184/1171 1196/1183/1170 1198/1185/1172
f 1198/1185/1172 1194/1181/1168 1199/1186/1173
f 1195/1182/1169 1199/1186/1173 1194/1181/1168
f 1181/1168/1155 1200/1187/1174 1195/1182/1169
f 1199/1186/1173 1195/1182/1169 1200/1187/1174
f 1200/1187/1174 1201/1188/1175 1199/1186/1173
f 1202/1189/1176 1199/1186/1173 1201/1188/1175
f 1199/1186/1173 1202/1189/1176 1198/1185/1172
f 1198/1185/1172 1203/1190/1177 1197/1184/1171
f 1203/1190/1177 1198/1185/1172 1202/1189/1176
f 1202/1189/1176 1204/1191/1178 1203/1190/1177
f 1201/1188/1175 1205/1192/1179 1202/1189/1176
f 1204/1191/1178 1202/1189/1176 1205/1192/1179
f 1205/1192/1179 1201/1188/1175 1206/1193/1180
f 1207/1194/1181 1206/1193/1180 1201/1188/1175
f 1201/1188/1175 1200/1187/1174 1207/1194/1181
f 1208/1195/1182 1207/1194/1181 1200/1187/1174
f 1200/1187/1174 1181/1168/1155 1208/1195/1182
f 1208/1195/1182 1181/1168/1155 1176/1163/1150
f 1203/1190/1177 1204/1191/1178 1209/1196/1183
f 1209/1196/1183 1204/1191/1178 1210/1197/1184
f 1205/1192/1179 1210/1197/1184 1204/1191/1178
f 1206/1193/1180 1211/1198/1185 1205/1192/1179
f 1210/1197/1184 1205/1192/1179 1211/1198/1185
f 1211/1198/1185 1206/1193/1180 1212/1199/1186
f 1206/1193/1180 1207/1194/1181 1213/1200/1187
f 1213/1200/1187 1212/1199/1186 1206/1193/1180
f 1207/1194/1181 1208/1195/1182 1214/1201/1188
f 1214/1201/1188 1213/1200/1187 1207/1194/1181
f 1212/1199/1186 1215/1202/1189 1211/1198/1185
f 1216/1203/1190 1215/1202/1189 1212/1199/1186
f 1217/1204/1191 1212/1199/1186 1213/1200/1187
f 1212/1199/1186 1217/1204/1191 1216/1203/1190
f 1218/1205/1192 1217/1204/1191 1213/1200/1187
f 1213/1200/1187 1214/1201/1188 1218/1205/1192
f 1218/1205/1192 1214/1201/1188 1219/1206/1193
f 1176/1163/1150 1220/1207/1194 1208/1195/1182
f 1220/1207/1194 1219/1206/1193 1214/1201/1188
f 1214/1201/1188 1208/1195/1182 1220/1207/1194
f 1219/1206/1193 1220/1207/1194 1221/1208/1195
f 1220/1207/1194 1176/1163/1150 1222/1209/1196
f 1174/1161/1148 1222/1209/1196 1176/1163/1150
f 1222/1209/1196 1221/1208/1195 1220/1207/1194
f 1221/1208/1195 1222/1209/1196 1223/1210/1197
f 1169/1156/1143 1224/1211/1198 1168/1155/1142
f 1224/1211/1198 1225/1212/1199 1223/1210/1197
f 1225/1212/1199 1224/1211/1198 1169/1156/1143
f 1223/1210/1197 1226/1213/1200 1221/1208/1195
f 1226/1213/1200 1223/1210/1197 1225/1212/1199
f 1221/1208/1195 1227/1214/1201 1219/1206/1193
f 1227/1214/1201 1221/1208/1195 1226/1213/1200
f 1219/1206/1193 1228/1215/1202 1218/1205/1192
f 1228/1215/1202 1219/1206/1193 1227/1214/1201
f 1227/1214/1201 1229/1216/1203 1228/1215/1202
f 1226/1213/1200 1230/1217/1204 1227/1214/1201
f 1229/1216/1203 1227/1214/1201 1230/1217/1204
f 1225/1212/1199 1231/1218/1205 1226/1213/1200
f 1230/1217/1204 1226/1213/1200 1231/1218/1205
f 1232/1219/1206 1223/1210/1197 1222/1209/1196
f 1232/1219/1206 1171/1158/1145 1168/1155/1142
f 1223/1210/1197 1232/1219/1206 1224/1211/1198
f 1168/1155/1142 1224/1211/1198 1232/1219/1206
f 1171/1158/1145 1232/1219/1206 1174/1161/1148
f 1222/1209/1196 1174/1161/1148 1232/1219/1206
f 1231/1218/1205 1225/1212/1199 1233/1220/1207
f 1169/1156/1143 1233/1220/1207 1225/1212/1199
f 1007/1007/987 999/999/979 1234/1221/1208
f 1233/1220/1207 1234/1221/1208 1231/1218/1205
f 1234/1221/1208 1233/1220/1207 1007/1007/987
f 1235/1222/1209 1231/1218/1205 1234/1221/1208
f 1231/1218/1205 1235/1222/1209 1230/1217/1204
f 1234/1221/1208 1236/1223/1210 1235/1222/1209
f 987/987/967 1236/1223/1210 998/998/978
f 999/999/979 998/998/978 1236/1223/1210
f 1236/1223/1210 1234/1221/1208 999/999/979
f 1233/1220/1207 1169/1156/1143 1237/1224/1211
f 1167/1154/1141 1019/1019/999 1237/1224/1211
f 1237/1224/1211 1007/1007/987 1233/1220/1207
f 1021/1021/1001 1237/1224/1211 1019/1019/999
f 1007/1007/987 1237/1224/1211 1021/1021/1001
f 1237/1224/1211 1169/1156/1143 1167/1154/1141
f 1017/1017/997 1170/1157/1144 1238/1225/1212
f 1164/1151/1138 1238/1225/1212 1170/1157/1144
f 1238/1225/1212 1239/1226/1213 1017/1017/997
f 1018/1018/998 1017/1017/997 1239/1226/1213
f 1046/1046/1026 1045/1045/1025 1240/1227/1214
f 1239/1226/1213 1240/1227/1214 1018/1018/998
f 1032/1032/1012 1018/1018/998 1240/1227/1214
f 1240/1227/1214 1045/1045/1025 1032/1032/1012
f 1240/1227/1214 1241/1228/1215 1046/1046/1026
f 1240/1227/1214 1239/1226/1213 1241/1228/1215
f 1242/1229/1216 1162/1149/1136 1160/1147/1134
f 1239/1226/1213 1238/1225/1212 1242/1229/1216
f 1242/1229/1216 1241/1228/1215 1239/1226/1213
f 1242/1229/1216 1238/1225/1212 1164/1151/1138
f 1164/1151/1138 1162/1149/1136 1242/1229/1216
f 1242/1229/1216 1243/1230/1217 1241/1228/1215
f 1160/1147/1134 1243/1230/1217 1242/1229/1216
f 1243/1230/1217 1160/1147/1134 1159/1146/1133
f 1241/1228/1215 1244/1231/1218 1166/1153/1140
f 1159/1146/1133 1244/1231/1218 1243/1230/1217
f 1166/1153/1140 1244/1231/1218 1159/1146/1133
f 1241/1228/1215 1243/1230/1217 1244/1231/1218
f 1166/1153/1140 1245/1232/1219 1241/1228/1215
f 1046/1046/1026 1245/1232/1219 1057/1057/1037
f 1245/1232/1219 1046/1046/1026 1241/1228/1215
f 1246/1233/1220 1057/1057/1037 1245/1232/1219
f 1047/1047/1027 1056/1056/1036 1246/1233/1220
f 1245/1232/1219 1166/1153/1140 1246/1233/1220
f 1057/1057/1037 1246/1233/1220 1056/1056/1036
f 1247/1234/1221 1246/1233/1220 1166/1153/1140
f 1166/1153/1140 1157/1144/1131 1247/1234/1221
f 1158/1145/1132 1247/1234/1221 1157/1144/1131
f 1246/1233/1220 1247/1234/1221 1047/1047/1027
f 1048/1048/1028 1047/1047/1027 1248/1235/1222
f 1247/1234/1221 1158/1145/1132 1248/1235/1222
f 1248/1235/1222 1047/1047/1027 1247/1234/1221
f 1063/1063/1042 1249/1236/1223 1065/1065/1044
f 1249/1236/1223 1063/1063/1042 1052/1052/1032
f 1052/1052/1032 1050/1050/1030 1249/1236/1223
f 1249/1236/1223 1050/1050/1030 1250/1237/1224
f 1048/1048/1028 1250/1237/1224 1050/1050/1030
f 1250/1237/1224 1048/1048/1028 1251/1238/1225
f 1248/1235/1222 1251/1238/1225 1048/1048/1028
f 1154/1141/1128 1252/1239/1226 1153/1140/1127
f 1251/1238/1225 1248/1235/1222 1252/1239/1226
f 1252/1239/1226 1248/1235/1222 1158/1145/1132
f 1158/1145/1132 1153/1140/1127 1252/1239/1226
f 1250/1237/1224 1253/1240/1227 1249/1236/1223
f 1251/1238/1225 1254/1241/1228 1250/1237/1224
f 1253/1240/1227 1250/1237/1224 1254/1241/1228
f 1252/1239/1226 1255/1242/1229 1251/1238/1225
f 1254/1241/1228 1251/1238/1225 1255/1242/1229
f 1252/1239/1226 1154/1141/1128 1256/1243/1230
f 1256/1243/1230 1255/1242/1229 1252/1239/1226
f 1156/1143/1130 1256/1243/1230 1154/1141/1128
f 1257/1244/1231 1255/1242/1229 1256/1243/1230
f 1255/1242/1229 1257/1244/1231 1254/1241/1228
f 1256/1243/1230 1258/1245/1232 1257/1244/1231
f 1259/1246/1233 1257/1244/1231 1258/1245/1232
f 1258/1245/1232 1260/1247/1234 1259/1246/1233
f 1257/1244/1231 1259/1246/1233 1261/1248/1235
f 1254/1241/1228 1261/1248/1235 1253/1240/1227
f 1261/1248/1235 1254/1241/1228 1257/1244/1231
f 1262/1249/1236 1258/1245/1232 1256/1243/1230
f 1256/1243/1230 1156/1143/1130 1262/1249/1236
f 1260/1247/1234 1258/1245/1232 1262/1249/1236
f 1262/1249/1236 1263/1250/1237 1260/1247/1234
f 1263/1250/1237 1262/1249/1236 1264/1251/1238
f 1265/1252/1239 1264/1251/1238 1262/1249/1236
f 1262/1249/1236 1156/1143/1130 1265/1252/1239
f 1266/1253/1240 1265/1252/1239 1156/1143/1130
f 1156/1143/1130 1155/1142/1129 1266/1253/1240
f 1267/1254/1241 1265/1252/1239 1266/1253/1240
f 1265/1252/1239 1267/1254/1241 1268/1255/1242
f 1268/1255/1242 1264/1251/1238 1265/1252/1239
f 1269/1256/1243 1264/1251/1238 1268/1255/1242
f 1264/1251/1238 1269/1256/1243 1263/1250/1237
f 1263/1250/1237 1269/1256/1243 1270/1257/1244
f 1270/1257/1244 1271/1258/1245 1263/1250/1237
f 1260/1247/1234 1263/1250/1237 1271/1258/1245
f 1268/1255/1242 1272/1259/1246 1269/1256/1243
f 1270/1257/1244 1269/1256/1243 1272/1259/1246
f 1272/1259/1246 1273/1260/1247 1270/1257/1244
f 1259/1246/1233 1260/1247/1234 1274/1261/1248
f 1271/1258/1245 1274/1261/1248 1260/1247/1234
f 1274/1261/1248 1275/1262/1249 1259/1246/1233
f 1261/1248/1235 1259/1246/1233 1275/1262/1249
f 1275/1262/1249 1276/1263/1250 1261/1248/1235
f 1253/1240/1227 1261/1248/1235 1276/1263/1250
f 1276/1263/1250 1277/1264/1251 1253/1240/1227
f 1249/1236/1223 1253/1240/1227 1277/1264/1251
f 1277/1264/1251 1065/1065/1044 1249/1236/1223
f 1278/1265/1252 1279/1266/1253 1280/1267/1254
f 1281/1268/1255 1282/1269/1256 1283/1270/1257
f 1281/1268/1255 1280/1267/1254 1284/1271/1258
f 1284/1271/1258 1282/1269/1256 1281/1268/1255
f 1285/1272/1259 1284/1271/1258 1280/1267/1254
f 1280/1267/1254 1279/1266/1253 1285/1272/1259
f 1286/1273/1260 1285/1272/1259 1279/1266/1253
f 1287/1274/1261 1279/1266/1253 1278/1265/1252
f 1286/1273/1260 1279/1266/1253 1287/1274/1261
f 1278/1265/1252 1288/1275/1262 1287/1274/1261
f 1289/1276/1263 1288/1275/1262 1278/1265/1252
f 1287/1274/1261 1290/1277/1264 1286/1273/1260
f 1283/1270/1257 1291/1278/1265 1292/1279/1266
f 1293/1280/1267 1294/1281/1268 1295/1282/1269
f 1295/1282/1269 1296/1283/1270 1293/1280/1267
f 1296/1283/1270 1295/1282/1269 1297/1284/1271
f 1297/1284/1271 1298/1285/1272 1296/1283/1270
f 1297/1284/1271 1299/1286/1273 1298/1285/1272
f 1300/1287/1274 1298/1285/1272 1299/1286/1273
f 1299/1286/1273 1290/1277/1264 1300/1287/1274
f 1290/1277/1264 1287/1274/1261 1300/1287/1274
f 1287/1274/1261 1288/1275/1262 1301/1288/1275
f 1300/1287/1274 1287/1274/1261 1301/1288/1275
f 1293/1280/1267 1296/1283/1270 1302/1289/1276
f 1303/1290/1277 1302/1289/1276 1296/1283/1270
f 1296/1283/1270 1298/1285/1272 1303/1290/1277
f 1298/1285/1272 1300/1287/1274 1303/1290/1277
f 1302/1289/1276 1303/1290/1277 1304/1291/1278
f 1303/1290/1277 1300/1287/1274 1305/1292/1279
f 1305/1292/1279 1304/1291/1278 1303/1290/1277
f 1306/1293/1280 1301/1288/1275 1288/1275/1262
f 1300/1287/1274 1301/1288/1275 1306/1293/1280
f 1305/1292/1279 1300/1287/1274 1307/1294/1281
f 1300/1287/1274 1306/1293/1280 1307/1294/1281
f 1304/1291/1278 1305/1292/1279 1308/1295/1282
f 1308/1295/1282 1305/1292/1279 1307/1294/1281
f 1308/1295/1282 1309/1296/1283 1304/1291/1278
f 1304/1291/1278 1309/1296/1283 1302/1289/1276
f 1310/1297/1284 1302/1289/1276 1309/1296/1283
f 1302/1289/1276 1310/1297/1284 1293/1280/1267
f 1311/1298/1285 1293/1280/1267 1310/1297/1284
f 1311/1298/1285 1294/1281/1268 1293/1280/1267
f 1312/1299/1286 1216/1203/1190 1217/1204/1191
f 1311/1298/1285 1216/1203/1190 1312/1299/1286
f 1312/1299/1286 1294/1281/1268 1311/1298/1285
f 1313/1300/1287 1288/1275/1262 1289/1276/1263
f 1307/1294/1281 1306/1293/1280 1313/1300/1287
f 1288/1275/1262 1313/1300/1287 1306/1293/1280
f 1313/1300/1287 1314/1301/1288 1307/1294/1281
f 1307/1294/1281 1314/1301/1288 1308/1295/1282
f 1314/1301/1288 1209/1196/1183 1315/1302/1289
f 1210/1197/1184 1315/1302/1289 1209/1196/1183
f 1315/1302/1289 1308/1295/1282 1314/1301/1288
f 1309/1296/1283 1308/1295/1282 1315/1302/1289
f 1309/1296/1283 1316/1303/1290 1310/1297/1284
f 1315/1302/1289 1316/1303/1290 1309/1296/1283
f 1317/1304/1291 1310/1297/1284 1316/1303/1290
f 1317/1304/1291 1215/1202/1189 1216/1203/1190
f 1216/1203/1190 1311/1298/1285 1317/1304/1291
f 1310/1297/1284 1317/1304/1291 1311/1298/1285
f 1215/1202/1189 1317/1304/1291 1318/1305/1292
f 1315/1302/1289 1210/1197/1184 1318/1305/1292
f 1211/1198/1185 1318/1305/1292 1210/1197/1184
f 1318/1305/1292 1211/1198/1185 1215/1202/1189
f 1316/1303/1290 1318/1305/1292 1317/1304/1291
f 1318/1305/1292 1316/1303/1290 1315/1302/1289
f 1314/1301/1288 1313/1300/1287 1319/1306/1293
f 1319/1306/1293 1209/1196/1183 1314/1301/1288
f 1319/1306/1293 1289/1276/1263 1197/1184/1171
f 1197/1184/1171 1203/1190/1177 1319/1306/1293
f 1209/1196/1183 1319/1306/1293 1203/1190/1177
f 1289/1276/1263 1319/1306/1293 1313/1300/1287
f 1283/1270/1257 1320/1307/1294 1281/1268/1255
f 1292/1279/1266 1320/1307/1294 1283/1270/1257
f 1321/1308/1295 1281/1268/1255 1320/1307/1294
f 1281/1268/1255 1321/1308/1295 1322/1309/1296
f 1322/1309/1296 1280/1267/1254 1281/1268/1255
f 1193/1180/1167 1322/1309/1296 1321/1308/1295
f 1280/1267/1254 1322/1309/1296 1278/1265/1252
f 1192/1179/1166 1323/1310/1297 1193/1180/1167
f 1323/1310/1297 1192/1179/1166 1197/1184/1171
f 1197/1184/1171 1289/1276/1263 1323/1310/1297
f 1278/1265/1252 1323/1310/1297 1289/1276/1263
f 1322/1309/1296 1193/1180/1167 1323/1310/1297
f 1323/1310/1297 1278/1265/1252 1322/1309/1296
f 1324/1311/1298 1325/1312/1299 1326/1313/1300
f 1326/1313/1300 1327/1314/1301 1324/1311/1298
f 1327/1314/1301 1326/1313/1300 1328/1315/1302
f 1328/1315/1302 1329/1316/1303 1327/1314/1301
f 1320/1307/1294 1330/1317/1304 1321/1308/1295
f 1329/1316/1303 1328/1315/1302 1330/1317/1304
f 1330/1317/1304 1331/1318/1305 1329/1316/1303
f 1331/1318/1305 1330/1317/1304 1320/1307/1294
f 1320/1307/1294 1292/1279/1266 1331/1318/1305
f 1266/1253/1240 1155/1142/1129 1332/1319/1306
f 1149/1136/1123 1332/1319/1306 1155/1142/1129
f 1149/1136/1123 1148/1135/1122 1333/1320/1307
f 1187/1174/1161 1333/1320/1307 1148/1135/1122
f 1332/1319/1306 1333/1320/1307 1325/1312/1299
f 1333/1320/1307 1332/1319/1306 1149/1136/1123
f 1325/1312/1299 1333/1320/1307 1187/1174/1161
f 1326/1313/1300 1325/1312/1299 1334/1321/1308
f 1187/1174/1161 1334/1321/1308 1325/1312/1299
f 1186/1173/1160 1334/1321/1308 1187/1174/1161
f 1328/1315/1302 1326/1313/1300 1335/1322/1309
f 1186/1173/1160 1191/1178/1165 1335/1322/1309
f 1335/1322/1309 1334/1321/1308 1186/1173/1160
f 1334/1321/1308 1335/1322/1309 1326/1313/1300
f 1330/1317/1304 1328/1315/1302 1336/1323/1310
f 1336/1323/1310 1335/1322/1309 1191/1178/1165
f 1191/1178/1165 1193/1180/1167 1336/1323/1310
f 1321/1308/1295 1336/1323/1310 1193/1180/1167
f 1335/1322/1309 1336/1323/1310 1328/1315/1302
f 1336/1323/1310 1321/1308/1295 1330/1317/1304
f 1332/1319/1306 1337/1324/1311 1266/1253/1240
f 1325/1312/1299 1337/1324/1311 1332/1319/1306
f 1337/1324/1311 1325/1312/1299 1324/1311/1298
f 1266/1253/1240 1337/1324/1311 1338/1325/1312
f 1324/1311/1298 1338/1325/1312 1337/1324/1311
f 1338/1325/1312 1339/1326/1313 1266/1253/1240
f 1266/1253/1240 1339/1326/1313 1267/1254/1241
f 1340/1327/1314 1341/1328/1315 1342/1329/1316
f 1341/1328/1315 1340/1327/1314 1343/1330/1317
f 1343/1330/1317 1344/1331/1318 1341/1328/1315
f 1345/1332/1319 374/374/367 376/376/369
f 374/374/367 1346/1333/1320 372/372/365
f 1343/1330/1317 1340/1327/1314 1346/1333/1320
f 1346/1333/1320 1347/1334/1321 1343/1330/1317
f 1345/1332/1319 1347/1334/1321 1346/1333/1320
f 1346/1333/1320 374/374/367 1345/1332/1319
f 1348/1335/1322 372/372/365 1346/1333/1320
f 1346/1333/1320 1340/1327/1314 1348/1335/1322
f 372/372/365 1348/1335/1322 369/369/362
f 1342/1329/1316 1348/1335/1322 1340/1327/1314
f 368/368/361 367/367/360 1349/1336/1323
f 369/369/362 1349/1336/1323 367/367/360
f 1349/1336/1323 369/369/362 1348/1335/1322
f 1348/1335/1322 1342/1329/1316 1349/1336/1323
f 1344/1331/1318 1350/1337/1324 1351/1338/1325
f 1351/1338/1325 1341/1328/1315 1344/1331/1318
f 1341/1328/1315 1351/1338/1325 1352/1339/1326
f 1352/1339/1326 1342/1329/1316 1341/1328/1315
f 1342/1329/1316 1352/1339/1326 1353/1340/1327
f 1353/1340/1327 1349/1336/1323 1342/1329/1316
f 360/360/353 368/368/361 1353/1340/1327
f 1349/1336/1323 1353/1340/1327 368/368/361
f 1353/1340/1327 1354/1341/1328 360/360/353
f 1354/1341/1328 1353/1340/1327 1352/1339/1326
f 1355/1342/1329 1352/1339/1326 1351/1338/1325
f 1352/1339/1326 1355/1342/1329 1354/1341/1328
f 1351/1338/1325 1356/1343/1330 1355/1342/1329
f 1356/1343/1330 1351/1338/1325 1350/1337/1324
f 1350/1337/1324 1357/1344/1331 1356/1343/1330
f 360/360/353 1354/1341/1328 1358/1345/1332
f 1358/1345/1332 359/359/352 360/360/353
f 1359/1346/1333 1358/1345/1332 1354/1341/1328
f 1359/1346/1333 1354/1341/1328 1355/1342/1329
f 1355/1342/1329 1360/1347/1334 1359/1346/1333
f 1360/1347/1334 1355/1342/1329 1356/1343/1330
f 1356/1343/1330 1361/1348/1335 1360/1347/1334
f 1361/1348/1335 1356/1343/1330 1357/1344/1331
f 1357/1344/1331 1362/1349/1336 1361/1348/1335
f 1363/1350/1337 1362/1349/1336 1357/1344/1331
f 1343/1330/1317 1347/1334/1321 1364/1351/1338
f 1344/1331/1318 1343/1330/1317 1365/1352/1339
f 1364/1351/1338 1365/1352/1339 1343/1330/1317
f 1365/1352/1339 1366/1353/1340 1344/1331/1318
f 1350/1337/1324 1344/1331/1318 1366/1353/1340
f 1366/1353/1340 1367/1354/1341 1350/1337/1324
f 1357/1344/1331 1350/1337/1324 1367/1354/1341
f 1367/1354/1341 1366/1353/1340 1368/1355/1342
f 1368/1355/1342 1369/1356/1343 1367/1354/1341
f 1366/1353/1340 1365/1352/1339 1370/1357/1344
f 1370/1357/1344 1368/1355/1342 1366/1353/1340
f 1365/1352/1339 1364/1351/1338 1371/1358/1345
f 1371/1358/1345 1370/1357/1344 1365/1352/1339
f 1372/1359/1346 1371/1358/1345 1364/1351/1338
f 1364/1351/1338 1373/1360/1347 1372/1359/1346
f 1374/1361/1348 1347/1334/1321 1345/1332/1319
f 1374/1361/1348 1373/1360/1347 1364/1351/1338
f 1364/1351/1338 1347/1334/1321 1374/1361/1348
f 1375/1362/1349 1367/1354/1341 1369/1356/1343
f 1357/1344/1331 1375/1362/1349 1363/1350/1337
f 1367/1354/1341 1375/1362/1349 1357/1344/1331
f 1369/1356/1343 1376/1363/1350 1375/1362/1349
f 1376/1363/1350 1369/1356/1343 1377/1364/1351
f 1378/1365/1352 1377/1364/1351 1369/1356/1343
f 1369/1356/1343 1368/1355/1342 1378/1365/1352
f 1379/1366/1353 1378/1365/1352 1368/1355/1342
f 1368/1355/1342 1370/1357/1344 1379/1366/1353
f 1370/1357/1344 1371/1358/1345 1380/1367/1354
f 1380/1367/1354 1379/1366/1353 1370/1357/1344
f 1375/1362/1349 1376/1363/1350 1381/1368/1355
f 1381/1368/1355 1363/1350/1337 1375/1362/1349
f 1381/1368/1355 1376/1363/1350 1382/1369/1356
f 1377/1364/1351 1382/1369/1356 1376/1363/1350
f 1383/1370/1357 1377/1364/1351 1378/1365/1352
f 1382/1369/1356 1377/1364/1351 1383/1370/1357
f 1378/1365/1352 1384/1371/1358 1383/1370/1357
f 1385/1372/1359 1384/1371/1358 1378/1365/1352
f 1378/1365/1352 1379/1366/1353 1385/1372/1359
f 1383/1370/1357 1386/1373/1360 1382/1369/1356
f 1382/1369/1356 1387/1374/1361 1381/1368/1355
f 1387/1374/1361 1382/1369/1356 1386/1373/1360
f 1386/1373/1360 1388/1375/1271 1387/1374/1361
f 1379/1366/1353 1380/1367/1354 1389/1376/1258
f 1389/1376/1258 1385/1372/1359 1379/1366/1353
f 1390/1377/1256 1389/1376/1258 1380/1367/1354
f 1380/1367/1354 1391/1378/1362 1390/1377/1256
f 1391/1378/1362 1380/1367/1354 1371/1358/1345
f 1371/1358/1345 1372/1359/1346 1391/1378/1362
f 1392/1379/1363 1390/1377/1256 1391/1378/1362
f 1391/1378/1362 1393/1380/1364 1392/1379/1363
f 1394/1381/1365 1392/1379/1363 1393/1380/1364
f 1393/1380/1364 1395/1382/1366 1394/1381/1365
f 1396/1383/1367 1393/1380/1364 1391/1378/1362
f 1391/1378/1362 1372/1359/1346 1396/1383/1367
f 1395/1382/1366 1393/1380/1364 1396/1383/1367
f 1396/1383/1367 1397/1384/1368 1395/1382/1366
f 1397/1384/1368 1396/1383/1367 1398/1385/1364
f 1372/1359/1346 1373/1360/1347 1398/1385/1364
f 1398/1385/1364 1396/1383/1367 1372/1359/1346
f 1373/1360/1347 1374/1361/1348 1399/1386/1369
f 1399/1386/1369 1398/1385/1364 1373/1360/1347
f 1400/1387/1370 1399/1386/1369 1374/1361/1348
f 1345/1332/1319 1401/1388/1371 1374/1361/1348
f 1374/1361/1348 1401/1388/1371 1400/1387/1370
f 1402/1389/1372 1398/1385/1364 1399/1386/1369
f 1398/1385/1364 1402/1389/1372 1397/1384/1368
f 1403/1390/1373 1399/1386/1369 1400/1387/1370
f 1399/1386/1369 1403/1390/1373 1402/1389/1372
f 1400/1387/1370 1404/1391/1374 1403/1390/1373
f 1405/1392/1375 1400/1387/1370 1401/1388/1371
f 1404/1391/1374 1400/1387/1370 1405/1392/1375
f 1405/1392/1375 1406/1393/1376 1404/1391/1374
f 1406/1393/1376 1405/1392/1375 1407/1394/1377
f 1407/1394/1377 1408/1395/1378 1406/1393/1376
f 1407/1394/1377 1405/1392/1375 1409/1396/1379
f 1401/1388/1371 1409/1396/1379 1405/1392/1375
f 1410/1397/1380 420/420/413 419/419/412
f 1409/1396/1379 1410/1397/1380 1407/1394/1377
f 420/420/413 1410/1397/1380 1409/1396/1379
f 419/419/412 426/426/419 1410/1397/1380
f 1408/1395/1378 1407/1394/1377 1411/1398/1381
f 505/505/498 1411/1398/1381 426/426/419
f 1410/1397/1380 426/426/419 1411/1398/1381
f 1411/1398/1381 1407/1394/1377 1410/1397/1380
f 1411/1398/1381 1412/1399/1382 1408/1395/1378
f 1413/1400/1383 1412/1399/1382 1411/1398/1381
f 1411/1398/1381 505/505/498 1413/1400/1383
f 504/504/497 1413/1400/1383 505/505/498
f 1409/1396/1379 1414/1401/1384 420/420/413
f 376/376/369 1414/1401/1384 1345/1332/1319
f 1401/1388/1371 1345/1332/1319 1414/1401/1384
f 1414/1401/1384 1409/1396/1379 1401/1388/1371
f 1415/1402/1385 420/420/413 1414/1401/1384
f 379/379/372 418/418/411 1415/1402/1385
f 1414/1401/1384 376/376/369 1415/1402/1385
f 1415/1402/1385 377/377/370 379/379/372
f 377/377/370 1415/1402/1385 376/376/369
f 420/420/413 1415/1402/1385 418/418/411
f 1416/1403/1386 1417/1404/1387 1418/1405/1388
f 1419/1406/1389 1418/1405/1388 1417/1404/1387
f 1417/1404/1387 1420/1407/1390 1419/1406/1389
f 1421/1408/1391 1422/1409/1392 1416/1403/1386
f 1422/1409/1392 1421/1408/1391 1423/1410/1393
f 1418/1405/1388 1424/1411/1394 1416/1403/1386
f 1416/1403/1386 1424/1411/1394 1421/1408/1391
f 1425/1412/1395 1421/1408/1391 1424/1411/1394
f 1425/1412/1395 1418/1405/1388 1419/1406/1389
f 1425/1412/1395 1424/1411/1394 1418/1405/1388
f 1425/1412/1395 1423/1410/1393 1421/1408/1391
f 1425/1412/1395 1419/1406/1389 1426/1413/1396
f 1426/1413/1396 1419/1406/1389 1420/1407/1390
f 1420/1407/1390 1427/1414/1397 1426/1413/1396
f 1425/1412/1395 1426/1413/1396 1428/1415/1398
f 1428/1415/1398 1426/1413/1396 1427/1414/1397
f 1425/1412/1395 1429/1416/1399 1430/1417/1400
f 1425/1412/1395 1430/1417/1400 1431/1418/1401
f 1425/1412/1395 1431/1418/1401 1432/1419/1402
f 1425/1412/1395 1432/1419/1402 1433/1420/1403
f 1425/1412/1395 1433/1420/1403 1434/1421/1404
f 1425/1412/1395 1434/1421/1404 1435/1422/1405
f 1425/1412/1395 1436/1423/1406 1423/1410/1393
f 1425/1412/1395 1435/1422/1405 1436/1423/1406
f 1433/1420/1403 1432/1419/1402 1437/1424/1407
f 1437/1424/1407 1438/1425/1408 1433/1420/1403
f 1439/1426/1409 1434/1421/1404 1433/1420/1403
f 1433/1420/1403 1438/1425/1408 1439/1426/1409
f 1440/1427/1410 1435/1422/1405 1434/1421/1404
f 1434/1421/1404 1439/1426/1409 1440/1427/1410
f 1441/1428/1411 1436/1423/1406 1435/1422/1405
f 1435/1422/1405 1440/1427/1410 1441/1428/1411
f 1423/1410/1393 1442/1429/1412 1422/1409/1392
f 1442/1429/1412 1423/1410/1393 1436/1423/1406
f 1436/1423/1406 1441/1428/1411 1442/1429/1412
f 1425/1412/1395 1443/1430/1413 1429/1416/1399
f 1429/1416/1399 1443/1430/1413 1444/1431/1414
f 1430/1417/1400 1429/1416/1399 1445/1432/1415
f 1444/1431/1414 1445/1432/1415 1429/1416/1399
f 1431/1418/1401 1430/1417/1400 1446/1433/1416
f 1445/1432/1415 1446/1433/1416 1430/1417/1400
f 1446/1433/1416 1447/1434/1417 1431/1418/1401
f 1432/1419/1402 1431/1418/1401 1447/1434/1417
f 1447/1434/1417 1437/1424/1407 1432/1419/1402
f 1448/1435/1418 1444/1431/1414 1443/1430/1413
f 1449/1436/1419 1450/1437/1420 1451/1438/1421
f 1451/1438/1421 1452/1439/1422 1449/1436/1419
f 1452/1439/1422 1451/1438/1421 1448/1435/1418
f 1425/1412/1395 1449/1436/1419 1452/1439/1422
f 1443/1430/1413 1453/1440/1423 1448/1435/1418
f 1425/1412/1395 1453/1440/1423 1443/1430/1413
f 1425/1412/1395 1452/1439/1422 1453/1440/1423
f 1448/1435/1418 1453/1440/1423 1452/1439/1422
f 1425/1412/1395 1454/1441/1424 1449/1436/1419
f 1450/1437/1420 1449/1436/1419 1454/1441/1424
f 1425/1412/1395 1455/1442/1425 1454/1441/1424
f 1425/1412/1395 1456/1443/1426 1455/1442/1425
f 1425/1412/1395 1457/1444/1427 1456/1443/1426
f 1425/1412/1395 1458/1445/1428 1457/1444/1427
f 1458/1445/1428 1459/1446/1429 1460/1447/1430
f 1460/1447/1430 1457/1444/1427 1458/1445/1428
f 1457/1444/1427 1460/1447/1430 1461/1448/1431
f 1461/1448/1431 1456/1443/1426 1457/1444/1427
f 1456/1443/1426 1461/1448/1431 1462/1449/1432
f 1462/1449/1432 1455/1442/1425 1456/1443/1426
f 1455/1442/1425 1462/1449/1432 1463/1450/1433
f 1454/1441/1424 1463/1450/1433 1450/1437/1420
f 1463/1450/1433 1454/1441/1424 1455/1442/1425
f 1425/1412/1395 1464/1451/1434 1465/1452/1435
f 1466/1453/1436 1465/1452/1435 1464/1451/1434
f 1465/1452/1435 1466/1453/1436 1467/1454/1437
f 1425/1412/1395 1465/1452/1435 1468/1455/1438
f 1467/1454/1437 1468/1455/1438 1465/1452/1435
f 1468/1455/1438 1467/1454/1437 1469/1456/1439
f 1425/1412/1395 1468/1455/1438 1470/1457/1440
f 1469/1456/1439 1470/1457/1440 1468/1455/1438
f 1471/1458/1441 1470/1457/1440 1469/1456/1439
f 1425/1412/1395 1470/1457/1440 1471/1458/1441
f 1459/1446/1429 1458/1445/1428 1472/1459/1442
f 1425/1412/1395 1472/1459/1442 1458/1445/1428
f 1425/1412/1395 1471/1458/1441 1472/1459/1442
f 1469/1456/1439 1473/1460/1443 1471/1458/1441
f 1474/1461/1444 1472/1459/1442 1471/1458/1441
f 1471/1458/1441 1473/1460/1443 1474/1461/1444
f 1472/1459/1442 1474/1461/1444 1459/1446/1429
f 1425/1412/1395 1428/1415/1398 1475/1462/1445
f 1425/1412/1395 1475/1462/1445 1476/1463/1446
f 1425/1412/1395 1476/1463/1446 1477/1464/1447
f 1425/1412/1395 1477/1464/1447 1478/1465/1448
f 1425/1412/1395 1478/1465/1448 1479/1466/1449
f 1425/1412/1395 1479/1466/1449 1480/1467/1450
f 1425/1412/1395 1480/1467/1450 1481/1468/1451
f 1425/1412/1395 1482/1469/1452 1464/1451/1434
f 1425/1412/1395 1481/1468/1451 1482/1469/1452
f 1483/1470/1453 1479/1466/1449 1478/1465/1448
f 1479/1466/1449 1483/1470/1453 1484/1471/1454
f 1484/1471/1454 1480/1467/1450 1479/1466/1449
f 1485/1472/1455 1481/1468/1451 1480/1467/1450
f 1480/1467/1450 1484/1471/1454 1485/1472/1455
f 1486/1473/1456 1482/1469/1452 1481/1468/1451
f 1481/1468/1451 1485/1472/1455 1486/1473/1456
f 1487/1474/1457 1464/1451/1434 1482/1469/1452
f 1464/1451/1434 1487/1474/1457 1466/1453/1436
f 1482/1469/1452 1486/1473/1456 1487/1474/1457
f 1475/1462/1445 1428/1415/1398 1488/1475/1458
f 1427/1414/1397 1488/1475/1458 1428/1415/1398
f 1488/1475/1458 1489/1476/1459 1475/1462/1445
f 1490/1477/1460 1476/1463/1446 1475/1462/1445
f 1475/1462/1445 1489/1476/1459 1490/1477/1460
f 1476/1463/1446 1490/1477/1460 1491/1478/1461
f 1491/1478/1461 1477/1464/1447 1476/1463/1446
f 1492/1479/1462 1478/1465/1448 1477/1464/1447
f 1478/1465/1448 1492/1479/1462 1483/1470/1453
f 1477/1464/1447 1491/1478/1461 1492/1479/1462
f 1493/1480/1463 1494/1481/1464 1495/1482/1465
f 1496/1483/1466 1497/1484/1298 1498/1485/1467
f 1496/1483/1466 1499/1486/1468 1497/1484/1298
f 1499/1486/1468 1496/1483/1466 1500/1487/1469
f 1500/1487/1469 1501/1488/1470 1499/1486/1468
f 1502/1489/1471 1501/1488/1470 1500/1487/1469
f 1500/1487/1469 1503/1490/1472 1502/1489/1471
f 1504/1491/1473 1502/1489/1471 1503/1490/1472
f 1494/1481/1464 1504/1491/1473 1505/1492/1474
f 1505/1492/1474 1495/1482/1465 1494/1481/1464
f 1503/1490/1472 1505/1492/1474 1504/1491/1473
f 1503/1490/1472 1500/1487/1469 1506/1493/1475
f 1506/1493/1475 1507/1494/1476 1503/1490/1472
f 1505/1492/1474 1503/1490/1472 1507/1494/1476
f 1495/1482/1465 1505/1492/1474 1508/1495/1477
f 1507/1494/1476 1508/1495/1477 1505/1492/1474
f 1509/1496/1478 1507/1494/1476 1506/1493/1475
f 1508/1495/1477 1507/1494/1476 1509/1496/1478
f 1509/1496/1478 1510/1497/1479 1508/1495/1477
f 1511/1498/1480 1510/1497/1479 1509/1496/1478
f 1509/1496/1478 1512/1499/1481 1511/1498/1480
f 1512/1499/1481 1509/1496/1478 1513/1500/1482
f 1506/1493/1475 1513/1500/1482 1509/1496/1478
f 1513/1500/1482 1514/1501/1483 1512/1499/1481
f 1508/1495/1477 1515/1502/1484 1495/1482/1465
f 1515/1502/1484 1508/1495/1477 1510/1497/1479
f 1510/1497/1479 1516/1503/1485 1515/1502/1484
f 1510/1497/1479 1511/1498/1480 1517/1504/1486
f 1517/1504/1486 1516/1503/1485 1510/1497/1479
f 1518/1505/1487 1517/1504/1486 1511/1498/1480
f 1511/1498/1480 1519/1506/1488 1518/1505/1487
f 1519/1506/1488 1511/1498/1480 1512/1499/1481
f 1512/1499/1481 1520/1507/1489 1519/1506/1488
f 1520/1507/1489 1512/1499/1481 1514/1501/1483
f 1514/1501/1483 1521/1508/1490 1520/1507/1489
f 1521/1508/1490 1514/1501/1483 1522/1509/1491
f 1522/1509/1491 1523/1510/1492 1521/1508/1490
f 1523/1510/1492 1522/1509/1491 1524/1511/1493
f 1524/1511/1493 1525/1512/1494 1523/1510/1492
f 1525/1512/1494 1524/1511/1493 1526/1513/1495
f 1526/1513/1495 1527/1514/1496 1525/1512/1494
f 1527/1514/1496 1526/1513/1495 1528/1515/1497
f 1528/1515/1497 1529/1516/1498 1527/1514/1496
f 1529/1516/1498 1528/1515/1497 1530/1517/1499
f 1530/1517/1499 1531/1518/1500 1529/1516/1498
f 1514/1501/1483 1513/1500/1482 1532/1519/1501
f 1532/1519/1501 1522/1509/1491 1514/1501/1483
f 1522/1509/1491 1532/1519/1501 1533/1520/1502
f 1533/1520/1502 1524/1511/1493 1522/1509/1491
f 1524/1511/1493 1533/1520/1502 1534/1521/1503
f 1534/1521/1503 1526/1513/1495 1524/1511/1493
f 1526/1513/1495 1534/1521/1503 1535/1522/1504
f 1535/1522/1504 1528/1515/1497 1526/1513/1495
f 1536/1523/1505 1530/1517/1499 1528/1515/1497
f 1528/1515/1497 1535/1522/1504 1536/1523/1505
f 1537/1524/1506 1506/1493/1475 1500/1487/1469
f 1537/1524/1506 1532/1519/1501 1513/1500/1482
f 1513/1500/1482 1506/1493/1475 1537/1524/1506
f 1500/1487/1469 1496/1483/1466 1537/1524/1506
f 1532/1519/1501 1537/1524/1506 1538/1525/1507
f 1538/1525/1507 1533/1520/1502 1532/1519/1501
f 1533/1520/1502 1538/1525/1507 1539/1526/1508
f 1539/1526/1508 1534/1521/1503 1533/1520/1502
f 1534/1521/1503 1539/1526/1508 1540/1527/1509
f 1540/1527/1509 1535/1522/1504 1534/1521/1503
f 1541/1528/1510 1540/1527/1509 1539/1526/1508
f 1539/1526/1508 1542/1529/1511 1541/1528/1510
f 1542/1529/1511 1539/1526/1508 1538/1525/1507
f 1498/1485/1467 1543/1530/1512 1496/1483/1466
f 1538/1525/1507 1543/1530/1512 1542/1529/1511
f 1537/1524/1506 1496/1483/1466 1543/1530/1512
f 1543/1530/1512 1538/1525/1507 1537/1524/1506
f 1544/1531/1513 1536/1523/1505 1535/1522/1504
f 1535/1522/1504 1540/1527/1509 1544/1531/1513
f 1545/1532/1514 1544/1531/1513 1540/1527/1509
f 1540/1527/1509 1541/1528/1510 1545/1532/1514
f 1546/1533/1515 1541/1528/1510 1542/1529/1511
f 1545/1532/1514 1541/1528/1510 1546/1533/1515
f 1542/1529/1511 1547/1534/1516 1546/1533/1515
f 1547/1534/1516 1542/1529/1511 1543/1530/1512
f 1543/1530/1512 1498/1485/1467 1547/1534/1516
f 1546/1533/1515 1548/1535/1517 1545/1532/1514
f 1549/1536/1365 1545/1532/1514 1548/1535/1517
f 1550/50/1518 1551/1537/1519 1552/1538/1520
f 1552/1538/1520 1553/1539/1521 1550/50/1518
f 1554/1540/1522 1555/54/1523 1556/57/1524
f 1557/52/1525 1556/57/1524 1555/54/1523
f 1557/52/1525 1558/51/1526 1550/50/1518
f 1555/54/1523 1558/51/1526 1557/52/1525
f 1559/53/1527 1550/50/1518 1553/1539/1521
f 1550/50/1518 1559/53/1527 1557/52/1525
f 1553/1539/1521 1560/1541/1528 1559/53/1527
f 1559/53/1527 1560/1541/1528 1561/1542/1529
f 1557/52/1525 1559/53/1527 1562/45/1530
f 1561/1542/1529 1562/45/1530 1559/53/1527
f 1562/45/1530 1561/1542/1529 1563/1543/1531
f 1562/45/1530 1564/1544/1532 1557/52/1525
f 1556/57/1524 1557/52/1525 1564/1544/1532
f 1555/54/1523 1565/56/1533 1566/55/1534
f 1566/55/1534 1558/51/1526 1555/54/1523
f 1563/1543/1531 1567/43/1535 1562/45/1530
f 1562/45/1530 1567/43/1535 1568/44/1536
f 1564/1544/1532 1562/45/1530 1569/46/1537
f 1568/44/1536 1569/46/1537 1562/45/1530
f 1569/46/1537 1570/48/1538 1564/1544/1532
f 1571/49/1539 1570/48/1538 1569/46/1537
f 1569/46/1537 1568/44/1536 1571/49/1539
f 1564/1544/1532 1570/48/1538 1572/40/1540
f 1572/40/1540 1570/48/1538 1571/49/1539
f 1564/1544/1532 1573/58/1541 1556/57/1524
f 1572/40/1540 1573/58/1541 1564/1544/1532
f 1556/57/1524 1573/58/1541 1574/63/1542
f 1574/63/1542 1575/62/1543 1556/57/1524
f 1556/57/1524 1575/62/1543 1554/1540/1522
f 1575/62/1543 1574/63/1542 1576/71/1544
f 1554/1540/1522 1575/62/1543 1577/61/1545
f 1576/71/1544 1577/61/1545 1575/62/1543
f 1576/71/1544 1574/63/1542 1578/1545/1546
f 1579/64/1547 1578/1545/1546 1574/63/1542
f 1579/64/1547 1573/58/1541 1572/40/1540
f 1574/63/1542 1573/58/1541 1579/64/1547
f 1577/61/1545 1576/71/1544 1580/72/1548
f 1580/72/1548 1576/71/1544 1581/76/1549
f 1572/40/1540 1582/1546/1550 1579/64/1547
f 1583/68/1551 1578/1545/1546 1579/64/1547
f 1579/64/1547 1582/1546/1550 1583/68/1551
f 1584/79/1552 1578/1545/1546 1583/68/1551
f 1578/1545/1546 1584/79/1552 1576/71/1544
f 1585/78/1553 1581/76/1549 1576/71/1544
f 1583/68/1551 1585/78/1553 1584/79/1552
f 1576/71/1544 1584/79/1552 1585/78/1553
f 1581/76/1549 1585/78/1553 1586/1547/1554
f 1586/1547/1554 1585/78/1553 1583/68/1551
f 1586/1547/1554 1587/77/1555 1581/76/1549
f 1588/85/1556 1587/77/1555 1586/1547/1554
f 1587/77/1555 1588/85/1556 1589/84/1557
f 1581/76/1549 1587/77/1555 1590/80/1558
f 1589/84/1557 1590/80/1558 1587/77/1555
f 1581/76/1549 1591/75/1559 1580/72/1548
f 1590/80/1558 1591/75/1559 1581/76/1549
f 1592/74/1560 1580/72/1548 1591/75/1559
f 1593/123/1561 1594/125/1562 1595/124/1563
f 1595/124/1563 1596/122/1564 1593/123/1561
f 1597/1548/1565 1593/123/1561 1596/122/1564
f 1598/120/1566 1597/1548/1565 1592/74/1560
f 1593/123/1561 1597/1548/1565 1598/120/1566
f 1598/120/1566 1592/74/1560 1599/81/1567
f 1591/75/1559 1599/81/1567 1592/74/1560
f 1591/75/1559 1590/80/1558 1600/82/1568
f 1600/82/1568 1599/81/1567 1591/75/1559
f 1601/83/1569 1600/82/1568 1590/80/1558
f 1590/80/1558 1589/84/1557 1601/83/1569
f 1598/120/1566 1602/126/1570 1593/123/1561
f 1599/81/1567 1603/1076/1571 1598/120/1566
f 1599/81/1567 1600/82/1568 1604/118/1572
f 1604/118/1572 1603/1076/1571 1599/81/1567
f 1600/82/1568 1601/83/1569 1605/117/1573
f 1605/117/1573 1604/118/1572 1600/82/1568
f 1601/83/1569 1606/116/1574 1605/117/1573
f 1607/87/1575 1606/116/1574 1601/83/1569
f 1607/87/1575 1601/83/1569 1589/84/1557
f 1607/87/1575 1608/115/1576 1606/116/1574
f 1609/111/120 1608/115/1576 1607/87/1575
f 1610/114/1577 1608/115/1576 1609/111/120
f 1589/84/1557 1611/88/1578 1607/87/1575
f 1607/87/1575 1611/88/1578 1609/111/120
f 1611/88/1578 1589/84/1557 1588/85/1556
f 1612/92/1579 1609/111/120 1611/88/1578
f 1609/111/120 1613/110/1580 1610/114/1577
f 1613/110/1580 1609/111/120 1612/92/1579
f 1612/92/1579 1614/106/1581 1613/110/1580
f 1615/109/1582 1613/110/1580 1614/106/1581
f 1614/106/1581 1616/105/1583 1615/109/1582
f 1617/108/1584 1615/109/1582 1616/105/1583
f 1611/88/1578 1618/89/1585 1612/92/1579
f 1588/85/1556 1618/89/1585 1611/88/1578
f 1612/92/1579 1618/89/1585 1619/93/1586
f 1620/102/1587 1614/106/1581 1612/92/1579
f 1619/93/1586 1620/102/1587 1612/92/1579
f 1621/94/1588 1620/102/1587 1619/93/1586
f 1622/101/1589 1616/105/1583 1614/106/1581
f 1622/101/1589 1620/102/1587 1621/94/1588
f 1614/106/1581 1620/102/1587 1622/101/1589
f 1621/94/1588 1623/97/1590 1622/101/1589
f 1622/101/1589 1623/97/1590 1624/100/1591
f 1624/100/1591 1616/105/1583 1622/101/1589
f 1624/100/1591 1623/97/1590 1625/95/1592
f 1625/95/1592 1623/97/1590 1621/94/1588
f 1621/94/1588 1626/91/1593 1625/95/1592
f 1625/95/1592 1626/91/1593 1627/22/1594
f 1626/91/1593 1621/94/1588 1628/90/1595
f 1619/93/1586 1628/90/1595 1621/94/1588
f 1619/93/1586 1618/89/1585 1628/90/1595
f 1627/22/1594 1629/96/1596 1625/95/1592
f 1625/95/1592 1629/96/1596 1624/100/1591
f 1630/20/1597 1629/96/1596 1627/22/1594
f 1627/22/1594 1631/21/1598 1630/20/1597
f 1630/20/1597 1631/21/1598 1632/25/1599
f 1632/25/1599 1631/21/1598 1633/23/1600
f 1633/23/1600 1631/21/1598 1627/22/1594
f 1627/22/1594 1634/1549/1601 1633/23/1600
f 1626/91/1593 1634/1549/1601 1627/22/1594
f 1628/90/1595 1635/31/1602 1626/91/1593
f 1634/1549/1601 1626/91/1593 1635/31/1602
f 1636/16/1603 1637/11/1604 1638/13/1605
f 1637/11/1604 1636/16/1603 1639/17/1606
f 1640/14/1607 1639/17/1606 1636/16/1603
f 1641/19/1608 1640/14/1607 1630/20/1597
f 1639/17/1606 1640/14/1607 1641/19/1608
f 1632/25/1599 1642/26/1609 1630/20/1597
f 1630/20/1597 1642/26/1609 1641/19/1608
f 1633/23/1600 1643/1550/1542 1632/25/1599
f 1642/26/1609 1632/25/1599 1643/1550/1542
f 1643/1550/1542 1633/23/1600 1644/37/1610
f 1644/37/1610 1633/23/1600 1634/1549/1601
f 1642/26/1609 1645/27/1611 1641/19/1608
f 1644/37/1610 1646/42/1612 1643/1550/1542
f 1643/1550/1542 1646/42/1612 1642/26/1609
f 1646/42/1612 1644/37/1610 1647/41/1613
f 1568/44/1536 1567/43/1535 1647/41/1613
f 1647/41/1613 1571/49/1539 1568/44/1536
f 1647/41/1613 1567/43/1535 1646/42/1612
f 1635/31/1602 1648/30/1614 1634/1549/1601
f 1634/1549/1601 1648/30/1614 1644/37/1610
f 1649/36/1615 1647/41/1613 1644/37/1610
f 1644/37/1610 1648/30/1614 1649/36/1615
f 1649/36/1615 1648/30/1614 1635/31/1602
f 1650/1551/1616 1571/49/1539 1647/41/1613
f 1647/41/1613 1649/36/1615 1650/1551/1616
f 1571/49/1539 1650/1551/1616 1572/40/1540
f 1650/1551/1616 1649/36/1615 1651/32/1617
f 1635/31/1602 1651/32/1617 1649/36/1615
f 1651/32/1617 1652/33/1618 1650/1551/1616
f 1572/40/1540 1650/1551/1616 1652/33/1618
f 1652/33/1618 1582/1546/1550 1572/40/1540
f 1653/35/1619 1651/32/1617 1635/31/1602
f 1618/89/1585 1588/85/1556 1653/35/1619
f 1653/35/1619 1628/90/1595 1618/89/1585
f 1635/31/1602 1628/90/1595 1653/35/1619
f 1653/35/1619 1588/85/1556 1654/1552/1620
f 1586/1547/1554 1654/1552/1620 1588/85/1556
f 1655/34/1621 1653/35/1619 1654/1552/1620
f 1655/34/1621 1652/33/1618 1651/32/1617
f 1583/68/1551 1655/34/1621 1586/1547/1554
f 1655/34/1621 1583/68/1551 1582/1546/1550
f 1582/1546/1550 1652/33/1618 1655/34/1621
f 1651/32/1617 1653/35/1619 1655/34/1621
f 1654/1552/1620 1586/1547/1554 1655/34/1621
f 1656/1553/1622 1126/1115/1105 1132/1121/277
f 1132/1121/277 1657/1554/276 1656/1553/1622
f 987/987/967 986/986/966 1658/1555/1623
f 986/986/966 985/985/965 1659/1556/1624
f 1659/1556/1624 1658/1555/1623 986/986/966
f 1660/1557/1625 1658/1555/1623 1659/1556/1624
f 1659/1556/1624 1661/1558/1626 1660/1557/1625
f 985/985/965 1124/1113/1103 1662/1559/1627
f 1125/1114/1104 1662/1559/1627 1124/1113/1103
f 1662/1559/1627 1659/1556/1624 985/985/965
f 1661/1558/1626 1659/1556/1624 1662/1559/1627
f 1662/1559/1627 1663/1560/1628 1661/1558/1626
f 1663/1560/1628 1662/1559/1627 1125/1114/1104
f 1125/1114/1104 1664/1561/1629 1663/1560/1628
f 1664/1561/1629 1125/1114/1104 1126/1115/1105
f 1126/1115/1105 1656/1553/1622 1664/1561/1629
f 1665/1562/1630 1235/1222/1209 1236/1223/1210
f 1236/1223/1210 987/987/967 1665/1562/1630
f 1658/1555/1623 1666/1563/1631 987/987/967
f 1665/1562/1630 987/987/967 1666/1563/1631
f 1667/1564/1632 1228/1215/1202 1229/1216/1203
f 1229/1216/1203 1668/1565/1633 1667/1564/1632
f 1668/1565/1633 1229/1216/1203 1669/1566/1634
f 1669/1566/1634 1670/1567/1635 1668/1565/1633
f 1671/1568/1636 1670/1567/1635 1669/1566/1634
f 1666/1563/1631 1672/1569/1637 1665/1562/1630
f 1669/1566/1634 1672/1569/1637 1671/1568/1636
f 1672/1569/1637 1666/1563/1631 1673/1570/1638
f 1673/1570/1638 1671/1568/1636 1672/1569/1637
f 1658/1555/1623 1660/1557/1625 1674/1571/1639
f 1666/1563/1631 1674/1571/1639 1673/1570/1638
f 1674/1571/1639 1666/1563/1631 1658/1555/1623
f 1235/1222/1209 1665/1562/1630 1675/1572/1640
f 1675/1572/1640 1230/1217/1204 1235/1222/1209
f 1229/1216/1203 1675/1572/1640 1669/1566/1634
f 1672/1569/1637 1669/1566/1634 1675/1572/1640
f 1675/1572/1640 1665/1562/1630 1672/1569/1637
f 1230/1217/1204 1675/1572/1640 1229/1216/1203
f 1676/1573/1638 1217/1204/1191 1218/1205/1192
f 1217/1204/1191 1676/1573/1638 1312/1299/1286
f 1677/1574/1641 1218/1205/1192 1228/1215/1202
f 1218/1205/1192 1677/1574/1641 1676/1573/1638
f 1228/1215/1202 1667/1564/1632 1677/1574/1641
f 1678/1575/1642 305/305/298 304/304/297
f 1678/1575/1642 322/322/315 317/317/310
f 305/305/298 1678/1575/1642 306/306/299
f 317/317/310 306/306/299 1678/1575/1642
f 1679/1576/1643 318/318/311 322/322/315
f 322/322/315 1678/1575/1642 1679/1576/1643
f 1679/1576/1643 304/304/297 580/580/573
f 304/304/297 1679/1576/1643 1678/1575/1642
f 318/318/311 1679/1576/1643 1680/1577/1644
f 580/580/573 1680/1577/1644 1679/1576/1643
f 583/583/576 1680/1577/1644 580/580/573
f 1680/1577/1644 319/319/312 318/318/311
f 319/319/312 1680/1577/1644 583/583/576
f 1681/66/65 1682/67/1645 1554/1540/1522
f 1577/61/1545 1683/60/1646 1554/1540/1522
f 1554/1540/1522 1683/60/1646 1681/66/65
f 1684/1578/1647 1580/72/1548 1592/74/1560
f 1580/72/1548 1684/1578/1647 1577/61/1545
f 1683/60/1646 1577/61/1545 1684/1578/1647
f 1684/1578/1647 1596/122/1564 1683/60/1646
f 1596/122/1564 1684/1578/1647 1597/1548/1565
f 1592/74/1560 1597/1548/1565 1684/1578/1647
f 1685/1579/1648 1686/1580/1523 1687/1581/1649
f 1687/1581/1649 1688/1582/1650 1685/1579/1648
f 1689/1583/1651 1688/1582/1650 1687/1581/1649
f 1687/1581/1649 1690/1584/1652 1689/1583/1651
f 1691/1585/1653 1690/1584/1652 1687/1581/1649
f 1687/1581/1649 1692/1586/1523 1691/1585/1653
f 1693/1587/66 1689/1583/1651 1690/1584/1652
f 1690/1584/1652 1694/1588/1654 1693/1587/66
f 309/309/302 1695/1589/1655 288/288/281
f 288/288/281 1695/1589/1655 292/292/285
f 1695/1589/1655 309/309/302 314/314/307
f 314/314/307 1696/1590/1656 1695/1589/1655
f 1696/1590/1656 314/314/307 313/313/306
f 292/292/285 1697/1591/1657 282/282/275
f 1697/1591/1657 292/292/285 1695/1589/1655
f 1695/1589/1655 1696/1590/1656 1697/1591/1657
f 1697/1591/1657 1696/1590/1656 1698/1592/1658
f 313/313/306 1698/1592/1658 1696/1590/1656
f 282/282/275 1697/1591/1657 1699/1593/1659
f 1698/1592/1658 1699/1593/1659 1697/1591/1657
f 1699/1593/1659 1700/1594/1660 282/282/275
f 282/282/275 1700/1594/1660 280/280/273
f 712/712/702 711/711/701 1701/1595/330
f 712/712/702 1701/1595/330 1702/1596/1661
f 742/742/732 741/741/731 1702/1596/1661
f 1702/1596/1661 741/741/731 712/712/702
f 1703/1597/1662 746/746/736 743/743/733
f 753/753/742 746/746/736 1703/1597/1662
f 1702/1596/1661 1703/1597/1662 742/742/732
f 1703/1597/1662 1702/1596/1661 753/753/742
f 743/743/733 742/742/732 1703/1597/1662
f 1701/1595/330 711/711/701 1704/1598/1663
f 785/785/774 1704/1598/1663 790/790/779
f 1704/1598/1663 753/753/742 1702/1596/1661
f 1702/1596/1661 1701/1595/330 1704/1598/1663
f 753/753/742 1704/1598/1663 785/785/774
f 790/790/779 1704/1598/1663 711/711/701
f 1705/1599/1664 1706/1600/1665 1707/1601/1666
f 1707/1601/1666 1708/1602/1667 1705/1599/1664
f 1707/1601/1666 1709/1603/1526 1710/1604/1668
f 1710/1604/1668 1711/1605/1669 1707/1601/1666
f 1707/1601/1666 1711/1605/1669 1712/1606/1670
f 1712/1606/1670 1708/1602/1667 1707/1601/1666
f 1708/1602/1667 1712/1606/1670 1713/1607/1671
f 1713/1607/1671 1714/1608/1672 1708/1602/1667
f 1715/1609/1673 1716/1610/1646 1717/1611/1674
f 1717/1611/1674 1718/1612/1675 1715/1609/1673
f 1715/1609/1673 1718/1612/1675 1719/1613/1676
f 1719/1613/1676 1720/1614/1677 1715/1609/1673
f 1715/1609/1673 1720/1614/1677 1721/1615/1678
f 1721/1615/1678 1722/1616/1646 1715/1609/1673
f 1718/1612/1675 1723/1617/1679 1724/1618/1680
f 1724/1618/1680 1719/1613/1676 1718/1612/1675
f 1725/1619/1681 723/723/713 722/722/712
f 1726/1620/1682 723/723/713 1725/1619/1681
f 723/723/713 1726/1620/1682 725/725/715
f 1725/1619/1681 1727/1621/1683 1726/1620/1682
f 1728/1622/1684 1726/1620/1682 1727/1621/1683
f 1728/1622/1684 715/715/705 716/716/706
f 725/725/715 1726/1620/1682 1728/1622/1684
f 1728/1622/1684 717/717/707 725/725/715
f 716/716/706 717/717/707 1728/1622/1684
f 715/715/705 1728/1622/1684 1729/1623/1685
f 1727/1621/1683 1729/1623/1685 1728/1622/1684
f 1730/1624/1686 652/652/643 694/694/684
f 694/694/684 715/715/705 1730/1624/1686
f 1729/1623/1685 1730/1624/1686 715/715/705
f 1731/1625/1687 1732/1626/1688 1733/1627/1689
f 1733/1627/1689 1732/1626/1688 1734/1628/1690
f 726/726/716 1733/1627/1689 1735/1629/1691
f 1735/1629/1691 727/727/717 726/726/716
f 1734/1628/1690 1735/1629/1691 1733/1627/1689
f 727/727/717 1735/1629/1691 1736/1630/1692
f 1736/1630/1692 1735/1629/1691 1734/1628/1690
f 1736/1630/1692 1737/1631/1693 727/727/717
f 727/727/717 1737/1631/1693 1738/1632/1694
f 722/722/712 1738/1632/1694 1725/1619/1681
f 1738/1632/1694 722/722/712 727/727/717
f 1739/1633/1695 1732/1626/1688 1731/1625/1687
f 1732/1626/1688 1739/1633/1695 1740/1634/1696
f 1740/1634/1696 1734/1628/1690 1732/1626/1688
f 1734/1628/1690 1740/1634/1696 1741/1635/1697
f 1741/1635/1697 1736/1630/1692 1734/1628/1690
f 1742/1636/1698 1743/1637/1699 1739/1633/1695
f 1739/1633/1695 1743/1637/1699 1744/1638/1700
f 1744/1638/1700 1740/1634/1696 1739/1633/1695
f 1740/1634/1696 1744/1638/1700 1745/1639/1701
f 1745/1639/1701 1741/1635/1697 1740/1634/1696
f 1741/1635/1697 1745/1639/1701 1746/1640/1702
f 1747/1641/1703 1737/1631/1693 1736/1630/1692
f 1746/1640/1702 1747/1641/1703 1741/1635/1697
f 1736/1630/1692 1741/1635/1697 1747/1641/1703
f 750/750/739 752/752/741 1748/1642/1704
f 1748/1642/1704 752/752/741 1749/1643/1705
f 1749/1643/1705 1750/1644/1706 1748/1642/1704
f 1750/1644/1706 1749/1643/1705 1751/1645/1707
f 1751/1645/1707 1752/1646/1708 1750/1644/1706
f 1752/1646/1708 1751/1645/1707 1742/1636/1698
f 1731/1625/1687 1753/1647/1709 1739/1633/1695
f 1742/1636/1698 1753/1647/1709 1752/1646/1708
f 1739/1633/1695 1753/1647/1709 1742/1636/1698
f 1754/1648/1710 1748/1642/1704 1750/1644/1706
f 1750/1644/1706 1752/1646/1708 1754/1648/1710
f 1755/1649/1711 1754/1648/1710 1752/1646/1708
f 1752/1646/1708 1753/1647/1709 1755/1649/1711
f 1755/1649/1711 1753/1647/1709 1731/1625/1687
f 1756/1650/1712 1755/1649/1711 1731/1625/1687
f 1731/1625/1687 1733/1627/1689 1756/1650/1712
f 1756/1650/1712 1733/1627/1689 726/726/716
f 733/733/723 734/734/724 1757/1651/1713
f 1758/1652/1714 1759/1653/1715 1757/1651/1713
f 1757/1651/1713 1759/1653/1715 733/733/723
f 1759/1653/1715 1758/1652/1714 1760/1654/1716
f 1760/1654/1716 1755/1649/1711 1756/1650/1712
f 1754/1648/1710 1755/1649/1711 1760/1654/1716
f 1760/1654/1716 1758/1652/1714 1754/1648/1710
f 728/728/718 729/729/719 1761/1655/1717
f 1761/1655/1717 729/729/719 733/733/723
f 733/733/723 1759/1653/1715 1761/1655/1717
f 1756/1650/1712 1761/1655/1717 1760/1654/1716
f 726/726/716 1761/1655/1717 1756/1650/1712
f 1761/1655/1717 726/726/716 728/728/718
f 1760/1654/1716 1761/1655/1717 1759/1653/1715
f 1754/1648/1710 1758/1652/1714 1762/1656/1718
f 1757/1651/1713 1762/1656/1718 1758/1652/1714
f 1762/1656/1718 1748/1642/1704 1754/1648/1710
f 1748/1642/1704 1762/1656/1718 750/750/739
f 750/750/739 1763/1657/1719 738/738/728
f 735/735/725 738/738/728 1763/1657/1719
f 1763/1657/1719 750/750/739 1762/1656/1718
f 1762/1656/1718 1757/1651/1713 1763/1657/1719
f 734/734/724 1763/1657/1719 1757/1651/1713
f 1763/1657/1719 734/734/724 735/735/725
f 1764/28/1720 1645/27/1611 1642/26/1609
f 1641/19/1608 1645/27/1611 1765/4/1721
f 1764/28/1720 1766/6/1722 1765/4/1721
f 1765/4/1721 1645/27/1611 1764/28/1720
f 1765/4/1721 1766/6/1722 1767/5/1723
f 1767/5/1723 1768/3/1724 1765/4/1721
f 1765/4/1721 1768/3/1724 1769/7/1725
f 1769/7/1725 1770/18/1726 1765/4/1721
f 1641/19/1608 1770/18/1726 1639/17/1606
f 1765/4/1721 1770/18/1726 1641/19/1608
f 1771/9/1727 1639/17/1606 1770/18/1726
f 1639/17/1606 1771/9/1727 1637/11/1604
f 1770/18/1726 1769/7/1725 1771/9/1727
f 1772/8/1728 1771/9/1727 1769/7/1725
f 1771/9/1727 1772/8/1728 1773/1658/1729
f 1773/1658/1729 1637/11/1604 1771/9/1727
f 1774/1659/242 1769/7/1725 1768/3/1724
f 1768/3/1724 1775/2/1730 1774/1659/242
f 1769/7/1725 1774/1659/242 1772/8/1728
f 1776/1660/1699 1638/13/1605 1637/11/1604
f 1637/11/1604 1773/1658/1729 1776/1660/1699
f 1616/105/1583 1777/104/1731 1617/108/1584
f 1777/104/1731 1616/105/1583 1624/100/1591
f 1778/107/1732 1617/108/1584 1777/104/1731
f 1777/104/1731 1779/103/1733 1778/107/1732
f 1780/971/1734 1778/107/1732 1779/103/1733
f 1638/13/1605 1781/972/1735 1779/103/1733
f 1779/103/1733 1781/972/1735 1780/971/1734
f 1781/972/1735 1638/13/1605 1776/1660/1699
f 1782/974/1707 1780/971/1734 1781/972/1735
f 1781/972/1735 1783/973/1698 1782/974/1707
f 1776/1660/1699 1783/973/1698 1781/972/1735
f 1613/110/1580 1615/109/1582 1784/112/1736
f 1784/112/1736 1610/114/1577 1613/110/1580
f 1785/113/1737 1784/112/1736 1615/109/1582
f 1615/109/1582 1617/108/1584 1785/113/1737
f 1786/977/1738 1617/108/1584 1778/107/1732
f 1617/108/1584 1786/977/1738 1785/113/1737
f 1778/107/1732 1787/976/1739 1786/977/1738
f 1778/107/1732 1780/971/1734 1788/969/1740
f 1788/969/1740 1787/976/1739 1778/107/1732
f 1788/969/1740 1780/971/1734 1789/970/1741
f 1789/970/1741 1780/971/1734 1782/974/1707
f 1782/974/1707 1790/975/1742 1789/970/1741
f 1636/16/1603 1791/15/1743 1640/14/1607
f 1630/20/1597 1640/14/1607 1791/15/1743
f 1791/15/1743 1629/96/1596 1630/20/1597
f 1791/15/1743 1636/16/1603 1792/98/1744
f 1779/103/1733 1792/98/1744 1638/13/1605
f 1638/13/1605 1792/98/1744 1636/16/1603
f 1779/103/1733 1777/104/1731 1793/99/1745
f 1793/99/1745 1792/98/1744 1779/103/1733
f 1629/96/1596 1791/15/1743 1793/99/1745
f 1624/100/1591 1793/99/1745 1777/104/1731
f 1793/99/1745 1624/100/1591 1629/96/1596
f 1792/98/1744 1793/99/1745 1791/15/1743
f 1794/1166/1746 1795/1171/1747 1796/1165/1748
f 1796/1165/1748 1797/1131/1749 1794/1166/1746
f 1797/1131/1749 1796/1165/1748 1798/1160/1750
f 1799/1159/1751 1800/1150/1752 1798/1160/1750
f 1801/1164/1753 1798/1160/1750 1796/1165/1748
f 1798/1160/1750 1801/1164/1753 1799/1159/1751
f 1802/1170/1754 1796/1165/1748 1795/1171/1747
f 1796/1165/1748 1802/1170/1754 1801/1164/1753
f 1795/1171/1747 1803/1175/1755 1802/1170/1754
f 1804/1169/1756 1802/1170/1754 1803/1175/1755
f 1801/1164/1753 1802/1170/1754 1804/1169/1756
f 1803/1175/1755 1805/1182/1757 1804/1169/1756
f 1806/1168/1758 1804/1169/1756 1805/1182/1757
f 1805/1182/1757 1807/1661/1759 1806/1168/1758
f 1808/1195/1760 1806/1168/1758 1807/1661/1759
f 1807/1661/1759 1809/1194/1761 1808/1195/1760
f 1810/1162/1762 1804/1169/1756 1806/1168/1758
f 1804/1169/1756 1810/1162/1762 1801/1164/1753
f 1799/1159/1751 1801/1164/1753 1810/1162/1762
f 1806/1168/1758 1811/1163/1763 1810/1162/1762
f 1811/1163/1763 1806/1168/1758 1808/1195/1760
f 1810/1162/1762 1812/1161/1764 1799/1159/1751
f 1812/1161/1764 1810/1162/1762 1811/1163/1763
f 1813/1158/1765 1799/1159/1751 1812/1161/1764
f 1799/1159/1751 1813/1158/1765 1814/1152/1766
f 1814/1152/1766 1800/1150/1752 1799/1159/1751
f 1815/1157/1767 1814/1152/1766 1813/1158/1765
f 1811/1163/1763 1816/1209/1768 1812/1161/1764
f 1816/1209/1768 1811/1163/1763 1817/1207/1769
f 1808/1195/1760 1817/1207/1769 1811/1163/1763
f 1818/1201/1770 1808/1195/1760 1809/1194/1761
f 1817/1207/1769 1808/1195/1760 1818/1201/1770
f 1809/1194/1761 1819/1200/1771 1818/1201/1770
f 1819/1200/1771 1809/1194/1761 1820/1193/1772
f 1820/1193/1772 1821/1199/1773 1819/1200/1771
f 1821/1199/1773 1820/1193/1772 1822/1198/1774
f 1822/1198/1774 1823/1202/1775 1821/1199/1773
f 1805/1182/1757 1803/1175/1755 1824/1181/1776
f 1824/1181/1776 1825/1186/1777 1805/1182/1757
f 1807/1661/1759 1805/1182/1757 1825/1186/1777
f 1809/1194/1761 1807/1661/1759 1826/1188/1778
f 1826/1188/1778 1820/1193/1772 1809/1194/1761
f 1825/1186/1777 1826/1188/1778 1807/1661/1759
f 1827/1192/1779 1822/1198/1774 1820/1193/1772
f 1820/1193/1772 1826/1188/1778 1827/1192/1779
f 1822/1198/1774 1827/1192/1779 1828/1197/1780
f 1823/1202/1775 1822/1198/1774 1829/1662/1781
f 1828/1197/1780 1829/1662/1781 1822/1198/1774
f 1829/1662/1781 1828/1197/1780 1830/1302/1782
f 1831/1301/1783 1832/1295/1784 1830/1302/1782
f 1830/1302/1782 1833/1196/1785 1831/1301/1783
f 1833/1196/1785 1830/1302/1782 1828/1197/1780
f 1828/1197/1780 1834/1191/1786 1833/1196/1785
f 1834/1191/1786 1828/1197/1780 1827/1192/1779
f 1827/1192/1779 1835/1189/1787 1834/1191/1786
f 1835/1189/1787 1827/1192/1779 1826/1188/1778
f 1826/1188/1778 1825/1186/1777 1835/1189/1787
f 1836/1190/1788 1834/1191/1786 1835/1189/1787
f 1833/1196/1785 1834/1191/1786 1836/1190/1788
f 1825/1186/1777 1824/1181/1776 1837/1185/1789
f 1835/1189/1787 1837/1185/1789 1836/1190/1788
f 1837/1185/1789 1835/1189/1787 1825/1186/1777
f 1838/1184/1790 1836/1190/1788 1837/1185/1789
f 1837/1185/1789 1839/1183/1791 1838/1184/1790
f 1839/1183/1791 1837/1185/1789 1824/1181/1776
f 1836/1190/1788 1840/1306/1792 1833/1196/1785
f 1840/1306/1792 1836/1190/1788 1838/1184/1790
f 1831/1301/1783 1833/1196/1785 1840/1306/1792
f 1830/1302/1782 1841/1303/1793 1829/1662/1781
f 1830/1302/1782 1832/1295/1784 1842/1296/1794
f 1842/1296/1794 1841/1303/1793 1830/1302/1782
f 1843/1291/1795 1842/1296/1794 1832/1295/1784
f 1832/1295/1784 1844/1292/1796 1843/1291/1795
f 1845/1294/1797 1844/1292/1796 1832/1295/1784
f 1832/1295/1784 1831/1301/1783 1845/1294/1797
f 1845/1294/1797 1831/1301/1783 1846/1300/1798
f 1840/1306/1792 1846/1300/1798 1831/1301/1783
f 1846/1300/1798 1840/1306/1792 1847/1276/1799
f 1838/1184/1790 1847/1276/1799 1840/1306/1792
f 1829/1662/1781 1848/1304/1800 1823/1202/1775
f 1848/1304/1800 1829/1662/1781 1841/1303/1793
f 1849/1297/1801 1841/1303/1793 1842/1296/1794
f 1841/1303/1793 1849/1297/1801 1848/1304/1800
f 1842/1296/1794 1850/1289/1802 1849/1297/1801
f 1850/1289/1802 1842/1296/1794 1843/1291/1795
f 1843/1291/1795 1851/1290/1803 1850/1289/1802
f 1851/1290/1803 1843/1291/1795 1844/1292/1796
f 1844/1292/1796 1852/1287/1804 1851/1290/1803
f 1844/1292/1796 1845/1294/1797 1852/1287/1804
f 1853/1203/1805 1823/1202/1775 1848/1304/1800
f 1821/1199/1773 1823/1202/1775 1853/1203/1805
f 1854/1298/1806 1848/1304/1800 1849/1297/1801
f 1848/1304/1800 1854/1298/1806 1853/1203/1805
f 1855/1280/1807 1849/1297/1801 1850/1289/1802
f 1849/1297/1801 1855/1280/1807 1854/1298/1806
f 1850/1289/1802 1856/1283/1808 1855/1280/1807
f 1856/1283/1808 1850/1289/1802 1851/1290/1803
f 1857/1285/1809 1851/1290/1803 1852/1287/1804
f 1851/1290/1803 1857/1285/1809 1856/1283/1808
f 1855/1280/1807 1856/1283/1808 1858/1282/1810
f 1856/1283/1808 1857/1285/1809 1859/1284/1811
f 1859/1284/1811 1858/1282/1810 1856/1283/1808
f 1860/1286/1812 1857/1285/1809 1852/1287/1804
f 1859/1284/1811 1857/1285/1809 1860/1286/1812
f 1852/1287/1804 1861/1277/1813 1860/1286/1812
f 1861/1277/1813 1852/1287/1804 1862/1274/1814
f 1852/1287/1804 1863/1288/1815 1862/1274/1814
f 1862/1274/1814 1863/1288/1815 1864/1275/1816
f 1847/1276/1799 1864/1275/1816 1846/1300/1798
f 1865/1293/1817 1846/1300/1798 1864/1275/1816
f 1852/1287/1804 1845/1294/1797 1865/1293/1817
f 1864/1275/1816 1863/1288/1815 1865/1293/1817
f 1852/1287/1804 1865/1293/1817 1863/1288/1815
f 1846/1300/1798 1865/1293/1817 1845/1294/1797
f 1866/1273/1818 1861/1277/1813 1862/1274/1814
f 1862/1274/1814 1864/1275/1816 1867/1265/1819
f 1867/1265/1819 1864/1275/1816 1847/1276/1799
f 1847/1276/1799 1868/1310/1820 1867/1265/1819
f 1868/1310/1820 1847/1276/1799 1838/1184/1790
f 1869/1309/1821 1867/1265/1819 1868/1310/1820
f 1868/1310/1820 1870/1180/1822 1869/1309/1821
f 1871/1308/1823 1869/1309/1821 1870/1180/1822
f 1867/1265/1819 1869/1309/1821 1872/1267/1824
f 1872/1267/1824 1873/1266/1825 1867/1265/1819
f 1862/1274/1814 1873/1266/1825 1866/1273/1818
f 1867/1265/1819 1873/1266/1825 1862/1274/1814
f 1869/1309/1821 1871/1308/1823 1874/1268/1475
f 1874/1268/1475 1872/1267/1824 1869/1309/1821
f 1875/1307/1826 1874/1268/1475 1871/1308/1823
f 1871/1308/1823 1876/1317/1827 1875/1307/1826
f 1866/1273/1818 1873/1266/1825 1877/1272/1828
f 1877/1272/1828 1873/1266/1825 1872/1267/1824
f 1878/1271/1829 1872/1267/1824 1874/1268/1475
f 1872/1267/1824 1878/1271/1829 1877/1272/1828
f 1874/1268/1475 1879/1269/1830 1878/1271/1829
f 1874/1268/1475 1875/1307/1826 1880/1270/1831
f 1880/1270/1831 1879/1269/1830 1874/1268/1475
f 1880/1270/1831 1875/1307/1826 1881/1279/1832
f 1875/1307/1826 1876/1317/1827 1882/1318/1833
f 1882/1318/1833 1881/1279/1832 1875/1307/1826
f 1883/1316/1834 1882/1318/1833 1876/1317/1827
f 1881/1279/1832 1884/1278/1835 1880/1270/1831
f 1870/1180/1822 1885/1323/1836 1871/1308/1823
f 1876/1317/1827 1871/1308/1823 1885/1323/1836
f 1876/1317/1827 1886/1315/1837 1883/1316/1834
f 1885/1323/1836 1886/1315/1837 1876/1317/1827
f 1887/1314/1838 1883/1316/1834 1886/1315/1837
f 1886/1315/1837 1888/1313/1839 1887/1314/1838
f 1889/1311/1840 1887/1314/1838 1888/1313/1839
f 1888/1313/1839 1890/1663/1841 1889/1311/1840
f 1889/1311/1840 1890/1663/1841 1891/1324/1842
f 1892/1319/1843 1891/1324/1842 1890/1663/1841
f 1890/1663/1841 1893/1320/1844 1892/1319/1843
f 1894/1136/1845 1892/1319/1843 1893/1320/1844
f 1895/1142/1846 1892/1319/1843 1894/1136/1845
f 1894/1136/1845 1896/1141/1847 1895/1142/1846
f 1897/1664/1848 1890/1663/1841 1888/1313/1839
f 1898/1174/1849 1893/1320/1844 1890/1663/1841
f 1890/1663/1841 1897/1664/1848 1898/1174/1849
f 1893/1320/1844 1899/1135/1850 1894/1136/1845
f 1899/1135/1850 1893/1320/1844 1898/1174/1849
f 1894/1136/1845 1899/1135/1850 1900/1134/1851
f 1896/1141/1847 1894/1136/1845 1901/1140/1852
f 1900/1134/1851 1901/1140/1852 1894/1136/1845
f 1901/1140/1852 1902/1239/1853 1896/1141/1847
f 1903/1253/1854 1891/1324/1842 1892/1319/1843
f 1892/1319/1843 1895/1142/1846 1903/1253/1854
f 1904/1143/1855 1895/1142/1846 1896/1141/1847
f 1903/1253/1854 1895/1142/1846 1904/1143/1855
f 1905/1243/1856 1896/1141/1847 1902/1239/1853
f 1896/1141/1847 1905/1243/1856 1904/1143/1855
f 1902/1239/1853 1906/1242/1857 1905/1243/1856
f 1907/1238/1858 1906/1242/1857 1902/1239/1853
f 1906/1242/1857 1907/1238/1858 1908/1241/1859
f 1909/1237/1860 1908/1241/1859 1907/1238/1858
f 1904/1143/1855 1910/1252/1861 1903/1253/1854
f 1911/1325/1862 1891/1324/1842 1903/1253/1854
f 1891/1324/1842 1911/1325/1862 1889/1311/1840
f 1903/1253/1854 1912/1326/1470 1911/1325/1862
f 1913/1254/1863 1912/1326/1470 1903/1253/1854
f 1903/1253/1854 1910/1252/1861 1913/1254/1863
f 1914/1255/1864 1913/1254/1863 1910/1252/1861
f 1915/1258/1865 1916/1250/1866 1917/1247/1867
f 1916/1250/1866 1915/1258/1865 1918/1257/1868
f 1918/1257/1868 1919/1256/1351 1916/1250/1866
f 1920/1259/1869 1919/1256/1351 1918/1257/1868
f 1919/1256/1351 1920/1259/1869 1914/1255/1864
f 1914/1255/1864 1921/1251/1870 1919/1256/1351
f 1910/1252/1861 1921/1251/1870 1914/1255/1864
f 1916/1250/1866 1919/1256/1351 1921/1251/1870
f 1922/1249/1871 1921/1251/1870 1910/1252/1861
f 1921/1251/1870 1922/1249/1871 1916/1250/1866
f 1917/1247/1867 1916/1250/1866 1922/1249/1871
f 1922/1249/1871 1904/1143/1855 1905/1243/1856
f 1910/1252/1861 1904/1143/1855 1922/1249/1871
f 1918/1257/1868 1923/1260/1872 1920/1259/1869
f 1908/1241/1859 1909/1237/1860 1924/1240/1873
f 1924/1240/1873 1925/1264/1874 1926/1263/1875
f 1926/1263/1875 1927/1248/1876 1924/1240/1873
f 1924/1240/1873 1927/1248/1876 1908/1241/1859
f 1908/1241/1859 1928/1244/1877 1906/1242/1857
f 1905/1243/1856 1906/1242/1857 1928/1244/1877
f 1928/1244/1877 1908/1241/1859 1927/1248/1876
f 1928/1244/1877 1929/1245/1878 1905/1243/1856
f 1905/1243/1856 1929/1245/1878 1922/1249/1871
f 1922/1249/1871 1929/1245/1878 1917/1247/1867
f 1917/1247/1867 1930/1261/1879 1915/1258/1865
f 1931/1665/1880 1917/1247/1867 1929/1245/1878
f 1929/1245/1878 1928/1244/1877 1931/1665/1880
f 1927/1248/1876 1931/1665/1880 1928/1244/1877
f 1930/1261/1879 1917/1247/1867 1931/1665/1880
f 1932/1262/1881 1931/1665/1880 1927/1248/1876
f 1927/1248/1876 1926/1263/1875 1932/1262/1881
f 1931/1665/1880 1932/1262/1881 1930/1261/1879
f 1933/1229/1882 1934/1228/1883 1935/1230/1884
f 1935/1230/1884 1934/1228/1883 1936/1231/1885
f 1937/1226/1886 1934/1228/1883 1933/1229/1882
f 1933/1229/1882 1938/1225/1887 1937/1226/1886
f 1939/1227/1888 1934/1228/1883 1937/1226/1886
f 1939/1227/1888 1940/1046/1889 1934/1228/1883
f 1940/1046/1889 1939/1227/1888 1941/1045/1890
f 1942/1032/1891 1941/1045/1890 1939/1227/1888
f 1939/1227/1888 1943/1018/1892 1942/1032/1891
f 1943/1018/1892 1939/1227/1888 1937/1226/1886
f 1938/1225/1887 1815/1157/1767 1944/1017/1893
f 1937/1226/1886 1944/1017/1893 1943/1018/1892
f 1944/1017/1893 1937/1226/1886 1938/1225/1887
f 1945/1151/1894 1938/1225/1887 1933/1229/1882
f 1815/1157/1767 1938/1225/1887 1945/1151/1894
f 1945/1151/1894 1814/1152/1766 1815/1157/1767
f 1945/1151/1894 1800/1150/1752 1814/1152/1766
f 1946/1020/1895 1942/1032/1891 1943/1018/1892
f 1947/1019/1896 1943/1018/1892 1944/1017/1893
f 1943/1018/1892 1947/1019/1896 1946/1020/1895
f 1948/1154/1897 1944/1017/1893 1815/1157/1767
f 1944/1017/1893 1948/1154/1897 1947/1019/1896
f 1813/1158/1765 1949/1155/1898 1815/1157/1767
f 1815/1157/1767 1949/1155/1898 1948/1154/1897
f 1950/1219/1899 1812/1161/1764 1816/1209/1768
f 1949/1155/1898 1813/1158/1765 1950/1219/1899
f 1812/1161/1764 1950/1219/1899 1813/1158/1765
f 1951/1156/1900 1948/1154/1897 1949/1155/1898
f 1948/1154/1897 1951/1156/1900 1952/1224/1901
f 1952/1224/1901 1947/1019/1896 1948/1154/1897
f 1949/1155/1898 1953/1211/1902 1951/1156/1900
f 1950/1219/1899 1953/1211/1902 1949/1155/1898
f 1953/1211/1902 1950/1219/1899 1954/1210/1903
f 1816/1209/1768 1954/1210/1903 1950/1219/1899
f 1817/1207/1769 1955/1208/1904 1816/1209/1768
f 1954/1210/1903 1816/1209/1768 1955/1208/1904
f 1818/1201/1770 1956/1206/1905 1817/1207/1769
f 1955/1208/1904 1817/1207/1769 1956/1206/1905
f 1951/1156/1900 1953/1211/1902 1957/1212/1906
f 1954/1210/1903 1957/1212/1906 1953/1211/1902
f 1952/1224/1901 1951/1156/1900 1958/1220/1907
f 1957/1212/1906 1958/1220/1907 1951/1156/1900
f 1958/1220/1907 1959/1007/1908 1952/1224/1901
f 1960/1021/1909 1946/1020/1895 1947/1019/1896
f 1960/1021/1909 1952/1224/1901 1959/1007/1908
f 1947/1019/1896 1952/1224/1901 1960/1021/1909
f 1959/1007/1908 1961/1006/1910 1960/1021/1909
f 1960/1021/1909 1961/1006/1910 1962/1015/1911
f 1962/1015/1911 1961/1006/1910 1963/1000/1912
f 1963/1000/1912 1964/1014/1913 1962/1015/1911
f 1962/1015/1911 1965/1022/1914 1960/1021/1909
f 1946/1020/1895 1960/1021/1909 1965/1022/1914
f 1966/1023/1915 1965/1022/1914 1962/1015/1911
f 1967/1016/1916 1962/1015/1911 1964/1014/1913
f 1962/1015/1911 1967/1016/1916 1966/1023/1915
f 1968/1024/1917 1966/1023/1915 1967/1016/1916
f 1969/1028/1918 1970/1027/1919 1968/1024/1917
f 1966/1023/1915 1968/1024/1917 1970/1027/1919
f 1970/1027/1919 1971/1026/1920 1966/1023/1915
f 1965/1022/1914 1972/1025/1921 1946/1020/1895
f 1942/1032/1891 1946/1020/1895 1972/1025/1921
f 1972/1025/1921 1965/1022/1914 1966/1023/1915
f 1966/1023/1915 1971/1026/1920 1972/1025/1921
f 1973/1038/1922 1974/1033/1923 1969/1028/1918
f 1975/1037/1924 1974/1033/1923 1973/1038/1922
f 1969/1028/1918 1974/1033/1923 1976/1029/1925
f 1976/1029/1925 1970/1027/1919 1969/1028/1918
f 1977/1030/1926 1971/1026/1920 1970/1027/1919
f 1970/1027/1919 1976/1029/1925 1977/1030/1926
f 1971/1026/1920 1977/1030/1926 1978/1031/1927
f 1978/1031/1927 1972/1025/1921 1971/1026/1920
f 1972/1025/1921 1978/1031/1927 1942/1032/1891
f 1941/1045/1890 1942/1032/1891 1978/1031/1927
f 1969/1028/1918 1979/1666/1928 1973/1038/1922
f 1974/1033/1923 1975/1037/1924 1980/1036/1929
f 1980/1036/1929 1976/1029/1925 1974/1033/1923
f 1981/1044/1930 1980/1036/1929 1975/1037/1924
f 1980/1036/1929 1981/1044/1930 1982/1043/1931
f 1983/1035/1932 1977/1030/1926 1976/1029/1925
f 1976/1029/1925 1980/1036/1929 1983/1035/1932
f 1982/1043/1931 1983/1035/1932 1980/1036/1929
f 1978/1031/1927 1984/1034/1933 1941/1045/1890
f 1977/1030/1926 1983/1035/1932 1984/1034/1933
f 1984/1034/1933 1978/1031/1927 1977/1030/1926
f 1983/1035/1932 1982/1043/1931 1985/1039/1934
f 1985/1039/1934 1984/1034/1933 1983/1035/1932
f 1985/1039/1934 1982/1043/1931 1986/1042/1935
f 1986/1042/1935 1987/1041/1936 1985/1039/1934
f 1988/1040/1937 1985/1039/1934 1987/1041/1936
f 1984/1034/1933 1985/1039/1934 1988/1040/1937
f 1988/1040/1937 1940/1046/1889 1941/1045/1890
f 1988/1040/1937 1941/1045/1890 1984/1034/1933
f 1988/1040/1937 1987/1041/1936 1989/1055/1938
f 1989/1055/1938 1987/1041/1936 1986/1042/1935
f 1986/1042/1935 1990/1051/1939 1989/1055/1938
f 1989/1055/1938 1990/1051/1939 1991/1049/1940
f 1991/1049/1940 1992/1056/1941 1989/1055/1938
f 1993/1047/1942 1992/1056/1941 1991/1049/1940
f 1994/1233/1943 1992/1056/1941 1993/1047/1942
f 1993/1047/1942 1995/1234/1899 1994/1233/1943
f 1996/1057/1944 1989/1055/1938 1992/1056/1941
f 1989/1055/1938 1996/1057/1944 1988/1040/1937
f 1940/1046/1889 1988/1040/1937 1996/1057/1944
f 1992/1056/1941 1994/1233/1943 1996/1057/1944
f 1996/1057/1944 1997/1232/1945 1940/1046/1889
f 1997/1232/1945 1996/1057/1944 1994/1233/1943
f 1997/1232/1945 1934/1228/1883 1940/1046/1889
f 1994/1233/1943 1998/1153/1946 1997/1232/1945
f 1998/1153/1946 1936/1231/1885 1934/1228/1883
f 1934/1228/1883 1997/1232/1945 1998/1153/1946
f 1998/1153/1946 1994/1233/1943 1995/1234/1899
f 1995/1234/1899 1999/1144/1947 1998/1153/1946
f 1935/1230/1884 1936/1231/1885 2000/1146/1948
f 1998/1153/1946 1999/1144/1947 2000/1146/1948
f 2000/1146/1948 1936/1231/1885 1998/1153/1946
f 2001/1138/1949 2000/1146/1948 1999/1144/1947
f 1933/1229/1882 1935/1230/1884 2002/1147/1950
f 2000/1146/1948 2002/1147/1950 1935/1230/1884
f 2002/1147/1950 2003/1149/1951 1933/1229/1882
f 1800/1150/1752 1945/1151/1894 2003/1149/1951
f 1933/1229/1882 2003/1149/1951 1945/1151/1894
f 2003/1149/1951 2004/1148/1952 1800/1150/1752
f 2004/1148/1952 2003/1149/1951 2002/1147/1950
f 2004/1148/1952 1797/1131/1749 1798/1160/1750
f 1798/1160/1750 1800/1150/1752 2004/1148/1952
f 2005/1137/1953 2002/1147/1950 2000/1146/1948
f 2000/1146/1948 2001/1138/1949 2005/1137/1953
f 1797/1131/1749 2004/1148/1952 2005/1137/1953
f 2002/1147/1950 2005/1137/1953 2004/1148/1952
f 2006/1130/1954 2005/1137/1953 2001/1138/1949
f 2005/1137/1953 2006/1130/1954 1797/1131/1749
f 1797/1131/1749 2006/1130/1954 2007/1129/1955
f 2007/1129/1955 1794/1166/1746 1797/1131/1749
f 2001/1138/1949 2008/1132/1956 2006/1130/1954
f 2007/1129/1955 2006/1130/1954 2008/1132/1956
f 2009/1139/1957 1900/1134/1851 2008/1132/1956
f 1901/1140/1852 1900/1134/1851 2009/1139/1957
f 1999/1144/1947 2009/1139/1957 2001/1138/1949
f 2008/1132/1956 2001/1138/1949 2009/1139/1957
f 2010/1145/1958 2009/1139/1957 1999/1144/1947
f 1999/1144/1947 1995/1234/1899 2010/1145/1958
f 1902/1239/1853 1901/1140/1852 2010/1145/1958
f 2009/1139/1957 2010/1145/1958 1901/1140/1852
f 2010/1145/1958 2011/1235/1235 1902/1239/1853
f 2011/1235/1235 2010/1145/1958 1995/1234/1899
f 1902/1239/1853 2011/1235/1235 1907/1238/1858
f 1995/1234/1899 1993/1047/1942 2011/1235/1235
f 2012/1050/1959 1991/1049/1940 1990/1051/1939
f 2013/1236/1960 1924/1240/1873 1909/1237/1860
f 1925/1264/1874 1924/1240/1873 2013/1236/1960
f 1909/1237/1860 2012/1050/1959 2013/1236/1960
f 2014/1048/1961 1907/1238/1858 2011/1235/1235
f 1907/1238/1858 2014/1048/1961 1909/1237/1860
f 2012/1050/1959 1909/1237/1860 2014/1048/1961
f 2011/1235/1235 1993/1047/1942 2014/1048/1961
f 2014/1048/1961 1991/1049/1940 2012/1050/1959
f 1991/1049/1940 2014/1048/1961 1993/1047/1942
f 2015/1052/1962 1990/1051/1939 1986/1042/1935
f 1990/1051/1939 2015/1052/1962 2012/1050/1959
f 2013/1236/1960 2012/1050/1959 2015/1052/1962
f 2016/1053/1963 1986/1042/1935 1982/1043/1931
f 1986/1042/1935 2016/1053/1963 2015/1052/1962
f 2017/1054/1964 1982/1043/1931 1981/1044/1930
f 1982/1043/1931 2017/1054/1964 2016/1053/1963
f 1975/1037/1924 2018/1059/1965 1981/1044/1930
f 2019/1060/1966 1981/1044/1930 2018/1059/1965
f 2017/1054/1964 1981/1044/1930 2019/1060/1966
f 2019/1060/1966 2020/1061/1967 2017/1054/1964
f 2021/1062/1968 2016/1053/1963 2017/1054/1964
f 2017/1054/1964 2020/1061/1967 2021/1062/1968
f 2022/1063/1969 2015/1052/1962 2016/1053/1963
f 2015/1052/1962 2022/1063/1969 2013/1236/1960
f 2016/1053/1963 2021/1062/1968 2022/1063/1969
f 2018/1059/1965 2023/1064/1970 2019/1060/1966
f 2013/1236/1960 2024/1065/1971 1925/1264/1874
f 2024/1065/1971 2013/1236/1960 2022/1063/1969
f 2022/1063/1969 2025/1066/1045 2024/1065/1971
f 2025/1066/1045 2022/1063/1969 2021/1062/1968
f 2021/1062/1968 2026/1067/1046 2025/1066/1045
f 2027/1068/1047 2026/1067/1046 2021/1062/1968
f 2021/1062/1968 2020/1061/1967 2027/1068/1047
f 2028/1069/1048 2027/1068/1047 2020/1061/1967
f 2020/1061/1967 2019/1060/1966 2028/1069/1048
f 2029/1070/1972 2028/1069/1048 2019/1060/1966
f 2019/1060/1966 2023/1064/1970 2029/1070/1972
f 2029/1070/1972 2023/1064/1970 2030/1071/1973
f 2030/1071/1973 2023/1064/1970 2018/1059/1965
f 2018/1059/1965 2031/1080/1974 2030/1071/1973
f 2032/1058/1573 2031/1080/1974 2018/1059/1965
f 2018/1059/1965 1975/1037/1924 2032/1058/1573
f 1973/1038/1922 2032/1058/1573 1975/1037/1924
f 2031/1080/1974 2032/1058/1573 2033/1078/1975
f 2032/1058/1573 1973/1038/1922 2034/1083/1976
f 2034/1083/1976 1973/1038/1922 1979/1666/1928
f 2034/1083/1976 2033/1078/1975 2032/1058/1573
f 2030/1071/1973 2035/1072/1977 2029/1070/1972
f 2036/120/1978 2037/126/1979 2038/1077/1980
f 2037/126/1979 2033/1078/1975 2038/1077/1980
f 2038/1077/1980 2033/1078/1975 2034/1083/1976
f 2030/1071/1973 2031/1080/1974 2039/1079/1981
f 2033/1078/1975 2039/1079/1981 2031/1080/1974
f 2039/1079/1981 2033/1078/1975 2037/126/1979
f 2035/1072/1977 2030/1071/1973 2040/1081/1982
f 2039/1079/1981 2040/1081/1982 2030/1071/1973
f 2037/126/1979 2040/1081/1982 2039/1079/1981
f 2040/1081/1982 2041/1082/1063 2035/1072/1977
f 1979/1666/1928 2042/1084/1983 2034/1083/1976
f 2034/1083/1976 2042/1084/1983 2038/1077/1980
f 2043/1073/1984 2038/1077/1980 2042/1084/1983
f 2038/1077/1980 2043/1073/1984 2036/120/1978
f 2042/1084/1983 2044/1085/1985 2043/1073/1984
f 2043/1073/1984 2044/1085/1985 2045/1075/1986
f 2046/1087/1987 2045/1075/1986 2044/1085/1985
f 2045/1075/1986 2046/1087/1987 2047/1088/1988
f 2048/1086/1989 2047/1088/1988 2046/1087/1987
f 2047/1088/1988 2048/1086/1989 2049/1089/1990
f 2050/1004/1991 2049/1089/1990 2048/1086/1989
f 2049/1089/1990 2051/1667/1992 2047/1088/1988
f 2047/1088/1988 2052/1096/1993 2045/1075/1986
f 2052/1096/1993 2047/1088/1988 2051/1667/1992
f 2053/1094/1994 2051/1667/1992 2049/1089/1990
f 2049/1089/1990 2054/1092/1995 2053/1094/1994
f 2051/1667/1992 2055/1097/1996 2052/1096/1993
f 2053/1094/1994 2055/1097/1996 2051/1667/1992
f 2056/1074/1997 2045/1075/1986 2052/1096/1993
f 2045/1075/1986 2056/1074/1997 2043/1073/1984
f 2052/1096/1993 2055/1097/1996 2056/1074/1997
f 2057/119/1998 2043/1073/1984 2056/1074/1997
f 2036/120/1978 2043/1073/1984 2057/119/1998
f 2058/997/1999 2053/1094/1994 2054/1092/1995
f 2059/989/2000 2060/114/2001 2061/115/2002
f 2061/115/2002 2058/997/1999 2059/989/2000
f 2062/116/2003 2053/1094/1994 2058/997/1999
f 2058/997/1999 2061/115/2002 2062/116/2003
f 2063/117/2004 2055/1097/1996 2053/1094/1994
f 2053/1094/1994 2062/116/2003 2063/117/2004
f 2064/118/2005 2056/1074/1997 2055/1097/1996
f 2055/1097/1996 2063/117/2004 2064/118/2005
f 2056/1074/1997 2064/118/2005 2057/119/1998
f 2060/114/2001 2065/1102/2006 2066/112/2007
f 2067/990/2008 2065/1102/2006 2060/114/2001
f 2060/114/2001 2059/989/2000 2067/990/2008
f 2068/1668/2009 2067/990/2008 2059/989/2000
f 2059/989/2000 2069/991/2010 2068/1668/2009
f 2069/991/2010 2059/989/2000 2058/997/1999
f 2054/1092/1995 2070/1093/2011 2058/997/1999
f 2058/997/1999 2070/1093/2011 2069/991/2010
f 2071/1090/2012 2054/1092/1995 2049/1089/1990
f 2070/1093/2011 2054/1092/1995 2071/1090/2012
f 2049/1089/1990 2050/1004/1991 2071/1090/2012
f 2069/991/2010 2070/1093/2011 2072/1091/2013
f 2071/1090/2012 2072/1091/2013 2070/1093/2011
f 2072/1091/2013 2071/1090/2012 2073/996/2014
f 2073/996/2014 2071/1090/2012 2050/1004/1991
f 2073/996/2014 2074/992/2015 2072/1091/2013
f 2072/1091/2013 2074/992/2015 2069/991/2010
f 2075/979/2016 2068/1668/2009 2069/991/2010
f 2069/991/2010 2074/992/2015 2075/979/2016
f 2068/1668/2009 2075/979/2016 2076/984/2017
f 2067/990/2008 2068/1668/2009 2077/1106/2018
f 2076/984/2017 2077/1106/2018 2068/1668/2009
f 2077/1106/2018 2076/984/2017 2078/1108/2019
f 2079/983/2020 2076/984/2017 2075/979/2016
f 2075/979/2016 2080/980/2021 2079/983/2020
f 2081/978/2022 2075/979/2016 2074/992/2015
f 2080/980/2021 2075/979/2016 2081/978/2022
f 2074/992/2015 2073/996/2014 2082/993/2023
f 2082/993/2023 2081/978/2022 2074/992/2015
f 2082/993/2023 2073/996/2014 2083/1003/2024
f 2050/1004/1991 2083/1003/2024 2073/996/2014
f 2048/1086/1989 2084/1669/2025 2050/1004/1991
f 2083/1003/2024 2050/1004/1991 2084/1669/2025
f 2084/1669/2025 2048/1086/1989 2085/1670/2026
f 2046/1087/1987 2085/1670/2026 2048/1086/1989
f 2081/978/2022 2086/981/2027 2080/980/2021
f 2086/981/2027 2081/978/2022 2082/993/2023
f 2083/1003/2024 2087/1002/2028 2082/993/2023
f 2084/1669/2025 2088/1013/2029 2083/1003/2024
f 2087/1002/2028 2083/1003/2024 2088/1013/2029
f 2088/1013/2029 1964/1014/1913 2087/1002/2028
f 1964/1014/1913 2088/1013/2029 1967/1016/1916
f 2088/1013/2029 2084/1669/2025 2089/1012/2030
f 1967/1016/1916 2089/1012/2030 1968/1024/1917
f 2089/1012/2030 1967/1016/1916 2088/1013/2029
f 2085/1670/2026 2089/1012/2030 2084/1669/2025
f 2090/1010/2031 1968/1024/1917 2089/1012/2030
f 2089/1012/2030 2085/1670/2026 2090/1010/2031
f 1979/1666/1928 1969/1028/1918 2090/1010/2031
f 1968/1024/1917 2090/1010/2031 1969/1028/1918
f 2085/1670/2026 2046/1087/1987 2091/1009/2031
f 2090/1010/2031 2091/1009/2031 1979/1666/1928
f 2091/1009/2031 2090/1010/2031 2085/1670/2026
f 2044/1085/1985 2091/1009/2031 2046/1087/1987
f 2091/1009/2031 2044/1085/1985 2042/1084/1983
f 2042/1084/1983 1979/1666/1928 2091/1009/2031
f 2092/1564/2032 2093/1565/2033 2094/1216/2034
f 2095/1566/2035 2094/1216/2034 2093/1565/2033
f 2093/1565/2033 2096/1567/2036 2095/1566/2035
f 2095/1566/2035 2096/1567/2036 2097/1568/2037
f 2097/1568/2037 2098/1569/2038 2095/1566/2035
f 2098/1569/2038 2097/1568/2037 2099/1570/2039
f 2099/1570/2039 2100/1563/2040 2098/1569/2038
f 2101/1562/2041 2098/1569/2038 2100/1563/2040
f 2100/1563/2040 2102/987/2042 2101/1562/2041
f 2102/987/2042 2100/1563/2040 2103/1555/2043
f 2100/1563/2040 2099/1570/2039 2104/1571/2044
f 2103/1555/2043 2100/1563/2040 2104/1571/2044
f 2104/1571/2044 2105/1557/2045 2103/1555/2043
f 2094/1216/2034 2095/1566/2035 2106/1572/2046
f 2106/1572/2046 2095/1566/2035 2098/1569/2038
f 2098/1569/2038 2101/1562/2041 2106/1572/2046
f 2107/998/2047 2108/1001/2048 1963/1000/1912
f 2108/1001/2048 2087/1002/2028 1964/1014/1913
f 1964/1014/1913 1963/1000/1912 2108/1001/2048
f 2102/987/2042 2109/995/2049 2107/998/2047
f 2108/1001/2048 2107/998/2047 2109/995/2049
f 2101/1562/2041 2102/987/2042 2110/1223/2050
f 2107/998/2047 2110/1223/2050 2102/987/2042
f 2106/1572/2046 2101/1562/2041 2111/1222/2051
f 2110/1223/2050 2111/1222/2051 2101/1562/2041
f 2094/1216/2034 2106/1572/2046 2112/1217/2052
f 2111/1222/2051 2112/1217/2052 2106/1572/2046
f 1956/1206/1905 2113/1214/2053 1955/1208/1904
f 2112/1217/2052 2113/1214/2053 2094/1216/2034
f 2113/1214/2053 1956/1206/1905 2114/1215/2054
f 2114/1215/2054 2094/1216/2034 2113/1214/2053
f 2094/1216/2034 2114/1215/2054 2092/1564/2032
f 2115/1574/2055 2092/1564/2032 2114/1215/2054
f 2112/1217/2052 2111/1222/2051 2116/1218/2056
f 1958/1220/1907 1957/1212/1906 2116/1218/2056
f 2117/1221/2057 2116/1218/2056 2111/1222/2051
f 2111/1222/2051 2110/1223/2050 2117/1221/2057
f 1959/1007/1908 1958/1220/1907 2117/1221/2057
f 2116/1218/2056 2117/1221/2057 1958/1220/1907
f 2110/1223/2050 2107/998/2047 2118/999/2058
f 1961/1006/1910 1959/1007/1908 2118/999/2058
f 2117/1221/2057 2118/999/2058 1959/1007/1908
f 2118/999/2058 2117/1221/2057 2110/1223/2050
f 2118/999/2058 1963/1000/1912 1961/1006/1910
f 1963/1000/1912 2118/999/2058 2107/998/2047
f 2113/1214/2053 2112/1217/2052 2119/1213/2059
f 1955/1208/1904 2119/1213/2059 1954/1210/1903
f 2119/1213/2059 1955/1208/1904 2113/1214/2053
f 2119/1213/2059 2116/1218/2056 1957/1212/1906
f 2116/1218/2056 2119/1213/2059 2112/1217/2052
f 1957/1212/1906 1954/1210/1903 2119/1213/2059
f 2120/1299/2060 1853/1203/1805 1854/1298/1806
f 2120/1299/2060 2121/1573/2061 2122/1204/2062
f 2122/1204/2062 1819/1200/1771 1821/1199/1773
f 2122/1204/2062 1853/1203/1805 2120/1299/2060
f 1853/1203/1805 2122/1204/2062 1821/1199/1773
f 1956/1206/1905 1818/1201/1770 2123/1205/2063
f 2123/1205/2063 1818/1201/1770 1819/1200/1771
f 1819/1200/1771 2122/1204/2062 2123/1205/2063
f 2123/1205/2063 2122/1204/2062 2121/1573/2061
f 2123/1205/2063 2114/1215/2054 1956/1206/1905
f 2114/1215/2054 2123/1205/2063 2115/1574/2055
f 2121/1573/2061 2115/1574/2055 2123/1205/2063
f 2124/1281/2064 1854/1298/1806 1855/1280/1807
f 1854/1298/1806 2124/1281/2064 2120/1299/2060
f 1858/1282/1810 2124/1281/2064 1855/1280/1807
f 2125/1671/2065 2126/1672/2066 2127/1673/2067
f 2127/1673/2067 2128/1674/2068 2125/1671/2065
f 2129/1675/2069 2125/1671/2065 2128/1674/2068
f 2128/1674/2068 2130/1676/2070 2129/1675/2069
f 2125/1671/2065 2129/1675/2069 2131/1677/2071
f 2131/1677/2071 2132/1678/2072 2125/1671/2065
f 2126/1672/2066 2125/1671/2065 2132/1678/2072
f 489/489/482 2133/1679/2073 2132/1678/2072
f 487/487/480 2133/1679/2073 489/489/482
f 2132/1678/2072 2133/1679/2073 2126/1672/2066
f 2126/1672/2066 2133/1679/2073 2134/1680/2074
f 2134/1680/2074 2133/1679/2073 487/487/480
f 487/487/480 486/486/479 2134/1680/2074
f 2135/1681/2075 2127/1673/2067 2126/1672/2066
f 2127/1673/2067 2135/1681/2075 2136/1682/2076
f 2136/1682/2076 2137/1683/2077 2127/1673/2067
f 2128/1674/2068 2127/1673/2067 2137/1683/2077
f 2130/1676/2070 2128/1674/2068 2138/1684/2078
f 2137/1683/2077 2138/1684/2078 2128/1674/2068
f 2138/1684/2078 2139/1685/2079 2130/1676/2070
f 2140/1686/2080 2141/1687/2081 2142/1688/2082
f 2143/1689/2083 2136/1682/2076 2135/1681/2075
f 2143/1689/2083 2142/1688/2082 2141/1687/2081
f 2136/1682/2076 2143/1689/2083 2144/1690/2084
f 2141/1687/2081 2144/1690/2084 2143/1689/2083
f 2137/1683/2077 2136/1682/2076 2145/1691/2085
f 2144/1690/2084 2145/1691/2085 2136/1682/2076
f 2138/1684/2078 2137/1683/2077 2146/1692/2086
f 2145/1691/2085 2146/1692/2086 2137/1683/2077
f 2139/1685/2079 2138/1684/2078 2147/1693/2087
f 2146/1692/2086 2147/1693/2087 2138/1684/2078
f 2134/1680/2074 2148/1694/2088 2126/1672/2066
f 2126/1672/2066 2148/1694/2088 2135/1681/2075
f 2149/1695/2089 2148/1694/2088 2134/1680/2074
f 2148/1694/2088 2149/1695/2089 2150/1696/2090
f 2142/1688/2082 2143/1689/2083 2150/1696/2090
f 2150/1696/2090 2135/1681/2075 2148/1694/2088
f 2135/1681/2075 2150/1696/2090 2143/1689/2083
f 2150/1696/2090 2151/1697/2091 2142/1688/2082
f 2151/1697/2091 2150/1696/2090 2149/1695/2089
f 2149/1695/2089 2152/1698/2092 2151/1697/2091
f 2153/1699/2093 2134/1680/2074 486/486/479
f 486/486/479 481/481/474 2153/1699/2093
f 2153/1699/2093 481/481/474 480/480/473
f 2134/1680/2074 2153/1699/2093 2149/1695/2089
f 2152/1698/2092 2149/1695/2089 2153/1699/2093
f 2153/1699/2093 2154/1700/2094 2152/1698/2092
f 480/480/473 2154/1700/2094 2153/1699/2093
f 479/479/472 2155/1701/2095 480/480/473
f 2156/1702/2096 2154/1700/2094 480/480/473
f 480/480/473 2155/1701/2095 2156/1702/2096
f 2154/1700/2094 2156/1702/2096 2157/1703/2097
f 2157/1703/2097 2152/1698/2092 2154/1700/2094
f 2152/1698/2092 2157/1703/2097 2158/1704/2098
f 2158/1704/2098 2151/1697/2091 2152/1698/2092
f 2151/1697/2091 2158/1704/2098 2159/1705/2099
f 2142/1688/2082 2159/1705/2099 2140/1686/2080
f 2159/1705/2099 2142/1688/2082 2151/1697/2091
f 2160/1706/2100 2155/1701/2095 479/479/472
f 2155/1701/2095 2160/1706/2100 2161/1707/2101
f 2161/1707/2101 2156/1702/2096 2155/1701/2095
f 2156/1702/2096 2161/1707/2101 2162/1708/2102
f 2162/1708/2102 2157/1703/2097 2156/1702/2096
f 2163/1709/2103 2158/1704/2098 2157/1703/2097
f 2157/1703/2097 2162/1708/2102 2163/1709/2103
f 2158/1704/2098 2163/1709/2103 2164/1710/2104
f 2164/1710/2104 2159/1705/2099 2158/1704/2098
f 2165/1711/2105 2140/1686/2080 2159/1705/2099
f 2159/1705/2099 2164/1710/2104 2165/1711/2105
f 2166/1712/2106 2165/1711/2105 2164/1710/2104
f 2164/1710/2104 2167/1713/2107 2166/1712/2106
f 2167/1713/2107 2164/1710/2104 2163/1709/2103
f 2163/1709/2103 2168/1714/2108 2167/1713/2107
f 2168/1714/2108 2163/1709/2103 2162/1708/2102
f 2162/1708/2102 2169/1715/2109 2168/1714/2108
f 2169/1715/2109 2162/1708/2102 2161/1707/2101
f 2170/1716/2110 2161/1707/2101 2160/1706/2100
f 2161/1707/2101 2170/1716/2110 2169/1715/2109
f 2160/1706/2100 2171/1717/2111 2170/1716/2110
f 2172/1718/2112 2168/1714/2108 2169/1715/2109
f 2168/1714/2108 2172/1718/2112 2173/1719/2113
f 2173/1719/2113 2167/1713/2107 2168/1714/2108
f 2174/1720/2114 2166/1712/2106 2167/1713/2107
f 2167/1713/2107 2173/1719/2113 2174/1720/2114
f 2175/1721/2115 2166/1712/2106 2174/1720/2114
f 2176/1722/2116 2165/1711/2105 2166/1712/2106
f 2166/1712/2106 2175/1721/2115 2176/1722/2116
f 2165/1711/2105 2176/1722/2116 2177/1723/2117
f 2177/1723/2117 2140/1686/2080 2165/1711/2105
f 2174/1720/2114 2178/1724/2118 2175/1721/2115
f 2179/1725/2119 2174/1720/2114 2173/1719/2113
f 2178/1724/2118 2174/1720/2114 2179/1725/2119
f 2173/1719/2113 2180/1726/2120 2179/1725/2119
f 2180/1726/2120 2173/1719/2113 2172/1718/2112
f 2181/1727/2121 2179/1725/2119 2180/1726/2120
f 2180/1726/2120 2182/1728/2122 2181/1727/2121
f 2181/1727/2121 2182/1728/2122 2183/1729/2123
f 2184/1730/2124 2183/1729/2123 2182/1728/2122
f 2185/1731/2125 2183/1729/2123 2184/1730/2124
f 2184/1730/2124 2186/1732/2126 2185/1731/2125
f 2187/1733/2127 2188/1734/2128 2189/1735/2129
f 2183/1729/2123 2190/1736/2130 2181/1727/2121
f 2190/1736/2130 2189/1735/2129 2188/1734/2128
f 2190/1736/2130 2183/1729/2123 2185/1731/2125
f 2185/1731/2125 2189/1735/2129 2190/1736/2130
f 2190/1736/2130 2188/1734/2128 2191/1737/2131
f 2191/1737/2131 2181/1727/2121 2190/1736/2130
f 2181/1727/2121 2191/1737/2131 2192/1738/2132
f 2179/1725/2119 2192/1738/2132 2178/1724/2118
f 2192/1738/2132 2179/1725/2119 2181/1727/2121
f 2193/1739/2133 2194/1740/2134 2195/1741/2135
f 2196/1742/2136 2194/1740/2134 2193/1739/2133
f 2194/1740/2134 2196/1742/2136 2187/1733/2127
f 2195/1741/2135 2194/1740/2134 2197/1743/2137
f 2187/1733/2127 2197/1743/2137 2194/1740/2134
f 2189/1735/2129 2197/1743/2137 2187/1733/2127
f 2189/1735/2129 2185/1731/2125 2198/1744/2138
f 2198/1744/2138 2197/1743/2137 2189/1735/2129
f 2197/1743/2137 2198/1744/2138 2195/1741/2135
f 2199/1745/2139 2198/1744/2138 2185/1731/2125
f 2185/1731/2125 2186/1732/2126 2199/1745/2139
f 2199/1745/2139 2186/1732/2126 2200/1746/2140
f 2201/1747/2141 2195/1741/2135 2198/1744/2138
f 2198/1744/2138 2199/1745/2139 2201/1747/2141
f 2200/1746/2140 2202/1748/2142 2199/1745/2139
f 2201/1747/2141 2199/1745/2139 2202/1748/2142
f 2202/1748/2142 2200/1746/2140 2203/1749/2143
f 2204/1750/2144 2203/1749/2143 2200/1746/2140
f 2203/1749/2143 2204/1750/2144 2205/1751/2145
f 2206/1752/2146 2205/1751/2145 2204/1750/2144
f 2205/1751/2145 2206/1752/2146 2207/1753/2147
f 2207/1753/2147 2208/1754/2148 2205/1751/2145
f 2205/1751/2145 2209/1755/832 2203/1749/2143
f 2209/1755/832 2205/1751/2145 2208/1754/2148
f 2203/1749/2143 2210/1756/2149 2202/1748/2142
f 2210/1756/2149 2203/1749/2143 2209/1755/832
f 2202/1748/2142 2211/1757/2150 2201/1747/2141
f 2211/1757/2150 2202/1748/2142 2210/1756/2149
f 2209/1755/832 2212/1758/2151 2210/1756/2149
f 2210/1756/2149 2213/1759/2152 2211/1757/2150
f 2213/1759/2152 2210/1756/2149 2212/1758/2151
f 2212/1758/2151 2214/1760/2153 2213/1759/2152
f 2212/1758/2151 2209/1755/832 2215/1761/2154
f 2208/1754/2148 2215/1761/2154 2209/1755/832
f 2214/1760/2153 2212/1758/2151 2216/1762/2155
f 2215/1761/2154 2216/1762/2155 2212/1758/2151
f 2216/1762/2155 2217/1763/2156 2214/1760/2153
f 2218/1764/2157 2214/1760/2153 2217/1763/2156
f 2219/1765/2158 2213/1759/2152 2214/1760/2153
f 2214/1760/2153 2218/1764/2157 2219/1765/2158
f 2220/1766/2159 2211/1757/2150 2213/1759/2152
f 2213/1759/2152 2219/1765/2158 2220/1766/2159
f 2211/1757/2150 2220/1766/2159 2221/1767/2160
f 2221/1767/2160 2201/1747/2141 2211/1757/2150
f 2222/1768/2161 2195/1741/2135 2201/1747/2141
f 2195/1741/2135 2222/1768/2161 2193/1739/2133
f 2201/1747/2141 2221/1767/2160 2222/1768/2161
f 2223/1769/2162 2221/1767/2160 2220/1766/2159
f 2224/1770/2163 2219/1765/2158 2218/1764/2157
f 2224/1770/2163 2225/1771/2164 2226/1772/2165
f 2220/1766/2159 2227/1773/2166 2223/1769/2162
f 2219/1765/2158 2224/1770/2163 2227/1773/2166
f 2227/1773/2166 2220/1766/2159 2219/1765/2158
f 2226/1772/2165 2227/1773/2166 2224/1770/2163
f 2228/1774/2167 2223/1769/2162 2227/1773/2166
f 2227/1773/2166 2226/1772/2165 2228/1774/2167
f 2223/1769/2162 2228/1774/2167 2229/1775/2168
f 2221/1767/2160 2223/1769/2162 2230/1776/2169
f 2230/1776/2169 2222/1768/2161 2221/1767/2160
f 2229/1775/2168 2230/1776/2169 2223/1769/2162
f 2231/1777/2170 2229/1775/2168 2228/1774/2167
f 2230/1776/2169 2229/1775/2168 2232/1778/2171
f 2232/1778/2171 2229/1775/2168 2231/1777/2170
f 2222/1768/2161 2230/1776/2169 2233/1779/2172
f 2232/1778/2171 2233/1779/2172 2230/1776/2169
f 2233/1779/2172 2193/1739/2133 2222/1768/2161
f 2234/1780/2173 2193/1739/2133 2233/1779/2172
f 2193/1739/2133 2234/1780/2173 2196/1742/2136
f 2231/1777/2170 2235/1781/2174 2232/1778/2171
f 2232/1778/2171 2235/1781/2174 2236/1782/2175
f 2233/1779/2172 2232/1778/2171 2237/1783/2176
f 2236/1782/2175 2237/1783/2176 2232/1778/2171
f 2237/1783/2176 2238/1784/2177 2233/1779/2172
f 2233/1779/2172 2238/1784/2177 2234/1780/2173
f 2218/1764/2157 2239/1785/2178 2224/1770/2163
f 2240/1786/2179 2225/1771/2164 2224/1770/2163
f 2224/1770/2163 2239/1785/2178 2240/1786/2179
f 2241/1787/2180 2225/1771/2164 2240/1786/2179
f 2242/1788/2181 2226/1772/2165 2225/1771/2164
f 2225/1771/2164 2241/1787/2180 2242/1788/2181
f 2228/1774/2167 2243/1789/2182 2231/1777/2170
f 2243/1789/2182 2228/1774/2167 2226/1772/2165
f 2226/1772/2165 2242/1788/2181 2243/1789/2182
f 2240/1786/2179 2244/1790/2183 2241/1787/2180
f 2245/1791/2184 2246/1792/2185 2247/1793/2186
f 2247/1793/2186 2248/1794/2187 2245/1791/2184
f 2244/1790/2183 2240/1786/2179 2248/1794/2187
f 2248/1794/2187 2247/1793/2186 2244/1790/2183
f 2240/1786/2179 2239/1785/2178 2249/1795/2188
f 2249/1795/2188 2248/1794/2187 2240/1786/2179
f 2245/1791/2184 2248/1794/2187 2249/1795/2188
f 2250/1796/2189 2249/1795/2188 2239/1785/2178
f 2250/1796/2189 2239/1785/2178 2218/1764/2157
f 2217/1763/2156 2251/1797/2190 2218/1764/2157
f 2218/1764/2157 2251/1797/2190 2250/1796/2189
f 2252/1798/2191 2253/1799/1465 2254/1481/2192
f 2255/1497/2193 2256/1800/2194 2257/1801/2195
f 2253/1799/1465 2257/1801/2195 2256/1800/2194
f 2254/1481/2192 2253/1799/1465 2258/1492/2196
f 2256/1800/2194 2258/1492/2196 2253/1799/1465
f 2258/1492/2196 2259/1491/1864 2254/1481/2192
f 2259/1491/1864 2258/1492/2196 2260/1490/2197
f 2260/1490/2197 2261/1489/1863 2259/1491/1864
f 2261/1489/1863 2260/1490/2197 2262/1487/2198
f 2262/1487/2198 2263/1488/2199 2261/1489/1863
f 2264/1486/2200 2263/1488/2199 2262/1487/2198
f 2262/1487/2198 2265/1483/2201 2264/1486/2200
f 2266/1530/2202 2265/1483/2201 2267/1524/2203
f 2267/1524/2203 2265/1483/2201 2262/1487/2198
f 2262/1487/2198 2268/1493/1255 2267/1524/2203
f 2268/1493/1255 2262/1487/2198 2260/1490/2197
f 2267/1524/2203 2268/1493/1255 2269/1500/2204
f 2265/1483/2201 2270/1484/2205 2264/1486/2200
f 2271/1485/1838 2270/1484/2205 2265/1483/2201
f 2265/1483/2201 2266/1530/2202 2271/1485/1838
f 2272/1802/2206 2271/1485/1838 2266/1530/2202
f 2266/1530/2202 2273/1529/2207 2272/1802/2206
f 2274/1533/2208 2272/1802/2206 2273/1529/2207
f 2275/1499/2209 2276/1501/2210 2269/1500/2204
f 2269/1500/2204 2277/1519/2211 2267/1524/2203
f 2277/1519/2211 2269/1500/2204 2276/1501/2210
f 2278/1525/2212 2267/1524/2203 2277/1519/2211
f 2267/1524/2203 2278/1525/2212 2266/1530/2202
f 2273/1529/2207 2266/1530/2202 2278/1525/2212
f 2279/1803/1835 2280/1535/2213 2281/1532/2214
f 2281/1532/2214 2280/1535/2213 2274/1533/2208
f 2273/1529/2207 2282/1528/2215 2274/1533/2208
f 2274/1533/2208 2282/1528/2215 2281/1532/2214
f 2282/1528/2215 2273/1529/2207 2283/1526/2216
f 2278/1525/2212 2283/1526/2216 2273/1529/2207
f 2283/1526/2216 2278/1525/2212 2284/1520/2217
f 2277/1519/2211 2284/1520/2217 2278/1525/2212
f 2284/1520/2217 2277/1519/2211 2285/1509/2218
f 2276/1501/2210 2285/1509/2218 2277/1519/2211
f 2284/1520/2217 2286/1521/2219 2283/1526/2216
f 2286/1521/2219 2284/1520/2217 2287/1511/2220
f 2285/1509/2218 2287/1511/2220 2284/1520/2217
f 2287/1511/2220 2285/1509/2218 2288/1510/2221
f 2285/1509/2218 2276/1501/2210 2289/1508/2222
f 2289/1508/2222 2288/1510/2221 2285/1509/2218
f 2288/1510/2221 2290/1804/2223 2287/1511/2220
f 2291/1507/2224 2289/1508/2222 2276/1501/2210
f 2276/1501/2210 2275/1499/2209 2291/1507/2224
f 2292/1506/2225 2291/1507/2224 2275/1499/2209
f 2275/1499/2209 2293/1498/2226 2292/1506/2225
f 2294/1505/2227 2292/1506/2225 2293/1498/2226
f 2295/1504/1486 2293/1498/2226 2255/1497/2193
f 2293/1498/2226 2295/1504/1486 2294/1505/2227
f 2257/1801/2195 2296/1503/2228 2255/1497/2193
f 2255/1497/2193 2296/1503/2228 2295/1504/1486
f 2297/1496/2229 2269/1500/2204 2268/1493/1255
f 2256/1800/2194 2255/1497/2193 2297/1496/2229
f 2297/1496/2229 2255/1497/2193 2293/1498/2226
f 2293/1498/2226 2275/1499/2209 2297/1496/2229
f 2269/1500/2204 2297/1496/2229 2275/1499/2209
f 2298/1494/2230 2260/1490/2197 2258/1492/2196
f 2268/1493/1255 2298/1494/2230 2297/1496/2229
f 2260/1490/2197 2298/1494/2230 2268/1493/1255
f 2258/1492/2196 2256/1800/2194 2298/1494/2230
f 2297/1496/2229 2298/1494/2230 2256/1800/2194
f 2299/1805/2231 2300/1806/2232 2301/1807/2233
f 2300/1806/2232 2299/1805/2231 2302/1808/2234
f 2303/1809/2235 2302/1808/2234 2299/1805/2231
f 2302/1808/2234 2304/1810/2236 2300/1806/2232
f 2305/1811/2237 2303/1809/2235 2306/1812/2238
f 2299/1805/2231 2306/1812/2238 2303/1809/2235
f 2306/1812/2238 2299/1805/2231 2307/1813/2239
f 2301/1807/2233 2307/1813/2239 2299/1805/2231
f 2307/1813/2239 2301/1807/2233 2308/1814/2240
f 2309/1815/2241 2303/1809/2235 2305/1811/2237
f 2310/1816/2242 2302/1808/2234 2303/1809/2235
f 2303/1809/2235 2309/1815/2241 2310/1816/2242
f 2302/1808/2234 2310/1816/2242 2311/1817/2243
f 2311/1817/2243 2304/1810/2236 2302/1808/2234
f 2304/1810/2236 2311/1817/2243 2312/1818/2244
f 542/542/535 546/546/539 2313/1819/2245
f 535/535/528 2313/1819/2245 2308/1814/2240
f 2308/1814/2240 2313/1819/2245 2307/1813/2239
f 2313/1819/2245 535/535/528 542/542/535
f 2314/1820/2246 2307/1813/2239 2313/1819/2245
f 548/548/541 2314/1820/2246 546/546/539
f 2313/1819/2245 546/546/539 2314/1820/2246
f 2307/1813/2239 2314/1820/2246 2306/1812/2238
f 2315/1821/2247 2306/1812/2238 2314/1820/2246
f 2306/1812/2238 2315/1821/2247 2305/1811/2237
f 550/550/543 2315/1821/2247 548/548/541
f 2314/1820/2246 548/548/541 2315/1821/2247
f 2316/1822/2248 550/550/543 552/552/545
f 2316/1822/2248 2305/1811/2237 2315/1821/2247
f 2315/1821/2247 550/550/543 2316/1822/2248
f 552/552/545 2317/1823/2249 2316/1822/2248
f 2317/1823/2249 552/552/545 573/573/566
f 2305/1811/2237 2316/1822/2248 2317/1823/2249
f 2318/1824/2250 2317/1823/2249 573/573/566
f 2317/1823/2249 2318/1824/2250 2305/1811/2237
f 2305/1811/2237 2318/1824/2250 2309/1815/2241
f 2319/1825/2251 2300/1806/2232 2304/1810/2236
f 2320/1826/2252 2301/1807/2233 2300/1806/2232
f 2300/1806/2232 2319/1825/2251 2320/1826/2252
f 2301/1807/2233 2320/1826/2252 2321/1827/2253
f 2321/1827/2253 2308/1814/2240 2301/1807/2233
f 2322/1828/2254 2308/1814/2240 2321/1827/2253
f 2308/1814/2240 2322/1828/2254 535/535/528
f 531/531/524 535/535/528 2322/1828/2254
f 532/532/525 531/531/524 2323/1829/2255
f 2322/1828/2254 2323/1829/2255 531/531/524
f 2321/1827/2253 2324/1830/2256 2322/1828/2254
f 2323/1829/2255 2322/1828/2254 2324/1830/2256
f 2325/1831/2257 2321/1827/2253 2320/1826/2252
f 2324/1830/2256 2321/1827/2253 2325/1831/2257
f 2320/1826/2252 2326/1832/2258 2325/1831/2257
f 2327/1833/2259 2325/1831/2257 2326/1832/2258
f 2326/1832/2258 2328/1834/2260 2327/1833/2259
f 2328/1834/2260 2184/1730/2124 2329/1835/2261
f 2182/1728/2122 2329/1835/2261 2184/1730/2124
f 2329/1835/2261 2327/1833/2259 2328/1834/2260
f 2330/1836/866 2327/1833/2259 2329/1835/2261
f 2182/1728/2122 2180/1726/2120 2331/1837/2262
f 2331/1837/2262 2329/1835/2261 2182/1728/2122
f 2172/1718/2112 2331/1837/2262 2180/1726/2120
f 2329/1835/2261 2331/1837/2262 2330/1836/866
f 2332/1838/2263 2330/1836/866 2331/1837/2262
f 2332/1838/2263 2169/1715/2109 2170/1716/2110
f 2169/1715/2109 2332/1838/2263 2172/1718/2112
f 2331/1837/2262 2172/1718/2112 2332/1838/2263
f 2170/1716/2110 2333/1839/2264 2332/1838/2263
f 2333/1839/2264 2170/1716/2110 2171/1717/2111
f 2330/1836/866 2332/1838/2263 2333/1839/2264
f 2334/1840/2265 2325/1831/2257 2327/1833/2259
f 2325/1831/2257 2334/1840/2265 2324/1830/2256
f 2327/1833/2259 2330/1836/866 2334/1840/2265
f 2333/1839/2264 2334/1840/2265 2330/1836/866
f 2334/1840/2265 2333/1839/2264 2335/1841/2266
f 2171/1717/2111 2335/1841/2266 2333/1839/2264
f 2324/1830/2256 2335/1841/2266 2323/1829/2255
f 2335/1841/2266 2324/1830/2256 2334/1840/2265
f 2335/1841/2266 2171/1717/2111 2336/1842/2267
f 2336/1842/2267 2323/1829/2255 2335/1841/2266
f 2323/1829/2255 2336/1842/2267 532/532/525
f 2337/1843/2268 479/479/472 477/477/470
f 2171/1717/2111 2160/1706/2100 2337/1843/2268
f 2337/1843/2268 2336/1842/2267 2171/1717/2111
f 479/479/472 2337/1843/2268 2160/1706/2100
f 2338/1844/2269 532/532/525 2336/1842/2267
f 477/477/470 2338/1844/2269 2337/1843/2268
f 2338/1844/2269 477/477/470 471/471/464
f 2336/1842/2267 2337/1843/2268 2338/1844/2269
f 471/471/464 2339/1845/2270 2338/1844/2269
f 472/472/465 2339/1845/2270 471/471/464
f 2339/1845/2270 530/530/523 532/532/525
f 532/532/525 2338/1844/2269 2339/1845/2270
f 2340/1846/2271 530/530/523 2339/1845/2270
f 530/530/523 2340/1846/2271 528/528/521
f 524/524/517 528/528/521 2340/1846/2271
f 2340/1846/2271 473/473/466 524/524/517
f 2339/1845/2270 472/472/465 2340/1846/2271
f 473/473/466 2340/1846/2271 472/472/465
f 2341/1847/2174 2342/1120/2170 2343/1116/2272
f 2344/1117/2273 2343/1116/2272 2342/1120/2170
f 2342/1120/2170 2345/1122/2182 2344/1117/2273
f 2344/1117/2273 2345/1122/2182 2346/1123/2274
f 2346/1123/2274 2347/1118/2275 2344/1117/2273
f 2347/1118/2275 2346/1123/2274 2348/1124/2180
f 2349/1111/2276 2350/1112/2277 2343/1116/2272
f 2343/1116/2272 2344/1117/2273 2349/1111/2276
f 2350/1112/2277 2349/1111/2276 2351/1107/2278
f 2078/1108/2019 2351/1107/2278 2349/1111/2276
f 2076/984/2017 2079/983/2020 2351/1107/2278
f 2351/1107/2278 2078/1108/2019 2076/984/2017
f 2352/1110/2279 2349/1111/2276 2344/1117/2273
f 2349/1111/2276 2352/1110/2279 2078/1108/2019
f 2344/1117/2273 2347/1118/2275 2352/1110/2279
f 2353/1113/2280 2351/1107/2278 2079/983/2020
f 2351/1107/2278 2353/1113/2280 2350/1112/2277
f 2354/1114/2281 2350/1112/2277 2353/1113/2280
f 2343/1116/2272 2355/1115/2282 2341/1847/2174
f 2350/1112/2277 2354/1114/2281 2355/1115/2282
f 2355/1115/2282 2343/1116/2272 2350/1112/2277
f 2341/1847/2174 2355/1115/2282 2356/1848/2283
f 2356/1848/2283 2357/1849/2284 2341/1847/2174
f 2358/1561/2285 2356/1848/2283 2355/1115/2282
f 2355/1115/2282 2354/1114/2281 2358/1561/2285
f 2359/1560/2286 2358/1561/2285 2354/1114/2281
f 2353/1113/2280 2360/1559/2287 2354/1114/2281
f 2354/1114/2281 2360/1559/2287 2359/1560/2286
f 2360/1559/2287 2353/1113/2280 2361/985/2288
f 2079/983/2020 2361/985/2288 2353/1113/2280
f 2361/985/2288 2079/983/2020 2080/980/2021
f 2362/1558/2289 2359/1560/2286 2360/1559/2287
f 2363/1556/2290 2103/1555/2043 2105/1557/2045
f 2360/1559/2287 2363/1556/2290 2362/1558/2289
f 2361/985/2288 2363/1556/2290 2360/1559/2287
f 2105/1557/2045 2362/1558/2289 2363/1556/2290
f 2080/980/2021 2364/986/2291 2361/985/2288
f 2363/1556/2290 2361/985/2288 2364/986/2291
f 2364/986/2291 2103/1555/2043 2363/1556/2290
f 2103/1555/2043 2364/986/2291 2102/987/2042
f 2080/980/2021 2086/981/2027 2365/982/2292
f 2365/982/2292 2102/987/2042 2364/986/2291
f 2109/995/2049 2102/987/2042 2365/982/2292
f 2365/982/2292 2364/986/2291 2080/980/2021
f 2087/1002/2028 2108/1001/2048 2366/994/2293
f 2366/994/2293 2082/993/2023 2087/1002/2028
f 2365/982/2292 2086/981/2027 2366/994/2293
f 2082/993/2023 2366/994/2293 2086/981/2027
f 2366/994/2293 2109/995/2049 2365/982/2292
f 2109/995/2049 2366/994/2293 2108/1001/2048
f 2367/1850/2294 2368/1851/2295 2369/1852/2296
f 2367/1850/2294 2369/1852/2296 2370/1853/2297
f 2367/1850/2294 2370/1853/2297 2371/1854/2298
f 2371/1854/2298 2372/1855/2299 2367/1850/2294
f 2368/1851/2295 2367/1850/2294 2372/1855/2299
f 2372/1855/2299 2373/1856/2300 2368/1851/2295
f 892/892/878 2374/1857/2301 891/891/877
f 2374/1857/2301 892/892/878 2375/1858/2302
f 892/892/878 893/893/879 2375/1858/2302
f 2374/1857/2301 2375/1858/2302 2376/1859/2303
f 2377/1860/2304 2375/1858/2302 893/893/879
f 893/893/879 894/894/880 2377/1860/2304
f 2378/1861/2305 891/891/877 2374/1857/2301
f 881/881/867 891/891/877 2378/1861/2305
f 881/881/867 2379/1862/2306 878/878/864
f 2379/1862/2306 881/881/867 2378/1861/2305
f 878/878/864 2379/1862/2306 2380/1863/2307
f 2380/1863/2307 2381/1864/2308 878/878/864
f 2376/1859/2303 2382/1865/2309 2383/1866/2310
f 2376/1859/2303 2384/1867/2311 2374/1857/2301
f 2378/1861/2305 2374/1857/2301 2384/1867/2311
f 2383/1866/2310 2384/1867/2311 2376/1859/2303
f 2384/1867/2311 2385/1868/2312 2378/1861/2305
f 2380/1863/2307 2379/1862/2306 2385/1868/2312
f 2378/1861/2305 2385/1868/2312 2379/1862/2306
f 2385/1868/2312 2384/1867/2311 2383/1866/2310
f 2380/1863/2307 2385/1868/2312 2386/1869/2313
f 2383/1866/2310 2386/1869/2313 2385/1868/2312
f 2380/1863/2307 2387/1870/2314 2381/1864/2308
f 2386/1869/2313 2387/1870/2314 2380/1863/2307
f 2387/1870/2314 2386/1869/2313 2388/1871/2315
f 2388/1871/2315 2389/1872/2316 2387/1870/2314
f 2387/1870/2314 2389/1872/2316 2390/1873/2317
f 813/813/800 2390/1873/2317 2391/1874/2318
f 2391/1874/2318 2390/1873/2317 2389/1872/2316
f 2391/1874/2318 812/812/799 813/813/800
f 2392/1875/2319 2383/1866/2310 2382/1865/2309
f 2392/1875/2319 2388/1871/2315 2386/1869/2313
f 2386/1869/2313 2383/1866/2310 2392/1875/2319
f 2393/1876/2320 2394/1877/2321 2391/1874/2318
f 812/812/799 2391/1874/2318 2394/1877/2321
f 2394/1877/2321 811/811/798 812/812/799
f 2389/1872/2316 2395/1878/2322 2391/1874/2318
f 2391/1874/2318 2395/1878/2322 2393/1876/2320
f 2389/1872/2316 2388/1871/2315 2396/1879/2323
f 2396/1879/2323 2395/1878/2322 2389/1872/2316
f 2396/1879/2323 2393/1876/2320 2395/1878/2322
f 2393/1876/2320 2396/1879/2323 2397/1880/2324
f 2397/1880/2324 2396/1879/2323 2388/1871/2315
f 2388/1871/2315 2392/1875/2319 2397/1880/2324
f 2382/1865/2309 2398/1881/2325 2392/1875/2319
f 2397/1880/2324 2392/1875/2319 2398/1881/2325
f 2397/1880/2324 2399/1882/2326 2393/1876/2320
f 2393/1876/2320 2399/1882/2326 2400/1883/2327
f 2400/1883/2327 2399/1882/2326 2401/1884/2328
f 2401/1884/2328 2402/1885/2329 2400/1883/2327
f 2399/1882/2326 2397/1880/2324 2403/1886/2330
f 2403/1886/2330 2401/1884/2328 2399/1882/2326
f 2398/1881/2325 2403/1886/2330 2397/1880/2324
f 2404/1887/2331 2405/1888/2332 2406/1889/2333
f 2407/1890/2334 2405/1888/2332 2404/1887/2331
f 794/794/783 2408/1891/2335 2404/1887/2331
f 2404/1887/2331 2408/1891/2335 2407/1890/2334
f 796/796/501 2408/1891/2335 794/794/783
f 2409/1892/2336 2407/1890/2334 2408/1891/2335
f 2408/1891/2335 2410/1893/2337 2409/1892/2336
f 2410/1893/2337 2400/1883/2327 2402/1885/2329
f 2402/1885/2329 2409/1892/2336 2410/1893/2337
f 2410/1893/2337 2408/1891/2335 2411/1894/2338
f 2394/1877/2321 2393/1876/2320 2411/1894/2338
f 2400/1883/2327 2411/1894/2338 2393/1876/2320
f 2411/1894/2338 2400/1883/2327 2410/1893/2337
f 796/796/501 811/811/798 2411/1894/2338
f 2411/1894/2338 2408/1891/2335 796/796/501
f 2411/1894/2338 811/811/798 2394/1877/2321
f 2406/1889/2333 2412/1895/2339 2404/1887/2331
f 775/775/764 794/794/783 2412/1895/2339
f 2404/1887/2331 2412/1895/2339 794/794/783
f 2412/1895/2339 2406/1889/2333 2413/1896/2340
f 775/775/764 2414/1897/2341 770/770/759
f 2412/1895/2339 2414/1897/2341 775/775/764
f 2413/1896/2340 2414/1897/2341 2412/1895/2339
f 2414/1897/2341 2413/1896/2340 2415/1898/2342
f 770/770/759 2415/1898/2342 768/768/757
f 2415/1898/2342 770/770/759 2414/1897/2341
f 2416/1899/2343 2417/1900/2344 2418/1901/2345
f 2418/1901/2345 2419/1902/2346 2416/1899/2343
f 2419/1902/2346 2418/1901/2345 2420/1903/2347
f 2421/1410/2348 2422/1904/2349 2423/1905/2350
f 2420/1903/2347 2423/1905/2350 2422/1904/2349
f 2420/1903/2347 2424/1906/2351 2419/1902/2346
f 2422/1904/2349 2424/1906/2351 2420/1903/2347
f 2425/1412/2352 2422/1904/2349 2421/1410/2348
f 2425/1412/2352 2424/1906/2351 2422/1904/2349
f 2425/1412/2352 2416/1899/2343 2419/1902/2346
f 2425/1412/2352 2419/1902/2346 2424/1906/2351
f 2417/1900/2344 2416/1899/2343 2426/1907/2353
f 2425/1412/2352 2426/1907/2353 2416/1899/2343
f 2426/1907/2353 2427/1908/2037 2417/1900/2344
f 2425/1412/2352 2428/1909/2354 2426/1907/2353
f 2427/1908/2037 2426/1907/2353 2428/1909/2354
f 2425/1412/2352 2421/1410/2348 2429/1910/2355
f 2425/1412/2352 2429/1910/2355 2430/1911/2356
f 2425/1412/2352 2430/1911/2356 2431/1912/2357
f 2425/1412/2352 2431/1912/2357 2432/1913/2358
f 2425/1412/2352 2432/1913/2358 2433/1914/2359
f 2425/1412/2352 2433/1914/2359 2434/1915/2360
f 2425/1412/2352 2434/1915/2360 2435/1916/2361
f 2425/1412/2352 2435/1916/2361 2436/1917/2362
f 2425/1412/2352 2436/1917/2362 2437/1918/2363
f 2438/1919/2364 2437/1918/2363 2436/1917/2362
f 2436/1917/2362 2439/1920/2365 2438/1919/2364
f 2439/1920/2365 2436/1917/2362 2435/1916/2361
f 2440/1921/2366 2435/1916/2361 2434/1915/2360
f 2435/1916/2361 2440/1921/2366 2439/1920/2365
f 2441/1922/2367 2434/1915/2360 2433/1914/2359
f 2434/1915/2360 2441/1922/2367 2440/1921/2366
f 2433/1914/2359 2442/1923/2368 2441/1922/2367
f 2442/1923/2368 2433/1914/2359 2432/1913/2358
f 2437/1918/2363 2438/1919/2364 2443/1924/2369
f 2432/1913/2358 2444/1925/2370 2442/1923/2368
f 2445/1926/2371 2444/1925/2370 2432/1913/2358
f 2432/1913/2358 2431/1912/2357 2445/1926/2371
f 2446/1927/2372 2445/1926/2371 2431/1912/2357
f 2431/1912/2357 2430/1911/2356 2446/1927/2372
f 2430/1911/2356 2429/1910/2355 2447/1928/2373
f 2447/1928/2373 2446/1927/2372 2430/1911/2356
f 2429/1910/2355 2421/1410/2348 2448/1929/2374
f 2448/1929/2374 2447/1928/2373 2429/1910/2355
f 2423/1905/2350 2448/1929/2374 2421/1410/2348
f 2449/1446/2132 2450/1930/2375 2451/1931/2376
f 2452/1932/2377 2451/1931/2376 2450/1930/2375
f 2425/1412/2352 2451/1931/2376 2452/1932/2377
f 2450/1930/2375 2453/1933/2128 2452/1932/2377
f 2452/1932/2377 2453/1933/2128 2454/1934/2378
f 2425/1412/2352 2455/1452/2379 2456/1935/2380
f 2456/1935/2380 2455/1452/2379 2457/1936/2381
f 2458/1937/2382 2457/1936/2381 2455/1452/2379
f 2454/1934/2378 2458/1937/2382 2459/1455/2383
f 2425/1412/2352 2459/1455/2383 2455/1452/2379
f 2455/1452/2379 2459/1455/2383 2458/1937/2382
f 2425/1412/2352 2460/1938/2384 2459/1455/2383
f 2425/1412/2352 2452/1932/2377 2460/1938/2384
f 2454/1934/2378 2460/1938/2384 2452/1932/2377
f 2459/1455/2383 2460/1938/2384 2454/1934/2378
f 2425/1412/2352 2461/1939/2385 2451/1931/2376
f 2451/1931/2376 2461/1939/2385 2449/1446/2132
f 2425/1412/2352 2456/1935/2380 2462/1940/2386
f 2425/1412/2352 2462/1940/2386 2463/1468/2387
f 2425/1412/2352 2463/1468/2387 2464/1941/2388
f 2425/1412/2352 2464/1941/2388 2465/1942/2389
f 2425/1412/2352 2465/1942/2389 2466/1943/2390
f 2425/1412/2352 2466/1943/2390 2467/1944/2391
f 2425/1412/2352 2467/1944/2391 2468/1945/2392
f 2425/1412/2352 2468/1945/2392 2469/1946/2393
f 2425/1412/2352 2469/1946/2393 2428/1909/2354
f 2470/1947/2394 2428/1909/2354 2469/1946/2393
f 2428/1909/2354 2470/1947/2394 2427/1908/2037
f 2469/1946/2393 2471/1948/2395 2470/1947/2394
f 2469/1946/2393 2468/1945/2392 2472/1949/2396
f 2472/1949/2396 2471/1948/2395 2469/1946/2393
f 2468/1945/2392 2467/1944/2391 2473/1950/2397
f 2473/1950/2397 2472/1949/2396 2468/1945/2392
f 2474/1951/2286 2473/1950/2397 2467/1944/2391
f 2467/1944/2391 2466/1943/2390 2474/1951/2286
f 2475/1952/2398 2474/1951/2286 2466/1943/2390
f 2466/1943/2390 2465/1942/2389 2475/1952/2398
f 2465/1942/2389 2464/1941/2388 2476/1953/2399
f 2476/1953/2399 2475/1952/2398 2465/1942/2389
f 2477/1472/2400 2476/1953/2399 2464/1941/2388
f 2464/1941/2388 2463/1468/2387 2477/1472/2400
f 2463/1468/2387 2462/1940/2386 2478/1473/2401
f 2478/1473/2401 2477/1472/2400 2463/1468/2387
f 2457/1936/2381 2479/1954/2177 2456/1935/2380
f 2479/1954/2177 2478/1473/2401 2462/1940/2386
f 2462/1940/2386 2456/1935/2380 2479/1954/2177
f 2480/1602/2402 2481/1608/2403 2482/1607/1671
f 2482/1607/1671 2483/1606/1670 2480/1602/2402
f 2484/1601/2404 2480/1602/2402 2483/1606/1670
f 2483/1606/1670 2485/1605/1669 2484/1601/2404
f 2486/1599/2405 2480/1602/2402 2484/1601/2404
f 2484/1601/2404 2487/1600/2406 2486/1599/2405
f 2484/1601/2404 2485/1605/1669 2488/1604/2407
f 2488/1604/2407 2489/1603/51 2484/1601/2404
f 2490/1955/2408 2491/1956/1811 2492/1957/2409
f 2492/1957/2409 2493/1958/2410 2490/1955/2408
f 2494/1959/2411 2490/1955/2408 2493/1958/2410
f 2493/1958/2410 2492/1957/2409 2495/1960/2412
f 2147/1693/2087 2496/1961/2413 2494/1959/2411
f 2496/1961/2413 2147/1693/2087 2146/1692/2086
f 2146/1692/2086 2497/1962/2414 2496/1961/2413
f 2494/1959/2411 2498/1963/2415 2147/1693/2087
f 2147/1693/2087 2498/1963/2415 2139/1685/2079
f 2493/1958/2410 2498/1963/2415 2494/1959/2411
f 2495/1960/2412 2499/1964/1243 2493/1958/2410
f 2499/1964/1243 2139/1685/2079 2498/1963/2415
f 2498/1963/2415 2493/1958/2410 2499/1964/1243
f 2500/1965/2416 2499/1964/1243 2495/1960/2412
f 2139/1685/2079 2499/1964/1243 2500/1965/2416
f 2500/1965/2416 2130/1676/2070 2139/1685/2079
f 2495/1960/2412 2501/1966/2417 2500/1965/2416
f 2500/1965/2416 2501/1966/2417 2502/1967/1828
f 2130/1676/2070 2500/1965/2416 2503/1968/2418
f 2502/1967/1828 2503/1968/2418 2500/1965/2416
f 2503/1968/2418 2129/1675/2069 2130/1676/2070
f 2129/1675/2069 2503/1968/2418 2504/1969/2419
f 2504/1969/2419 2131/1677/2071 2129/1675/2069
f 2131/1677/2071 2504/1969/2419 2505/1970/2420
f 2505/1970/2420 2506/1971/2421 2131/1677/2071
f 2132/1678/2072 2131/1677/2071 2506/1971/2421
f 2507/1972/1829 2504/1969/2419 2503/1968/2418
f 2503/1968/2418 2502/1967/1828 2507/1972/1829
f 2508/1973/1830 2505/1970/2420 2504/1969/2419
f 2504/1969/2419 2507/1972/1829 2508/1973/1830
f 2505/1970/2420 2508/1973/1830 2509/1974/2422
f 2509/1974/2422 2510/1975/2423 2505/1970/2420
f 2510/1975/2423 2509/1974/2422 2511/1976/2424
f 2511/1976/2424 2512/1977/2425 2510/1975/2423
f 2513/1978/2426 2506/1971/2421 2505/1970/2420
f 2505/1970/2420 2510/1975/2423 2513/1978/2426
f 2513/1978/2426 2510/1975/2423 2512/1977/2425
f 2506/1971/2421 2514/1979/2427 2132/1678/2072
f 496/496/489 489/489/482 2514/1979/2427
f 2132/1678/2072 2514/1979/2427 489/489/482
f 2514/1979/2427 2515/1980/2423 496/496/489
f 2515/1980/2423 2514/1979/2427 2506/1971/2421
f 2506/1971/2421 2513/1978/2426 2515/1980/2423
f 2515/1980/2423 2513/1978/2426 2516/1981/2428
f 2512/1977/2425 2516/1981/2428 2513/1978/2426
f 496/496/489 2515/1980/2423 2517/1982/2429
f 2516/1981/2428 2517/1982/2429 2515/1980/2423
f 495/495/488 496/496/489 2518/1983/2430
f 2517/1982/2429 2518/1983/2430 496/496/489
f 494/494/487 495/495/488 2519/1984/2431
f 2519/1984/2431 500/500/493 494/494/487
f 2518/1983/2430 2519/1984/2431 495/495/488
f 2520/1985/2432 2328/1834/2260 2326/1832/2258
f 2184/1730/2124 2328/1834/2260 2520/1985/2432
f 2320/1826/2252 2319/1825/2251 2521/1986/2433
f 2326/1832/2258 2521/1986/2433 2520/1985/2432
f 2521/1986/2433 2326/1832/2258 2320/1826/2252
f 2520/1985/2432 2521/1986/2433 2522/1987/2434
f 2522/1987/2434 2523/1988/2435 2312/1818/2244
f 2304/1810/2236 2523/1988/2435 2319/1825/2251
f 2521/1986/2433 2319/1825/2251 2523/1988/2435
f 2523/1988/2435 2522/1987/2434 2521/1986/2433
f 2312/1818/2244 2523/1988/2435 2304/1810/2236
f 2200/1746/2140 2524/1989/2436 2204/1750/2144
f 2524/1989/2436 2200/1746/2140 2186/1732/2126
f 2520/1985/2432 2524/1989/2436 2184/1730/2124
f 2186/1732/2126 2184/1730/2124 2524/1989/2436
f 2204/1750/2144 2525/1990/2437 2206/1752/2146
f 2524/1989/2436 2520/1985/2432 2525/1990/2437
f 2522/1987/2434 2525/1990/2437 2520/1985/2432
f 2525/1990/2437 2204/1750/2144 2524/1989/2436
f 2525/1990/2437 2522/1987/2434 2526/1991/2438
f 2207/1753/2147 2206/1752/2146 2526/1991/2438
f 2526/1991/2438 2206/1752/2146 2525/1990/2437
f 2312/1818/2244 2526/1991/2438 2522/1987/2434
f 2526/1991/2438 2527/1992/2439 2207/1753/2147
f 2527/1992/2439 2526/1991/2438 2312/1818/2244
f 2312/1818/2244 2528/1993/2440 2527/1992/2439
f 2528/1993/2440 2312/1818/2244 2311/1817/2243
f 2529/1994/2441 2311/1817/2243 2310/1816/2242
f 2311/1817/2243 2529/1994/2441 2528/1993/2440
f 2530/1995/2442 2310/1816/2242 2309/1815/2241
f 2310/1816/2242 2530/1995/2442 2529/1994/2441
f 2309/1815/2241 2531/1996/2443 2530/1995/2442
f 2532/1997/2444 2531/1996/2443 2309/1815/2241
f 2309/1815/2241 2318/1824/2250 2532/1997/2444
f 573/573/566 2532/1997/2444 2318/1824/2250
f 2533/1998/2445 2534/1999/2446 2535/1436/2447
f 2443/1924/2369 2533/1998/2445 2536/2000/2448
f 2535/1436/2447 2536/2000/2448 2533/1998/2445
f 2425/1412/2352 2536/2000/2448 2535/1436/2447
f 2443/1924/2369 2537/2001/2449 2437/1918/2363
f 2425/1412/2352 2537/2001/2449 2536/2000/2448
f 2425/1412/2352 2437/1918/2363 2537/2001/2449
f 2536/2000/2448 2537/2001/2449 2443/1924/2369
f 2538/1441/2450 2535/1436/2447 2534/1999/2446
f 2425/1412/2352 2535/1436/2447 2538/1441/2450
f 2425/1412/2352 2538/1441/2450 2539/1442/2451
f 2425/1412/2352 2539/1442/2451 2540/2002/2452
f 2425/1412/2352 2541/2003/2453 2461/1939/2385
f 2425/1412/2352 2540/2002/2452 2541/2003/2453
f 2542/2004/2454 2449/1446/2132 2461/1939/2385
f 2461/1939/2385 2541/2003/2453 2542/2004/2454
f 2543/1448/2455 2542/2004/2454 2541/2003/2453
f 2541/2003/2453 2540/2002/2452 2543/1448/2455
f 2544/2005/2116 2543/1448/2455 2540/2002/2452
f 2540/2002/2452 2539/1442/2451 2544/2005/2116
f 2539/1442/2451 2538/1441/2450 2545/2006/2456
f 2545/2006/2456 2544/2005/2116 2539/1442/2451
f 2534/1999/2446 2545/2006/2456 2538/1441/2450
f 2546/2007/2457 2547/1586/54 2548/1581/2458
f 2548/1581/2458 2549/1584/2459 2546/2007/2457
f 2548/1581/2458 2550/1580/2460 2551/1579/1648
f 2551/1579/1648 2552/1582/1650 2548/1581/2458
f 2553/2008/2461 2549/1584/2459 2548/1581/2458
f 2548/1581/2458 2552/1582/1650 2553/2008/2461
f 2549/1584/2459 2553/2008/2461 2554/1587/1645
f 2554/1587/1645 2555/1588/2462 2549/1584/2459
f 2556/2009/2463 2557/2010/2464 2558/2011/2465
f 2557/2010/2464 2556/2009/2463 2559/2012/2466
f 2559/2012/2466 2560/2013/2467 2557/2010/2464
f 2559/2012/2466 2556/2009/2463 2561/2014/2468
f 2558/2011/2465 2562/2015/2469 2556/2009/2463
f 2561/2014/2468 2556/2009/2463 2562/2015/2469
f 2562/2015/2469 2558/2011/2465 2563/2016/2470
f 2564/2017/2471 2563/2016/2470 2565/2018/2472
f 2566/2019/2473 2565/2018/2472 2563/2016/2470
f 2563/2016/2470 2558/2011/2465 2566/2019/2473
f 2567/2020/2474 2566/2019/2473 2558/2011/2465
f 2558/2011/2465 2557/2010/2464 2567/2020/2474
f 2557/2010/2464 2560/2013/2467 2568/2021/2475
f 2568/2021/2475 2567/2020/2474 2557/2010/2464
f 2569/2022/2476 2568/2021/2475 2560/2013/2467
f 2560/2013/2467 2570/2023/2477 2569/2022/2476
f 2560/2013/2467 2559/2012/2466 2571/2024/2478
f 2571/2024/2478 2570/2023/2477 2560/2013/2467
f 2571/2024/2478 2559/2012/2466 2572/2025/2479
f 2561/2014/2468 2572/2025/2479 2559/2012/2466
f 2573/2026/2480 2572/2025/2479 2561/2014/2468
f 2561/2014/2468 2574/2027/2481 2573/2026/2480
f 2573/2026/2480 2574/2027/2481 2575/1981/2482
f 2576/1982/2429 2575/1981/2482 2574/2027/2481
f 2576/1982/2429 2574/2027/2481 2577/2028/2483
f 2577/2028/2483 2578/1983/2484 2576/1982/2429
f 2578/1983/2484 2577/2028/2483 2579/2029/2485
f 2580/2030/2486 2572/2025/2479 2573/2026/2480
f 2572/2025/2479 2580/2030/2486 2571/2024/2478
f 2573/2026/2480 2581/2031/2214 2580/2030/2486
f 2582/1976/2424 2581/2031/2214 2573/2026/2480
f 2573/2026/2480 2583/1977/2487 2582/1976/2424
f 2575/1981/2482 2583/1977/2487 2573/2026/2480
f 2584/2032/2488 2577/2028/2483 2574/2027/2481
f 2574/2027/2481 2561/2014/2468 2584/2032/2488
f 2562/2015/2469 2584/2032/2488 2561/2014/2468
f 2577/2028/2483 2584/2032/2488 2585/2033/2489
f 2585/2033/2489 2579/2029/2485 2577/2028/2483
f 2579/2029/2485 2585/2033/2489 2586/2034/2490
f 2586/2034/2490 2587/2035/2491 2579/2029/2485
f 2587/2035/2491 2586/2034/2490 2588/2036/2492
f 2588/2036/2492 2589/2037/2493 2587/2035/2491
f 2589/2037/2493 2588/2036/2492 2590/2038/2494
f 2590/2038/2494 2591/2039/2495 2589/2037/2493
f 2592/2040/2496 2590/2038/2494 2588/2036/2492
f 2588/2036/2492 2593/2041/2497 2592/2040/2496
f 2593/2041/2497 2588/2036/2492 2586/2034/2490
f 2586/2034/2490 2594/2042/2498 2593/2041/2497
f 2594/2042/2498 2586/2034/2490 2585/2033/2489
f 2595/2043/2499 2563/2016/2470 2564/2017/2471
f 2585/2033/2489 2595/2043/2499 2594/2042/2498
f 2595/2043/2499 2585/2033/2489 2584/2032/2488
f 2584/2032/2488 2562/2015/2469 2595/2043/2499
f 2563/2016/2470 2595/2043/2499 2562/2015/2469
f 2564/2017/2471 2594/2042/2498 2595/2043/2499
f 2596/2044/2500 2592/2040/2496 2593/2041/2497
f 2593/2041/2497 2597/2045/2501 2596/2044/2500
f 2597/2045/2501 2593/2041/2497 2594/2042/2498
f 2594/2042/2498 2564/2017/2471 2597/2045/2501
f 2590/2038/2494 2592/2040/2496 2598/2046/2502
f 2599/2047/2503 2598/2046/2502 2592/2040/2496
f 2592/2040/2496 2596/2044/2500 2599/2047/2503
f 2600/2048/2504 2599/2047/2503 2596/2044/2500
f 2596/2044/2500 2601/2049/2505 2600/2048/2504
f 2602/2050/2506 2601/2049/2505 2596/2044/2500
f 2596/2044/2500 2597/2045/2501 2602/2050/2506
f 2603/2051/2507 2602/2050/2506 2597/2045/2501
f 2565/2018/2472 2603/2051/2507 2564/2017/2471
f 2597/2045/2501 2564/2017/2471 2603/2051/2507
f 2604/2052/2508 2599/2047/2503 2600/2048/2504
f 2600/2048/2504 2605/2053/2509 2604/2052/2508
f 2599/2047/2503 2604/2052/2508 2606/2054/2510
f 2606/2054/2510 2598/2046/2502 2599/2047/2503
f 2598/2046/2502 2606/2054/2510 2607/2055/2511
f 2607/2055/2511 2608/2056/2512 2598/2046/2502
f 2598/2046/2502 2608/2056/2512 2590/2038/2494
f 2591/2039/2495 2590/2038/2494 2608/2056/2512
f 2608/2056/2512 2607/2055/2511 2609/2057/2513
f 2608/2056/2512 2610/2058/2514 2591/2039/2495
f 2609/2057/2513 2610/2058/2514 2608/2056/2512
f 2611/2059/2515 2609/2057/2513 2607/2055/2511
f 2609/2057/2513 2611/2059/2515 2612/1395/1378
f 2613/1393/2516 2612/1395/1378 2611/2059/2515
f 2612/1395/1378 2614/1399/2517 2609/2057/2513
f 2614/1399/2517 2615/1400/2518 2609/2057/2513
f 2609/2057/2513 2615/1400/2518 2616/504/2519
f 2616/504/2519 2610/2058/2514 2609/2057/2513
f 2591/2039/2495 2610/2058/2514 2616/504/2519
f 2579/2029/2485 2617/1984/2520 2578/1983/2484
f 2617/1984/2520 2579/2029/2485 2587/2035/2491
f 2618/500/493 2587/2035/2491 2589/2037/2493
f 2587/2035/2491 2618/500/493 2617/1984/2520
f 2589/2037/2493 2619/501/2521 2618/500/493
f 2619/501/2521 2589/2037/2493 2591/2039/2495
f 2591/2039/2495 2620/502/495 2619/501/2521
f 2616/504/2519 2621/503/2522 2591/2039/2495
f 2620/502/495 2591/2039/2495 2621/503/2522
f 2622/1514/2523 2623/1516/2524 2624/1515/2525
f 2625/1517/2526 2624/1515/2525 2623/1516/2524
f 2624/1515/2525 2625/1517/2526 2626/1523/2527
f 2623/1516/2524 2627/2060/2528 2625/1517/2526
f 2290/1804/2223 2622/1514/2523 2628/1513/2529
f 2624/1515/2525 2628/1513/2529 2622/1514/2523
f 2628/1513/2529 2287/1511/2220 2290/1804/2223
f 2287/1511/2220 2628/1513/2529 2286/1521/2219
f 2626/1523/2527 2629/1522/2530 2624/1515/2525
f 2628/1513/2529 2624/1515/2525 2629/1522/2530
f 2629/1522/2530 2286/1521/2219 2628/1513/2529
f 2629/1522/2530 2626/1523/2527 2630/2061/2531
f 2631/1527/2532 2283/1526/2216 2286/1521/2219
f 2286/1521/2219 2629/1522/2530 2631/1527/2532
f 2630/2061/2531 2631/1527/2532 2629/1522/2530
f 2631/1527/2532 2630/2061/2531 2281/1532/2214
f 2281/1532/2214 2282/1528/2215 2631/1527/2532
f 2283/1526/2216 2631/1527/2532 2282/1528/2215
f 817/817/804 876/876/862 2632/2062/2533
f 2632/2062/2533 876/876/862 877/877/863
f 877/877/863 2633/2063/2534 2632/2062/2533
f 2633/2063/2534 877/877/863 878/878/864
f 878/878/864 2381/1864/2308 2633/2063/2534
f 814/814/801 2632/2062/2533 2633/2063/2534
f 2634/2064/2535 2632/2062/2533 814/814/801
f 816/816/803 817/817/804 2634/2064/2535
f 2632/2062/2533 2634/2064/2535 817/817/804
f 2634/2064/2535 2635/2065/2536 816/816/803
f 814/814/801 2635/2065/2536 2634/2064/2535
f 815/815/802 2635/2065/2536 814/814/801
f 816/816/803 2635/2065/2536 815/815/802
f 2636/2066/2537 2390/1873/2317 813/813/800
f 2636/2066/2537 2633/2063/2534 2381/1864/2308
f 2633/2063/2534 2636/2066/2537 814/814/801
f 2381/1864/2308 2387/1870/2314 2636/2066/2537
f 2390/1873/2317 2636/2066/2537 2387/1870/2314
f 813/813/800 814/814/801 2636/2066/2537
f 2637/1609/2538 2638/1616/2539 2639/1615/2540
f 2639/1615/2540 2640/1614/2541 2637/1609/2538
f 2637/1609/2538 2640/1614/2541 2641/2067/1676
f 2641/2067/1676 2642/1612/2542 2637/1609/2538
f 2642/1612/2542 2641/2067/1676 2643/1618/1563
f 2643/1618/1563 2644/1617/2543 2642/1612/2542
f 2637/1609/2538 2642/1612/2542 2645/1611/121
f 2645/1611/121 2646/1610/2539 2637/1609/2538
f 53/53/53 2647/1541/173 2648/1539/172
f 2648/1539/172 50/50/50 53/53/53
f 2649/1537/1519 50/50/50 2648/1539/172
f 2648/1539/172 2650/1538/2544 2649/1537/1519
f 29/29/29 2651/2068/177 42/42/42
f 43/43/43 42/42/42 2651/2068/177
f 2651/2068/177 2652/1543/2545 43/43/43
f 45/45/45 43/43/43 2652/1543/2545
f 53/53/53 45/45/45 2653/1542/2546
f 2652/1543/2545 2653/1542/2546 45/45/45
f 2653/1542/2546 2647/1541/173 53/53/53
f 2654/2069/2547 2655/2070/2548 2656/2071/2472
f 2657/2072/2474 2655/2070/2548 2654/2069/2547
f 2658/2073/2549 2655/2070/2548 2657/2072/2474
f 2659/2074/2550 2655/2070/2548 2658/2073/2549
f 2660/2075/2524 2655/2070/2548 2659/2074/2550
f 2661/2076/2551 2655/2070/2548 2660/2075/2524
f 2662/2077/2552 2655/2070/2548 2661/2076/2551
f 2663/2078/2553 2655/2070/2548 2662/2077/2552
f 2664/2079/2222 2655/2070/2548 2663/2078/2553
f 2665/2080/2224 2655/2070/2548 2664/2079/2222
f 2666/2081/2225 2655/2070/2548 2665/2080/2224
f 2667/2082/2227 2655/2070/2548 2666/2081/2225
f 2667/2082/2227 2668/2083/2554 2655/2070/2548
f 2668/2083/2554 2669/2084/2555 2655/2070/2548
f 2669/2084/2555 2670/2085/2556 2655/2070/2548
f 2670/2085/2556 2671/2086/1492 2655/2070/2548
f 2671/2086/1492 2672/2087/1494 2655/2070/2548
f 2672/2087/1494 2673/2088/1496 2655/2070/2548
f 2673/2088/1496 2674/2089/2557 2655/2070/2548
f 2674/2089/2557 2675/2090/2558 2655/2070/2548
f 2675/2090/2558 2676/2091/2559 2655/2070/2548
f 2676/2091/2559 2677/2092/2560 2655/2070/2548
f 2677/2092/2560 2678/2093/2561 2655/2070/2548
f 2678/2093/2561 2679/2094/2562 2655/2070/2548
f 2679/2094/2562 2680/2095/2563 2655/2070/2548
f 2680/2095/2563 2681/2096/2564 2655/2070/2548
f 2681/2096/2564 2682/2097/2565 2655/2070/2548
f 2682/2097/2565 2683/2098/2566 2655/2070/2548
f 2684/2099/2567 2655/2070/2548 2683/2098/2566
f 2685/2100/2568 2655/2070/2548 2684/2099/2567
f 2656/2071/2472 2655/2070/2548 2686/2101/2569
f 2686/2101/2569 2655/2070/2548 2685/2100/2568
f 658/658/648 2687/2102/2570 664/664/654
f 634/634/626 617/617/609 2687/2102/2570
f 2687/2102/2570 631/631/623 634/634/626
f 631/631/623 2687/2102/2570 658/658/648
f 664/664/654 2687/2102/2570 617/617/609
f 2688/2103/2571 2689/2104/2572 2690/2105/2573
f 2690/2105/2573 2691/2106/1499 2688/2103/2571
f 2688/2103/2571 2691/2106/1499 2692/2107/1505
f 2689/2104/2572 2688/2103/2571 2693/2108/2574
f 2693/2108/2574 2694/2109/2575 2689/2104/2572
f 2693/2108/2574 2688/2103/2571 2695/2110/2576
f 2692/2107/1505 2695/2110/2576 2688/2103/2571
f 2696/2111/2577 2695/2110/2576 2692/2107/1505
f 2692/2107/1505 2697/2112/1513 2696/2111/2577
f 2698/2113/2578 2696/2111/2577 2697/2112/1513
f 2697/2112/1513 2699/2114/1514 2698/2113/2578
f 2698/2113/2578 2699/2114/1514 2700/1381/1365
f 2700/1381/1365 2701/1382/2579 2698/2113/2578
f 2702/2115/2580 2696/2111/2577 2698/2113/2578
f 2695/2110/2576 2696/2111/2577 2702/2115/2580
f 2702/2115/2580 2703/2116/2581 2704/2117/2582
f 2702/2115/2580 2705/2118/2583 2695/2110/2576
f 2695/2110/2576 2705/2118/2583 2693/2108/2574
f 2704/2117/2582 2705/2118/2583 2702/2115/2580
f 2694/2109/2575 2693/2108/2574 2706/2119/2584
f 2706/2119/2584 2693/2108/2574 2705/2118/2583
f 2705/2118/2583 2704/2117/2582 2706/2119/2584
f 2703/2116/2581 2702/2115/2580 2707/2120/2585
f 2698/2113/2578 2707/2120/2585 2702/2115/2580
f 2607/2055/2511 2708/2121/2586 2611/2059/2515
f 2708/2121/2586 2607/2055/2511 2606/2054/2510
f 2606/2054/2510 2709/2122/2587 2708/2121/2586
f 2709/2122/2587 2606/2054/2510 2604/2052/2508
f 2710/2123/2588 2708/2121/2586 2709/2122/2587
f 2709/2122/2587 2711/2124/2589 2710/2123/2588
f 2712/2125/2590 2710/2123/2588 2711/2124/2589
f 2711/2124/2589 2713/2126/2591 2712/2125/2590
f 2703/2116/2581 2712/2125/2590 2713/2126/2591
f 2713/2126/2591 2704/2117/2582 2703/2116/2581
f 2714/2127/2592 2706/2119/2584 2704/2117/2582
f 2704/2117/2582 2713/2126/2591 2714/2127/2592
f 2713/2126/2591 2711/2124/2589 2715/2128/2593
f 2715/2128/2593 2714/2127/2592 2713/2126/2591
f 2716/2129/2594 2715/2128/2593 2711/2124/2589
f 2711/2124/2589 2709/2122/2587 2716/2129/2594
f 2604/2052/2508 2716/2129/2594 2709/2122/2587
f 2604/2052/2508 2605/2053/2509 2717/2130/2564
f 2717/2130/2564 2716/2129/2594 2604/2052/2508
f 2718/2131/2595 2715/2128/2593 2716/2129/2594
f 2716/2129/2594 2717/2130/2564 2718/2131/2595
f 2715/2128/2593 2718/2131/2595 2719/2132/2596
f 2719/2132/2596 2714/2127/2592 2715/2128/2593
f 2706/2119/2584 2720/2133/2597 2694/2109/2575
f 2714/2127/2592 2719/2132/2596 2720/2133/2597
f 2720/2133/2597 2706/2119/2584 2714/2127/2592
f 2721/2134/2598 2722/1856/2599 2723/1855/2299
f 2723/1855/2299 2724/1850/2600 2721/2134/2598
f 2724/1850/2600 2723/1855/2299 2725/1854/2601
f 2725/1854/2601 2726/1853/1561 2724/1850/2600
f 2724/1850/2600 2726/1853/1561 2727/1852/1570
f 2724/1850/2600 2727/1852/1570 2721/2134/2598
f 2707/2120/2585 2728/2135/2602 2703/2116/2581
f 2712/2125/2590 2703/2116/2581 2728/2135/2602
f 2728/2135/2602 2729/2136/2603 2712/2125/2590
f 2710/2123/2588 2712/2125/2590 2729/2136/2603
f 2611/2059/2515 2730/2137/2604 2613/1393/2516
f 2729/2136/2603 2730/2137/2604 2710/2123/2588
f 2708/2121/2586 2710/2123/2588 2730/2137/2604
f 2730/2137/2604 2611/2059/2515 2708/2121/2586
f 2731/1384/2605 2707/2120/2585 2698/2113/2578
f 2698/2113/2578 2701/1382/2579 2731/1384/2605
f 2728/2135/2602 2707/2120/2585 2732/1389/1372
f 2732/1389/1372 2707/2120/2585 2731/1384/2605
f 2732/1389/1372 2733/1390/2606 2728/2135/2602
f 2729/2136/2603 2728/2135/2602 2733/1390/2606
f 2730/2137/2604 2729/2136/2603 2734/1391/2607
f 2734/1391/2607 2613/1393/2516 2730/2137/2604
f 2733/1390/2606 2734/1391/2607 2729/2136/2603
f 2735/2068/150 1646/42/1612 1567/43/1535
f 1567/43/1535 1563/1543/1531 2735/2068/150
f 2736/29/2608 1642/26/1609 1646/42/1612
f 1642/26/1609 2736/29/2608 1764/28/1720
f 1646/42/1612 2735/2068/150 2736/29/2608
f 1803/1175/1755 1795/1171/1747 2737/1176/2609
f 1824/1181/1776 2737/1176/2609 1839/1183/1791
f 2737/1176/2609 1824/1181/1776 1803/1175/1755
f 2738/1177/2610 1839/1183/1791 2737/1176/2609
f 2739/1172/2611 2737/1176/2609 1795/1171/1747
f 1795/1171/1747 1794/1166/1746 2739/1172/2611
f 2737/1176/2609 2739/1172/2611 2738/1177/2610
f 2740/1173/2612 2738/1177/2610 2739/1172/2611
f 1898/1174/1849 1897/1664/1848 2740/1173/2612
f 1794/1166/1746 2007/1129/1955 2741/1167/2613
f 2739/1172/2611 2741/1167/2613 2740/1173/2612
f 2740/1173/2612 2741/1167/2613 1898/1174/1849
f 2741/1167/2613 2739/1172/2611 1794/1166/1746
f 2742/1179/2614 1838/1184/1790 1839/1183/1791
f 1870/1180/1822 1868/1310/1820 2742/1179/2614
f 1838/1184/1790 2742/1179/2614 1868/1310/1820
f 1839/1183/1791 2738/1177/2610 2742/1179/2614
f 2742/1179/2614 2743/1178/2615 1870/1180/1822
f 2743/1178/2615 2742/1179/2614 2738/1177/2610
f 2738/1177/2610 2740/1173/2612 2743/1178/2615
f 1885/1323/1836 1870/1180/1822 2743/1178/2615
f 2744/1322/2616 1888/1313/1839 1886/1315/1837
f 1888/1313/1839 2744/1322/2616 1897/1664/1848
f 1886/1315/1837 1885/1323/1836 2744/1322/2616
f 2743/1178/2615 2744/1322/2616 1885/1323/1836
f 2740/1173/2612 1897/1664/1848 2744/1322/2616
f 2744/1322/2616 2743/1178/2615 2740/1173/2612
f 2008/1132/1956 2745/1133/2617 2007/1129/1955
f 2745/1133/2617 1898/1174/1849 2741/1167/2613
f 1898/1174/1849 2745/1133/2617 1899/1135/1850
f 1900/1134/1851 1899/1135/1850 2745/1133/2617
f 2741/1167/2613 2007/1129/1955 2745/1133/2617
f 2745/1133/2617 2008/1132/1956 1900/1134/1851
f 2065/1102/2006 2067/990/2008 2746/1105/2618
f 2077/1106/2018 2746/1105/2618 2067/990/2008
f 2078/1108/2019 2747/1109/2619 2077/1106/2018
f 2747/1109/2619 2078/1108/2019 2352/1110/2279
f 2746/1105/2618 2077/1106/2018 2747/1109/2619
f 2747/1109/2619 2748/1103/2620 2746/1105/2618
f 2749/1104/2621 2352/1110/2279 2347/1118/2275
f 2748/1103/2620 2747/1109/2619 2749/1104/2621
f 2352/1110/2279 2749/1104/2621 2747/1109/2619
f 2749/1104/2621 2750/2138/2622 2748/1103/2620
f 2750/2138/2622 2749/1104/2621 2751/1119/2623
f 2347/1118/2275 2751/1119/2623 2749/1104/2621
f 2348/1124/2180 2751/1119/2623 2347/1118/2275
f 2752/2139/2624 2751/1119/2623 2348/1124/2180
f 2751/1119/2623 2752/2139/2624 2750/2138/2622
f 2752/2139/2624 2753/1126/2625 2754/1099/2626
f 2754/1099/2626 2750/2138/2622 2752/2139/2624
f 2755/1098/2627 2748/1103/2620 2750/2138/2622
f 2750/2138/2622 2754/1099/2626 2755/1098/2627
f 2756/1101/2628 2746/1105/2618 2748/1103/2620
f 2748/1103/2620 2755/1098/2627 2756/1101/2628
f 2746/1105/2618 2756/1101/2628 2065/1102/2006
f 2753/1126/2625 2757/1128/2186 2758/970/2185
f 2758/970/2185 2759/969/2629 2753/1126/2625
f 2754/1099/2626 2753/1126/2625 2759/969/2629
f 2759/969/2629 2760/976/2630 2754/1099/2626
f 2755/1098/2627 2754/1099/2626 2760/976/2630
f 2756/1101/2628 2755/1098/2627 2761/977/2631
f 2760/976/2630 2761/977/2631 2755/1098/2627
f 2761/977/2631 2762/113/2632 2756/1101/2628
f 2065/1102/2006 2756/1101/2628 2762/113/2632
f 2762/113/2632 2066/112/2007 2065/1102/2006
f 2348/1124/2180 2763/1127/2633 2752/2139/2624
f 2753/1126/2625 2752/2139/2624 2763/1127/2633
f 2763/1127/2633 2757/1128/2186 2753/1126/2625
f 906/906/888 913/913/898 2764/2140/2634
f 2764/2140/2634 913/913/898 924/924/909
f 907/907/892 906/906/888 2765/2141/2635
f 2764/2140/2634 2765/2141/2635 906/906/888
f 2765/2141/2635 2766/2142/2636 907/907/892
f 895/895/881 907/907/892 2766/2142/2636
f 894/894/880 895/895/881 2767/2143/2637
f 2767/2143/2637 2377/1860/2304 894/894/880
f 2766/2142/2636 2767/2143/2637 895/895/881
f 2140/1686/2080 2177/1723/2117 2768/2144/2638
f 2768/2144/2638 2141/1687/2081 2140/1686/2080
f 2144/1690/2084 2141/1687/2081 2769/2145/2639
f 2769/2145/2639 2141/1687/2081 2768/2144/2638
f 2145/1691/2085 2144/1690/2084 2770/2146/2640
f 2769/2145/2639 2770/2146/2640 2144/1690/2084
f 2146/1692/2086 2145/1691/2085 2771/2147/2641
f 2771/2147/2641 2497/1962/2414 2146/1692/2086
f 2770/2146/2640 2771/2147/2641 2145/1691/2085
usemtl DPROP_GEN_SentinelTorso_MATINST
f 2772/2148/2642 2773/2149/2643 2774/2150/2644
f 2774/2150/2644 2775/2151/2645 2772/2148/2642
f 2772/2148/2642 2775/2151/2645 2776/2152/2646
f 2776/2152/2646 2777/2153/2647 2772/2148/2642
f 2778/2154/2648 2777/2153/2647 2776/2152/2646
f 2779/2155/2649 2775/2151/2645 2774/2150/2644
f 2779/2155/2649 2774/2150/2644 2780/2156/2650
f 2779/2155/2649 2780/2156/2650 2781/2157/2651
f 2782/2158/2652 2779/2155/2649 2781/2157/2651
f 2783/2159/2653 2775/2151/2645 2779/2155/2649
f 2779/2155/2649 2782/2158/2652 2783/2159/2653
f 2784/2160/2654 2776/2152/2646 2775/2151/2645
f 2775/2151/2645 2783/2159/2653 2784/2160/2654
f 2785/2161/2655 2776/2152/2646 2784/2160/2654
f 2776/2152/2646 2785/2161/2655 2778/2154/2648
f 2786/2162/2656 2778/2154/2648 2785/2161/2655
f 2785/2161/2655 2787/2163/2657 2786/2162/2656
f 2788/2164/2658 2786/2162/2656 2787/2163/2657
f 2787/2163/2657 2789/2165/2659 2788/2164/2658
f 2790/2166/2660 2788/2164/2658 2789/2165/2659
f 2789/2165/2659 2791/2167/2661 2790/2166/2660
f 2792/2168/2662 2790/2166/2660 2791/2167/2661
f 2791/2167/2661 2793/2169/2663 2792/2168/2662
f 2794/2170/2664 2792/2168/2662 2793/2169/2663
f 2793/2169/2663 2795/2171/2665 2794/2170/2664
f 2795/2171/2665 2793/2169/2663 2796/2172/2666
f 2796/2172/2666 2797/2173/2667 2795/2171/2665
f 2793/2169/2663 2791/2167/2661 2798/2174/2668
f 2798/2174/2668 2796/2172/2666 2793/2169/2663
f 2791/2167/2661 2789/2165/2659 2799/2175/2669
f 2799/2175/2669 2798/2174/2668 2791/2167/2661
f 2789/2165/2659 2787/2163/2657 2800/2176/2670
f 2800/2176/2670 2799/2175/2669 2789/2165/2659
f 2801/2177/2671 2800/2176/2670 2787/2163/2657
f 2787/2163/2657 2785/2161/2655 2801/2177/2671
f 2784/2160/2654 2801/2177/2671 2785/2161/2655
f 2802/2178/2672 2803/2179/2673 2804/2180/2674
f 2805/2181/2675 2804/2180/2674 2803/2179/2673
f 2803/2179/2673 2806/2182/2676 2805/2181/2675
f 2806/2182/2676 2807/2183/2677 2805/2181/2675
f 2808/2184/2678 2807/2183/2677 2806/2182/2676
f 2806/2182/2676 2809/2185/2679 2808/2184/2678
f 2806/2182/2676 2803/2179/2673 2810/2186/2680
f 2810/2186/2680 2809/2185/2679 2806/2182/2676
f 2803/2179/2673 2802/2178/2672 2811/2187/2681
f 2811/2187/2681 2810/2186/2680 2803/2179/2673
f 2812/2188/1670 2811/2187/2681 2802/2178/2672
f 2802/2178/2672 2813/2189/2682 2812/2188/1670
f 2814/2190/2683 2812/2188/1670 2813/2189/2682
f 2804/2180/2674 2815/2191/2684 2802/2178/2672
f 2813/2189/2682 2802/2178/2672 2815/2191/2684
f 2815/2191/2684 2804/2180/2674 2816/2192/2685
f 2817/2193/2686 2816/2192/2685 2804/2180/2674
f 2804/2180/2674 2805/2181/2675 2817/2193/2686
f 2805/2181/2675 2807/2183/2677 2818/2194/2687
f 2818/2194/2687 2817/2193/2686 2805/2181/2675
f 2818/2194/2687 2807/2183/2677 2819/2195/2688
f 2819/2195/2688 2807/2183/2677 2808/2184/2678
f 2820/2196/2689 2821/2197/2690 2814/2190/2683
f 2821/2197/2690 2820/2196/2689 2822/2198/2691
f 2813/2189/2682 2823/2199/2692 2814/2190/2683
f 2814/2190/2683 2823/2199/2692 2820/2196/2689
f 2823/2199/2692 2813/2189/2682 2824/2200/2693
f 2815/2191/2684 2824/2200/2693 2813/2189/2682
f 2816/2192/2685 2825/2201/2694 2815/2191/2684
f 2824/2200/2693 2815/2191/2684 2825/2201/2694
f 2825/2201/2694 2816/2192/2685 2826/2202/2695
f 2826/2202/2695 2816/2192/2685 2817/2193/2686
f 2825/2201/2694 2827/2203/2696 2824/2200/2693
f 2828/2204/2697 2824/2200/2693 2827/2203/2696
f 2820/2196/2689 2823/2199/2692 2828/2204/2697
f 2824/2200/2693 2828/2204/2697 2823/2199/2692
f 2828/2204/2697 2829/2205/2698 2820/2196/2689
f 2820/2196/2689 2829/2205/2698 2830/2206/2699
f 2830/2206/2699 2822/2198/2691 2820/2196/2689
f 2822/2198/2691 2830/2206/2699 2831/2207/2700
f 2832/2208/2701 2831/2207/2700 2830/2206/2699
f 2831/2207/2700 2832/2208/2701 2833/2209/2702
f 2829/2205/2698 2828/2204/2697 2834/2210/2703
f 2827/2203/2696 2834/2210/2703 2828/2204/2697
f 2834/2210/2703 2835/2211/2704 2829/2205/2698
f 2830/2206/2699 2829/2205/2698 2835/2211/2704
f 2835/2211/2704 2836/2212/2705 2830/2206/2699
f 2830/2206/2699 2836/2212/2705 2832/2208/2701
f 2833/2209/2702 2832/2208/2701 2837/2213/1198
f 2836/2212/2705 2837/2213/1198 2832/2208/2701
f 2837/2213/1198 2838/2214/2706 2833/2209/2702
f 2833/2209/2702 2838/2214/2706 2839/2215/2707
f 2839/2215/2707 2840/2216/2708 2833/2209/2702
f 2841/2217/2709 2834/2210/2703 2827/2203/2696
f 2842/2218/2710 2835/2211/2704 2834/2210/2703
f 2834/2210/2703 2841/2217/2709 2842/2218/2710
f 2836/2212/2705 2843/2219/2711 2837/2213/1198
f 2836/2212/2705 2835/2211/2704 2843/2219/2711
f 2843/2219/2711 2835/2211/2704 2842/2218/2710
f 2837/2213/1198 2843/2219/2711 2844/2220/2712
f 2845/2221/2713 2838/2214/2706 2837/2213/1198
f 2837/2213/1198 2844/2220/2712 2845/2221/2713
f 2846/2222/2714 2845/2221/2713 2844/2220/2712
f 2847/2223/2715 2845/2221/2713 2846/2222/2714
f 2846/2222/2714 2848/2224/2716 2847/2223/2715
f 2849/2225/2717 2847/2223/2715 2848/2224/2716
f 2842/2218/2710 2850/2226/2718 2843/2219/2711
f 2844/2220/2712 2851/2227/2719 2846/2222/2714
f 2851/2227/2719 2844/2220/2712 2843/2219/2711
f 2843/2219/2711 2850/2226/2718 2851/2227/2719
f 2852/2228/2720 2850/2226/2718 2842/2218/2710
f 2842/2218/2710 2841/2217/2709 2853/2229/2721
f 2853/2229/2721 2852/2228/2720 2842/2218/2710
f 2827/2203/2696 2854/2230/2722 2841/2217/2709
f 2853/2229/2721 2841/2217/2709 2854/2230/2722
f 2855/2231/2723 2854/2230/2722 2827/2203/2696
f 2827/2203/2696 2825/2201/2694 2855/2231/2723
f 2826/2202/2695 2855/2231/2723 2825/2201/2694
f 2856/2232/2724 2854/2230/2722 2855/2231/2723
f 2854/2230/2722 2856/2232/2724 2853/2229/2721
f 2857/2233/2725 2856/2232/2724 2855/2231/2723
f 2855/2231/2723 2826/2202/2695 2857/2233/2725
f 2857/2233/2725 2826/2202/2695 2858/2234/2726
f 2817/2193/2686 2858/2234/2726 2826/2202/2695
f 2858/2234/2726 2817/2193/2686 2818/2194/2687
f 2858/2234/2726 2859/2235/2727 2857/2233/2725
f 2818/2194/2687 2860/2236/2728 2858/2234/2726
f 2859/2235/2727 2858/2234/2726 2860/2236/2728
f 2860/2236/2728 2861/2237/2729 2859/2235/2727
f 2861/2237/2729 2860/2236/2728 2862/2238/2730
f 2862/2238/2730 2863/2239/2731 2861/2237/2729
f 2863/2239/2731 2862/2238/2730 2864/2240/2732
f 2864/2240/2732 2865/2241/2733 2863/2239/2731
f 2866/2242/2734 2865/2241/2733 2864/2240/2732
f 2864/2240/2732 2867/2243/2735 2866/2242/2734
f 2868/2244/2736 2866/2242/2734 2867/2243/2735
f 2867/2243/2735 2869/2245/2737 2868/2244/2736
f 2819/2195/2688 2870/2246/2738 2818/2194/2687
f 2870/2246/2738 2862/2238/2730 2860/2236/2728
f 2860/2236/2728 2818/2194/2687 2870/2246/2738
f 2871/2247/2739 2864/2240/2732 2862/2238/2730
f 2862/2238/2730 2870/2246/2738 2871/2247/2739
f 2864/2240/2732 2871/2247/2739 2872/2248/2627
f 2872/2248/2627 2867/2243/2735 2864/2240/2732
f 2873/2249/2740 2869/2245/2737 2867/2243/2735
f 2867/2243/2735 2872/2248/2627 2873/2249/2740
f 2870/2246/2738 2819/2195/2688 2874/2250/2741
f 2874/2250/2741 2871/2247/2739 2870/2246/2738
f 2808/2184/2678 2875/2251/2742 2819/2195/2688
f 2874/2250/2741 2819/2195/2688 2875/2251/2742
f 2875/2251/2742 2876/2252/2743 2874/2250/2741
f 2877/2253/2744 2871/2247/2739 2874/2250/2741
f 2872/2248/2627 2871/2247/2739 2877/2253/2744
f 2874/2250/2741 2876/2252/2743 2877/2253/2744
f 2877/2253/2744 2878/2254/2745 2872/2248/2627
f 2872/2248/2627 2878/2254/2745 2879/2255/2746
f 2879/2255/2746 2873/2249/2740 2872/2248/2627
f 2873/2249/2740 2879/2255/2746 2880/2256/2747
f 2880/2256/2747 2881/2257/2748 2873/2249/2740
f 2881/2257/2748 2880/2256/2747 2882/2258/2749
f 2882/2258/2749 2883/2259/2750 2881/2257/2748
f 2881/2257/2748 2883/2259/2750 2884/2260/2751
f 2868/2244/2736 2869/2245/2737 2885/2261/2752
f 2885/2261/2752 2869/2245/2737 2873/2249/2740
f 2884/2260/2751 2885/2261/2752 2881/2257/2748
f 2873/2249/2740 2881/2257/2748 2885/2261/2752
f 2885/2261/2752 2886/2262/2753 2868/2244/2736
f 2886/2262/2753 2885/2261/2752 2884/2260/2751
f 2886/2262/2753 2884/2260/2751 2887/2263/2754
f 2888/2264/2755 2889/2265/2756 2890/2266/2757
f 2890/2266/2757 2891/2267/2758 2888/2264/2755
f 2891/2267/2758 2890/2266/2757 2892/2268/2759
f 2892/2268/2759 2893/2269/2760 2891/2267/2758
f 2893/2269/2760 2892/2268/2759 2894/2270/2761
f 2895/2271/2762 2896/2272/2763 2897/2273/2764
f 2889/2265/2756 2888/2264/2755 2897/2273/2764
f 2897/2273/2764 2896/2272/2763 2889/2265/2756
f 2897/2273/2764 2888/2264/2755 2898/2274/2765
f 2898/2274/2765 2888/2264/2755 2891/2267/2758
f 2891/2267/2758 2899/2275/2766 2898/2274/2765
f 2899/2275/2766 2891/2267/2758 2893/2269/2760
f 2894/2270/2761 2900/2276/2767 2893/2269/2760
f 2901/2277/2768 2900/2276/2767 2894/2270/2761
f 2902/2278/2769 2893/2269/2760 2900/2276/2767
f 2893/2269/2760 2902/2278/2769 2899/2275/2766
f 2898/2274/2765 2899/2275/2766 2903/2279/2770
f 2899/2275/2766 2902/2278/2769 2903/2279/2770
f 2904/2280/2771 2898/2274/2765 2903/2279/2770
f 2898/2274/2765 2904/2280/2771 2897/2273/2764
f 2905/2281/2772 2897/2273/2764 2904/2280/2771
f 2897/2273/2764 2905/2281/2772 2895/2271/2762
f 2906/2282/2773 2907/2283/2774 2903/2279/2770
f 2908/2284/2775 2906/2282/2773 2903/2279/2770
f 2901/2277/2768 2908/2284/2775 2909/2285/2776
f 2909/2285/2776 2900/2276/2767 2901/2277/2768
f 2900/2276/2767 2909/2285/2776 2902/2278/2769
f 2902/2278/2769 2909/2285/2776 2903/2279/2770
f 2909/2285/2776 2908/2284/2775 2903/2279/2770
f 2908/2284/2775 2901/2277/2768 2910/2286/2777
f 2910/2286/2777 2906/2282/2773 2908/2284/2775
f 2906/2282/2773 2910/2286/2777 2911/2287/2778
f 2911/2287/2778 2907/2283/2774 2906/2282/2773
f 2907/2283/2774 2911/2287/2778 2912/2288/2779
f 2912/2288/2779 2913/2289/2780 2907/2283/2774
f 2907/2283/2774 2913/2289/2780 2903/2279/2770
f 2914/2290/2781 2915/2291/2782 2912/2288/2779
f 2913/2289/2780 2912/2288/2779 2915/2291/2782
f 2912/2288/2779 2916/2292/2783 2914/2290/2781
f 2916/2292/2783 2912/2288/2779 2911/2287/2778
f 2917/2293/2784 2911/2287/2778 2910/2286/2777
f 2911/2287/2778 2917/2293/2784 2916/2292/2783
f 2910/2286/2777 2918/2294/2785 2917/2293/2784
f 2918/2294/2785 2910/2286/2777 2901/2277/2768
f 2901/2277/2768 2919/2295/2786 2918/2294/2785
f 2894/2270/2761 2920/2296/2787 2901/2277/2768
f 2920/2296/2787 2919/2295/2786 2901/2277/2768
f 2915/2291/2782 2921/2297/2788 2913/2289/2780
f 2913/2289/2780 2921/2297/2788 2903/2279/2770
f 2921/2297/2788 2922/2298/2789 2903/2279/2770
f 2922/2298/2789 2921/2297/2788 2915/2291/2782
f 2915/2291/2782 2914/2290/2781 2923/2299/2790
f 2915/2291/2782 2924/2300/2791 2922/2298/2789
f 2923/2299/2790 2924/2300/2791 2915/2291/2782
f 2922/2298/2789 2924/2300/2791 2925/2301/2792
f 2925/2301/2792 2926/2302/2793 2922/2298/2789
f 2922/2298/2789 2926/2302/2793 2903/2279/2770
f 2924/2300/2791 2923/2299/2790 2927/2303/2794
f 2927/2303/2794 2925/2301/2792 2924/2300/2791
f 2928/2304/2795 2929/2305/2796 2930/2306/2797
f 2930/2306/2797 2931/2307/2798 2903/2279/2770
f 2931/2307/2798 2904/2280/2771 2903/2279/2770
f 2904/2280/2771 2931/2307/2798 2905/2281/2772
f 2929/2305/2796 2905/2281/2772 2931/2307/2798
f 2931/2307/2798 2930/2306/2797 2929/2305/2796
f 2903/2279/2770 2932/2308/2799 2930/2306/2797
f 2930/2306/2797 2932/2308/2799 2928/2304/2795
f 2903/2279/2770 2933/2309/2800 2932/2308/2799
f 2903/2279/2770 2934/2310/2801 2933/2309/2800
f 2935/2311/2802 2934/2310/2801 2903/2279/2770
f 2903/2279/2770 2936/2312/2803 2935/2311/2802
f 2935/2311/2802 2936/2312/2803 2937/2313/2804
f 2934/2310/2801 2935/2311/2802 2938/2314/2805
f 2937/2313/2804 2938/2314/2805 2935/2311/2802
f 2938/2314/2805 2939/2315/2806 2934/2310/2801
f 2933/2309/2800 2934/2310/2801 2939/2315/2806
f 2939/2315/2806 2940/2316/2807 2933/2309/2800
f 2940/2316/2807 2928/2304/2795 2932/2308/2799
f 2932/2308/2799 2933/2309/2800 2940/2316/2807
f 2903/2279/2770 2941/2317/2808 2936/2312/2803
f 2936/2312/2803 2941/2317/2808 2942/2318/2809
f 2942/2318/2809 2937/2313/2804 2936/2312/2803
f 2938/2314/2805 2937/2313/2804 2943/2319/2810
f 2939/2315/2806 2938/2314/2805 2944/2320/2811
f 2943/2319/2810 2944/2320/2811 2938/2314/2805
f 2945/2321/2812 2943/2319/2810 2937/2313/2804
f 2937/2313/2804 2942/2318/2809 2945/2321/2812
f 2946/2322/2813 2945/2321/2812 2942/2318/2809
f 2942/2318/2809 2947/2323/2814 2946/2322/2813
f 2947/2323/2814 2942/2318/2809 2941/2317/2808
f 2941/2317/2808 2948/2324/2815 2947/2323/2814
f 2948/2324/2815 2941/2317/2808 2903/2279/2770
f 2949/2325/2816 2895/2271/2762 2905/2281/2772
f 2905/2281/2772 2929/2305/2796 2949/2325/2816
f 2950/2326/2817 2949/2325/2816 2929/2305/2796
f 2929/2305/2796 2928/2304/2795 2950/2326/2817
f 2951/2327/2818 2950/2326/2817 2928/2304/2795
f 2928/2304/2795 2940/2316/2807 2951/2327/2818
f 2952/2328/2819 2951/2327/2818 2940/2316/2807
f 2940/2316/2807 2939/2315/2806 2952/2328/2819
f 2944/2320/2811 2952/2328/2819 2939/2315/2806
f 2953/2329/2820 2954/2330/2821 2955/2331/2822
f 2955/2331/2822 2956/2332/2823 2957/2333/2824
f 2958/2334/2825 2957/2333/2824 2956/2332/2823
f 2957/2333/2824 2959/2335/2826 2955/2331/2822
f 2955/2331/2822 2959/2335/2826 2953/2329/2820
f 2953/2329/2820 2959/2335/2826 2960/2336/2827
f 2960/2336/2827 2961/2337/2828 2953/2329/2820
f 2953/2329/2820 2961/2337/2828 2962/2338/2829
f 2962/2338/2829 2963/2339/2830 2953/2329/2820
f 2954/2330/2821 2953/2329/2820 2963/2339/2830
f 2963/2339/2830 2964/2340/2831 2954/2330/2821
f 2965/2341/2832 2954/2330/2821 2964/2340/2831
f 2964/2340/2831 2966/2342/2833 2965/2341/2832
f 2959/2335/2826 2957/2333/2824 2967/2343/2834
f 2967/2343/2834 2960/2336/2827 2959/2335/2826
f 2968/2344/2835 2967/2343/2834 2957/2333/2824
f 2957/2333/2824 2958/2334/2825 2968/2344/2835
f 2969/2345/2836 2968/2344/2835 2958/2334/2825
f 2958/2334/2825 2970/2346/2837 2969/2345/2836
f 2971/2347/2838 2969/2345/2836 2970/2346/2837
f 2970/2346/2837 2972/2348/2839 2971/2347/2838
f 2973/2349/2840 2974/2350/2841 2975/2351/2842
f 2976/2352/2843 2975/2351/2842 2974/2350/2841
f 2974/2350/2841 2977/2353/2844 2976/2352/2843
f 2976/2352/2843 2977/2353/2844 2978/2354/2845
f 2972/2348/2839 2978/2354/2845 2977/2353/2844
f 2972/2348/2839 2970/2346/2837 2979/2355/2846
f 2979/2355/2846 2978/2354/2845 2972/2348/2839
f 2980/2356/2847 2979/2355/2846 2970/2346/2837
f 2956/2332/2823 2980/2356/2847 2958/2334/2825
f 2970/2346/2837 2958/2334/2825 2980/2356/2847
f 2954/2330/2821 2965/2341/2832 2981/2357/2848
f 2981/2357/2848 2955/2331/2822 2954/2330/2821
f 2980/2356/2847 2956/2332/2823 2982/2358/2849
f 2982/2358/2849 2956/2332/2823 2955/2331/2822
f 2955/2331/2822 2981/2357/2848 2982/2358/2849
f 2979/2355/2846 2980/2356/2847 2983/2359/2850
f 2982/2358/2849 2983/2359/2850 2980/2356/2847
f 2978/2354/2845 2979/2355/2846 2984/2360/2851
f 2983/2359/2850 2984/2360/2851 2979/2355/2846
f 2984/2360/2851 2985/2361/2852 2978/2354/2845
f 2978/2354/2845 2985/2361/2852 2976/2352/2843
f 2986/2362/2853 2987/2338/2854 2988/2337/2855
f 2988/2337/2855 2989/2363/2856 2986/2362/2853
f 2986/2362/2853 2989/2363/2856 2990/2364/2857
f 2991/2365/2858 2989/2363/2856 2988/2337/2855
f 2988/2337/2855 2992/2336/2827 2991/2365/2858
f 2993/2366/2859 2991/2365/2858 2992/2336/2827
f 2992/2336/2827 2994/2343/2834 2993/2366/2859
f 2993/2366/2859 2994/2343/2834 2995/2344/2860
f 2995/2344/2860 2996/2367/2861 2993/2366/2859
f 2997/2368/2862 2996/2367/2861 2995/2344/2860
f 2995/2344/2860 2998/2345/2836 2997/2368/2862
f 2999/2369/2863 2997/2368/2862 2998/2345/2836
f 2998/2345/2836 3000/2347/2864 2999/2369/2863
f 3001/2370/2650 2989/2363/2856 2991/2365/2858
f 3002/2371/2865 2989/2363/2856 3001/2370/2650
f 2991/2365/2858 3003/2372/2651 3001/2370/2650
f 3003/2372/2651 2991/2365/2858 2993/2366/2859
f 3004/2373/2866 2993/2366/2859 2996/2367/2861
f 2993/2366/2859 3004/2373/2866 3003/2372/2651
f 3005/2374/2867 2996/2367/2861 2997/2368/2862
f 2996/2367/2861 3005/2374/2867 3004/2373/2866
f 2997/2368/2862 3006/2375/2868 3005/2374/2867
f 3006/2375/2868 2997/2368/2862 2999/2369/2863
f 2999/2369/2863 3007/2376/2869 3006/2375/2868
f 3008/2377/2870 2999/2369/2863 3000/2347/2864
f 3007/2376/2869 2999/2369/2863 3008/2377/2870
f 3000/2347/2864 3009/2378/2871 3008/2377/2870
f 3009/2378/2871 3010/2379/2872 3008/2377/2870
f 3010/2379/2872 3009/2378/2871 3011/2380/2873
f 3011/2380/2873 3012/2381/2874 3010/2379/2872
f 3012/2381/2874 3011/2380/2873 3013/2382/2875
f 3013/2382/2875 3014/2383/2876 3012/2381/2874
f 3014/2383/2876 3013/2382/2875 3015/2384/2877
f 3008/2377/2870 3016/2385/2878 3007/2376/2869
f 3017/2386/2879 3018/2387/2880 3019/2388/2781
f 3019/2388/2781 3020/2389/2881 3017/2386/2879
f 3021/2390/2882 3020/2389/2881 3019/2388/2781
f 3015/2384/2877 3021/2390/2882 3014/2383/2876
f 3014/2383/2876 3021/2390/2882 3022/2391/2883
f 3019/2388/2781 3022/2391/2883 3021/2390/2882
f 3012/2381/2874 3014/2383/2876 3023/2392/2884
f 3022/2391/2883 3023/2392/2884 3014/2383/2876
f 3023/2392/2884 3024/2393/2885 3012/2381/2874
f 3012/2381/2874 3024/2393/2885 3025/2394/2886
f 3025/2394/2886 3010/2379/2872 3012/2381/2874
f 3010/2379/2872 3025/2394/2886 3026/2395/2887
f 3026/2395/2887 3008/2377/2870 3010/2379/2872
f 3021/2390/2882 3015/2384/2877 3027/2396/2888
f 3027/2396/2888 3020/2389/2881 3021/2390/2882
f 3020/2389/2881 3027/2396/2888 3028/2397/2889
f 3028/2397/2889 3017/2386/2879 3020/2389/2881
f 3029/2398/2890 3017/2386/2879 3028/2397/2889
f 3030/2207/2891 3031/2206/2892 3032/2198/2893
f 3033/2197/2690 3034/2399/2894 3032/2198/2893
f 3035/2400/2895 3032/2198/2893 3034/2399/2894
f 3032/2198/2893 3035/2400/2895 3030/2207/2891
f 3036/2401/2896 3030/2207/2891 3035/2400/2895
f 3030/2207/2891 3036/2401/2896 3037/2209/2897
f 3038/2402/2898 3037/2209/2897 3036/2401/2896
f 3037/2209/2897 3038/2402/2898 3039/2215/2899
f 3039/2215/2899 3038/2402/2898 3040/2164/2900
f 3040/2164/2900 3041/2403/2901 3039/2215/2899
f 3039/2215/2899 3041/2403/2901 3042/2404/2902
f 3034/2399/2894 3043/2405/2903 3035/2400/2895
f 3044/2166/2904 3040/2164/2900 3038/2402/2898
f 3038/2402/2898 3045/2406/2905 3044/2166/2904
f 3036/2401/2896 3045/2406/2905 3038/2402/2898
f 3045/2406/2905 3036/2401/2896 3046/2407/2906
f 3046/2407/2906 3035/2400/2895 3043/2405/2903
f 3035/2400/2895 3046/2407/2906 3036/2401/2896
f 3043/2405/2903 3047/2408/2907 3046/2407/2906
f 3046/2407/2906 3048/2409/2908 3045/2406/2905
f 3048/2409/2908 3046/2407/2906 3047/2408/2907
f 3047/2408/2907 3049/2410/2909 3048/2409/2908
f 3050/2168/2910 3044/2166/2904 3045/2406/2905
f 3045/2406/2905 3048/2409/2908 3050/2168/2910
f 3050/2168/2910 3048/2409/2908 3049/2410/2909
f 3049/2410/2909 3051/2170/2911 3050/2168/2910
f 3052/2189/2912 3053/2188/1670 3054/2190/2683
f 3053/2188/1670 3052/2189/2912 3055/2178/2913
f 3055/2178/2913 3056/2187/2914 3053/2188/1670
f 3057/2191/2915 3055/2178/2913 3052/2189/2912
f 3054/2190/2683 3033/2197/2690 3058/2196/2916
f 3058/2196/2916 3032/2198/2893 3031/2206/2892
f 3032/2198/2893 3058/2196/2916 3033/2197/2690
f 3058/2196/2916 3059/2199/2917 3054/2190/2683
f 3054/2190/2683 3059/2199/2917 3052/2189/2912
f 3060/2200/2918 3052/2189/2912 3059/2199/2917
f 3052/2189/2912 3060/2200/2918 3057/2191/2915
f 3061/2201/2919 3057/2191/2915 3060/2200/2918
f 3057/2191/2915 3061/2201/2919 3062/2411/2920
f 3062/2411/2920 3063/2180/2921 3057/2191/2915
f 3055/2178/2913 3057/2191/2915 3063/2180/2921
f 3063/2180/2921 3064/2179/2922 3055/2178/2913
f 3056/2187/2914 3055/2178/2913 3064/2179/2922
f 3064/2179/2922 3065/2186/2923 3056/2187/2914
f 3059/2199/2917 3066/2204/2924 3060/2200/2918
f 3066/2204/2924 3059/2199/2917 3058/2196/2916
f 3058/2196/2916 3067/2205/2925 3066/2204/2924
f 3068/2210/2926 3066/2204/2924 3067/2205/2925
f 3031/2206/2892 3067/2205/2925 3058/2196/2916
f 3066/2204/2924 3068/2210/2926 3069/2203/2927
f 3060/2200/2918 3069/2203/2927 3061/2201/2919
f 3069/2203/2927 3060/2200/2918 3066/2204/2924
f 3069/2203/2927 3068/2210/2926 3070/2412/2928
f 3071/2413/2929 3070/2412/2928 3068/2210/2926
f 3068/2210/2926 3072/2414/2930 3071/2413/2929
f 3067/2205/2925 3072/2414/2930 3068/2210/2926
f 3072/2414/2930 3067/2205/2925 3031/2206/2892
f 3073/2222/2931 3074/2415/2932 3075/2220/2933
f 3076/2416/2934 3075/2220/2933 3074/2415/2932
f 3071/2413/2929 3072/2414/2930 3076/2416/2934
f 3074/2415/2932 3077/2417/2935 3076/2416/2934
f 3076/2416/2934 3077/2417/2935 3071/2413/2929
f 3078/2418/2936 3076/2416/2934 3072/2414/2930
f 3031/2206/2892 3078/2418/2936 3072/2414/2930
f 3037/2209/2897 3079/2419/2937 3030/2207/2891
f 3079/2419/2937 3078/2418/2936 3031/2206/2892
f 3031/2206/2892 3030/2207/2891 3079/2419/2937
f 3080/2213/2938 3075/2220/2933 3076/2416/2934
f 3078/2418/2936 3080/2213/2938 3076/2416/2934
f 3080/2213/2938 3079/2419/2937 3037/2209/2897
f 3078/2418/2936 3079/2419/2937 3080/2213/2938
f 3075/2220/2933 3081/2221/2939 3073/2222/2931
f 3081/2221/2939 3075/2220/2933 3080/2213/2938
f 3073/2222/2931 3081/2221/2939 3082/2223/2940
f 3037/2209/2897 3083/2420/2941 3080/2213/2938
f 3039/2215/2899 3083/2420/2941 3037/2209/2897
f 3080/2213/2938 3083/2420/2941 3081/2221/2939
f 3084/2421/2942 3082/2223/2940 3081/2221/2939
f 3081/2221/2939 3083/2420/2941 3084/2421/2942
f 3084/2421/2942 3083/2420/2941 3039/2215/2899
f 3082/2223/2940 3084/2421/2942 3085/2422/2943
f 3085/2422/2943 3086/2225/2944 3082/2223/2940
f 3086/2225/2944 3085/2422/2943 3087/2423/2945
f 3087/2423/2945 3088/2424/2946 3086/2225/2944
f 3087/2423/2945 3085/2422/2943 3089/2425/2947
f 3089/2425/2947 3085/2422/2943 3084/2421/2942
f 3089/2425/2947 3090/2426/2948 3087/2423/2945
f 3084/2421/2942 3091/2427/2949 3089/2425/2947
f 3039/2215/2899 3091/2427/2949 3084/2421/2942
f 3042/2404/2902 3091/2427/2949 3039/2215/2899
f 3091/2427/2949 3042/2404/2902 3092/2428/2950
f 3092/2428/2950 3089/2425/2947 3091/2427/2949
f 3089/2425/2947 3092/2428/2950 3093/2429/2951
f 3093/2429/2951 3090/2426/2948 3089/2425/2947
f 3090/2426/2948 3093/2429/2951 3094/2149/2952
f 3094/2149/2952 3095/2430/2953 3090/2426/2948
f 3090/2426/2948 3095/2430/2953 3096/2431/2954
f 3096/2431/2954 3087/2423/2945 3090/2426/2948
f 3097/2432/2955 3088/2424/2946 3087/2423/2945
f 3087/2423/2945 3096/2431/2954 3097/2432/2955
f 3098/2433/2956 3088/2424/2946 3097/2432/2955
f 3086/2225/2944 3088/2424/2946 3098/2433/2956
f 3098/2433/2956 3099/2434/2957 3086/2225/2944
f 3082/2223/2940 3086/2225/2944 3099/2434/2957
f 3099/2434/2957 3100/2435/2958 3082/2223/2940
f 3082/2223/2940 3100/2435/2958 3073/2222/2931
f 3074/2415/2932 3073/2222/2931 3101/2436/2959
f 3101/2436/2959 3073/2222/2931 3100/2435/2958
f 3077/2417/2935 3074/2415/2932 3102/2437/2960
f 3101/2436/2959 3102/2437/2960 3074/2415/2932
f 3099/2434/2957 3103/2438/2961 3100/2435/2958
f 3100/2435/2958 3103/2438/2961 3101/2436/2959
f 3099/2434/2957 3098/2433/2956 3104/2439/2962
f 3104/2439/2962 3103/2438/2961 3099/2434/2957
f 3102/2437/2960 3105/2440/2963 3077/2417/2935
f 3105/2440/2963 3071/2413/2929 3077/2417/2935
f 3106/2229/2964 3070/2412/2928 3071/2413/2929
f 3071/2413/2929 3105/2440/2963 3106/2229/2964
f 3070/2412/2928 3107/2230/2965 3069/2203/2927
f 3107/2230/2965 3070/2412/2928 3106/2229/2964
f 3108/2441/2966 3061/2201/2919 3069/2203/2927
f 3069/2203/2927 3107/2230/2965 3108/2441/2966
f 3109/2442/2967 3062/2411/2920 3061/2201/2919
f 3061/2201/2919 3108/2441/2966 3109/2442/2967
f 3106/2229/2964 3110/2232/2968 3107/2230/2965
f 3110/2232/2968 3108/2441/2966 3107/2230/2965
f 3108/2441/2966 3110/2232/2968 3111/2443/2969
f 3111/2443/2969 3109/2442/2967 3108/2441/2966
f 3112/2234/2970 3109/2442/2967 3111/2443/2969
f 3113/2444/2971 3062/2411/2920 3109/2442/2967
f 3063/2180/2921 3062/2411/2920 3113/2444/2971
f 3109/2442/2967 3112/2234/2970 3113/2444/2971
f 3114/2194/2972 3113/2444/2971 3112/2234/2970
f 3064/2179/2922 3063/2180/2921 3115/2181/2973
f 3115/2181/2973 3113/2444/2971 3114/2194/2972
f 3113/2444/2971 3115/2181/2973 3063/2180/2921
f 3114/2194/2972 3116/2183/2974 3115/2181/2973
f 3115/2181/2973 3117/2182/2975 3064/2179/2922
f 3117/2182/2975 3115/2181/2973 3116/2183/2974
f 3065/2186/2923 3064/2179/2922 3117/2182/2975
f 3112/2234/2970 3118/2236/2976 3114/2194/2972
f 3111/2443/2969 3119/2235/2977 3112/2234/2970
f 3118/2236/2976 3112/2234/2970 3119/2235/2977
f 3119/2235/2977 3120/2445/2978 3118/2236/2976
f 3117/2182/2975 3121/2185/2679 3065/2186/2923
f 3117/2182/2975 3116/2183/2974 3122/2184/2979
f 3122/2184/2979 3121/2185/2679 3117/2182/2975
f 3123/2195/2980 3116/2183/2974 3114/2194/2972
f 3122/2184/2979 3116/2183/2974 3123/2195/2980
f 3114/2194/2972 3124/2246/2981 3123/2195/2980
f 3124/2246/2981 3114/2194/2972 3118/2236/2976
f 3118/2236/2976 3125/2238/2982 3124/2246/2981
f 3125/2238/2982 3118/2236/2976 3120/2445/2978
f 3120/2445/2978 3126/2239/2983 3125/2238/2982
f 3127/2240/2984 3125/2238/2982 3126/2239/2983
f 3126/2239/2983 3128/2446/2985 3127/2240/2984
f 3127/2240/2984 3128/2446/2985 3129/2447/2986
f 3123/2195/2980 3130/2251/2987 3122/2184/2979
f 3131/2250/2988 3123/2195/2980 3124/2246/2981
f 3130/2251/2987 3123/2195/2980 3131/2250/2988
f 3125/2238/2982 3127/2240/2984 3132/2247/2989
f 3132/2247/2989 3124/2246/2981 3125/2238/2982
f 3124/2246/2981 3132/2247/2989 3131/2250/2988
f 3133/2248/2990 3132/2247/2989 3127/2240/2984
f 3129/2447/2986 3134/2243/2991 3127/2240/2984
f 3127/2240/2984 3134/2243/2991 3133/2248/2990
f 3135/2249/2992 3133/2248/2990 3134/2243/2991
f 3134/2243/2991 3136/2245/2993 3135/2249/2992
f 3137/2256/2994 3138/2255/2746 3135/2249/2992
f 3133/2248/2990 3135/2249/2992 3138/2255/2746
f 3138/2255/2746 3139/2254/2995 3133/2248/2990
f 3140/2253/2996 3132/2247/2989 3133/2248/2990
f 3131/2250/2988 3132/2247/2989 3140/2253/2996
f 3133/2248/2990 3139/2254/2995 3140/2253/2996
f 3131/2250/2988 3141/2252/2997 3130/2251/2987
f 3140/2253/2996 3141/2252/2997 3131/2250/2988
f 3134/2243/2991 3129/2447/2986 3142/2244/2998
f 3142/2244/2998 3136/2245/2993 3134/2243/2991
f 3143/2261/2999 3136/2245/2993 3142/2244/2998
f 3135/2249/2992 3136/2245/2993 3143/2261/2999
f 3143/2261/2999 3144/2257/3000 3135/2249/2992
f 3135/2249/2992 3144/2257/3000 3137/2256/2994
f 3145/2258/3001 3137/2256/2994 3144/2257/3000
f 3144/2257/3000 3146/2259/3002 3145/2258/3001
f 3147/2260/3003 3146/2259/3002 3144/2257/3000
f 3144/2257/3000 3143/2261/2999 3147/2260/3003
f 3147/2260/3003 3143/2261/2999 3148/2448/3004
f 3142/2244/2998 3148/2448/3004 3143/2261/2999
f 3147/2260/3003 3148/2448/3004 3149/2263/3005
f 3150/2449/2724 3151/2450/3006 3152/2451/3007
f 3152/2451/3007 3153/2452/3008 3150/2449/2724
f 3154/2453/3009 3150/2449/2724 3153/2452/3008
f 3155/2454/3010 3156/2455/3011 3154/2453/3009
f 3153/2452/3008 3157/2456/3012 3154/2453/3009
f 3154/2453/3009 3157/2456/3012 3155/2454/3010
f 3153/2452/3008 3158/2457/3013 3157/2456/3012
f 3155/2454/3010 3157/2456/3012 3158/2457/3013
f 3153/2452/3008 3152/2451/3007 3158/2457/3013
f 3159/2458/3014 3152/2451/3007 3151/2450/3006
f 3152/2451/3007 3159/2458/3014 3158/2457/3013
f 3151/2450/3006 3160/2459/3015 3159/2458/3014
f 3159/2458/3014 3160/2459/3015 3161/2460/3016
f 3159/2458/3014 3162/2461/3017 3158/2457/3013
f 3161/2460/3016 3162/2461/3017 3159/2458/3014
f 3158/2457/3013 3162/2461/3017 3163/2462/3018
f 3158/2457/3013 3164/2463/3019 3165/2464/3020
f 3155/2454/3010 3158/2457/3013 3166/2465/3021
f 3156/2455/3011 3155/2454/3010 3166/2465/3021
f 3165/2464/3020 3166/2465/3021 3158/2457/3013
f 3167/2466/3022 3168/2467/3023 3158/2457/3013
f 3168/2467/3023 3169/2468/3024 3158/2457/3013
f 3169/2468/3024 3164/2463/3019 3158/2457/3013
f 3170/2469/3025 3164/2463/3019 3169/2468/3024
f 3164/2463/3019 3170/2469/3025 3171/2470/3026
f 3171/2470/3026 3165/2464/3020 3164/2463/3019
f 3172/2471/3027 3166/2465/3021 3165/2464/3020
f 3165/2464/3020 3171/2470/3026 3172/2471/3027
f 3166/2465/3021 3172/2471/3027 3156/2455/3011
f 3168/2467/3023 3167/2466/3022 3173/2472/3028
f 3169/2468/3024 3168/2467/3023 3174/2473/3029
f 3173/2472/3028 3174/2473/3029 3168/2467/3023
f 3174/2473/3029 3175/2474/3030 3169/2468/3024
f 3169/2468/3024 3175/2474/3030 3170/2469/3025
f 3176/2475/3031 3177/2476/3032 3158/2457/3013
f 3178/2477/3033 3177/2476/3032 3176/2475/3031
f 3177/2476/3032 3178/2477/3033 3179/2478/3034
f 3177/2476/3032 3180/2479/3035 3158/2457/3013
f 3179/2478/3034 3180/2479/3035 3177/2476/3032
f 3180/2479/3035 3179/2478/3034 3181/2480/3036
f 3180/2479/3035 3182/2481/3037 3158/2457/3013
f 3181/2480/3036 3182/2481/3037 3180/2479/3035
f 3182/2481/3037 3181/2480/3036 3183/2482/3038
f 3184/2483/3039 3167/2466/3022 3158/2457/3013
f 3173/2472/3028 3167/2466/3022 3184/2483/3039
f 3183/2482/3038 3184/2483/3039 3182/2481/3037
f 3184/2483/3039 3183/2482/3038 3173/2472/3028
f 3182/2481/3037 3184/2483/3039 3158/2457/3013
f 3185/2484/3040 3186/2485/3041 3158/2457/3013
f 3187/2486/3042 3185/2484/3040 3158/2457/3013
f 3188/2487/3043 3186/2485/3041 3185/2484/3040
f 3185/2484/3040 3189/2488/3044 3188/2487/3043
f 3186/2485/3041 3190/2489/3045 3158/2457/3013
f 3190/2489/3045 3186/2485/3041 3188/2487/3043
f 3190/2489/3045 3191/2490/3046 3158/2457/3013
f 3191/2490/3046 3192/2491/3047 3158/2457/3013
f 3192/2491/3047 3193/2492/3048 3158/2457/3013
f 3188/2487/3043 3194/2493/3049 3190/2489/3045
f 3195/2494/3050 3191/2490/3046 3190/2489/3045
f 3190/2489/3045 3194/2493/3049 3195/2494/3050
f 3191/2490/3046 3195/2494/3050 3196/2495/3051
f 3196/2495/3051 3192/2491/3047 3191/2490/3046
f 3192/2491/3047 3196/2495/3051 3197/2496/3052
f 3197/2496/3052 3193/2492/3048 3192/2491/3047
f 3198/2497/3053 3176/2475/3031 3158/2457/3013
f 3198/2497/3053 3193/2492/3048 3197/2496/3052
f 3193/2492/3048 3198/2497/3053 3158/2457/3013
f 3197/2496/3052 3199/2498/3054 3198/2497/3053
f 3176/2475/3031 3198/2497/3053 3199/2498/3054
f 3176/2475/3031 3200/2499/3055 3178/2477/3033
f 3199/2498/3054 3200/2499/3055 3176/2475/3031
f 3201/2500/3056 3202/2297/3057 3203/2501/3058
f 3204/2502/3059 3205/2290/3060 3201/2500/3056
f 3201/2500/3056 3206/2300/3061 3204/2502/3059
f 3203/2501/3058 3206/2300/3061 3201/2500/3056
f 3207/2503/2792 3206/2300/3061 3203/2501/3058
f 3203/2501/3058 3208/2504/2793 3207/2503/2792
f 3203/2501/3058 3209/2279/2770 3208/2504/2793
f 3202/2297/3057 3209/2279/2770 3203/2501/3058
f 3210/2289/3062 3202/2297/3057 3201/2500/3056
f 3210/2289/3062 3209/2279/2770 3202/2297/3057
f 3201/2500/3056 3211/2288/3063 3210/2289/3062
f 3211/2288/3063 3201/2500/3056 3205/2290/3060
f 3206/2300/3061 3207/2503/2792 3212/2505/3064
f 3212/2505/3064 3204/2502/3059 3206/2300/3061
f 3213/2506/3065 3210/2289/3062 3211/2288/3063
f 3214/2282/3066 3209/2279/2770 3213/2506/3065
f 3213/2506/3065 3209/2279/2770 3210/2289/3062
f 3215/2284/3067 3209/2279/2770 3214/2282/3066
f 3216/2285/3068 3209/2279/2770 3215/2284/3067
f 3217/2278/3069 3209/2279/2770 3216/2285/3068
f 3217/2278/3069 3216/2285/3068 3218/2507/3070
f 3219/2508/3071 3218/2507/3070 3216/2285/3068
f 3216/2285/3068 3215/2284/3067 3219/2508/3071
f 3215/2284/3067 3214/2282/3066 3220/2286/3072
f 3220/2286/3072 3219/2508/3071 3215/2284/3067
f 3221/2509/3073 3220/2286/3072 3214/2282/3066
f 3214/2282/3066 3213/2506/3065 3221/2509/3073
f 3211/2288/3063 3221/2509/3073 3213/2506/3065
f 3205/2290/3060 3222/2292/3074 3211/2288/3063
f 3221/2509/3073 3211/2288/3063 3222/2292/3074
f 3222/2292/3074 3223/2293/3075 3221/2509/3073
f 3220/2286/3072 3221/2509/3073 3223/2293/3075
f 3223/2293/3075 3224/2294/3076 3220/2286/3072
f 3219/2508/3071 3220/2286/3072 3224/2294/3076
f 3224/2294/3076 3225/2295/3077 3219/2508/3071
f 3226/2296/3078 3219/2508/3071 3225/2295/3077
f 3219/2508/3071 3226/2296/3078 3227/2270/3079
f 3227/2270/3079 3218/2507/3070 3219/2508/3071
f 3228/2510/3080 3218/2507/3070 3227/2270/3079
f 3218/2507/3070 3228/2510/3080 3217/2278/3069
f 3229/2275/3081 3209/2279/2770 3217/2278/3069
f 3229/2275/3081 3217/2278/3069 3228/2510/3080
f 3230/2274/3082 3209/2279/2770 3229/2275/3081
f 3231/2280/3083 3209/2279/2770 3230/2274/3082
f 3232/2273/3084 3231/2280/3083 3230/2274/3082
f 3231/2280/3083 3232/2273/3084 3233/2281/3085
f 3234/2271/3086 3233/2281/3085 3232/2273/3084
f 3232/2273/3084 3235/2511/3087 3234/2271/3086
f 3236/2265/3088 3235/2511/3087 3232/2273/3084
f 3232/2273/3084 3237/2264/3089 3236/2265/3088
f 3230/2274/3082 3237/2264/3089 3232/2273/3084
f 3228/2510/3080 3238/2267/3090 3229/2275/3081
f 3230/2274/3082 3229/2275/3081 3238/2267/3090
f 3238/2267/3090 3237/2264/3089 3230/2274/3082
f 3227/2270/3079 3239/2268/3091 3228/2510/3080
f 3238/2267/3090 3228/2510/3080 3239/2268/3091
f 3240/2512/3092 3236/2265/3088 3237/2264/3089
f 3239/2268/3091 3240/2512/3092 3238/2267/3090
f 3237/2264/3089 3238/2267/3090 3240/2512/3092
f 3233/2281/3085 3234/2271/3086 3241/2513/3093
f 3241/2513/3093 3242/2305/3094 3233/2281/3085
f 3242/2305/3094 3241/2513/3093 3243/2326/3095
f 3243/2326/3095 3244/2514/3096 3242/2305/3094
f 3244/2514/3096 3243/2326/3095 3245/2515/3097
f 3245/2515/3097 3246/2316/3098 3244/2514/3096
f 3246/2316/3098 3245/2515/3097 3247/2516/3099
f 3247/2516/3099 3248/2315/3100 3246/2316/3098
f 3248/2315/3100 3247/2516/3099 3249/2320/3101
f 3249/2320/3101 3250/2517/3102 3248/2315/3100
f 3209/2279/2770 3251/2518/3102 3252/2312/3103
f 3253/2313/3104 3252/2312/3103 3251/2518/3102
f 3251/2518/3102 3250/2517/3102 3253/2313/3104
f 3251/2518/3102 3209/2279/2770 3254/2310/3105
f 3254/2310/3105 3248/2315/3100 3250/2517/3102
f 3250/2517/3102 3251/2518/3102 3254/2310/3105
f 3248/2315/3100 3254/2310/3105 3255/2309/3106
f 3209/2279/2770 3255/2309/3106 3254/2310/3105
f 3255/2309/3106 3246/2316/3098 3248/2315/3100
f 3256/2519/3107 3244/2514/3096 3246/2316/3098
f 3246/2316/3098 3255/2309/3106 3256/2519/3107
f 3209/2279/2770 3256/2519/3107 3255/2309/3106
f 3209/2279/2770 3257/2306/3108 3256/2519/3107
f 3257/2306/3108 3242/2305/3094 3244/2514/3096
f 3244/2514/3096 3256/2519/3107 3257/2306/3108
f 3258/2307/3109 3233/2281/3085 3242/2305/3094
f 3257/2306/3108 3209/2279/2770 3258/2307/3109
f 3233/2281/3085 3258/2307/3109 3231/2280/3083
f 3258/2307/3109 3209/2279/2770 3231/2280/3083
f 3242/2305/3094 3257/2306/3108 3258/2307/3109
f 3250/2517/3102 3249/2320/3101 3259/2520/3110
f 3259/2520/3110 3253/2313/3104 3250/2517/3102
f 3253/2313/3104 3259/2520/3110 3260/2321/3111
f 3260/2321/3111 3261/2521/3112 3253/2313/3104
f 3252/2312/3103 3253/2313/3104 3261/2521/3112
f 3261/2521/3112 3260/2321/3111 3262/2522/500
f 3262/2522/500 3263/2523/2814 3261/2521/3112
f 3261/2521/3112 3264/2317/3113 3252/2312/3103
f 3209/2279/2770 3252/2312/3103 3264/2317/3113
f 3264/2317/3113 3261/2521/3112 3263/2523/2814
f 3263/2523/2814 3265/2524/3114 3264/2317/3113
f 3265/2524/3114 3209/2279/2770 3264/2317/3113
f 3266/2525/3115 3187/2486/3042 3158/2457/3013
f 3267/2526/3116 3268/2527/3117 3266/2525/3115
f 3187/2486/3042 3266/2525/3115 3268/2527/3117
f 3269/2528/3118 3266/2525/3115 3158/2457/3013
f 3163/2462/3018 3269/2528/3118 3158/2457/3013
f 3266/2525/3115 3269/2528/3118 3267/2526/3116
f 3162/2461/3017 3161/2460/3016 3270/2529/3119
f 3270/2529/3119 3267/2526/3116 3269/2528/3118
f 3270/2529/3119 3163/2462/3018 3162/2461/3017
f 3269/2528/3118 3163/2462/3018 3270/2529/3119
f 3185/2484/3040 3187/2486/3042 3271/2530/3120
f 3268/2527/3117 3271/2530/3120 3187/2486/3042
f 3271/2530/3120 3189/2488/3044 3185/2484/3040
f 3272/2531/3121 3273/2377/3122 3274/2395/3123
f 3274/2395/3123 3275/2394/3124 3272/2531/3121
f 3276/2381/3125 3272/2531/3121 3275/2394/3124
f 3275/2394/3124 3277/2393/3126 3276/2381/3125
f 3276/2381/3125 3277/2393/3126 3278/2392/3127
f 3278/2392/3127 3279/2383/3128 3276/2381/3125
f 3279/2383/3128 3278/2392/3127 3280/2391/3129
f 3280/2391/3129 3281/2390/3130 3279/2383/3128
f 3281/2390/3130 3280/2391/3129 3282/2388/3131
f 3282/2388/3131 3283/2389/3132 3281/2390/3130
f 3284/2386/3133 3283/2389/3132 3282/2388/3131
f 3282/2388/3131 3285/2387/3134 3284/2386/3133
f 3279/2383/3128 3281/2390/3130 3286/2384/3135
f 3281/2390/3130 3283/2389/3132 3287/2396/3136
f 3287/2396/3136 3286/2384/3135 3281/2390/3130
f 3288/2397/3137 3287/2396/3136 3283/2389/3132
f 3283/2389/3132 3284/2386/3133 3288/2397/3137
f 3289/2398/3138 3288/2397/3137 3284/2386/3133
f 3290/2375/3139 3291/2376/3140 3292/2369/3141
f 3273/2377/3122 3292/2369/3141 3291/2376/3140
f 3293/2347/3142 3292/2369/3141 3273/2377/3122
f 3294/2378/3143 3273/2377/3122 3272/2531/3121
f 3273/2377/3122 3294/2378/3143 3293/2347/3142
f 3295/2380/3144 3294/2378/3143 3272/2531/3121
f 3272/2531/3121 3276/2381/3125 3295/2380/3144
f 3286/2384/3135 3296/2382/3145 3279/2383/3128
f 3276/2381/3125 3279/2383/3128 3296/2382/3145
f 3296/2382/3145 3295/2380/3144 3276/2381/3125
f 3291/2376/3140 3297/2385/3078 3273/2377/3122
f 2850/2226/2718 2852/2228/2720 3298/2437/3146
f 3298/2437/3146 2851/2227/2719 2850/2226/2718
f 3299/2436/3147 2846/2222/2714 2851/2227/2719
f 2848/2224/2716 2846/2222/2714 3299/2436/3147
f 2851/2227/2719 3298/2437/3146 3299/2436/3147
f 2848/2224/2716 3300/2434/3148 2849/2225/2717
f 2849/2225/2717 3300/2434/3148 3301/2433/3149
f 3302/2439/3150 3301/2433/3149 3300/2434/3148
f 3300/2434/3148 3303/2438/3151 3302/2439/3150
f 3299/2436/3147 3303/2438/3151 2848/2224/2716
f 3300/2434/3148 2848/2224/2716 3303/2438/3151
f 3301/2433/3149 3304/2424/3152 2849/2225/2717
f 3301/2433/3149 3305/2532/3153 3304/2424/3152
f 3306/2423/3154 3304/2424/3152 3305/2532/3153
f 2849/2225/2717 3304/2424/3152 3306/2423/3154
f 2847/2223/2715 2849/2225/2717 3307/2422/3155
f 3306/2423/3154 3307/2422/3155 2849/2225/2717
f 3308/2421/3156 2838/2214/2706 2845/2221/2713
f 2845/2221/2713 2847/2223/2715 3308/2421/3156
f 3307/2422/3155 3308/2421/3156 2847/2223/2715
f 2839/2215/2707 2838/2214/2706 3308/2421/3156
f 3305/2532/3153 3309/2533/3157 3306/2423/3154
f 3310/2427/3158 3308/2421/3156 3307/2422/3155
f 3308/2421/3156 3310/2427/3158 2839/2215/2707
f 3307/2422/3155 3311/2425/3159 3310/2427/3158
f 3311/2425/3159 3307/2422/3155 3306/2423/3154
f 3312/2426/3160 3306/2423/3154 3309/2533/3157
f 3306/2423/3154 3312/2426/3160 3311/2425/3159
f 3309/2533/3157 3313/2430/2829 3312/2426/3160
f 3312/2426/3160 3313/2430/2829 3314/2149/2853
f 3314/2149/2853 3315/2148/2642 3312/2426/3160
f 3311/2425/3159 3312/2426/3160 3315/2148/2642
f 3310/2427/3158 3311/2425/3159 3316/2153/2647
f 3315/2148/2642 3316/2153/2647 3311/2425/3159
f 2839/2215/2707 3310/2427/3158 3317/2154/3161
f 3316/2153/2647 3317/2154/3161 3310/2427/3158
f 3317/2154/3161 3318/2162/2656 2839/2215/2707
f 3319/2164/3162 2840/2216/2708 2839/2215/2707
f 2839/2215/2707 3318/2162/2656 3319/2164/3162
f 2840/2216/2708 3319/2164/3162 3320/2166/3163
f 3320/2166/3163 3321/2406/3164 2840/2216/2708
f 3322/2401/3165 2833/2209/2702 2840/2216/2708
f 2840/2216/2708 3321/2406/3164 3322/2401/3165
f 2833/2209/2702 3322/2401/3165 2831/2207/2700
f 3323/2407/3166 3322/2401/3165 3321/2406/3164
f 3321/2406/3164 3324/2409/3167 3323/2407/3166
f 3325/2400/3168 2831/2207/2700 3322/2401/3165
f 2831/2207/2700 3325/2400/3168 2822/2198/2691
f 3322/2401/3165 3323/2407/3166 3325/2400/3168
f 3321/2406/3164 3320/2166/3163 3326/2168/3169
f 3326/2168/3169 3324/2409/3167 3321/2406/3164
f 3327/2410/2909 3324/2409/3167 3326/2168/3169
f 3328/2408/3170 3323/2407/3166 3324/2409/3167
f 3324/2409/3167 3327/2410/2909 3328/2408/3170
f 3323/2407/3166 3328/2408/3170 3329/2405/2903
f 3329/2405/2903 3325/2400/3168 3323/2407/3166
f 3330/2399/2894 2822/2198/2691 3325/2400/3168
f 2822/2198/2691 3330/2399/2894 2821/2197/2690
f 3325/2400/3168 3329/2405/2903 3330/2399/2894
f 3326/2168/3169 3331/2170/3171 3327/2410/2909
f 3332/2357/3172 3333/2341/3173 3334/2330/3174
f 3335/2339/3175 3336/2329/3176 3334/2330/3174
f 3337/2340/3177 3334/2330/3174 3333/2341/3173
f 3334/2330/3174 3337/2340/3177 3335/2339/3175
f 3333/2341/3173 3338/2342/3178 3337/2340/3177
f 3334/2330/3174 3339/2331/3179 3332/2357/3172
f 3339/2331/3179 3334/2330/3174 3336/2329/3176
f 3340/2358/3180 3332/2357/3172 3339/2331/3179
f 3336/2329/3176 3341/2335/3181 3339/2331/3179
f 3339/2331/3179 3342/2332/3182 3340/2358/3180
f 3340/2358/3180 3342/2332/3182 3343/2356/3183
f 3339/2331/3179 3341/2335/3181 3344/2333/3184
f 3344/2333/3184 3342/2332/3182 3339/2331/3179
f 3345/2343/3185 3344/2333/3184 3341/2335/3181
f 3341/2335/3181 3346/2336/3186 3345/2343/3185
f 3346/2336/3186 3341/2335/3181 3336/2329/3176
f 3336/2329/3176 3347/2337/3187 3346/2336/3186
f 3336/2329/3176 3335/2339/3175 3348/2338/3188
f 3348/2338/3188 3347/2337/3187 3336/2329/3176
f 3349/2353/3189 3350/2354/3190 3351/2348/3191
f 3351/2348/3191 3350/2354/3190 3352/2355/3192
f 3353/2346/3193 3352/2355/3192 3343/2356/3183
f 3352/2355/3192 3353/2346/3193 3351/2348/3191
f 3343/2356/3183 3354/2334/3194 3353/2346/3193
f 3354/2334/3194 3343/2356/3183 3342/2332/3182
f 3342/2332/3182 3344/2333/3184 3354/2334/3194
f 3344/2333/3184 3345/2343/3185 3355/2344/3195
f 3355/2344/3195 3354/2334/3194 3344/2333/3184
f 3356/2345/3196 3353/2346/3193 3354/2334/3194
f 3354/2334/3194 3355/2344/3195 3356/2345/3196
f 3353/2346/3193 3356/2345/3196 3357/2347/3197
f 3357/2347/3197 3351/2348/3191 3353/2346/3193
f 3351/2348/3191 3358/2534/3198 3349/2353/3189
f 3359/2535/3199 3351/2348/3191 3357/2347/3197
f 3358/2534/3198 3351/2348/3191 3359/2535/3199
f 3357/2347/3197 3360/2378/3200 3359/2535/3199
f 3359/2535/3199 3360/2378/3200 3361/2536/3201
f 3362/2380/3202 3361/2536/3201 3360/2378/3200
f 3361/2536/3201 3362/2380/3202 3363/2537/3203
f 3363/2537/3203 3362/2380/3202 3364/2382/3204
f 3364/2382/3204 3365/2538/3205 3363/2537/3203
f 3365/2538/3205 3364/2382/3204 3366/2384/3206
f 3361/2536/3201 3367/2539/3207 3359/2535/3199
f 3363/2537/3203 3367/2539/3207 3361/2536/3201
f 3368/2540/3208 3369/2541/3209 3370/2542/3210
f 3370/2542/3210 3371/2543/3211 3368/2540/3208
f 3372/2544/3212 3368/2540/3208 3371/2543/3211
f 3366/2384/3206 3372/2544/3212 3365/2538/3205
f 3365/2538/3205 3372/2544/3212 3373/2545/3213
f 3371/2543/3211 3373/2545/3213 3372/2544/3212
f 3373/2545/3213 3374/2546/3214 3365/2538/3205
f 3363/2537/3203 3365/2538/3205 3374/2546/3214
f 3367/2539/3207 3363/2537/3203 3375/2547/3215
f 3374/2546/3214 3375/2547/3215 3363/2537/3203
f 3359/2535/3199 3367/2539/3207 3376/2548/3216
f 3376/2548/3216 3358/2534/3198 3359/2535/3199
f 3358/2534/3198 3376/2548/3216 3375/2547/3215
f 3375/2547/3215 3376/2548/3216 3367/2539/3207
f 3375/2547/3215 3377/2549/3217 3358/2534/3198
f 3349/2353/3189 3358/2534/3198 3377/2549/3217
f 3378/2550/3218 3377/2549/3217 3375/2547/3215
f 3375/2547/3215 3374/2546/3214 3378/2550/3218
f 3379/2551/3219 3373/2545/3213 3371/2543/3211
f 3374/2546/3214 3373/2545/3213 3379/2551/3219
f 3379/2551/3219 3378/2550/3218 3374/2546/3214
f 3380/2552/3220 3371/2543/3211 3370/2542/3210
f 3371/2543/3211 3380/2552/3220 3379/2551/3219
f 3370/2542/3210 3381/2553/3221 3380/2552/3220
f 3381/2553/3221 3382/2554/3222 3383/2555/3223
f 3383/2555/3223 3380/2552/3220 3381/2553/3221
f 3384/2556/3224 3379/2551/3219 3380/2552/3220
f 3380/2552/3220 3383/2555/3223 3384/2556/3224
f 3385/2349/3225 3378/2550/3218 3379/2551/3219
f 3379/2551/3219 3384/2556/3224 3385/2349/3225
f 3377/2549/3217 3386/2350/2132 3349/2353/3189
f 3378/2550/3218 3385/2349/3225 3386/2350/2132
f 3386/2350/2132 3377/2549/3217 3378/2550/3218
f 3387/2557/3226 3381/2553/3221 3370/2542/3210
f 3387/2557/3226 3382/2554/3222 3381/2553/3221
f 3382/2554/3222 3387/2557/3226 3388/2558/3227
f 3388/2558/3227 3389/2559/3228 3382/2554/3222
f 3383/2555/3223 3382/2554/3222 3389/2559/3228
f 3384/2556/3224 3383/2555/3223 3390/2560/3229
f 3389/2559/3228 3390/2560/3229 3383/2555/3223
f 3390/2560/3229 3391/2561/3230 3384/2556/3224
f 3392/2562/3231 3385/2349/3225 3384/2556/3224
f 3384/2556/3224 3391/2561/3230 3392/2562/3231
f 3393/2351/3232 3386/2350/2132 3385/2349/3225
f 3385/2349/3225 3392/2562/3231 3393/2351/3232
f 3394/2352/3233 3349/2353/3189 3386/2350/2132
f 3386/2350/2132 3393/2351/3232 3394/2352/3233
f 3349/2353/3189 3394/2352/3233 3395/2361/3234
f 3395/2361/3234 3350/2354/3190 3349/2353/3189
f 3396/2360/3235 3352/2355/3192 3350/2354/3190
f 3350/2354/3190 3395/2361/3234 3396/2360/3235
f 3397/2359/3236 3343/2356/3183 3352/2355/3192
f 3343/2356/3183 3397/2359/3236 3340/2358/3180
f 3352/2355/3192 3396/2360/3235 3397/2359/3236
f 3398/2563/3237 3399/2564/3238 3400/2565/3239
f 3400/2565/3239 3401/2566/3240 3398/2563/3237
f 3402/2567/3241 3398/2563/3237 3401/2566/3240
f 3403/2568/3242 3404/2560/3243 3405/2561/3244
f 3406/2559/3245 3404/2560/3243 3403/2568/3242
f 3403/2568/3242 3407/2569/3246 3406/2559/3245
f 3408/2558/3247 3406/2559/3245 3407/2569/3246
f 3407/2569/3246 3409/2570/3248 3408/2558/3247
f 3410/2571/3249 3411/2572/3250 3412/2361/3251
f 3412/2361/3251 3411/2572/3250 3413/2573/3252
f 3413/2573/3252 3414/2352/3253 3412/2361/3251
f 3415/2351/2842 3414/2352/3253 3413/2573/3252
f 3413/2573/3252 3416/2574/3254 3415/2351/2842
f 3415/2351/2842 3416/2574/3254 3417/2575/3054
f 3417/2575/3054 3418/2562/3255 3415/2351/2842
f 3418/2562/3255 3417/2575/3054 3419/2576/3256
f 3419/2576/3256 3405/2561/3244 3418/2562/3255
f 3405/2561/3244 3419/2576/3256 3403/2568/3242
f 3420/2341/2832 3421/2577/3257 3422/2578/3150
f 3423/2357/3258 3420/2341/2832 3422/2578/3150
f 3422/2578/3150 3424/2579/3259 3423/2357/3258
f 3423/2357/3258 3424/2579/3259 3425/2580/3260
f 3425/2580/3260 3426/2358/3261 3423/2357/3258
f 3426/2358/3261 3425/2580/3260 3427/2581/3262
f 3427/2581/3262 3428/2359/3263 3426/2358/3261
f 3428/2359/3263 3427/2581/3262 3410/2571/3249
f 3412/2361/3251 3429/2360/3264 3410/2571/3249
f 3410/2571/3249 3429/2360/3264 3428/2359/3263
f 3430/2337/3265 3431/2338/3266 3432/2362/3267
f 3432/2362/3267 3433/2363/3268 3430/2337/3265
f 3432/2362/3267 3434/2582/3269 3433/2363/3268
f 3430/2337/3265 3433/2363/3268 3435/2365/3270
f 3435/2365/3270 3436/2336/3271 3430/2337/3265
f 3436/2336/3271 3435/2365/3270 3437/2583/3272
f 3437/2583/3272 3438/2343/3185 3436/2336/3271
f 3439/2344/3273 3438/2343/3185 3437/2583/3272
f 3437/2583/3272 3440/2367/3274 3439/2344/3273
f 3439/2344/3273 3440/2367/3274 3441/2368/3275
f 3292/2369/3141 3441/2368/3275 3290/2375/3139
f 3292/2369/3141 3293/2347/3142 3442/2345/3276
f 3441/2368/3275 3442/2345/3276 3439/2344/3273
f 3442/2345/3276 3441/2368/3275 3292/2369/3141
f 3443/2371/3277 3444/2370/3278 3433/2363/3268
f 3435/2365/3270 3433/2363/3268 3444/2370/3278
f 3444/2370/3278 3445/2584/3279 3435/2365/3270
f 3437/2583/3272 3435/2365/3270 3445/2584/3279
f 3445/2584/3279 3446/2373/3280 3437/2583/3272
f 3440/2367/3274 3437/2583/3272 3446/2373/3280
f 3447/2374/3281 3290/2375/3139 3441/2368/3275
f 3441/2368/3275 3440/2367/3274 3447/2374/3281
f 3446/2373/3280 3447/2374/3281 3440/2367/3274
f 3448/2585/3282 3449/2457/3283 3450/2586/3284
f 3448/2585/3282 3451/2456/3285 3449/2457/3283
f 3449/2457/3283 3452/2464/3286 3453/2587/3287
f 3454/2588/3288 3449/2457/3283 3453/2587/3287
f 3455/2589/3289 3449/2457/3283 3454/2588/3288
f 3456/2590/3290 3449/2457/3283 3455/2589/3289
f 3457/2591/3291 3451/2456/3285 3448/2585/3282
f 3458/2454/3292 3451/2456/3285 3457/2591/3291
f 3458/2454/3292 3449/2457/3283 3451/2456/3285
f 3452/2464/3286 3449/2457/3283 3459/2465/3293
f 3458/2454/3292 3459/2465/3293 3449/2457/3283
f 3452/2464/3286 3459/2465/3293 3460/2471/3294
f 3453/2587/3287 3452/2464/3286 3461/2470/3295
f 3460/2471/3294 3461/2470/3295 3452/2464/3286
f 3454/2588/3288 3453/2587/3287 3462/2592/3296
f 3461/2470/3295 3462/2592/3296 3453/2587/3287
f 3463/2455/3297 3460/2471/3294 3459/2465/3293
f 3459/2465/3293 3458/2454/3292 3463/2455/3297
f 3457/2591/3291 3463/2455/3297 3458/2454/3292
f 3464/2593/3298 3449/2457/3283 3465/2479/3299
f 3466/2594/3300 3449/2457/3283 3464/2593/3298
f 3467/2497/3301 3449/2457/3283 3466/2594/3300
f 3468/2595/3302 3449/2457/3283 3467/2497/3301
f 3469/2596/3303 3470/2597/3304 3465/2479/3299
f 3464/2593/3298 3465/2479/3299 3470/2597/3304
f 3466/2594/3300 3464/2593/3298 3471/2598/3305
f 3470/2597/3304 3471/2598/3305 3464/2593/3298
f 3471/2598/3305 3472/2499/3306 3466/2594/3300
f 3473/2498/3307 3467/2497/3301 3466/2594/3300
f 3466/2594/3300 3472/2499/3306 3473/2498/3307
f 3467/2497/3301 3473/2498/3307 3474/2496/3308
f 3474/2496/3308 3468/2595/3302 3467/2497/3301
f 3475/2491/3309 3468/2595/3302 3474/2496/3308
f 3475/2491/3309 3449/2457/3283 3468/2595/3302
f 3476/2485/3310 3449/2457/3283 3477/2489/3311
f 3478/2490/3312 3449/2457/3283 3475/2491/3309
f 3477/2489/3311 3449/2457/3283 3478/2490/3312
f 3477/2489/3311 3478/2490/3312 3479/2494/3313
f 3474/2496/3308 3480/2495/3314 3475/2491/3309
f 3480/2495/3314 3479/2494/3313 3478/2490/3312
f 3478/2490/3312 3475/2491/3309 3480/2495/3314
f 3481/2599/3315 3449/2457/3283 3482/2600/3316
f 3482/2600/3316 3449/2457/3283 3483/2525/3317
f 3479/2494/3313 3484/2493/3318 3477/2489/3311
f 3485/2487/3319 3476/2485/3310 3477/2489/3311
f 3477/2489/3311 3484/2493/3318 3485/2487/3319
f 3486/2484/3320 3476/2485/3310 3485/2487/3319
f 3486/2484/3320 3449/2457/3283 3476/2485/3310
f 3483/2525/3317 3449/2457/3283 3487/2601/3321
f 3487/2601/3321 3449/2457/3283 3486/2484/3320
f 3488/2602/3322 3483/2525/3317 3487/2601/3321
f 3483/2525/3317 3488/2602/3322 3489/2603/3323
f 3489/2603/3323 3482/2600/3316 3483/2525/3317
f 3485/2487/3319 3490/2604/3324 3486/2484/3320
f 3487/2601/3321 3491/2530/3325 3488/2602/3322
f 3486/2484/3320 3490/2604/3324 3491/2530/3325
f 3491/2530/3325 3487/2601/3321 3486/2484/3320
f 3492/2605/3326 3481/2599/3315 3482/2600/3316
f 3482/2600/3316 3489/2603/3323 3492/2605/3326
f 3449/2457/3283 3481/2599/3315 3493/2606/3327
f 3493/2606/3327 3481/2599/3315 3492/2605/3326
f 3494/2607/3328 3449/2457/3283 3493/2606/3327
f 3450/2586/3284 3449/2457/3283 3494/2607/3328
f 3495/2608/3329 3450/2586/3284 3494/2607/3328
f 3448/2585/3282 3496/2609/3330 3457/2591/3291
f 3496/2609/3330 3448/2585/3282 3450/2586/3284
f 3450/2586/3284 3495/2608/3329 3496/2609/3330
f 3492/2605/3326 3497/2610/3331 3493/2606/3327
f 3494/2607/3328 3493/2606/3327 3497/2610/3331
f 3497/2610/3331 3498/2611/3332 3494/2607/3328
f 3494/2607/3328 3498/2611/3332 3495/2608/3329
f 3462/2592/3296 3499/2612/3333 3454/2588/3288
f 3454/2588/3288 3499/2612/3333 3500/2613/3334
f 3500/2613/3334 3455/2589/3289 3454/2588/3288
f 3455/2589/3289 3500/2613/3334 3501/2614/3335
f 3501/2614/3335 3456/2590/3290 3455/2589/3289
f 3502/2615/3336 3449/2457/3283 3456/2590/3290
f 3502/2615/3336 3456/2590/3290 3501/2614/3335
f 3503/2616/3337 3449/2457/3283 3502/2615/3336
f 3465/2479/3299 3449/2457/3283 3503/2616/3337
f 3465/2479/3299 3503/2616/3337 3469/2596/3303
f 3503/2616/3337 3502/2615/3336 3504/2617/3338
f 3501/2614/3335 3504/2617/3338 3502/2615/3336
f 3504/2617/3338 3469/2596/3303 3503/2616/3337
f 3505/2618/3339 3506/2619/3340 3507/2620/3341
f 3507/2620/3341 3508/2621/3342 3505/2618/3339
f 3508/2621/3342 3507/2620/3341 3509/2163/3343
f 3509/2163/3343 3510/2622/3344 3508/2621/3342
f 3510/2622/3344 3509/2163/3343 3511/2165/3345
f 3511/2165/3345 3512/2623/3346 3510/2622/3344
f 3512/2623/3346 3511/2165/3345 3513/2624/3347
f 3513/2624/3347 3514/2625/3348 3512/2623/3346
f 3514/2625/3348 3513/2624/3347 3515/2169/3349
f 3515/2169/3349 3516/2626/3350 3514/2625/3348
f 3516/2626/3350 3515/2169/3349 3517/2171/2665
f 3517/2171/2665 3518/2173/500 3516/2626/3350
f 3519/2170/3351 3517/2171/2665 3515/2169/3349
f 3520/2168/3352 3515/2169/3349 3513/2624/3347
f 3515/2169/3349 3520/2168/3352 3519/2170/3351
f 3521/2166/3353 3513/2624/3347 3511/2165/3345
f 3513/2624/3347 3521/2166/3353 3520/2168/3352
f 3522/2164/3354 3511/2165/3345 3509/2163/3343
f 3511/2165/3345 3522/2164/3354 3521/2166/3353
f 3523/2403/3355 3509/2163/3343 3507/2620/3341
f 3509/2163/3343 3523/2403/3355 3522/2164/3354
f 3507/2620/3341 3524/2404/3356 3523/2403/3355
f 3524/2404/3356 3507/2620/3341 3506/2619/3340
f 3506/2619/3340 3525/2428/2950 3524/2404/3356
f 3526/2429/2951 3525/2428/2950 3506/2619/3340
f 3506/2619/3340 3527/2627/3357 3526/2429/2951
f 3527/2627/3357 3506/2619/3340 3505/2618/3339
f 3505/2618/3339 3528/2628/3358 3527/2627/3357
f 3526/2429/2951 3527/2627/3357 3529/2150/3269
f 3529/2150/3269 3530/2149/3359 3526/2429/2951
f 3531/2155/3360 3529/2150/3269 3527/2627/3357
f 3531/2155/3360 3527/2627/3357 3528/2628/3358
f 3528/2628/3358 3532/2629/3361 3531/2155/3360
f 3532/2629/3361 3533/2157/3362 3531/2155/3360
f 3531/2155/3360 3534/2156/3278 3529/2150/3269
f 3531/2155/3360 3533/2157/3362 3534/2156/3278
f 3535/2630/3363 3536/2631/3364 3537/2632/507
f 3537/2632/507 3538/2633/3365 3535/2630/3363
f 3538/2633/3365 3537/2632/507 3539/2634/3366
f 3539/2634/3366 3540/2635/3367 3538/2633/3365
f 3540/2635/3367 3539/2634/3366 3541/2636/3368
f 3536/2631/3364 3535/2630/3363 3542/2637/3369
f 3543/2638/3370 3542/2637/3369 3535/2630/3363
f 3538/2633/3365 3544/2639/3371 3535/2630/3363
f 3535/2630/3363 3544/2639/3371 3543/2638/3370
f 3545/2640/3372 3544/2639/3371 3538/2633/3365
f 3538/2633/3365 3540/2635/3367 3545/2640/3372
f 3541/2636/3368 3546/2641/3373 3540/2635/3367
f 3545/2640/3372 3540/2635/3367 3546/2641/3373
f 3547/2642/3374 3546/2641/3373 3541/2636/3368
f 3541/2636/3368 3548/2643/3375 3547/2642/3374
f 3549/2644/3376 3548/2643/3375 3541/2636/3368
f 3550/2645/3002 3547/2642/3374 3548/2643/3375
f 3547/2642/3374 3550/2645/3002 3551/2646/3003
f 3551/2646/3003 3552/2647/3377 3547/2642/3374
f 3546/2641/3373 3553/2648/3378 3545/2640/3372
f 3553/2648/3378 3546/2641/3373 3547/2642/3374
f 3547/2642/3374 3552/2647/3377 3553/2648/3378
f 3548/2643/3375 3554/2649/3379 3550/2645/3002
f 3555/2650/3380 3554/2649/3379 3548/2643/3375
f 3548/2643/3375 3549/2644/3376 3555/2650/3380
f 3556/2567/3381 3555/2650/3380 3549/2644/3376
f 3549/2644/3376 3557/2563/3237 3556/2567/3381
f 3558/2564/3382 3557/2563/3237 3549/2644/3376
f 3541/2636/3368 3559/2651/3383 3549/2644/3376
f 3549/2644/3376 3559/2651/3383 3558/2564/3382
f 3560/2652/3384 3558/2564/3382 3559/2651/3383
f 3559/2651/3383 3561/2653/3385 3560/2652/3384
f 3561/2653/3385 3559/2651/3383 3541/2636/3368
f 3541/2636/3368 3539/2634/3366 3561/2653/3385
f 3562/2654/3386 3561/2653/3385 3539/2634/3366
f 3539/2634/3366 3537/2632/507 3562/2654/3386
f 3560/2652/3384 3561/2653/3385 3562/2654/3386
f 3562/2654/3386 3563/2655/3387 3560/2652/3384
f 3537/2632/507 3536/2631/3364 3564/2656/3388
f 3564/2656/3388 3562/2654/3386 3537/2632/507
f 3562/2654/3386 3564/2656/3388 3563/2655/3387
f 3565/2657/3389 3563/2655/3387 3564/2656/3388
f 3566/2658/3390 3564/2656/3388 3536/2631/3364
f 3564/2656/3388 3566/2658/3390 3565/2657/3389
f 3536/2631/3364 3567/2659/3391 3566/2658/3390
f 3542/2637/3369 3567/2659/3391 3536/2631/3364
f 3568/2361/3392 3569/2572/3393 3570/2571/3394
f 3571/2573/3395 3569/2572/3393 3568/2361/3392
f 3568/2361/3392 3572/2352/3396 3571/2573/3395
f 3571/2573/3395 3572/2352/3396 3573/2351/3397
f 3573/2351/3397 3574/2574/3398 3571/2573/3395
f 3575/2575/3399 3574/2574/3398 3573/2351/3397
f 3573/2351/3397 3576/2562/3400 3575/2575/3399
f 3577/2576/3401 3575/2575/3399 3576/2562/3400
f 3576/2562/3400 3578/2561/3402 3577/2576/3401
f 3579/2568/3403 3577/2576/3401 3578/2561/3402
f 3578/2561/3402 3580/2560/3404 3579/2568/3403
f 3579/2568/3403 3580/2560/3404 3581/2559/3405
f 3581/2559/3405 3582/2569/3406 3579/2568/3403
f 3582/2569/3406 3581/2559/3405 3583/2558/3407
f 3583/2558/3407 3584/2570/3408 3582/2569/3406
f 3585/2646/3003 3586/2660/3409 3587/2647/3410
f 3587/2647/3410 3586/2660/3409 3588/2661/3411
f 3588/2661/3411 3589/2648/3412 3587/2647/3410
f 3590/2662/3413 3591/2663/3059 3592/2664/3414
f 3592/2664/3414 3593/2665/3415 3590/2662/3413
f 3594/2666/3416 3593/2665/3415 3592/2664/3414
f 3592/2664/3414 3595/2667/3417 3594/2666/3416
f 3593/2665/3415 3594/2666/3416 3596/2658/3390
f 3594/2666/3416 3597/2657/3418 3596/2658/3390
f 3596/2658/3390 3598/2659/3419 3593/2665/3415
f 3593/2665/3415 3598/2659/3419 3599/2637/3420
f 3599/2637/3420 3590/2662/3413 3593/2665/3415
f 3590/2662/3413 3599/2637/3420 3600/2638/3421
f 3601/2552/3422 3602/2553/3423 3603/2668/3424
f 3603/2668/3424 3604/2543/3425 3601/2552/3422
f 3605/2551/3426 3601/2552/3422 3604/2543/3425
f 3604/2543/3425 3606/2545/3427 3605/2551/3426
f 3605/2551/3426 3606/2545/3427 3607/2546/3428
f 3605/2551/3426 3608/2550/3429 2973/2349/2840
f 2974/2350/2841 2973/2349/2840 3608/2550/3429
f 3607/2546/3428 3608/2550/3429 3605/2551/3426
f 3608/2550/3429 3607/2546/3428 3609/2547/3430
f 2977/2353/2844 2974/2350/2841 3610/2549/3431
f 3608/2550/3429 3610/2549/3431 2974/2350/2841
f 3609/2547/3430 3610/2549/3431 3608/2550/3429
f 3610/2549/3431 3611/2669/3432 2977/2353/2844
f 3611/2669/3432 3610/2549/3431 3609/2547/3430
f 2977/2353/2844 3611/2669/3432 2972/2348/2839
f 3604/2543/3425 3603/2668/3424 3612/2541/3433
f 3612/2541/3433 3613/2540/3434 3604/2543/3425
f 3604/2543/3425 3613/2540/3434 3614/2544/3435
f 3614/2544/3435 3606/2545/3427 3604/2543/3425
f 3606/2545/3427 3614/2544/3435 3615/2538/3436
f 3615/2538/3436 3607/2546/3428 3606/2545/3427
f 3616/2670/3437 3609/2547/3430 3607/2546/3428
f 3607/2546/3428 3615/2538/3436 3616/2670/3437
f 3609/2547/3430 3617/2548/3438 3611/2669/3432
f 3617/2548/3438 3609/2547/3430 3616/2670/3437
f 2971/2347/2838 2972/2348/2839 3618/2535/3439
f 3618/2535/3439 3611/2669/3432 3617/2548/3438
f 3611/2669/3432 3618/2535/3439 2972/2348/2839
f 3617/2548/3438 3619/2539/1659 3618/2535/3439
f 3616/2670/3437 3619/2539/1659 3617/2548/3438
f 3618/2535/3439 3619/2539/1659 3620/2536/3440
f 3620/2536/3440 3619/2539/1659 3616/2670/3437
f 3620/2536/3440 3621/2378/2871 3618/2535/3439
f 3618/2535/3439 3621/2378/2871 2971/2347/2838
f 3622/2380/2873 3621/2378/2871 3620/2536/3440
f 3616/2670/3437 3622/2380/2873 3620/2536/3440
f 3616/2670/3437 3615/2538/3436 3623/2382/3441
f 3623/2382/3441 3622/2380/2873 3616/2670/3437
f 3615/2538/3436 3614/2544/3435 3624/2384/3442
f 3624/2384/3442 3623/2382/3441 3615/2538/3436
f 3614/2544/3435 3613/2540/3434 3625/2396/2888
f 3625/2396/2888 3624/2384/3442 3614/2544/3435
f 3626/2397/2889 3625/2396/2888 3613/2540/3434
f 3613/2540/3434 3612/2541/3433 3626/2397/2889
f 3627/2398/3389 3626/2397/2889 3612/2541/3433
f 3612/2541/3433 3628/2671/3443 3627/2398/3389
f 3628/2671/3443 3612/2541/3433 3603/2668/3424
f 3603/2668/3424 3629/2557/3444 3628/2671/3443
f 3629/2557/3444 3603/2668/3424 3602/2553/3423
f 3629/2557/3444 3602/2553/3423 3630/2554/3445
f 3631/2558/3382 3629/2557/3444 3630/2554/3445
f 3630/2554/3445 3632/2559/3446 3631/2558/3382
f 3632/2559/3446 3630/2554/3445 3633/2555/3447
f 3602/2553/3423 3601/2552/3422 3633/2555/3447
f 3633/2555/3447 3630/2554/3445 3602/2553/3423
f 3633/2555/3447 3634/2560/3448 3632/2559/3446
f 2973/2349/2840 3635/2556/3449 3605/2551/3426
f 3601/2552/3422 3605/2551/3426 3635/2556/3449
f 3635/2556/3449 3633/2555/3447 3601/2552/3422
f 3634/2560/3448 3633/2555/3447 3635/2556/3449
f 3635/2556/3449 3636/2561/3450 3634/2560/3448
f 2975/2351/2842 3637/2562/3451 2973/2349/2840
f 3635/2556/3449 2973/2349/2840 3637/2562/3451
f 3637/2562/3451 3636/2561/3450 3635/2556/3449
f 3372/2544/3212 3366/2384/3206 3638/2396/3452
f 3638/2396/3452 3368/2540/3208 3372/2544/3212
f 3639/2397/3453 3369/2541/3209 3368/2540/3208
f 3368/2540/3208 3638/2396/3452 3639/2397/3453
f 3369/2541/3209 3639/2397/3453 3640/2398/3454
f 3641/2671/3455 3387/2557/3226 3370/2542/3210
f 3370/2542/3210 3369/2541/3209 3641/2671/3455
f 3640/2398/3454 3641/2671/3455 3369/2541/3209
f 3642/2341/3173 3643/2578/3456 3644/2577/3457
f 3643/2578/3456 3642/2341/3173 3645/2357/3458
f 3645/2357/3458 3646/2579/3459 3643/2578/3456
f 3647/2580/3460 3646/2579/3459 3645/2357/3458
f 3645/2357/3458 3648/2358/3461 3647/2580/3460
f 3649/2581/3462 3647/2580/3460 3648/2358/3461
f 3570/2571/3394 3649/2581/3462 3650/2359/3463
f 3648/2358/3461 3650/2359/3463 3649/2581/3462
f 3570/2571/3394 3651/2360/3464 3568/2361/3392
f 3650/2359/3463 3651/2360/3464 3570/2571/3394
